nColumns=19
nRows=1126
DataType=double
version=3
OpenSimVersion=4.1
endheader
time	ground_force_calcn_l_vx	ground_force_calcn_l_vy	ground_force_calcn_l_vz	ground_force_calcn_l_px	ground_force_calcn_l_py	ground_force_calcn_l_pz	ground_force_calcn_l_mx	ground_force_calcn_l_my	ground_force_calcn_l_mz	ground_force_calcn_r_vx	ground_force_calcn_r_vy	ground_force_calcn_r_vz	ground_force_calcn_r_px	ground_force_calcn_r_py	ground_force_calcn_r_pz	ground_force_calcn_r_mx	ground_force_calcn_r_my	ground_force_calcn_r_mz
0	0	0	0	0	0.057604	0	0	0	0	0	0	0	0	0.0405342	0	0	0	0
0.00999112	0	0	0	0	-1.86337e-17	0	0	0	0	-25.5298	659.673	78.9565	-0.168001	-1.86337e-17	-0.215834	-0.0348928	0.901607	0.107914
0.0199822	0	0	0	0	-1.84724e-17	0	0	0	0	-25.5789	665.255	79.7888	-0.166498	-1.84724e-17	-0.215329	-0.0241843	0.628984	0.0754386
0.0299734	0	0	0	0	-1.83262e-17	0	0	0	0	-25.6541	670.703	80.4933	-0.165139	-1.83262e-17	-0.214817	-0.0152155	0.397795	0.0477407
0.0399645	0	0	0	0	-1.81962e-17	0	0	0	0	-25.7534	675.945	81.0569	-0.163933	-1.81962e-17	-0.214299	-0.00783967	0.205766	0.0246747
0.0499556	0	0	0	0	-1.80789e-17	0	0	0	0	-25.8842	680.911	81.5078	-0.162847	-1.80789e-17	-0.213774	-0.0013244	0.0348397	0.00417045
0.0599467	0	0	0	0	-1.79727e-17	0	0	0	0	-26.0645	685.536	81.8118	-0.161869	-1.79727e-17	-0.213252	0.00323253	-0.0850206	-0.0101463
0.0699378	0	0	0	0	-1.78797e-17	0	0	0	0	-26.311	689.774	81.9526	-0.161014	-1.78797e-17	-0.212726	0.00705144	-0.184862	-0.0219636
0.079929	0	0	0	0	-1.77977e-17	0	0	0	0	-26.5795	693.583	81.9103	-0.160265	-1.77977e-17	-0.212201	0.0095286	-0.248646	-0.0293644
0.0899201	0	0	0	0	-1.77236e-17	0	0	0	0	-26.8933	696.943	81.7382	-0.15959	-1.77236e-17	-0.211682	0.011514	-0.298387	-0.0349952
0.0999112	0	0	0	0	-1.7655e-17	0	0	0	0	-27.2374	699.843	81.4906	-0.15896	-1.7655e-17	-0.211158	0.0146559	-0.376573	-0.0438487
0.109902	0	0	0	0	-1.7591e-17	0	0	0	0	-27.5697	702.301	81.154	-0.158371	-1.7591e-17	-0.210634	0.0178403	-0.454459	-0.0525147
0.119893	0	0	0	0	-1.75315e-17	0	0	0	0	-27.9267	704.362	80.7378	-0.157823	-1.75315e-17	-0.210119	0.0210499	-0.530918	-0.0608566
0.129885	0	0	0	0	-1.74752e-17	0	0	0	0	-28.2999	706.053	80.2707	-0.157305	-1.74752e-17	-0.209622	0.0242006	-0.603781	-0.0686434
0.139876	0	0	0	0	-1.74208e-17	0	0	0	0	-28.6631	707.366	79.8099	-0.1568	-1.74208e-17	-0.20913	0.0286432	-0.706875	-0.0797545
0.149867	0	0	0	0	-1.73672e-17	0	0	0	0	-29.0041	708.303	79.3919	-0.156297	-1.73672e-17	-0.208639	0.0344064	-0.840234	-0.0941797
0.159858	0	0	0	0	-1.73133e-17	0	0	0	0	-29.3513	708.867	78.9587	-0.155798	-1.73133e-17	-0.208163	0.0387087	-0.934857	-0.104131
0.169849	0	0	0	0	-1.72566e-17	0	0	0	0	-29.6786	709.064	78.5258	-0.155276	-1.72566e-17	-0.207687	0.0420481	-1.00459	-0.111254
0.17984	0	0	0	0	-1.71964e-17	0	0	0	0	-29.9744	708.861	78.1252	-0.154722	-1.71964e-17	-0.207201	0.0458651	-1.08466	-0.119542
0.189831	0	0	0	0	-1.7132e-17	0	0	0	0	-30.2593	708.213	77.7592	-0.154135	-1.7132e-17	-0.206712	0.0486198	-1.13794	-0.124941
0.199822	0	0	0	0	-1.70658e-17	0	0	0	0	-30.5428	707.067	77.4179	-0.153531	-1.70658e-17	-0.206223	0.0513558	-1.18889	-0.130173
0.209813	0	0	0	0	-1.6997e-17	0	0	0	0	-30.7876	705.371	77.0663	-0.152907	-1.6997e-17	-0.205741	0.0531673	-1.21811	-0.133086
0.219805	0	0	0	0	-1.69231e-17	0	0	0	0	-31.0153	703.071	76.726	-0.15224	-1.69231e-17	-0.205275	0.0538768	-1.22131	-0.133281
0.229796	0	0	0	0	-1.68437e-17	0	0	0	0	-31.2472	700.119	76.4353	-0.151524	-1.68437e-17	-0.204827	0.0547384	-1.22646	-0.133898
0.239787	0	0	0	0	-1.67611e-17	0	0	0	0	-31.4525	696.467	76.1619	-0.150778	-1.67611e-17	-0.204395	0.055333	-1.22527	-0.133989
0.249778	0.856562	7.09097	0.156118	-0.146578	-1.6377e-17	0.281924	-0.0362975	-0.300485	-0.00661563	-31.6706	692.075	75.8941	-0.150037	-1.66794e-17	-0.203976	0.0571236	-1.24828	-0.136889
0.259769	1.55644	13.8349	0.10024	-0.160983	-1.79043e-17	0.280516	-0.0611352	-0.543421	-0.00393734	-31.8898	686.955	75.5765	-0.149289	-1.65969e-17	-0.203571	0.058628	-1.26294	-0.138944
0.26976	2.32231	22.3931	-0.188393	-0.175977	-1.95038e-17	0.278829	-0.0835054	-0.805207	0.00677423	-32.1778	681.126	75.2513	-0.148554	-1.65161e-17	-0.203196	0.0611555	-1.29451	-0.143019
0.279751	3.05025	32.3714	-0.818771	-0.191228	-2.11397e-17	0.276823	-0.0986471	-1.04691	0.0264796	-32.3975	674.599	74.9206	-0.147812	-1.64354e-17	-0.202827	0.0655974	-1.36591	-0.151697
0.289742	3.74521	43.4245	-1.8621	-0.206012	-2.27242e-17	0.27421	-0.11622	-1.34754	0.0577844	-32.6093	667.381	74.5451	-0.147092	-1.63576e-17	-0.202464	0.0713467	-1.46018	-0.163099
0.299734	4.32155	55.4376	-3.32331	-0.218908	-2.41006e-17	0.271321	-0.131877	-1.69175	0.101415	-32.8073	659.426	74.082	-0.146452	-1.62884e-17	-0.202133	0.0760009	-1.52762	-0.171617
0.309725	4.79098	68.4361	-5.16635	-0.227921	-2.50493e-17	0.268386	-0.145775	-2.0823	0.157196	-32.947	650.719	73.5948	-0.145852	-1.62239e-17	-0.201825	0.0816423	-1.61247	-0.182367
0.319716	5.11549	82.3477	-7.30183	-0.232875	-2.55499e-17	0.265763	-0.158168	-2.54613	0.225768	-32.982	641.203	73.0269	-0.145262	-1.61603e-17	-0.201543	0.0858991	-1.66996	-0.190193
0.329707	5.209	97.0947	-9.72175	-0.234764	-2.57134e-17	0.263146	-0.164281	-3.06217	0.306604	-32.9216	630.752	72.3388	-0.144739	-1.61034e-17	-0.201299	0.0881715	-1.68929	-0.19374
0.339698	5.13695	112.637	-12.3869	-0.234342	-2.5626e-17	0.260638	-0.16459	-3.60894	0.396881	-32.7289	619.278	71.4889	-0.144363	-1.6062e-17	-0.201085	0.0882328	-1.66949	-0.192725
0.349689	4.90597	128.919	-15.2694	-0.231803	-2.53087e-17	0.258338	-0.159155	-4.18227	0.495356	-32.3317	606.721	70.4884	-0.144122	-1.60346e-17	-0.200903	0.0849434	-1.594	-0.18519
0.35968	4.50559	145.791	-18.329	-0.227371	-2.47819e-17	0.256324	-0.148903	-4.8182	0.605747	-31.7956	592.998	69.3577	-0.144015	-1.60225e-17	-0.200765	0.082433	-1.5374	-0.179816
0.369671	3.93676	162.975	-21.556	-0.221946	-2.41462e-17	0.254569	-0.13265	-5.49147	0.726333	-31.0479	578.1	68.0536	-0.144056	-1.60256e-17	-0.200689	0.0764056	-1.42265	-0.167473
0.379663	3.29023	180.233	-24.9629	-0.216387	-2.34984e-17	0.253013	-0.112412	-6.15773	0.852865	-30.1342	562.085	66.5893	-0.144351	-1.60565e-17	-0.200681	0.0694763	-1.29592	-0.153526
0.389654	2.53652	197.401	-28.5216	-0.211088	-2.28825e-17	0.251633	-0.0874339	-6.80444	0.98314	-29.0451	545.027	64.9698	-0.144934	-1.6118e-17	-0.200759	0.0594234	-1.11507	-0.132922
0.399645	1.81115	214.353	-32.1841	-0.206077	-2.22973e-17	0.250569	-0.0632125	-7.48132	1.12329	-27.8066	527.067	63.2012	-0.145749	-1.6204e-17	-0.200922	0.0472945	-0.896454	-0.107495
0.409636	1.16542	231.019	-35.9455	-0.201562	-2.17689e-17	0.249747	-0.041081	-8.1434	1.26707	-26.3617	508.379	61.2935	-0.146745	-1.63093e-17	-0.201166	0.0339594	-0.654899	-0.0789589
0.419627	0.688592	247.384	-39.7778	-0.197794	-2.1325e-17	0.249189	-0.0244791	-8.79439	1.41408	-24.7755	489.137	59.2113	-0.148054	-1.6447e-17	-0.201513	0.0179121	-0.353634	-0.0428083
0.429618	0.355764	263.496	-43.6365	-0.194867	-2.09767e-17	0.248831	-0.0127298	-9.42831	1.56139	-23.059	469.469	56.9837	-0.149724	-1.66232e-17	-0.201924	0.000811184	-0.0165153	-0.00200461
0.439609	0.181317	279.427	-47.4611	-0.19264	-2.07093e-17	0.248663	-0.00651953	-10.0472	1.70654	-21.1609	449.494	54.6394	-0.151671	-1.68288e-17	-0.202375	-0.0157521	0.334601	0.0406733
0.4496	0.180216	295.306	-51.1886	-0.190922	-2.05012e-17	0.248698	-0.00651203	-10.6707	1.84968	-19.1111	429.362	52.1447	-0.15384	-1.70568e-17	-0.20288	-0.0324589	0.729243	0.0885645
0.459591	0.219321	311.27	-54.8446	-0.189657	-2.03486e-17	0.248769	-0.00793275	-11.2585	1.98371	-16.9336	409.127	49.4702	-0.15632	-1.73158e-17	-0.203416	-0.0494504	1.19476	0.144466
0.469583	0.323862	327.404	-58.3976	-0.188762	-2.02413e-17	0.248876	-0.0117023	-11.8303	2.11012	-14.6719	388.794	46.6218	-0.159193	-1.76157e-17	-0.203938	-0.0642836	1.70347	0.204269
0.479574	0.371375	343.737	-61.7953	-0.188126	-2.01669e-17	0.248987	-0.0133835	-12.3875	2.22696	-12.2983	368.42	43.6429	-0.162382	-1.79481e-17	-0.204396	-0.0747315	2.23874	0.2652
0.489565	0.305882	360.303	-64.9932	-0.187559	-2.01035e-17	0.249108	-0.0109941	-12.9501	2.336	-9.9327	348.128	40.5507	-0.165825	-1.83074e-17	-0.204792	-0.0789566	2.76732	0.322344
0.499556	0.0604677	377.078	-68.0038	-0.186981	-2.00425e-17	0.249183	-0.0021641	-13.4954	2.43381	-7.56913	328.03	37.3135	-0.169485	-1.86881e-17	-0.205073	-0.0770036	3.33717	0.379604
0.509547	-0.366675	393.938	-70.8656	-0.186408	-1.99861e-17	0.249154	0.0130228	-13.9911	2.51686	-5.2706	308.233	33.9605	-0.173397	-1.90972e-17	-0.205176	-0.0662641	3.87523	0.426964
0.519538	-1.02006	410.717	-73.536	-0.185864	-1.9936e-17	0.249026	0.0358736	-14.4441	2.58612	-3.08999	288.914	30.5318	-0.17747	-1.95247e-17	-0.2051	-0.0469941	4.39395	0.464343
0.529529	-1.87811	427.24	-75.9502	-0.185342	-1.98903e-17	0.24885	0.0653562	-14.8675	2.64299	-1.10077	270.281	27.1071	-0.181554	-1.99561e-17	-0.204851	-0.0198207	4.86675	0.488097
0.53952	-2.86855	443.295	-78.1189	-0.184827	-1.98475e-17	0.248637	0.0985895	-15.2357	2.68488	0.685043	252.449	23.7485	-0.185627	-2.03912e-17	-0.204402	0.0142663	5.25737	0.494574
0.549512	-3.93312	458.646	-80.0675	-0.184331	-1.98077e-17	0.248385	0.133358	-15.5511	2.71481	2.23633	235.536	20.4706	-0.189644	-2.08249e-17	-0.203762	0.0532693	5.61047	0.48761
0.559503	-5.05279	473.095	-81.802	-0.183871	-1.97723e-17	0.2481	0.16885	-15.8095	2.7336	3.47846	219.668	17.3409	-0.193486	-2.12456e-17	-0.203015	0.0935426	5.90731	0.466331
0.569494	-6.19615	486.507	-83.2818	-0.183424	-1.97388e-17	0.247814	0.203863	-16.0068	2.7401	4.46596	204.941	14.4479	-0.196909	-2.16267e-17	-0.202182	0.133883	6.14384	0.433127
0.579485	-7.29659	498.771	-84.479	-0.182951	-1.97021e-17	0.247567	0.236533	-16.1686	2.73854	5.18868	191.384	11.8314	-0.19996	-2.19743e-17	-0.201259	0.170601	6.29259	0.389009
0.589476	-8.41181	509.807	-85.4388	-0.18249	-1.96668e-17	0.247307	0.268378	-16.2654	2.72592	5.66475	179.012	9.45203	-0.202712	-2.22964e-17	-0.20025	0.202106	6.38675	0.337228
0.599467	-9.4523	519.583	-86.1558	-0.182042	-1.96331e-17	0.247053	0.296623	-16.305	2.70366	5.91338	167.881	7.28471	-0.205028	-2.25778e-17	-0.199171	0.227029	6.44537	0.279678
0.609458	-10.4283	528.115	-86.6184	-0.18159	-1.95991e-17	0.246804	0.32153	-16.283	2.67065	6.03274	158.046	5.36212	-0.206707	-2.27951e-17	-0.197995	0.24669	6.4628	0.219267
0.619449	-11.3111	535.441	-86.8093	-0.181123	-1.95626e-17	0.246607	0.343144	-16.2437	2.63353	6.01931	149.506	3.70633	-0.207836	-2.29561e-17	-0.196742	0.258766	6.42714	0.159332
0.62944	-12.09	541.653	-86.7967	-0.180697	-1.95297e-17	0.246442	0.36134	-16.1888	2.59415	5.93084	142.272	2.27912	-0.20847	-2.30652e-17	-0.195384	0.265463	6.36807	0.102013
0.639432	-12.7341	546.913	-86.6892	-0.180348	-1.95046e-17	0.246279	0.374872	-16.1002	2.55199	5.81066	136.386	1.06443	-0.208592	-2.31185e-17	-0.193952	0.266892	6.26439	0.0488907
0.649423	-13.2567	551.426	-86.532	-0.180032	-1.94819e-17	0.246132	0.384805	-16.0064	2.51178	5.6861	131.856	0.0749305	-0.207993	-2.30889e-17	-0.192459	0.264927	6.14343	0.00349116
0.659414	-13.7353	555.394	-86.3661	-0.179718	-1.94575e-17	0.24601	0.393986	-15.931	2.47734	5.57025	128.634	-0.650145	-0.206749	-2.29799e-17	-0.190905	0.259406	5.99048	-0.0302772
0.669405	-14.1879	558.969	-86.2563	-0.179429	-1.94344e-17	0.245891	0.402723	-15.8663	2.44838	5.47059	126.666	-1.10499	-0.205098	-2.28147e-17	-0.189347	0.249898	5.78612	-0.0504763
0.679396	-14.6608	562.255	-86.2483	-0.179214	-1.94184e-17	0.245742	0.411733	-15.7904	2.4222	5.39564	125.882	-1.32427	-0.203076	-2.25977e-17	-0.187885	0.2391	5.57829	-0.0586831
0.689387	-15.1912	565.28	-86.3628	-0.179046	-1.94071e-17	0.245552	0.42191	-15.6997	2.39858	5.29748	126.181	-1.33089	-0.200728	-2.23351e-17	-0.18663	0.2254	5.36881	-0.0566272
0.699378	-15.7826	567.996	-86.5511	-0.178877	-1.93948e-17	0.245346	0.433375	-15.5966	2.37661	5.22215	127.427	-1.1325	-0.197944	-2.20162e-17	-0.185545	0.211835	5.16903	-0.0459394
0.709369	-16.3788	570.294	-86.7567	-0.178729	-1.93842e-17	0.245155	0.444791	-15.4872	2.35601	5.1509	129.519	-0.737404	-0.194879	-2.16601e-17	-0.184679	0.197228	4.95929	-0.0282353
0.719361	-16.9969	572.037	-86.9694	-0.178721	-1.9389e-17	0.244956	0.456169	-15.3526	2.33412	5.07526	132.35	-0.176352	-0.191695	-2.12878e-17	-0.184111	0.183219	4.77791	-0.00636638
0.729352	-17.5544	573.143	-87.1622	-0.178871	-1.94106e-17	0.244784	0.465875	-15.2106	2.31319	4.97383	135.788	0.538903	-0.188549	-2.09181e-17	-0.183873	0.169524	4.62809	0.0183675
0.739343	-18.0378	573.59	-87.3151	-0.179145	-1.94453e-17	0.24466	0.473622	-15.0609	2.29265	4.89028	139.677	1.39998	-0.185511	-2.05601e-17	-0.183909	0.157221	4.49059	0.0450089
0.749334	-18.4183	573.349	-87.4109	-0.179541	-1.94928e-17	0.244604	0.479068	-14.9131	2.2736	4.80372	143.9	2.36156	-0.182605	-2.02178e-17	-0.184224	0.146291	4.38228	0.071918
0.759325	-18.6792	572.335	-87.4592	-0.180138	-1.9562e-17	0.244599	0.481509	-14.7535	2.2545	4.70548	148.344	3.38667	-0.179967	-1.99067e-17	-0.18479	0.136771	4.31181	0.0984381
0.769316	-18.8143	570.466	-87.4666	-0.180981	-1.96582e-17	0.244625	0.480424	-14.5669	2.23346	4.63352	152.917	4.46694	-0.177749	-1.96437e-17	-0.185514	0.129218	4.26449	0.124572
0.779307	-18.8015	567.684	-87.3767	-0.182012	-1.97747e-17	0.244713	0.47607	-14.3742	2.21245	4.57842	157.553	5.60432	-0.175979	-1.94315e-17	-0.186376	0.123014	4.23315	0.150578
0.789298	-18.6786	563.97	-87.1492	-0.183197	-1.99077e-17	0.244865	0.469474	-14.175	2.19044	4.53418	162.226	6.80432	-0.174553	-1.92584e-17	-0.187406	0.11769	4.21076	0.176614
0.79929	-18.3885	559.336	-86.7538	-0.184546	-2.00586e-17	0.245097	0.459394	-13.9737	2.16735	4.48518	166.923	8.06471	-0.173483	-1.91261e-17	-0.188602	0.112416	4.18374	0.202133
0.809281	-17.9442	553.836	-86.1835	-0.186097	-2.0232e-17	0.24538	0.445583	-13.7527	2.14008	4.45583	171.637	9.37898	-0.172829	-1.90406e-17	-0.189877	0.108183	4.16718	0.227713
0.819272	-17.3707	547.58	-85.4275	-0.187819	-2.04243e-17	0.245722	0.429049	-13.525	2.11002	4.42144	176.395	10.746	-0.172603	-1.90037e-17	-0.191208	0.104024	4.15007	0.252822
0.829263	-16.6876	540.683	-84.4759	-0.189622	-2.06257e-17	0.246129	0.410381	-13.2964	2.07742	4.42496	181.291	12.1681	-0.172543	-1.89857e-17	-0.192565	0.101163	4.14464	0.278185
0.839254	-15.9196	533.232	-83.3779	-0.191469	-2.08319e-17	0.246576	0.390133	-13.0676	2.0433	4.47534	186.416	13.6466	-0.172514	-1.89729e-17	-0.193922	0.0990838	4.12723	0.302134
0.849245	-15.1368	525.267	-82.1902	-0.193381	-2.10453e-17	0.247013	0.3697	-12.8291	2.0074	4.5915	191.854	15.1509	-0.172562	-1.89696e-17	-0.195228	0.0987819	4.12757	0.325958
0.859236	-14.3887	516.805	-80.9413	-0.195342	-2.1264e-17	0.247411	0.350254	-12.5802	1.97029	4.78135	197.697	16.6793	-0.172704	-1.89775e-17	-0.196451	0.100307	4.14746	0.349913
0.869227	-13.7452	507.858	-79.6228	-0.197293	-2.14814e-17	0.247753	0.333679	-12.3287	1.93292	5.087	204.046	18.2754	-0.172796	-1.89809e-17	-0.197578	0.104036	4.17301	0.373755
0.879218	-13.2754	498.381	-78.2078	-0.199186	-2.16917e-17	0.248024	0.321813	-12.0814	1.89586	5.50893	210.985	19.94	-0.17276	-1.89697e-17	-0.19863	0.110506	4.23225	0.399984
0.88921	-13.0436	488.306	-76.7046	-0.201013	-2.18947e-17	0.24818	0.315804	-11.8226	1.85713	6.02599	218.558	21.6855	-0.172705	-1.89558e-17	-0.199632	0.119391	4.33024	0.429648
0.899201	-13.0842	477.563	-75.1062	-0.202772	-2.20907e-17	0.248179	0.315879	-11.5293	1.81322	6.65073	226.791	23.5539	-0.172683	-1.89445e-17	-0.200592	0.131041	4.46853	0.464089
0.909192	-13.4129	466.076	-73.3603	-0.204426	-2.22759e-17	0.248016	0.322336	-11.2006	1.76298	7.35689	235.735	25.6144	-0.172663	-1.89332e-17	-0.201546	0.14408	4.61672	0.501643
0.919183	-14.0931	453.751	-71.4387	-0.205961	-2.24487e-17	0.247665	0.336603	-10.8375	1.70625	8.13253	245.459	27.9234	-0.172598	-1.89165e-17	-0.20254	0.158256	4.77654	0.543378
0.929174	-15.0633	440.514	-69.3327	-0.207362	-2.26078e-17	0.247122	0.356948	-10.4387	1.64295	8.96535	256.034	30.4781	-0.172554	-1.89009e-17	-0.203579	0.173966	4.96817	0.591406
0.939165	-16.295	426.313	-67.0361	-0.208658	-2.2757e-17	0.246355	0.381408	-9.97848	1.56908	9.87986	267.539	33.2758	-0.172579	-1.88913e-17	-0.204646	0.192309	5.20759	0.647706
0.949156	-17.7238	411.089	-64.5019	-0.209873	-2.28991e-17	0.245406	0.408409	-9.47274	1.48632	10.8542	280.064	36.3307	-0.172675	-1.8888e-17	-0.20576	0.213141	5.49954	0.713416
0.959147	-19.2584	394.815	-61.6877	-0.211046	-2.30386e-17	0.244308	0.435456	-8.92725	1.39483	11.8933	293.685	39.6528	-0.172772	-1.88836e-17	-0.206895	0.236411	5.8378	0.78821
0.969139	-20.7716	377.525	-58.5879	-0.21225	-2.31842e-17	0.243093	0.458388	-8.33124	1.29292	12.9772	308.445	43.248	-0.172855	-1.88779e-17	-0.20802	0.260864	6.20028	0.86936
0.97913	-22.1343	359.31	-55.2206	-0.213567	-2.3346e-17	0.241798	0.47307	-7.67941	1.18021	14.0521	324.362	47.0596	-0.172978	-1.88761e-17	-0.209118	0.286425	6.6115	0.959218
0.989121	-23.2324	340.301	-51.6118	-0.215066	-2.35318e-17	0.240482	0.476518	-6.9799	1.05861	15.0822	341.43	51.0662	-0.173064	-1.88705e-17	-0.210173	0.31196	7.06214	1.05625
0.999112	-23.952	320.644	-47.7837	-0.216775	-2.37437e-17	0.239246	0.467735	-6.26153	0.93312	16.0379	359.566	55.2524	-0.173064	-1.88568e-17	-0.21117	0.335704	7.52637	1.15654
1.0091	-24.2364	300.509	-43.7822	-0.218725	-2.39848e-17	0.238146	0.447347	-5.5467	0.808117	16.896	378.627	59.5727	-0.172986	-1.88356e-17	-0.21208	0.357594	8.01341	1.26082
1.01909	-24.0711	280.105	-39.699	-0.220951	-2.42584e-17	0.237185	0.416277	-4.84404	0.686539	17.6028	398.413	63.9609	-0.17288	-1.8813e-17	-0.212906	0.375839	8.50655	1.36563
1.02909	-23.4878	259.68	-35.61	-0.223402	-2.45592e-17	0.236323	0.375561	-4.15218	0.56939	18.1467	418.685	68.3421	-0.172702	-1.87839e-17	-0.213642	0.390402	9.00745	1.47029
1.03908	-22.5626	239.547	-31.5566	-0.225904	-2.48677e-17	0.235537	0.328054	-3.48295	0.458825	18.4819	439.169	72.6758	-0.172389	-1.87419e-17	-0.214295	0.399441	9.49157	1.57071
1.04907	-21.4231	220.078	-27.5635	-0.228322	-2.51689e-17	0.234813	0.277295	-2.84863	0.356774	18.5911	459.537	76.9358	-0.171927	-1.86852e-17	-0.214874	0.402594	9.95134	1.66606
1.05906	-20.1382	201.679	-23.6671	-0.230523	-2.54478e-17	0.234112	0.224632	-2.24963	0.263994	18.4535	479.462	81.0616	-0.171342	-1.86165e-17	-0.215378	0.399378	10.3767	1.75437
1.06905	-18.8155	184.724	-19.9333	-0.232394	-2.56921e-17	0.233337	0.170956	-1.67838	0.181112	18.0614	498.614	84.9852	-0.170633	-1.85353e-17	-0.215805	0.390088	10.769	1.83549
1.07904	-17.5495	169.544	-16.4046	-0.233704	-2.5874e-17	0.232448	0.118186	-1.14178	0.110476	17.3994	516.72	88.645	-0.169777	-1.84387e-17	-0.216158	0.37488	11.133	1.9099
1.08903	-16.4194	156.407	-13.1126	-0.234269	-2.59705e-17	0.231452	0.0680203	-0.647943	0.0543212	16.4759	533.561	92.0335	-0.168743	-1.83232e-17	-0.216427	0.353621	11.4518	1.97531
1.09902	-15.5022	145.449	-10.1009	-0.23409	-2.59788e-17	0.230267	0.020792	-0.195079	0.0135476	15.3033	548.961	95.1238	-0.167534	-1.81891e-17	-0.216603	0.326846	11.7246	2.03164
1.10901	-14.833	136.695	-7.41459	-0.233287	-2.59097e-17	0.22884	-0.0237414	0.218791	-0.0118676	13.8649	562.847	97.8698	-0.166156	-1.80366e-17	-0.216673	0.29477	11.9662	2.08073
1.11901	-14.4549	130.115	-5.08793	-0.231859	-2.57618e-17	0.22713	-0.0674296	0.606963	-0.0237343	12.1658	575.233	100.258	-0.164588	-1.78635e-17	-0.216622	0.257455	12.1731	2.12167
1.129	-14.3404	125.621	-3.12305	-0.229565	-2.5508e-17	0.225302	-0.109869	0.962446	-0.0239273	10.2092	586.212	102.294	-0.162815	-1.76683e-17	-0.216445	0.214884	12.3386	2.15309
1.13899	-14.4528	123.018	-1.49709	-0.226417	-2.51515e-17	0.223445	-0.151626	1.2906	-0.0157062	8.02251	595.923	103.983	-0.160844	-1.74519e-17	-0.216134	0.167898	12.4717	2.1762
1.14898	-14.725	122.001	-0.203904	-0.222775	-2.47354e-17	0.22158	-0.19299	1.59898	-0.00267242	5.65036	604.477	105.333	-0.158726	-1.72199e-17	-0.215688	0.117479	12.5679	2.19001
1.15897	-15.071	122.215	0.775344	-0.218908	-2.42927e-17	0.219738	-0.233618	1.89448	0.0120188	3.196	611.963	106.354	-0.156519	-1.69785e-17	-0.215108	0.0660319	12.6437	2.19735
1.16896	-15.3989	123.291	1.48627	-0.214872	-2.3832e-17	0.218054	-0.271651	2.17497	0.0262193	0.740378	618.42	107.092	-0.154259	-1.67317e-17	-0.214417	0.015191	12.6887	2.1973
1.17895	-15.6257	124.88	1.97593	-0.210772	-2.33661e-17	0.216655	-0.304627	2.43455	0.0385212	-1.62477	623.779	107.579	-0.151963	-1.64808e-17	-0.213647	-0.0331384	12.7225	2.19416
1.18894	-15.6538	126.682	2.28142	-0.20684	-2.29216e-17	0.215623	-0.330464	2.67436	0.0481626	-3.83553	627.883	107.829	-0.149686	-1.62312e-17	-0.212837	-0.0778921	12.7511	2.18979
1.19893	-15.4519	128.469	2.41943	-0.203307	-2.25245e-17	0.214946	-0.348276	2.8956	0.0545322	-5.85834	630.51	107.847	-0.147484	-1.59895e-17	-0.212016	-0.118622	12.7668	2.18373
1.20893	-15.0278	130.128	2.42434	-0.200115	-2.21682e-17	0.214675	-0.355918	3.08195	0.0574181	-7.70033	631.455	107.632	-0.145376	-1.57572e-17	-0.211201	-0.155735	12.7708	2.17681
1.21892	-14.4278	131.65	2.29537	-0.197152	-2.18408e-17	0.214785	-0.353717	3.22759	0.0562742	-9.39618	630.575	107.177	-0.143356	-1.55345e-17	-0.2104	-0.189829	12.7393	2.16527
1.22891	-13.7097	133.156	2.01193	-0.194385	-2.1539e-17	0.215195	-0.343521	3.33646	0.0504124	-10.9732	627.813	106.449	-0.141421	-1.53208e-17	-0.20962	-0.221545	12.6754	2.14917
1.2389	-12.9293	134.848	1.55709	-0.191808	-2.12625e-17	0.215836	-0.327323	3.41386	0.0394199	-12.4871	623.182	105.431	-0.139591	-1.51185e-17	-0.208866	-0.252084	12.5805	2.12839
1.24889	-12.169	136.976	0.900885	-0.189369	-2.10057e-17	0.216622	-0.307482	3.46107	0.0227633	-13.9492	616.757	104.155	-0.137862	-1.49275e-17	-0.208145	-0.281384	12.4413	2.10103
1.25888	-11.4635	139.808	0.0393093	-0.186922	-2.07517e-17	0.217583	-0.28428	3.46706	0.00097482	-15.3564	608.667	102.676	-0.13622	-1.47464e-17	-0.207474	-0.309114	12.252	2.0668
1.26887	-10.8661	143.58	-1.06628	-0.18443	-2.04956e-17	0.218566	-0.260525	3.44246	-0.0255651	-16.6978	599.086	101.039	-0.134679	-1.45769e-17	-0.206868	-0.334842	12.0135	2.02613
1.27886	-10.4097	148.483	-2.46285	-0.181942	-2.02416e-17	0.219441	-0.237612	3.38927	-0.056217	-17.9474	588.22	99.2725	-0.133295	-1.44248e-17	-0.206352	-0.358223	11.7406	1.98144
1.28885	-10.1056	154.652	-4.16639	-0.179491	-1.99915e-17	0.220175	-0.216378	3.31136	-0.0892096	-19.052	576.297	97.4223	-0.132119	-1.4295e-17	-0.205952	-0.378724	11.4559	1.93661
1.29885	-9.99005	162.182	-6.16822	-0.177059	-1.97412e-17	0.220731	-0.197958	3.21372	-0.122227	-19.9692	563.546	95.5442	-0.131166	-1.41895e-17	-0.205701	-0.395623	11.1648	1.89289
1.30884	-10.0855	171.149	-8.44898	-0.174612	-1.94847e-17	0.221115	-0.181982	3.08821	-0.152453	-20.6662	550.153	93.6485	-0.130467	-1.41103e-17	-0.205638	-0.409428	10.8993	1.85531
1.31883	-10.3972	181.572	-10.9942	-0.172161	-1.9223e-17	0.221318	-0.168885	2.94933	-0.178582	-21.1182	536.253	91.7333	-0.130104	-1.40667e-17	-0.2058	-0.419992	10.6648	1.82436
1.32882	-10.9213	193.428	-13.7645	-0.169756	-1.89612e-17	0.221353	-0.158247	2.80273	-0.199445	-21.31	521.938	89.7906	-0.130168	-1.40688e-17	-0.206218	-0.427037	10.4593	1.79934
1.33881	-11.6343	206.641	-16.6705	-0.167385	-1.86983e-17	0.221286	-0.149116	2.6485	-0.213664	-21.2327	507.263	87.8149	-0.130716	-1.41225e-17	-0.206932	-0.430704	10.2898	1.78132
1.3488	-12.4954	221.079	-19.6217	-0.165063	-1.84367e-17	0.221171	-0.140887	2.49268	-0.221236	-20.8823	492.253	85.8079	-0.131802	-1.42348e-17	-0.207974	-0.429587	10.1266	1.76523
1.35879	-13.4412	236.569	-22.5451	-0.16286	-1.81861e-17	0.221056	-0.133336	2.34675	-0.223646	-20.2485	476.923	83.7383	-0.133506	-1.44142e-17	-0.209365	-0.423775	9.9814	1.75254
1.36878	-14.3907	252.932	-25.3988	-0.160836	-1.79543e-17	0.220996	-0.126313	2.22008	-0.222935	-19.3793	461.286	81.5703	-0.135917	-1.46703e-17	-0.211126	-0.414157	9.85817	1.74324
1.37877	-15.2887	269.999	-28.1766	-0.159004	-1.77439e-17	0.221012	-0.119839	2.11635	-0.220859	-18.2919	445.376	79.278	-0.139056	-1.50054e-17	-0.213268	-0.40065	9.75515	1.73644
1.38877	-16.0486	287.615	-30.8558	-0.157319	-1.75498e-17	0.221192	-0.113019	2.02546	-0.217295	-17.0139	429.225	76.8503	-0.142892	-1.54164e-17	-0.215777	-0.383302	9.66993	1.73135
1.39876	-16.6659	305.638	-33.4566	-0.155805	-1.73755e-17	0.221519	-0.106474	1.95265	-0.213746	-15.5834	412.839	74.2683	-0.147418	-1.5903e-17	-0.218605	-0.361819	9.5854	1.72438
1.40875	-17.1349	323.926	-36.0088	-0.154503	-1.72255e-17	0.221978	-0.10023	1.89479	-0.210632	-14.0508	396.222	71.4968	-0.152624	-1.64643e-17	-0.22168	-0.336909	9.50061	1.71435
1.41874	-17.467	342.339	-38.5234	-0.153443	-1.7103e-17	0.222553	-0.0942273	1.84678	-0.207818	-12.4772	379.398	68.5209	-0.158414	-1.70909e-17	-0.224897	-0.309027	9.3967	1.69708
1.42873	-17.7046	360.781	-40.9846	-0.152624	-1.70077e-17	0.223229	-0.0885339	1.80413	-0.204948	-10.9423	362.424	65.3339	-0.164632	-1.77669e-17	-0.228141	-0.279343	9.25227	1.6679
1.43872	-17.8632	379.171	-43.3718	-0.152024	-1.69369e-17	0.224	-0.0828744	1.75912	-0.201219	-9.52241	345.382	61.9099	-0.171127	-1.84768e-17	-0.231293	-0.249859	9.06247	1.62445
1.44871	-17.9536	397.397	-45.6932	-0.151662	-1.68932e-17	0.224823	-0.0777935	1.72193	-0.19799	-8.27077	328.349	58.246	-0.177776	-1.92083e-17	-0.23423	-0.222077	8.81644	1.56395
1.4587	-17.9712	415.327	-47.9248	-0.151547	-1.68771e-17	0.225693	-0.0729438	1.68578	-0.194523	-7.23382	311.389	54.3618	-0.184436	-1.9947e-17	-0.236847	-0.197609	8.50634	1.48502
1.46869	-17.9416	432.822	-50.0227	-0.151668	-1.68873e-17	0.226605	-0.0681464	1.64396	-0.189998	-6.44264	294.532	50.2982	-0.190976	-2.06795e-17	-0.239065	-0.177728	8.12501	1.38754
1.47869	-17.8671	449.746	-51.9629	-0.151981	-1.69189e-17	0.227543	-0.0635536	1.59975	-0.184833	-5.90317	277.769	46.107	-0.197327	-2.14005e-17	-0.240833	-0.162468	7.64481	1.26896
1.48868	-17.728	465.961	-53.7396	-0.152463	-1.69693e-17	0.228497	-0.0588863	1.54776	-0.178504	-5.58335	261.075	41.8267	-0.203473	-2.21072e-17	-0.242138	-0.151552	7.08653	1.13533
1.49867	-17.5204	481.334	-55.3398	-0.153137	-1.70413e-17	0.229449	-0.054392	1.4943	-0.171802	-5.46403	244.449	37.5106	-0.209421	-2.28002e-17	-0.243008	-0.144412	6.46068	0.99139
1.50866	-17.2358	495.788	-56.7303	-0.153978	-1.71319e-17	0.230396	-0.0500871	1.44076	-0.164858	-5.489	227.939	33.2118	-0.215203	-2.3482e-17	-0.243478	-0.139266	5.78326	0.842648
1.51865	-16.858	509.31	-57.8637	-0.154939	-1.72361e-17	0.231351	-0.0460543	1.39139	-0.158078	-5.60379	211.635	29.0057	-0.220871	-2.41568e-17	-0.24359	-0.13432	5.07278	0.69525
1.52864	-16.407	521.927	-58.7267	-0.156008	-1.73529e-17	0.232305	-0.04272	1.35898	-0.152911	-5.76406	195.647	24.9621	-0.226513	-2.4833e-17	-0.243392	-0.12814	4.3494	0.554927
1.53863	-15.8778	533.666	-59.3134	-0.157171	-1.74808e-17	0.233248	-0.0403295	1.3555	-0.150655	-5.91346	180.134	21.1125	-0.232212	-2.55165e-17	-0.242905	-0.12005	3.65691	0.428608
1.54862	-15.2683	544.562	-59.6267	-0.158415	-1.76185e-17	0.234172	-0.038859	1.38595	-0.151755	-6.00607	165.273	17.5046	-0.238019	-2.62114e-17	-0.242155	-0.109304	3.00779	0.318567
1.55861	-14.603	554.674	-59.6485	-0.159711	-1.77628e-17	0.235082	-0.0382022	1.45106	-0.156044	-6.01299	151.256	14.1821	-0.243881	-2.69098e-17	-0.241173	-0.0961507	2.41867	0.226779
1.56861	-13.8672	564.087	-59.369	-0.16101	-1.79075e-17	0.236	-0.0377801	1.53682	-0.161747	-5.92656	138.257	11.1703	-0.249713	-2.75996e-17	-0.239984	-0.0819638	1.91208	0.154484
1.5786	-13.0575	572.856	-58.8254	-0.162288	-1.80507e-17	0.236914	-0.0378327	1.65979	-0.170441	-5.73043	126.369	8.4706	-0.25546	-2.82741e-17	-0.238583	-0.0675597	1.48985	0.0998653
1.58859	-12.1499	581.025	-58.0567	-0.163548	-1.8192e-17	0.237833	-0.0378592	1.81048	-0.180906	-5.45466	115.595	6.08276	-0.261099	-2.89295e-17	-0.237022	-0.0544695	1.15432	0.0607417
1.59858	-11.1498	588.62	-57.0977	-0.164777	-1.83299e-17	0.238765	-0.0373142	1.96989	-0.191085	-5.14812	105.885	4.01191	-0.266714	-2.9576e-17	-0.235339	-0.0429775	0.883947	0.0334922
1.60857	-10.0483	595.684	-56.0048	-0.165968	-1.84634e-17	0.239716	-0.0358243	2.12374	-0.199669	-4.84623	97.1838	2.24927	-0.272388	-3.02241e-17	-0.23356	-0.0320818	0.643353	0.0148901
1.61856	-8.81374	602.256	-54.8129	-0.167143	-1.85947e-17	0.240706	-0.0331595	2.26584	-0.20622	-4.5782	89.399	0.754463	-0.278144	-3.08756e-17	-0.231763	-0.0224184	0.437767	0.00369444
1.62855	-7.46371	608.403	-53.5937	-0.168322	-1.87258e-17	0.241732	-0.0292411	2.38358	-0.209967	-4.38441	82.4277	-0.524064	-0.284095	-3.15431e-17	-0.230002	-0.0139076	0.261466	-0.00166236
1.63854	-6.02372	614.23	-52.394	-0.169512	-1.88575e-17	0.242803	-0.0241176	2.45923	-0.209773	-4.259	76.1689	-1.62587	-0.290242	-3.2227e-17	-0.228354	-0.00654982	0.117139	-0.00250039
1.64853	-4.49624	619.849	-51.2799	-0.170703	-1.89887e-17	0.243917	-0.0180688	2.49095	-0.206076	-4.18066	70.5509	-2.57697	-0.296401	-3.29067e-17	-0.226848	0.00041735	-0.00704302	0.000257256
1.65853	-2.89109	625.329	-50.3149	-0.171905	-1.91208e-17	0.245058	-0.0114905	2.48535	-0.199975	-4.15359	65.4979	-3.41935	-0.302518	-3.35761e-17	-0.225483	0.00729141	-0.114978	0.00600248
1.66852	-1.22131	630.693	-49.5423	-0.173131	-1.92551e-17	0.246213	-0.00473101	2.44313	-0.191913	-4.16531	60.9293	-4.21463	-0.308644	-3.42429e-17	-0.224304	0.0127068	-0.185873	0.0128573
1.67851	0.517713	635.946	-48.9691	-0.174393	-1.93934e-17	0.247379	0.00193449	2.37628	-0.182978	-4.20625	56.7873	-4.97163	-0.314606	-3.4885e-17	-0.223267	0.018697	-0.252422	0.0220991
1.6885	2.30664	641.082	-48.5802	-0.175685	-1.9535e-17	0.248552	0.00824223	2.29075	-0.17359	-4.25405	53.0325	-5.68708	-0.319922	-3.54458e-17	-0.222408	0.0259887	-0.323985	0.0347433
1.69849	4.11865	646.089	-48.3696	-0.176996	-1.96785e-17	0.249729	0.0138626	2.17461	-0.162803	-4.3152	49.5944	-6.34171	-0.324493	-3.59099e-17	-0.221797	0.0352802	-0.405473	0.0518484
1.70848	5.91199	650.957	-48.3758	-0.178322	-1.98235e-17	0.250891	0.0184673	2.0334	-0.151112	-4.36475	46.396	-6.92693	-0.328308	-3.62755e-17	-0.221359	0.0458347	-0.487209	0.0727404
1.71847	7.67837	655.704	-48.607	-0.179638	-1.99672e-17	0.25204	0.0218045	1.86202	-0.138031	-4.37729	43.3487	-7.42522	-0.331376	-3.6549e-17	-0.221063	0.0555034	-0.549655	0.0941508
1.72846	9.36392	660.313	-49.0773	-0.180906	-2.01054e-17	0.253155	0.0235594	1.66133	-0.123477	-4.34728	40.377	-7.80574	-0.333803	-3.67421e-17	-0.220849	0.0643045	-0.597252	0.115462
1.73845	10.9117	664.75	-49.7714	-0.182108	-2.02358e-17	0.254229	0.0232975	1.4193	-0.106266	-4.25113	37.4038	-8.02819	-0.335752	-3.68685e-17	-0.220652	0.0726954	-0.639614	0.137284
1.74845	12.2781	668.988	-50.6682	-0.183237	-2.03576e-17	0.255248	0.0208172	1.13425	-0.0859068	-4.07784	34.3365	-8.06879	-0.337311	-3.69423e-17	-0.220467	0.0792072	-0.666946	0.156727
1.75844	13.4049	673.014	-51.7194	-0.184289	-2.04707e-17	0.25619	0.0164562	0.826209	-0.0634921	-3.82969	31.0879	-7.88754	-0.338485	-3.69766e-17	-0.220317	0.0819536	-0.665267	0.16879
1.76843	14.2368	676.851	-52.8679	-0.185242	-2.05723e-17	0.257041	0.0104292	0.49583	-0.0387286	-3.51157	27.6127	-7.46799	-0.339267	-3.69829e-17	-0.220226	0.0799033	-0.628307	0.169929
1.77842	14.7036	680.548	-54.0599	-0.18608	-2.0661e-17	0.257784	0.00329592	0.152549	-0.0121179	-3.10608	23.8809	-6.79555	-0.33988	-3.69707e-17	-0.220121	0.0750721	-0.577187	0.164245
1.78841	14.7617	684.19	-55.2542	-0.186785	-2.07347e-17	0.258399	-0.00426376	-0.197621	0.0159596	-2.62155	19.8801	-5.89134	-0.340382	-3.69471e-17	-0.220007	0.0671573	-0.509277	0.150921
1.7984	14.3852	687.851	-56.4117	-0.187361	-2.0794e-17	0.258874	-0.0113687	-0.543611	0.0445823	-2.09027	15.6782	-4.8031	-0.340409	-3.69177e-17	-0.220051	0.0537972	-0.403511	0.123618
1.80839	13.569	691.623	-57.5204	-0.187807	-2.08391e-17	0.259199	-0.0172385	-0.878659	0.0730757	-1.54648	11.4378	-3.6022	-0.340254	-3.68858e-17	-0.220117	0.039363	-0.29113	0.0916876
1.81838	12.3152	695.601	-58.5428	-0.188098	-2.08667e-17	0.259375	-0.0215215	-1.21561	0.102307	-1.01307	7.40602	-2.38577	-0.340073	-3.68539e-17	-0.220169	0.0255442	-0.18674	0.0601564
1.82837	10.6238	699.865	-59.43	-0.188221	-2.08758e-17	0.259409	-0.0235711	-1.5528	0.131858	-0.547097	3.96003	-1.30029	-0.339882	-3.68228e-17	-0.22021	0.0136821	-0.0990349	0.0325185
1.83837	8.51551	704.476	-60.138	-0.188196	-2.08687e-17	0.259304	-0.0227393	-1.88119	0.160589	0	0	0	0	-2.08687e-17	0	0	0	0
1.84836	6.02137	709.44	-60.639	-0.188039	-2.08471e-17	0.259073	-0.018708	-2.20419	0.188402	0	0	0	0	-2.08471e-17	0	0	0	0
1.85835	3.16753	714.726	-60.9177	-0.187741	-2.081e-17	0.258727	-0.0111979	-2.5267	0.215356	0	0	0	0	-2.081e-17	0	0	0	0
1.86834	0.0270378	720.244	-60.9571	-0.187296	-2.07567e-17	0.258304	-0.000107423	-2.86159	0.242187	0	0	0	0	-2.07567e-17	0	0	0	0
1.87833	-3.29421	725.822	-60.7851	-0.186722	-2.06892e-17	0.257833	0.014583	-3.21311	0.269087	0	0	0	0	-2.06892e-17	0	0	0	0
1.88832	-6.69759	731.185	-60.4569	-0.186062	-2.06119e-17	0.257335	0.0328551	-3.58683	0.296572	0	0	0	0	-2.06119e-17	0	0	0	0
1.89831	-10.0455	735.981	-60.0209	-0.185343	-2.05281e-17	0.256845	0.0544854	-3.99187	0.325546	0	0	0	0	-2.05281e-17	0	0	0	0
1.9083	-13.208	739.828	-59.5563	-0.184585	-2.04396e-17	0.256388	0.0790573	-4.42828	0.356477	0	0	0	0	-2.04396e-17	0	0	0	0
1.91829	-16.0591	742.351	-59.1386	-0.183823	-2.03502e-17	0.255986	0.105952	-4.89778	0.390177	0	0	0	0	-2.03502e-17	0	0	0	0
1.92829	-18.5116	743.218	-58.8458	-0.183094	-2.02638e-17	0.255638	0.134297	-5.39187	0.426913	0	0	0	0	-2.02638e-17	0	0	0	0
1.93828	-20.5426	742.208	-58.7362	-0.182417	-2.01824e-17	0.255338	0.16349	-5.90692	0.467456	0	0	0	0	-2.01824e-17	0	0	0	0
1.94827	-22.202	739.253	-58.8049	-0.181783	-2.01049e-17	0.255082	0.193603	-6.44632	0.512781	0	0	0	0	-2.01049e-17	0	0	0	0
1.95826	-23.5969	734.396	-59.0311	-0.181172	-2.00291e-17	0.254845	0.224802	-6.99642	0.562375	0	0	0	0	-2.00291e-17	0	0	0	0
1.96825	-24.7974	727.711	-59.3512	-0.180557	-1.99521e-17	0.254608	0.256873	-7.53826	0.61481	0	0	0	0	-1.99521e-17	0	0	0	0
1.97824	-25.8623	719.283	-59.6689	-0.179924	-1.98725e-17	0.254348	0.289481	-8.05106	0.667884	0	0	0	0	-1.98725e-17	0	0	0	0
1.98823	-26.8658	709.24	-59.8497	-0.179259	-1.97893e-17	0.254048	0.322696	-8.51897	0.718879	0	0	0	0	-1.97893e-17	0	0	0	0
1.99822	-27.8593	697.785	-59.7555	-0.178536	-1.96998e-17	0.253698	0.356791	-8.93647	0.765283	0	0	0	0	-1.96998e-17	0	0	0	0
2.00821	-28.8661	685.214	-59.3034	-0.177714	-1.95999e-17	0.253279	0.391215	-9.28654	0.803725	0	0	0	0	-1.95999e-17	0	0	0	0
2.01821	-29.933	671.931	-58.454	-0.176756	-1.94865e-17	0.252771	0.425651	-9.55494	0.831222	0	0	0	0	-1.94865e-17	0	0	0	0
2.0282	-31.1041	658.443	-57.1831	-0.17564	-1.93574e-17	0.252173	0.460139	-9.74066	0.845937	0	0	0	0	-1.93574e-17	0	0	0	0
2.03819	-32.4149	645.32	-55.5141	-0.174358	-1.9212e-17	0.251486	0.494234	-9.83926	0.846428	0	0	0	0	-1.9212e-17	0	0	0	0
2.04818	-33.8727	633.143	-53.5322	-0.17291	-1.90507e-17	0.250723	0.527582	-9.86147	0.833787	0	0	0	0	-1.90507e-17	0	0	0	0
2.05817	-35.4789	622.43	-51.3932	-0.171314	-1.8875e-17	0.249897	0.560263	-9.82908	0.811573	0	0	0	0	-1.8875e-17	0	0	0	0
2.06816	-37.2018	613.603	-49.2835	-0.169596	-1.86871e-17	0.249027	0.592097	-9.766	0.784388	0	0	0	0	-1.86871e-17	0	0	0	0
2.07815	-38.9865	606.969	-47.347	-0.167793	-1.84903e-17	0.248153	0.623228	-9.70285	0.756877	0	0	0	0	-1.84903e-17	0	0	0	0
2.08814	-40.7852	602.704	-45.7002	-0.165974	-1.82919e-17	0.247304	0.653845	-9.66221	0.732639	0	0	0	0	-1.82919e-17	0	0	0	0
2.09813	-42.4953	600.845	-44.4319	-0.164203	-1.80982e-17	0.246516	0.683158	-9.65925	0.714292	0	0	0	0	-1.80982e-17	0	0	0	0
2.10813	-44.0074	601.272	-43.5976	-0.162525	-1.79141e-17	0.245811	0.709549	-9.69455	0.702942	0	0	0	0	-1.79141e-17	0	0	0	0
2.11812	-45.2289	603.761	-43.1858	-0.160986	-1.77445e-17	0.245218	0.732143	-9.77337	0.69907	0	0	0	0	-1.77445e-17	0	0	0	0
2.12811	-46.0917	608.021	-43.1468	-0.159635	-1.75947e-17	0.244753	0.750532	-9.90067	0.702578	0	0	0	0	-1.75947e-17	0	0	0	0
2.1381	-46.5425	613.722	-43.4328	-0.158506	-1.74688e-17	0.244427	0.763998	-10.0743	0.712952	0	0	0	0	-1.74688e-17	0	0	0	0
2.14809	-46.5665	620.512	-43.984	-0.15762	-1.73688e-17	0.244236	0.772228	-10.2902	0.729401	0	0	0	0	-1.73688e-17	0	0	0	0
2.15808	-46.1924	628.027	-44.7606	-0.156958	-1.72929e-17	0.244173	0.776031	-10.5509	0.751978	0	0	0	0	-1.72929e-17	0	0	0	0
2.16807	-45.483	635.875	-45.7231	-0.15651	-1.72398e-17	0.244227	0.776625	-10.8576	0.780724	0	0	0	0	-1.72398e-17	0	0	0	0
2.17806	-44.49	643.592	-46.8323	-0.156281	-1.72101e-17	0.244382	0.774307	-11.2011	0.815073	0	0	0	0	-1.72101e-17	0	0	0	0
2.18806	-43.2666	650.66	-48.0785	-0.156277	-1.72043e-17	0.24461	0.7696	-11.5735	0.855191	0	0	0	0	-1.72043e-17	0	0	0	0
2.19805	-41.8492	656.57	-49.436	-0.156489	-1.72214e-17	0.244891	0.762384	-11.961	0.900596	0	0	0	0	-1.72214e-17	0	0	0	0
2.20804	-40.2455	660.881	-50.873	-0.156896	-1.72592e-17	0.245214	0.751969	-12.3483	0.950538	0	0	0	0	-1.72592e-17	0	0	0	0
2.21803	-38.4762	663.269	-52.3609	-0.157479	-1.73156e-17	0.245567	0.73816	-12.7247	1.00454	1.61086	4.92585	-0.366553	-0.285313	-3.18413e-17	-0.186863	0.0321977	0.098457	-0.0073266
2.22802	-36.555	663.582	-53.8783	-0.158234	-1.73899e-17	0.245933	0.720365	-13.0768	1.06174	2.94244	9.3776	-0.670508	-0.284787	-3.17854e-17	-0.186479	0.0621472	0.198064	-0.0141618
2.23801	-34.5034	661.87	-55.4166	-0.15913	-1.74789e-17	0.246299	0.698271	-13.3947	1.12151	4.41867	14.7787	-1.00865	-0.284058	-3.17065e-17	-0.186113	0.0989704	0.331016	-0.022592
2.248	-32.3541	658.344	-56.9735	-0.160115	-1.75767e-17	0.246658	0.672107	-13.6761	1.18354	5.85164	20.741	-1.3387	-0.283042	-3.1595e-17	-0.185791	0.139678	0.495085	-0.0319545
2.25799	-30.1715	653.366	-58.5406	-0.161152	-1.76796e-17	0.246995	0.64263	-13.9162	1.24687	7.11798	26.9773	-1.63406	-0.281669	-3.14411e-17	-0.185622	0.179475	0.680213	-0.0412017
2.26798	-28.0383	647.366	-60.1283	-0.162244	-1.77879e-17	0.2473	0.611209	-14.112	1.31074	8.14176	33.2945	-1.88371	-0.27987	-3.1236e-17	-0.185705	0.212868	0.870492	-0.04925
2.27798	-26.0284	640.822	-61.784	-0.163379	-1.79005e-17	0.247553	0.579403	-14.2649	1.37534	8.87646	39.5926	-2.08083	-0.277568	-3.09732e-17	-0.186019	0.238816	1.06522	-0.0559837
2.28797	-24.2024	634.204	-63.5548	-0.164549	-1.80163e-17	0.247749	0.548731	-14.3791	1.44095	9.28595	45.8615	-2.20457	-0.274759	-3.06507e-17	-0.186654	0.254581	1.25733	-0.0604398
2.29796	-22.5968	627.909	-65.4932	-0.165751	-1.81353e-17	0.247896	0.520435	-14.4616	1.5084	9.36722	52.1525	-2.2276	-0.271495	-3.02735e-17	-0.187675	0.259687	1.44582	-0.0617556
2.30795	-21.2107	622.194	-67.6339	-0.167016	-1.82609e-17	0.248005	0.494901	-14.5174	1.57808	9.13367	58.5672	-2.09629	-0.267939	-2.9857e-17	-0.189199	0.25233	1.618	-0.0579129
2.31794	-20.0209	617.161	-69.9845	-0.168396	-1.83987e-17	0.248098	0.472337	-14.5602	1.65109	8.5936	65.2454	-1.75194	-0.264224	-2.94157e-17	-0.191315	0.233089	1.76969	-0.0475191
2.32793	-18.9786	612.795	-72.5306	-0.169942	-1.85542e-17	0.248204	0.452271	-14.6033	1.72845	7.77091	72.3676	-1.11514	-0.260253	-2.89386e-17	-0.19402	0.203379	1.89399	-0.0291852
2.33792	-18.0335	608.952	-75.2284	-0.171698	-1.87322e-17	0.248364	0.434122	-14.6594	1.81099	6.68721	80.1349	-0.102998	-0.255988	-2.84239e-17	-0.197295	0.164972	1.97691	-0.00254093
2.34791	-17.1276	605.376	-78.0056	-0.173717	-1.89383e-17	0.248616	0.416813	-14.7322	1.89832	5.36798	88.7572	1.36378	-0.251403	-2.78725e-17	-0.20101	0.122389	2.02365	0.0310938
2.3579	-16.1641	601.7	-80.7807	-0.176072	-1.91806e-17	0.249009	0.398366	-14.829	1.99085	3.81624	98.4593	3.34821	-0.24656	-2.72956e-17	-0.205087	0.0789066	2.03579	0.0692294
2.3679	-15.0508	597.522	-83.449	-0.178844	-1.94679e-17	0.249575	0.376384	-14.9425	2.08685	2.05404	109.492	5.88877	-0.241435	-2.66953e-17	-0.209365	0.0376022	2.00441	0.107802
2.37789	-13.7075	592.456	-85.854	-0.182087	-1.98066e-17	0.250361	0.348635	-15.0684	2.18359	0.0943583	122.087	9.00444	-0.236	-2.6072e-17	-0.213687	0.00148977	1.92757	0.142166
2.38788	-12.0873	586.166	-87.8595	-0.185838	-2.02009e-17	0.251393	0.313282	-15.1924	2.27717	-2.05038	136.458	12.6577	-0.23021	-2.54213e-17	-0.217883	-0.0273181	1.81809	0.168644
2.39787	-10.1679	578.372	-89.351	-0.190119	-2.0654e-17	0.252673	0.268866	-15.2936	2.36267	-4.36693	152.779	16.7666	-0.224114	-2.47483e-17	-0.221737	-0.0477949	1.67213	0.183506
2.40786	-7.95083	568.828	-90.2251	-0.19493	-2.11661e-17	0.254197	0.214668	-15.358	2.43603	-6.85358	171.147	21.1997	-0.217753	-2.40563e-17	-0.225029	-0.059361	1.48235	0.183617
2.41785	-5.46967	557.326	-90.4013	-0.200267	-2.17373e-17	0.255948	0.150874	-15.3731	2.4936	-9.51887	191.522	25.8052	-0.211221	-2.33526e-17	-0.227585	-0.062097	1.24941	0.168342
2.42784	-2.76843	543.726	-89.8193	-0.206085	-2.23632e-17	0.257897	0.0780193	-15.3232	2.53127	-12.3491	213.724	30.4184	-0.204592	-2.26422e-17	-0.229277	-0.0563095	0.974537	0.138702
2.43783	0.0797172	527.981	-88.4473	-0.212312	-2.3036e-17	0.259999	-0.0022949	-15.1995	2.54622	-15.3215	237.372	34.8896	-0.198038	-2.19414e-17	-0.230093	-0.0424581	0.65779	0.0966841
2.44782	2.9555	510.169	-86.2561	-0.218852	-2.37457e-17	0.262193	-0.0868694	-14.9951	2.53528	-18.4121	261.87	39.1149	-0.191759	-2.12709e-17	-0.230124	-0.0206888	0.294252	0.0439517
2.45782	5.72384	490.489	-83.2569	-0.225563	-2.44775e-17	0.2644	-0.171587	-14.7037	2.49585	-21.5375	286.523	43.0275	-0.185897	-2.0645e-17	-0.229528	0.00808154	-0.107512	-0.0161452
2.46781	8.25545	469.228	-79.486	-0.2323	-2.52164e-17	0.266542	-0.252022	-14.3246	2.42655	-24.6106	310.648	46.606	-0.18055	-2.00754e-17	-0.228482	0.044702	-0.564252	-0.0846538
2.4778	10.4105	446.737	-75.0366	-0.238919	-2.59468e-17	0.268538	-0.322989	-13.8601	2.32802	-27.5477	333.693	49.8497	-0.17579	-1.95698e-17	-0.227172	0.0882969	-1.06956	-0.15978
2.48779	12.0856	423.378	-70.0564	-0.245283	-2.66545e-17	0.270303	-0.379835	-13.3062	2.20178	-30.2757	355.309	52.7592	-0.171648	-1.91313e-17	-0.22576	0.13699	-1.60769	-0.238722
2.49778	13.2289	399.497	-64.7219	-0.251273	-2.73268e-17	0.271771	-0.419348	-12.6638	2.05165	-32.7219	375.349	55.3575	-0.168127	-1.87607e-17	-0.224348	0.189672	-2.1757	-0.320878
2.50777	13.8148	375.383	-59.2139	-0.256827	-2.79564e-17	0.272895	-0.43944	-11.9408	1.88356	-34.8529	393.849	57.6603	-0.165215	-1.84561e-17	-0.223013	0.243695	-2.75384	-0.403168
2.51776	13.8504	351.264	-53.7006	-0.26193	-2.85416e-17	0.273639	-0.439407	-11.1439	1.70367	-36.6494	411.005	59.6727	-0.162895	-1.82152e-17	-0.221796	0.296018	-3.3197	-0.481978
2.52775	13.3784	327.313	-48.3206	-0.266628	-2.90865e-17	0.274002	-0.420426	-10.2861	1.51851	-38.0851	427.088	61.4031	-0.16115	-1.80353e-17	-0.220715	0.34381	-3.8555	-0.554311
2.53774	12.4776	303.723	-43.1635	-0.27095	-2.95939e-17	0.274016	-0.385668	-9.38771	1.33413	-39.1641	442.414	62.8661	-0.159927	-1.79107e-17	-0.219772	0.385262	-4.35208	-0.618423
2.54774	11.236	280.682	-38.2764	-0.274944	-3.00681e-17	0.273737	-0.339025	-8.46906	1.15492	-39.9051	457.302	64.0978	-0.159168	-1.78346e-17	-0.218975	0.418924	-4.80075	-0.672899
2.55773	9.781	258.402	-33.6687	-0.278646	-3.05134e-17	0.273232	-0.285667	-7.54698	0.98334	-40.3183	472.018	65.1493	-0.158818	-1.78013e-17	-0.218324	0.444514	-5.20405	-0.718278
2.56772	8.2192	237.104	-29.3411	-0.282164	-3.09416e-17	0.272573	-0.230257	-6.64236	0.821974	-40.4083	486.744	66.0568	-0.158836	-1.78065e-17	-0.217815	0.461836	-5.56312	-0.754979
2.57771	6.64031	216.997	-25.31	-0.28561	-3.13642e-17	0.271822	-0.176861	-5.77959	0.674118	-40.2208	501.555	66.8319	-0.159204	-1.78486e-17	-0.217448	0.471212	-5.87605	-0.78298
2.5877	5.11853	198.272	-21.5842	-0.289004	-3.17831e-17	0.271004	-0.128212	-4.96644	0.540652	-39.7879	516.423	67.474	-0.159876	-1.79224e-17	-0.217209	0.473399	-6.14443	-0.802811
2.59769	3.71235	181.086	-18.1915	-0.292372	-3.22005e-17	0.270142	-0.0863458	-4.21189	0.423117	-39.1343	531.225	67.9704	-0.160812	-1.80242e-17	-0.21707	0.469679	-6.37562	-0.815762
2.60768	2.45372	165.528	-15.1407	-0.295763	-3.262e-17	0.269283	-0.0522734	-3.52637	0.322554	-38.292	545.766	68.2973	-0.16199	-1.81518e-17	-0.217016	0.461149	-6.57263	-0.822501
2.61767	1.34989	151.626	-12.4442	-0.299248	-3.30485e-17	0.268432	-0.0258806	-2.90704	0.238585	-37.268	559.793	68.4209	-0.163414	-1.83057e-17	-0.217034	0.448145	-6.73148	-0.822758
2.62766	0.401525	139.357	-10.098	-0.30281	-3.34829e-17	0.267618	-0.00677357	-2.35089	0.17035	-36.0612	573.013	68.3274	-0.165066	-1.84844e-17	-0.217126	0.431385	-6.85472	-0.817372
2.63766	-0.424831	128.658	-8.09058	-0.306352	-3.39111e-17	0.266813	0.00613879	-1.8591	0.116909	-34.6652	585.149	68.024	-0.166926	-1.86855e-17	-0.2173	0.410874	-6.93556	-0.806264
2.64765	-1.15261	119.421	-6.39722	-0.309833	-3.43267e-17	0.266043	0.0138885	-1.43898	0.0770843	-33.0869	595.968	67.5481	-0.168992	-1.89092e-17	-0.217566	0.387511	-6.97993	-0.791118
2.65764	-1.77353	111.509	-4.98782	-0.313284	-3.47332e-17	0.265319	0.0172654	-1.08554	0.0485565	-31.3046	605.305	66.941	-0.171269	-1.91565e-17	-0.217924	0.361631	-6.9925	-0.773304
2.66763	-2.28753	104.801	-3.83379	-0.316651	-3.51244e-17	0.264656	0.0173916	-0.796782	0.0291475	-29.3205	613.075	66.2432	-0.173749	-1.94264e-17	-0.218375	0.333383	-6.97086	-0.753205
2.67762	-2.71236	99.1709	-2.88412	-0.319812	-3.54875e-17	0.264119	0.0158043	-0.577845	0.0168051	-27.147	619.267	65.4874	-0.176411	-1.97167e-17	-0.218917	0.303167	-6.91573	-0.731337
2.68761	-3.06381	94.498	-2.08649	-0.322657	-3.58115e-17	0.263698	0.013294	-0.410032	0.00905341	-24.7857	623.926	64.6944	-0.179221	-2.00236e-17	-0.219538	0.271367	-6.83107	-0.708308
2.6976	-3.37142	90.6363	-1.40211	-0.325264	-3.61064e-17	0.263287	0.00999838	-0.268794	0.00415812	-22.2383	627.124	63.8624	-0.182136	-2.03421e-17	-0.220218	0.237973	-6.71089	-0.683394
2.70759	-3.66064	87.4191	-0.789663	-0.32784	-3.63958e-17	0.262897	0.00633684	-0.151329	0.00136697	-19.5326	628.954	62.997	-0.185121	-2.06684e-17	-0.220937	0.203534	-6.55385	-0.656444
2.71758	-3.94533	84.7138	-0.219528	-0.330483	-3.66908e-17	0.262492	0.00203244	-0.0436404	0.00011309	-16.7031	629.557	62.1057	-0.188134	-2.0998e-17	-0.221672	0.169174	-6.37631	-0.629023
2.72758	-4.2188	82.423	0.310793	-0.333115	-3.69829e-17	0.26207	-0.00329143	0.0643049	0.000242475	-13.7874	629.114	61.1806	-0.191127	-2.13254e-17	-0.222408	0.135453	-6.1807	-0.601066
2.73757	-4.47265	80.4779	0.784995	-0.335667	-3.72643e-17	0.261726	-0.00915821	0.164787	0.00160736	-10.855	627.83	60.2198	-0.194062	-2.16464e-17	-0.223142	0.103199	-5.9688	-0.572511
2.74756	-4.70062	78.8305	1.18207	-0.338189	-3.75412e-17	0.261498	-0.0150621	0.252595	0.00378766	-7.96247	625.929	59.2404	-0.196907	-2.19575e-17	-0.223859	0.0730985	-5.74627	-0.54385
2.75755	-4.86867	77.4434	1.50593	-0.340622	-3.78075e-17	0.261444	-0.0204858	0.325856	0.00633646	-5.16424	623.643	58.266	-0.199633	-2.22557e-17	-0.224553	0.0458034	-5.53131	-0.516782
2.76754	-4.9756	76.2817	1.75794	-0.342838	-3.80494e-17	0.261497	-0.0257667	0.395034	0.00910369	-2.49925	621.208	57.3324	-0.202206	-2.25373e-17	-0.225217	0.0214312	-5.32689	-0.491628
2.77753	-5.01841	75.3229	1.94287	-0.344605	-3.82416e-17	0.261688	-0.0302016	0.453306	0.0116925	-0.0179979	618.845	56.4623	-0.204617	-2.28012e-17	-0.225853	0.000149395	-5.13684	-0.468675
2.78752	-4.98376	74.5294	2.05416	-0.346066	-3.84002e-17	0.262026	-0.0338186	0.505739	0.0139391	2.24152	616.767	55.6661	-0.206849	-2.30455e-17	-0.226462	-0.0180233	-4.95921	-0.447592
2.79751	-4.86312	73.861	2.091	-0.34736	-3.85409e-17	0.262441	-0.0367906	0.558777	0.0158189	4.23004	615.15	54.94	-0.208906	-2.32707e-17	-0.227042	-0.0330349	-4.80408	-0.42906
2.8075	-4.66337	73.2771	2.07027	-0.348615	-3.86784e-17	0.26299	-0.0381179	0.598959	0.0169222	5.92707	614.102	54.2766	-0.21079	-2.3477e-17	-0.22759	-0.0450916	-4.67192	-0.412922
2.8175	-4.38082	72.743	2.01294	-0.349805	-3.881e-17	0.263755	-0.0372269	0.618147	0.0171053	7.34442	613.67	53.6559	-0.212506	-2.36652e-17	-0.228089	-0.0546923	-4.56987	-0.399563
2.82749	-4.03528	72.2258	1.91967	-0.350952	-3.89378e-17	0.264623	-0.0351151	0.628511	0.016705	8.51678	613.852	53.0445	-0.214061	-2.38359e-17	-0.228529	-0.0623696	-4.49533	-0.388453
2.83748	-3.65233	71.7082	1.79343	-0.352131	-3.907e-17	0.265537	-0.032101	0.630257	0.0157628	9.48191	614.602	52.4245	-0.215473	-2.39906e-17	-0.228915	-0.068377	-4.43209	-0.37805
2.84747	-3.24827	71.1984	1.64646	-0.353324	-3.92043e-17	0.266441	-0.0284778	0.624202	0.0144346	10.2945	615.829	51.809	-0.216759	-2.41316e-17	-0.229245	-0.0732252	-4.38044	-0.368521
2.85746	-2.84038	70.7082	1.49627	-0.354433	-3.93296e-17	0.267331	-0.0246243	0.612997	0.0129718	11.0125	617.44	51.2145	-0.217938	-2.42605e-17	-0.229521	-0.0772101	-4.32895	-0.359072
2.86745	-2.45251	70.2627	1.36578	-0.355397	-3.94386e-17	0.26819	-0.0208996	0.598759	0.0116388	11.6506	619.376	50.6624	-0.219006	-2.43771e-17	-0.229761	-0.0801678	-4.26192	-0.348608
2.87744	-2.11227	69.9021	1.27525	-0.356171	-3.9526e-17	0.269034	-0.0176994	0.585733	0.0106857	12.2163	621.576	50.1839	-0.219955	-2.44799e-17	-0.229988	-0.081791	-4.16158	-0.335992
2.88743	-1.81294	69.6639	1.24701	-0.356658	-3.95804e-17	0.269845	-0.0151361	0.581617	0.0104112	12.7268	623.966	49.8072	-0.220785	-2.45691e-17	-0.230216	-0.0819759	-4.01908	-0.320817
2.89742	-1.55437	69.5754	1.29979	-0.356887	-3.96049e-17	0.270619	-0.0131455	0.588407	0.0109925	13.1953	626.473	49.566	-0.221495	-2.46445e-17	-0.230456	-0.0806445	-3.82875	-0.302928
2.90742	-1.34774	69.6568	1.45206	-0.35707	-3.96226e-17	0.271345	-0.0116937	0.604381	0.0125989	13.6185	629.016	49.4699	-0.22209	-2.47067e-17	-0.230712	-0.0776622	-3.5871	-0.282113
2.91741	-1.19392	69.9111	1.71173	-0.357288	-3.96422e-17	0.271971	-0.0108362	0.634521	0.0155358	14.001	631.521	49.4965	-0.222586	-2.47575e-17	-0.230988	-0.0731529	-3.29959	-0.258611
2.9274	-1.07895	70.3295	2.08788	-0.357488	-3.96576e-17	0.272587	-0.0103232	0.672903	0.0199766	14.3321	633.894	49.6347	-0.223001	-2.4799e-17	-0.231282	-0.0674164	-2.98176	-0.233475
2.93739	-1.00318	70.9099	2.5817	-0.357568	-3.96574e-17	0.273199	-0.0100786	0.712405	0.0259374	14.5845	636.063	49.8761	-0.223348	-2.48327e-17	-0.231598	-0.060543	-2.64042	-0.207045
2.94738	-0.958333	71.6432	3.17659	-0.357549	-3.96448e-17	0.273862	-0.00994647	0.74358	0.0329696	14.7281	637.996	50.2175	-0.223634	-2.48596e-17	-0.231941	-0.0526649	-2.28135	-0.179568
2.95737	-0.922184	72.5281	3.85198	-0.35753	-3.96313e-17	0.274592	-0.00977766	0.768995	0.0408414	14.7608	639.685	50.6484	-0.223866	-2.48804e-17	-0.232312	-0.0441784	-1.91455	-0.151589
2.96736	-0.864353	73.579	4.57475	-0.357425	-3.9608e-17	0.275403	-0.00928603	0.790483	0.049148	14.6706	641.141	51.1428	-0.224048	-2.48956e-17	-0.232709	-0.0351448	-1.53592	-0.122518
2.97735	-0.753816	74.8258	5.30507	-0.357051	-3.95553e-17	0.276253	-0.00817729	0.811699	0.0575486	14.457	642.381	51.6775	-0.224186	-2.49057e-17	-0.233123	-0.0259426	-1.15273	-0.0927333
2.98734	-0.545727	76.2817	6.00809	-0.356282	-3.94597e-17	0.27717	-0.00596363	0.833597	0.0656556	14.1408	643.41	52.23	-0.224283	-2.49114e-17	-0.233543	-0.0172468	-0.784729	-0.0637018
2.99734	-0.209954	77.9495	6.64051	-0.355227	-3.93346e-17	0.278095	-0.00229717	0.85287	0.072656	13.7315	644.225	52.7669	-0.224352	-2.49144e-17	-0.233958	-0.00947966	-0.444747	-0.0364281
3.00733	0.259761	79.85	7.18334	-0.354096	-3.92052e-17	0.279055	0.00279076	0.857873	0.0771746	13.226	644.821	53.2703	-0.224412	-2.49166e-17	-0.234357	-0.00266659	-0.130008	-0.0107403
3.01732	0.889385	82.0086	7.5996	-0.352844	-3.90683e-17	0.280076	0.00909819	0.838927	0.077742	12.6374	645.218	53.717	-0.224467	-2.49185e-17	-0.234729	0.00314307	0.160474	0.0133601
3.02731	1.70756	84.4377	7.84947	-0.351302	-3.89065e-17	0.281206	0.015844	0.783474	0.0728332	11.9645	645.444	54.083	-0.22452	-2.49204e-17	-0.235068	0.00805373	0.434471	0.0364052
3.0373	2.74458	87.1079	7.89717	-0.349504	-3.87244e-17	0.282471	0.0213642	0.678059	0.0614726	11.184	645.542	54.34	-0.224574	-2.49226e-17	-0.235377	0.0121259	0.699905	0.0589162
3.04729	4.04022	89.9554	7.72777	-0.347491	-3.8525e-17	0.28393	0.0229697	0.51142	0.0439343	10.2973	645.576	54.4689	-0.224639	-2.49262e-17	-0.235646	0.0150978	0.946533	0.0798614
3.05728	5.61954	92.8748	7.33092	-0.345368	-3.8317e-17	0.285594	0.0170916	0.282474	0.0222967	9.32077	645.588	54.4719	-0.224705	-2.49304e-17	-0.235869	0.0168701	1.16848	0.098591
3.06727	7.48197	95.7518	6.72929	-0.343148	-3.80986e-17	0.287502	-0.00146997	-0.0188122	-0.0013221	8.25454	645.59	54.3611	-0.224749	-2.49323e-17	-0.236041	0.0174723	1.36651	0.115065
3.07726	9.58983	98.4893	5.95273	-0.340895	-3.78733e-17	0.289587	-0.0376336	-0.386504	-0.0233604	7.11987	645.588	54.1445	-0.224735	-2.49284e-17	-0.236154	0.0169817	1.5398	0.129141
3.08726	11.8771	101.013	5.02506	-0.338729	-3.76506e-17	0.291714	-0.0948375	-0.806581	-0.0401247	5.93826	645.579	53.8277	-0.224654	-2.49175e-17	-0.236203	0.0154938	1.68441	0.140445
3.09725	14.2445	103.285	3.97898	-0.336811	-3.74457e-17	0.293753	-0.173953	-1.26131	-0.048591	4.71443	645.533	53.4229	-0.224496	-2.48982e-17	-0.236182	0.0132508	1.81439	0.150155
3.10724	16.5785	105.279	2.84394	-0.335225	-3.72667e-17	0.295545	-0.272149	-1.72824	-0.0466855	3.45619	645.385	52.9376	-0.224238	-2.48681e-17	-0.236091	0.0103791	1.93812	0.158974
3.11723	18.7715	106.989	1.65422	-0.333935	-3.71092e-17	0.296982	-0.382117	-2.17789	-0.0336737	2.1796	645.04	52.3722	-0.223869	-2.48257e-17	-0.235931	0.00694739	2.05604	0.166934
3.12722	20.7333	108.428	0.438084	-0.332862	-3.69659e-17	0.298018	-0.495497	-2.59128	-0.0104696	0.874125	644.359	51.7277	-0.223391	-2.47713e-17	-0.235707	0.00294853	2.1735	0.174484
3.13721	22.4001	109.618	-0.772995	-0.331965	-3.68344e-17	0.298618	-0.603453	-2.95307	0.0208243	-0.467223	643.181	50.989	-0.22282	-2.47066e-17	-0.235428	-0.00166957	2.29834	0.182204
3.1472	23.7531	110.585	-1.95331	-0.331262	-3.67197e-17	0.298807	-0.700441	-3.26096	0.0575999	-1.82955	641.346	50.1482	-0.222162	-2.4632e-17	-0.235095	-0.00693537	2.43119	0.1901
3.15719	24.7874	111.366	-3.07431	-0.330617	-3.66092e-17	0.29863	-0.782273	-3.51463	0.0970229	-3.1885	638.749	49.2	-0.221428	-2.45489e-17	-0.234714	-0.0129001	2.58427	0.199055
3.16718	25.508	111.986	-4.10381	-0.329878	-3.64889e-17	0.298121	-0.845246	-3.71084	0.135986	-4.53442	635.351	48.1295	-0.220635	-2.44587e-17	-0.234289	-0.0197862	2.77239	0.210015
3.17718	25.9454	112.445	-5.00678	-0.329003	-3.63573e-17	0.297349	-0.88897	-3.85271	0.171548	-5.84175	631.174	46.9251	-0.219799	-2.43634e-17	-0.233816	-0.0277322	2.99634	0.222765
3.18717	26.1178	112.718	-5.74955	-0.328071	-3.62252e-17	0.296362	-0.913344	-3.94176	0.201062	-7.06894	626.282	45.5828	-0.21893	-2.42642e-17	-0.23329	-0.036677	3.24945	0.236505
3.19716	26.0277	112.798	-6.31557	-0.327056	-3.60912e-17	0.295192	-0.918126	-3.97894	0.222781	-8.21923	620.749	44.0915	-0.218059	-2.41646e-17	-0.23271	-0.0466681	3.52456	0.250348
3.20715	25.683	112.696	-6.71644	-0.325874	-3.59463e-17	0.293858	-0.904144	-3.96734	0.236446	-9.30625	614.645	42.4706	-0.217189	-2.40652e-17	-0.232082	-0.0577618	3.81496	0.263605
3.21714	25.1213	112.445	-6.96974	-0.324453	-3.57816e-17	0.292394	-0.875742	-3.91989	0.242969	-10.3285	608.022	40.7614	-0.216292	-2.3963e-17	-0.231405	-0.0696514	4.10028	0.27488
3.22713	24.356	112.082	-7.10114	-0.322816	-3.55985e-17	0.290796	-0.83528	-3.84381	0.243531	-11.3057	600.94	39.0048	-0.215334	-2.38545e-17	-0.230682	-0.0822874	4.37386	0.283892
3.23712	23.3952	111.59	-7.15471	-0.320997	-3.5398e-17	0.289078	-0.788096	-3.75904	0.241015	-12.2925	593.478	37.2475	-0.214295	-2.37371e-17	-0.229916	-0.0960486	4.63721	0.291038
3.24711	22.2746	110.885	-7.16409	-0.318973	-3.51754e-17	0.287304	-0.738168	-3.67466	0.237414	-13.3246	585.786	35.5345	-0.213144	-2.36076e-17	-0.229109	-0.111012	4.88038	0.296049
3.2571	21.0425	109.762	-7.14988	-0.316732	-3.4928e-17	0.285531	-0.687371	-3.58548	0.233557	-14.4378	578.133	33.8935	-0.211824	-2.34598e-17	-0.228258	-0.127254	5.09562	0.298735
3.2671	19.725	107.873	-7.07757	-0.314295	-3.46582e-17	0.283876	-0.637911	-3.48864	0.22889	-15.6918	570.868	32.3409	-0.210292	-2.32889e-17	-0.227373	-0.145318	5.28667	0.299501
3.27709	18.3436	104.833	-6.89292	-0.311665	-3.43673e-17	0.282438	-0.58923	-3.36743	0.221413	-17.1194	564.45	30.8996	-0.208521	-2.30918e-17	-0.226445	-0.165254	5.44867	0.298275
3.28708	16.9273	100.316	-6.54907	-0.308948	-3.40672e-17	0.281381	-0.543796	-3.22268	0.210392	-18.7469	559.421	29.6198	-0.206511	-2.28688e-17	-0.225463	-0.186385	5.56186	0.294486
3.29707	15.4805	94.1242	-6.01886	-0.306145	-3.37593e-17	0.28081	-0.500887	-3.04549	0.194747	-20.5881	556.375	28.5248	-0.20426	-2.26198e-17	-0.224421	-0.208359	5.63071	0.288681
3.30706	13.9907	86.1813	-5.32265	-0.30312	-3.34288e-17	0.280709	-0.457755	-2.81973	0.174149	-22.6488	555.854	27.6247	-0.201781	-2.2346e-17	-0.223321	-0.230856	5.66574	0.281574
3.31705	12.4375	76.5816	-4.49998	-0.299855	-3.30743e-17	0.281019	-0.412393	-2.53923	0.149206	-24.8889	558.3	26.9337	-0.199089	-2.20489e-17	-0.222162	-0.252904	5.67307	0.273682
3.32704	10.7842	65.6066	-3.5909	-0.296516	-3.2715e-17	0.281679	-0.363449	-2.21107	0.12102	-27.2497	563.991	26.4922	-0.196232	-2.17339e-17	-0.220954	-0.273107	5.65254	0.265515
3.33703	9.01794	53.7058	-2.65864	-0.293336	-3.2378e-17	0.282594	-0.309859	-1.84534	0.0913514	-29.6702	572.928	26.345	-0.193281	-2.14085e-17	-0.219722	-0.290763	5.6146	0.258177
3.34702	7.16234	41.4604	-1.79459	-0.290445	-3.20771e-17	0.283584	-0.251546	-1.45612	0.0630273	-32.0575	584.788	26.5173	-0.190312	-2.10809e-17	-0.218501	-0.305564	5.57405	0.252756
3.35702	5.27135	29.5625	-1.09068	-0.287907	-3.18167e-17	0.28455	-0.189612	-1.06337	0.039232	-34.3154	598.995	27.0517	-0.187383	-2.07574e-17	-0.217329	-0.317117	5.53546	0.249992
3.36701	3.4383	18.7698	-0.587457	-0.285723	-3.15941e-17	0.285513	-0.126213	-0.689003	0.0215643	-36.3479	614.772	27.9813	-0.184567	-2.04458e-17	-0.216258	-0.325808	5.51057	0.250813
3.377	1.85005	9.86475	-0.259328	-0.283827	-3.14021e-17	0.286438	-0.069124	-0.36858	0.00968937	-38.0792	631.207	29.3186	-0.18195	-2.01556e-17	-0.215327	-0.331762	5.49933	0.255435
3.38699	0.659221	3.44247	-0.0748515	-0.282136	-3.12318e-17	0.287325	-0.0250199	-0.130655	0.00284089	-39.4326	647.364	31.0552	-0.179581	-1.98922e-17	-0.214558	-0.334959	5.49901	0.263797
3.39698	0	0	0	0	-1.96603e-17	0	0	0	0	-40.3786	662.406	33.1514	-0.1775	-1.96603e-17	-0.213977	-0.335525	5.50424	0.275471
3.40697	0	0	0	0	-1.94597e-17	0	0	0	0	-40.9032	675.678	35.5401	-0.175707	-1.94597e-17	-0.213594	-0.333863	5.51506	0.290088
3.41696	0	0	0	0	-1.92904e-17	0	0	0	0	-41.0069	686.69	38.1809	-0.1742	-1.92904e-17	-0.213403	-0.329979	5.52574	0.307239
3.42695	0	0	0	0	-1.91551e-17	0	0	0	0	-40.7197	695.171	41.0183	-0.173001	-1.91551e-17	-0.213381	-0.322736	5.50978	0.325103
3.43694	0	0	0	0	-1.90513e-17	0	0	0	0	-40.0687	701.072	43.9999	-0.172088	-1.90513e-17	-0.213506	-0.312606	5.46959	0.343276
3.44694	0	0	0	0	-1.8973e-17	0	0	0	0	-39.118	704.57	47.0575	-0.171407	-1.8973e-17	-0.213753	-0.300779	5.41745	0.361826
3.45693	0	0	0	0	-1.89134e-17	0	0	0	0	-37.9506	706.008	50.1424	-0.170896	-1.89134e-17	-0.214087	-0.288114	5.35988	0.380671
3.46692	0	0	0	0	-1.88682e-17	0	0	0	0	-36.682	705.813	53.2278	-0.170514	-1.88682e-17	-0.214477	-0.274415	5.28013	0.398193
3.47691	0	0	0	0	-1.88324e-17	0	0	0	0	-35.4229	704.478	56.3052	-0.170215	-1.88324e-17	-0.2149	-0.260638	5.18346	0.414287
3.4869	0	0	0	0	-1.88019e-17	0	0	0	0	-34.2885	702.497	59.3564	-0.169963	-1.88019e-17	-0.215342	-0.247936	5.07968	0.4292
3.49689	0	0	0	0	-1.87722e-17	0	0	0	0	-33.3612	700.305	62.3553	-0.169715	-1.87722e-17	-0.215782	-0.23601	4.95422	0.441125
3.50688	0	0	0	0	-1.87389e-17	0	0	0	0	-32.6608	698.3	65.2951	-0.169428	-1.87389e-17	-0.216195	-0.224522	4.80038	0.448863
3.51687	0	0	0	0	-1.87009e-17	0	0	0	0	-32.2017	696.858	68.1935	-0.169092	-1.87009e-17	-0.216577	-0.213584	4.62204	0.452306
3.52687	0	0	0	0	-1.866e-17	0	0	0	0	-31.9619	696.232	71.0547	-0.168723	-1.866e-17	-0.216929	-0.203249	4.42741	0.451844
3.53686	0	0	0	0	-1.86181e-17	0	0	0	0	-31.8968	696.498	73.8763	-0.168337	-1.86181e-17	-0.217247	-0.192525	4.20397	0.445907
3.54685	0	0	0	0	-1.85751e-17	0	0	0	0	-31.9514	697.619	76.6756	-0.167934	-1.85751e-17	-0.217544	-0.181665	3.96642	0.435951
3.55684	0	0	0	0	-1.85333e-17	0	0	0	0	-32.0698	699.457	79.4628	-0.16754	-1.85333e-17	-0.217838	-0.171484	3.74015	0.424906
3.56683	0	0	0	0	-1.84969e-17	0	0	0	0	-32.1403	701.764	82.2602	-0.167194	-1.84969e-17	-0.21813	-0.161569	3.52777	0.413522
3.57682	0	0	0	0	-1.84706e-17	0	0	0	0	-32.0355	704.24	85.0794	-0.166941	-1.84706e-17	-0.218423	-0.151673	3.33425	0.402812
3.58681	0	0	0	0	-1.84574e-17	0	0	0	0	-31.663	706.558	87.9218	-0.166812	-1.84574e-17	-0.218733	-0.143139	3.19415	0.397469
3.5968	0	0	0	0	-1.84609e-17	0	0	0	0	-30.9355	708.352	90.7707	-0.166845	-1.84609e-17	-0.219072	-0.136111	3.11662	0.399375
3.60679	0	0	0	0	-1.84861e-17	0	0	0	0	-29.7558	709.202	93.5753	-0.167085	-1.84861e-17	-0.219431	-0.130018	3.09887	0.408879
3.61679	0	0	0	0	-1.85388e-17	0	0	0	0	-28.0631	708.624	96.2701	-0.167587	-1.85388e-17	-0.219801	-0.12478	3.15084	0.428057
3.62678	0.383213	5.03171	-0.139561	-0.165289	-1.82798e-17	0.229396	-0.00883589	-0.116018	0.00321792	-25.8384	706.074	98.771	-0.168394	-1.86233e-17	-0.220185	-0.120113	3.28227	0.459149
3.63677	1.04074	15.3685	-0.633847	-0.168893	-1.86434e-17	0.223481	-0.0244252	-0.360686	0.0148759	-23.0525	700.945	100.948	-0.169537	-1.87428e-17	-0.220577	-0.11482	3.49128	0.502805
3.64676	1.85985	31.2336	-1.69663	-0.172613	-1.902e-17	0.217289	-0.0443697	-0.74513	0.0404759	-19.7035	692.547	102.621	-0.171036	-1.88992e-17	-0.220962	-0.107425	3.77581	0.559497
3.65675	2.71746	52.6972	-3.53537	-0.176424	-1.94066e-17	0.210831	-0.0658269	-1.27652	0.0856398	-15.8426	680.176	103.613	-0.172908	-1.90938e-17	-0.221351	-0.0963716	4.13757	0.630288
3.66674	3.47194	79.5181	-6.3406	-0.180212	-1.979e-17	0.204274	-0.0853265	-1.95424	0.155827	-11.5201	663.174	103.75	-0.175161	-1.93279e-17	-0.221759	-0.0788367	4.53836	0.710002
3.67673	4.04073	111.344	-10.2832	-0.183761	-2.01437e-17	0.197986	-0.101627	-2.80037	0.258631	-6.85396	640.962	102.845	-0.177798	-1.96025e-17	-0.222222	-0.0527184	4.93007	0.791048
3.68672	4.33198	147.728	-15.4248	-0.186623	-2.04233e-17	0.19211	-0.110653	-3.77343	0.393997	-2.03367	613.136	100.711	-0.180798	-1.99146e-17	-0.222806	-0.0176203	5.31238	0.872592
3.69671	4.245	188.15	-21.7094	-0.188561	-2.06054e-17	0.186692	-0.109063	-4.83399	0.557763	2.67662	579.595	97.2706	-0.184095	-2.02566e-17	-0.223612	0.0261499	5.6625	0.95031
3.70671	3.64866	232.087	-28.9256	-0.189649	-2.06984e-17	0.181874	-0.0941199	-5.98685	0.746156	7.01666	540.542	92.5375	-0.187619	-2.06218e-17	-0.224764	0.0768209	5.91805	1.01313
3.7167	2.50669	279.087	-36.808	-0.189977	-2.07126e-17	0.17775	-0.0648891	-7.22456	0.952828	10.6996	496.463	86.6039	-0.191266	-2.10001e-17	-0.226405	0.129659	6.01618	1.04947
3.72669	0.841651	328.649	-45.0864	-0.189492	-2.06449e-17	0.174301	-0.0217153	-8.47943	1.16327	13.4455	448.174	79.5525	-0.194888	-2.13755e-17	-0.228712	0.178364	5.94533	1.05532
3.73668	-1.33741	380.098	-53.4769	-0.18817	-2.04922e-17	0.171481	0.0341529	-9.70643	1.36562	15.0389	396.767	71.5249	-0.198282	-2.17259e-17	-0.2319	0.216313	5.70694	1.02879
3.74667	-4.03173	432.468	-61.6669	-0.186183	-2.02719e-17	0.169228	0.101501	-10.8877	1.55251	15.3757	343.513	62.7456	-0.201199	-2.20262e-17	-0.236179	0.236118	5.27516	0.963553
3.75666	-7.1276	484.502	-69.3221	-0.183791	-2.00122e-17	0.167499	0.176235	-11.9796	1.71403	14.5202	289.799	53.5164	-0.203484	-2.22614e-17	-0.241717	0.233628	4.66283	0.861072
3.76665	-10.4378	534.81	-76.1648	-0.181199	-1.97351e-17	0.166234	0.252215	-12.923	1.84042	12.6655	237.108	44.1544	-0.205094	-2.24285e-17	-0.248677	0.20919	3.9162	0.729278
3.77664	-13.8197	582.037	-82.0205	-0.178597	-1.94601e-17	0.165373	0.325204	-13.6965	1.9301	10.1735	186.965	34.9984	-0.20586	-2.25092e-17	-0.257138	0.169322	3.11175	0.582495
3.78663	-17.1195	624.97	-86.7804	-0.176105	-1.91989e-17	0.164882	0.391697	-14.2994	1.98554	7.46124	140.872	26.4023	-0.20551	-2.2475e-17	-0.267048	0.122337	2.30978	0.432902
3.79663	-20.2016	662.631	-90.4023	-0.173791	-1.89584e-17	0.164704	0.448609	-14.7148	2.00753	4.94301	100.174	18.731	-0.2041	-2.23321e-17	-0.278183	0.0780153	1.58103	0.295631
3.80662	-22.9312	694.311	-92.8816	-0.171769	-1.87508e-17	0.1648	0.493157	-14.9318	1.99751	2.90588	65.9365	12.2747	-0.202057	-2.21248e-17	-0.290095	0.0433148	0.982844	0.182966
3.81661	-25.2497	719.569	-94.2757	-0.170172	-1.85905e-17	0.165109	0.524913	-14.959	1.95989	1.50103	38.8117	7.19236	-0.199712	-2.18843e-17	-0.301981	0.0210239	0.54361	0.100739
3.8266	-27.1031	738.272	-94.6745	-0.169006	-1.84778e-17	0.165571	0.543784	-14.8123	1.8995	0.62706	18.9618	3.49724	-0.197237	-2.163e-17	-0.31349	0.00819548	0.247825	0.0457079
3.83659	-28.4821	750.643	-94.1463	-0.168221	-1.84072e-17	0.16614	0.550497	-14.5083	1.81965	0.16759	6.16236	1.13089	-0.194726	-2.13727e-17	-0.324556	0.00202548	0.0744779	0.0136679
3.84658	-29.4574	757.273	-92.7849	-0.167811	-1.8378e-17	0.166758	0.547221	-14.0676	1.72364	0	0	0	0	-1.8378e-17	0	0	0	0
3.85657	-30.0369	759.04	-90.7015	-0.167787	-1.83919e-17	0.167376	0.534733	-13.5128	1.61472	0	0	0	0	-1.83919e-17	0	0	0	0
3.86656	-30.3853	757.039	-88.0196	-0.168144	-1.84486e-17	0.167928	0.515727	-12.8492	1.49395	0	0	0	0	-1.84486e-17	0	0	0	0
3.87655	-30.5784	752.539	-84.8974	-0.168791	-1.8538e-17	0.168404	0.492009	-12.1084	1.36601	0	0	0	0	-1.8538e-17	0	0	0	0
3.88655	-30.7634	746.81	-81.5829	-0.16965	-1.86513e-17	0.168783	0.465981	-11.3121	1.23575	0	0	0	0	-1.86513e-17	0	0	0	0
3.89654	-31.0309	740.965	-78.2926	-0.1707	-1.87852e-17	0.169086	0.440007	-10.5066	1.11016	0	0	0	0	-1.87852e-17	0	0	0	0
3.90653	-31.4562	735.866	-75.2471	-0.171947	-1.89403e-17	0.169328	0.4149	-9.7059	0.992493	0	0	0	0	-1.89403e-17	0	0	0	0
3.91652	-31.9963	732.122	-72.6405	-0.173354	-1.91117e-17	0.169585	0.390513	-8.93549	0.88657	0	0	0	0	-1.91117e-17	0	0	0	0
3.92651	-32.5997	730.048	-70.6298	-0.174878	-1.92941e-17	0.16995	0.368031	-8.2418	0.797367	0	0	0	0	-1.92941e-17	0	0	0	0
3.9365	-33.229	729.646	-69.3252	-0.17651	-1.94863e-17	0.170477	0.347249	-7.62493	0.724461	0	0	0	0	-1.94863e-17	0	0	0	0
3.94649	-33.7335	730.654	-68.7526	-0.178254	-1.96887e-17	0.171239	0.327381	-7.09094	0.667238	0	0	0	0	-1.96887e-17	0	0	0	0
3.95648	-34.0368	732.661	-68.8348	-0.180131	-1.99039e-17	0.172298	0.309092	-6.65339	0.625098	0	0	0	0	-1.99039e-17	0	0	0	0
3.96647	-34.0894	735.193	-69.4184	-0.182148	-2.01325e-17	0.173681	0.292795	-6.31461	0.596237	0	0	0	0	-2.01325e-17	0	0	0	0
3.97647	-33.8843	737.733	-70.3233	-0.184281	-2.03729e-17	0.175352	0.276568	-6.02147	0.573988	0	0	0	0	-2.03729e-17	0	0	0	0
3.98646	-33.3661	739.796	-71.3411	-0.186509	-2.06236e-17	0.177274	0.258825	-5.73868	0.553401	0	0	0	0	-2.06236e-17	0	0	0	0
3.99645	-32.6466	740.952	-72.2287	-0.188846	-2.08867e-17	0.179365	0.239571	-5.43734	0.530037	0	0	0	0	-2.08867e-17	0	0	0	0
4.00644	-31.7708	740.848	-72.7293	-0.191256	-2.11587e-17	0.181561	0.218758	-5.10112	0.500779	0	0	0	0	-2.11587e-17	0	0	0	0
4.01643	-30.7928	739.208	-72.6779	-0.193708	-2.14367e-17	0.183762	0.195111	-4.68381	0.460506	0	0	0	0	-2.14367e-17	0	0	0	0
4.02642	-29.7809	735.822	-71.9652	-0.196187	-2.17193e-17	0.185885	0.169333	-4.18384	0.409191	0	0	0	0	-2.17193e-17	0	0	0	0
4.03641	-28.7846	730.525	-70.515	-0.198674	-2.20045e-17	0.187844	0.141566	-3.59281	0.346801	0	0	0	0	-2.20045e-17	0	0	0	0
4.0464	-27.7912	723.271	-68.2687	-0.201158	-2.22913e-17	0.189562	0.110621	-2.87895	0.27174	0	0	0	0	-2.22913e-17	0	0	0	0
4.05639	-26.7884	714.224	-65.1956	-0.203636	-2.25788e-17	0.191026	0.0776863	-2.07125	0.189067	0	0	0	0	-2.25788e-17	0	0	0	0
4.06639	-25.8547	703.707	-61.3725	-0.206074	-2.28625e-17	0.192193	0.0433383	-1.17957	0.102874	0	0	0	0	-2.28625e-17	0	0	0	0
4.07638	-24.9538	692.19	-56.9565	-0.208373	-2.31312e-17	0.193061	0.00769082	-0.213334	0.0175541	0	0	0	0	-2.31312e-17	0	0	0	0
4.08637	-24.116	680.283	-52.1337	-0.210472	-2.33772e-17	0.193647	-0.0284675	0.803034	-0.0615408	0	0	0	0	-2.33772e-17	0	0	0	0
4.09636	-23.4084	668.68	-47.0995	-0.21235	-2.35967e-17	0.193993	-0.0630234	1.80031	-0.126808	0	0	0	0	-2.35967e-17	0	0	0	0
4.10635	-22.8939	658.097	-42.066	-0.213964	-2.37845e-17	0.19412	-0.0957963	2.75371	-0.176019	0	0	0	0	-2.37845e-17	0	0	0	0
4.11634	-22.5748	649.199	-37.2698	-0.215242	-2.39326e-17	0.194062	-0.127292	3.66061	-0.210152	0	0	0	0	-2.39326e-17	0	0	0	0
4.12633	-22.5666	642.471	-32.9157	-0.216136	-2.40357e-17	0.193843	-0.157735	4.49071	-0.230073	0	0	0	0	-2.40357e-17	0	0	0	0
4.13632	-22.9249	638.115	-29.1325	-0.216608	-2.40897e-17	0.193503	-0.187069	5.20706	-0.237723	0	0	0	0	-2.40897e-17	0	0	0	0
4.14631	-23.5763	636.059	-25.977	-0.216716	-2.41018e-17	0.193062	-0.216146	5.83134	-0.238155	0	0	0	0	-2.41018e-17	0	0	0	0
4.15631	-24.4456	636.092	-23.4227	-0.216587	-2.40868e-17	0.19255	-0.244431	6.36026	-0.234203	0	0	0	0	-2.40868e-17	0	0	0	0
4.1663	-25.4653	637.917	-21.405	-0.216303	-2.4054e-17	0.191996	-0.270569	6.77786	-0.227428	0	0	0	0	-2.4054e-17	0	0	0	0
4.17629	-26.5352	641.184	-19.8449	-0.215899	-2.40077e-17	0.191402	-0.294725	7.12157	-0.220416	0	0	0	0	-2.40077e-17	0	0	0	0
4.18628	-27.5188	645.516	-18.6423	-0.215413	-2.39525e-17	0.190783	-0.315706	7.40561	-0.213872	0	0	0	0	-2.39525e-17	0	0	0	0
4.19627	-28.4129	650.545	-17.687	-0.214959	-2.39006e-17	0.190115	-0.333289	7.63102	-0.207472	0	0	0	0	-2.39006e-17	0	0	0	0
4.20626	-29.1688	655.984	-16.8615	-0.214613	-2.38608e-17	0.189384	-0.346956	7.80276	-0.200563	0	0	0	0	-2.38608e-17	0	0	0	0
4.21625	-29.7519	661.659	-16.056	-0.214383	-2.38337e-17	0.188583	-0.357287	7.94578	-0.192814	0	0	0	0	-2.38337e-17	0	0	0	0
4.22624	-30.1865	667.51	-15.1798	-0.214228	-2.38146e-17	0.187722	-0.364162	8.05266	-0.183125	0	0	0	0	-2.38146e-17	0	0	0	0
4.23623	-30.5026	673.523	-14.1643	-0.21412	-2.38002e-17	0.186825	-0.367333	8.111	-0.170575	0	0	0	0	-2.38002e-17	0	0	0	0
4.24623	-30.6741	679.695	-12.986	-0.214059	-2.37908e-17	0.185911	-0.367783	8.14956	-0.155703	0	0	0	0	-2.37908e-17	0	0	0	0
4.25622	-30.7112	686.037	-11.6349	-0.214027	-2.37842e-17	0.185013	-0.366029	8.17648	-0.13867	0	0	0	0	-2.37842e-17	0	0	0	0
4.26621	-30.6611	692.533	-10.1508	-0.213966	-2.37742e-17	0.184176	-0.362347	8.18422	-0.11996	0	0	0	0	-2.37742e-17	0	0	0	0
4.2762	-30.5201	699.022	-8.67533	-0.213826	-2.37557e-17	0.183433	-0.357861	8.1963	-0.101722	0	0	0	0	-2.37557e-17	0	0	0	0
4.28619	-30.3109	705.035	-7.38824	-0.213602	-2.37282e-17	0.182789	-0.352951	8.20967	-0.0860313	0	0	0	0	-2.37282e-17	0	0	0	0
4.29618	-30.0426	709.963	-6.42989	-0.213346	-2.36978e-17	0.182251	-0.345673	8.16893	-0.0739831	0	0	0	0	-2.36978e-17	0	0	0	0
4.30617	-29.6685	713.273	-5.85354	-0.213133	-2.36729e-17	0.181819	-0.3354	8.0635	-0.0661738	0	0	0	0	-2.36729e-17	0	0	0	0
4.31616	-29.065	714.601	-5.61272	-0.21299	-2.36563e-17	0.181516	-0.321242	7.89817	-0.0620349	0	0	0	0	-2.36563e-17	0	0	0	0
4.32615	-28.2111	713.778	-5.63032	-0.212925	-2.36488e-17	0.181323	-0.302695	7.65858	-0.0604113	0	0	0	0	-2.36488e-17	0	0	0	0
4.33615	-27.077	710.871	-5.82084	-0.212954	-2.3652e-17	0.181206	-0.279304	7.33277	-0.060043	0	0	0	0	-2.3652e-17	0	0	0	0
4.34614	-25.6275	706.217	-6.07229	-0.213069	-2.36648e-17	0.181139	-0.251713	6.93646	-0.0596421	0	0	0	0	-2.36648e-17	0	0	0	0
4.35613	-23.9227	700.39	-6.30024	-0.213219	-2.36813e-17	0.181087	-0.221161	6.47496	-0.0582443	0	0	0	0	-2.36813e-17	0	0	0	0
4.36612	-22.0655	694.105	-6.5036	-0.213324	-2.36926e-17	0.181023	-0.188234	5.92117	-0.05548	0	0	0	0	-2.36926e-17	0	0	0	0
4.37611	-20.1684	688.155	-6.74028	-0.213305	-2.369e-17	0.180908	-0.15501	5.28903	-0.0518045	0	0	0	0	-2.369e-17	0	0	0	0
4.3861	-18.3281	683.356	-7.05986	-0.213073	-2.36635e-17	0.180728	-0.123061	4.58826	-0.047402	0	0	0	0	-2.36635e-17	0	0	0	0
4.39609	-16.6976	680.463	-7.46386	-0.212572	-2.36071e-17	0.180488	-0.0936447	3.81623	-0.0418594	0	0	0	0	-2.36071e-17	0	0	0	0
4.40608	-15.3501	680.112	-7.95562	-0.211763	-2.35161e-17	0.180222	-0.0671801	2.97652	-0.0348179	0	0	0	0	-2.35161e-17	0	0	0	0
4.41607	-14.3682	682.769	-8.55163	-0.210603	-2.33859e-17	0.179947	-0.0442111	2.1009	-0.0263135	0	0	0	0	-2.33859e-17	0	0	0	0
4.42607	-13.8152	688.648	-9.28441	-0.209091	-2.32163e-17	0.179709	-0.0240806	1.20035	-0.0161832	0	0	0	0	-2.32163e-17	0	0	0	0
4.43606	-13.6944	697.643	-10.1856	-0.207276	-2.30129e-17	0.179562	-0.00563709	0.287174	-0.00419273	0	0	0	0	-2.30129e-17	0	0	0	0
4.44605	-13.9291	709.251	-11.2945	-0.205237	-2.27842e-17	0.179555	0.0126849	-0.6459	0.0102857	0	0	0	0	-2.27842e-17	0	0	0	0
4.45604	-14.421	722.668	-12.6371	-0.203115	-2.2546e-17	0.17972	0.0319383	-1.6005	0.0279875	0	0	0	0	-2.2546e-17	0	0	0	0
4.46603	-15.0302	736.989	-14.2271	-0.201045	-2.2313e-17	0.180082	0.0526293	-2.58062	0.0498171	0	0	0	0	-2.2313e-17	0	0	0	0
4.47602	-15.5424	751.302	-16.0316	-0.199113	-2.20947e-17	0.180668	0.0741683	-3.58522	0.076503	0	0	0	0	-2.20947e-17	0	0	0	0
4.48601	-15.8056	764.756	-17.9672	-0.197383	-2.18982e-17	0.181475	0.095202	-4.60637	0.108222	0	0	0	0	-2.18982e-17	0	0	0	0
4.496	-15.6825	776.607	-19.9167	-0.195946	-2.17337e-17	0.182495	0.114023	-5.64649	0.144808	0	0	0	0	-2.17337e-17	0	0	0	0
4.50599	-15.0661	786.176	-21.7887	-0.19488	-2.16098e-17	0.183694	0.128092	-6.68407	0.185248	0	0	0	0	-2.16098e-17	0	0	0	0
4.51599	-13.8576	792.878	-23.5139	-0.194222	-2.15309e-17	0.185043	0.134868	-7.71663	0.228847	0	0	0	0	-2.15309e-17	0	0	0	0
4.52598	-12.0164	796.257	-25.019	-0.193978	-2.14976e-17	0.186517	0.131816	-8.73465	0.274449	0	0	0	0	-2.14976e-17	0	0	0	0
4.53597	-9.49704	796.003	-26.2652	-0.194143	-2.15094e-17	0.188098	0.116099	-9.73091	0.321085	0	0	0	0	-2.15094e-17	0	0	0	0
4.54596	-6.29677	792.017	-27.1975	-0.194697	-2.15642e-17	0.189776	0.0850531	-10.6981	0.367368	0	0	0	0	-2.15642e-17	0	0	0	0
4.55595	-2.48721	784.45	-27.7909	-0.1956	-2.16577e-17	0.191528	0.0368687	-11.6281	0.411952	0	0	0	0	-2.16577e-17	0	0	0	0
4.56594	1.8234	773.774	-28.0382	-0.196778	-2.17817e-17	0.193346	-0.0295186	-12.5264	0.453904	0	0	0	0	-2.17817e-17	0	0	0	0
4.57593	6.51043	760.696	-27.942	-0.198155	-2.19279e-17	0.19522	-0.114593	-13.3894	0.491821	0	0	0	0	-2.19279e-17	0	0	0	0
4.58592	11.4078	746.044	-27.5102	-0.199652	-2.20878e-17	0.197124	-0.217253	-14.2079	0.523911	0	0	0	0	-2.20878e-17	0	0	0	0
4.59591	16.3388	730.607	-26.7518	-0.2012	-2.22543e-17	0.199027	-0.335131	-14.9858	0.548717	0	0	0	0	-2.22543e-17	0	0	0	0
4.60591	21.1501	715.044	-25.6876	-0.202768	-2.2424e-17	0.200909	-0.465197	-15.7274	0.565	0	0	0	0	-2.2424e-17	0	0	0	0
4.6159	25.6517	699.805	-24.3734	-0.204336	-2.25952e-17	0.202734	-0.601937	-16.4215	0.571941	0	0	0	0	-2.25952e-17	0	0	0	0
4.62589	29.7018	685.119	-22.9135	-0.205893	-2.27663e-17	0.20447	-0.739777	-17.0641	0.570701	0	0	0	0	-2.27663e-17	0	0	0	0
4.63588	33.195	671.093	-21.4671	-0.207447	-2.29378e-17	0.206072	-0.873496	-17.6592	0.564887	0	0	0	0	-2.29378e-17	0	0	0	0
4.64587	36.1065	657.794	-20.155	-0.209026	-2.31124e-17	0.20753	-1.00036	-18.2246	0.558409	0	0	0	0	-2.31124e-17	0	0	0	0
4.65586	38.4611	645.282	-19.0673	-0.210644	-2.32908e-17	0.208827	-1.11833	-18.7628	0.554417	0	0	0	0	-2.32908e-17	0	0	0	0
4.66585	40.3804	633.624	-18.2786	-0.212293	-2.34719e-17	0.209956	-1.22867	-19.2795	0.556169	0	0	0	0	-2.34719e-17	0	0	0	0
4.67584	42.0164	622.931	-17.8089	-0.213996	-2.36574e-17	0.210933	-1.33495	-19.7919	0.565828	0	0	0	0	-2.36574e-17	0	0	0	0
4.68583	43.4762	613.344	-17.6532	-0.215778	-2.38504e-17	0.211754	-1.43893	-20.2999	0.58427	0	0	0	0	-2.38504e-17	0	0	0	0
4.69583	44.8488	605.04	-17.7496	-0.217614	-2.40481e-17	0.212419	-1.54124	-20.7923	0.60997	0	0	0	0	-2.40481e-17	0	0	0	0
4.70582	46.1616	598.21	-18.0164	-0.219449	-2.42449e-17	0.212917	-1.64057	-21.2602	0.640297	0	0	0	0	-2.42449e-17	0	0	0	0
4.71581	47.3794	593.033	-18.3633	-0.221226	-2.44352e-17	0.213236	-1.73344	-21.6969	0.671846	0	0	0	0	-2.44352e-17	0	0	0	0
4.7258	48.451	589.648	-18.6976	-0.222888	-2.46137e-17	0.213361	-1.81433	-22.0804	0.700165	0	0	0	0	-2.46137e-17	0	0	0	0
4.73579	49.3318	588.123	-18.9477	-0.224372	-2.47741e-17	0.213272	-1.87737	-22.3816	0.72107	0	0	0	0	-2.47741e-17	0	0	0	0
4.74578	49.9198	588.476	-19.0605	-0.225625	-2.49113e-17	0.21295	-1.91661	-22.5938	0.731806	0	0	0	0	-2.49113e-17	0	0	0	0
4.75577	50.1104	590.69	-19.0043	-0.226592	-2.50194e-17	0.212393	-1.92673	-22.7119	0.730711	0	0	0	0	-2.50194e-17	0	0	0	0
4.76576	49.85	594.685	-18.8078	-0.227225	-2.5093e-17	0.211584	-1.90303	-22.7021	0.71799	0	0	0	0	-2.5093e-17	0	0	0	0
4.77575	49.1004	600.272	-18.5222	-0.227517	-2.51307e-17	0.210517	-1.84506	-22.5565	0.696014	0	0	0	0	-2.51307e-17	0	0	0	0
4.78575	47.7941	607.196	-18.2238	-0.227463	-2.51311e-17	0.209198	-1.75505	-22.2968	0.669197	0	0	0	0	-2.51311e-17	0	0	0	0
4.79574	45.933	615.176	-18.0021	-0.227067	-2.50937e-17	0.207645	-1.63635	-21.9154	0.64132	0	0	0	0	-2.50937e-17	0	0	0	0
4.80573	43.5852	623.94	-17.9229	-0.226336	-2.50189e-17	0.205893	-1.49515	-21.4037	0.614831	0	0	0	0	-2.50189e-17	0	0	0	0
4.81572	40.7929	633.233	-18.004	-0.225304	-2.49102e-17	0.203975	-1.3384	-20.7761	0.590706	0	0	0	0	-2.49102e-17	0	0	0	0
4.82571	37.6326	642.849	-18.234	-0.224019	-2.47729e-17	0.20193	-1.17386	-20.0521	0.568764	0	0	0	0	-2.47729e-17	0	0	0	0
4.8357	34.2105	652.654	-18.5899	-0.222535	-2.46132e-17	0.199801	-1.00811	-19.2323	0.547802	0	0	0	0	-2.46132e-17	0	0	0	0
4.84569	30.634	662.564	-19.0165	-0.220901	-2.44368e-17	0.197638	-0.847672	-18.3338	0.526206	0	0	0	0	-2.44368e-17	0	0	0	0
4.85568	26.9886	672.5	-19.4314	-0.219168	-2.42496e-17	0.195492	-0.697657	-17.3842	0.502302	0	0	0	0	-2.42496e-17	0	0	0	0
4.86567	23.3927	682.407	-19.7763	-0.217382	-2.40569e-17	0.193417	-0.561846	-16.3901	0.474987	0	0	0	0	-2.40569e-17	0	0	0	0
4.87567	19.9376	692.244	-20.0114	-0.215588	-2.38638e-17	0.191474	-0.442755	-15.3727	0.444392	0	0	0	0	-2.38638e-17	0	0	0	0
4.88566	16.6614	701.932	-20.1291	-0.213843	-2.36762e-17	0.189698	-0.340858	-14.3601	0.411802	0	0	0	0	-2.36762e-17	0	0	0	0
4.89565	13.5939	711.344	-20.1765	-0.212193	-2.3499e-17	0.18809	-0.255037	-13.3456	0.378535	0	0	0	0	-2.3499e-17	0	0	0	0
4.90564	10.7488	720.351	-20.2122	-0.21065	-2.33336e-17	0.186655	-0.183933	-12.3266	0.34587	0	0	0	0	-2.33336e-17	0	0	0	0
4.91563	8.08979	728.806	-20.2643	-0.209221	-2.31803e-17	0.185395	-0.125654	-11.3201	0.314754	0	0	0	0	-2.31803e-17	0	0	0	0
4.92562	5.55612	736.549	-20.3447	-0.207902	-2.30387e-17	0.184298	-0.077985	-10.3381	0.285556	0	0	0	0	-2.30387e-17	0	0	0	0
4.93561	3.09775	743.458	-20.4574	-0.206687	-2.29083e-17	0.183353	-0.0391136	-9.38724	0.258305	0	0	0	0	-2.29083e-17	0	0	0	0
4.9456	0.602578	749.442	-20.6396	-0.205571	-2.27883e-17	0.182545	-0.00681714	-8.47864	0.233501	0	0	0	0	-2.27883e-17	0	0	0	0
4.9556	-2.03804	754.407	-20.9344	-0.204535	-2.26768e-17	0.18186	0.0206118	-7.62975	0.211722	0	0	0	0	-2.26768e-17	0	0	0	0
4.96559	-4.84413	758.195	-21.3861	-0.203589	-2.25746e-17	0.181272	0.0436603	-6.83363	0.192754	0	0	0	0	-2.25746e-17	0	0	0	0
4.97558	-7.76309	760.708	-21.9827	-0.202757	-2.24848e-17	0.180775	0.0621801	-6.09305	0.176075	0	0	0	0	-2.24848e-17	0	0	0	0
4.98557	-10.7389	762.02	-22.6653	-0.202058	-2.24095e-17	0.18038	0.0764285	-5.42328	0.161308	0	0	0	0	-2.24095e-17	0	0	0	0
4.99556	-13.6843	762.359	-23.3819	-0.201485	-2.23478e-17	0.180102	0.0867256	-4.83152	0.148185	0	0	0	0	-2.23478e-17	0	0	0	0
5.00555	-16.5077	762.05	-24.0935	-0.201016	-2.22974e-17	0.179943	0.0934237	-4.31274	0.136355	0	0	0	0	-2.22974e-17	0	0	0	0
5.01554	-19.1629	761.474	-24.7928	-0.200642	-2.22573e-17	0.179894	0.0975393	-3.87591	0.126196	0	0	0	0	-2.22573e-17	0	0	0	0
5.02553	-21.6307	760.99	-25.4846	-0.200355	-2.22268e-17	0.179931	0.0999094	-3.51491	0.11771	0	0	0	0	-2.22268e-17	0	0	0	0
5.03552	-23.9211	760.829	-26.1756	-0.200129	-2.22025e-17	0.180028	0.101569	-3.23048	0.111142	0	0	0	0	-2.22025e-17	0	0	0	0
5.04552	-26.0684	761.066	-26.8504	-0.199924	-2.21806e-17	0.180146	0.103183	-3.01242	0.106278	0	0	0	0	-2.21806e-17	0	0	0	0
5.05551	-28.1206	761.643	-27.4954	-0.199734	-2.216e-17	0.180248	0.105045	-2.84514	0.10271	0	0	0	0	-2.216e-17	0	0	0	0
5.0655	-30.0969	762.444	-28.0709	-0.199557	-2.21408e-17	0.180308	0.106707	-2.70321	0.0995243	0	0	0	0	-2.21408e-17	0	0	0	0
5.07549	-32.0244	763.341	-28.4969	-0.199387	-2.21225e-17	0.180304	0.107646	-2.56588	0.095789	0	0	0	0	-2.21225e-17	0	0	0	0
5.08548	-33.9209	764.248	-28.7132	-0.199226	-2.21053e-17	0.180224	0.107908	-2.4312	0.0913415	0	0	0	0	-2.21053e-17	0	0	0	0
5.09547	-35.7777	765.107	-28.7089	-0.199077	-2.20895e-17	0.180055	0.10658	-2.27922	0.0855226	0	0	0	0	-2.20895e-17	0	0	0	0
5.10546	-37.5521	765.82	-28.5485	-0.198933	-2.20747e-17	0.179792	0.102739	-2.09522	0.0781064	0	0	0	0	-2.20747e-17	0	0	0	0
5.11545	-39.1926	766.173	-28.3122	-0.198787	-2.20597e-17	0.179453	0.0965258	-1.88697	0.0697289	0	0	0	0	-2.20597e-17	0	0	0	0
5.12544	-40.6101	765.784	-28.1043	-0.198656	-2.20464e-17	0.179071	0.0884091	-1.66713	0.0611837	0	0	0	0	-2.20464e-17	0	0	0	0
5.13544	-41.6845	764.225	-27.9933	-0.198566	-2.20376e-17	0.178679	0.0783885	-1.43714	0.0526421	0	0	0	0	-2.20376e-17	0	0	0	0
5.14543	-42.3244	761.189	-28.0128	-0.198541	-2.20361e-17	0.178307	0.066981	-1.20463	0.044332	0	0	0	0	-2.20361e-17	0	0	0	0
5.15542	-42.4764	756.616	-28.1703	-0.198587	-2.20422e-17	0.177991	0.0552977	-0.984997	0.0366733	0	0	0	0	-2.20422e-17	0	0	0	0
5.16541	-42.1347	750.742	-28.4212	-0.198683	-2.20539e-17	0.177755	0.044105	-0.785847	0.0297502	0	0	0	0	-2.20539e-17	0	0	0	0
5.1754	-41.3487	744.033	-28.7225	-0.198796	-2.20673e-17	0.177611	0.0342104	-0.615585	0.0237639	0	0	0	0	-2.20673e-17	0	0	0	0
5.18539	-40.23	737.095	-29.0495	-0.198901	-2.20796e-17	0.17755	0.0260626	-0.477519	0.0188194	0	0	0	0	-2.20796e-17	0	0	0	0
5.19538	-38.9227	730.513	-29.4145	-0.19897	-2.20878e-17	0.177552	0.0199816	-0.375021	0.0151004	0	0	0	0	-2.20878e-17	0	0	0	0
5.20537	-37.5683	724.688	-29.8477	-0.198981	-2.20894e-17	0.177594	0.0161015	-0.310595	0.0127925	0	0	0	0	-2.20894e-17	0	0	0	0
5.21536	-36.2793	719.793	-30.3561	-0.19893	-2.20838e-17	0.17766	0.0142909	-0.283536	0.0119577	0	0	0	0	-2.20838e-17	0	0	0	0
5.22536	-35.1375	715.832	-30.9532	-0.198853	-2.20751e-17	0.177724	0.0144887	-0.295168	0.0127633	0	0	0	0	-2.20751e-17	0	0	0	0
5.23535	-34.1936	712.72	-31.6446	-0.198807	-2.20696e-17	0.17778	0.016943	-0.353154	0.0156799	0	0	0	0	-2.20696e-17	0	0	0	0
5.24534	-33.4776	710.369	-32.4357	-0.198819	-2.20701e-17	0.177827	0.0213368	-0.45275	0.0206727	0	0	0	0	-2.20701e-17	0	0	0	0
5.25533	-32.9868	708.68	-33.3331	-0.198884	-2.20762e-17	0.177862	0.0274008	-0.588673	0.0276885	0	0	0	0	-2.20762e-17	0	0	0	0
5.26532	-32.7093	707.567	-34.3482	-0.199012	-2.20889e-17	0.177888	0.0354195	-0.766194	0.0371942	0	0	0	0	-2.20889e-17	0	0	0	0
5.27531	-32.6315	706.986	-35.4705	-0.199228	-2.21111e-17	0.177906	0.0453278	-0.982059	0.0492713	0	0	0	0	-2.21111e-17	0	0	0	0
5.2853	-32.7037	706.872	-36.6985	-0.199546	-2.21441e-17	0.17791	0.0566756	-1.22501	0.0635987	0	0	0	0	-2.21441e-17	0	0	0	0
5.29529	-32.8423	707.081	-38.0349	-0.199967	-2.21881e-17	0.177917	0.0698351	-1.50352	0.0808766	0	0	0	0	-2.21881e-17	0	0	0	0
5.30528	-32.9584	707.375	-39.484	-0.200491	-2.22431e-17	0.177947	0.0846294	-1.81637	0.101385	0	0	0	0	-2.22431e-17	0	0	0	0
5.31528	-32.9683	707.458	-41.0504	-0.201128	-2.23101e-17	0.178015	0.100265	-2.15155	0.124844	0	0	0	0	-2.23101e-17	0	0	0	0
5.32527	-32.7924	707.018	-42.731	-0.201911	-2.23928e-17	0.178147	0.116174	-2.50477	0.151384	0	0	0	0	-2.23928e-17	0	0	0	0
5.33526	-32.3891	705.785	-44.5397	-0.202859	-2.24934e-17	0.178348	0.132083	-2.87819	0.181633	0	0	0	0	-2.24934e-17	0	0	0	0
5.34525	-31.7383	703.57	-46.4721	-0.203968	-2.2611e-17	0.178627	0.147201	-3.26314	0.215536	0	0	0	0	-2.2611e-17	0	0	0	0
5.35524	-30.8055	700.274	-48.5163	-0.205236	-2.27458e-17	0.17899	0.159939	-3.63575	0.251891	0	0	0	0	-2.27458e-17	0	0	0	0
5.36523	-29.5587	695.854	-50.6362	-0.206685	-2.29003e-17	0.179445	0.169369	-3.98719	0.290142	0	0	0	0	-2.29003e-17	0	0	0	0
5.37522	-27.9752	690.304	-52.757	-0.208334	-2.30766e-17	0.180013	0.175156	-4.32209	0.330319	1.87872	6.60352	0.0878776	-0.220069	-2.43606e-17	-0.060191	0.091466	0.321494	0.00427834
5.38521	-26.0316	683.614	-54.8323	-0.210181	-2.32745e-17	0.18071	0.176376	-4.6318	0.371514	3.34785	13.1361	0.314726	-0.221297	-2.44444e-17	-0.0652605	0.156632	0.614582	0.0147247
5.3952	-23.7201	675.759	-56.8407	-0.212207	-2.34919e-17	0.181551	0.172261	-4.90754	0.412792	4.87379	21.6948	0.755245	-0.222444	-2.45234e-17	-0.0707612	0.217883	0.96987	0.0337633
5.4052	-21.0665	666.674	-58.7556	-0.214434	-2.37313e-17	0.182542	0.162957	-5.15696	0.454495	6.19618	32.0365	1.47488	-0.223447	-2.45909e-17	-0.0768023	0.262757	1.35855	0.062544
5.41519	-18.1421	656.273	-60.4934	-0.216892	-2.39959e-17	0.183693	0.148968	-5.38876	0.496721	7.16144	44.0754	2.59259	-0.224236	-2.46364e-17	-0.0833745	0.283737	1.74627	0.102718
5.42518	-15.0069	644.51	-61.9445	-0.2196	-2.42877e-17	0.185023	0.130491	-5.60426	0.538631	7.72547	57.8122	4.23223	-0.224632	-2.46451e-17	-0.0903077	0.279473	2.09139	0.153103
5.43517	-11.7858	631.371	-63.04	-0.222572	-2.46088e-17	0.186522	0.10804	-5.78778	0.577888	7.90476	73.2374	6.41178	-0.224425	-2.45971e-17	-0.0972019	0.259465	2.40394	0.210459
5.44516	-8.59329	616.823	-63.7358	-0.225808	-2.49589e-17	0.188181	0.0830355	-5.96026	0.615868	7.71737	90.3704	9.13131	-0.223393	-2.44676e-17	-0.103612	0.229846	2.6915	0.271958
5.45515	-5.54804	600.773	-63.9992	-0.229328	-2.53407e-17	0.189961	0.0562459	-6.09062	0.648821	7.17554	109.282	12.3431	-0.221522	-2.42578e-17	-0.109346	0.192281	2.92841	0.330757
5.46514	-2.73388	583.188	-63.7712	-0.233157	-2.57571e-17	0.191845	0.0289462	-6.17476	0.675206	6.28413	129.993	15.961	-0.218953	-2.39816e-17	-0.114242	0.150774	3.1189	0.38295
5.47513	-0.203273	563.99	-62.9572	-0.237308	-2.62099e-17	0.193834	0.00223928	-6.213	0.693546	5.0519	152.495	19.8262	-0.215963	-2.36663e-17	-0.118176	0.108638	3.27932	0.426351
5.48512	1.99224	543.088	-61.5103	-0.24176	-2.66971e-17	0.195897	-0.0227567	-6.20352	0.702613	3.55815	176.804	23.8154	-0.212696	-2.33252e-17	-0.12111	0.0687109	3.41423	0.459897
5.49512	3.8242	520.465	-59.3717	-0.24647	-2.72141e-17	0.198	-0.0451626	-6.14654	0.701162	1.88425	202.906	27.8331	-0.20921	-2.29634e-17	-0.123061	0.0326211	3.51281	0.48186
5.50511	5.23774	496.111	-56.5561	-0.251441	-2.77618e-17	0.200079	-0.0636363	-6.02754	0.687132	0.0833358	230.76	31.7828	-0.205691	-2.25975e-17	-0.12414	0.00130149	3.60389	0.496367
5.5151	6.21046	469.975	-53.1176	-0.256642	-2.83367e-17	0.202029	-0.077351	-5.85352	0.661578	-1.78273	260.348	35.5574	-0.202338	-2.22494e-17	-0.124412	-0.025237	3.68557	0.503364
5.52509	6.72464	441.972	-49.1575	-0.26204	-2.89352e-17	0.203711	-0.0855463	-5.62248	0.625349	-3.6408	291.608	39.1018	-0.19929	-2.1933e-17	-0.124005	-0.047119	3.77397	0.506053
5.53508	6.75238	411.978	-44.7709	-0.267621	-2.95562e-17	0.204966	-0.0871645	-5.3181	0.577934	-5.48278	324.567	42.4585	-0.196513	-2.16442e-17	-0.123121	-0.0653393	3.86792	0.505986
5.54507	6.26478	379.815	-40.0683	-0.27339	-3.01999e-17	0.205616	-0.0816162	-4.94814	0.522	-7.2635	359.273	45.7093	-0.193941	-2.13755e-17	-0.121949	-0.0803944	3.97654	0.505923
5.55506	5.3304	345.395	-35.1532	-0.279364	-3.08675e-17	0.205497	-0.0698786	-4.52795	0.460839	-8.92969	395.673	48.905	-0.191633	-2.11341e-17	-0.120591	-0.0920928	4.08061	0.504363
5.56505	4.02923	308.85	-30.1547	-0.285599	-3.15655e-17	0.204418	-0.0529396	-4.05794	0.396199	-10.3968	433.709	52.0246	-0.189588	-2.09198e-17	-0.119098	-0.100455	4.19052	0.502665
5.57504	2.49219	270.595	-25.192	-0.292102	-3.22944e-17	0.20224	-0.0326568	-3.54577	0.330106	-11.6209	473.299	54.9962	-0.187808	-2.07326e-17	-0.117535	-0.106503	4.3377	0.50403
5.58504	0.887568	231.347	-20.4226	-0.2988	-3.3046e-17	0.198829	-0.0115399	-3.00791	0.265529	-12.5441	514.214	57.7316	-0.186275	-2.05713e-17	-0.115906	-0.110051	4.51127	0.506488
5.59503	-0.592926	192.069	-15.9753	-0.305639	-3.38144e-17	0.194106	0.00760035	-2.46201	0.204777	-13.0849	556.018	60.1106	-0.18497	-2.04339e-17	-0.114177	-0.111066	4.71957	0.510229
5.60502	-1.75164	153.875	-11.9698	-0.312593	-3.45962e-17	0.188087	0.0220409	-1.93622	0.150616	-13.2312	598.065	61.9976	-0.183912	-2.03227e-17	-0.112363	-0.109951	4.96992	0.5152
5.61501	-2.47569	117.97	-8.50619	-0.31954	-3.53774e-17	0.180853	0.030497	-1.45322	0.104784	-12.962	639.468	63.2909	-0.183103	-2.02382e-17	-0.110492	-0.106521	5.25512	0.520122
5.625	-2.67609	85.4916	-5.6716	-0.32612	-3.61176e-17	0.172663	0.0323357	-1.03301	0.0685309	-12.2806	679.089	63.9242	-0.18253	-2.01793e-17	-0.108593	-0.100636	5.56495	0.523841
5.63499	-2.41946	57.406	-3.4881	-0.332088	-3.67902e-17	0.16374	0.0283533	-0.672732	0.0408766	-11.1814	715.671	63.8783	-0.182182	-2.01448e-17	-0.1067	-0.0918886	5.88137	0.52495
5.64498	-1.82047	34.4732	-1.90557	-0.337402	-3.73895e-17	0.154717	0.0206759	-0.391528	0.0216424	-9.72766	747.988	63.1789	-0.18207	-2.01361e-17	-0.104876	-0.0805363	6.19267	0.523064
5.65497	-1.09053	17.1887	-0.856077	-0.342136	-3.7924e-17	0.14591	0.0119893	-0.188973	0.00941176	-7.97584	774.976	61.902	-0.182167	-2.01503e-17	-0.103172	-0.066852	6.4957	0.518851
5.66496	-0.422906	5.70412	-0.252703	-0.346441	-3.84104e-17	0.137397	0.00449382	-0.0606123	0.00268524	-6.0446	795.867	60.1981	-0.18244	-2.01836e-17	-0.101626	-0.0513664	6.7632	0.511558
5.67496	0	0	0	0	-2.02316e-17	0	0	0	0	-4.06651	810.274	58.2001	-0.18285	-2.02316e-17	-0.100273	-0.0351365	7.00113	0.502874
5.68495	0	0	0	0	-2.02902e-17	0	0	0	0	-2.1574	818.202	56.0296	-0.183361	-2.02902e-17	-0.0991309	-0.018978	7.19748	0.492876
5.69494	0	0	0	0	-2.0356e-17	0	0	0	0	-0.412054	819.988	53.8077	-0.183937	-2.0356e-17	-0.0981901	-0.00368543	7.334	0.481258
5.70493	0	0	0	0	-2.04282e-17	0	0	0	0	1.05863	816.227	51.605	-0.184575	-2.04282e-17	-0.097428	0.00961157	7.41071	0.468533
5.71492	0	0	0	0	-2.05046e-17	0	0	0	0	2.17989	807.747	49.4621	-0.185251	-2.05046e-17	-0.0968139	0.019989	7.40683	0.453554
5.72491	0	0	0	0	-2.05808e-17	0	0	0	0	2.91353	795.523	47.3839	-0.185924	-2.05808e-17	-0.0963237	0.0268431	7.32934	0.436559
5.7349	0	0	0	0	-2.06557e-17	0	0	0	0	3.20833	780.544	45.3677	-0.186585	-2.06557e-17	-0.0959288	0.0295536	7.18999	0.417905
5.74489	0	0	0	0	-2.07311e-17	0	0	0	0	3.05243	763.724	43.421	-0.187249	-2.07311e-17	-0.0955884	0.0279235	6.98649	0.397212
5.75488	0	0	0	0	-2.0807e-17	0	0	0	0	2.47411	745.913	41.5561	-0.187914	-2.0807e-17	-0.0952647	0.0222508	6.70834	0.373733
5.76488	0	0	0	0	-2.08821e-17	0	0	0	0	1.51728	727.931	39.7684	-0.188566	-2.08821e-17	-0.0949376	0.0132549	6.35919	0.347415
5.77487	0	0	0	0	-2.09572e-17	0	0	0	0	0.227559	710.473	37.9993	-0.189215	-2.09572e-17	-0.0945871	0.00190806	5.95723	0.31862
5.78486	0	0	0	0	-2.10322e-17	0	0	0	0	-1.26487	694.118	36.1891	-0.189855	-2.10322e-17	-0.094183	-0.010041	5.51013	0.28728
5.79485	0	0	0	0	-2.1109e-17	0	0	0	0	-2.8541	679.331	34.3211	-0.190506	-2.1109e-17	-0.093721	-0.0210499	5.01027	0.253129
5.80484	0	0	0	0	-2.11883e-17	0	0	0	0	-4.47569	666.428	32.3903	-0.191174	-2.11883e-17	-0.0932209	-0.0300722	4.47774	0.217631
5.81483	0	0	0	0	-2.12677e-17	0	0	0	0	-6.07646	655.497	30.4189	-0.191839	-2.12677e-17	-0.0926987	-0.0361815	3.90307	0.181126
5.82482	0	0	0	0	-2.13441e-17	0	0	0	0	-7.65825	646.465	28.4542	-0.192474	-2.13441e-17	-0.0921877	-0.0389262	3.28592	0.14463
5.83481	0	0	0	0	-2.14136e-17	0	0	0	0	-9.267	639.172	26.5686	-0.193049	-2.14136e-17	-0.0917422	-0.0384545	2.65232	0.110249
5.8448	0	0	0	0	-2.14735e-17	0	0	0	0	-10.9612	633.391	24.8637	-0.193539	-2.14735e-17	-0.0914186	-0.0343891	1.98716	0.0780058
5.8548	0	0	0	0	-2.15202e-17	0	0	0	0	-12.7375	628.876	23.4366	-0.193913	-2.15202e-17	-0.0912569	-0.0260023	1.28379	0.0478435
5.86479	0	0	0	0	-2.15514e-17	0	0	0	0	-14.6466	625.438	22.3476	-0.19415	-2.15514e-17	-0.0913016	-0.0131771	0.562688	0.0201055
5.87478	0	0	0	0	-2.15629e-17	0	0	0	0	-16.7179	622.972	21.6621	-0.194212	-2.15629e-17	-0.0915863	0.00444357	-0.165585	-0.00575775
5.88477	0	0	0	0	-2.15506e-17	0	0	0	0	-18.937	621.439	21.4301	-0.19406	-2.15506e-17	-0.0921232	0.0279489	-0.917178	-0.0316285
5.89476	0	0	0	0	-2.15141e-17	0	0	0	0	-21.3072	620.841	21.6755	-0.193687	-2.15141e-17	-0.0929069	0.0578514	-1.68565	-0.0588515
5.90475	0	0	0	0	-2.14541e-17	0	0	0	0	-23.8472	621.231	22.3543	-0.193099	-2.14541e-17	-0.0939173	0.0941724	-2.45324	-0.0882771
5.91474	0	0	0	0	-2.13717e-17	0	0	0	0	-26.5267	622.679	23.4075	-0.192306	-2.13717e-17	-0.0951121	0.13677	-3.21049	-0.120688
5.92473	0	0	0	0	-2.12706e-17	0	0	0	0	-29.2873	625.255	24.7431	-0.191338	-2.12706e-17	-0.0964285	0.184771	-3.94468	-0.156102
5.93472	0	0	0	0	-2.11562e-17	0	0	0	0	-32.0862	628.953	26.2567	-0.190251	-2.11562e-17	-0.0977866	0.236098	-4.628	-0.193203
5.94472	0	0	0	0	-2.10368e-17	0	0	0	0	-34.8339	633.7	27.8182	-0.189119	-2.10368e-17	-0.0990974	0.289075	-5.25888	-0.230854
5.95471	0	0	0	0	-2.09198e-17	0	0	0	0	-37.4393	639.368	29.3153	-0.18801	-2.09198e-17	-0.100286	0.341748	-5.83619	-0.267592
5.9647	0	0	0	0	-2.08091e-17	0	0	0	0	-39.8378	645.756	30.6601	-0.186966	-2.08091e-17	-0.101298	0.3906	-6.33148	-0.300615
5.97469	0	0	0	0	-2.07075e-17	0	0	0	0	-41.9619	652.618	31.8039	-0.186014	-2.07075e-17	-0.102096	0.432893	-6.73263	-0.328099
5.98468	0	0	0	0	-2.0618e-17	0	0	0	0	-43.7113	659.694	32.6994	-0.185181	-2.0618e-17	-0.10266	0.46658	-7.04165	-0.349037
5.99467	0	0	0	0	-2.05431e-17	0	0	0	0	-45.0262	666.649	33.287	-0.184492	-2.05431e-17	-0.102976	0.490281	-7.259	-0.362455
6.00466	0	0	0	0	-2.04838e-17	0	0	0	0	-45.8882	673.119	33.5136	-0.183956	-2.04838e-17	-0.103046	0.502666	-7.37345	-0.367113
6.01465	0	0	0	0	-2.04367e-17	0	0	0	0	-46.2546	678.793	33.3664	-0.183543	-2.04367e-17	-0.102897	0.503572	-7.38999	-0.363259
6.02464	0	0	0	0	-2.03983e-17	0	0	0	0	-46.1373	683.405	32.8763	-0.183216	-2.03983e-17	-0.102568	0.494502	-7.32477	-0.35237
6.03464	0	0	0	0	-2.03663e-17	0	0	0	0	-45.6176	686.773	32.1296	-0.182954	-2.03663e-17	-0.102101	0.477201	-7.18427	-0.336105
6.04463	0	0	0	0	-2.03379e-17	0	0	0	0	-44.7594	688.907	31.2377	-0.182728	-2.03379e-17	-0.101537	0.453779	-6.98425	-0.316693
6.05462	0	0	0	0	-2.0308e-17	0	0	0	0	-43.6203	690.011	30.2899	-0.18249	-2.0308e-17	-0.100919	0.425658	-6.73331	-0.295577
6.06461	0	0	0	0	-2.02707e-17	0	0	0	0	-42.2967	690.404	29.3581	-0.182187	-2.02707e-17	-0.100295	0.393205	-6.41825	-0.272923
6.0746	0	0	0	0	-2.02222e-17	0	0	0	0	-40.8236	690.468	28.4931	-0.181785	-2.02222e-17	-0.0996864	0.356949	-6.03725	-0.249135
6.08459	0	0	0	0	-2.01638e-17	0	0	0	0	-39.2066	690.555	27.7174	-0.181293	-2.01638e-17	-0.0991078	0.31797	-5.60047	-0.22479
6.09458	0	0	0	0	-2.00964e-17	0	0	0	0	-37.4416	690.961	27.054	-0.180724	-2.00964e-17	-0.0985801	0.275799	-5.08971	-0.199283
6.10457	0	0	0	0	-2.00178e-17	0	0	0	0	-35.4846	691.924	26.5163	-0.180056	-2.00178e-17	-0.0981141	0.230125	-4.48727	-0.171963
6.11456	0	0	0	0	-1.99267e-17	0	0	0	0	-33.2405	693.714	26.0927	-0.179278	-1.99267e-17	-0.0977085	0.181835	-3.79481	-0.142734
6.12456	0	0	0	0	-1.98252e-17	0	0	0	0	-30.6433	696.645	25.7365	-0.17841	-1.98252e-17	-0.0973493	0.131982	-3.00047	-0.110848
6.13455	0	0	0	0	-1.97178e-17	0	0	0	0	-27.6719	701.082	25.3774	-0.177495	-1.97178e-17	-0.097011	0.0822177	-2.08303	-0.0754004
6.14454	0	0	0	0	-1.9605e-17	0	0	0	0	-24.3103	707.472	24.9097	-0.176533	-1.9605e-17	-0.0966386	0.0364682	-1.06129	-0.0373674
6.15453	0	0	0	0	-1.94836e-17	0	0	0	0	-20.6011	716.263	24.2127	-0.175495	-1.94836e-17	-0.0961751	-0.00137759	0.0478961	0.00161909
6.16452	0	0	0	0	-1.93531e-17	0	0	0	0	-16.6683	727.755	23.1897	-0.174371	-1.93531e-17	-0.0955818	-0.0283303	1.23693	0.0394142
6.17451	0	0	0	0	-1.92144e-17	0	0	0	0	-12.6593	741.945	21.8059	-0.173166	-1.92144e-17	-0.0948381	-0.0420953	2.46714	0.0725096
6.1845	0	0	0	0	-1.90656e-17	0	0	0	0	-8.69618	758.397	20.0916	-0.171857	-1.90656e-17	-0.0939478	-0.0423281	3.69145	0.0977943
6.19449	0	0	0	0	-1.89084e-17	0	0	0	0	-4.89519	776.176	18.1435	-0.170458	-1.89084e-17	-0.0929399	-0.0305564	4.84498	0.113254
6.20448	0	0	0	0	-1.8748e-17	0	0	0	0	-1.3058	793.966	16.076	-0.169017	-1.8748e-17	-0.0918669	-0.00971181	5.90506	0.119564
6.21448	0	0	0	0	-1.85885e-17	0	0	0	0	2.0988	810.28	13.9949	-0.167576	-1.85885e-17	-0.0907697	0.0177423	6.84972	0.118307
6.22447	0	0	0	0	-1.84374e-17	0	0	0	0	5.38297	823.609	12.0035	-0.166204	-1.84374e-17	-0.0896671	0.0500156	7.65252	0.11153
6.23446	0	0	0	0	-1.8304e-17	0	0	0	0	8.6149	832.49	10.1961	-0.16499	-1.8304e-17	-0.0885825	0.0860453	8.31488	0.101839
6.24445	0	0	0	0	-1.81952e-17	0	0	0	0	11.8577	835.564	8.6403	-0.163997	-1.81952e-17	-0.0875401	0.125506	8.84388	0.0914517
6.25444	0	0	0	0	-1.8113e-17	0	0	0	0	15.1277	831.822	7.33873	-0.163245	-1.8113e-17	-0.086568	0.168175	9.24739	0.0815849
6.26443	0	0	0	0	-1.80579e-17	0	0	0	0	18.3285	820.922	6.2591	-0.162739	-1.80579e-17	-0.0856926	0.212719	9.52751	0.0726423
6.27442	0	0	0	0	-1.80289e-17	0	0	0	0	21.2617	803.511	5.35132	-0.16247	-1.80289e-17	-0.084945	0.256295	9.68576	0.0645064
6.28441	0	0	0	0	-1.80216e-17	0	0	0	0	23.6058	781.136	4.60153	-0.162397	-1.80216e-17	-0.084373	0.294132	9.73306	0.0573357
6.2944	0	0	0	0	-1.80285e-17	0	0	0	0	25.035	755.831	4.03079	-0.162454	-1.80285e-17	-0.0840396	0.320344	9.67149	0.0515773
6.3044	0	0	0	0	-1.80415e-17	0	0	0	0	25.3231	729.659	3.69851	-0.162569	-1.80415e-17	-0.0839998	0.328994	9.47962	0.0480505
6.31439	0	0	0	0	-1.80554e-17	0	0	0	0	24.4019	704.41	3.65392	-0.162696	-1.80554e-17	-0.0842729	0.316888	9.14758	0.0474503
6.32438	0	0	0	0	-1.80697e-17	0	0	0	0	22.3543	681.423	3.89443	-0.16283	-1.80697e-17	-0.0848412	0.28496	8.68637	0.0496439
6.33437	0	0	0	0	-1.80819e-17	0	0	0	0	19.4173	661.573	4.36685	-0.162949	-1.80819e-17	-0.0856574	0.238292	8.11895	0.0535908
6.34436	0	0	0	0	-1.80891e-17	0	0	0	0	15.9222	645.315	5.00095	-0.163022	-1.80891e-17	-0.0866476	0.184382	7.47289	0.0579121
6.35435	0	0	0	0	-1.80935e-17	0	0	0	0	12.1845	632.761	5.73566	-0.163069	-1.80935e-17	-0.087732	0.130782	6.79169	0.0615633
6.36434	0	0	0	0	-1.81021e-17	0	0	0	0	8.4653	623.808	6.52601	-0.163152	-1.81021e-17	-0.0888386	0.0829563	6.11305	0.0639521
6.37433	0	0	0	0	-1.81189e-17	0	0	0	0	4.95501	618.265	7.34546	-0.163305	-1.81189e-17	-0.089913	0.0437237	5.45565	0.0648173
6.38433	0	0	0	0	-1.81428e-17	0	0	0	0	1.78399	615.928	8.1591	-0.16352	-1.81428e-17	-0.0909304	0.0140681	4.85705	0.0643406
6.39432	0	0	0	0	-1.81758e-17	0	0	0	0	-0.97665	616.557	8.94976	-0.163815	-1.81758e-17	-0.0918719	-0.00684423	4.32075	0.0627187
6.40431	0	0	0	0	-1.82213e-17	0	0	0	0	-3.24956	619.838	9.69834	-0.16422	-1.82213e-17	-0.0927003	-0.0201748	3.84824	0.0602118
6.4143	0	0	0	0	-1.82815e-17	0	0	0	0	-5.00944	625.394	10.3574	-0.164756	-1.82815e-17	-0.0934001	-0.0276798	3.45564	0.0572302
6.42429	0	0	0	0	-1.83557e-17	0	0	0	0	-6.26661	632.771	10.9014	-0.165419	-1.83557e-17	-0.0939812	-0.0312338	3.15383	0.0543344
6.43428	0	0	0	0	-1.84394e-17	0	0	0	0	-7.0411	641.429	11.3483	-0.166169	-1.84394e-17	-0.0944648	-0.032229	2.93599	0.0519444
6.44427	0	0	0	0	-1.85283e-17	0	0	0	0	-7.37714	650.765	11.7486	-0.166965	-1.85283e-17	-0.0948736	-0.0315559	2.78367	0.0502548
6.45426	0	0	0	0	-1.86191e-17	0	0	0	0	-7.37802	660.185	12.1636	-0.167781	-1.86191e-17	-0.0952521	-0.0301341	2.6964	0.0496799
6.46425	0	0	0	0	-1.87082e-17	0	0	0	0	-7.17804	669.168	12.6469	-0.168583	-1.87082e-17	-0.0956412	-0.028517	2.65848	0.0502435
6.47425	0	0	0	0	-1.879e-17	0	0	0	0	-6.91867	677.309	13.262	-0.169322	-1.879e-17	-0.0960666	-0.0269032	2.63371	0.0515692
6.48424	0	0	0	0	-1.88601e-17	0	0	0	0	-6.74024	684.328	14.0174	-0.169955	-1.88601e-17	-0.0965501	-0.0256973	2.60902	0.0534418
6.49423	0	0	0	0	-1.89156e-17	0	0	0	0	-6.74395	690.041	14.8809	-0.170457	-1.89156e-17	-0.0970915	-0.0252062	2.5791	0.0556191
6.50422	0	0	0	0	-1.89581e-17	0	0	0	0	-6.99015	694.329	15.8056	-0.170842	-1.89581e-17	-0.0976728	-0.0253821	2.52119	0.0573922
6.51421	0	0	0	0	-1.89906e-17	0	0	0	0	-7.50003	697.102	16.7559	-0.171135	-1.89906e-17	-0.0982755	-0.0261058	2.42644	0.0583231
6.5242	0	0	0	0	-1.90155e-17	0	0	0	0	-8.27385	698.336	17.726	-0.171359	-1.90155e-17	-0.098891	-0.0269915	2.27815	0.0578267
6.53419	0	0	0	0	-1.90347e-17	0	0	0	0	-9.24151	698.095	18.6936	-0.171529	-1.90347e-17	-0.0995155	-0.0273824	2.06844	0.0553888
6.54418	0	0	0	0	-1.90531e-17	0	0	0	0	-10.3369	696.54	19.6239	-0.171688	-1.90531e-17	-0.100145	-0.0268082	1.80644	0.0508937
6.55417	0	0	0	0	-1.9075e-17	0	0	0	0	-11.5189	693.984	20.5115	-0.171876	-1.9075e-17	-0.100777	-0.0249688	1.5043	0.0444614
6.56417	0	0	0	0	-1.91007e-17	0	0	0	0	-12.7245	690.91	21.3589	-0.172096	-1.91007e-17	-0.101403	-0.0215217	1.16858	0.0361256
6.57416	0	0	0	0	-1.91295e-17	0	0	0	0	-13.8939	687.885	22.1841	-0.17234	-1.91295e-17	-0.102017	-0.0158783	0.786134	0.0253526
6.58415	0	0	0	0	-1.9163e-17	0	0	0	0	-14.97	685.445	22.9827	-0.172623	-1.9163e-17	-0.102602	-0.00811385	0.371516	0.0124568
6.59414	0	0	0	0	-1.92027e-17	0	0	0	0	-15.8945	683.968	23.7783	-0.172961	-1.92027e-17	-0.103148	0.00107868	-0.0464175	-0.00161372
6.60413	0	0	0	0	-1.92479e-17	0	0	0	0	-16.6164	683.65	24.648	-0.173344	-1.92479e-17	-0.103664	0.0116155	-0.477896	-0.0172298
6.61412	0	0	0	0	-1.92938e-17	0	0	0	0	-17.1418	684.544	25.6692	-0.173732	-1.92938e-17	-0.104165	0.0233625	-0.932961	-0.0349843
6.62411	0	0	0	0	-1.93379e-17	0	0	0	0	-17.5025	686.575	26.8672	-0.174101	-1.93379e-17	-0.104656	0.0356517	-1.39852	-0.0547271
6.6341	0	0	0	0	-1.93811e-17	0	0	0	0	-17.7286	689.609	28.2378	-0.174458	-1.93811e-17	-0.105141	0.0480999	-1.87099	-0.0766125
6.64409	0	0	0	0	-1.94217e-17	0	0	0	0	-17.8498	693.5	29.7521	-0.17479	-1.94217e-17	-0.105626	0.0602011	-2.33894	-0.100344
6.65409	0	0	0	0	-1.94567e-17	0	0	0	0	-17.9296	698.071	31.3773	-0.17507	-1.94567e-17	-0.106119	0.0718978	-2.79927	-0.125823
6.66408	0	0	0	0	-1.94861e-17	0	0	0	0	-18.0046	703.112	33.0614	-0.175298	-1.94861e-17	-0.106614	0.0830427	-3.24296	-0.152489
6.67407	0	0	0	0	-1.95132e-17	0	0	0	0	-18.0906	708.382	34.7129	-0.175506	-1.95132e-17	-0.107096	0.093556	-3.66341	-0.179518
6.68406	0	0	0	0	-1.95401e-17	0	0	0	0	-18.2337	713.637	36.2518	-0.175713	-1.95401e-17	-0.107559	0.103664	-4.05726	-0.206104
6.69405	0	0	0	0	-1.9564e-17	0	0	0	0	-18.4802	718.7	37.6452	-0.175894	-1.9564e-17	-0.108	0.113941	-4.43121	-0.232105
6.70404	0	0	0	0	-1.95853e-17	0	0	0	0	-18.8969	723.488	38.8906	-0.176051	-1.95853e-17	-0.108421	0.125819	-4.81713	-0.258941
6.71403	0	0	0	0	-1.96066e-17	0	0	0	0	-19.565	727.971	39.967	-0.176208	-1.96066e-17	-0.108823	0.140143	-5.2144	-0.286281
6.72402	0	0	0	0	-1.96284e-17	0	0	0	0	-20.5558	732.194	40.8626	-0.176368	-1.96284e-17	-0.10921	0.157903	-5.6245	-0.313895
6.73401	0	0	0	0	-1.96465e-17	0	0	0	0	-21.8872	736.254	41.6114	-0.176494	-1.96465e-17	-0.109591	0.180365	-6.06721	-0.342905
6.74401	0	0	0	0	-1.96594e-17	0	0	0	0	-23.5378	740.203	42.2682	-0.176572	-1.96594e-17	-0.109985	0.20785	-6.53635	-0.373249
6.754	0	0	0	0	-1.96709e-17	0	0	0	0	-25.4609	744.005	42.904	-0.176635	-1.96709e-17	-0.110406	0.240394	-7.02468	-0.405087
6.76399	0	0	0	0	-1.96837e-17	0	0	0	0	-27.5503	747.543	43.5901	-0.176709	-1.96837e-17	-0.110879	0.277014	-7.51641	-0.43829
6.77398	0	0	0	0	-1.96965e-17	0	0	0	0	-29.6714	750.671	44.4151	-0.176781	-1.96965e-17	-0.111434	0.315736	-7.98795	-0.472625
6.78397	0	0	0	0	-1.97095e-17	0	0	0	0	-31.6757	753.239	45.4552	-0.176852	-1.97095e-17	-0.112095	0.354577	-8.43172	-0.508823
6.79396	0	0	0	0	-1.97264e-17	0	0	0	0	-33.3935	755.111	46.7282	-0.176956	-1.97264e-17	-0.112864	0.39035	-8.8268	-0.546225
6.80395	0	0	0	0	-1.97498e-17	0	0	0	0	-34.682	756.212	48.207	-0.17712	-1.97498e-17	-0.113731	0.419378	-9.14419	-0.582924
6.81394	0	0	0	0	-1.97805e-17	0	0	0	0	-35.4588	756.566	49.8423	-0.177352	-1.97805e-17	-0.11469	0.43866	-9.35946	-0.616597
6.82393	0	0	0	0	-1.98181e-17	0	0	0	0	-35.6645	756.198	51.5878	-0.177652	-1.98181e-17	-0.115721	0.445944	-9.45539	-0.645046
6.83393	0	0	0	0	-1.98624e-17	0	0	0	0	-35.2894	755.124	53.4022	-0.178021	-1.98624e-17	-0.116794	0.441155	-9.43985	-0.667584
6.84392	0	0	0	0	-1.99129e-17	0	0	0	0	-34.389	753.358	55.2297	-0.178453	-1.99129e-17	-0.117887	0.42529	-9.3168	-0.683027
6.85391	0	0	0	0	-1.99688e-17	0	0	0	0	-33.0894	750.904	57.0495	-0.178942	-1.99688e-17	-0.118992	0.401291	-9.10658	-0.691867
6.8639	0	0	0	0	-2.00263e-17	0	0	0	0	-31.5368	747.764	58.8587	-0.179451	-2.00263e-17	-0.120099	0.372589	-8.83439	-0.695381
6.87389	0	0	0	0	-2.00826e-17	0	0	0	0	-29.8853	743.904	60.6365	-0.179955	-2.00826e-17	-0.121208	0.342043	-8.51412	-0.693996
6.88388	0	0	0	0	-2.01358e-17	0	0	0	0	-28.2793	739.269	62.3414	-0.180435	-2.01358e-17	-0.122314	0.312514	-8.16963	-0.688932
6.89387	0	0	0	0	-2.01843e-17	0	0	0	0	-26.843	733.834	63.913	-0.180879	-2.01843e-17	-0.123422	0.285219	-7.7973	-0.679103
6.90386	0	0	0	0	-2.02271e-17	0	0	0	0	-25.6764	727.629	65.3168	-0.181276	-2.02271e-17	-0.124528	0.261271	-7.404	-0.664631
6.91385	0	0	0	0	-2.02636e-17	0	0	0	0	-24.8541	720.743	66.5344	-0.181622	-2.02636e-17	-0.125637	0.241525	-7.00397	-0.646562
6.92385	0	0	0	0	-2.02934e-17	0	0	0	0	-24.4001	713.358	67.551	-0.18191	-2.02934e-17	-0.126751	0.225838	-6.60257	-0.625226
6.93384	0	0	0	0	-2.03215e-17	0	0	0	0	-24.3462	705.695	68.3661	-0.182191	-2.03215e-17	-0.127895	0.21323	-6.18064	-0.598766
6.94383	0	0	0	0	-2.03546e-17	0	0	0	0	-24.7151	697.977	68.9744	-0.182526	-2.03546e-17	-0.129088	0.203171	-5.73772	-0.567005
6.95382	0	0	0	0	-2.03954e-17	0	0	0	0	-25.4359	690.42	69.4192	-0.182934	-2.03954e-17	-0.130341	0.194988	-5.29267	-0.532159
6.96381	0	0	0	0	-2.04526e-17	0	0	0	0	-26.4743	683.163	69.7376	-0.183494	-2.04526e-17	-0.131686	0.188513	-4.86453	-0.496574
6.9738	0	0	0	0	-2.05376e-17	0	0	0	0	-27.7627	676.236	69.9212	-0.184309	-2.05376e-17	-0.133155	0.181798	-4.42819	-0.457864
6.98379	0	0	0	0	-2.06597e-17	0	0	0	0	-29.1795	669.528	69.9515	-0.18546	-2.06597e-17	-0.134749	0.174657	-4.00753	-0.418702
6.99378	-0.781552	6.60824	1.02513	-0.236948	-2.61969e-17	0.250991	-0.00497818	0.042092	0.0065297	-30.5741	662.766	69.7819	-0.187031	-2.0828e-17	-0.136469	0.165883	-3.59592	-0.37861
7.00377	-1.39344	13.6987	1.83552	-0.235603	-2.60762e-17	0.251847	-0.00758556	0.0745723	0.00999213	-31.8405	655.532	69.3691	-0.189099	-2.10511e-17	-0.138324	0.153991	-3.17038	-0.335493
7.01377	-2.02994	23.5549	2.68858	-0.233954	-2.59164e-17	0.252772	-0.00924067	0.107226	0.0122389	-32.857	647.34	68.6449	-0.191715	-2.13346e-17	-0.140279	0.139485	-2.74811	-0.291414
7.02376	-2.58309	36.205	3.44654	-0.231861	-2.57028e-17	0.253798	-0.00951644	0.133384	0.0126975	-33.5009	637.623	67.5352	-0.194904	-2.16815e-17	-0.142283	0.122137	-2.32462	-0.246217
7.03375	-3.00372	51.7813	3.99868	-0.229196	-2.54208e-17	0.254931	-0.00877711	0.151309	0.0116844	-33.7589	625.809	65.9968	-0.198674	-2.2093e-17	-0.144305	0.103092	-1.91107	-0.201538
7.04374	-3.29061	70.4337	4.2218	-0.225838	-2.50591e-17	0.256174	-0.00688549	0.14738	0.00883396	-33.6395	611.357	64.0013	-0.202982	-2.25646e-17	-0.146305	0.0839733	-1.52611	-0.159764
7.05373	-3.41652	92.2896	3.92613	-0.22173	-2.46118e-17	0.257487	-0.00376191	0.101619	0.00432304	-33.1497	593.785	61.5375	-0.207773	-2.30909e-17	-0.148211	0.0676535	-1.21182	-0.125589
7.06372	-3.41895	117.335	2.82922	-0.216914	-2.40819e-17	0.258462	-0.000407445	0.0139832	0.000337166	-32.3217	572.762	58.5746	-0.213019	-2.36692e-17	-0.149967	0.0551164	-0.9767	-0.0998841
7.07371	-3.30469	145.36	0.678627	-0.211412	-2.34719e-17	0.259103	0.0033023	-0.145255	-0.000678137	-31.2151	548.174	55.084	-0.21865	-2.42913e-17	-0.151544	0.0453941	-0.797174	-0.0801051
7.0837	-3.12021	175.935	-2.69012	-0.20547	-2.2808e-17	0.259448	0.00696864	-0.392931	0.00600808	-29.8311	520.071	51.1134	-0.224563	-2.49458e-17	-0.152914	0.0388599	-0.677478	-0.0665836
7.09369	-2.96437	208.461	-7.2845	-0.199325	-2.21158e-17	0.259443	0.010452	-0.735008	0.0256843	-28.2089	488.731	46.768	-0.230693	-2.56258e-17	-0.154065	0.0364858	-0.632131	-0.0604904
7.10369	-2.84488	242.292	-12.8955	-0.193364	-2.14387e-17	0.259212	0.0139731	-1.19006	0.0633382	-26.4656	454.633	42.164	-0.237006	-2.63275e-17	-0.155023	0.0375133	-0.644413	-0.0597648
7.11368	-2.76248	276.902	-19.2182	-0.187982	-2.08227e-17	0.258859	0.0170389	-1.70793	0.118537	-24.6731	418.474	37.4834	-0.243469	-2.70477e-17	-0.15582	0.0425699	-0.722017	-0.0646722
7.12367	-2.79098	311.831	-25.8502	-0.183225	-2.02759e-17	0.25846	0.0200855	-2.24411	0.186032	-22.9713	381.149	32.8567	-0.250094	-2.77879e-17	-0.156504	0.0523778	-0.869076	-0.074918
7.13366	-3.07848	346.558	-32.368	-0.179041	-1.97947e-17	0.258016	0.0245937	-2.76862	0.258586	-21.4983	343.683	28.3727	-0.256816	-2.85402e-17	-0.157119	0.0651968	-1.04227	-0.0860443
7.14365	-3.62537	380.491	-38.4097	-0.175511	-1.93907e-17	0.257544	0.0306882	-3.22081	0.325133	-20.3342	307.119	24.1196	-0.263558	-2.92962e-17	-0.157674	0.0826586	-1.24844	-0.098046
7.15364	-4.30995	413.009	-43.6875	-0.172773	-1.90802e-17	0.257119	0.0372321	-3.56783	0.377401	-19.4612	272.431	20.1835	-0.270346	-3.00592e-17	-0.158126	0.105882	-1.4822	-0.109812
7.16363	-4.94517	443.482	-48.0485	-0.170907	-1.88707e-17	0.25685	0.0426542	-3.82522	0.414439	-18.9084	240.422	16.6126	-0.277315	-3.08437e-17	-0.158404	0.13674	-1.73867	-0.120138
7.17362	-5.22356	471.365	-51.5433	-0.169919	-1.87618e-17	0.256824	0.0443	-3.99756	0.437129	-18.6668	211.655	13.4149	-0.284344	-3.1635e-17	-0.158421	0.1763	-1.99899	-0.126698
7.18361	-4.82966	496.26	-54.3139	-0.169763	-1.87471e-17	0.257121	0.0398842	-4.0982	0.448534	-18.6344	186.498	10.5642	-0.291219	-3.24072e-17	-0.158079	0.223406	-2.2359	-0.126653
7.19361	-3.59683	517.943	-56.5047	-0.170385	-1.88193e-17	0.25777	0.028888	-4.15986	0.453817	-18.7672	165.114	8.01414	-0.29804	-3.31686e-17	-0.157304	0.276714	-2.43454	-0.118165
7.2036	-1.49483	536.351	-58.2023	-0.171774	-1.89763e-17	0.258767	0.0117191	-4.20487	0.456292	-18.9808	147.408	5.7215	-0.304975	-3.39338e-17	-0.156012	0.329234	-2.55688	-0.099243
7.21359	1.48321	551.653	-59.456	-0.173871	-1.92112e-17	0.260102	-0.0114411	-4.25529	0.458626	-19.1678	133.168	3.69891	-0.311903	-3.46891e-17	-0.154131	0.378448	-2.62925	-0.0730309
7.22358	5.21385	564.198	-60.3174	-0.176524	-1.95072e-17	0.261729	-0.0399391	-4.32187	0.462043	-19.275	122.162	1.93658	-0.318597	-3.54098e-17	-0.151822	0.420985	-2.66813	-0.0422969
7.23357	9.54051	574.437	-60.8424	-0.179564	-1.98449e-17	0.263603	-0.0735902	-4.43089	0.469305	-19.348	114.087	0.40078	-0.324881	-3.60781e-17	-0.149351	0.451063	-2.65972	-0.00934344
7.24356	14.3291	582.745	-61.1025	-0.182885	-2.02129e-17	0.265651	-0.11244	-4.57276	0.479467	-19.3866	108.577	-0.910044	-0.330583	-3.66796e-17	-0.146748	0.468098	-2.62164	0.0219734
7.25355	19.4842	589.504	-61.1345	-0.186425	-2.06044e-17	0.26782	-0.157247	-4.75759	0.493386	-19.408	105.336	-1.97704	-0.335663	-3.72146e-17	-0.14407	0.4794	-2.60193	0.0488352
7.26354	24.8546	595.177	-60.9724	-0.190141	-2.10145e-17	0.270067	-0.208495	-4.9927	0.511473	-19.4715	104.103	-2.79283	-0.339985	-3.76712e-17	-0.141515	0.488335	-2.61085	0.0700426
7.27353	30.3016	600.235	-60.7113	-0.193911	-2.14302e-17	0.272337	-0.265148	-5.25224	0.531242	-19.6354	104.573	-3.37652	-0.343504	-3.8046e-17	-0.139213	0.496135	-2.64228	0.0853159
7.28353	35.6784	605.027	-60.4664	-0.197581	-2.18343e-17	0.274571	-0.326571	-5.53792	0.55346	-19.9413	106.395	-3.76936	-0.34629	-3.8346e-17	-0.137119	0.506718	-2.70355	0.0957813
7.29352	40.8196	609.819	-60.3303	-0.201104	-2.22213e-17	0.276721	-0.392805	-5.86826	0.580555	-20.4458	109.256	-4.01606	-0.348299	-3.85644e-17	-0.135269	0.523929	-2.79973	0.102913
7.30351	45.6248	614.847	-60.3483	-0.204491	-2.25925e-17	0.278765	-0.463091	-6.24069	0.612534	-21.2152	112.854	-4.13617	-0.34961	-3.87085e-17	-0.133721	0.552546	-2.93925	0.107726
7.3135	50.0093	620.287	-60.5438	-0.207691	-2.29422e-17	0.280681	-0.535762	-6.6453	0.648621	-22.237	116.865	-4.16547	-0.350637	-3.88226e-17	-0.132389	0.595259	-3.12834	0.111505
7.32349	53.8921	626.245	-60.9467	-0.210647	-2.32641e-17	0.28245	-0.610508	-7.09431	0.690425	-23.4994	120.945	-4.16001	-0.351621	-3.89316e-17	-0.131172	0.65341	-3.36292	0.115671
7.33348	57.2357	632.831	-61.5786	-0.213351	-2.35571e-17	0.28407	-0.686807	-7.59373	0.738921	-24.9431	124.812	-4.1515	-0.352375	-3.90144e-17	-0.130121	0.723461	-3.6201	0.120412
7.34347	60.0329	640.131	-62.4292	-0.215782	-2.3819e-17	0.285549	-0.762993	-8.1358	0.793449	-26.457	128.231	-4.12423	-0.352937	-3.90757e-17	-0.129288	0.801793	-3.88609	0.124987
7.35346	62.1701	648.106	-63.4725	-0.217909	-2.40463e-17	0.286872	-0.837297	-8.72859	0.854837	-27.9209	130.952	-4.04659	-0.353592	-3.91481e-17	-0.128595	0.882918	-4.14098	0.127962
7.36345	63.4838	656.562	-64.6882	-0.219728	-2.42383e-17	0.288019	-0.907916	-9.38984	0.92514	-29.2112	132.757	-3.9047	-0.354323	-3.92302e-17	-0.127916	0.961707	-4.37069	0.128553
7.37345	63.8976	665.199	-66.0776	-0.221235	-2.43948e-17	0.288963	-0.96882	-10.0858	1.00187	-30.1635	133.563	-3.68735	-0.35478	-3.92838e-17	-0.127302	1.03059	-4.56345	0.125985
7.38344	63.3956	673.643	-67.6316	-0.222429	-2.45164e-17	0.289691	-1.01386	-10.7733	1.0816	-30.66	133.376	-3.38393	-0.354846	-3.92966e-17	-0.126795	1.0808	-4.70166	0.119287
7.39343	61.9721	681.48	-69.3172	-0.223365	-2.46087e-17	0.290215	-1.04169	-11.455	1.16515	-30.6427	132.198	-3.01437	-0.354791	-3.92985e-17	-0.12629	1.10433	-4.7643	0.108635
7.40342	59.6794	688.323	-71.0916	-0.224094	-2.46776e-17	0.290547	-1.05086	-12.1203	1.25181	-30.046	130.163	-2.5977	-0.354657	-3.92939e-17	-0.125685	1.09788	-4.75617	0.09492
7.41341	56.6103	693.95	-72.8865	-0.224626	-2.47244e-17	0.290701	-1.03919	-12.7387	1.33796	-28.8782	127.575	-2.15918	-0.354204	-3.92556e-17	-0.125076	1.05924	-4.6794	0.0791981
7.4234	52.8066	698.287	-74.5896	-0.224944	-2.4748e-17	0.290695	-1.00554	-13.2967	1.42033	-27.208	124.74	-1.74449	-0.35335	-3.91737e-17	-0.124558	0.983372	-4.50846	0.0630508
7.43339	48.3333	701.313	-76.0835	-0.225039	-2.47474e-17	0.290544	-0.950766	-13.7955	1.49664	-25.084	121.913	-1.39539	-0.35234	-3.90733e-17	-0.123978	0.875689	-4.25602	0.0487134
7.44338	43.2972	703.003	-77.236	-0.224947	-2.47275e-17	0.290258	-0.875602	-14.2169	1.56195	-22.5549	119.314	-1.13706	-0.351349	-3.89726e-17	-0.123263	0.744811	-3.94001	0.0375481
7.45337	37.819	703.396	-77.9056	-0.224731	-2.46959e-17	0.289851	-0.781782	-14.5404	1.61044	-19.7558	117.154	-0.984341	-0.350166	-3.88478e-17	-0.122482	0.600546	-3.5613	0.0299225
7.46337	32.0146	702.572	-78.0021	-0.224397	-2.46541e-17	0.289341	-0.672493	-14.7581	1.6385	-16.7841	115.524	-0.955994	-0.348804	-3.87001e-17	-0.121572	0.454637	-3.12923	0.0258954
7.47336	26.061	700.634	-77.4911	-0.223894	-2.45963e-17	0.288754	-0.553679	-14.8853	1.64634	-13.6637	114.397	-1.05316	-0.347484	-3.85545e-17	-0.120289	0.320463	-2.68303	0.0247005
7.48335	20.1431	697.7	-76.3567	-0.223235	-2.45243e-17	0.288112	-0.430572	-14.9138	1.63218	-10.4432	113.722	-1.25386	-0.346037	-3.83938e-17	-0.118631	0.204199	-2.22364	0.0245172
7.49334	14.4157	693.89	-74.6339	-0.222479	-2.44444e-17	0.287442	-0.308719	-14.86	1.59832	-7.18849	113.413	-1.51986	-0.344305	-3.82026e-17	-0.116743	0.110791	-1.74796	0.0234245
7.50333	9.0459	689.317	-72.3865	-0.221625	-2.43557e-17	0.286779	-0.193674	-14.7584	1.54981	-3.8966	113.301	-1.80395	-0.342539	-3.80094e-17	-0.114579	0.0442476	-1.28659	0.0204847
7.51332	4.15066	684.101	-69.7209	-0.220652	-2.42554e-17	0.286142	-0.088736	-14.6253	1.49055	-0.596888	113.173	-2.05391	-0.340863	-3.78283e-17	-0.112109	0.00447022	-0.847572	0.0153822
7.52331	-0.223397	678.367	-66.7454	-0.219563	-2.41433e-17	0.285537	0.00476702	-14.4755	1.42427	2.62367	112.893	-2.25343	-0.339054	-3.76346e-17	-0.109548	-0.00942669	-0.405618	0.00809643
7.5333	-4.06326	672.203	-63.5821	-0.218361	-2.40192e-17	0.284962	0.0865866	-14.3244	1.35491	5.72309	112.38	-2.39065	-0.337024	-3.74178e-17	-0.107067	0.00135008	0.0265104	-0.000563955
7.54329	-7.38471	665.662	-60.3378	-0.217057	-2.38836e-17	0.284423	0.15744	-14.1918	1.28639	8.67297	111.53	-2.44047	-0.335024	-3.72041e-17	-0.104604	0.0321251	0.413112	-0.00903963
7.55329	-10.2498	658.787	-57.0933	-0.215653	-2.37365e-17	0.283909	0.219237	-14.0911	1.22119	11.4148	110.318	-2.40791	-0.333237	-3.70137e-17	-0.102084	0.0798945	0.772137	-0.0168534
7.56328	-12.7102	651.594	-53.9384	-0.214144	-2.35771e-17	0.283399	0.273342	-14.013	1.15999	13.9036	108.846	-2.32318	-0.331559	-3.68346e-17	-0.0996098	0.1419	1.11089	-0.0237104
7.57327	-14.8096	644.061	-50.9557	-0.212541	-2.34066e-17	0.28287	0.320717	-13.9479	1.1035	16.1681	107.18	-2.2288	-0.329789	-3.66443e-17	-0.0971649	0.212427	1.4082	-0.0292834
7.58326	-16.6293	636.134	-48.1875	-0.210848	-2.32249e-17	0.282309	0.363622	-13.9099	1.05368	18.2097	105.293	-2.17045	-0.328077	-3.646e-17	-0.0945703	0.287667	1.66337	-0.0342876
7.59325	-18.2752	627.775	-45.631	-0.20905	-2.30304e-17	0.281704	0.404894	-13.9086	1.01097	20.0173	103.15	-2.17676	-0.326695	-3.6313e-17	-0.0917687	0.363435	1.87279	-0.0395214
7.60324	-19.8173	618.997	-43.2531	-0.207145	-2.28231e-17	0.281045	0.446009	-13.9312	0.973455	21.6353	100.788	-2.27736	-0.325451	-3.61827e-17	-0.0888376	0.434864	2.02581	-0.0457744
7.61323	-21.3262	609.867	-41.0163	-0.205137	-2.26039e-17	0.280312	0.488069	-13.9574	0.938695	23.0776	98.2532	-2.49732	-0.324136	-3.60474e-17	-0.0857991	0.499715	2.12754	-0.0540762
7.62322	-22.858	600.516	-38.8475	-0.203	-2.23703e-17	0.279503	0.532185	-13.9813	0.904455	24.354	95.5613	-2.85307	-0.322975	-3.59333e-17	-0.0825726	0.557112	2.18602	-0.0652657
7.63321	-24.3717	591.172	-36.683	-0.200717	-2.21209e-17	0.278637	0.577062	-13.9975	0.868566	25.516	92.7646	-3.32455	-0.322133	-3.58581e-17	-0.0791389	0.603786	2.19509	-0.0786689
7.64321	-25.7895	582.082	-34.5061	-0.198331	-2.1861e-17	0.277727	0.619851	-13.9904	0.829354	26.5811	89.9241	-3.88332	-0.321402	-3.57974e-17	-0.0755965	0.635212	2.14893	-0.0928002
7.6532	-27.0176	573.488	-32.2975	-0.195863	-2.15928e-17	0.276814	0.658399	-13.9755	0.787068	27.5153	87.0518	-4.52019	-0.32075	-3.57483e-17	-0.0719035	0.658043	2.08189	-0.108103
7.66319	-27.9606	565.64	-30.08	-0.193323	-2.13175e-17	0.275931	0.689827	-13.9551	0.742114	28.3016	84.1288	-5.21966	-0.320452	-3.57415e-17	-0.067991	0.674616	2.00535	-0.12442
7.67318	-28.544	558.781	-27.9012	-0.190767	-2.10412e-17	0.275108	0.711078	-13.9201	0.695064	28.9266	81.1736	-5.946	-0.320545	-3.57786e-17	-0.0639961	0.679232	1.90606	-0.139619
7.68317	-28.7779	553.107	-25.7909	-0.188273	-2.07726e-17	0.274364	0.722077	-13.8782	0.647129	29.3433	78.2042	-6.68074	-0.320719	-3.58255e-17	-0.0601282	0.676335	1.80253	-0.153985
7.69316	-28.7142	548.757	-23.8109	-0.185856	-2.05126e-17	0.273698	0.724158	-13.8394	0.6005	29.5053	75.1942	-7.40323	-0.320897	-3.58715e-17	-0.0565805	0.660652	1.68367	-0.165766
7.70315	-28.4225	545.841	-22.0261	-0.183523	-2.02618e-17	0.273103	0.718705	-13.8024	0.556963	29.4231	72.0818	-8.09213	-0.320938	-3.58967e-17	-0.0534082	0.626778	1.5355	-0.172381
7.71314	-27.9641	544.39	-20.4965	-0.181283	-2.00207e-17	0.27257	0.70751	-13.7734	0.518573	29.0725	68.8211	-8.71492	-0.320632	-3.58788e-17	-0.0507964	0.582094	1.37795	-0.174491
7.72313	-27.4444	544.335	-19.2686	-0.179172	-1.97928e-17	0.272074	0.69326	-13.7502	0.486735	28.4255	65.3376	-9.21963	-0.319845	-3.58038e-17	-0.048881	0.533061	1.22527	-0.172895
7.73313	-26.9373	545.568	-18.3784	-0.177241	-1.95834e-17	0.271607	0.679044	-13.7529	0.463289	27.4956	61.5095	-9.54698	-0.318485	-3.56588e-17	-0.0475976	0.478476	1.07038	-0.166136
7.74312	-26.5067	547.991	-17.8666	-0.175496	-1.93929e-17	0.271162	0.666752	-13.7842	0.449418	26.2623	57.2358	-9.64187	-0.316694	-3.54561e-17	-0.0469486	0.415597	0.905747	-0.152581
7.75311	-26.2229	551.54	-17.7833	-0.173901	-1.92171e-17	0.270713	0.658069	-13.841	0.446276	24.6874	52.487	-9.48864	-0.314258	-3.51787e-17	-0.0469935	0.355638	0.756108	-0.13669
7.7631	-26.1196	556.143	-18.1572	-0.172438	-1.90537e-17	0.270247	0.65409	-13.927	0.454694	22.7562	47.2336	-9.08524	-0.310786	-3.47877e-17	-0.0476644	0.302156	0.627164	-0.120633
7.77309	-26.2522	561.745	-19.0109	-0.171101	-1.89021e-17	0.26974	0.656308	-14.0437	0.475273	20.4839	41.4776	-8.42254	-0.306448	-3.42941e-17	-0.0488518	0.246768	0.499679	-0.101466
7.78308	-26.6432	568.35	-20.3085	-0.16989	-1.87624e-17	0.26922	0.66615	-14.2102	0.507765	17.8731	35.282	-7.5043	-0.301863	-3.37716e-17	-0.0502379	0.195353	0.385633	-0.0820221
7.79307	-27.2727	575.998	-22.0363	-0.168796	-1.86339e-17	0.268696	0.682546	-14.4153	0.551495	14.9627	28.7974	-6.35465	-0.297391	-3.32672e-17	-0.0515257	0.152801	0.294081	-0.0648942
7.80306	-28.0921	584.681	-24.1822	-0.167815	-1.85162e-17	0.268173	0.703754	-14.6472	0.605805	11.8477	22.2283	-5.04982	-0.293363	-3.28072e-17	-0.0528587	0.111527	0.209244	-0.0475359
7.81306	-29.0797	594.372	-26.6879	-0.166923	-1.84072e-17	0.267652	0.729004	-14.9004	0.669044	8.67408	15.8624	-3.70205	-0.289807	-3.24017e-17	-0.0540719	0.0758713	0.138746	-0.0323814
7.82305	-30.2261	605.023	-29.441	-0.166123	-1.8308e-17	0.267136	0.757062	-15.1538	0.737397	5.6332	10.0785	-2.40688	-0.286723	-3.20494e-17	-0.055179	0.0460574	0.0824026	-0.0196788
7.83304	-31.5122	616.507	-32.3302	-0.16543	-1.82211e-17	0.26663	0.786428	-15.3857	0.806842	3.01981	5.30027	-1.29149	-0.284032	-3.17416e-17	-0.0561886	0.0231778	0.0406809	-0.00991249
7.84303	-32.9348	628.613	-35.2443	-0.16484	-1.81466e-17	0.266126	0.816451	-15.5833	0.873701	0	0	0	0	-1.81466e-17	0	0	0	0
7.85302	-34.4775	641.072	-38.1129	-0.16432	-1.80812e-17	0.265608	0.846143	-15.7331	0.935362	0	0	0	0	-1.80812e-17	0	0	0	0
7.86301	-36.0555	653.56	-40.8744	-0.163853	-1.80232e-17	0.265087	0.872708	-15.8192	0.989347	0	0	0	0	-1.80232e-17	0	0	0	0
7.873	-37.5878	665.679	-43.4696	-0.16346	-1.79753e-17	0.264573	0.893989	-15.8325	1.03388	0	0	0	0	-1.79753e-17	0	0	0	0
7.88299	-39.0386	676.972	-45.8565	-0.163175	-1.79407e-17	0.264075	0.910552	-15.79	1.06958	0	0	0	0	-1.79407e-17	0	0	0	0
7.89298	-40.3333	687.034	-48.0676	-0.162998	-1.79189e-17	0.263598	0.921984	-15.705	1.09878	0	0	0	0	-1.79189e-17	0	0	0	0
7.90298	-41.4355	695.587	-50.1603	-0.162902	-1.79066e-17	0.263131	0.927301	-15.5668	1.12256	0	0	0	0	-1.79066e-17	0	0	0	0
7.91297	-42.3333	702.469	-52.1767	-0.162883	-1.79029e-17	0.262688	0.928344	-15.4047	1.1442	0	0	0	0	-1.79029e-17	0	0	0	0
7.92296	-43.0219	707.64	-54.157	-0.162966	-1.791e-17	0.262265	0.926007	-15.2313	1.16568	0	0	0	0	-1.791e-17	0	0	0	0
7.93295	-43.4835	711.207	-56.1407	-0.163152	-1.79281e-17	0.261863	0.919986	-15.0471	1.18778	0	0	0	0	-1.79281e-17	0	0	0	0
7.94294	-43.7629	713.382	-58.1453	-0.163434	-1.79563e-17	0.261485	0.911799	-14.8633	1.21145	0	0	0	0	-1.79563e-17	0	0	0	0
7.95293	-43.9337	714.416	-60.1952	-0.163804	-1.79937e-17	0.261117	0.903038	-14.6845	1.23729	0	0	0	0	-1.79937e-17	0	0	0	0
7.96292	-43.9976	714.57	-62.2888	-0.164276	-1.80418e-17	0.260758	0.893701	-14.5147	1.26524	0	0	0	0	-1.80418e-17	0	0	0	0
7.97291	-43.9744	714.138	-64.4197	-0.164871	-1.81033e-17	0.260403	0.882974	-14.3394	1.2935	0	0	0	0	-1.81033e-17	0	0	0	0
7.9829	-43.8969	713.39	-66.6005	-0.165596	-1.81792e-17	0.260041	0.870754	-14.1511	1.32111	0	0	0	0	-1.81792e-17	0	0	0	0
7.9929	-43.7541	712.515	-68.8352	-0.166437	-1.82683e-17	0.259675	0.856445	-13.9468	1.34738	0	0	0	0	-1.82683e-17	0	0	0	0
8.00289	-43.5118	711.587	-71.1084	-0.167399	-1.83711e-17	0.25931	0.838811	-13.7178	1.37081	0	0	0	0	-1.83711e-17	0	0	0	0
8.01288	-43.1679	710.572	-73.356	-0.168509	-1.8491e-17	0.258974	0.818137	-13.4671	1.39028	0	0	0	0	-1.8491e-17	0	0	0	0
8.02287	-42.7129	709.308	-75.493	-0.169805	-1.86322e-17	0.258702	0.795162	-13.2048	1.40541	0.0234	3.65213	-0.0533965	-0.233439	-2.5926e-17	-0.127607	0.000131595	0.0205385	-0.000300286
8.03286	-42.1543	707.525	-77.4983	-0.171343	-1.88008e-17	0.258488	0.769705	-12.9189	1.41506	0.10668	10.7052	-0.0783174	-0.231527	-2.571e-17	-0.127129	0.000704159	0.0706609	-0.000516945
8.04285	-41.469	704.899	-79.3171	-0.173139	-1.89989e-17	0.258341	0.741372	-12.602	1.41801	0.286088	20.8715	0.00764153	-0.229332	-2.54606e-17	-0.126614	0.00218204	0.15919	5.82831e-05
8.05284	-40.6155	701.042	-80.9111	-0.175222	-1.92296e-17	0.258281	0.709913	-12.2534	1.41423	0.596807	33.7567	0.287665	-0.226717	-2.51624e-17	-0.126059	0.00520146	0.294206	0.00250714
8.06283	-39.5189	695.525	-82.1998	-0.177653	-1.94993e-17	0.258346	0.675164	-11.8828	1.40435	1.07117	48.7587	0.84486	-0.223562	-2.48014e-17	-0.125466	0.010592	0.482139	0.0083542
8.07282	-38.0788	687.974	-83.1408	-0.180525	-1.98176e-17	0.258571	0.637792	-11.5231	1.39255	1.6815	65.1952	1.73985	-0.219788	-2.43684e-17	-0.124865	0.0187138	0.725574	0.0193632
8.08282	-36.2135	678.137	-83.6828	-0.183906	-2.01919e-17	0.258986	0.596756	-11.1749	1.37899	2.35262	82.364	2.98586	-0.215384	-2.38625e-17	-0.124307	0.0292313	1.02337	0.0370993
8.09281	-33.8369	665.942	-83.7866	-0.187793	-2.06216e-17	0.259635	0.551503	-10.8541	1.36562	2.9839	99.6016	4.57166	-0.210448	-2.32951e-17	-0.123875	0.0406042	1.35536	0.0622102
8.1028	-30.9643	651.453	-83.4296	-0.192186	-2.11064e-17	0.260527	0.502044	-10.5624	1.3527	3.46008	116.3	6.44326	-0.205248	-2.26979e-17	-0.123559	0.0501856	1.68683	0.093454
8.11279	-27.66	634.81	-82.6285	-0.197105	-2.16486e-17	0.261651	0.448871	-10.3018	1.34091	3.66893	132.068	8.54404	-0.200047	-2.21004e-17	-0.123369	0.0558316	2.00974	0.130018
8.12278	-24.0405	616.264	-81.42	-0.202538	-2.22467e-17	0.262972	0.392557	-10.0629	1.3295	3.63162	146.854	10.8213	-0.194987	-2.15183e-17	-0.123289	0.0575389	2.32673	0.171451
8.13277	-20.2291	596.223	-79.865	-0.208389	-2.28903e-17	0.264457	0.333864	-9.84014	1.3181	3.38489	160.832	13.2755	-0.190144	-2.09616e-17	-0.123265	0.054909	2.60898	0.215352
8.14276	-16.4115	575.116	-78.0214	-0.214555	-2.35679e-17	0.266058	0.27519	-9.6436	1.30827	2.91731	174.358	15.8679	-0.18554	-2.04332e-17	-0.123215	0.0479052	2.86315	0.260567
8.15275	-12.7594	553.329	-75.9835	-0.220949	-2.42693e-17	0.267696	0.218474	-9.47446	1.30104	2.21154	187.963	18.5428	-0.181177	-1.99337e-17	-0.123088	0.0365449	3.10602	0.306414
8.16274	-9.41322	531.221	-73.8266	-0.227488	-2.49857e-17	0.269288	0.165066	-9.31522	1.29459	1.2958	202.231	21.2615	-0.177089	-1.9468e-17	-0.122855	0.0214009	3.33997	0.351146
8.17274	-6.52795	509.125	-71.5859	-0.234049	-2.57036e-17	0.270771	0.117548	-9.16779	1.28904	0.194018	217.668	24.0156	-0.173248	-1.90337e-17	-0.122471	0.00317962	3.5672	0.393574
8.18273	-4.23651	487.262	-69.3035	-0.240482	-2.64063e-17	0.272065	0.078477	-9.02604	1.28378	-1.11622	234.649	26.8117	-0.169712	-1.86375e-17	-0.121928	-0.0179796	3.77962	0.431872
8.19272	-2.61446	465.74	-67.0449	-0.246664	-2.70807e-17	0.273084	0.0498033	-8.87198	1.27715	-2.58305	253.372	29.6392	-0.166468	-1.8278e-17	-0.121217	-0.0405216	3.97477	0.464965
8.20271	-1.66332	444.556	-64.8561	-0.252534	-2.77204e-17	0.27377	0.0325057	-8.68778	1.26746	-4.18734	273.866	32.458	-0.163538	-1.79561e-17	-0.120391	-0.0637246	4.16779	0.493959
8.2127	-1.37179	423.567	-62.7344	-0.258032	-2.83189e-17	0.274091	0.0274012	-8.46068	1.25311	-5.93216	295.999	35.2386	-0.160982	-1.76771e-17	-0.119519	-0.087755	4.37874	0.521288
8.22269	-1.63739	402.494	-60.6125	-0.263128	-2.88722e-17	0.274076	0.0333848	-8.20647	1.23583	-7.79435	319.507	37.9799	-0.158817	-1.74421e-17	-0.118643	-0.112301	4.60347	0.547216
8.23268	-2.32424	380.996	-58.4166	-0.267908	-2.93901e-17	0.273742	0.0482747	-7.91332	1.21332	-9.73655	344.083	40.672	-0.157019	-1.72483e-17	-0.117812	-0.136735	4.83212	0.571177
8.24267	-3.2926	358.774	-56.0439	-0.272507	-2.98882e-17	0.273127	0.0695199	-7.57515	1.18331	-11.7661	369.422	43.302	-0.155566	-1.70924e-17	-0.117095	-0.161721	5.07755	0.595168
8.25266	-4.39476	335.661	-53.3824	-0.277014	-3.03764e-17	0.272301	0.094168	-7.19234	1.14384	-13.8494	395.23	45.8617	-0.154481	-1.69767e-17	-0.116507	-0.187222	5.3429	0.61998
8.26266	-5.49279	311.632	-50.364	-0.281448	-3.08576e-17	0.27133	0.119227	-6.7643	1.0932	-15.9154	421.253	48.3794	-0.15371	-1.68954e-17	-0.116033	-0.212069	5.6131	0.644644
8.27265	-6.49604	286.82	-46.947	-0.285864	-3.13387e-17	0.270268	0.142445	-6.28937	1.02945	-17.9368	447.347	50.8599	-0.153167	-1.68384e-17	-0.115696	-0.236662	5.9024	0.671056
8.28264	-7.33692	261.517	-43.1365	-0.290326	-3.18292e-17	0.269171	0.161645	-5.76168	0.950374	-19.8976	473.393	53.2975	-0.152819	-1.68017e-17	-0.115516	-0.262157	6.2371	0.702212
8.29263	-7.94204	236.146	-38.976	-0.294812	-3.23292e-17	0.268082	0.174	-5.17365	0.853913	-21.7447	499.259	55.684	-0.152678	-1.67868e-17	-0.115451	-0.287662	6.6047	0.736644
8.30262	-8.28379	211.178	-34.5295	-0.299239	-3.28318e-17	0.26708	0.178127	-4.54098	0.742491	-23.4241	524.804	58.0023	-0.152712	-1.67907e-17	-0.115462	-0.31262	7.00409	0.774104
8.31261	-8.38582	187.097	-29.8912	-0.303505	-3.3328e-17	0.266221	0.173866	-3.87915	0.619743	-24.9249	549.89	60.2449	-0.152883	-1.68088e-17	-0.115544	-0.337246	7.44029	0.815144
8.3226	-8.27335	164.373	-25.1949	-0.307568	-3.38157e-17	0.265534	0.161018	-3.19906	0.490349	-26.1894	574.287	62.3771	-0.153164	-1.68385e-17	-0.11568	-0.36096	7.91522	0.859725
8.33259	-7.97053	143.395	-20.5786	-0.311341	-3.4285e-17	0.265091	0.140448	-2.52675	0.362614	-27.1595	597.655	64.3427	-0.153573	-1.68816e-17	-0.115836	-0.382692	8.42129	0.906625
8.34258	-7.54682	124.456	-16.1689	-0.314706	-3.47205e-17	0.264938	0.11456	-1.88922	0.245442	-27.8137	619.573	66.1	-0.154118	-1.69393e-17	-0.115991	-0.402091	8.95689	0.955579
8.35258	-7.04688	107.746	-12.0642	-0.317554	-3.5104e-17	0.265135	0.0858834	-1.31315	0.147031	-28.1365	639.616	67.6007	-0.154779	-1.70092e-17	-0.116152	-0.418874	9.52212	1.00639
8.36257	-6.49037	93.3129	-8.35528	-0.319931	-3.54332e-17	0.265684	0.0563178	-0.809687	0.0724998	-28.105	657.347	68.8036	-0.155526	-1.70882e-17	-0.116304	-0.43191	10.1019	1.05735
8.37256	-5.92225	81.0721	-5.1186	-0.321851	-3.56998e-17	0.26644	0.027772	-0.380183	0.0240034	-27.7578	672.401	69.6575	-0.156365	-1.71771e-17	-0.116437	-0.441398	10.6924	1.10768
8.38255	-5.37094	70.8384	-2.38675	-0.323279	-3.58892e-17	0.267379	0.0028801	-0.0379862	0.00127987	-27.1583	684.552	70.1346	-0.157286	-1.72746e-17	-0.116551	-0.448043	11.2933	1.15704
8.39254	-4.84208	62.3934	-0.147837	-0.324093	-3.59825e-17	0.268454	-0.0173803	0.223957	-0.000530649	-26.3304	693.747	70.2649	-0.158234	-1.73749e-17	-0.116649	-0.451007	11.883	1.20355
8.40253	-4.33644	55.4646	1.62938	-0.324291	-3.59793e-17	0.269627	-0.0323009	0.413139	0.0121368	-25.3216	700.055	70.0826	-0.159188	-1.74758e-17	-0.116731	-0.450215	12.4469	1.24606
8.41252	-3.84904	49.756	2.98217	-0.324045	-3.59051e-17	0.270894	-0.0411244	0.53161	0.0318625	-24.2035	703.641	69.6186	-0.160172	-1.75798e-17	-0.116801	-0.44698	12.9945	1.28569
8.42251	-3.34887	44.9894	3.94908	-0.323565	-3.57915e-17	0.272131	-0.0451396	0.606413	0.0532298	-23.0109	704.77	68.9139	-0.161202	-1.76888e-17	-0.116863	-0.441424	13.5198	1.32199
8.4325	-2.82485	40.9005	4.57213	-0.323	-3.5662e-17	0.273269	-0.0451081	0.653111	0.073009	-21.7622	703.797	68.0034	-0.162266	-1.78016e-17	-0.116928	-0.433291	14.0128	1.35396
8.4425	-2.29869	37.2369	4.91665	-0.322427	-3.55325e-17	0.274288	-0.0414088	0.67079	0.0885691	-20.5042	701.078	66.918	-0.163356	-1.79173e-17	-0.117003	-0.42347	14.4792	1.38204
8.45249	-1.78175	33.7903	5.02186	-0.321941	-3.54135e-17	0.27516	-0.0355478	0.674153	0.100191	-19.2461	696.938	65.6647	-0.164476	-1.80365e-17	-0.117079	-0.411978	14.9185	1.4056
8.46248	-1.2812	30.3742	4.91464	-0.321626	-3.53105e-17	0.275888	-0.0283282	0.671593	0.108666	-17.9826	691.711	64.2376	-0.165639	-1.81612e-17	-0.11715	-0.398462	15.327	1.42338
8.47247	-0.83258	26.8634	4.63236	-0.321479	-3.52258e-17	0.276499	-0.0202465	0.653257	0.112649	-16.7397	685.71	62.6477	-0.166841	-1.82906e-17	-0.117222	-0.383587	15.713	1.43556
8.48246	-0.456376	23.181	4.21831	-0.321499	-3.51594e-17	0.277017	-0.0120651	0.612832	0.111519	-15.5171	679.186	60.9303	-0.168057	-1.84223e-17	-0.117285	-0.367393	16.0808	1.44262
8.49245	-0.149508	19.3105	3.68452	-0.321731	-3.51097e-17	0.277483	-0.0043026	0.555727	0.106035	-14.2885	672.357	59.121	-0.169275	-1.85547e-17	-0.117332	-0.349271	16.4352	1.44516
8.50244	0	0	0	0	-1.86878e-17	0	0	0	0	-13.0745	665.452	57.2537	-0.170494	-1.86878e-17	-0.117363	-0.32973	16.7823	1.4439
8.51243	0	0	0	0	-1.88193e-17	0	0	0	0	-11.9318	658.691	55.358	-0.171695	-1.88193e-17	-0.117385	-0.310309	17.1305	1.43969
8.52242	0	0	0	0	-1.89464e-17	0	0	0	0	-10.8829	652.266	53.4864	-0.172851	-1.89464e-17	-0.117399	-0.291578	17.4757	1.43302
8.53242	0	0	0	0	-1.90668e-17	0	0	0	0	-9.9553	646.386	51.6879	-0.173942	-1.90668e-17	-0.117411	-0.274285	17.809	1.42409
8.54241	1.79232	4.1125	2.72924	-0.346979	-3.5416e-17	0.348878	0.0755665	0.173388	0.115069	-9.19321	641.224	49.9954	-0.174967	-1.91803e-17	-0.117446	-0.260106	18.1423	1.41453
8.5524	2.85697	6.80117	4.27727	-0.34448	-3.5416e-17	0.347523	0.115752	0.275553	0.173296	-8.60884	636.879	48.4582	-0.175935	-1.92877e-17	-0.11751	-0.249631	18.4676	1.40514
8.56239	4.06136	10.0573	5.96463	-0.341896	-3.54161e-17	0.346094	0.156797	0.38828	0.230276	-8.17999	633.41	47.1179	-0.176838	-1.93882e-17	-0.117599	-0.242432	18.7725	1.39644
8.57238	5.31265	13.7397	7.62851	-0.339178	-3.54161e-17	0.344556	0.193083	0.499357	0.277252	-7.92383	630.843	45.9811	-0.177687	-1.94827e-17	-0.117729	-0.239432	19.062	1.3894
8.58237	6.47749	17.6071	9.04667	-0.336243	-3.5416e-17	0.34285	0.217394	0.59092	0.303619	-7.84283	629.16	45.0405	-0.178468	-1.95696e-17	-0.117906	-0.241112	19.3423	1.38468
8.59236	7.48873	21.4924	10.0793	-0.333261	-3.5416e-17	0.341099	0.227742	0.653613	0.306524	-7.91851	628.316	44.2731	-0.17916	-1.96466e-17	-0.118121	-0.247165	19.612	1.38192
8.60235	8.28225	25.2867	10.6896	-0.330311	-3.54159e-17	0.339267	0.22163	0.676664	0.286049	-8.17049	628.219	43.6595	-0.179777	-1.97153e-17	-0.118365	-0.258301	19.8605	1.38025
8.61234	8.82289	28.9212	10.8868	-0.327487	-3.54158e-17	0.337381	0.198987	0.652276	0.245536	-8.60997	628.75	43.1778	-0.180332	-1.97774e-17	-0.118623	-0.274942	20.0778	1.37879
8.62234	9.15039	32.3194	10.7105	-0.325072	-3.54156e-17	0.335691	0.167778	0.592594	0.196383	-9.21523	629.788	42.7914	-0.180821	-1.98326e-17	-0.118884	-0.296331	20.2519	1.37603
8.63233	9.28909	35.4019	10.2147	-0.323203	-3.54154e-17	0.334326	0.135534	0.51654	0.14904	-9.96961	631.207	42.4601	-0.181245	-1.9881e-17	-0.119147	-0.322016	20.3878	1.37145
8.64232	9.26315	38.092	9.48397	-0.321778	-3.54151e-17	0.333217	0.103716	0.4265	0.106188	-10.8649	632.862	42.1473	-0.181622	-1.99247e-17	-0.11941	-0.351698	20.4859	1.36432
8.65231	9.13504	40.335	8.63082	-0.320717	-3.54147e-17	0.332322	0.0738792	0.326207	0.0698013	-11.8419	634.595	41.8479	-0.181959	-1.99646e-17	-0.119656	-0.3831	20.5299	1.35383
8.6623	8.97492	42.0897	7.77801	-0.319966	-3.54142e-17	0.331621	0.0477526	0.223946	0.0413842	-12.8624	636.258	41.549	-0.182246	-1.99997e-17	-0.119882	-0.414551	20.5063	1.33911
8.67229	8.79543	43.3474	7.00604	-0.319451	-3.54137e-17	0.331076	0.0257227	0.126772	0.0204896	-13.9121	637.697	41.2194	-0.182487	-2.00302e-17	-0.120089	-0.445641	20.4271	1.32036
8.68228	8.62277	44.1276	6.37026	-0.319111	-3.54131e-17	0.330664	0.00820962	0.0420133	0.00606504	-14.957	638.762	40.842	-0.182694	-2.00576e-17	-0.120269	-0.475281	20.2977	1.29782
8.69227	8.49026	44.4686	5.91334	-0.318889	-3.54126e-17	0.330359	-0.00510557	-0.0267409	-0.00355595	-15.9529	639.356	40.4178	-0.182869	-2.00817e-17	-0.120418	-0.502065	20.1216	1.27202
8.70226	8.38019	44.4226	5.6542	-0.318716	-3.54122e-17	0.330102	-0.0163972	-0.0869198	-0.0110633	-16.9111	639.424	39.9436	-0.183019	-2.01032e-17	-0.12054	-0.526568	19.91	1.24374
8.71226	8.28696	44.064	5.58208	-0.318544	-3.54121e-17	0.329847	-0.0274823	-0.146131	-0.018512	-17.8228	638.967	39.4199	-0.183138	-2.01215e-17	-0.120636	-0.548651	19.6698	1.21349
8.72225	8.2387	43.4848	5.66282	-0.318411	-3.54123e-17	0.329666	-0.0351022	-0.185273	-0.0241272	-18.6492	638.048	38.8496	-0.183238	-2.0138e-17	-0.1207	-0.566949	19.3971	1.18106
8.73224	8.23376	42.7687	5.86494	-0.318343	-3.54132e-17	0.329596	-0.0378799	-0.19676	-0.026982	-19.4026	636.774	38.2504	-0.183336	-2.01543e-17	-0.120742	-0.5819	19.0974	1.14716
8.74223	8.25468	41.9829	6.17371	-0.318278	-3.54148e-17	0.329548	-0.0398804	-0.20283	-0.0298267	-20.0902	635.278	37.6495	-0.183447	-2.01722e-17	-0.120764	-0.593755	18.7753	1.11271
8.75222	8.31606	41.1737	6.54566	-0.318206	-3.54175e-17	0.329499	-0.0421954	-0.208914	-0.0332125	-20.6786	633.722	37.0815	-0.183593	-2.01942e-17	-0.120759	-0.600974	18.4176	1.07769
8.76221	8.42476	40.3652	6.92848	-0.318154	-3.54216e-17	0.329472	-0.0439674	-0.210659	-0.0361586	-21.1755	632.28	36.5738	-0.183808	-2.02237e-17	-0.120737	-0.603907	18.0321	1.04305
8.7722	8.56293	39.571	7.28781	-0.318097	-3.54272e-17	0.329433	-0.0466528	-0.215592	-0.0397057	-21.6203	631.129	36.136	-0.184103	-2.0262e-17	-0.120708	-0.603819	17.6264	1.00922
8.78219	8.71913	38.807	7.60332	-0.318022	-3.54346e-17	0.329366	-0.0509296	-0.226676	-0.044412	-22.0122	630.443	35.7851	-0.184457	-2.03071e-17	-0.120676	-0.599673	17.1751	0.974887
8.79218	8.90334	38.0981	7.86056	-0.317902	-3.54438e-17	0.329234	-0.0581499	-0.248828	-0.0513392	-22.3571	630.361	35.542	-0.184865	-2.03586e-17	-0.120647	-0.591216	16.6694	0.939881
8.80218	9.10132	37.4887	8.04737	-0.317738	-3.54548e-17	0.329034	-0.0683087	-0.281366	-0.0603984	-22.6876	630.98	35.4041	-0.185353	-2.04191e-17	-0.120636	-0.57978	16.1246	0.904746
8.81217	9.32259	37.0271	8.14082	-0.317519	-3.54672e-17	0.32874	-0.0822761	-0.326781	-0.0718464	-22.9888	632.335	35.3837	-0.185934	-2.04901e-17	-0.120648	-0.564955	15.5398	0.869562
8.82216	9.57734	36.7492	8.11537	-0.317311	-3.54801e-17	0.328397	-0.0982139	-0.376856	-0.0832217	-23.2155	634.407	35.4873	-0.18659	-2.05697e-17	-0.120685	-0.545597	14.9095	0.834003
8.83215	9.86066	36.691	7.97237	-0.317109	-3.54923e-17	0.327982	-0.116921	-0.435058	-0.0945312	-23.3753	637.146	35.7208	-0.187313	-2.06567e-17	-0.12076	-0.522752	14.2488	0.798839
8.84214	10.1653	36.8774	7.70686	-0.316926	-3.55018e-17	0.327486	-0.138451	-0.502269	-0.104967	-23.4708	640.479	36.0667	-0.188118	-2.07528e-17	-0.120886	-0.497307	13.5706	0.764191
8.85213	10.5225	37.3486	7.31638	-0.316743	-3.55061e-17	0.326847	-0.164778	-0.584864	-0.114571	-23.4714	644.308	36.5074	-0.188998	-2.08573e-17	-0.121057	-0.468863	12.8707	0.729269
8.86212	10.9465	38.1461	6.81187	-0.316593	-3.55015e-17	0.326091	-0.194698	-0.678478	-0.121158	-23.3877	648.539	37.0133	-0.189924	-2.0967e-17	-0.121271	-0.438354	12.1555	0.693738
8.87211	11.4445	39.3123	6.22082	-0.316444	-3.54836e-17	0.325187	-0.228811	-0.785977	-0.124374	-23.2541	653.086	37.5612	-0.19088	-2.108e-17	-0.121528	-0.407457	11.4433	0.658146
8.8821	12.032	40.8856	5.56559	-0.316256	-3.5447e-17	0.324117	-0.267163	-0.907841	-0.123581	-23.0748	657.863	38.122	-0.19187	-2.11969e-17	-0.121826	-0.37632	10.7289	0.62172
8.8921	12.7248	42.8993	4.86823	-0.315953	-3.5386e-17	0.322821	-0.311183	-1.04909	-0.119052	-22.8652	662.712	38.6869	-0.192896	-2.13179e-17	-0.122154	-0.345332	10.0089	0.584286
8.90209	13.5132	45.3878	4.14764	-0.315443	-3.52941e-17	0.321216	-0.363501	-1.22092	-0.11157	-22.6702	667.419	39.2549	-0.193949	-2.14417e-17	-0.122511	-0.315735	9.29535	0.546716
8.91208	14.3945	48.4221	3.42106	-0.314659	-3.51653e-17	0.31929	-0.424321	-1.42739	-0.100846	-22.484	671.726	39.8471	-0.195018	-2.15671e-17	-0.122891	-0.287393	8.58606	0.509329
8.92207	15.3615	52.0773	2.66729	-0.313572	-3.4995e-17	0.317108	-0.490372	-1.66242	-0.0851459	-22.2875	675.396	40.4695	-0.196096	-2.16936e-17	-0.123283	-0.259591	7.86658	0.471362
8.93206	16.3867	56.4126	1.85337	-0.312158	-3.47809e-17	0.314718	-0.558953	-1.92424	-0.0632187	-22.1041	678.209	41.1118	-0.1972	-2.18227e-17	-0.123687	-0.233077	7.15138	0.433504
8.94205	17.4314	61.4637	0.96426	-0.310409	-3.45248e-17	0.312199	-0.625079	-2.20405	-0.0345778	-21.9234	679.967	41.7583	-0.198345	-2.1956e-17	-0.124103	-0.208001	6.45128	0.396187
8.95204	18.4607	67.2455	-0.0109059	-0.308263	-3.42235e-17	0.309753	-0.688893	-2.50938	0.000406973	-21.6905	680.478	42.4145	-0.199526	-2.20933e-17	-0.124528	-0.183552	5.75842	0.358926
8.96203	19.3957	73.7729	-1.11029	-0.305776	-3.38835e-17	0.307376	-0.74843	-2.8467	0.0428431	-21.373	679.562	43.0527	-0.200749	-2.2235e-17	-0.124964	-0.159874	5.08325	0.322042
8.97202	20.1619	81.0544	-2.39324	-0.303196	-3.35314e-17	0.305072	-0.799999	-3.21614	0.0949607	-20.9579	677.046	43.6359	-0.202029	-2.23827e-17	-0.125413	-0.137789	4.45128	0.286886
8.98202	20.6985	89.0897	-3.92669	-0.300898	-3.32084e-17	0.302794	-0.837433	-3.60446	0.158869	-20.395	672.786	44.1337	-0.20338	-2.25379e-17	-0.125874	-0.117199	3.86612	0.253611
8.99201	20.9363	97.8655	-5.75838	-0.298957	-3.29233e-17	0.300476	-0.857556	-4.0086	0.235865	-19.6599	666.677	44.5204	-0.204793	-2.26995e-17	-0.126342	-0.0982571	3.33195	0.222506
9.002	20.8021	107.365	-7.91299	-0.297306	-3.26704e-17	0.298054	-0.857189	-4.42417	0.326069	-18.7708	658.644	44.7797	-0.206253	-2.2866e-17	-0.12681	-0.0813661	2.85503	0.194107
9.01199	20.2906	117.561	-10.4205	-0.295863	-3.24417e-17	0.29554	-0.836637	-4.84736	0.429666	-17.7278	648.666	44.9022	-0.207751	-2.30363e-17	-0.127266	-0.0662187	2.42296	0.167723
9.02198	19.4534	128.374	-13.2954	-0.294552	-3.22291e-17	0.292979	-0.799899	-5.27858	0.546688	-16.5591	636.781	44.8784	-0.209298	-2.32119e-17	-0.12771	-0.0527015	2.02664	0.142831
9.03197	18.3136	139.619	-16.5259	-0.293251	-3.20194e-17	0.290379	-0.749734	-5.71582	0.676547	-15.3116	623.076	44.6962	-0.210901	-2.33933e-17	-0.128146	-0.0412378	1.6781	0.120378
9.04196	16.9002	151.006	-20.0549	-0.291884	-3.18048e-17	0.287762	-0.688732	-6.15393	0.817299	-14.0129	607.714	44.3635	-0.212546	-2.35791e-17	-0.12858	-0.0315915	1.37007	0.100016
9.05195	15.2561	162.195	-23.7847	-0.290369	-3.15767e-17	0.28518	-0.619152	-6.58253	0.965279	-12.6447	590.923	43.9	-0.214221	-2.37682e-17	-0.129017	-0.0232694	1.08744	0.0807866
9.06194	13.4051	172.805	-27.5766	-0.288782	-3.13453e-17	0.28269	-0.541634	-6.98223	1.11424	-11.2172	572.943	43.3182	-0.215942	-2.39621e-17	-0.129469	-0.0163992	0.837627	0.06333
9.07194	11.3767	182.482	-31.2606	-0.287167	-3.11164e-17	0.280349	-0.457941	-7.34535	1.25832	-9.75624	554.006	42.6352	-0.217706	-2.41605e-17	-0.129946	-0.0111247	0.631714	0.0486155
9.08193	9.19734	190.965	-34.6423	-0.28549	-3.0887e-17	0.278234	-0.369318	-7.66816	1.39105	-8.23104	534.362	41.8825	-0.219502	-2.4362e-17	-0.130453	-0.00717882	0.466052	0.0365284
9.09192	6.88717	198.146	-37.5232	-0.283687	-3.06518e-17	0.276396	-0.276408	-7.95234	1.50595	-6.64752	514.319	41.1112	-0.221342	-2.45682e-17	-0.13101	-0.00427422	0.330697	0.0264337
9.10191	4.46695	204.049	-39.7406	-0.2818	-3.04188e-17	0.274814	-0.179184	-8.18506	1.59413	-5.03356	494.214	40.3594	-0.223241	-2.47802e-17	-0.131633	-0.00246658	0.242178	0.0197772
9.1119	1.978	208.875	-41.2158	-0.279852	-3.01933e-17	0.27344	-0.0791423	-8.35737	1.6491	-3.41147	474.403	39.6894	-0.225168	-2.49951e-17	-0.132327	-0.00130803	0.181896	0.0152177
9.12189	-0.568993	212.964	-41.9563	-0.277797	-2.99711e-17	0.272242	0.0226473	-8.4765	1.66996	-1.83488	455.291	39.1838	-0.227076	-2.5208e-17	-0.133104	-0.000485958	0.120581	0.0103776
9.13188	-3.19194	216.755	-42.0551	-0.275535	-2.97391e-17	0.271194	0.126163	-8.56731	1.66224	-0.413482	437.338	38.9139	-0.228908	-2.54128e-17	-0.133978	-4.49434e-05	0.0475364	0.00422975
9.14187	-5.91094	220.691	-41.6896	-0.273061	-2.94946e-17	0.27024	0.231461	-8.64183	1.63248	0.768348	421.025	38.9276	-0.230594	-2.56024e-17	-0.134954	-9.75582e-05	-0.053458	-0.00494269
9.15187	-8.72682	225.162	-41.0807	-0.270434	-2.92403e-17	0.269312	0.337732	-8.71388	1.58984	1.65776	406.788	39.2536	-0.232095	-2.57729e-17	-0.136025	-0.000805862	-0.197746	-0.0190818
9.16186	-11.6543	230.475	-40.4158	-0.267729	-2.89796e-17	0.268392	0.445553	-8.81122	1.54513	2.18673	394.959	39.9161	-0.233385	-2.59219e-17	-0.137182	-0.00213145	-0.384976	-0.0389071
9.17185	-14.6786	236.836	-39.852	-0.264936	-2.87084e-17	0.267431	0.554201	-8.94193	1.50464	2.33869	385.726	40.9227	-0.234439	-2.60467e-17	-0.138393	-0.00372969	-0.615148	-0.0652627
9.18184	-17.732	244.322	-39.4793	-0.261984	-2.84167e-17	0.266442	0.661563	-9.11538	1.47293	2.18689	379.125	42.2363	-0.235272	-2.61498e-17	-0.1396	-0.00519645	-0.900871	-0.100361
9.19183	-20.7559	252.873	-39.3347	-0.258911	-2.81074e-17	0.265409	0.766149	-9.33413	1.45194	1.82881	375.052	43.7814	-0.23592	-2.62348e-17	-0.140742	-0.00598283	-1.22696	-0.143228
9.20182	-23.6694	262.309	-39.3871	-0.255802	-2.77897e-17	0.264377	0.866181	-9.5992	1.44137	1.36111	373.333	45.4717	-0.236414	-2.63042e-17	-0.141768	-0.00574281	-1.57517	-0.191855
9.21181	-26.4095	272.418	-39.5598	-0.252712	-2.74705e-17	0.263399	0.96018	-9.90439	1.43829	0.937106	373.739	47.2454	-0.236793	-2.63622e-17	-0.142635	-0.00486401	-1.93988	-0.245225
9.2218	-28.9447	283.01	-39.7752	-0.249684	-2.71548e-17	0.262536	1.04939	-10.2605	1.44206	0.681976	375.983	49.0414	-0.237119	-2.64146e-17	-0.143318	-0.00419723	-2.314	-0.301827
9.23179	-31.2651	293.961	-39.9961	-0.246745	-2.68461e-17	0.261812	1.13438	-10.6656	1.45116	0.685498	379.729	50.788	-0.237461	-2.64676e-17	-0.14381	-0.00480553	-2.66201	-0.356038
9.24179	-33.3387	305.176	-40.2434	-0.243876	-2.65432e-17	0.261192	1.21251	-11.0991	1.46363	1.03071	384.646	52.4264	-0.237868	-2.6525e-17	-0.144119	-0.00792572	-2.95777	-0.403138
9.25178	-35.1343	316.565	-40.5307	-0.241022	-2.62399e-17	0.260656	1.2824	-11.5546	1.47937	1.76394	390.418	53.9295	-0.238364	-2.65889e-17	-0.144263	-0.0143981	-3.18678	-0.440199
9.26177	-36.6259	328.007	-40.8277	-0.238197	-2.59382e-17	0.260239	1.34356	-12.0324	1.4977	2.87368	396.719	55.2847	-0.238958	-2.66598e-17	-0.144262	-0.0241812	-3.33828	-0.465205
9.27176	-37.7597	339.334	-41.1107	-0.235448	-2.5644e-17	0.25994	1.39228	-12.5119	1.51584	4.33435	403.185	56.4828	-0.239666	-2.67398e-17	-0.144149	-0.0366572	-3.40989	-0.477697
9.28175	-38.4861	350.282	-41.3791	-0.232832	-2.53639e-17	0.25975	1.42502	-12.9698	1.53214	6.10621	409.403	57.4894	-0.240546	-2.68356e-17	-0.143958	-0.0507479	-3.40249	-0.477786
9.29174	-38.8228	360.511	-41.6278	-0.230407	-2.51042e-17	0.259666	1.44158	-13.3866	1.54574	8.11767	414.916	58.2433	-0.241626	-2.69501e-17	-0.143739	-0.064706	-3.3073	-0.464258
9.30173	-38.8139	369.623	-41.8538	-0.228238	-2.48721e-17	0.259684	1.44315	-13.743	1.55617	10.306	419.216	58.6946	-0.242935	-2.70874e-17	-0.143538	-0.0770264	-3.13319	-0.438679
9.31172	-38.5356	377.225	-42.0402	-0.226434	-2.46796e-17	0.259792	1.43147	-14.0127	1.56166	12.6281	421.789	58.8067	-0.244519	-2.72535e-17	-0.143382	-0.0868024	-2.89928	-0.404224
9.32171	-38.1181	383.056	-42.19	-0.225108	-2.45391e-17	0.259983	1.41185	-14.1879	1.56267	15.0079	422.185	58.5477	-0.246436	-2.74552e-17	-0.143294	-0.0929194	-2.6139	-0.362489
9.33171	-37.6805	387.046	-42.3192	-0.224269	-2.44511e-17	0.260255	1.38977	-14.2754	1.56086	17.3537	420.127	57.9047	-0.248692	-2.76936e-17	-0.143297	-0.0943568	-2.28435	-0.314844
9.3417	-37.3033	389.3	-42.417	-0.223813	-2.44046e-17	0.260605	1.36804	-14.277	1.55558	19.5858	415.573	56.912	-0.251213	-2.79608e-17	-0.143403	-0.0908673	-1.92803	-0.26404
9.35169	-37.0383	390.025	-42.4388	-0.223644	-2.43895e-17	0.261028	1.34904	-14.2058	1.54574	21.5881	408.697	55.6386	-0.253909	-2.82472e-17	-0.14362	-0.0823004	-1.55808	-0.212111
9.36168	-36.8965	389.481	-42.3362	-0.223745	-2.44047e-17	0.261515	1.33308	-14.0721	1.52962	23.2304	399.855	54.1818	-0.256702	-2.85442e-17	-0.143957	-0.0688901	-1.18577	-0.160677
9.37167	-36.8092	387.998	-42.0924	-0.224089	-2.44482e-17	0.262029	1.31629	-13.8747	1.50521	24.42	389.562	52.6442	-0.259511	-2.88439e-17	-0.144405	-0.0527633	-0.841709	-0.113746
9.38166	-36.668	386.019	-41.7251	-0.224565	-2.45085e-17	0.262549	1.29314	-13.6134	1.47148	25.0907	378.364	51.1056	-0.262234	-2.91353e-17	-0.144947	-0.0359336	-0.541873	-0.0731905
9.39165	-36.3979	384.01	-41.2969	-0.225047	-2.45714e-17	0.263055	1.2614	-13.3081	1.43117	25.215	366.798	49.6035	-0.264776	-2.94077e-17	-0.145568	-0.0195193	-0.283945	-0.0383989
9.40164	-35.9175	382.417	-40.888	-0.225421	-2.4624e-17	0.263508	1.21845	-12.973	1.38707	24.8449	355.34	48.1444	-0.267083	-2.96551e-17	-0.146233	-0.00481252	-0.0688302	-0.0093257
9.41163	-35.1553	381.624	-40.5989	-0.225655	-2.46622e-17	0.263862	1.16255	-12.6199	1.34256	24.073	344.371	46.7384	-0.269149	-2.98763e-17	-0.146908	0.0083431	0.119351	0.0161984
9.42163	-34.1137	381.968	-40.5211	-0.225749	-2.46848e-17	0.264085	1.09608	-12.2727	1.30195	22.9829	334.189	45.4131	-0.271033	-3.00778e-17	-0.14757	0.0196813	0.286181	0.0388893
9.43162	-32.8199	383.714	-40.7271	-0.225645	-2.46844e-17	0.264184	1.02297	-11.9601	1.26944	21.6869	324.986	44.2014	-0.27276	-3.0262e-17	-0.148201	0.0293917	0.440444	0.0599049
9.44161	-31.2988	387.02	-41.2931	-0.22526	-2.46507e-17	0.26416	0.946439	-11.7031	1.24866	20.2981	316.853	43.1193	-0.274298	-3.04243e-17	-0.14881	0.0388164	0.605922	0.0824576
9.4516	-29.6276	391.929	-42.2703	-0.224589	-2.45826e-17	0.264005	0.870419	-11.5143	1.24185	18.9001	309.786	42.1848	-0.275613	-3.05594e-17	-0.149413	0.049735	0.81519	0.111008
9.46159	-27.8959	398.342	-43.647	-0.223671	-2.44839e-17	0.263762	0.799408	-11.4152	1.25078	17.5496	303.667	41.424	-0.276753	-3.06719e-17	-0.150022	0.062334	1.07858	0.147133
9.47158	-26.1807	406.029	-45.3836	-0.222548	-2.4359e-17	0.263456	0.735784	-11.4111	1.27546	16.3307	298.301	40.8441	-0.277733	-3.07638e-17	-0.150626	0.0759969	1.38819	0.190074
9.48157	-24.5447	414.683	-47.387	-0.221256	-2.4213e-17	0.263106	0.679783	-11.485	1.31242	15.2886	293.459	40.4303	-0.278512	-3.08305e-17	-0.151223	0.0905029	1.73717	0.239332
9.49156	-23.0727	423.924	-49.5371	-0.219846	-2.40524e-17	0.262712	0.631977	-11.6116	1.35686	14.4403	288.906	40.1322	-0.279076	-3.08702e-17	-0.15181	0.106171	2.12415	0.295068
9.50155	-21.8196	433.358	-51.6784	-0.218355	-2.38829e-17	0.262277	0.592352	-11.7647	1.40295	13.7978	284.408	39.9002	-0.27947	-3.08888e-17	-0.152372	0.122739	2.52997	0.354933
9.51155	-20.8189	442.611	-53.6629	-0.216856	-2.37136e-17	0.261788	0.560278	-11.9116	1.44418	13.3665	279.751	39.6829	-0.279735	-3.08919e-17	-0.152885	0.139945	2.92895	0.415474
9.52154	-20.1007	451.362	-55.3436	-0.215423	-2.35537e-17	0.261262	0.536053	-12.0371	1.47592	13.1164	274.775	39.4354	-0.2799	-3.08837e-17	-0.153339	0.157554	3.30059	0.473697
9.53153	-19.6294	459.421	-56.6337	-0.214095	-2.34083e-17	0.260721	0.51787	-12.1206	1.49413	12.998	269.368	39.1145	-0.279998	-3.08689e-17	-0.153748	0.175032	3.62734	0.526719
9.54152	-19.3421	466.714	-57.5277	-0.212886	-2.32793e-17	0.260165	0.503016	-12.1375	1.49608	12.9604	263.443	38.6748	-0.280072	-3.08529e-17	-0.154115	0.191896	3.90063	0.572631
9.55151	-19.1862	473.246	-58.0265	-0.211803	-2.31671e-17	0.259625	0.490125	-12.0894	1.48233	12.9154	256.96	38.0972	-0.280175	-3.08419e-17	-0.154466	0.206994	4.11827	0.61058
9.5615	-19.1208	479.071	-58.1481	-0.210871	-2.30739e-17	0.259144	0.478845	-11.9975	1.45621	12.8116	249.921	37.3929	-0.280355	-3.08419e-17	-0.154828	0.218862	4.26941	0.638784
9.57149	-19.091	484.247	-57.9487	-0.210113	-2.30015e-17	0.258751	0.468095	-11.8733	1.42085	12.6289	242.373	36.5769	-0.280658	-3.08595e-17	-0.155204	0.225966	4.33671	0.654461
9.58148	-19.0605	488.816	-57.5038	-0.209536	-2.29501e-17	0.25845	0.456949	-11.7186	1.37857	12.3448	234.39	35.6393	-0.281124	-3.0898e-17	-0.155598	0.228933	4.34673	0.660927
9.59147	-19.0058	492.854	-56.8801	-0.209121	-2.29169e-17	0.258234	0.445182	-11.5444	1.33233	11.9528	226.089	34.5852	-0.281731	-3.0954e-17	-0.155985	0.228298	4.31829	0.660576
9.60147	-18.8902	496.475	-56.1248	-0.208866	-2.29016e-17	0.258117	0.432145	-11.3577	1.28395	11.4864	217.615	33.4525	-0.282402	-3.10198e-17	-0.15634	0.224158	4.24678	0.652828
9.61146	-18.6827	499.839	-55.3	-0.208784	-2.29051e-17	0.258104	0.417522	-11.1704	1.23584	10.9595	209.103	32.2636	-0.283147	-3.10967e-17	-0.156652	0.216855	4.13749	0.638396
9.62145	-18.3792	503.127	-54.4921	-0.20887	-2.29267e-17	0.258167	0.401327	-10.9863	1.18989	10.3722	200.644	31.0016	-0.284061	-3.11942e-17	-0.15689	0.207303	4.01017	0.619615
9.63144	-17.9532	506.536	-53.7701	-0.209087	-2.29618e-17	0.258299	0.383186	-10.8113	1.14765	9.74096	192.321	29.6574	-0.285129	-3.13108e-17	-0.157035	0.196211	3.87391	0.597386
9.64143	-17.3883	510.267	-53.1611	-0.209362	-2.30025e-17	0.258501	0.362913	-10.6498	1.10953	9.08632	184.216	28.2288	-0.286271	-3.14383e-17	-0.157061	0.183767	3.72569	0.570916
9.65142	-16.7167	514.472	-52.683	-0.209653	-2.30441e-17	0.258752	0.341129	-10.4986	1.07507	8.39629	176.374	26.7364	-0.28752	-3.15807e-17	-0.156972	0.16984	3.5677	0.540824
9.66141	-15.9836	519.251	-52.3509	-0.209959	-2.30872e-17	0.259023	0.318387	-10.3433	1.04281	7.67314	168.81	25.1968	-0.288967	-3.17487e-17	-0.156757	0.154258	3.39368	0.506547
9.6714	-15.2481	524.683	-52.2069	-0.210279	-2.31315e-17	0.259278	0.295612	-10.1719	1.01213	6.94224	161.54	23.6255	-0.290553	-3.1935e-17	-0.156439	0.13805	3.2123	0.469804
9.68139	-14.5716	530.827	-52.2586	-0.21056	-2.31713e-17	0.259497	0.273933	-9.97905	0.982413	6.18559	154.561	22.0316	-0.292149	-3.21238e-17	-0.156084	0.121664	3.04006	0.433339
9.69139	-14.0322	537.722	-52.5088	-0.210747	-2.32008e-17	0.259657	0.254687	-9.75976	0.953045	5.39914	147.836	20.4381	-0.293647	-3.23018e-17	-0.155738	0.105388	2.88569	0.398941
9.70138	-13.6686	545.383	-52.937	-0.210833	-2.32192e-17	0.259743	0.238358	-9.51055	0.923132	4.60946	141.269	18.8764	-0.29506	-3.24713e-17	-0.155406	0.089171	2.73287	0.365169
9.71137	-13.5015	553.786	-53.5463	-0.210846	-2.32298e-17	0.259738	0.22482	-9.22135	0.891624	3.8394	134.741	17.3569	-0.296415	-3.26342e-17	-0.155114	0.0737015	2.5865	0.333185
9.72136	-13.5147	562.889	-54.3251	-0.210797	-2.32339e-17	0.259652	0.213459	-8.8906	0.858043	3.08894	128.116	15.8954	-0.297665	-3.27841e-17	-0.154906	0.0590656	2.44979	0.303946
9.73135	-13.6537	572.638	-55.2611	-0.210682	-2.32309e-17	0.259517	0.203334	-8.52782	0.822958	2.39107	121.233	14.4877	-0.298682	-3.29072e-17	-0.154762	0.0456118	2.31263	0.276365
9.74134	-13.8552	582.914	-56.3516	-0.210537	-2.3224e-17	0.259374	0.193897	-8.15761	0.788614	1.75751	113.942	13.1262	-0.299475	-3.30063e-17	-0.154681	0.0332743	2.15722	0.248514
9.75133	-14.0582	593.546	-57.5817	-0.210421	-2.32202e-17	0.25925	0.184376	-7.78446	0.755194	1.18431	106.095	11.801	-0.300202	-3.30985e-17	-0.154648	0.022122	1.98176	0.220433
9.76132	-14.1976	604.338	-58.9444	-0.210368	-2.32228e-17	0.259162	0.174125	-7.41183	0.722917	0.689019	97.5771	10.48	-0.30093	-3.31908e-17	-0.154624	0.01266	1.79288	0.192559
9.77131	-14.2173	615.124	-60.4251	-0.210366	-2.32301e-17	0.259138	0.163176	-7.05995	0.693517	0.287328	88.3224	9.15243	-0.301615	-3.32802e-17	-0.154566	0.00513957	1.57986	0.163714
9.78131	-14.106	625.745	-61.9943	-0.210381	-2.32386e-17	0.259178	0.151837	-6.73553	0.667307	-0.0229557	78.3456	7.81305	-0.302183	-3.33584e-17	-0.154459	-0.000395202	1.34879	0.134508
9.7913	-13.8547	636.026	-63.6093	-0.210414	-2.32482e-17	0.259274	0.140273	-6.43951	0.644019	-0.256262	67.7423	6.47295	-0.302615	-3.34219e-17	-0.154348	-0.00423037	1.11829	0.106855
9.80129	-13.491	645.798	-65.211	-0.2105	-2.32631e-17	0.259404	0.128802	-6.16558	0.622584	-0.399084	56.6955	5.1699	-0.302965	-3.34763e-17	-0.154222	-0.00629226	0.893905	0.0815127
9.81128	-13.0557	654.938	-66.7234	-0.210645	-2.32839e-17	0.259566	0.118155	-5.92723	0.603851	-0.463107	45.4956	3.95079	-0.303394	-3.35398e-17	-0.154097	-0.00690289	0.67814	0.0588889
9.82127	-12.5862	663.357	-68.0918	-0.210825	-2.3308e-17	0.259751	0.108563	-5.7218	0.587327	-0.464503	34.5321	2.86114	-0.303838	-3.36053e-17	-0.153983	-0.00643706	0.478545	0.0396495
9.83126	-12.0848	670.993	-69.2879	-0.211017	-2.33331e-17	0.259948	0.0995945	-5.52987	0.571025	-0.407078	24.2697	1.92555	-0.304257	-3.36686e-17	-0.153877	-0.00511593	0.305008	0.0241992
9.84125	-11.5519	677.778	-70.2964	-0.211227	-2.33602e-17	0.260157	0.0910432	-5.34174	0.554023	-0.300649	15.2132	1.15889	-0.30466	-3.37276e-17	-0.15378	-0.00342878	0.173501	0.0132167
9.85124	-10.9931	683.663	-71.1019	-0.211466	-2.33904e-17	0.260383	0.0829318	-5.15754	0.536391	-0.177858	7.90324	0.57911	-0.30504	-3.37821e-17	-0.15369	-0.00183849	0.0816945	0.00598617
9.86123	-10.3944	688.58	-71.6967	-0.211729	-2.34232e-17	0.26064	0.0750593	-4.97232	0.51773	0	0	0	0	-2.34232e-17	0	0	0	0
9.87123	-9.76025	692.49	-72.0958	-0.212018	-2.34589e-17	0.260938	0.067417	-4.78324	0.497987	0	0	0	0	-2.34589e-17	0	0	0	0
9.88122	-9.13385	695.39	-72.309	-0.212348	-2.34991e-17	0.261281	0.0603451	-4.59427	0.477728	0	0	0	0	-2.34991e-17	0	0	0	0
9.89121	-8.55218	697.316	-72.3548	-0.212721	-2.3544e-17	0.261663	0.0540047	-4.40336	0.456901	0	0	0	0	-2.3544e-17	0	0	0	0
9.9012	-8.0541	698.34	-72.2767	-0.213125	-2.35925e-17	0.262059	0.0484754	-4.20311	0.435013	0	0	0	0	-2.35925e-17	0	0	0	0
9.91119	-7.69171	698.574	-72.1123	-0.213545	-2.36425e-17	0.26245	0.0441665	-4.01127	0.414075	0	0	0	0	-2.36425e-17	0	0	0	0
9.92118	-7.49315	698.146	-71.8971	-0.213966	-2.3692e-17	0.262827	0.0412653	-3.84474	0.395943	0	0	0	0	-2.3692e-17	0	0	0	0
9.93117	-7.45178	697.207	-71.6797	-0.214372	-2.37394e-17	0.263172	0.0395607	-3.70139	0.380539	0	0	0	0	-2.37394e-17	0	0	0	0
9.94116	-7.56095	695.924	-71.4771	-0.214761	-2.37844e-17	0.263484	0.0390227	-3.59172	0.368899	0	0	0	0	-2.37844e-17	0	0	0	0
9.95115	-7.82068	694.478	-71.2972	-0.215132	-2.38266e-17	0.26376	0.0397126	-3.52649	0.36204	0	0	0	0	-2.38266e-17	0	0	0	0
9.96115	-8.1996	693.021	-71.1505	-0.215482	-2.38656e-17	0.264002	0.0415134	-3.50867	0.360225	0	0	0	0	-2.38656e-17	0	0	0	0
9.97114	-8.66977	691.677	-71.0576	-0.215805	-2.39009e-17	0.264204	0.044228	-3.52852	0.362493	0	0	0	0	-2.39009e-17	0	0	0	0
9.98113	-9.21881	690.526	-71.0125	-0.216109	-2.39336e-17	0.264369	0.0479111	-3.58873	0.369059	0	0	0	0	-2.39336e-17	0	0	0	0
9.99112	-9.81358	689.605	-71.0168	-0.216399	-2.39639e-17	0.264501	0.0525235	-3.69086	0.380091	0	0	0	0	-2.39639e-17	0	0	0	0
10.0011	-10.4292	688.899	-71.0705	-0.21668	-2.39927e-17	0.2646	0.0579005	-3.8246	0.394567	0	0	0	0	-2.39927e-17	0	0	0	0
10.0111	-11.0685	688.354	-71.1945	-0.216954	-2.40201e-17	0.264664	0.0642222	-3.99399	0.413088	0	0	0	0	-2.40201e-17	0	0	0	0
10.0211	-11.7402	687.907	-71.4372	-0.217209	-2.40447e-17	0.264681	0.0716262	-4.19689	0.435835	0	0	0	0	-2.40447e-17	0	0	0	0
10.0311	-12.435	687.481	-71.8138	-0.217423	-2.40641e-17	0.264642	0.0801272	-4.42992	0.462747	0	0	0	0	-2.40641e-17	0	0	0	0
10.0411	-13.1596	686.981	-72.3018	-0.217575	-2.40758e-17	0.264545	0.0899106	-4.69367	0.493988	0	0	0	0	-2.40758e-17	0	0	0	0
10.0511	-13.9134	686.319	-72.8722	-0.217661	-2.40795e-17	0.264386	0.101184	-4.99121	0.529958	0	0	0	0	-2.40795e-17	0	0	0	0
10.0611	-14.6819	685.404	-73.5045	-0.217685	-2.40755e-17	0.264162	0.113952	-5.3197	0.570498	0	0	0	0	-2.40755e-17	0	0	0	0
10.071	-15.4561	684.135	-74.1702	-0.217636	-2.40627e-17	0.263871	0.128208	-5.67487	0.615239	0	0	0	0	-2.40627e-17	0	0	0	0
10.081	-16.2433	682.401	-74.8375	-0.217501	-2.40393e-17	0.26352	0.144213	-6.05856	0.66443	-0.135782	3.16576	0.301463	-0.348414	-3.85506e-17	-0.123207	-0.00168506	0.0392874	0.00374118
10.091	-17.0411	680.082	-75.4919	-0.217287	-2.40066e-17	0.263111	0.161862	-6.45966	0.717049	-0.375555	9.15415	0.844609	-0.34511	-3.81734e-17	-0.122345	-0.0051892	0.126487	0.0116703
10.101	-17.8335	677.032	-76.1133	-0.217034	-2.39689e-17	0.262656	0.180931	-6.86887	0.772211	-0.68618	17.5905	1.56666	-0.341488	-3.77611e-17	-0.121418	-0.0105269	0.269862	0.0240346
10.111	-18.6177	673.147	-76.6958	-0.216756	-2.39277e-17	0.262164	0.201628	-7.29013	0.83061	-1.03077	28.009	2.39641	-0.337445	-3.73023e-17	-0.120414	-0.0175342	0.476454	0.0407648
10.121	-19.3676	668.342	-77.2478	-0.216452	-2.38828e-17	0.261654	0.223719	-7.72015	0.892304	-1.36561	39.7683	3.24705	-0.332938	-3.67924e-17	-0.119338	-0.0257768	0.750653	0.0612903
10.131	-20.0431	662.541	-77.7594	-0.216116	-2.38336e-17	0.261146	0.246297	-8.14158	0.955541	-1.70419	52.3341	4.10089	-0.327977	-3.6238e-17	-0.118216	-0.0342354	1.05134	0.0823825
10.141	-20.6707	655.659	-78.1685	-0.215782	-2.37841e-17	0.260652	0.26933	-8.54294	1.0185	-2.09691	65.2558	4.92178	-0.32281	-3.56619e-17	-0.117163	-0.0443786	1.38106	0.104163
10.151	-21.2599	647.605	-78.4292	-0.215476	-2.37375e-17	0.260191	0.292666	-8.91501	1.07967	-2.50088	78.2152	5.72296	-0.317845	-3.5109e-17	-0.116287	-0.0550569	1.72191	0.125991
10.161	-21.806	638.337	-78.536	-0.215186	-2.36929e-17	0.259751	0.315262	-9.22882	1.13544	-2.81245	91.0109	6.57555	-0.313186	-3.45911e-17	-0.115515	-0.0629357	2.0366	0.147145
10.171	-22.3325	627.868	-78.4262	-0.214904	-2.36498e-17	0.259342	0.337053	-9.47608	1.18365	-2.99967	103.527	7.54388	-0.308982	-3.41204e-17	-0.114956	-0.0680224	2.34766	0.17107
10.181	-22.8607	616.242	-78.0511	-0.214647	-2.361e-17	0.258977	0.358572	-9.66581	1.22424	-3.02027	115.707	8.69426	-0.305281	-3.37018e-17	-0.114674	-0.0692213	2.65188	0.199263
10.1909	-23.3635	603.539	-77.4056	-0.21443	-2.35755e-17	0.258655	0.378993	-9.79036	1.25564	-2.77556	127.518	10.1006	-0.302073	-3.33359e-17	-0.114617	-0.0634256	2.91397	0.230814
10.2009	-23.8254	589.878	-76.4893	-0.214275	-2.35488e-17	0.258392	0.398057	-9.85524	1.27793	-2.28219	138.939	11.8005	-0.29932	-3.30168e-17	-0.114888	-0.0518881	3.15893	0.268296
10.2109	-24.2606	575.423	-75.3299	-0.214183	-2.353e-17	0.258189	0.41571	-9.85998	1.29079	-1.59579	150.027	13.8002	-0.296843	-3.27247e-17	-0.115567	-0.0361732	3.4008	0.312822
10.2209	-24.6144	560.368	-73.9647	-0.214147	-2.35179e-17	0.258092	0.431914	-9.83289	1.29787	-0.714418	160.877	16.0751	-0.29441	-3.24366e-17	-0.116576	-0.0160686	3.61842	0.361558
10.2309	-24.8602	544.918	-72.459	-0.214211	-2.35172e-17	0.258123	0.446278	-9.78209	1.30075	0.327614	171.625	18.5454	-0.291945	-3.21456e-17	-0.11781	0.00728675	3.81726	0.412484
10.2409	-24.967	529.282	-70.8838	-0.214436	-2.35342e-17	0.258309	0.458289	-9.71541	1.30113	1.38554	182.468	21.1177	-0.289531	-3.18616e-17	-0.119185	0.0304941	4.01591	0.464777
10.2509	-24.8735	513.631	-69.3217	-0.214857	-2.35724e-17	0.258693	0.467242	-9.64844	1.30219	2.37145	193.641	23.6762	-0.287168	-3.15874e-17	-0.120585	0.0514757	4.20326	0.513924
10.2609	-24.5019	498.053	-67.8338	-0.215506	-2.36344e-17	0.259339	0.47245	-9.60352	1.30798	3.18623	205.366	26.1239	-0.284831	-3.13242e-17	-0.121882	0.0673139	4.33866	0.551905
10.2709	-23.8268	482.538	-66.4361	-0.216417	-2.37237e-17	0.260287	0.472915	-9.57742	1.31862	3.67516	217.9	28.3757	-0.282464	-3.10647e-17	-0.123029	0.0750063	4.44712	0.579119
10.2809	-22.8292	467.01	-65.1185	-0.217655	-2.38474e-17	0.261567	0.467698	-9.56757	1.33407	3.71485	231.559	30.4193	-0.280037	-3.0805e-17	-0.124043	0.0726883	4.5309	0.595214
10.2909	-21.4889	451.355	-63.8469	-0.219264	-2.40105e-17	0.263195	0.455204	-9.56118	1.35249	3.254	246.655	32.3185	-0.277499	-3.05406e-17	-0.12494	0.0599396	4.54345	0.595316
10.3008	-19.8516	435.424	-62.5444	-0.221261	-2.42144e-17	0.265176	0.436343	-9.57073	1.37474	2.21636	263.493	34.1717	-0.274748	-3.0258e-17	-0.125802	0.0377347	4.48611	0.581793
10.3108	-17.9676	419.091	-61.1129	-0.22362	-2.44564e-17	0.267498	0.411107	-9.58897	1.39829	0.550254	282.326	36.121	-0.271699	-2.99449e-17	-0.126747	0.00851528	4.36904	0.558979
10.3208	-15.8724	402.275	-59.4904	-0.226332	-2.47366e-17	0.270118	0.37833	-9.58853	1.418	-1.67183	303.31	38.345	-0.268276	-2.95913e-17	-0.127852	-0.0230179	4.17601	0.527939
10.3308	-13.6308	384.921	-57.6202	-0.229377	-2.5053e-17	0.272991	0.338692	-9.56432	1.43172	-4.36656	326.428	41.0364	-0.264493	-2.91975e-17	-0.129181	-0.0522543	3.90633	0.491079
10.3408	-11.3458	366.988	-55.4698	-0.232697	-2.54003e-17	0.27603	0.293636	-9.49788	1.43559	-7.44207	351.499	44.3433	-0.260456	-2.87737e-17	-0.130787	-0.0758171	3.58094	0.451754
10.3508	-9.06726	348.506	-53.0288	-0.236241	-2.57735e-17	0.279171	0.243967	-9.37701	1.42681	-10.7261	378.234	48.3366	-0.256234	-2.83276e-17	-0.132674	-0.0907834	3.2013	0.409112
10.3608	-6.84635	329.587	-50.3153	-0.239966	-2.61685e-17	0.282356	0.191083	-9.19884	1.40431	-14.0121	406.224	52.9774	-0.251932	-2.7871e-17	-0.134796	-0.0958996	2.78023	0.362582
10.3708	-4.72807	310.405	-47.3679	-0.243811	-2.65791e-17	0.28551	0.136576	-8.96644	1.36828	-17.1877	434.922	58.1198	-0.247716	-2.74216e-17	-0.137082	-0.0930941	2.35567	0.314795
10.3808	-2.75001	291.151	-44.2631	-0.247704	-2.69974e-17	0.288563	0.0820005	-8.68164	1.31985	-20.1119	463.651	63.5333	-0.243725	-2.69949e-17	-0.139408	-0.0845706	1.94965	0.267158
10.3908	-0.920453	272.014	-41.095	-0.251584	-2.74164e-17	0.291458	0.0282606	-8.35164	1.26174	-22.6427	491.674	68.9133	-0.240048	-2.66016e-17	-0.141631	-0.0714722	1.55198	0.217527
10.4008	0.706697	253.136	-37.9343	-0.255426	-2.78335e-17	0.294138	-0.0222778	-7.97981	1.19583	-24.7093	518.223	73.8962	-0.23678	-2.62518e-17	-0.143622	-0.0562137	1.17896	0.168114
10.4107	2.10329	234.641	-34.8437	-0.259222	-2.82477e-17	0.29656	-0.0678333	-7.56743	1.12375	-26.2551	542.549	78.1349	-0.234015	-2.59555e-17	-0.14527	-0.0417464	0.86267	0.124237
10.4207	3.29331	216.675	-31.8561	-0.262957	-2.86583e-17	0.298737	-0.108094	-7.11176	1.04559	-27.2122	563.992	81.3871	-0.231827	-2.57212e-17	-0.146482	-0.0285545	0.591812	0.0854017
10.4307	4.27374	199.384	-29.0045	-0.266612	-2.90623e-17	0.300713	-0.142263	-6.63702	0.965494	-27.5586	582.078	83.5183	-0.230247	-2.55525e-17	-0.147231	-0.0173826	0.367148	0.0526794
10.4407	5.0444	182.919	-26.3173	-0.270152	-2.94548e-17	0.302523	-0.169935	-6.16214	0.886572	-27.3403	596.528	84.4906	-0.229279	-2.54497e-17	-0.147539	-0.00940302	0.205161	0.0290584
10.4507	5.63377	167.458	-23.8451	-0.273546	-2.98337e-17	0.304137	-0.19101	-5.67758	0.808458	-26.5657	607.264	84.3651	-0.22889	-2.54095e-17	-0.147429	-0.00421174	0.0962763	0.0133753
10.4607	6.07665	153.18	-21.6124	-0.276741	-3.01924e-17	0.305603	-0.20642	-5.20342	0.734157	-25.2961	614.419	83.2674	-0.229044	-2.54285e-17	-0.146955	-0.000723862	0.0175819	0.00238274
10.4707	6.3704	140.237	-19.6042	-0.279685	-3.05247e-17	0.306966	-0.216134	-4.75794	0.665128	-23.6483	618.318	81.369	-0.22968	-2.55002e-17	-0.146186	0.000996901	-0.0260653	-0.00343013
10.4807	6.56078	128.71	-17.7969	-0.282331	-3.08257e-17	0.3083	-0.221972	-4.35467	0.602126	-21.7287	619.424	78.8665	-0.230725	-2.56169e-17	-0.145179	0.00194464	-0.0554362	-0.00705826
10.4907	6.68382	118.588	-16.1934	-0.284775	-3.11062e-17	0.309586	-0.224918	-3.99064	0.544926	-19.6231	618.324	75.9341	-0.232104	-2.57708e-17	-0.143986	0.00293245	-0.0924014	-0.0113475
10.5007	6.7324	109.808	-14.8013	-0.287106	-3.13762e-17	0.310702	-0.22446	-3.66102	0.49348	-17.4795	615.667	72.7242	-0.233762	-2.59557e-17	-0.142678	0.00389721	-0.137269	-0.0162145
10.5107	6.72239	102.263	-13.6015	-0.289302	-3.16343e-17	0.311613	-0.220633	-3.35633	0.44641	-15.4065	612.089	69.3804	-0.235606	-2.61614e-17	-0.14132	0.00464786	-0.184656	-0.0209308
10.5206	6.67894	95.8511	-12.5712	-0.291263	-3.18698e-17	0.312291	-0.214183	-3.07379	0.403137	-13.4366	608.17	66.0463	-0.237544	-2.63777e-17	-0.139954	0.00564346	-0.255435	-0.0277398
10.5306	6.60547	90.47	-11.6798	-0.293014	-3.20828e-17	0.312777	-0.206583	-2.8294	0.365279	-11.6262	604.415	62.8329	-0.239513	-2.65981e-17	-0.138625	0.00687638	-0.357484	-0.0371628
10.5406	6.49004	86.0117	-10.9219	-0.294673	-3.22865e-17	0.313069	-0.197405	-2.61618	0.332208	-10.0091	601.177	59.812	-0.24147	-2.68169e-17	-0.137375	0.0076291	-0.45823	-0.0455899
10.5506	6.38155	82.397	-10.2984	-0.29619	-3.24742e-17	0.313206	-0.188338	-2.43177	0.303936	-8.57948	598.684	57.0676	-0.243334	-2.70254e-17	-0.136227	0.00806158	-0.562545	-0.0536227
10.5606	6.26515	79.5264	-9.79629	-0.29765	-3.26536e-17	0.313264	-0.179642	-2.28028	0.280892	-7.33244	597.048	54.6672	-0.245048	-2.72173e-17	-0.135204	0.00830412	-0.676167	-0.0619116
10.5706	6.12856	77.3172	-9.38173	-0.29911	-3.28298e-17	0.313299	-0.172024	-2.17023	0.263338	-6.31194	596.335	52.6414	-0.246568	-2.73876e-17	-0.13433	0.00839384	-0.793028	-0.0700044
10.5806	5.98719	75.6716	-9.03523	-0.300761	-3.30271e-17	0.313309	-0.164405	-2.07791	0.248103	-5.52217	596.547	50.9935	-0.247869	-2.75334e-17	-0.133616	0.00841843	-0.909423	-0.0777384
10.5906	5.86324	74.4929	-8.74354	-0.30254	-3.32391e-17	0.31329	-0.157314	-1.99868	0.234594	-4.96896	597.64	49.6999	-0.248927	-2.76524e-17	-0.133067	0.00859857	-1.03419	-0.0860036
10.6006	5.7316	73.691	-8.49472	-0.30429	-3.34463e-17	0.313231	-0.150787	-1.93866	0.223479	-4.67206	599.534	48.7092	-0.249722	-2.77422e-17	-0.132682	0.00906073	-1.1627	-0.0944637
10.6106	5.60866	73.1943	-8.27308	-0.30573	-3.36188e-17	0.31313	-0.144849	-1.89031	0.21366	-4.62425	602.102	47.9653	-0.250253	-2.78028e-17	-0.132451	0.0100133	-1.30379	-0.103864
10.6206	5.52856	72.9241	-8.06157	-0.306811	-3.37521e-17	0.313039	-0.139991	-1.84654	0.20413	-4.78779	605.17	47.413	-0.250536	-2.78362e-17	-0.132345	0.0115885	-1.46477	-0.11476
10.6306	5.47975	72.7969	-7.86811	-0.307632	-3.38559e-17	0.312943	-0.136113	-1.80823	0.195439	-5.14738	608.539	46.9893	-0.250627	-2.78483e-17	-0.132343	0.0138723	-1.64003	-0.126638
10.6405	5.44577	72.7346	-7.70738	-0.308286	-3.39402e-17	0.312795	-0.132571	-1.77064	0.187627	-5.67144	612.012	46.6308	-0.250566	-2.78437e-17	-0.132416	0.016937	-1.8277	-0.139257
10.6505	5.44238	72.6915	-7.57498	-0.308695	-3.39956e-17	0.312677	-0.130029	-1.73674	0.180981	-6.28326	615.401	46.3061	-0.250382	-2.78255e-17	-0.132534	0.0206385	-2.0214	-0.152101
10.6605	5.46839	72.6245	-7.45751	-0.308974	-3.40337e-17	0.312621	-0.129151	-1.71523	0.17613	-6.94268	618.548	45.9622	-0.250123	-2.77987e-17	-0.132671	0.0247992	-2.20945	-0.164177
10.6705	5.49559	72.5118	-7.3579	-0.30928	-3.40714e-17	0.312604	-0.129592	-1.7099	0.173507	-7.6093	621.314	45.5617	-0.249836	-2.77683e-17	-0.132805	0.0289013	-2.35984	-0.17305
10.6805	5.53845	72.3416	-7.28232	-0.309602	-3.41087e-17	0.31258	-0.130812	-1.70863	0.172	-8.23134	623.616	45.073	-0.24955	-2.77374e-17	-0.132923	0.0326638	-2.47464	-0.178859
10.6905	5.57981	72.1299	-7.20967	-0.309842	-3.41372e-17	0.312556	-0.131828	-1.70414	0.170335	-8.75445	625.414	44.4973	-0.249281	-2.7708e-17	-0.133009	0.0357864	-2.55656	-0.181896
10.7005	5.59445	71.8978	-7.10403	-0.31009	-3.41656e-17	0.31263	-0.133246	-1.71243	0.169201	-9.18122	626.713	43.8425	-0.24906	-2.76835e-17	-0.133063	0.0381648	-2.60515	-0.182246
10.7105	5.58314	71.6621	-6.96287	-0.310503	-3.42154e-17	0.312706	-0.133223	-1.70998	0.166146	-9.48296	627.57	43.1244	-0.248913	-2.76668e-17	-0.13308	0.0397142	-2.62824	-0.180603
10.7205	5.56611	71.4312	-6.79338	-0.311011	-3.42806e-17	0.312739	-0.131024	-1.68146	0.159913	-9.63764	628.054	42.3645	-0.248839	-2.7658e-17	-0.133064	0.040351	-2.62954	-0.177372
10.7305	5.53702	71.2256	-6.57702	-0.311468	-3.4343e-17	0.312787	-0.127938	-1.64573	0.151968	-9.67956	628.257	41.5957	-0.248819	-2.76551e-17	-0.133018	0.0403077	-2.61619	-0.173213
10.7405	5.49174	71.044	-6.31349	-0.311814	-3.43944e-17	0.312836	-0.124622	-1.61218	0.14327	-9.62549	628.274	40.8538	-0.248835	-2.76561e-17	-0.132949	0.039813	-2.59867	-0.168979
10.7504	5.46258	70.8722	-6.0164	-0.312024	-3.44318e-17	0.312839	-0.121554	-1.57706	0.133878	-9.49057	628.207	40.165	-0.24887	-2.76593e-17	-0.132864	0.0389952	-2.5812	-0.165031
10.7604	5.434	70.6809	-5.7099	-0.312333	-3.44804e-17	0.312776	-0.118483	-1.54112	0.124498	-9.33955	628.146	39.5404	-0.248915	-2.76636e-17	-0.13278	0.0380411	-2.55852	-0.161053
10.7704	5.39766	70.4477	-5.4023	-0.312637	-3.45251e-17	0.312739	-0.116965	-1.52656	0.117065	-9.23143	628.193	38.982	-0.248959	-2.76678e-17	-0.132713	0.0372675	-2.53603	-0.157371
10.7804	5.36676	70.1752	-5.09788	-0.3127	-3.45402e-17	0.312779	-0.11746	-1.5359	0.111576	-9.17345	628.446	38.4988	-0.248952	-2.76665e-17	-0.132668	0.0367655	-2.5187	-0.154296
10.7904	5.33841	69.8693	-4.82655	-0.312562	-3.45294e-17	0.312896	-0.119701	-1.56665	0.108224	-9.22079	628.978	38.0999	-0.248882	-2.76583e-17	-0.132657	0.0367963	-2.50998	-0.152041
10.8004	5.28506	69.56	-4.60554	-0.312542	-3.45277e-17	0.31309	-0.123228	-1.62188	0.107384	-9.41703	629.824	37.7871	-0.248754	-2.76438e-17	-0.132692	0.0375307	-2.51011	-0.150597
10.8104	5.21498	69.3001	-4.45515	-0.312516	-3.45218e-17	0.31331	-0.127433	-1.69341	0.108866	-9.76093	630.972	37.5662	-0.248569	-2.76233e-17	-0.132772	0.0393184	-2.54165	-0.151322
10.8204	5.13372	69.1575	-4.37554	-0.312371	-3.44998e-17	0.313553	-0.131837	-1.77601	0.112367	-10.2326	632.358	37.4357	-0.248314	-2.75954e-17	-0.132894	0.0420537	-2.59884	-0.153852
10.8304	5.02435	69.2064	-4.36253	-0.312161	-3.44678e-17	0.313759	-0.135728	-1.86954	0.11785	-10.8294	633.919	37.3623	-0.248007	-2.75618e-17	-0.133059	0.045564	-2.66718	-0.1572
10.8404	4.88944	69.4994	-4.43256	-0.31203	-3.44421e-17	0.313914	-0.138181	-1.96414	0.125269	-11.5244	635.548	37.3251	-0.247687	-2.7527e-17	-0.133265	0.0498913	-2.75141	-0.161588
10.8504	4.75326	70.0905	-4.59061	-0.312046	-3.44312e-17	0.314016	-0.139166	-2.05211	0.134404	-12.2723	637.114	37.3178	-0.247369	-2.74926e-17	-0.133499	0.0548797	-2.84907	-0.166879
10.8603	4.61727	71.0329	-4.82051	-0.312118	-3.44262e-17	0.314035	-0.138455	-2.13001	0.144549	-13.0609	638.459	37.3371	-0.247067	-2.746e-17	-0.133748	0.0603052	-2.94791	-0.172394
10.8703	4.47387	72.3673	-5.13337	-0.312191	-3.44206e-17	0.313889	-0.136063	-2.2009	0.156121	-13.8494	639.435	37.368	-0.246795	-2.74306e-17	-0.133994	0.065919	-3.04353	-0.177861
10.8803	4.34631	74.1167	-5.54474	-0.312292	-3.44178e-17	0.313517	-0.132723	-2.2633	0.16932	-14.5746	639.91	37.3922	-0.246562	-2.74057e-17	-0.134217	0.0714721	-3.13805	-0.183367
10.8903	4.22143	76.2767	-6.06742	-0.312558	-3.44331e-17	0.312841	-0.128039	-2.31352	0.184029	-15.2221	639.79	37.3932	-0.246375	-2.73858e-17	-0.134407	0.0766351	-3.22099	-0.188254
10.9003	4.10274	78.8259	-6.70382	-0.312922	-3.44557e-17	0.312061	-0.12412	-2.38472	0.202811	-15.8027	639.014	37.3569	-0.246225	-2.73698e-17	-0.134571	0.0812044	-3.28367	-0.191964
10.9103	4.0077	81.727	-7.46289	-0.313248	-3.44697e-17	0.311278	-0.121678	-2.48132	0.226581	-16.2955	637.583	37.2951	-0.246079	-2.73544e-17	-0.134704	0.0855804	-3.34845	-0.195866
10.9203	3.93155	84.915	-8.35647	-0.313488	-3.44708e-17	0.310438	-0.119987	-2.59151	0.25503	-16.7249	635.529	37.2101	-0.245928	-2.73384e-17	-0.134812	0.0898655	-3.4148	-0.199936
10.9303	3.84557	88.3157	-9.37458	-0.313604	-3.44546e-17	0.309532	-0.118266	-2.71604	0.288304	-17.1354	632.909	37.0894	-0.245783	-2.73231e-17	-0.134905	0.0940459	-3.47366	-0.203562
10.9403	3.72316	91.8456	-10.4937	-0.313586	-3.44213e-17	0.308614	-0.115566	-2.85087	0.325723	-17.5329	629.823	36.93	-0.245641	-2.73083e-17	-0.134987	0.0986541	-3.54388	-0.207798
10.9503	3.55051	95.4013	-11.6784	-0.313464	-3.43747e-17	0.307767	-0.111484	-2.99554	0.366693	-17.9325	626.386	36.7371	-0.245492	-2.72928e-17	-0.135057	0.103856	-3.62773	-0.212763
10.9603	3.30431	98.886	-12.9057	-0.313258	-3.4318e-17	0.306968	-0.105047	-3.14368	0.410285	-18.3693	622.708	36.4997	-0.245338	-2.72768e-17	-0.13512	0.109369	-3.70755	-0.217316
10.9702	3.00741	102.247	-14.1583	-0.312998	-3.42553e-17	0.30622	-0.0967406	-3.28902	0.455436	-18.8418	618.897	36.2283	-0.245186	-2.7261e-17	-0.135173	0.115584	-3.7966	-0.222241
10.9802	2.7002	105.446	-15.4135	-0.312756	-3.4195e-17	0.305574	-0.0878424	-3.43033	0.501428	-19.3166	615.047	35.9323	-0.245037	-2.72457e-17	-0.13522	0.122268	-3.89305	-0.22744
10.9902	2.40753	108.444	-16.6407	-0.312536	-3.41385e-17	0.305027	-0.0791312	-3.56438	0.546952	-19.8089	611.236	35.6291	-0.244893	-2.72308e-17	-0.135268	0.129229	-3.98759	-0.232438
11.0002	2.15572	111.217	-17.8038	-0.312321	-3.4084e-17	0.304596	-0.0716279	-3.6954	0.591565	-20.3139	607.544	35.3376	-0.244751	-2.72161e-17	-0.13532	0.136203	-4.07352	-0.236935
11.0102	1.98715	113.735	-18.8988	-0.312175	-3.40391e-17	0.304289	-0.0666992	-3.81756	0.634344	-20.8098	604.065	35.0598	-0.244615	-2.7202e-17	-0.135379	0.143142	-4.15509	-0.241161
11.0202	1.90918	115.986	-19.9222	-0.312182	-3.4015e-17	0.304099	-0.0644843	-3.91755	0.672891	-21.3192	600.861	34.8145	-0.244502	-2.71905e-17	-0.135447	0.150033	-4.22854	-0.245006
11.0302	1.92198	117.981	-20.8662	-0.312272	-3.40029e-17	0.304023	-0.0652194	-4.00349	0.708062	-21.8644	597.988	34.5981	-0.244424	-2.71825e-17	-0.135522	0.156639	-4.28407	-0.247866
11.0402	2.03986	119.748	-21.7262	-0.312417	-3.39997e-17	0.304076	-0.0694183	-4.07516	0.739364	-22.4327	595.491	34.4116	-0.244372	-2.71776e-17	-0.135592	0.163689	-4.34523	-0.251097
11.0502	2.25817	121.355	-22.5049	-0.312546	-3.39988e-17	0.304218	-0.0768619	-4.13058	0.766007	-23.0044	593.41	34.2527	-0.244334	-2.71742e-17	-0.135651	0.171082	-4.41315	-0.254735
11.0602	2.54981	122.85	-23.217	-0.312644	-3.39981e-17	0.30439	-0.0865669	-4.17079	0.788225	-23.5899	591.727	34.0872	-0.244335	-2.71748e-17	-0.1357	0.177661	-4.45641	-0.256718
11.0702	2.89297	124.286	-23.8726	-0.312689	-3.39962e-17	0.304556	-0.0975801	-4.19218	0.805226	-24.1513	590.375	33.9156	-0.244378	-2.71798e-17	-0.13573	0.183109	-4.47605	-0.257139
11.0802	3.27367	125.696	-24.4745	-0.312651	-3.39865e-17	0.30477	-0.109749	-4.21391	0.820502	-24.653	589.226	33.7307	-0.244481	-2.71912e-17	-0.135729	0.187625	-4.48437	-0.256711
11.0901	3.65694	127.107	-25.0074	-0.31247	-3.39612e-17	0.305033	-0.1222	-4.24739	0.835646	-25.0898	588.145	33.5314	-0.244649	-2.72096e-17	-0.135695	0.190585	-4.46761	-0.254708
11.1001	4.03421	128.522	-25.4643	-0.312172	-3.39232e-17	0.305346	-0.134765	-4.29333	0.850648	-25.4446	586.98	33.3254	-0.244894	-2.72364e-17	-0.135621	0.1922	-4.43384	-0.251728
11.1101	4.40019	129.896	-25.8481	-0.31186	-3.38837e-17	0.305704	-0.147336	-4.34944	0.865496	-25.6787	585.623	33.1139	-0.245217	-2.72716e-17	-0.135504	0.192584	-4.39203	-0.248346
11.1201	4.73302	131.175	-26.1489	-0.311635	-3.38549e-17	0.306093	-0.159014	-4.40706	0.878517	-25.7913	584.024	32.9041	-0.245607	-2.73144e-17	-0.135342	0.19215	-4.35108	-0.245141
11.1301	5.02426	132.322	-26.3486	-0.311525	-3.38399e-17	0.306534	-0.169615	-4.46709	0.889508	-25.7862	582.181	32.6891	-0.246056	-2.73638e-17	-0.135142	0.19065	-4.30435	-0.241687
11.1401	5.27788	133.294	-26.4512	-0.311533	-3.38391e-17	0.307021	-0.179204	-4.52582	0.898119	-25.6567	580.131	32.4717	-0.246563	-2.74195e-17	-0.134905	0.188033	-4.25167	-0.237979
11.1501	5.48241	134.054	-26.4745	-0.311665	-3.38532e-17	0.307484	-0.187153	-4.57622	0.903763	-25.4141	577.948	32.2474	-0.247124	-2.74812e-17	-0.134638	0.18435	-4.19235	-0.233918
11.1601	5.63358	134.575	-26.4106	-0.31191	-3.38809e-17	0.307929	-0.193418	-4.62035	0.906754	-25.0924	575.741	32.0256	-0.247714	-2.75459e-17	-0.134355	0.179077	-4.10889	-0.228557
11.1701	5.75806	134.851	-26.2455	-0.312221	-3.39165e-17	0.308411	-0.199066	-4.66203	0.907351	-24.7085	573.628	31.8313	-0.248296	-2.76094e-17	-0.134063	0.172447	-4.00351	-0.222159
11.1801	5.86022	134.893	-25.9767	-0.312562	-3.39563e-17	0.308956	-0.204232	-4.70107	0.905299	-24.2744	571.72	31.6655	-0.24885	-2.76696e-17	-0.133771	0.164378	-3.87148	-0.214428
11.1901	5.93865	134.732	-25.604	-0.31288	-3.39935e-17	0.309577	-0.209156	-4.7452	0.901758	-23.8298	570.086	31.5223	-0.249361	-2.77246e-17	-0.133488	0.154926	-3.70633	-0.204938
11.2	5.99669	134.403	-25.1431	-0.313121	-3.40236e-17	0.310273	-0.213603	-4.78746	0.8956	-23.3864	568.749	31.3962	-0.249829	-2.77744e-17	-0.133216	0.144151	-3.5057	-0.193522
11.21	6.0451	133.946	-24.6073	-0.313258	-3.40425e-17	0.311052	-0.2182	-4.83481	0.888208	-22.9474	567.694	31.2807	-0.250259	-2.78197e-17	-0.132957	0.132614	-3.28074	-0.180773
11.22	6.06707	133.409	-24.01	-0.313331	-3.40542e-17	0.311875	-0.222452	-4.89151	0.880339	-22.5319	566.859	31.1743	-0.250663	-2.78618e-17	-0.132709	0.120566	-3.03321	-0.166811
11.23	6.0659	132.813	-23.3925	-0.313385	-3.40633e-17	0.3127	-0.226261	-4.95401	0.872553	-22.1391	566.151	31.0734	-0.251056	-2.79026e-17	-0.132472	0.108097	-2.76431	-0.15172
11.24	0	0	0	0	0.136587	0	0	0	0	0	0	0	0	0.0321195	0	0	0	0
