Coordinates
version=1
nRows=1126
nColumns=38
inDegrees=no

Units are S.I. units (second, meters, Newtons, ...)
If the header above contains a line with 'inDegrees', this indicates whether rotational values are in degrees (yes) or radians (no).

endheader
time	pelvis_tilt_moment	pelvis_list_moment	pelvis_rotation_moment	pelvis_tx_force	pelvis_ty_force	pelvis_tz_force	hip_flexion_r_moment	hip_adduction_r_moment	hip_rotation_r_moment	knee_angle_r_moment	ankle_angle_r_moment	subtalar_angle_r_moment	mtp_angle_r_moment	hip_flexion_l_moment	hip_adduction_l_moment	hip_rotation_l_moment	knee_angle_l_moment	ankle_angle_l_moment	subtalar_angle_l_moment	mtp_angle_l_moment	lumbar_extension_moment	lumbar_bending_moment	lumbar_rotation_moment	arm_flex_r_moment	arm_add_r_moment	arm_rot_r_moment	elbow_flex_r_moment	pro_sup_r_moment	wrist_flex_r_moment	wrist_dev_r_moment	arm_flex_l_moment	arm_add_l_moment	arm_rot_l_moment	elbow_flex_l_moment	pro_sup_l_moment	wrist_flex_l_moment	wrist_dev_l_moment
0	0	0	0	0	0	0	0	0	0	0	0	0	0	0	0	0	0	0	0	0	0	0	0	0	0	0	0	0	0	0	0	0	0	0	0	0	0
0.00999112	26.9562	-27.0227	-2.95053	21.2358	46.9888	-71.0927	-21.473	-23.2582	-2.52521	18.1725	-48.2682	23.9561	-0.0420838	7.67912	-12.4438	0.34234	-0.606238	1.56305	-0.56064	-0.0405213	18.7899	-9.98515	-1.32726	-0.922897	-1.65108	-0.351476	2.76348	-0.0301846	0.206272	-0.319829	0.777198	-1.15366	-0.719046	2.98016	-0.0100349	0.290855	-0.304539
0.0199822	25.1003	-24.4731	-3.06812	20.9826	41.0264	-65.7772	-21.094	-24.3429	-2.20839	17.4365	-47.6911	24.2659	-0.0421016	7.80334	-12.5532	0.272084	-0.483942	1.57809	-0.575587	-0.041166	19.3652	-11.6311	-1.58748	-0.894229	-1.51518	-0.312363	2.8344	-0.0282766	0.215802	-0.326592	0.795265	-1.14861	-0.779069	2.98591	-0.0126132	0.286622	-0.316515
0.0299734	23.2655	-21.8657	-3.42248	20.6151	34.6992	-57.6907	-20.8491	-25.2282	-1.93968	16.7992	-47.1644	24.5313	-0.0420848	7.93974	-12.8796	0.169892	-0.335339	1.59286	-0.600004	-0.041672	19.9534	-13.67	-1.9292	-0.865544	-1.39717	-0.272224	2.90648	-0.0254545	0.226393	-0.332416	0.845503	-1.23001	-0.844628	2.98137	-0.0143569	0.283288	-0.325402
0.0399645	21.6209	-19.1719	-3.81137	20.7345	28.9715	-46.8069	-20.785	-25.8511	-1.71451	16.2929	-46.6915	24.7471	-0.042069	8.06586	-13.4426	0.0384426	-0.18389	1.60724	-0.633787	-0.0419501	20.5935	-16.2748	-2.24108	-0.834205	-1.24843	-0.234931	2.97251	-0.0227385	0.234161	-0.337493	0.90502	-1.37632	-0.911244	2.96922	-0.0151099	0.28092	-0.33182
0.0499556	20.2628	-16.3871	-4.06961	21.7286	24.5294	-32.6951	-20.9055	-26.1487	-1.50691	15.925	-46.256	24.923	-0.0421011	8.18602	-14.2827	-0.112212	-0.042924	1.61883	-0.675968	-0.0418708	21.2958	-19.6275	-2.40425	-0.791064	-1.03474	-0.197839	3.02908	-0.0204657	0.237754	-0.341278	0.95812	-1.57724	-0.980537	2.95159	-0.0146297	0.279226	-0.336998
0.0599467	19.2221	-13.2397	-4.14462	23.7595	21.8006	-16.1044	-21.1942	-26.1285	-1.35249	15.6929	-45.8484	25.044	-0.0421616	8.24126	-15.2501	-0.257606	0.0804604	1.62145	-0.717888	-0.0413188	22.0663	-23.7887	-2.44671	-0.724986	-0.736364	-0.158408	3.07203	-0.0191825	0.236606	-0.342989	0.987434	-1.81109	-1.04321	2.92746	-0.0142667	0.278198	-0.340339
0.0699378	18.0324	-11.1033	-4.59322	24.8551	17.9841	-2.75045	-21.4268	-25.9985	-1.22823	15.5403	-45.4887	25.1207	-0.0421581	8.44559	-15.945	-0.381742	0.104526	1.60506	-0.746465	-0.040052	22.717	-26.8327	-2.68625	-0.693169	-0.515313	-0.122808	3.1022	-0.0179186	0.236437	-0.343876	1.02378	-2.03335	-1.09865	2.89706	-0.0143383	0.275849	-0.341306
0.079929	16.7544	-9.6606	-5.30629	25.107	13.556	7.56653	-21.5708	-25.7296	-1.14249	15.4448	-45.1635	25.1523	-0.0421217	8.74534	-16.2484	-0.466099	0.0373811	1.56481	-0.754332	-0.0380218	23.2333	-28.9757	-3.0549	-0.686196	-0.355257	-0.0922239	3.12255	-0.0170591	0.236497	-0.344392	1.06351	-2.2345	-1.14667	2.86385	-0.0148682	0.272599	-0.340729
0.0899201	15.5373	-8.61934	-6.13517	24.6509	8.96658	14.9096	-21.6496	-25.3696	-1.07258	15.4012	-44.8629	25.1535	-0.0420754	9.04831	-16.1175	-0.489642	-0.0882326	1.50083	-0.736946	-0.0353916	23.6137	-30.3869	-3.49579	-0.689859	-0.245131	-0.0709351	3.13972	-0.0172911	0.23631	-0.345822	1.10637	-2.40657	-1.18814	2.83209	-0.0155527	0.268971	-0.339512
0.0999112	14.4791	-7.79749	-6.94287	23.6848	4.44808	19.6907	-21.6675	-24.9602	-0.972462	15.3971	-44.5766	25.1459	-0.0420317	9.28864	-15.5995	-0.439212	-0.245321	1.41985	-0.69487	-0.0324979	23.8517	-31.2459	-3.96685	-0.696612	-0.1716	-0.0597652	3.1557	-0.0189122	0.23538	-0.348476	1.1502	-2.5464	-1.22259	2.80315	-0.0163372	0.265331	-0.337982
0.109902	13.6202	-7.15088	-7.65715	22.2866	0.156453	22.1073	-21.5819	-24.5182	-0.871243	15.4058	-44.2961	25.1218	-0.0419759	9.4055	-14.7691	-0.312632	-0.402741	1.33265	-0.631993	-0.029784	23.949	-31.6542	-4.42511	-0.705983	-0.128831	-0.0545482	3.16796	-0.0216075	0.233854	-0.351355	1.19233	-2.65066	-1.24828	2.77748	-0.0171616	0.26196	-0.336084
0.119893	13.0644	-6.71155	-8.22256	20.5675	-3.57675	22.4689	-21.4427	-24.0478	-0.775968	15.4475	-44.0279	25.087	-0.0419134	9.39457	-13.7533	-0.128525	-0.536211	1.25119	-0.557055	-0.0276249	23.919	-31.683	-4.83511	-0.71866	-0.11926	-0.0520673	3.17214	-0.0233654	0.231967	-0.353078	1.23229	-2.72066	-1.26632	2.75684	-0.0175459	0.25908	-0.334139
0.129885	12.8345	-6.43045	-8.56592	18.7857	-6.86475	21.0187	-21.2622	-23.5711	-0.689325	15.5118	-43.766	25.0476	-0.0418385	9.21528	-12.6108	0.0947638	-0.634752	1.18206	-0.47518	-0.0262045	23.7873	-31.4182	-5.1673	-0.734318	-0.136673	-0.0510207	3.16469	-0.0244146	0.229292	-0.352992	1.26862	-2.75582	-1.27627	2.74216	-0.0176107	0.257004	-0.332273
0.139876	12.8602	-6.27623	-8.61946	17.0508	-9.60764	18.015	-21.0513	-23.1613	-0.576668	15.5758	-43.4999	25.0161	-0.0417522	8.90423	-11.422	0.328558	-0.702622	1.13214	-0.394099	-0.0256409	23.5999	-30.9165	-5.39653	-0.745248	-0.177015	-0.0548572	3.14918	-0.0251408	0.225651	-0.351982	1.30018	-2.7572	-1.27792	2.73506	-0.0174071	0.256068	-0.330615
0.149867	13.0618	-6.2682	-8.3895	15.4366	-11.7107	13.8341	-20.8276	-22.8552	-0.436784	15.6184	-43.2168	24.9885	-0.0416466	8.52623	-10.2747	0.542566	-0.749325	1.10656	-0.321742	-0.0259687	23.3948	-30.2297	-5.50683	-0.745338	-0.239023	-0.0685459	3.12844	-0.0260566	0.22052	-0.35101	1.32642	-2.72943	-1.27235	2.73619	-0.016979	0.256375	-0.3293
0.159858	13.397	-6.5387	-7.99262	14.0766	-13.0852	9.03314	-20.6259	-22.5622	-0.338301	15.6471	-42.9088	24.9376	-0.0415189	8.15337	-9.25795	0.709261	-0.787325	1.10978	-0.265657	-0.027201	23.2036	-29.4142	-5.48609	-0.738033	-0.32103	-0.0904584	3.10084	-0.0272398	0.213829	-0.349665	1.34735	-2.67937	-1.262	2.74562	-0.0164069	0.257845	-0.328591
0.169849	13.7348	-7.14602	-7.45741	13.0612	-13.6302	4.15626	-20.4254	-22.2847	-0.262525	15.6311	-42.5551	24.8655	-0.0413877	7.86027	-8.46214	0.806873	-0.832645	1.14593	-0.232582	-0.0293514	23.0656	-28.5368	-5.3233	-0.727918	-0.416797	-0.115942	3.06711	-0.0285119	0.206197	-0.347582	1.36317	-2.61454	-1.24968	2.76356	-0.0157867	0.260396	-0.328814
0.17984	13.9849	-8.1188	-6.79172	12.3941	-13.2237	-0.363219	-20.2146	-22.0347	-0.170943	15.5547	-42.15	24.7831	-0.0412883	7.71048	-7.95256	0.823697	-0.903718	1.21604	-0.226467	-0.0323541	23.001	-27.6477	-5.00932	-0.71181	-0.518514	-0.145313	3.03385	-0.0300401	0.198152	-0.345846	1.37409	-2.54263	-1.23782	2.78948	-0.0152106	0.263853	-0.330143
0.189831	14.1454	-9.51645	-6.08232	12.0327	-11.7806	-4.08119	-20.0028	-21.7729	-0.0992138	15.4096	-41.6842	24.6682	-0.0412384	7.74737	-7.7913	0.759854	-1.01497	1.31734	-0.248722	-0.0360401	22.996	-26.7909	-4.5383	-0.681967	-0.618295	-0.18166	3.00708	-0.0321832	0.189768	-0.345754	1.3801	-2.47111	-1.22826	2.82206	-0.0147623	0.267975	-0.332588
0.199822	14.2856	-11.3771	-5.47936	11.9497	-9.32858	-6.20956	-19.7975	-21.3985	-0.0174727	15.2285	-41.1758	24.5326	-0.0412541	7.99519	-8.04249	0.626675	-1.17592	1.44079	-0.297701	-0.0400434	22.9758	-26.0444	-4.02599	-0.635272	-0.708401	-0.224766	2.98824	-0.0342742	0.18128	-0.34747	1.38618	-2.41176	-1.2267	2.85945	-0.0138778	0.272254	-0.336629
0.209813	14.4688	-13.5722	-5.1311	12.2051	-6.17951	-6.75044	-19.5385	-20.8564	0.0583065	14.9906	-40.6166	24.3714	-0.0413153	8.34306	-8.62682	0.463738	-1.36258	1.56624	-0.361232	-0.0437939	22.8737	-25.4229	-3.6213	-0.572647	-0.78784	-0.273017	2.97522	-0.0360148	0.172909	-0.350487	1.39021	-2.36652	-1.22818	2.89646	-0.0135644	0.276386	-0.341012
0.219805	14.8542	-15.8174	-5.00233	12.9258	-2.56216	-6.37031	-19.2243	-20.2024	0.120516	14.6818	-39.9943	24.1826	-0.0413953	8.59175	-9.35918	0.326194	-1.51597	1.6701	-0.421076	-0.0467594	22.6715	-24.8869	-3.33896	-0.496934	-0.861734	-0.325596	2.96385	-0.0373699	0.164443	-0.354057	1.39135	-2.33282	-1.22939	2.93133	-0.0137396	0.280382	-0.345042
0.229796	15.5907	-17.8512	-4.90143	14.2193	1.48799	-5.83994	-18.872	-19.5195	0.191992	14.3047	-39.3109	23.9779	-0.0414806	8.56064	-10.0491	0.26379	-1.57961	1.73593	-0.461257	-0.0486639	22.3928	-24.3961	-3.06663	-0.409901	-0.932682	-0.383081	2.95159	-0.0387374	0.155345	-0.357893	1.38697	-2.30522	-1.22667	2.96449	-0.0142609	0.284542	-0.348225
0.239787	16.6732	-19.6217	-4.77001	16.041	6.14535	-5.57627	-18.4681	-18.8075	0.262082	13.861	-38.5743	23.7507	-0.0415811	8.22408	-10.6207	0.287345	-1.55072	1.76738	-0.479133	-0.0497161	22.0578	-23.9281	-2.7724	-0.315076	-0.999874	-0.444107	2.93714	-0.0404347	0.145485	-0.361722	1.37797	-2.28009	-1.21994	2.99681	-0.0150736	0.288944	-0.350665
0.249778	16.7397	-18.7477	-4.37649	17.3156	4.52263	-5.95863	-18.0681	-18.0621	0.355617	13.4024	-37.8142	23.511	-0.0417062	7.94882	-9.03876	-0.0734872	-1.88135	1.68408	-0.234319	-0.0501641	21.6795	-23.4727	-2.4353	-0.216473	-1.06053	-0.504702	2.91957	-0.0426533	0.135262	-0.365028	1.36566	-2.25764	-1.211	3.02615	-0.0161401	0.293088	-0.352412
0.259769	17.1862	-18.1086	-3.98064	18.5899	4.16879	-6.60107	-17.6292	-17.257	0.440987	12.913	-37.0193	23.2485	-0.0418603	7.43996	-7.71979	-0.28782	-1.93778	1.39102	0.0175826	-0.0499697	21.2595	-23.0252	-2.06227	-0.117925	-1.11199	-0.560715	2.89878	-0.0455152	0.125257	-0.367382	1.35181	-2.23472	-1.19745	3.05292	-0.0173785	0.297331	-0.353088
0.26976	17.625	-17.114	-3.68985	19.3808	3.34091	-7.04907	-17.2297	-16.4064	0.538771	12.4429	-36.2172	22.9803	-0.0420793	6.9012	-6.28157	-0.510989	-1.82272	0.807079	0.332723	-0.0490361	20.7874	-22.6294	-1.81012	-0.0196572	-1.15016	-0.609605	2.88074	-0.0481468	0.116687	-0.369244	1.34769	-2.21601	-1.18776	3.07959	-0.0179336	0.30142	-0.354044
0.279751	18.0554	-16.0234	-3.38393	19.5981	2.37995	-7.46236	-16.7476	-15.6131	0.67756	11.9205	-35.3867	22.7162	-0.0423387	6.24571	-4.9778	-0.699792	-1.43087	-0.125137	0.681603	-0.0474852	20.2967	-22.2553	-1.61651	0.076064	-1.17424	-0.64957	2.87102	-0.0507414	0.110389	-0.371335	1.35344	-2.19955	-1.1829	3.10536	-0.0180801	0.305087	-0.355394
0.289742	18.6321	-15.0875	-2.98467	19.3394	1.43705	-7.84563	-16.2851	-14.8135	0.833718	11.4227	-34.5501	22.4443	-0.0425117	5.48723	-3.96467	-0.927058	-0.756232	-1.409	0.97636	-0.0455887	19.792	-21.8702	-1.44941	0.166283	-1.18237	-0.677258	2.87256	-0.0532081	0.107266	-0.373836	1.36722	-2.18286	-1.18118	3.12842	-0.0179697	0.308158	-0.356756
0.299734	19.5109	-14.4288	-2.53197	18.7776	0.293636	-8.18468	-15.9103	-13.9008	0.952818	11.0239	-33.7418	22.1457	-0.042405	4.57233	-3.27276	-1.18512	0.18819	-2.98695	1.19137	-0.0435943	19.2513	-21.4409	-1.30318	0.246292	-1.17328	-0.688653	2.88354	-0.0551033	0.107884	-0.376181	1.38328	-2.16531	-1.18009	3.14258	-0.0177712	0.30984	-0.357266
0.309725	20.4719	-14.0225	-1.97056	18.0851	-0.976386	-8.38112	-15.5399	-12.9974	1.08422	10.6461	-32.9344	21.8431	-0.0421777	3.61394	-2.92679	-1.50008	1.23985	-4.69199	1.30313	-0.0416784	18.7076	-20.9731	-1.17109	0.309513	-1.14797	-0.68078	2.90439	-0.0560464	0.112674	-0.37812	1.39815	-2.14977	-1.1799	3.14784	-0.0175235	0.310057	-0.356947
0.319716	21.369	-13.8738	-1.31071	17.4356	-2.1894	-8.32079	-15.0876	-12.0947	1.18669	10.2276	-32.0957	21.5205	-0.0419587	2.658	-2.88335	-1.91359	2.29023	-6.38445	1.30643	-0.0399815	18.1976	-20.4732	-1.04313	0.35707	-1.10597	-0.656088	2.93852	-0.0560675	0.121525	-0.380439	1.41087	-2.13723	-1.18122	3.14706	-0.0171953	0.30917	-0.35616
0.329707	22.3102	-13.9785	-0.569493	17.0548	-3.2419	-8.0073	-14.6102	-11.1599	1.24544	9.81465	-31.2522	21.1658	-0.0417711	1.65264	-3.14352	-2.40567	3.32189	-7.99414	1.18383	-0.0386648	17.7433	-19.9393	-0.917084	0.3895	-1.05051	-0.617713	2.98489	-0.0552514	0.133805	-0.383316	1.42152	-2.12509	-1.18172	3.14438	-0.016712	0.308062	-0.354953
0.339698	23.2342	-14.1973	0.211981	16.9316	-4.18056	-7.63006	-14.1442	-10.1642	1.25726	9.45074	-30.4396	20.7669	-0.0416065	0.643627	-3.55226	-2.95334	4.27139	-9.46686	0.958917	-0.0378483	17.3533	-19.3603	-0.791543	0.409297	-0.990155	-0.572142	3.03882	-0.0538279	0.148018	-0.386691	1.42771	-2.10943	-1.17614	3.14157	-0.0159973	0.307496	-0.352703
0.349689	23.9417	-14.3554	0.958538	16.9682	-5.00246	-7.20631	-13.6226	-9.13974	1.2103	9.09133	-29.637	20.3153	-0.0414721	-0.285963	-3.99703	-3.55685	5.04831	-10.7175	0.64533	-0.0375114	17.0225	-18.7549	-0.71107	0.415425	-0.931781	-0.521817	3.09279	-0.0514609	0.163047	-0.38958	1.43405	-2.09288	-1.16745	3.14054	-0.014865	0.307602	-0.349987
0.35968	24.3775	-14.3656	1.80467	17.1454	-5.67394	-7.14426	-13.1112	-8.14084	1.17767	8.78138	-28.8585	19.8516	-0.041352	-1.04867	-4.38752	-4.25026	5.56314	-11.6618	0.238467	-0.0375241	16.7682	-18.0733	-0.636535	0.412143	-0.884117	-0.473327	3.14496	-0.0486798	0.177719	-0.392423	1.43993	-2.07253	-1.15758	3.1414	-0.0136286	0.308048	-0.347266
0.369671	24.4796	-14.3475	2.66961	17.211	-6.14938	-7.6121	-12.5312	-7.17402	1.08381	8.47389	-28.0891	19.3418	-0.0412384	-1.64302	-4.75947	-4.99771	5.83431	-12.3196	-0.243902	-0.0377646	16.5691	-17.2553	-0.544656	0.403236	-0.855973	-0.43044	3.19422	-0.0459059	0.191532	-0.395451	1.44791	-2.0451	-1.14797	3.14523	-0.0124983	0.308793	-0.344959
0.379663	24.3591	-14.397	3.54701	16.936	-6.52729	-8.55712	-11.9549	-6.23829	0.968385	8.25099	-27.3914	18.801	-0.0411295	-2.0589	-5.18016	-5.74403	5.89935	-12.7639	-0.773983	-0.0381314	16.3745	-16.2862	-0.423161	0.392031	-0.849948	-0.394982	3.23742	-0.043368	0.203962	-0.398414	1.45665	-2.00998	-1.13741	3.1485	-0.0114889	0.30942	-0.342621
0.389654	24.1528	-14.5079	4.41068	16.4469	-6.75336	-9.68603	-11.3769	-5.31648	0.78793	8.10712	-26.7661	18.21	-0.0410392	-2.41354	-5.7108	-6.46985	5.83888	-13.055	-1.3377	-0.0385632	16.173	-15.2325	-0.2721	0.380784	-0.858211	-0.36671	3.27115	-0.0411942	0.214476	-0.400813	1.4638	-1.96679	-1.12421	3.14888	-0.0105402	0.309775	-0.339864
0.399645	23.8272	-14.6331	5.28374	15.8285	-6.84488	-10.6569	-10.7943	-4.39287	0.56696	8.01636	-26.1836	17.5884	-0.0409713	-2.64282	-6.32263	-7.22439	5.60167	-13.1981	-1.92283	-0.0390151	15.9351	-14.1519	-0.0976935	0.367602	-0.873657	-0.342143	3.29163	-0.0394753	0.223014	-0.401766	1.46904	-1.91884	-1.10875	3.14458	-0.00977698	0.309633	-0.336585
0.409636	23.4026	-14.8544	6.17982	15.0027	-6.80407	-11.3377	-10.1216	-3.48417	0.326824	7.91766	-25.6149	16.9546	-0.0409292	-2.79508	-7.07422	-7.95781	5.23131	-13.2545	-2.50095	-0.0394556	15.6316	-13.0478	0.132613	0.350954	-0.895725	-0.318014	3.29799	-0.0381864	0.229989	-0.400786	1.47485	-1.87034	-1.09456	3.13596	-0.00940446	0.308758	-0.333301
0.419627	23.0197	-15.2417	6.96569	14.019	-6.53061	-11.3882	-9.46401	-2.49824	0.0253141	7.89501	-25.1153	16.2895	-0.0409378	-2.88201	-7.99416	-8.67182	4.77476	-13.3098	-3.05132	-0.039864	15.2608	-11.9607	0.362115	0.328465	-0.922707	-0.290123	3.29156	-0.0370803	0.236232	-0.397514	1.48526	-1.82523	-1.0853	3.12359	-0.00896538	0.306997	-0.330533
0.429618	22.8015	-15.699	7.72241	12.9862	-6.11022	-11.1277	-8.88012	-1.50741	-0.307987	7.94639	-24.6893	15.5887	-0.0410014	-3.00164	-9.05398	-9.35797	4.31727	-13.435	-3.56649	-0.0402267	14.8412	-10.8678	0.610538	0.301876	-0.955963	-0.257959	3.27414	-0.0362003	0.242141	-0.392131	1.49787	-1.77465	-1.07551	3.10572	-0.00849247	0.304415	-0.327412
0.439609	22.6764	-16.1218	8.49092	11.9108	-5.55803	-10.6425	-8.29991	-0.567942	-0.64384	7.99128	-24.2834	14.8692	-0.0411234	-3.16384	-10.1929	-10.0192	3.8699	-13.6436	-4.03392	-0.0405333	14.3681	-9.77875	0.876242	0.269129	-0.993158	-0.219716	3.24768	-0.0354355	0.24811	-0.384741	1.50924	-1.71533	-1.06231	3.0819	-0.00792512	0.301108	-0.323541
0.4496	22.5776	-16.4547	9.23085	10.7983	-4.88198	-9.79859	-7.68196	0.373731	-1.01789	8.0089	-23.8722	14.1325	-0.0412454	-3.3474	-11.3421	-10.6767	3.41502	-13.9251	-4.44596	-0.0407777	13.8395	-8.74232	1.14271	0.227194	-1.03186	-0.173335	3.21335	-0.0344083	0.25445	-0.375224	1.51657	-1.65049	-1.04459	3.05298	-0.00721983	0.297328	-0.318788
0.459591	22.5589	-16.7466	9.84079	9.74984	-4.10234	-8.39207	-7.04664	1.3528	-1.46006	8.02462	-23.4725	13.3537	-0.0413374	-3.62443	-12.5891	-11.2893	3.02022	-14.3016	-4.8178	-0.0409541	13.2927	-7.8141	1.37044	0.178101	-1.0703	-0.122532	3.17262	-0.0329594	0.260591	-0.364144	1.52229	-1.58395	-1.02277	3.01979	-0.00643087	0.293309	-0.313158
0.469583	22.4961	-16.9327	10.3093	8.76347	-3.28025	-6.54028	-6.4539	2.35625	-1.93908	8.07141	-23.0982	12.5295	-0.0413851	-3.90845	-13.8688	-11.8801	2.66349	-14.7712	-5.15381	-0.0410676	12.7823	-7.00432	1.52822	0.124522	-1.1116	-0.0722324	3.12541	-0.030883	0.265761	-0.351977	1.52923	-1.51631	-0.997978	2.98275	-0.00576085	0.289058	-0.306821
0.479574	22.3487	-16.9465	10.6997	7.7922	-2.5541	-4.51149	-5.84174	3.32704	-2.42997	8.08162	-22.7014	11.6666	-0.0413669	-4.24073	-15.125	-12.4523	2.38317	-15.3251	-5.46057	-0.0411149	12.3079	-6.29723	1.60978	0.0764169	-1.1595	-0.031898	3.07485	-0.0283201	0.268921	-0.340186	1.54016	-1.44709	-0.973295	2.94411	-0.00553193	0.284644	-0.300521
0.489565	22.1617	-16.7881	11.0424	6.86174	-2.02837	-2.44173	-5.26767	4.29204	-2.90173	8.08629	-22.2731	10.7952	-0.0412883	-4.58008	-16.2991	-13.0273	2.15257	-15.9168	-5.74463	-0.0410645	11.8512	-5.68773	1.59911	0.0400664	-1.2172	-0.00781493	3.02322	-0.0253081	0.269371	-0.329754	1.5524	-1.37231	-0.946071	2.9054	-0.00568414	0.280499	-0.294079
0.499556	21.8928	-16.5777	11.2055	5.83437	-1.32754	-0.0975592	-4.6259	5.27231	-3.40548	8.05093	-21.7854	9.89136	-0.0412088	-4.93585	-17.4686	-13.5819	1.98194	-16.5224	-6.01417	-0.0408998	11.4137	-5.21041	1.42299	0.0239884	-1.28703	-0.0058143	2.97743	-0.0221209	0.267006	-0.322135	1.5707	-1.2944	-0.920261	2.86931	-0.00522871	0.276758	-0.288223
0.509547	21.5682	-16.3927	11.2742	4.75003	-0.457003	2.2662	-3.94297	6.2156	-3.86794	8.01292	-21.2589	8.98517	-0.0411278	-5.32489	-18.6808	-14.0792	1.88238	-17.1386	-6.27583	-0.0406706	11.0284	-4.83054	1.11062	0.0342245	-1.37245	-0.029323	2.94174	-0.0194127	0.261896	-0.318349	1.59415	-1.2119	-0.895362	2.83559	-0.00460496	0.27333	-0.282874
0.519538	21.2503	-16.196	11.2998	3.78129	0.446039	4.46363	-3.21878	7.08392	-4.29585	7.95401	-20.6811	8.08805	-0.0410509	-5.82166	-19.9137	-14.5262	1.88835	-17.768	-6.53724	-0.0404385	10.705	-4.5307	0.685435	0.0684704	-1.47045	-0.0759382	2.9163	-0.0178444	0.254308	-0.318343	1.62511	-1.12689	-0.872737	2.80596	-0.0040253	0.270436	-0.278321
0.529529	20.9476	-15.9116	11.3505	3.04117	1.28279	6.34267	-2.47498	7.85065	-4.6626	7.86874	-20.0425	7.22963	-0.041001	-6.42108	-21.0888	-14.9397	1.98655	-18.3994	-6.78964	-0.0402797	10.4493	-4.29399	0.178049	0.126698	-1.57253	-0.145824	2.90324	-0.0186061	0.244107	-0.322745	1.66399	-1.04046	-0.852617	2.78265	-0.00358041	0.268426	-0.274751
0.53952	20.6302	-15.5397	11.4745	2.48386	1.89206	7.43287	-1.73533	8.4673	-4.93618	7.76387	-19.3582	6.42711	-0.0409543	-7.07101	-22.1498	-15.2951	2.1411	-19.0164	-7.01833	-0.0402085	10.2433	-4.02775	-0.377015	0.195672	-1.68026	-0.228899	2.89442	-0.0216639	0.23195	-0.329468	1.70842	-0.948667	-0.833985	2.7661	-0.00333553	0.267307	-0.272148
0.549512	20.3238	-15.1352	11.6431	2.18938	2.23947	7.54722	-1.05102	8.95676	-5.16724	7.6549	-18.64	5.66629	-0.0408641	-7.73433	-23.0738	-15.597	2.32611	-19.6064	-7.23015	-0.0402116	10.0809	-3.68122	-0.940306	0.25967	-1.79431	-0.31183	2.87942	-0.0263783	0.218769	-0.335584	1.75509	-0.850449	-0.815673	2.75677	-0.0033536	0.267138	-0.270416
0.559503	20.1642	-14.7696	11.8669	2.38028	2.34363	6.80155	-0.508067	9.34866	-5.34295	7.57662	-17.9027	4.97334	-0.040733	-8.42655	-23.8895	-15.8419	2.54447	-20.167	-7.4252	-0.0402673	9.96221	-3.24151	-1.47149	0.310341	-1.9116	-0.386212	2.85388	-0.0321222	0.205411	-0.339535	1.80188	-0.748174	-0.797978	2.75522	-0.00377661	0.267921	-0.269629
0.569494	20.1234	-14.5338	12.1155	3.0547	2.61559	6.31214	-0.037956	9.68646	-5.4583	7.48008	-17.1225	4.35985	-0.0406509	-9.11019	-24.7017	-16.0308	2.77619	-20.6843	-7.59073	-0.0403595	9.88275	-2.81752	-1.89294	0.345853	-2.02317	-0.448578	2.81788	-0.0371174	0.192306	-0.340744	1.85288	-0.657446	-0.789083	2.76379	-0.00370205	0.269521	-0.270939
0.579485	20.2076	-14.3159	12.4234	4.02294	3.03196	5.91269	0.309591	9.92551	-5.49302	7.39108	-16.3319	3.82578	-0.0406769	-9.71596	-25.4363	-16.1874	2.9721	-21.1323	-7.72069	-0.0404766	9.79996	-2.39209	-2.21081	0.375165	-2.13016	-0.506799	2.7756	-0.0419034	0.178814	-0.340685	1.90146	-0.575387	-0.782604	2.77916	-0.00358192	0.271873	-0.273158
0.589476	20.5298	-14.1817	12.7255	5.29483	3.64812	5.61769	0.494849	10.1154	-5.48237	7.34211	-15.5615	3.35128	-0.0408176	-10.3036	-26.125	-16.2814	3.17408	-21.5267	-7.82369	-0.0406092	9.71436	-1.96084	-2.42489	0.405903	-2.23589	-0.567936	2.73008	-0.0466996	0.164335	-0.340507	1.94442	-0.500257	-0.775239	2.79989	-0.0036969	0.274963	-0.275698
0.599467	20.9571	-14.0753	12.9909	6.78023	4.29222	5.31645	0.524582	10.2683	-5.4446	7.32392	-14.8146	2.93359	-0.0410051	-10.8036	-26.7003	-16.3217	3.34722	-21.8654	-7.89222	-0.040729	9.64198	-1.51464	-2.53294	0.441784	-2.34582	-0.636427	2.67972	-0.0513012	0.148223	-0.340398	1.98039	-0.431281	-0.766215	2.82374	-0.00425132	0.27846	-0.278291
0.609458	21.3673	-13.891	13.2546	8.23386	4.84454	4.84445	0.522491	10.3241	-5.37627	7.26361	-14.0769	2.57599	-0.0411747	-11.2327	-27.132	-16.3003	3.49768	-22.145	-7.92116	-0.0407993	9.56782	-1.05834	-2.54447	0.492562	-2.46451	-0.719841	2.62507	-0.0556454	0.129629	-0.34113	2.01005	-0.367349	-0.755232	2.84691	-0.00543962	0.281785	-0.280579
0.619449	21.7614	-13.5505	13.5369	9.49067	5.53438	4.29356	0.484804	10.2768	-5.26781	7.17951	-13.3784	2.27616	-0.0413021	-11.5577	-27.3906	-16.2618	3.5992	-22.3579	-7.91484	-0.0408253	9.48252	-0.62246	-2.49566	0.565044	-2.59428	-0.821862	2.5667	-0.0594134	0.108247	-0.342972	2.03932	-0.310383	-0.745335	2.86809	-0.00729987	0.284512	-0.282795
0.62944	22.0969	-13.1489	13.834	10.4762	6.29487	3.48229	0.45713	10.1429	-5.15122	7.06629	-12.7351	2.01707	-0.0413781	-11.8146	-27.525	-16.2068	3.67621	-22.5338	-7.88469	-0.0408138	9.41047	-0.174426	-2.39421	0.659165	-2.73681	-0.942744	2.50566	-0.0624637	0.0842469	-0.346145	2.0672	-0.255087	-0.735264	2.8849	-0.00992584	0.286263	-0.284588
0.639432	22.2899	-12.7935	14.1403	11.312	6.84756	2.39475	0.455764	9.95446	-5.00848	6.93142	-12.1576	1.81416	-0.0413827	-12.0157	-27.6037	-16.117	3.7343	-22.6953	-7.83733	-0.0407811	9.40301	0.29479	-2.24474	0.767322	-2.88607	-1.07579	2.44479	-0.0645329	0.0588916	-0.350516	2.08632	-0.199621	-0.720866	2.89478	-0.0132565	0.286993	-0.285111
0.649423	22.2517	-12.4607	14.2545	12.2347	7.01338	1.55282	0.484991	9.77588	-4.87152	6.76014	-11.6255	1.65616	-0.0413091	-12.1451	-27.6559	-16.0255	3.74692	-22.8265	-7.78557	-0.04075	9.49782	0.71529	-2.19998	0.876403	-3.0239	-1.2067	2.39127	-0.065348	0.0349405	-0.355724	2.10113	-0.152525	-0.70861	2.90127	-0.0151431	0.287088	-0.285469
0.659414	22.0096	-12.1058	14.2913	13.0846	6.80545	0.93987	0.564156	9.57777	-4.73094	6.54387	-11.1398	1.53879	-0.041163	-12.2179	-27.6737	-15.9545	3.71652	-22.9233	-7.74118	-0.0407234	9.67861	1.08621	-2.20038	0.987359	-3.13316	-1.32726	2.35598	-0.0654039	0.0147653	-0.362534	2.11249	-0.114053	-0.697699	2.90485	-0.0162116	0.286691	-0.285483
0.669405	21.6419	-11.7972	14.2715	13.6022	6.43401	0.814419	0.697056	9.37977	-4.56383	6.30316	-10.7211	1.46901	-0.0409756	-12.2203	-27.7199	-15.8951	3.64776	-23.0053	-7.71101	-0.0407003	9.89338	1.38697	-2.22896	1.09718	-3.19863	-1.42977	2.34918	-0.0656144	0.000343519	-0.371674	2.12457	-0.0855769	-0.689403	2.9068	-0.0168144	0.285912	-0.285353
0.679396	21.2501	-11.6326	14.1419	13.6394	5.99096	1.43356	0.909362	9.2376	-4.41319	6.03691	-10.3681	1.43249	-0.0407752	-12.1997	-27.8614	-15.8231	3.57951	-23.1074	-7.6989	-0.0406793	10.0887	1.59189	-2.27764	1.19473	-3.21718	-1.5042	2.3712	-0.0661893	-0.00700648	-0.382077	2.14248	-0.069288	-0.68585	2.90782	-0.0171989	0.284755	-0.285367
0.689387	20.9405	-11.6469	13.897	13.2419	5.47604	2.95457	1.16495	9.18007	-4.27664	5.7712	-10.0803	1.43319	-0.0405777	-12.1853	-28.1332	-15.7309	3.50943	-23.2203	-7.70932	-0.0406557	10.2338	1.67789	-2.34838	1.27057	-3.19165	-1.54314	2.4158	-0.0668099	-0.00692539	-0.391942	2.1693	-0.0668297	-0.688493	2.90804	-0.0175387	0.283204	-0.285721
0.699378	20.6525	-11.7597	13.562	12.4773	4.85998	5.2726	1.52074	9.17869	-4.1638	5.45879	-9.82156	1.4617	-0.0403966	-12.1972	-28.4836	-15.6188	3.42027	-23.32	-7.72977	-0.0406262	10.3309	1.64564	-2.44541	1.31834	-3.12803	-1.54322	2.475	-0.0669357	0.000225315	-0.399696	2.20444	-0.0763789	-0.696413	2.90882	-0.0179101	0.281591	-0.286473
0.709369	20.365	-11.89	13.216	11.564	4.09247	8.08218	1.93505	9.20567	-4.05035	5.12271	-9.59707	1.52693	-0.0402439	-12.2588	-28.845	-15.4926	3.31258	-23.4151	-7.74577	-0.0405865	10.4369	1.51264	-2.553	1.34019	-3.03198	-1.51181	2.54701	-0.0668084	0.0129876	-0.406022	2.24274	-0.09382	-0.707072	2.91224	-0.0183744	0.2804	-0.287602
0.719361	20.166	-12.1217	12.7511	10.2246	3.04879	11.7716	2.41774	9.31784	-3.96285	4.78008	-9.41746	1.61863	-0.0401449	-12.4236	-29.2836	-15.3377	3.25115	-23.5668	-7.7579	-0.0405221	10.4845	1.24224	-2.72921	1.34667	-2.90724	-1.46043	2.62659	-0.0660759	0.0290727	-0.411415	2.29233	-0.121705	-0.725982	2.92035	-0.0180627	0.279745	-0.29014
0.729352	19.9717	-12.4124	12.2745	7.8792	1.82409	15.7935	2.99677	9.44531	-3.90274	4.42749	-9.28806	1.73412	-0.0400827	-12.5752	-29.7079	-15.1707	3.19112	-23.7771	-7.75869	-0.0404262	10.4023	0.9372	-2.91694	1.34862	-2.76778	-1.3994	2.70708	-0.0651568	0.0464601	-0.416036	2.35847	-0.153476	-0.753131	2.93273	-0.0174691	0.279394	-0.294059
0.739343	19.6559	-12.7739	11.8213	4.16455	0.39165	20.2961	3.73928	9.57654	-3.85028	4.04081	-9.19723	1.8785	-0.0400679	-12.639	-30.1015	-14.9909	3.09751	-24.0273	-7.73638	-0.0402974	10.1536	0.611265	-3.08498	1.35523	-2.61666	-1.33637	2.78589	-0.0642019	0.0637964	-0.420365	2.44281	-0.190499	-0.78904	2.9475	-0.0169656	0.279012	-0.299244
0.749334	19.1758	-13.2917	11.3461	-1.04027	-1.34576	25.7033	4.62968	9.78784	-3.82346	3.6414	-9.14241	2.04716	-0.0401089	-12.5644	-30.4738	-14.8085	2.94717	-24.3098	-7.68904	-0.0401254	9.72872	0.244728	-3.2101	1.3743	-2.4532	-1.27671	2.86309	-0.0632885	0.0803486	-0.425004	2.54506	-0.237948	-0.834908	2.96251	-0.0168199	0.278223	-0.305641
0.759325	18.5492	-14.0343	10.8158	-7.80085	-3.55994	32.2769	5.6438	10.1039	-3.82666	3.2486	-9.13401	2.23388	-0.0401896	-12.3696	-30.8739	-14.6112	2.77311	-24.6591	-7.61868	-0.0398817	9.12043	-0.167864	-3.2722	1.4105	-2.27919	-1.22414	2.93698	-0.0625114	0.0954734	-0.430151	2.66363	-0.299531	-0.891533	2.97479	-0.0172355	0.276532	-0.313115
0.769316	17.78	-15.0363	10.2174	-16.1304	-6.36791	40.2486	6.77335	10.5231	-3.84211	2.8655	-9.18039	2.43497	-0.0402965	-12.0678	-31.357	-14.3841	2.59313	-25.0867	-7.53	-0.0395412	8.32202	-0.644221	-3.25865	1.46642	-2.09743	-1.1818	3.00517	-0.0620642	0.108468	-0.43581	2.79626	-0.377726	-0.95908	2.982	-0.018361	0.273585	-0.321523
0.779307	16.8559	-16.2533	9.54199	-26.0133	-9.72604	49.7668	7.98604	11.0633	-3.86429	2.50476	-9.28424	2.6512	-0.0404202	-11.5935	-31.8937	-14.148	2.35834	-25.5473	-7.42231	-0.0390925	7.31199	-1.21311	-3.16744	1.54341	-1.9102	-1.15164	3.06485	-0.0621444	0.118707	-0.441733	2.94272	-0.474893	-1.03767	2.98241	-0.0203282	0.269158	-0.330714
0.789298	15.8063	-17.6699	8.79229	-37.2476	-13.4714	60.7849	9.29343	11.7492	-3.88813	2.1553	-9.43696	2.89532	-0.0405604	-10.9632	-32.4722	-13.9014	2.06541	-26.0116	-7.2973	-0.0385464	6.08874	-1.8971	-3.00484	1.64138	-1.72055	-1.13423	3.11371	-0.0627939	0.125843	-0.44753	3.10361	-0.591678	-1.12692	2.97546	-0.0232216	0.26322	-0.340527
0.79929	14.6611	-19.2441	7.78562	-49.1237	-17.1173	73.4154	10.6039	12.6114	-3.89721	1.84946	-9.6449	3.17757	-0.0407506	-10.1661	-33.1195	-13.6586	1.70494	-26.4665	-7.15661	-0.0379614	4.7398	-2.75523	-2.93528	1.74823	-1.53197	-1.126	3.14923	-0.0626737	0.129982	-0.452268	3.28007	-0.729195	-1.22913	2.96635	-0.0257127	0.256398	-0.351805
0.809281	13.5365	-20.8036	6.66341	-60.2812	-20.6456	86.1446	11.8123	13.5093	-3.91166	1.59279	-9.91123	3.47816	-0.0409489	-9.37988	-33.7224	-13.3953	1.34372	-26.9225	-7.00323	-0.037384	3.42809	-3.68322	-2.9108	1.84971	-1.36168	-1.12579	3.16907	-0.0621373	0.130943	-0.455618	3.45434	-0.868324	-1.33143	2.95704	-0.0277297	0.249727	-0.363196
0.819272	12.6105	-22.1492	5.57684	-68.9941	-23.7532	97.2858	12.7527	14.3	-3.92289	1.41758	-10.2436	3.799	-0.0411422	-8.74725	-34.1531	-13.1231	1.01231	-27.3538	-6.84668	-0.0368967	2.32579	-4.57409	-2.92967	1.934	-1.23179	-1.13696	3.17271	-0.0616048	0.128043	-0.457879	3.61066	-0.990259	-1.42156	2.95169	-0.0291284	0.244502	-0.373612
0.829263	11.9641	-23.0625	4.69342	-72.9637	-25.9974	104.391	13.317	14.7874	-3.94601	1.28253	-10.6054	4.1417	-0.041297	-8.41599	-34.2178	-12.8476	0.72758	-27.7097	-6.68968	-0.0366164	1.66177	-5.22724	-3.0005	1.98247	-1.17082	-1.15997	3.15992	-0.0611777	0.121184	-0.45913	3.72962	-1.06602	-1.48301	2.95696	-0.0295509	0.242538	-0.381699
0.839254	11.8585	-23.3632	4.2975	-69.0345	-26.6718	104.049	13.2795	14.6866	-3.95631	1.18926	-10.9817	4.51981	-0.0413665	-8.63657	-33.7023	-12.5697	0.558988	-27.9675	-6.54685	-0.0366985	1.74315	-5.31242	-3.11912	1.97035	-1.2186	-1.19279	3.13107	-0.0606559	0.110981	-0.459263	3.78703	-1.05647	-1.49588	2.98402	-0.0285015	0.246332	-0.386186
0.849245	12.7391	-22.8706	4.61535	-53.3438	-24.5505	92.3581	12.3346	13.6865	-3.97537	1.1684	-11.3789	4.91121	-0.0413552	-9.76057	-32.3739	-12.2863	0.650419	-28.1419	-6.43537	-0.0373259	2.92365	-4.45053	-3.33034	1.86431	-1.41965	-1.2315	3.08786	-0.0596298	0.0983736	-0.458182	3.75544	-0.917781	-1.43691	3.04783	-0.025296	0.259139	-0.385728
0.859236	15.0542	-21.2007	6.04019	-21.2982	-18.3785	64.2077	10.1166	11.3462	-3.99652	1.25178	-11.8032	5.30298	-0.0412497	-12.1393	-29.8127	-12.0065	1.14056	-28.2384	-6.35688	-0.0386969	5.61575	-2.15567	-3.64459	1.62419	-1.83003	-1.2701	3.03031	-0.0577875	0.084653	-0.455331	3.60204	-0.593457	-1.27824	3.16659	-0.0190501	0.284921	-0.378885
0.869227	19.267	-17.8474	8.96629	32.3182	-6.51196	13.8692	6.27448	7.10766	-3.99298	1.42959	-12.2327	5.69076	-0.0410547	-16.1679	-25.5445	-11.7557	2.19218	-28.2568	-6.30291	-0.0410682	10.2851	2.11714	-4.17518	1.20321	-2.51648	-1.30191	2.956	-0.0541884	0.0711629	-0.449567	3.29684	-0.0208307	-0.994596	3.36463	-0.0075632	0.328227	-0.365353
0.879218	25.9283	-12.2244	14.1224	113.429	11.9658	-65.8741	0.380081	0.328998	-3.97604	1.7233	-12.6613	6.04309	-0.0406593	-22.3633	-18.8781	-11.5484	4.02561	-28.2195	-6.24343	-0.0447425	17.4512	9.07848	-4.80743	0.555089	-3.55895	-1.32297	2.85721	-0.0493669	0.0586347	-0.43944	2.79289	0.882773	-0.547273	3.66187	0.00986874	0.393855	-0.342965
0.88921	35.6733	-3.87081	22.0814	227.236	38.4639	-181.381	-7.98173	-9.59413	-3.922	2.19958	-13.1201	6.32262	-0.0400384	-31.1526	-9.25794	-11.3906	6.86674	-28.1843	-6.14072	-0.0500441	27.5047	19.3883	-5.52189	-0.356018	-5.0281	-1.33532	2.72839	-0.0439703	0.0471193	-0.424235	2.05956	2.19316	0.094969	4.07831	0.033809	0.486149	-0.310532
0.899201	49.003	7.68706	33.377	377.63	74.2856	-338.281	-19.0756	-23.2459	-3.79772	2.87873	-13.6287	6.47665	-0.0391753	-42.8117	3.87913	-11.286	10.9108	-28.2318	-5.93112	-0.0572549	40.6742	33.654	-6.29241	-1.54704	-6.98515	-1.34858	2.56353	-0.0388888	0.0357821	-0.40365	1.08444	3.98071	0.954519	4.63171	0.064783	0.60862	-0.267873
0.909192	15.9866	-16.6557	5.78087	12.7131	0.514053	2.50391	10.2533	5.21882	-4.52043	-1.29424	-14.4203	7.59656	-0.0409023	-15.1169	-22.2416	-10.3979	2.01989	-28.4053	-6.11527	-0.0413059	7.77211	0.795006	-7.23698	1.39368	-3.01993	-1.73479	2.88495	-0.0578458	-0.0220174	-0.475056	4.00996	0.269053	-1.10195	3.41466	-0.00949623	0.327846	-0.38712
0.919183	15.925	-16.0254	4.61305	12.7325	0.613889	2.32564	10.7813	4.76871	-4.70717	-2.04512	-15.137	8.02802	-0.0408362	-15.6644	-21.2288	-9.96442	2.49449	-28.483	-5.97743	-0.0414136	7.51365	0.0926495	-8.12145	1.31674	-3.09167	-1.76668	2.87303	-0.0607203	-0.0379499	-0.475132	4.1387	0.338026	-1.11246	3.41651	-0.0108011	0.327239	-0.390333
0.929174	15.9808	-15.3273	3.36911	12.7638	0.71695	2.12724	11.2642	4.28716	-4.92746	-2.88754	-15.9197	8.48696	-0.0408028	-16.2652	-20.0977	-9.4812	2.98476	-28.415	-5.87304	-0.041575	7.2137	-0.630347	-9.00418	1.20601	-3.14145	-1.76873	2.85815	-0.065375	-0.0509163	-0.471876	4.2697	0.407716	-1.12409	3.41804	-0.0127212	0.326285	-0.393805
0.939165	16.172	-14.6089	2.06652	12.805	0.822388	1.90856	11.7191	3.77377	-5.19284	-3.82413	-16.7824	8.96632	-0.0408065	-17.0021	-18.8512	-8.91829	3.52251	-28.2114	-5.78592	-0.0417554	6.90081	-1.35239	-9.85999	1.05733	-3.16742	-1.73688	2.83762	-0.0717803	-0.0601769	-0.464723	4.39705	0.480244	-1.13395	3.42087	-0.0150941	0.325454	-0.397334
0.949156	16.5244	-13.9291	0.73434	12.8543	0.929007	1.66738	12.1553	3.23113	-5.50169	-4.84123	-17.741	9.47201	-0.0408182	-17.9111	-17.4713	-8.2957	4.11693	-27.8767	-5.69642	-0.0419561	6.57857	-2.03021	-10.6985	0.868585	-3.17362	-1.67126	2.80585	-0.0775216	-0.0654993	-0.452964	4.52345	0.556831	-1.14629	3.4299	-0.016059	0.325031	-0.401996
0.959147	16.9764	-13.2802	-0.504108	12.908	1.03511	1.40182	12.6322	2.65181	-5.85062	-5.95821	-18.7857	10.0087	-0.0407632	-19.0108	-15.9143	-7.61861	4.76612	-27.4218	-5.58052	-0.042175	6.26078	-2.64351	-11.4348	0.645068	-3.15712	-1.57337	2.76611	-0.084053	-0.0663693	-0.437645	4.63987	0.636848	-1.15719	3.44262	-0.0167157	0.32486	-0.407029
0.969139	17.4962	-12.6799	-1.64328	12.9619	1.13785	1.11146	13.1526	2.02307	-6.22206	-7.17017	-19.9183	10.581	-0.0406547	-20.2454	-14.2213	-6.88713	5.44978	-26.8707	-5.41063	-0.0423879	5.93857	-3.19701	-12.0549	0.397257	-3.11578	-1.44919	2.72212	-0.0911554	-0.0628955	-0.420124	4.74236	0.714493	-1.16773	3.45598	-0.0178732	0.324231	-0.412245
0.97913	18.0849	-12.2308	-2.73084	13.0132	1.23322	0.799059	13.6598	1.39582	-6.64418	-8.43788	-21.1559	11.1715	-0.0405406	-21.5542	-12.4402	-6.10429	6.14805	-26.2511	-5.16361	-0.0425382	5.61534	-3.6859	-12.5458	0.136861	-3.05101	-1.30733	2.67904	-0.0986391	-0.0556381	-0.402142	4.82896	0.785858	-1.1769	3.46913	-0.0196671	0.323113	-0.417272
0.989121	18.6866	-12.0224	-3.81212	13.0587	1.31675	0.466373	14.1452	0.788392	-7.10716	-9.76613	-22.4806	11.7827	-0.0404673	-22.8655	-10.6237	-5.28782	6.83845	-25.5807	-4.82484	-0.0426147	5.30165	-4.09835	-12.9462	-0.126029	-2.97104	-1.15894	2.63749	-0.103745	-0.0458645	-0.384558	4.90384	0.847293	-1.18826	3.4848	-0.0212412	0.321569	-0.422734
0.999112	19.1888	-12.0453	-4.87088	13.0952	1.38612	0.114815	14.588	0.196625	-7.58125	-11.154	-23.8746	12.4201	-0.0404379	-24.0692	-8.78236	-4.47798	7.48123	-24.8581	-4.3866	-0.0426291	5.02903	-4.43844	-13.2637	-0.38252	-2.88253	-1.0133	2.60005	-0.106106	-0.0347819	-0.368347	4.96655	0.897542	-1.20168	3.50337	-0.0226955	0.319634	-0.428584
1.0091	19.4688	-12.3017	-5.89215	13.1213	1.44025	-0.252228	14.9386	-0.368696	-8.07066	-12.5866	-25.3246	13.0624	-0.0404373	-25.0603	-6.9314	-3.70786	8.05002	-24.0836	-3.85804	-0.0425885	4.85592	-4.71015	-13.4594	-0.623582	-2.7946	-0.880804	2.56823	-0.107193	-0.0241768	-0.354291	5.01228	0.938423	-1.21207	3.52257	-0.0249895	0.317434	-0.433841
1.01909	19.502	-12.8322	-6.93986	13.1383	1.47887	-0.628953	15.113	-0.913782	-8.55735	-14.0125	-26.8368	13.7002	-0.0404612	-25.7739	-5.13312	-2.99222	8.52707	-23.2593	-3.26111	-0.042486	4.82694	-4.91119	-13.5975	-0.838748	-2.72239	-0.777734	2.5372	-0.106342	-0.0171382	-0.342156	5.04908	0.972716	-1.22324	3.54718	-0.0263564	0.315349	-0.439459
1.02909	19.2562	-13.597	-8.07522	13.1474	1.50167	-1.00979	15.1011	-1.44313	-9.04296	-15.4333	-28.3771	14.3215	-0.040502	-26.1619	-3.4236	-2.33224	8.88871	-22.3705	-2.61999	-0.0423077	4.94051	-5.06737	-13.7269	-1.02199	-2.66593	-0.709864	2.50723	-0.103782	-0.0148901	-0.331977	5.07741	1.00118	-1.23324	3.57621	-0.0275793	0.313478	-0.445087
1.03908	18.7339	-14.5009	-9.15451	13.1529	1.5072	-1.39167	14.8774	-1.98147	-9.50185	-16.8466	-29.9035	14.9276	-0.0405444	-26.1726	-1.8235	-1.74085	9.10555	-21.3896	-1.96077	-0.0420538	5.18306	-5.21572	-13.7214	-1.17559	-2.61488	-0.671332	2.48357	-0.100878	-0.0166556	-0.324184	5.09339	1.02346	-1.23879	3.60637	-0.0296977	0.311739	-0.449923
1.04907	17.9914	-15.44	-10.2891	13.1599	1.49376	-1.77267	14.4414	-2.56171	-9.92541	-18.2541	-31.3808	15.5063	-0.0405789	-25.8273	-0.366843	-1.22814	9.19411	-20.3227	-1.30451	-0.041746	5.52077	-5.39307	-13.7246	-1.31013	-2.56227	-0.651793	2.46689	-0.0966022	-0.0207313	-0.318167	5.10686	1.03974	-1.24674	3.64013	-0.0315807	0.309919	-0.455252
1.05906	17.1034	-16.3837	-11.5434	13.1716	1.45857	-2.14914	13.7577	-3.17479	-10.3037	-19.626	-32.7901	16.043	-0.0406091	-25.1301	0.910768	-0.790395	9.15138	-19.1897	-0.667431	-0.0414198	5.90518	-5.61957	-13.8085	-1.43067	-2.50086	-0.644976	2.45917	-0.091329	-0.02621	-0.313975	5.12153	1.0484	-1.25772	3.67688	-0.0330322	0.308122	-0.461078
1.06905	16.1798	-17.3624	-12.8707	13.1918	1.39995	-2.5161	12.827	-3.77062	-10.6413	-20.9439	-34.1004	16.5221	-0.0406244	-24.1614	1.99646	-0.407234	8.99736	-18.0286	-0.0662038	-0.0410834	6.29205	-5.89538	-13.9472	-1.53957	-2.42716	-0.644352	2.46213	-0.0857885	-0.031959	-0.311644	5.13663	1.04605	-1.27161	3.71619	-0.0341388	0.306452	-0.467337
1.07904	15.2456	-18.4055	-14.2303	13.2243	1.31584	-2.86965	11.6781	-4.27472	-10.9479	-22.2006	-35.2764	16.9349	-0.0406573	-22.9548	2.90119	-0.0804965	8.72327	-16.8607	0.485942	-0.040744	6.64711	-6.21914	-14.1268	-1.63838	-2.33568	-0.643135	2.47723	-0.0806917	-0.0368571	-0.311197	5.14629	1.0374	-1.28101	3.76105	-0.0349075	0.306269	-0.47355
1.08903	14.2426	-19.5319	-15.4652	13.2716	1.20442	-3.20821	10.3896	-4.65014	-11.2097	-23.4161	-36.2798	17.2826	-0.0407222	-21.5413	3.62429	0.189149	8.33287	-15.7212	0.983936	-0.0404154	6.96935	-6.57626	-14.2289	-1.72615	-2.2189	-0.635312	2.5049	-0.0768209	-0.0400611	-0.312581	5.14501	1.0277	-1.28034	3.8134	-0.035395	0.308467	-0.479336
1.09902	13.0639	-20.7953	-16.3279	13.3359	1.06719	-3.52908	9.04812	-4.85979	-11.4341	-24.5973	-37.0896	17.5578	-0.0408052	-19.9891	4.16667	0.417355	7.85902	-14.6611	1.42063	-0.0400974	7.32142	-6.93524	-14.0198	-1.80038	-2.07165	-0.616514	2.54268	-0.0750622	-0.0411554	-0.315335	5.13127	1.01466	-1.27351	3.87	-0.0359385	0.311934	-0.484766
1.10901	11.6118	-22.2572	-16.9947	13.4186	0.905903	-3.8288	7.71586	-4.84124	-11.6431	-25.7353	-37.6929	17.7547	-0.0409238	-18.3368	4.52439	0.611861	7.32391	-13.7259	1.79364	-0.0398001	7.72432	-7.26552	-13.6535	-1.8583	-1.89353	-0.58745	2.58459	-0.0746861	-0.0404773	-0.318605	5.12606	0.988764	-1.28315	3.92767	-0.0368739	0.313412	-0.492354
1.11901	9.77551	-23.8884	-17.4169	13.5211	0.721243	-4.10546	6.48514	-4.57513	-11.8396	-26.8488	-38.0695	17.8829	-0.04107	-16.6212	4.7366	0.78656	6.73695	-12.9314	2.10822	-0.0395227	8.2203	-7.55015	-13.0691	-1.89628	-1.68336	-0.550058	2.62605	-0.075528	-0.0387398	-0.321832	5.14006	0.944556	-1.32342	3.98227	-0.0388368	0.310325	-0.503272
1.129	7.42377	-25.6166	-17.5793	13.6419	0.513001	-4.35898	5.41078	-4.06547	-12.0222	-27.9493	-38.2087	17.9621	-0.0412484	-14.7879	4.85024	0.919349	6.04993	-12.2467	2.36976	-0.0392779	8.82988	-7.77786	-12.2383	-1.90834	-1.44492	-0.509243	2.66286	-0.0773032	-0.0370081	-0.324569	5.16125	0.891454	-1.37903	4.03466	-0.0408252	0.304605	-0.515571
1.13899	4.60552	-27.4627	-17.5074	13.7786	0.283337	-4.59026	4.48655	-3.345	-12.2037	-29.0424	-38.106	18.0056	-0.0414581	-12.8575	4.87591	1.01272	5.2569	-11.655	2.58473	-0.0390922	9.53212	-7.92419	-11.1571	-1.8866	-1.182	-0.472038	2.69312	-0.0798094	-0.0366779	-0.326883	5.17884	0.838935	-1.43702	4.08398	-0.0425641	0.297582	-0.527539
1.14898	1.55343	-29.3946	-17.2002	13.9267	0.0393354	-4.79955	3.65274	-2.50768	-12.376	-30.1088	-37.7788	18.0287	-0.0416723	-10.896	4.80966	1.08168	4.38497	-11.1601	2.75722	-0.0389749	10.2639	-7.99568	-9.81008	-1.8271	-0.8989	-0.441754	2.71722	-0.0828033	-0.0382902	-0.328983	5.19017	0.786205	-1.49629	4.12741	-0.0445227	0.288906	-0.538746
1.15897	-1.38835	-31.2939	-16.6294	14.0793	-0.209189	-4.98777	2.86123	-1.68918	-12.5442	-31.1493	-37.2389	18.0372	-0.0418828	-8.98865	4.65778	1.14184	3.46476	-10.7462	2.89121	-0.0388956	10.9082	-8.06034	-8.16252	-1.7298	-0.610511	-0.42526	2.73153	-0.0859743	-0.0430182	-0.33023	5.19056	0.723725	-1.55718	4.15939	-0.047287	0.277887	-0.548572
1.16896	-3.72329	-32.8566	-15.5956	14.2297	-0.450168	-5.15797	2.04287	-1.11912	-12.6762	-32.1626	-36.4931	18.0523	-0.0420764	-7.22995	4.47259	1.19415	2.52557	-10.3737	2.99302	-0.0387954	11.3372	-8.24175	-6.06902	-1.60199	-0.332474	-0.421239	2.73443	-0.0891787	-0.0502366	-0.329696	5.16903	0.637403	-1.61881	4.16864	-0.0515352	0.263239	-0.555442
1.17895	-4.82282	-33.7454	-14.5192	14.3716	-0.66829	-5.31283	1.06838	-1.0497	-12.7568	-33.1374	-35.5308	18.0773	-0.0422209	-5.7381	4.31389	1.2328	1.6136	-10.0126	3.06821	-0.0386549	11.3623	-8.65026	-4.00317	-1.46345	-0.0806544	-0.425024	2.72402	-0.0911631	-0.0583456	-0.326412	5.13324	0.516376	-1.68734	4.14929	-0.0566463	0.244161	-0.559719
1.18894	-3.83453	-33.5996	-13.4535	14.4988	-0.846848	-5.4539	-0.298335	-1.82068	-12.7465	-33.9943	-34.3662	18.1027	-0.0422759	-4.6647	4.2756	1.26174	0.797476	-9.65607	3.12901	-0.0385466	10.8115	-9.41134	-2.1026	-1.34043	0.133021	-0.427372	2.70217	-0.0916629	-0.0649502	-0.319744	5.07742	0.354948	-1.7602	4.09144	-0.0627012	0.220216	-0.560134
1.19893	0.271698	-32.1463	-12.3961	14.609	-0.969361	-5.5817	-2.32369	-3.79092	-12.5841	-34.6168	-33.0233	18.1023	-0.0422222	-4.25878	4.46934	1.29824	0.197583	-9.31479	3.18304	-0.0385515	9.50091	-10.6352	-0.509988	-1.26257	0.291083	-0.421152	2.66921	-0.090343	-0.0677235	-0.308802	4.99312	0.150131	-1.83287	3.98632	-0.0694905	0.19142	-0.555432
1.20893	8.2142	-29.3299	-11.2946	14.7025	-1.0242	-5.69713	-5.22293	-7.18434	-12.2392	-34.8702	-31.518	18.0307	-0.0419835	-4.74197	5.01372	1.3374	-0.090912	-8.98229	3.2292	-0.0386625	7.38279	-12.3178	0.676948	-1.26614	0.372412	-0.39431	2.62621	-0.0865525	-0.0627193	-0.29278	4.86425	-0.0957146	-1.89502	3.83017	-0.0763121	0.158958	-0.54425
1.21892	19.7966	-25.5611	-10.0309	14.7824	-1.0058	-5.79954	-9.06494	-11.8923	-11.6934	-34.6246	-29.8869	17.8531	-0.0415356	-6.23478	5.93199	1.3925	-0.0299183	-8.65799	3.2629	-0.0388259	4.72698	-14.2211	1.44363	-1.38312	0.350943	-0.335014	2.57687	-0.0795212	-0.04519	-0.271916	4.675	-0.363986	-1.93304	3.63	-0.0822638	0.125156	-0.52603
1.22891	33.0484	-21.8656	-8.44902	14.8517	-0.916452	-5.88666	-13.6298	-17.1959	-11.0307	-33.8237	-28.1878	17.5337	-0.0409437	-8.58121	7.09071	1.48637	0.297771	-8.35815	3.28174	-0.0389885	2.31352	-15.7177	1.8989	-1.62848	0.203291	-0.242414	2.52787	-0.0690428	-0.0123952	-0.248619	4.41864	-0.608861	-1.93026	3.41238	-0.0863515	0.0942509	-0.501902
1.2389	43.9409	-19.4818	-6.12343	14.9147	-0.763872	-5.95691	-18.3618	-21.6126	-10.4377	-32.527	-26.5166	17.0619	-0.040335	-11.228	8.21929	1.6231	0.640828	-8.10228	3.2884	-0.039104	1.5255	-15.9727	2.3813	-1.96257	-0.0403452	-0.139229	2.47632	-0.0566525	0.0300542	-0.226206	4.09748	-0.749072	-1.86553	3.22852	-0.0876338	0.0729758	-0.475236
1.24889	45.7633	-19.7283	-2.40001	14.9749	-0.55995	-6.01008	-22.1671	-22.798	-10.2076	-31.0521	-24.9624	16.4948	-0.0399495	-13.1765	8.86139	1.77391	0.568756	-7.89998	3.28357	-0.0391473	4.42461	-13.6574	3.28379	-2.33176	-0.296214	-0.0718197	2.39872	-0.0457867	0.067157	-0.20715	3.73605	-0.678263	-1.72204	3.14953	-0.0857826	0.0687606	-0.45146
1.25888	35.0069	-23.6747	-0.094409	15.0337	-0.319034	-6.04767	-23.277	-19.0309	-10.6207	-30.357	-23.5518	15.9246	-0.0402414	-11.7692	7.89251	1.83765	-0.749013	-7.70232	3.26712	-0.0393848	9.0318	-9.99534	4.34899	-2.55533	-0.503093	-0.032566	2.34425	-0.0392912	0.0970242	-0.19897	3.58795	-0.526626	-1.64398	3.16903	-0.0843423	0.0696851	-0.445065
1.26887	19.96	-28.0894	1.39956	15.0928	-0.0560371	-6.0697	-22.976	-13.5282	-11.2411	-30.0266	-22.2823	15.3173	-0.0408137	-8.89257	6.14414	1.85407	-2.63958	-7.54645	3.23473	-0.0397318	13.607	-6.40316	5.43016	-2.65263	-0.646234	0.0119899	2.30446	-0.0360281	0.124176	-0.195979	3.56144	-0.3654	-1.60925	3.21406	-0.0830856	0.0708984	-0.446112
1.27886	6.30798	-31.3945	2.38315	15.1526	0.214701	-6.0753	-22.2069	-8.41537	-11.785	-29.6877	-21.158	14.6773	-0.0413669	-5.84927	4.19172	1.86298	-4.65291	-7.459	3.17414	-0.0401145	17.0644	-3.7703	6.45805	-2.63752	-0.726455	0.0821499	2.28061	-0.035188	0.151797	-0.195479	3.58735	-0.243371	-1.60182	3.23685	-0.0819494	0.0691933	-0.447979
1.28885	-3.23587	-33.1659	3.02034	15.2116	0.479986	-6.06534	-21.4813	-4.68493	-12.1303	-29.1172	-20.1759	14.0297	-0.0417526	-3.3254	2.34827	1.89293	-6.57004	-7.44719	3.08225	-0.0404783	19.0299	-2.42779	7.43943	-2.52274	-0.756996	0.184416	2.28	-0.0363333	0.181362	-0.197283	3.6264	-0.187184	-1.61547	3.2186	-0.0811554	0.0628068	-0.448082
1.29885	-8.12583	-33.6628	3.4557	15.2699	0.728131	-6.04199	-20.9976	-2.49814	-12.2557	-28.2319	-19.3267	13.4192	-0.0419483	-1.58543	0.714078	1.96237	-8.32911	-7.50196	2.95509	-0.0407965	19.5948	-2.29603	8.40722	-2.32543	-0.759098	0.313118	2.30907	-0.0391832	0.212615	-0.2021	3.65748	-0.204261	-1.64543	3.15746	-0.0808324	0.0513793	-0.445565
1.30884	-9.12337	-33.3197	3.783	15.327	0.949685	-6.00616	-20.7741	-1.56954	-12.2358	-27.031	-18.6097	12.8687	-0.0419747	-0.595168	-0.730564	2.06187	-9.97023	-7.60488	2.78577	-0.0410703	19.1137	-3.08234	9.38263	-2.07065	-0.753526	0.45835	2.36889	-0.0431907	0.244782	-0.210138	3.67102	-0.281468	-1.68216	3.06324	-0.0810354	0.0365238	-0.440267
1.31883	-7.44431	-32.5449	4.10791	15.3824	1.13913	-5.95812	-20.7592	-1.48368	-12.1366	-25.5338	-18.0576	12.3923	-0.0418775	-0.218139	-2.07215	2.20276	-11.5647	-7.74319	2.57888	-0.0412904	18.0158	-4.42364	10.4018	-1.78214	-0.759074	0.611705	2.45986	-0.0473363	0.277762	-0.221548	3.67143	-0.400361	-1.72083	2.9524	-0.0821709	0.0201035	-0.433283
1.32882	-4.27913	-31.7023	4.52294	15.4353	1.29401	-5.89885	-20.8782	-1.82249	-12.0128	-23.7742	-17.7064	11.9967	-0.041693	-0.305508	-3.40546	2.38629	-13.1767	-7.90965	2.33861	-0.041452	16.6527	-5.98121	11.4639	-1.47648	-0.789363	0.763254	2.5858	-0.0515548	0.311187	-0.237272	3.67029	-0.545192	-1.76335	2.84282	-0.0834797	0.00350635	-0.426742
1.33881	-0.624395	-31.002	5.1006	15.4846	1.41519	-5.83123	-21.0333	-2.25873	-11.9147	-21.803	-17.5729	11.6812	-0.0414625	-0.698438	-4.80064	2.59936	-14.867	-8.08601	2.07404	-0.0415456	15.2904	-7.50172	12.57	-1.17341	-0.859559	0.90035	2.74121	-0.055447	0.344185	-0.256506	3.67446	-0.708525	-1.81127	2.74071	-0.0848798	-0.0131294	-0.421189
1.3488	2.80739	-30.5577	5.86623	15.5286	1.50657	-5.75841	-21.1247	-2.58558	-11.8362	-19.6685	-17.6733	11.4583	-0.0412104	-1.25845	-6.32134	2.83403	-16.682	-8.25864	1.7982	-0.0415754	14.0787	-8.80483	13.6717	-0.898035	-0.979648	1.00664	2.90617	-0.058265	0.374552	-0.276059	3.68777	-0.884744	-1.8641	2.64545	-0.0860555	-0.0299338	-0.416201
1.35879	5.55434	-30.4036	6.75149	15.5646	1.57402	-5.68176	-21.0676	-2.71793	-11.7977	-17.4133	-18.0189	11.3086	-0.040947	-1.88448	-8.00601	3.09155	-18.6347	-8.42963	1.52939	-0.0415436	13.0945	-9.76742	14.7176	-0.673504	-1.14173	1.07339	3.05464	-0.0578937	0.400457	-0.29156	3.71007	-1.06863	-1.91811	2.55156	-0.087991	-0.0471032	-0.410506
1.36878	7.47364	-30.5075	7.679	15.5915	1.62361	-5.60133	-20.8775	-2.66794	-11.7967	-15.0354	-18.6234	11.2147	-0.0406603	-2.50412	-9.8738	3.374	-20.7258	-8.60349	1.28537	-0.0414644	12.3676	-10.3587	15.6779	-0.493611	-1.33843	1.10631	3.18021	-0.05461	0.422632	-0.301906	3.74484	-1.25065	-1.97351	2.45963	-0.0905158	-0.0645536	-0.404312
1.37877	8.54604	-30.7925	8.58803	15.6077	1.6603	-5.51626	-20.5635	-2.44634	-11.8237	-12.5619	-19.4652	11.1703	-0.0403298	-3.1004	-11.9371	3.68603	-22.944	-8.78027	1.07251	-0.0413507	11.9252	-10.6227	16.5205	-0.35183	-1.5711	1.10491	3.28128	-0.0487436	0.440862	-0.307222	3.79202	-1.42127	-2.02918	2.37187	-0.0935129	-0.0818894	-0.398002
1.38877	8.84852	-31.1279	9.40149	15.6112	1.68859	-5.42681	-20.1289	-2.08773	-11.8648	-10.0394	-20.4971	11.168	-0.0399268	-3.58723	-14.1898	4.00848	-25.3083	-8.9429	0.904062	-0.0412156	11.7149	-10.6437	17.1882	-0.24441	-1.83434	1.06807	3.35825	-0.0400909	0.454534	-0.308222	3.84882	-1.5809	-2.08394	2.28411	-0.0969739	-0.0992202	-0.391048
1.39876	8.69735	-31.4704	10.0749	15.6031	1.71342	-5.33142	-19.6034	-1.6373	-11.8888	-7.50458	-21.6726	11.1927	-0.0394169	-3.96328	-16.6008	4.35052	-27.787	-9.10217	0.78584	-0.041062	11.602	-10.5399	17.6396	-0.1596	-2.1256	1.00447	3.42351	-0.0304045	0.465324	-0.307141	3.91358	-1.7343	-2.13915	2.18989	-0.100286	-0.117099	-0.382883
1.40875	8.34429	-31.8073	10.5533	15.5851	1.73998	-5.22763	-19.0403	-1.12838	-11.8828	-4.98771	-22.9403	11.2176	-0.0387475	-4.21662	-19.1378	4.71339	-30.3457	-9.27497	0.719437	-0.0408869	11.4868	-10.394	17.8371	-0.0924032	-2.43715	0.921111	3.48477	-0.0179438	0.474569	-0.305323	3.98424	-1.87481	-2.19364	2.08593	-0.103874	-0.135651	-0.373245
1.41874	7.94345	-31.9806	10.8526	15.5597	1.77234	-5.11436	-18.4299	-0.607053	-11.8137	-2.54903	-24.2191	11.2254	-0.0378829	-4.36705	-21.753	5.0952	-32.9379	-9.47822	0.703048	-0.040711	11.3576	-10.2925	17.7902	-0.0430697	-2.75928	0.825175	3.55284	-0.00490723	0.484086	-0.304664	4.05678	-1.99693	-2.246	1.97403	-0.106997	-0.154473	-0.36235
1.42873	7.66885	-31.8709	10.9803	15.5314	1.81199	-4.99185	-17.772	-0.105318	-11.6548	-0.250532	-25.4176	11.2053	-0.0368371	-4.42109	-24.3847	5.48746	-35.5255	-9.72212	0.73606	-0.0405904	11.1686	-10.3348	17.4901	-0.00747576	-3.09011	0.71498	3.63791	0.00774236	0.494453	-0.307487	4.12418	-2.10322	-2.29121	1.85414	-0.109443	-0.172644	-0.34974
1.43872	7.6538	-31.5101	10.9649	15.5036	1.859	-4.85984	-17.097	0.377831	-11.4052	1.8683	-26.4573	11.1415	-0.0356865	-4.36664	-26.989	5.87939	-38.0832	-10.0084	0.816877	-0.0405504	10.8386	-10.5742	16.9582	0.0205927	-3.42909	0.589975	3.74698	0.0190731	0.506387	-0.315343	4.18291	-2.19102	-2.32461	1.73109	-0.111209	-0.188786	-0.335787
1.44871	7.93561	-30.9436	10.8433	15.4786	1.91444	-4.71784	-16.4005	0.84644	-11.0571	3.77674	-27.2795	11.0218	-0.0345411	-4.26452	-29.5444	6.28982	-40.5542	-10.3568	0.942861	-0.0405533	10.3586	-11.0171	16.2357	0.0408006	-3.77035	0.449614	3.87843	0.0283732	0.520033	-0.328429	4.22977	-2.25576	-2.34226	1.61138	-0.112341	-0.201658	-0.321132
1.4587	8.46644	-30.2036	10.6661	15.4579	1.98086	-4.56737	-15.7195	1.30906	-10.613	5.46599	-27.8338	10.8408	-0.0335102	-4.13865	-32.0319	6.7105	-42.9005	-10.7774	1.11025	-0.0405829	9.77975	-11.6354	15.3975	0.0488812	-4.10601	0.295864	4.02414	0.0351364	0.53529	-0.345636	4.264	-2.2989	-2.34419	1.49781	-0.112946	-0.211112	-0.306063
1.46869	9.22272	-29.3647	10.4854	15.4436	2.06222	-4.41149	-15.1115	1.77568	-10.0807	6.9411	-28.0864	10.5973	-0.0326739	-3.9984	-34.4146	7.12439	-45.0899	-11.2739	1.31522	-0.0406609	9.13494	-12.3736	14.5175	0.0536354	-4.42744	0.143719	4.17464	0.0407893	0.553231	-0.364131	4.28694	-2.33001	-2.33376	1.38452	-0.113749	-0.218304	-0.289851
1.47869	10.1596	-28.5077	10.3694	15.436	2.1637	-4.2529	-14.6128	2.24278	-9.44206	8.20012	-28.0291	10.3023	-0.0321633	-3.83625	-36.6907	7.52831	-47.1156	-11.8346	1.55329	-0.0408035	8.44563	-13.1819	13.6698	0.065647	-4.7268	0.00818471	4.31725	0.0480997	0.573882	-0.380341	4.30295	-2.35511	-2.31544	1.27076	-0.115066	-0.22398	-0.27268
1.48868	11.1975	-27.7132	10.4207	15.4334	2.2912	-4.09318	-14.2317	2.70952	-8.72403	9.23565	-27.6667	9.95144	-0.0321095	-3.66383	-38.8797	7.91455	-48.9687	-12.4508	1.81487	-0.0410183	7.7536	-14.0249	12.992	0.096759	-5.00926	-0.100326	4.44728	0.0558828	0.597146	-0.392013	4.32114	-2.37397	-2.29741	1.16456	-0.115724	-0.228678	-0.25629
1.49867	12.3473	-26.995	10.635	15.4349	2.44959	-3.93472	-13.9587	3.16027	-7.94357	10.0643	-27.026	9.55245	-0.0324577	-3.49874	-40.9761	8.283	-50.622	-13.137	2.09743	-0.0412888	7.05971	-14.8982	12.499	0.154935	-5.28162	-0.181844	4.56159	0.06488	0.621563	-0.398634	4.34453	-2.38945	-2.28356	1.06706	-0.115734	-0.232953	-0.241234
1.50866	13.5742	-26.3249	10.9885	15.4382	2.63973	-3.78065	-13.7834	3.59927	-7.12298	10.7096	-26.145	9.11733	-0.033115	-3.32759	-42.9755	8.62521	-52.0816	-13.886	2.39994	-0.0415832	6.38287	-15.8114	12.1761	0.242275	-5.55319	-0.243672	4.66265	0.0748247	0.645779	-0.401589	4.37279	-2.40332	-2.27653	0.978783	-0.115165	-0.237383	-0.22789
1.51865	14.793	-25.6304	11.4467	15.4408	2.85891	-3.63542	-13.6909	4.00723	-6.28353	11.2003	-25.0675	8.65511	-0.034001	-3.11737	-44.8774	8.93496	-53.3725	-14.6802	2.72932	-0.0418771	5.7708	-16.7557	12.0117	0.352915	-5.83293	-0.29883	4.75685	0.0837425	0.668851	-0.403726	4.40423	-2.41653	-2.27813	0.900753	-0.113975	-0.242463	-0.216565
1.52864	16.0022	-24.9152	11.987	15.442	3.10195	-3.50205	-13.6564	4.34655	-5.44307	11.5646	-23.8453	8.17277	-0.0350589	-2.88605	-46.6787	9.2212	-54.4949	-15.5211	3.09034	-0.0421631	5.22003	-17.698	11.9977	0.47824	-6.12867	-0.362344	4.85196	0.088871	0.690229	-0.408431	4.43794	-2.43067	-2.2894	0.832653	-0.112128	-0.248577	-0.207284
1.53863	17.1643	-24.2326	12.5617	15.4395	3.3621	-3.38189	-13.6696	4.60705	-4.64356	11.8264	-22.5258	7.66997	-0.0362977	-2.63819	-48.3832	9.49386	-55.4593	-16.4049	3.48626	-0.042436	4.7274	-18.5941	12.1231	0.603331	-6.44038	-0.446466	4.94913	0.0889135	0.70907	-0.417963	4.47119	-2.44592	-2.30976	0.774634	-0.109903	-0.255884	-0.200032
1.54862	18.2651	-23.6256	13.1451	15.4316	3.63145	-3.27657	-13.7117	4.77963	-3.89745	11.9976	-21.1535	7.16042	-0.0377303	-2.37538	-49.988	9.75793	-56.2759	-17.3285	3.91703	-0.0426786	4.27665	-19.4025	12.3629	0.71589	-6.75259	-0.549465	5.04207	0.0849167	0.724868	-0.431613	4.49974	-2.46266	-2.3365	0.725564	-0.108058	-0.264277	-0.194492
1.55861	19.2229	-23.0396	13.7022	15.4182	3.90071	-3.18834	-13.7095	4.85816	-3.21895	12.0687	-19.7589	6.65695	-0.0394066	-2.09923	-51.4561	10.011	-56.9484	-18.281	4.3857	-0.0428441	3.88604	-20.0719	12.6753	0.809759	-7.04834	-0.660838	5.12453	0.0789707	0.737946	-0.447153	4.52104	-2.47857	-2.36671	0.687839	-0.106563	-0.273146	-0.190878
1.56861	19.9808	-22.4646	14.2272	15.3986	4.16053	-3.11847	-13.6304	4.85209	-2.63257	12.0405	-18.3719	6.16725	-0.0413133	-1.77032	-52.7606	10.2376	-57.507	-19.2348	4.8939	-0.042865	3.55125	-20.5777	13.042	0.892582	-7.32143	-0.766629	5.19729	0.0725536	0.74965	-0.462173	4.5335	-2.49366	-2.39667	0.660325	-0.105347	-0.281887	-0.188733
1.5786	20.5509	-21.97	14.7329	15.3721	4.40524	-3.06567	-13.4917	4.81681	-2.15362	11.927	-17.0227	5.70103	-0.0432516	-1.39009	-53.8966	10.4587	-57.9647	-20.1806	5.44417	-0.0427775	3.26803	-20.9412	13.4759	0.978324	-7.57739	-0.855529	5.26607	0.0660767	0.761518	-0.474808	4.53697	-2.50614	-2.42283	0.641044	-0.104267	-0.289979	-0.187431
1.58859	20.9122	-21.5101	15.1794	15.339	4.63305	-3.0285	-13.2831	4.75615	-1.7843	11.7552	-15.7383	5.26343	-0.045059	-0.932127	-54.8766	10.6667	-58.3557	-21.1121	6.03151	-0.0426476	3.03591	-21.1719	13.9255	1.0622	-7.80474	-0.924822	5.32472	0.0605784	0.772619	-0.483751	4.52985	-2.5139	-2.44154	0.628295	-0.103362	-0.296881	-0.186455
1.59858	21.1052	-21.0058	15.5528	15.3013	4.8447	-3.00588	-13.0128	4.63985	-1.49364	11.5586	-14.5452	4.85706	-0.0466143	-0.399468	-55.7125	10.85	-58.7017	-22.0175	6.64431	-0.0424833	2.86769	-21.2884	14.3583	1.13649	-7.99238	-0.974726	5.36735	0.0569898	0.781834	-0.488347	4.5109	-2.51429	-2.45041	0.621961	-0.102758	-0.302226	-0.185605
1.60857	21.1591	-20.4712	15.8526	15.26	5.04044	-2.99545	-12.7209	4.4699	-1.24438	11.3674	-13.4598	4.48855	-0.0478896	0.192932	-56.4357	11.0054	-59.0211	-22.8892	7.27131	-0.0422777	2.77149	-21.2971	14.7513	1.19792	-8.13665	-1.00704	5.39162	0.0560286	0.788448	-0.488703	4.48068	-2.50359	-2.44805	0.62215	-0.102594	-0.305758	-0.184803
1.61856	21.1406	-19.8904	16.0999	15.215	5.22211	-2.99445	-12.4442	4.23732	-1.0362	11.2076	-12.487	4.158	-0.0488466	0.858086	-57.0505	11.1314	-59.3248	-23.7368	7.91621	-0.0420487	2.71616	-21.2333	15.1393	1.25086	-8.24094	-1.02088	5.39928	0.0571509	0.792373	-0.484719	4.43804	-2.48162	-2.43223	0.625096	-0.103419	-0.307419	-0.183212
1.62855	21.1564	-19.2802	16.2657	15.1685	5.39083	-2.99842	-12.2257	3.92999	-0.850421	11.1114	-11.6341	3.86552	-0.0494897	1.56758	-57.5805	11.2259	-59.6113	-24.5727	8.56638	-0.0418171	2.66895	-21.1348	15.4828	1.3045	-8.31177	-1.01607	5.39608	0.0607659	0.794326	-0.477047	4.38475	-2.44953	-2.40476	0.629119	-0.104937	-0.307455	-0.180818
1.63854	21.2262	-18.6804	16.3889	15.1212	5.54622	-3.00419	-12.086	3.5691	-0.694159	11.0841	-10.8938	3.6133	-0.049789	2.33617	-58.0632	11.2765	-59.9082	-25.4019	9.21219	-0.0416542	2.59579	-21.0304	15.8059	1.37188	-8.36705	-0.99421	5.39356	0.0661383	0.795799	-0.467018	4.32439	-2.40921	-2.36833	0.633075	-0.10685	-0.306214	-0.177629
1.64853	21.3508	-18.1857	16.6053	15.0726	5.68672	-3.00843	-12.0181	3.19492	-0.571749	11.1124	-10.2462	3.40598	-0.0496792	3.1536	-58.5566	11.2912	-60.2408	-26.224	9.84628	-0.0415746	2.44963	-20.9332	16.2213	1.45931	-8.4239	-0.95915	5.40155	0.0706053	0.797783	-0.456009	4.26286	-2.36061	-2.3274	0.639474	-0.108031	-0.304039	-0.174191
1.65853	21.5066	-17.7956	16.8672	15.0231	5.81228	-3.00729	-11.993	2.81059	-0.472255	11.1928	-9.68071	3.24125	-0.0492049	3.98767	-59.1026	11.2843	-60.6051	-27.0511	10.4605	-0.0415507	2.23711	-20.8422	16.6741	1.57728	-8.4826	-0.911294	5.42805	0.0752243	0.801856	-0.445267	4.20314	-2.3045	-2.28411	0.645388	-0.109088	-0.301414	-0.170346
1.66852	21.6867	-17.5375	17.1214	14.9728	5.92483	-2.99695	-11.9942	2.41613	-0.402342	11.323	-9.19202	3.11616	-0.0484877	4.81259	-59.727	11.2592	-60.9877	-27.8927	11.0441	-0.0415581	1.95547	-20.7427	17.1193	1.73196	-8.54025	-0.849404	5.47918	0.0798735	0.80949	-0.435378	4.1527	-2.23861	-2.24312	0.650687	-0.109977	-0.29891	-0.166572
1.67851	21.8154	-17.396	17.3772	14.9213	6.02612	-2.97684	-11.978	2.01972	-0.330776	11.4618	-8.75521	3.02928	-0.0476085	5.62949	-60.4354	11.2262	-61.375	-28.7605	11.6003	-0.0415861	1.62904	-20.6003	17.5454	1.93308	-8.58969	-0.769889	5.55959	0.0845244	0.821981	-0.426469	4.12039	-2.15995	-2.21001	0.658461	-0.110659	-0.297062	-0.163866
1.6885	21.7788	-17.3154	17.6332	14.8685	6.1175	-2.94765	-11.891	1.64047	-0.264141	11.5646	-8.33778	2.9804	-0.0466559	6.44782	-61.2087	11.1864	-61.7555	-29.653	12.1288	-0.0416299	1.3124	-20.3956	17.9552	2.19528	-8.62538	-0.666565	5.67386	0.0892314	0.840678	-0.418261	4.11408	-2.0658	-2.19033	0.672299	-0.111047	-0.29643	-0.163253
1.69849	21.4795	-17.2088	18.0375	14.8156	6.20176	-2.91029	-11.7031	1.25021	-0.195606	11.6216	-7.93026	2.9622	-0.0456161	7.26204	-62.0071	11.1286	-62.1132	-30.5618	12.6194	-0.0416997	1.10016	-20.0859	18.5021	2.53828	-8.64045	-0.532701	5.82474	0.0948114	0.866256	-0.410454	4.13841	-1.95582	-2.18795	0.69227	-0.111631	-0.297876	-0.164725
1.70848	20.9151	-16.978	18.4555	14.7634	6.28181	-2.86372	-11.4067	0.834498	-0.125983	11.6212	-7.51849	2.95948	-0.0446079	8.04036	-62.8381	11.059	-62.4273	-31.4834	13.059	-0.0417876	1.05113	-19.7244	19.0887	2.9765	-8.63309	-0.356079	6.01455	0.101087	0.900109	-0.401582	4.1975	-1.8263	-2.20707	0.723686	-0.112138	-0.301565	-0.169755
1.71847	20.0698	-16.5169	18.897	14.7111	6.35997	-2.80827	-10.9875	0.352224	-0.0632022	11.5512	-7.09288	2.95668	-0.0435875	8.81187	-63.67	10.9742	-62.7055	-32.401	13.443	-0.0418973	1.18729	-19.3259	19.7725	3.51734	-8.59183	-0.126815	6.23939	0.108492	0.942138	-0.390344	4.2924	-1.67703	-2.25104	0.770824	-0.112283	-0.307797	-0.179262
1.72846	18.9864	-15.7484	19.3244	14.6607	6.43935	-2.74462	-10.4353	-0.250316	0.011208	11.4021	-6.64463	2.93927	-0.0425789	9.56832	-64.5101	10.8772	-62.9453	-33.2891	13.7574	-0.0420225	1.509	-18.9191	20.5524	4.17641	-8.50592	0.171131	6.49694	0.11776	0.993081	-0.374682	4.42252	-1.50634	-2.3204	0.836404	-0.111964	-0.316385	-0.193872
1.73845	17.7289	-14.6103	19.7254	14.6133	6.52363	-2.6748	-9.72487	-1.01966	0.11951	11.1586	-6.16094	2.89271	-0.0416157	10.2649	-65.3591	10.7551	-63.1271	-34.1303	13.9882	-0.0421503	2.01054	-18.5198	21.4079	4.97701	-8.36681	0.558836	6.78823	0.129233	1.05483	-0.352196	4.5844	-1.31216	-2.41347	0.924554	-0.111295	-0.326686	-0.21435
1.74845	16.3908	-13.1025	20.125	14.5703	6.61697	-2.6005	-8.83793	-2.03135	0.272357	10.8176	-5.63031	2.80274	-0.040725	10.8387	-66.2267	10.6061	-63.2241	-34.9157	14.1272	-0.0422705	2.65792	-18.1009	22.3582	5.92166	-8.15137	1.04928	7.10174	0.144768	1.12673	-0.32129	4.77108	-1.09255	-2.52521	1.03503	-0.111295	-0.338047	-0.24039
1.75844	15.1458	-11.2287	20.481	14.5338	6.72262	-2.52499	-7.77495	-3.37865	0.482619	10.3794	-5.04313	2.65253	-0.039922	11.2108	-67.09	10.4435	-63.1935	-35.6473	14.1772	-0.0423847	3.38521	-17.641	23.3723	7.01249	-7.85324	1.65852	7.43243	0.162765	1.20982	-0.280075	4.9778	-0.842935	-2.65229	1.17105	-0.111624	-0.349619	-0.272489
1.76843	14.099	-9.00158	20.7717	14.5061	6.84107	-2.451	-6.54625	-5.10563	0.757385	9.84632	-4.3951	2.43232	-0.0392727	11.3464	-67.9246	10.261	-63.0187	-36.3119	14.1366	-0.0425016	4.13737	-17.1224	24.4148	8.23655	-7.45528	2.39674	7.76942	0.184395	1.30416	-0.227484	5.19353	-0.562334	-2.78343	1.32471	-0.114447	-0.360403	-0.308673
1.77842	13.3562	-6.43209	21.0091	14.4892	6.97133	-2.38109	-5.15995	-7.21091	1.124	9.20282	-3.67888	2.13538	-0.0387542	11.2081	-68.6972	10.0604	-62.6779	-36.9092	14.009	-0.0426176	4.85812	-16.5464	25.4501	9.57837	-6.95339	3.27152	8.11251	0.208798	1.41183	-0.163635	5.4128	-0.247628	-2.91236	1.49712	-0.1187	-0.369142	-0.348685
1.78841	12.9831	-3.50166	21.1872	14.4849	7.11039	-2.31608	-3.64387	-9.67976	1.58144	8.45281	-2.89839	1.76169	-0.0382932	10.7866	-69.4048	9.84496	-62.1785	-37.4359	13.7949	-0.0427188	5.51882	-15.9614	26.443	11.015	-6.34464	4.28453	8.47099	0.23547	1.53637	-0.0905109	5.62571	0.101768	-3.02876	1.68513	-0.123922	-0.374364	-0.391208
1.7984	13.0724	-0.186744	21.2602	14.4954	7.25269	-2.25572	-2.05536	-12.4854	2.0993	7.62821	-2.07736	1.32132	-0.0377966	10.0451	-70.0469	9.62491	-61.5167	-37.9059	13.5016	-0.0427859	6.11732	-15.4511	27.3487	12.5138	-5.62184	5.42799	8.86303	0.263637	1.68193	-0.0124392	5.82179	0.48036	-3.12218	1.88309	-0.129524	-0.374719	-0.43439
1.80839	13.697	3.38124	21.2196	14.5223	7.3887	-2.19795	-0.482537	-15.4816	2.6657	6.76556	-1.24826	0.838113	-0.0372377	8.94795	-70.6573	9.41135	-60.7036	-38.3284	13.1324	-0.042805	6.65263	-15.0886	28.0882	14.0274	-4.7696	6.68098	9.31359	0.292215	1.8521	0.0638156	5.99295	0.870703	-3.18695	2.07665	-0.134818	-0.370291	-0.475228
1.81838	14.9179	6.95265	21.067	14.5662	7.50558	-2.14071	0.970341	-18.4407	3.22935	5.91462	-0.45618	0.348748	-0.0366902	7.49292	-71.2381	9.19304	-59.7694	-38.6917	12.6905	-0.0427765	7.09085	-14.9202	28.5655	15.4865	-3.77661	7.99807	9.8561	0.32068	2.04827	0.127718	6.13508	1.25194	-3.22327	2.24968	-0.139227	-0.362351	-0.510907
1.82837	16.8782	10.2208	20.7642	14.6291	7.58627	-2.08055	2.14529	-21.1038	3.72756	5.1589	0.22578	-0.0917564	-0.0362565	5.68407	-71.7672	8.96987	-58.7286	-38.9994	12.1885	-0.0427112	7.37158	-14.9916	28.6786	16.8193	-2.63154	9.32153	10.533	0.347762	2.2701	0.167142	6.2468	1.60369	-3.23499	2.38968	-0.142424	-0.352556	-0.539559
1.83837	19.2818	14.0425	20.2321	14.705	7.66828	-2.03177	3.54832	-23.8871	4.21886	4.26823	1.01242	-0.614562	-0.0358528	3.50336	-72.2433	8.75151	-57.5907	-39.2784	11.6435	-0.0425324	7.49029	-15.4153	28.3101	17.9366	-1.31525	10.5771	11.3829	0.372035	2.51332	0.169534	6.31127	1.90566	-3.21913	2.48732	-0.143949	-0.341381	-0.559414
1.84836	23.3077	15.4698	19.4019	14.8154	7.58822	-1.94037	3.25951	-24.7187	4.34977	4.1963	1.01647	-0.633809	-0.0355328	1.10605	-72.5367	8.51881	-56.3668	-39.5329	11.0644	-0.0424895	7.36063	-16.3084	27.3304	18.7468	0.143497	11.6696	12.46	0.39284	2.77112	0.12058	6.35834	2.14142	-3.18919	2.5342	-0.14588	-0.331521	-0.569688
1.85835	27.5945	17.5251	18.1183	14.9395	7.49103	-1.85435	3.13327	-25.355	4.4186	4.08187	1.01866	-0.647323	-0.0351706	-1.5185	-72.6989	8.27379	-55.098	-39.7649	10.4581	-0.0423443	7.09309	-17.7543	25.5751	19.1338	1.76988	12.5056	13.7559	0.408452	3.02872	0.0142286	6.34772	2.29891	-3.12955	2.52749	-0.146086	-0.320854	-0.568943
1.86834	31.7505	20.459	16.4527	15.0744	7.37963	-1.77445	3.29967	-25.8742	4.44995	3.8909	1.02336	-0.659096	-0.0348219	-4.25239	-72.6564	7.99797	-53.8256	-39.9639	9.8422	-0.0420944	6.73873	-19.6909	23.0889	18.9757	3.56364	12.9856	15.2288	0.420765	3.26604	-0.150165	6.28036	2.36942	-3.04025	2.46543	-0.144325	-0.309415	-0.55635
1.87833	35.2617	24.2471	14.2808	15.2162	7.26007	-1.69976	3.86591	-26.3195	4.46326	3.5996	1.03332	-0.671455	-0.0345153	-6.96944	-72.3822	7.68447	-52.5937	-40.1239	9.22727	-0.0417503	6.40706	-21.8722	19.7574	18.1683	5.50832	13.053	16.7913	0.428859	3.46405	-0.362685	6.16839	2.34989	-2.92939	2.3522	-0.140974	-0.298128	-0.533073
1.88832	37.5736	28.4721	11.5811	15.361	7.14206	-1.6284	4.91549	-26.6585	4.46257	3.19794	1.05043	-0.684092	-0.034299	-9.58415	-71.8928	7.32759	-51.419	-40.2457	8.61449	-0.0413458	6.22708	-23.8632	15.5684	16.6261	7.53587	12.6956	18.313	0.432689	3.60563	-0.604551	6.03194	2.24049	-2.81401	2.19687	-0.136896	-0.289282	-0.501679
1.89831	38.2786	32.4411	8.45618	15.5037	7.03827	-1.55867	6.49048	-26.8204	4.44571	2.69491	1.07498	-0.695027	-0.0342106	-12.0173	-71.2254	6.91884	-50.3221	-40.3107	8.01053	-0.0409371	6.227	-25.1269	10.6195	14.2879	9.52354	11.9525	19.6254	0.432957	3.67601	-0.849055	5.89662	2.04498	-2.71577	2.01438	-0.133301	-0.285534	-0.466076
1.9083	37.2626	35.3574	5.18122	15.6392	6.96235	-1.48774	8.55731	-26.7259	4.40628	2.12297	1.10408	-0.701104	-0.0342094	-14.2525	-70.4548	6.46601	-49.3087	-40.2911	7.4189	-0.040601	6.37706	-25.2043	5.19575	11.1702	11.2785	10.8976	20.5578	0.430548	3.66265	-1.06922	5.78859	1.77398	-2.6545	1.82656	-0.130083	-0.288528	-0.430954
1.91829	34.6903	36.7879	2.13534	15.7627	6.9279	-1.41288	11.0285	-26.3223	4.3413	1.5173	1.13775	-0.700284	-0.0343802	-16.3076	-69.6424	5.97567	-48.363	-40.1693	6.8421	-0.0403776	6.61371	-24.0019	-0.30025	7.38995	12.5317	9.63675	20.9808	0.424702	3.55989	-1.24212	5.7145	1.4387	-2.63526	1.6431	-0.12974	-0.298827	-0.398108
1.92829	30.8986	36.7362	-0.404237	15.8707	6.94687	-1.33123	13.7687	-25.5947	4.25097	0.909764	1.17769	-0.691688	-0.0348701	-18.2264	-68.8502	5.46519	-47.4538	-39.9349	6.27468	-0.040273	6.96137	-21.8009	-5.53109	3.19019	12.99	8.26632	20.8363	0.414368	3.36728	-1.35625	5.67182	1.0617	-2.65328	1.48204	-0.13113	-0.314192	-0.370114
1.93828	26.1856	35.5956	-2.49575	15.9622	7.02732	-1.24057	16.6217	-24.5589	4.1313	0.32461	1.22496	-0.675262	-0.0357807	-20.0582	-68.0992	4.94389	-46.5421	-39.5775	5.70946	-0.0402448	7.60259	-19.1035	-10.4743	-1.05009	12.4234	6.87549	20.1621	0.39605	3.09465	-1.41151	5.64371	0.676224	-2.68788	1.35628	-0.133419	-0.330056	-0.348229
1.94827	20.833	34.0083	-4.20601	16.0387	7.17169	-1.14098	19.3975	-23.2812	3.98022	-0.213442	1.27671	-0.65152	-0.0370412	-21.8078	-67.3359	4.40256	-45.5896	-39.084	5.14305	-0.0402309	8.76452	-16.4629	-15.0694	-4.93301	10.7841	5.55033	19.0557	0.368509	2.76129	-1.41204	5.60854	0.315286	-2.71241	1.26929	-0.135898	-0.341523	-0.331694
1.95826	15.2545	31.5528	-5.23539	16.1038	7.37846	-1.03304	21.9107	-21.8514	3.7963	-0.667151	1.3319	-0.622806	-0.0386236	-23.4627	-66.594	3.85065	-44.5471	-38.4432	4.57	-0.0402681	10.2437	-13.5703	-18.8579	-8.42267	8.21065	4.41304	17.6037	0.335574	2.39815	-1.35463	5.56073	0.0014382	-2.71154	1.22473	-0.13795	-0.34562	-0.31954
1.96825	10.2173	28.1576	-5.34789	16.1601	7.64506	-0.918885	23.952	-20.4321	3.5848	-0.997261	1.38907	-0.592692	-0.0404721	-25.007	-65.8217	3.293	-43.3726	-37.6452	3.9967	-0.0404278	11.6165	-10.2839	-21.4369	-11.675	5.05751	3.59477	15.8326	0.298082	2.02731	-1.23108	5.50163	-0.235082	-2.67438	1.2277	-0.138981	-0.339855	-0.312023
1.97824	6.36239	24.0073	-4.66317	16.2094	7.96842	-0.80183	25.3491	-19.1478	3.35124	-1.17442	1.4419	-0.563272	-0.0423379	-26.4216	-64.9771	2.73232	-42.0332	-36.6931	3.43052	-0.0407376	12.5582	-6.69169	-22.8151	-14.7335	1.64557	3.15156	13.8313	0.255264	1.67078	-1.05016	5.43464	-0.364282	-2.59397	1.27835	-0.138359	-0.322596	-0.309646
1.98823	4.09083	19.2238	-3.44008	16.2546	8.34408	-0.686578	25.9807	-18.0154	3.09218	-1.17736	1.48144	-0.533974	-0.0438966	-27.6981	-64.0745	2.16858	-40.5066	-35.6001	2.87945	-0.0411696	12.9053	-2.96727	-23.2134	-17.4192	-1.79989	2.98838	11.7676	0.20374	1.34304	-0.846183	5.36128	-0.372792	-2.46834	1.37136	-0.134985	-0.293212	-0.312286
1.99822	3.37209	13.57	-2.16339	16.2976	8.76474	-0.577978	25.8153	-16.9061	2.78916	-0.998388	1.50085	-0.501457	-0.0449433	-28.7919	-63.2151	1.60017	-38.8164	-34.3749	2.34941	-0.0416469	12.6862	0.876065	-23.1571	-19.3741	-5.15778	2.85118	9.80754	0.1382	1.03648	-0.664101	5.28207	-0.263913	-2.2983	1.49819	-0.128109	-0.251575	-0.319198
2.00821	3.92878	6.52391	-1.29457	16.3393	9.21977	-0.4789	24.9076	-15.6282	2.42313	-0.651653	1.49618	-0.461705	-0.0453738	-29.6229	-62.5492	1.04728	-37.0293	-33.0235	1.84485	-0.042061	11.9862	5.02055	-23.1855	-20.2203	-8.40359	2.41013	8.03824	0.0520874	0.721112	-0.535488	5.20383	-0.0542813	-2.09132	1.65222	-0.115276	-0.198086	-0.329631
2.01821	5.8076	-2.56492	-1.14476	16.3817	9.69466	-0.39068	23.3723	-14.0204	1.99164	-0.169594	1.4674	-0.412283	-0.0451959	-30.178	-62.1927	0.52916	-35.1974	-31.5618	1.3631	-0.0423248	10.6154	9.82898	-23.7665	-19.7241	-11.5717	1.38583	6.43529	-0.0521396	0.360258	-0.460107	5.13714	0.22676	-1.86187	1.82177	-0.0942118	-0.134985	-0.342112
2.0282	9.66609	-13.8061	-1.53403	16.4266	10.1712	-0.314135	21.3771	-12.1159	1.53233	0.397252	1.41837	-0.356499	-0.0444529	-30.5261	-62.0909	0.0404493	-33.3382	-30.0183	0.903974	-0.0423751	7.98246	15.5515	-24.9452	-17.8574	-14.6765	-0.32546	4.91813	-0.162379	-0.0603015	-0.409746	5.09018	0.53458	-1.63141	1.98963	-0.0639979	-0.0670375	-0.35456
2.03819	17.1074	-26.1919	-1.95308	16.4757	10.6287	-0.248413	19.0462	-10.2534	1.13744	0.991349	1.35555	-0.30561	-0.0431548	-30.8116	-61.9573	-0.441629	-31.4212	-28.4312	0.470946	-0.04225	2.89421	22.0241	-26.3684	-14.9254	-17.6598	-2.52047	3.38605	-0.261921	-0.507018	-0.337628	5.07069	0.819121	-1.42224	2.15024	-0.0239851	0.00137155	-0.366918
2.04818	30.9064	-37.3272	-1.73964	16.5296	11.0464	-0.190472	16.5563	-9.15047	0.930182	1.52293	1.3016	-0.282788	-0.0416855	-31.279	-61.275	-0.950255	-29.3922	-26.8346	0.0711753	-0.042238	-6.65198	28.5194	-27.4483	-12.2715	-20.6473	-4.44127	1.58493	-0.314988	-0.88199	-0.160635	5.03383	1.02851	-1.21067	2.23601	0.00323591	0.0616516	-0.36656
2.05817	44.0428	-41.4356	-1.66012	16.5885	11.4056	-0.134766	14.2717	-9.7463	0.991285	1.85854	1.26629	-0.312316	-0.0398755	-31.4678	-59.5718	-1.50044	-27.2383	-25.2696	-0.298779	-0.0421482	-15.1174	32.6407	-27.7848	-9.79369	-23.1367	-5.96867	-0.214416	-0.327041	-1.15333	0.0692984	4.97588	1.10993	-1.02017	2.29721	0.00830439	0.111369	-0.361203
2.06816	55.459	-41.5114	-1.51779	16.6518	11.6911	-0.0746881	12.0541	-11.1526	1.19727	2.0814	1.26143	-0.360277	-0.0389378	-31.1553	-57.9181	-2.09584	-25.1382	-23.7415	-0.682555	-0.0419545	-21.5924	35.1893	-27.0834	-7.67844	-25.0407	-6.86087	-1.93295	-0.303708	-1.28573	0.330421	4.87745	1.11731	-0.809337	2.29146	-0.0227202	0.147662	-0.340723
2.07815	65.7488	-38.8277	-1.73308	16.7175	11.892	-0.00524443	9.72861	-12.5842	1.35336	2.32081	1.24726	-0.404759	-0.0377994	-31.2023	-56.5385	-2.55671	-23.0428	-22.2777	-1.09034	-0.0416091	-26.7276	35.8691	-26.0408	-5.97053	-26.2691	-7.25593	-3.45396	-0.256459	-1.31811	0.580535	4.7604	1.08173	-0.658352	2.27997	-0.0396322	0.172298	-0.323317
2.08814	74.3732	-33.1623	-2.33026	16.7844	12.0021	0.0775208	7.4046	-13.9793	1.46535	2.52359	1.23104	-0.444855	-0.0366783	-31.5396	-55.3291	-2.91956	-21.0255	-20.9156	-1.5275	-0.0411963	-30.3779	34.5375	-24.7148	-4.55151	-26.723	-7.30173	-4.69455	-0.199523	-1.28642	0.789935	4.57752	1.01352	-0.542549	2.22787	-0.0424168	0.185579	-0.302336
2.09813	80.531	-25.5655	-3.18565	16.8488	12.0202	0.176516	5.21098	-15.2029	1.54078	2.69708	1.21447	-0.477581	-0.0356677	-31.9188	-54.2542	-3.22126	-19.1672	-19.6801	-1.99394	-0.0408096	-32.4766	31.8971	-23.1955	-3.3884	-26.4034	-7.05374	-5.61661	-0.141285	-1.20919	0.947553	4.35417	0.924826	-0.463472	2.15384	-0.0326098	0.189767	-0.280746
2.10813	83.8374	-17.7029	-3.90389	16.9069	11.9509	0.293425	3.34286	-16.1549	1.60087	2.84039	1.20149	-0.502281	-0.0348813	-32.0233	-53.2388	-3.49446	-17.5533	-18.5855	-2.48162	-0.0405182	-33.3436	29.1395	-21.5032	-2.5107	-25.3893	-6.45073	-6.22454	-0.0837057	-1.08192	1.05759	4.18092	0.826709	-0.445105	2.12409	-0.0134761	0.189562	-0.270259
2.11812	84.444	-9.14523	-4.45733	16.9555	11.8024	0.427487	1.84713	-17.0559	1.6872	2.88409	1.20216	-0.527463	-0.0344712	-31.7413	-51.8808	-3.78292	-16.2281	-17.6518	-2.9715	-0.0403474	-33.2709	26.3183	-19.6702	-1.79911	-23.7709	-5.66891	-6.53401	-0.0335077	-0.935538	1.11809	4.03472	0.705178	-0.478858	2.12736	0.0107276	0.1846	-0.269423
2.12811	82.4694	0.863724	-4.75986	16.992	11.5856	0.57656	0.745696	-18.1997	1.82978	2.77044	1.22433	-0.562385	-0.0344897	-31.0092	-49.7874	-4.12961	-15.2148	-16.9002	-3.44092	-0.0403285	-32.4952	23.2798	-17.5974	-1.17669	-21.6882	-4.84413	-6.58762	0.00588761	-0.791583	1.1335	3.88114	0.550123	-0.545794	2.14102	0.0333764	0.174115	-0.274097
2.1381	77.9273	12.7168	-4.66553	17.0146	11.3125	0.738598	0.0239087	-19.7966	2.02602	2.46215	1.27206	-0.611429	-0.0349416	-29.741	-46.817	-4.56406	-14.5464	-16.3381	-3.86628	-0.0405322	-31.0427	19.8544	-15.1229	-0.580041	-19.312	-4.06695	-6.43595	0.0339142	-0.661132	1.11077	3.67786	0.364293	-0.608999	2.12876	0.0442275	0.157599	-0.276018
2.14809	71.3334	24.4064	-3.94064	17.0226	10.9961	0.911134	-0.448534	-21.4942	2.16925	2.01884	1.33909	-0.655992	-0.0359474	-27.6891	-43.7158	-5.09463	-14.2856	-15.9489	-4.24736	-0.0410136	-28.6851	16.6292	-12.1859	0.0722402	-16.8661	-3.38504	-6.12707	0.0527493	-0.544111	1.05792	3.3957	0.176678	-0.600987	2.03512	0.0277931	0.136186	-0.259584
2.15808	64.9142	30.4841	-2.60206	17.0171	10.6497	1.09247	-0.821672	-21.7774	2.10301	1.73943	1.38396	-0.653731	-0.0371172	-25.3896	-41.9187	-5.61323	-14.2977	-15.6993	-4.60975	-0.0414354	-26.1707	15.0756	-9.48027	0.700755	-14.5548	-2.90084	-5.69301	0.0598835	-0.459964	0.979857	3.11638	0.0412993	-0.561146	1.90955	0.000523353	0.112816	-0.235549
2.16807	59.3454	31.1393	-0.869235	17.0002	10.2876	1.28091	-1.09741	-20.6257	1.84018	1.6777	1.40186	-0.607726	-0.0383062	-23.0806	-41.359	-6.11165	-14.469	-15.5738	-4.9432	-0.0417275	-23.6427	15.0903	-7.2135	1.28115	-12.4598	-2.61278	-5.18102	0.0570242	-0.408812	0.88537	2.87606	-0.0417769	-0.519551	1.78866	-0.0268917	0.089777	-0.211768
2.17806	54.8091	28.1083	0.976452	16.9737	9.92695	1.47482	-1.3192	-18.5021	1.4523	1.8056	1.39817	-0.535684	-0.0393868	-20.9287	-41.5964	-6.60056	-14.6898	-15.5683	-5.23536	-0.0419194	-21.1357	16.1513	-5.42042	1.80475	-10.6029	-2.48122	-4.63177	0.0469576	-0.384078	0.782428	2.68526	-0.0847034	-0.493127	1.69438	-0.0476906	0.0686891	-0.192882
2.18806	51.3094	23.3486	2.67337	16.9394	9.58652	1.67362	-1.55822	-16.0073	1.02632	2.05857	1.38197	-0.458847	-0.0402529	-19.0628	-42.18	-7.09221	-14.8783	-15.6711	-5.49313	-0.0420512	-18.7379	17.722	-4.10238	2.26342	-8.9645	-2.45608	-4.07205	0.032287	-0.377732	0.676634	2.54339	-0.101019	-0.490028	1.63908	-0.057789	0.0506039	-0.181536
2.19805	48.725	18.5822	3.99123	16.8987	9.28497	1.87618	-1.86689	-13.6532	0.635892	2.36088	1.36406	-0.394573	-0.04092	-17.5845	-42.6935	-7.59145	-14.9795	-15.8657	-5.71881	-0.0421415	-16.5734	19.3469	-3.28417	2.64369	-7.50888	-2.48709	-3.5217	0.0152472	-0.382135	0.57256	2.45054	-0.102472	-0.517563	1.63437	-0.0549999	0.0359845	-0.180471
2.20804	46.7628	15.0874	4.75573	16.8516	9.03844	2.08113	-2.28305	-11.8042	0.332536	2.64405	1.35347	-0.354572	-0.0414395	-16.533	-42.8038	-8.09708	-14.9751	-16.1272	-5.91161	-0.0421813	-14.6971	20.6769	-2.99382	2.93208	-6.19145	-2.53211	-2.9927	-0.00248131	-0.391053	0.473413	2.40693	-0.10035	-0.581776	1.6867	-0.038227	0.0245367	-0.191527
2.21803	43.2202	11.6424	6.47942	16.7402	8.67944	2.30059	-1.39959	-9.7132	-0.161632	2.29846	0.810207	-0.0586517	-0.0423534	-15.5079	-42.5445	-8.66067	-14.9085	-16.4095	-6.09411	-0.0425968	-12.2087	21.3661	-2.11504	3.2548	-5.0068	-2.55364	-2.47962	-0.0180062	-0.390203	0.377219	2.33505	-0.114365	-0.599691	1.68961	-0.0412945	0.0129865	-0.189774
2.22802	39.8515	8.47082	8.06549	16.6338	8.41007	2.51797	-0.791315	-8.01041	-0.580303	2.05164	0.300091	0.188279	-0.0431786	-14.6608	-42.3407	-9.20085	-14.7477	-16.7157	-6.27681	-0.0428409	-9.40521	21.8753	-1.28141	3.53491	-3.94816	-2.56629	-1.98153	-0.0325958	-0.386631	0.284989	2.25261	-0.119337	-0.598893	1.6712	-0.0525503	0.00176408	-0.183472
2.23801	35.7196	5.19272	9.41818	16.5177	8.17679	2.73629	-0.028493	-6.42197	-0.991785	1.75124	-0.34153	0.465628	-0.0438963	-14.0307	-42.0923	-9.68965	-14.4927	-17.0287	-6.46051	-0.0429416	-5.92866	22.0443	-0.717866	3.78985	-2.96695	-2.583	-1.48646	-0.0470755	-0.383004	0.195304	2.17725	-0.11597	-0.605636	1.6749	-0.0651056	-0.00839119	-0.181784
2.248	30.048	2.51138	10.3464	16.3998	7.98596	2.95374	0.756294	-5.20049	-1.35057	1.42867	-1.07445	0.744576	-0.044417	-13.5373	-41.6076	-10.1212	-14.1886	-17.3262	-6.64341	-0.0428554	-1.39765	21.5654	-0.51904	4.04613	-2.01279	-2.61012	-0.978738	-0.0619572	-0.379896	0.105843	2.11344	-0.105076	-0.634945	1.72374	-0.0747087	-0.0174617	-0.190036
2.25799	22.1719	0.914788	10.7449	16.2871	7.83484	3.16886	1.45752	-4.54494	-1.61682	1.09742	-1.86272	1.0071	-0.0446511	-13.0976	-40.7627	-10.4902	-13.8573	-17.606	-6.82309	-0.0425426	4.54088	20.2209	-0.749041	4.34713	-1.04733	-2.66959	-0.4444	-0.0781042	-0.380083	0.0139415	2.06414	-0.0834775	-0.696955	1.82113	-0.0790937	-0.0270665	-0.210125
2.26798	11.6892	0.641551	10.5367	16.1852	7.71483	3.38147	1.97809	-4.56802	-1.76141	0.769787	-2.67709	1.24547	-0.0445208	-12.662	-39.5214	-10.7919	-13.4864	-17.8952	-6.99618	-0.0419432	12.1584	17.9063	-1.47573	4.74857	-0.0443824	-2.793	0.128244	-0.0965627	-0.387704	-0.0830528	2.03195	-0.0474171	-0.79786	1.96146	-0.0773963	-0.0391796	-0.242105
2.27798	5.65914	0.832322	9.71832	16.0985	7.61207	3.59287	2.19734	-4.60607	-1.80669	0.529542	-3.51111	1.48244	-0.0441233	-12.3571	-38.5023	-11.0454	-13.1801	-18.1829	-7.18878	-0.0414799	16.4608	16.2292	-2.72104	4.75713	0.699198	-2.66843	0.586097	-0.10821	-0.362417	-0.152123	2.01763	0.0310523	-0.906124	2.09816	-0.0690908	-0.0531165	-0.276024
2.28797	2.44844	1.31877	9.38064	16.0306	7.50976	3.80386	2.19944	-4.67282	-1.76891	0.380985	-4.35174	1.71912	-0.043658	-11.9684	-37.7266	-11.2586	-12.9432	-18.4846	-7.39975	-0.0411739	18.5092	14.9434	-3.39703	4.46062	1.25306	-2.31886	0.966631	-0.113308	-0.302753	-0.202685	1.97426	0.125016	-0.999434	2.18422	-0.0683749	-0.07174	-0.301259
2.29796	1.14319	1.58852	9.24392	15.9827	7.39169	4.01522	1.98428	-4.6518	-1.67257	0.360678	-5.20713	1.96682	-0.0430834	-11.3011	-37.3506	-11.465	-12.7763	-18.8127	-7.63589	-0.0410004	19.2927	13.9573	-3.78753	4.05399	1.6819	-1.85701	1.29689	-0.114293	-0.222613	-0.241638	1.87655	0.22574	-1.05323	2.19932	-0.0856617	-0.0941731	-0.312168
2.30795	1.61913	1.42556	9.20427	15.9544	7.24478	4.22612	1.57441	-4.37693	-1.53252	0.494726	-6.09157	2.23482	-0.0422764	-10.6197	-37.264	-11.617	-12.6072	-19.2066	-7.87945	-0.0408901	18.9007	13.3801	-3.97678	3.56784	2.02565	-1.32865	1.5962	-0.112709	-0.129664	-0.273334	1.7754	0.332221	-1.11215	2.21858	-0.0976967	-0.117588	-0.323033
2.31794	3.13221	0.855157	9.45774	15.9445	7.06028	4.43458	1.01088	-3.86109	-1.37506	0.768729	-7.02025	2.53286	-0.0413786	-9.93235	-37.3787	-11.7304	-12.4113	-19.7018	-8.12613	-0.0408186	17.9002	13.0679	-3.77764	3.20291	2.32792	-0.852218	1.8858	-0.110794	-0.038899	-0.305242	1.65039	0.432215	-1.16172	2.23176	-0.104685	-0.139765	-0.330383
2.32793	5.07407	-0.00838567	9.94624	15.9503	6.83229	4.63706	0.361816	-3.16122	-1.2212	1.1377	-8.00011	2.86897	-0.0404523	-9.27181	-37.6078	-11.8265	-12.1678	-20.3284	-8.36822	-0.040729	16.766	12.8674	-3.28393	3.22278	2.62039	-0.586133	2.18609	-0.111558	0.0287606	-0.345422	1.48292	0.506942	-1.19002	2.2388	-0.107631	-0.157921	-0.333032
2.33792	7.15933	-1.02228	10.6839	15.9691	6.55878	4.82884	-0.302172	-2.35138	-1.08047	1.55988	-9.04189	3.25758	-0.0395591	-8.67448	-37.8597	-11.9271	-11.8543	-21.1054	-8.59254	-0.0406388	15.6213	12.7204	-2.51663	3.53875	2.89051	-0.521036	2.48749	-0.115834	0.0702134	-0.392501	1.26132	0.526969	-1.18563	2.2399	-0.107169	-0.168729	-0.32943
2.34791	9.23415	-2.04283	11.6392	15.9978	6.24166	5.00431	-0.91437	-1.49088	-0.978559	1.99221	-10.1567	3.70477	-0.0387393	-8.18617	-38.0368	-12.0461	-11.4429	-22.0517	-8.78094	-0.0405696	14.491	12.5897	-1.50991	4.03883	3.12299	-0.624155	2.77639	-0.123415	0.0864724	-0.443723	0.981765	0.460437	-1.1413	2.23927	-0.104031	-0.168923	-0.319163
2.3579	11.2728	-3.01457	12.6976	16.0327	5.88616	5.1581	-1.44973	-0.572578	-0.934686	2.42142	-11.3663	4.2264	-0.0380591	-7.83564	-38.0458	-12.2016	-10.9116	-23.1886	-8.91173	-0.0405465	13.3582	12.4659	-0.370504	4.61561	3.30204	-0.854997	3.03587	-0.133232	0.0805416	-0.495319	0.649063	0.283306	-1.04809	2.2383	-0.0986186	-0.15478	-0.301531
2.3679	13.3392	-3.79738	13.4751	16.0696	5.49798	5.28491	-1.88454	0.373721	-0.944323	2.82473	-12.6856	4.84216	-0.0374648	-7.66122	-37.8103	-12.3956	-10.2305	-24.5363	-8.96123	-0.0405982	12.1214	12.3165	0.523068	5.1729	3.42214	-1.17442	3.25065	-0.143706	0.0555598	-0.543267	0.289641	-0.0284243	-0.899641	2.25108	-0.0917724	-0.121359	-0.278562
2.37789	15.1139	-4.15265	14.0633	16.1051	5.08289	5.37826	-2.19925	1.20774	-0.997478	3.15568	-14.1185	5.56742	-0.0369645	-7.65403	-37.217	-12.6351	-9.38924	-26.1024	-8.89556	-0.0407074	10.9293	12.0755	1.26187	5.62133	3.49128	-1.54641	3.41281	-0.153088	0.0146223	-0.586255	-0.0381322	-0.501847	-0.706047	2.30232	-0.0812291	-0.0649454	-0.255228
2.38788	16.5438	-3.86325	13.9868	16.1369	4.64557	5.43446	-2.4101	1.85291	-1.08129	3.39211	-15.6594	6.41406	-0.0364695	-7.81008	-36.1828	-12.9085	-8.38249	-27.8772	-8.68604	-0.0408606	9.75872	11.6729	1.39769	5.89224	3.52946	-1.94837	3.52557	-0.159675	-0.0412494	-0.624328	-0.234677	-1.14753	-0.467143	2.41616	-0.0680631	0.020169	-0.236863
2.39787	17.4582	-3.86946	13.6566	16.1636	4.19001	5.45224	-2.49353	2.50096	-1.1783	3.54358	-17.2946	7.39662	-0.0360745	-7.94913	-34.8581	-13.1836	-7.2457	-29.8358	-8.31703	-0.040981	8.80459	11.2813	1.30387	5.92138	3.57927	-2.35911	3.59871	-0.163451	-0.11112	-0.660024	-0.400879	-1.59558	-0.291783	2.59283	-0.0601202	0.0889558	-0.240676
2.40786	17.9735	-4.09278	13.5882	16.1852	3.72183	5.43254	-2.57978	3.19429	-1.2451	3.61705	-18.9964	8.51636	-0.035709	-8.08466	-33.237	-13.4441	-5.98198	-31.9376	-7.77949	-0.040924	8.2395	10.7501	1.5087	6.06581	3.61101	-2.68454	3.64395	-0.159033	-0.156025	-0.685911	-0.557566	-1.87117	-0.184531	2.80115	-0.0556696	0.138163	-0.260423
2.41785	18.251	-4.50375	13.6771	16.2032	3.25028	5.37788	-2.69308	3.88003	-1.24928	3.60851	-20.7163	9.75202	-0.0354831	-8.2118	-31.3201	-13.6695	-4.6043	-34.1255	-7.07661	-0.0406668	7.97822	10.1536	1.91847	6.29325	3.58181	-2.94968	3.65402	-0.149816	-0.184571	-0.701857	-0.702197	-2.02359	-0.134453	3.01485	-0.0537044	0.170414	-0.289226
2.42784	18.3823	-5.06067	13.8721	16.2185	2.78714	5.29199	-2.82435	4.5282	-1.1736	3.50242	-22.3826	11.0644	-0.0355298	-8.29282	-29.0938	-13.8377	-3.16024	-36.314	-6.21945	-0.0401936	7.94169	9.52623	2.50202	6.57441	3.48246	-3.17255	3.63189	-0.140287	-0.20354	-0.709578	-0.839374	-2.0899	-0.125743	3.21092	-0.0534199	0.189179	-0.320818
2.43783	18.4756	-5.69428	14.0436	16.2328	2.34826	5.17912	-2.97999	5.12494	-1.00939	3.30277	-23.933	12.4025	-0.0359369	-8.29501	-26.5586	-13.9289	-1.71184	-38.3999	-5.23279	-0.0395316	8.02692	8.86057	3.14942	6.87586	3.34063	-3.35665	3.58733	-0.132287	-0.216201	-0.710918	-0.971846	-2.09692	-0.142079	3.3736	-0.0542879	0.198251	-0.350527
2.44782	18.5518	-6.37748	14.1739	16.2497	1.95259	5.04196	-3.16369	5.6343	-0.748252	3.0267	-25.3217	13.7121	-0.036682	-8.19134	-23.7625	-13.9258	-0.315015	-40.2759	-4.15073	-0.0387528	8.21437	8.15962	3.8429	7.17089	3.17821	-3.50313	3.53213	-0.128698	-0.224341	-0.708089	-1.10433	-2.06506	-0.167009	3.4872	-0.0566897	0.201097	-0.373986
2.45782	18.5942	-6.96471	14.1256	16.2709	1.61841	4.88331	-3.31005	5.95112	-0.397463	2.66209	-26.5112	14.941	-0.0376537	-8.02879	-20.8007	-13.8042	0.983874	-41.8304	-3.01536	-0.0378809	8.43313	7.36654	4.40958	7.4422	3.00322	-3.6156	3.47052	-0.128809	-0.229635	-0.701682	-1.23401	-2.00499	-0.188628	3.55239	-0.0596584	0.201066	-0.390214
2.46781	18.5377	-7.31584	13.8594	16.2979	1.36032	4.70526	-3.38683	5.98728	0.0565194	2.20999	-27.4916	16.065	-0.0387133	-7.85021	-17.7476	-13.5536	2.15272	-42.9757	-1.86746	-0.0368745	8.67084	6.45026	4.75655	7.6695	2.82781	-3.68759	3.40377	-0.131313	-0.231572	-0.691246	-1.35372	-1.92612	-0.200317	3.57774	-0.0625606	0.200748	-0.399913
2.4778	18.3401	-7.3615	13.3599	16.3326	1.18588	4.51123	-3.39895	5.70957	0.600142	1.68885	-28.2817	17.0714	-0.0397576	-7.68891	-14.6729	-13.1763	3.16503	-43.6474	-0.752209	-0.0357313	8.94018	5.4326	4.84263	7.83997	2.65423	-3.71698	3.33475	-0.135042	-0.229701	-0.677048	-1.45509	-1.84348	-0.205346	3.57415	-0.0652068	0.200918	-0.404746
2.48779	17.9866	-7.11576	12.6219	16.376	1.09467	4.3066	-3.36016	5.13653	1.20832	1.12021	-28.92	17.965	-0.0407101	-7.55458	-11.6504	-12.6749	3.99147	-43.8068	0.288261	-0.03457	9.23802	4.36726	4.65735	7.94773	2.48223	-3.70684	3.26806	-0.13908	-0.223976	-0.660203	-1.53259	-1.7756	-0.21181	3.54959	-0.0672891	0.201233	-0.406113
2.49778	17.499	-6.59208	11.6269	16.4274	1.07972	4.09696	-3.32793	4.30191	1.87162	0.519955	-29.4551	18.763	-0.0415126	-7.42518	-8.7597	-12.0614	4.6036	-43.44	1.21773	-0.0335513	9.54788	3.28979	4.18928	7.99097	2.31456	-3.66287	3.20824	-0.142658	-0.214651	-0.642104	-1.57676	-1.73367	-0.225098	3.51701	-0.0684308	0.201902	-0.40623
2.50777	17.0587	-5.81839	10.395	16.4863	1.12926	3.88834	-3.38213	3.26817	2.5645	-0.0913084	-29.9412	19.4825	-0.0421242	-7.31831	-6.09955	-11.3543	5.01705	-42.5723	2.00701	-0.0327498	9.81153	2.22257	3.45909	7.97498	2.15664	-3.59382	3.1616	-0.145332	-0.202148	-0.624779	-1.5883	-1.71914	-0.24153	3.48559	-0.067709	0.204185	-0.406197
2.51776	16.7637	-4.91005	9.17335	16.5519	1.22817	3.68671	-3.56624	2.10036	3.25827	-0.702451	-30.4339	20.1413	-0.0425177	-7.24462	-3.7511	-10.5739	5.26646	-41.2554	2.63526	-0.0321646	10.0549	1.20145	2.72507	7.90672	2.00647	-3.50958	3.13078	-0.146742	-0.187308	-0.610155	-1.57914	-1.73467	-0.259461	3.45246	-0.0654056	0.208133	-0.405472
2.52775	16.6381	-3.8916	7.87137	16.6214	1.36036	3.49683	-3.84868	0.81767	3.92664	-1.31952	-30.9812	20.7551	-0.0427144	-7.24616	-1.76096	-9.74018	5.40983	-39.5641	3.09887	-0.0317886	10.2475	0.191783	1.86855	7.79482	1.85226	-3.4182	3.11127	-0.146534	-0.171547	-0.597785	-1.54802	-1.78609	-0.285943	3.41962	-0.0612411	0.212516	-0.404751
2.53774	16.594	-2.88686	6.60201	16.6921	1.5075	3.32144	-4.18134	-0.564572	4.55428	-1.95903	-31.6177	21.3426	-0.0427224	-7.29825	-0.157568	-8.87806	5.48526	-37.5736	3.40838	-0.0315923	10.435	-0.801332	0.990238	7.65252	1.68306	-3.33081	3.09481	-0.144593	-0.157059	-0.58727	-1.50277	-1.86379	-0.312388	3.38938	-0.0560878	0.218534	-0.40411
2.54774	16.5282	-2.0842	5.50738	16.7614	1.65119	3.16096	-4.49499	-2.03327	5.12694	-2.63954	-32.3666	21.9216	-0.0425847	-7.37509	1.06064	-8.00741	5.52566	-35.3649	3.58755	-0.0316119	10.6833	-1.7245	0.225999	7.49537	1.49435	-3.25754	3.07714	-0.141526	-0.145536	-0.578817	-1.45661	-1.94217	-0.315793	3.35856	-0.0530934	0.229083	-0.401838
2.55773	16.3323	-1.47982	4.50255	16.825	1.77421	3.01386	-4.73793	-3.59413	5.64698	-3.37686	-33.2453	22.5098	-0.0423541	-7.46338	1.99206	-7.14752	5.5468	-33.0157	3.6716	-0.0319202	11.0141	-2.55086	-0.502896	7.33896	1.28459	-3.20494	3.0557	-0.137007	-0.137951	-0.572068	-1.40199	-2.00444	-0.287885	3.3352	-0.0506701	0.245418	-0.398566
2.56772	15.9523	-1.00282	3.57284	16.8791	1.86206	2.87885	-4.86586	-5.24598	6.11574	-4.17975	-34.2653	23.1175	-0.0420811	-7.55735	2.74623	-6.32173	5.57045	-30.6189	3.69403	-0.032568	11.4169	-3.2758	-1.197	7.19514	1.06055	-3.17709	3.03133	-0.131605	-0.134745	-0.56736	-1.33854	-2.04102	-0.222898	3.31153	-0.0489932	0.26752	-0.392234
2.57771	15.4652	-0.633024	2.71153	16.9219	1.90453	2.75607	-4.89182	-6.94413	6.52803	-5.01613	-35.443	23.7486	-0.0417943	-7.63951	3.3795	-5.55187	5.60694	-28.2545	3.67676	-0.03355	11.8559	-3.89838	-1.84267	7.06947	0.826838	-3.17215	3.00106	-0.12588	-0.135838	-0.563993	-1.25992	-2.04996	-0.123604	3.27934	-0.0481998	0.293943	-0.38114
2.5877	14.8802	-0.304024	1.87899	16.952	1.89576	2.64584	-4.80834	-8.67672	6.88363	-5.87409	-36.7695	24.4001	-0.0415035	-7.69412	3.95067	-4.84682	5.64664	-25.9737	3.63741	-0.0347972	12.3093	-4.42185	-2.4517	6.95747	0.587951	-3.18248	2.95981	-0.120054	-0.140701	-0.560423	-1.15823	-2.03488	0.00158717	3.23466	-0.0479992	0.322668	-0.364605
2.59769	14.1642	0.00571815	1.08083	16.9678	1.83468	2.54962	-4.60741	-10.4475	7.18966	-6.73843	-38.2284	25.0632	-0.0412242	-7.70655	4.46815	-4.2118	5.6848	-23.8205	3.58534	-0.0361945	12.793	-4.84553	-3.01817	6.84848	0.35452	-3.19693	2.90946	-0.11475	-0.147808	-0.555955	-1.03764	-1.99477	0.149877	3.1717	-0.0492301	0.352548	-0.341263
2.60768	13.358	0.284629	0.329169	16.9695	1.72528	2.46857	-4.31722	-12.2022	7.44494	-7.56682	-39.8055	25.725	-0.0409868	-7.678	4.95783	-3.65823	5.72081	-21.832	3.53128	-0.037606	13.3292	-5.15374	-3.51564	6.73104	0.133741	-3.20307	2.85433	-0.11116	-0.155195	-0.550095	-0.897206	-1.93884	0.304134	3.09752	-0.0500299	0.381145	-0.313048
2.61767	12.5362	0.509825	-0.45341	16.9569	1.57584	2.40434	-3.95362	-13.8846	7.64358	-8.31365	-41.4903	26.3685	-0.0408103	-7.62509	5.40845	-3.17594	5.76421	-20.0342	3.478	-0.0389389	13.8845	-5.35051	-4.01676	6.59721	-0.0723431	-3.19222	2.79682	-0.109021	-0.161462	-0.54212	-0.735458	-1.88256	0.446093	3.02429	-0.0497725	0.406572	-0.282902
2.62766	11.7895	0.736266	-1.34088	16.9299	1.39803	2.35729	-3.52981	-15.4654	7.79175	-8.94764	-43.261	26.9837	-0.040699	-7.56825	5.8167	-2.7598	5.81236	-18.4291	3.42915	-0.0401314	14.3765	-5.45793	-4.61682	6.4435	-0.259692	-3.16087	2.74191	-0.10797	-0.165623	-0.532258	-0.545079	-1.84713	0.557874	2.96756	-0.0481239	0.42759	-0.25449
2.63766	11.228	1.04721	-2.45671	16.8894	1.20433	2.32672	-3.05412	-16.9444	7.8907	-9.45599	-45.0894	27.5577	-0.0406504	-7.55387	6.16414	-2.41072	5.86304	-17.0052	3.3777	-0.0411191	14.7143	-5.47682	-5.48038	6.26925	-0.426499	-3.10944	2.69361	-0.107397	-0.167301	-0.520894	-0.301473	-1.86677	0.611762	2.95396	-0.0416572	0.442642	-0.234547
2.64765	10.9551	1.38239	-3.68687	16.8365	1.00729	2.31038	-2.55561	-18.3152	7.95101	-9.81809	-46.9618	28.0859	-0.0406672	-7.58926	6.41975	-2.13395	5.91251	-15.7531	3.32324	-0.0418614	14.8473	-5.35196	-6.53373	6.07829	-0.57378	-3.04328	2.6563	-0.107249	-0.166631	-0.509467	-0.0337875	-1.9373	0.613237	2.96899	-0.0341189	0.452242	-0.220904
2.65764	10.9403	1.70813	-5.07914	16.77	0.818012	2.30569	-2.04612	-19.6104	7.9843	-10.0352	-48.8668	28.5611	-0.0407387	-7.66351	6.5775	-1.91753	5.95833	-14.663	3.26785	-0.0423619	14.7769	-5.03848	-7.83246	5.87522	-0.705206	-2.96835	2.63174	-0.107337	-0.164134	-0.498804	0.270381	-2.07596	0.547395	3.02453	-0.021293	0.456085	-0.218157
2.66763	11.2002	1.96413	-6.55305	16.6901	0.644145	2.31015	-1.52751	-20.8525	7.99082	-10.1211	-50.7887	28.9769	-0.0408251	-7.73966	6.62239	-1.74828	5.98656	-13.7153	3.21173	-0.0426528	14.4454	-4.48581	-9.26971	5.66585	-0.823574	-2.89214	2.61731	-0.10714	-0.160854	-0.489618	0.520834	-2.31901	0.450255	3.10514	-0.00608435	0.462971	-0.219636
2.67762	11.6481	2.15994	-8.07919	16.5978	0.490783	2.32075	-1.01304	-22.0407	7.97041	-10.0864	-52.71	29.3321	-0.0409249	-7.77736	6.5519	-1.6236	5.98387	-12.8841	3.1601	-0.0428666	13.8844	-3.74465	-10.7951	5.4571	-0.926387	-2.8205	2.6128	-0.10734	-0.157524	-0.482647	0.756441	-2.66513	0.31143	3.21774	0.0120306	0.471668	-0.229282
2.68761	12.1763	2.30636	-9.60112	16.4937	0.360793	2.33485	-0.512043	-23.1822	7.92645	-9.95684	-54.6036	29.6264	-0.0410434	-7.73617	6.38154	-1.52185	5.93266	-12.1423	3.11577	-0.0431554	13.1424	-2.88712	-12.3116	5.25235	-1.01271	-2.75656	2.61797	-0.108338	-0.15454	-0.478386	0.986932	-3.08725	0.139544	3.35008	0.0313849	0.481878	-0.246121
2.6976	12.7099	2.44677	-11.0673	16.3791	0.256948	2.35115	-0.0259219	-24.3144	7.85541	-9.77153	-56.4355	29.8528	-0.041173	-7.66322	6.13835	-1.41858	5.8533	-11.4825	3.07547	-0.0434476	12.3044	-1.96058	-13.742	5.05686	-1.08387	-2.70434	2.63238	-0.110128	-0.152439	-0.477217	1.21085	-3.54332	-0.049178	3.48445	0.0502346	0.493194	-0.267302
2.70759	13.2441	2.65419	-12.386	16.2559	0.182081	2.36796	0.443006	-25.4699	7.76039	-9.56005	-58.1802	30.0059	-0.0413189	-7.64447	5.86346	-1.3184	5.78803	-10.9094	3.04607	-0.043624	11.4323	-0.997598	-15.0183	4.87515	-1.1432	-2.66634	2.65369	-0.112291	-0.151622	-0.479061	1.41963	-3.96036	-0.216155	3.59751	0.0631868	0.50636	-0.28511
2.71758	13.6786	2.95793	-13.5262	16.1258	0.135955	2.384	0.894768	-26.7025	7.66015	-9.35317	-59.8154	30.0914	-0.0414812	-7.70437	5.57177	-1.21428	5.75431	-10.4145	3.02726	-0.0436129	10.6169	-0.0243663	-16.1281	4.70677	-1.194	-2.64001	2.6799	-0.114758	-0.151816	-0.483228	1.63172	-4.32086	-0.359568	3.69383	0.0733312	0.520815	-0.300385
2.72758	13.9568	3.22131	-14.3662	15.9901	0.115619	2.39947	1.33904	-27.994	7.55576	-9.17303	-61.3216	30.115	-0.041638	-7.81439	5.2486	-1.10303	5.73764	-9.97336	3.01424	-0.0434583	9.93552	0.952071	-16.971	4.54944	-1.23663	-2.62165	2.70945	-0.116842	-0.152471	-0.48913	1.83745	-4.57417	-0.451028	3.76005	0.0777212	0.536672	-0.306433
2.73757	14.0753	3.38609	-14.8276	15.851	0.116207	2.41508	1.7914	-29.3177	7.44158	-9.02601	-62.6925	30.0861	-0.041759	-7.96497	4.89134	-1.00648	5.72614	-9.57215	3.00876	-0.043105	9.40995	1.94004	-17.4858	4.4072	-1.27343	-2.60994	2.73957	-0.118164	-0.153407	-0.496039	2.03766	-4.7335	-0.501729	3.79749	0.0787357	0.551561	-0.304559
2.74756	14.0661	3.50764	-14.9945	15.7104	0.131409	2.431	2.26489	-30.6401	7.31262	-8.91898	-63.9256	30.0106	-0.0418675	-8.17418	4.51851	-0.937758	5.72255	-9.2074	3.00991	-0.0425928	9.01102	2.91515	-17.7518	4.28712	-1.30963	-2.60196	2.76819	-0.118423	-0.153896	-0.502866	2.24049	-4.83414	-0.531387	3.81665	0.0803961	0.564336	-0.298827
2.75755	14.008	3.63076	-14.9172	15.5691	0.154191	2.44626	2.76551	-31.9132	7.17158	-8.84929	-65.0287	29.9034	-0.041987	-8.42952	4.16502	-0.91434	5.70511	-8.86325	3.02014	-0.0419692	8.66927	3.86082	-17.8049	4.19433	-1.34745	-2.59438	2.79422	-0.117754	-0.153135	-0.508858	2.45789	-4.90841	-0.552095	3.83188	0.0841521	0.576043	-0.292386
2.76754	13.9621	3.73479	-14.6331	15.4286	0.177319	2.45952	3.29334	-33.1118	7.00237	-8.81771	-66.0067	29.7709	-0.0420654	-8.70469	3.84746	-0.942163	5.65575	-8.52024	3.03094	-0.0413186	8.33434	4.78691	-17.6454	4.12938	-1.38997	-2.58305	2.81625	-0.116177	-0.150386	-0.513267	2.68801	-4.96839	-0.568303	3.85105	0.0906304	0.587857	-0.286589
2.77753	14.0412	3.78804	-14.1475	15.2906	0.193561	2.46983	3.80318	-34.2078	6.80756	-8.79661	-66.8829	29.6243	-0.0420952	-8.98805	3.57888	-1.05054	5.56469	-8.15813	3.04327	-0.0407176	7.97517	5.72485	-17.2733	4.08996	-1.438	-2.56399	2.83439	-0.1138	-0.144938	-0.515713	2.91305	-4.98096	-0.560071	3.86699	0.0949024	0.599979	-0.275965
2.78752	14.331	3.81295	-13.5428	15.1561	0.196657	2.47708	4.26734	-35.196	6.59671	-8.77181	-67.6768	29.4722	-0.0420967	-9.30324	3.372	-1.24434	5.44586	-7.77993	3.05681	-0.0402322	7.56672	6.68527	-16.7715	4.07125	-1.49252	-2.53404	2.84856	-0.110872	-0.136468	-0.515814	3.13501	-4.96612	-0.535664	3.88776	0.0965748	0.612837	-0.262312
2.79751	14.846	3.86982	-12.9537	15.0268	0.181683	2.48146	4.67366	-36.0659	6.38629	-8.71591	-68.4213	29.3284	-0.0420855	-9.67062	3.24374	-1.518	5.30856	-7.38837	3.06558	-0.0399022	7.1075	7.63126	-16.2897	4.06069	-1.54914	-2.49448	2.8574	-0.107841	-0.126181	-0.513669	3.36313	-4.94993	-0.504837	3.92421	0.096166	0.627605	-0.248077
2.8075	15.3755	4.0141	-12.5583	14.9037	0.14614	2.48269	5.04958	-36.8325	6.18212	-8.62555	-69.1377	29.1973	-0.0420711	-10.0845	3.21468	-1.88511	5.16055	-6.99262	3.07889	-0.0397366	6.70888	8.49678	-16.0377	4.02517	-1.5896	-2.45316	2.85879	-0.105626	-0.117974	-0.510469	3.60904	-4.94544	-0.471789	3.98508	0.0946403	0.64575	-0.234482
2.8175	15.7943	4.26286	-12.3891	14.7864	0.08966	2.48076	5.3897	-37.5262	5.99746	-8.49963	-69.838	29.0795	-0.0420684	-10.5092	3.30529	-2.35954	4.98946	-6.59	3.10666	-0.0397035	6.43133	9.27422	-16.0713	3.9568	-1.61381	-2.40891	2.85497	-0.104274	-0.11185	-0.506495	3.88157	-4.96028	-0.43871	4.07831	0.0934817	0.66904	-0.222293
2.82749	16.0154	4.56857	-12.4537	14.6745	0.0134769	2.47693	5.70489	-38.1803	5.83525	-8.35035	-70.5276	28.9722	-0.0420788	-10.9085	3.49808	-2.91475	4.79341	-6.18376	3.13951	-0.0396908	6.3098	9.96999	-16.3997	3.85431	-1.62599	-2.35861	2.84867	-0.103601	-0.106896	-0.501772	4.19018	-5.00159	-0.407819	4.21369	0.095168	0.699829	-0.212478
2.83748	16.044	4.8812	-12.7424	14.5675	-0.0800817	2.4718	6.00976	-38.8183	5.68375	-8.19232	-71.2085	28.8686	-0.042101	-11.2797	3.75009	-3.52578	4.59692	-5.7874	3.17674	-0.0395908	6.33526	10.5926	-17.0171	3.7196	-1.62928	-2.29934	2.84131	-0.103257	-0.102116	-0.496162	4.54283	-5.06703	-0.376608	4.39532	0.100604	0.739297	-0.204402
2.84747	15.9586	5.17591	-13.1928	14.4643	-0.188066	2.4645	6.31397	-39.4721	5.54694	-8.04266	-71.879	28.7621	-0.0421396	-11.6251	4.02589	-4.1668	4.41344	-5.40975	3.21822	-0.0392365	6.44176	11.1662	-17.8654	3.55749	-1.62705	-2.22761	2.83446	-0.102622	-0.0961531	-0.489521	4.93833	-5.15611	-0.346384	4.61913	0.10981	0.786573	-0.198039
2.85746	15.8074	5.40319	-13.7387	14.3635	-0.307548	2.45386	6.63306	-40.1571	5.41548	-7.91915	-72.5313	28.6419	-0.0422054	-11.9329	4.30301	-4.82014	4.24334	-5.05699	3.26665	-0.0383123	6.57155	11.7269	-18.868	3.37179	-1.61925	-2.14051	2.83087	-0.10112	-0.0877217	-0.482014	5.37276	-5.26734	-0.319494	4.87778	0.122066	0.839898	-0.193739
2.86745	15.6705	5.52064	-14.3004	14.2655	-0.437315	2.43836	6.96924	-40.8661	5.27457	-7.82875	-73.1552	28.503	-0.0423	-12.2176	4.55226	-5.47253	4.10219	-4.74138	3.3267	-0.0364378	6.67745	12.2974	-19.9448	3.17125	-1.60668	-2.0419	2.8308	-0.0983669	-0.0770225	-0.474064	5.83792	-5.39784	-0.296242	5.16242	0.136397	0.897198	-0.1916
2.87744	15.5886	5.48347	-14.8166	14.1713	-0.576649	2.4162	7.31992	-41.5912	5.10571	-7.7798	-73.7347	28.3414	-0.0424066	-12.4619	4.73077	-6.09999	3.99077	-4.46488	3.40011	-0.0336684	6.71861	12.8741	-21.0224	2.96199	-1.58581	-1.93536	2.83484	-0.0944709	-0.0644359	-0.46617	6.32352	-5.55195	-0.277236	5.46514	0.151897	0.956523	-0.192205
2.88743	15.5482	5.30371	-15.2782	14.0799	-0.724339	2.38563	7.66351	-42.3235	4.89888	-7.77479	-74.2592	28.1525	-0.0425133	-12.6049	4.85886	-6.68394	3.86456	-4.20459	3.47893	-0.0305491	6.65886	13.4484	-22.0282	2.74737	-1.55274	-1.8213	2.84471	-0.0898854	-0.0497875	-0.458704	6.82011	-5.74066	-0.26411	5.77979	0.167309	1.01609	-0.196756
2.89742	15.5613	4.98629	-15.6919	13.9912	-0.878715	2.34484	7.98493	-43.0695	4.65202	-7.82117	-74.7167	27.9324	-0.0426076	-12.6323	4.93754	-7.21387	3.70276	-3.95223	3.56198	-0.0274356	6.48106	14.0312	-22.9469	2.53088	-1.50547	-1.7018	2.86057	-0.0853349	-0.0334306	-0.451896	7.31891	-5.96849	-0.255823	6.10113	0.180665	1.07421	-0.205936
2.90742	15.7045	4.50775	-15.9529	13.9057	-1.03772	2.29293	8.27655	-43.8676	4.3615	-7.92392	-75.0983	27.6747	-0.0426779	-12.5684	4.95262	-7.68335	3.50602	-3.71688	3.6559	-0.0245515	6.14741	14.6872	-23.6696	2.31603	-1.44649	-1.57824	2.88134	-0.0811187	-0.0156015	-0.445811	7.81147	-6.24264	-0.251688	6.42753	0.191087	1.13005	-0.220722
2.91741	15.9687	3.7916	-16.0298	13.8233	-1.1988	2.23055	8.5513	-44.7067	4.03309	-8.07543	-75.4046	27.3817	-0.0427339	-12.397	4.89562	-8.07556	3.25615	-3.49685	3.7572	-0.0220284	5.65168	15.4589	-24.1444	2.11242	-1.37962	-1.45667	2.90414	-0.0774334	0.00264012	-0.440517	8.29934	-6.55683	-0.245832	6.7617	0.197752	1.18369	-0.240679
2.9274	16.2729	2.77988	-15.9151	13.7442	-1.35831	2.15792	8.81875	-45.5549	3.68054	-8.25436	-75.6399	27.0581	-0.042782	-12.0908	4.77882	-8.39055	2.92526	-3.281	3.87102	-0.0199273	5.0364	16.3619	-24.3644	1.92951	-1.30913	-1.34305	2.92458	-0.0743619	0.0201002	-0.435745	8.79348	-6.88458	-0.224677	7.10819	0.200319	1.23588	-0.263218
2.93739	16.5425	1.49742	-15.6712	13.6694	-1.51364	2.07545	9.07694	-46.3734	3.30954	-8.43505	-75.8075	26.7065	-0.0428058	-11.6621	4.6352	-8.63704	2.50412	-3.06223	3.99951	-0.0182564	4.37735	17.3702	-24.3961	1.77444	-1.23875	-1.2419	2.93928	-0.0719377	0.0358347	-0.431144	9.31198	-7.18368	-0.168635	7.47328	0.199377	1.28841	-0.284188
2.94738	16.6539	0.117268	-15.3377	13.5999	-1.66346	1.98402	9.3011	-47.1635	2.92295	-8.5915	-75.914	26.3321	-0.0427925	-11.1335	4.52073	-8.84083	1.99115	-2.84218	4.15059	-0.0170124	3.78499	18.406	-24.2852	1.6488	-1.16929	-1.15303	2.94796	-0.0700478	0.0498044	-0.426344	9.86126	-7.43265	-0.0747179	7.86463	0.200039	1.34405	-0.304243
2.95737	16.552	-1.22261	-14.912	13.5349	-1.80745	1.88495	9.47164	-47.9429	2.5324	-8.71947	-75.9646	25.9419	-0.0427721	-10.5323	4.45918	-9.00831	1.3937	-2.62553	4.32463	-0.0161381	3.33188	19.4054	-24.0358	1.55229	-1.09886	-1.07614	2.95152	-0.0684376	0.0620858	-0.421347	10.4397	-7.58517	0.0755575	8.27576	0.203569	1.4032	-0.319483
2.96736	16.2114	-2.40454	-14.4337	13.4739	-1.94664	1.78059	9.57731	-48.7197	2.13668	-8.82508	-75.9633	25.5386	-0.0428062	-9.8607	4.45143	-9.1385	0.711766	-2.40553	4.51485	-0.0155647	3.05059	20.2776	-23.6712	1.48609	-1.02716	-1.01138	2.95014	-0.0669895	0.0726877	-0.416099	11.0471	-7.59347	0.30281	8.69791	0.210865	1.46625	-0.326025
2.97735	15.6791	-3.3013	-13.8963	13.4158	-2.0829	1.67343	9.60111	-49.4796	1.74104	-8.9002	-75.9177	25.1285	-0.0429004	-9.11738	4.50691	-9.23594	-0.0675953	-2.16911	4.70729	-0.0152695	2.92147	20.9204	-23.1798	1.44969	-0.954541	-0.958156	2.94408	-0.0655752	0.0817173	-0.41062	11.6844	-7.41018	0.632435	9.12206	0.222441	1.53429	-0.319526
2.98734	15.0298	-3.85952	-13.2798	13.3584	-2.2169	1.56576	9.50914	-50.1873	1.35953	-8.92531	-75.8358	24.7224	-0.0430323	-8.29168	4.63089	-9.3086	-0.96363	-1.90197	4.89203	-0.0152427	2.93301	21.2828	-22.5552	1.44118	-0.878167	-0.915624	2.93468	-0.0642812	0.0893535	-0.405191	12.361	-6.98395	1.10068	9.54095	0.237192	1.60978	-0.29388
2.99734	14.3166	-4.09262	-12.6446	13.3003	-2.34879	1.4606	9.27168	-50.8293	1.00299	-8.8912	-75.728	24.3279	-0.0432223	-7.38334	4.79676	-9.35374	-1.96579	-1.61225	5.06292	-0.0154896	3.10115	21.3565	-21.882	1.45781	-0.795026	-0.882445	2.92311	-0.0634134	0.09581	-0.399904	13.0914	-6.27953	1.73536	9.95636	0.255482	1.69702	-0.246421
3.00733	13.6557	-4.0415	-12.0046	13.2413	-2.47917	1.35949	8.85703	-51.4103	0.667715	-8.79272	-75.6054	23.9404	-0.0434683	-6.42779	4.99461	-9.39094	-3.04503	-1.31998	5.23464	-0.016025	3.40795	21.1907	-21.1945	1.49428	-0.702851	-0.855823	2.90964	-0.0631312	0.10143	-0.394663	13.8676	-5.27429	2.55498	10.3737	0.277672	1.80098	-0.176987
3.01732	13.1728	-3.78381	-11.3466	13.1802	-2.60978	1.26487	8.25107	-51.9319	0.35542	-8.63415	-75.4749	23.5594	-0.0437416	-5.44453	5.23873	-9.45121	-4.20242	-1.02433	5.4114	-0.0168877	3.79222	20.8811	-20.5003	1.54129	-0.602029	-0.829803	2.89483	-0.0630752	0.107123	-0.38913	14.6509	-3.95518	3.55823	10.8015	0.303621	1.92566	-0.0894301
3.02731	13.0001	-3.50584	-10.626	13.1159	-2.7422	1.17926	7.44652	-52.368	0.0587157	-8.41416	-75.3461	23.185	-0.0439955	-4.45974	5.53426	-9.56403	-5.43576	-0.716014	5.59586	-0.0180683	4.17325	20.5713	-19.7732	1.5943	-0.493654	-0.801409	2.87864	-0.0630365	0.113382	-0.383113	15.3633	-2.3167	4.72	11.2488	0.332646	2.0724	0.00895968
3.0373	13.274	-3.46606	-9.78879	13.0483	-2.87696	1.10523	6.44038	-52.652	-0.23191	-8.12093	-75.2338	22.8203	-0.0442115	-3.48795	5.8704	-9.73889	-6.73888	-0.398124	5.7933	-0.0195468	4.44287	20.4167	-18.9493	1.65715	-0.377999	-0.772325	2.86093	-0.0630353	0.120132	-0.376769	15.8865	-0.370501	5.98736	11.7246	0.363563	2.23896	0.107945
3.04729	13.991	-3.81133	-8.77047	12.9759	-3.01414	1.04424	5.25971	-52.7316	-0.508254	-7.74994	-75.1598	22.4744	-0.0443965	-2.48557	6.28524	-9.98435	-8.13489	-0.0655587	6.0084	-0.021327	4.51401	20.5428	-17.9149	1.73593	-0.256464	-0.747728	2.84138	-0.0625973	0.126636	-0.370512	16.0833	1.82737	7.26563	12.246	0.39741	2.4189	0.191741
3.05728	14.9998	-4.72555	-7.47464	12.897	-3.15148	0.996802	3.9674	-52.5799	-0.766102	-7.32222	-75.1291	22.1534	-0.0445427	-1.39711	6.80236	-10.2834	-9.63054	0.280072	6.23894	-0.0233811	4.36393	21.0784	-16.5168	1.83406	-0.126987	-0.732074	2.82278	-0.0622125	0.132434	-0.365349	15.8204	4.21748	8.46682	12.8171	0.42941	2.60256	0.249681
3.06727	16.0153	-6.33879	-5.82271	12.8119	-3.2853	0.961842	2.62837	-52.2021	-1.00698	-6.86891	-75.1323	21.8591	-0.0446163	-0.156553	7.43823	-10.6291	-11.2176	0.638867	6.49254	-0.0256204	4.05329	22.1247	-14.64	1.95456	0.0104012	-0.729138	2.8061	-0.0617606	0.137062	-0.36183	15.0127	6.7032	9.50201	13.4458	0.456036	2.77976	0.271767
3.07726	16.7158	-8.69423	-3.75199	12.721	-3.41241	0.938183	1.31859	-51.6145	-1.22732	-6.43268	-75.1516	21.596	-0.0445878	1.29828	8.19968	-10.9997	-12.8792	0.999276	6.76883	-0.0279193	3.66486	23.7226	-12.1707	2.10237	0.151011	-0.743758	2.79016	-0.0610065	0.139739	-0.360263	13.6361	9.13176	10.2802	14.135	0.474407	2.93873	0.248809
3.08726	16.7798	-11.6964	-1.30457	12.6258	-3.52999	0.924928	0.0863651	-50.8736	-1.41977	-6.03907	-75.1798	21.3685	-0.0444319	3.00281	9.10468	-11.3728	-14.5836	1.33438	7.06467	-0.0300824	3.33784	25.8735	-9.10334	2.28163	0.28436	-0.783041	2.77501	-0.0601672	0.139305	-0.361337	11.7596	11.2982	10.7162	14.8821	0.482441	3.06694	0.173139
3.09725	15.9924	-15.184	1.31453	12.5299	-3.63559	0.920578	-1.0514	-50.0501	-1.59562	-5.70386	-75.199	21.1691	-0.0441459	4.91389	10.1761	-11.7342	-16.2591	1.59983	7.38552	-0.0317448	3.24187	28.5729	-5.608	2.48988	0.396217	-0.849743	2.76021	-0.0599046	0.135148	-0.36517	9.56599	12.9644	10.7273	15.6851	0.481578	3.15213	0.0365854
3.10724	14.3253	-18.9892	4.05907	12.4369	-3.72593	0.923896	-2.10871	-49.183	-1.75864	-5.43226	-75.1813	20.9971	-0.0437474	6.95508	11.4084	-12.0655	-17.8259	1.75455	7.72799	-0.0326196	3.5136	31.7622	-1.71089	2.72176	0.475369	-0.944265	2.74336	-0.0598826	0.126837	-0.371664	7.33891	13.9381	10.2726	16.5365	0.471058	3.18563	-0.163915
3.11723	10.9914	-21.5537	6.80053	12.3501	-3.79733	0.933677	-2.96009	-48.4274	-1.90352	-5.25101	-75.0959	20.8513	-0.0433131	9.26649	12.9139	-12.3528	-19.2714	1.79309	8.07554	-0.033151	4.4523	34.319	2.51015	2.98365	0.49745	-1.06743	2.72569	-0.0609129	0.114061	-0.380135	5.06845	13.9671	9.49516	17.3703	0.457273	3.18499	-0.391013
3.12722	6.47765	-22.1868	9.1955	12.2732	-3.8452	0.948869	-3.71569	-47.7355	-2.03397	-5.11068	-74.9178	20.7283	-0.0429203	11.755	14.6164	-12.59	-20.5298	1.71063	8.41851	-0.033575	5.87204	35.479	6.64397	3.26245	0.461891	-1.2124	2.71063	-0.0623083	0.0977927	-0.390205	2.64596	13.3123	8.57003	17.9455	0.441538	3.13477	-0.597391
3.13721	1.55772	-20.4889	10.8269	12.2085	-3.86433	0.968834	-4.50325	-47.0327	-2.15864	-4.95019	-74.6245	20.6207	-0.0426303	14.3067	16.3972	-12.7682	-21.5357	1.50507	8.74764	-0.034099	7.36566	34.6922	10.2251	3.54388	0.369975	-1.37219	2.70268	-0.0643644	0.0790868	-0.401675	-0.181828	12.144	7.65484	18.006	0.424177	3.01679	-0.73683
3.1472	-2.81667	-16.44	11.3729	12.1563	-3.84985	0.992824	-5.43318	-46.2667	-2.27817	-4.72777	-74.1868	20.5219	-0.0425156	16.7713	18.1108	-12.8853	-22.2277	1.17602	9.06371	-0.0348029	8.39023	31.7779	12.8762	3.80534	0.234699	-1.53411	2.71011	-0.0670987	0.0602194	-0.414614	-3.64491	10.4934	6.8805	17.3484	0.405088	2.81897	-0.772506
3.15719	-5.69919	-10.5283	10.7952	12.1158	-3.79914	1.01986	-6.59903	-45.3856	-2.40817	-4.41112	-73.5854	20.4196	-0.0426192	18.993	19.604	-12.9443	-22.5769	0.743008	9.36136	-0.035682	8.42878	27.0251	14.5181	4.01999	0.0826554	-1.68068	2.74204	-0.0704897	0.0443636	-0.429194	-7.75502	8.26817	6.30799	15.8942	0.383545	2.53981	-0.690346
3.16718	-6.478	-3.71994	9.32215	12.0865	-3.71156	1.04913	-8.07282	-44.36	-2.56443	-3.97505	-72.8155	20.3025	-0.0429152	20.8385	20.7522	-12.9472	-22.5897	0.231233	9.63002	-0.0366802	7.27799	21.2044	15.3226	4.16798	-0.0575286	-1.79786	2.8	-0.0740215	0.0336965	-0.444987	-12.1822	5.37777	5.90419	13.7378	0.35685	2.19067	-0.507563
3.17718	-5.18815	2.80195	7.41515	12.0665	-3.58771	1.07959	-9.85414	-43.2045	-2.74646	-3.41639	-71.8872	20.1622	-0.0432953	22.2543	21.461	-12.8827	-22.3123	-0.338813	9.86675	-0.0376488	5.19676	15.3018	15.6504	4.24014	-0.162164	-1.87709	2.87663	-0.076994	0.028952	-0.460864	-16.3073	1.9084	5.55767	11.1348	0.320982	1.79319	-0.269145
3.18717	-2.55722	7.98311	5.66678	12.0537	-3.42888	1.10994	-11.8204	-41.949	-2.95111	-2.75953	-70.8178	19.9962	-0.0435891	23.24	21.6766	-12.7248	-21.7968	-0.963508	10.0723	-0.038324	2.85487	10.1787	15.9514	4.24386	-0.216997	-1.91895	2.95837	-0.079149	0.0291321	-0.475546	-19.4447	-1.81997	5.12121	8.43524	0.271624	1.37433	-0.0338908
3.19716	0.290021	11.3423	4.73268	12.0484	-3.23745	1.13977	-13.811	-40.638	-3.17947	-2.01817	-69.6407	19.8004	-0.043678	23.9001	21.3894	-12.443	-21.1173	-1.63117	10.241	-0.0385012	1.03603	6.19776	16.7596	4.20683	-0.220908	-1.93628	3.02922	-0.0800174	0.0313706	-0.488259	-21.1196	-5.38802	4.44362	5.96677	0.20589	0.955163	0.145107
3.20715	2.26121	13.0792	4.73965	12.051	-3.0162	1.16862	-15.6424	-39.3633	-3.42992	-1.22538	-68.3739	19.57	-0.0435255	24.4143	20.604	-12.005	-20.3561	-2.3215	10.3614	-0.038137	0.301669	3.21506	18.1437	4.15587	-0.184415	-1.93988	3.07816	-0.08094	0.0334885	-0.498082	-21.2265	-8.44912	3.43109	3.93399	0.122313	0.547952	0.239026
3.21714	2.90802	14.0396	5.43578	12.0603	-2.76822	1.19543	-17.1815	-38.241	-3.68459	-0.418476	-67.0147	19.3057	-0.0431726	24.9581	19.3838	-11.4004	-19.5922	-3.0083	10.4288	-0.0373755	0.632001	0.654291	19.8827	4.10976	-0.123797	-1.93608	3.09957	-0.0827676	0.0343672	-0.504134	-19.9888	-10.8311	2.08897	2.39303	0.0250052	0.160772	0.249341
3.22713	2.59985	15.0783	6.29833	12.0769	-2.49692	1.21953	-18.3985	-37.3146	-3.94252	0.392569	-65.5563	19.0006	-0.0426982	25.5727	17.8104	-10.6276	-18.842	-3.68105	10.4399	-0.0365028	1.52189	-2.06982	21.5674	4.07269	-0.0554764	-1.9236	3.09312	-0.0860125	0.0344353	-0.505604	-17.787	-12.5733	0.485153	1.27929	-0.0779602	-0.201979	0.198301
3.23712	2.42227	16.6359	6.83557	12.1026	-2.20457	1.24071	-19.3646	-36.5226	-4.21486	1.23247	-64.0041	18.6444	-0.0421683	26.1006	15.9691	-9.71583	-18.0493	-4.33496	10.3954	-0.0356976	2.20489	-5.27054	22.8022	4.03608	0.00807854	-1.89335	3.05774	-0.0902251	0.0352893	-0.501119	-14.9542	-13.8295	-1.29359	0.491198	-0.170748	-0.534774	0.111692
3.24711	4.01848	18.7289	6.79762	12.1378	-1.89355	1.25852	-20.221	-35.7026	-4.49774	2.13732	-62.3741	18.2414	-0.0416318	26.2615	13.9672	-8.7062	-17.1336	-4.95071	10.2881	-0.0350609	1.72307	-9.02411	23.4318	3.99224	0.0595899	-1.83966	2.99265	-0.0942287	0.0379751	-0.490152	-11.7303	-14.7761	-3.11643	-0.0959807	-0.243841	-0.825789	0.0194981
3.2571	9.56514	21.0433	6.19922	12.1823	-1.56619	1.27268	-21.1266	-34.6393	-4.79183	3.13605	-60.6788	17.8072	-0.041256	25.7075	11.8879	-7.62056	-15.9794	-5.49969	10.0976	-0.0346154	-1.29999	-13.3369	23.5642	3.94228	0.0978855	-1.76302	2.90556	-0.0966267	0.0433151	-0.474017	-8.71936	-15.6635	-4.65506	-0.679235	-0.287484	-1.04825	-0.0282104
3.2671	21.1843	23.2703	5.2455	12.2373	-1.22251	1.28137	-22.2352	-33.2352	-5.1114	4.24817	-58.947	17.3571	-0.0412408	24.0887	9.9008	-6.50642	-14.4616	-5.94389	9.8107	-0.0344673	-8.13495	-18.1522	23.4599	3.88814	0.13201	-1.66522	2.80378	-0.0946619	0.0515553	-0.454044	-6.45837	-16.6858	-5.5894	-1.4093	-0.295939	-1.17625	0.00512414
3.27709	32.9861	23.0882	5.11556	12.3035	-0.865168	1.28186	-23.0825	-31.8469	-5.43076	5.39436	-57.2258	16.8995	-0.0414822	21.8228	7.52955	-5.34381	-12.7567	-6.22131	9.39246	-0.0346534	-14.5596	-21.7324	23.5264	3.84199	0.117573	-1.58789	2.69271	-0.0831291	0.055508	-0.433506	-4.55922	-17.5087	-6.11774	-2.09851	-0.281706	-1.23053	0.0707064
3.28708	43.6526	21.4044	4.97867	12.381	-0.502046	1.27071	-23.786	-30.5918	-5.67647	6.52549	-55.5894	16.4563	-0.0416683	19.0624	5.37901	-4.2716	-10.8605	-6.30435	8.86008	-0.0352386	-20.0057	-24.0084	22.9649	3.78364	0.109828	-1.50932	2.60486	-0.0768277	0.0609589	-0.415277	-3.08882	-18.055	-6.23254	-2.70594	-0.250973	-1.21606	0.154263
3.29707	52.566	18.2253	4.93349	12.47	-0.147602	1.24624	-24.2605	-29.3795	-5.85739	7.59134	-54.1006	16.0519	-0.0418174	15.9696	3.54739	-3.29819	-8.81117	-6.16824	8.21464	-0.0361553	-24.2738	-24.9758	21.9569	3.70677	0.120694	-1.42539	2.53968	-0.0746946	0.0683586	-0.399309	-1.98872	-18.2452	-6.00615	-3.19893	-0.210812	-1.14875	0.24238
3.30706	59.2636	13.5138	5.02499	12.5713	0.181145	1.20895	-24.4602	-28.0979	-5.98824	8.55027	-52.8143	15.7096	-0.0419276	12.7938	1.98234	-2.3959	-6.70938	-5.78959	7.44407	-0.0372927	-27.3169	-24.7325	20.6973	3.61758	0.146734	-1.34171	2.4906	-0.0758564	0.0764418	-0.385492	-1.18071	-18.0574	-5.54144	-3.56569	-0.167791	-1.04828	0.325147
3.31705	63.3956	7.2896	5.27021	12.6842	0.464656	1.15993	-24.3185	-26.6882	-6.07712	9.3446	-51.7624	15.4513	-0.041968	9.7889	0.531759	-1.53365	-4.67371	-5.17635	6.55131	-0.0385933	-29.1695	-23.4364	19.3546	3.52415	0.175747	-1.26543	2.44996	-0.0789069	0.0837498	-0.373505	-0.590111	-17.5227	-4.94041	-3.81657	-0.126799	-0.933191	0.397629
3.32704	64.7967	-0.203483	5.6781	12.8078	0.682404	1.09932	-23.7937	-25.1655	-6.12327	9.92309	-50.9672	15.2949	-0.0419145	7.1668	-0.934423	-0.702707	-2.80601	-4.37233	5.56141	-0.0400882	-29.8721	-21.3251	18.0834	3.43605	0.190672	-1.20314	2.40782	-0.0811621	0.0887832	-0.36232	-0.142019	-16.6881	-4.30064	-3.95746	-0.0918734	-0.818798	0.454874
3.33703	63.624	-8.31689	6.31761	12.9401	0.817843	1.02792	-22.9527	-23.6809	-6.14112	10.2748	-50.4236	15.2409	-0.0418223	5.04745	-2.47218	0.08584	-1.18402	-3.43533	4.50927	-0.0418206	-29.3742	-18.7654	17.1195	3.36318	0.18076	-1.16143	2.35536	-0.0781944	0.0898439	-0.350835	0.238345	-15.6194	-3.70776	-3.99567	-0.0658989	-0.716791	0.493459
3.34702	60.4012	-15.7244	7.60783	13.077	0.861337	0.948242	-21.8511	-22.6182	-6.17154	10.415	-50.0916	15.2707	-0.041859	3.38545	-4.02005	0.808438	0.157795	-2.42605	3.4369	-0.0436866	-27.4295	-16.3671	17.0485	3.32293	0.148864	-1.15047	2.28552	-0.0635167	0.0841359	-0.338331	0.641638	-14.3854	-3.22402	-3.93454	-0.0503194	-0.633281	0.512332
3.35702	54.4844	-20.8868	8.137	13.2127	0.808485	0.862181	-20.8667	-22.1827	-6.14314	10.3765	-49.9234	15.375	-0.0417109	2.3941	-5.17672	1.39664	1.2034	-1.40956	2.40386	-0.0455928	-23.5261	-14.5211	16.6379	3.30006	0.123048	-1.14823	2.23034	-0.0556591	0.0775218	-0.326632	1.06618	-13.0644	-2.91086	-3.75463	-0.0445824	-0.573775	0.501141
3.36701	45.6609	-24.3809	7.97051	13.3402	0.659747	0.770075	-19.9999	-22.1089	-6.07562	10.1802	-49.8711	15.5464	-0.0414383	2.03024	-6.13815	1.86659	1.93757	-0.455766	1.46894	-0.0472396	-17.4415	-13.0315	15.8484	3.29317	0.100396	-1.15563	2.19199	-0.0539088	0.0701519	-0.31628	1.55205	-11.6772	-2.79719	-3.46453	-0.048326	-0.540774	0.459163
3.377	34.1648	-26.3429	7.86162	13.4499	0.419515	0.670577	-19.2167	-22.2397	-5.99123	9.86002	-49.8957	15.7711	-0.0411054	2.24103	-6.89353	2.19804	2.35937	0.354375	0.706332	-0.0481719	-9.27391	-11.8059	15.3251	3.30296	0.0732721	-1.17965	2.1703	-0.0526737	0.0611886	-0.308879	2.13321	-10.221	-2.91185	-3.07717	-0.0615618	-0.538767	0.387499
3.38699	26.0832	-25.9145	7.36276	13.5333	0.100026	0.562876	-18.8563	-22.6373	-5.90909	9.4228	-49.9397	16.0297	-0.0410291	2.83389	-6.86203	2.32643	2.55381	0.946267	0.187755	-0.0483411	-3.2919	-11.8411	15.1519	3.30577	0.101912	-1.17903	2.17252	-0.0534215	0.0578756	-0.303275	2.4647	-9.08001	-2.93038	-2.78266	-0.0712721	-0.534117	0.336647
3.39698	20.576	-23.4441	6.51056	13.5843	-0.286672	0.447193	-18.763	-23.2316	-5.82483	8.88691	-49.9777	16.3137	-0.041219	3.91581	-6.12553	2.21449	2.4871	1.25824	-0.0467359	-0.04765	0.886854	-12.8474	15.1339	3.30319	0.173095	-1.15999	2.20475	-0.0573396	0.059965	-0.300792	2.58807	-8.21051	-2.87715	-2.55261	-0.0773079	-0.527302	0.299988
3.40697	16.9248	-19.2882	5.4473	13.5977	-0.733675	0.32471	-18.8227	-23.9292	-5.74047	8.26427	-49.9796	16.6154	-0.0416824	5.55259	-4.73797	1.84528	2.12882	1.23101	0.0395143	-0.0461911	3.61327	-14.5024	15.2127	3.30076	0.273478	-1.12912	2.27123	-0.0647263	0.0672644	-0.302624	2.5496	-7.54672	-2.77536	-2.3544	-0.0799339	-0.518371	0.27074
3.41696	14.9271	-15.1175	4.46115	13.5974	-1.09812	0.194166	-18.8919	-24.6879	-5.65083	7.55152	-49.9374	16.9247	-0.0421696	7.08109	-3.71478	1.46467	1.72823	1.20335	0.100998	-0.044144	5.12631	-16.5279	15.363	3.2911	0.394921	-1.08654	2.35881	-0.0751823	0.0789484	-0.307432	2.36738	-7.04417	-2.62871	-2.16309	-0.0787167	-0.505155	0.245003
3.42695	14.1305	-11.3846	3.75543	13.5845	-1.37016	0.0575708	-18.7979	-25.6179	-5.56221	6.77953	-49.865	17.2277	-0.0426968	8.35047	-3.26156	1.07956	1.29962	1.19147	0.12735	-0.0421041	5.88759	-18.6013	15.5807	3.28757	0.502834	-1.04961	2.43914	-0.0769765	0.0902742	-0.311823	2.1219	-6.65335	-2.44014	-1.9635	-0.077922	-0.483959	0.221727
3.43694	14.145	-8.76502	3.34948	13.5599	-1.54818	-0.0831945	-18.6008	-26.5279	-5.45996	5.97338	-49.7654	17.5152	-0.0431573	9.32462	-3.46698	0.701849	0.857489	1.19954	0.112001	-0.0402011	6.0066	-20.3683	15.812	3.28415	0.586151	-1.01715	2.5143	-0.073981	0.101803	-0.316517	1.85998	-6.31197	-2.22455	-1.73574	-0.0761334	-0.45395	0.197514
3.44694	14.5562	-7.73865	3.17749	13.5258	-1.6387	-0.225687	-18.3091	-27.2636	-5.35157	5.14098	-49.6344	17.7797	-0.043494	10.0052	-4.3664	0.340462	0.417963	1.23035	0.052873	-0.0385746	5.68084	-21.5603	15.9962	3.28062	0.635135	-0.990094	2.58222	-0.0684056	0.113331	-0.321514	1.67121	-5.95802	-2.0143	-1.45908	-0.072743	-0.415244	0.167927
3.45693	14.9781	-8.28769	2.98099	13.4853	-1.6542	-0.368188	-17.8916	-27.7505	-5.24315	4.28095	-49.4663	18.0157	-0.0436738	10.3868	-5.86934	0.00992545	0.015428	1.28248	-0.0455789	-0.0373274	5.14161	-22.1133	15.8979	3.27328	0.652889	-0.968643	2.64175	-0.0629876	0.124405	-0.326713	1.66731	-5.54725	-1.85039	-1.11958	-0.0687715	-0.368663	0.128757
3.46692	15.3087	-10.062	2.71024	13.4425	-1.61035	-0.509793	-17.3724	-28.0485	-5.11321	3.41943	-49.2772	18.2286	-0.0436942	10.4974	-7.81066	-0.291782	-0.320389	1.34787	-0.173339	-0.0363485	4.53386	-22.0903	15.4959	3.26129	0.638322	-0.953389	2.69012	-0.0585385	0.134303	-0.331614	1.8565	-5.07333	-1.74483	-0.726765	-0.06534	-0.316905	0.0804545
3.47691	15.5726	-12.5844	2.32789	13.4014	-1.52514	-0.650276	-16.7906	-28.2595	-4.96418	2.57967	-49.0778	18.4207	-0.0435919	10.4049	-10.0057	-0.567713	-0.578024	1.41762	-0.318243	-0.0354825	3.90652	-21.6349	14.8292	3.24786	0.592787	-0.945845	2.72735	-0.0549805	0.142526	-0.336068	2.16318	-4.55856	-1.67797	-0.303685	-0.062709	-0.262125	0.0269475
3.4869	15.8872	-15.3838	1.77587	13.3659	-1.41664	-0.789081	-16.2043	-28.4572	-4.81122	1.79498	-48.8832	18.5948	-0.0433989	10.1464	-12.2459	-0.808155	-0.74472	1.4814	-0.465782	-0.0345675	3.26819	-20.9262	13.9077	3.23807	0.5222	-0.947388	2.75424	-0.0521303	0.148746	-0.33999	2.52712	-4.03103	-1.63616	0.124603	-0.0615756	-0.207064	-0.0280261
3.49689	16.3622	-18.075	1.08113	13.3391	-1.30071	-0.925367	-15.6886	-28.6635	-4.63568	1.08867	-48.7047	18.7689	-0.0431637	9.78313	-14.3436	-1.00953	-0.825109	1.53199	-0.603699	-0.0335026	2.62485	-20.1321	12.8052	3.23723	0.431624	-0.959773	2.77004	-0.0490373	0.152493	-0.343213	2.9055	-3.52034	-1.61622	0.536643	-0.0618792	-0.155299	-0.0818875
3.50688	17.0038	-20.2834	0.270213	13.3215	-1.19202	-1.05901	-15.2624	-28.89	-4.43002	0.445167	-48.5428	18.9544	-0.0429145	9.35134	-16.1177	-1.15781	-0.833215	1.56572	-0.720294	-0.0323262	2.02102	-19.4228	11.5619	3.24729	0.332456	-0.982843	2.78052	-0.046709	0.154055	-0.346458	3.26797	-3.04951	-1.6135	0.918155	-0.0631665	-0.108921	-0.132783
3.51687	17.7649	-21.7337	-0.633075	13.3135	-1.10432	-1.19077	-14.9237	-29.1695	-4.19857	-0.140662	-48.4186	19.1606	-0.0426689	8.90913	-17.4637	-1.24061	-0.801014	1.58239	-0.807813	-0.0311271	1.4919	-18.9251	10.2354	3.26951	0.234956	-1.01696	2.78919	-0.0451885	0.153471	-0.350251	3.60007	-2.63275	-1.63158	1.25782	-0.0653616	-0.0706017	-0.179796
3.52687	18.6164	-22.3434	-1.60998	13.3142	-1.04691	-1.32093	-14.6556	-29.4844	-3.95089	-0.67479	-48.358	19.3932	-0.0424326	8.47684	-18.3381	-1.24137	-0.752414	1.58255	-0.861402	-0.0299928	1.053	-18.7068	8.87347	3.3054	0.146327	-1.06478	2.7957	-0.044713	0.149996	-0.354933	3.89661	-2.27498	-1.67521	1.55126	-0.0684167	-0.0421291	-0.223042
3.53686	19.5073	-22.1663	-2.62153	13.3218	-1.02275	-1.44954	-14.4376	-29.791	-3.6745	-1.16492	-48.3763	19.6614	-0.0422088	8.06902	-18.7475	-1.15063	-0.711449	1.56861	-0.879887	-0.02902	0.718824	-18.7745	7.51481	3.35768	0.0677798	-1.12632	2.80151	-0.0450487	0.143879	-0.360712	4.15362	-1.97443	-1.74119	1.80357	-0.0718936	-0.0228194	-0.263155
3.54685	20.3538	-21.311	-3.66041	13.334	-1.03059	-1.57732	-14.2241	-30.0528	-3.38239	-1.64219	-48.4656	19.9617	-0.0420031	7.67573	-18.7395	-0.967626	-0.690945	1.5435	-0.865517	-0.0282703	0.514375	-19.1007	6.17458	3.42346	-0.000711266	-1.19743	2.80973	-0.0452896	0.136244	-0.367585	4.36852	-1.72816	-1.82228	2.02176	-0.0753756	-0.0109623	-0.300534
3.55684	21.1282	-19.9761	-4.74272	13.3488	-1.06556	-1.70477	-13.9943	-30.2251	-3.09861	-2.12325	-48.6232	20.2824	-0.0418149	7.2555	-18.3937	-0.696133	-0.675386	1.5094	-0.82267	-0.0277704	0.45579	-19.6252	4.8519	3.49636	-0.0596465	-1.27207	2.82358	-0.044941	0.128455	-0.375434	4.5398	-1.52792	-1.90929	2.21284	-0.0784018	-0.00444491	-0.335317
3.56683	21.7615	-18.3529	-5.84847	13.3619	-1.11883	-1.83279	-13.6995	-30.2968	-2.82526	-2.6366	-48.844	20.609	-0.0416219	6.75092	-17.8164	-0.342038	-0.63115	1.46963	-0.757632	-0.0275791	0.577075	-20.2839	3.54579	3.56894	-0.108054	-1.34613	2.84453	-0.0440043	0.121182	-0.384221	4.66643	-1.36247	-1.99188	2.38531	-0.0807155	-0.000793172	-0.367643
3.57682	22.1156	-16.6319	-6.9045	13.3684	-1.17965	-1.96188	-13.2822	-30.2877	-2.57519	-3.21447	-49.1179	20.9218	-0.0414012	6.15663	-17.1582	0.0747787	-0.541933	1.43099	-0.680336	-0.027793	0.925686	-21.0219	2.31391	3.63837	-0.14641	-1.42171	2.87154	-0.0432756	0.113702	-0.394305	4.74365	-1.21952	-2.05391	2.54404	-0.0831481	0.00279135	-0.396307
3.58681	22.1667	-15.0856	-7.94332	13.3649	-1.23628	-2.09217	-12.7382	-30.1392	-2.37834	-3.87646	-49.4267	21.1968	-0.0411471	5.47757	-16.5258	0.534318	-0.404572	1.39576	-0.59872	-0.028339	1.46962	-21.7473	1.14805	3.69774	-0.176802	-1.49402	2.90346	-0.0427263	0.106587	-0.405161	4.76937	-1.0811	-2.08205	2.69785	-0.0854084	0.009409	-0.421175
3.5968	21.8537	-13.9139	-8.9365	13.3479	-1.27559	-2.2231	-12.0583	-29.8462	-2.24371	-4.63575	-49.754	21.4179	-0.04083	4.75008	-16.0211	1.00384	-0.228048	1.3678	-0.521863	-0.0291669	2.17834	-22.3722	0.0687436	3.73931	-0.201393	-1.55783	2.94004	-0.0422913	0.100567	-0.416353	4.74141	-0.934445	-2.06584	2.84773	-0.0872877	0.0208841	-0.441109
3.60679	21.1711	-13.2876	-9.80965	13.3139	-1.28247	-2.35285	-11.2287	-29.4024	-2.16905	-5.49815	-50.0846	21.567	-0.0404139	4.00443	-15.7125	1.44339	-0.0184676	1.3497	-0.458042	-0.0301949	2.97789	-22.8069	-0.876447	3.76155	-0.229567	-1.61221	2.97536	-0.0421009	0.0952794	-0.427045	4.6577	-0.772394	-2.00036	2.99366	-0.0885754	0.0381047	-0.455453
3.61679	20.1635	-13.3023	-10.5012	13.2603	-1.23947	-2.47907	-10.2718	-28.7997	-2.16758	-6.44744	-50.4	21.6133	-0.0398587	3.28274	-15.6108	1.81455	0.204083	1.34394	-0.413047	-0.0313749	3.79608	-22.9753	-1.62401	3.77038	-0.270264	-1.65886	3.00288	-0.0424045	0.0900718	-0.436479	4.51713	-0.589819	-1.88693	3.13744	-0.0889067	0.0611648	-0.464562
3.62678	18.433	-12.6778	-10.9655	13.1726	-1.31015	-2.59361	-9.29227	-28.0527	-2.25399	-7.42329	-50.6626	21.5301	-0.0394216	3.1768	-14.9307	1.89257	0.0133129	1.21647	-0.157538	-0.0329304	4.69704	-22.8595	-2.12299	3.78135	-0.331254	-1.70565	3.03856	-0.0438995	0.0854669	-0.44697	4.37023	-0.384998	-1.75576	3.28702	-0.0886524	0.0870601	-0.471548
3.63677	16.17	-11.5519	-11.1174	13.0534	-1.48247	-2.6839	-8.33822	-27.1577	-2.43147	-8.3793	-50.83	21.2973	-0.0390942	3.53783	-13.8332	1.67011	-0.547818	0.90873	0.243106	-0.0347091	5.68116	-22.4374	-2.32602	3.79475	-0.409507	-1.75356	3.08163	-0.0470576	0.0810847	-0.458652	4.22698	-0.171757	-1.62174	3.43959	-0.0874631	0.113398	-0.477387
3.64676	13.5983	-10.1475	-11.0072	12.9066	-1.73961	-2.73554	-7.43229	-26.122	-2.70865	-9.26367	-50.8414	20.8914	-0.0388729	4.16403	-12.5518	1.15597	-1.4298	0.364456	0.704496	-0.0364101	6.77524	-21.6444	-2.32921	3.81125	-0.503836	-1.80254	3.12887	-0.051338	0.0766578	-0.471061	4.10484	0.0370504	-1.50718	3.6028	-0.0837028	0.137926	-0.485733
3.65675	11.1214	-8.70975	-10.6641	12.7384	-2.05859	-2.73451	-6.62308	-24.9301	-3.09508	-9.99859	-50.6364	20.2979	-0.0387636	4.75167	-11.3463	0.40055	-2.54587	-0.459432	1.12261	-0.0379593	7.96614	-20.4575	-2.19478	3.83055	-0.607137	-1.84953	3.1789	-0.056802	0.0725119	-0.483691	4.01657	0.215605	-1.42247	3.77729	-0.0793363	0.159458	-0.497912
3.66674	9.09851	-7.55261	-9.97326	12.5558	-2.40677	-2.6674	-5.92655	-23.5638	-3.55401	-10.5101	-50.1575	19.5323	-0.0387609	4.96037	-10.507	-0.512524	-3.77797	-1.58233	1.38278	-0.0394632	9.24398	-18.8576	-1.86863	3.85324	-0.710129	-1.89088	3.22642	-0.0631432	0.0686734	-0.495504	3.96013	0.362379	-1.36189	3.966	-0.0750453	0.179062	-0.513773
3.67673	7.58907	-6.93554	-8.88646	12.366	-2.7503	-2.52112	-5.35014	-22.0281	-4.03931	-10.711	-49.3536	18.626	-0.0388714	4.62915	-10.3179	-1.5386	-5.07767	-2.99502	1.3835	-0.04088	10.6703	-16.8272	-1.3782	3.87576	-0.807401	-1.92285	3.27003	-0.0696007	0.0657104	-0.506012	3.92236	0.492681	-1.311	4.17131	-0.0712098	0.198824	-0.53249
3.68672	6.56474	-7.05089	-7.53069	12.179	-3.05827	-2.28651	-4.92218	-20.3189	-4.54945	-10.527	-48.1625	17.6027	-0.0391345	3.75336	-10.9938	-2.59905	-6.45124	-4.63737	1.07869	-0.0420209	12.2564	-14.3712	-0.802533	3.89592	-0.900318	-1.94312	3.31138	-0.0753747	0.0645642	-0.515262	3.89978	0.599181	-1.26567	4.38658	-0.0685365	0.218694	-0.553001
3.69671	5.98617	-7.8814	-5.89599	12.0082	-3.3081	-1.96257	-4.67968	-18.4936	-5.05247	-9.91046	-46.5296	16.5103	-0.03961	2.41062	-12.638	-3.63532	-7.92128	-6.41549	0.447039	-0.0427628	13.9376	-11.5636	-0.0993736	3.9159	-0.986809	-1.95321	3.35218	-0.0811022	0.0653868	-0.523854	3.88638	0.667705	-1.22201	4.59859	-0.0679919	0.237939	-0.573142
3.70671	5.831	-9.17292	-3.96726	11.8675	-3.48808	-1.55739	-4.62159	-16.6533	-5.47313	-8.84564	-44.4286	15.4162	-0.0403686	0.623011	-15.1801	-4.64913	-9.44828	-8.25836	-0.501669	-0.0431426	15.6705	-8.52054	0.651153	3.9374	-1.0682	-1.96016	3.38836	-0.0867971	0.0665992	-0.532018	3.87217	0.691608	-1.17752	4.79861	-0.0698427	0.2561	-0.59199
3.7167	6.09016	-10.5879	-1.89582	11.7687	-3.59941	-1.08379	-4.77161	-14.9164	-5.73195	-7.34251	-41.8443	14.3754	-0.0414974	-1.53328	-18.4804	-5.63894	-11.0112	-10.1015	-1.71216	-0.0432507	17.3967	-5.37083	1.22704	3.95982	-1.15194	-1.96815	3.41376	-0.0913026	0.0670378	-0.539041	3.85719	0.67032	-1.1385	4.98768	-0.0722555	0.272597	-0.611171
3.72669	6.7251	-11.8513	0.326169	11.7211	-3.65362	-0.55445	-5.17818	-13.3504	-5.80192	-5.42813	-38.777	13.4169	-0.0430667	-3.89214	-22.3782	-6.54955	-12.6383	-11.8455	-3.08877	-0.0431839	19.0166	-2.29156	1.70435	3.98725	-1.24432	-1.98022	3.42691	-0.0943782	0.0662534	-0.54473	3.8393	0.5997	-1.1083	5.16197	-0.0754692	0.286668	-0.630658
3.73668	7.68235	-12.7627	2.71206	11.7321	-3.6657	0.0153439	-5.89168	-12.0247	-5.66932	-3.15655	-35.2506	12.5505	-0.0450981	-6.26924	-26.7218	-7.35534	-14.3687	-13.3704	-4.54338	-0.0430245	20.4552	0.563134	2.16002	4.0265	-1.34701	-1.99852	3.42847	-0.0969418	0.0641138	-0.549106	3.82589	0.485425	-1.0959	5.32314	-0.0793445	0.297211	-0.651748
3.74667	9.03174	-13.2491	5.29019	11.8054	-3.64672	0.606216	-6.9861	-11.0199	-5.29445	-0.59303	-31.3214	11.7629	-0.0475317	-8.57915	-31.3829	-8.06287	-16.1687	-14.6075	-6.00535	-0.0428371	21.6785	3.1005	2.62236	4.0843	-1.45625	-2.02477	3.4196	-0.0992858	0.0605297	-0.552256	3.83243	0.341859	-1.11215	5.47655	-0.0836084	0.303148	-0.676397
3.75666	10.8995	-13.338	7.97818	11.9344	-3.6014	1.1952	-8.58271	-10.4401	-4.68202	2.20719	-27.1027	10.9788	-0.0501755	-10.7479	-36.2109	-8.66092	-17.9639	-15.5501	-7.37816	-0.0426576	22.6768	5.32413	3.11084	4.16335	-1.56296	-2.05747	3.40228	-0.101381	0.0559495	-0.554257	3.87736	0.185041	-1.16579	5.62882	-0.0882948	0.303742	-0.706343
3.76665	13.3968	-13.1436	10.6419	12.1051	-3.5329	1.76081	-10.7818	-10.3929	-3.87935	5.2007	-22.7562	10.1002	-0.0526781	-12.711	-41.074	-9.12014	-19.684	-16.2113	-8.56671	-0.0424797	23.445	7.30243	3.665	4.25942	-1.65583	-2.0908	3.37823	-0.102977	0.0513808	-0.554903	3.97501	0.0271616	-1.25821	5.78549	-0.0936919	0.299308	-0.74225
3.77664	16.5354	-12.9001	13.1434	12.2991	-3.44738	2.28454	-13.5296	-10.9195	-2.96687	8.25637	-18.4068	9.03199	-0.0546097	-14.4797	-45.8704	-9.44857	-21.2326	-16.634	-9.5147	-0.0422802	23.989	9.1437	4.27734	4.36419	-1.72889	-2.11919	3.3482	-0.103755	0.0476671	-0.553923	4.13193	-0.121197	-1.38194	5.95139	-0.0998673	0.291523	-0.783814
3.78663	20.138	-12.8782	15.3969	12.4955	-3.35523	2.74968	-16.6428	-11.9609	-2.00724	11.2203	-14.1811	7.72218	-0.0555525	-16.0418	-50.4827	-9.67299	-22.5448	-16.858	-10.1835	-0.0420409	24.2887	10.9686	4.93009	4.46811	-1.78375	-2.14013	3.31137	-0.103777	0.0450179	-0.55123	4.34335	-0.249403	-1.52028	6.12985	-0.106397	0.283423	-0.829747
3.79663	23.8953	-13.4538	17.1897	12.6741	-3.26965	3.14157	-19.8598	-13.3348	-1.06687	13.9597	-10.2507	6.16547	-0.0552034	-17.3733	-54.8124	-9.79514	-23.5816	-16.9177	-10.5507	-0.0417597	24.3278	12.9221	5.46127	4.55838	-1.82741	-2.15076	3.26526	-0.102555	0.0435944	-0.546371	4.60409	-0.346617	-1.65682	6.32419	-0.112248	0.277954	-0.878893
3.80662	27.3395	-14.9812	18.5915	12.8194	-3.20351	3.44958	-22.8644	-14.7297	-0.198748	16.3558	-6.77816	4.43508	-0.0534593	-18.5403	-58.7092	-9.81421	-24.2671	-16.8924	-10.6078	-0.0414881	24.24	15.0885	5.87463	4.61698	-1.86683	-2.14787	3.21216	-0.10039	0.043665	-0.539624	4.9025	-0.419906	-1.77969	6.53435	-0.116922	0.277132	-0.929853
3.81661	29.9633	-17.6404	19.7176	12.9237	-3.16434	3.6701	-25.2084	-15.7624	0.566121	18.2484	-3.85934	2.69357	-0.0504219	-19.6984	-62.0484	-9.74067	-24.4973	-16.8846	-10.3899	-0.0412787	24.1624	17.4385	6.10521	4.62837	-1.91167	-2.12923	3.15304	-0.0972664	0.0452295	-0.5309	5.21801	-0.477016	-1.87584	6.75471	-0.119459	0.282722	-0.980536
3.8266	31.4245	-21.4125	20.6983	12.9888	-3.15302	3.80598	-26.637	-16.0787	1.21533	19.6069	-1.57752	1.16814	-0.0464872	-20.9029	-64.7353	-9.57751	-24.2828	-16.9162	-9.94698	-0.0411463	24.1858	19.8635	6.13565	4.5854	-1.97204	-2.09468	3.08693	-0.0931779	0.0479796	-0.519887	5.54309	-0.521422	-1.94417	6.97842	-0.11984	0.294302	-1.02986
3.83659	31.5438	-25.9805	21.5494	13.0185	-3.16941	3.86186	-27.0263	-15.5279	1.73765	20.4495	0.0125685	0.0514819	-0.0425699	-22.1515	-66.6837	-9.32707	-23.6823	-16.9741	-9.32733	-0.0411019	24.3905	22.2314	5.93125	4.48739	-2.05666	-2.04631	3.01158	-0.0881534	0.0511965	-0.50619	5.87595	-0.551241	-1.98941	7.19929	-0.118774	0.31023	-1.07743
3.84658	30.4706	-30.8463	22.2988	13.0198	-3.21981	3.84454	-26.4187	-14.1551	2.13454	20.8507	0.850425	-0.514189	-0.0398168	-23.4751	-67.8315	-8.99527	-22.721	-17.0772	-8.59247	-0.0411766	24.788	24.394	5.54399	4.34273	-2.17174	-1.98899	2.92485	-0.0822689	0.0538891	-0.489687	6.20162	-0.575612	-2.00953	7.40205	-0.116384	0.329518	-1.12063
3.85657	28.4146	-35.535	22.9501	12.9978	-3.31872	3.76184	-24.9973	-12.1047	2.41769	20.947	0.835398	-0.41802	-0.039006	-24.8313	-68.1907	-8.59416	-21.459	-17.2573	-7.79718	-0.0413906	25.4135	26.2184	5.04332	4.16004	-2.31469	-1.92595	2.82712	-0.0756358	0.0553741	-0.470503	6.49559	-0.609849	-2.00402	7.56314	-0.112449	0.350183	-1.15549
3.86656	25.8227	-38.1965	23.3016	12.9646	-3.28165	3.65936	-22.643	-10.5033	2.73978	20.5006	0.894032	-0.352879	-0.039852	-26.2813	-67.7927	-8.11492	-19.9134	-17.5565	-6.99119	-0.0414447	26.1335	27.5667	4.48848	3.93213	-2.46331	-1.85129	2.70039	-0.0680674	0.0543707	-0.446183	6.7279	-0.636054	-1.9615	7.64417	-0.10625	0.370268	-1.17574
3.87655	22.9977	-38.4782	23.1776	12.9233	-3.15462	3.54277	-19.6036	-9.74769	3.13753	19.62	1.01294	-0.33371	-0.0419206	-27.7392	-66.8867	-7.57352	-18.219	-17.9432	-6.20383	-0.041358	26.932	28.2981	3.79472	3.67127	-2.60037	-1.76637	2.553	-0.0602537	0.051013	-0.417711	6.88034	-0.661146	-1.88362	7.63379	-0.0991772	0.388078	-1.17946
3.88655	20.3696	-36.4919	22.4725	12.8793	-2.98385	3.42103	-16.1748	-10.0568	3.65052	18.427	1.17002	-0.368322	-0.0445486	-29.2253	-65.7909	-6.96576	-16.478	-18.398	-5.46666	-0.0411738	27.7025	28.3765	2.86291	3.393	-2.71745	-1.67416	2.39319	-0.053519	0.0456131	-0.386273	6.95449	-0.697559	-1.78422	7.53613	-0.0912832	0.40155	-1.16795
3.89654	18.2793	-32.7924	21.3672	12.8364	-2.8097	3.30188	-12.6165	-11.3396	4.29202	17.0378	1.33964	-0.451353	-0.0471166	-30.7837	-64.7599	-6.32126	-14.7567	-18.9342	-4.8017	-0.0409461	28.311	27.8895	1.76668	3.11092	-2.81911	-1.57963	2.22394	-0.0480243	0.0380138	-0.352696	6.95395	-0.757285	-1.67608	7.36296	-0.0832382	0.409585	-1.14354
3.90653	16.9826	-28.0567	20.0553	12.7976	-2.6635	3.19328	-9.10213	-13.4049	5.05847	15.5464	1.50409	-0.573883	-0.0493071	-32.5241	-64.0221	-5.63837	-13.0699	-19.5893	-4.21646	-0.0407206	28.6402	26.9667	0.567918	2.83225	-2.91089	-1.48484	2.04795	-0.0435371	0.0285873	-0.317607	6.88876	-0.837725	-1.56904	7.13315	-0.0755504	0.411872	-1.10965
3.91652	16.4269	-22.9166	18.736	12.7615	-2.56744	3.10216	-5.69126	-15.9531	5.91102	14.0218	1.65758	-0.722738	-0.0512557	-34.4317	-63.7006	-4.93054	-11.492	-20.361	-3.69187	-0.0405315	28.6268	25.7473	-0.676202	2.56215	-3.00005	-1.39196	1.86831	-0.0398545	0.0178054	-0.281754	6.76919	-0.931279	-1.46974	6.86682	-0.0685338	0.408705	-1.06978
3.92651	16.4075	-17.9563	17.629	12.7268	-2.53289	3.03412	-2.36012	-18.574	6.77318	12.5243	1.80002	-0.87892	-0.0533465	-36.4638	-63.7992	-4.23801	-10.0857	-21.2361	-3.21369	-0.0404084	28.2597	24.368	-1.90705	2.30452	-3.09631	-1.30371	1.68794	-0.036838	0.0060949	-0.245935	6.60198	-1.03044	-1.37963	6.58119	-0.0623422	0.401121	-1.02659
3.9365	16.8222	-13.5955	16.8473	12.6923	-2.55989	2.99304	0.846959	-20.9532	7.58118	11.1262	1.93003	-1.02781	-0.0558143	-38.5946	-64.2721	-3.56076	-8.85421	-22.2221	-2.76236	-0.0403842	27.5739	22.9213	-3.07189	2.06308	-3.20748	-1.22281	1.51139	-0.0344003	-0.00600076	-0.211161	6.39493	-1.12588	-1.29734	6.29079	-0.0573429	0.39039	-0.982187
3.94649	17.4925	-10.0079	16.3962	12.6528	-2.63886	2.97973	3.86352	-22.8979	8.28008	9.89958	2.05477	-1.16127	-0.0590945	-40.6923	-65.017	-2.91688	-7.8186	-23.3214	-2.30605	-0.0404754	26.6394	21.4668	-4.14675	1.83599	-3.33702	-1.14902	1.34448	-0.0324192	-0.0175166	-0.178391	6.1459	-1.2083	-1.21781	6.00094	-0.0541454	0.377515	-0.936944
3.95648	18.233	-7.27456	16.2129	12.606	-2.75476	2.99123	6.68796	-24.2098	8.78264	8.89334	2.18598	-1.27076	-0.0637473	-42.6754	-65.8633	-2.34221	-6.9384	-24.5478	-1.81919	-0.0407065	25.5408	20.0325	-5.15721	1.61917	-3.48779	-1.08186	1.19227	-0.0310199	-0.0276895	-0.148433	5.86207	-1.27058	-1.137	5.72276	-0.0522683	0.364206	-0.892217
3.96647	18.8616	-5.26762	16.159	12.5502	-2.89033	3.02178	9.28316	-24.9155	9.07389	8.13212	2.33362	-1.35718	-0.0700592	-44.4368	-66.6713	-1.86521	-6.18208	-25.9003	-1.27939	-0.0410183	24.3918	18.6733	-6.15734	1.40986	-3.65649	-1.02031	1.05566	-0.0302487	-0.0361988	-0.121434	5.55447	-1.32104	-1.05303	5.46093	-0.0512439	0.351811	-0.84822
3.97647	19.3012	-3.86338	16.1137	12.4855	-3.02662	3.06467	11.6478	-25.0915	9.16059	7.60969	2.49767	-1.42077	-0.0778598	-45.9056	-67.3545	-1.45298	-5.50609	-27.363	-0.659856	-0.0413595	23.2229	17.4038	-7.15794	1.20622	-3.84296	-0.964128	0.931364	-0.0302355	-0.0432772	-0.0969895	5.23596	-1.3687	-0.966624	5.21994	-0.0505797	0.341271	-0.805538
3.98646	19.3556	-2.99642	15.9688	12.4102	-3.14588	3.11212	13.8121	-24.7961	9.04087	7.28765	2.67211	-1.45959	-0.0867272	-46.9888	-67.8086	-1.09183	-4.88497	-28.9123	0.0605662	-0.0416821	22.1137	16.3024	-8.16424	1.00272	-4.04849	-0.911182	0.816928	-0.0311089	-0.0487954	-0.0746777	4.91474	-1.41961	-0.879137	4.99943	-0.0501677	0.332665	-0.764094
3.99645	19.0434	-2.45531	15.682	12.3286	-3.23236	3.1551	15.7795	-24.2265	8.78853	7.10399	2.84674	-1.47912	-0.0959289	-47.7842	-67.9386	-0.77081	-4.19808	-30.547	0.874485	-0.0419552	21.1797	15.439	-9.15624	0.794241	-4.2684	-0.858132	0.71302	-0.0329318	-0.0522293	-0.0544516	4.59733	-1.47664	-0.793207	4.79597	-0.050115	0.325338	-0.723604
4.00644	18.3081	-2.08887	15.23	12.2425	-3.27309	3.18407	17.5681	-23.4928	8.44887	6.99352	3.00588	-1.48086	-0.10458	-48.3125	-67.6493	-0.485389	-3.39099	-32.2269	1.7798	-0.0421755	20.4946	14.8356	-10.1109	0.578785	-4.49387	-0.8024	0.622254	-0.0358127	-0.0530642	-0.0366305	4.28452	-1.53881	-0.707567	4.60346	-0.0502857	0.319013	-0.683117
4.01643	17.1428	-2.00345	14.6224	12.1542	-3.25793	3.19283	19.2093	-22.6092	8.02673	6.88558	3.13086	-1.46224	-0.111752	-48.6102	-66.9431	-0.190495	-2.42113	-33.9119	2.76835	-0.0423516	20.06	14.514	-10.9755	0.358339	-4.71873	-0.743797	0.545613	-0.0397716	-0.0512523	-0.0215525	3.98094	-1.60538	-0.622182	4.42066	-0.0505071	0.313733	-0.642608
4.02642	15.7016	-2.27137	14.26	12.0663	-3.17904	3.1772	20.7081	-21.6193	7.56548	6.71372	3.20083	-1.42417	-0.116417	-48.7157	-65.8517	0.121433	-1.26821	-35.5644	3.80732	-0.0425329	19.7972	14.4504	-11.3957	0.141523	-4.93798	-0.685409	0.479185	-0.0431609	-0.0475755	-0.00929505	3.69761	-1.6701	-0.54011	4.25178	-0.0502341	0.309525	-0.60368
4.03641	14.0967	-2.95261	14.0441	11.9809	-3.03038	3.13422	22.0815	-20.5934	7.10995	6.43305	3.21874	-1.37353	-0.118534	-48.702	-64.469	0.463943	0.0697969	-37.1423	4.86001	-0.0426956	19.6619	14.6644	-11.5461	-0.0754273	-5.14482	-0.623327	0.424462	-0.0465331	-0.0414916	0.000245618	3.43629	-1.73713	-0.458464	4.09019	-0.0498183	0.30639	-0.56479
4.0464	12.4778	-4.11779	13.9077	11.8978	-2.81005	3.06157	23.3485	-19.5139	6.65593	6.01349	3.18654	-1.31232	-0.11814	-48.6227	-62.8562	0.881318	1.57066	-38.6181	5.91295	-0.0428641	19.5621	15.1273	-11.5205	-0.293609	-5.33993	-0.556533	0.37746	-0.0498635	-0.0333307	0.00782256	3.2032	-1.80594	-0.379261	3.93525	-0.0496643	0.303909	-0.526108
4.05639	11.0759	-5.69328	14.1202	11.8165	-2.52393	2.95795	24.5139	-18.3183	6.17879	5.44518	3.10486	-1.24	-0.115306	-48.5562	-60.9794	1.36242	3.20518	-39.9758	6.94956	-0.0430472	19.4047	15.7488	-11.098	-0.499505	-5.51337	-0.491257	0.33872	-0.0519111	-0.0241706	0.0126834	3.0117	-1.87416	-0.313511	3.79841	-0.0478652	0.301476	-0.490828
4.06639	9.9972	-7.54588	14.4456	11.7403	-2.1837	2.82596	25.5768	-17.0087	5.68603	4.73638	2.98469	-1.16082	-0.110523	-48.6023	-58.902	1.91414	4.94883	-41.1934	7.94124	-0.0432282	19.1756	16.4552	-10.5586	-0.692444	-5.65439	-0.425779	0.312057	-0.0537222	-0.013712	0.0147906	2.86173	-1.94362	-0.2611	3.67421	-0.0463197	0.298319	-0.458051
4.07638	9.17709	-9.57191	14.7442	11.6679	-1.80631	2.67114	26.5405	-15.5695	5.16254	3.90928	2.84012	-1.07715	-0.104461	-48.7078	-56.6787	2.54957	6.68572	-42.2207	8.88299	-0.0433759	18.8617	17.1932	-10.0015	-0.87952	-5.76579	-0.35845	0.2912	-0.0546552	-0.00252839	0.0155307	2.75448	-2.00955	-0.220675	3.56313	-0.0449361	0.294591	-0.427952
4.08637	8.63042	-11.6203	14.8696	11.6006	-1.41385	2.5001	27.4081	-14.0013	4.5886	2.98389	2.68814	-0.991109	-0.0979046	-48.8794	-54.361	3.25984	8.35636	-43.052	9.76609	-0.0434744	18.4477	17.8949	-9.53157	-1.06143	-5.85092	-0.291168	0.271639	-0.0542542	0.00847686	0.015802	2.68966	-2.06493	-0.188898	3.4653	-0.0436466	0.290729	-0.400555
4.09636	8.45	-13.4563	14.8843	11.5409	-1.03152	2.31976	28.1946	-12.361	3.97559	1.97818	2.54566	-0.907103	-0.0915668	-49.1409	-52.0141	3.98417	9.92944	-43.7113	10.5641	-0.0435088	17.8918	18.457	-9.10696	-1.23082	-5.91296	-0.229388	0.250295	-0.0522637	0.0180827	0.015914	2.66251	-2.10388	-0.161421	3.37568	-0.0426132	0.287007	-0.37507
4.10635	8.60112	-14.8335	14.5827	11.4914	-0.685343	2.13768	28.9246	-10.7306	3.34297	0.909832	2.42813	-0.829453	-0.0860771	-49.4889	-49.7272	4.70586	11.3758	-44.2271	11.2641	-0.0434727	17.1867	18.7725	-8.90806	-1.38791	-5.96105	-0.174985	0.2235	-0.0485403	0.0255667	0.0167908	2.6666	-2.12665	-0.139541	3.28537	-0.0417291	0.282516	-0.350369
4.11634	8.88848	-15.5989	13.8332	11.452	-0.399385	1.96229	29.6251	-9.18397	2.70929	-0.20609	2.34794	-0.761526	-0.0819279	-49.8375	-47.5825	5.42762	12.6353	-44.6153	11.8725	-0.043367	16.3863	18.7694	-9.01189	-1.53989	-6.00106	-0.124874	0.192088	-0.0428702	0.0314695	0.0188881	2.68922	-2.12691	-0.122909	3.18852	-0.0412271	0.276491	-0.325884
4.12633	9.24849	-15.789	12.9438	11.4272	-0.19133	1.80088	30.3333	-7.76044	2.06819	-1.35836	2.31072	-0.70307	-0.0793498	-50.208	-45.644	6.12175	13.7084	-44.8952	12.3702	-0.0432128	15.5863	18.4644	-9.12381	-1.6917	-6.02479	-0.0723944	0.164714	-0.0369162	0.0379852	0.0214076	2.71945	-2.09208	-0.108935	3.08807	-0.0403828	0.269136	-0.302301
4.13632	9.57657	-15.4043	11.9495	11.4189	-0.0684313	1.65798	31.0546	-6.51638	1.43404	-2.533	2.31569	-0.654073	-0.078306	-50.5901	-43.962	6.75286	14.5776	-45.0678	12.7415	-0.0430449	14.8695	17.8808	-9.23533	-1.84015	-6.02433	-0.0167232	0.147864	-0.0312566	0.0460361	0.0236659	2.75648	-2.02492	-0.102675	2.98627	-0.0396648	0.259616	-0.280553
4.14631	9.75165	-14.5125	10.8378	11.4246	-0.0280728	1.53546	31.7836	-5.49393	0.817384	-3.71985	2.35863	-0.613427	-0.0786303	-50.9687	-42.6025	7.34349	15.249	-45.1741	12.9971	-0.0428929	14.3239	17.0404	-9.33209	-1.97681	-5.99327	0.0390352	0.146956	-0.0264918	0.0558038	0.0247614	2.80131	-1.93461	-0.113518	2.88615	-0.0396454	0.246531	-0.261969
4.15631	9.71856	-13.2726	9.6417	11.4414	-0.0625468	1.43221	32.5405	-4.68879	0.203451	-4.91596	2.43326	-0.577669	-0.0800884	-51.3746	-41.6141	7.88515	15.7681	-45.276	13.1414	-0.0427725	13.9978	16.0007	-9.40704	-2.10767	-5.93953	0.0963409	0.156451	-0.0224232	0.0671364	0.0258146	2.8589	-1.83073	-0.150713	2.79497	-0.0407624	0.228936	-0.248468
4.1663	9.54367	-11.919	8.43445	11.4668	-0.161051	1.34568	33.3301	-4.07466	-0.414253	-6.11369	2.53078	-0.543863	-0.0823522	-51.8351	-41.0146	8.35881	16.1544	-45.3962	13.1766	-0.0427019	13.8678	14.8846	-9.45679	-2.23567	-5.87308	0.153728	0.170428	-0.0188333	0.0793342	0.027484	2.92834	-1.712	-0.212192	2.71077	-0.0425435	0.207029	-0.239501
4.17629	9.33244	-10.7265	7.14538	11.4972	-0.310787	1.27283	34.1462	-3.60647	-1.03323	-7.2903	2.64287	-0.510307	-0.0851428	-52.3264	-40.8101	8.80054	16.3965	-45.5319	13.1288	-0.0426943	13.8336	13.8402	-9.58035	-2.35697	-5.8015	0.206041	0.185297	-0.0148889	0.0912061	0.0295247	3.00865	-1.57437	-0.293095	2.63119	-0.0450819	0.181472	-0.234355
4.18628	9.13332	-9.82627	5.93222	11.5273	-0.498123	1.20983	34.9945	-3.25109	-1.65173	-8.41901	2.7642	-0.475923	-0.0883264	-52.8035	-40.9694	9.22351	16.4737	-45.6758	13.0208	-0.042749	13.8351	12.9281	-9.6457	-2.47629	-5.71673	0.257372	0.204782	-0.0114179	0.104026	0.0316332	3.10151	-1.4123	-0.390123	2.56407	-0.0470345	0.153691	-0.234044
4.19627	9.11951	-9.30092	4.84204	11.557	-0.709646	1.15248	35.8881	-2.98799	-2.26962	-9.47665	2.89228	-0.440117	-0.0918926	-53.3477	-41.5073	9.62469	16.4619	-45.8654	12.8456	-0.042855	13.7925	12.1751	-9.67015	-2.59653	-5.61228	0.310236	0.230607	-0.00812673	0.118412	0.0338733	3.2084	-1.22337	-0.498105	2.51105	-0.0483565	0.125053	-0.23849
4.20626	9.37332	-9.11853	3.86599	11.5844	-0.934938	1.09634	36.8323	-2.8081	-2.88817	-10.4454	3.026	-0.402443	-0.0958899	-53.9731	-42.3915	10.0038	16.4011	-46.1254	12.6074	-0.0429999	13.6327	11.5587	-9.68237	-2.71549	-5.48278	0.364842	0.2645	-0.00487076	0.13457	0.0362199	3.32873	-1.00798	-0.612129	2.46802	-0.0491388	0.0964808	-0.246656
4.21625	9.91917	-9.14801	2.93483	11.6079	-1.16764	1.03723	37.7971	-2.71697	-3.49616	-11.3062	3.16365	-0.363422	-0.100344	-54.6431	-43.553	10.3786	16.2956	-46.4549	12.3297	-0.0431678	13.3028	11.0158	-9.7223	-2.81851	-5.32823	0.41579	0.306646	-0.00144858	0.151545	0.0383116	3.46301	-0.771498	-0.730339	2.42666	-0.0497092	0.0680763	-0.256996
4.22624	10.7871	-9.20217	1.98995	11.6283	-1.4057	0.971712	38.7197	-2.73079	-4.06117	-12.0186	3.29771	-0.324177	-0.105068	-55.3165	-44.9152	10.7328	16.1304	-46.8289	12.0243	-0.0433448	12.7639	10.4774	-9.85931	-2.89078	-5.15763	0.455898	0.354776	0.00249796	0.167748	0.0396737	3.60863	-0.519804	-0.849517	2.37813	-0.0503339	0.0400381	-0.267728
4.23623	11.9599	-9.09301	1.14503	11.6463	-1.64859	0.897135	39.5655	-2.86411	-4.52882	-12.5507	3.4217	-0.288287	-0.109862	-55.9647	-46.3923	11.0454	15.8955	-47.2338	11.7028	-0.0435237	12.0216	9.87117	-10.0346	-2.92449	-4.97898	0.482479	0.406	0.00681943	0.182291	0.040367	3.75605	-0.258765	-0.962942	2.31144	-0.0517932	0.0126085	-0.276216
4.24623	13.3494	-8.75312	0.390261	11.6609	-1.89631	0.812529	40.3051	-3.11039	-4.85956	-12.8779	3.5322	-0.258999	-0.114639	-56.5332	-47.9028	11.3352	15.5822	-47.6811	11.396	-0.0436747	11.1083	9.19273	-10.2546	-2.9233	-4.8087	0.49484	0.452605	0.0129036	0.193859	0.0409634	3.89676	0.00357301	-1.06525	2.21929	-0.0549902	-0.0140126	-0.28041
4.25622	14.7169	-8.10649	-0.25157	11.6722	-2.14928	0.717417	40.9808	-3.46058	-5.00318	-13.0023	3.62926	-0.241407	-0.119357	-57.0066	-49.3284	11.599	15.1912	-48.1683	11.1253	-0.0437407	10.1436	8.47251	-10.5502	-2.89473	-4.64379	0.497956	0.496509	0.0188496	0.203407	0.041716	4.0285	0.261994	-1.15634	2.10785	-0.0586841	-0.0393233	-0.280782
4.26621	15.8934	-7.07201	-0.729138	11.6816	-2.40701	0.613161	41.6261	-3.89213	-4.92062	-12.9452	3.71265	-0.239826	-0.12391	-57.4157	-50.5517	11.8194	14.7333	-48.6658	10.9064	-0.0436836	9.24068	7.73905	-10.9405	-2.83872	-4.48498	0.489079	0.538597	0.0237833	0.210385	0.0415509	4.14398	0.511761	-1.23289	1.98313	-0.0627866	-0.0625352	-0.277651
4.2762	16.8275	-5.68306	-1.01839	11.6887	-2.66373	0.50485	42.2394	-4.35716	-4.6035	-12.7345	3.78344	-0.256328	-0.128244	-57.7325	-51.5069	12.0157	14.1983	-49.1333	10.7557	-0.0435483	8.42812	7.01852	-11.3918	-2.76349	-4.34278	0.462713	0.574875	0.0304932	0.213255	0.0388533	4.23585	0.74582	-1.29346	1.8506	-0.0674596	-0.0832704	-0.271466
4.28619	17.5286	-4.09024	-1.1449	11.6942	-2.90245	0.398967	42.8171	-4.78078	-4.08106	-12.3958	3.84609	-0.290334	-0.132457	-57.9099	-52.1982	12.1872	13.5966	-49.5259	10.6514	-0.0434067	7.70539	6.29359	-11.8888	-2.68453	-4.20825	0.425734	0.609295	0.0386079	0.213993	0.0337787	4.30329	0.960157	-1.33984	1.71388	-0.0726559	-0.101614	-0.262878
4.29618	17.9078	-2.53225	-1.18675	11.6982	-3.10114	0.30058	43.3978	-5.09624	-3.39949	-11.9711	3.90944	-0.340385	-0.136784	-57.8902	-52.6523	12.2808	12.9475	-49.815	10.5414	-0.0433021	7.10575	5.59533	-12.5016	-2.61513	-4.06415	0.39428	0.64599	0.0439802	0.215956	0.029267	4.35122	1.16355	-1.37671	1.5774	-0.0775379	-0.118131	-0.253201
4.30617	17.9912	-1.2351	-1.15781	11.6986	-3.24044	0.2116	44.0051	-5.27744	-2.59486	-11.4963	3.9778	-0.404416	-0.141275	-57.6649	-52.8965	12.2851	12.2891	-50.0023	10.4078	-0.0432675	6.62983	4.99301	-13.2074	-2.55765	-3.91385	0.370252	0.68081	0.0468087	0.218705	0.0261539	4.38427	1.36332	-1.40836	1.44581	-0.0820373	-0.133416	-0.243579
4.31616	17.6894	-0.309755	-1.06858	11.6909	-3.30728	0.130319	44.6619	-5.33955	-1.6941	-11.0032	4.055	-0.480603	-0.145962	-57.1904	-52.9033	12.1962	11.6093	-50.0759	10.2684	-0.0433214	6.32048	4.51494	-13.9481	-2.50729	-3.75917	0.352351	0.711907	0.0473214	0.221526	0.0244483	4.40855	1.56319	-1.43919	1.32544	-0.0865205	-0.147859	-0.235299
4.32615	17.0252	0.166043	-0.87708	11.6741	-3.29556	0.0539264	45.385	-5.3104	-0.750059	-10.5103	4.14108	-0.563713	-0.1508	-56.4948	-52.6999	11.9974	10.913	-50.0208	10.1127	-0.0434385	6.18628	4.18584	-14.6276	-2.45657	-3.60863	0.335221	0.734628	0.0465509	0.222767	0.0234008	4.42639	1.76245	-1.47125	1.22056	-0.0920115	-0.161682	-0.229036
4.33615	16.0307	0.231185	-0.578909	11.6469	-3.20791	-0.0206819	46.2005	-5.24875	0.211428	-10.0358	4.2375	-0.651182	-0.155788	-55.6145	-52.349	11.6789	10.2011	-49.8426	9.92502	-0.0435676	6.2029	3.99157	-15.1992	-2.40235	-3.46312	0.316212	0.747383	0.045475	0.221625	0.0224513	4.43964	1.95882	-1.5065	1.13703	-0.0984768	-0.17476	-0.225832
4.34614	14.7034	0.0554112	-0.152056	11.608	-3.05663	-0.0975563	47.1692	-5.24069	1.19279	-9.59524	4.34743	-0.743232	-0.160986	-54.5952	-51.8735	11.2584	9.46651	-49.5604	9.7172	-0.0436547	6.31365	3.90276	-15.5944	-2.34076	-3.31148	0.295449	0.754203	0.0444918	0.218623	0.0212467	4.44721	2.15034	-1.54237	1.07708	-0.10541	-0.186345	-0.225793
4.35613	13.0939	-0.170368	0.444203	11.5593	-2.86283	-0.179724	48.3507	-5.39064	2.23071	-9.18351	4.47547	-0.843363	-0.166554	-53.5159	-51.3201	10.7526	8.69839	-49.1839	9.49244	-0.0436455	6.45132	3.91247	-15.7565	-2.26839	-3.14758	0.274096	0.757764	0.0435549	0.214335	0.0199467	4.44773	2.33644	-1.5749	1.04008	-0.11219	-0.195627	-0.228506
4.36612	11.2554	-0.26727	1.24738	11.5045	-2.6526	-0.267153	49.764	-5.83429	3.40822	-8.75797	4.62294	-0.958158	-0.172591	-52.4143	-50.8048	10.1526	7.86516	-48.7122	9.23131	-0.0435092	6.56476	4.00421	-15.6505	-2.18591	-2.97321	0.2525	0.757916	0.0424697	0.208856	0.0188035	4.43962	2.51552	-1.60129	1.02347	-0.118322	-0.202159	-0.233376
4.37611	9.2504	-0.138231	2.20651	11.4476	-2.45501	-0.35763	51.3883	-6.70638	4.79957	-8.23885	4.78708	-1.09217	-0.179164	-51.3044	-50.4914	9.49526	6.93805	-48.1584	8.92562	-0.0432478	6.6231	4.1681	-15.2441	-2.09977	-2.78987	0.232235	0.755053	0.0415497	0.202569	0.0182759	4.42214	2.68374	-1.62007	1.02167	-0.123196	-0.20589	-0.239348
4.3861	6.84155	0.465551	2.96474	11.392	-2.29988	-0.449212	53.2008	-8.12057	6.44244	-7.53497	4.96492	-1.24678	-0.186432	-50.1604	-50.4504	8.80524	5.87325	-47.5384	8.57957	-0.0428455	6.69023	4.32904	-14.7647	-2.01125	-2.5829	0.226123	0.751955	0.0385132	0.196375	0.0216949	4.39453	2.84167	-1.6272	1.02885	-0.125682	-0.206041	-0.245678
4.39609	4.16834	1.73831	3.51214	11.3431	-2.21489	-0.541662	55.1559	-10.2009	8.38106	-6.54109	5.15346	-1.42474	-0.194588	-49.0378	-50.731	8.0865	4.68768	-46.8915	8.20266	-0.0422676	6.72149	4.486	-14.1439	-1.90169	-2.36242	0.224389	0.750792	0.0345979	0.189707	0.0264555	4.35259	2.98381	-1.6174	1.03699	-0.124624	-0.202078	-0.250485
4.40608	1.43445	3.47922	3.84104	11.3034	-2.22332	-0.634629	57.1559	-12.828	10.4212	-5.17024	5.35073	-1.60976	-0.204112	-47.9083	-51.274	7.33914	3.37407	-46.2544	7.8205	-0.0414782	6.69665	4.6998	-13.2738	-1.75208	-2.14415	0.216995	0.75385	0.0303849	0.182598	0.0299047	4.29091	3.11128	-1.58076	1.03751	-0.117777	-0.192841	-0.251203
4.41607	-1.11132	5.58767	3.87436	11.2758	-2.34231	-0.727242	59.0008	-15.8979	12.3904	-3.3402	5.54945	-1.78739	-0.215246	-46.7238	-52.0175	6.59298	1.92763	-45.6492	7.46497	-0.0404568	6.57089	4.98771	-12.1001	-1.54632	-1.93394	0.196462	0.766055	0.0263994	0.175925	0.0297703	4.20397	3.22233	-1.50668	1.02421	-0.102414	-0.176902	-0.245571
4.42607	-2.87704	7.44031	3.66857	11.2623	-2.57973	-0.817994	60.3415	-18.8613	13.7991	-1.0275	5.73973	-1.91509	-0.228369	-45.4192	-52.8497	5.84814	0.355952	-45.094	7.16461	-0.0392765	6.28848	5.3793	-10.5936	-1.27592	-1.74371	0.157112	0.788848	0.0230556	0.170453	0.0244566	4.11219	3.31033	-1.41325	0.999507	-0.078491	-0.15735	-0.234956
4.43606	-3.55273	8.8573	3.1101	11.2629	-2.93188	-0.905367	60.7926	-21.2244	14.316	1.70855	5.90867	-1.96157	-0.243342	-43.9165	-53.6228	5.10132	-1.33214	-44.604	6.95222	-0.0380632	5.85058	5.73983	-9.04002	-0.937101	-1.57061	0.108077	0.819763	0.0182197	0.166121	0.0162377	4.05045	3.35914	-1.34016	0.970065	-0.0558697	-0.141179	-0.224425
4.44605	-2.23896	8.78807	2.73411	11.2745	-3.38045	-0.987512	59.8629	-21.8812	13.3961	4.71964	6.04127	-1.8689	-0.259997	-42.1146	-54.1441	4.32449	-3.13749	-44.1687	6.84513	-0.0370054	5.20498	6.13526	-7.44232	-0.508453	-1.45477	0.0383099	0.847664	0.0116508	0.161231	0.00229147	4.0503	3.36507	-1.31665	0.941926	-0.0385952	-0.132929	-0.217498
4.45604	1.78491	6.94179	3.12576	11.2932	-3.89615	-1.06303	57.0702	-20.2857	11.0753	7.84426	6.11389	-1.62083	-0.27705	-39.9845	-54.3709	3.50084	-5.0069	-43.7976	6.85241	-0.0362143	4.3145	6.5478	-5.76058	0.0301284	-1.40562	-0.0594288	0.872156	0.00337925	0.156397	-0.020021	4.12247	3.31205	-1.35324	0.908713	-0.0270274	-0.134494	-0.213896
4.46603	9.18132	2.93033	4.9971	11.3135	-4.4459	-1.13091	51.9864	-15.8598	7.52011	10.9264	6.09553	-1.20059	-0.29276	-37.5272	-54.3009	2.61303	-6.88552	-43.491	6.98107	-0.0357682	3.21369	7.00381	-3.93186	0.675073	-1.41768	-0.184469	0.896413	-0.00561222	0.153781	-0.0513732	4.27114	3.19296	-1.44793	0.863659	-0.0202044	-0.14576	-0.211965
4.47602	19.7489	-2.77883	8.70738	11.3274	-4.99631	-1.19182	44.5671	-9.01735	3.43372	13.8233	5.95185	-0.643153	-0.304475	-34.7751	-53.9998	1.65326	-8.75042	-43.2209	7.25133	-0.0357385	2.03419	7.52782	-1.8522	1.38587	-1.46418	-0.330569	0.927326	-0.0132257	0.156797	-0.0905821	4.49216	3.00249	-1.59248	0.809145	-0.0172995	-0.165247	-0.21057
4.48601	32.4331	-8.62813	13.8847	11.3291	-5.51611	-1.24819	35.0776	-1.49752	-0.173076	16.5591	5.63943	-0.0363592	-0.308744	-31.8564	-53.6301	0.631819	-10.5576	-42.9603	7.67316	-0.0361611	1.00374	8.03955	0.641196	2.08834	-1.48724	-0.483375	0.980174	-0.017239	0.170194	-0.133167	4.77472	2.73153	-1.781	0.758496	-0.018093	-0.19149	-0.210151
4.496	45.3022	-12.4141	19.157	11.3134	-5.97778	-1.30366	24.0564	4.47182	-2.57657	19.2902	5.10559	0.523772	-0.301917	-28.9509	-53.2771	-0.450328	-12.2474	-42.714	8.24599	-0.0369919	0.476095	8.16042	3.16956	2.68866	-1.41765	-0.599432	1.05505	-0.019262	0.192311	-0.166326	5.09877	2.38017	-2.00696	0.729287	-0.0229445	-0.222462	-0.213014
4.50599	56.0236	-12.4446	22.9565	11.2762	-6.35614	-1.36087	12.7331	5.9637	-3.36236	22.1263	4.32455	0.901628	-0.280867	-26.317	-53.1794	-1.55489	-13.733	-42.4968	8.95546	-0.0381299	0.654633	7.82336	5.92851	3.11617	-1.2524	-0.684481	1.15727	-0.014803	0.22452	-0.189551	5.43928	1.94891	-2.25995	0.738858	-0.0322387	-0.256295	-0.219837
4.51599	62.8332	-7.96772	23.6472	11.214	-6.62938	-1.42165	1.98198	1.49885	-2.86919	25.2035	3.30037	1.0228	-0.24468	-23.9497	-53.3298	-2.67367	-15.0303	-42.3015	9.77129	-0.039456	1.63136	6.89952	8.60373	3.31641	-0.975054	-0.709774	1.27606	-0.00692955	0.260471	-0.193382	5.77907	1.45871	-2.52958	0.787944	-0.045304	-0.291691	-0.230379
4.52598	65.0968	-0.455845	21.1246	11.1253	-6.78026	-1.48794	-7.26542	-8.12252	-1.92926	28.4513	2.09039	0.903159	-0.19569	-21.851	-53.5727	-3.79843	-16.1457	-42.1174	10.6612	-0.0408599	3.39817	5.6003	11.1606	3.31837	-0.669047	-0.68966	1.38557	0.00362652	0.293601	-0.181412	6.09955	0.94921	-2.80248	0.871068	-0.0620988	-0.327702	-0.24331
4.53597	62.631	7.79176	16.1984	11.0086	-6.79697	-1.56043	-13.9625	-20.882	-1.25677	31.5052	0.792651	0.600946	-0.138197	-19.9972	-53.6714	-4.92707	-17.0925	-41.9399	11.5887	-0.0422141	5.87304	4.27578	13.6062	3.17499	-0.438083	-0.646341	1.45653	0.0163321	0.31865	-0.160348	6.37918	0.464351	-3.06684	0.977691	-0.0835776	-0.364076	-0.257201
4.54596	56.7433	14.1962	10.6953	10.8642	-6.67519	-1.64043	-17.8718	-33.66	-1.18536	33.8996	-0.494006	0.230612	-0.0774394	-18.2376	-53.3196	-6.06787	-17.9042	-41.7694	12.5227	-0.0434286	8.78579	3.33293	16.0174	2.94764	-0.382932	-0.605389	1.46676	0.0311965	0.333556	-0.13768	6.61427	0.0346051	-3.32323	1.08915	-0.111901	-0.402585	-0.270471
4.55595	49.3621	17.2857	6.49189	10.6951	-6.41996	-1.72822	-19.4628	-43.3021	-1.56333	35.1467	-1.67597	-0.0744882	-0.0189428	-16.3338	-52.1792	-7.22738	-18.6495	-41.6026	13.4257	-0.0444318	11.8112	2.84508	18.1198	2.69518	-0.526719	-0.548543	1.38659	0.0426196	0.328565	-0.112736	6.79851	-0.323964	-3.55947	1.17117	-0.142229	-0.442014	-0.278644
4.56594	42.3839	16.1657	5.3041	10.5054	-6.0478	-1.82348	-19.2805	-47.6269	-1.95885	34.7762	-2.65092	-0.216971	0.0317728	-14.0534	-50.0853	-8.41602	-19.4131	-41.4272	14.2745	-0.0451613	14.6205	2.9928	19.9728	2.54602	-0.893578	-0.493537	1.21067	0.0490023	0.30374	-0.0951113	6.90559	-0.61368	-3.72762	1.17571	-0.162269	-0.474489	-0.271464
4.57593	38.4868	12.3297	7.25129	10.3003	-5.58406	-1.92566	-19.8682	-46.6717	-1.99114	33.7181	-3.41978	-0.148588	0.0714092	-11.143	-47.1573	-9.61916	-20.2744	-41.2346	15.06	-0.0456951	16.932	3.58328	21.4658	2.59026	-1.45423	-0.46189	0.96243	0.0494311	0.266203	-0.0935906	6.9599	-0.87031	-3.83462	1.09634	-0.170938	-0.499228	-0.249493
4.58592	39.6922	8.29608	11.4916	10.0861	-5.05838	-2.03408	-23.9672	-42.0785	-1.50351	33.3516	-4.01864	0.109034	0.0984727	-7.52749	-43.7249	-10.8021	-21.2528	-41.0158	15.7746	-0.0461595	18.7234	4.16194	22.6794	2.82681	-2.13572	-0.457197	0.680037	0.0453774	0.224319	-0.108632	7.01533	-1.13092	-3.92352	0.963882	-0.172729	-0.520943	-0.22026
4.59591	40.2559	2.85838	18.4236	9.86979	-4.49914	-2.14808	-25.7811	-33.5525	-0.603783	31.5674	-4.22929	0.451093	0.108846	-3.80444	-38.957	-11.9934	-22.1242	-40.8013	16.4431	-0.0462472	20.4487	5.03112	23.6842	3.18634	-2.92723	-0.473617	0.365453	0.0379527	0.179221	-0.136857	6.99452	-1.35649	-3.96486	0.800033	-0.168994	-0.536199	-0.186338
4.60591	39.5243	-2.25986	26.4832	9.65722	-3.92998	-2.26667	-25.5627	-23.2446	0.492957	28.737	-4.05608	0.793534	0.103145	-0.0898101	-33.127	-13.1806	-22.8372	-40.6066	17.0726	-0.0460351	22.1201	5.74572	24.4851	3.61887	-3.75283	-0.506376	0.0467507	0.0285808	0.134935	-0.174581	6.90822	-1.58011	-3.96911	0.623401	-0.161639	-0.545849	-0.150887
4.6159	41.2217	-3.9617	33.2327	9.45571	-3.36706	-2.38762	-28.4517	-14.4942	1.60332	27.0907	-3.69005	1.08509	0.086307	3.82857	-27.5627	-14.2995	-23.4702	-40.4179	17.6379	-0.0459055	23.6548	5.54231	25.1656	4.07239	-4.50013	-0.538291	-0.23277	0.0212961	0.0966035	-0.215031	6.85148	-1.86139	-3.98673	0.459707	-0.154175	-0.55568	-0.118913
4.62589	42.0671	-3.0904	37.7462	9.27076	-2.81856	-2.50699	-31.6006	-8.22388	2.49926	25.4835	-3.12417	1.24165	0.0621641	7.67138	-22.427	-15.3353	-23.9345	-40.2415	18.1345	-0.0457716	25.1628	4.60943	25.7042	4.50358	-5.16096	-0.573907	-0.472402	0.0144438	0.0650105	-0.256671	6.79472	-2.17249	-3.99985	0.323802	-0.147269	-0.563092	-0.0918653
4.63588	40.1447	-0.44778	39.2233	9.10655	-2.28817	-2.61885	-33.3236	-5.25246	3.0693	23.3162	-2.40617	1.21118	0.0353067	11.2169	-17.9598	-16.2713	-24.1858	-40.0805	18.5357	-0.0455223	26.6072	3.24428	26.0532	4.87714	-5.74369	-0.611981	-0.683929	0.00727352	0.0378067	-0.297595	6.71578	-2.47649	-3.99124	0.224219	-0.141159	-0.565592	-0.0705795
4.64587	35.4548	3.43025	37.4541	8.96432	-1.77832	-2.71871	-33.4942	-5.90556	3.3105	20.7455	-1.64105	0.991166	0.0103537	14.2989	-14.3688	-17.1068	-24.2091	-39.9478	18.8243	-0.0451118	27.8092	1.75746	26.1646	5.17714	-6.26401	-0.652368	-0.879753	-0.000920264	0.0126596	-0.336724	6.60389	-2.74237	-3.94794	0.157929	-0.135286	-0.561351	-0.054239
4.65586	27.2599	7.4268	32.7619	8.84351	-1.29117	-2.8032	-31.031	-9.91131	3.19193	17.808	-0.90828	0.599358	-0.00947075	16.5896	-11.6791	-17.8328	-23.967	-39.8581	18.9972	-0.0444075	28.7456	0.464304	25.9762	5.39956	-6.7518	-0.695491	-1.07723	-0.0108176	-0.0133976	-0.373899	6.41833	-2.92872	-3.84519	0.119447	-0.128718	-0.547256	-0.0414652
4.66585	18.7227	10.3808	27.2152	8.74002	-0.829201	-2.86956	-27.4248	-14.8359	2.9259	14.7261	-0.262553	0.164954	-0.0240406	18.3255	-9.80277	-18.4622	-23.5921	-39.7974	19.0562	-0.0436573	29.002	-0.377957	25.5309	5.58103	-7.23666	-0.743671	-1.28133	-0.0224863	-0.0407931	-0.409706	6.21313	-3.03814	-3.71539	0.0950072	-0.122343	-0.528392	-0.031695
4.67584	10.9893	11.5229	22.0663	8.64867	-0.396483	-2.91705	-23.0142	-19.2732	2.53045	11.6126	0.273106	-0.237371	-0.0337331	19.5721	-8.61074	-19.0221	-23.1495	-39.7849	19.015	-0.0429554	28.5358	-0.656818	24.8937	5.74093	-7.7254	-0.796824	-1.49151	-0.0357585	-0.069336	-0.443985	6.00492	-3.06759	-3.57177	0.0814614	-0.116527	-0.506923	-0.0249649
4.68583	4.87683	10.529	18.1538	8.56587	0.00167252	-2.94587	-18.2513	-22.2473	1.97868	8.59963	0.695739	-0.55514	-0.0395748	20.4431	-7.99805	-19.5297	-22.6929	-39.8485	18.8849	-0.0423755	27.4419	-0.384862	24.1469	5.89602	-8.20832	-0.855033	-1.69997	-0.0504104	-0.0975601	-0.47647	5.80978	-3.01769	-3.42405	0.080556	-0.111579	-0.484149	-0.0216578
4.69583	0.733616	7.61708	15.7978	8.48868	0.358715	-2.95831	-13.6344	-23.3509	1.24804	5.85935	1.01201	-0.763468	-0.0427564	21.0969	-7.82948	-19.9904	-22.2932	-39.9957	18.6908	-0.0419849	25.8931	0.330448	23.3512	6.05316	-8.65923	-0.919821	-1.89376	-0.0666246	-0.123216	-0.506847	5.64012	-2.90029	-3.28141	0.0918246	-0.108005	-0.461477	-0.0215667
4.70582	-1.46377	3.63491	14.8172	8.41638	0.66757	-2.95745	-9.65095	-22.7248	0.369655	3.59324	1.23275	-0.863311	-0.0443746	21.6537	-7.94774	-20.4047	-22.0028	-40.2232	18.4538	-0.0418271	24.0286	1.24205	22.4256	6.19372	-9.03543	-0.975847	-2.06032	-0.0810513	-0.145514	-0.53203	5.50272	-2.73354	-3.15169	0.115568	-0.104936	-0.439951	-0.0248156
4.71581	-2.18162	-0.480107	14.6682	8.35047	0.921553	-2.94668	-6.58803	-20.9831	-0.581529	1.96043	1.37082	-0.879167	-0.0451249	22.2082	-8.2752	-20.7774	-21.8381	-40.5296	18.1838	-0.0419132	22.0234	2.15833	21.3598	6.31888	-9.29448	-1.02574	-2.1834	-0.0940043	-0.161771	-0.552152	5.39492	-2.53018	-3.0326	0.152391	-0.102219	-0.419166	-0.0309409
4.7258	-1.96291	-3.73027	14.7408	8.29302	1.11547	-2.9295	-4.55628	-18.8992	-1.47909	1.05677	1.43812	-0.84472	-0.045359	22.7726	-8.73924	-21.0895	-21.7837	-40.9149	17.896	-0.0421841	19.9698	2.85737	20.1274	6.40678	-9.38992	-1.05828	-2.24971	-0.103073	-0.170951	-0.564546	5.31175	-2.30283	-2.9242	0.201747	-0.100127	-0.399371	-0.0395961
4.73579	-1.43097	-5.39768	14.4524	8.24579	1.24663	-2.90869	-3.43176	-17.2275	-2.20221	0.880767	1.44357	-0.79542	-0.0449865	23.3001	-9.30722	-21.3139	-21.7999	-41.3686	17.6013	-0.0425384	17.9183	3.20179	18.7076	6.44469	-9.29744	-1.0715	-2.25128	-0.107788	-0.172015	-0.568532	5.24527	-2.06344	-2.8268	0.26427	-0.099018	-0.380882	-0.0508211
4.74578	-1.02195	-5.06388	13.4731	8.21259	1.31428	-2.8863	-2.95168	-16.4801	-2.66451	1.347	1.39284	-0.757418	-0.04368	23.6664	-9.97923	-21.4511	-21.8214	-41.8745	17.2885	-0.0429031	15.849	3.10438	17.0452	6.42666	-9.01572	-1.07014	-2.18717	-0.109167	-0.1645	-0.565052	5.18563	-1.81618	-2.73726	0.342898	-0.0986048	-0.363202	-0.0651841
4.75577	-0.784719	-2.68056	11.8548	8.19727	1.31878	-2.86369	-2.8874	-16.7994	-2.82653	2.32532	1.28847	-0.741277	-0.0410814	23.7293	-10.7559	-21.5027	-21.7849	-42.4077	16.9482	-0.0432334	13.7351	2.55546	15.1781	6.34146	-8.56159	-1.05407	-2.06393	-0.107394	-0.149543	-0.554019	5.12868	-1.57119	-2.65864	0.437253	-0.0992968	-0.347093	-0.0828197
4.76576	-0.577213	1.46695	9.81471	8.20176	1.26291	-2.83995	-3.07225	-18.0244	-2.70587	3.65714	1.13241	-0.74439	-0.0369112	23.3833	-11.6527	-21.4373	-21.6523	-42.9373	16.5769	-0.0435135	11.5894	1.61006	13.1849	6.18121	-7.97199	-1.02327	-1.89454	-0.102734	-0.129165	-0.535613	5.07106	-1.33134	-2.58999	0.545658	-0.101146	-0.332635	-0.103358
4.77575	-0.102226	6.73345	7.76263	8.22744	1.15331	-2.8134	-3.39031	-19.7722	-2.36538	5.17182	0.929687	-0.755036	-0.0311186	22.5702	-12.6899	-21.2496	-21.3953	-43.4355	16.1554	-0.0437485	9.47311	0.432327	11.2341	5.95921	-7.30142	-0.987053	-1.69462	-0.0973311	-0.104988	-0.511932	5.00617	-1.09313	-2.52203	0.661827	-0.104096	-0.318672	-0.12501
4.78575	1.03953	12.4635	6.09503	8.27664	0.99908	-2.78146	-3.76186	-21.5784	-1.88983	6.70663	0.690605	-0.757963	-0.0239534	21.2453	-13.9147	-20.9594	-20.9962	-43.8639	15.6499	-0.0439369	7.3744	-0.84644	9.3728	5.68334	-6.6017	-0.942566	-1.48159	-0.0905684	-0.0796376	-0.48359	4.93059	-0.855401	-2.45104	0.780453	-0.107139	-0.304735	-0.146793
4.79574	3.16652	17.8923	5.10971	8.34918	0.81015	-2.74105	-4.10726	-22.9802	-1.36795	8.12573	0.432156	-0.738896	-0.0160092	19.4229	-15.4153	-20.5499	-20.4686	-44.1935	15.0537	-0.0440728	5.29494	-2.05559	7.66675	5.36981	-5.91806	-0.891041	-1.2697	-0.0826454	-0.0550005	-0.451829	4.84433	-0.622907	-2.37793	0.890335	-0.109578	-0.291407	-0.166807
4.80573	6.32083	22.3729	4.92654	8.44242	0.596289	-2.69003	-4.32708	-23.6497	-0.869783	9.31815	0.17914	-0.690266	-0.00819303	17.1939	-17.2622	-19.9998	-19.8608	-44.402	14.3789	-0.0441494	3.27395	-3.06721	6.16159	5.03674	-5.28497	-0.835145	-1.06971	-0.0740085	-0.0323482	-0.418126	4.75085	-0.403876	-2.30774	0.975956	-0.110946	-0.280202	-0.1825
4.81572	10.4191	25.4488	5.5471	8.5546	0.366458	-2.62797	-4.34951	-23.4092	-0.431853	10.2121	-0.0420965	-0.611	-0.00149811	14.6805	-19.4799	-19.3148	-19.2145	-44.4855	13.6301	-0.0441996	1.34117	-3.79166	4.87566	4.70646	-4.72648	-0.778944	-0.888842	-0.0652708	-0.012332	-0.384251	4.65458	-0.202124	-2.24055	1.02869	-0.110557	-0.271242	-0.192262
4.82571	15.1869	26.9423	6.81652	8.6827	0.127921	-2.55557	-4.16051	-22.257	-0.0645528	10.7883	-0.206987	-0.506074	0.00311598	12.0529	-22.0525	-18.5076	-18.5809	-44.4553	12.8222	-0.0442551	-0.447566	-4.20715	3.80372	4.39121	-4.24995	-0.725119	-0.729586	-0.0568189	0.00489918	-0.351282	4.55591	-0.0181664	-2.16949	1.04668	-0.107377	-0.263082	-0.195175
4.8357	20.2349	26.9255	8.45703	8.82261	-0.114738	-2.47395	-3.81049	-20.3273	0.241616	11.0771	-0.298661	-0.383473	0.00494892	9.46827	-24.9671	-17.5726	-18.0059	-44.341	11.9863	-0.0442864	-1.99038	-4.36697	2.92032	4.09686	-3.84755	-0.675524	-0.588931	-0.0488083	0.0200505	-0.319876	4.45249	0.151106	-2.08436	1.03696	-0.100366	-0.253317	-0.19156
4.84569	25.1837	25.6484	10.2251	8.97011	-0.358672	-2.38543	-3.34647	-17.8591	0.512183	11.1155	-0.30583	-0.254829	0.00357969	7.0449	-28.1611	-16.5253	-17.5265	-44.1734	11.1538	-0.0442796	-3.19526	-4.35631	2.23567	3.83103	-3.503	-0.633368	-0.459734	-0.041571	0.0346152	-0.290676	4.34917	0.308092	-1.98395	1.01357	-0.0915848	-0.241019	-0.183408
4.85568	29.7806	23.6234	11.8662	9.12178	-0.60133	-2.29335	-2.87164	-15.1264	0.778413	10.9635	-0.234021	-0.130391	-0.000735903	4.87412	-31.4942	-15.398	-17.1625	-43.9821	10.3504	-0.0442565	-4.0737	-4.30109	1.67533	3.60167	-3.19602	-0.600004	-0.334554	-0.0348655	0.0499901	-0.264344	4.27347	0.457541	-1.89472	1.01179	-0.0837198	-0.22877	-0.178368
4.86567	33.4436	21.3434	13.0993	9.27297	-0.841002	-2.20014	-2.18088	-12.497	1.03821	10.6463	-0.0930532	-0.0258385	-0.00736941	2.9578	-34.809	-14.2059	-16.9178	-43.7976	9.61692	-0.0442085	-4.59994	-4.32409	1.17622	3.40034	-2.91135	-0.575328	-0.208448	-0.0284311	0.0669985	-0.240795	4.2282	0.590822	-1.82512	1.0409	-0.0792915	-0.217613	-0.178609
4.87567	35.7728	19.1992	13.7861	9.42	-1.07651	-2.10758	-1.01877	-10.2802	1.27966	10.1571	0.104631	0.0459304	-0.0155388	1.21349	-37.9738	-12.9789	-16.7721	-43.6462	8.98347	-0.0441248	-4.79409	-4.50678	0.701179	3.20529	-2.64372	-0.557989	-0.0801324	-0.0221052	0.08561	-0.219154	4.20118	0.696907	-1.76829	1.09299	-0.0782799	-0.20679	-0.182396
4.88566	36.7289	17.4478	13.9389	9.56117	-1.30527	-2.01626	0.687735	-8.59409	1.49925	9.51236	0.34207	0.0824577	-0.024487	-0.453833	-40.9129	-11.7517	-16.679	-43.5493	8.45452	-0.0439925	-4.70445	-4.88523	0.207258	2.99339	-2.39273	-0.546254	0.0509404	-0.0157379	0.105643	-0.19842	4.1797	0.772821	-1.712	1.15888	-0.0795552	-0.19459	-0.187511
4.89565	35.8719	16.1474	13.5297	9.69503	-1.52301	-1.92478	3.30074	-7.636	1.66541	8.7156	0.606354	0.0786855	-0.0335465	-2.23387	-43.6572	-10.5202	-16.5693	-43.5195	8.02937	-0.0437482	-4.24022	-5.46242	-0.293959	2.72872	-2.16543	-0.535072	0.183409	-0.00887136	0.126479	-0.176615	4.14112	0.828753	-1.64283	1.24323	-0.0820139	-0.178803	-0.19408
4.90564	33.8798	15.1531	12.853	9.82076	-1.7254	-1.83131	6.53432	-7.12876	1.77662	7.81256	0.882603	0.0495781	-0.0423806	-4.16161	-46.2298	-9.28012	-16.4359	-43.545	7.70541	-0.0434264	-3.55189	-6.14818	-0.765654	2.41282	-1.96784	-0.522417	0.318388	-0.00112128	0.148282	-0.153235	4.09018	0.869398	-1.5618	1.34611	-0.0850003	-0.159405	-0.202333
4.91563	31.3075	14.1346	12.1597	9.93939	-1.90742	-1.73508	10.1551	-6.86664	1.83187	6.82919	1.16142	0.00503967	-0.050777	-6.25235	-48.6956	-8.05212	-16.2585	-43.6086	7.46955	-0.0430472	-2.72587	-6.79321	-1.11234	2.0543	-1.80725	-0.50552	0.455067	0.00791287	0.170805	-0.127957	4.03288	0.90128	-1.47461	1.4671	-0.0880029	-0.13747	-0.212581
4.92562	28.542	12.8467	11.5829	10.0529	-2.06369	-1.63594	13.9637	-6.70422	1.83469	5.78962	1.43668	-0.0476905	-0.0586274	-8.46509	-51.1299	-6.85421	-16.0157	-43.6878	7.30106	-0.042614	-1.83032	-7.29671	-1.27235	1.66619	-1.67437	-0.482423	0.595448	0.0183398	0.194089	-0.101119	3.97702	0.929029	-1.38794	1.60801	-0.0903309	-0.113975	-0.225603
4.93561	25.8298	11.3375	11.1236	10.1627	-2.19011	-1.53399	17.7903	-6.56688	1.7929	4.72899	1.70154	-0.103201	-0.0657892	-10.7187	-53.526	-5.69402	-15.7006	-43.7668	7.18913	-0.0421398	-0.983768	-7.63825	-1.26056	1.27225	-1.54634	-0.453179	0.743978	0.0298489	0.218786	-0.074339	3.93049	0.946787	-1.3091	1.76878	-0.0918318	-0.0898592	-0.242082
4.9456	23.3171	9.65056	10.767	10.2729	-2.28376	-1.42808	21.5009	-6.42009	1.71866	3.67605	1.95277	-0.158796	-0.072257	-12.989	-55.8671	-4.5847	-15.284	-43.8322	7.11321	-0.0416905	-0.209497	-7.78524	-1.11123	0.911314	-1.41639	-0.420972	0.895893	0.041207	0.244185	-0.050916	3.90204	0.952412	-1.24381	1.94972	-0.0925214	-0.0657723	-0.26257
4.9556	20.9523	7.78843	10.4702	10.387	-2.34163	-1.31688	25.0639	-6.26001	1.61896	2.61947	2.19305	-0.214708	-0.0781716	-15.2769	-58.1454	-3.54402	-14.7367	-43.8632	7.04963	-0.0413006	0.557574	-7.72424	-0.875207	0.620662	-1.29028	-0.389263	1.03932	0.0503949	0.268003	-0.0342887	3.89865	0.95159	-1.19633	2.15245	-0.0927523	-0.0422302	-0.287746
4.96559	18.6208	5.73985	10.1511	10.5059	-2.35836	-1.19896	28.4991	-6.08504	1.49487	1.53613	2.4252	-0.271139	-0.0836507	-17.5491	-60.3728	-2.56709	-14.0457	-43.8532	6.98173	-0.0409562	1.35215	-7.45903	-0.61236	0.420259	-1.17895	-0.357435	1.1593	0.0550267	0.286544	-0.0258535	3.92784	0.955081	-1.17014	2.376	-0.0931298	-0.0198388	-0.317864
4.97558	16.2038	3.61624	9.70728	10.6273	-2.3307	-1.07495	31.8303	-5.92465	1.34878	0.41612	2.64829	-0.328033	-0.0886808	-19.7759	-62.5185	-1.66394	-13.2092	-43.8104	6.90369	-0.0406506	2.19415	-7.02953	-0.426773	0.288094	-1.09235	-0.316332	1.24443	0.054634	0.296267	-0.0228829	3.9912	0.969057	-1.16133	2.61117	-0.0940759	0.00164944	-0.351272
4.98557	13.6893	1.62053	9.05499	10.7492	-2.26181	-0.947154	35.0765	-5.8249	1.18482	-0.740961	2.85919	-0.384873	-0.093169	-21.9439	-64.5264	-0.858371	-12.2323	-43.7507	6.82061	-0.0403961	3.02409	-6.48221	-0.433575	0.16629	-1.03113	-0.251273	1.29106	0.0498196	0.295499	-0.0188313	4.08262	0.987417	-1.15678	2.83974	-0.0937787	0.0239127	-0.383952
4.99556	11.3341	-0.512428	8.6194	10.8684	-2.16021	-0.817623	38.2564	-5.76506	0.998323	-1.94301	3.05958	-0.441107	-0.0972018	-24.0586	-66.4067	-0.160274	-11.1421	-43.6793	6.74542	-0.0402045	3.71123	-5.69194	-0.240746	0.0259365	-1.03782	-0.19121	1.31799	0.046216	0.293772	-0.0159717	4.19897	1.00507	-1.15381	3.05689	-0.0916935	0.0471284	-0.414162
5.00555	8.92843	-2.54346	8.20661	10.9816	-2.03816	-0.687928	41.3891	-5.75419	0.780109	-3.20898	3.25034	-0.495657	-0.100826	-26.093	-68.1237	0.434571	-9.9936	-43.5984	6.69293	-0.0400608	4.37039	-4.79835	-0.0560499	-0.116471	-1.07325	-0.124201	1.32452	0.0421217	0.288763	-0.0122849	4.35007	1.0368	-1.15939	3.26691	-0.0881115	0.0702608	-0.443612
5.01554	6.44845	-4.31426	7.64485	11.0871	-1.90977	-0.558466	44.4459	-5.77218	0.512238	-4.53029	3.42694	-0.545362	-0.103928	-28.0326	-69.6751	0.918321	-8.82775	-43.5169	6.65786	-0.0399553	5.02514	-3.91333	-0.0900277	-0.301324	-1.11418	-0.0330293	1.31085	0.0375874	0.2801	-0.00196099	4.54506	1.08828	-1.17922	3.473	-0.0834312	0.0925804	-0.473628
5.02553	4.32592	-6.16712	7.29008	11.1843	-1.78841	-0.429192	47.3549	-5.72927	0.171347	-5.87719	3.58496	-0.58639	-0.106442	-29.9228	-71.0944	1.30423	-7.65511	-43.4484	6.63504	-0.0399075	5.53676	-2.93103	-0.0236514	-0.542499	-1.18182	0.0565089	1.29434	0.0376586	0.275382	0.00977142	4.77908	1.15936	-1.21484	3.67952	-0.0796549	0.113561	-0.504836
5.03552	2.68585	-7.90999	7.02958	11.2736	-1.68275	-0.299982	50.0134	-5.56003	-0.263488	-7.22384	3.71433	-0.61308	-0.108097	-31.7842	-72.3653	1.59785	-6.49181	-43.3829	6.60972	-0.039936	5.88765	-2.00676	-0.0156382	-0.7766	-1.27358	0.141625	1.26495	0.0393388	0.270677	0.0206812	5.06101	1.26182	-1.27097	3.89641	-0.0764442	0.133183	-0.539821
5.04552	1.47978	-9.40293	6.53525	11.3564	-1.5957	-0.171521	52.3594	-5.22484	-0.795022	-8.55382	3.8097	-0.62243	-0.108787	-33.609	-73.462	1.81299	-5.35362	-43.3021	6.56941	-0.0400009	6.13383	-1.24265	-0.399165	-1.00449	-1.37636	0.236905	1.21701	0.0396153	0.26371	0.0349677	5.40512	1.40116	-1.35554	4.12769	-0.0739895	0.150586	-0.580325
5.05551	0.760653	-10.702	5.74744	11.4345	-1.52536	-0.0444146	54.3452	-4.6872	-1.40786	-9.83661	3.86865	-0.612987	-0.108525	-35.3708	-74.4037	1.96275	-4.23089	-43.2022	6.49946	-0.0400762	6.24167	-0.628917	-1.21462	-1.26307	-1.47131	0.351937	1.15813	0.0391038	0.257548	0.0558976	5.81722	1.58003	-1.4686	4.37038	-0.0721356	0.165639	-0.625847
5.0655	0.721735	-12.0907	5.06829	11.5088	-1.46765	0.0797774	55.9255	-3.89196	-2.07905	-11.0124	3.89236	-0.584792	-0.107484	-37.0457	-75.2118	2.06768	-3.1077	-43.0856	6.3995	-0.0401666	6.13841	-0.0785351	-2.04717	-1.54931	-1.56623	0.465493	1.10158	0.0417963	0.255888	0.0770636	6.28749	1.79191	-1.60816	4.61782	-0.072519	0.177648	-0.674819
5.07549	1.17136	-13.3783	4.30378	11.5805	-1.41806	0.198015	57.0914	-2.84601	-2.77221	-12.0349	3.87936	-0.539157	-0.10567	-38.5953	-75.832	2.13875	-1.97313	-42.9538	6.27332	-0.040293	5.88574	0.330732	-3.09551	-1.81959	-1.66843	0.575545	1.03845	0.0449744	0.255017	0.0978738	6.81994	2.04153	-1.77777	4.86904	-0.0746643	0.185823	-0.727813
5.08548	2.15908	-14.6614	3.83536	11.6502	-1.37353	0.307986	57.9165	-1.58759	-3.44052	-12.8869	3.83922	-0.482446	-0.103397	-40.063	-76.2157	2.178	-0.815923	-42.8116	6.11924	-0.0404503	5.45382	0.652369	-4.01346	-2.04186	-1.79664	0.658009	0.97405	0.0503997	0.253821	0.111973	7.40218	2.30961	-1.98344	5.1071	-0.0798944	0.187134	-0.782443
5.09547	3.37316	-15.5847	3.17982	11.7179	-1.33202	0.409159	58.4568	-0.239733	-4.03029	-13.5668	3.77428	-0.421079	-0.100642	-41.4333	-76.3019	2.20499	0.354481	-42.6685	5.94392	-0.040656	4.92933	0.79624	-5.27386	-2.19091	-1.96879	0.718207	0.893601	0.0529038	0.24762	0.123093	8.03341	2.60469	-2.22333	5.33077	-0.0866973	0.181625	-0.838954
5.10546	4.80286	-16.0201	2.31621	11.7822	-1.28997	0.503753	58.7088	1.05717	-4.49371	-14.0617	3.68878	-0.362164	-0.0974634	-42.6779	-76.0721	2.24238	1.49283	-42.52	5.74981	-0.0409343	4.27275	0.774038	-6.85608	-2.29572	-2.17114	0.762922	0.801745	0.0533193	0.238035	0.133449	8.69171	2.91538	-2.4856	5.53209	-0.0943617	0.170301	-0.894978
5.11545	6.52722	-15.8111	1.25976	11.8412	-1.23963	0.594538	58.6138	2.15002	-4.79001	-14.3486	3.58685	-0.312533	-0.093943	-43.7815	-75.4803	2.28988	2.54618	-42.3483	5.53779	-0.0413215	3.42736	0.616915	-8.70838	-2.37764	-2.37971	0.799036	0.707188	0.0522785	0.227564	0.144086	9.34779	3.22618	-2.75518	5.70029	-0.10234	0.154297	-0.947388
5.12544	8.56994	-14.8328	0.0403765	11.892	-1.16711	0.68517	58.1037	2.89011	-4.88711	-14.4137	3.47032	-0.277621	-0.0900806	-44.7517	-74.4914	2.34149	3.47988	-42.1427	5.31143	-0.0417967	2.40804	0.372116	-10.7654	-2.44036	-2.56228	0.830695	0.623074	0.0493271	0.218863	0.154406	9.96757	3.51434	-3.0172	5.82455	-0.110389	0.134604	-0.993022
5.13544	10.9244	-13.2374	-0.784688	11.9302	-1.05674	0.778002	57.1287	3.22161	-4.77912	-14.2463	3.33948	-0.259021	-0.0858691	-45.6286	-73.137	2.39991	4.28186	-41.9004	5.08546	-0.0422494	1.34583	0.103668	-12.4608	-2.4881	-2.72733	0.846432	0.548457	0.0477852	0.210717	0.161131	10.4943	3.74932	-3.25089	5.88964	-0.119045	0.112172	-1.02713
5.14543	13.2092	-11.1587	-1.38069	11.9528	-0.897334	0.874108	55.7759	3.18974	-4.49041	-13.869	3.19615	-0.253855	-0.0813659	-46.3998	-71.5242	2.46154	4.93272	-41.6214	4.87274	-0.0426056	0.451384	-0.178008	-14.0043	-2.51599	-2.89105	0.845543	0.470674	0.046084	0.200097	0.165919	10.8892	3.91852	-3.44066	5.89118	-0.127716	0.088394	-1.04781
5.15542	15.0888	-8.97369	-1.8877	11.9577	-0.686613	0.973632	54.2065	2.87296	-4.05921	-13.3433	3.04846	-0.258834	-0.0768082	-46.982	-69.8122	2.51657	5.389	-41.3043	4.68748	-0.0428293	-0.185631	-0.348858	-15.5059	-2.53561	-3.04441	0.837101	0.388463	0.0432565	0.187899	0.170824	11.1301	4.00986	-3.57928	5.8314	-0.134934	0.0643298	-1.05463
5.16541	16.4465	-7.14737	-2.05929	11.9451	-0.433169	1.07483	52.5362	2.41859	-3.54396	-12.7207	2.90276	-0.267987	-0.0724207	-47.2861	-68.1296	2.56101	5.61665	-40.9502	4.5503	-0.0429213	-0.576857	-0.291288	-16.6573	-2.552	-3.19074	0.819071	0.299029	0.0417475	0.173722	0.175404	11.1977	4.01273	-3.65885	5.71336	-0.139903	0.0413623	-1.04695
5.1754	17.1136	-5.88383	-2.1972	11.9168	-0.153867	1.17601	50.8651	1.96321	-3.00906	-12.0348	2.76538	-0.275475	-0.0684571	-47.2561	-66.5815	2.59267	5.5988	-40.561	4.47256	-0.0428847	-0.710899	0.00451897	-17.7117	-2.56592	-3.33525	0.797443	0.200308	0.0388927	0.158161	0.181523	11.0972	3.93022	-3.67765	5.54512	-0.142175	0.0207564	-1.02589
5.18539	17.1675	-5.29681	-2.34484	11.8769	0.129342	1.27617	49.2279	1.59579	-2.51055	-11.2978	2.64175	-0.277515	-0.0651382	-46.9304	-65.2498	2.61313	5.36988	-40.154	4.45199	-0.0427462	-0.617831	0.520085	-18.6563	-2.582	-3.48405	0.773704	0.0913784	0.0345226	0.141578	0.189612	10.8361	3.77078	-3.6314	5.33462	-0.14178	0.00420971	-0.992159
5.19538	16.7957	-5.43745	-2.11495	11.8307	0.395193	1.37568	47.6014	1.33823	-2.08428	-10.5161	2.53495	-0.273235	-0.0625609	-46.3691	-64.1861	2.61979	4.98137	-39.7436	4.47423	-0.042527	-0.317882	1.2206	-19.0381	-2.58922	-3.65559	0.736143	-0.0308267	0.0315297	0.122102	0.197989	10.4255	3.54473	-3.52035	5.08764	-0.139237	-0.00763261	-0.946295
5.20537	16.0756	-6.00034	-1.92384	11.7836	0.62922	1.47554	45.9822	1.16051	-1.74654	-9.71375	2.44509	-0.263875	-0.0606605	-45.6726	-63.3225	2.61762	4.49575	-39.339	4.52327	-0.0422297	0.198507	2.0135	-19.2351	-2.57752	-3.85275	0.687501	-0.162266	0.0263965	0.100649	0.207471	9.90176	3.27317	-3.35709	4.81497	-0.134978	-0.0153073	-0.891427
5.21536	15.2456	-6.82123	-1.48898	11.7395	0.825215	1.57594	44.3301	1.01899	-1.4976	-8.91511	2.37127	-0.251548	-0.0593335	-44.9268	-62.6338	2.5972	3.98353	-38.9472	4.58128	-0.0419123	0.9075	2.81741	-18.9398	-2.54344	-4.07534	0.624262	-0.298483	0.0215134	0.0772764	0.216758	9.28759	2.97325	-3.14917	4.52443	-0.130159	-0.019034	-0.829315
5.22536	14.442	-7.61808	-0.915211	11.7016	0.983078	1.67733	42.6204	0.900625	-1.32213	-8.1346	2.30744	-0.236855	-0.0583296	-44.2351	-62.03	2.55391	3.52201	-38.5902	4.62478	-0.041656	1.81833	3.51976	-18.2807	-2.48026	-4.31454	0.548737	-0.432508	0.0156276	0.0529595	0.225603	8.61336	2.65622	-2.90579	4.22279	-0.125979	-0.0188446	-0.761954
5.23535	13.8568	-8.30445	-0.165099	11.6718	1.10605	1.77985	40.8198	0.826598	-1.20351	-7.36635	2.24529	-0.218655	-0.0573617	-43.683	-61.4488	2.46843	3.18586	-38.2993	4.63532	-0.0414752	2.89847	4.10029	-17.2723	-2.39002	-4.56015	0.463094	-0.556729	0.0101926	0.0286879	0.23294	7.92316	2.32962	-2.65075	3.92701	-0.120504	-0.0159952	-0.69402
5.24534	13.578	-8.84185	0.720349	11.651	1.1974	1.88369	38.9308	0.797059	-1.12172	-6.60771	2.17847	-0.19673	-0.0561961	-43.3058	-60.8514	2.33814	3.01532	-38.0876	4.60744	-0.041383	4.09266	4.57741	-16.0023	-2.27751	-4.79683	0.372433	-0.660331	0.00525654	0.00627622	0.237485	7.24643	1.99781	-2.40028	3.64702	-0.114018	-0.0116109	-0.628518
5.25533	13.579	-9.25547	1.6808	11.6392	1.26083	1.98905	36.968	0.827509	-1.06202	-5.85252	2.10198	-0.170371	-0.0546624	-43.0845	-60.2148	2.16807	3.008	-37.9472	4.54012	-0.0413864	5.36116	4.98567	-14.569	-2.15044	-5.01145	0.280634	-0.73804	0.000443687	-0.0134932	0.238503	6.60261	1.66519	-2.16497	3.38991	-0.106905	-0.00645501	-0.567524
5.26532	13.813	-9.59401	2.66039	11.6361	1.29958	2.09635	34.9589	0.923904	-1.01327	-5.10075	2.01398	-0.139555	-0.0526964	-43.007	-59.5447	1.95424	3.15729	-37.8794	4.42773	-0.0414714	6.66598	5.35972	-13.0718	-2.01652	-5.19684	0.190949	-0.78811	-0.00447544	-0.0302453	0.235739	6.00546	1.3344	-1.95269	3.16011	-0.0996789	-0.00126423	-0.512477
5.27531	14.2219	-9.91705	3.61054	11.641	1.31535	2.20521	32.939	1.08381	-0.972643	-4.35276	1.91491	-0.104879	-0.0503062	-43.07	-58.8695	1.6989	3.46215	-37.8995	4.27216	-0.0416155	7.97685	5.72445	-11.5875	-1.88225	-5.34801	0.107969	-0.809265	-0.00941451	-0.0432623	0.229289	5.46142	1.00703	-1.76617	2.9591	-0.0928324	0.00371537	-0.463901
5.2853	14.7825	-10.2867	4.4971	11.6522	1.3106	2.31559	30.9189	1.29519	-0.947247	-3.60154	1.80666	-0.0678732	-0.0475484	-43.2492	-58.244	1.41417	3.89493	-38.0131	4.07691	-0.041816	9.25346	6.08248	-10.148	-1.7507	-5.46289	0.0355179	-0.800923	-0.0142621	-0.0518564	0.219372	4.96875	0.684756	-1.60322	2.78486	-0.0868389	0.00858981	-0.42138
5.29529	15.5397	-10.6474	5.38159	11.6666	1.29072	2.42761	28.8779	1.49505	-0.93478	-2.8428	1.6934	-0.0324488	-0.0445427	-43.5053	-57.6909	1.09332	4.40376	-38.2103	3.84545	-0.0420762	10.4421	6.39578	-8.69021	-1.62161	-5.53765	-0.0255292	-0.762603	-0.0194229	-0.0558737	0.205874	4.52014	0.367785	-1.45975	2.63214	-0.0821717	0.0134108	-0.383827
5.30528	16.5059	-10.8655	6.07021	11.6809	1.26438	2.54146	26.7988	1.55797	-0.918505	-2.09235	1.58427	-0.00577873	-0.0415487	-43.7873	-57.2031	0.739972	4.92993	-38.4789	3.58967	-0.0423806	11.4921	6.6666	-7.4118	-1.49566	-5.57248	-0.0748518	-0.69795	-0.024024	-0.0557855	0.189442	4.12296	0.0588681	-1.34069	2.49945	-0.0777883	0.0173258	-0.351704
5.31528	17.5907	-10.8101	6.70845	11.6921	1.24253	2.65735	24.6951	1.37224	-0.881236	-1.37353	1.49001	0.00565861	-0.0388952	-44.0315	-56.7538	0.36728	5.42377	-38.8126	3.32494	-0.0427079	12.4084	6.87742	-6.17546	-1.36279	-5.57161	-0.118016	-0.610401	-0.0285486	-0.0526775	0.169955	3.77041	-0.24557	-1.24485	2.37617	-0.0741555	0.0194148	-0.323211
5.32527	18.7046	-10.4248	7.28591	11.6972	1.23655	2.7752	22.5712	0.861718	-0.809338	-0.70253	1.41962	-0.00249284	-0.036892	-44.1796	-56.3209	-0.0240113	5.8544	-39.2165	3.06596	-0.0430276	13.2091	7.05554	-5.01551	-1.21421	-5.54147	-0.159856	-0.505264	-0.0326985	-0.0477268	0.147818	3.45669	-0.542976	-1.1704	2.25679	-0.0712186	0.0192337	-0.297443
5.33526	19.8239	-9.7388	7.88817	11.6946	1.25639	2.89557	20.3955	0.00717856	-0.691169	-0.0720346	1.37869	-0.0310958	-0.0358029	-44.1875	-55.912	-0.4366	6.19783	-39.6862	2.81147	-0.0433002	13.9111	7.21882	-3.86937	-1.0387	-5.48603	-0.206583	-0.386257	-0.036534	-0.0421352	0.122989	3.17372	-0.831825	-1.11423	2.1368	-0.0687714	0.0166203	-0.273445
5.34525	20.9803	-8.81538	8.53147	11.6835	1.30891	3.01836	18.1244	-1.16881	-0.51901	0.530692	1.36908	-0.0781865	-0.035785	-44.0198	-55.5308	-0.861371	6.43267	-40.206	2.5712	-0.0434757	14.513	7.39414	-2.72251	-0.827541	-5.40829	-0.261603	-0.256339	-0.0398397	-0.0364943	0.0956732	2.91366	-1.11135	-1.07312	2.01479	-0.0666405	0.0117202	-0.250779
5.35524	22.2103	-7.73611	9.25806	11.6626	1.39787	3.14317	15.7437	-2.61197	-0.292087	1.10816	1.38992	-0.14018	-0.0368791	-43.6613	-55.17	-1.27076	6.54445	-40.7694	2.36378	-0.0435371	15.0017	7.59265	-1.51636	-0.573393	-5.31056	-0.329591	-0.118015	-0.0426598	-0.03163	0.0657361	2.66784	-1.37941	-1.04343	1.89273	-0.0646465	0.00499928	-0.229507
5.36523	23.5089	-6.59245	10.0771	11.6308	1.52483	3.26877	13.2784	-4.22452	-0.0184695	1.63917	1.43579	-0.211287	-0.0389228	-43.1028	-54.8049	-1.65605	6.52809	-41.3815	2.20057	-0.0434758	15.3718	7.81452	-0.239134	-0.273109	-5.19465	-0.413344	0.0253946	-0.0449591	-0.0282391	0.0334045	2.43073	-1.63247	-1.0227	1.77429	-0.0626411	-0.00308075	-0.210097
5.37522	23.1659	-6.51897	10.6781	11.5185	1.44971	3.38926	12.0906	-5.35151	-0.183059	1.16738	1.16587	-0.373258	-0.0417817	-42.4263	-54.389	-2.033	6.41817	-42.0323	2.08934	-0.0436806	15.958	8.0762	0.782305	0.0795427	-5.08177	-0.514244	0.185406	-0.0476808	-0.0252347	-0.00184925	2.22913	-1.87149	-1.02059	1.68883	-0.0621319	-0.0116278	-0.197087
5.38521	23.018	-6.34423	11.1996	11.4084	1.4158	3.50115	10.751	-6.52835	-0.2655	0.742697	0.845795	-0.48821	-0.0443688	-41.5098	-53.8603	-2.38644	6.16157	-42.7266	2.05058	-0.043751	16.3869	8.31495	1.69807	0.473389	-4.95252	-0.628087	0.342517	-0.0503239	-0.0239856	-0.037721	2.03509	-2.08329	-1.02592	1.61625	-0.0619311	-0.0207245	-0.187795
5.3952	22.5121	-6.42978	11.7107	11.283	1.3477	3.60098	9.73999	-7.47037	-0.440254	0.0982555	0.334278	-0.556428	-0.0460405	-40.3793	-53.1717	-2.70324	5.75529	-43.4394	2.09617	-0.0438014	16.7044	8.47036	2.57722	0.902988	-4.81678	-0.753261	0.497109	-0.0526253	-0.0240884	-0.0739693	1.85503	-2.26225	-1.04034	1.57114	-0.0617624	-0.0294266	-0.184356
5.4052	21.828	-6.70737	12.2306	11.1527	1.25666	3.68543	8.91849	-8.1443	-0.690839	-0.614535	-0.389599	-0.542339	-0.0466037	-39.0259	-52.3124	-2.98905	5.20591	-44.1681	2.22057	-0.0437709	16.8488	8.4884	3.44519	1.35216	-4.67132	-0.88271	0.646533	-0.0542306	-0.0247286	-0.109663	1.68957	-2.40314	-1.06199	1.556	-0.0611668	-0.0370709	-0.1871
5.41519	21.1452	-6.96101	12.7431	11.0257	1.14897	3.74717	8.14242	-8.61785	-0.986474	-1.27855	-1.33675	-0.415053	-0.0462866	-37.4527	-51.2344	-3.25336	4.54878	-44.9152	2.42194	-0.0435917	16.7792	8.30266	4.30028	1.79671	-4.51212	-1.00606	0.789778	-0.0546635	-0.0244918	-0.143693	1.53987	-2.50688	-1.08876	1.57156	-0.0597622	-0.0429251	-0.195936
5.42518	20.5025	-7.0125	13.2343	10.9057	1.0262	3.77772	7.3075	-8.97269	-1.28161	-1.82268	-2.50745	-0.140435	-0.0454519	-35.6213	-49.8846	-3.50096	3.81246	-45.6786	2.71173	-0.0432046	16.5	7.87953	5.12991	2.21031	-4.33977	-1.11296	0.923649	-0.0533662	-0.0223073	-0.174519	1.4049	-2.57466	-1.11754	1.61682	-0.0573445	-0.0463888	-0.210299
5.43517	19.8749	-6.88316	13.6515	10.7967	0.889256	3.77392	6.37773	-9.21494	-1.58087	-2.21197	-3.88069	0.291566	-0.0444298	-33.557	-48.2579	-3.71607	3.04962	-46.4535	3.09163	-0.0425518	16.0513	7.23237	5.905	2.57294	-4.16309	-1.19882	1.04269	-0.0501612	-0.0183601	-0.20094	1.28473	-2.60987	-1.14449	1.68783	-0.0538933	-0.0470123	-0.228922
5.44516	19.0054	-6.59667	13.7627	10.7023	0.738597	3.73421	5.33962	-9.41632	-1.87872	-2.46347	-5.40993	0.870521	-0.0434721	-31.2072	-46.4214	-3.93192	2.27314	-47.2069	3.53445	-0.0416192	15.5986	6.41704	6.40026	2.87098	-3.98426	-1.25753	1.14517	-0.0482848	-0.0122032	-0.221559	1.16957	-2.61811	-1.15799	1.76824	-0.0523981	-0.0445023	-0.247968
5.45515	17.9494	-6.01798	13.6116	10.6263	0.57499	3.65914	4.19405	-9.71689	-2.1423	-2.60784	-7.05835	1.60054	-0.042663	-28.6455	-44.3366	-4.1078	1.52672	-47.9202	4.03582	-0.0403587	15.1399	5.44885	6.69388	3.09648	-3.81517	-1.29283	1.22522	-0.0471284	-0.00552707	-0.236361	1.06004	-2.60495	-1.15781	1.85213	-0.05262	-0.0394825	-0.266081
5.46514	16.7923	-5.11193	13.2166	10.5717	0.398936	3.54974	2.8667	-10.2293	-2.36785	-2.66918	-8.78664	2.4625	-0.042024	-25.9002	-42.0005	-4.24085	0.827904	-48.5693	4.58447	-0.0387382	14.6886	4.37271	6.85692	3.25512	-3.65991	-1.30946	1.2825	-0.0462842	0.000723673	-0.246062	0.958731	-2.57878	-1.14442	1.92991	-0.0546464	-0.0329666	-0.281356
5.47513	15.6389	-3.96857	12.6027	10.5401	0.213393	3.40837	1.24349	-10.9617	-2.56714	-2.64601	-10.5691	3.42452	-0.0415495	-22.9727	-39.3889	-4.33786	0.175687	-49.1126	5.18055	-0.036747	14.256	3.24977	6.95738	3.35712	-3.5197	-1.31275	1.31836	-0.0454855	0.00583527	-0.251661	0.870372	-2.5481	-1.11962	1.99254	-0.0586679	-0.0260137	-0.292132
5.48512	14.4882	-2.80575	11.8659	10.5306	0.0212606	3.23785	-0.687498	-11.8986	-2.73454	-2.5805	-12.3703	4.46029	-0.0412312	-19.9069	-36.5416	-4.39898	-0.444375	-49.4768	5.80479	-0.0344322	13.881	2.17138	7.06712	3.4082	-3.39719	-1.30617	1.33307	-0.0444977	0.00929576	-0.253823	0.801156	-2.51823	-1.08671	2.03414	-0.0648779	-0.0195935	-0.297437
5.49512	13.2867	-1.80757	11.133	10.5414	-0.176581	3.03958	-2.88476	-13.0066	-2.84571	-2.52218	-14.1482	5.54906	-0.0410382	-16.7713	-33.4957	-4.4266	-1.046	-49.5789	6.43988	-0.0319109	13.6272	1.21223	7.24869	3.41262	-3.29247	-1.29089	1.32875	-0.0431799	0.0112367	-0.253069	0.756751	-2.4905	-1.04984	2.05406	-0.0732368	-0.0142877	-0.297343
5.50511	12.047	-1.22641	10.4604	10.5725	-0.378127	2.81765	-5.30793	-14.2381	-2.92245	-2.49049	-15.8839	6.65269	-0.0409224	-13.7142	-30.3667	-4.40927	-1.59676	-49.3581	7.05236	-0.0294042	13.5766	0.43913	7.53029	3.37427	-3.20131	-1.26615	1.30916	-0.0415735	0.0122985	-0.249736	0.744941	-2.4597	-1.01596	2.05695	-0.083186	-0.0107249	-0.293211
5.5151	10.811	-1.29569	9.76763	10.6227	-0.580995	2.57801	-7.91052	-15.5132	-2.9651	-2.48629	-17.5871	7.74106	-0.0408348	-10.8713	-27.2575	-4.35201	-2.08726	-48.7237	7.5795	-0.0272197	13.8139	-0.0696392	7.75784	3.29677	-3.10974	-1.22812	1.28359	-0.0411174	0.014292	-0.244179	0.790937	-2.41611	-0.999381	2.06211	-0.0909093	-0.00909754	-0.289537
5.52509	9.7755	-2.06205	9.1917	10.6898	-0.779915	2.32642	-10.6393	-16.7622	-2.9946	-2.51602	-19.2677	8.779	-0.0407701	-8.40546	-24.212	-4.2423	-2.48204	-47.5891	7.95056	-0.0257261	14.2908	-0.364225	8.02631	3.19016	-3.01274	-1.17984	1.25793	-0.0410279	0.0176479	-0.237538	0.889422	-2.36426	-0.996797	2.07407	-0.0966678	-0.0081962	-0.286936
5.53508	9.08679	-3.42494	8.83299	10.7747	-0.971274	2.06488	-13.3987	-17.9706	-3.00987	-2.60526	-20.9263	9.76537	-0.0407358	-6.4717	-21.2645	-4.04626	-2.71379	-45.8893	8.10202	-0.025283	14.9532	-0.551718	8.39413	3.06249	-2.90561	-1.12466	1.23733	-0.0407882	0.0226021	-0.23086	1.0357	-2.30863	-1.00608	2.09922	-0.100267	-0.00685566	-0.286627
5.54507	8.81715	-5.31694	8.69155	10.8768	-1.15048	1.79453	-16.0792	-19.1577	-3.01275	-2.80651	-22.5551	10.7079	-0.0407338	-5.16493	-18.5106	-3.75357	-2.70259	-43.5693	7.95885	-0.0262271	15.7616	-0.719584	8.81381	2.91845	-2.78887	-1.06453	1.22367	-0.0400044	0.0291736	-0.224483	1.22816	-2.24697	-1.02612	2.14373	-0.101537	-0.00432473	-0.290012
5.55506	9.09304	-7.5689	8.70822	10.9917	-1.31235	1.51739	-18.6663	-20.3999	-2.977	-3.11314	-24.1817	11.6135	-0.0407455	-4.47506	-16.0123	-3.36346	-2.37267	-40.6038	7.47667	-0.0287888	16.6308	-0.971316	9.1956	2.76337	-2.66421	-1.00097	1.21765	-0.0384283	0.0373013	-0.218472	1.46443	-2.17268	-1.05676	2.21206	-0.100409	-0.0003963	-0.298469
5.56505	9.86587	-9.92999	8.61653	11.1132	-1.45957	1.23903	-21.0854	-21.7916	-2.91074	-3.55248	-25.8091	12.4729	-0.0407684	-4.3595	-13.7863	-2.86545	-1.63097	-37.0275	6.6461	-0.0331216	17.5695	-1.39312	9.30413	2.59814	-2.53436	-0.931919	1.21858	-0.0369063	0.0471346	-0.211929	1.7432	-2.07972	-1.09828	2.30813	-0.0970918	0.00496116	-0.313277
5.57504	11.059	-12.0978	8.41396	11.2351	-1.60429	0.966502	-23.3126	-23.3832	-2.84866	-4.12111	-27.4463	13.2769	-0.040812	-4.69788	-11.7221	-2.279	-0.405104	-32.915	5.52163	-0.0393225	18.5511	-2.05711	9.22455	2.42962	-2.41672	-0.864014	1.2203	-0.0340602	0.0569109	-0.205206	2.05693	-1.97307	-1.15024	2.4304	-0.0925248	0.0114557	-0.334232
5.58504	12.4757	-13.7336	7.90006	11.3489	-1.76424	0.708855	-25.2552	-25.256	-2.78532	-4.83339	-29.0894	14.0222	-0.0408761	-5.35968	-9.73935	-1.64191	1.33471	-28.3758	4.19328	-0.0473419	19.6214	-2.99218	8.79499	2.26472	-2.31672	-0.799014	1.21975	-0.030765	0.0657891	-0.197881	2.40126	-1.85929	-1.21232	2.57486	-0.0878476	0.0187522	-0.360752
5.59503	14.0262	-14.5057	7.06361	11.4448	-1.95847	0.475251	-26.8112	-27.4597	-2.73316	-5.71622	-30.7075	14.6742	-0.0409578	-6.24602	-7.7196	-1.01114	3.62188	-23.5832	2.80036	-0.0569094	20.7122	-4.22816	8.05819	2.1138	-2.24452	-0.743612	1.21217	-0.0264824	0.0720669	-0.190603	2.76399	-1.74936	-1.28055	2.73522	-0.0838462	0.0270113	-0.391378
5.60502	15.6824	-14.1815	5.73422	11.515	-2.20401	0.275074	-27.9831	-29.9699	-2.71333	-6.72551	-32.2927	15.2068	-0.0410565	-7.2584	-5.56659	-0.466954	6.46047	-18.7462	1.50222	-0.0674836	21.8006	-5.76016	6.9004	1.98076	-2.19753	-0.696728	1.19814	-0.0225526	0.0758875	-0.183155	3.14233	-1.64751	-1.35501	2.91023	-0.0802857	0.0360897	-0.425863
5.61501	17.3806	-12.7116	3.90991	11.5545	-2.51229	0.115756	-28.7933	-32.704	-2.73232	-7.81533	-33.8243	15.6036	-0.0411685	-8.31327	-3.27335	-0.0824344	9.81286	-14.0776	0.442554	-0.0782942	22.8764	-7.55238	5.33762	1.86876	-2.17309	-0.659795	1.17889	-0.0191155	0.077135	-0.176157	3.52437	-1.55919	-1.43188	3.09385	-0.0775588	0.0459317	-0.462719
5.625	18.8952	-10.2313	1.63371	11.5601	-2.88321	0.00295271	-29.2809	-35.55	-2.79286	-8.94408	-35.2626	15.8451	-0.0412943	-9.25351	-0.922125	0.0801179	13.5436	-9.75532	-0.276586	-0.0884314	23.9729	-9.5142	3.41646	1.77128	-2.16692	-0.63264	1.15585	-0.0164461	0.0759635	-0.170205	3.89562	-1.4924	-1.50947	3.27652	-0.0762584	0.0556643	-0.500015
5.63499	20.0506	-7.17956	-0.973818	11.534	-3.30604	-0.0617677	-29.468	-38.3641	-2.88871	-10.0813	-36.565	15.9207	-0.0414375	-10.0107	1.26845	0.0471165	17.5034	-5.96389	-0.630805	-0.0969126	25.1026	-11.4974	1.21723	1.67358	-2.18423	-0.612311	1.1281	-0.0146732	0.0728868	-0.165262	4.23948	-1.45336	-1.58567	3.44684	-0.0768021	0.0641917	-0.535455
5.64498	20.7955	-4.08626	-3.72084	11.4827	-3.76359	-0.0810979	-29.4534	-40.9634	-3.01938	-11.1473	-37.7145	15.8348	-0.0415738	-10.5272	3.08265	-0.144889	21.4844	-2.85636	-0.657755	-0.102845	26.2438	-13.3333	-1.13766	1.56832	-2.21819	-0.59799	1.10037	-0.0138484	0.0690109	-0.162225	4.5387	-1.44333	-1.65549	3.59575	-0.0791798	0.0710663	-0.566894
5.65497	21.2242	-1.51396	-6.42101	11.4158	-4.23503	-0.0602233	-29.2886	-43.1724	-3.18617	-12.1052	-38.6718	15.5978	-0.0417106	-10.8405	4.30405	-0.384124	25.2403	-0.530377	-0.479594	-0.105575	27.3113	-14.8493	-3.5351	1.456	-2.26408	-0.59072	1.07656	-0.0125409	0.0651824	-0.162179	4.78118	-1.46042	-1.71318	3.71948	-0.0826344	0.0765852	-0.592971
5.66496	21.5312	0.25574	-8.89949	11.3447	-4.69771	-0.00771608	-29.0457	-44.8715	-3.35705	-12.9165	-39.4063	15.2378	-0.0418945	-10.9881	4.88193	-0.570945	28.5022	0.978293	-0.2366	-0.104806	28.1869	-15.9405	-5.8367	1.3322	-2.31125	-0.588206	1.06321	-0.0103966	0.063202	-0.165583	4.96283	-1.50666	-1.75676	3.81551	-0.0869769	0.0808217	-0.612824
5.67496	22.0111	1.08481	-10.8494	11.2809	-5.1366	0.0681668	-28.7836	-45.9845	-3.53366	-13.5626	-39.892	14.7797	-0.042163	-11.1139	4.86857	-0.594889	31.0556	1.65486	-0.0559004	-0.100946	28.7481	-16.5557	-7.7149	1.19113	-2.34718	-0.587226	1.06706	-0.00772877	0.0651997	-0.172349	5.08056	-1.58459	-1.7855	3.87954	-0.093021	0.0835097	-0.625301
5.68495	22.8752	1.20455	-12.3267	11.2351	-5.54883	0.159505	-28.5257	-46.5217	-3.6968	-14.0418	-40.1201	14.2597	-0.0425568	-11.3837	4.44401	-0.384733	32.7498	1.47105	-0.0362457	-0.0953228	28.9576	-16.7294	-9.1677	1.02619	-2.35507	-0.579705	1.09219	-0.00633061	0.0729747	-0.180503	5.15254	-1.69071	-1.80906	3.91881	-0.0987397	0.0839802	-0.632335
5.69494	22.7796	0.607329	-13.4709	11.1954	-5.73883	0.252768	-28.3728	-46.5852	-3.81335	-14.3621	-40.1028	13.709	-0.0428166	-10.4135	3.79962	-0.168176	33.4062	1.3273	-0.0315572	-0.0893325	28.712	-16.5527	-10.1786	0.834516	-2.30111	-0.561554	1.13439	-0.00601977	0.0860223	-0.188374	5.15446	-1.80775	-1.81648	3.91496	-0.102973	0.0826154	-0.631222
5.70493	21.893	-0.4536	-14.3237	11.166	-5.72794	0.345475	-28.4098	-46.3315	-3.86825	-14.5099	-39.8695	13.1393	-0.043001	-8.32386	2.95226	0.0873829	32.9666	1.25279	-0.0515001	-0.0841588	28.0355	-16.113	-10.7732	0.617013	-2.18345	-0.531529	1.19396	-0.00660386	0.104273	-0.194992	5.09916	-1.9305	-1.81208	3.87151	-0.105487	0.0793304	-0.622883
5.71492	20.4323	-1.68883	-14.8579	11.1498	-5.54603	0.436235	-28.6935	-45.8847	-3.83035	-14.4817	-39.4521	12.5762	-0.0431599	-5.3076	1.98602	0.353475	31.4079	1.25019	-0.0931601	-0.0801042	26.9884	-15.485	-10.9537	0.375925	-2.01196	-0.487952	1.26862	-0.00751409	0.127405	-0.199077	4.99952	-2.05851	-1.80198	3.79213	-0.106266	0.073714	-0.608264
5.72491	18.683	-3.09301	-14.9779	11.1483	-5.22834	0.52496	-29.2382	-45.3118	-3.70362	-14.2909	-38.8759	12.0376	-0.043323	-1.66452	0.884837	0.645107	28.7388	1.30173	-0.152896	-0.076645	25.6379	-14.6768	-10.6985	0.110644	-1.81911	-0.429577	1.34618	-0.00796089	0.153537	-0.198647	4.86352	-2.18707	-1.78823	3.68115	-0.105602	0.0658124	-0.587988
5.7349	16.9465	-4.73724	-14.551	11.1636	-4.81053	0.611843	-30.0594	-44.6307	-3.50244	-13.9274	-38.1882	11.5289	-0.0435274	2.25346	-0.342562	0.970007	25.0006	1.38045	-0.223938	-0.0729565	24.0907	-13.6564	-9.94526	-0.163918	-1.62738	-0.360391	1.42023	-0.00718351	0.181023	-0.193634	4.69754	-2.30917	-1.77101	3.5437	-0.104187	0.0558789	-0.562635
5.74489	15.4864	-6.52104	-13.402	11.1962	-4.32556	0.696699	-31.1531	-43.8145	-3.22966	-13.3768	-37.4499	11.0496	-0.0438214	6.10542	-1.55899	1.25317	20.2804	1.45725	-0.291812	-0.0682986	22.4465	-12.432	-8.55693	-0.417151	-1.44655	-0.290524	1.49103	-0.00461347	0.208599	-0.186219	4.50385	-2.41919	-1.74872	3.38488	-0.102882	0.0444912	-0.532778
5.75488	14.5381	-8.38933	-11.7368	11.2454	-3.80416	0.779152	-32.4339	-42.8817	-2.88171	-12.6633	-36.7066	10.6071	-0.0442079	9.48039	-2.79344	1.552	14.7239	1.50972	-0.35517	-0.0620788	20.8885	-11.0441	-6.83985	-0.619278	-1.28	-0.221612	1.55466	-0.00192296	0.23446	-0.176318	4.30207	-2.50284	-1.72435	3.21779	-0.101259	0.0321318	-0.501024
5.76488	14.2079	-10.1006	-9.65144	11.3097	-3.27576	0.859444	-33.8441	-41.7965	-2.47238	-11.8112	-35.9966	10.2138	-0.0446651	12.1704	-3.87408	1.76151	8.51923	1.5213	-0.399681	-0.0541452	19.5251	-9.57665	-4.87268	-0.736667	-1.14153	-0.164337	1.6054	0.000685732	0.255847	-0.166301	4.09989	-2.55873	-1.69911	3.04997	-0.0996159	0.0192972	-0.468854
5.77487	14.6593	-11.7981	-7.2488	11.3878	-2.76539	0.93975	-35.3631	-40.5766	-2.02965	-10.8315	-35.3619	9.8715	-0.0451438	13.9873	-4.88601	1.99394	1.92082	1.48584	-0.431909	-0.0444942	18.3981	-8.08326	-2.75806	-0.745859	-1.05718	-0.127075	1.6329	0.00305139	0.269861	-0.157805	3.90366	-2.58215	-1.67223	2.88939	-0.0980147	0.00677651	-0.43777
5.78486	15.8594	-13.2674	-4.74122	11.4751	-2.29377	1.02229	-36.9357	-39.238	-1.56712	-9.77042	-34.8244	9.58448	-0.0455964	14.9379	-5.71434	2.18421	-4.74652	1.39996	-0.444081	-0.0334746	17.5294	-6.6791	-0.634759	-0.640101	-1.04208	-0.113701	1.63058	0.00509423	0.274719	-0.151754	3.71572	-2.57932	-1.64491	2.74108	-0.0962958	-0.00492603	-0.408982
5.79485	17.6279	-14.4781	-2.32317	11.5678	-1.8775	1.10767	-38.5089	-37.8802	-1.07901	-8.66024	-34.4206	9.37047	-0.045947	15.1134	-6.40953	2.40556	-11.0774	1.26953	-0.443106	-0.0216134	16.9558	-5.46898	1.33642	-0.424013	-1.10769	-0.125845	1.5926	0.00659269	0.269071	-0.148474	3.53998	-2.55871	-1.62012	2.60879	-0.0941284	-0.015581	-0.383654
5.80484	19.5336	-15.3532	-0.0872076	11.6639	-1.52763	1.19609	-40.0633	-36.5944	-0.582485	-7.52301	-34.1715	9.23796	-0.0460912	14.7915	-6.9703	2.64173	-16.5958	1.10643	-0.430557	-0.00975913	16.7319	-4.56134	3.15595	-0.117345	-1.26189	-0.161911	1.51446	0.00756945	0.252542	-0.147407	3.37369	-2.53304	-1.60067	2.49393	-0.091505	-0.0250234	-0.362541
5.81483	20.8731	-15.6361	1.69513	11.7616	-1.24695	1.28669	-41.5417	-35.5006	-0.0620082	-6.39087	-34.0723	9.20317	-0.045918	14.3825	-7.36308	2.79293	-20.7299	0.92893	-0.402993	0.000855702	17.022	-4.05978	4.60569	0.241866	-1.49342	-0.213751	1.39736	0.00781954	0.226157	-0.147001	3.22054	-2.51294	-1.59385	2.40203	-0.0877183	-0.0334556	-0.347589
5.82482	20.7765	-14.9704	2.74234	11.8609	-1.0323	1.37771	-42.9282	-34.7414	0.491008	-5.27371	-34.1089	9.27547	-0.0453139	14.3944	-7.52442	2.69837	-22.787	0.758259	-0.352887	0.00870565	18.0736	-4.06773	5.47726	0.616774	-1.76733	-0.273818	1.25099	0.00732045	0.192229	-0.146616	3.08835	-2.51112	-1.61066	2.34139	-0.0818931	-0.0412827	-0.341535
5.83481	18.3064	-12.9336	2.70938	11.9638	-0.877404	1.46643	-44.2629	-34.483	1.06377	-4.16775	-34.2584	9.45048	-0.0441431	15.3584	-7.38344	2.18944	-21.9231	0.614749	-0.272226	0.0120693	20.2039	-4.70503	5.52038	0.963856	-2.03113	-0.327653	1.0879	0.00586236	0.154279	-0.144301	2.99245	-2.53723	-1.66282	2.32437	-0.0728007	-0.0484853	-0.347953
5.8448	11.1688	-9.354	1.52876	12.0723	-0.773355	1.54906	-45.7819	-35.0246	1.69009	-3.00197	-34.4995	9.73337	-0.0425102	18.9423	-7.20553	1.28882	-19.1254	0.613038	-0.187656	0.00872554	23.9421	-5.97779	4.86403	1.20451	-2.29072	-0.368059	0.908781	0.00556929	0.114471	-0.139325	2.91819	-2.59571	-1.74859	2.37226	-0.0627658	-0.0528945	-0.37007
5.8548	3.56668	-5.68276	0.175048	12.1865	-0.710674	1.62195	-47.2791	-35.797	2.35633	-1.81681	-34.794	10.1392	-0.0409217	23.0724	-7.33346	0.44565	-15.1785	0.672876	-0.123173	0.0021872	27.6793	-7.2953	3.77368	1.38301	-2.48226	-0.388814	0.756397	0.00801174	0.0817593	-0.132752	2.88648	-2.67613	-1.85732	2.4646	-0.0530508	-0.0557528	-0.40161
5.86479	-3.34181	-1.89735	-1.30556	12.3083	-0.681868	1.68277	-48.8209	-36.705	3.03565	-0.606927	-35.1083	10.6541	-0.0397893	27.4834	-7.70577	-0.215579	-11.0716	0.805628	-0.0930728	-0.00680841	30.8681	-8.48712	2.46549	1.48646	-2.59919	-0.381838	0.640952	0.014376	0.0598042	-0.123502	2.90513	-2.77879	-1.97714	2.60457	-0.0458785	-0.0555112	-0.440758
5.87478	-8.62107	1.94918	-2.62489	12.4388	-0.68258	1.72901	-50.4547	-37.7301	3.71754	0.60926	-35.4035	11.2694	-0.0394602	31.994	-8.3083	-0.573463	-7.53374	1.02768	-0.111785	-0.0179783	32.9321	-9.45974	1.40226	1.50275	-2.67425	-0.348109	0.555522	0.0246195	0.0487838	-0.11091	2.96401	-2.89667	-2.08267	2.7912	-0.0448	-0.0490151	-0.484202
5.88477	-12.5597	4.93687	-3.14024	12.5776	-0.710816	1.75874	-52.2758	-38.7607	4.41373	1.82431	-35.6658	11.9858	-0.0396387	36.4198	-9.05957	-0.585041	-4.77482	1.31238	-0.176178	-0.0302371	34.0836	-10.0236	1.37788	1.44596	-2.72891	-0.324332	0.499651	0.0333248	0.0446212	-0.102943	2.97007	-3.01029	-2.12135	2.95483	-0.0542529	-0.0361777	-0.515721
5.89476	-15.2343	5.52714	-1.14727	12.7248	-0.766266	1.77097	-54.1151	-39.6269	5.14964	3.04821	-35.8743	12.7909	-0.0411398	40.8183	-10.0343	-0.464121	-2.61016	1.6525	-0.261714	-0.0441032	33.5473	-10.1649	4.21332	1.44217	-2.54319	-0.42197	0.552289	0.0196972	0.0431893	-0.128966	2.83367	-3.04762	-2.0785	3.07168	-0.0855721	-0.0205154	-0.533102
5.90475	-16.2361	5.72928	-0.397308	12.8811	-0.850563	1.7672	-56.4022	-40.254	5.8726	4.32586	-36.0719	13.6693	-0.0424333	44.6109	-10.9822	-0.107479	-1.31611	1.99807	-0.369595	-0.0572025	32.8891	-10.0943	5.71821	1.37824	-2.45265	-0.489096	0.56617	0.00799049	0.0385631	-0.145018	2.74725	-3.07975	-2.04707	3.19722	-0.105792	-0.00637709	-0.551592
5.91474	-15.5908	5.75742	-0.460717	13.0455	-0.966034	1.74948	-58.9535	-40.6954	6.58497	5.57326	-36.2592	14.6061	-0.0436595	47.6145	-11.8578	0.420766	-0.926462	2.3441	-0.493302	-0.0693602	32.101	-9.88111	6.2166	1.30768	-2.41244	-0.535796	0.570279	-0.000883771	0.0341928	-0.155688	2.69534	-3.11042	-2.02109	3.32341	-0.116022	0.00735962	-0.569487
5.92473	-13.4107	5.73997	-0.820059	13.2158	-1.11514	1.72106	-61.5797	-41.0376	7.28959	6.70341	-36.4459	15.5789	-0.0448994	49.6818	-12.6653	1.05331	-1.4098	2.67959	-0.624166	-0.0802065	31.1481	-9.62267	6.05925	1.29454	-2.41766	-0.578736	0.576232	-0.00639935	0.0300464	-0.165346	2.66005	-3.14131	-1.99471	3.43997	-0.118034	0.0212038	-0.584849
5.93472	-11.1024	4.78944	-1.17769	13.3903	-1.29775	1.68568	-64.2672	-41.2499	7.99409	7.65196	-36.6824	16.5436	-0.0447947	51.0351	-13.3879	1.52154	-2.23192	2.92592	-0.716448	-0.0878078	30.6712	-9.43272	5.13235	1.33703	-2.46761	-0.621059	0.564609	-0.0100026	0.0206071	-0.172377	2.5911	-3.13003	-1.95506	3.47006	-0.114095	0.0290889	-0.586104
5.94472	-8.81259	3.0253	-1.56663	13.5658	-1.51137	1.64798	-66.815	-41.3475	8.70361	8.35977	-36.9893	17.4703	-0.0433416	51.6064	-13.9859	1.82844	-3.32275	3.05448	-0.764605	-0.0910708	30.6396	-9.37791	3.31103	1.4231	-2.5412	-0.650847	0.536519	-0.011448	0.00716378	-0.173966	2.50505	-3.07643	-1.91581	3.42422	-0.101895	0.0298786	-0.576505
5.95471	-5.84374	0.866833	-2.36731	13.7389	-1.75169	1.61197	-69.1809	-41.3298	9.40615	8.84437	-37.364	18.3337	-0.0411294	51.2765	-14.4305	2.1532	-4.94597	3.08364	-0.792779	-0.0898562	30.7222	-9.35661	0.491791	1.50323	-2.61219	-0.644385	0.503528	-0.00958058	-0.00449947	-0.166174	2.43041	-3.00194	-1.88928	3.33183	-0.0802877	0.0241971	-0.560916
5.9647	-0.471274	-0.667456	-4.15506	13.907	-2.01182	1.58079	-71.4538	-41.3454	10.0517	9.16461	-37.7565	19.0947	-0.0395372	49.9413	-14.8107	2.80569	-7.71969	3.10837	-0.856329	-0.0861177	30.0248	-9.24698	-3.34079	1.50317	-2.68411	-0.566555	0.470216	-0.00215834	-0.00670943	-0.142173	2.43284	-2.93836	-1.88946	3.27903	-0.0495152	0.0177024	-0.552636
5.97469	6.48083	-4.66372	-2.90573	14.0675	-2.28336	1.55613	-73.4691	-41.1423	10.6548	9.3557	-38.1405	19.728	-0.0393409	48.2216	-15.3387	3.56596	-11.246	3.14741	-0.935296	-0.0814299	27.4092	-8.64876	-3.69148	1.53416	-2.53377	-0.577359	0.543433	-0.0144316	-0.00201013	-0.144864	2.26537	-2.80846	-1.81586	3.14861	-0.041943	0.00926118	-0.525585
5.98468	14.5367	-9.05387	-0.555926	14.2166	-2.55737	1.53969	-75.2666	-40.7893	11.1775	9.34247	-38.5195	20.2242	-0.0398074	46.2446	-15.6847	4.54172	-15.8363	3.23383	-1.05428	-0.0760007	23.8727	-7.79441	-2.45441	1.57704	-2.4618	-0.608744	0.619799	-0.0275776	0.00450989	-0.152263	2.04806	-2.69776	-1.68996	2.97279	-0.0460082	0.00335546	-0.483868
5.99467	23.252	-12.8736	2.03504	14.352	-2.82234	1.5336	-76.8474	-40.4196	11.609	9.13768	-38.8755	20.5701	-0.0411447	44.3803	-16.0103	5.7231	-21.4551	3.45011	-1.23179	-0.0729012	19.6898	-6.83809	-0.539627	1.60864	-2.47479	-0.629359	0.687241	-0.0361401	0.0145332	-0.157293	1.83824	-2.60875	-1.54174	2.81992	-0.0563492	0.0027819	-0.441769
6.00466	31.4057	-16.1347	4.43763	14.4726	-3.06565	1.5398	-78.2983	-40.0087	11.9358	8.79353	-39.2016	20.7545	-0.0429681	43.0937	-16.4244	7.0309	-27.512	3.82193	-1.46366	-0.074268	15.5269	-5.87866	1.5446	1.63591	-2.52783	-0.635924	0.753225	-0.0395752	0.028431	-0.160437	1.63828	-2.52475	-1.38285	2.69277	-0.0687649	0.00650393	-0.402227
6.01465	37.3656	-18.9176	6.4391	14.5769	-3.27662	1.55875	-79.6169	-39.5836	12.1629	8.32843	-39.4802	20.7925	-0.0448009	42.965	-17.026	8.35731	-33.0729	4.34435	-1.73263	-0.0819499	12.1116	-5.06658	3.45302	1.64702	-2.59071	-0.626637	0.813887	-0.0386557	0.0447102	-0.161307	1.44212	-2.43161	-1.22501	2.59316	-0.0794008	0.0132077	-0.368286
6.02464	37.1807	-19.5947	7.1304	14.665	-3.44622	1.58937	-81.0302	-39.6834	12.3194	7.80783	-39.7001	20.69	-0.0459897	45.87	-17.308	9.10813	-37.1928	5.03335	-1.98242	-0.0992373	11.0713	-5.00375	4.84637	1.5677	-2.64605	-0.597916	0.848558	-0.0347731	0.0587763	-0.158373	1.23131	-2.34936	-1.08402	2.53075	-0.0868817	0.0223165	-0.344893
6.03464	33.0609	-18.7941	6.92908	14.7397	-3.5684	1.62852	-82.2438	-40.1146	12.3942	7.18888	-39.8537	20.4651	-0.0464947	50.4658	-17.2219	9.27796	-39.0188	5.73905	-2.17106	-0.123044	11.587	-5.47895	5.85672	1.46467	-2.66569	-0.564195	0.871485	-0.02931	0.0709586	-0.154982	1.02171	-2.27894	-0.966849	2.4806	-0.0914825	0.0304764	-0.328235
6.04463	26.2479	-17.0507	6.07086	14.8031	-3.64409	1.67217	-83.1418	-40.8117	12.3942	6.47715	-39.9395	20.1376	-0.0463476	56.2233	-16.9127	9.05923	-39.2055	6.41357	-2.30399	-0.150679	13.0649	-6.28854	6.4534	1.3578	-2.64351	-0.528365	0.889379	-0.0237191	0.0818027	-0.151594	0.829397	-2.21799	-0.877834	2.43929	-0.0925332	0.0363635	-0.31733
6.05462	18.0061	-15.0318	4.88804	14.857	-3.68119	1.7171	-83.6995	-41.6735	12.3335	5.68428	-39.9512	19.735	-0.045709	62.5922	-16.5706	8.71092	-38.2218	7.02366	-2.39586	-0.180061	14.9971	-7.20842	6.73737	1.25772	-2.59337	-0.494529	0.902052	-0.0184716	0.0910261	-0.148523	0.663555	-2.16642	-0.812987	2.4004	-0.090919	0.0398759	-0.309813
6.06461	9.60607	-13.3175	3.67351	14.9046	-3.69171	1.76071	-83.9285	-42.6278	12.1998	4.82803	-39.8808	19.2734	-0.0447065	69.012	-16.3691	8.46253	-36.3318	7.52467	-2.45555	-0.208787	16.9103	-8.04974	6.76863	1.17722	-2.52191	-0.46644	0.910651	-0.0138777	0.0984638	-0.146216	0.540285	-2.12102	-0.768679	2.36116	-0.0875	0.0412452	-0.304174
6.0746	2.0835	-12.0804	2.58086	14.9469	-3.68995	1.80117	-83.8035	-43.5882	11.9884	3.91349	-39.7318	18.7653	-0.0434325	74.9594	-16.2741	8.28376	-33.6139	7.87796	-2.47012	-0.235103	18.4509	-8.69814	6.57278	1.12754	-2.42488	-0.446446	0.919132	-0.0100205	0.104385	-0.145198	0.478891	-2.08114	-0.743489	2.3206	-0.0831074	0.0406542	-0.299575
6.08459	-3.70928	-11.7773	1.89151	14.9837	-3.68915	1.83766	-83.2625	-44.5359	11.702	2.94541	-39.5324	18.2211	-0.0419222	79.9167	-16.4656	8.34542	-30.0218	8.0529	-2.44595	-0.257396	19.3336	-9.01575	6.15239	1.11667	-2.30607	-0.435623	0.926827	-0.00701795	0.10858	-0.145398	0.499528	-2.03454	-0.73277	2.28011	-0.0783394	0.0388194	-0.295662
6.09458	-7.31387	-12.1624	1.51784	15.0143	-3.70031	1.86939	-82.2312	-45.385	11.3118	1.92154	-39.2999	17.6405	-0.040255	83.5135	-16.7279	8.39293	-25.5297	8.05436	-2.36215	-0.275807	19.4683	-9.01182	5.48148	1.15474	-2.15949	-0.436752	0.937971	-0.00518567	0.111215	-0.147695	0.616749	-1.98016	-0.735443	2.24113	-0.073673	0.0361438	-0.292458
6.10457	-8.46825	-13.1639	1.45623	15.0367	-3.73238	1.89587	-80.5486	-46.0727	10.7914	0.790224	-39.0245	17.0262	-0.0385161	85.3743	-16.9932	8.3278	-20.1601	7.91073	-2.21819	-0.29111	18.8374	-8.70484	4.52708	1.24992	-1.99233	-0.45241	0.952812	-0.00482581	0.112038	-0.152619	0.846146	-1.91636	-0.754152	2.2069	-0.069587	0.0324609	-0.290627
6.11456	-7.17276	-14.1216	1.31054	15.0469	-3.79534	1.91755	-78.0158	-46.4495	10.1264	-0.506921	-38.7019	16.3967	-0.0368175	85.177	-16.6629	7.71295	-14.0581	7.66906	-1.98858	-0.304978	17.5502	-8.21551	3.24595	1.39624	-1.80872	-0.480876	0.972522	-0.00589639	0.111309	-0.159886	1.19835	-1.85044	-0.795313	2.18222	-0.066557	0.0272377	-0.29133
6.12456	-3.57838	-14.1277	0.43609	15.0417	-3.90074	1.93616	-74.4935	-46.365	9.28654	-2.00642	-38.3419	15.7597	-0.0352859	82.6506	-14.7568	6.0935	-7.50644	7.37633	-1.64065	-0.318903	15.7736	-7.7362	1.71898	1.58029	-1.61476	-0.52207	0.999176	-0.0079614	0.109347	-0.169785	1.66836	-1.79464	-0.863298	2.17077	-0.0656808	0.0202305	-0.295478
6.13455	2.26484	-12.6578	-1.79555	15.0199	-4.06195	1.95429	-69.9325	-45.823	8.24895	-3.73582	-37.9643	15.1162	-0.0341072	77.4076	-10.7507	3.56097	-0.825077	7.05228	-1.17642	-0.332635	13.8195	-7.41039	-0.160335	1.77825	-1.43029	-0.571152	1.02998	-0.0111028	0.106033	-0.181035	2.24973	-1.75537	-0.962829	2.1833	-0.0669284	0.0112991	-0.304967
6.14454	10.1182	-9.52171	-5.57908	14.9802	-4.29508	1.97579	-64.4168	-44.9311	7.04915	-5.72526	-37.5688	14.4879	-0.0334881	69.2206	-4.53264	0.526426	5.65803	6.67518	-0.613746	-0.343858	11.9944	-7.37318	-2.27942	1.9534	-1.2979	-0.623422	1.05793	-0.015018	0.101311	-0.192261	2.9153	-1.73401	-1.09195	2.23401	-0.0698067	0.0013966	-0.321895
6.15453	19.5215	-4.95759	-10.7124	14.9237	-4.61629	2.00508	-58.2	-43.9958	5.74305	-7.99303	-37.1336	13.8961	-0.0336319	58.0803	3.07654	-2.2679	11.7328	6.1745	-0.00332481	-0.347929	10.7529	-7.7035	-4.72074	2.05848	-1.26672	-0.665953	1.07235	-0.0195552	0.0952491	-0.199912	3.62245	-1.72826	-1.24451	2.33202	-0.0742556	-0.00867391	-0.347159
6.16452	30.2299	-0.00286583	-15.8413	14.8543	-5.03614	2.04566	-51.7164	-43.5076	4.39448	-10.5169	-36.6449	13.349	-0.0346005	44.024	9.92241	-3.98831	17.5687	5.43636	0.562951	-0.338586	10.4047	-8.35864	-7.41981	2.0626	-1.3912	-0.692094	1.06419	-0.024442	0.0880234	-0.202041	4.32047	-1.72636	-1.40835	2.48301	-0.0799528	-0.0177139	-0.380711
6.17451	41.4468	3.57332	-18.53	14.7771	-5.55411	2.09876	-45.6148	-43.9622	3.10957	-13.2124	-36.0923	12.8597	-0.0363411	27.8883	12.8556	-4.17783	23.3226	4.3632	0.953796	-0.309826	11.0432	-9.16376	-10.0291	1.92834	-1.71883	-0.696745	1.02532	-0.0283482	0.0804594	-0.197576	4.94396	-1.7089	-1.56061	2.68804	-0.0863443	-0.0231255	-0.421245
6.1845	51.9964	5.03816	-17.2573	14.6962	-6.15373	2.1632	-40.3811	-45.6522	1.9754	-16.0064	-35.4326	12.439	-0.0387471	10.9942	9.9765	-3.27408	29.1921	2.91415	1.09311	-0.259071	12.6924	-9.98632	-12.4505	1.63027	-2.23351	-0.668973	0.95974	-0.0305353	0.0748147	-0.18508	5.44794	-1.67522	-1.68894	2.9382	-0.0931042	-0.0240092	-0.466688
6.19449	60.6284	4.91746	-12.1728	14.6158	-6.80036	2.23538	-36.2779	-48.4656	1.05117	-18.7983	-34.6394	12.0931	-0.0416332	-4.99323	1.87267	-2.20738	35.0946	1.14571	1.00276	-0.188941	15.2229	-10.7747	-14.5891	1.17664	-2.85605	-0.603121	0.88724	-0.0303311	0.0744381	-0.165531	5.81103	-1.64831	-1.79454	3.21307	-0.100309	-0.0215605	-0.514089
6.20448	66.0653	3.75847	-4.46025	14.5374	-7.44536	2.31103	-33.3125	-51.8504	0.32822	-21.5164	-33.7017	11.8018	-0.0446855	-18.1679	-9.33466	-1.63027	40.3897	-0.777943	0.756814	-0.106496	18.2465	-11.4336	-16.1654	0.60991	-3.47505	-0.501935	0.833813	-0.0278521	0.0826475	-0.142175	6.03712	-1.65181	-1.88716	3.48875	-0.106867	-0.0181364	-0.560675
6.21448	67.7826	2.81573	3.01874	14.4603	-8.03394	2.38619	-31.1191	-54.9269	-0.243852	-24.1649	-32.613	11.5372	-0.0475676	-27.1397	-19.6163	-1.70245	44.0843	-2.64457	0.514794	-0.0215404	21.199	-11.9907	-17.0299	0.00899688	-3.95823	-0.376196	0.826496	-0.0236365	0.100972	-0.119358	6.16132	-1.71698	-1.98694	3.73421	-0.11273	-0.0178877	-0.603033
6.22447	66.3225	2.84297	7.73459	14.3821	-8.51047	2.45704	-29.1749	-56.858	-0.7188	-26.7869	-31.4035	11.2594	-0.0499286	-31.4738	-25.5204	-2.00927	45.249	-4.24794	0.419945	0.0563364	23.3566	-12.5355	-17.0571	-0.511143	-4.20432	-0.249142	0.881725	-0.0189833	0.127672	-0.102345	6.23769	-1.85953	-2.11207	3.92126	-0.117922	-0.0246278	-0.637904
6.23446	64.4527	4.05221	8.66228	14.3005	-8.82111	2.52014	-27.0335	-57.1232	-1.15279	-29.4145	-30.1228	10.923	-0.0515911	-33.2053	-25.5108	-2.01983	44.3216	-5.4458	0.544907	0.118208	24.1538	-13.1359	-16.1397	-0.840629	-4.18062	-0.148075	1.00064	-0.0143808	0.158757	-0.095691	6.32037	-2.07234	-2.27133	4.03977	-0.12244	-0.0401425	-0.663924
6.24445	61.7966	6.3049	5.32161	14.2133	-8.91589	2.57306	-24.6654	-55.6836	-1.58492	-31.9899	-28.816	10.4965	-0.0523695	-32.2491	-19.6012	-1.50357	41.1479	-5.99636	0.840268	0.153517	23.7843	-13.8418	-14.4063	-0.973286	-3.87852	-0.0728949	1.17144	-0.0112627	0.19144	-0.0979503	6.39343	-2.33554	-2.44942	4.08026	-0.126021	-0.062954	-0.678956
6.25444	58.8963	9.1267	-1.11999	14.12	-8.75765	2.61579	-22.0596	-52.9648	-2.03015	-34.4566	-27.5017	9.98138	-0.0522696	-30.0327	-9.65875	-0.540834	36.8136	-5.83858	1.21507	0.157273	22.7626	-14.5332	-11.9765	-0.92652	-3.37492	-0.0233585	1.36515	-0.00961945	0.221692	-0.106469	6.43579	-2.61398	-2.62483	4.05465	-0.128522	-0.0897715	-0.683554
6.26443	55.7084	11.8775	-8.75644	14.0242	-8.33372	2.64961	-19.3054	-49.7118	-2.46547	-36.7122	-26.2048	9.40508	-0.051378	-27.5779	1.60346	0.551776	32.4005	-5.08306	1.56336	0.132734	21.7853	-14.9033	-9.03167	-0.742844	-2.80359	0.00236557	1.54085	-0.00929972	0.244866	-0.117349	6.41787	-2.86364	-2.77336	3.98095	-0.129985	-0.117092	-0.678788
6.27442	51.3533	13.6255	-15.2663	13.9331	-7.66757	2.67647	-16.475	-46.7492	-2.85414	-38.6306	-24.9614	8.81601	-0.0498612	-24.8746	11.2767	1.42463	28.3641	-3.95002	1.78158	0.0903034	21.3791	-14.6086	-5.68397	-0.475232	-2.3157	-0.000174808	1.65682	-0.00743918	0.255812	-0.128162	6.301	-3.04465	-2.86791	3.87462	-0.131188	-0.141039	-0.665092
6.28441	45.0961	13.6502	-18.838	13.8584	-6.81547	2.69697	-13.7397	-44.6285	-3.15177	-40.0533	-23.8084	8.27429	-0.0479188	-21.4964	17.1128	1.90965	24.6566	-2.67397	1.79547	0.0424365	21.702	-13.5178	-2.23493	-0.179554	-2.00069	-0.0230181	1.69143	-0.00468664	0.253555	-0.13523	6.067	-3.13259	-2.89138	3.75161	-0.131506	-0.158207	-0.644164
6.2944	37.0512	11.4798	-18.557	13.8122	-5.85157	2.71039	-11.2971	-43.5004	-3.3276	-40.8279	-22.7758	7.8486	-0.0458571	-17.1407	17.9579	2.05357	21.064	-1.44628	1.57672	-0.000422646	22.4894	-11.685	0.933708	0.0902204	-1.88911	-0.0578558	1.64428	-0.00129045	0.239595	-0.136851	5.72307	-3.13177	-2.84401	3.62394	-0.130719	-0.167233	-0.618216
6.3044	28.1066	7.14404	-14.8419	13.8026	-4.85112	2.71455	-9.42574	-43.1264	-3.34528	-40.8444	-21.8924	7.60245	-0.0439616	-11.8463	14.2164	2.05323	17.4531	-0.391676	1.1637	-0.032337	23.3259	-9.26797	3.51887	0.292258	-1.96817	-0.0955411	1.52707	0.00268024	0.216844	-0.132249	5.29584	-3.06252	-2.73769	3.49854	-0.128887	-0.168483	-0.589251
6.31439	19.3264	1.24593	-9.22896	13.8324	-3.87956	2.7076	-8.43317	-43.0585	-3.194	-40.0684	-21.1847	7.56082	-0.0424202	-5.83127	7.56578	2.09581	13.8131	0.43683	0.646074	-0.0521024	23.9501	-6.50377	5.34453	0.410491	-2.19569	-0.130226	1.36127	0.00667944	0.188876	-0.122058	4.82008	-2.94701	-2.58781	3.37851	-0.126367	-0.163189	-0.55876
6.32438	11.877	-5.16408	-3.60022	13.8985	-2.98593	2.68951	-8.47451	-42.8239	-2.89387	-38.5636	-20.6813	7.71396	-0.0412934	0.442829	0.193169	2.24959	10.3118	1.02518	0.135652	-0.0613034	24.1474	-3.75489	6.3169	0.467154	-2.50102	-0.1598	1.17781	0.0100617	0.15979	-0.108118	4.33981	-2.80926	-2.41334	3.26033	-0.123588	-0.153469	-0.527473
6.33437	6.59446	-10.7322	0.416598	13.9925	-2.20239	2.66207	-9.5339	-42.117	-2.47926	-36.4995	-20.3751	8.03858	-0.0405594	6.39047	-5.99044	2.44689	7.17413	1.40305	-0.279401	-0.0633816	23.839	-1.45558	6.31967	0.488238	-2.80292	-0.185821	1.01451	0.0120148	0.133825	-0.0942644	3.89244	-2.67278	-2.23155	3.1445	-0.120675	-0.140823	-0.497026
6.34436	3.76045	-14.3553	2.21015	14.1027	-1.54581	2.62767	-11.4139	-40.9283	-1.97778	-34.1285	-20.2333	8.50172	-0.0401444	11.493	-9.97146	2.56048	4.57504	1.62363	-0.559414	-0.0619563	23.0446	0.00738258	5.48102	0.504636	-3.04598	-0.218124	0.900389	0.0134176	0.112929	-0.0855819	3.50275	-2.55161	-2.05632	3.03043	-0.118081	-0.126767	-0.468761
6.35435	3.13786	-15.2278	1.66222	14.2176	-1.02062	2.58839	-13.7748	-39.5018	-1.42576	-31.7046	-20.2366	9.05604	-0.0399965	15.4432	-11.5469	2.46151	2.59449	1.73402	-0.700434	-0.0594914	21.9482	0.385545	3.72527	0.535165	-3.1959	-0.253869	0.849314	0.013213	0.0985715	-0.0827405	3.19683	-2.45063	-1.90324	2.9185	-0.11553	-0.113545	-0.4441
6.36434	4.13255	-13.4625	-0.52479	14.3282	-0.623395	2.54572	-16.2512	-38.127	-0.854216	-29.4301	-20.3851	9.65808	-0.0400612	18.2041	-11.2465	2.12722	1.22047	1.77527	-0.730059	-0.0573825	20.7014	-0.307796	1.25363	0.58362	-3.23681	-0.289521	0.864153	0.0113651	0.091293	-0.0859408	2.98186	-2.3666	-1.77954	2.81051	-0.112565	-0.102405	-0.423811
6.37433	6.00258	-9.81892	-3.40989	14.4277	-0.347434	2.50053	-18.5423	-37.0204	-0.27426	-27.4476	-20.6731	10.2853	-0.0402921	19.9254	-9.87597	1.6321	0.381115	1.77956	-0.687807	-0.0562472	19.4663	-1.84574	-1.63487	0.64133	-3.16819	-0.319823	0.936995	0.00800553	0.0906076	-0.094301	2.84475	-2.2902	-1.68236	2.71003	-0.10909	-0.093279	-0.407976
6.38433	8.21562	-5.35489	-6.24551	14.5115	-0.185654	2.45399	-20.4978	-36.2297	0.281012	-25.8436	-21.0742	10.923	-0.0406419	20.8595	-8.1052	1.08148	-0.0288249	1.77019	-0.608183	-0.0562894	18.2932	-3.87931	-4.55436	0.691912	-3.00414	-0.338356	1.05083	0.00339691	0.0953512	-0.105912	2.76124	-2.21119	-1.60334	2.62039	-0.105036	-0.085439	-0.39599
6.39432	10.5824	-1.27632	-8.31279	14.5775	-0.129456	2.40666	-22.1424	-35.7399	0.808966	-24.6231	-21.5866	11.5697	-0.0410508	21.2912	-6.56708	0.637387	-0.132412	1.763	-0.525851	-0.0573314	17.0862	-5.99846	-7.04214	0.729565	-2.77879	-0.345255	1.18129	-0.0019907	0.102938	-0.118751	2.70776	-2.1236	-1.53435	2.54433	-0.100651	-0.0782046	-0.386894
6.40431	13.0846	1.48194	-9.07214	14.6229	-0.167657	2.35917	-23.5573	-35.5157	1.30465	-23.7682	-22.2083	12.2097	-0.0414794	21.482	-5.59939	0.41731	-0.0502536	1.76566	-0.462929	-0.0590258	15.7121	-7.84652	-8.53428	0.76577	-2.5481	-0.353943	1.30047	-0.00639437	0.108691	-0.131813	2.66133	-2.0292	-1.46482	2.48079	-0.0968168	-0.0704784	-0.378675
6.4143	15.5987	2.6739	-8.78356	14.6471	-0.286761	2.31321	-24.8588	-35.4869	1.74246	-23.2304	-22.9316	12.8248	-0.0418902	21.6597	-5.21037	0.442305	0.0981744	1.77871	-0.426319	-0.0609618	14.2352	-9.21036	-9.06884	0.820646	-2.37609	-0.380029	1.38509	-0.0105195	0.108249	-0.143613	2.61673	-1.93483	-1.39151	2.42809	-0.0939947	-0.0619154	-0.370137
6.42429	17.8611	2.4317	-7.82652	14.6507	-0.47035	2.26964	-26.1245	-35.6224	2.10212	-22.9586	-23.7397	13.4048	-0.0422437	21.9851	-5.33626	0.704504	0.224863	1.79817	-0.41798	-0.0626878	12.83	-10.0387	-8.85159	0.905405	-2.29681	-0.432007	1.42716	-0.0152735	0.10002	-0.153343	2.5707	-1.84316	-1.30955	2.38408	-0.0926888	-0.0517507	-0.360456
6.43428	19.5491	1.10004	-6.58078	14.6346	-0.698938	2.22773	-27.3421	-35.8995	2.3845	-22.9213	-24.5983	13.9521	-0.0425329	22.5415	-5.81765	1.14167	0.282346	1.8194	-0.432629	-0.0639266	11.7264	-10.3652	-8.10674	1.02663	-2.30661	-0.512878	1.43534	-0.0198653	0.0847243	-0.161898	2.52931	-1.75235	-1.2197	2.35373	-0.0915174	-0.0396157	-0.350589
6.44427	20.3676	-0.832194	-5.31357	14.6007	-0.950757	2.18556	-28.4282	-36.3213	2.60122	-23.0934	-25.4743	14.4691	-0.0427166	23.3464	-6.44203	1.64597	0.253289	1.83795	-0.459252	-0.0645795	11.0979	-10.3269	-7.01043	1.18862	-2.36558	-0.616214	1.43063	-0.0247288	0.0654983	-0.170779	2.493	-1.65953	-1.11976	2.33348	-0.090241	-0.0251911	-0.340193
6.45426	20.3	-2.88197	-4.23945	14.5529	-1.20429	2.1408	-29.3155	-36.8868	2.74599	-23.423	-26.3419	14.9525	-0.0427773	24.3659	-7.03123	2.11447	0.140817	1.85271	-0.487449	-0.0647483	10.9491	-10.0881	-5.73148	1.38119	-2.43632	-0.730489	1.42818	-0.0299842	0.045357	-0.180465	2.46414	-1.56756	-1.01206	2.3197	-0.0886806	-0.00880121	-0.329277
6.46425	19.4453	-4.73038	-3.43368	14.4962	-1.44074	2.0914	-29.9654	-37.5777	2.83124	-23.8424	-27.1782	15.4084	-0.042714	25.5651	-7.51483	2.49874	-0.0502212	1.86612	-0.512653	-0.0646239	11.2025	-9.79567	-4.40333	1.58815	-2.48965	-0.843178	1.43826	-0.0356905	0.0269196	-0.191002	2.44799	-1.47951	-0.901839	2.31058	-0.0867859	0.00881725	-0.318336
6.47425	17.9692	-6.13899	-2.92247	14.436	-1.64551	2.03494	-30.3686	-38.3636	2.89302	-24.2782	-27.9543	15.8511	-0.0425692	26.917	-7.84451	2.76477	-0.310882	1.88375	-0.53216	-0.0645171	11.7364	-9.55828	-3.14135	1.79169	-2.50491	-0.943943	1.47048	-0.0417633	0.0124501	-0.203018	2.45104	-1.40025	-0.798234	2.30482	-0.0846315	0.0262027	-0.308122
6.48424	16.0845	-7.01614	-2.72692	14.3775	-1.80854	1.97101	-30.5473	-39.1796	2.93648	-24.6518	-28.6431	16.2841	-0.0423881	28.3897	-8.00797	2.90795	-0.623145	1.91186	-0.546066	-0.064745	12.4059	-9.43704	-2.04085	1.97903	-2.47182	-1.02774	1.5348	-0.0482445	0.00353367	-0.218077	2.47271	-1.33363	-0.706612	2.29966	-0.082114	0.0423544	-0.298808
6.49423	13.9884	-7.4034	-2.78984	14.3247	-1.92332	1.9007	-30.5412	-39.9523	2.95812	-24.8937	-29.2216	16.6995	-0.0422121	29.9401	-8.02199	2.94977	-0.96845	1.95485	-0.55633	-0.0655244	13.0818	-9.4779	-1.12304	2.1369	-2.38674	-1.08995	1.63681	-0.0558694	0.00119536	-0.237137	2.50545	-1.28354	-0.628425	2.29387	-0.0793675	0.0570012	-0.29047
6.50422	11.9785	-7.47421	-3.1165	14.2797	-1.98567	1.82564	-30.4326	-40.5849	2.97408	-24.9241	-29.6922	17.0913	-0.0420804	31.4575	-7.98676	2.96212	-1.31643	2.01092	-0.568187	-0.0667931	13.6255	-9.67318	-0.549317	2.25112	-2.26393	-1.13219	1.77124	-0.0626541	0.00428906	-0.2602	2.55063	-1.24546	-0.567841	2.29669	-0.0757722	0.0699833	-0.285252
6.51421	10.2965	-7.40859	-3.5956	14.2436	-1.99255	1.74709	-30.261	-41.0184	2.99044	-24.6989	-30.0631	17.4468	-0.0420297	32.808	-8.00741	3.0058	-1.65416	2.07335	-0.585102	-0.0682707	13.9418	-10.0165	-0.340884	2.31942	-2.11778	-1.15726	1.93447	-0.0683852	0.0119283	-0.287242	2.60213	-1.23134	-0.531832	2.30119	-0.0716197	0.0797903	-0.282388
6.5242	9.0618	-7.33733	-4.12185	14.2165	-1.94319	1.66523	-30.0356	-41.2421	3.02501	-24.2052	-30.3468	17.7664	-0.0420673	33.8782	-8.14742	3.12762	-1.98108	2.13324	-0.608795	-0.0695801	14.0148	-10.4787	-0.486199	2.34362	-1.95714	-1.1667	2.12047	-0.0725265	0.023204	-0.317459	2.65865	-1.23957	-0.519498	2.30621	-0.0674259	0.0864158	-0.281599
6.53419	8.18776	-7.39057	-4.62166	14.1961	-1.84016	1.58086	-29.7038	-41.2334	3.08785	-23.4801	-30.5545	18.0587	-0.0421806	34.6111	-8.42674	3.35696	-2.30752	2.18417	-0.640201	-0.0704308	13.9171	-11.0215	-0.94486	2.33842	-1.79134	-1.16779	2.32495	-0.0751874	0.0365961	-0.350701	2.72481	-1.25352	-0.521853	2.31896	-0.0635485	0.0916302	-0.283539
6.54418	7.49915	-7.60486	-5.05415	14.18	-1.68949	1.49529	-29.2456	-41.0099	3.17298	-22.5584	-30.7183	18.3243	-0.0423318	35.0349	-8.84258	3.69663	-2.65848	2.22304	-0.678998	-0.0706453	13.7577	-11.6459	-1.64552	2.32125	-1.636	-1.17027	2.53966	-0.0769843	0.0499084	-0.386205	2.80153	-1.27323	-0.538072	2.33475	-0.0600857	0.0952473	-0.287226
6.55417	6.92029	-7.90353	-5.4348	14.1669	-1.50281	1.40875	-28.7014	-40.6506	3.27804	-21.4811	-30.8732	18.5657	-0.0424912	35.2086	-9.37507	4.13593	-3.03573	2.24861	-0.724041	-0.0701708	13.6001	-12.3654	-2.53415	2.30471	-1.50997	-1.1836	2.75344	-0.0785948	0.0607551	-0.422689	2.88876	-1.30376	-0.569865	2.34818	-0.0571704	0.0966286	-0.291745
6.56417	6.33528	-8.12529	-5.8205	14.1548	-1.29783	1.32122	-28.0766	-40.2828	3.40764	-20.3331	-31.0375	18.7974	-0.0426245	35.2136	-9.97917	4.6436	-3.42747	2.26188	-0.772786	-0.0690943	13.4979	-13.1965	-3.5846	2.30352	-1.42572	-1.21776	2.95883	-0.0810144	0.0669684	-0.459457	2.99043	-1.34535	-0.618962	2.35815	-0.0547344	0.095332	-0.29699
6.57416	5.72986	-8.06388	-6.25807	14.1415	-1.0954	1.23213	-27.3861	-40.0622	3.58448	-19.1952	-31.2314	19.0455	-0.0427047	35.1207	-10.5936	5.16484	-3.81031	2.26448	-0.820559	-0.0675847	13.4438	-14.1666	-4.80296	2.31328	-1.39648	-1.27248	3.14028	-0.0847823	0.0673126	-0.493479	3.11478	-1.38998	-0.686055	2.36768	-0.0525503	0.0912355	-0.303621
6.58415	5.32474	-7.75492	-6.74539	14.1251	-0.915267	1.1417	-26.7693	-39.9963	3.81946	-18.1091	-31.4826	19.3182	-0.0427179	34.9778	-11.1614	5.64767	-4.15855	2.26315	-0.86452	-0.0660284	13.3036	-15.2109	-6.07551	2.32535	-1.43289	-1.34777	3.28391	-0.088213	0.0608078	-0.522514	3.26194	-1.42614	-0.761127	2.37895	-0.0510845	0.0860025	-0.311328
6.59414	5.18009	-7.11953	-7.31414	14.1036	-0.771354	1.04919	-26.2693	-40.1517	4.09331	-17.1269	-31.8042	19.6067	-0.0426709	34.8042	-11.636	6.03863	-4.45194	2.26155	-0.900859	-0.0646781	13.0477	-16.3007	-7.35778	2.33086	-1.52348	-1.43592	3.38839	-0.0913595	0.0486403	-0.545507	3.43634	-1.45684	-0.850752	2.3927	-0.0506434	0.0784656	-0.320654
6.60413	5.27276	-6.1516	-7.90913	14.0752	-0.670999	0.951876	-25.8513	-40.5924	4.42237	-16.309	-32.1997	19.926	-0.0426021	34.6058	-12.0145	6.30645	-4.67578	2.26261	-0.927376	-0.0637154	12.6629	-17.3789	-8.59875	2.31916	-1.65054	-1.52636	3.45236	-0.0941557	0.0323661	-0.561289	3.6453	-1.48029	-0.960408	2.41348	-0.0514952	0.0678812	-0.332702
6.61412	5.59355	-4.93132	-8.46223	14.0404	-0.616302	0.847018	-25.4806	-41.3213	4.81977	-15.6944	-32.652	20.2902	-0.0425446	34.3831	-12.324	6.44818	-4.81155	2.26835	-0.943992	-0.0632492	12.1369	-18.3961	-9.75644	2.28157	-1.79108	-1.60761	3.47612	-0.0964823	0.0137648	-0.568969	3.89357	-1.49397	-1.09138	2.44467	-0.0536709	0.0542423	-0.348045
6.62411	6.18605	-3.58716	-8.96064	14.0003	-0.604698	0.73378	-25.1491	-42.2826	5.27069	-15.2895	-33.1447	20.6909	-0.0424983	34.1226	-12.5895	6.47503	-4.83733	2.27915	-0.951442	-0.063316	11.4477	-19.3167	-10.8141	2.21442	-1.93748	-1.67632	3.45569	-0.0984146	-0.00690494	-0.567694	4.18104	-1.49786	-1.24225	2.48723	-0.0570864	0.037899	-0.366632
6.6341	7.04504	-2.20037	-9.40653	13.9561	-0.631536	0.612395	-24.8609	-43.4066	5.76471	-15.0689	-33.6804	21.1194	-0.0424396	33.8437	-12.8165	6.38871	-4.75958	2.29418	-0.949643	-0.0638528	10.5863	-20.1377	-11.7674	2.11992	-2.08948	-1.73488	3.38861	-0.100445	-0.0300369	-0.557307	4.50599	-1.49766	-1.41367	2.5421	-0.0616739	0.0189681	-0.388546
6.64409	8.09032	-0.829512	-9.76214	13.9089	-0.691666	0.483989	-24.5689	-44.6334	6.27699	-15.0253	-34.2453	21.5653	-0.0423376	33.5658	-13.0211	6.2017	-4.58498	2.31002	-0.938678	-0.064683	9.54606	-20.9091	-12.5978	2.00422	-2.24142	-1.78472	3.27584	-0.103514	-0.0555481	-0.538035	4.86168	-1.49087	-1.60374	2.60985	-0.0673712	-0.00235231	-0.413869
6.65409	9.40058	0.331376	-10.0192	13.8611	-0.778808	0.349833	-24.3032	-45.8599	6.8052	-15.1222	-34.8203	22.0271	-0.0422344	33.3131	-13.2446	5.94422	-4.31562	2.32588	-0.920947	-0.065721	8.2617	-21.6061	-13.2871	1.87525	-2.3925	-1.83313	3.12145	-0.104752	-0.0839575	-0.511231	5.23257	-1.4785	-1.8004	2.68766	-0.0733991	-0.0242433	-0.441066
6.66408	10.9136	1.20901	-10.1732	13.8141	-0.885471	0.211901	-24.0552	-47.0453	7.33073	-15.3228	-35.3937	22.4886	-0.0421248	33.1021	-13.5242	5.65007	-3.95316	2.34258	-0.899441	-0.0669494	6.73797	-22.26	-13.8427	1.73502	-2.53879	-1.88033	2.93515	-0.104262	-0.114315	-0.478546	5.59863	-1.46436	-1.99605	2.77036	-0.0794614	-0.0460287	-0.468763
6.67407	12.5208	1.67797	-10.2262	13.7685	-1.00309	0.0736098	-23.84	-48.136	7.83364	-15.5622	-35.9684	22.9286	-0.0420074	32.9269	-13.882	5.34222	-3.50872	2.36057	-0.876332	-0.0683437	5.05171	-22.8453	-14.2627	1.58178	-2.67791	-1.92559	2.72937	-0.102467	-0.145459	-0.442114	5.94343	-1.4469	-2.18505	2.85906	-0.085579	-0.0671219	-0.496758
6.68406	14.132	1.63008	-10.192	13.7259	-1.12289	-0.0620283	-23.6862	-49.0701	8.29727	-15.767	-36.5434	23.3321	-0.0418904	32.7809	-14.3189	5.03894	-3.0089	2.38008	-0.853604	-0.0698464	3.2818	-23.3273	-14.5377	1.42107	-2.81026	-1.97319	2.51404	-0.100158	-0.177349	-0.40393	6.25495	-1.42604	-2.36326	2.95572	-0.0918495	-0.0870457	-0.525058
6.69405	15.5973	1.03009	-10.0923	13.6881	-1.23861	-0.193697	-23.5866	-49.8173	8.72105	-15.9028	-37.0975	23.6995	-0.0417864	32.6776	-14.8307	4.76173	-2.48224	2.40269	-0.833919	-0.0714378	1.51587	-23.6784	-14.6524	1.25918	-2.93254	-2.02531	2.2991	-0.0980041	-0.209643	-0.365779	6.52533	-1.4038	-2.52819	3.05959	-0.0984288	-0.105684	-0.553317
6.70404	16.7746	-0.10809	-9.90816	13.6574	-1.34733	-0.321175	-23.5614	-50.3838	9.13194	-15.9155	-37.6402	24.0452	-0.0417036	32.6371	-15.4117	4.53258	-1.95014	2.43093	-0.820164	-0.0731454	-0.14395	-23.8765	-14.5745	1.08677	-3.03544	-2.07009	2.09254	-0.0959845	-0.2398	-0.328197	6.74816	-1.3809	-2.67631	3.16765	-0.10548	-0.122887	-0.580723
6.71403	17.5452	-1.72525	-9.60643	13.6368	-1.44813	-0.44355	-23.6581	-50.7806	9.52393	-15.7471	-38.1899	24.3645	-0.0416405	32.6905	-16.0333	4.35275	-1.44221	2.46807	-0.813642	-0.0750325	-1.59056	-23.9053	-14.2253	0.900664	-3.11	-2.09831	1.9009	-0.0945755	-0.265814	-0.291723	6.91633	-1.35716	-2.80147	3.27453	-0.11315	-0.138136	-0.605854
6.72402	17.7811	-3.69367	-9.00155	13.629	-1.5427	-0.56023	-23.8996	-51.0394	9.89262	-15.3668	-38.7577	24.661	-0.0415774	32.8506	-16.6512	4.21141	-0.984576	2.51489	-0.813754	-0.0770992	-2.71066	-23.7924	-13.4028	0.702176	-3.14973	-2.10089	1.72826	-0.0948757	-0.285738	-0.256489	7.0228	-1.33217	-2.89934	3.37267	-0.121801	-0.151324	-0.627102
6.73401	17.5916	-5.87102	-8.45192	13.6344	-1.63475	-0.672277	-24.284	-51.1584	10.2719	-14.7935	-39.3352	24.9618	-0.0415284	33.0776	-17.2223	4.09183	-0.587661	2.57144	-0.819192	-0.0793598	-3.49632	-23.512	-12.4987	0.48582	-3.15469	-2.07461	1.57501	-0.0949594	-0.298678	-0.22257	7.08683	-1.30262	-2.97336	3.46777	-0.128627	-0.162	-0.645625
6.74401	17.1388	-8.08881	-7.90032	13.6523	-1.72624	-0.781499	-24.7966	-51.1778	10.6654	-14.0621	-39.9153	25.2758	-0.041496	33.257	-17.6777	3.9728	-0.231631	2.62932	-0.82548	-0.0815973	-3.95229	-23.0789	-11.4947	0.253778	-3.11744	-2.01653	1.44486	-0.0952713	-0.303969	-0.19079	7.10983	-1.27074	-3.02365	3.55672	-0.133575	-0.170164	-0.660892
6.754	16.6052	-10.1777	-7.25875	13.6809	-1.8159	-0.890285	-25.4361	-51.1413	11.072	-13.1889	-40.5149	25.6008	-0.0414845	33.2639	-17.9528	3.83455	0.102658	2.6751	-0.826771	-0.0834032	-4.08269	-22.5165	-10.3538	0.0177798	-3.03836	-1.93354	1.34284	-0.0963845	-0.302541	-0.162774	7.09224	-1.23981	-3.05045	3.6369	-0.136708	-0.175793	-0.672479
6.76399	16.06	-12.0142	-6.47895	13.7163	-1.89959	-1.00103	-26.1484	-51.0647	11.481	-12.2209	-41.1374	25.9333	-0.0415015	33.0206	-18.0054	3.66308	0.419227	2.69446	-0.817474	-0.0842864	-3.89249	-21.8524	-9.07068	-0.215128	-2.92093	-1.83053	1.27261	-0.0979443	-0.295014	-0.139739	7.0377	-1.21053	-3.05732	3.70727	-0.138391	-0.179475	-0.680529
6.77398	15.6036	-13.5395	-5.58758	13.7536	-1.97198	-1.11678	-26.846	-50.9536	11.8776	-11.2462	-41.7562	26.2748	-0.0415493	32.4737	-17.8266	3.45061	0.73101	2.67749	-0.79362	-0.083915	-3.46429	-21.1082	-7.71884	-0.443611	-2.77358	-1.71224	1.23451	-0.0984851	-0.282105	-0.122233	6.95122	-1.18976	-3.05004	3.76506	-0.139187	-0.182174	-0.685054
6.78397	15.2896	-14.7796	-4.46107	13.7871	-2.02767	-1.24011	-27.4424	-50.8251	12.2598	-10.3491	-42.3551	26.6286	-0.0416157	31.5799	-17.4466	3.20099	1.06131	2.62141	-0.754153	-0.0822229	-2.85892	-20.2825	-6.23474	-0.66643	-2.59601	-1.58088	1.22914	-0.0975652	-0.264506	-0.11071	6.83649	-1.17428	-3.02864	3.81116	-0.139813	-0.183787	-0.686267
6.79396	15.0983	-15.6981	-2.86035	13.8108	-2.06167	-1.37147	-27.8604	-50.6798	12.6042	-9.6032	-42.9295	26.9797	-0.0416766	30.3378	-16.8423	2.90951	1.43453	2.53079	-0.698649	-0.0794383	-2.10209	-19.4033	-4.38748	-0.881199	-2.39588	-1.43397	1.2525	-0.0951879	-0.241794	-0.104263	6.68661	-1.17423	-2.99313	3.83767	-0.140991	-0.184652	-0.682729
6.80395	15.2123	-16.339	-1.4103	13.8193	-2.07131	-1.50971	-28.082	-50.4919	12.8872	-9.06302	-43.4716	27.3076	-0.0417294	28.7972	-16.0741	2.58648	1.85553	2.42504	-0.633633	-0.0762484	-1.39438	-18.4933	-2.80281	-1.08983	-2.18717	-1.28186	1.29469	-0.0898919	-0.21593	-0.101707	6.51227	-1.20091	-2.94624	3.84665	-0.140895	-0.184188	-0.675312
6.81394	15.6354	-16.7654	-0.184762	13.8096	-2.05738	-1.65285	-28.103	-50.2469	13.084	-8.76475	-43.972	27.6005	-0.0417845	27.0043	-15.192	2.24304	2.34046	2.3183	-0.564484	-0.0731665	-0.786792	-17.5803	-1.53101	-1.28793	-1.96794	-1.12672	1.35185	-0.0827476	-0.187672	-0.102484	6.31531	-1.24817	-2.8848	3.83771	-0.14009	-0.181767	-0.664059
6.82393	16.2876	-16.9693	0.757776	13.7793	-2.02077	-1.79904	-27.9009	-49.9392	13.1779	-8.74003	-44.4152	27.8441	-0.0418432	25.0118	-14.2285	1.88394	2.89646	2.22094	-0.495563	-0.0705566	-0.281915	-16.7134	-0.604192	-1.47317	-1.733	-0.969189	1.42222	-0.0746381	-0.157567	-0.106321	6.10228	-1.30527	-2.80967	3.81274	-0.139186	-0.177465	-0.649728
6.83393	17.0745	-16.8987	1.40756	13.7281	-1.96204	-1.94661	-27.4689	-49.5772	13.176	-8.99369	-44.7931	28.0308	-0.0419068	22.8778	-13.2048	1.50679	3.51488	2.13771	-0.429926	-0.0685539	0.137803	-15.9491	-0.023237	-1.64517	-1.47335	-0.807882	1.50601	-0.0662989	-0.125917	-0.113223	5.87499	-1.36371	-2.72042	3.77147	-0.138357	-0.171265	-0.632587
6.84392	17.9016	-16.6055	1.78658	13.6578	-1.88155	-2.09337	-26.8331	-49.1508	13.0757	-9.50092	-45.1016	28.1547	-0.0419929	20.653	-12.1825	1.12388	4.1667	2.06639	-0.371487	-0.0669685	0.508215	-15.316	0.250928	-1.80333	-1.17889	-0.641597	1.60279	-0.0583646	-0.0932378	-0.123129	5.63668	-1.40656	-2.61524	3.71841	-0.137663	-0.162798	-0.613619
6.85391	18.7838	-16.1752	1.98152	13.5732	-1.77944	-2.2384	-26.0669	-48.6545	12.8923	-10.2022	-45.3461	28.2216	-0.042138	18.3671	-11.2298	0.74382	4.81574	1.99731	-0.322613	-0.0653212	0.832728	-14.8345	0.283607	-1.94428	-0.850739	-0.474765	1.70963	-0.051379	-0.0608771	-0.135656	5.39352	-1.43848	-2.50223	3.65473	-0.137139	-0.153185	-0.593621
6.8639	19.6926	-15.7595	2.10155	13.4793	-1.65564	-2.38145	-25.2419	-48.0694	12.6509	-11.037	-45.5197	28.2427	-0.042337	16.0889	-10.441	0.381572	5.40809	1.92334	-0.286989	-0.0631809	1.09805	-14.4999	0.167142	-2.06314	-0.499516	-0.318381	1.82144	-0.0458475	-0.0312156	-0.15022	5.14667	-1.46548	-2.38631	3.5757	-0.13659	-0.143387	-0.572066
6.87389	20.4593	-15.5134	2.24228	13.3819	-1.50882	-2.52158	-24.4331	-47.3479	12.3621	-11.9365	-45.6209	28.2251	-0.0425707	13.9466	-9.87561	0.0471075	5.87202	1.84126	-0.26696	-0.0602727	1.35748	-14.2656	0.0350987	-2.16229	-0.141749	-0.173581	1.93065	-0.0416083	-0.00419568	-0.16529	4.90348	-1.48338	-2.2745	3.48105	-0.136626	-0.134819	-0.549215
6.88388	20.9571	-15.6004	2.443	13.286	-1.3369	-2.65712	-23.7028	-46.4756	12.0422	-12.8282	-45.6538	28.1784	-0.0428331	12.1055	-9.58695	-0.249615	6.12093	1.75293	-0.264651	-0.0565182	1.57917	-14.0467	-0.0145045	-2.2475	0.213693	-0.0415794	2.03222	-0.0385664	0.0200137	-0.17986	4.67697	-1.49366	-2.17659	3.37682	-0.136763	-0.128633	-0.526468
6.89387	21.0256	-16.0752	2.65489	13.1962	-1.13881	-2.78571	-23.1001	-45.4466	11.6771	-13.6509	-45.6212	28.1006	-0.043099	10.7563	-9.56529	-0.512359	6.08287	1.66597	-0.279029	-0.0521432	1.73008	-13.7842	0.0770707	-2.32454	0.555323	0.0759305	2.12574	-0.0365645	0.0416323	-0.193682	4.47482	-1.50562	-2.09897	3.26488	-0.13645	-0.125446	-0.504267
6.90386	20.5454	-16.9612	2.81655	13.1161	-0.915522	-2.90592	-22.6509	-44.284	11.2687	-14.3612	-45.5304	27.9921	-0.0433184	10.0121	-9.79978	-0.739088	5.73222	1.59096	-0.308114	-0.0475937	1.79221	-13.4273	0.303914	-2.40397	0.865934	0.175054	2.20977	-0.0353332	0.0608425	-0.206323	4.2998	-1.52326	-2.04048	3.14592	-0.135092	-0.124708	-0.48247
6.91385	19.4728	-18.2303	2.87228	13.0483	-0.670123	-3.01691	-22.3552	-43.0107	10.8277	-14.9257	-45.3977	27.8637	-0.0434504	9.86926	-10.2568	-0.921176	5.09448	1.53501	-0.347716	-0.0433054	1.77586	-12.9449	0.617528	-2.50176	1.12644	0.253208	2.27986	-0.0343912	0.0783291	-0.216731	4.15114	-1.54803	-1.99623	3.01909	-0.131957	-0.125431	-0.46049
6.92385	17.8435	-19.8137	2.77658	12.9937	-0.409164	-3.11796	-22.1855	-41.6285	10.3569	-15.339	-45.2375	27.7255	-0.0434588	10.2079	-10.8642	-1.04133	4.2521	1.4982	-0.390582	-0.0395754	1.72212	-12.326	0.961393	-2.63139	1.32271	0.318797	2.33378	-0.0329512	0.0970658	-0.22396	4.02251	-1.58189	-1.9577	2.88187	-0.126014	-0.126182	-0.437216
6.93384	15.8457	-21.6362	2.46468	12.9534	-0.140439	-3.20886	-22.1752	-40.1388	9.83214	-15.5649	-45.0988	27.577	-0.0433053	10.8361	-11.5371	-1.07653	3.3212	1.47722	-0.428623	-0.0366214	1.68002	-11.5859	1.26789	-2.79689	1.44257	0.385072	2.37184	-0.0302544	0.120839	-0.227603	3.90423	-1.62805	-1.91475	2.73331	-0.1161	-0.125245	-0.411728
6.94383	13.7054	-23.6112	1.9029	12.9282	0.127983	-3.28923	-22.3508	-38.5345	9.24574	-15.5677	-45.0396	27.4266	-0.042959	11.5522	-12.1713	-1.0162	2.41324	1.46906	-0.453952	-0.0346427	1.69604	-10.7614	1.45973	-2.99146	1.47318	0.463932	2.39753	-0.0258961	0.152805	-0.228171	3.79683	-1.68748	-1.8677	2.57664	-0.104009	-0.122923	-0.384641
6.95382	11.524	-25.6171	1.16994	12.9153	0.388438	-3.36046	-22.6549	-36.8116	8.6199	-15.3876	-45.0849	27.2948	-0.0423738	12.2016	-12.6794	-0.865242	1.60208	1.46993	-0.461089	-0.0336863	1.83853	-9.90299	1.53266	-3.20315	1.39161	0.566211	2.41784	-0.0196808	0.195979	-0.226914	3.72724	-1.75196	-1.84093	2.43172	-0.0926743	-0.123008	-0.361021
6.96381	9.42627	-27.5995	0.401945	12.9136	0.635962	-3.42369	-23.115	-34.972	7.97402	-15.0122	-45.2951	27.2026	-0.0415048	12.6917	-13.0301	-0.633397	0.928793	1.47352	-0.447368	-0.0335714	2.1594	-9.0702	1.54237	-3.41058	1.15835	0.698293	2.44635	-0.0117352	0.252751	-0.226452	3.69634	-1.81297	-1.84019	2.30409	-0.0837402	-0.126897	-0.342335
6.9738	8.02044	-29.1328	0.227451	12.9203	0.869662	-3.47842	-23.8554	-33.107	7.28805	-14.4097	-45.7223	27.1412	-0.0403215	12.8892	-13.156	-0.343358	0.427683	1.47443	-0.412825	-0.0340614	2.62122	-8.62413	2.08071	-3.43748	0.908517	0.821883	2.49104	-0.00733562	0.302665	-0.231215	3.6712	-1.8609	-1.84653	2.19159	-0.0779261	-0.132352	-0.326792
6.98379	7.24231	-30.2024	0.564427	12.9311	1.0937	-3.52376	-24.8297	-31.2197	6.59018	-13.6078	-46.3938	27.1132	-0.0387664	12.7958	-13.0746	-0.0095116	0.0894684	1.46856	-0.359941	-0.0348798	3.24347	-8.56553	3.00624	-3.30215	0.652941	0.929395	2.54047	-0.00723084	0.342254	-0.239441	3.64164	-1.89967	-1.85187	2.09334	-0.0737163	-0.137837	-0.313548
6.99378	7.97134	-28.3897	1.27693	12.9688	1.0776	-3.59512	-25.8718	-29.1852	5.86457	-12.644	-47.298	27.1026	-0.0372098	12.2291	-10.9412	0.283788	0.283694	0.729633	0.0290392	-0.0361001	4.02731	-9.08578	4.24927	-3.06719	0.370917	1.01017	2.60997	-0.0118488	0.371636	-0.252166	3.64937	-1.95846	-1.87392	2.02171	-0.0713835	-0.144443	-0.304469
7.00377	8.81254	-26.494	2.23106	12.995	1.0597	-3.64561	-27.0254	-27.0905	5.09729	-11.5527	-48.4306	27.0781	-0.0353089	11.5983	-8.9964	0.606129	0.529309	-0.0500513	0.394909	-0.0372307	4.97702	-9.88414	5.69746	-2.77475	0.0730101	1.06852	2.66896	-0.0198882	0.391786	-0.264347	3.63984	-2.01382	-1.8838	1.96105	-0.0694207	-0.149113	-0.296041
7.01377	9.82337	-23.9236	3.26552	13.0121	0.974681	-3.68191	-28.215	-24.8665	4.3085	-10.3769	-49.7369	27.0145	-0.0332515	10.9153	-6.82352	0.908559	0.877937	-1.10119	0.825944	-0.0382539	6.12872	-10.9453	7.20601	-2.46764	-0.24228	1.09517	2.72231	-0.0309614	0.402854	-0.27634	3.62563	-2.07316	-1.88806	1.9149	-0.0679936	-0.152481	-0.288941
7.02376	10.6738	-21.121	4.23999	13.0118	0.84231	-3.69612	-29.4134	-22.4292	3.50061	-9.17449	-51.1271	26.8685	-0.0311519	10.2813	-4.75948	1.1533	1.20451	-2.39154	1.29169	-0.0390385	7.49465	-12.1546	8.63298	-2.17719	-0.567179	1.08166	2.76311	-0.0441357	0.404455	-0.286967	3.60098	-2.13477	-1.88414	1.878	-0.068193	-0.154634	-0.282311
7.03375	11.2593	-18.4571	5.06622	12.9918	0.678689	-3.68249	-30.6305	-19.733	2.68914	-7.96974	-52.5034	26.6104	-0.0291064	9.73226	-2.98826	1.30039	1.39265	-3.89041	1.77899	-0.039525	9.02467	-13.3448	9.83806	-1.92876	-0.892055	1.02493	2.77936	-0.0577873	0.397013	-0.294051	3.57235	-2.19429	-1.87687	1.84802	-0.0699543	-0.156496	-0.276342
7.04374	11.5651	-16.1749	5.7444	12.9523	0.498136	-3.63534	-31.8361	-16.7872	1.89921	-6.8064	-53.7273	26.2141	-0.027234	9.29217	-1.58136	1.29161	1.31971	-5.55147	2.27387	-0.0398571	10.6211	-14.347	10.7426	-1.73434	-1.21153	0.922556	2.76042	-0.0698464	0.380786	-0.295745	3.5566	-2.24831	-1.87759	1.82198	-0.0738272	-0.160023	-0.271532
7.05373	11.6478	-14.3731	6.33393	12.8927	0.313695	-3.54724	-33.0239	-13.622	1.18603	-5.71731	-54.645	25.6561	-0.0257612	8.97872	-0.568335	1.08722	0.845387	-7.30742	2.75593	-0.0402167	12.2041	-15.0669	11.3249	-1.60013	-1.51643	0.783684	2.70247	-0.0774806	0.358052	-0.291014	3.57426	-2.29466	-1.90106	1.80262	-0.0811871	-0.167419	-0.269539
7.06372	11.7477	-13.1986	6.85932	12.8155	0.13798	-3.40671	-34.2971	-10.2547	0.568393	-4.67848	-55.1251	24.9082	-0.0249912	8.75632	-0.000897864	0.712167	-0.162071	-9.06987	3.17631	-0.0406583	13.6915	-15.4823	11.6154	-1.52025	-1.79642	0.623887	2.61626	-0.0789454	0.33215	-0.281243	3.63911	-2.33449	-1.95839	1.79395	-0.0935904	-0.180234	-0.271928
7.07371	12.0303	-12.8112	7.32394	12.7231	-0.017086	-3.20344	-35.7853	-6.71727	0.02752	-3.6548	-55.0403	23.9521	-0.0251939	8.693	0.051546	0.195256	-1.88351	-10.7243	3.48297	-0.0410887	14.9994	-15.5781	11.6815	-1.47982	-2.04106	0.466019	2.51743	-0.07404	0.307401	-0.268302	3.7371	-2.37007	-2.03653	1.78523	-0.109901	-0.1965	-0.27608
7.0837	12.6428	-13.1702	7.78325	12.6173	-0.137658	-2.93315	-37.5042	-3.13412	-0.423358	-2.64793	-54.2815	22.7943	-0.0264784	8.80059	-0.475837	-0.394581	-4.43591	-12.1744	3.63951	-0.0413953	16.0773	-15.4124	11.6372	-1.45064	-2.25279	0.33429	2.43533	-0.0674215	0.288736	-0.256069	3.83196	-2.39251	-2.09796	1.76223	-0.120284	-0.209473	-0.277058
7.09369	13.7092	-14.0166	8.2149	12.5031	-0.211937	-2.59938	-39.3981	0.284229	-0.754448	-1.64389	-52.8159	21.4555	-0.028717	9.00967	-1.61764	-0.974304	-7.83391	-13.3395	3.60733	-0.0415359	16.9403	-15.1163	11.5139	-1.42209	-2.42904	0.23158	2.38299	-0.059221	0.277136	-0.246303	3.91498	-2.40341	-2.13558	1.71686	-0.124217	-0.218214	-0.273186
7.10369	15.0577	-14.9562	8.53608	12.385	-0.233823	-2.214	-41.3513	3.32649	-0.96711	-0.588818	-50.6807	19.9594	-0.0316573	9.30611	-3.3268	-1.49693	-12.004	-14.2101	3.3859	-0.0415134	17.7197	-14.7964	11.3072	-1.39646	-2.56172	0.151634	2.36143	-0.0472823	0.271904	-0.239418	4.00172	-2.40923	-2.16904	1.65571	-0.123535	-0.226036	-0.266721
7.11368	16.2764	-15.631	8.80425	12.2658	-0.209402	-1.79474	-43.0706	5.8408	-1.0449	0.538166	-47.9588	18.3519	-0.0350773	9.64862	-5.59467	-1.87122	-16.8074	-14.8585	3.02825	-0.0413972	18.5681	-14.5372	11.1035	-1.37208	-2.65544	0.088385	2.37861	-0.0352599	0.273105	-0.237087	4.08818	-2.41061	-2.19834	1.59126	-0.12033	-0.232725	-0.259548
7.12367	17.0475	-16.0338	9.06474	12.1531	-0.154429	-1.36106	-44.3811	7.86648	-0.995852	1.78356	-44.8021	16.694	-0.0387611	10.0262	-8.37282	-2.04524	-22.1147	-15.3342	2.58909	-0.0412047	19.5287	-14.3364	10.899	-1.34985	-2.71584	0.0304792	2.43083	-0.0215137	0.279371	-0.239485	4.17184	-2.39839	-2.22055	1.53899	-0.115511	-0.237307	-0.254141
7.13366	17.2377	-16.4173	9.4697	12.0574	-0.0871602	-0.931675	-45.1371	9.51847	-0.897027	3.12777	-41.3592	15.0404	-0.0424263	10.3418	-11.5858	-1.99906	-27.751	-15.6712	2.10032	-0.0409343	20.548	-14.1425	10.7653	-1.32267	-2.75432	-0.0237678	2.51799	-0.00644127	0.291101	-0.246531	4.25562	-2.36197	-2.23614	1.50386	-0.110628	-0.240055	-0.25134
7.14365	16.9053	-16.9987	10.1755	11.9815	-0.0238917	-0.523051	-45.2615	10.8527	-0.76398	4.51736	-37.7913	13.4536	-0.0457533	10.5147	-15.1452	-1.69981	-33.5203	-15.9477	1.61838	-0.0406172	21.503	-13.9205	10.7836	-1.27762	-2.79218	-0.0738119	2.64178	0.00994733	0.309123	-0.25805	4.33762	-2.30571	-2.24609	1.47899	-0.106479	-0.241687	-0.249921
7.15364	16.2718	-17.7676	11.2528	11.9206	0.0226348	-0.148898	-44.7743	11.8928	-0.612307	5.89799	-34.2694	11.9687	-0.0485475	10.5257	-18.8979	-1.16927	-39.2205	-16.27	1.20499	-0.0403047	22.2547	-13.7249	10.9965	-1.20425	-2.85077	-0.120121	2.80303	0.0277717	0.33398	-0.273814	4.40911	-2.25148	-2.25227	1.44979	-0.103073	-0.243249	-0.247355
7.16363	15.8042	-18.5623	12.7841	11.8687	0.046202	0.183349	-43.8738	12.5924	-0.441204	7.27546	-30.97	10.6061	-0.0504708	10.4064	-22.7031	-0.492991	-44.6829	-16.7194	0.90118	-0.0401218	22.6587	-13.7183	11.5038	-1.08904	-2.95696	-0.160715	3.00581	0.0418005	0.366513	-0.293424	4.4651	-2.21454	-2.25569	1.40646	-0.101577	-0.245479	-0.241957
7.17362	15.5687	-19.2901	14.5876	11.8145	0.0462864	0.475104	-42.7282	12.9598	-0.26701	8.6125	-27.9556	9.38421	-0.0519008	10.2786	-26.4641	0.270134	-49.84	-17.3464	0.745637	-0.0400018	22.7257	-13.9289	12.2144	-0.936275	-3.11052	-0.204283	3.24113	0.0552716	0.404778	-0.316694	4.49906	-2.20426	-2.25614	1.34444	-0.102658	-0.248675	-0.232982
7.18361	15.6598	-19.8251	16.5983	11.7427	0.0240982	0.732339	-41.484	13.0155	-0.123386	9.86002	-25.2644	8.32129	-0.0526298	10.2691	-30.1107	1.06611	-54.672	-18.1656	0.766456	-0.0399951	22.4394	-14.4537	13.1638	-0.739342	-3.32744	-0.24777	3.50197	0.062034	0.448008	-0.341884	4.51171	-2.21821	-2.25317	1.27739	-0.104036	-0.251772	-0.22271
7.19361	16.11	-20.0726	18.6602	11.6459	-0.0180208	0.961838	-40.333	12.7763	-0.000802888	11.0324	-22.9672	7.42016	-0.0528155	10.4749	-33.5336	1.83638	-59.156	-19.1843	0.967679	-0.0400752	21.8642	-15.276	14.2804	-0.50373	-3.60737	-0.296089	3.77565	0.0626914	0.493585	-0.368069	4.50383	-2.24971	-2.24439	1.21285	-0.105506	-0.253924	-0.212364
7.2036	16.9004	-19.8844	20.6081	11.5199	-0.0742229	1.16815	-39.3822	12.2555	0.0908935	12.1277	-21.089	6.66344	-0.0525045	10.9425	-36.5835	2.53129	-63.2332	-20.4305	1.34896	-0.040213	21.0777	-16.3541	15.4935	-0.235365	-3.94348	-0.349738	4.04979	0.0585117	0.539398	-0.393975	4.47996	-2.2825	-2.22779	1.16388	-0.106888	-0.254175	-0.204206
7.21359	17.805	-19.1793	22.3313	11.3607	-0.142841	1.35243	-38.6553	11.5052	0.177747	13.1008	-19.5953	6.04128	-0.0516774	11.7691	-39.2093	3.11002	-66.9081	-21.904	1.90511	-0.0403864	20.1698	-17.6096	16.7155	0.0570005	-4.32371	-0.405236	4.31374	0.0517304	0.584204	-0.41802	4.44674	-2.30616	-2.20474	1.13572	-0.107943	-0.252499	-0.19926
7.22358	18.5895	-18.033	23.7523	11.171	-0.228093	1.51673	-38.1538	10.629	0.2438	13.9155	-18.4495	5.56406	-0.0505416	13.006	-41.4394	3.56242	-70.2232	-23.5552	2.61624	-0.0405912	19.2113	-18.9741	17.8646	0.364066	-4.73539	-0.457442	4.56158	0.0447611	0.627708	-0.438775	4.41173	-2.32194	-2.18071	1.12336	-0.108418	-0.249981	-0.196901
7.23357	19.1308	-16.6382	24.8206	10.9582	-0.335226	1.66412	-37.9293	9.7106	0.244772	14.6027	-17.6275	5.2363	-0.0492758	14.6518	-43.3507	3.87693	-73.2424	-25.3146	3.44891	-0.0408266	18.2548	-20.3798	18.8727	0.676527	-5.16675	-0.502706	4.79193	0.0399782	0.67019	-0.455445	4.37841	-2.34285	-2.16248	1.11455	-0.108278	-0.248264	-0.195226
7.24356	19.2638	-15.2322	25.5017	10.7275	-0.464579	1.79706	-37.9492	8.81071	0.189042	15.1572	-17.0788	5.02996	-0.0480417	16.6148	-45.0687	4.09455	-76.0005	-27.1416	4.37235	-0.0410654	17.3844	-21.7208	19.6596	0.988325	-5.61034	-0.542321	5.01053	0.0399043	0.712726	-0.469009	4.34726	-2.37409	-2.15316	1.10159	-0.10806	-0.248342	-0.192984
7.25355	18.9465	-13.9242	25.8944	10.4831	-0.619156	1.91602	-38.221	7.97756	0.102557	15.59	-16.7842	4.9286	-0.0466942	18.8124	-46.6558	4.22433	-78.5267	-29.0145	5.35658	-0.0413195	16.6853	-22.9766	20.2545	1.29926	-6.05907	-0.570466	5.22132	0.0455377	0.75636	-0.478673	4.3236	-2.40956	-2.1562	1.09063	-0.107207	-0.250626	-0.191248
7.26354	18.3105	-12.7333	26.0964	10.2328	-0.806295	2.02179	-38.7402	7.22018	-0.033078	15.9167	-16.7185	4.93159	-0.0452544	21.1077	-48.1157	4.27316	-80.8223	-30.9345	6.37771	-0.0415568	16.1976	-24.1856	20.7383	1.61354	-6.49912	-0.581421	5.4261	0.0566199	0.801174	-0.483516	4.30984	-2.44394	-2.17157	1.08818	-0.106089	-0.254985	-0.19097
7.27353	17.5157	-11.6634	26.1426	9.98391	-1.03195	2.11833	-39.4731	6.52464	-0.233865	16.1617	-16.8511	5.03488	-0.0437664	23.407	-49.4702	4.29018	-82.9375	-32.8697	7.41883	-0.0417285	15.8891	-25.3933	21.1724	1.93327	-6.91831	-0.57231	5.62236	0.0723775	0.845899	-0.482922	4.30034	-2.48843	-2.19818	1.09042	-0.104819	-0.261397	-0.191245
7.28353	16.6835	-10.7277	26.1889	9.74358	-1.29609	2.21117	-40.356	5.88593	-0.480172	16.3427	-17.145	5.22294	-0.042274	25.6507	-50.7586	4.30122	-84.9406	-34.7552	8.43702	-0.0418356	15.7087	-26.6214	21.6842	2.26423	-7.31964	-0.539332	5.80967	0.0894665	0.889185	-0.476125	4.29265	-2.5447	-2.23234	1.09521	-0.1036	-0.269328	-0.191306
7.29352	15.97	-9.9787	26.3578	9.52002	-1.59689	2.30512	-41.2911	5.31404	-0.765276	16.4593	-17.5578	5.4932	-0.0408206	27.7125	-51.9801	4.30386	-86.8188	-36.5845	9.38621	-0.041897	15.5877	-27.8289	22.319	2.6135	-7.71569	-0.485096	5.99238	0.106658	0.930151	-0.464553	4.2868	-2.61095	-2.2695	1.10165	-0.102496	-0.27787	-0.190734
7.30351	15.4559	-9.43452	26.7259	9.31948	-1.93195	2.40237	-42.2038	4.79913	-1.06599	16.5329	-18.0614	5.8444	-0.039461	29.5056	-53.1448	4.30454	-88.5527	-38.387	10.2485	-0.0419053	15.4972	-28.9612	23.1204	3.00906	-8.12935	-0.408114	6.18852	0.122499	0.97098	-0.450163	4.28496	-2.68076	-2.3055	1.11208	-0.101752	-0.286056	-0.189732
7.3135	15.0893	-9.16573	27.3248	9.14476	-2.29589	2.50491	-43.0334	4.36939	-1.35315	16.5914	-18.6448	6.25995	-0.0382797	31.0163	-54.2927	4.3166	-90.1683	-40.1546	11.0066	-0.0418196	15.4256	-29.9241	24.0997	3.4823	-8.57049	-0.304026	6.41575	0.136894	1.01465	-0.434414	4.29639	-2.73347	-2.3382	1.13248	-0.102104	-0.29333	-0.189418
7.32349	14.91	-9.33423	28.1503	8.99853	-2.67998	2.61569	-43.7571	4.0619	-1.61853	16.6683	-19.282	6.723	-0.0373543	32.2177	-55.4963	4.33903	-91.6858	-41.8623	11.6294	-0.0416471	15.3052	-30.6131	25.2094	4.0644	-9.03636	-0.165492	6.68829	0.150591	1.06435	-0.417868	4.32678	-2.75955	-2.36692	1.15986	-0.104563	-0.299695	-0.189572
7.33348	14.952	-10.0558	29.1273	8.8802	-3.078	2.73646	-44.313	3.89152	-1.89413	16.7423	-19.9049	7.22789	-0.0367347	33.0831	-56.8054	4.3699	-93.1035	-43.5104	12.0988	-0.0414773	15.0645	-30.9555	26.37	4.78356	-9.5153	0.0165203	7.01746	0.164571	1.12322	-0.400443	4.38759	-2.75496	-2.39783	1.19426	-0.108398	-0.305908	-0.190858
7.34347	15.1445	-11.1691	30.1363	8.78614	-3.48452	2.86608	-44.6352	3.83584	-2.18877	16.7909	-20.4677	7.76136	-0.0364464	33.6394	-58.1995	4.40672	-94.4239	-45.0947	12.4145	-0.0413568	14.7248	-30.9782	27.5157	5.66968	-9.98725	0.254418	7.41513	0.179519	1.19507	-0.381442	4.49061	-2.71575	-2.43794	1.23659	-0.11333	-0.312957	-0.194051
7.35346	15.5016	-12.3369	31.0582	8.71628	-3.88902	3.00224	-44.702	3.83041	-2.4856	16.822	-20.9518	8.29061	-0.0364556	33.8631	-59.5928	4.42234	-95.5972	-46.596	12.5532	-0.041299	14.3566	-30.7793	28.594	6.75882	-10.432	0.563051	7.89885	0.195794	1.28504	-0.360235	4.64413	-2.63885	-2.49308	1.28829	-0.119236	-0.321714	-0.199956
7.36345	16.0611	-13.1998	31.8163	8.67221	-4.2765	3.14346	-44.497	3.81429	-2.76423	16.8119	-21.3073	8.77299	-0.0366603	33.695	-60.8831	4.37153	-96.5319	-47.994	12.4762	-0.041331	14.05	-30.4826	29.58	8.07178	-10.8129	0.954871	8.47597	0.214814	1.39637	-0.336226	4.85369	-2.52147	-2.56859	1.35371	-0.124775	-0.332834	-0.209737
7.37345	16.7823	-13.4864	32.3352	8.65091	-4.63302	3.28912	-43.9661	3.76258	-3.03332	16.6793	-21.4568	9.18363	-0.036916	33.0695	-62.0267	4.27515	-97.151	-49.2622	12.1641	-0.0414842	13.8892	-30.2682	30.4517	9.60596	-11.082	1.43952	9.14156	0.236491	1.52984	-0.308335	5.11498	-2.36628	-2.66494	1.431	-0.130447	-0.346629	-0.223234
7.38344	17.6074	-12.985	32.5198	8.64879	-4.94521	3.43821	-43.0934	3.63915	-3.29249	16.3821	-21.3721	9.50347	-0.0370661	31.9206	-63.0086	4.17193	-97.3921	-50.3708	11.6149	-0.0417634	13.9746	-30.3077	31.1616	11.3344	-11.1686	2.02479	9.87927	0.262168	1.68433	-0.27515	5.42106	-2.17724	-2.78249	1.52174	-0.135545	-0.363138	-0.240802
7.39343	18.5138	-11.5186	32.3225	8.66407	-5.19801	3.58996	-41.8975	3.37087	-3.49922	15.9447	-21.0839	9.70725	-0.0369465	30.1644	-63.8365	4.05777	-97.1737	-51.3112	10.8242	-0.042129	14.3989	-30.7189	31.6451	13.2377	-11.0019	2.72313	10.6814	0.293292	1.86064	-0.235119	5.75805	-1.96084	-2.91787	1.62566	-0.1395	-0.381806	-0.26237
7.40342	19.3599	-8.97282	31.7186	8.69255	-5.38229	3.74316	-40.3356	2.90364	-3.59497	15.3374	-20.6076	9.77296	-0.0364051	27.8061	-64.5376	3.93856	-96.4633	-52.0805	9.80631	-0.04254	15.1999	-31.5752	31.8284	15.2891	-10.5157	3.54843	11.547	0.329553	2.06076	-0.186866	6.10695	-1.72501	-3.06493	1.74093	-0.142505	-0.40177	-0.287587
7.41341	20.0337	-5.47128	30.6684	8.73124	-5.50099	3.8959	-38.4002	2.28201	-3.60127	14.5215	-19.9561	9.7182	-0.0354667	24.9516	-65.1294	3.83952	-95.2981	-52.6701	8.6043	-0.0429519	16.3122	-32.8792	31.6336	17.4096	-9.62531	4.50215	12.46	0.370744	2.28287	-0.130075	6.44868	-1.47527	-3.2141	1.86123	-0.144764	-0.421708	-0.315177
7.4234	20.5176	-1.39644	29.2141	8.78117	-5.56256	4.0454	-36.1229	1.61511	-3.60286	13.4999	-19.1698	9.57784	-0.0344093	21.6828	-65.6342	3.77449	-93.7147	-53.0731	7.27053	-0.0433342	17.6315	-34.5213	31.0354	19.4797	-8.2471	5.56981	13.3988	0.417601	2.52222	-0.0668046	6.76339	-1.2122	-3.3514	1.97602	-0.146196	-0.439721	-0.342789
7.43339	20.8049	2.85773	27.4313	8.84176	-5.57557	4.18852	-33.4996	1.01614	-3.62059	12.2714	-18.309	9.3618	-0.033574	18.0675	-66.114	3.75078	-91.756	-53.2861	5.85279	-0.0436385	19.0238	-36.3706	29.9378	21.3355	-6.33649	6.72342	14.3471	0.466745	2.77338	-0.00100758	7.02859	-0.93115	-3.46041	2.07751	-0.14669	-0.453556	-0.368622
7.44338	20.9208	6.95712	25.3564	8.91088	-5.54709	4.321	-30.5732	0.590504	-3.67483	10.8469	-17.4294	9.09266	-0.0329509	14.165	-66.6043	3.78209	-89.4377	-53.3403	4.4099	-0.0438228	20.3805	-38.3203	28.2672	22.7683	-3.88198	7.9091	15.2878	0.515177	3.02762	0.0594427	7.2276	-0.62988	-3.52805	2.15879	-0.146149	-0.4615	-0.390931
7.45337	20.9422	10.71	22.9344	8.98901	-5.48624	4.43786	-27.402	0.41465	-3.81107	9.24642	-16.5564	8.80876	-0.0325144	10.0292	-67.0937	3.86888	-86.7646	-53.2912	3.0041	-0.0438536	21.5739	-40.3164	25.9157	23.5377	-0.929268	9.04753	16.2051	0.558963	3.27319	0.103662	7.35478	-0.313838	-3.55101	2.21242	-0.144638	-0.463484	-0.4082
7.46337	20.7938	14.0115	20.1421	9.07539	-5.39926	4.53615	-23.9825	0.525948	-4.03112	7.48801	-15.7157	8.5279	-0.0322743	5.74711	-67.5825	4.00673	-83.7785	-53.1567	1.6879	-0.0437224	22.5081	-42.3083	22.7935	23.3917	2.40172	10.033	17.0762	0.594831	3.49387	0.118888	7.41686	0.00523345	-3.53594	2.2316	-0.142376	-0.461056	-0.419172
7.47336	20.2494	16.8339	16.8337	9.16433	-5.28895	4.61432	-20.2794	0.955336	-4.28552	5.58145	-14.926	8.23542	-0.0322681	1.51141	-68.0396	4.16461	-80.6022	-52.9059	0.501851	-0.0434226	23.0837	-44.2278	18.6542	22.1173	5.89284	10.7519	17.8727	0.617823	3.67183	0.0941063	7.42996	0.314221	-3.49805	2.21609	-0.139953	-0.457023	-0.424368
7.48335	19.1054	19.0491	12.8083	9.25073	-5.15774	4.6707	-16.2544	1.72164	-4.59511	3.53857	-14.1681	7.93367	-0.0325613	-2.51049	-68.4023	4.32593	-77.3232	-52.555	-0.512806	-0.0429788	23.204	-45.9273	13.2988	19.5944	9.23572	11.0996	18.5531	0.624533	3.78828	0.0232794	7.41583	0.595007	-3.45596	2.17003	-0.138063	-0.454442	-0.425073
7.49334	17.2232	20.4247	8.01391	9.33114	-5.00685	4.70492	-11.8857	2.80725	-4.98521	1.39855	-13.4251	7.63654	-0.0332055	-6.20168	-68.6347	4.45566	-73.9966	-52.139	-1.34179	-0.042447	22.8091	-47.1601	6.69392	15.8343	12.0696	11.0036	19.0496	0.615314	3.82437	-0.0905008	7.39659	0.824954	-3.42656	2.09804	-0.137227	-0.455829	-0.422224
7.50333	14.5142	20.7084	2.53333	9.39919	-4.83415	4.71738	-7.17236	4.18885	-5.43239	-0.788713	-12.701	7.33056	-0.0342056	-9.44318	-68.71	4.51017	-70.7176	-51.6412	-1.9835	-0.041914	21.8976	-47.6367	-1.08736	11.0195	14.0237	10.4629	19.2827	0.590425	3.76827	-0.231761	7.38651	0.984047	-3.41992	2.00738	-0.13785	-0.462446	-0.416976
7.51332	11.0765	19.6556	-3.31619	9.45145	-4.63623	4.70993	-2.1986	5.7826	-5.92218	-2.94701	-11.9929	7.00173	-0.0354087	-12.199	-68.6295	4.48142	-67.5666	-51.0352	-2.4458	-0.041472	20.5614	-47.0718	-9.62981	5.51025	14.8116	9.56855	19.1801	0.554017	3.6197	-0.374261	7.38997	1.05588	-3.43576	1.90444	-0.139932	-0.473692	-0.409579
7.52331	7.3343	17.2544	-8.99272	9.48919	-4.4126	4.68583	2.81816	7.47684	-6.48485	-4.98558	-11.285	6.67073	-0.036526	-14.5652	-68.366	4.36588	-64.5676	-50.3124	-2.75255	-0.0411994	18.9506	-45.3773	-18.1962	-0.220588	14.3082	8.50061	18.702	0.512882	3.39352	-0.485947	7.39962	1.03076	-3.46421	1.79367	-0.143093	-0.487379	-0.399474
7.5333	3.8449	13.9195	-13.7865	9.51325	-4.16332	4.64911	7.63921	9.11047	-7.0787	-6.84168	-10.5679	6.34623	-0.0373444	-16.6993	-67.8518	4.1605	-61.7248	-49.4623	-2.93601	-0.0411257	17.204	-42.7146	-25.921	-5.72867	12.6134	7.49517	17.848	0.474854	3.1179	-0.535723	7.39468	0.912264	-3.48609	1.6822	-0.14676	-0.499736	-0.38651
7.54329	1.15205	10.4031	-17.1941	9.52509	-3.88637	4.60281	12.0618	10.4963	-7.6136	-8.45987	-9.85802	6.01088	-0.0378105	-18.7605	-66.9883	3.85363	-59.0251	-48.4818	-3.02923	-0.0412245	15.3614	-39.4302	-32.2131	-10.7466	10.0103	6.78261	16.643	0.447889	2.82652	-0.500544	7.35112	0.71593	-3.48128	1.58338	-0.150544	-0.506673	-0.372396
7.55329	-0.231889	7.43374	-18.8108	9.52902	-3.58229	4.55017	15.9303	11.454	-8.05844	-9.79054	-9.18154	5.66753	-0.0379578	-20.8566	-65.6766	3.4383	-56.4469	-47.369	-3.06669	-0.0414782	13.3143	-35.8766	-36.5686	-15.244	6.8637	6.53792	15.117	0.434851	2.5503	-0.369563	7.25256	0.463095	-3.43757	1.5022	-0.154048	-0.505871	-0.357731
7.56328	0.000796261	5.25595	-18.5207	9.52853	-3.25504	4.4957	19.2087	11.9234	-8.41526	-10.8503	-8.53755	5.33426	-0.0379871	-22.9736	-63.8872	2.93668	-53.985	-46.1216	-3.07582	-0.0418999	10.8045	-32.1508	-38.8055	-19.3899	3.50374	6.8492	13.2845	0.434795	2.30985	-0.145148	7.09846	0.181372	-3.35285	1.43859	-0.156998	-0.496929	-0.342824
7.57327	1.86226	3.88531	-16.5084	9.5242	-2.90608	4.44416	21.9538	11.9361	-8.67533	-11.7137	-7.89574	5.00114	-0.0381496	-25.0466	-61.6654	2.37518	-51.6321	-44.7471	-3.07968	-0.0424924	7.65605	-28.3162	-39.094	-23.2939	0.0989129	7.65223	11.1741	0.441296	2.10882	0.149362	6.89804	-0.0970555	-3.23001	1.39349	-0.159113	-0.480198	-0.328539
7.58326	5.02896	3.15729	-13.3796	9.5191	-2.53223	4.39892	24.1602	11.5592	-8.84023	-12.3901	-7.26581	4.65911	-0.0385828	-26.9822	-59.1687	1.76374	-49.381	-43.2477	-3.10783	-0.0432221	4.03493	-24.4722	-37.9659	-26.7713	-3.34585	8.68491	8.86215	0.442545	1.93061	0.466803	6.66574	-0.342452	-3.0744	1.36866	-0.159907	-0.456185	-0.316135
7.59325	8.76985	2.51257	-10.1655	9.51765	-2.13059	4.36111	25.83	10.9326	-8.91667	-12.8811	-6.67404	4.31447	-0.0392892	-28.6445	-56.6451	1.12301	-47.2403	-41.6255	-3.17911	-0.0440134	0.450735	-20.5401	-36.3142	-29.3385	-6.88192	9.51259	6.45863	0.424511	1.73642	0.748407	6.42072	-0.527048	-2.89191	1.36427	-0.158546	-0.425266	-0.306869
7.60324	12.0087	1.24947	-7.62765	9.52105	-1.70291	4.33076	27.053	10.2025	-8.91893	-13.2748	-6.10097	3.97012	-0.0400018	-29.8666	-54.3335	0.4855	-45.2264	-39.9022	-3.29405	-0.0447544	-2.33228	-16.3649	-34.7159	-30.4347	-10.4784	9.66748	4.0874	0.373398	1.47888	0.945035	6.18583	-0.630386	-2.6854	1.37266	-0.153337	-0.386995	-0.299861
7.61323	14.0814	-1.48409	-6.22291	9.5316	-1.253	4.30755	27.9218	9.46857	-8.85997	-13.6335	-5.5324	3.62774	-0.0405614	-30.521	-52.4256	-0.121633	-43.353	-38.1072	-3.45177	-0.0453162	-3.85802	-11.5464	-33.5412	-29.7403	-13.9921	8.8407	1.84252	0.285408	1.12337	1.04141	5.98844	-0.642926	-2.46312	1.3824	-0.142354	-0.342071	-0.293669
7.62322	15.3053	-6.38568	-5.77189	9.5513	-0.78615	4.28952	28.4414	8.75751	-8.71987	-13.9463	-4.99291	3.2908	-0.0409323	-30.5825	-51.031	-0.701253	-41.6259	-36.2535	-3.64561	-0.0456199	-4.32745	-5.62277	-32.755	-27.3168	-17.2622	6.98438	-0.241682	0.169586	0.66433	1.0611	5.8501	-0.573325	-2.23709	1.38083	-0.123501	-0.29234	-0.286251
7.63321	17.1532	-13.5751	-5.51269	9.57703	-0.312373	4.27368	28.5217	8.02268	-8.45237	-14.1961	-4.50111	2.95649	-0.0408567	-30.1475	-50.1522	-1.27136	-40.0433	-34.3599	-3.859	-0.0456672	-4.72965	1.64782	-31.9534	-23.5222	-20.1612	4.32391	-2.17153	0.0436234	0.135497	1.051	5.77493	-0.443203	-2.01713	1.36236	-0.0946524	-0.239666	-0.276356
7.64321	22.466	-22.4363	-4.54448	9.60558	0.157184	4.2584	28.0532	7.17399	-8.02708	-14.3587	-4.04166	2.61851	-0.0402985	-29.5312	-49.671	-1.83379	-38.5523	-32.4718	-4.07548	-0.0455426	-7.07396	10.2588	-30.8265	-19.1948	-22.6827	1.43786	-4.04603	-0.0573252	-0.383882	1.08092	5.74092	-0.284689	-1.81096	1.30854	-0.0587736	-0.188502	-0.260997
7.6532	34.4121	-31.7816	-2.11855	9.63498	0.613378	4.24263	26.8969	6.11197	-7.45287	-14.3311	-3.62269	2.28498	-0.039374	-29.0257	-49.3864	-2.43723	-37.1144	-30.6066	-4.28614	-0.0455436	-13.8181	20.0887	-29.179	-15.5777	-24.9256	-0.849294	-6.00088	-0.108964	-0.788501	1.21518	5.7221	-0.125687	-1.62596	1.20602	-0.0202594	-0.144066	-0.23831
7.66319	45.6891	-36.2533	0.164023	9.66254	1.0479	4.22654	25.2948	4.32808	-6.72074	-14.1948	-3.27348	1.95753	-0.037782	-28.5083	-48.4796	-3.09183	-35.6831	-28.8059	-4.46258	-0.0451997	-20.0041	27.4263	-26.9233	-12.3616	-26.4203	-2.54816	-7.72164	-0.120759	-1.06465	1.38307	5.691	-0.0362322	-1.50359	1.12867	0.0143271	-0.113313	-0.221352
7.67318	55.3531	-35.3872	2.21696	9.68616	1.45121	4.21046	23.3947	1.90192	-5.83579	-13.9524	-2.98728	1.63575	-0.0358978	-27.9355	-46.8627	-3.79873	-34.3034	-27.1068	-4.58946	-0.0446879	-25.4351	31.8452	-24.1609	-9.67712	-27.1034	-3.55753	-9.11682	-0.099562	-1.20465	1.5533	5.60591	-0.0104787	-1.42864	1.05829	0.0367974	-0.0975584	-0.207529
7.68317	62.5065	-29.8129	3.93581	9.708	1.81556	4.1947	21.4452	-0.941972	-4.89187	-13.6405	-2.73065	1.33317	-0.0343807	-27.2271	-44.5651	-4.56521	-33.0173	-25.5505	-4.666	-0.0441941	-29.8717	33.4821	-21.067	-7.48754	-27.0125	-3.95833	-10.1116	-0.0578039	-1.22947	1.69306	5.42759	-0.0296523	-1.37137	0.95304	0.0345326	-0.0971592	-0.189371
7.69316	66.5023	-21.3972	5.38239	9.73169	2.13672	4.18062	19.5877	-3.80513	-4.00263	-13.2543	-2.49319	1.06142	-0.0335941	-26.157	-41.9349	-5.3667	-31.9201	-24.1322	-4.70783	-0.0438843	-32.8877	32.988	-17.7004	-5.68807	-26.2689	-3.90821	-10.6603	-0.00822015	-1.16924	1.7783	5.118	-0.0646916	-1.2841	0.753965	-0.0115518	-0.110508	-0.154829
7.70315	67.7836	-12.9755	6.21993	9.7594	2.41288	4.16969	17.935	-6.11605	-3.30078	-12.8037	-2.26384	0.821344	-0.0333486	-24.8726	-39.4314	-6.09787	-31.0323	-22.857	-4.72233	-0.0436377	-34.5546	31.4901	-14.8276	-4.2165	-24.9964	-3.61426	-10.7443	0.0355119	-1.06403	1.79426	4.81035	-0.0981083	-1.22316	0.627111	-0.0440646	-0.123282	-0.13251
7.71314	66.2477	-5.74235	6.51911	9.79423	2.64442	4.16282	16.6353	-7.75472	-2.82627	-12.3197	-2.02342	0.623652	-0.0337897	-23.3003	-37.2374	-6.7397	-30.3961	-21.7195	-4.71804	-0.0434586	-34.6961	29.4609	-12.5587	-2.9881	-23.3209	-3.2353	-10.3895	0.0655388	-0.941372	1.73819	4.52324	-0.121948	-1.17499	0.560113	-0.0644593	-0.132421	-0.119496
7.72313	62.1376	-0.375606	6.40019	9.84098	2.83636	4.15975	15.7649	-8.72374	-2.57244	-11.8109	-1.75958	0.471208	-0.034965	-21.4865	-35.5017	-7.26465	-29.9867	-20.7266	-4.7103	-0.0433026	-33.2861	27.1985	-10.9119	-1.94267	-21.3719	-2.88238	-9.65676	0.0787324	-0.820352	1.61647	4.27365	-0.131223	-1.13119	0.536857	-0.0744646	-0.136509	-0.112756
7.73313	55.8047	3.08559	5.99937	9.90179	2.99679	4.1596	15.3373	-9.15678	-2.48043	-11.285	-1.45585	0.342115	-0.0367089	-19.5369	-34.2846	-7.67996	-29.7557	-19.8883	-4.71885	-0.0431051	-30.3963	24.7889	-9.84669	-1.03414	-19.2593	-2.61899	-8.62366	0.0757329	-0.71217	1.44054	4.07466	-0.123278	-1.08826	0.541019	-0.0759176	-0.135414	-0.109684
7.74312	47.7981	4.68487	5.0595	9.97966	3.13266	4.16184	15.2124	-9.18356	-2.47226	-10.6944	-1.12245	0.227989	-0.0387355	-17.4512	-33.6942	-8.00334	-29.6653	-19.1894	-4.76036	-0.0429009	-26.2328	22.3235	-9.59826	-0.222746	-17.049	-2.48604	-7.37371	0.0565347	-0.6258	1.22406	3.93223	-0.0923055	-1.04747	0.548799	-0.0770363	-0.132352	-0.107471
7.75311	38.6628	4.82925	3.53601	10.0784	3.24702	4.16775	15.2444	-8.9186	-2.53856	-9.99401	-0.765275	0.139489	-0.0407898	-15.3801	-33.7493	-8.21973	-29.6669	-18.6009	-4.85121	-0.0426227	-20.9625	19.7229	-10.131	0.520793	-14.8	-2.48246	-5.99064	0.0240755	-0.562897	0.981888	3.85543	-0.0374264	-1.01463	0.562784	-0.0772915	-0.128148	-0.107118
7.7631	28.8357	4.27392	1.42193	10.1998	3.34321	4.17837	15.2594	-8.53867	-2.64256	-9.14972	-0.381481	0.0677646	-0.0425761	-13.4757	-34.3544	-8.33896	-29.7079	-18.102	-5.00443	-0.0422182	-14.7594	16.8362	-11.3349	1.21697	-12.5659	-2.58803	-4.56178	-0.0169332	-0.522251	0.730064	3.84365	0.0389726	-0.996079	0.585925	-0.076871	-0.124256	-0.109607
7.77309	18.3473	4.14739	-0.978229	10.3451	3.42268	4.19423	15.0825	-8.29197	-2.69702	-8.12551	0.00727098	-0.00481513	-0.0438183	-11.8849	-35.3036	-8.37316	-29.7256	-17.6853	-5.23455	-0.0416305	-7.66545	13.3578	-12.7593	1.87444	-10.3815	-2.75298	-3.1502	-0.0584948	-0.495621	0.481127	3.88645	0.12905	-0.997143	0.616396	-0.0761492	-0.122266	-0.114545
7.78308	7.37299	5.54462	-3.79666	10.5148	3.48264	4.21425	14.5199	-8.4343	-2.63924	-6.87242	0.351891	-0.080569	-0.0442679	-10.6795	-36.3177	-8.37873	-29.6811	-17.3516	-5.53995	-0.0408913	0.196158	9.05249	-14.4161	2.5372	-8.24264	-2.96977	-1.7997	-0.0978372	-0.481109	0.242993	3.97508	0.225023	-1.02442	0.658336	-0.0759405	-0.124002	-0.12318
7.79307	2.30688	6.16477	-5.86201	10.7069	3.51568	4.23887	13.3186	-8.55053	-2.47085	-5.30302	0.62292	-0.151101	-0.0439904	-9.96204	-37.9407	-8.37389	-29.6665	-17.0746	-5.93104	-0.0404493	4.68808	6.48881	-16.169	2.74398	-6.48005	-2.90344	-0.703294	-0.122097	-0.43683	0.0610704	4.09363	0.360842	-1.04923	0.664086	-0.076023	-0.126544	-0.127021
7.80306	1.61838	6.65458	-7.22296	10.9158	3.51424	4.27049	11.6436	-8.83479	-2.16295	-3.54133	0.824447	-0.218129	-0.0430647	-9.64122	-39.9474	-8.3682	-29.6899	-16.8565	-6.39586	-0.0402816	6.57493	5.18436	-17.7883	2.57203	-5.03806	-2.58478	0.163993	-0.13123	-0.363279	-0.0691447	4.23607	0.522621	-1.07821	0.650983	-0.0765992	-0.130506	-0.128574
7.81306	3.7497	7.36594	-7.99145	11.1354	3.46842	4.31109	9.73711	-9.37527	-1.75605	-1.7313	0.967414	-0.280366	-0.0416254	-9.64735	-42.1414	-8.37147	-29.7634	-16.6916	-6.92478	-0.0403355	6.69583	4.67887	-19.151	2.17613	-3.86216	-2.10161	0.841328	-0.127469	-0.268848	-0.15674	4.3975	0.698952	-1.11537	0.635848	-0.0776894	-0.135896	-0.130296
7.82305	7.23715	8.39279	-8.15818	11.3581	3.3659	4.36006	7.86839	-10.1604	-1.30366	-0.0359214	1.0636	-0.339547	-0.0398783	-9.91648	-44.3506	-8.37681	-29.8799	-16.5974	-7.49292	-0.0405099	5.87348	4.59079	-20.059	1.78438	-2.90193	-1.58371	1.38302	-0.115661	-0.166843	-0.216073	4.57333	0.878787	-1.16165	0.631054	-0.0784712	-0.14194	-0.133639
7.83304	10.86	9.4259	-7.85083	11.5723	3.19558	4.41799	6.35791	-11.0481	-0.890714	1.35147	1.127	-0.394267	-0.0378923	-10.3902	-46.4888	-8.36913	-30.0249	-16.5955	-8.0757	-0.0407121	4.83315	4.71957	-20.5331	1.68111	-2.11037	-1.1991	1.84751	-0.103435	-0.0764087	-0.264974	4.76371	1.05921	-1.21762	0.646939	-0.0785682	-0.148073	-0.140067
7.84303	14.9066	10.8788	-7.49194	11.8082	3.02043	4.46784	4.49368	-12.3244	-0.342567	2.90223	1.19328	-0.460191	-0.0356816	-10.9593	-48.562	-8.33337	-30.2118	-16.6896	-8.66044	-0.0408157	3.74553	5.0732	-20.7624	1.77695	-1.49815	-0.946489	2.23559	-0.0927825	-0.00287958	-0.30511	4.97116	1.23983	-1.28409	0.683915	-0.0784062	-0.154383	-0.149799
7.85302	16.4252	9.69179	-6.40809	11.9403	2.63822	4.5604	5.29786	-12.4352	-0.434942	2.68928	1.18217	-0.478211	-0.0335988	-11.798	-50.5616	-8.25466	-30.3653	-16.8464	-9.24008	-0.0412043	3.23048	5.66752	-20.7377	2.06111	-1.04712	-0.835781	2.57471	-0.0869175	0.0508529	-0.342691	5.2185	1.41866	-1.37068	0.772492	-0.0792244	-0.161618	-0.167114
7.86301	17.6102	8.23917	-5.22388	12.0751	2.25337	4.64636	6.07041	-12.5751	-0.469378	2.45789	1.1737	-0.497933	-0.0316	-12.6289	-52.5075	-8.11832	-30.5824	-17.0615	-9.78882	-0.041513	3.04437	6.42635	-20.4619	2.42237	-0.724344	-0.814545	2.86569	-0.0848098	0.0896204	-0.377066	5.48481	1.59442	-1.47017	0.889985	-0.0804877	-0.169315	-0.188582
7.873	18.4772	6.45719	-3.90596	12.2095	1.88027	4.72349	6.79711	-12.6647	-0.44432	2.21693	1.17029	-0.515884	-0.0299137	-13.4606	-54.3507	-7.92235	-30.8459	-17.3407	-10.2877	-0.0417356	3.20154	7.33867	-19.9362	2.81237	-0.495954	-0.853953	3.12295	-0.0853778	0.117231	-0.409926	5.76433	1.76448	-1.58205	1.03431	-0.0823391	-0.177681	-0.213769
7.88299	19.2558	4.25499	-2.52615	12.342	1.5354	4.79018	7.44611	-12.6444	-0.357758	1.97677	1.17251	-0.528635	-0.028687	-14.3156	-56.0564	-7.68722	-31.1159	-17.6886	-10.739	-0.0418832	3.55982	8.48168	-19.2893	3.20224	-0.336661	-0.934441	3.34982	-0.0868235	0.13602	-0.44101	6.05296	1.92771	-1.70803	1.20404	-0.0850914	-0.187479	-0.242759
7.89298	19.9756	1.66374	-1.09135	12.4697	1.23338	4.8475	7.98993	-12.496	-0.205016	1.7449	1.18315	-0.534188	-0.0281266	-15.1292	-57.6029	-7.42646	-31.4079	-18.0843	-11.146	-0.0419578	4.03161	9.81207	-18.5436	3.57399	-0.225562	-1.04348	3.54617	-0.0882087	0.147363	-0.469985	6.34408	2.08013	-1.84627	1.39377	-0.0886932	-0.198655	-0.274717
7.90298	20.7549	-1.27555	0.329045	12.5911	0.984238	4.89747	8.35378	-12.1507	0.00680915	1.55392	1.20148	-0.529142	-0.0283534	-15.8581	-58.9667	-7.1257	-31.7378	-18.4973	-11.5057	-0.0419792	4.52901	11.2399	-17.7418	3.92193	-0.152441	-1.17554	3.71253	-0.0891455	0.151958	-0.4969	6.63171	2.22066	-1.99363	1.59882	-0.0930541	-0.21086	-0.309037
7.91297	21.5869	-4.34332	1.74015	12.7056	0.793793	4.94151	8.49701	-11.6086	0.272712	1.42497	1.22836	-0.513293	-0.0294568	-16.4946	-60.0949	-6.82014	-32.1032	-18.9087	-11.8298	-0.0419741	5.03034	12.5976	-16.8904	4.2417	-0.113427	-1.32599	3.85043	-0.0900577	0.150481	-0.521928	6.90849	2.34771	-2.14313	1.8103	-0.0977499	-0.222944	-0.34418
7.92296	22.4138	-7.3499	3.08886	12.8127	0.663361	4.98099	8.41984	-10.8884	0.586757	1.38129	1.26304	-0.486945	-0.0314253	-17.0507	-60.9514	-6.52418	-32.4802	-19.3237	-12.1271	-0.0419675	5.53296	13.762	-16.0439	4.53264	-0.107696	-1.48811	3.9619	-0.0919185	0.144132	-0.544767	7.17073	2.46059	-2.29108	2.01644	-0.102406	-0.234598	-0.378255
7.93295	23.099	-10.1557	4.20322	12.9116	0.588959	5.01724	8.17502	-10.0008	0.932515	1.43605	1.30384	-0.449605	-0.0341762	-17.5185	-61.5394	-6.23539	-32.8693	-19.7404	-12.3964	-0.0419559	6.05297	14.6369	-15.3721	4.7981	-0.132923	-1.65724	4.04468	-0.0936446	0.133336	-0.564079	7.41705	2.56091	-2.43567	2.20762	-0.106857	-0.245955	-0.409939
7.94294	23.5299	-12.6527	5.02486	13.0039	0.562804	5.05082	7.86657	-8.98209	1.28444	1.57775	1.34797	-0.401033	-0.0375118	-17.9109	-61.9086	-5.96277	-33.2582	-20.1565	-12.6408	-0.0419225	6.58659	15.1655	-14.9572	5.03766	-0.179554	-1.82668	4.10304	-0.0944563	0.119438	-0.579786	7.64356	2.65012	-2.57049	2.37734	-0.110819	-0.256047	-0.438078
7.95293	23.744	-14.7897	5.50612	13.0921	0.575639	5.08252	7.57646	-7.92073	1.61544	1.76497	1.39253	-0.344014	-0.0411233	-18.2743	-62.146	-5.70495	-33.6246	-20.5715	-12.8711	-0.0418649	7.07973	15.3651	-14.8461	5.24149	-0.248755	-1.9858	4.14236	-0.0933716	0.104639	-0.59186	7.84997	2.72944	-2.68996	2.52329	-0.11408	-0.263806	-0.462168
7.96292	23.7734	-16.4748	5.62461	13.176	0.617898	5.1122	7.36044	-6.95826	1.90326	1.94388	1.43323	-0.284134	-0.0445747	-18.6355	-62.3016	-5.46682	-33.9586	-20.9998	-13.0859	-0.0417753	7.49052	15.2919	-15.0485	5.40527	-0.352952	-2.13394	4.16646	-0.0905098	0.0894329	-0.601042	8.03655	2.79782	-2.79017	2.64344	-0.116445	-0.268485	-0.48168
7.97291	23.5751	-17.581	5.43743	13.2564	0.678727	5.13955	7.32273	-6.27147	2.13044	2.04229	1.46659	-0.228275	-0.0474169	-19.0825	-62.4403	-5.23145	-34.2306	-21.4703	-13.2757	-0.0416409	7.86304	14.9741	-15.5149	5.52331	-0.49	-2.26667	4.18148	-0.0862643	0.0749235	-0.608088	8.20376	2.85622	-2.87054	2.74643	-0.118019	-0.269749	-0.498013
7.9829	23.1624	-18.0245	5.03693	13.3342	0.748222	5.16495	7.54051	-6.00962	2.28212	1.99788	1.48853	-0.182765	-0.0492188	-19.6969	-62.6343	-4.98497	-34.4237	-22.0004	-13.4401	-0.0414471	8.23128	14.4442	-16.1601	5.58908	-0.64625	-2.37624	4.1948	-0.081137	0.0627414	-0.613629	8.34741	2.90212	-2.92963	2.83038	-0.118709	-0.267643	-0.510581
7.9929	22.5796	-17.6505	4.66438	13.4091	0.819398	5.18851	7.99639	-6.28633	2.36013	1.76799	1.49408	-0.152072	-0.049611	-20.4391	-62.9074	-4.73365	-34.5631	-22.5924	-13.5753	-0.0411868	8.63033	13.6915	-16.7063	5.60345	-0.802336	-2.45772	4.21861	-0.0770209	0.0547202	-0.619568	8.46375	2.93128	-2.96492	2.88836	-0.118148	-0.262053	-0.517553
8.00289	21.9324	-16.3389	4.31294	13.4797	0.889491	5.20959	8.70981	-7.13504	2.36592	1.33173	1.48382	-0.140084	-0.0485074	-21.2729	-63.1563	-4.47025	-34.6684	-23.2613	-13.6657	-0.0408625	8.94165	12.7683	-17.1506	5.57963	-0.941452	-2.51382	4.2619	-0.0746024	0.0512466	-0.627347	8.55101	2.94103	-2.98546	2.92057	-0.116783	-0.255312	-0.519473
8.01288	21.3201	-14.1978	4.05202	13.5458	0.959537	5.22584	9.64835	-8.453	2.30164	0.726661	1.46105	-0.146292	-0.0461265	-22.157	-63.3108	-4.20843	-34.726	-24.0376	-13.6939	-0.0404446	9.10572	11.7589	-17.4141	5.52515	-1.04818	-2.54645	4.32365	-0.0747677	0.0516741	-0.637099	8.59924	2.92561	-2.99706	2.92097	-0.11489	-0.249596	-0.515443
8.02287	20.9497	-12.5139	3.94642	13.6064	0.902541	5.23606	10.5418	-9.33866	2.08916	0.152344	1.13344	-0.03173	-0.0430349	-23.0081	-63.3242	-3.97306	-34.6998	-24.9436	-13.6462	-0.0401211	9.18803	10.7027	-17.4128	5.48385	-1.11791	-2.57321	4.40751	-0.0786223	0.05399	-0.65032	8.61977	2.88369	-3.01711	2.89965	-0.113538	-0.248428	-0.507373
8.03286	20.7551	-11.4477	3.99655	13.6602	0.737299	5.23648	11.2384	-9.74216	1.75873	-0.323872	0.54311	0.181334	-0.0397185	-23.7333	-63.226	-3.7602	-34.5599	-26.0082	-13.5226	-0.0398943	9.26208	9.5953	-17.1069	5.46392	-1.15944	-2.5988	4.5043	-0.0857496	0.0566606	-0.665856	8.59516	2.81692	-3.05409	2.86044	-0.113525	-0.254705	-0.49651
8.04285	20.6441	-11.013	4.18875	13.7051	0.486107	5.2221	11.6244	-9.60754	1.33067	-0.652387	-0.256609	0.472926	-0.0367291	-24.1858	-62.931	-3.57532	-34.3065	-27.2288	-13.3092	-0.0397948	9.32816	8.3861	-16.4808	5.47111	-1.18369	-2.62749	4.60629	-0.0949758	0.0585466	-0.682731	8.50336	2.72891	-3.12015	2.80421	-0.115921	-0.272615	-0.484092
8.05284	20.5663	-11.1081	4.54741	13.7383	0.177338	5.18846	11.6611	-8.9171	0.820256	-0.832854	-1.1915	0.821454	-0.0346434	-24.2713	-62.3354	-3.42891	-33.9266	-28.5983	-12.9942	-0.0398543	9.33366	6.9781	-15.5099	5.51132	-1.20645	-2.66341	4.70613	-0.104964	0.0588862	-0.699954	8.31264	2.62638	-3.22828	2.73399	-0.122107	-0.307066	-0.472113
8.06283	20.4962	-11.3637	5.13168	13.756	-0.151438	5.12962	11.4397	-7.7684	0.2408	-0.934198	-2.16189	1.19936	-0.0338579	-24.0055	-61.2959	-3.34235	-33.363	-30.119	-12.5599	-0.0400988	9.20355	5.22718	-14.1774	5.58208	-1.23907	-2.70714	4.80034	-0.114612	0.0577448	-0.716897	7.97847	2.52091	-3.38895	2.65875	-0.133759	-0.362944	-0.463901
8.07282	20.2487	-12.3059	5.64946	13.7554	-0.461725	5.04181	10.9798	-6.22227	-0.388442	-1.02492	-3.07377	1.58444	-0.0343131	-23.5086	-59.8056	-3.35257	-32.5549	-31.7989	-12.0132	-0.0404003	9.21143	3.70953	-12.8234	5.64551	-1.28968	-2.7459	4.87706	-0.120836	0.0560429	-0.731077	7.79729	2.42019	-3.50975	2.58967	-0.141522	-0.400783	-0.454096
8.08282	19.7782	-13.3181	6.22129	13.7364	-0.718764	4.92269	10.4661	-4.53684	-1.0494	-1.22111	-3.84401	1.95658	-0.0355816	-22.8626	-57.7644	-3.45854	-31.4514	-33.6318	-11.3361	-0.0407122	9.31327	2.26344	-11.3779	5.68778	-1.36012	-2.77311	4.93554	-0.123805	0.0549618	-0.741787	7.73495	2.28964	-3.5999	2.51744	-0.145815	-0.424523	-0.441488
8.09281	19.0453	-13.8614	6.91737	13.6996	-0.895718	4.77128	10.0211	-2.9522	-1.70289	-1.60258	-4.4172	2.31223	-0.0371263	-22.0499	-55.1294	-3.67105	-30.0874	-35.5626	-10.5157	-0.0410114	9.46746	0.752873	-9.82514	5.7068	-1.45197	-2.78916	4.97552	-0.124061	0.0545946	-0.748906	7.76013	2.10626	-3.66918	2.4328	-0.147217	-0.438296	-0.42506
8.1028	18.2361	-13.6365	7.68326	13.6497	-0.972678	4.58873	9.63395	-1.64216	-2.29585	-2.15968	-4.77496	2.65136	-0.0385799	-21.0847	-51.9293	-3.97763	-28.489	-37.5438	-9.55054	-0.0412794	9.58541	-0.885922	-8.24468	5.69888	-1.56473	-2.79268	4.99664	-0.122193	0.0551929	-0.752161	7.84551	1.85932	-3.72566	2.32976	-0.146421	-0.445684	-0.404568
8.11279	17.7207	-12.6372	8.5175	13.5933	-0.940475	4.37777	9.19771	-0.72979	-2.81152	-2.81524	-4.93395	2.96383	-0.0397906	-20.0221	-48.2691	-4.35375	-26.6672	-39.544	-8.45599	-0.041468	9.52524	-2.63778	-6.62705	5.65823	-1.6911	-2.7792	5.00057	-0.118887	0.0575611	-0.751575	7.96199	1.5527	-3.77025	2.20767	-0.143952	-0.448629	-0.380351
8.12278	17.6974	-11.0579	9.42792	13.5339	-0.806167	4.14172	8.67238	-0.241305	-3.25616	-3.5216	-4.92251	3.24791	-0.0407085	-18.9244	-44.2925	-4.75729	-24.6443	-41.5213	-7.25186	-0.0415295	9.20575	-4.43767	-4.95471	5.5878	-1.8215	-2.74937	4.9902	-0.115158	0.0617123	-0.747805	8.08619	1.19606	-3.80338	2.06656	-0.140252	-0.448731	-0.3527
8.13277	18.1111	-9.24006	10.2624	13.4748	-0.590963	3.88285	8.01705	-0.144756	-3.60027	-4.24369	-4.77674	3.52051	-0.0413087	-17.7599	-40.2054	-5.15395	-22.5143	-43.4011	-5.96437	-0.0414154	8.62533	-6.1433	-3.38862	5.4909	-1.95153	-2.70652	4.97028	-0.111629	0.0674439	-0.741965	8.20345	0.802338	-3.82778	1.90719	-0.135893	-0.447755	-0.322268
8.14276	18.9568	-7.44126	11.1941	13.4234	-0.323361	3.60479	7.22015	-0.400339	-3.87046	-4.95267	-4.5287	3.77763	-0.0416001	-16.5456	-36.1394	-5.52167	-20.3499	-45.1231	-4.63198	-0.0410756	7.77919	-7.67297	-1.75572	5.37185	-2.07287	-2.65335	4.94341	-0.108492	0.0743307	-0.734938	8.30151	0.385411	-3.84435	1.72935	-0.130984	-0.446884	-0.288837
8.15275	20.0759	-6.16081	12.015	13.3865	-0.0365805	3.31311	6.20246	-0.856191	-4.09219	-5.61638	-4.21176	4.02426	-0.0416248	-15.2579	-32.2859	-5.84293	-18.2316	-46.6418	-3.30697	-0.0404761	6.72412	-8.86902	-0.228854	5.23512	-2.18601	-2.59286	4.91009	-0.105948	0.0819867	-0.727025	8.37885	-0.0377587	-3.85809	1.53541	-0.125949	-0.447754	-0.253335
8.16274	21.1716	-5.6524	12.6971	13.3684	0.235057	3.01213	4.97349	-1.36929	-4.28337	-6.24012	-3.85584	4.27502	-0.0414682	-13.8546	-28.732	-6.09242	-16.2302	-47.9308	-2.02342	-0.0396328	5.57015	-9.65816	1.19845	5.07998	-2.28928	-2.52495	4.87121	-0.103705	0.0904502	-0.718383	8.43723	-0.450161	-3.87485	1.32944	-0.120966	-0.451892	-0.216675
8.17274	21.9488	-5.92458	13.2356	13.374	0.461035	2.70358	3.56713	-1.84579	-4.45885	-6.85781	-3.46602	4.5361	-0.0412258	-12.289	-25.4673	-6.27806	-14.4021	-48.9566	-0.810326	-0.0386043	4.46035	-10.0291	2.54535	4.9032	-2.38442	-2.44988	4.82656	-0.101487	0.0995599	-0.708985	8.48693	-0.837485	-3.90536	1.11789	-0.116223	-0.461359	-0.180359
8.18273	22.216	-6.86334	13.5968	13.4091	0.619733	2.38896	1.98748	-2.25982	-4.61672	-7.47475	-3.06035	4.81172	-0.0409878	-10.5311	-22.4663	-6.40832	-12.7977	-49.672	0.303014	-0.0374927	3.52942	-10.0232	3.79905	4.70406	-2.48127	-2.37313	4.77271	-0.0992257	0.108074	-0.6987	8.5467	-1.18974	-3.96425	0.907304	-0.111985	-0.478559	-0.146184
8.19272	21.8111	-8.23442	13.7533	13.4746	0.700018	2.07124	0.376037	-2.62289	-4.75588	-8.15544	-2.63304	5.10109	-0.0407955	-8.62947	-19.6834	-6.48289	-11.4315	-50.0457	1.29248	-0.0364201	2.86976	-9.71782	4.92647	4.47993	-2.59162	-2.30031	4.70717	-0.0967026	0.11487	-0.687543	8.63477	-1.50419	-4.06721	0.703516	-0.110218	-0.506182	-0.116077
8.20271	20.8215	-9.771	13.673	13.57	0.701003	1.75379	-1.19017	-2.98394	-4.89254	-8.92226	-2.18951	5.39617	-0.040664	-6.66905	-17.038	-6.50375	-10.2811	-50.0671	2.1504	-0.0354886	2.48387	-9.22601	5.90279	4.22578	-2.71934	-2.23171	4.63104	-0.0935692	0.11997	-0.675588	8.75817	-1.79194	-4.21924	0.511869	-0.111427	-0.544709	-0.0915683
8.2127	19.4794	-11.2188	13.3704	13.6951	0.632657	1.43784	-2.69743	-3.43303	-5.04424	-9.75902	-1.75015	5.68113	-0.0405845	-4.74816	-14.4479	-6.47319	-9.31081	-49.7155	2.87878	-0.034782	2.34329	-8.65947	6.75069	3.93884	-2.86142	-2.16553	4.54516	-0.0894001	0.123652	-0.662656	8.91059	-2.06283	-4.414	0.337583	-0.115414	-0.59259	-0.0736437
8.22269	18.0402	-12.3566	13.0251	13.8452	0.514847	1.12124	-4.12731	-4.06227	-5.2024	-10.6438	-1.33051	5.94816	-0.0405349	-2.94238	-11.8262	-6.41619	-8.48439	-48.9609	3.4908	-0.0343167	2.39346	-8.11385	7.59228	3.61941	-3.01574	-2.10052	4.45056	-0.0837606	0.126163	-0.648591	9.069	-2.31872	-4.63378	0.18712	-0.121636	-0.646423	-0.0627792
8.23268	16.6792	-13.1905	12.5681	14.0142	0.371171	0.801942	-5.50356	-4.8705	-5.3391	-11.5426	-0.94465	6.20546	-0.0405225	-1.35364	-9.15878	-6.32616	-7.73379	-47.8077	4.00677	-0.0341028	2.60604	-7.6338	8.30339	3.27983	-3.18085	-2.04178	4.35256	-0.0779122	0.127349	-0.634547	9.19985	-2.5546	-4.85265	0.0657413	-0.130097	-0.701475	-0.0591938
8.24267	15.5902	-13.6765	12.0906	14.1971	0.223577	0.476973	-6.84942	-5.90657	-5.46147	-12.4071	-0.612499	6.45326	-0.0405382	-0.0905012	-6.43319	-6.19817	-6.97913	-46.2758	4.45469	-0.0341502	2.97203	-7.27695	8.93648	2.93332	-3.35019	-1.99343	4.25865	-0.0722856	0.127269	-0.621929	9.25546	-2.7626	-5.03475	-0.0208735	-0.139845	-0.751297	-0.0621006
8.25266	14.8066	-13.7998	11.6801	14.3875	0.0889292	0.142843	-8.17806	-7.22056	-5.56958	-13.1875	-0.361354	6.68411	-0.0405719	0.827331	-3.69791	-6.03407	-6.19034	-44.3732	4.86522	-0.034453	3.50028	-7.07771	9.5501	2.60126	-3.5292	-1.96307	4.176	-0.0672035	0.12596	-0.612158	9.17774	-2.93865	-5.13427	-0.0721955	-0.149563	-0.787814	-0.0690212
8.26266	14.2396	-13.6819	11.4434	14.5775	-0.0225752	-0.203637	-9.46494	-8.83673	-5.64517	-13.8714	-0.189587	6.90078	-0.0406195	1.38304	-1.12348	-5.81998	-5.37084	-42.1	5.25347	-0.0349621	4.20017	-7.05081	10.2033	2.32369	-3.72804	-1.96861	4.11433	-0.0636308	0.122284	-0.607988	8.90465	-3.08911	-5.09853	-0.0960885	-0.157743	-0.801841	-0.075493
8.27265	13.8341	-13.5623	11.4836	14.7629	-0.110543	-0.56386	-10.6886	-10.724	-5.70598	-14.4531	-0.0853528	7.10841	-0.0406734	1.50316	1.12136	-5.52877	-4.48764	-39.4956	5.62632	-0.0355672	5.05492	-7.18217	10.9577	2.15078	-3.95276	-2.02904	4.09047	-0.062753	0.115553	-0.613498	8.36853	-3.22721	-4.86582	-0.103491	-0.16244	-0.782341	-0.0761316
8.28264	13.5948	-13.7044	11.9264	14.9406	-0.181209	-0.93713	-11.8801	-12.8328	-5.78613	-14.9105	-0.0509007	7.30173	-0.0407398	1.15581	2.88181	-5.12626	-3.52825	-36.6275	5.98672	-0.03616	6.00811	-7.46355	11.9307	2.14294	-4.21679	-2.16563	4.13189	-0.0656788	0.10575	-0.634693	7.47956	-3.38944	-4.34991	-0.11311	-0.160038	-0.713744	-0.0632393
8.29263	13.5046	-14.3432	12.98	15.1058	-0.245134	-1.32126	-13.0687	-15.1205	-5.88441	-15.2255	-0.0973988	7.47252	-0.040829	0.394291	3.99684	-4.57753	-2.5431	-33.5598	6.32567	-0.0366064	6.96122	-7.8887	13.3196	2.35231	-4.54961	-2.39454	4.26604	-0.0732185	0.0933418	-0.677199	6.14427	-3.62781	-3.45482	-0.148802	-0.146421	-0.57819	-0.0280933
8.30262	13.2912	-15.8507	14.5269	15.2554	-0.314336	-1.713	-14.3263	-17.4669	-6.00476	-15.4053	-0.219266	7.61109	-0.0409262	-0.69156	4.3494	-3.87488	-1.5928	-30.3595	6.62441	-0.036732	7.99212	-8.26685	15.0147	2.80886	-4.97712	-2.7124	4.52164	-0.084683	0.0813047	-0.745999	4.63304	-3.94474	-2.36834	-0.222693	-0.122448	-0.405126	0.0225206
8.31261	12.7119	-18.2956	16.5619	15.3899	-0.401355	-2.10838	-15.6978	-19.8014	-6.16369	-15.4641	-0.413482	7.71518	-0.0410237	-1.96277	3.96728	-3.04038	-0.737944	-27.1071	6.85967	-0.0364251	9.23521	-8.43001	17.0739	3.50805	-5.51607	-3.082	4.93233	-0.0993904	0.0766408	-0.844297	3.32652	-4.3136	-1.34607	-0.340184	-0.0943269	-0.234704	0.0788354
8.3226	11.4673	-21.5523	19.0385	15.5078	-0.514871	-2.50096	-17.174	-22.0438	-6.37661	-15.4431	-0.677544	7.77851	-0.0411122	-3.27365	2.98414	-2.10807	-0.0245483	-23.9008	7.01167	-0.0356418	10.8998	-8.19092	19.5658	4.41293	-6.18777	-3.43544	5.52649	-0.115956	0.089076	-0.972489	2.68031	-4.6819	-0.678501	-0.487667	-0.0695035	-0.111444	0.127391
8.33259	9.40995	-25.342	21.9435	15.6079	-0.656668	-2.88344	-18.7533	-24.137	-6.64796	-15.3642	-1.02511	7.78653	-0.0412252	-4.45934	1.62923	-1.14945	0.513114	-20.815	7.06631	-0.0345013	13.1179	-7.38971	22.5852	5.4432	-7.02433	-3.67478	6.31894	-0.133046	0.130414	-1.12701	2.99467	-4.98658	-0.561636	-0.63557	-0.0541335	-0.0662902	0.156037
8.34258	6.27854	-28.3443	26.1337	15.6916	-0.821953	-3.24943	-20.2151	-26.0312	-6.98163	-15.3017	-1.46806	7.72619	-0.0414587	-5.24269	0.211094	-0.266732	0.855945	-17.9102	7.01709	-0.0331973	16.3074	-6.29582	27.2659	6.50508	-8.12498	-3.71096	7.30605	-0.147364	0.210023	-1.30148	3.94593	-5.33615	-0.82739	-0.821994	-0.0458422	-0.0815648	0.180339
8.35258	3.02437	-30.2576	31.3726	15.7598	-1.00214	-3.59336	-21.5234	-27.7108	-7.39099	-15.2797	-2.00903	7.59945	-0.041878	-5.58174	-0.903955	0.434274	1.03144	-15.2323	6.872	-0.0319984	19.8772	-5.17254	33.3413	7.46821	-9.59778	-3.4578	8.46607	-0.157742	0.336365	-1.48696	5.32395	-5.63651	-1.3781	-0.991942	-0.0450539	-0.143642	0.192524
8.36257	0.869777	-30.9754	37.1269	15.8122	-1.18288	-3.91019	-22.6088	-29.1194	-7.86527	-15.3421	-2.63879	7.41717	-0.0425298	-5.47724	-1.35586	0.874808	1.08404	-12.8209	6.64849	-0.0310938	22.9682	-4.40568	40.1815	8.16734	-11.5035	-2.85365	9.74274	-0.162246	0.513085	-1.67013	6.86051	-5.76378	-2.08229	-1.09051	-0.0509946	-0.233322	0.185486
8.37256	1.53155	-30.4982	42.4083	15.8515	-1.34764	-4.19511	-23.4299	-30.2771	-8.40441	-15.4977	-3.36309	7.17882	-0.0434138	-5.00042	-0.851065	1.00447	1.06994	-10.6898	6.35491	-0.0306316	24.3931	-4.7729	46.6365	8.44397	-13.8303	-1.90903	11.049	-0.161309	0.73441	-1.83592	8.27113	-5.53946	-2.8059	-1.05098	-0.0627175	-0.330309	0.1496
8.38255	7.35158	-28.762	46.3301	15.8806	-1.48121	-4.44575	-23.9608	-31.2021	-9.0109	-15.7619	-4.17384	6.89286	-0.0444876	-4.19867	0.874414	0.75699	1.01454	-8.83122	6.01187	-0.0304659	22.6438	-7.67353	51.5855	8.21845	-16.5051	-0.805737	12.2625	-0.15591	0.973057	-1.97133	9.22183	-4.73422	-3.39754	-0.792507	-0.0787482	-0.411367	0.0743726
8.39254	13.7724	-27.5009	50.0393	15.9003	-1.57347	-4.66353	-24.2286	-32.0333	-9.59868	-15.9691	-5.06367	6.60507	-0.0450515	-3.60672	1.58785	0.613357	0.650075	-7.1749	5.56354	-0.030648	20.1953	-11.749	55.7292	7.56754	-19.2967	0.133332	13.1503	-0.14908	1.17644	-2.05852	9.99345	-4.11072	-3.89554	-0.617214	-0.0933631	-0.487714	0.0156679
8.40253	21.7933	-24.3925	51.9566	15.9117	-1.61672	-4.8508	-24.1556	-32.9355	-10.1509	-16.1061	-6.00976	6.33379	-0.0448674	-3.08571	1.76389	0.493512	0.0183918	-5.70514	5.04471	-0.0310118	17.3794	-18.8606	57.9643	6.83278	-21.7032	0.318762	13.5343	-0.151946	1.2473	-2.10395	10.5173	-3.64564	-4.27094	-0.521114	-0.105922	-0.555307	-0.0258351
8.41252	31.9949	-17.4435	49.2694	15.9168	-1.60588	-5.01008	-23.5131	-33.9836	-10.6793	-16.2038	-7.00954	6.07441	-0.0436538	-2.36048	1.76384	0.320939	-0.903011	-4.40286	4.48717	-0.0315063	14.177	-30.8953	56.069	6.27511	-23.2681	-0.7577	13.1029	-0.167123	1.11244	-2.07503	10.707	-3.38977	-4.47634	-0.533175	-0.114438	-0.607425	-0.0439443
8.42251	42.9917	-5.32346	38.6343	15.9151	-1.54014	-5.14439	-21.8992	-35.2499	-11.1728	-16.3458	-8.04603	5.82697	-0.0413467	-1.04152	1.86724	0.039216	-2.14899	-3.23595	3.90638	-0.0324087	11.047	-47.9686	47.4821	6.04399	-23.2331	-3.10761	11.4121	-0.185931	0.745925	-1.88757	10.513	-3.40384	-4.48154	-0.683662	-0.117307	-0.639263	-0.0325364
8.4325	50.1098	11.0651	16.7524	15.9065	-1.4225	-5.25673	-18.8382	-36.7101	-11.6223	-16.65	-9.06431	5.59555	-0.0383716	1.26273	2.14729	-0.362652	-3.65266	-2.16369	3.30959	-0.0343675	8.88433	-66.4231	29.5467	5.84488	-20.5054	-5.80532	7.90996	-0.18457	0.210828	-1.39102	9.94788	-3.82016	-4.27213	-1.02994	-0.112758	-0.647427	0.0182056
8.4425	46.5355	27.7028	-15.9747	15.8926	-1.25631	-5.35088	-14.2739	-38.2696	-12.0356	-17.1106	-9.98162	5.36218	-0.035835	4.55229	2.42856	-0.807619	-5.08537	-1.15877	2.7068	-0.0381367	9.01379	-78.3377	2.51401	4.80943	-14.2098	-6.90862	2.4496	-0.135511	-0.310989	-0.458584	9.09314	-4.79834	-3.85796	-1.61039	-0.100031	-0.629789	0.114444
8.45249	28.0444	36.2756	-50.5091	15.8739	-1.0453	-5.42879	-9.30145	-39.778	-12.424	-17.526	-10.7007	5.09569	-0.0354956	7.63582	2.13621	-1.11261	-6.05823	-0.214651	2.0976	-0.0442508	12.1101	-73.6649	-26.8427	1.88345	-4.53086	-4.32129	-3.68622	-0.0390435	-0.542314	0.780241	8.20747	-6.61343	-3.30412	-2.57305	-0.0772966	-0.594784	0.28176
8.46248	3.19615	33.4565	-65.0215	15.8497	-0.794213	-5.4915	-6.4825	-41.4942	-12.8007	-17.032	-11.1902	4.79015	-0.0385853	8.59183	1.56631	-1.16445	-5.34744	0.556424	1.52146	-0.050614	17.7144	-50.8256	-39.2281	-4.59551	8.35579	3.64784	-6.97267	0.0932818	-0.0305902	1.80648	6.89461	-9.42049	-2.4743	-3.62315	-0.047891	-0.510151	0.47602
8.47247	-9.74396	15.7451	-37.9729	15.8222	-0.509207	-5.54091	-8.19109	-43.4193	-13.1855	-15.0819	-11.4778	4.45655	-0.045343	5.94952	0.943376	-1.07061	-2.40143	1.06565	1.03343	-0.0554327	19.0234	-17.0322	-16.6845	-15.8566	25.9288	16.2437	-3.83556	0.235994	1.50401	1.9769	4.08205	-13.438	-0.944064	-4.54051	-0.00353402	-0.294494	0.675059
8.48246	22.772	-7.91339	16.7778	15.7917	-0.195814	-5.57994	-12.9762	-44.4183	-13.6439	-12.7693	-11.7158	4.10359	-0.0512426	-0.216711	1.65753	-1.39068	1.64001	1.25153	0.704575	-0.0554932	0.583546	-8.99387	27.2353	-21.5486	34.6281	21.4571	3.44485	0.220018	2.6079	0.948922	-3.30405	-15.5633	2.25151	-4.11676	0.0679491	0.259568	0.716941
8.49245	45.0755	-22.5523	38.9354	15.7571	0.139361	-5.61023	-13.7089	-45.1446	-14.0917	-11.5119	-11.9047	3.67112	-0.0549456	-3.36856	2.75828	-1.98972	4.81665	1.36444	0.456238	-0.0562074	-18.0185	-7.34312	43.1884	-22.4265	37.6206	22.0931	5.80799	0.18495	2.81253	0.545237	-12.4442	-18.5917	6.1496	-4.17027	0.184227	0.971788	0.881473
8.50244	37.2936	-29.6852	7.92249	15.7223	1.04371	-5.5226	-7.01243	-45.7324	-14.512	-12.1472	-12.0573	3.11596	-0.0553654	-4.39276	0.142166	-0.861093	11.3958	1.01961	-0.241557	-0.0597499	-32.0282	-5.6477	11.0404	-19.1556	34.5822	19.0646	-0.0653815	0.14894	1.80561	1.41204	-23.083	-22.5687	10.5838	-4.89385	0.352492	1.83109	1.19865
8.51243	37.2593	2.28333	-59.9524	15.6891	1.24499	-5.56672	4.39216	-46.3719	-14.8527	-14.1121	-12.2306	2.48031	-0.0513229	3.14141	3.97245	-2.67953	9.74075	1.15139	-0.0839399	-0.0653134	-39.1621	-35.1593	-46.5775	-13.645	24.9264	9.74295	-10.366	0.060165	-0.269017	2.76775	-34.013	-28.3002	14.8489	-6.57271	0.552105	2.69725	1.68821
8.52242	71.311	30.5846	-91.7167	15.6528	1.43928	-5.61012	13.564	-46.3594	-15.2536	-15.7903	-12.3923	1.70911	-0.0429227	9.28755	7.95669	-4.78934	7.88131	1.1553	0.136942	-0.0664509	-59.5297	-85.582	-69.4115	-3.76656	6.282	-9.55895	-14.2518	-0.208992	-2.71319	2.29865	-45.704	-35.3502	19.2425	-8.60204	0.805945	3.6972	2.25972
8.53242	126.682	42.3319	-47.6355	15.6146	1.61912	-5.6541	13.1582	-48.0034	-15.6513	-14.9647	-12.3956	0.840535	-0.0366383	7.17148	10.9186	-6.37413	7.8698	0.920811	0.362678	-0.0607358	-76.8976	-122.455	-20.0905	3.34657	-11.2719	-23.6499	-5.88561	-0.438536	-3.22309	0.0173131	-51.5277	-46.5675	21.1507	-12.6547	1.04228	4.23585	3.06355
8.54241	153.019	42.4406	39.6221	15.5112	1.62855	-5.79838	7.34395	-50.7012	-15.9973	-12.9317	-12.1937	-0.177075	-0.0330552	4.57308	13.8044	-7.89676	6.01697	1.5713	0.301775	-0.0520248	-75.2541	-118.233	69.3335	8.90908	-29.2942	-28.5841	7.52181	-0.549028	-2.16553	-2.57756	-45.9721	-61.8116	18.3882	-18.8609	1.16538	3.76533	3.99554
8.5524	111.814	27.7559	127.911	15.4353	1.6653	-5.90133	1.43735	-52.2604	-16.2955	-11.246	-11.8634	-1.33051	-0.0307677	1.3451	13.0934	-8.42513	5.15999	1.91733	0.213385	-0.0423775	-44.8621	-59.3269	151.044	11.644	-42.8776	-24.4585	17.8975	-0.491652	-0.453779	-4.04883	-24.9628	-79.2924	9.11392	-25.1486	1.02481	1.77487	4.59184
8.56239	-1.06056	-4.68408	174.96	15.355	1.65487	-6.01118	-3.7906	-50.7662	-16.57	-10.3165	-11.5526	-2.54908	-0.0274162	0.0741786	8.44426	-7.94382	3.0953	2.46997	-0.0561372	-0.0321096	10.2216	45.6386	181.549	11.6135	-47.9929	-15.3062	21.8904	-0.311484	1.06565	-4.05423	11.5982	-94.1622	-7.05152	-26.0853	0.43813	-1.8908	3.9242
8.57238	-145.069	-71.132	149.106	15.2747	1.60142	-6.12069	-11.9823	-44.8815	-16.8946	-9.30024	-11.3636	-3.72603	-0.0233303	-2.62993	-1.64484	-6.3233	0.850836	3.0827	-0.467665	-0.0192171	63.6716	165.89	129.876	10.3718	-44.8001	-5.93463	20.5891	-0.111448	1.95408	-3.13677	55.0109	-97.5723	-26.5126	-13.6402	-0.661956	-6.33178	0.873077
8.58237	-238.365	-174.125	41.2981	15.1998	1.51463	-6.21985	-25.4315	-33.792	-17.3449	-7.51239	-11.1956	-4.75095	-0.0237393	-11.8814	-15.2705	-3.4273	0.647339	3.5092	-0.936681	-0.00150748	74.3289	243.514	-4.94485	9.10145	-36.3286	0.40794	16.7921	0.0182185	2.1758	-2.05984	85.8667	-78.5637	-40.1443	16.6827	-1.98542	-9.17072	-4.77942
8.59236	-196.585	-252.901	-99.4519	15.1325	1.40271	-6.3011	-39.1106	-22.6847	-17.753	-5.54483	-10.8388	-5.6297	-0.0334494	-22.9084	-28.3087	-0.368133	2.9413	3.85742	-1.36686	0.0119751	23.062	201.967	-155.571	7.91093	-26.7815	2.213	12.5478	0.0204398	1.82899	-1.3698	80.9009	-26.7207	-35.8288	55.1822	-2.74284	-7.34696	-10.7421
8.60235	-88.9357	-244.255	-154.331	15.0762	1.27373	-6.36095	-39.7679	-24.1843	-17.9266	-5.22471	-10.2841	-6.63875	-0.0470945	-19.9017	-34.1408	0.506941	4.6482	4.41616	-1.62579	0.0108927	-40.231	102.516	-198.429	6.33292	-18.6579	2.49752	7.52864	0.0297546	1.22495	-0.741278	45.6044	11.1496	-18.4961	65.7264	-2.22992	-2.76859	-11.4949
8.61234	-29.0575	-191.709	-131.795	15.0328	1.13545	-6.39798	-31.9307	-30.5039	-17.9008	-6.4932	-10.0598	-7.47825	-0.0535949	-9.81968	-31.7051	-0.368729	3.79646	5.05759	-1.74387	0.00485309	-62.6876	43.4467	-160.007	4.86486	-12.8902	2.48464	3.98173	0.0392678	0.768107	-0.303851	17.6301	15.9075	-6.83653	53.6403	-1.44862	-0.110025	-8.94508
8.62234	41.507	-107.294	-101.121	15.0003	0.995967	-6.41175	-23.9769	-36.1863	-17.7774	-7.79919	-10.1335	-7.99194	-0.0573661	-0.720131	-28.7981	-0.615621	1.65752	5.73679	-1.91754	-0.00321275	-65.4019	-42.3369	-109.138	3.24502	-9.98447	0.435199	1.68431	-0.019687	0.28701	-0.341421	-3.78962	43.639	5.42399	43.2291	-0.650683	2.93592	-6.56319
8.63233	47.0932	-46.3831	-49.587	14.9773	0.863212	-6.40253	-16.2235	-41.4553	-17.6444	-9.03766	-10.547	-8.31542	-0.0550452	7.61606	-23.3182	-1.60146	-1.40545	6.26911	-1.97588	-0.00923985	-44.9359	-59.9324	-45.9159	1.75348	-7.92499	-0.634152	0.579916	-0.039419	0.0672385	-0.348282	-10.4842	42.5392	8.56347	25.3865	-0.113717	3.31816	-3.55964
8.64232	6.09969	-54.3274	-24.9657	14.9626	0.745352	-6.37203	-14.4783	-41.6528	-17.682	-9.1895	-11.2201	-8.40034	-0.0504985	9.79077	-20.2889	-2.27127	-3.41504	6.46968	-1.93527	-0.00859153	-32.0614	-17.1221	-24.4319	0.433812	-5.52384	-0.676381	0.535592	-0.0278584	0.0786037	-0.261149	-6.00975	14.9008	3.57616	14.9324	-0.135555	1.61745	-2.2519
8.65231	-65.1979	-144.783	-45.8427	14.9516	0.649892	-6.32423	-19.8373	-35.1055	-18.0016	-8.21358	-12.0331	-8.25471	-0.0466332	5.15256	-22.7023	-1.55376	-3.47068	6.30614	-1.86339	-0.000388376	-45.4727	72.5883	-63.6654	-0.665632	-1.83876	0.426496	1.21058	0.01865	0.259711	-0.000730892	2.66612	-36.4807	-7.03815	17.5697	-0.720343	-1.31007	-3.39454
8.6623	-67.0046	-152.533	-39.9379	14.9403	0.583142	-6.26326	-20.634	-31.5065	-18.0014	-7.98452	-12.7248	-7.99298	-0.0463362	5.55541	-24.7717	-1.09698	-4.21035	6.39166	-1.80716	-0.00358734	-50.5606	69.3891	-60.4257	-2.02563	-0.612311	-0.256773	2.33133	0.00670554	0.38811	-0.103845	0.0563874	-35.0173	-6.34757	19.3532	-0.737219	-0.995526	-3.60997
8.67229	-24.0947	-185.631	-85.2952	14.9276	0.550487	-6.19127	-26.3349	-30.9785	-18.0956	-6.2468	-13.3578	-7.62653	-0.0499166	1.19789	-20.6356	-2.12199	-3.37734	6.21582	-1.53957	-0.00407114	-85.9371	56.0039	-109.654	-3.07378	-0.453447	-1.23784	1.54025	0.0526704	0.231505	-0.186803	-5.94336	-46.9103	-7.35519	30.7585	-0.990115	-0.820305	-5.48274
8.68228	66.4835	-83.2809	-51.7736	14.9111	0.556002	-6.11021	-20.8672	-37.9212	-17.6544	-6.5201	-13.9327	-7.20607	-0.0526883	7.25738	-10.8958	-4.39869	-5.46744	6.51289	-1.30397	-0.0199162	-75.9611	-44.3371	-58.5454	-4.31087	-3.74467	-3.72862	1.09424	0.0527857	0.0968991	-0.635746	-19.4614	-0.132413	4.12556	26.4042	-0.342529	2.2267	-3.98725
8.69227	111.04	3.06071	-8.74379	14.888	0.601156	-6.02255	-15.0567	-43.86	-17.2211	-7.08164	-14.6824	-6.63644	-0.0510767	11.6874	0.00210381	-6.32388	-7.84405	6.68675	-1.07654	-0.0312916	-49.6539	-99.6769	-1.36597	-5.22319	-6.14506	-5.08853	0.659316	0.0727369	0.0212805	-0.882584	-23.6629	29.8899	10.9893	15.9749	0.172421	3.60196	-1.85528
8.70226	114.833	63.2857	28.3156	14.8595	0.685459	-5.9299	-11.277	-48.6975	-16.8285	-7.30559	-15.5358	-5.97185	-0.0467388	15.1611	7.15074	-7.51571	-10.1307	6.76828	-0.880036	-0.0391783	-15.6539	-116.907	45.9112	-5.87565	-7.25278	-5.54336	0.141875	0.0753454	-0.0599427	-0.950486	-19.1005	45.2405	13.186	4.10728	0.474148	3.56934	0.180013
8.71226	95.2518	95.856	51.7696	14.8253	0.80569	-5.83302	-9.79242	-51.5364	-16.5075	-7.1968	-16.3898	-5.25683	-0.0415884	17.0958	10.1289	-7.80536	-11.8835	6.74924	-0.713347	-0.0436632	15.8022	-110.993	75.7114	-6.48286	-6.98486	-5.39085	-0.427583	0.0370536	-0.170702	-0.884551	-9.75249	50.2356	12.1382	-5.69005	0.5827	2.7582	1.66325
8.72225	75.2264	106.777	68.7212	14.7834	0.955737	-5.73182	-10.5386	-52.2376	-16.1706	-6.65043	-17.1833	-4.49911	-0.0373832	16.4369	10.3867	-7.83252	-12.5943	6.60054	-0.52841	-0.0449038	37.1837	-99.8652	94.3041	-7.37019	-5.48766	-4.99418	-0.878546	-0.0571515	-0.30901	-0.750534	-0.508618	50.7975	9.93392	-12.1276	0.56879	1.7995	2.52821
8.73224	47.2981	102.038	78.1127	14.7344	1.12836	-5.62676	-11.2521	-50.7588	-15.8754	-6.33117	-17.8725	-3.74979	-0.0341259	15.5842	7.12116	-6.9114	-12.7952	6.39572	-0.404058	-0.0440601	51.0158	-82.9176	102.504	-8.45463	-2.3501	-4.26183	-1.53472	-0.216099	-0.514119	-0.520546	6.5097	48.1783	7.31922	-15.2011	0.471823	0.911918	2.8308
8.74223	37.3621	85.8525	78.1116	14.6795	1.31599	-5.51911	-14.0698	-48.3173	-15.522	-5.42688	-18.536	-2.93321	-0.0317499	11.5845	3.15776	-6.06897	-11.9125	6.04312	-0.230475	-0.0392931	52.5407	-74.5296	97.4498	-10.4853	1.78274	-3.80669	-1.90131	-0.30362	-0.664609	-0.295988	11.8076	44.5621	4.97823	-16.8517	0.384688	0.213167	2.91782
8.75222	0.280479	95.8307	66.5127	14.617	1.51077	-5.40924	-10.5581	-49.299	-15.3425	-6.77005	-18.7806	-2.40885	-0.0334931	18.0864	3.59282	-5.48325	-13.9173	6.10888	-0.141404	-0.0457847	70.0383	-52.2796	93.0319	-5.00164	-4.67689	-3.60205	-0.39177	-0.227431	-0.233965	-0.611985	18.7137	38.1539	1.54119	-18.0386	0.270448	-0.596246	2.85247
8.76221	-24.6192	99.67	54.2659	14.5472	1.70531	-5.29686	-9.089	-49.9241	-15.0757	-7.48691	-19.0334	-1.82538	-0.0350478	21.3737	4.17307	-5.21731	-14.9116	6.022	0.0126743	-0.0485295	82.8587	-35.5062	84.9605	-0.148131	-10.2366	-3.41368	1.29936	-0.104051	0.217184	-0.902663	26.5818	33.5924	-1.62796	-20.1441	0.217299	-1.299	2.95862
8.7722	-47.9973	101.809	54.511	14.4723	1.8924	-5.18157	-7.55108	-50.3322	-14.7136	-8.14304	-19.1902	-1.27707	-0.0373148	23.8353	4.81724	-5.28366	-15.2511	5.85372	0.232372	-0.0501464	94.493	-19.0029	87.4639	4.664	-15.005	-2.88413	2.71922	-0.0168857	0.581865	-1.10263	32.203	33.0676	-3.45006	-22.201	0.217577	-1.72441	3.15759
8.78219	-78.1939	99.3514	64.8359	14.3926	2.06491	-5.06364	-5.30667	-50.4713	-14.3122	-9.03093	-19.2253	-0.7922	-0.0398032	26.6127	4.62446	-5.15689	-15.1956	5.63852	0.471355	-0.0511388	106.141	2.77883	98.8296	9.42866	-19.2989	-2.15492	3.83317	0.0387002	0.854439	-1.24137	35.7094	35.6139	-3.86139	-24.309	0.268968	-1.89398	3.47681
8.79218	-108.976	88.6295	86.4068	14.3083	2.21673	-4.94358	-2.97013	-50.3777	-13.8724	-10.0078	-19.1321	-0.384003	-0.0425635	29.2989	3.81229	-4.95671	-14.6281	5.36178	0.748847	-0.0513127	113.158	28.1879	119.453	13.7873	-23.1523	-1.69382	4.83578	0.0518538	1.02468	-1.41335	35.5949	40.7842	-2.27489	-25.85	0.368526	-1.71577	3.86452
8.80218	-133.165	63.5134	116.761	14.2212	2.3427	-4.82102	-1.60291	-49.786	-13.4331	-10.8004	-18.9334	-0.078624	-0.0456115	31.0785	2.42337	-4.77408	-13.3311	4.98568	1.09045	-0.0499327	109.505	56.3532	146.013	17.3484	-26.2826	-1.94129	5.79591	0.0133769	1.05876	-1.68794	30.5749	46.6075	1.48293	-25.5604	0.490483	-1.12725	4.1413
8.81217	-122.46	22.0735	148.685	14.1307	2.43985	-4.69562	-4.52634	-49.8353	-12.9372	-10.2924	-18.7073	0.124312	-0.0489547	28.5892	2.33294	-5.27488	-10.4529	4.38344	1.58302	-0.0445885	83.5509	75.6897	170.365	19.4032	-28.4161	-3.55349	6.98557	-0.0434245	0.958159	-2.14832	20.3818	51.8805	7.48555	-22.8186	0.626528	-0.0721513	4.21305
8.82216	-61.6797	-1.75585	152.961	14.0352	2.50742	-4.56651	-9.55376	-49.3564	-12.2276	-9.50555	-18.6345	0.373989	-0.0495754	24.4345	1.43064	-5.44697	-8.45281	3.87913	2.00006	-0.0403739	38.4288	48.5576	168.179	19.4273	-31.902	-8.48363	8.16927	-0.0913301	0.627957	-3.08373	3.41142	53.5731	14.7085	-14.5179	0.676659	1.41805	3.46531
8.83215	31.5528	-21.9637	118.893	13.9355	2.54561	-4.43367	-15.2715	-44.5778	-11.564	-8.9958	-18.6557	0.703867	-0.0508797	19.7983	-3.19351	-4.22516	-7.53717	3.49571	2.24716	-0.0370154	-28.9423	-12.8174	127.669	17.865	-35.5376	-16.5111	10.7542	-0.259163	0.177633	-4.46413	-21.1648	53.4661	23.046	1.96869	0.593121	3.45273	1.45053
8.84214	132.324	-75.515	24.4098	13.8322	2.55544	-4.29578	-25.4437	-37.3387	-10.99	-7.23001	-18.8699	1.03196	-0.0512078	10.7261	-9.28677	-2.73262	-5.56528	2.87186	2.55873	-0.0282954	-114.994	-64.8932	20.425	14.9705	-34.5783	-25.8568	12.8662	-0.539271	-0.69668	-5.70507	-44.5614	49.8671	27.4382	27.7178	0.237184	5.3549	-2.37029
8.85213	184.318	-141.575	-143.049	13.7234	2.53796	-4.15157	-35.5517	-26.2565	-10.5046	-5.7076	-19.4927	1.60083	-0.047165	1.71656	-17.4296	-0.289257	-5.81192	2.30215	2.7304	-0.0172292	-174.988	-91.4162	-162.047	11.8336	-29.638	-35.7201	14.9067	-0.912575	-1.78517	-6.65742	-47.1184	43.9381	18.5914	58.296	-0.551442	5.52953	-7.90475
8.86212	105.193	-222.574	-316.821	13.6091	2.49371	-3.99986	-41.6092	-19.0434	-9.87978	-4.90092	-20.5356	2.27559	-0.0357493	-4.66739	-19.7089	0.556773	-7.30919	1.59841	3.05812	-0.00299654	-149.95	-17.633	-349.686	8.23444	-13.392	-40.4554	14.4951	-1.22435	-2.8368	-6.27606	-7.93912	29.4387	-11.4589	78.8351	-1.65539	2.24938	-13.0486
8.87211	-86.7239	-228.055	-365.243	13.4903	2.42267	-3.8405	-32.9293	-21.0058	-8.8733	-7.65793	-21.7291	3.10122	-0.0224174	1.37049	-13.0448	-0.668926	-11.7124	1.26977	3.41149	0.000707765	-19.5393	104.323	-390.894	2.8575	12.1079	-35.5197	11.6681	-1.30177	-2.96778	-4.29583	56.2062	-1.82975	-49.9986	70.7183	-2.36901	-3.39494	-13.7879
8.8821	-192.881	-169.227	-217.964	13.3665	2.32503	-3.67334	-21.9372	-29.1718	-7.70664	-10.4716	-22.6348	3.96821	-0.0204129	9.07931	-4.05597	-2.5428	-12.8469	1.01107	3.8556	-0.00547978	87.1953	164.689	-226.082	-0.163558	25.4695	-21.081	9.8094	-1.05394	-1.52528	-2.24164	82.8439	-35.5162	-60.9974	39.8423	-1.95134	-6.07122	-9.07663
8.8921	-180.623	-78.6732	-63.2258	13.2379	2.20422	-3.49923	-11.538	-40.0556	-6.63606	-13.3944	-23.1989	4.82869	-0.0288121	18.6608	4.45093	-4.34232	-12.5142	0.915043	4.31774	-0.0212086	111.765	137.624	-51.6786	-7.20968	34.565	-5.43643	6.73715	-0.631473	0.299018	-0.224697	64.329	-58.4626	-46.0733	11.6807	-1.02042	-5.08814	-3.49837
8.90209	-95.9584	-31.3927	47.1168	13.1065	2.06616	-3.31936	-10.0772	-44.3626	-5.86985	-14.1206	-23.8237	5.86681	-0.039672	20.5634	5.61228	-4.13554	-10.7204	0.608334	4.69553	-0.0321189	71.9149	82.1565	63.2162	-13.9685	37.2815	7.74212	3.10033	-0.194532	1.85455	1.26809	29.5899	-66.1355	-23.7475	-4.79195	-0.242541	-2.76257	0.32461
8.91208	-0.203517	-16.2374	105.461	12.9725	1.91719	-3.13565	-13.769	-43.8499	-5.26536	-13.6195	-24.6398	7.01598	-0.0469245	17.3768	3.62268	-3.08445	-8.92964	0.0450357	5.07527	-0.0359571	15.0521	30.2865	116.443	-18.9804	34.9129	17.2768	0.220214	0.167387	3.01326	2.16571	1.12924	-62.2305	-6.71343	-11.6508	0.15816	-0.904683	2.13402
8.92207	69.8649	-10.7293	124.991	12.8359	1.76314	-2.94801	-17.4456	-41.5562	-4.70084	-13.2099	-25.6218	8.19937	-0.0494147	13.6421	1.74904	-2.10725	-8.0496	-0.681659	5.49422	-0.0356835	-28.9005	-7.79222	129.81	-21.0605	29.471	22.5739	-1.31744	0.39931	3.66362	2.49117	-14.2002	-53.1368	1.91266	-13.1816	0.261371	-0.0193361	2.62115
8.93206	105.61	-5.16522	121.119	12.6991	1.6097	-2.75531	-18.9981	-39.2143	-4.14	-13.341	-26.7071	9.3596	-0.0487845	11.405	1.18157	-1.56652	-8.00154	-1.51025	5.95549	-0.0341059	-52.0509	-31.0171	122.704	-20.3359	23.0915	24.2173	-1.55326	0.50444	3.85761	2.39995	-18.528	-43.3483	4.1339	-12.3988	0.213429	0.12521	2.48005
8.94205	113.209	0.61921	105.591	12.5637	1.46266	-2.55684	-18.4794	-37.3167	-3.58925	-13.9057	-27.8368	10.4687	-0.0469757	10.8387	1.79378	-1.44325	-8.40311	-2.41501	6.43764	-0.0327912	-58.0371	-41.4465	107.046	-17.5665	17.1867	23.1269	-0.947873	0.513589	3.68787	2.07203	-16.3605	-34.6551	2.9887	-10.7561	0.120835	-0.0827322	2.11936
8.95204	103.223	3.85557	86.2576	12.4294	1.32848	-2.35284	-16.6873	-35.7258	-3.04918	-14.6523	-28.9593	11.5235	-0.045203	11.4017	3.05516	-1.6119	-8.94695	-3.38569	6.92129	-0.0322425	-53.6727	-41.9839	89.312	-13.8361	12.4016	20.3869	-0.0305056	0.466931	3.28398	1.66622	-11.4153	-27.2722	0.743178	-8.79765	0.0356158	-0.360343	1.71241
8.96203	85.4316	3.13114	67.6882	12.2984	1.21305	-2.14134	-14.4343	-34.2128	-2.53557	-15.3589	-30.0425	12.514	-0.043921	12.5039	4.5507	-1.97062	-9.4591	-4.4301	7.37482	-0.0324714	-44.8917	-36.0327	72.7776	-10.1172	8.8608	17.0022	0.800517	0.399147	2.77744	1.29127	-5.94424	-20.9359	-1.3703	-6.73126	-0.02628	-0.56859	1.31601
8.97202	66.5002	-1.03255	51.6102	12.1733	1.12244	-1.91927	-12.2346	-32.6664	-2.077	-15.9011	-31.0645	13.4188	-0.0431319	13.7817	6.07338	-2.45989	-9.88208	-5.56373	7.76641	-0.0333731	-35.5459	-26.8239	58.4882	-7.02545	6.41446	13.728	1.32829	0.335143	2.27466	1.00522	-1.03157	-15.4335	-2.88212	-4.70401	-0.0658797	-0.671861	0.949292
8.98202	50.2991	-6.62736	38.6907	12.0548	1.06198	-1.68349	-10.3228	-31.0982	-1.666	-16.2482	-32.0083	14.2297	-0.0426565	15.0098	7.61554	-3.04684	-10.1881	-6.8168	8.06271	-0.0346003	-27.5978	-17.1833	46.9385	-4.77761	4.80328	11.0299	1.50422	0.287601	1.84855	0.824747	2.94679	-10.7278	-3.75582	-2.86058	-0.089037	-0.687383	0.625773
8.99201	38.222	-11.7206	28.7372	11.945	1.03606	-1.43175	-8.72016	-29.5701	-1.30061	-16.4225	-32.8476	14.9407	-0.0423223	16.0505	9.1786	-3.7093	-10.3529	-8.19641	8.22629	-0.0358681	-21.6934	-8.89739	37.9834	-3.3315	3.81197	9.10837	1.36843	0.261018	1.53648	0.744195	5.95225	-6.84744	-4.13261	-1.31682	-0.101397	-0.648273	0.35685
9.002	30.3428	-15.0043	21.2325	11.8475	1.04814	-1.16297	-7.4009	-28.1246	-0.982889	-16.4495	-33.5551	15.5435	-0.0420286	16.8062	10.7361	-4.41795	-10.3625	-9.69028	8.22036	-0.0370772	-17.8272	-2.84977	31.1973	-2.53211	3.28974	7.98909	1.00008	0.254877	1.35013	0.747492	8.07877	-3.80847	-4.19138	-0.138566	-0.107001	-0.585438	0.149482
9.01199	26.1012	-16.0345	15.6746	11.7628	1.10004	-0.876107	-6.3225	-26.7522	-0.698544	-16.3458	-34.1142	16.0403	-0.0417282	17.2043	12.168	-5.12785	-10.2345	-11.2709	8.02015	-0.038183	-15.7283	0.786908	26.0894	-2.22035	3.13871	7.61802	0.492454	0.266399	1.28897	0.814824	9.45842	-1.57176	-4.08177	0.663355	-0.108349	-0.520578	0.00434262
9.02198	24.7727	-14.9634	11.6766	11.6902	1.19351	-0.570732	-5.47883	-25.419	-0.44002	-16.0967	-34.5291	16.4344	-0.0414139	17.1794	13.2814	-5.79372	-9.99024	-12.9006	7.61331	-0.0390999	-15.0277	2.22566	22.2171	-2.2767	3.30082	7.92256	-0.0572389	0.29195	1.3485	0.925337	10.221	-0.038383	-3.89982	1.12268	-0.106737	-0.465002	-0.0837097
9.03197	25.7517	-11.9273	9.14548	11.631	1.33217	-0.247274	-4.8733	-24.1341	-0.222571	-15.6919	-34.8028	16.7197	-0.0410905	16.6503	13.9092	-6.38709	-9.62359	-14.5268	6.98961	-0.0397728	-15.3794	1.66657	19.435	-2.62558	3.75994	8.84818	-0.542664	0.328084	1.52555	1.05688	10.4954	0.938072	-3.69884	1.31183	-0.102959	-0.422613	-0.125986
9.04196	28.3617	-6.97475	7.85508	11.5852	1.5209	0.0914204	-4.48524	-22.9546	-0.0339244	-15.1503	-34.937	16.9069	-0.0407615	15.6076	13.9874	-6.90719	-9.14581	-16.0878	6.15428	-0.0402668	-16.4186	-0.685504	17.4855	-3.22577	4.54414	10.3756	-0.844258	0.37332	1.81975	1.18646	10.4202	1.53714	-3.51148	1.33602	-0.0982537	-0.39391	-0.140689
9.05195	32.0118	-0.0481479	7.67869	11.5509	1.76378	0.440555	-4.28179	-21.9618	0.148778	-14.5082	-34.9388	17.0127	-0.0404458	14.0558	13.5385	-7.35165	-8.5495	-17.5227	5.13634	-0.040606	-17.8516	-4.69081	16.2412	-4.05298	5.7246	12.5255	-0.827759	0.426799	2.23409	1.29083	10.122	1.91205	-3.35749	1.28257	-0.0931563	-0.37819	-0.14335
9.06194	36.2155	9.08356	8.57987	11.5275	2.06628	0.794078	-4.27649	-21.2862	0.325175	-13.7878	-34.8285	17.0354	-0.0401604	11.9936	12.6498	-7.70238	-7.78209	-18.8014	3.98193	-0.0407822	-19.4449	-10.3064	15.7415	-5.08897	7.42625	15.3379	-0.331664	0.488282	2.7723	1.34531	9.70493	2.18635	-3.24365	1.21149	-0.0880222	-0.373491	-0.144742
9.07194	40.2783	20.5985	10.5147	11.5151	2.433	1.14461	-4.44533	-21.084	0.491848	-13.0314	-34.6148	16.9687	-0.0399327	9.52994	11.4686	-7.96545	-6.8247	-19.9002	2.7494	-0.0408628	-20.9388	-17.4106	16.0666	-6.32682	9.82889	18.819	0.806983	0.558234	3.43026	1.3291	9.25227	2.45725	-3.16818	1.16311	-0.0842197	-0.376929	-0.152147
9.08193	43.2117	34.0458	13.4322	11.5116	2.86452	1.48336	-4.64337	-21.4389	0.659123	-12.3105	-34.2997	16.8151	-0.0398272	6.8327	10.1271	-8.14888	-5.68074	-20.8017	1.5104	-0.0409859	-21.9872	-25.5138	17.263	-7.78879	13.1236	22.8448	2.71016	0.637054	4.18339	1.23159	8.82887	2.79491	-3.12415	1.16286	-0.0828175	-0.384854	-0.169824
9.09192	44.0327	47.8833	17.0996	11.5164	3.35393	1.80066	-4.70633	-22.2805	0.837273	-11.6588	-33.9065	16.5845	-0.0399652	4.14569	8.69669	-8.26015	-4.38554	-21.5033	0.335477	-0.04133	-22.2686	-33.4824	19.1858	-9.56232	17.4011	27.0439	5.39338	0.723497	4.97298	1.05981	8.48418	3.23548	-3.1041	1.22091	-0.0841067	-0.393665	-0.19895
9.10191	42.1848	59.2524	20.826	11.5295	3.88839	2.08868	-4.43601	-23.3366	1.00302	-11.0916	-33.4537	16.2721	-0.0404801	1.71916	7.12223	-8.28177	-2.98413	-22.035	-0.721382	-0.0419836	-21.6759	-39.4019	21.2636	-11.8468	22.4387	30.692	8.6676	0.81262	5.69272	0.845327	8.25293	3.77142	-3.10534	1.33194	-0.087709	-0.401017	-0.237861
9.1119	37.8129	64.2546	23.2229	11.55	4.44786	2.34185	-3.58481	-24.1536	1.16418	-10.6134	-32.9509	15.9014	-0.041479	-0.195269	5.191	-8.19601	-1.56619	-22.4412	-1.62509	-0.0428603	-20.4246	-40.757	22.1892	-14.9507	27.3667	32.7023	12.0403	0.89281	6.18154	0.642303	8.1536	4.34579	-3.13411	1.47724	-0.0933132	-0.406948	-0.282845
9.12189	32.0928	58.9853	22.0347	11.5791	5.00559	2.55707	-2.0174	-24.1432	1.33582	-10.1773	-32.4182	15.5123	-0.042965	-1.46225	2.5454	-7.99541	-0.227247	-22.768	-2.36372	-0.0436846	-18.9763	-35.1856	19.7335	-19.0877	30.3352	31.832	14.6966	0.942717	6.23577	0.503984	8.17644	4.8631	-3.19659	1.62962	-0.100791	-0.412636	-0.32891
9.13188	26.9526	41.6056	14.6411	11.6212	5.52918	2.73493	0.132344	-22.7227	1.51706	-9.66696	-31.8913	15.1441	-0.0447456	-2.24867	-1.1425	-7.6959	0.996897	-23.0616	-2.94862	-0.0439583	-17.5664	-21.9641	11.1815	-23.8377	28.5842	27.1807	15.6752	0.929249	5.6619	0.432717	8.26916	5.21988	-3.2873	1.76268	-0.108733	-0.418477	-0.371145
9.14187	23.5038	14.3504	-0.560205	11.6797	5.98519	2.88004	2.46337	-19.649	1.72788	-8.96597	-31.4187	14.8433	-0.0463803	-3.04612	-5.92001	-7.32857	2.18376	-23.3812	-3.40967	-0.0431718	-15.1987	-3.40706	-5.38094	-27.4238	19.5332	18.8312	14.3115	0.819639	4.38188	0.324671	8.33498	5.3479	-3.37525	1.85581	-0.114937	-0.421708	-0.404978
9.15187	20.6644	-15.7437	-21.6876	11.7561	6.34369	2.99945	4.41027	-15.3823	2.00816	-8.03478	-31.0608	14.6465	-0.0472709	-4.54842	-11.2288	-6.97246	3.51232	-23.7784	-3.78589	-0.0411001	-9.30608	14.942	-28.6261	-26.652	3.04249	8.22589	10.7856	0.595218	2.56593	-0.0262335	8.25112	5.25489	-3.40165	1.89539	-0.117801	-0.416097	-0.425635
9.16186	16.0106	-39.5813	-42.1737	11.8532	6.58157	3.0992	5.40768	-11.0768	2.39157	-6.9449	-30.8632	14.566	-0.0469793	-7.36556	-15.9667	-6.74784	5.22233	-24.2873	-4.11158	-0.0380266	2.58525	26.8163	-52.4873	-18.5861	-16.5825	-2.17952	6.29464	0.284867	0.676391	-0.792675	7.93216	5.03594	-3.31205	1.88493	-0.115758	-0.395788	-0.430756
9.17185	8.81163	-50.7387	-52.9536	11.9705	6.68437	3.18486	5.21912	-8.08155	2.89628	-5.88129	-30.8327	14.5996	-0.0456155	-11.6573	-19.036	-6.73237	7.4499	-24.8897	-4.41314	-0.0347929	19.5787	29.0236	-67.8053	-3.47837	-31.4912	-9.94853	2.58617	-0.0288817	-0.684831	-1.91653	7.38386	4.8345	-3.08709	1.85082	-0.108797	-0.358642	-0.422308
9.18184	2.06215	-48.7655	-48.1802	12.1027	6.64799	3.26118	4.14934	-7.2116	3.51168	-5.0502	-30.9505	14.7434	-0.043917	-16.9288	-20.0209	-6.94273	10.091	-25.5218	-4.70623	-0.0325659	36.024	23.5413	-67.8203	13.7347	-34.9339	-13.7263	1.0362	-0.244899	-1.09821	-3.03222	6.72025	4.75972	-2.76402	1.83438	-0.0992781	-0.308737	-0.406921
9.19183	0.839407	-38.7165	-30.0983	12.2439	6.47818	3.33227	2.93187	-8.22896	4.14255	-4.56573	-31.1826	14.9853	-0.0428369	-22.2764	-19.5327	-7.31793	12.8519	-26.1284	-5.02044	-0.0321654	44.6093	15.8755	-53.4438	25.8635	-26.2619	-13.6763	1.90145	-0.302268	-0.594951	-3.65467	6.11377	4.81649	-2.42643	1.86319	-0.0906318	-0.256025	-0.392219
9.20182	7.61804	-27.2801	-7.84473	12.3872	6.18783	3.40013	2.36488	-10.0798	4.6495	-4.42085	-31.5035	15.3195	-0.0428719	-26.8258	-18.723	-7.76855	15.4053	-26.6909	-5.36807	-0.0335196	41.983	10.9629	-32.9506	28.3743	-11.3532	-11.1046	4.28024	-0.214648	0.377053	-3.5121	5.6957	4.90984	-2.15378	1.9386	-0.0861559	-0.210185	-0.383189
9.21181	19.412	-18.7596	8.86578	12.5245	5.79296	3.46415	2.91965	-11.7578	4.97454	-4.57635	-31.9064	15.75	-0.0438656	-30.099	-18.4321	-8.22491	17.557	-27.2235	-5.73667	-0.0358286	31.4101	10.2395	-16.2392	22.1465	2.08301	-7.57524	6.74546	-0.0542662	1.26553	-2.70368	5.49928	4.92408	-1.98256	2.03881	-0.0873434	-0.175974	-0.380765
9.2218	29.5238	-13.8327	15.3736	12.6497	5.311	3.52363	4.45452	-12.7873	5.14145	-4.97317	-32.402	16.2762	-0.0451285	-32.2019	-18.7352	-8.68084	19.3275	-27.7623	-6.10668	-0.0380977	20.6712	11.6233	-9.03349	12.7187	8.82947	-4.52182	7.95452	0.0866333	1.70482	-1.67385	5.437	4.77628	-1.88447	2.12385	-0.0917193	-0.150546	-0.37981
9.23179	32.9027	-11.0413	12.8701	12.7588	4.75875	3.57978	6.53158	-13.2633	5.15849	-5.58152	-32.9858	16.8719	-0.0460163	-33.4883	-19.1855	-9.14336	20.8422	-28.3341	-6.45419	-0.0397767	15.67	12.3473	-11.0448	5.20564	8.48966	-2.52782	7.35508	0.148657	1.65137	-0.817352	5.39336	4.4762	-1.79414	2.15494	-0.0941468	-0.12638	-0.372254
9.24179	28.7024	-9.22105	4.98155	12.8472	4.15189	3.63541	8.73791	-13.4353	5.04217	-6.37812	-33.6323	17.5156	-0.0463181	-34.2053	-19.4289	-9.60656	22.1818	-28.9235	-6.76473	-0.040849	17.7376	11.1872	-18.9298	1.61345	3.38439	-1.48813	5.18617	0.128333	1.25139	-0.291487	5.31665	4.1016	-1.67368	2.13948	-0.092226	-0.0981004	-0.357858
9.25178	19.2381	-8.05836	-4.95289	12.9117	3.50528	3.69196	10.7619	-13.4431	4.81362	-7.31265	-34.3073	18.1935	-0.0461258	-34.5607	-19.4229	-10.0769	23.397	-29.4918	-7.03361	-0.0414674	25.1085	8.42834	-29.2148	1.66224	-3.87496	-1.11529	2.06441	0.0440215	0.683866	-0.085875	5.21151	3.74228	-1.51982	2.10962	-0.0861788	-0.0643416	-0.341537
9.26177	7.53024	-7.6263	-14.5161	12.9513	2.83524	3.74874	12.4835	-13.3158	4.49113	-8.32445	-34.9766	18.8938	-0.0456215	-34.7717	-19.2567	-10.5495	24.5302	-30.0218	-7.24759	-0.0418167	35.1761	4.90212	-39.2263	4.0676	-11.3267	-1.13299	-1.33408	-0.0703965	0.092053	-0.10939	5.10545	3.46428	-1.35127	2.08706	-0.0776347	-0.0279285	-0.32697
9.27176	-4.22893	-8.09744	-22.5049	12.9647	2.16126	3.80517	13.9374	-13.0547	4.09813	-9.36675	-35.616	19.6116	-0.0449399	-34.9353	-19.086	-11.0046	25.5701	-30.5	-7.38957	-0.0420279	45.8775	1.33176	-47.5573	7.53454	-17.8296	-1.3521	-4.49403	-0.187987	-0.437207	-0.262835	5.02551	3.30052	-1.1922	2.07504	-0.0706582	0.00635846	-0.315653
9.28175	-14.3757	-9.60743	-28.6868	12.951	1.50809	3.86243	15.1188	-12.6901	3.66169	-10.3749	-36.223	20.3444	-0.044142	-35.0701	-19.1987	-11.4505	26.4974	-30.9094	-7.45412	-0.0421177	55.7868	-1.69711	-53.8556	11.1554	-22.8809	-1.66269	-7.11808	-0.292752	-0.863438	-0.471348	5.00172	3.26661	-1.07085	2.0911	-0.0650325	0.0353752	-0.31242
9.29174	-21.7157	-11.9128	-32.8703	12.9131	0.904721	3.92254	15.9924	-12.3657	3.20932	-11.307	-36.7846	21.0878	-0.0432356	-35.2748	-19.8684	-11.8909	27.3254	-31.2361	-7.44168	-0.0421029	63.9514	-3.85995	-57.9119	14.438	-26.3794	-2.00146	-9.09167	-0.377081	-1.176	-0.687166	5.04316	3.35248	-1.00495	2.14415	-0.0607386	0.0570851	-0.31965
9.30173	-25.7757	-14.1006	-34.8218	12.8545	0.384319	3.98718	16.4746	-12.4715	2.80275	-12.1664	-37.2875	21.835	-0.0421524	-35.6686	-21.2283	-12.3205	28.0809	-31.4732	-7.35443	-0.0420032	69.7746	-5.18485	-59.5971	17.1954	-28.4656	-2.33056	-10.4315	-0.439079	-1.38281	-0.883853	5.14692	3.53213	-1.00694	2.2363	-0.0581891	0.0697395	-0.338336
9.31172	-27.0178	-14.7901	-34.4871	12.7793	-0.0200935	4.05708	16.4185	-13.6615	2.5253	-13.01	-37.7197	22.5653	-0.040715	-36.2854	-23.296	-12.7294	28.7966	-31.6367	-7.19907	-0.0418061	73.044	-6.00559	-59.0454	19.415	-29.3832	-2.62828	-11.2242	-0.48029	-1.5008	-1.04973	5.30277	3.76716	-1.08049	2.36597	-0.0577018	0.0729791	-0.368665
9.32171	-26.6951	-12.5242	-31.7863	12.6946	-0.282465	4.13357	15.6213	-16.785	2.4558	-13.9189	-38.0724	23.2349	-0.0386208	-37.055	-26.0918	-13.1218	29.5043	-31.759	-7.00402	-0.0414763	73.8737	-6.87529	-56.4477	21.1497	-29.3966	-2.88017	-11.5821	-0.503602	-1.55008	-1.18046	5.48479	4.00887	-1.22007	2.52492	-0.0596002	0.0670217	-0.409174
9.33171	-26.3621	-6.07185	-26.6488	12.6079	-0.390127	4.21777	13.7507	-22.7852	2.68277	-14.9812	-38.3196	23.7801	-0.0354784	-37.775	-29.7012	-13.5216	30.2048	-31.8524	-6.80356	-0.040954	72.5795	-8.3585	-52.0423	22.4445	-28.7351	-3.07471	-11.6104	-0.511971	-1.54974	-1.27432	5.65914	4.19996	-1.41141	2.69998	-0.0638289	0.0529666	-0.45678
9.3417	-24.7588	-1.54863	-21.778	12.5248	-0.345183	4.30814	13.1508	-26.5434	2.77924	-15.7049	-38.4451	24.2809	-0.0329764	-38.4781	-32.4962	-13.8258	30.9247	-31.9209	-6.55436	-0.0407478	69.7127	-9.13957	-47.5347	23.0167	-27.831	-3.17743	-11.4478	-0.509686	-1.52652	-1.32093	5.80981	4.47511	-1.55975	2.87496	-0.0675926	0.0454141	-0.501838
9.35169	-22.6007	0.847689	-17.0498	12.4514	-0.161395	4.40065	13.5726	-28.4426	2.81105	-16.0681	-38.4272	24.6895	-0.0307142	-38.9707	-34.538	-14.0642	31.6047	-31.9566	-6.27584	-0.0408165	66.0657	-9.24206	-43.1007	22.9464	-26.7592	-3.19638	-11.1558	-0.49958	-1.4916	-1.32688	5.92658	4.8001	-1.663	3.04132	-0.071918	0.0434511	-0.542134
9.36168	-19.7668	2.68079	-13.9247	12.3928	0.139061	4.49013	14.1796	-28.9322	2.67845	-16.1877	-38.2098	24.949	-0.0298912	-39.0415	-35.9318	-14.162	32.3054	-31.9929	-5.97231	-0.0410238	61.5348	-9.02096	-39.3442	22.4349	-25.4803	-3.1665	-10.7519	-0.485155	-1.44537	-1.30808	6.00645	5.07587	-1.72595	3.168	-0.0764619	0.0444059	-0.573572
9.37167	-16.4256	4.03168	-12.4144	12.3497	0.525533	4.57233	14.7141	-28.3649	2.43371	-16.0623	-37.8148	25.0628	-0.0304116	-38.7343	-36.8669	-14.1344	33.0335	-32.048	-5.65143	-0.0412676	56.57	-8.45576	-36.4418	21.5783	-24.0173	-3.10145	-10.2539	-0.468036	-1.38902	-1.27198	6.05213	5.27046	-1.75186	3.24923	-0.0806437	0.047346	-0.594825
9.38166	-12.671	5.02591	-12.3043	12.3206	0.962231	4.64512	15.0371	-27.0283	2.12001	-15.7121	-37.2698	25.0415	-0.0320416	-38.1448	-37.4699	-13.9896	33.7333	-32.1206	-5.30371	-0.0414883	51.4827	-7.58977	-34.3849	20.463	-22.4024	-3.00973	-9.67035	-0.448886	-1.32127	-1.2235	6.06748	5.35592	-1.74811	3.27794	-0.0841462	0.0505101	-0.604655
9.39165	-8.82699	5.57264	-12.848	12.3039	1.41287	4.70953	15.278	-25.2017	1.82184	-15.1415	-36.6279	24.9124	-0.0340168	-37.4727	-37.7862	-13.7989	34.3088	-32.1989	-4.93508	-0.0416324	46.6345	-6.47441	-33.0505	19.1238	-20.7111	-2.88878	-9.01706	-0.427687	-1.24262	-1.163	6.05626	5.34465	-1.71308	3.26033	-0.0864592	0.054794	-0.603281
9.40164	-5.20385	5.99595	-13.642	12.2947	1.84403	4.76836	15.4728	-23.0891	1.55764	-14.4146	-35.9362	24.7007	-0.0360095	-36.8144	-37.8123	-13.5666	34.677	-32.2766	-4.54704	-0.04165	42.1377	-5.39349	-32.2003	17.6359	-18.9959	-2.74087	-8.30625	-0.404381	-1.15261	-1.09205	6.01682	5.22993	-1.65162	3.19804	-0.0876263	0.05954	-0.591072
9.41163	-2.1023	6.53432	-14.3512	12.287	2.22804	4.82504	15.6523	-20.8263	1.31824	-13.5881	-35.2422	24.4264	-0.0378167	-36.2035	-37.5657	-13.2966	34.7868	-32.3653	-4.1507	-0.0415289	38.0584	-4.634	-31.5656	16.0595	-17.307	-2.5668	-7.55434	-0.378878	-1.05252	-1.01123	5.95821	5.02015	-1.5822	3.09801	-0.0884095	0.0621884	-0.570745
9.42163	0.193228	7.23083	-14.459	12.278	2.54199	4.88201	15.8518	-18.5418	1.10412	-12.6964	-34.6157	24.1211	-0.0388834	-35.6301	-37.0893	-12.9988	34.6236	-32.4838	-3.76529	-0.041363	34.4837	-4.42612	-30.6901	14.4369	-15.6985	-2.36288	-6.7816	-0.350607	-0.945074	-0.918944	5.87805	4.73761	-1.51025	2.96081	-0.0910213	0.0612787	-0.542672
9.43162	1.66082	8.03399	-14.014	12.2645	2.76929	4.94087	16.03	-16.2771	0.905718	-11.774	-34.0737	23.8019	-0.0395366	-35.0069	-36.4771	-12.718	34.1746	-32.6276	-3.40678	-0.041187	31.4204	-4.76843	-29.5947	12.803	-14.1925	-2.13513	-6.00941	-0.320216	-0.834474	-0.817492	5.77925	4.40881	-1.43856	2.80338	-0.0950108	0.0580573	-0.510189
9.44161	2.34268	8.64429	-13.0736	12.2435	2.90101	5.00396	16.2101	-14.0807	0.696445	-10.8813	-33.6055	23.4762	-0.0398069	-34.1989	-35.8156	-12.4926	33.4154	-32.7707	-3.08772	-0.0410513	28.9069	-5.48381	-28.2745	11.1821	-12.7938	-1.88895	-5.25228	-0.287972	-0.72392	-0.708894	5.66442	4.0663	-1.37085	2.63883	-0.0962604	0.0533742	-0.475685
9.4516	2.26668	8.11815	-11.1453	12.2146	2.93584	5.07265	16.6158	-11.9041	0.507856	-9.99879	-33.2102	23.1547	-0.0392601	-33.1825	-35.2559	-12.3965	32.3386	-32.8979	-2.83521	-0.04096	27.2248	-6.22195	-26.6564	9.55875	-11.5397	-1.62253	-4.5357	-0.25379	-0.619234	-0.592973	5.53644	3.75762	-1.2945	2.48169	-0.0963608	0.0504048	-0.440221
9.46159	1.97172	7.5639	-9.52621	12.179	2.88167	5.14576	16.8276	-9.83407	0.199388	-9.24488	-32.8389	22.8139	-0.0390142	-31.8675	-34.8595	-12.3575	31.0695	-33.0217	-2.64343	-0.0409314	25.8001	-7.07194	-25.0498	8.06018	-10.3493	-1.36227	-3.84946	-0.21868	-0.517451	-0.480081	5.40834	3.43254	-1.23039	2.33871	-0.0945032	0.0471808	-0.40724
9.47158	1.63833	7.13602	-8.21362	12.1367	2.75396	5.22178	16.7693	-7.96053	-0.212315	-8.63208	-32.4645	22.4453	-0.0392145	-30.3485	-34.6543	-12.3723	29.677	-33.135	-2.51199	-0.0409552	24.5805	-7.90496	-23.4098	6.71482	-9.22292	-1.1105	-3.20538	-0.182294	-0.421138	-0.372363	5.28239	3.11329	-1.16774	2.20018	-0.0914755	0.04462	-0.374291
9.48157	1.41145	6.71518	-7.32828	12.0881	2.57234	5.29807	16.4273	-6.33226	-0.716772	-8.17435	-32.0446	22.0356	-0.0399163	-28.6595	-34.6803	-12.4247	28.2268	-33.2272	-2.4266	-0.0409979	23.5724	-8.53989	-21.8121	5.54378	-8.15779	-0.869359	-2.61108	-0.144265	-0.331951	-0.272486	5.16133	2.81861	-1.10569	2.07032	-0.0867485	0.043072	-0.34222
9.49156	1.08747	5.71501	-6.48286	12.0359	2.35917	5.37234	16.017	-4.9942	-1.2461	-7.83758	-31.5673	21.5831	-0.040626	-26.8675	-34.9434	-12.5391	26.7577	-33.2833	-2.3828	-0.0410078	23.0167	-8.7791	-20.2932	4.5098	-7.19006	-0.637775	-2.0818	-0.105369	-0.253287	-0.180504	5.05395	2.57736	-1.04933	1.97101	-0.0804594	0.0432361	-0.315133
9.50155	0.707106	4.26958	-5.48504	11.9816	2.13723	5.44095	15.589	-3.94819	-1.77278	-7.61397	-31.034	21.0888	-0.0409725	-24.9854	-35.3951	-12.6914	25.3254	-33.2909	-2.36347	-0.0410363	22.7291	-8.68942	-18.671	3.6598	-6.30659	-0.455384	-1.60939	-0.0732001	-0.181077	-0.10472	4.95763	2.37951	-1.00582	1.90233	-0.0747337	0.0434062	-0.293785
9.51155	0.411188	2.57488	-4.48736	11.9263	1.92805	5.50063	15.1564	-3.1388	-2.27682	-7.483	-30.4275	20.5503	-0.0413353	-23.0715	-35.9988	-12.8472	23.984	-33.256	-2.35502	-0.0410297	22.5381	-8.29702	-17.0541	2.97428	-5.50959	-0.314173	-1.19619	-0.0465589	-0.116715	-0.0436022	4.88001	2.21892	-0.982683	1.8681	-0.0696476	0.0428335	-0.279771
9.52154	0.290729	0.837595	-3.54793	11.8722	1.74901	5.54792	14.7479	-2.59182	-2.73352	-7.43628	-29.7437	19.9698	-0.0417369	-21.217	-36.7051	-12.9932	22.7952	-33.1947	-2.34613	-0.040989	22.2932	-7.623	-15.5176	2.41415	-4.79902	-0.208091	-0.839125	-0.0249687	-0.060431	0.00510758	4.82113	2.09136	-0.98251	1.86759	-0.0653653	0.0410284	-0.273519
9.53153	0.429425	-0.826865	-2.72684	11.82	1.61124	5.58146	14.3516	-2.27133	-3.12413	-7.43986	-28.9886	19.3566	-0.0421183	-19.4489	-37.4563	-13.115	21.7824	-33.1213	-2.3181	-0.0409314	21.8867	-6.70186	-14.1124	1.93813	-4.17362	-0.13116	-0.532739	-0.00792248	-0.0118569	0.0440509	4.77861	1.99333	-1.00498	1.8984	-0.0620159	0.0378616	-0.274878
9.54152	0.85422	-2.40183	-2.08447	11.7694	1.5206	5.60293	13.9634	-2.0946	-3.44505	-7.45789	-28.1704	18.7169	-0.0424914	-17.7483	-38.2102	-13.1903	20.9284	-33.0414	-2.25804	-0.0408845	21.2587	-5.58788	-12.874	1.50643	-3.63006	-0.0757333	-0.270487	0.00556277	0.0296136	0.0762257	4.74789	1.92296	-1.04566	1.95595	-0.0595606	0.0337533	-0.28294
9.55151	1.55025	-3.73608	-1.61553	11.7217	1.47838	5.61327	13.5554	-2.01597	-3.69696	-7.44133	-27.3067	18.0585	-0.0428519	-16.1601	-38.9107	-13.2156	20.219	-32.9659	-2.15714	-0.040889	20.3786	-4.37097	-11.8012	1.09182	-3.16086	-0.0344502	-0.0457254	0.0166549	0.0647193	0.104155	4.71993	1.87662	-1.0945	2.03395	-0.0577445	0.0299202	-0.295924
9.5615	2.4898	-4.62802	-1.26465	11.6774	1.48261	5.61296	13.1092	-1.99039	-3.8714	-7.35326	-26.4172	17.3927	-0.0431565	-14.7861	-39.47	-13.1995	19.6574	-32.9193	-2.01158	-0.0409335	19.2501	-3.14833	-10.8721	0.678142	-2.76134	4.99938e-05	0.145226	0.0266167	0.0937804	0.129755	4.68907	1.84783	-1.14444	2.12339	-0.0564001	0.0268711	-0.311753
9.57149	3.58484	-4.91926	-0.761702	11.6355	1.52955	5.60366	12.6145	-1.9903	-3.95047	-7.17351	-25.5276	16.7332	-0.0431726	-13.6751	-39.8105	-13.1459	19.2315	-32.9212	-1.82091	-0.0409983	17.8697	-2.05369	-9.85945	0.289996	-2.4064	0.00924466	0.327099	0.0319426	0.124098	0.150566	4.6498	1.82768	-1.19401	2.21134	-0.0568924	0.0234524	-0.328076
9.58148	4.72166	-4.62387	-0.139014	11.5955	1.61501	5.58869	12.0393	-2.03394	-3.96073	-6.89605	-24.6436	16.074	-0.0431644	-12.8157	-39.9657	-13.0561	18.9143	-32.9771	-1.59283	-0.0410426	16.3588	-1.12644	-8.78132	-0.0512936	-2.08272	0.00806558	0.492982	0.0360908	0.153256	0.16627	4.60514	1.80918	-1.24844	2.293	-0.0589389	0.0183957	-0.344561
9.59147	5.79311	-3.79025	0.589042	11.557	1.73201	5.57044	11.3631	-2.18415	-3.91774	-6.53779	-23.7661	15.407	-0.0431208	-12.1673	-39.9807	-12.9421	18.6624	-33.0793	-1.34023	-0.0410984	14.8246	-0.37129	-7.66131	-0.304421	-1.78259	0.000251755	0.63666	0.0401519	0.179979	0.173885	4.55278	1.7923	-1.30338	2.36381	-0.062309	0.0119779	-0.360073
9.60147	6.6881	-2.39491	1.40978	11.5177	1.87124	5.54943	10.5662	-2.52158	-3.8112	-6.13782	-22.8884	14.7319	-0.0430162	-11.6971	-39.875	-12.8107	18.4434	-33.2354	-1.06388	-0.0411813	13.355	0.196629	-6.5363	-0.421779	-1.51281	-0.015374	0.746548	0.0437542	0.201957	0.169539	4.49357	1.77727	-1.3554	2.42046	-0.0667033	0.00456611	-0.373726
9.61146	7.36816	-0.440736	2.26282	11.476	2.02208	5.52724	9.60811	-3.071	-3.64205	-5.70013	-22.0238	14.0522	-0.0428379	-11.3835	-39.6868	-12.6715	18.237	-33.4596	-0.77172	-0.0412881	12.0373	0.558286	-5.46992	-0.37354	-1.29041	-0.0390419	0.808677	0.0458942	0.215463	0.150934	4.43185	1.76261	-1.40473	2.46255	-0.0717097	-0.00369858	-0.385386
9.62145	7.83901	1.94882	3.04564	11.4319	2.17463	5.50776	8.48635	-3.79615	-3.43238	-5.21076	-21.1965	13.3674	-0.0425817	-11.2074	-39.4957	-12.5257	18.027	-33.7552	-0.480031	-0.0413923	10.9457	0.707902	-4.54409	-0.176041	-1.13043	-0.0629151	0.812849	0.0458628	0.215835	0.120514	4.36901	1.7475	-1.44994	2.49223	-0.0768771	-0.0122109	-0.395193
9.63144	8.09308	4.61557	3.63201	11.3842	2.31876	5.49398	7.25881	-4.66273	-3.19706	-4.69059	-20.4054	12.6783	-0.0422777	-11.1228	-39.3308	-12.3765	17.7819	-34.1165	-0.191667	-0.0414438	10.0742	0.704562	-3.87161	0.0705011	-1.02645	-0.0620427	0.758156	0.0439909	0.198436	0.0893349	4.3109	1.73309	-1.49301	2.5128	-0.0817759	-0.0208062	-0.403749
9.64143	8.2454	7.34348	3.86133	11.3316	2.44423	5.48706	6.00913	-5.61143	-2.94217	-4.16733	-19.6402	11.988	-0.0419487	-11.0435	-39.1904	-12.2251	17.456	-34.525	0.101151	-0.0414495	9.26923	0.725049	-3.5763	0.14783	-0.896259	0.017063	0.667549	0.0425605	0.162573	0.0808842	4.26744	1.72526	-1.53494	2.52829	-0.086083	-0.0290253	-0.411652
9.65142	9.13511	10.2847	4.34742	11.2759	2.54394	5.48702	4.68381	-6.48672	-2.67935	-3.59704	-18.919	11.3035	-0.0413985	-10.9803	-39.1362	-12.0761	17.0626	-34.9684	0.394029	-0.0414889	7.90738	0.821686	-2.89397	-0.0537101	-0.732171	0.0837003	0.660728	0.0499008	0.151403	0.088	4.21651	1.70323	-1.56538	2.53347	-0.0918074	-0.0362508	-0.416049
9.66141	10.2337	13.145	4.95763	11.2189	2.61375	5.49389	3.35613	-7.19685	-2.41868	-2.97178	-18.2543	10.6308	-0.0407672	-10.9645	-39.1789	-11.9079	16.631	-35.4582	0.683793	-0.0415062	6.55461	0.821551	-2.04536	-0.17968	-0.690136	0.105765	0.637008	0.0569021	0.144108	0.0851156	4.16364	1.66633	-1.58947	2.53537	-0.0970027	-0.0421889	-0.418753
9.6714	11.1385	15.4411	5.49236	11.1621	2.65018	5.50873	2.19915	-7.59771	-2.19472	-2.32011	-17.6324	9.9761	-0.0401336	-10.9605	-39.3496	-11.7063	16.178	-35.9969	0.958723	-0.0414805	5.59864	0.670844	-1.29234	-0.0828147	-0.874893	0.0704399	0.539829	0.0580907	0.124675	0.0632577	4.11311	1.61996	-1.61194	2.5392	-0.10057	-0.0469463	-0.42129
9.68139	11.6978	16.5464	5.68494	11.1084	2.65128	5.53153	1.41143	-7.41468	-2.063	-1.65151	-17.0315	9.34812	-0.0396778	-10.9099	-39.5882	-11.4608	15.701	-36.5679	1.2196	-0.0414226	5.23029	0.507969	-0.905559	0.21037	-1.32263	-0.00951036	0.349586	0.0512907	0.0837758	0.0287099	4.06872	1.58148	-1.63424	2.54897	-0.101672	-0.0504823	-0.424687
9.69139	12.0028	15.6939	5.2917	11.0611	2.61691	5.5616	1.23485	-6.29353	-2.08293	-0.967831	-16.4333	8.75702	-0.039569	-10.7696	-39.8128	-11.1597	15.1996	-37.1486	1.4661	-0.0413803	5.45591	0.642653	-1.11266	0.54803	-1.96305	-0.0928635	0.0853897	0.0372597	0.022212	-0.000278499	4.03512	1.5799	-1.65394	2.56968	-0.0994475	-0.0521751	-0.429749
9.70138	12.2414	12.195	4.21026	11.0208	2.55011	5.59709	1.96382	-3.90058	-2.30082	-0.267165	-15.8311	8.21857	-0.039998	-10.5463	-39.9389	-10.7905	14.6963	-37.7363	1.70145	-0.0414202	6.10261	1.43444	-2.01316	0.703302	-2.5755	-0.106454	-0.192997	0.0194886	-0.0459879	0.00237129	4.01767	1.64458	-1.66292	2.60752	-0.0926977	-0.0501705	-0.436805
9.71137	12.8142	5.35456	2.40666	10.9875	2.456	5.63772	3.91735	0.169871	-2.80421	0.46417	-15.2166	7.75038	-0.0411694	-10.2829	-39.9091	-10.3325	14.2276	-38.3387	1.92726	-0.0416395	6.84262	3.2775	-3.56397	0.444485	-2.81732	0.0467138	-0.401512	0.00297035	-0.0946081	0.0628495	4.02761	1.80182	-1.65639	2.668	-0.0806023	-0.0431846	-0.446252
9.72136	14.5715	-5.08288	1.30803	10.961	2.34114	5.68252	7.15391	6.25996	-3.708	1.28514	-14.5729	7.3726	-0.0434103	-9.76794	-39.8041	-9.86638	13.8169	-38.9487	2.14047	-0.04221	7.18555	6.21738	-4.12403	-0.263362	-2.55568	0.288263	-0.436069	0.00698648	-0.0858742	0.147762	3.99426	2.0115	-1.58744	2.69894	-0.07812	-0.0320295	-0.443503
9.73135	16.211	-11.602	1.61475	10.938	2.21329	5.73118	8.7848	9.56802	-4.18506	1.86565	-13.8322	6.92958	-0.0450611	-9.0508	-40.43	-9.44867	13.3365	-39.5652	2.33779	-0.0425583	6.95257	8.54566	-3.40579	-0.912062	-2.03439	0.524663	-0.383939	0.0193819	-0.0509808	0.222056	3.94929	2.1378	-1.53907	2.6982	-0.0822764	-0.0282266	-0.4365
9.74134	17.3707	-14.9643	2.56741	10.9161	2.08227	5.78389	9.2824	10.7586	-4.28827	2.2329	-12.991	6.44775	-0.0461174	-8.30847	-41.4901	-9.0587	12.8056	-40.2056	2.54115	-0.0427242	6.46997	10.2189	-2.28791	-1.34697	-1.49898	0.715834	-0.307332	0.0291853	-0.0107805	0.275846	3.93031	2.19748	-1.53231	2.71015	-0.0849208	-0.0289887	-0.435007
9.75133	18.0906	-16.0823	3.94122	10.8934	1.95971	5.8405	8.964	10.4842	-4.09269	2.46373	-12.0538	5.93848	-0.0468668	-7.58663	-42.8195	-8.68324	12.2447	-40.894	2.76168	-0.0427557	5.92921	11.3518	-0.964398	-1.58407	-1.00128	0.868887	-0.218082	0.0339109	0.0293207	0.313467	3.93748	2.20395	-1.56059	2.73709	-0.0868168	-0.0329584	-0.438981
9.76132	18.6697	-15.6942	5.61995	10.867	1.85683	5.90201	8.06861	9.2295	-3.6638	2.61066	-11.0131	5.40288	-0.0475033	-6.92835	-44.311	-8.31638	11.6663	-41.635	3.00595	-0.0427129	5.30976	12.1697	0.514998	-1.68193	-0.552454	0.983929	-0.11663	0.0372546	0.0681614	0.33612	3.96393	2.17484	-1.61424	2.78144	-0.0872766	-0.0385944	-0.447928
9.77131	19.2835	-14.444	7.48569	10.8344	1.78208	5.96833	6.76615	7.37302	-3.04163	2.71041	-9.85657	4.8422	-0.0481593	-6.31129	-45.8912	-7.97344	11.0529	-42.4111	3.27951	-0.0426326	4.63797	12.8609	2.06664	-1.67723	-0.175493	1.06177	-0.0119965	0.0400839	0.102947	0.346071	3.998	2.1261	-1.67893	2.83585	-0.0862149	-0.0446462	-0.459468
9.78131	20.0017	-12.9187	9.45076	10.7955	1.74067	6.03871	5.17367	5.23971	-2.27719	2.80556	-8.58372	4.2575	-0.0489265	-5.65516	-47.5636	-7.65691	10.3893	-43.193	3.58389	-0.0425278	3.974	13.5221	3.67447	-1.59819	0.122292	1.10436	0.0900349	0.0429203	0.131942	0.345701	4.02069	2.06768	-1.7371	2.88349	-0.0845189	-0.0504648	-0.469425
9.7913	20.8325	-11.4401	11.4568	10.7507	1.73547	6.11132	3.3183	3.02657	-1.41662	2.94071	-7.21355	3.64953	-0.0498334	-4.86671	-49.3379	-7.37567	9.67633	-43.9641	3.91145	-0.0424052	3.39524	14.1616	5.37124	-1.46659	0.3407	1.11263	0.187446	0.0461743	0.154587	0.336601	4.01926	1.99771	-1.77747	2.90735	-0.0854494	-0.0564272	-0.474087
9.80129	21.6346	-9.98582	13.6997	10.7006	1.76591	6.18276	1.20808	0.752757	-0.474526	3.11421	-5.77619	3.01902	-0.0508763	-3.87655	-51.1638	-7.1414	8.94385	-44.7298	4.24618	-0.0422834	3.0151	14.6975	7.38809	-1.29212	0.475323	1.08797	0.276191	0.0502743	0.170377	0.32056	3.98165	1.90603	-1.79569	2.88852	-0.0935589	-0.0643847	-0.469747
9.81128	22.3896	-8.03772	15.6099	10.6473	1.82583	6.24872	-1.17851	-1.66802	0.575423	3.3025	-4.3197	2.36853	-0.0518848	-2.86961	-52.8035	-6.93809	8.23734	-45.4916	4.58641	-0.0421275	2.70484	15.1115	9.16554	-1.07662	0.536272	1.04007	0.364026	0.0523356	0.181304	0.299954	3.94874	1.80746	-1.82447	2.86592	-0.0991786	-0.0741317	-0.466163
9.82127	23.1745	-5.66969	17.1556	10.593	1.90426	6.30572	-3.80056	-4.18489	1.70953	3.49623	-2.89149	1.71117	-0.0528106	-1.84966	-54.2606	-6.76285	7.56622	-46.232	4.92808	-0.0419195	2.43529	15.4183	10.6997	-0.840585	0.555353	0.980695	0.457101	0.0528033	0.190216	0.277143	3.92691	1.70401	-1.86506	2.84376	-0.103033	-0.085246	-0.46405
9.83126	23.9874	-3.08811	18.3245	10.5379	1.98651	6.35199	-6.53017	-6.68719	2.87335	3.6786	-1.55192	1.07159	-0.0535669	-0.81382	-55.5244	-6.59568	6.92639	-46.9337	5.27594	-0.0416743	2.2043	15.6432	11.9975	-0.60083	0.553328	0.919568	0.558003	0.0520712	0.199163	0.254139	3.91947	1.59994	-1.91496	2.82804	-0.105499	-0.0966416	-0.464018
9.84125	24.6958	-0.621006	19.2029	10.4827	2.05655	6.38657	-9.09894	-9.0478	3.97129	3.81469	-0.368622	0.481863	-0.0540494	0.200856	-56.5789	-6.42748	6.3309	-47.596	5.62922	-0.0414248	2.0306	15.8412	13.1014	-0.37218	0.542979	0.865441	0.665826	0.050523	0.209452	0.232947	3.91743	1.50447	-1.96286	2.81577	-0.106369	-0.106948	-0.46447
9.85124	25.103	1.31504	19.9206	10.4289	2.09648	6.40842	-11.1596	-11.0794	4.8854	3.86344	0.587772	-0.0129232	-0.0542706	1.15068	-57.3914	-6.26004	5.79522	-48.219	5.98333	-0.041212	1.93163	16.0743	14.0549	-0.16984	0.534987	0.826749	0.776868	0.048655	0.221753	0.215763	3.90701	1.42756	-1.99636	2.79663	-0.105547	-0.115486	-0.462606
9.86123	24.6862	2.99476	20.6929	10.3746	2.19391	6.42414	-12.4449	-13.0055	5.55539	3.76875	1.61443	-0.545232	-0.0540759	1.94554	-57.8754	-6.08284	5.33864	-48.803	6.34649	-0.0409308	1.92664	16.3386	14.9313	-0.0237939	0.562357	0.81808	0.883612	0.0465209	0.236709	0.206265	3.8746	1.36226	-2.01538	2.77517	-0.103076	-0.122032	-0.459491
9.87123	24.1679	2.28538	21.3587	10.3287	2.04091	6.41335	-12.5335	-13.2384	5.63973	3.58589	1.62149	-0.561255	-0.053876	2.61096	-58.092	-5.89826	4.95973	-49.3275	6.71331	-0.0410883	2.14057	16.5525	15.7342	0.121824	0.561156	0.818653	0.996244	0.044255	0.253308	0.200172	3.88013	1.31318	-2.04568	2.78149	-0.102526	-0.128013	-0.460541
9.88122	22.9558	1.25745	22.0891	10.2863	1.92527	6.39758	-11.8718	-13.2075	5.4403	3.28275	1.61275	-0.553252	-0.0529997	3.06789	-58.036	-5.70604	4.68931	-49.8173	7.0785	-0.0412547	2.45797	16.7031	16.4729	0.21882	0.602058	0.84626	1.1056	0.0427191	0.272052	0.201234	3.87621	1.26413	-2.07002	2.79154	-0.102875	-0.132797	-0.461932
9.89121	21.3622	0.034285	22.7882	10.2489	1.84562	6.37755	-10.7168	-12.9233	5.02858	2.93606	1.58559	-0.523868	-0.0514786	3.3064	-57.7559	-5.50254	4.53675	-50.2744	7.43326	-0.0414304	2.84505	16.7927	17.122	0.278114	0.688313	0.896909	1.215	0.0419307	0.292812	0.208395	3.86462	1.21587	-2.0885	2.80342	-0.10406	-0.136484	-0.463458
9.9012	19.7855	-1.34218	23.3458	10.218	1.79934	6.35492	-9.37878	-12.365	4.48164	2.65002	1.54005	-0.477488	-0.0494728	3.35617	-57.3201	-5.28161	4.49558	-50.6907	7.76348	-0.0416094	3.24596	16.8622	17.6658	0.308954	0.821048	0.965196	1.32707	0.0420608	0.315213	0.220362	3.8402	1.17544	-2.09622	2.81082	-0.105699	-0.138919	-0.463833
9.91119	18.5392	-2.79846	23.7232	10.1956	1.78228	6.33106	-8.10012	-11.5522	3.86143	2.49321	1.47953	-0.419897	-0.0471773	3.22964	-56.7903	-5.06471	4.55736	-51.055	8.04618	-0.041787	3.61109	16.9364	18.1098	0.318731	0.99472	1.04351	1.44146	0.043391	0.33808	0.23573	3.80075	1.14858	-2.09325	2.80454	-0.107187	-0.141026	-0.461659
9.92118	17.7805	-4.13466	23.8906	10.1828	1.78979	6.30726	-7.03592	-10.5632	3.21405	2.49237	1.40844	-0.357425	-0.0447333	2.9321	-56.2094	-4.87061	4.70924	-51.3618	8.26542	-0.0419594	3.89583	16.9646	18.4412	0.312794	1.18771	1.12021	1.55404	0.0463178	0.359241	0.252552	3.76194	1.12629	-2.09515	2.79608	-0.10913	-0.144096	-0.460045
9.93117	17.5275	-5.18278	23.804	10.1794	1.81635	6.28526	-6.27221	-9.4985	2.5714	2.65224	1.33097	-0.296245	-0.0422217	2.48806	-55.6326	-4.69539	4.92601	-51.6086	8.41525	-0.0421213	4.09425	16.8768	18.6224	0.30583	1.36937	1.17939	1.66547	0.0513128	0.376943	0.267268	3.73381	1.10292	-2.11043	2.79412	-0.112154	-0.14855	-0.461129
9.94116	17.7637	-5.80188	23.4787	10.1851	1.85582	6.26564	-5.84912	-8.45141	1.95594	2.96826	1.25144	-0.24192	-0.0397141	1.89213	-55.0916	-4.54912	5.1995	-51.8072	8.49115	-0.0422636	4.21853	16.6245	18.6424	0.314675	1.5073	1.20524	1.77842	0.0588521	0.390267	0.275757	3.71018	1.0809	-2.13371	2.79526	-0.116113	-0.153852	-0.463983
9.95115	18.3708	-5.92152	23.1333	10.2001	1.90155	6.24861	-5.77694	-7.46948	1.39038	3.43046	1.17628	-0.197696	-0.0374106	1.17287	-54.5935	-4.44475	5.51834	-51.9715	8.49036	-0.0423831	4.32085	16.1579	18.6921	0.362852	1.56096	1.18939	1.89423	0.067111	0.399322	0.275838	3.66818	1.07107	-2.14691	2.78396	-0.118986	-0.158733	-0.464353
9.96115	19.1893	-5.47179	22.8116	10.223	1.94801	6.23446	-6.02416	-6.64264	0.887366	3.99438	1.11038	-0.16813	-0.0353682	0.365874	-54.1369	-4.38367	5.86213	-52.1156	8.41802	-0.0424717	4.43312	15.4543	18.7793	0.467575	1.46868	1.1156	2.00559	0.0765955	0.402836	0.26287	3.59773	1.07954	-2.14387	2.75243	-0.11915	-0.162994	-0.460471
9.97114	20.0157	-4.42154	22.561	10.2529	1.99059	6.22383	-6.5157	-6.03394	0.458051	4.58956	1.05624	-0.155249	-0.0335718	-0.497508	-53.7197	-4.35343	6.20657	-52.2482	8.28106	-0.0425353	4.60477	14.4737	18.9118	0.639978	1.17171	0.973642	2.10167	0.0869206	0.400682	0.233021	3.49919	1.10669	-2.12536	2.70346	-0.115996	-0.166527	-0.452772
9.98113	20.5938	-2.67005	22.41	10.2894	2.02628	6.21637	-7.0998	-5.70608	0.109599	5.13207	1.01572	-0.158498	-0.0319986	-1.42201	-53.3219	-4.35488	6.54549	-52.3877	8.08386	-0.0425627	4.85411	13.1534	19.0463	0.871525	0.626558	0.761628	2.16372	0.0977148	0.393245	0.184053	3.38422	1.14184	-2.09839	2.64586	-0.110561	-0.169495	-0.443146
9.99112	20.6093	-0.136044	22.2776	10.331	2.05371	6.21198	-7.66185	-5.64575	-0.167655	5.57412	0.988004	-0.174587	-0.0306068	-2.33442	-52.8896	-4.39078	6.84885	-52.5417	7.83026	-0.0425396	5.20517	11.4052	19.077	1.14893	-0.181848	0.494428	2.17245	0.106212	0.381829	0.117808	3.26991	1.17081	-2.07125	2.58813	-0.105479	-0.172189	-0.4337
10.0011	20.0018	3.07048	22.077	10.377	2.07334	6.2105	-8.16299	-5.75753	-0.395053	5.90473	0.971203	-0.199602	-0.0293844	-3.19763	-52.3823	-4.45307	7.10791	-52.7152	7.52979	-0.0424746	5.67354	9.25083	18.9403	1.44702	-1.2402	0.185365	2.10971	0.111993	0.36782	0.0352661	3.17147	1.18241	-2.05121	2.54063	-0.102503	-0.174596	-0.42662
10.0111	18.736	6.75183	21.7993	10.4272	2.08697	6.21254	-8.56303	-6.00877	-0.580182	6.11199	0.967116	-0.231906	-0.0284247	-3.98273	-51.805	-4.54875	7.32008	-52.9024	7.17885	-0.0423823	6.27171	6.79524	18.6215	1.72851	-2.5019	-0.144618	1.96034	0.114459	0.352526	-0.0597415	3.09261	1.1726	-2.03747	2.50762	-0.102145	-0.176114	-0.42239
10.0211	16.8385	10.5905	21.4113	10.4819	2.0969	6.21965	-8.84041	-6.46214	-0.715338	6.19615	0.98049	-0.273218	-0.0278879	-4.63187	-51.2386	-4.67633	7.46721	-53.0822	6.77048	-0.0422662	6.9828	4.28974	18.0837	1.94794	-3.8817	-0.481041	1.7259	0.115798	0.339542	-0.163994	3.02882	1.14185	-2.02345	2.48509	-0.103896	-0.176037	-0.419645
10.0311	14.1734	14.3967	20.7808	10.5406	2.10579	6.23222	-9.00165	-7.12157	-0.805012	6.15747	1.01351	-0.32344	-0.0278681	-5.07926	-50.6716	-4.8316	7.52113	-53.2294	6.30881	-0.0421225	7.90061	1.84272	17.2084	2.07864	-5.28013	-0.786216	1.41173	0.112028	0.327351	-0.265102	2.97126	1.10564	-1.99994	2.46445	-0.10576	-0.173614	-0.416546
10.0411	10.8865	17.8431	19.8963	10.6035	2.11699	6.24923	-9.05932	-7.88568	-0.869174	6.00415	1.06775	-0.380483	-0.0284838	-5.34551	-50.1232	-5.01353	7.48169	-53.3179	5.79904	-0.0419621	9.08465	-0.410683	15.989	2.10053	-6.63872	-1.04448	1.02145	0.101195	0.310819	-0.356558	2.90139	1.08332	-1.95298	2.43269	-0.105066	-0.167999	-0.409998
10.0511	7.25735	20.676	18.8173	10.6704	2.1336	6.26944	-9.0288	-8.71444	-0.916243	5.74856	1.14765	-0.444592	-0.0299283	-5.4856	-49.6385	-5.22507	7.3669	-53.3308	5.24355	-0.041774	10.5	-2.29937	14.4812	2.00698	-7.94262	-1.26474	0.564173	0.0824774	0.286253	-0.438869	2.81884	1.08241	-1.88102	2.39151	-0.101519	-0.158907	-0.40001
10.0611	3.19657	22.9289	17.5356	10.7406	2.15888	6.2919	-8.90081	-9.6255	-0.946453	5.39683	1.25452	-0.515185	-0.0322669	-5.54241	-49.215	-5.45939	7.188	-53.2567	4.64631	-0.0415224	12.2229	-3.88965	12.6551	1.83425	-9.1654	-1.42935	0.050747	0.0527111	0.245771	-0.507462	2.74434	1.09432	-1.79857	2.34941	-0.0985289	-0.147685	-0.389316
10.071	-1.04306	24.4477	16.1016	10.8137	2.19637	6.31539	-8.67876	-10.5969	-0.955839	4.9621	1.38277	-0.589011	-0.0353379	-5.55128	-48.9365	-5.70877	6.95294	-53.0749	4.01491	-0.041181	14.191	-5.0962	10.5576	1.65243	-10.3722	-1.56911	-0.4994	0.0150746	0.191777	-0.572875	2.69382	1.11027	-1.72027	2.30944	-0.0969025	-0.136294	-0.379451
10.081	-4.74349	24.5326	14.56	10.8945	2.13484	6.32759	-8.38042	-11.1118	-0.998193	4.56626	1.03932	-0.443317	-0.0387647	-5.53862	-48.8735	-5.97028	6.6733	-52.7587	3.35412	-0.0409307	16.3681	-5.86584	8.32387	1.49527	-11.6089	-1.6995	-1.07751	-0.0270302	0.125911	-0.64009	2.67938	1.14857	-1.6428	2.27758	-0.095256	-0.123583	-0.370287
10.091	-7.70354	23.2472	13.0235	10.9819	1.99104	6.32997	-7.95924	-11.1708	-1.07351	4.20302	0.282629	-0.104281	-0.0418656	-5.58303	-49.0131	-6.23254	6.37653	-52.3038	2.67052	-0.0407604	18.6458	-6.17204	6.08145	1.36294	-12.8994	-1.82717	-1.68856	-0.0710796	0.0475454	-0.710729	2.69373	1.21813	-1.55682	2.25402	-0.093084	-0.108084	-0.360965
10.101	-9.60593	20.8687	11.5444	11.0737	1.78393	6.3239	-7.47661	-10.7689	-1.167	3.89422	-0.823101	0.393137	-0.0441505	-5.75408	-49.2873	-6.4901	6.09732	-51.7265	1.97137	-0.0406735	20.8384	-6.02398	3.93972	1.22517	-14.2603	-1.95911	-2.34294	-0.116597	-0.0443491	-0.784871	2.74584	1.31427	-1.46723	2.24435	-0.0922005	-0.0899873	-0.352636
10.111	-10.2817	17.7031	10.0183	11.1685	1.53421	6.31161	-7.03493	-9.9042	-1.25273	3.65925	-2.19422	1.00138	-0.0453911	-6.0278	-49.6288	-6.75246	5.83963	-51.0285	1.25415	-0.0406726	22.8187	-5.47209	1.84869	1.04466	-15.6753	-2.09161	-3.04066	-0.162074	-0.149617	-0.859439	2.84592	1.4378	-1.38459	2.25758	-0.0920051	-0.0699872	-0.347829
10.121	-9.78291	14.0173	8.40317	11.2634	1.26827	6.29639	-6.64857	-8.64775	-1.32565	3.47635	-3.70911	1.65237	-0.0457333	-6.36263	-49.9863	-7.02446	5.601	-50.2117	0.529086	-0.0407363	24.5	-4.5772	-0.197516	0.817344	-17.0977	-2.22321	-3.76045	-0.206588	-0.263984	-0.931428	2.98884	1.58689	-1.31399	2.29525	-0.092312	-0.0489886	-0.347513
10.131	-8.35124	10.1064	6.73421	11.3574	1.0084	6.27838	-6.30328	-7.15761	-1.37503	3.32756	-5.26561	2.29735	-0.0454292	-6.72019	-50.3045	-7.29398	5.3758	-49.2798	-0.183227	-0.0408637	25.8493	-3.43164	-2.15664	0.558161	-18.4444	-2.34865	-4.46352	-0.248735	-0.380398	-0.996723	3.16894	1.75729	-1.25722	2.35697	-0.0927812	-0.0273776	-0.351862
10.141	-6.17445	6.23311	5.04287	11.4532	0.774037	6.2565	-5.97351	-5.56131	-1.4401	3.20572	-6.78811	2.88993	-0.0447082	-7.15207	-50.5357	-7.55243	5.20834	-48.2648	-0.872026	-0.0410626	26.8553	-2.12317	-3.97398	0.29149	-19.6261	-2.46198	-5.10727	-0.287092	-0.491189	-1.05174	3.37723	1.94864	-1.21356	2.44152	-0.0929057	-0.00529494	-0.360706
10.151	-3.52679	2.68126	3.38622	11.5493	0.580208	6.22847	-5.6313	-3.974	-1.52476	3.08932	-8.23832	3.4193	-0.0438085	-7.6688	-50.6209	-7.79435	5.11671	-47.1934	-1.52616	-0.0413095	27.4974	-0.797258	-5.61921	0.0473361	-20.5526	-2.55729	-5.64834	-0.320273	-0.588625	-1.09379	3.60532	2.15183	-1.18113	2.5475	-0.0919948	0.0175395	-0.373727
10.161	-0.763476	-0.350433	1.83535	11.6418	0.435779	6.19136	-5.25556	-2.5253	-1.61041	2.93486	-9.59196	3.88035	-0.0428994	-8.20707	-50.5158	-7.9929	5.0753	-46.0686	-2.13083	-0.0415766	27.7896	0.397147	-7.05583	-0.144014	-21.1441	-2.62871	-6.04603	-0.346806	-0.665229	-1.12104	3.8456	2.35316	-1.15956	2.671	-0.0894223	0.0409417	-0.390241
10.171	1.88186	-2.708	0.612841	11.7302	0.344591	6.14044	-4.85351	-1.29181	-1.7386	2.72783	-10.845	4.26374	-0.0421135	-8.74941	-50.1755	-8.14158	5.08376	-44.9044	-2.66983	-0.0418568	27.7353	1.33002	-8.04262	-0.261578	-21.3353	-2.66425	-6.26524	-0.364137	-0.7147	-1.13037	4.07319	2.54154	-1.13924	2.79249	-0.0873765	0.0639035	-0.406165
10.181	4.20888	-4.26605	-0.357025	11.8136	0.307101	6.0714	-4.44744	-0.329308	-1.9072	2.45104	-12.002	4.57983	-0.0415042	-9.2889	-49.5946	-8.25209	5.1443	-43.7257	-3.14138	-0.0421062	27.3755	1.90523	-8.6912	-0.314684	-21.1002	-2.65695	-6.2904	-0.371038	-0.733443	-1.12047	4.28338	2.71501	-1.12506	2.91289	-0.0843677	0.0856633	-0.422464
10.1909	5.92194	-5.00008	-1.0296	11.8875	0.321729	5.98128	-4.01086	0.266254	-2.08219	2.06194	-13.0689	4.84558	-0.0410699	-9.7751	-48.7734	-8.31584	5.23403	-42.5515	-3.53993	-0.042291	26.7692	2.03966	-9.03054	-0.320652	-20.4481	-2.59775	-6.12051	-0.365945	-0.720416	-1.08983	4.47351	2.86838	-1.12165	3.03169	-0.079633	0.105422	-0.439637
10.2009	6.90084	-4.99722	-1.43092	11.9517	0.384895	5.8686	-3.52527	0.538057	-2.29265	1.55735	-14.0511	5.06672	-0.0407636	-10.1863	-47.7033	-8.33679	5.3385	-41.4054	-3.86154	-0.0423748	25.9796	1.69666	-9.08748	-0.311678	-19.4243	-2.47732	-5.7743	-0.347578	-0.678299	-1.03702	4.643	2.99904	-1.13154	3.14653	-0.0728092	0.122559	-0.45769
10.2109	7.21036	-4.49968	-1.38776	12.0087	0.488616	5.73406	-2.97321	0.544864	-2.55378	0.937267	-14.9433	5.25262	-0.0405495	-10.4908	-46.4271	-8.30883	5.44093	-40.2969	-4.10627	-0.0423593	25.0722	0.962627	-8.67884	-0.31116	-18.1082	-2.2991	-5.28901	-0.317414	-0.61324	-0.96357	4.78191	3.0983	-1.15205	3.24076	-0.0667365	0.135131	-0.473498
10.2209	6.9546	-3.65409	-0.914028	12.0564	0.622374	5.57986	-2.37017	0.298929	-2.82195	0.193515	-15.736	5.4154	-0.0403886	-10.6799	-44.9629	-8.25791	5.51141	-39.2335	-4.27003	-0.0422244	24.0933	-0.0241852	-7.86598	-0.324747	-16.5891	-2.0802	-4.7087	-0.279336	-0.532448	-0.874926	4.88766	3.16658	-1.18137	3.31015	-0.0617411	0.14267	-0.486367
10.2309	6.2519	-2.68035	-0.0887644	12.0949	0.773829	5.41122	-1.69901	-0.161371	-3.08154	-0.664122	-16.4408	5.56359	-0.0402555	-10.785	-43.3846	-8.18868	5.55511	-38.2424	-4.35972	-0.0419759	23.1275	-1.15079	-6.75917	-0.341362	-14.9511	-1.84012	-4.07335	-0.237213	-0.442453	-0.777588	4.95688	3.20479	-1.21485	3.35319	-0.0580112	0.145563	-0.49583
10.2409	5.31442	-1.81934	0.972738	12.1282	0.928201	5.23411	-0.960119	-0.718746	-3.34397	-1.57193	-17.1043	5.71656	-0.0401599	-10.8328	-41.759	-8.10641	5.57525	-37.3519	-4.38388	-0.0416619	22.2377	-2.30472	-5.46666	-0.345163	-13.2726	-1.59911	-3.4174	-0.194828	-0.348666	-0.678132	4.98897	3.21401	-1.24957	3.36916	-0.0561063	0.144029	-0.501622
10.2509	4.27382	-1.21594	2.2111	12.1573	1.07064	5.05573	-0.136711	-1.31828	-3.59344	-2.48805	-17.7667	5.89897	-0.0400709	-10.8272	-40.1284	-8.02675	5.55092	-36.5753	-4.34741	-0.0413422	21.4392	-3.4176	-4.07531	-0.327129	-11.6198	-1.37387	-2.77027	-0.155315	-0.255784	-0.581936	4.98464	3.19344	-1.28111	3.35798	-0.0568456	0.138771	-0.50333
10.2609	3.17362	-0.8028	3.51977	12.1828	1.18997	4.88184	0.700943	-1.96515	-3.77692	-3.35285	-18.47	6.14166	-0.0399057	-10.7602	-38.4687	-7.97363	5.45782	-35.9181	-4.25049	-0.0410234	20.7335	-4.42937	-2.72541	-0.300461	-10.0422	-1.16661	-2.15485	-0.119069	-0.167658	-0.490701	4.95495	3.14892	-1.3164	3.33254	-0.0574022	0.130342	-0.503542
10.2709	2.16577	-0.535725	4.75669	12.2092	1.27707	4.71613	1.50147	-2.61635	-3.91854	-4.11919	-19.2395	6.44256	-0.0396189	-10.6537	-36.7701	-7.94386	5.30512	-35.3851	-4.08787	-0.0406669	20.0901	-5.29383	-1.48107	-0.275094	-8.57603	-0.982325	-1.58714	-0.087056	-0.0868152	-0.40624	4.90399	3.08296	-1.35161	3.29689	-0.0577372	0.119958	-0.502363
10.2809	1.426	-0.371171	5.81473	12.2402	1.32328	4.5587	2.20218	-3.26512	-4.02092	-4.75508	-20.1023	6.81509	-0.0392121	-10.4917	-35.0574	-7.93863	5.10759	-34.9804	-3.86522	-0.0402722	19.4467	-5.95985	-0.396216	-0.254633	-7.24373	-0.824713	-1.07467	-0.0598219	-0.014188	-0.329867	4.8357	2.99885	-1.38175	3.25313	-0.0579037	0.108794	-0.499474
10.2909	1.08789	-0.247025	6.64676	12.2767	1.32129	4.40603	2.74097	-3.93623	-4.03779	-5.24739	-21.0781	7.2889	-0.0387388	-10.2468	-33.3435	-7.94931	4.87743	-34.6943	-3.58326	-0.0398268	18.7423	-6.38634	0.492412	-0.237119	-6.05557	-0.696297	-0.618009	-0.0375496	0.0505717	-0.262492	4.74997	2.90135	-1.4002	3.20238	-0.0580214	0.0980209	-0.494306
10.3008	1.26298	-0.0370255	7.20682	12.3231	1.26547	4.25178	3.12052	-4.61791	-3.97559	-5.61336	-22.1545	7.86534	-0.0382955	-10.001	-31.6141	-7.98048	4.64526	-34.5008	-3.25401	-0.0392851	17.923	-6.63252	1.1457	-0.233228	-5.01236	-0.58834	-0.219218	-0.0183905	0.106645	-0.202684	4.65211	2.79519	-1.40727	3.14752	-0.0577067	0.0880962	-0.487382
10.3108	1.99936	0.298396	7.48336	12.3828	1.15114	4.08726	3.33924	-5.2879	-3.85034	-5.87627	-23.2991	8.54042	-0.0379979	-9.78646	-29.8395	-8.0252	4.43404	-34.3594	-2.8793	-0.0386342	16.978	-6.7212	1.5903	-0.26004	-4.10852	-0.494856	0.122821	-0.00130759	0.154185	-0.148996	4.54828	2.68061	-1.40936	3.09085	-0.0571652	0.0782125	-0.479563
10.3208	3.36923	0.67284	7.66913	12.4543	0.975612	3.90378	3.41477	-5.97963	-3.65054	-6.09784	-24.4601	9.30879	-0.0379016	-9.54422	-28.0531	-8.06584	4.25576	-34.2312	-2.46532	-0.0379213	15.8578	-6.58383	2.04522	-0.296463	-3.34028	-0.427503	0.420494	0.01172	0.196758	-0.103464	4.4377	2.55245	-1.40764	3.02758	-0.0583586	0.0672989	-0.469757
10.3308	5.25592	1.19967	7.74567	12.5367	0.741455	3.69232	3.40646	-6.74176	-3.37884	-6.3357	-25.5874	10.1565	-0.0379764	-9.36515	-26.229	-8.08842	4.12285	-34.0775	-2.02337	-0.0371292	14.6088	-6.35001	2.45918	-0.310521	-2.69633	-0.378049	0.68459	0.0232397	0.235701	-0.0658652	4.32621	2.41639	-1.40034	2.95924	-0.0605461	0.05631	-0.458233
10.3408	7.53223	1.87066	7.70305	12.6301	0.456785	3.44638	3.36171	-7.57963	-3.05507	-6.63692	-26.6397	11.0682	-0.0381789	-9.26328	-24.3642	-8.06783	4.02921	-33.8436	-1.57028	-0.0362786	13.2965	-6.11233	2.82463	-0.277988	-2.17872	-0.34203	0.921349	0.0347741	0.271832	-0.0366507	4.22247	2.279	-1.39062	2.88872	-0.0634087	0.0454087	-0.445848
10.3508	9.87532	2.61378	7.59424	12.73	0.131045	3.16311	3.37754	-8.52308	-2.67107	-7.08756	-27.5653	12.0334	-0.0384875	-9.21713	-22.4176	-7.99179	3.95594	-33.4875	-1.1142	-0.0354164	12.0455	-5.98117	3.15121	-0.182628	-1.79315	-0.317076	1.13381	0.0470251	0.305227	-0.0164908	4.13328	2.1436	-1.38295	2.81914	-0.0668241	0.0344914	-0.433588
10.3608	11.893	3.27181	7.46845	12.8304	-0.224919	2.84468	3.56841	-9.61314	-2.2274	-7.77619	-28.3263	13.0359	-0.0388791	-9.17326	-20.387	-7.85958	3.88154	-32.9799	-0.667918	-0.0346025	11.0103	-6.06499	3.43857	-0.019786	-1.5422	-0.301066	1.32226	0.0599936	0.335007	-0.00558075	4.06582	2.01337	-1.38247	2.75566	-0.0707527	0.023525	-0.422789
10.3708	13.2826	3.75541	7.2856	12.9287	-0.597487	2.49792	3.9466	-10.8321	-1.75297	-8.72169	-28.9192	14.0549	-0.0393282	-9.05792	-18.2717	-7.67734	3.77323	-32.2947	-0.246687	-0.0339199	10.3103	-6.46149	3.65103	0.197408	-1.41748	-0.289437	1.48457	0.0731238	0.359206	-0.00257253	4.02474	1.89248	-1.39053	2.70029	-0.0751614	0.0127531	-0.414002
10.3808	13.7178	4.09723	6.96589	13.0209	-0.968897	2.13414	4.47201	-12.2435	-1.26101	-9.9374	-29.3529	15.0609	-0.0398075	-8.79296	-16.0671	-7.44939	3.59736	-31.4127	0.137539	-0.0334495	10.0167	-7.2342	3.71799	0.429104	-1.38507	-0.270731	1.61716	0.085575	0.374909	-0.00300258	4.01234	1.7852	-1.40677	2.65356	-0.0800999	0.00247157	-0.407453
10.3908	12.9096	4.2882	6.42385	13.1019	-1.31913	1.76799	5.09231	-13.8986	-0.735652	-11.4187	-29.6447	16.0322	-0.0402843	-8.30368	-13.787	-7.18739	3.33373	-30.3277	0.474572	-0.0332593	10.1933	-8.41108	3.52958	0.606479	-1.3709	-0.22273	1.71646	0.0964241	0.37883	0.00182969	4.02725	1.69399	-1.42953	2.61637	-0.085621	-0.00684001	-0.403363
10.4008	11.3316	4.28452	5.85983	13.171	-1.62536	1.41546	5.65839	-15.6945	-0.20011	-13.091	-29.8288	16.9346	-0.0407256	-7.55324	-11.5729	-6.89525	3.01708	-29.0466	0.747737	-0.0334693	10.6367	-9.74749	3.3185	0.697003	-1.34151	-0.171349	1.80343	0.102696	0.38029	0.0102019	4.06481	1.61505	-1.46141	2.59308	-0.0901491	-0.0154106	-0.402041
10.4107	9.00644	4.18622	5.11219	13.2269	-1.86466	1.09162	6.09839	-17.5804	0.307734	-14.8715	-29.9552	17.7245	-0.0410973	-6.64843	-9.46972	-6.56309	2.67814	-27.5946	0.954807	-0.0339754	11.4065	-11.2722	2.92167	0.718588	-1.26468	-0.0982397	1.87689	0.104865	0.377372	0.0257729	4.1204	1.55551	-1.49449	2.5798	-0.0939721	-0.0221665	-0.402761
10.4207	6.00904	4.07866	4.04827	13.2661	-2.0183	0.806679	6.3483	-19.5394	0.789308	-16.6651	-30.0862	18.3819	-0.0413587	-5.6067	-7.49877	-6.1899	2.33188	-26.0068	1.11141	-0.0347558	12.4412	-12.9023	2.19417	0.644354	-1.09565	0.0180932	1.92737	0.103051	0.368186	0.0546744	4.19482	1.51446	-1.52878	2.57586	-0.0975228	-0.0270431	-0.405758
10.4307	3.33284	4.01576	2.94449	13.288	-2.07422	0.566912	6.33401	-21.4499	1.23009	-18.3597	-30.2638	18.8928	-0.0415841	-4.47425	-5.80171	-5.79708	2.02599	-24.322	1.21911	-0.0358234	13.2737	-14.1827	1.40761	0.456922	-0.834676	0.139664	1.9699	0.102521	0.364328	0.0876889	4.28456	1.48218	-1.56806	2.57846	-0.100155	-0.031307	-0.41007
10.4407	1.11697	4.06701	1.79923	13.294	-2.02761	0.374912	6.0748	-23.2293	1.60016	-19.8658	-30.518	19.2485	-0.0417393	-3.36126	-4.40306	-5.40268	1.79711	-22.5835	1.28583	-0.0370838	13.9144	-15.1218	0.520328	0.235934	-0.578227	0.252597	1.98896	0.100125	0.361784	0.117915	4.38397	1.45938	-1.60814	2.57842	-0.101752	-0.0351422	-0.41416
10.4507	-0.557861	4.24107	0.548776	13.2834	-1.88198	0.230471	5.67136	-24.847	1.90234	-21.1459	-30.8616	19.4538	-0.0418282	-2.34396	-3.28345	-4.99017	1.6439	-20.8383	1.32193	-0.0383806	14.3154	-15.6612	-0.544633	0.00670448	-0.369587	0.353317	1.97362	0.0950112	0.357282	0.143505	4.49077	1.45037	-1.6465	2.56931	-0.102561	-0.0388462	-0.416992
10.4607	-1.31417	4.48537	-0.620743	13.2572	-1.64858	0.130065	5.19751	-26.2246	2.1502	-22.1541	-31.3056	19.5377	-0.0418983	-1.46789	-2.4494	-4.573	1.56552	-19.1353	1.33817	-0.0396135	14.3144	-15.6232	-1.59891	-0.228115	-0.214067	0.425567	1.93004	0.0906283	0.352997	0.160032	4.60427	1.45697	-1.68677	2.5531	-0.102514	-0.0432836	-0.418687
10.4707	-1.16512	4.70474	-1.6627	13.2196	-1.34462	0.0670622	4.71732	-27.3217	2.33039	-22.8772	-31.8416	19.517	-0.0419655	-0.766118	-1.89354	-4.16591	1.56861	-17.5211	1.34353	-0.0407753	13.9869	-15.041	-2.57862	-0.433373	-0.133257	0.463457	1.86495	0.0870478	0.348004	0.165571	4.72389	1.48645	-1.73035	2.53666	-0.102321	-0.0484324	-0.420478
10.4807	-0.409167	4.91848	-2.61281	13.1729	-0.989853	0.033582	4.26992	-28.175	2.46276	-23.323	-32.4597	19.4192	-0.0420347	-0.264902	-1.53088	-3.78889	1.64373	-16.034	1.35487	-0.0418042	13.4804	-14.0503	-3.52303	-0.58778	-0.13217	0.472701	1.78441	0.0830562	0.340777	0.162008	4.84775	1.54001	-1.77678	2.52362	-0.10204	-0.0539984	-0.423074
10.4907	0.683805	5.03028	-3.41516	13.1189	-0.6051	0.0235031	3.92014	-28.8545	2.57072	-23.5279	-33.1509	19.2764	-0.042105	0.077211	-1.33554	-3.43872	1.77039	-14.7001	1.36913	-0.0425977	12.9022	-12.7728	-4.36675	-0.693404	-0.198217	0.461238	1.69328	0.0780439	0.330874	0.152289	4.97025	1.61168	-1.82378	2.50872	-0.101066	-0.0601404	-0.425249
10.5007	1.92691	4.93328	-4.08286	13.0634	-0.211528	0.0316674	3.70121	-29.3759	2.65292	-23.5143	-33.9134	19.122	-0.0421598	0.320363	-1.29276	-3.10552	1.9238	-13.5227	1.3693	-0.0432076	12.3282	-11.3328	-5.08773	-0.760566	-0.315588	0.437737	1.59415	0.0717779	0.318136	0.139522	5.08864	1.69054	-1.87188	2.48843	-0.0993231	-0.0672167	-0.426347
10.5107	3.10635	4.61536	-4.6592	13.0098	0.171633	0.0522495	3.63645	-29.7753	2.7084	-23.3333	-34.7226	18.9734	-0.0422171	0.531656	-1.31156	-2.79055	2.06745	-12.4893	1.35894	-0.0437784	11.7868	-9.83734	-5.67095	-0.803974	-0.466184	0.409819	1.48782	0.0643544	0.302674	0.126434	5.20228	1.76743	-1.92168	2.46541	-0.0972077	-0.0750772	-0.426749
10.5206	3.99992	4.13644	-5.16438	12.9583	0.527012	0.0792778	3.73351	-30.1417	2.76794	-23.0507	-35.5591	18.8508	-0.0422605	0.765928	-1.31149	-2.50692	2.16881	-11.581	1.34373	-0.0443957	11.2958	-8.38313	-6.13721	-0.836369	-0.632521	0.38465	1.37522	0.0558156	0.284897	0.115472	5.31272	1.83501	-1.9744	2.44492	-0.0954735	-0.0834408	-0.427398
10.5306	4.81027	3.61727	-5.44309	12.9111	0.840095	0.107686	3.93892	-30.4808	2.84491	-22.6919	-36.42	18.7734	-0.042281	1.02016	-1.29206	-2.28185	2.24149	-10.7987	1.32557	-0.0449175	10.7181	-6.98432	-6.35272	-0.864148	-0.802906	0.351587	1.263	0.0499908	0.266776	0.103222	5.41577	1.88387	-2.02944	2.42767	-0.0951657	-0.0923808	-0.428086
10.5406	5.53642	3.10944	-5.53809	12.8699	1.10191	0.134737	4.21905	-30.7979	2.91099	-22.2939	-37.294	18.7337	-0.0422725	1.26544	-1.27881	-2.1049	2.30508	-10.1453	1.30168	-0.0451768	10.0995	-5.73382	-6.35191	-0.872176	-0.970112	0.312589	1.16199	0.0460874	0.249577	0.0898514	5.51305	1.91204	-2.0887	2.4184	-0.0967972	-0.101769	-0.429926
10.5506	6.04064	2.64168	-5.51797	12.8327	1.30717	0.157477	4.53227	-31.1274	2.97782	-21.8957	-38.1535	18.7262	-0.0422528	1.51668	-1.25717	-1.97254	2.34378	-9.60277	1.27885	-0.0452686	9.53886	-4.72207	-6.23149	-0.86035	-1.12742	0.27479	1.07346	0.0424951	0.233173	0.0774551	5.59783	1.92062	-2.14626	2.40972	-0.100335	-0.111293	-0.431554
10.5606	6.35226	2.21127	-5.4053	12.8	1.45536	0.173042	4.82461	-31.4769	3.05729	-21.5135	-38.9784	18.748	-0.0422426	1.77225	-1.23995	-1.88208	2.36823	-9.16742	1.25757	-0.0452279	9.07095	-3.95041	-6.05089	-0.838417	-1.26902	0.245857	0.993789	0.0379586	0.217393	0.0683775	5.65652	1.92836	-2.18557	2.39594	-0.103281	-0.118814	-0.430962
10.5706	6.73633	1.9542	-5.13479	12.774	1.54709	0.179161	5.03761	-31.8152	3.14417	-21.1494	-39.7506	18.794	-0.0422472	1.99143	-1.2407	-1.83634	2.39882	-8.83592	1.24005	-0.0450663	8.55277	-3.362	-5.76431	-0.817411	-1.39856	0.215071	0.916379	0.0363117	0.20126	0.0595512	5.68742	1.93793	-2.20514	2.37917	-0.104274	-0.123829	-0.428269
10.5806	6.99581	1.86424	-4.85122	12.7544	1.58592	0.175073	5.17949	-32.1892	3.23723	-20.8304	-40.4578	18.8606	-0.0422618	2.19078	-1.23789	-1.8072	2.4338	-8.60316	1.22675	-0.044856	8.07483	-2.99807	-5.514	-0.791696	-1.51284	0.195185	0.84482	0.0329176	0.185845	0.0546336	5.69743	1.9486	-2.20968	2.3625	-0.103919	-0.126598	-0.42473
10.5906	7.08471	1.944	-4.58536	12.7406	1.57685	0.161211	5.254	-32.6211	3.34658	-20.5696	-41.0882	18.95	-0.042293	2.37667	-1.23362	-1.78779	2.46495	-8.44785	1.21921	-0.0446278	7.65781	-2.86178	-5.35639	-0.768568	-1.61559	0.187493	0.77659	0.0276941	0.17152	0.054026	5.69191	1.95525	-2.20519	2.3495	-0.102751	-0.127677	-0.421489
10.6006	7.21187	2.21975	-4.26212	12.7345	1.52612	0.139085	5.24456	-33.0675	3.46728	-20.3603	-41.6265	19.0582	-0.0423261	2.50017	-1.28141	-1.77518	2.51186	-8.34944	1.21515	-0.0443877	7.25392	-2.918	-5.23842	-0.754539	-1.72479	0.178196	0.703572	0.0249717	0.156537	0.0544094	5.67152	1.95078	-2.19475	2.34072	-0.101297	-0.127571	-0.418683
10.6106	7.36119	2.67252	-3.92851	12.7352	1.44089	0.110217	5.17053	-33.5308	3.60856	-20.2056	-42.0658	19.1875	-0.0423393	2.56575	-1.35296	-1.7688	2.55932	-8.28052	1.22274	-0.0441342	6.87289	-3.11359	-5.1888	-0.74419	-1.85364	0.164061	0.625395	0.0240146	0.140634	0.0553374	5.63929	1.9351	-2.17976	2.3346	-0.10009	-0.126664	-0.416153
10.6206	7.4404	3.28896	-3.64041	12.7403	1.33037	0.076061	5.05563	-34.0335	3.77782	-20.1106	-42.4041	19.3333	-0.0423333	2.57951	-1.38962	-1.7691	2.59469	-8.22509	1.24982	-0.0439543	6.54822	-3.39756	-5.23323	-0.734811	-2.00857	0.147287	0.540474	0.0231508	0.123804	0.057965	5.59841	1.90995	-2.15998	2.32955	-0.0998457	-0.125045	-0.413602
10.6306	7.5051	4.01623	-3.4294	12.7496	1.2048	0.039246	4.89636	-34.5524	3.967	-20.0501	-42.6559	19.4952	-0.0423259	2.5412	-1.40928	-1.77285	2.62478	-8.17666	1.28805	-0.0438297	6.28871	-3.7065	-5.38464	-0.728134	-2.18863	0.130133	0.447012	0.0215451	0.106265	0.0632221	5.55448	1.88031	-2.13845	2.3294	-0.0998217	-0.122806	-0.411853
10.6405	7.62559	4.73307	-3.29861	12.7629	1.07415	0.00266088	4.69936	-35.0604	4.17297	-20.0097	-42.8279	19.6682	-0.042343	2.47946	-1.43983	-1.77077	2.65043	-8.12787	1.3267	-0.0437453	6.09327	-3.95784	-5.61851	-0.719905	-2.39309	0.109692	0.346462	0.0187677	0.0882347	0.0704187	5.51037	1.85025	-2.11634	2.33467	-0.0999231	-0.120109	-0.410989
10.6505	7.7206	5.38345	-3.23904	12.7767	0.946896	-0.032671	4.4839	-35.5813	4.38894	-19.9972	-42.9212	19.8373	-0.0423635	2.437	-1.46631	-1.77376	2.65776	-8.06909	1.37232	-0.0436868	5.97108	-4.13029	-5.90039	-0.709165	-2.61584	0.0856099	0.240742	0.014851	0.07015	0.0792929	5.46818	1.82115	-2.09507	2.34497	-0.100201	-0.117215	-0.410995
10.6605	7.76708	5.93697	-3.2339	12.7899	0.830366	-0.0652714	4.26437	-36.09	4.60078	-20.0079	-42.9482	19.9936	-0.0423803	2.44215	-1.46033	-1.7943	2.64185	-8.00344	1.42468	-0.0436359	5.90218	-4.21593	-6.18196	-0.688379	-2.85266	0.0562143	0.135491	0.00972639	0.0527859	0.0888755	5.42854	1.79521	-2.07518	2.35871	-0.100643	-0.114367	-0.411622
10.6705	7.83814	6.38358	-3.26507	12.802	0.730317	-0.0936486	4.0555	-36.5913	4.77589	-20.0492	-42.9171	20.1156	-0.0424136	2.50744	-1.45367	-1.82746	2.61195	-7.93922	1.47533	-0.0435624	5.81508	-4.18631	-6.41525	-0.654836	-3.09814	0.0220094	0.0347237	0.00361128	0.0369397	0.0985548	5.39193	1.77617	-2.05642	2.37407	-0.10117	-0.111716	-0.412527
10.6805	8.03844	6.69636	-3.28858	12.8108	0.650179	-0.116402	3.86694	-37.0622	4.9177	-20.1214	-42.8379	20.204	-0.0424524	2.64959	-1.46414	-1.85708	2.56152	-7.87074	1.52178	-0.0434378	5.63767	-4.01652	-6.5507	-0.607657	-3.35155	-0.025982	-0.0631111	0.000248087	0.0207282	0.106113	5.35714	1.76385	-2.03873	2.38904	-0.10165	-0.109452	-0.413293
10.6905	8.30526	6.87348	-3.29856	12.8151	0.590829	-0.134333	3.70282	-37.4945	5.02836	-20.2188	-42.7189	20.2548	-0.04246	2.84311	-1.50094	-1.8731	2.50253	-7.79906	1.56871	-0.0432313	5.42227	-3.77146	-6.60721	-0.539682	-3.60863	-0.0887633	-0.152144	-0.00162649	0.00426839	0.110849	5.32418	1.75237	-2.02361	2.40129	-0.102479	-0.107899	-0.413746
10.7005	8.60063	6.93546	-3.22725	12.816	0.551222	-0.149021	3.55563	-37.8586	5.10327	-20.3159	-42.5793	20.2731	-0.0424311	3.04509	-1.56493	-1.88796	2.46628	-7.74121	1.62319	-0.0429896	5.21552	-3.51389	-6.54882	-0.448504	-3.86275	-0.161889	-0.228788	-0.00433798	-0.0116515	0.113338	5.29264	1.73565	-2.0126	2.40833	-0.104172	-0.107443	-0.413583
10.7105	8.87386	6.86107	-3.07071	12.8125	0.528687	-0.161126	3.44025	-38.1663	5.15025	-20.4091	-42.4381	20.2673	-0.0423925	3.25021	-1.66212	-1.87355	2.4572	-7.70444	1.67762	-0.0427201	5.05139	-3.28674	-6.3781	-0.338682	-4.10739	-0.239999	-0.29179	-0.00889667	-0.0262641	0.11423	5.26374	1.71213	-2.00783	2.41121	-0.106371	-0.108232	-0.413161
10.7205	9.06037	6.61256	-2.8307	12.8032	0.520357	-0.171169	3.3749	-38.4405	5.17665	-20.5132	-42.2997	20.2402	-0.0423883	3.47282	-1.77995	-1.81882	2.45931	-7.68003	1.73163	-0.0424428	4.96095	-3.1005	-6.10339	-0.216259	-4.33821	-0.319193	-0.34144	-0.0152896	-0.039199	0.113893	5.23532	1.68411	-2.00681	2.41018	-0.108491	-0.109774	-0.412341
10.7305	9.20568	6.25509	-2.52071	12.7898	0.522029	-0.181012	3.34363	-38.6759	5.18974	-20.622	-42.1642	20.1951	-0.0424253	3.67596	-1.9053	-1.74814	2.48009	-7.66659	1.79332	-0.0421762	4.93584	-2.94355	-5.77223	-0.0866441	-4.56024	-0.403626	-0.383769	-0.0204904	-0.0524053	0.112039	5.2031	1.65748	-2.00264	2.40545	-0.109165	-0.110828	-0.410677
10.7405	9.24153	5.87843	-2.09075	12.7732	0.530272	-0.191966	3.33202	-38.9053	5.19897	-20.7328	-42.0319	20.1359	-0.0424624	3.85613	-2.00773	-1.67685	2.51203	-7.6603	1.86241	-0.0419261	4.9735	-2.84263	-5.34224	0.0447048	-4.76477	-0.482982	-0.416118	-0.0278182	-0.063709	0.109879	5.1663	1.63303	-1.99438	2.39667	-0.10852	-0.111297	-0.407993
10.7504	9.17556	5.60074	-1.69398	12.7529	0.541838	-0.204491	3.32136	-39.1583	5.20863	-20.8446	-41.9037	20.0673	-0.0424757	4.01552	-2.06899	-1.60701	2.54096	-7.65108	1.93599	-0.0416914	5.03315	-2.79069	-4.95415	0.161182	-4.96188	-0.558698	-0.451085	-0.033702	-0.0751778	0.108504	5.13468	1.60341	-1.99151	2.38797	-0.108016	-0.112303	-0.405846
10.7604	9.07744	5.41442	-1.36767	12.7319	0.554416	-0.218108	3.29979	-39.4234	5.21219	-20.9495	-41.7823	19.9947	-0.0424637	4.153	-2.11725	-1.53081	2.57894	-7.64746	2.00242	-0.0414783	5.10241	-2.77267	-4.63372	0.258904	-5.15269	-0.628475	-0.489901	-0.0384771	-0.0865489	0.108283	5.10878	1.57116	-1.99353	2.38009	-0.107842	-0.113744	-0.40436
10.7704	8.96589	5.29061	-1.04476	12.713	0.565077	-0.232575	3.28292	-39.6866	5.213	-21.0486	-41.6708	19.9302	-0.0424462	4.26699	-2.15048	-1.47433	2.62579	-7.64432	2.06598	-0.0412965	5.1788	-2.77554	-4.3334	0.342546	-5.33206	-0.690245	-0.528527	-0.0432181	-0.0970008	0.108818	5.08136	1.54364	-1.99097	2.36985	-0.10766	-0.114459	-0.402247
10.7804	8.77792	5.24657	-0.83258	12.6959	0.570067	-0.248066	3.27469	-39.9804	5.22133	-21.1682	-41.5496	19.8707	-0.0424272	4.36674	-2.1401	-1.45322	2.66454	-7.62908	2.13497	-0.041127	5.28104	-2.78277	-4.16714	0.411395	-5.50527	-0.747296	-0.571256	-0.0466304	-0.107903	0.11023	5.05597	1.52369	-1.98563	2.36154	-0.106879	-0.114303	-0.400492
10.7904	8.50549	5.27371	-0.639191	12.6831	0.566432	-0.263809	3.24733	-40.2828	5.23976	-21.2919	-41.42	19.8241	-0.0424134	4.48053	-2.08337	-1.46556	2.68497	-7.60291	2.20461	-0.0409458	5.41098	-2.83205	-4.02833	0.471513	-5.66414	-0.798951	-0.609041	-0.0507276	-0.118129	0.111049	5.02779	1.51079	-1.97425	2.35376	-0.105141	-0.112934	-0.398467
10.8004	8.26864	5.37751	-0.472573	12.6771	0.551689	-0.279242	3.17128	-40.5678	5.26905	-21.399	-41.2873	19.7988	-0.0424311	4.5985	-2.03264	-1.49888	2.71126	-7.59027	2.26483	-0.0407292	5.53482	-2.91905	-3.92363	0.520277	-5.80679	-0.845002	-0.6423	-0.055335	-0.127847	0.11113	4.99901	1.50556	-1.9593	2.34723	-0.10262	-0.110753	-0.396485
10.8104	8.10967	5.48007	-0.312683	12.6778	0.524323	-0.293825	3.04725	-40.8226	5.32957	-21.4754	-41.1569	19.8076	-0.0424963	4.74668	-2.01995	-1.54235	2.72925	-7.58537	2.31379	-0.0404797	5.6451	-3.02589	-3.85364	0.550686	-5.93302	-0.883685	-0.675373	-0.0599645	-0.137311	0.111221	4.96781	1.51152	-1.9392	2.34116	-0.0992195	-0.1077	-0.394292
10.8204	7.99039	5.50717	-0.262693	12.6845	0.48407	-0.307491	2.8852	-41.0522	5.41309	-21.5293	-41.0158	19.8392	-0.0425485	4.93173	-2.04606	-1.5942	2.73131	-7.58904	2.35643	-0.0402063	5.78285	-3.11756	-3.91689	0.571032	-6.03329	-0.91508	-0.70095	-0.0644285	-0.146055	0.110197	4.93188	1.53159	-1.9098	2.33225	-0.0952183	-0.103433	-0.391193
10.8304	7.90697	5.46396	-0.240254	12.6977	0.430448	-0.319171	2.69006	-41.2354	5.50177	-21.5555	-40.864	19.8896	-0.0425604	5.13782	-2.10342	-1.65598	2.72548	-7.61326	2.39061	-0.0399319	5.94315	-3.21166	-4.00876	0.582626	-6.10439	-0.939877	-0.716936	-0.0684382	-0.154033	0.107474	4.89546	1.55714	-1.87813	2.32282	-0.0904457	-0.0988841	-0.387823
10.8404	7.85454	5.3791	-0.271329	12.7164	0.365302	-0.3275	2.46021	-41.3412	5.59881	-21.5323	-40.7171	19.9677	-0.0425457	5.34869	-2.21155	-1.71198	2.71918	-7.66977	2.4131	-0.0396653	6.12125	-3.36669	-4.16513	0.568418	-6.15096	-0.952055	-0.732806	-0.0705957	-0.160997	0.105316	4.87409	1.56559	-1.86383	2.31813	-0.0870833	-0.0965684	-0.386543
10.8504	7.82902	5.22988	-0.368242	12.7384	0.291334	-0.332055	2.21282	-41.3695	5.70231	-21.4588	-40.573	20.0652	-0.0425303	5.53512	-2.39612	-1.75013	2.7197	-7.76611	2.42563	-0.0394083	6.35398	-3.58921	-4.41243	0.545319	-6.16946	-0.952557	-0.741067	-0.0721286	-0.166136	0.102854	4.86776	1.55417	-1.8665	2.31363	-0.0868634	-0.0968887	-0.386711
10.8603	7.89817	5.07017	-0.412084	12.7632	0.212311	-0.333299	1.94649	-41.3259	5.79929	-21.3277	-40.4275	20.1666	-0.0425231	5.64815	-2.64385	-1.77324	2.73359	-7.90445	2.43326	-0.0391661	6.62169	-3.84017	-4.61908	0.544993	-6.15815	-0.951978	-0.727839	-0.0737895	-0.169765	0.0966251	4.8736	1.53912	-1.8803	2.31405	-0.0886173	-0.0987322	-0.388503
10.8703	14.3832	-4.00154	-7.26347	154.587	-91.9516	112.703	1.76733	-27.4284	5.40944	-19.5185	-40.5989	20.5376	-0.0395372	2.48501	-16.1366	0.0929006	3.60488	-8.34411	2.26903	-0.0292074	5.01785	-20.9943	-2.96299	0.820642	-3.40036	-0.584585	-0.0714176	-0.0671788	-0.0836177	0.0438999	4.87108	-0.442444	-2.24017	1.82684	-0.0946374	-0.160444	-0.348516
10.8803	11.9856	-0.277664	-4.15337	98.3845	-62.5681	60.2762	1.04003	-33.0877	5.6974	-19.8344	-40.4097	20.6131	-0.0403366	3.12109	-10.7713	-0.75625	3.35557	-8.48221	2.31876	-0.032596	6.29741	-13.9362	-3.77787	0.573764	-4.40491	-0.670951	-0.314662	-0.0661027	-0.111623	0.0612171	4.79904	0.352562	-2.07838	2.03819	-0.0951769	-0.13327	-0.367498
10.8903	10.4227	2.23459	-1.81261	56.1211	-39.1332	23.346	0.623509	-37.0007	5.8977	-19.9272	-40.2866	20.7594	-0.0410519	3.73865	-6.93643	-1.34538	3.11774	-8.68439	2.30927	-0.035188	7.10861	-8.75664	-4.25962	0.349409	-5.13121	-0.693365	-0.494575	-0.0603428	-0.126131	0.0767727	4.77634	0.957954	-1.96762	2.20254	-0.0955192	-0.113667	-0.383031
10.9003	9.50529	3.6164	-0.284096	26.7803	-20.9369	-0.199919	0.450383	-39.3571	6.01153	-19.8306	-40.193	20.9309	-0.0416826	4.28424	-4.46495	-1.73979	2.91113	-8.94952	2.25657	-0.0370771	7.69264	-5.24014	-4.61281	0.160284	-5.58889	-0.658681	-0.605039	-0.0546649	-0.126917	0.0902921	4.79403	1.39032	-1.90106	2.32443	-0.0953982	-0.100563	-0.395559
10.9103	9.01846	4.07536	0.596349	8.59454	-7.32915	-12.7418	0.436376	-40.4445	6.07947	-19.5939	-40.0957	21.1013	-0.0422202	4.73379	-3.11727	-1.99054	2.73204	-9.26264	2.17377	-0.0383597	8.19381	-3.12799	-4.87536	0.0301746	-5.82148	-0.59261	-0.647852	-0.0507609	-0.118264	0.0992932	4.84133	1.66709	-1.87373	2.40856	-0.0958936	-0.0935082	-0.405457
10.9203	8.85734	3.78132	1.02183	-0.558396	2.35795	-16.7705	0.498077	-40.4926	6.11279	-19.2469	-39.9764	21.2534	-0.0426558	5.08297	-2.63129	-2.13063	2.57009	-9.60467	2.05853	-0.0391332	8.69603	-2.12225	-5.01808	-0.0394462	-5.89153	-0.516305	-0.639088	-0.0483776	-0.105014	0.103193	4.90514	1.81366	-1.87694	2.46254	-0.0979551	-0.0913708	-0.413162
10.9303	8.92603	2.87644	1.16662	-2.94145	8.82873	-14.7746	0.580492	-39.7218	6.10999	-18.8013	-39.8334	21.3831	-0.0429957	5.31615	-2.75847	-2.20205	2.42936	-9.96211	1.91092	-0.0394758	9.27655	-1.91168	-5.04823	-0.067809	-5.86871	-0.442421	-0.605449	-0.0460239	-0.091753	0.103631	4.9757	1.86187	-1.90275	2.50034	-0.10079	-0.0924599	-0.420199
10.9403	9.10394	1.4473	1.22914	-0.778444	12.8277	-9.05236	0.689152	-38.3772	6.09622	-18.282	-39.6697	21.5044	-0.0432486	5.41789	-3.28224	-2.23624	2.31854	-10.3253	1.7364	-0.0394832	10.0124	-2.19404	-4.97899	-0.066806	-5.81229	-0.380387	-0.567191	-0.0429999	-0.0818255	0.101459	5.03848	1.84519	-1.93701	2.52811	-0.103446	-0.0947345	-0.426368
10.9503	9.31698	-0.467822	1.37115	3.90341	15.0375	-1.86703	0.812898	-36.6909	6.08163	-17.7142	-39.4846	21.6207	-0.0434214	5.37129	-4.01124	-2.26315	2.24927	-10.6862	1.54345	-0.0392599	11.0068	-2.64351	-4.83337	-0.0397538	-5.76793	-0.337336	-0.537581	-0.039596	-0.0774113	0.0965626	5.0771	1.8007	-1.96182	2.55215	-0.104568	-0.0955338	-0.431212
10.9603	9.55257	-2.82451	1.73462	9.00478	15.9702	4.87044	0.999986	-34.8622	6.05169	-17.1329	-39.2815	21.7336	-0.0435003	5.15674	-4.76531	-2.29906	2.22028	-11.0317	1.33101	-0.0389252	12.268	-2.94646	-4.60672	0.0174353	-5.77696	-0.32021	-0.526939	-0.0362997	-0.0801289	0.0879158	5.0826	1.76305	-1.9664	2.57792	-0.103571	-0.093384	-0.434729
10.9702	9.6696	-5.41926	2.44886	12.3398	15.5562	9.38807	1.29132	-33.157	6.02797	-16.5747	-39.0746	21.8593	-0.043453	4.74538	-5.29317	-2.36885	2.20718	-11.353	1.10602	-0.0385951	13.736	-2.82085	-4.31104	0.110236	-5.86912	-0.332465	-0.542606	-0.0340102	-0.090449	0.0742362	5.04936	1.75857	-1.946	2.60572	-0.100763	-0.0881611	-0.436718
10.9802	9.52519	-7.93243	3.59245	12.4873	13.7196	10.2212	1.64241	-31.8209	6.0227	-16.0667	-38.8649	22.0019	-0.0432837	4.1087	-5.40724	-2.49345	2.19801	-11.6502	0.880712	-0.038358	15.3594	-2.13244	-3.951	0.23331	-6.05617	-0.371895	-0.589503	-0.0328737	-0.107634	0.0548356	4.97207	1.80012	-1.89783	2.63687	-0.0967171	-0.0797597	-0.437294
10.9902	8.96761	-10.0214	4.97375	9.16308	11.0232	6.11443	1.90332	-31.0296	6.03509	-15.5942	-38.6511	22.1573	-0.0429948	3.22582	-5.02216	-2.67817	2.19471	-11.917	0.663112	-0.038309	17.251	-0.911445	-3.74601	0.379891	-6.32093	-0.421297	-0.667839	-0.0354933	-0.128735	0.0326444	4.8526	1.89238	-1.82056	2.67607	-0.0926798	-0.067651	-0.437517
11.0002	7.99163	-11.0932	6.73368	1.33046	7.48836	-3.09491	1.96728	-31.0171	6.06568	-15.1648	-38.4292	22.314	-0.0425527	2.13775	-4.04691	-2.93922	2.17992	-12.1481	0.466088	-0.0385359	19.0991	0.770747	-3.52508	0.553645	-6.68364	-0.490112	-0.783263	-0.0394448	-0.154797	0.00455935	4.69074	2.03723	-1.71489	2.71633	-0.089144	-0.052717	-0.436258
11.0102	6.57508	-10.5538	8.79866	-11.3991	3.13129	-16.6996	1.73213	-31.9815	6.12415	-14.7873	-38.1988	22.4619	-0.0419312	0.962571	-2.45833	-3.27312	2.11346	-12.3407	0.296854	-0.0390862	20.5071	2.74576	-3.23598	0.716994	-7.11092	-0.563482	-0.929744	-0.0422275	-0.181254	-0.0273843	4.49775	2.22185	-1.59029	2.74324	-0.0858553	-0.0372717	-0.431994
11.0202	4.72353	-7.89861	10.6963	-27.3646	-1.48318	-32.7772	1.00941	-33.9121	6.20368	-14.4141	-37.9661	22.5815	-0.0411738	-0.152775	-0.444722	-3.63731	1.97423	-12.5001	0.155662	-0.0399399	21.2218	4.55792	-3.08725	0.836404	-7.5181	-0.609646	-1.08819	-0.044731	-0.201631	-0.0554207	4.29868	2.41394	-1.46172	2.74312	-0.0827795	-0.0235958	-0.424077
11.0302	2.60048	-2.77936	12.0423	-43.4348	-5.4403	-47.304	-0.328263	-36.5381	6.28496	-13.9902	-37.7328	22.6439	-0.0404086	-0.960718	1.59098	-3.97815	1.7251	-12.6201	0.0426026	-0.0409998	20.8684	5.4711	-3.06202	0.955943	-7.83895	-0.6331	-1.23125	-0.0468615	-0.213876	-0.0799911	4.13454	2.55833	-1.356	2.70501	-0.0805659	-0.0150751	-0.412786
11.0402	0.448491	4.53841	12.3993	-55.1832	-7.38206	-54.7734	-2.14298	-39.3057	6.36959	-13.491	-37.5041	22.6359	-0.039816	-1.11701	3.09164	-4.20193	1.31861	-12.6984	-0.0442491	-0.0421499	19.1281	4.68484	-3.10918	1.1609	-8.00566	-0.649306	-1.32868	-0.0490513	-0.216753	-0.10434	4.06273	2.58963	-1.30984	2.62008	-0.0800417	-0.0161128	-0.399141
11.0502	-1.01505	12.7391	11.3856	-56.1029	-5.73876	-47.858	-3.88864	-41.1222	6.41993	-12.9143	-37.2829	22.5493	-0.039667	-0.220179	3.16049	-4.15061	0.73803	-12.7318	-0.121936	-0.0431991	15.7416	1.35412	-2.96182	1.5612	-7.94474	-0.694053	-1.33811	-0.0490397	-0.205958	-0.138261	4.1548	2.42929	-1.37216	2.49122	-0.082624	-0.0319192	-0.386267
11.0602	-0.603012	18.8017	7.96324	-34.9164	1.68888	-18.4615	-4.6224	-40.0214	6.35396	-12.1772	-37.0943	22.4077	-0.040403	2.10816	0.404817	-3.57944	0.0583088	-12.7238	-0.228545	-0.0437734	11.2247	-5.48358	-2.76648	2.25742	-7.47033	-0.762974	-1.20741	-0.0496591	-0.175359	-0.181442	4.50079	1.97893	-1.60337	2.34385	-0.0901156	-0.0669872	-0.381708
11.0702	3.88618	18.3406	1.38803	21.6491	16.5859	42.9075	-2.86814	-33.3045	6.12857	-11.1424	-36.9785	22.3055	-0.0425824	6.26927	-6.92469	-2.17117	-0.572073	-12.6858	-0.412123	-0.0433081	6.19318	-16.7096	-2.16706	3.45781	-6.45677	-0.914793	-0.888576	-0.0497698	-0.118114	-0.2524	5.19169	1.12309	-2.07096	2.2128	-0.104263	-0.12628	-0.393742
11.0802	7.70441	12.2403	-2.39093	58.578	19.4261	65.3943	-0.52541	-27.3254	5.92798	-10.2509	-36.9112	22.1319	-0.0438579	7.70667	-11.4702	-1.33178	-0.672377	-12.6936	-0.493558	-0.0424698	6.23743	-21.8681	-2.01942	4.00242	-5.78854	-0.974109	-0.733801	-0.0480697	-0.0759398	-0.288298	5.45306	0.692645	-2.26939	2.22163	-0.109975	-0.146114	-0.407682
11.0901	10.6639	4.59545	-3.98654	77.441	15.0389	62.3826	1.63988	-22.7609	5.75508	-9.48441	-36.8818	21.9084	-0.0443952	7.32682	-13.5743	-1.00856	-0.508435	-12.7251	-0.496581	-0.0416051	8.91039	-22.9203	-1.95846	4.13104	-5.42826	-0.996296	-0.693249	-0.0437833	-0.0466647	-0.305524	5.43442	0.571	-2.28592	2.30414	-0.109972	-0.141074	-0.419914
11.1001	12.4312	-1.89318	-4.14521	81.7385	7.52601	45.2636	3.14472	-19.9122	5.61602	-8.83331	-36.8891	21.6669	-0.0443762	5.95065	-13.7428	-1.09408	-0.286664	-12.7666	-0.445377	-0.040941	12.4377	-21.6021	-1.9804	3.97782	-5.27129	-0.988732	-0.716573	-0.0381555	-0.0272677	-0.307086	5.26479	0.647633	-2.19724	2.4122	-0.107045	-0.122986	-0.429142
11.1101	12.9631	-6.09959	-3.39194	75.5137	-0.288883	22.7562	3.87942	-18.6902	5.50877	-8.30607	-36.9296	21.4353	-0.0439953	4.22777	-12.5898	-1.44952	-0.129412	-12.8125	-0.366271	-0.0405543	15.7036	-19.1612	-2.05187	3.66473	-5.2452	-0.964028	-0.769741	-0.0323915	-0.0156589	-0.298077	5.03706	0.831971	-2.06087	2.51497	-0.103103	-0.100306	-0.434907
11.1201	12.5161	-7.96062	-2.11507	62.9447	-6.78841	0.731824	3.96267	-18.7171	5.42814	-7.88791	-37.0009	21.2354	-0.0434337	2.56554	-10.7253	-1.93287	-0.0704231	-12.8651	-0.280344	-0.0404182	18.1658	-16.428	-2.13284	3.29058	-5.29397	-0.931679	-0.83316	-0.0278808	-0.0106875	-0.28346	4.81038	1.05704	-1.91603	2.59614	-0.099226	-0.0784736	-0.437423
11.1301	11.3674	-8.02856	-0.77733	48.5094	-10.9929	-17.7138	3.6024	-19.4805	5.35578	-7.54755	-37.0999	21.0736	-0.042849	1.14295	-8.68214	-2.44109	-0.0787529	-12.9292	-0.192889	-0.0404225	19.8533	-13.9735	-2.33807	2.90594	-5.32963	-0.873611	-0.897948	-0.0283676	-0.0154633	-0.26309	4.61831	1.27723	-1.78608	2.65211	-0.0958021	-0.0601743	-0.437741
11.1401	9.99699	-6.98302	0.516526	34.6686	-12.9527	-30.8707	3.04616	-20.5324	5.28412	-7.26047	-37.2281	20.9513	-0.0423297	0.0554181	-6.81303	-2.90415	-0.12886	-13.0025	-0.107981	-0.0404261	20.7672	-11.9952	-2.53389	2.58778	-5.35215	-0.811291	-0.963772	-0.0327835	-0.0270998	-0.245168	4.47385	1.46705	-1.68229	2.68633	-0.0930902	-0.046374	-0.436856
11.1501	8.81629	-5.45167	1.70401	23.0045	-13.0142	-38.4192	2.49592	-21.5354	5.20785	-7.00373	-37.3889	20.8658	-0.0419323	-0.671592	-5.33822	-3.27557	-0.193843	-13.078	-0.0376571	-0.0403719	20.9847	-10.5306	-2.62497	2.33126	-5.34965	-0.75183	-1.0202	-0.0394163	-0.0411549	-0.230681	4.37662	1.61035	-1.60797	2.7022	-0.0910769	-0.0371924	-0.435138
11.1601	8.0116	-3.87911	2.66372	14.4217	-11.6269	-40.9766	2.07316	-22.2967	5.10716	-6.77541	-37.5676	20.7978	-0.0416893	-1.05577	-4.32755	-3.54666	-0.255238	-13.1503	0.0212069	-0.0403576	20.652	-9.55726	-2.63025	2.09051	-5.30641	-0.688364	-1.0564	-0.0453194	-0.0547916	-0.216207	4.32182	1.7032	-1.56274	2.70317	-0.0897441	-0.0323942	-0.432952
11.1701	7.64961	-2.47184	3.35047	9.06684	-8.89238	-39.6154	1.81879	-22.7525	4.98501	-6.57574	-37.7504	20.7334	-0.0416151	-1.12904	-3.72936	-3.73457	-0.31265	-13.2165	0.0844886	-0.0403757	19.907	-8.97499	-2.55871	1.80967	-5.21448	-0.614356	-1.06253	-0.0487258	-0.065808	-0.197564	4.30467	1.74731	-1.5454	2.69527	-0.0892583	-0.0315922	-0.430907
11.1801	7.71706	-1.30003	3.77724	6.57486	-5.43691	-35.4633	1.76236	-22.9114	4.8354	-6.41183	-37.9303	20.6623	-0.0416438	-0.987343	-3.46559	-3.85065	-0.360984	-13.2768	0.160909	-0.0403891	18.8314	-8.69553	-2.41698	1.44692	-5.07169	-0.523855	-1.03472	-0.0484548	-0.0733511	-0.171316	4.31609	1.7483	-1.55115	2.6832	-0.0894706	-0.0338912	-0.429388
11.1901	8.192	-0.37595	4.00483	6.29705	-1.73453	-29.7719	1.88546	-22.8199	4.65166	-6.28437	-38.101	20.576	-0.041732	-0.741522	-3.45285	-3.92162	-0.384229	-13.3307	0.25749	-0.0403931	17.534	-8.60756	-2.21529	0.979971	-4.88614	-0.414677	-0.97559	-0.0442598	-0.0774304	-0.135845	4.3432	1.71655	-1.57154	2.66645	-0.0899201	-0.0383351	-0.427685
11.2	8.97717	0.321387	4.09687	7.5318	1.91224	-23.623	2.14892	-22.5588	4.4323	-6.19487	-38.262	20.4701	-0.0418613	-0.470137	-3.60099	-3.9608	-0.378759	-13.3747	0.376616	-0.0404067	16.1329	-8.63142	-1.96155	0.409422	-4.67201	-0.287983	-0.893652	-0.0364796	-0.0788869	-0.0914487	4.37603	1.66129	-1.60036	2.64605	-0.0904142	-0.0441505	-0.425563
11.21	9.94995	0.868631	4.09297	9.67183	5.4154	-17.7116	2.50491	-22.189	4.18929	-6.1328	-38.4163	20.3511	-0.0419993	-0.225781	-3.83112	-3.99313	-0.34554	-13.4088	0.520667	-0.0404129	14.7214	-8.72852	-1.69462	-0.233197	-4.44983	-0.153278	-0.801332	-0.0267349	-0.0785912	-0.0414444	4.41055	1.58912	-1.6353	2.62645	-0.0911417	-0.0507856	-0.423725
11.22	10.9915	1.34557	4.02312	12.2533	8.56685	-12.5523	2.88549	-21.766	3.92423	-6.08052	-38.5669	20.2199	-0.0421199	-0.0762406	-4.10286	-4.02994	-0.269736	-13.4423	0.680907	-0.0403385	13.4088	-8.88527	-1.44344	-0.891833	-4.24412	-0.0211717	-0.716002	-0.0163931	-0.0784298	0.00920493	4.44333	1.50719	-1.67291	2.61088	-0.0922581	-0.0575274	-0.422631
11.23	11.895	1.8068	3.90963	14.5755	11.2186	-8.85224	3.20489	-21.3914	3.64029	-6.02982	-38.7154	20.077	-0.0422093	-0.0557921	-4.33782	-4.08251	-0.150016	-13.4754	0.845821	-0.040194	12.3478	-9.05604	-1.25697	-1.49713	-4.08121	0.0966621	-0.653511	-0.00655589	-0.0798442	0.054539	4.46693	1.43184	-1.7044	2.5992	-0.0933132	-0.0631736	-0.42188
11.24	0	0	0	0	0	0	0	0	0	0	0	0	0	0	0	0	0	0	0	0	0	0	0	0	0	0	0	0	0	0	0	0	0	0	0	0	0
