Frame#,Time,C7_X,C7_Y,C7_Z,LANK_X,LANK_Y,LANK_Z,LASI_X,LASI_Y,LASI_Z,LELB_X,LELB_Y,LELB_Z,LFIN_X,LFIN_Y,LFIN_Z,LHEE_X,LHEE_Y,LHEE_Z,LKNE_X,LKNE_Y,LKNE_Z,LPSI_X,LPSI_Y,LPSI_Z,LSHO_X,LSHO_Y,LSHO_Z,LTOE_X,LTOE_Y,LTOE_Z,LWRA_X,LWRA_Y,LWRA_Z,LWRB_X,LWRB_Y,LWRB_Z,RANK_X,RANK_Y,RANK_Z,RASI_X,RASI_Y,RASI_Z,RELB_X,RELB_Y,RELB_Z,RFIN_X,RFIN_Y,RFIN_Z,RHEE_X,RHEE_Y,RHEE_Z,RKNE_X,RKNE_Y,RKNE_Z,RPSI_X,RPSI_Y,RPSI_Z,RSHO_X,RSHO_Y,RSHO_Z,RTOE_X,RTOE_Y,RTOE_Z,RWRA_X,RWRA_Y,RWRA_Z,RWRB_X,RWRB_Y,RWRB_Z,STRN_X,STRN_Y,STRN_Z
1,0.0,-0.200584,1.43586,0.0493672,0.00179184,0.104949,0.153963,-0.289737,0.96565,0.211502,-0.431543,1.09418,0.317688,-0.678487,0.878926,0.261849,0.0777197,0.0804597,0.098121,-0.189745,0.456009,0.190457,-0.15223,0.979113,0.0804436,-0.304609,1.42117,0.208533,-0.160085,0.0631547,0.0964821,-0.605773,0.941832,0.222011,-0.583887,0.902342,0.279745,-0.516647,0.101687,-0.0956168,-0.291391,0.965684,-0.106139,-0.182318,1.07575,-0.226384,-0.188154,0.729733,-0.272528,-0.452551,0.0507926,-0.03239,-0.444895,0.499478,-0.0966293,-0.15036,0.971441,0.0176025,-0.24838,1.41047,-0.134179,-0.681675,0.0988459,-0.0447905,-0.215923,0.822249,-0.211897,-0.157537,0.821648,-0.256214,-0.395094,1.19665,0.0302428
2,0.00999071,-0.201262,1.43528,0.0472111,0.00784747,0.107251,0.154678,-0.290938,0.965049,0.210106,-0.429837,1.09305,0.315676,-0.673364,0.873523,0.260657,0.0850459,0.0845702,0.0987068,-0.189796,0.455661,0.190391,-0.153744,0.978556,0.0784489,-0.305477,1.42104,0.206374,-0.152251,0.0630726,0.0966358,-0.601443,0.937425,0.220876,-0.579441,0.898641,0.279043,-0.5126,0.100298,-0.0957304,-0.293665,0.965583,-0.107581,-0.185685,1.07401,-0.227919,-0.19563,0.728126,-0.273444,-0.446496,0.0521609,-0.0325499,-0.44766,0.49992,-0.0973419,-0.152197,0.97098,0.0155902,-0.249072,1.40957,-0.136332,-0.676719,0.0927669,-0.0434212,-0.22145,0.821014,-0.212191,-0.163743,0.819576,-0.257,-0.396429,1.19651,0.0285677
3,0.0199814,-0.201998,1.43482,0.0449283,0.0136243,0.109874,0.155381,-0.292138,0.964684,0.208544,-0.42803,1.09199,0.313534,-0.667616,0.867773,0.259694,0.091512,0.0885039,0.0992771,-0.190264,0.455394,0.190285,-0.155467,0.978211,0.0761699,-0.306154,1.42102,0.204179,-0.144428,0.063007,0.0967631,-0.596634,0.932445,0.219733,-0.574231,0.894856,0.278188,-0.508193,0.0988133,-0.0960063,-0.296275,0.965662,-0.109101,-0.189302,1.07249,-0.229483,-0.203503,0.726728,-0.274102,-0.440767,0.0534181,-0.0332328,-0.449919,0.500133,-0.0981829,-0.154286,0.970652,0.0132632,-0.249855,1.40887,-0.13853,-0.671691,0.0870132,-0.0424027,-0.228301,0.819864,-0.213053,-0.170298,0.81767,-0.257721,-0.397964,1.19654,0.0269018
4,0.0299721,-0.202781,1.43449,0.0425577,0.0190816,0.112741,0.156046,-0.293424,0.964431,0.206934,-0.426035,1.09105,0.311289,-0.661207,0.861717,0.258967,0.0975943,0.0927526,0.0998032,-0.191277,0.455175,0.190148,-0.157424,0.978049,0.0736245,-0.306698,1.42116,0.201957,-0.136585,0.0628873,0.0968017,-0.591491,0.927498,0.218744,-0.568482,0.890993,0.277545,-0.503358,0.0973717,-0.0963512,-0.29924,0.965973,-0.110621,-0.193175,1.07117,-0.231046,-0.211806,0.725597,-0.274694,-0.434879,0.0546056,-0.0338279,-0.451964,0.500228,-0.0991281,-0.156579,0.970445,0.0106345,-0.25078,1.40837,-0.140795,-0.666654,0.0814047,-0.0418701,-0.235131,0.818981,-0.213619,-0.177168,0.816,-0.258359,-0.399667,1.19675,0.0252203
5,0.0399629,-0.203566,1.43434,0.0401115,0.0241403,0.115973,0.156672,-0.294819,0.964292,0.205311,-0.42375,1.09029,0.30896,-0.654118,0.855404,0.25848,0.103405,0.0974902,0.100255,-0.192991,0.454965,0.190016,-0.159599,0.978025,0.0708684,-0.307198,1.42148,0.199708,-0.128642,0.062705,0.0966272,-0.585889,0.922462,0.2179,-0.562214,0.887084,0.277134,-0.49847,0.0964178,-0.0969883,-0.302352,0.966582,-0.112117,-0.197262,1.06999,-0.232598,-0.220402,0.724698,-0.275119,-0.428718,0.0557072,-0.0341683,-0.454104,0.500448,-0.100174,-0.158973,0.970415,0.00779873,-0.251932,1.40811,-0.143166,-0.661525,0.0762457,-0.0419844,-0.242207,0.818365,-0.214026,-0.184337,0.814582,-0.258922,-0.40149,1.19716,0.0234869
6,0.0499536,-0.204334,1.43436,0.0375687,0.0287038,0.119676,0.157255,-0.296245,0.964338,0.203666,-0.4213,1.08963,0.306565,-0.646311,0.848929,0.258231,0.108753,0.102832,0.100618,-0.195542,0.45474,0.189914,-0.161979,0.978109,0.0679818,-0.307586,1.42196,0.197454,-0.120734,0.0625806,0.0966044,-0.579784,0.917309,0.217184,-0.555338,0.883185,0.276865,-0.493338,0.0959107,-0.0976837,-0.305614,0.96738,-0.113657,-0.201606,1.06902,-0.234187,-0.229262,0.724021,-0.275363,-0.422185,0.0566402,-0.034406,-0.456539,0.500763,-0.101243,-0.161446,0.970603,0.00486017,-0.253362,1.4081,-0.145633,-0.656094,0.0719723,-0.0426153,-0.249438,0.818078,-0.214348,-0.191977,0.813389,-0.259581,-0.403384,1.1978,0.0216826
7,0.0599443,-0.205147,1.43451,0.0349542,0.0327259,0.123744,0.157756,-0.297698,0.964566,0.201915,-0.41864,1.0891,0.304097,-0.637708,0.84236,0.258265,0.113446,0.108899,0.100834,-0.19896,0.454502,0.189899,-0.164424,0.978338,0.0650526,-0.307896,1.42261,0.195226,-0.112846,0.0625683,0.0967312,-0.573152,0.912109,0.216667,-0.547808,0.879335,0.276787,-0.487479,0.0954925,-0.0979523,-0.309485,0.967882,-0.115431,-0.206205,1.06827,-0.235831,-0.238502,0.723578,-0.275512,-0.415364,0.0571898,-0.0345522,-0.459183,0.500904,-0.102364,-0.16426,0.971,0.00188683,-0.254945,1.40818,-0.148062,-0.650284,0.0686965,-0.043229,-0.256973,0.818074,-0.214707,-0.199937,0.8124,-0.260101,-0.405325,1.19867,0.0198268
8,0.069935,-0.205974,1.43482,0.032276,0.0361165,0.128211,0.158132,-0.299243,0.964987,0.199888,-0.41577,1.08871,0.30159,-0.62829,0.835673,0.25862,0.117385,0.115804,0.10086,-0.203322,0.454282,0.190082,-0.166696,0.978803,0.0622023,-0.308055,1.42339,0.193031,-0.105027,0.0625519,0.0967528,-0.566045,0.906954,0.21631,-0.539626,0.875566,0.276844,-0.480908,0.0950548,-0.0976289,-0.313311,0.968544,-0.117193,-0.211051,1.06773,-0.23751,-0.248157,0.72337,-0.275608,-0.408105,0.0574138,-0.0346162,-0.461868,0.500926,-0.103579,-0.166891,0.971613,-0.00106912,-0.256569,1.40841,-0.15047,-0.644092,0.0663608,-0.0432494,-0.264897,0.81832,-0.215006,-0.208142,0.811609,-0.260451,-0.407284,1.19972,0.0179403
9,0.0799257,-0.206799,1.43531,0.029554,0.0387586,0.133091,0.158431,-0.300919,0.965631,0.197545,-0.412697,1.08848,0.29907,-0.618186,0.828989,0.259259,0.120352,0.12353,0.100703,-0.208718,0.454086,0.190587,-0.168812,0.979416,0.0594042,-0.308047,1.42427,0.190883,-0.0971723,0.0623508,0.0966467,-0.558477,0.901871,0.216069,-0.530878,0.871853,0.276602,-0.473797,0.0946681,-0.0968973,-0.316849,0.969441,-0.118859,-0.216141,1.06739,-0.239235,-0.258031,0.723424,-0.275561,-0.400498,0.0575672,-0.0345174,-0.464234,0.500995,-0.104683,-0.169466,0.972393,-0.00394503,-0.258294,1.40884,-0.152876,-0.637247,0.064779,-0.0425233,-0.273129,0.818841,-0.215223,-0.216578,0.811045,-0.260695,-0.409214,1.2009,0.0160607
10,0.0899164,-0.207604,1.43597,0.026774,0.0404699,0.138342,0.158712,-0.302514,0.966475,0.195246,-0.409404,1.08835,0.296511,-0.607385,0.822409,0.260143,0.122172,0.132153,0.100426,-0.215203,0.453916,0.191583,-0.171294,0.979968,0.0566167,-0.307996,1.42533,0.188778,-0.0895417,0.0619261,0.0966779,-0.55045,0.896897,0.215945,-0.521506,0.868303,0.276307,-0.466579,0.0945486,-0.0962899,-0.320009,0.970498,-0.120528,-0.221515,1.06726,-0.240988,-0.268099,0.723745,-0.27536,-0.39295,0.0576122,-0.0343927,-0.465959,0.501146,-0.105581,-0.17164,0.973268,-0.00674634,-0.260325,1.40951,-0.155366,-0.630122,0.0637293,-0.0419279,-0.281599,0.819626,-0.215368,-0.225417,0.810837,-0.261155,-0.411076,1.20222,0.0142462
11,0.0999071,-0.208449,1.43681,0.023947,0.0410351,0.144004,0.158965,-0.303858,0.967422,0.193003,-0.405852,1.08833,0.293923,-0.595849,0.816001,0.261237,0.122651,0.141777,0.100086,-0.222629,0.453751,0.193304,-0.173497,0.980633,0.0539319,-0.307769,1.42648,0.186663,-0.0822894,0.0614716,0.0968712,-0.541963,0.892103,0.215918,-0.51151,0.86522,0.276229,-0.459324,0.0945501,-0.0959652,-0.322984,0.971408,-0.122471,-0.227169,1.06734,-0.242763,-0.27842,0.724322,-0.27503,-0.385183,0.0577925,-0.0341559,-0.466912,0.501234,-0.106355,-0.173843,0.974152,-0.00947285,-0.262443,1.41035,-0.157856,-0.622894,0.0629764,-0.0417161,-0.290273,0.820672,-0.215474,-0.234473,0.810928,-0.261706,-0.412884,1.20365,0.0125182
12,0.109898,-0.209264,1.43779,0.0210742,0.0404172,0.150089,0.159195,-0.304995,0.968483,0.190699,-0.402021,1.0884,0.291306,-0.583628,0.809841,0.262509,0.121675,0.152458,0.0997129,-0.230787,0.453485,0.195454,-0.175239,0.981365,0.0513792,-0.307308,1.42766,0.18456,-0.0756947,0.0612143,0.0971757,-0.533072,0.887525,0.216013,-0.500982,0.86237,0.276083,-0.451878,0.0945024,-0.0957564,-0.325658,0.972258,-0.124679,-0.233087,1.06763,-0.24459,-0.288999,0.725177,-0.274616,-0.377454,0.0579718,-0.0340154,-0.467007,0.50116,-0.107191,-0.17609,0.974983,-0.012062,-0.264754,1.4114,-0.160361,-0.615552,0.0624151,-0.0416939,-0.299136,0.821986,-0.215509,-0.243879,0.811191,-0.262096,-0.414727,1.20513,0.0108762
13,0.119889,-0.210114,1.43884,0.018126,0.0387616,0.156659,0.159395,-0.305953,0.969618,0.188286,-0.39783,1.08855,0.288757,-0.570784,0.804004,0.263928,0.119283,0.164091,0.099347,-0.239689,0.453139,0.197678,-0.176697,0.982087,0.0489308,-0.306739,1.42889,0.182476,-0.0699266,0.0612853,0.0975614,-0.52382,0.883215,0.216232,-0.490073,0.859605,0.275874,-0.444308,0.094456,-0.0955764,-0.327818,0.973231,-0.126872,-0.239271,1.06816,-0.246488,-0.299784,0.726295,-0.274055,-0.369802,0.0579684,-0.0341095,-0.466126,0.500959,-0.108242,-0.177952,0.975749,-0.014465,-0.267121,1.41255,-0.1628,-0.608085,0.061974,-0.0417337,-0.30818,0.823553,-0.215465,-0.253449,0.811731,-0.262401,-0.41651,1.20672,0.00936152
14,0.129879,-0.210979,1.43993,0.0151484,0.0362379,0.163715,0.159558,-0.306698,0.970811,0.185764,-0.393337,1.08878,0.286175,-0.557414,0.798515,0.26547,0.115708,0.176519,0.0989869,-0.249413,0.452801,0.19979,-0.177951,0.982709,0.0465813,-0.306115,1.4302,0.180382,-0.0652978,0.0618651,0.09798,-0.514201,0.879206,0.216537,-0.478815,0.857003,0.27598,-0.436696,0.0944471,-0.0954092,-0.32967,0.974089,-0.129126,-0.245719,1.06891,-0.248411,-0.31075,0.727711,-0.273345,-0.362004,0.0580585,-0.0339769,-0.464156,0.5006,-0.109532,-0.17945,0.976435,-0.0167074,-0.269668,1.41384,-0.165225,-0.600469,0.0615946,-0.0416765,-0.317338,0.825377,-0.215348,-0.263377,0.812517,-0.262635,-0.418203,1.20843,0.00799051
15,0.13987,-0.211762,1.44102,0.0122002,0.0331142,0.171312,0.159681,-0.307146,0.971962,0.183408,-0.388551,1.08904,0.283532,-0.543645,0.7934,0.267119,0.111011,0.189573,0.0985352,-0.259854,0.452577,0.201733,-0.17886,0.983191,0.0443068,-0.305441,1.43152,0.178269,-0.0621112,0.0632357,0.0984109,-0.504274,0.875488,0.216919,-0.467129,0.854831,0.27593,-0.429016,0.0943918,-0.0952637,-0.331143,0.975125,-0.131214,-0.252381,1.06982,-0.250346,-0.322036,0.729374,-0.272604,-0.354339,0.0579577,-0.0339711,-0.461136,0.499981,-0.110891,-0.180576,0.977013,-0.0188567,-0.272427,1.41525,-0.167641,-0.592814,0.0613074,-0.0416581,-0.326575,0.827414,-0.215176,-0.273543,0.813538,-0.262894,-0.419786,1.21019,0.00674839
16,0.149861,-0.21244,1.44211,0.0092565,0.0293819,0.179503,0.159636,-0.307239,0.97302,0.181319,-0.38347,1.08928,0.280883,-0.529462,0.788797,0.268744,0.105142,0.203016,0.0978539,-0.270742,0.452395,0.203234,-0.179352,0.983538,0.0421579,-0.304644,1.43282,0.176166,-0.0606127,0.0654808,0.0987853,-0.494012,0.872068,0.217365,-0.455081,0.852975,0.275689,-0.421296,0.0943086,-0.0951857,-0.332432,0.976306,-0.133109,-0.259209,1.07085,-0.252327,-0.333652,0.731199,-0.271841,-0.346785,0.0578719,-0.0339203,-0.457356,0.499198,-0.112116,-0.181352,0.977485,-0.0209183,-0.275353,1.41675,-0.170019,-0.585128,0.0611129,-0.0417058,-0.335946,0.829598,-0.214923,-0.283914,0.814764,-0.263362,-0.421253,1.21187,0.00562071
17,0.159851,-0.21301,1.44319,0.00635734,0.0250278,0.188396,0.15922,-0.306958,0.973992,0.179378,-0.378121,1.08949,0.278287,-0.514929,0.78467,0.270314,0.0982659,0.217,0.0969301,-0.281953,0.45229,0.204229,-0.179446,0.983742,0.040151,-0.303715,1.43408,0.174124,-0.0609679,0.0682271,0.0991305,-0.483296,0.868967,0.217873,-0.442845,0.851494,0.275455,-0.413514,0.0942178,-0.0952425,-0.33391,0.977255,-0.134978,-0.266137,1.07199,-0.254308,-0.345381,0.733168,-0.270967,-0.338911,0.0579363,-0.0339364,-0.453172,0.498448,-0.113197,-0.182096,0.977884,-0.0229113,-0.278255,1.4182,-0.172253,-0.577381,0.0609746,-0.0417864,-0.345556,0.831936,-0.214553,-0.294515,0.816164,-0.264001,-0.4226,1.21336,0.00458729
18,0.169842,-0.213533,1.44431,0.0034663,0.0200761,0.197924,0.158307,-0.306464,0.974875,0.177493,-0.37244,1.08982,0.275923,-0.500165,0.781017,0.271817,0.0900848,0.231273,0.0956613,-0.293327,0.452441,0.204889,-0.179312,0.983784,0.0382759,-0.302651,1.4353,0.172178,-0.0629836,0.0706172,0.0995886,-0.472485,0.866144,0.218328,-0.430376,0.850308,0.275245,-0.405676,0.0941357,-0.0954252,-0.335025,0.978219,-0.136567,-0.273123,1.07316,-0.256286,-0.357404,0.735333,-0.270097,-0.33073,0.0581181,-0.0340575,-0.448841,0.497872,-0.114179,-0.182737,0.978284,-0.0248804,-0.281097,1.41957,-0.174328,-0.569564,0.0609025,-0.0418649,-0.355171,0.834395,-0.214165,-0.305491,0.817683,-0.264539,-0.42378,1.21467,0.00364346
19,0.179833,-0.214053,1.44549,0.000642149,0.0146848,0.207558,0.156882,-0.305793,0.975745,0.17588,-0.366549,1.09012,0.273648,-0.485272,0.777758,0.273127,0.0802038,0.245518,0.0942166,-0.30477,0.453063,0.205425,-0.178758,0.983763,0.0365172,-0.301435,1.43645,0.170374,-0.0661376,0.0719975,0.100262,-0.461579,0.863549,0.218745,-0.417733,0.849378,0.27509,-0.397738,0.0940889,-0.0956324,-0.335804,0.979246,-0.137937,-0.280167,1.07436,-0.258288,-0.369768,0.737701,-0.269201,-0.322607,0.0582348,-0.0343099,-0.444392,0.497482,-0.115037,-0.18306,0.978806,-0.0266641,-0.283897,1.42089,-0.176271,-0.561679,0.0609767,-0.0420381,-0.364788,0.836922,-0.213745,-0.316566,0.819325,-0.265022,-0.424763,1.21581,0.0027837
20,0.189824,-0.214583,1.44675,-0.00208986,0.00867388,0.216709,0.155119,-0.304567,0.976754,0.174784,-0.360464,1.09037,0.271492,-0.470346,0.774889,0.274239,0.0687812,0.258943,0.0926022,-0.316171,0.454321,0.205912,-0.178216,0.983716,0.0348605,-0.300094,1.43755,0.168707,-0.0694324,0.0726537,0.101242,-0.450535,0.861215,0.219127,-0.404949,0.84871,0.274882,-0.389723,0.0940259,-0.0958059,-0.336753,0.980102,-0.139482,-0.287235,1.07556,-0.260287,-0.382294,0.740243,-0.268187,-0.314496,0.0585235,-0.0342979,-0.439855,0.497198,-0.115779,-0.183103,0.979514,-0.028311,-0.286844,1.42222,-0.178163,-0.553621,0.0609449,-0.04222,-0.374433,0.839537,-0.213282,-0.327716,0.821094,-0.265488,-0.425552,1.21682,0.00203162
21,0.199814,-0.215102,1.44811,-0.00472676,0.00177152,0.225023,0.15322,-0.303242,0.977786,0.173777,-0.354106,1.09075,0.269582,-0.455398,0.772418,0.275148,0.0574001,0.270008,0.0900329,-0.327431,0.456262,0.206277,-0.177673,0.983786,0.0332836,-0.298639,1.43861,0.167178,-0.0723971,0.0742771,0.102599,-0.439323,0.859194,0.219433,-0.392253,0.848152,0.274295,-0.38167,0.0939433,-0.0959923,-0.337361,0.981063,-0.140895,-0.294359,1.07681,-0.262248,-0.394922,0.742933,-0.266971,-0.306361,0.0587422,-0.0341823,-0.435207,0.496912,-0.11641,-0.182947,0.980364,-0.0298855,-0.289919,1.42352,-0.179962,-0.54548,0.0608012,-0.042424,-0.384094,0.842276,-0.212778,-0.338957,0.822976,-0.265915,-0.426059,1.21778,0.00143565
22,0.209805,-0.215578,1.44955,-0.00725069,-0.00571505,0.2326,0.151191,-0.302138,0.978914,0.172539,-0.347594,1.09111,0.267827,-0.440514,0.77035,0.275845,0.0477114,0.278026,0.0860463,-0.338374,0.458745,0.206549,-0.177083,0.984096,0.0317111,-0.297025,1.43963,0.165769,-0.0766863,0.0785866,0.104344,-0.427996,0.857481,0.219631,-0.379644,0.847792,0.273695,-0.373577,0.0938638,-0.0962289,-0.337639,0.982068,-0.14218,-0.301527,1.07811,-0.264172,-0.40752,0.745864,-0.265799,-0.298515,0.0585443,-0.0343441,-0.430363,0.496589,-0.116899,-0.182659,0.981362,-0.0313908,-0.292847,1.42476,-0.181555,-0.537379,0.060725,-0.042543,-0.393761,0.845104,-0.212225,-0.350293,0.824984,-0.266334,-0.42616,1.21877,0.00104609
23,0.219796,-0.215986,1.45101,-0.00967686,-0.0132719,0.239689,0.148898,-0.301267,0.980307,0.171152,-0.340939,1.09143,0.266208,-0.425756,0.768665,0.276311,0.0390194,0.283848,0.081327,-0.348916,0.461642,0.206739,-0.176452,0.984739,0.0301717,-0.295275,1.44059,0.164449,-0.0837434,0.0843585,0.106792,-0.416561,0.855934,0.219616,-0.367023,0.847691,0.273117,-0.365509,0.093855,-0.0963807,-0.338337,0.982673,-0.143563,-0.308721,1.07949,-0.266041,-0.420066,0.749053,-0.264671,-0.290684,0.0583582,-0.0345231,-0.4252,0.496227,-0.117274,-0.182314,0.982532,-0.0328548,-0.295585,1.42596,-0.182927,-0.529321,0.0606546,-0.0425504,-0.403399,0.848025,-0.21163,-0.361619,0.827141,-0.266774,-0.4258,1.21981,0.000939366
24,0.229786,-0.216343,1.45244,-0.0119957,-0.0212185,0.245963,0.146462,-0.300535,0.982078,0.169934,-0.334056,1.09178,0.264737,-0.411184,0.767347,0.276538,0.0300269,0.288085,0.0765965,-0.358996,0.464849,0.206886,-0.175857,0.985762,0.0286655,-0.293422,1.44152,0.163214,-0.0932772,0.0900099,0.109758,-0.405066,0.854664,0.219554,-0.354414,0.847742,0.272332,-0.357504,0.0939127,-0.0963984,-0.338471,0.983478,-0.144884,-0.316005,1.081,-0.267768,-0.432713,0.752495,-0.263624,-0.282544,0.0584613,-0.0345828,-0.419683,0.495844,-0.117593,-0.182009,0.983935,-0.0343824,-0.298284,1.4272,-0.184192,-0.521285,0.0605412,-0.042497,-0.412983,0.851071,-0.211008,-0.372842,0.829502,-0.267212,-0.425388,1.22088,0.0010825
25,0.239777,-0.216598,1.45386,-0.0141989,-0.0299287,0.250875,0.144043,-0.299826,0.984062,0.168712,-0.326822,1.09231,0.263494,-0.396851,0.766367,0.27652,0.0204226,0.290676,0.0720738,-0.368518,0.468273,0.207043,-0.17527,0.987154,0.027202,-0.291548,1.44243,0.162059,-0.104264,0.0948098,0.112729,-0.393526,0.853704,0.219463,-0.341888,0.847959,0.271326,-0.349519,0.094057,-0.0962927,-0.337339,0.98483,-0.145954,-0.323464,1.08266,-0.269273,-0.44541,0.756178,-0.262633,-0.274568,0.0584597,-0.0346516,-0.413715,0.49547,-0.117832,-0.181748,0.985536,-0.0359556,-0.300907,1.42851,-0.185371,-0.513234,0.0605113,-0.0425945,-0.422433,0.854264,-0.210362,-0.383978,0.832086,-0.267582,-0.424874,1.22194,0.00150728
26,0.249768,-0.216801,1.45524,-0.0162677,-0.0395158,0.254243,0.14175,-0.298938,0.98624,0.167423,-0.319371,1.0929,0.262344,-0.3828,0.765691,0.276268,0.0101985,0.29163,0.0678643,-0.377567,0.471857,0.207127,-0.174743,0.988845,0.0258023,-0.289687,1.44332,0.16097,-0.116005,0.0983644,0.11541,-0.382045,0.853049,0.21914,-0.329511,0.848321,0.270205,-0.341582,0.09413,-0.0961678,-0.335879,0.986177,-0.14698,-0.331078,1.08447,-0.270545,-0.457877,0.760123,-0.261568,-0.266796,0.0583958,-0.0346365,-0.407384,0.495116,-0.117973,-0.181311,0.986989,-0.0373025,-0.303301,1.42986,-0.186397,-0.505188,0.0605428,-0.0426973,-0.43179,0.857608,-0.209684,-0.395098,0.834853,-0.267831,-0.424195,1.22297,0.00216809
27,0.259759,-0.217049,1.45658,-0.0182244,-0.0499694,0.256159,0.139665,-0.298047,0.988584,0.166026,-0.31171,1.09349,0.261245,-0.369069,0.76528,0.275788,-0.000631513,0.291261,0.0642308,-0.386172,0.475644,0.207011,-0.174276,0.990688,0.0245523,-0.287752,1.44418,0.15989,-0.128476,0.100631,0.117682,-0.370703,0.852674,0.218567,-0.317328,0.848872,0.269075,-0.333606,0.0941569,-0.0960846,-0.33508,0.986937,-0.148171,-0.33852,1.08648,-0.271725,-0.470114,0.764302,-0.260477,-0.258722,0.0584954,-0.034643,-0.400869,0.494811,-0.118115,-0.180709,0.98827,-0.0384263,-0.305438,1.43126,-0.187294,-0.497184,0.0606252,-0.042681,-0.44108,0.861101,-0.208965,-0.406113,0.837841,-0.268006,-0.423371,1.22397,0.00301471
28,0.269749,-0.21729,1.45785,-0.0201064,-0.0611626,0.256688,0.137822,-0.297826,0.990893,0.164433,-0.303807,1.09415,0.260218,-0.35565,0.765084,0.275061,-0.0118937,0.289649,0.0612071,-0.394388,0.479584,0.206714,-0.173839,0.9925,0.0234319,-0.285611,1.44503,0.158727,-0.142069,0.101556,0.119258,-0.35946,0.852531,0.217972,-0.305323,0.849581,0.26792,-0.325583,0.0941862,-0.0960617,-0.334525,0.987353,-0.149438,-0.345778,1.08866,-0.27279,-0.482259,0.768709,-0.259454,-0.250441,0.0586622,-0.0347778,-0.394499,0.494525,-0.118357,-0.180104,0.989543,-0.0394975,-0.307322,1.43269,-0.188097,-0.489175,0.060685,-0.0425653,-0.450255,0.864745,-0.208214,-0.416975,0.841067,-0.268115,-0.422482,1.22492,0.00401054
29,0.27974,-0.2175,1.45902,-0.0218847,-0.0728858,0.255766,0.136143,-0.297264,0.993208,0.162847,-0.295642,1.09499,0.259318,-0.342592,0.765065,0.274169,-0.0233806,0.286759,0.058808,-0.402497,0.483409,0.206487,-0.173345,0.994219,0.0223782,-0.283356,1.44586,0.157489,-0.156612,0.101564,0.120185,-0.348353,0.852598,0.217353,-0.293514,0.850402,0.266694,-0.31755,0.0942273,-0.0960507,-0.3339,0.98764,-0.150689,-0.352857,1.09096,-0.27372,-0.494158,0.773274,-0.258393,-0.242579,0.058646,-0.0348524,-0.388146,0.494229,-0.118609,-0.179538,0.990762,-0.0405322,-0.309065,1.43416,-0.188843,-0.481117,0.0605663,-0.0425198,-0.459301,0.868522,-0.207448,-0.427701,0.844458,-0.268154,-0.421508,1.22583,0.00504991
30,0.289731,-0.217701,1.46008,-0.0235899,-0.0851292,0.253548,0.134777,-0.296452,0.995388,0.161281,-0.287372,1.09586,0.258416,-0.329835,0.765199,0.273258,-0.0350392,0.282586,0.0570522,-0.410203,0.487166,0.2061,-0.172671,0.99572,0.0214129,-0.281281,1.44662,0.156305,-0.172082,0.100851,0.120779,-0.337422,0.852832,0.216733,-0.2819,0.851291,0.265357,-0.309535,0.0942869,-0.0960559,-0.333132,0.987871,-0.151881,-0.359724,1.09333,-0.274512,-0.505758,0.777966,-0.257289,-0.234763,0.0586686,-0.0347021,-0.38175,0.493917,-0.118877,-0.178979,0.991865,-0.0414378,-0.310867,1.43566,-0.189581,-0.473057,0.0604786,-0.0425355,-0.468286,0.872395,-0.206652,-0.438192,0.847992,-0.268099,-0.420423,1.22668,0.00609386
31,0.299721,-0.217838,1.46105,-0.0252259,-0.0977635,0.250147,0.133788,-0.295643,0.99746,0.159897,-0.279112,1.09669,0.257442,-0.317316,0.76544,0.272444,-0.0468634,0.277163,0.0558504,-0.417418,0.49085,0.205472,-0.171826,0.996957,0.0205638,-0.279335,1.44727,0.155183,-0.188562,0.0995246,0.121149,-0.326812,0.853183,0.216336,-0.270464,0.852216,0.263892,-0.30154,0.0943345,-0.0960814,-0.332348,0.988013,-0.153014,-0.366324,1.09573,-0.27522,-0.517097,0.782753,-0.256146,-0.226717,0.0587531,-0.0345951,-0.375299,0.4936,-0.11921,-0.178372,0.992825,-0.0422057,-0.312601,1.43711,-0.190206,-0.46495,0.0605334,-0.0427047,-0.477212,0.87635,-0.205826,-0.448417,0.851645,-0.267973,-0.419236,1.22747,0.00712665
32,0.309712,-0.217869,1.46194,-0.0268088,-0.110693,0.245594,0.133145,-0.294783,0.99929,0.158508,-0.270904,1.09746,0.256408,-0.305048,0.765707,0.27167,-0.0588038,0.27047,0.0551052,-0.424103,0.494354,0.204699,-0.170817,0.997963,0.0198125,-0.277433,1.44781,0.154088,-0.206103,0.0977109,0.121346,-0.316574,0.853585,0.21628,-0.259158,0.853104,0.262356,-0.293524,0.0943746,-0.0961517,-0.331502,0.98812,-0.154073,-0.372621,1.09806,-0.27586,-0.528184,0.787567,-0.254966,-0.218419,0.0589923,-0.034551,-0.368805,0.493269,-0.119597,-0.177691,0.993628,-0.0429004,-0.314328,1.43848,-0.190743,-0.45688,0.0606403,-0.0427534,-0.485938,0.880363,-0.204983,-0.458391,0.855383,-0.267722,-0.417965,1.22818,0.00811199
33,0.319703,-0.217951,1.4627,-0.0282659,-0.124108,0.239879,0.132681,-0.293866,1.00084,0.157131,-0.262571,1.09828,0.255531,-0.292945,0.766006,0.270762,-0.0709767,0.262572,0.0547881,-0.430288,0.497604,0.20386,-0.16972,0.998784,0.0191543,-0.275559,1.4482,0.153027,-0.224981,0.0956008,0.121224,-0.306735,0.854001,0.216282,-0.24808,0.854097,0.26071,-0.285461,0.0943844,-0.0963296,-0.330388,0.988291,-0.155122,-0.37859,1.10028,-0.276464,-0.538992,0.792399,-0.253717,-0.20984,0.05947,-0.0346638,-0.362273,0.492906,-0.12005,-0.176904,0.994294,-0.0435224,-0.315964,1.43971,-0.191135,-0.448906,0.0607992,-0.0426507,-0.494466,0.884392,-0.204054,-0.468153,0.859076,-0.267157,-0.416641,1.22877,0.00901287
34,0.329694,-0.218105,1.46327,-0.0295669,-0.137867,0.233323,0.132384,-0.293225,1.00208,0.156012,-0.25426,1.09909,0.254672,-0.280991,0.766328,0.2696,-0.0835776,0.253498,0.0548478,-0.436027,0.50066,0.202873,-0.16855,0.999475,0.0185642,-0.273757,1.44841,0.152033,-0.245043,0.0935834,0.121119,-0.297007,0.854426,0.216016,-0.237278,0.855186,0.258994,-0.277424,0.0943673,-0.0964469,-0.32902,0.988388,-0.156166,-0.384249,1.10236,-0.277039,-0.549469,0.797309,-0.252321,-0.200859,0.0603823,-0.0348605,-0.355697,0.492523,-0.120552,-0.175989,0.994866,-0.0440444,-0.317524,1.44078,-0.191385,-0.440898,0.0607716,-0.0427016,-0.50283,0.88839,-0.203032,-0.47754,0.862727,-0.266607,-0.415375,1.22921,0.00975448
35,0.339684,-0.218281,1.46368,-0.0307575,-0.15229,0.225847,0.132256,-0.292552,1.00304,0.155027,-0.246097,1.09982,0.25374,-0.269538,0.766694,0.268394,-0.0967567,0.243318,0.0551419,-0.441299,0.503527,0.201788,-0.167414,0.999994,0.0180603,-0.27201,1.44843,0.15113,-0.266125,0.0918284,0.121198,-0.287062,0.854794,0.215334,-0.226812,0.855966,0.257468,-0.269443,0.094351,-0.0964878,-0.327607,0.988298,-0.157117,-0.389596,1.10428,-0.27762,-0.559696,0.802103,-0.250876,-0.193696,0.0598495,-0.034837,-0.349057,0.492123,-0.121056,-0.174977,0.995293,-0.0444855,-0.319044,1.44169,-0.191546,-0.432819,0.0605466,-0.0428999,-0.511009,0.892357,-0.202048,-0.486771,0.866064,-0.265903,-0.414342,1.22944,0.0102324
36,0.349675,-0.218271,1.46412,-0.0318729,-0.167485,0.217592,0.13231,-0.291738,1.00376,0.154121,-0.238148,1.10042,0.252735,-0.258897,0.766867,0.26728,-0.110479,0.232339,0.0553523,-0.446051,0.506196,0.200655,-0.166264,1.0003,0.0176455,-0.270325,1.44826,0.150311,-0.287449,0.089446,0.12094,-0.277438,0.855076,0.214622,-0.216687,0.856473,0.256056,-0.261536,0.0943694,-0.0965085,-0.326194,0.988105,-0.157952,-0.394675,1.10599,-0.278202,-0.569646,0.806774,-0.249366,-0.186189,0.0595629,-0.0347649,-0.342403,0.491655,-0.121481,-0.173903,0.995544,-0.0448443,-0.320591,1.44246,-0.191681,-0.42482,0.0604445,-0.0430142,-0.518997,0.896265,-0.201074,-0.495738,0.869281,-0.265244,-0.413647,1.22944,0.0104013
37,0.359666,-0.218385,1.46439,-0.0328791,-0.183207,0.208947,0.132483,-0.290901,1.00421,0.153375,-0.230393,1.10088,0.251683,-0.248586,0.767021,0.266103,-0.124751,0.220926,0.0557659,-0.450296,0.50863,0.199502,-0.165119,1.00038,0.0172747,-0.268702,1.44793,0.149608,-0.308951,0.0865574,0.120591,-0.268146,0.855252,0.213883,-0.206922,0.856919,0.254533,-0.253634,0.0944207,-0.096531,-0.324852,0.987911,-0.158678,-0.399514,1.10749,-0.278796,-0.579319,0.811358,-0.247763,-0.177947,0.0598243,-0.0346878,-0.335781,0.491173,-0.12181,-0.172814,0.995619,-0.0451839,-0.3221,1.44304,-0.191736,-0.416901,0.060544,-0.0429489,-0.526756,0.900088,-0.200065,-0.504372,0.872439,-0.264513,-0.41325,1.22922,0.0102463
38,0.369656,-0.218648,1.4645,-0.0337492,-0.199385,0.200021,0.132784,-0.290064,1.00442,0.152799,-0.222753,1.10122,0.2507,-0.238567,0.767166,0.264906,-0.139866,0.208931,0.0563506,-0.454028,0.510762,0.198286,-0.164035,1.00026,0.0169131,-0.267113,1.44742,0.149039,-0.330873,0.083547,0.120539,-0.259131,0.855347,0.213054,-0.197366,0.857294,0.253018,-0.245722,0.0944762,-0.0965582,-0.323615,0.987582,-0.159298,-0.404096,1.10879,-0.279292,-0.588705,0.815838,-0.2461,-0.16988,0.0599821,-0.0346713,-0.329185,0.490717,-0.122049,-0.17171,0.995523,-0.0455241,-0.323565,1.44345,-0.191713,-0.409014,0.0607074,-0.0428121,-0.534268,0.903797,-0.199023,-0.512675,0.875484,-0.263677,-0.413038,1.22883,0.00985657
39,0.379647,-0.218777,1.46464,-0.0345204,-0.216124,0.1908,0.133308,-0.289,1.00449,0.152341,-0.215453,1.10144,0.24951,-0.228805,0.767196,0.263716,-0.156051,0.19617,0.0570421,-0.457236,0.512554,0.196966,-0.162999,1.00001,0.0165353,-0.265502,1.44676,0.148595,-0.353205,0.0807309,0.120639,-0.250324,0.855322,0.212155,-0.188032,0.85763,0.251427,-0.237755,0.0945686,-0.0965142,-0.322596,0.987174,-0.159738,-0.408493,1.10992,-0.279733,-0.59778,0.820196,-0.244395,-0.161817,0.0602044,-0.0346695,-0.322875,0.490258,-0.122293,-0.170644,0.995319,-0.0458691,-0.324992,1.4437,-0.191604,-0.401001,0.0606517,-0.0428747,-0.541545,0.907367,-0.197952,-0.520875,0.878521,-0.262604,-0.41294,1.22832,0.00933305
40,0.389638,-0.218969,1.46465,-0.0351584,-0.233351,0.181378,0.134163,-0.28782,1.00443,0.151992,-0.208456,1.10156,0.248342,-0.219256,0.767157,0.262504,-0.173246,0.182877,0.0578941,-0.459924,0.514017,0.195512,-0.16201,0.999694,0.0161462,-0.263896,1.44597,0.148242,-0.375913,0.0783963,0.121081,-0.241766,0.855211,0.211208,-0.178862,0.85788,0.249839,-0.229731,0.0946588,-0.0964713,-0.321769,0.986728,-0.160044,-0.412726,1.11091,-0.280121,-0.606512,0.824418,-0.242654,-0.153225,0.0608916,-0.034563,-0.316652,0.489807,-0.12245,-0.169641,0.995062,-0.0462298,-0.326406,1.44377,-0.19142,-0.392911,0.0604507,-0.0430418,-0.548528,0.910792,-0.19685,-0.528728,0.881382,-0.261489,-0.412892,1.22771,0.00881058
41,0.399629,-0.219209,1.46449,-0.0356729,-0.251023,0.172033,0.135039,-0.286623,1.00428,0.151736,-0.201755,1.10161,0.247245,-0.209898,0.767096,0.261271,-0.191087,0.169847,0.0586172,-0.462097,0.515137,0.193959,-0.16101,0.999338,0.0157481,-0.262592,1.44503,0.147915,-0.398855,0.076542,0.121933,-0.233488,0.85504,0.210225,-0.17027,0.858067,0.248066,-0.221654,0.094667,-0.0964274,-0.321078,0.98628,-0.160256,-0.416806,1.11178,-0.280425,-0.614861,0.828525,-0.240893,-0.145753,0.0605478,-0.034618,-0.31047,0.48936,-0.122495,-0.168733,0.994783,-0.0465752,-0.327773,1.4437,-0.19117,-0.384849,0.0604095,-0.0430754,-0.555207,0.91409,-0.195707,-0.53619,0.884055,-0.260363,-0.412821,1.22706,0.00841523
42,0.409619,-0.219458,1.46422,-0.0361033,-0.269143,0.16293,0.135906,-0.285448,1.00402,0.151543,-0.195386,1.1016,0.246164,-0.200756,0.767038,0.260022,-0.209684,0.157105,0.0592667,-0.463692,0.51589,0.192343,-0.16005,0.998951,0.0153626,-0.261247,1.44402,0.147682,-0.421894,0.0751356,0.123141,-0.225536,0.854787,0.209235,-0.161951,0.858218,0.246315,-0.213519,0.0945967,-0.0963363,-0.320501,0.985827,-0.160407,-0.420741,1.11255,-0.280608,-0.62279,0.832505,-0.239107,-0.138051,0.0603738,-0.0346653,-0.304424,0.488891,-0.122467,-0.16791,0.994491,-0.0469133,-0.32907,1.44351,-0.190852,-0.376739,0.0604521,-0.0430838,-0.561577,0.917238,-0.194539,-0.543297,0.886565,-0.259205,-0.412655,1.22642,0.00821974
43,0.41961,-0.219696,1.46384,-0.0364591,-0.287724,0.154112,0.136727,-0.28438,1.00366,0.151428,-0.189489,1.10152,0.244859,-0.191867,0.766945,0.258746,-0.229028,0.144467,0.0598396,-0.464663,0.516249,0.190687,-0.159157,0.998536,0.0149936,-0.259841,1.44297,0.147546,-0.444932,0.0742613,0.124621,-0.218011,0.854437,0.208273,-0.153829,0.858345,0.244622,-0.205437,0.0944612,-0.0962066,-0.320045,0.985346,-0.160515,-0.424526,1.11325,-0.280677,-0.630322,0.836329,-0.237336,-0.130095,0.0603822,-0.034741,-0.298499,0.488418,-0.122366,-0.167189,0.994184,-0.0472579,-0.330307,1.44322,-0.190467,-0.368638,0.0603776,-0.0431706,-0.567619,0.920204,-0.193353,-0.55004,0.888942,-0.258,-0.412528,1.22578,0.0083268
44,0.429601,-0.219924,1.46336,-0.0367116,-0.306851,0.145537,0.137146,-0.283399,1.00317,0.151279,-0.18395,1.10136,0.243601,-0.183208,0.766801,0.257487,-0.248888,0.132111,0.0604559,-0.465021,0.516255,0.189036,-0.158388,0.998102,0.0146129,-0.258625,1.44184,0.147472,-0.467932,0.0741147,0.126349,-0.210882,0.854026,0.207314,-0.146043,0.858482,0.242816,-0.197762,0.0948779,-0.0961106,-0.319684,0.984697,-0.160631,-0.428164,1.11387,-0.280636,-0.637494,0.839883,-0.235644,-0.122073,0.0604739,-0.0348345,-0.292734,0.487963,-0.122187,-0.166572,0.993853,-0.047583,-0.331446,1.44282,-0.189999,-0.360668,0.0603747,-0.0431483,-0.573301,0.922966,-0.19215,-0.55641,0.891174,-0.256764,-0.412179,1.22507,0.00874234
45,0.439591,-0.220126,1.46276,-0.0368353,-0.326286,0.137336,0.137503,-0.282515,1.00255,0.151058,-0.178847,1.10115,0.242353,-0.174759,0.766625,0.25627,-0.269136,0.120259,0.0611725,-0.464813,0.515915,0.187296,-0.157713,0.997688,0.0142847,-0.257333,1.44064,0.147471,-0.490829,0.0748775,0.128276,-0.20355,0.853574,0.20621,-0.138555,0.858593,0.24105,-0.19012,0.095366,-0.0960067,-0.319354,0.983815,-0.160752,-0.431625,1.11438,-0.28047,-0.644235,0.843261,-0.233981,-0.114218,0.0605341,-0.0347846,-0.287127,0.487536,-0.121929,-0.166074,0.993518,-0.0478155,-0.332501,1.44234,-0.189443,-0.352754,0.0602769,-0.0432524,-0.578624,0.925534,-0.19094,-0.562393,0.893252,-0.255492,-0.411872,1.22422,0.00945233
46,0.449582,-0.220355,1.46203,-0.0368033,-0.345688,0.129955,0.138487,-0.281738,1.0018,0.150829,-0.174184,1.10086,0.241187,-0.166544,0.766438,0.255029,-0.289664,0.109087,0.0620639,-0.464032,0.515226,0.185374,-0.157157,0.997248,0.0140413,-0.256164,1.43942,0.147551,-0.513467,0.0764748,0.130273,-0.196643,0.853046,0.205151,-0.131464,0.858736,0.23918,-0.182123,0.0953161,-0.0961,-0.31919,0.982922,-0.160818,-0.434831,1.11478,-0.280137,-0.650533,0.84645,-0.23231,-0.106636,0.0603447,-0.0347936,-0.281715,0.487094,-0.121637,-0.165794,0.993176,-0.047986,-0.333488,1.44178,-0.188821,-0.34492,0.0602087,-0.043351,-0.583598,0.927891,-0.189681,-0.567977,0.895151,-0.254172,-0.411352,1.22317,0.0103822
47,0.459573,-0.220569,1.46117,-0.0366222,-0.365443,0.123145,0.139306,-0.281067,1.00092,0.150746,-0.17001,1.10049,0.239979,-0.158558,0.7662,0.253812,-0.31055,0.0988552,0.0631209,-0.462557,0.514116,0.183315,-0.156727,0.996711,0.0138779,-0.25514,1.43815,0.147749,-0.535719,0.0787816,0.132274,-0.190495,0.85239,0.204289,-0.124662,0.858807,0.237426,-0.174068,0.0953294,-0.096278,-0.319359,0.982267,-0.160742,-0.437818,1.11508,-0.279707,-0.65634,0.849383,-0.230629,-0.0988167,0.0603418,-0.0348765,-0.276499,0.486614,-0.12136,-0.165792,0.992806,-0.048164,-0.334426,1.44115,-0.188104,-0.337033,0.0601453,-0.0433511,-0.588201,0.930026,-0.188364,-0.573161,0.89687,-0.252814,-0.410912,1.2219,0.011525
48,0.469564,-0.220744,1.46022,-0.03634,-0.38518,0.117382,0.140417,-0.280502,0.999881,0.15079,-0.166223,1.10004,0.238824,-0.150868,0.765903,0.252607,-0.331776,0.089782,0.0642588,-0.460553,0.51261,0.181156,-0.156394,0.996087,0.0137955,-0.254222,1.43687,0.148055,-0.557563,0.0816942,0.13428,-0.185085,0.851575,0.20361,-0.118214,0.858774,0.235851,-0.166153,0.0954829,-0.0962369,-0.319413,0.981527,-0.160643,-0.440548,1.11524,-0.279165,-0.661682,0.852023,-0.228968,-0.0909273,0.0604866,-0.0348441,-0.271578,0.486093,-0.121114,-0.165639,0.992368,-0.0482415,-0.335311,1.44044,-0.187307,-0.329154,0.0601583,-0.0432675,-0.592433,0.931908,-0.187013,-0.577969,0.89841,-0.25145,-0.410582,1.22047,0.0128645
49,0.479554,-0.220932,1.45916,-0.0359424,-0.404834,0.112648,0.141635,-0.280015,0.998637,0.150943,-0.162782,1.09947,0.237771,-0.143594,0.765486,0.251346,-0.353433,0.0817799,0.0652968,-0.458223,0.510776,0.178939,-0.156114,0.995398,0.0137495,-0.253412,1.43556,0.148458,-0.578947,0.0852297,0.136206,-0.179622,0.850745,0.202915,-0.112246,0.858723,0.234209,-0.158213,0.0957972,-0.0959209,-0.31943,0.980404,-0.160489,-0.443062,1.11522,-0.278553,-0.666623,0.854414,-0.227367,-0.0828596,0.0608082,-0.0348666,-0.267067,0.485547,-0.120941,-0.165436,0.991834,-0.0482416,-0.336132,1.43962,-0.186441,-0.321283,0.0601717,-0.0431455,-0.596279,0.933519,-0.185678,-0.582376,0.899706,-0.25011,-0.410081,1.21898,0.0143166
50,0.489545,-0.22113,1.45803,-0.0354567,-0.424256,0.108994,0.14273,-0.279586,0.99719,0.151183,-0.15974,1.09876,0.236805,-0.136694,0.764962,0.250088,-0.375043,0.0750201,0.0660504,-0.455754,0.50873,0.176695,-0.155839,0.994674,0.0137111,-0.252741,1.4342,0.148969,-0.599651,0.0894886,0.137961,-0.174129,0.849888,0.202135,-0.106717,0.858637,0.232571,-0.150242,0.0961672,-0.0955918,-0.319843,0.978946,-0.160167,-0.44525,1.115,-0.277842,-0.671175,0.856536,-0.225795,-0.0747221,0.0612026,-0.0348325,-0.262938,0.485009,-0.120862,-0.165649,0.991219,-0.0483069,-0.336899,1.43872,-0.185511,-0.313285,0.0599361,-0.043243,-0.599807,0.934876,-0.18434,-0.586382,0.900758,-0.248777,-0.40948,1.21756,0.0158265
51,0.499536,-0.221346,1.45683,-0.0348606,-0.443104,0.10643,0.143812,-0.279255,0.99555,0.15149,-0.157107,1.09791,0.235947,-0.130102,0.764385,0.24898,-0.395523,0.0700697,0.0671727,-0.453315,0.506559,0.174421,-0.155513,0.993881,0.0137009,-0.252189,1.4328,0.149592,-0.619397,0.0945889,0.139264,-0.16886,0.848943,0.201363,-0.101573,0.858434,0.231145,-0.142508,0.0963558,-0.0955052,-0.320119,0.977344,-0.159865,-0.447096,1.11457,-0.277038,-0.675308,0.858348,-0.224212,-0.0666663,0.0613738,-0.0348441,-0.259128,0.48449,-0.120904,-0.165787,0.990543,-0.0483045,-0.337653,1.43771,-0.184517,-0.305197,0.0597289,-0.0436012,-0.603044,0.935983,-0.182993,-0.59004,0.901599,-0.247343,-0.408933,1.21626,0.0173539
52,0.509526,-0.221598,1.45556,-0.0341801,-0.46097,0.105013,0.14509,-0.279104,0.993772,0.151868,-0.154879,1.09694,0.235219,-0.123971,0.7637,0.24786,-0.414566,0.0665791,0.0686432,-0.451059,0.504319,0.172211,-0.15524,0.992963,0.0137269,-0.251757,1.43138,0.150338,-0.637924,0.100707,0.139927,-0.164492,0.847778,0.200851,-0.0969012,0.858142,0.22981,-0.134877,0.096515,-0.0955294,-0.320248,0.975649,-0.159609,-0.448707,1.11395,-0.276188,-0.678926,0.859692,-0.222626,-0.0587336,0.0615207,-0.0348075,-0.255614,0.483927,-0.121032,-0.165818,0.989757,-0.0481996,-0.338363,1.43658,-0.183441,-0.297233,0.0596157,-0.0438033,-0.605964,0.936816,-0.181633,-0.593304,0.902181,-0.245884,-0.408545,1.21507,0.018831
53,0.519517,-0.221885,1.4542,-0.0333837,-0.477662,0.104592,0.14649,-0.279167,0.991888,0.152319,-0.153031,1.09583,0.234646,-0.118371,0.762899,0.246726,-0.432288,0.0637823,0.070489,-0.449019,0.502127,0.170197,-0.155402,0.991841,0.0138434,-0.251431,1.4299,0.151193,-0.65495,0.107884,0.13974,-0.160267,0.846565,0.200358,-0.092669,0.857731,0.228648,-0.127274,0.0968434,-0.0955258,-0.320823,0.974183,-0.159245,-0.45013,1.11316,-0.275321,-0.682125,0.860673,-0.221103,-0.0509781,0.061708,-0.0348594,-0.252424,0.483249,-0.121214,-0.166168,0.988839,-0.0480655,-0.339013,1.43537,-0.182283,-0.289353,0.059573,-0.0438968,-0.608501,0.937292,-0.180321,-0.596163,0.902466,-0.244461,-0.408429,1.21393,0.0202101
54,0.529508,-0.222151,1.45279,-0.0324218,-0.49344,0.104904,0.147408,-0.279417,0.989865,0.152823,-0.151547,1.09461,0.234299,-0.113184,0.762045,0.245819,-0.448851,0.0611227,0.0728548,-0.447199,0.500014,0.168387,-0.156237,0.990411,0.0141269,-0.251202,1.42835,0.152156,-0.670261,0.116017,0.13856,-0.156548,0.84526,0.199927,-0.0889131,0.857197,0.22768,-0.11976,0.0973367,-0.0955075,-0.321635,0.97335,-0.158854,-0.451372,1.11222,-0.274393,-0.68488,0.86131,-0.219552,-0.0432029,0.0620384,-0.0348869,-0.249547,0.48244,-0.121446,-0.166498,0.987806,-0.0477839,-0.339611,1.43407,-0.181048,-0.28149,0.0595871,-0.0439456,-0.610731,0.937493,-0.179001,-0.598643,0.902428,-0.24308,-0.408618,1.21276,0.0214596
55,0.539499,-0.222404,1.45131,-0.0313117,-0.507746,0.105657,0.14856,-0.279774,0.987713,0.153358,-0.150427,1.09327,0.234152,-0.108574,0.761053,0.244994,-0.463701,0.0589144,0.0757036,-0.445646,0.497956,0.166665,-0.156895,0.988888,0.0145437,-0.251096,1.42675,0.153255,-0.683709,0.124591,0.136442,-0.15356,0.843859,0.199647,-0.0856455,0.856539,0.226897,-0.112476,0.0977318,-0.0956549,-0.322619,0.972233,-0.158329,-0.452422,1.11113,-0.273378,-0.687173,0.86153,-0.218055,-0.0355004,0.0624369,-0.0349761,-0.247015,0.481503,-0.12169,-0.167215,0.986622,-0.0474198,-0.340145,1.43267,-0.179736,-0.273761,0.0595555,-0.043917,-0.612641,0.937395,-0.177723,-0.600717,0.9021,-0.241717,-0.409085,1.21147,0.0225682
56,0.549489,-0.222672,1.44981,-0.0300475,-0.520429,0.106682,0.150044,-0.280237,0.98551,0.153893,-0.149691,1.09179,0.234209,-0.104587,0.759895,0.244177,-0.476516,0.0572328,0.0789991,-0.444374,0.496018,0.164939,-0.157327,0.987299,0.0151011,-0.251112,1.42511,0.154508,-0.695008,0.132385,0.133786,-0.151147,0.842406,0.199541,-0.0828846,0.855733,0.226339,-0.105318,0.0982268,-0.0958018,-0.323329,0.970962,-0.157828,-0.453238,1.1099,-0.272192,-0.689014,0.861317,-0.21663,-0.0275449,0.0631708,-0.0350213,-0.24478,0.480527,-0.121947,-0.167889,0.98534,-0.0468853,-0.340621,1.43125,-0.17837,-0.266068,0.0594886,-0.0439402,-0.61424,0.936977,-0.176439,-0.602367,0.901471,-0.240372,-0.409736,1.21001,0.0236174
57,0.55948,-0.222984,1.44832,-0.0286172,-0.53142,0.10783,0.151601,-0.280837,0.98342,0.154566,-0.149314,1.09018,0.234476,-0.101253,0.758616,0.243407,-0.487217,0.0558699,0.0825573,-0.443518,0.49435,0.163276,-0.157749,0.98562,0.015807,-0.251235,1.42342,0.155908,-0.704385,0.139355,0.130473,-0.148701,0.840831,0.199435,-0.0806449,0.854796,0.226017,-0.0980077,0.0986517,-0.0959657,-0.32387,0.969742,-0.157286,-0.453916,1.10859,-0.270953,-0.690421,0.860706,-0.215287,-0.0196661,0.0638515,-0.0351209,-0.242598,0.479705,-0.122195,-0.168428,0.983962,-0.0461892,-0.341028,1.42981,-0.176975,-0.258332,0.0594301,-0.0440397,-0.615342,0.936077,-0.175188,-0.603628,0.900578,-0.239035,-0.410505,1.20843,0.0246718
58,0.569471,-0.223339,1.44686,-0.0270551,-0.540546,0.108973,0.152858,-0.281514,0.981467,0.155339,-0.149286,1.08849,0.234931,-0.098421,0.757292,0.242944,-0.495964,0.0545279,0.0859569,-0.443205,0.492927,0.161932,-0.158288,0.983887,0.0166147,-0.251458,1.42171,0.157447,-0.711841,0.145027,0.126644,-0.146758,0.83926,0.19944,-0.0789283,0.853715,0.225925,-0.0907113,0.0992525,-0.0962218,-0.324447,0.968406,-0.156652,-0.454466,1.1072,-0.269628,-0.691367,0.859718,-0.214018,-0.0123237,0.0642645,-0.0352463,-0.240258,0.479098,-0.122332,-0.168968,0.982486,-0.045387,-0.341404,1.42839,-0.175541,-0.250558,0.0593529,-0.0441765,-0.61588,0.934653,-0.174,-0.604471,0.899413,-0.237704,-0.411331,1.20682,0.0257645
59,0.579461,-0.223759,1.44547,-0.0254073,-0.547501,0.109713,0.153536,-0.282225,0.979666,0.156166,-0.149574,1.08674,0.235593,-0.0962503,0.755829,0.242632,-0.502698,0.0530795,0.0885271,-0.443473,0.491659,0.16109,-0.158945,0.982153,0.0174579,-0.251803,1.42002,0.159116,-0.717278,0.148993,0.122801,-0.145178,0.837646,0.199529,-0.0777532,0.852491,0.226078,-0.0835329,0.100157,-0.0966173,-0.325157,0.966841,-0.155917,-0.454798,1.10573,-0.268158,-0.691817,0.858382,-0.212828,-0.00480383,0.065244,-0.0353945,-0.23816,0.478468,-0.122481,-0.169606,0.980934,-0.0445136,-0.341757,1.42702,-0.174069,-0.242764,0.0592679,-0.0443384,-0.616216,0.933123,-0.172787,-0.604885,0.897983,-0.236395,-0.412167,1.20529,0.0269564
60,0.589452,-0.224214,1.44414,-0.0236608,-0.551998,0.109548,0.153562,-0.282988,0.978046,0.157012,-0.150175,1.08491,0.236482,-0.0948033,0.754222,0.242435,-0.507258,0.0513611,0.0899295,-0.444661,0.490742,0.160782,-0.159682,0.980491,0.0183888,-0.252264,1.41837,0.160884,-0.720567,0.150837,0.119259,-0.144801,0.835911,0.20001,-0.0771363,0.851163,0.226525,-0.076454,0.101265,-0.0971448,-0.325939,0.965207,-0.155122,-0.454951,1.10426,-0.266631,-0.69178,0.856705,-0.211749,0.00307428,0.0669575,-0.0358346,-0.236353,0.477777,-0.122632,-0.17033,0.979405,-0.0435937,-0.342115,1.42568,-0.172556,-0.234895,0.059209,-0.044548,-0.616357,0.931536,-0.17152,-0.604821,0.896317,-0.235121,-0.413009,1.20384,0.0282619
61,0.599443,-0.224718,1.44289,-0.0218714,-0.553942,0.108198,0.153059,-0.283802,0.976642,0.157903,-0.151136,1.083,0.23758,-0.0940851,0.752515,0.242415,-0.508508,0.0498369,0.0902024,-0.446952,0.490166,0.16082,-0.16049,0.978933,0.0193653,-0.252802,1.41677,0.162718,-0.72172,0.150394,0.116294,-0.144618,0.834099,0.200526,-0.0770711,0.849721,0.227268,-0.0694106,0.102422,-0.0976956,-0.326844,0.963633,-0.154269,-0.454904,1.10279,-0.265037,-0.691222,0.854712,-0.210732,0.0105654,0.0686554,-0.0363925,-0.234758,0.477095,-0.122801,-0.171152,0.977947,-0.0426894,-0.342485,1.42441,-0.170976,-0.226987,0.0590307,-0.0448445,-0.616163,0.929769,-0.170239,-0.604274,0.894453,-0.23389,-0.413809,1.20251,0.029703
62,0.609434,-0.225273,1.44174,-0.0200346,-0.55351,0.105945,0.152203,-0.284773,0.975439,0.158885,-0.152437,1.08109,0.238845,-0.094126,0.750735,0.242568,-0.507096,0.0482929,0.0895903,-0.450107,0.489716,0.161023,-0.161458,0.977521,0.0203578,-0.253407,1.41524,0.164605,-0.720983,0.147641,0.113619,-0.144841,0.832347,0.201123,-0.0775848,0.848178,0.228288,-0.0625032,0.103761,-0.098347,-0.327921,0.961949,-0.153355,-0.454594,1.10133,-0.263316,-0.69012,0.85243,-0.209789,0.017801,0.070537,-0.0369247,-0.233428,0.47647,-0.122956,-0.172106,0.976572,-0.0417998,-0.34288,1.42325,-0.169333,-0.219045,0.058687,-0.0452319,-0.615384,0.927594,-0.169023,-0.603267,0.892432,-0.232708,-0.414553,1.2013,0.0312405
63,0.619424,-0.225858,1.44068,-0.0181403,-0.551024,0.103515,0.151123,-0.286,0.974422,0.159978,-0.154083,1.0792,0.240279,-0.0950031,0.748861,0.242838,-0.502823,0.0476465,0.0887735,-0.453599,0.4892,0.161348,-0.162641,0.976232,0.0212993,-0.254069,1.41382,0.166523,-0.718851,0.142452,0.110649,-0.145487,0.83066,0.201841,-0.0787176,0.846547,0.229598,-0.0557463,0.10529,-0.0990938,-0.329228,0.960414,-0.152405,-0.454048,1.09992,-0.261534,-0.688478,0.849874,-0.208945,0.0252191,0.0730284,-0.0375301,-0.232459,0.47589,-0.123088,-0.173229,0.975317,-0.0408849,-0.343301,1.42222,-0.167629,-0.211089,0.058411,-0.0455162,-0.614271,0.925359,-0.167785,-0.601766,0.890272,-0.231565,-0.415276,1.20018,0.0328377
64,0.629415,-0.226458,1.43972,-0.0161892,-0.547028,0.101244,0.149912,-0.287537,0.973609,0.161222,-0.156058,1.07735,0.241929,-0.0965698,0.746966,0.243426,-0.496958,0.0478005,0.0879929,-0.457152,0.488451,0.161754,-0.164079,0.975085,0.0222958,-0.25479,1.4125,0.168462,-0.715932,0.135328,0.107207,-0.14667,0.829072,0.202677,-0.080445,0.844879,0.231199,-0.0491547,0.106954,-0.0998189,-0.330736,0.959023,-0.151374,-0.453235,1.09859,-0.259747,-0.686276,0.847049,-0.208208,0.032344,0.0757968,-0.0380689,-0.231799,0.475322,-0.123166,-0.174527,0.974194,-0.0398486,-0.34375,1.42133,-0.165825,-0.203113,0.0582446,-0.0456573,-0.612661,0.922906,-0.166632,-0.599738,0.887973,-0.230494,-0.415984,1.19916,0.0344778
65,0.639406,-0.227088,1.43888,-0.0141499,-0.542458,0.0992119,0.148718,-0.289415,0.973002,0.162607,-0.158341,1.07559,0.243752,-0.0988233,0.745069,0.244321,-0.490417,0.0485247,0.087409,-0.460571,0.487446,0.162116,-0.165649,0.974159,0.0234212,-0.255589,1.4113,0.17044,-0.712823,0.127701,0.103838,-0.148805,0.827482,0.203821,-0.0827614,0.84324,0.233112,-0.042786,0.10882,-0.100524,-0.332343,0.957874,-0.150272,-0.452167,1.09734,-0.257907,-0.683484,0.843987,-0.207585,0.0391123,0.0788249,-0.0387596,-0.23143,0.474778,-0.123161,-0.176018,0.973297,-0.0386339,-0.344186,1.42057,-0.163921,-0.195116,0.0581527,-0.0456684,-0.610534,0.920259,-0.165543,-0.597201,0.885576,-0.229475,-0.416682,1.19831,0.0361389
66,0.649396,-0.227727,1.43814,-0.0120163,-0.538057,0.0975759,0.147776,-0.291678,0.97257,0.164088,-0.160941,1.07389,0.245731,-0.101772,0.743192,0.245469,-0.484193,0.0494232,0.087122,-0.463683,0.486304,0.16246,-0.1674,0.973422,0.0248533,-0.256451,1.41021,0.172472,-0.709501,0.120514,0.100747,-0.151203,0.8259,0.205034,-0.0856436,0.841665,0.235334,-0.036644,0.110916,-0.101188,-0.334168,0.957078,-0.149032,-0.450874,1.0962,-0.256015,-0.680086,0.840724,-0.206958,0.0458231,0.08227,-0.0392925,-0.231381,0.474261,-0.123062,-0.177915,0.972616,-0.0371722,-0.34458,1.41995,-0.161966,-0.187066,0.0578892,-0.0458047,-0.607932,0.917486,-0.164503,-0.594172,0.883125,-0.228513,-0.417486,1.19766,0.0378196
67,0.659387,-0.228351,1.43749,-0.00977241,-0.534094,0.0962477,0.147246,-0.294379,0.972285,0.165648,-0.163835,1.0723,0.247857,-0.105497,0.741356,0.246859,-0.478478,0.0505642,0.0871805,-0.466282,0.48523,0.162941,-0.169764,0.972684,0.0267257,-0.257382,1.40924,0.174557,-0.705936,0.113848,0.0979376,-0.154315,0.824419,0.206444,-0.089168,0.839952,0.237622,-0.0307576,0.113269,-0.101773,-0.336137,0.95752,-0.147752,-0.449349,1.0952,-0.254098,-0.676121,0.837326,-0.206394,0.0524472,0.0861735,-0.0396377,-0.23171,0.473775,-0.122867,-0.17992,0.972166,-0.0354054,-0.344903,1.41951,-0.159984,-0.178915,0.0574316,-0.046055,-0.604859,0.914636,-0.163541,-0.590603,0.880628,-0.227653,-0.418444,1.19726,0.0395065
68,0.669378,-0.228968,1.43696,-0.00742416,-0.530381,0.0949502,0.147248,-0.297494,0.972156,0.167252,-0.166975,1.07083,0.250127,-0.10996,0.739598,0.248463,-0.473032,0.051821,0.0875178,-0.468363,0.484374,0.163644,-0.172182,0.972192,0.0289292,-0.258397,1.40842,0.176694,-0.702204,0.107354,0.0956755,-0.158137,0.823025,0.208073,-0.0934136,0.838041,0.240044,-0.0251173,0.115881,-0.102088,-0.337818,0.957948,-0.146488,-0.447596,1.09436,-0.252211,-0.671575,0.833829,-0.205947,0.0587271,0.0903115,-0.0398912,-0.23249,0.473345,-0.122555,-0.181955,0.971926,-0.0332944,-0.345125,1.41931,-0.157985,-0.170658,0.0570436,-0.0460911,-0.601315,0.911753,-0.162664,-0.586516,0.878116,-0.226896,-0.419599,1.19716,0.0411355
69,0.679369,-0.229622,1.43658,-0.00496873,-0.52655,0.0935989,0.147666,-0.301006,0.97218,0.168852,-0.17037,1.0695,0.252534,-0.115124,0.737964,0.25028,-0.467717,0.053003,0.0879817,-0.470247,0.483801,0.164427,-0.174544,0.971956,0.0315049,-0.259533,1.40775,0.178889,-0.698358,0.100861,0.0942606,-0.162616,0.821713,0.209883,-0.0981785,0.836314,0.242679,-0.0197512,0.118704,-0.102353,-0.339308,0.95769,-0.145153,-0.445535,1.09369,-0.250283,-0.666446,0.830258,-0.205593,0.0648036,0.0949624,-0.0400379,-0.233761,0.47298,-0.122155,-0.184277,0.97178,-0.0308288,-0.345218,1.41935,-0.155972,-0.162496,0.0568749,-0.0459757,-0.597283,0.90884,-0.161851,-0.581937,0.875666,-0.226226,-0.420919,1.19739,0.042661
70,0.689359,-0.230328,1.43631,-0.00241574,-0.522339,0.0923166,0.14832,-0.304913,0.972312,0.170453,-0.17402,1.06833,0.255016,-0.120991,0.736494,0.252256,-0.462429,0.0539864,0.088404,-0.472296,0.483483,0.165222,-0.177161,0.971808,0.0344454,-0.26081,1.40725,0.181148,-0.694252,0.0945153,0.0938153,-0.167627,0.820533,0.21186,-0.103467,0.834616,0.2453,-0.0147043,0.121821,-0.102637,-0.340409,0.957488,-0.143885,-0.443172,1.09318,-0.248327,-0.660724,0.826668,-0.205358,0.07046,0.10001,-0.0401773,-0.235655,0.472608,-0.121763,-0.186432,0.971716,-0.0279927,-0.345163,1.41961,-0.153959,-0.154498,0.0568781,-0.0458899,-0.592761,0.905932,-0.161115,-0.576838,0.873325,-0.225642,-0.422517,1.19788,0.0441006
71,0.69935,-0.231088,1.43616,0.000223753,-0.517618,0.0913076,0.149063,-0.309136,0.972544,0.17203,-0.17793,1.06732,0.257544,-0.127532,0.735132,0.254474,-0.456708,0.055064,0.0888327,-0.474603,0.483322,0.166264,-0.179989,0.971878,0.0376233,-0.262252,1.40692,0.183456,-0.68971,0.0886427,0.0942572,-0.173166,0.81954,0.213963,-0.109222,0.832996,0.24812,-0.0101215,0.125385,-0.102773,-0.341697,0.957152,-0.142512,-0.440523,1.09284,-0.246413,-0.654427,0.823126,-0.205237,0.075628,0.105509,-0.0402461,-0.238326,0.472164,-0.121497,-0.188866,0.971721,-0.0250133,-0.345041,1.42009,-0.151966,-0.146524,0.0567535,-0.0458826,-0.587742,0.90307,-0.160468,-0.571227,0.87113,-0.225107,-0.424754,1.19855,0.0455347
72,0.709341,-0.231863,1.43612,0.00292648,-0.512286,0.0906,0.149884,-0.313515,0.972877,0.17358,-0.182094,1.06645,0.260107,-0.134768,0.733674,0.257096,-0.450295,0.0563391,0.0892553,-0.477086,0.483212,0.167624,-0.182918,0.972251,0.040834,-0.263874,1.40676,0.185779,-0.684606,0.0836291,0.09528,-0.179203,0.818689,0.2162,-0.115457,0.831464,0.251099,-0.00609797,0.129317,-0.102779,-0.343398,0.956956,-0.140948,-0.43765,1.09267,-0.244612,-0.647583,0.81966,-0.205178,0.0803671,0.111664,-0.0401215,-0.241873,0.471616,-0.121446,-0.191542,0.971787,-0.0220112,-0.344905,1.42076,-0.149984,-0.138437,0.0563479,-0.0458848,-0.582241,0.900288,-0.159895,-0.565124,0.869005,-0.224662,-0.427085,1.19933,0.0469228
73,0.719331,-0.2326,1.4362,0.00564056,-0.506339,0.0901287,0.150638,-0.317832,0.97333,0.175169,-0.186471,1.06571,0.262738,-0.142706,0.7324,0.25993,-0.443635,0.0571534,0.0895478,-0.479552,0.483145,0.169238,-0.185867,0.972868,0.0439509,-0.265642,1.40674,0.188128,-0.678836,0.0796005,0.0963428,-0.185681,0.817958,0.218595,-0.122252,0.830051,0.254011,-0.00263312,0.13325,-0.102906,-0.344959,0.956483,-0.139304,-0.434476,1.09262,-0.242847,-0.640228,0.816199,-0.205226,0.0843679,0.11839,-0.0398545,-0.246164,0.471067,-0.121578,-0.193969,0.971894,-0.0189254,-0.34475,1.4216,-0.148007,-0.130498,0.0560002,-0.0459076,-0.5763,0.897578,-0.159429,-0.558553,0.866908,-0.224344,-0.429373,1.2002,0.0482419
74,0.729322,-0.233291,1.4364,0.00832917,-0.500025,0.0898784,0.150909,-0.321962,0.97395,0.176897,-0.191166,1.06506,0.265461,-0.151245,0.731356,0.262858,-0.436441,0.0579048,0.0898838,-0.481694,0.483194,0.170974,-0.188757,0.973643,0.0469349,-0.267544,1.40687,0.190511,-0.672522,0.0764109,0.0970209,-0.192713,0.817394,0.221103,-0.129491,0.828668,0.257046,0.000135827,0.137403,-0.103051,-0.346474,0.956103,-0.137756,-0.430958,1.09264,-0.241144,-0.632436,0.812659,-0.205409,0.0875489,0.125758,-0.0394742,-0.251229,0.470545,-0.12197,-0.196366,0.972073,-0.0159294,-0.344545,1.42258,-0.146064,-0.122765,0.0557806,-0.0459319,-0.569978,0.894934,-0.159084,-0.55161,0.864914,-0.224137,-0.431926,1.20112,0.0495465
75,0.739313,-0.234013,1.43672,0.0110089,-0.493437,0.0897977,0.150812,-0.325691,0.974788,0.178785,-0.196161,1.06449,0.268296,-0.160397,0.730393,0.265987,-0.429054,0.0583985,0.0900572,-0.483282,0.483366,0.172718,-0.191517,0.974469,0.0496638,-0.269551,1.40714,0.192946,-0.665956,0.0737,0.097183,-0.20066,0.816956,0.223824,-0.137219,0.827392,0.260055,0.00207142,0.141832,-0.103256,-0.347863,0.956149,-0.136616,-0.427097,1.09269,-0.239574,-0.624184,0.809171,-0.205635,0.0898367,0.133854,-0.0390435,-0.25715,0.469928,-0.122748,-0.198584,0.972256,-0.0132225,-0.344275,1.42366,-0.144185,-0.115211,0.0556222,-0.0458946,-0.563322,0.892369,-0.158883,-0.544406,0.86316,-0.22405,-0.434394,1.20209,0.0507944
76,0.749304,-0.23479,1.43716,0.0136904,-0.486691,0.0898539,0.150482,-0.328785,0.975836,0.180671,-0.201466,1.06397,0.271231,-0.170129,0.72945,0.269409,-0.421559,0.0587152,0.0901064,-0.484266,0.48348,0.174335,-0.194149,0.975254,0.052042,-0.271707,1.40752,0.195391,-0.659322,0.0712447,0.0969127,-0.208796,0.816542,0.226606,-0.145407,0.826157,0.263199,0.00313574,0.146521,-0.103586,-0.349344,0.957024,-0.134813,-0.422753,1.0927,-0.238054,-0.615534,0.805766,-0.205941,0.0909762,0.142511,-0.0386775,-0.264046,0.469051,-0.123918,-0.200857,0.972437,-0.0108743,-0.343999,1.4248,-0.142373,-0.10805,0.0552958,-0.045973,-0.556335,0.889905,-0.158877,-0.536866,0.861478,-0.224121,-0.436695,1.20314,0.0519483
77,0.759294,-0.235629,1.43769,0.0163847,-0.479761,0.0899686,0.150081,-0.33132,0.977014,0.182577,-0.207125,1.06351,0.274193,-0.180327,0.728683,0.272926,-0.413952,0.0589342,0.0900921,-0.484712,0.483419,0.175701,-0.196512,0.975941,0.054021,-0.274117,1.40797,0.197814,-0.652559,0.0692173,0.0964899,-0.217228,0.816215,0.229428,-0.154032,0.824989,0.266458,0.00331984,0.151561,-0.103993,-0.351148,0.957792,-0.132398,-0.418059,1.09269,-0.236621,-0.606503,0.802418,-0.206419,0.0909442,0.151893,-0.0384634,-0.271853,0.467958,-0.125578,-0.202816,0.972558,-0.00883677,-0.34373,1.42597,-0.140601,-0.10141,0.0551039,-0.0461604,-0.549054,0.887561,-0.159093,-0.528896,0.859778,-0.22442,-0.438846,1.20424,0.0529999
78,0.769285,-0.236482,1.43826,0.0190692,-0.472536,0.0900595,0.149606,-0.333466,0.978201,0.184571,-0.213121,1.06315,0.277214,-0.191024,0.728091,0.276539,-0.406266,0.0590846,0.0899805,-0.484677,0.483244,0.176822,-0.198575,0.976516,0.0556836,-0.27669,1.4085,0.200165,-0.645511,0.0678684,0.0962493,-0.226127,0.816003,0.232332,-0.163094,0.823896,0.269803,0.00268275,0.157025,-0.104432,-0.35259,0.957811,-0.130018,-0.413177,1.09273,-0.235286,-0.597058,0.799097,-0.20712,0.0897935,0.162075,-0.0383822,-0.280209,0.46698,-0.127536,-0.204751,0.972609,-0.00714688,-0.343485,1.42711,-0.138819,-0.0953602,0.055371,-0.0463918,-0.541512,0.885287,-0.159533,-0.520496,0.858091,-0.224839,-0.440825,1.20538,0.0539595
79,0.779276,-0.23734,1.43883,0.0217011,-0.465281,0.0900883,0.148872,-0.335322,0.979294,0.186611,-0.219436,1.06288,0.280334,-0.202246,0.727633,0.280248,-0.398515,0.059177,0.0898615,-0.484164,0.482952,0.177759,-0.200448,0.976895,0.0572066,-0.279119,1.40915,0.202496,-0.638254,0.0668814,0.0960738,-0.235502,0.815923,0.235353,-0.172604,0.822911,0.27323,0.00139212,0.163103,-0.104695,-0.353509,0.958094,-0.128268,-0.408193,1.09284,-0.234008,-0.587233,0.795779,-0.208065,0.0876078,0.173085,-0.0383633,-0.289179,0.466081,-0.129455,-0.206339,0.972543,-0.00565823,-0.343223,1.42816,-0.137005,-0.0901239,0.0563138,-0.046665,-0.533723,0.883022,-0.16018,-0.511754,0.85649,-0.225343,-0.44254,1.20651,0.0548022
80,0.789266,-0.238187,1.43938,0.0242947,-0.457977,0.0901567,0.148128,-0.336945,0.980248,0.188657,-0.22606,1.06269,0.283524,-0.213965,0.72732,0.284022,-0.390679,0.0593182,0.0898353,-0.483121,0.482416,0.178625,-0.202146,0.977054,0.0587597,-0.281663,1.40984,0.204751,-0.630919,0.0660764,0.0958354,-0.245301,0.815979,0.238468,-0.182563,0.822029,0.276748,-0.000533602,0.169702,-0.104987,-0.354262,0.95865,-0.12648,-0.403089,1.09299,-0.232779,-0.577072,0.792445,-0.209291,0.084463,0.184886,-0.0383962,-0.29867,0.465168,-0.131086,-0.207735,0.972376,-0.00415442,-0.342934,1.42913,-0.135244,-0.0858364,0.0579522,-0.046911,-0.525699,0.880761,-0.161044,-0.502654,0.854875,-0.225953,-0.443915,1.20757,0.0555366
81,0.799257,-0.238978,1.4399,0.0268666,-0.450543,0.0902283,0.147531,-0.338402,0.981059,0.190663,-0.232993,1.06259,0.286737,-0.226104,0.727186,0.287836,-0.382664,0.0595824,0.0899187,-0.481417,0.481634,0.179443,-0.203595,0.977069,0.0604001,-0.284217,1.41058,0.206973,-0.623471,0.0654939,0.0956082,-0.255504,0.816154,0.241619,-0.192959,0.821253,0.280347,-0.00316708,0.17684,-0.105284,-0.355133,0.95897,-0.124539,-0.397797,1.09309,-0.231573,-0.566562,0.789097,-0.210809,0.0802914,0.197349,-0.0384446,-0.308586,0.464296,-0.132299,-0.20885,0.972115,-0.00256607,-0.342503,1.43,-0.133536,-0.0824553,0.0602181,-0.0472569,-0.517429,0.878514,-0.162188,-0.493264,0.853226,-0.226707,-0.445249,1.20852,0.0562386
82,0.809248,-0.239463,1.44057,0.0294417,-0.442948,0.0902647,0.147135,-0.339729,0.981748,0.192604,-0.240216,1.06256,0.290001,-0.238657,0.727212,0.291699,-0.374777,0.0597271,0.0898262,-0.479017,0.480785,0.180257,-0.204751,0.976989,0.0621284,-0.28681,1.41138,0.209167,-0.615874,0.0651595,0.0954988,-0.266044,0.816451,0.244764,-0.203783,0.820586,0.284016,-0.00655698,0.184569,-0.105447,-0.355741,0.959229,-0.122456,-0.392325,1.09313,-0.230406,-0.555754,0.785747,-0.212627,0.0749899,0.210341,-0.0383114,-0.318918,0.463599,-0.133159,-0.209584,0.971764,-0.000911396,-0.341765,1.43077,-0.131897,-0.0801809,0.0632916,-0.0477426,-0.509153,0.876281,-0.163566,-0.483658,0.851577,-0.227617,-0.446529,1.20934,0.0569239
83,0.819239,-0.239993,1.44123,0.0320915,-0.435175,0.0902726,0.146944,-0.340958,0.982345,0.194462,-0.24769,1.0626,0.293347,-0.251715,0.727383,0.295633,-0.367053,0.0596653,0.0896633,-0.47606,0.480127,0.181135,-0.205538,0.976911,0.0639622,-0.289487,1.41222,0.211333,-0.608107,0.0649513,0.0954951,-0.276939,0.816912,0.247902,-0.214993,0.819999,0.287774,-0.0108291,0.193028,-0.105369,-0.355997,0.959629,-0.120418,-0.386684,1.09311,-0.229278,-0.544673,0.782451,-0.214714,0.0686222,0.22383,-0.037949,-0.329535,0.463205,-0.133817,-0.209877,0.971359,0.000836035,-0.340647,1.43146,-0.130305,-0.0797205,0.0674305,-0.0480657,-0.5009,0.87405,-0.165059,-0.473876,0.849955,-0.228653,-0.447623,1.21005,0.0575372
84,0.829229,-0.240579,1.44192,0.0347695,-0.427312,0.090225,0.146977,-0.342126,0.982928,0.196212,-0.255425,1.06275,0.296648,-0.265269,0.727702,0.299679,-0.359339,0.0594756,0.0895646,-0.472634,0.479718,0.181998,-0.20604,0.976963,0.0658965,-0.292225,1.41309,0.213453,-0.600243,0.0648191,0.0955719,-0.288136,0.817535,0.251,-0.226611,0.819527,0.291651,-0.0159476,0.202063,-0.104985,-0.355385,0.960573,-0.119326,-0.380913,1.09306,-0.22815,-0.533329,0.779251,-0.217053,0.0611833,0.237434,-0.0371815,-0.340358,0.463227,-0.134322,-0.209874,0.971034,0.00264627,-0.339189,1.43207,-0.128772,-0.0812305,0.0715999,-0.0483855,-0.492615,0.871836,-0.166682,-0.463966,0.848448,-0.229699,-0.448305,1.2107,0.0580273
85,0.83922,-0.241038,1.44277,0.0374002,-0.419346,0.0901439,0.147163,-0.343242,0.983559,0.1978,-0.263342,1.06301,0.300107,-0.279108,0.72834,0.303557,-0.351265,0.0595416,0.0896861,-0.468869,0.479407,0.182776,-0.20633,0.977248,0.0678787,-0.295025,1.41401,0.215535,-0.592303,0.0647323,0.0956645,-0.299564,0.818336,0.254023,-0.238719,0.819292,0.295463,-0.021395,0.211258,-0.103986,-0.354129,0.961578,-0.118628,-0.375051,1.093,-0.227016,-0.521795,0.776197,-0.219627,0.0522204,0.250875,-0.0361301,-0.351318,0.463715,-0.134571,-0.209873,0.970906,0.00446921,-0.337671,1.43266,-0.127476,-0.0846417,0.0742967,-0.0489509,-0.484244,0.869696,-0.168437,-0.453859,0.847115,-0.230801,-0.448741,1.21133,0.0584026
86,0.849211,-0.241388,1.44373,0.03997,-0.411363,0.090116,0.147269,-0.344208,0.984306,0.199183,-0.271543,1.06342,0.303437,-0.293238,0.729265,0.307276,-0.343271,0.0595506,0.0898141,-0.46491,0.479031,0.183367,-0.20648,0.977809,0.0698612,-0.297875,1.41501,0.21755,-0.584282,0.0646513,0.0957201,-0.311196,0.819347,0.256926,-0.251154,0.819376,0.299102,-0.0271202,0.219968,-0.102428,-0.352856,0.962505,-0.117749,-0.369072,1.093,-0.225919,-0.51013,0.773376,-0.222442,0.0412202,0.263657,-0.0348816,-0.362232,0.464749,-0.134751,-0.209859,0.971042,0.00630803,-0.335964,1.43326,-0.126362,-0.088759,0.0754558,-0.0500227,-0.475761,0.867646,-0.170285,-0.443531,0.845982,-0.231914,-0.449014,1.21196,0.0586907
87,0.859201,-0.241649,1.4448,0.0424693,-0.403401,0.090147,0.147271,-0.344912,0.985191,0.200338,-0.280021,1.06399,0.306585,-0.307604,0.730485,0.31089,-0.334966,0.0597571,0.0900795,-0.460757,0.478558,0.183727,-0.206468,0.978687,0.0717769,-0.300716,1.41614,0.219483,-0.576226,0.0646134,0.0957669,-0.323158,0.820578,0.259732,-0.263504,0.819669,0.302736,-0.0336533,0.227637,-0.100749,-0.351713,0.9636,-0.116738,-0.362988,1.0931,-0.224855,-0.498317,0.770921,-0.225399,0.0293811,0.274404,-0.0328848,-0.373028,0.466381,-0.134874,-0.209394,0.97159,0.0082735,-0.334027,1.43389,-0.125354,-0.0925111,0.0760902,-0.0512523,-0.467131,0.865722,-0.17218,-0.433075,0.845043,-0.232957,-0.449099,1.21264,0.0588707
88,0.869192,-0.241813,1.44595,0.044856,-0.39542,0.0901924,0.147255,-0.345563,0.986158,0.201426,-0.28873,1.06472,0.309579,-0.322301,0.731976,0.314521,-0.326747,0.0598187,0.0902648,-0.456355,0.47808,0.183973,-0.206303,0.979828,0.0735852,-0.303536,1.41737,0.221291,-0.5682,0.0646761,0.0957931,-0.335556,0.822071,0.262676,-0.276069,0.820241,0.306318,-0.0408615,0.234491,-0.0989389,-0.350526,0.96512,-0.115711,-0.356949,1.09337,-0.223781,-0.486383,0.76884,-0.228475,0.0189165,0.282192,-0.0295999,-0.383716,0.468554,-0.134898,-0.208821,0.972411,0.0102164,-0.331898,1.43459,-0.124439,-0.0963431,0.0784617,-0.0527165,-0.458335,0.863948,-0.174098,-0.422614,0.844251,-0.234095,-0.448945,1.21335,0.0589042
89,0.879183,-0.24186,1.44715,0.047086,-0.387403,0.090246,0.14719,-0.34612,0.987161,0.20249,-0.297532,1.06567,0.312623,-0.337167,0.733778,0.317981,-0.318733,0.0598515,0.0901969,-0.451559,0.477655,0.184112,-0.206022,0.981138,0.0753436,-0.306296,1.41871,0.222956,-0.560244,0.0647842,0.0957837,-0.347913,0.82384,0.265506,-0.288969,0.821242,0.309723,-0.0482859,0.241031,-0.0970744,-0.348838,0.967115,-0.114674,-0.350946,1.09379,-0.222733,-0.474317,0.767145,-0.231608,0.00979612,0.287969,-0.0256565,-0.394146,0.471174,-0.134741,-0.208214,0.973429,0.0120723,-0.329594,1.43537,-0.123606,-0.102306,0.0834177,-0.0550479,-0.449407,0.86236,-0.175995,-0.412247,0.843487,-0.235231,-0.44857,1.21414,0.0587423
90,0.889174,-0.241744,1.44837,0.049194,-0.379355,0.0902997,0.147055,-0.346516,0.988137,0.203561,-0.306512,1.0669,0.315519,-0.352246,0.735983,0.321353,-0.310863,0.0597633,0.0900526,-0.446198,0.477264,0.184082,-0.20569,0.982499,0.0770319,-0.308918,1.42019,0.224437,-0.552245,0.0647162,0.0957339,-0.360167,0.825868,0.268152,-0.302134,0.822351,0.313232,-0.0558791,0.247415,-0.0952112,-0.347358,0.96909,-0.113655,-0.344906,1.09438,-0.221695,-0.462125,0.765837,-0.234761,0.00131366,0.292436,-0.0215605,-0.404125,0.474166,-0.134441,-0.20754,0.974639,0.0138253,-0.327119,1.43624,-0.122802,-0.11134,0.0898872,-0.0578226,-0.440328,0.861014,-0.17783,-0.401616,0.843039,-0.23622,-0.448012,1.21503,0.0583704
91,0.899164,-0.241509,1.4496,0.0512137,-0.371312,0.0903481,0.146907,-0.346682,0.989046,0.204617,-0.315623,1.06844,0.318263,-0.367423,0.73853,0.324527,-0.303035,0.0596476,0.0899015,-0.440333,0.476927,0.183961,-0.20534,0.983897,0.0786046,-0.311267,1.4218,0.225676,-0.544139,0.0644688,0.0954879,-0.372542,0.82819,0.270673,-0.315584,0.823375,0.317005,-0.0640039,0.253058,-0.0932903,-0.346471,0.970777,-0.11268,-0.338739,1.09516,-0.220726,-0.449845,0.764911,-0.237846,-0.00693942,0.295398,-0.0175443,-0.413528,0.477409,-0.134113,-0.20682,0.976003,0.015445,-0.32448,1.43717,-0.121957,-0.122588,0.0963877,-0.0605434,-0.431112,0.859988,-0.179593,-0.390738,0.842968,-0.23711,-0.447275,1.21603,0.0577577
92,0.909155,-0.241183,1.45083,0.0531889,-0.363292,0.090388,0.146795,-0.346661,0.989866,0.20567,-0.324786,1.07028,0.320845,-0.38272,0.741402,0.3275,-0.294806,0.0599045,0.0899366,-0.434229,0.476662,0.183907,-0.204927,0.985306,0.0800664,-0.313422,1.42346,0.226713,-0.536131,0.0645045,0.0954135,-0.385183,0.83086,0.272897,-0.329219,0.825087,0.320738,-0.072831,0.257552,-0.0913801,-0.344686,0.973177,-0.111436,-0.332403,1.09614,-0.219817,-0.43766,0.764362,-0.240886,-0.0153687,0.296724,-0.0138575,-0.422508,0.48085,-0.133808,-0.206136,0.977448,0.0169313,-0.321667,1.43817,-0.121069,-0.134954,0.101868,-0.0628725,-0.421841,0.859251,-0.181331,-0.379801,0.843197,-0.237954,-0.446472,1.21709,0.0568875
93,0.919146,-0.240749,1.45207,0.0550855,-0.355344,0.0904736,0.146649,-0.346474,0.990602,0.206682,-0.334049,1.07233,0.323161,-0.398159,0.744668,0.330433,-0.286782,0.059974,0.0898897,-0.427933,0.47644,0.183925,-0.204477,0.986666,0.0814243,-0.315426,1.42516,0.227617,-0.528109,0.0644871,0.095448,-0.397763,0.833828,0.275147,-0.342925,0.827282,0.324267,-0.0824551,0.260784,-0.0894286,-0.343281,0.975416,-0.110283,-0.325912,1.09726,-0.218971,-0.425485,0.76413,-0.243795,-0.0245077,0.296749,-0.0105894,-0.431121,0.484527,-0.133483,-0.205413,0.978959,0.0182679,-0.318876,1.43928,-0.120193,-0.147864,0.105848,-0.0645937,-0.412537,0.858797,-0.183044,-0.368877,0.843688,-0.238768,-0.445633,1.2182,0.0558054
94,0.929136,-0.240292,1.4533,0.0569369,-0.347341,0.0905154,0.146611,-0.346132,0.991248,0.207655,-0.343311,1.07459,0.325274,-0.413613,0.748335,0.333207,-0.279033,0.0597878,0.0897458,-0.421533,0.476238,0.184023,-0.204005,0.988033,0.0826611,-0.317303,1.42691,0.228423,-0.520002,0.0643889,0.0954487,-0.410259,0.837073,0.277375,-0.356693,0.829796,0.327592,-0.0930423,0.262477,-0.0875668,-0.3426,0.977262,-0.109354,-0.319277,1.09851,-0.218182,-0.41347,0.764189,-0.246602,-0.0344567,0.295668,-0.00786556,-0.439355,0.488435,-0.133085,-0.204575,0.980492,0.0194384,-0.316145,1.44048,-0.119326,-0.161273,0.108347,-0.0657919,-0.403249,0.858622,-0.184741,-0.358056,0.844409,-0.239572,-0.444752,1.21931,0.0546166
95,0.939127,-0.23987,1.45448,0.0587609,-0.339302,0.0905384,0.146678,-0.345656,0.99179,0.208604,-0.352419,1.0772,0.327296,-0.42904,0.752371,0.335804,-0.270976,0.0598262,0.0897673,-0.415062,0.476033,0.184185,-0.203493,0.989389,0.083786,-0.319064,1.42868,0.229155,-0.511863,0.0642779,0.0953942,-0.422751,0.840588,0.279474,-0.370502,0.832631,0.330757,-0.104422,0.262674,-0.0859348,-0.341938,0.979143,-0.108448,-0.3125,1.09983,-0.217437,-0.401548,0.76442,-0.249111,-0.0448897,0.293451,-0.00567568,-0.447213,0.492504,-0.132606,-0.203678,0.981977,0.0204695,-0.313346,1.44165,-0.118389,-0.175185,0.109534,-0.0667572,-0.39398,0.85869,-0.186443,-0.347319,0.845355,-0.240396,-0.443783,1.22044,0.0533743
96,0.949118,-0.239449,1.45561,0.0605655,-0.331221,0.0905871,0.146766,-0.345144,0.992241,0.209532,-0.361417,1.07991,0.329133,-0.444426,0.756733,0.338224,-0.262683,0.0600485,0.0899231,-0.408615,0.475835,0.184494,-0.202912,0.990703,0.0847335,-0.320713,1.43043,0.229816,-0.503773,0.064392,0.0954957,-0.435267,0.84436,0.281396,-0.384341,0.835818,0.333838,-0.116045,0.261657,-0.0847024,-0.340639,0.98139,-0.107346,-0.305606,1.10121,-0.216759,-0.389653,0.764814,-0.251442,-0.0557296,0.290013,-0.00389348,-0.454732,0.496654,-0.132021,-0.202747,0.983406,0.0213939,-0.310515,1.44278,-0.117407,-0.189765,0.10966,-0.0678685,-0.384773,0.858944,-0.188174,-0.336705,0.846437,-0.241175,-0.442762,1.22153,0.0521121
97,0.959109,-0.239024,1.45666,0.0623302,-0.323115,0.0906525,0.146846,-0.344837,0.992622,0.210459,-0.370307,1.08266,0.330773,-0.459773,0.761387,0.340448,-0.254793,0.0599665,0.0898533,-0.401979,0.475576,0.184823,-0.202222,0.991967,0.0855351,-0.322278,1.43215,0.230385,-0.495668,0.0645241,0.0955772,-0.44775,0.848373,0.283154,-0.398158,0.839314,0.336818,-0.127712,0.259581,-0.0838158,-0.339568,0.983433,-0.106231,-0.298642,1.10261,-0.216169,-0.377821,0.76524,-0.253493,-0.0669655,0.285327,-0.00240064,-0.461879,0.50082,-0.131317,-0.201754,0.984768,0.0222028,-0.307705,1.4438,-0.116405,-0.205245,0.108974,-0.0691675,-0.375648,0.859341,-0.189935,-0.326291,0.847569,-0.241948,-0.441768,1.2226,0.0508811
98,0.969099,-0.238539,1.45758,0.0640074,-0.315023,0.090712,0.146865,-0.344281,0.992889,0.211298,-0.378909,1.08555,0.332335,-0.475053,0.76632,0.342449,-0.246905,0.0599201,0.0897992,-0.395128,0.475255,0.185123,-0.201464,0.993177,0.0861746,-0.32378,1.43376,0.230847,-0.487533,0.0645176,0.0956634,-0.460192,0.852586,0.284725,-0.411848,0.842863,0.339285,-0.139594,0.256377,-0.0831863,-0.338471,0.985366,-0.105091,-0.291625,1.10397,-0.215661,-0.36626,0.765672,-0.255375,-0.0784898,0.279591,-0.00130093,-0.468632,0.504935,-0.130524,-0.200679,0.986069,0.0228808,-0.304946,1.44466,-0.115378,-0.221572,0.107831,-0.0702596,-0.366612,0.859796,-0.191723,-0.316007,0.848702,-0.242732,-0.440832,1.22358,0.049735
99,0.97909,-0.238028,1.45834,0.0655821,-0.306999,0.0907413,0.146799,-0.343169,0.993056,0.21229,-0.387179,1.08852,0.333871,-0.49026,0.77146,0.344231,-0.238979,0.0599421,0.0898464,-0.388244,0.47492,0.185436,-0.200679,0.994279,0.0866912,-0.325214,1.43523,0.231241,-0.479386,0.0644507,0.0957703,-0.472553,0.856936,0.286128,-0.42541,0.846382,0.341262,-0.151974,0.252097,-0.0825265,-0.337335,0.98715,-0.103948,-0.284598,1.10523,-0.215219,-0.354989,0.766079,-0.257174,-0.0903573,0.272792,-0.000466193,-0.475008,0.508927,-0.129724,-0.199526,0.987267,0.0235221,-0.302193,1.44535,-0.114352,-0.238671,0.106251,-0.0712366,-0.357663,0.860248,-0.193542,-0.305717,0.84983,-0.243478,-0.439604,1.22449,0.0488075
100,0.989081,-0.237504,1.45894,0.0670992,-0.299033,0.090732,0.146722,-0.342022,0.993082,0.213228,-0.395152,1.09148,0.335372,-0.505347,0.776746,0.345736,-0.230749,0.0601226,0.0900138,-0.381443,0.474572,0.185778,-0.19979,0.995205,0.0871144,-0.326574,1.43654,0.23157,-0.471281,0.0644199,0.0958259,-0.484814,0.861389,0.287335,-0.438937,0.850048,0.34316,-0.164778,0.246877,-0.0819993,-0.336243,0.988766,-0.102859,-0.277581,1.10634,-0.214822,-0.343979,0.766416,-0.258911,-0.102645,0.264902,0.000258614,-0.481,0.51278,-0.128952,-0.198302,0.988283,0.024156,-0.29955,1.44589,-0.113404,-0.256589,0.104256,-0.0720866,-0.348943,0.860646,-0.195346,-0.295393,0.850952,-0.244045,-0.438215,1.22527,0.0481332
101,0.999071,-0.237021,1.4594,0.0685853,-0.290998,0.090752,0.146705,-0.340885,0.992949,0.214062,-0.40292,1.09422,0.33671,-0.520301,0.782125,0.346974,-0.22264,0.0603246,0.0900397,-0.374648,0.47418,0.186035,-0.198782,0.995894,0.0874968,-0.327866,1.43766,0.231857,-0.463184,0.0643929,0.0958445,-0.496912,0.865905,0.288348,-0.45229,0.853961,0.344968,-0.178102,0.240969,-0.0816078,-0.335245,0.99016,-0.101868,-0.270596,1.10726,-0.214443,-0.333101,0.766664,-0.260497,-0.115402,0.255997,0.000877,-0.48652,0.516477,-0.12817,-0.197118,0.989064,0.0246358,-0.296905,1.44624,-0.112471,-0.275231,0.101934,-0.0727679,-0.340393,0.860945,-0.197134,-0.285462,0.85181,-0.244659,-0.437129,1.22584,0.0476508
102,1.00906,-0.236555,1.45972,0.0700229,-0.282976,0.0908178,0.146624,-0.33971,0.992671,0.214834,-0.410385,1.09671,0.337902,-0.535129,0.787599,0.347954,-0.21467,0.0604079,0.0899639,-0.367832,0.473757,0.186231,-0.197704,0.996295,0.0878917,-0.329044,1.43856,0.232131,-0.455109,0.0643324,0.0958089,-0.50882,0.87043,0.289152,-0.465214,0.857948,0.346238,-0.191822,0.234552,-0.0813359,-0.334437,0.991219,-0.101012,-0.26369,1.10797,-0.214077,-0.322447,0.766845,-0.262013,-0.128643,0.246213,0.00138104,-0.491548,0.519991,-0.127372,-0.195915,0.989621,0.0250428,-0.294387,1.44641,-0.111632,-0.2943,0.099284,-0.0735895,-0.331985,0.861094,-0.198865,-0.275983,0.852388,-0.245386,-0.436106,1.22619,0.047445
103,1.01905,-0.236154,1.45992,0.0713707,-0.275019,0.0909069,0.146503,-0.338521,0.992284,0.215528,-0.417391,1.09909,0.339145,-0.549749,0.793187,0.348652,-0.206698,0.0604856,0.0898873,-0.36091,0.473309,0.186466,-0.196557,0.996445,0.0882831,-0.330113,1.4392,0.232408,-0.447076,0.0642719,0.095791,-0.520573,0.874949,0.289759,-0.477806,0.861711,0.347151,-0.205765,0.227537,-0.0813861,-0.333757,0.991931,-0.100372,-0.256865,1.10849,-0.21377,-0.311953,0.766951,-0.263423,-0.142371,0.236026,0.00153856,-0.496065,0.523221,-0.126604,-0.194754,0.989943,0.0254334,-0.291943,1.44626,-0.110822,-0.313879,0.0964585,-0.0745576,-0.323678,0.861086,-0.200523,-0.266808,0.852752,-0.246045,-0.435124,1.22629,0.0475022
104,1.02904,-0.235799,1.46,0.072619,-0.267095,0.0909801,0.146387,-0.337418,0.991827,0.216113,-0.42409,1.10127,0.34038,-0.564155,0.798868,0.349104,-0.198736,0.0605757,0.0898548,-0.354158,0.472825,0.186647,-0.19538,0.996426,0.0886744,-0.331133,1.43962,0.232684,-0.439121,0.0643585,0.0959645,-0.532105,0.87957,0.290195,-0.490384,0.865423,0.348174,-0.220257,0.21992,-0.0815888,-0.332428,0.992564,-0.0997095,-0.250131,1.10882,-0.213497,-0.301897,0.766937,-0.264968,-0.156623,0.225205,0.00152878,-0.500156,0.526084,-0.125842,-0.193578,0.990059,0.0258036,-0.289496,1.44589,-0.110077,-0.334124,0.0936571,-0.0753834,-0.315514,0.860963,-0.202205,-0.257352,0.85316,-0.246452,-0.434219,1.22611,0.0477781
105,1.03903,-0.235455,1.45995,0.0737631,-0.259175,0.0910544,0.146333,-0.336462,0.991321,0.216583,-0.430527,1.10333,0.341584,-0.57825,0.804575,0.349195,-0.190737,0.0606731,0.0898448,-0.347788,0.472318,0.186856,-0.19424,0.996304,0.0890836,-0.332117,1.43984,0.232962,-0.431146,0.0643349,0.096022,-0.543381,0.884251,0.290432,-0.502741,0.869157,0.349119,-0.235184,0.211931,-0.082027,-0.331028,0.993123,-0.0990658,-0.243527,1.10898,-0.213236,-0.292012,0.766891,-0.266411,-0.171451,0.21404,0.00124369,-0.503792,0.528631,-0.12503,-0.192386,0.989984,0.0261476,-0.28724,1.4453,-0.109421,-0.354966,0.0910614,-0.076023,-0.307534,0.860742,-0.203917,-0.248089,0.853416,-0.246833,-0.433378,1.22569,0.0481775
106,1.04903,-0.235111,1.45976,0.074784,-0.251222,0.0911234,0.146295,-0.335532,0.990718,0.217027,-0.436768,1.10514,0.342433,-0.591802,0.810297,0.348959,-0.1827,0.0607631,0.0898159,-0.341541,0.471811,0.187005,-0.193154,0.996105,0.0894924,-0.333035,1.43988,0.233204,-0.42312,0.0642777,0.0960638,-0.554277,0.888879,0.290539,-0.514766,0.872898,0.349418,-0.250611,0.203824,-0.082625,-0.329753,0.993595,-0.0984778,-0.237095,1.10898,-0.212956,-0.282351,0.766754,-0.267844,-0.186838,0.202665,0.000704058,-0.506974,0.530914,-0.124176,-0.191197,0.989769,0.0264795,-0.285074,1.44447,-0.108811,-0.375915,0.0885441,-0.0768948,-0.299738,0.86035,-0.205536,-0.239265,0.853513,-0.247449,-0.432566,1.2251,0.0486253
107,1.05902,-0.234737,1.45947,0.0756904,-0.243272,0.0911707,0.14625,-0.334672,0.990064,0.217423,-0.442517,1.1068,0.343323,-0.604786,0.816215,0.348498,-0.174644,0.0608317,0.0897656,-0.335311,0.471325,0.187051,-0.19216,0.995828,0.0899041,-0.333913,1.43978,0.233393,-0.415101,0.064245,0.0961492,-0.564834,0.893532,0.290473,-0.526448,0.876412,0.349491,-0.266887,0.195243,-0.0831974,-0.328445,0.993792,-0.0981152,-0.230906,1.10885,-0.212656,-0.273107,0.766535,-0.269388,-0.202706,0.191108,-7.04416e-05,-0.509698,0.53289,-0.123279,-0.190031,0.989488,0.0268064,-0.283124,1.44353,-0.10832,-0.397082,0.0862321,-0.0777734,-0.292107,0.859833,-0.207061,-0.231053,0.85336,-0.247994,-0.431758,1.22442,0.0490381
108,1.06901,-0.234352,1.45913,0.0765039,-0.235323,0.0912441,0.146209,-0.333871,0.989399,0.217731,-0.447881,1.10832,0.344198,-0.61775,0.822243,0.347847,-0.166671,0.0609449,0.0897571,-0.329227,0.470853,0.187019,-0.191133,0.995551,0.0902815,-0.334746,1.43956,0.233508,-0.407139,0.0642575,0.09625,-0.575028,0.898242,0.290213,-0.537752,0.879886,0.349619,-0.283509,0.186614,-0.0840602,-0.327106,0.993746,-0.0979508,-0.225022,1.10866,-0.21237,-0.264222,0.76625,-0.271032,-0.218931,0.179525,-0.00105978,-0.512004,0.534491,-0.12241,-0.188915,0.989169,0.027139,-0.281377,1.44251,-0.107957,-0.41838,0.0841148,-0.0784645,-0.284698,0.859268,-0.208592,-0.223213,0.853095,-0.248557,-0.430933,1.22369,0.0493211
109,1.079,-0.234028,1.45868,0.077187,-0.227336,0.0913689,0.146157,-0.333169,0.988745,0.217941,-0.452897,1.10973,0.344979,-0.630198,0.828258,0.347061,-0.158723,0.0611014,0.0897914,-0.323459,0.470392,0.186972,-0.190185,0.995281,0.0905709,-0.335576,1.43924,0.233518,-0.399243,0.0643297,0.0963944,-0.584802,0.903008,0.289762,-0.548547,0.883452,0.349553,-0.30033,0.178298,-0.0849557,-0.325983,0.99341,-0.0979038,-0.219478,1.1084,-0.212096,-0.255458,0.766006,-0.272541,-0.235619,0.16821,-0.00218628,-0.513925,0.535725,-0.121611,-0.187754,0.988826,0.0274457,-0.279656,1.44136,-0.107637,-0.439716,0.0821225,-0.0789425,-0.277651,0.858676,-0.210168,-0.215071,0.853007,-0.248961,-0.43009,1.22293,0.0494249
110,1.08899,-0.23379,1.45813,0.0777333,-0.219337,0.091541,0.146121,-0.332512,0.988074,0.218044,-0.45764,1.11106,0.345614,-0.642014,0.834278,0.346106,-0.150716,0.0612272,0.0897833,-0.31796,0.469949,0.18688,-0.189331,0.995026,0.0907874,-0.336383,1.43888,0.233441,-0.391317,0.0643233,0.09649,-0.594132,0.907797,0.289133,-0.558742,0.886931,0.34899,-0.317485,0.170281,-0.0859104,-0.324861,0.99308,-0.0978083,-0.214315,1.10811,-0.211818,-0.24688,0.76581,-0.273954,-0.252977,0.15678,-0.00365152,-0.515436,0.536729,-0.120735,-0.186691,0.988433,0.0276618,-0.277947,1.44014,-0.10733,-0.461091,0.0802429,-0.0793236,-0.270714,0.858007,-0.211548,-0.207308,0.852914,-0.249343,-0.429296,1.22213,0.0493233
111,1.09898,-0.233602,1.45747,0.0781719,-0.211468,0.091658,0.146069,-0.331952,0.987398,0.218066,-0.46203,1.11239,0.346247,-0.653174,0.840316,0.344927,-0.142789,0.0613435,0.089767,-0.312748,0.469477,0.186764,-0.1886,0.994742,0.0909249,-0.337071,1.43846,0.233292,-0.383416,0.0642332,0.0965432,-0.603028,0.912581,0.28833,-0.568443,0.890513,0.348224,-0.334993,0.162411,-0.0870148,-0.323788,0.992512,-0.0978644,-0.209579,1.10779,-0.211551,-0.238693,0.765546,-0.275464,-0.270827,0.145645,-0.00520604,-0.516342,0.537385,-0.119731,-0.185708,0.988007,0.0277976,-0.276396,1.43894,-0.107104,-0.482484,0.0785302,-0.0796303,-0.263574,0.857203,-0.212528,-0.199972,0.85282,-0.249773,-0.428545,1.22123,0.0489946
112,1.10897,-0.233338,1.45679,0.0785485,-0.20374,0.0918113,0.14593,-0.331505,0.986711,0.218031,-0.466011,1.11369,0.346918,-0.663724,0.846332,0.343515,-0.134937,0.0614946,0.0897445,-0.307851,0.468986,0.186636,-0.188214,0.994363,0.0909486,-0.337627,1.43796,0.233056,-0.37554,0.0641385,0.096553,-0.611462,0.917357,0.287396,-0.577614,0.894242,0.347275,-0.35284,0.154673,-0.0881876,-0.322671,0.991905,-0.0979367,-0.205267,1.10746,-0.21136,-0.2307,0.765277,-0.276827,-0.288748,0.135307,-0.00661997,-0.516579,0.53761,-0.118608,-0.184773,0.987526,0.0279111,-0.275036,1.43781,-0.107012,-0.503853,0.077062,-0.0799212,-0.256819,0.856377,-0.21354,-0.192981,0.852683,-0.250357,-0.427792,1.2202,0.048449
113,1.11896,-0.233196,1.456,0.078749,-0.195991,0.0919693,0.145819,-0.331119,0.985984,0.217917,-0.469633,1.11475,0.347356,-0.673626,0.852282,0.341886,-0.127088,0.0617083,0.0897556,-0.303232,0.468506,0.186488,-0.187703,0.993968,0.0909359,-0.338078,1.43739,0.232714,-0.367639,0.064019,0.0965823,-0.619392,0.922113,0.286332,-0.586261,0.897816,0.346002,-0.37094,0.147267,-0.0894348,-0.321581,0.991298,-0.098054,-0.201386,1.10712,-0.211272,-0.222907,0.765015,-0.278038,-0.307197,0.125212,-0.00834687,-0.516161,0.537429,-0.117438,-0.183943,0.986971,0.0279699,-0.273854,1.43672,-0.107029,-0.525197,0.0760159,-0.0801803,-0.250605,0.855566,-0.214648,-0.186481,0.852475,-0.250988,-0.427041,1.21903,0.0477417
114,1.12895,-0.232971,1.45524,0.0788633,-0.188198,0.0921439,0.145774,-0.330816,0.985256,0.217722,-0.472876,1.11563,0.347563,-0.682915,0.858104,0.340128,-0.119217,0.0619677,0.0898139,-0.298864,0.467983,0.18632,-0.186955,0.9936,0.0909394,-0.338463,1.43679,0.232277,-0.359754,0.0638768,0.0966121,-0.626825,0.92683,0.285149,-0.594482,0.901079,0.344738,-0.389165,0.140293,-0.0908828,-0.320507,0.99063,-0.0982022,-0.197934,1.10676,-0.211272,-0.215569,0.764691,-0.279281,-0.326186,0.115196,-0.0104625,-0.515223,0.536889,-0.116389,-0.183211,0.986356,0.0279779,-0.272686,1.43561,-0.107074,-0.546435,0.0755814,-0.0803632,-0.244827,0.854751,-0.21581,-0.180581,0.852146,-0.251579,-0.426288,1.21782,0.0469156
115,1.13894,-0.232706,1.45453,0.0788955,-0.180411,0.0923438,0.145733,-0.330606,0.984545,0.217481,-0.475733,1.11637,0.347635,-0.691571,0.863759,0.338265,-0.111266,0.0621782,0.0898372,-0.294672,0.4674,0.186113,-0.186922,0.992997,0.0908335,-0.338774,1.43615,0.231784,-0.351875,0.0637768,0.0966449,-0.633773,0.931489,0.283843,-0.602179,0.904301,0.343363,-0.407497,0.133875,-0.0925042,-0.319541,0.989872,-0.098432,-0.194892,1.10634,-0.211318,-0.208547,0.764324,-0.280394,-0.345069,0.105832,-0.0125272,-0.513661,0.535946,-0.115385,-0.182621,0.985687,0.0279635,-0.27154,1.43449,-0.107174,-0.567496,0.0760327,-0.080374,-0.239386,0.853901,-0.216915,-0.17492,0.851951,-0.252042,-0.425554,1.21667,0.0460367
116,1.14893,-0.23267,1.45367,0.0787129,-0.172691,0.0925338,0.145599,-0.330453,0.98377,0.217258,-0.478231,1.11697,0.347612,-0.699607,0.869252,0.336324,-0.103318,0.0623743,0.0898549,-0.290628,0.466788,0.18587,-0.18681,0.992358,0.090745,-0.339041,1.43551,0.231232,-0.343977,0.0636526,0.0966232,-0.640197,0.936056,0.282406,-0.609255,0.907552,0.341847,-0.425721,0.128117,-0.0939009,-0.318724,0.989037,-0.098749,-0.192216,1.10587,-0.211431,-0.201831,0.763904,-0.281303,-0.363777,0.0972117,-0.0146107,-0.511471,0.534562,-0.114395,-0.182132,0.984958,0.0279379,-0.270582,1.43341,-0.107396,-0.588189,0.0774739,-0.0801087,-0.234046,0.853015,-0.217798,-0.169478,0.851856,-0.252643,-0.424853,1.21563,0.0451327
117,1.15892,-0.23256,1.45282,0.0784355,-0.165038,0.0927124,0.145374,-0.330347,0.982882,0.217062,-0.480356,1.11744,0.347448,-0.70704,0.87454,0.33428,-0.0953796,0.0625901,0.0898652,-0.286739,0.466154,0.185611,-0.186582,0.991673,0.0906892,-0.339294,1.43489,0.230601,-0.336036,0.063462,0.096504,-0.646067,0.940469,0.280837,-0.615678,0.91082,0.340145,-0.443655,0.123045,-0.0951754,-0.318048,0.988127,-0.0990759,-0.189889,1.10531,-0.211632,-0.195429,0.763431,-0.282048,-0.382282,0.089288,-0.0167945,-0.508731,0.532733,-0.113374,-0.181736,0.984202,0.0279114,-0.269821,1.43239,-0.107735,-0.608295,0.0798991,-0.0795912,-0.228551,0.85213,-0.218349,-0.164495,0.851733,-0.253206,-0.424267,1.21473,0.0442428
118,1.16891,-0.232338,1.45198,0.0780889,-0.157433,0.092914,0.145315,-0.330413,0.982002,0.216711,-0.482193,1.11776,0.347104,-0.713769,0.879601,0.332051,-0.0874436,0.0628635,0.089885,-0.282985,0.465508,0.185355,-0.18639,0.990905,0.090643,-0.339538,1.43428,0.229872,-0.328114,0.0633412,0.0964446,-0.651384,0.944655,0.279122,-0.621451,0.913905,0.338145,-0.461129,0.118714,-0.0964144,-0.317629,0.987144,-0.0993817,-0.187932,1.10467,-0.211907,-0.189548,0.762847,-0.282794,-0.400586,0.082102,-0.0190956,-0.505594,0.530527,-0.112306,-0.181392,0.983469,0.0278653,-0.269189,1.43137,-0.108173,-0.627662,0.0833123,-0.0788215,-0.223852,0.8512,-0.219101,-0.159947,0.851552,-0.253864,-0.423787,1.2139,0.043407
119,1.1789,-0.232234,1.45101,0.0775846,-0.149734,0.0931775,0.145452,-0.330557,0.981088,0.216326,-0.483701,1.11797,0.346691,-0.719809,0.884337,0.329734,-0.0795553,0.0631872,0.0898999,-0.279296,0.464881,0.185125,-0.186335,0.990084,0.090572,-0.339652,1.4336,0.229065,-0.320235,0.0632562,0.0964504,-0.656068,0.948512,0.277311,-0.62681,0.916595,0.335962,-0.478386,0.115758,-0.0977606,-0.31746,0.986101,-0.0997826,-0.186304,1.10393,-0.212215,-0.184226,0.762146,-0.28354,-0.418507,0.0757789,-0.0214276,-0.502336,0.528054,-0.111369,-0.181128,0.982746,0.0277977,-0.268667,1.43033,-0.108711,-0.646079,0.0875767,-0.0777981,-0.219877,0.850194,-0.220012,-0.15585,0.851335,-0.254618,-0.423434,1.21309,0.0426756
120,1.1889,-0.23197,1.45005,0.0770024,-0.142064,0.0935371,0.145521,-0.330723,0.980109,0.215938,-0.484894,1.11801,0.346167,-0.725221,0.888769,0.327335,-0.0716863,0.0635781,0.0899259,-0.275718,0.464247,0.184916,-0.186443,0.989247,0.0904633,-0.339654,1.43285,0.228193,-0.312378,0.0631733,0.0964788,-0.660231,0.952121,0.275461,-0.631647,0.919064,0.333797,-0.494885,0.113625,-0.0990007,-0.317508,0.985052,-0.100225,-0.184982,1.10319,-0.212759,-0.179381,0.761381,-0.284145,-0.435712,0.070436,-0.0237363,-0.498947,0.525335,-0.110619,-0.181263,0.981963,0.0276984,-0.268297,1.42926,-0.109364,-0.66334,0.0925325,-0.0765066,-0.216385,0.849145,-0.221008,-0.152282,0.851001,-0.255197,-0.423189,1.21223,0.042038
121,1.19889,-0.231725,1.44902,0.0762409,-0.134389,0.0940542,0.145509,-0.330917,0.979073,0.215515,-0.485823,1.11786,0.345491,-0.730024,0.892864,0.324831,-0.0638463,0.0639803,0.0899762,-0.272319,0.463591,0.184743,-0.186682,0.988397,0.0902539,-0.339601,1.43207,0.227252,-0.304542,0.0631187,0.096469,-0.663886,0.955493,0.273505,-0.635924,0.921339,0.331619,-0.51036,0.11222,-0.100072,-0.317749,0.984015,-0.1007,-0.184012,1.10234,-0.213399,-0.174986,0.760528,-0.284645,-0.451888,0.0660796,-0.0260364,-0.495333,0.522386,-0.109918,-0.181649,0.981115,0.0274843,-0.268121,1.42819,-0.110154,-0.679156,0.0979733,-0.0749896,-0.213331,0.848054,-0.222007,-0.149221,0.850561,-0.255886,-0.423069,1.21127,0.0414421
122,1.20888,-0.231591,1.44791,0.0753273,-0.126816,0.0945986,0.145512,-0.331141,0.977985,0.215035,-0.486465,1.11752,0.344717,-0.734294,0.89657,0.322298,-0.0560521,0.0644637,0.0900746,-0.269089,0.462915,0.184594,-0.187096,0.98752,0.0898388,-0.339525,1.43127,0.226249,-0.296751,0.0630711,0.0964495,-0.666987,0.958497,0.271525,-0.639668,0.923347,0.329362,-0.524575,0.111487,-0.101034,-0.318223,0.982963,-0.101188,-0.183393,1.10136,-0.214135,-0.171114,0.75956,-0.28514,-0.466865,0.0625645,-0.028311,-0.491691,0.519308,-0.109189,-0.181929,0.980231,0.0270961,-0.268098,1.42706,-0.111078,-0.693405,0.103962,-0.0733536,-0.21087,0.846914,-0.223065,-0.146661,0.849995,-0.256711,-0.42309,1.21026,0.0408849
123,1.21887,-0.231585,1.44673,0.0742618,-0.119332,0.0951675,0.145669,-0.331368,0.976859,0.214472,-0.486835,1.11701,0.343898,-0.738032,0.899863,0.319744,-0.0483432,0.0650762,0.0902513,-0.265992,0.462238,0.184451,-0.187659,0.986611,0.0892281,-0.339397,1.43042,0.225226,-0.288998,0.0630221,0.096566,-0.669608,0.961147,0.269465,-0.642749,0.92509,0.326883,-0.537329,0.111341,-0.101992,-0.319026,0.981687,-0.101883,-0.183105,1.10028,-0.214992,-0.167875,0.75845,-0.285683,-0.480462,0.0596365,-0.0304767,-0.488385,0.516268,-0.108453,-0.182362,0.979306,0.0265055,-0.268076,1.42581,-0.112036,-0.70585,0.110217,-0.0717891,-0.209012,0.845663,-0.224163,-0.144589,0.849296,-0.257612,-0.423242,1.20924,0.040319
124,1.22886,-0.23166,1.44552,0.0730483,-0.111924,0.0958076,0.14597,-0.331595,0.975762,0.2138,-0.487011,1.11633,0.342951,-0.741098,0.902795,0.317038,-0.0406534,0.0659042,0.0905321,-0.262993,0.461595,0.18433,-0.188195,0.985708,0.0884451,-0.339185,1.42952,0.224158,-0.281209,0.0629726,0.0966732,-0.671706,0.9634,0.267351,-0.645365,0.926509,0.324441,-0.548345,0.111528,-0.102997,-0.320016,0.980396,-0.102708,-0.183191,1.09908,-0.215956,-0.165295,0.757227,-0.28625,-0.492422,0.0571847,-0.0326649,-0.485509,0.513344,-0.107486,-0.182946,0.978375,0.0256668,-0.268236,1.4245,-0.11312,-0.7163,0.116354,-0.0704337,-0.207707,0.844308,-0.225287,-0.143085,0.848459,-0.258551,-0.423493,1.20825,0.0396911
125,1.23885,-0.231569,1.4444,0.071755,-0.1046,0.0965441,0.146391,-0.331854,0.974678,0.213039,-0.486973,1.11548,0.341929,-0.743485,0.905171,0.314247,-0.032949,0.0668958,0.0908638,-0.260147,0.460961,0.184269,-0.188699,0.984816,0.087397,-0.338904,1.42857,0.223063,-0.273421,0.0629143,0.096781,-0.67331,0.965246,0.265196,-0.647537,0.92759,0.322071,-0.557411,0.111934,-0.103958,-0.32115,0.979174,-0.103599,-0.183643,1.09777,-0.217072,-0.163385,0.755889,-0.286818,-0.502338,0.0552616,-0.0348625,-0.483258,0.510692,-0.106282,-0.183669,0.977463,0.0245346,-0.26865,1.4232,-0.114397,-0.724656,0.121916,-0.0692142,-0.206832,0.842867,-0.226385,-0.14216,0.847461,-0.259571,-0.423858,1.2073,0.038959
126,1.24884,-0.231585,1.44321,0.0703066,-0.097355,0.0973928,0.146894,-0.332106,0.973646,0.212196,-0.486731,1.11451,0.340843,-0.745396,0.907046,0.311493,-0.0253341,0.0682062,0.0913072,-0.25752,0.460381,0.184161,-0.189215,0.98394,0.0860407,-0.338597,1.42761,0.221914,-0.265715,0.0628382,0.0968978,-0.674423,0.966668,0.262984,-0.649108,0.928335,0.319537,-0.564422,0.112364,-0.104657,-0.322438,0.97797,-0.104555,-0.184432,1.09634,-0.218298,-0.162182,0.754424,-0.287466,-0.510087,0.0535631,-0.0366595,-0.481715,0.50847,-0.105117,-0.184469,0.97655,0.0231298,-0.269254,1.42188,-0.115811,-0.730907,0.126349,-0.0679972,-0.20642,0.841341,-0.227481,-0.141794,0.846323,-0.260694,-0.424302,1.20636,0.038136
127,1.25883,-0.231715,1.44202,0.0686887,-0.0902135,0.098394,0.147441,-0.332333,0.972706,0.211256,-0.486306,1.11345,0.339612,-0.746688,0.908486,0.308614,-0.0178484,0.0698218,0.0917859,-0.255153,0.459853,0.184038,-0.189799,0.98308,0.0844071,-0.338226,1.42664,0.220744,-0.258082,0.0627611,0.0970183,-0.675081,0.967679,0.260733,-0.650182,0.928742,0.317016,-0.569248,0.112439,-0.104932,-0.323865,0.976751,-0.105547,-0.185607,1.09482,-0.219633,-0.161699,0.752834,-0.288239,-0.515496,0.051937,-0.0378877,-0.480864,0.50669,-0.104259,-0.185353,0.975624,0.0214698,-0.269857,1.42048,-0.117259,-0.735101,0.129259,-0.0667,-0.206564,0.83973,-0.22853,-0.142013,0.845032,-0.261881,-0.424837,1.2054,0.0372592
128,1.26882,-0.231731,1.44097,0.0670383,-0.0831948,0.0995625,0.147999,-0.332552,0.971853,0.210219,-0.485676,1.11228,0.33827,-0.747498,0.909414,0.305786,-0.010404,0.0715761,0.0922521,-0.253012,0.459335,0.184024,-0.190464,0.982216,0.0825301,-0.337804,1.42565,0.219557,-0.250404,0.0627271,0.0972155,-0.675336,0.968307,0.258465,-0.650791,0.928829,0.314562,-0.571863,0.111881,-0.104773,-0.325441,0.975527,-0.106615,-0.18717,1.09321,-0.221038,-0.161963,0.751143,-0.289113,-0.518432,0.0501907,-0.0383407,-0.480674,0.505285,-0.10375,-0.186343,0.974725,0.0195764,-0.270618,1.41911,-0.118816,-0.737233,0.130413,-0.0652917,-0.207247,0.838059,-0.229523,-0.142828,0.843613,-0.263103,-0.425477,1.20442,0.036383
129,1.27881,-0.231942,1.43991,0.0652432,-0.0763195,0.100889,0.148615,-0.332789,0.971072,0.209082,-0.484841,1.111,0.336824,-0.74784,0.909826,0.303062,-0.00305513,0.0735976,0.0927066,-0.251125,0.45882,0.183968,-0.1912,0.981386,0.0804903,-0.337389,1.42469,0.218314,-0.242611,0.0627088,0.0975292,-0.675199,0.968534,0.25617,-0.650935,0.928567,0.312175,-0.572343,0.110645,-0.104244,-0.327144,0.974337,-0.107753,-0.189111,1.09156,-0.222516,-0.162993,0.749399,-0.290059,-0.518729,0.0484917,-0.0381146,-0.481208,0.504204,-0.103565,-0.187428,0.973879,0.0175081,-0.271543,1.41781,-0.120498,-0.737292,0.129581,-0.0637079,-0.208474,0.836373,-0.230455,-0.144217,0.842114,-0.264305,-0.4262,1.20348,0.035481
130,1.2888,-0.232325,1.43884,0.0632769,-0.0696486,0.102429,0.149309,-0.333052,0.970346,0.207849,-0.483762,1.10964,0.335312,-0.747519,0.909751,0.300259,0.00416498,0.0758524,0.0931281,-0.249516,0.45831,0.183824,-0.191978,0.980593,0.0783011,-0.336931,1.42378,0.216989,-0.23493,0.0626694,0.0977549,-0.674533,0.968261,0.253878,-0.650572,0.927961,0.309818,-0.570681,0.108868,-0.103515,-0.328947,0.973251,-0.108938,-0.191428,1.08992,-0.224075,-0.164754,0.747702,-0.290986,-0.516073,0.0477162,-0.0376457,-0.482608,0.5034,-0.103722,-0.188576,0.973067,0.0153395,-0.272587,1.41658,-0.122283,-0.73533,0.126423,-0.0617306,-0.21026,0.834692,-0.231341,-0.146236,0.840569,-0.265559,-0.426968,1.2026,0.0345539
131,1.29879,-0.232582,1.4379,0.0612878,-0.0630468,0.104204,0.150012,-0.333385,0.96966,0.206539,-0.48243,1.10824,0.333741,-0.746651,0.909154,0.297549,0.0111903,0.0782634,0.0935789,-0.248155,0.457796,0.183616,-0.192836,0.979842,0.0760412,-0.3364,1.42288,0.215595,-0.227292,0.0626139,0.0978829,-0.673329,0.967577,0.251545,-0.649677,0.927044,0.307529,-0.567189,0.10693,-0.102723,-0.330829,0.972326,-0.110152,-0.194089,1.0883,-0.225697,-0.167333,0.746001,-0.291924,-0.51077,0.0479959,-0.0373209,-0.484626,0.502766,-0.103939,-0.189865,0.972277,0.013091,-0.273752,1.41543,-0.124151,-0.731877,0.120718,-0.0593955,-0.212606,0.833056,-0.23219,-0.148826,0.838904,-0.266881,-0.427828,1.20186,0.033623
132,1.30878,-0.232961,1.43695,0.0591901,-0.0564355,0.106179,0.150621,-0.333812,0.969023,0.205129,-0.480853,1.10681,0.332061,-0.745209,0.908075,0.294839,0.0180783,0.0809391,0.0940645,-0.247065,0.45729,0.183386,-0.193836,0.979114,0.0737876,-0.33596,1.42208,0.214108,-0.219592,0.0625646,0.0979605,-0.671684,0.966516,0.249215,-0.64827,0.925803,0.305356,-0.562761,0.104979,-0.102105,-0.332854,0.971386,-0.111551,-0.197087,1.08671,-0.227325,-0.170601,0.744356,-0.292753,-0.504202,0.0486585,-0.0372176,-0.487014,0.502296,-0.104092,-0.191285,0.971547,0.0108147,-0.275038,1.4144,-0.126112,-0.728041,0.113478,-0.0570428,-0.215466,0.83151,-0.232989,-0.152,0.837071,-0.268249,-0.428806,1.20125,0.0327085
133,1.31877,-0.233484,1.43598,0.056933,-0.0500074,0.108142,0.151173,-0.334371,0.968413,0.203633,-0.479077,1.10537,0.330308,-0.743284,0.906436,0.29231,0.0250499,0.0840779,0.09465,-0.246279,0.456792,0.183107,-0.194987,0.97838,0.0715322,-0.335686,1.42144,0.212508,-0.211803,0.0625519,0.098021,-0.669555,0.964904,0.247034,-0.646391,0.924234,0.303301,-0.558373,0.103057,-0.101625,-0.335046,0.970505,-0.11316,-0.200419,1.08515,-0.229,-0.17466,0.742676,-0.293599,-0.497709,0.0494965,-0.0373801,-0.489612,0.502042,-0.104274,-0.192804,0.970879,0.00854148,-0.276474,1.41351,-0.128149,-0.724183,0.106344,-0.0549459,-0.218896,0.83,-0.233739,-0.15581,0.835294,-0.269544,-0.429897,1.20077,0.0317841
134,1.32877,-0.2339,1.43517,0.0546432,-0.0438538,0.110309,0.151683,-0.33506,0.967828,0.202076,-0.477087,1.10393,0.328553,-0.740781,0.904331,0.289809,0.0320895,0.0877444,0.0953124,-0.245804,0.456304,0.182747,-0.196336,0.977695,0.0692414,-0.335272,1.42077,0.210829,-0.20396,0.0625887,0.0981446,-0.666885,0.962829,0.244895,-0.643927,0.922367,0.301232,-0.554323,0.101451,-0.10147,-0.337284,0.96992,-0.114818,-0.204037,1.08364,-0.230697,-0.179549,0.740949,-0.294534,-0.491642,0.0507118,-0.0377268,-0.492063,0.501823,-0.104567,-0.194467,0.970271,0.00624918,-0.277998,1.41276,-0.130266,-0.720028,0.099894,-0.0534513,-0.223096,0.828465,-0.234447,-0.160293,0.833637,-0.270821,-0.431091,1.20038,0.030803
135,1.33876,-0.234254,1.43457,0.0523211,-0.0380082,0.112816,0.152148,-0.335948,0.967258,0.200484,-0.474875,1.10244,0.326728,-0.737715,0.901768,0.28737,0.0385486,0.0914082,0.095783,-0.245705,0.455858,0.182335,-0.197871,0.97711,0.066921,-0.334715,1.42008,0.209107,-0.196176,0.0625781,0.0983005,-0.663693,0.960354,0.242795,-0.640996,0.920208,0.299294,-0.55032,0.100109,-0.101798,-0.339499,0.969699,-0.116427,-0.207936,1.08219,-0.232432,-0.185317,0.739227,-0.295538,-0.485721,0.0522452,-0.0381609,-0.494055,0.50162,-0.105281,-0.196315,0.969713,0.00393492,-0.2795,1.41212,-0.132409,-0.715438,0.0940115,-0.0525072,-0.227953,0.827069,-0.235164,-0.165464,0.832049,-0.271977,-0.432398,1.20012,0.0297306
136,1.34875,-0.234807,1.43407,0.0498464,-0.0324124,0.115556,0.152511,-0.336973,0.966715,0.198871,-0.472427,1.10084,0.324711,-0.734059,0.898735,0.285038,0.0445642,0.095234,0.096039,-0.24608,0.455468,0.181869,-0.199551,0.976619,0.064622,-0.334162,1.41953,0.207334,-0.18832,0.062531,0.0983587,-0.660134,0.957546,0.24073,-0.637466,0.917809,0.297397,-0.546064,0.0988268,-0.102566,-0.341839,0.96975,-0.118025,-0.212106,1.08082,-0.234139,-0.191716,0.737629,-0.296402,-0.479956,0.0535077,-0.0388363,-0.495662,0.501508,-0.106417,-0.198438,0.969214,0.00156727,-0.281123,1.41164,-0.134628,-0.710631,0.0883349,-0.0522125,-0.233422,0.825815,-0.235868,-0.1713,0.830583,-0.273006,-0.433817,1.19997,0.0285489
137,1.35874,-0.235552,1.43368,0.0472246,-0.027071,0.118533,0.152744,-0.338053,0.966218,0.197237,-0.469729,1.0992,0.322522,-0.729798,0.895242,0.282827,0.0506146,0.0997402,0.0962606,-0.247044,0.455084,0.18136,-0.201324,0.976206,0.0623339,-0.33374,1.4192,0.205489,-0.180411,0.0625,0.0983535,-0.65618,0.954413,0.238782,-0.633412,0.915127,0.295766,-0.541354,0.097547,-0.103465,-0.344674,0.969725,-0.119709,-0.216548,1.07955,-0.235832,-0.198718,0.736215,-0.297116,-0.47387,0.0547847,-0.0393462,-0.497286,0.501529,-0.10761,-0.200764,0.968816,-0.000819967,-0.282917,1.4113,-0.136927,-0.705757,0.08291,-0.0525279,-0.23948,0.824707,-0.236505,-0.177653,0.829047,-0.274076,-0.43531,1.19997,0.0272569
138,1.36873,-0.236347,1.43344,0.044509,-0.0221202,0.121836,0.152873,-0.339181,0.965803,0.195582,-0.466777,1.09775,0.320439,-0.724934,0.891315,0.280779,0.0562346,0.104577,0.0963486,-0.248756,0.454662,0.18079,-0.20316,0.975859,0.060007,-0.333386,1.41906,0.20354,-0.172549,0.0624684,0.0982857,-0.651789,0.951002,0.236924,-0.628868,0.912169,0.294399,-0.536032,0.0964168,-0.104104,-0.3476,0.969935,-0.121328,-0.221258,1.07852,-0.2377,-0.206477,0.734931,-0.297684,-0.467654,0.055901,-0.0396849,-0.499235,0.501556,-0.108898,-0.202781,0.968636,-0.00318543,-0.284903,1.41108,-0.139287,-0.700602,0.0781459,-0.053334,-0.24612,0.823806,-0.237083,-0.184559,0.827558,-0.275197,-0.43683,1.20016,0.0258473
139,1.37872,-0.237091,1.43336,0.0417424,-0.0177405,0.125535,0.152859,-0.340309,0.965485,0.193913,-0.463614,1.09647,0.318365,-0.719497,0.886936,0.278991,0.0614765,0.110159,0.0961733,-0.251247,0.454215,0.180199,-0.20507,0.975599,0.0576335,-0.333023,1.41907,0.201518,-0.164816,0.0623919,0.0982101,-0.646972,0.947404,0.235147,-0.623721,0.909061,0.292935,-0.530268,0.0956603,-0.104639,-0.350553,0.970363,-0.122861,-0.226277,1.07762,-0.2396,-0.215085,0.733702,-0.298259,-0.461113,0.056792,-0.0399102,-0.501474,0.50143,-0.110463,-0.20489,0.96859,-0.00558069,-0.287097,1.4111,-0.141748,-0.694878,0.0743958,-0.0542025,-0.25338,0.823128,-0.237608,-0.19203,0.826192,-0.276283,-0.438374,1.20053,0.0243379
140,1.38871,-0.237805,1.43343,0.0389213,-0.0139255,0.12955,0.152662,-0.341436,0.965281,0.192227,-0.460253,1.0953,0.316185,-0.713385,0.882171,0.277411,0.0657315,0.11637,0.0957231,-0.254581,0.45368,0.179775,-0.20705,0.975452,0.0552583,-0.332663,1.41924,0.199457,-0.157185,0.0623305,0.0981953,-0.641724,0.943591,0.23345,-0.617977,0.905744,0.291592,-0.524095,0.095172,-0.105063,-0.353602,0.97079,-0.124442,-0.231643,1.07683,-0.241475,-0.224233,0.732681,-0.298657,-0.454294,0.0573566,-0.0401338,-0.503822,0.501302,-0.112154,-0.207105,0.968673,-0.00802434,-0.289475,1.41134,-0.144248,-0.688479,0.07145,-0.0547575,-0.261297,0.822672,-0.23818,-0.200058,0.824996,-0.277385,-0.43995,1.20104,0.022771
141,1.3987,-0.238532,1.43362,0.0360431,-0.0107835,0.133954,0.152322,-0.342563,0.965187,0.19049,-0.456645,1.09423,0.313919,-0.706574,0.877032,0.276019,0.0693495,0.123251,0.0950747,-0.258912,0.453078,0.179457,-0.208993,0.975424,0.0529115,-0.332241,1.41957,0.19735,-0.149622,0.0622478,0.0982359,-0.6359,0.939406,0.231847,-0.611561,0.902275,0.290108,-0.51756,0.0948733,-0.105266,-0.35653,0.971485,-0.125983,-0.23727,1.07616,-0.243365,-0.234155,0.731806,-0.299048,-0.447282,0.0575879,-0.0403794,-0.505854,0.501261,-0.113994,-0.209365,0.968901,-0.0105546,-0.291812,1.41167,-0.146716,-0.681664,0.0691426,-0.0548515,-0.269841,0.822405,-0.238748,-0.208629,0.823954,-0.27854,-0.44152,1.20165,0.0211533
142,1.40869,-0.239279,1.43398,0.033126,-0.00841322,0.138758,0.151899,-0.34369,0.965226,0.188676,-0.452782,1.09327,0.31161,-0.699034,0.87156,0.27486,0.0720487,0.130722,0.0942855,-0.264232,0.452403,0.179431,-0.210873,0.975524,0.0505314,-0.331666,1.42002,0.195247,-0.141966,0.0619531,0.0982628,-0.629535,0.93492,0.230319,-0.604515,0.898635,0.288741,-0.510591,0.094531,-0.105256,-0.359316,0.972247,-0.127565,-0.243056,1.07576,-0.245337,-0.244859,0.731055,-0.299404,-0.439864,0.0577204,-0.0405634,-0.507194,0.501336,-0.115713,-0.211596,0.96928,-0.0131892,-0.294104,1.41211,-0.149148,-0.674666,0.0675089,-0.0546702,-0.278356,0.822328,-0.238841,-0.217806,0.822984,-0.279599,-0.443022,1.20237,0.0195648
143,1.41868,-0.240008,1.4345,0.0301724,-0.00694721,0.143889,0.151432,-0.344751,0.965441,0.186746,-0.448767,1.09242,0.309198,-0.690771,0.865782,0.273938,0.0737697,0.139138,0.0932422,-0.270467,0.451677,0.179918,-0.212616,0.97576,0.0481979,-0.330949,1.42063,0.193176,-0.134319,0.0614708,0.0983112,-0.622634,0.930257,0.228937,-0.596845,0.894856,0.287558,-0.503191,0.0941698,-0.105118,-0.361913,0.972989,-0.129316,-0.249252,1.07552,-0.247355,-0.256105,0.730581,-0.299557,-0.432102,0.0579135,-0.0406045,-0.507677,0.501289,-0.11718,-0.213538,0.969859,-0.0156158,-0.296572,1.41272,-0.151609,-0.667452,0.0665426,-0.0545102,-0.287612,0.82243,-0.238902,-0.227546,0.822157,-0.280537,-0.44432,1.20326,0.0180545
144,1.42867,-0.240685,1.43516,0.0271757,-0.00644567,0.149341,0.150933,-0.345697,0.965814,0.184778,-0.444579,1.0917,0.306696,-0.681805,0.859748,0.273215,0.0741701,0.148412,0.0920011,-0.277502,0.450915,0.181064,-0.214164,0.976131,0.0459407,-0.330161,1.42134,0.191109,-0.126798,0.0608757,0.0981103,-0.61523,0.925514,0.227741,-0.588585,0.890948,0.286442,-0.49586,0.0942268,-0.105128,-0.364319,0.973666,-0.131305,-0.255733,1.07541,-0.24939,-0.268052,0.730343,-0.299638,-0.42444,0.05791,-0.0407129,-0.507428,0.501008,-0.11859,-0.215253,0.970544,-0.0178528,-0.299201,1.41354,-0.154108,-0.660112,0.0658556,-0.0544917,-0.297383,0.822784,-0.238896,-0.237805,0.821522,-0.281399,-0.445401,1.20433,0.0166391
145,1.43866,-0.241354,1.4359,0.0241764,-0.00690531,0.155165,0.150486,-0.346459,0.96631,0.182965,-0.440169,1.09107,0.304146,-0.672096,0.853534,0.272687,0.0731226,0.158517,0.0907049,-0.285286,0.450143,0.182681,-0.215559,0.976554,0.0437349,-0.329287,1.42216,0.189018,-0.11995,0.0605315,0.0981036,-0.607376,0.920712,0.226731,-0.57961,0.886972,0.285119,-0.488464,0.094245,-0.105171,-0.366378,0.974514,-0.133318,-0.262497,1.07547,-0.251396,-0.280537,0.730428,-0.299556,-0.416936,0.0578055,-0.040845,-0.506343,0.500649,-0.120018,-0.216903,0.97125,-0.0200316,-0.301923,1.41452,-0.156585,-0.652763,0.0652568,-0.0544567,-0.307286,0.823463,-0.238696,-0.248394,0.821101,-0.282206,-0.44666,1.2055,0.0152828
146,1.44865,-0.242022,1.43667,0.021167,-0.00820257,0.161412,0.150145,-0.347088,0.96688,0.18114,-0.435561,1.09048,0.301488,-0.661595,0.847172,0.272323,0.0707522,0.169538,0.0894034,-0.293863,0.44945,0.184624,-0.216776,0.97698,0.0415766,-0.328321,1.42304,0.186912,-0.113972,0.0606627,0.0983006,-0.599132,0.915837,0.225783,-0.570014,0.882965,0.283857,-0.480955,0.0942448,-0.105036,-0.368012,0.975586,-0.135319,-0.26951,1.0757,-0.253381,-0.293761,0.73072,-0.299464,-0.409203,0.0578073,-0.0408006,-0.504397,0.500359,-0.121486,-0.218434,0.971938,-0.0222019,-0.304525,1.41555,-0.158929,-0.64528,0.0647757,-0.0544018,-0.317444,0.824415,-0.238318,-0.259362,0.820991,-0.283213,-0.447984,1.20677,0.0139809
147,1.45864,-0.242662,1.43745,0.0181868,-0.0101985,0.168147,0.149819,-0.348,0.967448,0.178538,-0.430768,1.08988,0.298762,-0.650381,0.840537,0.272201,0.0674536,0.181336,0.0879495,-0.303127,0.448864,0.186667,-0.217696,0.977453,0.0394889,-0.327322,1.42396,0.1848,-0.109241,0.0611322,0.0981004,-0.590466,0.910908,0.224907,-0.55983,0.878977,0.282713,-0.47326,0.0941686,-0.104918,-0.369268,0.97676,-0.137279,-0.276745,1.07609,-0.255367,-0.307551,0.731349,-0.29922,-0.401231,0.0577937,-0.0409536,-0.501611,0.500054,-0.122895,-0.219201,0.972675,-0.0241284,-0.307178,1.41665,-0.161204,-0.637632,0.0644258,-0.0543691,-0.327943,0.825609,-0.237716,-0.271134,0.821165,-0.2841,-0.449061,1.20812,0.0128023
148,1.46864,-0.243239,1.43824,0.0152511,-0.0129215,0.175432,0.149386,-0.348577,0.967944,0.176127,-0.425696,1.08942,0.296176,-0.638595,0.833811,0.2722,0.0629683,0.19359,0.0864647,-0.312904,0.448358,0.18864,-0.218359,0.977898,0.0374803,-0.326246,1.42489,0.182705,-0.105701,0.0623333,0.0978838,-0.581372,0.905945,0.224138,-0.549163,0.875048,0.281571,-0.465439,0.0940535,-0.104862,-0.370347,0.977706,-0.1393,-0.284169,1.07662,-0.257369,-0.321843,0.732307,-0.2988,-0.393377,0.057695,-0.0411589,-0.498144,0.499559,-0.12412,-0.220034,0.973313,-0.0260166,-0.309944,1.41787,-0.163442,-0.629913,0.0641152,-0.0543603,-0.338738,0.82702,-0.23699,-0.283471,0.821412,-0.284848,-0.450057,1.20941,0.0117332
149,1.47863,-0.24376,1.43905,0.0123454,-0.0166567,0.183312,0.148777,-0.348733,0.968399,0.174033,-0.42041,1.08891,0.293559,-0.626244,0.82709,0.272276,0.0571802,0.206287,0.0850282,-0.32301,0.447979,0.190362,-0.218831,0.978229,0.0355603,-0.325096,1.42579,0.180636,-0.103612,0.064433,0.0977681,-0.571896,0.900954,0.2235,-0.538038,0.871186,0.280465,-0.457589,0.0939553,-0.104815,-0.371229,0.978504,-0.141309,-0.291757,1.07725,-0.259371,-0.336564,0.733523,-0.298145,-0.385459,0.0577097,-0.0410489,-0.494225,0.49891,-0.125101,-0.220901,0.973844,-0.0279054,-0.312799,1.41915,-0.165621,-0.622181,0.0638531,-0.0543563,-0.34976,0.828639,-0.236131,-0.296285,0.821712,-0.285487,-0.450997,1.21061,0.0107399
150,1.48862,-0.244255,1.43988,0.00953292,-0.0215228,0.191893,0.147971,-0.348531,0.968823,0.17214,-0.414955,1.08827,0.290831,-0.613327,0.820416,0.272432,0.0501247,0.219424,0.0836122,-0.333363,0.447819,0.191702,-0.219118,0.978419,0.0336328,-0.323897,1.42661,0.178623,-0.103321,0.0669179,0.0976978,-0.562044,0.895948,0.22293,-0.526492,0.867534,0.279378,-0.44976,0.0939122,-0.104802,-0.371878,0.979483,-0.143113,-0.299481,1.07794,-0.261338,-0.351794,0.735038,-0.297336,-0.377518,0.0577901,-0.0407782,-0.490029,0.498287,-0.125936,-0.221123,0.974353,-0.0296126,-0.315554,1.42037,-0.167677,-0.614415,0.0637071,-0.0543683,-0.36097,0.830445,-0.235156,-0.309465,0.822358,-0.286274,-0.451856,1.21168,0.00980527
151,1.49861,-0.244755,1.44074,0.00679225,-0.027143,0.200987,0.146906,-0.347963,0.969215,0.170436,-0.40934,1.0875,0.288014,-0.599853,0.813825,0.272657,0.0418813,0.232805,0.0821104,-0.343938,0.44799,0.192635,-0.219355,0.978415,0.031624,-0.322658,1.42737,0.176705,-0.104659,0.0690401,0.0976009,-0.551876,0.891002,0.222375,-0.514577,0.863964,0.278371,-0.441923,0.0938515,-0.104845,-0.372573,0.980286,-0.144783,-0.307291,1.07869,-0.263268,-0.367325,0.736802,-0.296152,-0.369717,0.0576897,-0.040882,-0.485591,0.497781,-0.126672,-0.221151,0.974858,-0.0312251,-0.31819,1.42149,-0.169591,-0.606585,0.0635551,-0.0544057,-0.372299,0.832405,-0.234065,-0.323046,0.823288,-0.286977,-0.45259,1.2126,0.00892733
152,1.5086,-0.245233,1.44167,0.00411818,-0.0331772,0.210162,0.145518,-0.347118,0.969604,0.168923,-0.403502,1.08671,0.285273,-0.585851,0.807315,0.27284,0.032169,0.24615,0.0805435,-0.354682,0.448599,0.193189,-0.219093,0.978309,0.0299071,-0.321402,1.42807,0.174884,-0.107355,0.0699694,0.0975202,-0.541361,0.886136,0.221852,-0.502365,0.860255,0.277368,-0.434044,0.0937648,-0.104932,-0.372756,0.981251,-0.146166,-0.315163,1.07949,-0.265173,-0.383242,0.73878,-0.294606,-0.361719,0.0576248,-0.0412003,-0.480947,0.497357,-0.127301,-0.221067,0.975408,-0.0327505,-0.32072,1.42257,-0.171358,-0.598727,0.0633831,-0.0544723,-0.383731,0.834542,-0.232892,-0.336968,0.824465,-0.287461,-0.45321,1.21341,0.00815546
153,1.51859,-0.245727,1.4427,0.00154414,-0.0398527,0.218876,0.143821,-0.346085,0.970036,0.16761,-0.397479,1.08595,0.282609,-0.571415,0.800912,0.27304,0.0208223,0.258874,0.0789621,-0.365468,0.449717,0.193535,-0.218351,0.978217,0.0285134,-0.320106,1.42873,0.173186,-0.110015,0.0695759,0.0977947,-0.530319,0.881321,0.221387,-0.489752,0.856697,0.276389,-0.426156,0.0936833,-0.105044,-0.372599,0.982359,-0.147337,-0.323054,1.08035,-0.267052,-0.399483,0.741091,-0.292835,-0.353593,0.0577048,-0.0412381,-0.476183,0.496979,-0.127822,-0.220817,0.976031,-0.0342189,-0.323318,1.42363,-0.17303,-0.590864,0.0632213,-0.0545425,-0.39543,0.8369,-0.231568,-0.351075,0.825861,-0.287749,-0.45368,1.21412,0.00747969
154,1.52858,-0.246222,1.44382,-0.00092029,-0.0476013,0.226732,0.141948,-0.34492,0.970627,0.166464,-0.391325,1.08519,0.280012,-0.556575,0.794737,0.273311,0.00922471,0.269631,0.0768914,-0.376139,0.451382,0.193844,-0.217364,0.978273,0.0272981,-0.318769,1.42935,0.171638,-0.112413,0.0693775,0.0980251,-0.519038,0.876604,0.220897,-0.476712,0.853349,0.275223,-0.418281,0.0936402,-0.105196,-0.373335,0.982838,-0.148705,-0.330976,1.08127,-0.268878,-0.415873,0.743846,-0.290993,-0.345653,0.0577757,-0.0412439,-0.471542,0.49666,-0.128314,-0.220371,0.976794,-0.0355812,-0.325957,1.42472,-0.174623,-0.58297,0.0630809,-0.0545991,-0.4072,0.83948,-0.230175,-0.365266,0.827406,-0.287813,-0.453969,1.21477,0.00690189
155,1.53857,-0.246692,1.44504,-0.00327384,-0.0554311,0.233472,0.140037,-0.343512,0.971489,0.165446,-0.385084,1.08436,0.277348,-0.541171,0.788883,0.273455,-0.000783772,0.27742,0.0739082,-0.38657,0.453544,0.194156,-0.216729,0.978421,0.0259148,-0.31741,1.42995,0.170228,-0.11583,0.0717953,0.0984031,-0.50755,0.872029,0.220401,-0.463456,0.850268,0.27404,-0.4104,0.093647,-0.105358,-0.37377,0.983384,-0.149958,-0.33893,1.08228,-0.270616,-0.432335,0.747054,-0.28901,-0.337741,0.0577013,-0.0415142,-0.46679,0.49635,-0.1287,-0.219865,0.977791,-0.0369396,-0.328572,1.42578,-0.176115,-0.575035,0.062941,-0.0546343,-0.418985,0.842299,-0.228694,-0.379492,0.829182,-0.287633,-0.454086,1.21539,0.00640483
156,1.54856,-0.247115,1.44632,-0.00551062,-0.062625,0.239744,0.137976,-0.342154,0.972633,0.164558,-0.378681,1.08361,0.274713,-0.525343,0.783389,0.273521,-0.00929934,0.282912,0.0700898,-0.396662,0.456145,0.194313,-0.215745,0.978962,0.0246924,-0.316015,1.43053,0.168938,-0.122361,0.0770115,0.0996759,-0.495756,0.867685,0.219876,-0.449881,0.847435,0.272683,-0.402492,0.0937569,-0.105436,-0.373728,0.98411,-0.151094,-0.346881,1.08345,-0.272263,-0.448711,0.750643,-0.286893,-0.329562,0.0579129,-0.0414608,-0.461793,0.495968,-0.128951,-0.219351,0.97903,-0.0383154,-0.331115,1.42684,-0.177464,-0.567074,0.0628368,-0.0546549,-0.430776,0.84537,-0.227101,-0.393718,0.831289,-0.287412,-0.454038,1.216,0.0059977
157,1.55855,-0.247508,1.44762,-0.00761281,-0.0698083,0.24545,0.135797,-0.340996,0.974002,0.16358,-0.372079,1.08301,0.272135,-0.509151,0.778302,0.27353,-0.0174391,0.286734,0.0660044,-0.40633,0.459085,0.194227,-0.214335,0.979931,0.0235995,-0.31458,1.43113,0.167735,-0.132134,0.0829386,0.101674,-0.483666,0.863608,0.219321,-0.435973,0.844873,0.271158,-0.394608,0.0939275,-0.105321,-0.373347,0.984947,-0.1522,-0.354835,1.08481,-0.273773,-0.465011,0.754622,-0.284625,-0.321327,0.0583361,-0.0411492,-0.45648,0.495519,-0.129135,-0.218538,0.980135,-0.0394461,-0.333543,1.42795,-0.178653,-0.559096,0.0627094,-0.0546517,-0.442541,0.848722,-0.225414,-0.407828,0.833758,-0.286984,-0.453842,1.21664,0.00571903
158,1.56854,-0.24782,1.4489,-0.00957174,-0.0776528,0.249807,0.133637,-0.339982,0.975642,0.162528,-0.365326,1.08247,0.269602,-0.492663,0.773725,0.273485,-0.025873,0.288775,0.0621061,-0.415467,0.462262,0.194081,-0.213275,0.981157,0.0223732,-0.31313,1.43175,0.1666,-0.143681,0.0881236,0.103883,-0.47133,0.859825,0.218609,-0.421848,0.842664,0.269549,-0.386737,0.0941002,-0.10515,-0.372531,0.985911,-0.153263,-0.3629,1.08641,-0.275043,-0.481129,0.759101,-0.282174,-0.313462,0.0583001,-0.041104,-0.450764,0.495081,-0.12928,-0.217711,0.981323,-0.0405849,-0.335816,1.42915,-0.179702,-0.551086,0.0624762,-0.0545768,-0.454213,0.852405,-0.223621,-0.42175,0.83658,-0.286342,-0.453506,1.21736,0.00559381
159,1.57853,-0.248083,1.4502,-0.0113707,-0.0864983,0.252549,0.131664,-0.339035,0.977535,0.161455,-0.358391,1.0821,0.267152,-0.475889,0.769677,0.273328,-0.0349277,0.289174,0.0586989,-0.423952,0.465666,0.194028,-0.212493,0.982606,0.0211209,-0.311679,1.43242,0.165505,-0.156212,0.0917877,0.105734,-0.458794,0.856405,0.217814,-0.407507,0.840854,0.2678,-0.3786,0.0938907,-0.105178,-0.371809,0.986688,-0.154369,-0.371071,1.08827,-0.276048,-0.497034,0.764084,-0.279558,-0.30557,0.0581353,-0.0411539,-0.444575,0.494709,-0.129427,-0.217024,0.982628,-0.0417986,-0.3379,1.43046,-0.180651,-0.543028,0.0621781,-0.0543766,-0.465739,0.856421,-0.221735,-0.435405,0.83981,-0.285511,-0.45306,1.21821,0.00559349
160,1.58852,-0.248344,1.45153,-0.0130553,-0.0964128,0.253703,0.129978,-0.338027,0.979617,0.160258,-0.351333,1.08188,0.264714,-0.458842,0.766133,0.272994,-0.0447312,0.28816,0.0559727,-0.432037,0.469293,0.193871,-0.211838,0.984218,0.0198838,-0.310231,1.43315,0.164435,-0.169509,0.0938945,0.106985,-0.44608,0.853382,0.216948,-0.392999,0.839423,0.26587,-0.370476,0.0938668,-0.105232,-0.371302,0.987213,-0.15552,-0.379039,1.09037,-0.276915,-0.51268,0.769506,-0.27679,-0.297732,0.0580276,-0.0412723,-0.437956,0.494395,-0.129553,-0.216464,0.98404,-0.0430351,-0.33978,1.43188,-0.181478,-0.535024,0.062094,-0.0542458,-0.477111,0.86073,-0.219725,-0.448864,0.843403,-0.28451,-0.452523,1.21914,0.00572206
161,1.59851,-0.248576,1.45285,-0.0146541,-0.107222,0.253203,0.128564,-0.336946,0.981792,0.158919,-0.344171,1.08183,0.262287,-0.441583,0.763128,0.272417,-0.0550932,0.285767,0.0539612,-0.439829,0.473055,0.193534,-0.211228,0.985971,0.018747,-0.308772,1.43394,0.163359,-0.183541,0.0945917,0.107697,-0.433184,0.850755,0.215992,-0.378377,0.838422,0.26372,-0.362453,0.0941315,-0.10511,-0.371196,0.987456,-0.156742,-0.386792,1.0927,-0.277636,-0.528012,0.775328,-0.273865,-0.289668,0.058091,-0.0413308,-0.43113,0.494115,-0.129639,-0.216033,0.985514,-0.0442729,-0.341353,1.43336,-0.182161,-0.527024,0.0621194,-0.0542292,-0.488308,0.865337,-0.217616,-0.46214,0.847332,-0.283323,-0.451897,1.22011,0.00596886
162,1.60851,-0.248774,1.45417,-0.0161796,-0.118694,0.25126,0.127532,-0.336022,0.984086,0.157639,-0.33686,1.082,0.259958,-0.42436,0.760743,0.271715,-0.0658039,0.281975,0.0526206,-0.447288,0.476853,0.193106,-0.210598,0.987751,0.0177002,-0.307281,1.4348,0.162274,-0.198502,0.0941189,0.108068,-0.420167,0.848538,0.215011,-0.36372,0.837865,0.261389,-0.354498,0.0941883,-0.104875,-0.371212,0.987608,-0.157955,-0.394366,1.09522,-0.278198,-0.542992,0.781511,-0.270777,-0.281482,0.0582347,-0.0413391,-0.424284,0.49389,-0.129762,-0.215506,0.986767,-0.0452762,-0.34282,1.43492,-0.1828,-0.518974,0.0621798,-0.0543985,-0.499293,0.870202,-0.215396,-0.475385,0.851593,-0.281734,-0.451197,1.22109,0.00630225
163,1.6185,-0.249021,1.4554,-0.0176339,-0.130692,0.247907,0.12678,-0.334973,0.986354,0.156385,-0.32941,1.08238,0.257687,-0.407186,0.758848,0.270823,-0.0767709,0.276809,0.0519003,-0.454311,0.480621,0.192566,-0.209884,0.989428,0.0167332,-0.305774,1.4357,0.16118,-0.214624,0.0928917,0.10825,-0.407105,0.846752,0.214036,-0.349095,0.837708,0.258965,-0.346556,0.0941458,-0.104754,-0.370136,0.988161,-0.158873,-0.401731,1.09787,-0.278621,-0.557594,0.787978,-0.267527,-0.273618,0.0582627,-0.0413018,-0.41748,0.493722,-0.129933,-0.214858,0.987819,-0.046101,-0.344264,1.43651,-0.18339,-0.510942,0.0621587,-0.0544765,-0.510091,0.875276,-0.213031,-0.488317,0.85616,-0.279962,-0.450422,1.22199,0.00667351
164,1.62849,-0.249277,1.45647,-0.0190273,-0.142965,0.243402,0.126428,-0.333939,0.988496,0.155032,-0.321859,1.08291,0.255493,-0.390015,0.757389,0.269597,-0.0879723,0.270234,0.0516298,-0.460837,0.484251,0.191887,-0.209053,0.990918,0.0158433,-0.304284,1.43658,0.160084,-0.232033,0.0911745,0.108388,-0.394046,0.845325,0.212931,-0.334568,0.837926,0.256467,-0.338548,0.0941472,-0.104735,-0.369168,0.988405,-0.159683,-0.408828,1.10058,-0.278931,-0.571795,0.794675,-0.264106,-0.265723,0.0583206,-0.0412902,-0.410696,0.493575,-0.130109,-0.214277,0.988859,-0.0468906,-0.345729,1.4381,-0.183912,-0.502935,0.0621011,-0.0544723,-0.520726,0.880509,-0.210532,-0.500862,0.860986,-0.278031,-0.449556,1.22282,0.00710514
165,1.63848,-0.249451,1.45739,-0.0203913,-0.155699,0.237735,0.126332,-0.332963,0.990447,0.153647,-0.314236,1.08353,0.25339,-0.373131,0.756341,0.268176,-0.0994931,0.262254,0.0517002,-0.466887,0.487695,0.191085,-0.208075,0.992213,0.0150295,-0.302853,1.43737,0.159014,-0.250678,0.0890514,0.108383,-0.381017,0.844224,0.211729,-0.320269,0.838457,0.253963,-0.330536,0.0942074,-0.104776,-0.368312,0.988196,-0.160538,-0.415642,1.10328,-0.279149,-0.58555,0.801575,-0.260517,-0.257751,0.0583613,-0.0412864,-0.403957,0.493395,-0.130291,-0.213743,0.98986,-0.0476265,-0.34724,1.43961,-0.184369,-0.494922,0.0620029,-0.0544895,-0.531184,0.885917,-0.207952,-0.513064,0.865928,-0.275933,-0.448581,1.22356,0.00755977
166,1.64847,-0.249437,1.45822,-0.0217467,-0.169097,0.230966,0.126395,-0.332074,0.992218,0.15253,-0.306545,1.08421,0.251348,-0.35665,0.755553,0.266598,-0.111426,0.252886,0.0520178,-0.472505,0.490922,0.190239,-0.207063,0.993269,0.0142902,-0.301449,1.43803,0.157971,-0.270489,0.0867413,0.108361,-0.368039,0.843385,0.21053,-0.306342,0.839258,0.251486,-0.322522,0.0942624,-0.104852,-0.367513,0.988072,-0.161463,-0.422149,1.10589,-0.279309,-0.598874,0.808492,-0.256781,-0.249749,0.0583258,-0.0412401,-0.397474,0.493127,-0.130573,-0.213148,0.99076,-0.048236,-0.348672,1.44096,-0.184705,-0.486918,0.0619058,-0.0545177,-0.541375,0.89141,-0.205177,-0.524937,0.870692,-0.273749,-0.447532,1.22418,0.00803851
167,1.65846,-0.249299,1.45898,-0.0230741,-0.183205,0.223218,0.126621,-0.331132,0.993705,0.151406,-0.298835,1.08489,0.249383,-0.340526,0.755013,0.264717,-0.123896,0.24227,0.0524727,-0.477685,0.493929,0.189336,-0.206012,0.994111,0.0136939,-0.299913,1.43859,0.156921,-0.291278,0.0844259,0.108707,-0.355172,0.842701,0.209273,-0.292817,0.840244,0.249051,-0.31453,0.0942836,-0.104919,-0.366506,0.988219,-0.162475,-0.428364,1.10835,-0.279433,-0.611763,0.815355,-0.252914,-0.241666,0.0583595,-0.0413003,-0.39118,0.492774,-0.130948,-0.2125,0.991525,-0.0487248,-0.349997,1.44212,-0.184911,-0.478933,0.0618243,-0.0545265,-0.551287,0.896944,-0.202405,-0.536515,0.875511,-0.271367,-0.446463,1.22466,0.00850542
168,1.66845,-0.249258,1.45954,-0.024312,-0.197762,0.214806,0.127062,-0.330172,0.994897,0.150208,-0.291132,1.08551,0.247548,-0.324886,0.754585,0.262619,-0.137076,0.230669,0.0529888,-0.482391,0.496699,0.188365,-0.204957,0.994744,0.0132119,-0.298241,1.43902,0.155885,-0.313088,0.0823635,0.109549,-0.342381,0.842141,0.207795,-0.279623,0.841203,0.246738,-0.306579,0.0942932,-0.104888,-0.365293,0.988439,-0.163541,-0.434308,1.11061,-0.279535,-0.624186,0.822153,-0.248914,-0.233403,0.0585498,-0.0414703,-0.384826,0.492392,-0.131293,-0.211798,0.992129,-0.0491398,-0.351278,1.44306,-0.185022,-0.470968,0.061713,-0.054563,-0.560934,0.902472,-0.199639,-0.547732,0.880395,-0.268811,-0.445375,1.22497,0.00895889
169,1.67844,-0.249331,1.45995,-0.0254328,-0.212764,0.205911,0.127751,-0.329477,0.995798,0.149336,-0.283476,1.08604,0.245823,-0.309441,0.754143,0.260161,-0.151144,0.218409,0.0537369,-0.486596,0.499263,0.187398,-0.20394,0.995181,0.0128216,-0.296735,1.43926,0.154991,-0.335488,0.0801245,0.11068,-0.329607,0.841673,0.206073,-0.266849,0.842092,0.24451,-0.298681,0.0943148,-0.104893,-0.364006,0.98836,-0.16451,-0.439935,1.11263,-0.279599,-0.636128,0.82889,-0.244769,-0.225286,0.058928,-0.0414727,-0.378418,0.491986,-0.131563,-0.211028,0.992537,-0.0495011,-0.352631,1.44383,-0.185123,-0.462995,0.0615705,-0.0545926,-0.570257,0.907897,-0.19683,-0.558565,0.885205,-0.266126,-0.444367,1.22512,0.00936435
170,1.68843,-0.249461,1.46025,-0.0264497,-0.228496,0.196574,0.128638,-0.328774,0.99646,0.148625,-0.275944,1.08646,0.244096,-0.294634,0.753837,0.257708,-0.166183,0.205587,0.054752,-0.490265,0.50158,0.186406,-0.20301,0.995399,0.0124883,-0.295401,1.43928,0.154232,-0.357861,0.0772485,0.111791,-0.31725,0.841276,0.204398,-0.254446,0.843001,0.242297,-0.290799,0.0943084,-0.104928,-0.362859,0.98806,-0.165315,-0.445284,1.11438,-0.279633,-0.647585,0.835508,-0.240514,-0.217223,0.059299,-0.0414508,-0.372005,0.49156,-0.131755,-0.210222,0.99274,-0.0498169,-0.354003,1.44436,-0.185215,-0.455045,0.0614045,-0.054559,-0.579218,0.913149,-0.193937,-0.568992,0.889823,-0.263332,-0.443597,1.22512,0.00969114
171,1.69842,-0.249547,1.46047,-0.0273725,-0.245131,0.186864,0.129711,-0.328064,0.996881,0.148037,-0.268585,1.08676,0.242325,-0.280508,0.753683,0.255283,-0.182384,0.192107,0.055946,-0.493416,0.503624,0.185345,-0.202078,0.995428,0.0121969,-0.294136,1.43908,0.153614,-0.380382,0.0742463,0.11317,-0.305298,0.84091,0.202741,-0.24204,0.844063,0.24012,-0.282939,0.0943601,-0.104832,-0.362098,0.987486,-0.165844,-0.450416,1.11588,-0.279622,-0.658591,0.841875,-0.23625,-0.20893,0.0597609,-0.0413707,-0.365735,0.491121,-0.13185,-0.209269,0.992771,-0.0500583,-0.355261,1.44462,-0.185228,-0.447098,0.0612214,-0.0545808,-0.587938,0.918337,-0.191051,-0.579007,0.894275,-0.260422,-0.443064,1.22496,0.00994064
172,1.70841,-0.249646,1.46055,-0.0281932,-0.262446,0.177036,0.130986,-0.327301,0.997092,0.147587,-0.261232,1.08694,0.240848,-0.266991,0.753599,0.252848,-0.199714,0.178149,0.0570187,-0.496115,0.505339,0.184182,-0.20117,0.995281,0.0119207,-0.292801,1.43869,0.153115,-0.403203,0.071636,0.114924,-0.293682,0.840577,0.201033,-0.229975,0.844843,0.238125,-0.275091,0.0944734,-0.104718,-0.362099,0.986643,-0.166002,-0.45533,1.11714,-0.279529,-0.669095,0.848127,-0.231928,-0.201466,0.059509,-0.0413913,-0.359663,0.490701,-0.13183,-0.208344,0.992639,-0.0503256,-0.356558,1.44473,-0.185172,-0.439186,0.0610793,-0.0548111,-0.596425,0.923523,-0.188154,-0.588594,0.898547,-0.257414,-0.4427,1.22465,0.0101339
173,1.7184,-0.249813,1.46049,-0.0289012,-0.280115,0.167425,0.132384,-0.326137,0.997174,0.147196,-0.25394,1.08702,0.239615,-0.253973,0.75343,0.25045,-0.217693,0.164497,0.0580975,-0.498434,0.506678,0.18292,-0.200297,0.995001,0.0116128,-0.291375,1.43811,0.152739,-0.426361,0.0697776,0.117072,-0.282383,0.840259,0.199269,-0.218363,0.845401,0.236249,-0.267181,0.0944797,-0.104635,-0.361491,0.985898,-0.16627,-0.460058,1.11822,-0.279362,-0.679095,0.854297,-0.227601,-0.193919,0.0593682,-0.0413995,-0.353784,0.490289,-0.13168,-0.207514,0.992365,-0.0506362,-0.357922,1.44469,-0.185112,-0.431233,0.0608117,-0.0548565,-0.604434,0.928507,-0.185211,-0.597716,0.902635,-0.254343,-0.442476,1.22424,0.0103196
174,1.72839,-0.25,1.46031,-0.0294752,-0.298247,0.158199,0.133797,-0.325068,0.997048,0.146934,-0.246922,1.08701,0.238332,-0.24142,0.753249,0.248052,-0.236412,0.151256,0.0592968,-0.500349,0.507657,0.181561,-0.199463,0.99464,0.0112801,-0.290105,1.43734,0.152459,-0.449686,0.0685743,0.119457,-0.271449,0.839962,0.197484,-0.207627,0.845919,0.234218,-0.259155,0.0943707,-0.104603,-0.359789,0.986062,-0.16608,-0.46461,1.11914,-0.279101,-0.688554,0.86027,-0.223275,-0.185956,0.0595476,-0.0413309,-0.348156,0.489873,-0.131448,-0.206753,0.992,-0.0509613,-0.359213,1.44448,-0.184988,-0.4232,0.0606188,-0.0546973,-0.611763,0.933046,-0.182348,-0.606409,0.906534,-0.251229,-0.442379,1.22371,0.0105369
175,1.73838,-0.250139,1.46003,-0.0299359,-0.316746,0.149513,0.135349,-0.324177,0.996736,0.146824,-0.240105,1.08696,0.237161,-0.229339,0.753121,0.245627,-0.255784,0.138445,0.0606326,-0.501806,0.508328,0.180127,-0.198665,0.994236,0.010928,-0.288955,1.43645,0.152262,-0.472994,0.0679302,0.121932,-0.260902,0.839686,0.195707,-0.197235,0.846489,0.23226,-0.251244,0.094418,-0.104467,-0.358726,0.985768,-0.166013,-0.468994,1.11992,-0.278677,-0.697472,0.866067,-0.218945,-0.17783,0.0598476,-0.0412045,-0.342701,0.489473,-0.131195,-0.206076,0.991584,-0.0512592,-0.360462,1.44413,-0.18477,-0.415225,0.0605088,-0.0546077,-0.61835,0.937067,-0.179584,-0.614628,0.910245,-0.248106,-0.44236,1.22307,0.0108447
176,1.74838,-0.250292,1.45966,-0.0302778,-0.33574,0.14135,0.137032,-0.323265,0.99633,0.146771,-0.233623,1.08687,0.235952,-0.217739,0.753073,0.243211,-0.275675,0.126241,0.0621794,-0.502813,0.508742,0.178758,-0.197925,0.993804,0.0105619,-0.287836,1.43545,0.152183,-0.496221,0.0678936,0.124407,-0.250723,0.839454,0.194047,-0.187121,0.847096,0.230405,-0.243483,0.0946607,-0.10425,-0.358306,0.985001,-0.166062,-0.473176,1.1206,-0.27806,-0.705885,0.87173,-0.214664,-0.170033,0.0598286,-0.0412225,-0.337378,0.489062,-0.130931,-0.205515,0.991183,-0.0515593,-0.361676,1.44368,-0.184445,-0.407298,0.0603965,-0.0545934,-0.624696,0.941036,-0.176663,-0.622235,0.913768,-0.244941,-0.442241,1.22234,0.0112851
177,1.75837,-0.250489,1.45917,-0.0305036,-0.355151,0.133788,0.138779,-0.322362,0.99586,0.146748,-0.227476,1.08674,0.234855,-0.20664,0.753111,0.240887,-0.295906,0.11486,0.0639672,-0.503325,0.508911,0.177412,-0.197238,0.993399,0.0102234,-0.286702,1.43441,0.152207,-0.519288,0.0685118,0.126809,-0.241001,0.839282,0.192481,-0.177417,0.84771,0.228653,-0.235655,0.0948181,-0.104065,-0.358132,0.984093,-0.16607,-0.47718,1.1212,-0.277286,-0.713748,0.877128,-0.210504,-0.162182,0.0598613,-0.0412227,-0.332221,0.488619,-0.130671,-0.205075,0.990816,-0.0518595,-0.362855,1.4432,-0.184022,-0.399384,0.0602842,-0.0546018,-0.630724,0.944863,-0.173637,-0.629419,0.917053,-0.241797,-0.442157,1.22153,0.0118997
178,1.76836,-0.250701,1.45857,-0.0306263,-0.374986,0.126748,0.140425,-0.321514,0.995296,0.146763,-0.221682,1.08663,0.233867,-0.196026,0.753202,0.238693,-0.316496,0.104309,0.065931,-0.503274,0.508841,0.176002,-0.196655,0.993039,0.00994462,-0.285581,1.43334,0.152309,-0.542155,0.0698303,0.12909,-0.231868,0.839158,0.191079,-0.168146,0.848326,0.227088,-0.227799,0.0949439,-0.103919,-0.358065,0.983192,-0.16598,-0.480992,1.12171,-0.276337,-0.720964,0.882165,-0.206389,-0.154171,0.0600863,-0.0411506,-0.327204,0.488137,-0.130403,-0.204718,0.990478,-0.052117,-0.363941,1.44266,-0.183534,-0.391528,0.0601919,-0.0546044,-0.636287,0.948405,-0.170617,-0.636079,0.920092,-0.238606,-0.441939,1.22067,0.0126602
179,1.77835,-0.250889,1.4579,-0.0306246,-0.395278,0.120218,0.141782,-0.320764,0.994614,0.146857,-0.21631,1.08652,0.232975,-0.185939,0.753345,0.236598,-0.337754,0.0942885,0.0676944,-0.502625,0.508557,0.174486,-0.196209,0.992674,0.00971751,-0.28451,1.43226,0.15247,-0.564794,0.0719518,0.13124,-0.22328,0.839075,0.189793,-0.159328,0.848945,0.225671,-0.219949,0.0951717,-0.103772,-0.358127,0.982246,-0.165798,-0.484575,1.12217,-0.275235,-0.727524,0.886863,-0.202283,-0.146135,0.0603732,-0.0410907,-0.322194,0.48767,-0.130108,-0.20442,0.990172,-0.0523208,-0.364915,1.44207,-0.182912,-0.383748,0.060142,-0.0545912,-0.64134,0.95162,-0.167585,-0.642141,0.922914,-0.235352,-0.441883,1.21974,0.0136004
180,1.78834,-0.251058,1.45716,-0.0305034,-0.415424,0.114943,0.143258,-0.320115,0.993785,0.147012,-0.211371,1.08641,0.232183,-0.176367,0.753578,0.234636,-0.358878,0.0857202,0.0695871,-0.501473,0.507922,0.173024,-0.195853,0.992283,0.00955853,-0.28349,1.43119,0.152705,-0.587103,0.0748525,0.133176,-0.214993,0.839026,0.188436,-0.151147,0.849646,0.224152,-0.212201,0.0954538,-0.103612,-0.358333,0.981286,-0.165539,-0.487924,1.12256,-0.274014,-0.733496,0.891205,-0.19825,-0.138375,0.0604535,-0.0411121,-0.317158,0.487281,-0.129803,-0.204231,0.989896,-0.0524613,-0.365815,1.44144,-0.182165,-0.375918,0.0600634,-0.0545888,-0.645923,0.954515,-0.164555,-0.647549,0.925488,-0.232036,-0.441636,1.21877,0.0146384
181,1.79833,-0.251281,1.45634,-0.0302586,-0.435482,0.110837,0.144802,-0.319559,0.992818,0.14721,-0.20686,1.08631,0.231487,-0.167323,0.753899,0.232824,-0.380287,0.0782726,0.071602,-0.499956,0.506948,0.171698,-0.195594,0.991851,0.00947604,-0.28254,1.43014,0.15302,-0.609005,0.0784875,0.134786,-0.206733,0.839039,0.186871,-0.143583,0.850445,0.222641,-0.204508,0.0956939,-0.103468,-0.358646,0.9803,-0.165227,-0.491044,1.12284,-0.272639,-0.738893,0.895142,-0.194337,-0.13049,0.0606388,-0.0411398,-0.312352,0.486842,-0.129551,-0.204274,0.989623,-0.0525425,-0.366776,1.44076,-0.181356,-0.368067,0.0599778,-0.0546057,-0.650019,0.957074,-0.161544,-0.65248,0.92777,-0.228854,-0.441179,1.21778,0.0157985
182,1.80832,-0.25153,1.45541,-0.0299004,-0.455445,0.10774,0.146294,-0.31914,0.991699,0.147451,-0.202781,1.08621,0.230871,-0.158825,0.754259,0.231183,-0.401981,0.0717983,0.0735782,-0.498214,0.505762,0.170406,-0.195429,0.991371,0.00948852,-0.281702,1.42911,0.153435,-0.630377,0.0829094,0.13598,-0.198953,0.839135,0.185561,-0.136504,0.851221,0.221392,-0.196835,0.0958988,-0.103342,-0.35903,0.979283,-0.16486,-0.493981,1.123,-0.271131,-0.743707,0.898616,-0.190521,-0.122489,0.0608829,-0.0412151,-0.307826,0.486328,-0.129365,-0.204504,0.989309,-0.0525402,-0.367663,1.44004,-0.180421,-0.360173,0.059891,-0.0546031,-0.653679,0.959266,-0.158527,-0.657101,0.92981,-0.225849,-0.44098,1.21682,0.0170791
183,1.81831,-0.251809,1.4544,-0.0294191,-0.475136,0.10564,0.147573,-0.318888,0.990417,0.147731,-0.199116,1.08605,0.230366,-0.150938,0.754593,0.229704,-0.423407,0.0666088,0.0752996,-0.496304,0.504394,0.169085,-0.195415,0.990819,0.00954393,-0.280999,1.42807,0.153943,-0.65104,0.0880037,0.13665,-0.192677,0.839008,0.184692,-0.129957,0.85195,0.220382,-0.189244,0.0961666,-0.103223,-0.359448,0.978238,-0.164448,-0.496561,1.12302,-0.269624,-0.74794,0.90161,-0.186758,-0.114556,0.0611425,-0.0411882,-0.303524,0.485771,-0.129196,-0.204666,0.988921,-0.0524347,-0.368474,1.43928,-0.179374,-0.352251,0.0597798,-0.0545385,-0.656906,0.961073,-0.155499,-0.661239,0.931569,-0.22269,-0.441,1.21587,0.0184904
184,1.8283,-0.252097,1.45332,-0.0288344,-0.494328,0.10459,0.14859,-0.318856,0.988977,0.148078,-0.195865,1.08583,0.229971,-0.143642,0.754882,0.228407,-0.443887,0.0630558,0.076716,-0.494221,0.502894,0.167796,-0.195503,0.990223,0.00963122,-0.280425,1.427,0.154545,-0.670824,0.0936819,0.136694,-0.186993,0.838821,0.183953,-0.124024,0.852651,0.219446,-0.181767,0.0964371,-0.103066,-0.359937,0.977173,-0.164007,-0.498777,1.12285,-0.268049,-0.751624,0.90412,-0.183017,-0.106504,0.06155,-0.0410879,-0.299414,0.48517,-0.129026,-0.205173,0.988428,-0.0523272,-0.369323,1.43847,-0.178256,-0.344407,0.0597352,-0.0544779,-0.659644,0.962465,-0.152475,-0.664851,0.933008,-0.219558,-0.440906,1.2149,0.0199647
185,1.83829,-0.252393,1.45219,-0.0281012,-0.512802,0.104555,0.149411,-0.319019,0.987386,0.1485,-0.192996,1.08553,0.229709,-0.136957,0.755127,0.227288,-0.462986,0.0612075,0.0781267,-0.492022,0.501247,0.166851,-0.19554,0.989578,0.00979331,-0.279979,1.42588,0.155249,-0.689565,0.0998855,0.136026,-0.181655,0.838656,0.183335,-0.118673,0.853235,0.21867,-0.174297,0.0966311,-0.102935,-0.360464,0.976068,-0.16354,-0.500691,1.12246,-0.26639,-0.754803,0.906158,-0.179267,-0.0988636,0.0616315,-0.0410853,-0.295505,0.484545,-0.128877,-0.205687,0.987839,-0.0521623,-0.370186,1.43758,-0.177059,-0.336636,0.0597359,-0.0544113,-0.661813,0.963312,-0.149546,-0.668038,0.934127,-0.216585,-0.441088,1.21391,0.0214978
186,1.84828,-0.252727,1.451,-0.0272197,-0.530283,0.1054,0.150281,-0.319321,0.985668,0.148979,-0.190484,1.08511,0.229614,-0.130922,0.755271,0.226368,-0.480935,0.0602965,0.079572,-0.48973,0.499416,0.166223,-0.195471,0.988882,0.0100435,-0.279689,1.42471,0.156086,-0.707049,0.106662,0.134661,-0.176862,0.838435,0.182946,-0.113987,0.853652,0.217888,-0.166551,0.0970397,-0.102949,-0.361094,0.974854,-0.163053,-0.502303,1.12185,-0.26463,-0.757512,0.907754,-0.175469,-0.0911229,0.0619137,-0.0410208,-0.291784,0.483922,-0.128775,-0.20608,0.987145,-0.0519024,-0.371092,1.43662,-0.175785,-0.328841,0.0596813,-0.0544329,-0.663441,0.963585,-0.146715,-0.670881,0.934978,-0.213741,-0.441632,1.21287,0.0230927
187,1.85827,-0.253077,1.44975,-0.0261967,-0.5464,0.106796,0.151596,-0.319715,0.983889,0.149555,-0.188312,1.08457,0.229686,-0.125519,0.755276,0.225621,-0.497706,0.059696,0.081507,-0.487457,0.497381,0.165446,-0.19568,0.988,0.0103718,-0.279561,1.42347,0.157076,-0.722918,0.114052,0.13282,-0.172681,0.838085,0.18277,-0.109867,0.853878,0.217341,-0.158878,0.0976233,-0.10291,-0.361898,0.973447,-0.162516,-0.503666,1.12106,-0.262819,-0.759734,0.9089,-0.171615,-0.0831607,0.0624543,-0.0409979,-0.288292,0.483285,-0.128699,-0.206456,0.986326,-0.0514836,-0.371893,1.43561,-0.17442,-0.320799,0.0595077,-0.0547798,-0.664692,0.963453,-0.143714,-0.673296,0.935546,-0.210829,-0.442251,1.21181,0.0247373
188,1.86826,-0.253484,1.44847,-0.025055,-0.560831,0.108201,0.153255,-0.320165,0.982137,0.150283,-0.186447,1.0839,0.229898,-0.120822,0.755089,0.225061,-0.512627,0.0591071,0.0842071,-0.485411,0.495418,0.16415,-0.196625,0.986703,0.0108469,-0.279578,1.42215,0.158205,-0.736699,0.122091,0.130772,-0.169087,0.837535,0.182756,-0.106284,0.853936,0.21711,-0.151386,0.0982578,-0.102782,-0.362788,0.971887,-0.161903,-0.504981,1.12012,-0.261063,-0.761411,0.909532,-0.167693,-0.0754654,0.0627844,-0.0410522,-0.285069,0.482632,-0.128597,-0.207231,0.985399,-0.0510501,-0.37262,1.4345,-0.172974,-0.312864,0.0593857,-0.0549963,-0.665413,0.962794,-0.140789,-0.675347,0.935812,-0.208002,-0.44293,1.21067,0.0264123
189,1.87825,-0.253943,1.44714,-0.0237956,-0.573487,0.109559,0.15447,-0.320619,0.980475,0.151166,-0.1849,1.08309,0.23028,-0.116841,0.75468,0.224697,-0.525498,0.0582024,0.0874155,-0.483794,0.493861,0.162516,-0.197304,0.985396,0.0114485,-0.279739,1.42075,0.15947,-0.748016,0.13045,0.128436,-0.166209,0.836846,0.183015,-0.103291,0.85379,0.217163,-0.144138,0.0987764,-0.10271,-0.363932,0.970093,-0.161241,-0.506092,1.11906,-0.259239,-0.762584,0.909672,-0.163746,-0.0677498,0.0631686,-0.0409938,-0.282166,0.481984,-0.128485,-0.20796,0.984384,-0.0504925,-0.373382,1.43334,-0.171479,-0.305073,0.0593401,-0.0550692,-0.665768,0.961751,-0.13772,-0.676985,0.935783,-0.205234,-0.443685,1.20946,0.0281203
190,1.88825,-0.254463,1.4458,-0.022456,-0.58382,0.111106,0.155415,-0.321077,0.978908,0.152168,-0.183709,1.08211,0.230828,-0.113597,0.754054,0.22454,-0.536075,0.0570877,0.0904804,-0.4828,0.492694,0.16093,-0.197769,0.984056,0.0122266,-0.280041,1.41929,0.16087,-0.756697,0.138323,0.125689,-0.163978,0.836035,0.183517,-0.100958,0.853346,0.217281,-0.136928,0.0993152,-0.102729,-0.364969,0.968596,-0.160441,-0.506965,1.11789,-0.257296,-0.763243,0.909294,-0.159802,-0.0597201,0.0638002,-0.0407971,-0.279614,0.481307,-0.128417,-0.208556,0.983283,-0.0497502,-0.374143,1.43215,-0.169918,-0.29732,0.0593415,-0.0550891,-0.665598,0.960232,-0.134697,-0.678164,0.935395,-0.202509,-0.444521,1.2082,0.0298313
191,1.89824,-0.254997,1.44449,-0.0210374,-0.591559,0.112451,0.155812,-0.32152,0.977431,0.153229,-0.182902,1.08099,0.231562,-0.11108,0.75322,0.224569,-0.54461,0.0556855,0.0925439,-0.482816,0.491596,0.16007,-0.198311,0.982643,0.0131417,-0.280479,1.41781,0.162387,-0.762799,0.144851,0.122825,-0.162167,0.834975,0.184109,-0.0992098,0.852687,0.217711,-0.129734,0.100058,-0.102812,-0.365577,0.967362,-0.159489,-0.507684,1.11667,-0.255287,-0.763353,0.908365,-0.15588,-0.051805,0.0645982,-0.0407801,-0.277405,0.480558,-0.12839,-0.209077,0.98208,-0.0488441,-0.374908,1.43093,-0.168283,-0.289613,0.0593061,-0.0550992,-0.664882,0.958231,-0.131735,-0.678868,0.934619,-0.199781,-0.445395,1.20686,0.0315332
192,1.90823,-0.255579,1.44322,-0.0195219,-0.596531,0.112751,0.155573,-0.321975,0.976041,0.154316,-0.182483,1.07973,0.232499,-0.109332,0.752184,0.22486,-0.551096,0.053601,0.0931712,-0.484142,0.490606,0.159911,-0.198889,0.981205,0.0141704,-0.281007,1.41631,0.164018,-0.766429,0.149312,0.12039,-0.161065,0.833801,0.184947,-0.0980946,0.851708,0.218232,-0.122594,0.100965,-0.102971,-0.366251,0.966038,-0.158521,-0.508465,1.11547,-0.253425,-0.762909,0.906865,-0.152013,-0.0443581,0.0653283,-0.040945,-0.275492,0.479735,-0.128352,-0.209612,0.980785,-0.0477913,-0.375694,1.42969,-0.166608,-0.281905,0.0592179,-0.0551737,-0.66374,0.955833,-0.128953,-0.679053,0.933391,-0.197044,-0.446283,1.20547,0.0332011
193,1.91822,-0.256237,1.44204,-0.017887,-0.598771,0.111424,0.154942,-0.322507,0.974699,0.155437,-0.182496,1.07834,0.233637,-0.108388,0.75094,0.225377,-0.553651,0.0516833,0.0927922,-0.486607,0.489999,0.160038,-0.199482,0.979736,0.0153775,-0.281622,1.41481,0.165764,-0.767683,0.151134,0.118623,-0.160623,0.832506,0.185988,-0.0975697,0.850555,0.219149,-0.115489,0.101934,-0.103219,-0.366634,0.965049,-0.15735,-0.50914,1.11427,-0.251525,-0.761858,0.904769,-0.148235,-0.0368876,0.066484,-0.0413701,-0.273857,0.478872,-0.1283,-0.21012,0.979425,-0.0466225,-0.376513,1.42848,-0.164895,-0.274128,0.0591203,-0.0553206,-0.662112,0.953028,-0.126178,-0.678657,0.93169,-0.194299,-0.447168,1.20405,0.0348164
194,1.92821,-0.256972,1.44094,-0.016154,-0.598539,0.108824,0.154181,-0.323182,0.973437,0.156638,-0.182936,1.07687,0.235028,-0.108233,0.749514,0.226169,-0.553101,0.0497177,0.0917123,-0.48989,0.489715,0.160237,-0.200087,0.978302,0.0167112,-0.282288,1.41331,0.167609,-0.766878,0.150059,0.117187,-0.160839,0.831165,0.187233,-0.0976364,0.849274,0.220512,-0.10845,0.103109,-0.103441,-0.367622,0.963471,-0.15639,-0.509654,1.11309,-0.249569,-0.76009,0.902009,-0.144576,-0.029507,0.0679433,-0.0417379,-0.272506,0.478012,-0.128258,-0.210668,0.978001,-0.045338,-0.37738,1.4273,-0.163093,-0.266303,0.0590055,-0.0554695,-0.660046,0.949905,-0.123573,-0.677704,0.929554,-0.191605,-0.448057,1.20261,0.0363693
195,1.9382,-0.257753,1.4399,-0.0142895,-0.596232,0.105788,0.153447,-0.324056,0.972349,0.157947,-0.183829,1.07532,0.236616,-0.10894,0.747948,0.227248,-0.549632,0.0480415,0.0906298,-0.493486,0.48952,0.160625,-0.200794,0.976897,0.0181425,-0.283023,1.41186,0.169549,-0.764424,0.146107,0.115292,-0.161483,0.829675,0.188493,-0.0983908,0.847786,0.222045,-0.101439,0.104474,-0.103588,-0.368292,0.9623,-0.155393,-0.510008,1.11192,-0.247579,-0.757748,0.898667,-0.141054,-0.0220556,0.0699083,-0.0419023,-0.271501,0.477195,-0.128242,-0.211296,0.976573,-0.0439435,-0.378265,1.42614,-0.161198,-0.25843,0.0588356,-0.0556073,-0.657505,0.946502,-0.121203,-0.676254,0.927027,-0.189046,-0.448907,1.20121,0.0378627
196,1.94819,-0.258549,1.43895,-0.0122918,-0.5923,0.103056,0.152742,-0.325223,0.971452,0.159388,-0.185164,1.07371,0.238417,-0.110427,0.746282,0.228599,-0.543411,0.0474558,0.0901981,-0.497026,0.489134,0.161358,-0.2017,0.975523,0.019668,-0.28384,1.4105,0.171594,-0.760922,0.139679,0.112244,-0.1628,0.82809,0.189906,-0.0998469,0.846121,0.223713,-0.0946071,0.106047,-0.103963,-0.368773,0.961388,-0.15425,-0.510135,1.11076,-0.245592,-0.754826,0.894777,-0.137688,-0.0146678,0.0722016,-0.0422261,-0.270778,0.476426,-0.128254,-0.212115,0.975199,-0.0424033,-0.379115,1.42507,-0.159247,-0.25047,0.058625,-0.0557971,-0.654482,0.942865,-0.119029,-0.674368,0.924159,-0.186763,-0.449751,1.19991,0.0392935
197,1.95818,-0.259362,1.43806,-0.0102114,-0.587525,0.100654,0.151946,-0.326741,0.970783,0.160951,-0.186903,1.07208,0.240388,-0.112719,0.74453,0.230205,-0.536786,0.0475802,0.0900092,-0.500284,0.488452,0.162191,-0.202896,0.974262,0.0213223,-0.284755,1.40924,0.173719,-0.757198,0.132297,0.108518,-0.16485,0.826513,0.191528,-0.101987,0.844318,0.225585,-0.0880185,0.107855,-0.104564,-0.369654,0.960284,-0.152974,-0.509944,1.10955,-0.24362,-0.751231,0.890345,-0.134521,-0.00746928,0.0747638,-0.0427531,-0.270336,0.475663,-0.128256,-0.213178,0.973961,-0.040699,-0.37989,1.42412,-0.157251,-0.242389,0.0584105,-0.0561107,-0.651112,0.939154,-0.116874,-0.671994,0.920961,-0.184801,-0.450589,1.19877,0.0407235
198,1.96817,-0.260117,1.43723,-0.00803787,-0.582803,0.0986368,0.1511,-0.328604,0.97037,0.162602,-0.189057,1.07044,0.242512,-0.115872,0.742675,0.232096,-0.530402,0.0481944,0.089867,-0.503099,0.487421,0.1629,-0.204346,0.973167,0.0231535,-0.285734,1.40809,0.175896,-0.753486,0.125409,0.104775,-0.167507,0.824872,0.193251,-0.104773,0.842445,0.227666,-0.0816722,0.109836,-0.105181,-0.370349,0.959491,-0.151532,-0.509397,1.10827,-0.24168,-0.74707,0.885494,-0.131623,-0.000696709,0.0776595,-0.0431662,-0.270195,0.474928,-0.128236,-0.214484,0.972876,-0.038827,-0.380588,1.42329,-0.155215,-0.234284,0.0582095,-0.0563377,-0.647301,0.935301,-0.114971,-0.668865,0.917422,-0.182867,-0.451446,1.19782,0.0421584
199,1.97816,-0.260784,1.43649,-0.00578525,-0.578585,0.0972097,0.15033,-0.330817,0.970193,0.16434,-0.191596,1.06882,0.244806,-0.119851,0.7408,0.234239,-0.524378,0.0491968,0.0898079,-0.505314,0.486218,0.16358,-0.206022,0.972245,0.0253167,-0.286725,1.40707,0.178125,-0.7497,0.119109,0.101106,-0.170821,0.823253,0.195106,-0.108173,0.840566,0.229927,-0.0755539,0.111913,-0.105735,-0.370716,0.9593,-0.149879,-0.508454,1.10695,-0.239802,-0.74224,0.880219,-0.129045,0.00612161,0.0812332,-0.0434419,-0.270423,0.47422,-0.128168,-0.215968,0.971998,-0.036741,-0.381175,1.42259,-0.153149,-0.226183,0.0579785,-0.0564857,-0.643074,0.931328,-0.113344,-0.665074,0.913702,-0.181038,-0.452331,1.19709,0.043669
200,1.98815,-0.261388,1.43586,-0.003465,-0.574742,0.0960303,0.149775,-0.333402,0.970166,0.16617,-0.194485,1.06728,0.247206,-0.124592,0.738925,0.236604,-0.518469,0.0504519,0.0899148,-0.506883,0.485162,0.164422,-0.207764,0.971504,0.0278799,-0.28777,1.40617,0.180411,-0.745952,0.11296,0.0979014,-0.174823,0.821676,0.197135,-0.112213,0.838641,0.232351,-0.0696953,0.114279,-0.106206,-0.371302,0.959379,-0.148011,-0.507052,1.1056,-0.23796,-0.736726,0.874567,-0.126823,0.0127018,0.0852189,-0.0436898,-0.271131,0.473606,-0.128018,-0.217609,0.971279,-0.0343153,-0.381635,1.4221,-0.15107,-0.218027,0.0577208,-0.0565343,-0.638451,0.927305,-0.111965,-0.660759,0.909993,-0.179435,-0.453249,1.19665,0.0452613
201,1.99814,-0.261993,1.43535,-0.00103135,-0.570957,0.0947953,0.149648,-0.336385,0.970207,0.168133,-0.197705,1.06586,0.249693,-0.130107,0.737081,0.239218,-0.512952,0.0516796,0.0900847,-0.508147,0.484427,0.165311,-0.20959,0.970981,0.0307476,-0.288876,1.40542,0.182769,-0.742285,0.106738,0.0956438,-0.1795,0.820179,0.199342,-0.116976,0.836613,0.234897,-0.0641724,0.117068,-0.106562,-0.373127,0.95864,-0.146349,-0.505163,1.10426,-0.236155,-0.730624,0.868705,-0.125007,0.0188167,0.089559,-0.0439013,-0.272378,0.473109,-0.12779,-0.219273,0.970708,-0.0315097,-0.381955,1.42181,-0.148976,-0.209857,0.057518,-0.0565343,-0.633418,0.923275,-0.110865,-0.655937,0.906195,-0.178261,-0.4541,1.19654,0.046918
202,2.00813,-0.262644,1.435,0.00150726,-0.566904,0.0935012,0.14997,-0.339786,0.970296,0.170204,-0.201241,1.06456,0.252253,-0.136353,0.735353,0.241996,-0.507606,0.0528486,0.0903834,-0.50963,0.483949,0.165955,-0.211516,0.9707,0.0338462,-0.290032,1.40485,0.185182,-0.738418,0.100513,0.0944889,-0.184821,0.818744,0.201724,-0.122397,0.834628,0.23744,-0.0590906,0.120243,-0.10683,-0.374761,0.958286,-0.144562,-0.502752,1.10297,-0.234347,-0.724025,0.862699,-0.123714,0.0244909,0.0943663,-0.044069,-0.274309,0.472643,-0.127513,-0.221005,0.970292,-0.0284244,-0.382136,1.42174,-0.146876,-0.201939,0.0574145,-0.0566748,-0.627956,0.919243,-0.110073,-0.650624,0.902318,-0.177517,-0.454868,1.19675,0.0486488
203,2.01812,-0.263331,1.43481,0.00412162,-0.562487,0.0923976,0.150362,-0.343554,0.970509,0.172268,-0.205142,1.0634,0.254935,-0.143289,0.733784,0.244887,-0.502194,0.0538552,0.0906559,-0.51154,0.483495,0.166511,-0.213995,0.9705,0.0372228,-0.291282,1.40447,0.187634,-0.734206,0.0945125,0.0944238,-0.190799,0.81748,0.204326,-0.128421,0.832592,0.240311,-0.0544656,0.123773,-0.107059,-0.376244,0.958067,-0.142743,-0.499874,1.10179,-0.232511,-0.716779,0.856542,-0.122987,0.0300468,0.100006,-0.0441937,-0.277041,0.472147,-0.127254,-0.223146,0.97,-0.0252043,-0.382207,1.42191,-0.144782,-0.194153,0.0572932,-0.0568574,-0.622001,0.915223,-0.109657,-0.644751,0.898423,-0.177137,-0.456049,1.19722,0.0504946
204,2.02812,-0.263993,1.43474,0.00682034,-0.557571,0.0915207,0.15093,-0.347518,0.97079,0.174324,-0.209385,1.06238,0.257745,-0.150917,0.732294,0.247901,-0.496033,0.0553338,0.091094,-0.513698,0.483024,0.167481,-0.216792,0.970461,0.040776,-0.292654,1.40429,0.190133,-0.729632,0.0889591,0.0952089,-0.197405,0.81636,0.207061,-0.135005,0.830733,0.243441,-0.0502808,0.127665,-0.107193,-0.37764,0.958119,-0.140877,-0.496561,1.10074,-0.230639,-0.708902,0.850284,-0.122858,0.0351279,0.106336,-0.0442948,-0.28064,0.471615,-0.127087,-0.225182,0.969888,-0.0218106,-0.38217,1.4223,-0.142682,-0.186228,0.0569814,-0.056993,-0.615796,0.911341,-0.109369,-0.638054,0.894513,-0.176884,-0.457747,1.19789,0.0524289
205,2.03811,-0.264595,1.43479,0.00959837,-0.552154,0.0908347,0.151536,-0.351443,0.971091,0.176402,-0.21394,1.06155,0.260692,-0.159315,0.730735,0.251219,-0.489638,0.0565234,0.0914097,-0.515821,0.482673,0.168923,-0.219589,0.970707,0.0443258,-0.294168,1.40429,0.192695,-0.724586,0.0841175,0.096371,-0.204623,0.815343,0.209931,-0.142231,0.82899,0.24648,-0.0467074,0.131859,-0.107304,-0.378901,0.958403,-0.138936,-0.492824,1.09983,-0.228795,-0.700403,0.843975,-0.123379,0.0393727,0.113372,-0.0440995,-0.285182,0.471052,-0.127149,-0.227457,0.96998,-0.0184492,-0.38201,1.42289,-0.140582,-0.178288,0.0566153,-0.0571531,-0.609357,0.907605,-0.109209,-0.63059,0.890592,-0.176876,-0.459833,1.19872,0.0543673
206,2.0481,-0.265175,1.43498,0.0124537,-0.546288,0.090395,0.151863,-0.355116,0.971462,0.178557,-0.218836,1.06086,0.263732,-0.168487,0.72934,0.254707,-0.482979,0.0573268,0.091625,-0.517486,0.482502,0.170724,-0.222241,0.971273,0.0477354,-0.295805,1.40445,0.195303,-0.718793,0.0800529,0.0972999,-0.212479,0.81452,0.213017,-0.149996,0.827402,0.24974,-0.0439216,0.136344,-0.107311,-0.380053,0.958909,-0.136852,-0.488656,1.09904,-0.226966,-0.69147,0.837725,-0.124564,0.0427472,0.121192,-0.0436408,-0.290706,0.470475,-0.127582,-0.229832,0.970202,-0.0152351,-0.381733,1.42361,-0.138479,-0.170405,0.0562185,-0.0573351,-0.602487,0.903928,-0.109429,-0.622574,0.886676,-0.177208,-0.461882,1.19965,0.056233
207,2.05809,-0.265769,1.43527,0.0153749,-0.539968,0.0901492,0.152057,-0.35833,0.972019,0.1808,-0.224079,1.06027,0.266864,-0.178314,0.728157,0.258233,-0.475984,0.0578714,0.0917706,-0.518513,0.482473,0.172739,-0.224736,0.972083,0.0508721,-0.297559,1.4048,0.197994,-0.712367,0.0770237,0.0977605,-0.220928,0.813872,0.216281,-0.158271,0.825926,0.253286,-0.0421344,0.141102,-0.107328,-0.381422,0.95972,-0.134553,-0.484094,1.09836,-0.225135,-0.682153,0.831589,-0.126377,0.0449733,0.129501,-0.0430199,-0.297031,0.469908,-0.128359,-0.231756,0.970505,-0.0121712,-0.381334,1.42444,-0.136374,-0.162609,0.0557805,-0.057451,-0.595276,0.900312,-0.109912,-0.614081,0.882846,-0.177965,-0.463942,1.20065,0.0579775
208,2.06808,-0.266383,1.43571,0.0183593,-0.533205,0.0900323,0.1522,-0.360922,0.972829,0.18311,-0.229637,1.0598,0.270113,-0.188764,0.727169,0.261784,-0.468763,0.0582222,0.0918916,-0.519008,0.482524,0.174867,-0.227039,0.973038,0.0536442,-0.299431,1.4053,0.200763,-0.7055,0.0748089,0.0978177,-0.229923,0.813426,0.219663,-0.16708,0.824349,0.256804,-0.041403,0.146156,-0.107386,-0.383116,0.960243,-0.132249,-0.479143,1.09775,-0.223331,-0.672473,0.825572,-0.1288,0.0460697,0.138472,-0.0423563,-0.304236,0.469186,-0.129645,-0.233608,0.970884,-0.00945763,-0.380817,1.42536,-0.134278,-0.155094,0.0553374,-0.0574995,-0.587918,0.896815,-0.110507,-0.605047,0.879084,-0.179042,-0.46628,1.20169,0.0596577
209,2.07807,-0.26698,1.43631,0.0214084,-0.526172,0.0899895,0.152377,-0.362836,0.973902,0.185444,-0.235494,1.05942,0.273474,-0.199884,0.726233,0.265505,-0.46136,0.058485,0.0919775,-0.519112,0.4826,0.177029,-0.22905,0.974036,0.0559578,-0.301384,1.40596,0.203581,-0.698401,0.0730438,0.0976834,-0.239423,0.813087,0.223117,-0.176513,0.822935,0.260249,-0.0415016,0.151302,-0.107483,-0.384633,0.960718,-0.129753,-0.473828,1.09714,-0.221645,-0.662299,0.819686,-0.131795,0.0457134,0.148146,-0.0414718,-0.312154,0.468404,-0.131538,-0.235555,0.971324,-0.00721832,-0.38025,1.42637,-0.132221,-0.148227,0.0550103,-0.0575586,-0.580362,0.893408,-0.111301,-0.595445,0.875384,-0.180379,-0.468439,1.20282,0.0612311
210,2.08806,-0.267604,1.43697,0.0244897,-0.519124,0.0898838,0.152358,-0.36421,0.97514,0.187805,-0.241688,1.05913,0.276929,-0.211695,0.725287,0.26955,-0.453766,0.0587724,0.0920995,-0.518804,0.482701,0.17917,-0.230783,0.974941,0.0578529,-0.303432,1.40672,0.206435,-0.691229,0.0714496,0.0975856,-0.249481,0.812854,0.226754,-0.186431,0.821663,0.263896,-0.0422615,0.156907,-0.107178,-0.386114,0.96121,-0.127341,-0.468153,1.09656,-0.220122,-0.651615,0.81399,-0.135314,0.0441974,0.158667,-0.040542,-0.32072,0.46771,-0.133741,-0.237494,0.971766,-0.00536673,-0.379639,1.42739,-0.130158,-0.142071,0.0550251,-0.0577592,-0.572479,0.890044,-0.112457,-0.585336,0.871762,-0.181918,-0.47036,1.20406,0.0626897
211,2.09805,-0.268243,1.43764,0.0275774,-0.511966,0.0898206,0.152285,-0.365202,0.976404,0.190178,-0.248192,1.0589,0.280474,-0.22402,0.724547,0.273613,-0.44607,0.0590361,0.0922206,-0.517992,0.48276,0.181246,-0.232278,0.975621,0.0594505,-0.305497,1.40758,0.2093,-0.684016,0.0700859,0.097561,-0.26005,0.812766,0.230595,-0.196794,0.820481,0.267757,-0.0437646,0.16302,-0.106929,-0.387102,0.961739,-0.12503,-0.462149,1.09601,-0.218751,-0.640467,0.808454,-0.139279,0.0416674,0.169951,-0.0395674,-0.329837,0.467052,-0.135948,-0.239024,0.972045,-0.00366734,-0.379019,1.42835,-0.128076,-0.136861,0.0557192,-0.0579864,-0.564289,0.886751,-0.113941,-0.574735,0.86823,-0.183716,-0.47235,1.20535,0.0641018
212,2.10804,-0.268782,1.43828,0.0306124,-0.504581,0.0897815,0.152141,-0.365954,0.977553,0.192553,-0.254947,1.05874,0.284083,-0.236867,0.724008,0.277677,-0.438338,0.0591485,0.092235,-0.516733,0.482587,0.183216,-0.233543,0.975997,0.0608719,-0.307624,1.40845,0.212088,-0.67664,0.0691577,0.0975722,-0.270813,0.812822,0.234257,-0.207638,0.819373,0.271777,-0.0458069,0.169709,-0.106692,-0.388074,0.961717,-0.122669,-0.455898,1.09552,-0.217394,-0.629027,0.803115,-0.143611,0.0382571,0.181993,-0.0385212,-0.339418,0.466344,-0.137847,-0.240185,0.97213,-0.0020923,-0.378405,1.42923,-0.126006,-0.132745,0.0572618,-0.0581095,-0.555969,0.883581,-0.115604,-0.563725,0.864786,-0.185761,-0.474099,1.2066,0.0654502
213,2.11803,-0.269215,1.43884,0.0335823,-0.497023,0.0897646,0.151983,-0.366549,0.978549,0.194915,-0.261917,1.05862,0.287778,-0.250251,0.72359,0.281795,-0.430542,0.0591566,0.0922151,-0.515065,0.482045,0.185057,-0.234552,0.976075,0.0622161,-0.309939,1.40927,0.214747,-0.669079,0.0685609,0.0976112,-0.281844,0.812993,0.237784,-0.218962,0.81832,0.275905,-0.0483501,0.177173,-0.106343,-0.390408,0.961062,-0.119358,-0.449307,1.09499,-0.216041,-0.617276,0.797989,-0.148227,0.0340042,0.194813,-0.0375022,-0.349413,0.465584,-0.13924,-0.241282,0.972011,-0.00068587,-0.377639,1.43002,-0.123923,-0.129707,0.0597357,-0.0581169,-0.547843,0.880589,-0.117148,-0.552372,0.861442,-0.187985,-0.475479,1.20771,0.066744
214,2.12802,-0.269535,1.43933,0.0364571,-0.489386,0.0897203,0.151871,-0.36704,0.979384,0.197263,-0.2691,1.0585,0.291548,-0.264123,0.723294,0.285989,-0.422729,0.0591643,0.0922408,-0.512868,0.481225,0.186738,-0.235258,0.975952,0.0636054,-0.312418,1.41002,0.217253,-0.661454,0.0680714,0.0976575,-0.293202,0.813272,0.241289,-0.230709,0.81727,0.280179,-0.0514146,0.185412,-0.105762,-0.392511,0.960519,-0.116062,-0.442357,1.09439,-0.21467,-0.605204,0.793087,-0.153048,0.0289129,0.207989,-0.0362638,-0.359729,0.464854,-0.140155,-0.241938,0.971624,0.000729081,-0.376766,1.43073,-0.121891,-0.127924,0.0632758,-0.0580713,-0.539335,0.877513,-0.119108,-0.540677,0.85823,-0.19034,-0.476481,1.20868,0.0679816
215,2.13801,-0.269904,1.43974,0.0392597,-0.48172,0.0896562,0.15182,-0.367423,0.980031,0.199586,-0.276505,1.05841,0.295316,-0.278514,0.723149,0.290271,-0.414938,0.0591882,0.0922666,-0.510045,0.480381,0.188259,-0.235734,0.97567,0.0651723,-0.314732,1.41074,0.219698,-0.653784,0.0676718,0.0977499,-0.304933,0.813658,0.244859,-0.242832,0.81624,0.284609,-0.0552321,0.194244,-0.104866,-0.391675,0.961049,-0.114616,-0.435298,1.09377,-0.213466,-0.592879,0.788366,-0.158046,0.0228929,0.221311,-0.0348468,-0.370263,0.464319,-0.140664,-0.242004,0.970953,0.00228008,-0.375903,1.4313,-0.120057,-0.127636,0.0675377,-0.0578491,-0.530463,0.874392,-0.121495,-0.52869,0.855158,-0.192805,-0.477405,1.20946,0.0692005
216,2.148,-0.270339,1.44015,0.0420155,-0.474009,0.0895977,0.151782,-0.367792,0.980531,0.201875,-0.284132,1.05834,0.299092,-0.293412,0.723149,0.2947,-0.407074,0.0592077,0.0922778,-0.50668,0.479707,0.189667,-0.235975,0.975331,0.0669154,-0.316884,1.41143,0.222107,-0.646092,0.0673222,0.0978311,-0.317011,0.81416,0.248509,-0.25536,0.815509,0.289013,-0.0598457,0.203243,-0.103689,-0.390866,0.96141,-0.112944,-0.428219,1.09318,-0.212426,-0.580338,0.78378,-0.163207,0.0157559,0.234544,-0.033207,-0.3809,0.464202,-0.140904,-0.241589,0.970089,0.00394329,-0.374878,1.43181,-0.118374,-0.129188,0.0711998,-0.0575437,-0.521311,0.871359,-0.124208,-0.516471,0.852262,-0.195347,-0.478273,1.21008,0.0703856
217,2.15799,-0.27059,1.44084,0.0447372,-0.466256,0.0895528,0.151732,-0.368199,0.980949,0.204076,-0.291926,1.05832,0.302868,-0.308622,0.723453,0.299013,-0.399144,0.0592281,0.0923131,-0.502933,0.479254,0.190973,-0.235948,0.975062,0.0687723,-0.31901,1.41212,0.224468,-0.638343,0.0669663,0.0978241,-0.32939,0.814819,0.252166,-0.268435,0.81495,0.29336,-0.0649885,0.212019,-0.102165,-0.39053,0.961466,-0.110823,-0.421139,1.09266,-0.211486,-0.567492,0.779468,-0.168474,0.00715432,0.247463,-0.0315179,-0.391543,0.464681,-0.14091,-0.241222,0.969238,0.00567864,-0.373627,1.43228,-0.116774,-0.131822,0.0731657,-0.0577075,-0.511988,0.868418,-0.1271,-0.504083,0.849582,-0.197904,-0.479038,1.21056,0.0714907
218,2.16799,-0.270767,1.4418,0.0473774,-0.458443,0.0895275,0.151665,-0.368519,0.981393,0.206081,-0.299836,1.05837,0.306738,-0.324127,0.724051,0.303313,-0.391138,0.0592474,0.0923991,-0.499091,0.478916,0.192188,-0.235731,0.97501,0.0707716,-0.321128,1.41282,0.226784,-0.630512,0.0667106,0.0978479,-0.34195,0.815691,0.255703,-0.281682,0.814549,0.297688,-0.070775,0.220122,-0.100479,-0.389517,0.961941,-0.109444,-0.413981,1.09219,-0.210524,-0.554417,0.775492,-0.173824,-0.00324782,0.259585,-0.0297241,-0.402091,0.46577,-0.140601,-0.24085,0.968657,0.00754702,-0.37223,1.43273,-0.115306,-0.134434,0.0735257,-0.0583532,-0.502649,0.865609,-0.129972,-0.49172,0.847172,-0.200565,-0.479321,1.211,0.0724612
219,2.17798,-0.270915,1.44295,0.0499287,-0.450556,0.0895086,0.151641,-0.368295,0.981937,0.207717,-0.30787,1.05854,0.310682,-0.339949,0.724974,0.307646,-0.383156,0.059276,0.0924882,-0.495051,0.47853,0.193151,-0.23531,0.975322,0.0728958,-0.323187,1.41356,0.229043,-0.622653,0.0665371,0.0978969,-0.354707,0.816814,0.259101,-0.295068,0.814316,0.302033,-0.0772279,0.227358,-0.098719,-0.388114,0.962941,-0.108351,-0.406889,1.09188,-0.209644,-0.541114,0.771874,-0.179129,-0.0142466,0.269756,-0.0273168,-0.412536,0.467431,-0.14001,-0.240317,0.968532,0.00959027,-0.37076,1.4332,-0.114001,-0.136802,0.0741319,-0.0590712,-0.49304,0.862962,-0.132969,-0.479372,0.845098,-0.203269,-0.479157,1.21145,0.0732757
220,2.18797,-0.271137,1.44413,0.0524201,-0.442663,0.0894882,0.15162,-0.368187,0.98258,0.209207,-0.316146,1.05888,0.314435,-0.355964,0.726327,0.311973,-0.375175,0.0593237,0.0925087,-0.490817,0.478066,0.193869,-0.234716,0.97605,0.0750716,-0.325143,1.41435,0.231233,-0.614719,0.0663411,0.0978958,-0.367868,0.818197,0.262659,-0.308671,0.814305,0.306399,-0.0840944,0.233902,-0.0968961,-0.386613,0.964639,-0.107435,-0.399935,1.09179,-0.208895,-0.527646,0.768704,-0.184307,-0.0241132,0.277339,-0.023957,-0.422687,0.469605,-0.139413,-0.239555,0.968933,0.0117412,-0.369177,1.43374,-0.112822,-0.139603,0.0767879,-0.0604843,-0.483104,0.860521,-0.136097,-0.467007,0.843433,-0.205964,-0.478867,1.21196,0.0739477
221,2.19796,-0.27131,1.44531,0.0548168,-0.434752,0.0894955,0.151544,-0.368176,0.983313,0.210611,-0.324646,1.05948,0.318011,-0.372188,0.728172,0.316285,-0.36708,0.0594109,0.0925676,-0.486355,0.477617,0.194368,-0.233996,0.977183,0.0772187,-0.326983,1.41524,0.233291,-0.606756,0.0661438,0.0978522,-0.381323,0.819868,0.266378,-0.322526,0.814693,0.310668,-0.0909361,0.240134,-0.0949727,-0.385596,0.96616,-0.106156,-0.393082,1.09197,-0.208208,-0.514107,0.766013,-0.189363,-0.0329307,0.283076,-0.0199867,-0.432448,0.472193,-0.138751,-0.238663,0.969884,0.0138378,-0.367418,1.43435,-0.111703,-0.14469,0.0817748,-0.0623907,-0.472923,0.85838,-0.139306,-0.45467,0.842207,-0.208689,-0.47842,1.21254,0.0744427
222,2.20795,-0.271288,1.4465,0.0571048,-0.426828,0.0895177,0.151415,-0.368028,0.984121,0.211931,-0.333325,1.06036,0.321461,-0.388526,0.730478,0.320498,-0.358817,0.059567,0.0927091,-0.481576,0.477208,0.194665,-0.233223,0.978628,0.0791962,-0.328706,1.41626,0.235206,-0.598785,0.0660108,0.097803,-0.394503,0.821927,0.269771,-0.336484,0.81543,0.314915,-0.0979306,0.246024,-0.0929131,-0.384604,0.967477,-0.104588,-0.386343,1.09243,-0.207583,-0.500528,0.763806,-0.194297,-0.0411986,0.287384,-0.0158197,-0.441734,0.475054,-0.137786,-0.237711,0.971257,0.0158145,-0.365477,1.43509,-0.110619,-0.152434,0.0876182,-0.0646033,-0.462567,0.856555,-0.142396,-0.442441,0.841452,-0.211442,-0.477766,1.2132,0.0747207
223,2.21794,-0.271057,1.44773,0.0592825,-0.418849,0.0895772,0.151231,-0.367682,0.98494,0.213214,-0.34212,1.06159,0.324781,-0.404847,0.733285,0.324574,-0.350773,0.0595947,0.0926062,-0.476384,0.476808,0.194758,-0.232408,0.980238,0.0809878,-0.330332,1.41744,0.236968,-0.590799,0.065875,0.0977092,-0.407757,0.824436,0.272728,-0.35057,0.816668,0.31904,-0.10543,0.251047,-0.0907548,-0.383022,0.969262,-0.103505,-0.379719,1.09318,-0.207035,-0.486949,0.762066,-0.199117,-0.0491211,0.290023,-0.0119827,-0.450463,0.478115,-0.136567,-0.236826,0.972738,0.0177538,-0.363384,1.436,-0.109535,-0.162029,0.0930462,-0.066747,-0.452015,0.855032,-0.145426,-0.43035,0.841147,-0.214095,-0.47693,1.21396,0.0747656
224,2.22793,-0.270691,1.44902,0.0613572,-0.410866,0.0896235,0.151052,-0.367143,0.985728,0.214504,-0.35096,1.06322,0.327982,-0.421129,0.736645,0.328559,-0.342876,0.0595039,0.0924092,-0.470933,0.476412,0.194784,-0.231513,0.98185,0.0825759,-0.331795,1.41875,0.238546,-0.582796,0.0657631,0.0975893,-0.420896,0.827342,0.275713,-0.364721,0.818427,0.323028,-0.113618,0.254948,-0.0886402,-0.381342,0.971279,-0.102411,-0.373151,1.09422,-0.206578,-0.473385,0.760885,-0.203699,-0.0572055,0.291296,-0.008594,-0.458706,0.481372,-0.1353,-0.235865,0.974333,0.0194359,-0.361175,1.43706,-0.10845,-0.17268,0.0974653,-0.0684128,-0.441392,0.853922,-0.148414,-0.418354,0.841309,-0.216657,-0.475997,1.2148,0.0746001
225,2.23792,-0.270278,1.45036,0.0633655,-0.40287,0.0896757,0.150917,-0.366417,0.986466,0.21583,-0.359785,1.06528,0.331031,-0.437426,0.740606,0.332502,-0.33463,0.0596557,0.0924655,-0.465205,0.476112,0.194804,-0.230641,0.983362,0.0839917,-0.332889,1.42019,0.239897,-0.574801,0.0657163,0.0975137,-0.433924,0.830637,0.278721,-0.378838,0.820637,0.32689,-0.122455,0.257657,-0.0867195,-0.379739,0.9734,-0.101172,-0.36658,1.09551,-0.206227,-0.459849,0.760215,-0.208085,-0.0657097,0.291409,-0.00569179,-0.466585,0.484803,-0.13378,-0.234805,0.975955,0.0208482,-0.358877,1.43823,-0.107346,-0.184035,0.100718,-0.0694876,-0.43083,0.853248,-0.151383,-0.406485,0.841933,-0.219249,-0.474989,1.21572,0.0742601
226,2.24791,-0.269825,1.45172,0.0653391,-0.39486,0.08973,0.150778,-0.365507,0.987218,0.217154,-0.368599,1.06764,0.33384,-0.453627,0.745068,0.336259,-0.32639,0.0598647,0.0924523,-0.459065,0.475928,0.19477,-0.229714,0.984808,0.085257,-0.333953,1.42176,0.2412,-0.566794,0.0656863,0.0974423,-0.446832,0.834352,0.281629,-0.392944,0.823474,0.330767,-0.131914,0.259092,-0.0850693,-0.378537,0.975329,-0.0998696,-0.360091,1.09703,-0.205916,-0.446379,0.759949,-0.212295,-0.0745276,0.290362,-0.00337968,-0.474031,0.488425,-0.132113,-0.233644,0.977576,0.0220885,-0.356498,1.43947,-0.106183,-0.196041,0.102786,-0.06999,-0.420213,0.85297,-0.154209,-0.394791,0.842964,-0.221826,-0.473896,1.21669,0.0737832
227,2.2579,-0.269335,1.45312,0.067286,-0.386857,0.0897958,0.150641,-0.36453,0.987951,0.218437,-0.377315,1.07025,0.33643,-0.469651,0.750015,0.339795,-0.318284,0.0600285,0.0924094,-0.452595,0.475799,0.194715,-0.228701,0.986172,0.0863667,-0.335129,1.42345,0.242471,-0.558756,0.0655597,0.0972989,-0.459611,0.838475,0.284377,-0.406956,0.826754,0.334497,-0.141948,0.259116,-0.0835693,-0.377667,0.9771,-0.0986093,-0.353693,1.09874,-0.205637,-0.432995,0.760019,-0.2163,-0.0833975,0.288242,-0.00180555,-0.481051,0.492145,-0.130339,-0.23242,0.979156,0.0231788,-0.354079,1.44078,-0.104967,-0.208768,0.103851,-0.0700944,-0.409774,0.853087,-0.157043,-0.383187,0.844314,-0.224248,-0.472689,1.2177,0.0732377
228,2.26789,-0.268839,1.45451,0.0691893,-0.378871,0.0898506,0.150538,-0.363587,0.988655,0.219627,-0.385818,1.07319,0.338928,-0.485512,0.755477,0.343203,-0.310283,0.060061,0.0924209,-0.44589,0.475653,0.194727,-0.227635,0.987475,0.0873712,-0.336211,1.42525,0.243638,-0.550686,0.0653874,0.0971345,-0.472269,0.842976,0.28696,-0.420825,0.830418,0.338003,-0.152317,0.258013,-0.0823411,-0.37629,0.97922,-0.0972348,-0.347324,1.1006,-0.205415,-0.419737,0.760397,-0.220122,-0.0923471,0.285033,-0.00080443,-0.487627,0.495907,-0.128392,-0.231131,0.9807,0.0241396,-0.351808,1.44216,-0.10375,-0.222412,0.104073,-0.069969,-0.399472,0.853512,-0.159739,-0.371822,0.845882,-0.226614,-0.471397,1.21875,0.0726816
229,2.27788,-0.268321,1.45587,0.0710311,-0.370864,0.0899317,0.15044,-0.362467,0.989345,0.220719,-0.394033,1.0764,0.341307,-0.501172,0.761323,0.34636,-0.302405,0.0600293,0.0923439,-0.439086,0.475488,0.194867,-0.226468,0.988772,0.0882256,-0.337164,1.42706,0.244691,-0.542651,0.0654277,0.097152,-0.484804,0.847798,0.289401,-0.434541,0.834444,0.341286,-0.162766,0.255709,-0.0814459,-0.374613,0.981473,-0.0958057,-0.340943,1.10257,-0.205283,-0.406626,0.761032,-0.223745,-0.101452,0.280664,-0.000249446,-0.49376,0.499666,-0.126259,-0.229799,0.982213,0.0249684,-0.349533,1.44351,-0.102496,-0.237029,0.103617,-0.0696311,-0.389343,0.854185,-0.162331,-0.360622,0.84771,-0.228819,-0.470009,1.21982,0.0721372
230,2.28787,-0.267801,1.45715,0.0728296,-0.362803,0.0900273,0.150363,-0.360953,0.989967,0.221937,-0.402019,1.07969,0.343513,-0.516608,0.767464,0.34923,-0.294721,0.0597999,0.0921245,-0.432051,0.475314,0.194979,-0.225258,0.990067,0.0889695,-0.337982,1.42883,0.245651,-0.534631,0.0654686,0.0972049,-0.497172,0.852884,0.291691,-0.448095,0.838765,0.344384,-0.173491,0.252317,-0.0807506,-0.373359,0.983402,-0.0944582,-0.334551,1.10457,-0.205205,-0.393747,0.76186,-0.227153,-0.110775,0.27509,5.31184e-05,-0.499423,0.50335,-0.124019,-0.228413,0.983675,0.0256896,-0.347324,1.4448,-0.101251,-0.252396,0.102563,-0.0686597,-0.379562,0.855096,-0.165003,-0.349521,0.849725,-0.230723,-0.468528,1.22093,0.0716879
231,2.29786,-0.267299,1.45836,0.0745784,-0.354752,0.0900337,0.150386,-0.359457,0.990496,0.22306,-0.409647,1.08305,0.345643,-0.531801,0.773798,0.351859,-0.286925,0.0596677,0.0920118,-0.424965,0.475154,0.195086,-0.224005,0.991378,0.0896468,-0.338766,1.43056,0.246524,-0.526571,0.0654107,0.0971649,-0.509325,0.85817,0.293823,-0.461462,0.843257,0.347245,-0.184591,0.247936,-0.080101,-0.372103,0.985241,-0.093165,-0.328146,1.10655,-0.205172,-0.381175,0.762832,-0.230373,-0.120442,0.268331,0.000192285,-0.504641,0.506934,-0.12173,-0.22701,0.985107,0.0263127,-0.34521,1.44601,-0.100058,-0.268619,0.101057,-0.0674856,-0.370027,0.856148,-0.167566,-0.338812,0.851797,-0.232682,-0.466968,1.22201,0.0713606
232,2.30786,-0.266753,1.45948,0.0762198,-0.346689,0.0900518,0.150382,-0.357989,0.990894,0.224087,-0.416909,1.08636,0.347682,-0.546709,0.780326,0.354261,-0.279095,0.0596629,0.0919805,-0.417752,0.475024,0.195253,-0.222724,0.992688,0.0902668,-0.339567,1.43218,0.247327,-0.518474,0.0652768,0.0970662,-0.521288,0.863595,0.295777,-0.474572,0.847806,0.349824,-0.196061,0.242641,-0.0794765,-0.370737,0.987025,-0.0919035,-0.321735,1.10846,-0.205187,-0.368957,0.763895,-0.233433,-0.130519,0.260469,0.000304095,-0.50941,0.510409,-0.119416,-0.22553,0.986479,0.0269138,-0.343136,1.44709,-0.0989155,-0.285369,0.0991555,-0.0665551,-0.360898,0.857259,-0.169986,-0.328414,0.8538,-0.234562,-0.465409,1.22303,0.0712128
233,2.31785,-0.266185,1.46048,0.0777799,-0.33864,0.0900998,0.150324,-0.356517,0.991173,0.225086,-0.423908,1.08952,0.349601,-0.561299,0.786999,0.35635,-0.27101,0.0597938,0.0920543,-0.410239,0.474853,0.195563,-0.221436,0.993993,0.0908057,-0.340363,1.43364,0.248069,-0.510404,0.065293,0.0971033,-0.533051,0.869144,0.297566,-0.487422,0.852412,0.352105,-0.207849,0.236611,-0.0788721,-0.369348,0.988699,-0.0907157,-0.315334,1.11025,-0.205254,-0.357135,0.764989,-0.236309,-0.14108,0.251588,0.000489509,-0.513746,0.513729,-0.117106,-0.22406,0.987719,0.0274624,-0.341097,1.448,-0.0978428,-0.302691,0.0968409,-0.0657547,-0.351912,0.85834,-0.172264,-0.318301,0.855742,-0.236406,-0.463932,1.22394,0.0712801
234,2.32784,-0.265597,1.46131,0.0792087,-0.330594,0.0901433,0.150238,-0.355011,0.991381,0.226042,-0.430475,1.09276,0.351741,-0.575561,0.793778,0.358135,-0.262692,0.0600209,0.0922117,-0.402671,0.474586,0.195888,-0.220154,0.99517,0.0913277,-0.34113,1.43493,0.248776,-0.502356,0.0653143,0.0971176,-0.544544,0.874783,0.299137,-0.499948,0.857267,0.354199,-0.219958,0.229993,-0.0782973,-0.367971,0.990201,-0.0896329,-0.30895,1.11187,-0.205375,-0.345721,0.766092,-0.239008,-0.152198,0.24172,0.000853677,-0.517562,0.516824,-0.114884,-0.22258,0.988782,0.0279734,-0.339091,1.44871,-0.0968535,-0.320774,0.0942847,-0.064727,-0.343194,0.859356,-0.174474,-0.308499,0.857596,-0.238185,-0.462574,1.22468,0.0715915
235,2.33783,-0.265007,1.462,0.0805295,-0.322556,0.0901623,0.150156,-0.353522,0.991486,0.226847,-0.436612,1.09592,0.35388,-0.589394,0.800666,0.359626,-0.254523,0.0601429,0.0922299,-0.395021,0.474336,0.196121,-0.218827,0.996128,0.0918574,-0.341837,1.43603,0.249442,-0.494323,0.065288,0.097133,-0.555796,0.880497,0.300512,-0.512073,0.862337,0.356097,-0.232544,0.222728,-0.0776242,-0.366659,0.991389,-0.0886976,-0.302582,1.11331,-0.20555,-0.33476,0.767164,-0.2415,-0.163953,0.231035,0.00139618,-0.520873,0.519662,-0.112729,-0.221043,0.989685,0.0285268,-0.337119,1.44922,-0.0959483,-0.339399,0.0915977,-0.0635527,-0.334879,0.860324,-0.176685,-0.298945,0.859272,-0.239737,-0.461311,1.22519,0.0721346
236,2.34782,-0.264424,1.46256,0.0817613,-0.314576,0.0901843,0.15007,-0.352103,0.991391,0.227311,-0.442482,1.0988,0.355653,-0.602775,0.807619,0.360827,-0.246515,0.0601922,0.0921734,-0.387531,0.474034,0.196369,-0.21736,0.996838,0.0924118,-0.342381,1.43692,0.250062,-0.486287,0.0652306,0.0971645,-0.566732,0.886285,0.301754,-0.523847,0.867196,0.357674,-0.245672,0.214957,-0.0768648,-0.365392,0.992248,-0.087913,-0.296277,1.11458,-0.205727,-0.324264,0.768188,-0.243805,-0.176365,0.220023,0.00186397,-0.523775,0.522212,-0.110634,-0.219568,0.990413,0.0291056,-0.335292,1.44955,-0.0951425,-0.358302,0.0888277,-0.062715,-0.326952,0.861222,-0.178836,-0.289651,0.860766,-0.241081,-0.460144,1.22547,0.0728152
237,2.35781,-0.263894,1.46298,0.082909,-0.30664,0.0901821,0.149972,-0.350789,0.991162,0.227616,-0.448147,1.10134,0.357114,-0.61585,0.814515,0.361805,-0.238485,0.0602413,0.0921203,-0.380169,0.473692,0.196586,-0.21586,0.997351,0.0929907,-0.342808,1.43759,0.250637,-0.478203,0.0651802,0.0972216,-0.577194,0.892028,0.302907,-0.53532,0.871887,0.358829,-0.259288,0.206777,-0.0763023,-0.363808,0.993032,-0.0871267,-0.290082,1.11568,-0.205903,-0.31428,0.769143,-0.245973,-0.189458,0.208699,0.00217942,-0.526241,0.524465,-0.108601,-0.218083,0.991001,0.0296585,-0.333621,1.44971,-0.0944669,-0.377523,0.0860182,-0.0620443,-0.319393,0.862038,-0.180913,-0.280603,0.862088,-0.242285,-0.459023,1.22555,0.0735353
238,2.3678,-0.263391,1.46327,0.0839662,-0.298709,0.0900889,0.149985,-0.34912,0.990971,0.22872,-0.453541,1.10375,0.358463,-0.628552,0.82136,0.362543,-0.230453,0.0603165,0.092104,-0.372919,0.473251,0.196883,-0.214367,0.997722,0.0935743,-0.343189,1.43808,0.251164,-0.470183,0.0651315,0.0972319,-0.587284,0.897784,0.303838,-0.546293,0.876512,0.359689,-0.273458,0.198381,-0.0758347,-0.362223,0.993683,-0.0863938,-0.284039,1.11663,-0.206089,-0.304705,0.770043,-0.247955,-0.203125,0.197074,0.00246152,-0.528214,0.52641,-0.106617,-0.216564,0.991454,0.0301951,-0.331914,1.44967,-0.093807,-0.397039,0.0832928,-0.0614052,-0.312026,0.862715,-0.182818,-0.271865,0.863246,-0.243331,-0.457926,1.22547,0.0742325
239,2.37779,-0.262841,1.46341,0.0849332,-0.290622,0.0900114,0.150243,-0.347533,0.990736,0.229663,-0.458615,1.10602,0.359778,-0.640694,0.828305,0.362861,-0.222388,0.0604136,0.0920855,-0.365939,0.472768,0.197099,-0.212869,0.997997,0.0941574,-0.343543,1.43842,0.251637,-0.462228,0.0650912,0.097242,-0.597025,0.903533,0.304579,-0.556902,0.881179,0.360517,-0.288199,0.189847,-0.0754739,-0.360715,0.993957,-0.0858272,-0.27821,1.11744,-0.206267,-0.295535,0.770878,-0.249752,-0.217339,0.185284,0.00272004,-0.529729,0.527981,-0.104675,-0.215027,0.991779,0.0307661,-0.330174,1.4494,-0.0931671,-0.416762,0.0808018,-0.0607915,-0.304676,0.863239,-0.184459,-0.263384,0.864228,-0.244224,-0.456867,1.22525,0.0748791
240,2.38778,-0.262281,1.46342,0.0857874,-0.282633,0.090043,0.150291,-0.346107,0.9904,0.230311,-0.463192,1.1082,0.361326,-0.652242,0.835194,0.362904,-0.21434,0.0604638,0.0920308,-0.359271,0.472287,0.197217,-0.211408,0.998224,0.0947317,-0.343835,1.43859,0.252062,-0.454304,0.0650245,0.0972662,-0.606349,0.909234,0.305149,-0.567215,0.885818,0.361309,-0.303004,0.181415,-0.075182,-0.35923,0.994077,-0.0852748,-0.272592,1.11814,-0.206393,-0.286956,0.771645,-0.251541,-0.232022,0.173537,0.00295687,-0.53076,0.529151,-0.102784,-0.213441,0.992011,0.031411,-0.328599,1.449,-0.0926224,-0.43652,0.078654,-0.0602134,-0.297772,0.863734,-0.18607,-0.255167,0.865055,-0.244923,-0.455894,1.22494,0.0753856
241,2.39777,-0.261688,1.46329,0.0865221,-0.274777,0.0901393,0.150128,-0.344793,0.989987,0.230831,-0.467461,1.11022,0.36286,-0.663318,0.841801,0.362939,-0.206347,0.0605031,0.0919831,-0.352814,0.471821,0.197247,-0.210087,0.998418,0.0952148,-0.344022,1.43858,0.252443,-0.446381,0.0649805,0.0973199,-0.615187,0.914852,0.305526,-0.577115,0.890097,0.36193,-0.31808,0.172982,-0.0750631,-0.357739,0.994123,-0.0847142,-0.267197,1.11872,-0.206471,-0.278805,0.772324,-0.253245,-0.247022,0.161994,0.00314579,-0.531261,0.529939,-0.100963,-0.211925,0.992163,0.0319482,-0.327176,1.44848,-0.0921771,-0.456359,0.0768237,-0.0595499,-0.291289,0.864173,-0.187646,-0.247286,0.865805,-0.245646,-0.455028,1.22454,0.075733
242,2.40776,-0.261095,1.46305,0.0871234,-0.266862,0.0902438,0.15002,-0.343561,0.989535,0.231306,-0.471518,1.11188,0.363911,-0.673741,0.848333,0.362697,-0.198394,0.0605471,0.0919585,-0.34653,0.47139,0.197171,-0.208838,0.998562,0.0956375,-0.344141,1.43843,0.252782,-0.438471,0.0649884,0.0973952,-0.623546,0.920362,0.305737,-0.586439,0.89422,0.36224,-0.333514,0.164655,-0.0750157,-0.356277,0.993892,-0.0842535,-0.262067,1.11917,-0.206519,-0.270995,0.772924,-0.254831,-0.262609,0.150461,0.00283278,-0.531365,0.530477,-0.0992594,-0.210512,0.992237,0.0323664,-0.325837,1.44785,-0.0918099,-0.476035,0.0749211,-0.0588808,-0.285136,0.864512,-0.189121,-0.239846,0.866398,-0.246244,-0.454253,1.22404,0.0759042
243,2.41775,-0.260548,1.46271,0.0876131,-0.258905,0.090332,0.149953,-0.342396,0.989061,0.231737,-0.47522,1.11337,0.36488,-0.683581,0.854899,0.362186,-0.190416,0.0606233,0.0919612,-0.34048,0.470984,0.197037,-0.207652,0.998628,0.0960004,-0.344255,1.4382,0.25306,-0.430528,0.0650183,0.0974372,-0.631477,0.925763,0.305777,-0.595271,0.898442,0.362411,-0.349337,0.156514,-0.0750175,-0.354843,0.993549,-0.0838312,-0.257226,1.11952,-0.2065,-0.263545,0.773423,-0.256331,-0.279211,0.138606,0.00210277,-0.530934,0.530837,-0.097457,-0.209161,0.992226,0.032703,-0.324557,1.44714,-0.0915303,-0.495663,0.0731926,-0.0584192,-0.279345,0.864747,-0.190526,-0.232803,0.866848,-0.246724,-0.453509,1.22338,0.075916
244,2.42774,-0.260038,1.46229,0.0880278,-0.250955,0.0903833,0.149872,-0.341326,0.988561,0.232116,-0.478533,1.11474,0.365851,-0.692964,0.861326,0.361557,-0.18243,0.0607008,0.0919435,-0.334682,0.470604,0.196917,-0.206466,0.998581,0.096294,-0.34429,1.43785,0.253282,-0.422553,0.0650067,0.097443,-0.63893,0.931054,0.305687,-0.60354,0.902622,0.362318,-0.365426,0.148633,-0.0751489,-0.353448,0.992967,-0.0835419,-0.252743,1.11974,-0.206431,-0.256463,0.773818,-0.257763,-0.296394,0.127122,0.00150995,-0.529784,0.530804,-0.0955981,-0.207832,0.992109,0.0329982,-0.323352,1.44633,-0.0913051,-0.515352,0.071876,-0.0581867,-0.273666,0.864831,-0.191706,-0.226117,0.867222,-0.247068,-0.452741,1.22257,0.0757925
245,2.43773,-0.259503,1.4618,0.0883917,-0.242982,0.0904592,0.149812,-0.34035,0.987998,0.232446,-0.481487,1.11598,0.366773,-0.701826,0.867547,0.360838,-0.1744,0.0608017,0.0919293,-0.329096,0.470234,0.196816,-0.20529,0.99844,0.0965632,-0.34419,1.43737,0.253411,-0.414557,0.0649572,0.0974669,-0.64585,0.936236,0.305456,-0.611227,0.90669,0.361933,-0.381777,0.141086,-0.0753573,-0.352138,0.992293,-0.0832533,-0.248637,1.11983,-0.206337,-0.249736,0.774095,-0.259055,-0.313753,0.116524,0.00111581,-0.528091,0.530387,-0.0938317,-0.20656,0.991892,0.0332725,-0.322227,1.4455,-0.091134,-0.53489,0.0708689,-0.0578009,-0.267983,0.864759,-0.192582,-0.219831,0.867477,-0.247317,-0.45197,1.22165,0.0755756
246,2.44773,-0.258974,1.46123,0.0886762,-0.234947,0.0906186,0.149806,-0.339422,0.987338,0.232775,-0.484082,1.11704,0.367594,-0.710105,0.873601,0.359997,-0.166425,0.0608763,0.0919171,-0.323863,0.469812,0.196724,-0.204201,0.99823,0.0968177,-0.344007,1.43681,0.253464,-0.406562,0.0648839,0.0975076,-0.652246,0.941238,0.305068,-0.618504,0.910464,0.361531,-0.398363,0.134095,-0.0755811,-0.350865,0.991556,-0.0829476,-0.244908,1.11979,-0.206207,-0.243505,0.774218,-0.260242,-0.331274,0.106796,0.000808046,-0.52581,0.529578,-0.092053,-0.205352,0.991586,0.0335273,-0.321176,1.44464,-0.0910508,-0.554296,0.0702769,-0.0572313,-0.263011,0.864577,-0.193575,-0.213963,0.867613,-0.247518,-0.451241,1.22068,0.0753021
247,2.45772,-0.258442,1.46057,0.0888521,-0.22693,0.0907994,0.14978,-0.338606,0.986598,0.233083,-0.486322,1.1178,0.368102,-0.717446,0.879468,0.358825,-0.158477,0.0609676,0.0918841,-0.318946,0.469302,0.196653,-0.203211,0.997941,0.0971044,-0.343819,1.43623,0.253457,-0.398597,0.0647549,0.0974796,-0.65814,0.946028,0.304493,-0.625184,0.91401,0.360961,-0.415074,0.127769,-0.0757996,-0.349546,0.99077,-0.0827245,-0.241556,1.11959,-0.206056,-0.237642,0.774234,-0.261419,-0.348534,0.0980162,0.000331494,-0.523022,0.528404,-0.0902707,-0.20421,0.991186,0.033826,-0.320184,1.44376,-0.0910578,-0.573582,0.0703026,-0.0565369,-0.258644,0.864278,-0.194623,-0.20855,0.867619,-0.247679,-0.450617,1.21971,0.0749534
248,2.46771,-0.25791,1.45984,0.0889216,-0.219165,0.0908621,0.149614,-0.338135,0.98594,0.233158,-0.488199,1.11849,0.368637,-0.724297,0.885024,0.357725,-0.150572,0.0611112,0.0918478,-0.314286,0.468734,0.196633,-0.202486,0.997518,0.0974313,-0.343564,1.43556,0.253382,-0.390705,0.064642,0.0974436,-0.663525,0.950591,0.30371,-0.631258,0.917423,0.360265,-0.431753,0.12222,-0.0758973,-0.348205,0.989875,-0.0825934,-0.238589,1.11925,-0.205897,-0.232295,0.774139,-0.262522,-0.365934,0.089832,-0.000132117,-0.519851,0.526876,-0.088525,-0.203182,0.990697,0.0341999,-0.319162,1.44276,-0.0910554,-0.592591,0.0711887,-0.0557053,-0.254708,0.863856,-0.19559,-0.203583,0.86751,-0.247805,-0.450139,1.21878,0.0745976
249,2.4777,-0.257389,1.45904,0.0889113,-0.211405,0.0909431,0.149465,-0.337801,0.98523,0.233177,-0.489763,1.11896,0.369,-0.730565,0.89029,0.356535,-0.142707,0.0612962,0.0918309,-0.309856,0.468135,0.196679,-0.202053,0.996992,0.0978047,-0.343257,1.43481,0.253214,-0.382798,0.0645036,0.0973782,-0.66831,0.954909,0.302909,-0.636885,0.920604,0.359326,-0.448192,0.117507,-0.0757508,-0.346887,0.988849,-0.0825599,-0.235993,1.11876,-0.205746,-0.227376,0.773881,-0.263417,-0.383352,0.0823509,-0.00056202,-0.516431,0.525024,-0.0868351,-0.202291,0.990145,0.0346399,-0.318239,1.44177,-0.0911578,-0.611081,0.0730707,-0.0546486,-0.251135,0.863282,-0.196454,-0.199071,0.867291,-0.247948,-0.449509,1.21789,0.0743281
250,2.48769,-0.256873,1.45818,0.0888353,-0.203622,0.0910624,0.149373,-0.33759,0.984437,0.23319,-0.490988,1.11921,0.369161,-0.73615,0.895147,0.35528,-0.134837,0.0615303,0.0918561,-0.305643,0.467537,0.196772,-0.201365,0.996422,0.09829,-0.342981,1.43405,0.252964,-0.374897,0.0642956,0.0972481,-0.672436,0.958835,0.302073,-0.641878,0.923524,0.358229,-0.464362,0.113616,-0.0752408,-0.345658,0.987719,-0.0826471,-0.233728,1.11812,-0.205628,-0.222896,0.773438,-0.264093,-0.400592,0.0756623,-0.00103443,-0.512833,0.522882,-0.0852145,-0.201515,0.9895,0.0351488,-0.317431,1.4408,-0.0913994,-0.628917,0.076023,-0.0531888,-0.247988,0.862553,-0.19723,-0.195212,0.866914,-0.248028,-0.448825,1.21698,0.0740797
251,2.49768,-0.256375,1.45726,0.0886614,-0.195815,0.0912292,0.149354,-0.337516,0.983601,0.233169,-0.491877,1.11923,0.369178,-0.74107,0.899691,0.353882,-0.12692,0.0617135,0.091855,-0.301573,0.466935,0.196907,-0.200784,0.995712,0.0988624,-0.342648,1.43324,0.252621,-0.367054,0.0641278,0.0972007,-0.676045,0.962473,0.301111,-0.646189,0.926183,0.357005,-0.480077,0.110453,-0.0747636,-0.344511,0.98649,-0.0828277,-0.231816,1.11734,-0.205545,-0.218928,0.772805,-0.264628,-0.417523,0.0698009,-0.00157352,-0.509165,0.520542,-0.0837267,-0.200854,0.988749,0.0357087,-0.316567,1.43979,-0.0916947,-0.645949,0.0798851,-0.0512043,-0.245251,0.861688,-0.19791,-0.191927,0.866378,-0.248134,-0.448202,1.21606,0.0738509
252,2.50767,-0.255855,1.45632,0.0883712,-0.18798,0.0914283,0.149398,-0.337613,0.982735,0.233115,-0.492477,1.11903,0.36908,-0.745325,0.903879,0.352344,-0.118995,0.0619118,0.0918809,-0.297617,0.466327,0.197105,-0.200386,0.994899,0.0994197,-0.342277,1.43236,0.252219,-0.359216,0.0640537,0.0972569,-0.679051,0.965617,0.299966,-0.649911,0.928549,0.355669,-0.495503,0.108477,-0.074954,-0.343425,0.985201,-0.0830619,-0.230286,1.1164,-0.205488,-0.21562,0.772015,-0.265141,-0.433707,0.0651019,-0.00211302,-0.505528,0.518141,-0.0824552,-0.200297,0.987912,0.0362854,-0.315616,1.43875,-0.092047,-0.662024,0.0843687,-0.0486746,-0.242891,0.860614,-0.198481,-0.189302,0.86567,-0.248175,-0.447632,1.2151,0.0736491
253,2.51766,-0.255323,1.45534,0.0879748,-0.180158,0.0915727,0.149405,-0.337869,0.981832,0.233032,-0.492766,1.11861,0.368889,-0.748934,0.907615,0.350706,-0.111049,0.0621524,0.0919712,-0.293787,0.465702,0.19739,-0.200109,0.994045,0.099936,-0.341929,1.43147,0.251762,-0.351342,0.0640112,0.0973434,-0.681576,0.968463,0.298726,-0.653068,0.930586,0.35417,-0.510334,0.107367,-0.074871,-0.34244,0.983887,-0.0833359,-0.229104,1.11531,-0.205511,-0.212933,0.771056,-0.265566,-0.448949,0.0615765,-0.00264877,-0.50199,0.515828,-0.0814665,-0.199815,0.987007,0.036857,-0.314702,1.4376,-0.0924341,-0.677131,0.0893822,-0.0457401,-0.24123,0.859446,-0.199121,-0.187195,0.86482,-0.248302,-0.447092,1.21411,0.0734159
254,2.52765,-0.254836,1.45429,0.0875018,-0.172435,0.0916321,0.149361,-0.338269,0.980894,0.232914,-0.492747,1.118,0.368621,-0.751938,0.910851,0.348976,-0.10307,0.0624585,0.0920921,-0.290146,0.465062,0.197715,-0.199952,0.993164,0.100427,-0.341416,1.43044,0.251223,-0.343414,0.0638748,0.0973784,-0.683671,0.97098,0.297401,-0.655628,0.932249,0.35253,-0.524448,0.106946,-0.0744549,-0.341592,0.982418,-0.083694,-0.228245,1.1141,-0.205605,-0.210822,0.7699,-0.265824,-0.463286,0.0589309,-0.00332138,-0.498609,0.513664,-0.0807499,-0.199333,0.986069,0.0373545,-0.313985,1.43644,-0.0929568,-0.691205,0.0948807,-0.0422968,-0.240264,0.858231,-0.199845,-0.185611,0.863829,-0.248535,-0.446623,1.21313,0.0731205
255,2.53764,-0.254381,1.45319,0.0869392,-0.16482,0.0917236,0.149407,-0.338804,0.979925,0.232743,-0.492472,1.11723,0.36827,-0.754369,0.913587,0.34719,-0.0951333,0.0627627,0.0922178,-0.286745,0.464415,0.19795,-0.199939,0.992282,0.100839,-0.340921,1.42938,0.25063,-0.335491,0.0637599,0.0974089,-0.68514,0.972992,0.296047,-0.657724,0.933505,0.350912,-0.537675,0.107083,-0.0740076,-0.340906,0.980952,-0.084089,-0.227766,1.11274,-0.205769,-0.209408,0.768597,-0.266045,-0.476849,0.05692,-0.00438347,-0.495431,0.511539,-0.0800768,-0.198876,0.985155,0.037782,-0.313425,1.43525,-0.0935885,-0.704084,0.10074,-0.0384564,-0.239334,0.856971,-0.200235,-0.184678,0.862631,-0.248741,-0.44618,1.21217,0.0727278
256,2.54763,-0.25397,1.45205,0.0862937,-0.157206,0.0918517,0.149552,-0.339399,0.978928,0.232491,-0.492029,1.11628,0.367805,-0.756212,0.915811,0.345309,-0.0872198,0.0630752,0.0923483,-0.28361,0.463717,0.198128,-0.200236,0.991384,0.101118,-0.340601,1.42836,0.249933,-0.327611,0.0636756,0.0974743,-0.68612,0.974522,0.294638,-0.659271,0.934375,0.349219,-0.549847,0.107622,-0.0737057,-0.340348,0.97955,-0.0845076,-0.227657,1.11125,-0.206006,-0.208582,0.767108,-0.266151,-0.489264,0.0553975,-0.00571493,-0.492543,0.509373,-0.0791959,-0.19869,0.984274,0.0380803,-0.312774,1.43402,-0.0942696,-0.715569,0.10677,-0.0344997,-0.238844,0.855489,-0.200488,-0.184249,0.861247,-0.248933,-0.445817,1.21123,0.0722026
257,2.55762,-0.253576,1.45087,0.0855574,-0.149323,0.0922054,0.149914,-0.340001,0.977895,0.232139,-0.491406,1.1152,0.367271,-0.757488,0.917481,0.343375,-0.0793403,0.0634495,0.0925048,-0.280769,0.462979,0.198272,-0.200863,0.990511,0.101233,-0.340294,1.42734,0.249135,-0.319785,0.0635806,0.0975273,-0.686694,0.975643,0.293145,-0.660335,0.934844,0.347549,-0.560796,0.108586,-0.0735313,-0.339943,0.978211,-0.084923,-0.227898,1.10963,-0.206331,-0.208277,0.765416,-0.266124,-0.500318,0.054223,-0.00724151,-0.490138,0.507274,-0.0780545,-0.198714,0.983389,0.0382473,-0.312259,1.43274,-0.0950518,-0.725488,0.11275,-0.0305331,-0.238914,0.853804,-0.200674,-0.18431,0.859721,-0.249168,-0.445562,1.21026,0.0715096
258,2.56761,-0.253188,1.44966,0.0847203,-0.141469,0.0926583,0.150266,-0.340646,0.976798,0.231707,-0.490596,1.11396,0.366621,-0.758229,0.918579,0.341388,-0.0715062,0.0639092,0.0926886,-0.278174,0.462177,0.198359,-0.201283,0.989716,0.101252,-0.340004,1.4263,0.248274,-0.311998,0.0634957,0.0975611,-0.6869,0.976353,0.291561,-0.66083,0.934934,0.345773,-0.570314,0.109936,-0.073373,-0.339724,0.976953,-0.0853642,-0.228431,1.1079,-0.206751,-0.20862,0.763567,-0.266064,-0.50988,0.0532737,-0.00880672,-0.488376,0.505446,-0.0767856,-0.198728,0.982537,0.0382759,-0.311675,1.43142,-0.0959056,-0.733754,0.118292,-0.0266326,-0.239394,0.852075,-0.200775,-0.184969,0.858044,-0.249372,-0.44534,1.20922,0.0706679
259,2.5776,-0.25287,1.44845,0.0837791,-0.133876,0.0930057,0.150497,-0.341335,0.975663,0.231217,-0.489584,1.11263,0.365939,-0.758429,0.919097,0.33932,-0.0637585,0.0643909,0.0929056,-0.275785,0.461293,0.19841,-0.201444,0.988981,0.101171,-0.339669,1.42521,0.247359,-0.304241,0.0634036,0.0976163,-0.68659,0.976543,0.289951,-0.660825,0.9346,0.343964,-0.578237,0.111411,-0.0730476,-0.339682,0.975769,-0.0858527,-0.229255,1.10603,-0.207258,-0.209648,0.761583,-0.265989,-0.517859,0.0523371,-0.0101704,-0.48727,0.504028,-0.0756345,-0.199062,0.981654,0.038151,-0.311173,1.43016,-0.0969011,-0.740332,0.123073,-0.0227844,-0.240514,0.850167,-0.200841,-0.186094,0.856202,-0.249557,-0.445227,1.20821,0.0697196
260,2.5876,-0.252602,1.44726,0.082734,-0.126454,0.0934417,0.150564,-0.341996,0.974552,0.230655,-0.488396,1.1112,0.365218,-0.758136,0.918989,0.337228,-0.0559983,0.065001,0.0931683,-0.273553,0.460418,0.198434,-0.201804,0.988186,0.100917,-0.339439,1.42417,0.24636,-0.296479,0.0632894,0.0977009,-0.6858,0.976189,0.2883,-0.660455,0.933831,0.342303,-0.584224,0.112479,-0.0722384,-0.339824,0.974637,-0.0864159,-0.230331,1.10405,-0.207838,-0.211384,0.759467,-0.265927,-0.524072,0.051224,-0.0108963,-0.486705,0.502944,-0.0745631,-0.199508,0.980721,0.0378481,-0.31089,1.42882,-0.0979889,-0.745191,0.12668,-0.0192165,-0.242051,0.848208,-0.200918,-0.187699,0.854235,-0.249779,-0.445284,1.20713,0.0686472
261,2.59759,-0.252393,1.44612,0.081605,-0.11908,0.0939786,0.150828,-0.342575,0.973454,0.230036,-0.487099,1.10962,0.364307,-0.757354,0.918221,0.33516,-0.0482328,0.0657889,0.0934735,-0.271455,0.459587,0.198421,-0.202427,0.987269,0.100465,-0.339265,1.42314,0.24531,-0.288698,0.0632085,0.0977529,-0.68452,0.975228,0.286619,-0.659585,0.932694,0.340616,-0.588384,0.112986,-0.0714386,-0.340134,0.973543,-0.0869882,-0.231622,1.102,-0.20845,-0.213789,0.757275,-0.265845,-0.528297,0.0501346,-0.0110974,-0.486917,0.502104,-0.0737762,-0.200154,0.979736,0.0373635,-0.31065,1.42734,-0.0990567,-0.748346,0.128832,-0.0162274,-0.244006,0.846219,-0.200973,-0.190012,0.852005,-0.250066,-0.445423,1.20603,0.0675005
262,2.60758,-0.252247,1.44502,0.080402,-0.111579,0.0948266,0.151223,-0.343071,0.972371,0.22937,-0.485692,1.10795,0.363269,-0.756061,0.916829,0.333092,-0.0405104,0.0668205,0.0938437,-0.2695,0.458802,0.198398,-0.202955,0.986322,0.0998221,-0.339106,1.42211,0.244223,-0.280918,0.0631395,0.0978048,-0.682781,0.973697,0.284926,-0.658167,0.931185,0.338883,-0.590571,0.11251,-0.0705337,-0.340647,0.972491,-0.0876513,-0.233138,1.0999,-0.209096,-0.216764,0.754972,-0.265629,-0.530503,0.0489749,-0.0107223,-0.488011,0.501493,-0.073327,-0.200579,0.978778,0.036718,-0.310462,1.42597,-0.100259,-0.749865,0.129522,-0.0140278,-0.246459,0.844211,-0.200946,-0.193022,0.849521,-0.250393,-0.445619,1.20498,0.0663135
263,2.61757,-0.252159,1.44397,0.0791274,-0.104227,0.095778,0.151741,-0.343489,0.971351,0.228673,-0.484153,1.10623,0.362191,-0.754215,0.914844,0.330969,-0.0329003,0.0680962,0.0942574,-0.267642,0.458105,0.198422,-0.203385,0.985389,0.09901,-0.339046,1.42118,0.243078,-0.273177,0.0631087,0.0979061,-0.680625,0.971695,0.283216,-0.656256,0.929274,0.337185,-0.590839,0.111113,-0.0695867,-0.341322,0.971497,-0.0883781,-0.234881,1.09777,-0.209779,-0.220337,0.752604,-0.265305,-0.530546,0.0479992,-0.00979439,-0.489797,0.50108,-0.0730575,-0.200784,0.977859,0.0359092,-0.310423,1.42471,-0.101599,-0.749756,0.128808,-0.0124722,-0.249446,0.842184,-0.200868,-0.196278,0.847078,-0.250628,-0.445849,1.20398,0.0651424
264,2.62756,-0.252115,1.44297,0.0777708,-0.0971343,0.096912,0.152191,-0.343851,0.97038,0.227928,-0.482455,1.10451,0.361032,-0.751789,0.912293,0.328781,-0.0253806,0.0696483,0.0947071,-0.265934,0.457478,0.198492,-0.203895,0.984447,0.0980253,-0.338974,1.4203,0.241872,-0.265527,0.0630985,0.0980751,-0.678228,0.969357,0.281453,-0.653933,0.926957,0.335646,-0.589296,0.109283,-0.068607,-0.342201,0.970562,-0.0891596,-0.236879,1.09564,-0.210508,-0.224489,0.750295,-0.26502,-0.528402,0.0474747,-0.00845984,-0.492133,0.500805,-0.0729017,-0.201302,0.976929,0.0349141,-0.310555,1.42344,-0.10301,-0.748121,0.12616,-0.0112334,-0.252911,0.840214,-0.200755,-0.199859,0.844688,-0.250804,-0.446157,1.20303,0.0639474
265,2.63755,-0.252101,1.44203,0.076307,-0.090181,0.0982094,0.152665,-0.344178,0.969485,0.227127,-0.480625,1.10283,0.359755,-0.748755,0.909177,0.326535,-0.0179463,0.0714795,0.0951501,-0.264505,0.456868,0.198605,-0.204576,0.98354,0.0968254,-0.338806,1.41944,0.240577,-0.257915,0.0630462,0.0982109,-0.675381,0.966497,0.279707,-0.651063,0.924307,0.33415,-0.586066,0.107674,-0.0673381,-0.343337,0.96968,-0.0900039,-0.239155,1.09355,-0.211293,-0.229219,0.747986,-0.264662,-0.523855,0.0479628,-0.0074917,-0.494871,0.500589,-0.0727572,-0.202123,0.976021,0.0337149,-0.310625,1.42218,-0.104417,-0.745158,0.1212,-0.00983589,-0.256861,0.838295,-0.20061,-0.20396,0.842254,-0.250845,-0.44622,1.20218,0.0628116
266,2.64754,-0.252107,1.44111,0.074733,-0.0834027,0.0996007,0.153165,-0.344502,0.96865,0.226265,-0.478665,1.10122,0.358357,-0.745229,0.905408,0.324463,-0.0106653,0.0736121,0.0955749,-0.263337,0.456224,0.198694,-0.205368,0.982723,0.0954272,-0.338575,1.41866,0.239185,-0.250284,0.0629647,0.0983724,-0.671991,0.963074,0.278009,-0.647741,0.921362,0.332813,-0.581332,0.105922,-0.0660676,-0.344801,0.968913,-0.0909371,-0.241714,1.09149,-0.212116,-0.234633,0.745736,-0.264307,-0.517819,0.0486334,-0.00665192,-0.497885,0.500445,-0.072597,-0.203292,0.975172,0.032308,-0.31081,1.42105,-0.105923,-0.74133,0.114369,-0.008424,-0.261333,0.836431,-0.200458,-0.208553,0.839826,-0.25086,-0.446194,1.20151,0.0617697
267,2.65753,-0.252138,1.44023,0.0730361,-0.0767907,0.101178,0.153663,-0.344883,0.967885,0.225338,-0.476513,1.09967,0.356839,-0.741185,0.901132,0.322613,-0.00359969,0.0760821,0.0959766,-0.262398,0.455589,0.198726,-0.206273,0.981978,0.0938464,-0.3384,1.41808,0.237668,-0.242549,0.0629219,0.0986342,-0.668144,0.959247,0.276325,-0.643811,0.918142,0.33149,-0.576106,0.103929,-0.0652452,-0.346592,0.968283,-0.0919156,-0.244582,1.0895,-0.212985,-0.240678,0.743575,-0.263942,-0.511306,0.0493628,-0.00619599,-0.500998,0.500451,-0.0723883,-0.204703,0.974434,0.0306816,-0.31118,1.42002,-0.10755,-0.737238,0.107174,-0.00750451,-0.266441,0.834678,-0.200308,-0.213724,0.837403,-0.250817,-0.446495,1.20097,0.0607087
268,2.66752,-0.252195,1.43942,0.0712161,-0.0703806,0.103065,0.154097,-0.34535,0.967198,0.224388,-0.474218,1.09819,0.355164,-0.73645,0.896451,0.320697,0.00335464,0.0788247,0.0963174,-0.26173,0.454992,0.198738,-0.20737,0.981309,0.0920383,-0.338217,1.41766,0.236058,-0.234858,0.0629097,0.0988079,-0.663839,0.955056,0.274682,-0.639369,0.914682,0.330298,-0.571115,0.102183,-0.0648738,-0.348691,0.967784,-0.0928611,-0.247744,1.08756,-0.213907,-0.247207,0.74146,-0.263433,-0.504925,0.0505681,-0.00623642,-0.503998,0.500614,-0.0722719,-0.206041,0.973829,0.0287662,-0.311546,1.41906,-0.10922,-0.732852,0.100728,-0.00713759,-0.271897,0.833008,-0.200047,-0.219354,0.835023,-0.250748,-0.447035,1.20059,0.0596503
269,2.67751,-0.252294,1.43872,0.0692818,-0.0642181,0.105399,0.154511,-0.345877,0.966645,0.223403,-0.471753,1.09679,0.353371,-0.731122,0.891258,0.318913,0.0101706,0.0818749,0.0966536,-0.26135,0.45447,0.198758,-0.208629,0.980758,0.0899893,-0.337824,1.41731,0.234389,-0.227127,0.0628054,0.098826,-0.659018,0.95052,0.273132,-0.634422,0.911011,0.329245,-0.566452,0.100788,-0.065012,-0.351102,0.967419,-0.0937945,-0.251185,1.0857,-0.214847,-0.254293,0.739466,-0.262875,-0.498791,0.0519953,-0.00642219,-0.506624,0.500755,-0.072439,-0.207935,0.973205,0.0264169,-0.312076,1.41821,-0.110963,-0.728032,0.0949807,-0.00713262,-0.277596,0.831471,-0.199659,-0.2254,0.832722,-0.250657,-0.447769,1.20039,0.0586392
270,2.6875,-0.252412,1.43813,0.0672336,-0.0583366,0.108018,0.154998,-0.346462,0.966224,0.222373,-0.469062,1.09545,0.35144,-0.725214,0.885571,0.317385,0.016876,0.085384,0.0970126,-0.261325,0.45405,0.198813,-0.210095,0.980303,0.0877646,-0.337217,1.41702,0.232683,-0.219368,0.0627436,0.0988095,-0.653668,0.945701,0.27169,-0.628921,0.907127,0.328322,-0.561815,0.0994593,-0.0655585,-0.353816,0.967243,-0.0947446,-0.254901,1.08394,-0.215831,-0.261946,0.737612,-0.26226,-0.492702,0.0532205,-0.00688941,-0.50878,0.500766,-0.0729335,-0.210369,0.972557,0.0238528,-0.312659,1.41746,-0.112756,-0.722982,0.0894309,-0.00736775,-0.283658,0.830083,-0.199166,-0.231923,0.830524,-0.250534,-0.448696,1.20036,0.0576599
271,2.69749,-0.252608,1.43766,0.0650698,-0.0527351,0.11083,0.155526,-0.347116,0.965931,0.221261,-0.466164,1.09415,0.349333,-0.718656,0.879502,0.316052,0.0234514,0.0894874,0.0974052,-0.261754,0.453708,0.198934,-0.211662,0.979898,0.0854482,-0.336544,1.41688,0.23093,-0.211583,0.0626998,0.098813,-0.647953,0.940682,0.270232,-0.622838,0.903055,0.327456,-0.556954,0.0981074,-0.0662059,-0.356755,0.967324,-0.0956797,-0.258887,1.08229,-0.216864,-0.270131,0.735932,-0.261573,-0.486363,0.054483,-0.00750433,-0.510641,0.500812,-0.0736322,-0.21263,0.972094,0.0213782,-0.313472,1.41688,-0.114657,-0.717881,0.0839273,-0.00771416,-0.290342,0.828855,-0.198707,-0.238913,0.828451,-0.250381,-0.449762,1.20053,0.0566914
272,2.70748,-0.252882,1.43732,0.0628176,-0.0475277,0.113889,0.156014,-0.347905,0.965747,0.220089,-0.463036,1.09295,0.347189,-0.711275,0.873185,0.314784,0.0295407,0.093963,0.0978153,-0.262779,0.453424,0.199127,-0.213349,0.979514,0.0830801,-0.335978,1.41699,0.229134,-0.203762,0.0626431,0.0988283,-0.641676,0.935338,0.268815,-0.616129,0.898789,0.326691,-0.551725,0.096956,-0.0667294,-0.359831,0.967653,-0.0966134,-0.263137,1.08078,-0.217927,-0.278828,0.734454,-0.260794,-0.480379,0.0554062,-0.00804531,-0.512589,0.501085,-0.0744518,-0.214533,0.971867,0.0190469,-0.314333,1.4164,-0.116572,-0.712639,0.0787356,-0.00809639,-0.297368,0.827841,-0.198147,-0.246382,0.826523,-0.250169,-0.450928,1.20089,0.0557264
273,2.71747,-0.253221,1.43711,0.0605232,-0.0427139,0.117204,0.156516,-0.348855,0.965661,0.218834,-0.459612,1.09187,0.34507,-0.703022,0.866595,0.313615,0.0350649,0.09887,0.0982227,-0.264557,0.453158,0.199383,-0.215268,0.979172,0.080712,-0.335436,1.41727,0.2273,-0.195942,0.0625679,0.098843,-0.634808,0.929721,0.267535,-0.608735,0.894417,0.32596,-0.546303,0.0962973,-0.0673198,-0.363075,0.967995,-0.0976713,-0.267679,1.07942,-0.21897,-0.288064,0.733145,-0.259872,-0.474146,0.0561779,-0.00831843,-0.51483,0.501449,-0.0753542,-0.215931,0.971926,0.016938,-0.315273,1.41598,-0.118495,-0.707016,0.0742661,-0.00839343,-0.304961,0.827028,-0.197582,-0.254306,0.824839,-0.249955,-0.4522,1.20139,0.054744
274,2.72747,-0.253558,1.43702,0.0582074,-0.0383937,0.120849,0.157074,-0.349943,0.965708,0.217486,-0.456039,1.09082,0.34274,-0.694071,0.859475,0.31286,0.0399779,0.104365,0.0986006,-0.267195,0.452852,0.199779,-0.217278,0.978919,0.0784279,-0.334828,1.41763,0.225431,-0.188105,0.0625132,0.0989009,-0.627531,0.924127,0.266343,-0.600521,0.890185,0.324874,-0.540333,0.0957642,-0.0674683,-0.366327,0.968565,-0.0987916,-0.272506,1.07822,-0.220019,-0.297806,0.732066,-0.25885,-0.467317,0.0568515,-0.00839979,-0.51735,0.501608,-0.076402,-0.217944,0.972061,0.0147236,-0.316441,1.41573,-0.120467,-0.701005,0.0706044,-0.00850387,-0.312801,0.826466,-0.196923,-0.262494,0.823396,-0.249725,-0.453555,1.20199,0.0537363
275,2.73746,-0.253919,1.43705,0.0558516,-0.0346643,0.12486,0.15769,-0.351232,0.965879,0.216046,-0.452379,1.08976,0.340134,-0.684379,0.852168,0.312279,0.0444538,0.110801,0.0989123,-0.270775,0.452497,0.200421,-0.219301,0.978787,0.0762542,-0.334194,1.41813,0.223545,-0.180311,0.0624736,0.0989524,-0.61977,0.918415,0.265182,-0.591634,0.88592,0.323762,-0.533829,0.0952543,-0.0671255,-0.369526,0.969363,-0.0999587,-0.277604,1.07718,-0.221111,-0.307841,0.731286,-0.257814,-0.46005,0.0573911,-0.00840288,-0.519971,0.501557,-0.0774671,-0.220227,0.972314,0.0125328,-0.317827,1.41563,-0.122459,-0.694828,0.0676813,-0.00837533,-0.320904,0.826156,-0.19619,-0.271235,0.822051,-0.249287,-0.454952,1.20269,0.0527221
276,2.74745,-0.254263,1.4372,0.0534461,-0.0315973,0.129331,0.158319,-0.352624,0.966065,0.214456,-0.448501,1.08881,0.337552,-0.673896,0.844784,0.311771,0.048056,0.118051,0.0991665,-0.275327,0.452132,0.201351,-0.221306,0.978769,0.0741816,-0.333547,1.41873,0.221665,-0.172721,0.0622927,0.098899,-0.611497,0.912641,0.264106,-0.582353,0.881215,0.322676,-0.527065,0.09498,-0.066723,-0.372634,0.970167,-0.101252,-0.282984,1.07631,-0.222213,-0.318205,0.730731,-0.25661,-0.452869,0.057574,-0.00850489,-0.522337,0.501483,-0.0784411,-0.222412,0.972714,0.0104446,-0.319379,1.41568,-0.124456,-0.688495,0.065649,-0.00811277,-0.329367,0.826085,-0.195411,-0.280369,0.820897,-0.248819,-0.456308,1.20348,0.0517594
277,2.75744,-0.254616,1.43748,0.0510084,-0.0294027,0.134252,0.158868,-0.354109,0.966369,0.212766,-0.444362,1.08793,0.334969,-0.662654,0.8373,0.311413,0.0505863,0.126089,0.0993077,-0.280881,0.451732,0.202618,-0.223322,0.978873,0.0721827,-0.332826,1.41942,0.219814,-0.165169,0.0619662,0.098942,-0.602756,0.906857,0.263138,-0.57252,0.876484,0.321641,-0.519913,0.0949333,-0.0662755,-0.375532,0.9711,-0.102661,-0.288669,1.07563,-0.223313,-0.329041,0.730426,-0.255293,-0.445414,0.0576956,-0.00854609,-0.524143,0.501451,-0.0792982,-0.224486,0.9732,0.00843293,-0.321091,1.4159,-0.126494,-0.68148,0.0644116,-0.00795606,-0.338147,0.826168,-0.194475,-0.289837,0.82,-0.248374,-0.457589,1.20436,0.0508346
278,2.76743,-0.254947,1.43791,0.0485457,-0.0281968,0.139541,0.159407,-0.355638,0.966863,0.210982,-0.439904,1.08717,0.332499,-0.650738,0.829717,0.311309,0.0519482,0.135019,0.0993259,-0.287334,0.451374,0.20463,-0.225267,0.979121,0.0702206,-0.332038,1.42018,0.217971,-0.157686,0.0614918,0.0991332,-0.593558,0.901126,0.262254,-0.561956,0.872,0.320606,-0.512433,0.0948696,-0.0657697,-0.378249,0.971909,-0.104303,-0.294626,1.07513,-0.224371,-0.340284,0.730391,-0.25385,-0.437473,0.0580018,-0.00843647,-0.525312,0.501342,-0.0800361,-0.226758,0.973667,0.00637673,-0.322899,1.41629,-0.128539,-0.674169,0.0636713,-0.00772796,-0.347207,0.826555,-0.193493,-0.299555,0.8194,-0.247881,-0.45894,1.20536,0.049782
279,2.77742,-0.255268,1.43845,0.0460855,-0.0281122,0.145213,0.159939,-0.357122,0.967501,0.209073,-0.435213,1.08638,0.32988,-0.638084,0.822183,0.311301,0.0519335,0.144915,0.0992191,-0.294649,0.450974,0.207112,-0.227108,0.979444,0.0682463,-0.331178,1.42099,0.216152,-0.150449,0.0609949,0.0993883,-0.583945,0.895501,0.261468,-0.550739,0.867704,0.319607,-0.504918,0.0947532,-0.0655359,-0.380754,0.972558,-0.106233,-0.300827,1.07485,-0.225445,-0.35173,0.730654,-0.252181,-0.429533,0.0582297,-0.00835864,-0.525752,0.501035,-0.080775,-0.22919,0.974065,0.00426906,-0.32463,1.41681,-0.130486,-0.666838,0.0630424,-0.00745708,-0.356514,0.827258,-0.192442,-0.309623,0.819041,-0.247293,-0.460288,1.20656,0.0487106
280,2.78741,-0.255607,1.43906,0.04364,-0.0291037,0.151329,0.160466,-0.35855,0.968215,0.207061,-0.430299,1.08558,0.327087,-0.624685,0.814805,0.311348,0.0504321,0.155798,0.0990894,-0.302874,0.450565,0.209924,-0.228756,0.979799,0.0662626,-0.330287,1.42184,0.214356,-0.143751,0.0606649,0.0997052,-0.573898,0.890018,0.260769,-0.539044,0.86346,0.318435,-0.497413,0.0946731,-0.0655723,-0.382819,0.973369,-0.10825,-0.307279,1.07482,-0.226503,-0.363484,0.731291,-0.250481,-0.421487,0.0585433,-0.0084173,-0.525288,0.500615,-0.081662,-0.230913,0.974466,0.00233343,-0.326493,1.41753,-0.13239,-0.659398,0.0625518,-0.00717778,-0.365993,0.828242,-0.191294,-0.320021,0.818958,-0.246646,-0.46151,1.208,0.0477923
281,2.7974,-0.255965,1.4397,0.0412491,-0.0310502,0.157924,0.160977,-0.359867,0.968936,0.205038,-0.425108,1.0848,0.324136,-0.610643,0.807629,0.311475,0.0475645,0.167601,0.0990416,-0.311924,0.450247,0.212955,-0.230198,0.98014,0.0643131,-0.329376,1.42271,0.212563,-0.1379,0.0606518,0.100077,-0.563391,0.884721,0.26011,-0.526795,0.859474,0.317393,-0.489841,0.0946347,-0.0656624,-0.384228,0.974405,-0.110194,-0.31398,1.07504,-0.227521,-0.375595,0.732281,-0.248763,-0.413988,0.0583062,-0.00857549,-0.523744,0.500161,-0.0826628,-0.232027,0.974819,0.00053094,-0.328467,1.41844,-0.134257,-0.651821,0.0620369,-0.00710427,-0.375627,0.829489,-0.190076,-0.330652,0.819232,-0.24596,-0.462589,1.20948,0.046941
282,2.80739,-0.256281,1.4403,0.0389158,-0.0337679,0.165002,0.161497,-0.360949,0.969653,0.203029,-0.419647,1.08404,0.321097,-0.596118,0.800776,0.311675,0.0435341,0.180115,0.0990875,-0.321641,0.450011,0.215882,-0.231404,0.980452,0.0624439,-0.328415,1.42355,0.210744,-0.13332,0.0612619,0.100689,-0.552434,0.879644,0.25952,-0.51402,0.855841,0.316483,-0.482145,0.0945503,-0.0654713,-0.385379,0.975379,-0.112155,-0.320875,1.07553,-0.228486,-0.388032,0.733626,-0.247001,-0.406492,0.0579699,-0.00864925,-0.521168,0.499569,-0.0836693,-0.233233,0.975124,-0.00128168,-0.330281,1.41945,-0.135999,-0.644218,0.0616933,-0.00700744,-0.385441,0.831019,-0.188789,-0.341544,0.819841,-0.24524,-0.463605,1.21095,0.0461129
283,2.81738,-0.256535,1.4409,0.0366372,-0.0370857,0.172589,0.162042,-0.361753,0.97032,0.201118,-0.413913,1.08332,0.318113,-0.581027,0.794279,0.311908,0.0382847,0.193008,0.0991198,-0.33188,0.449851,0.218368,-0.232292,0.980707,0.0606911,-0.327399,1.42435,0.208923,-0.130015,0.0626058,0.101295,-0.541129,0.87475,0.258897,-0.500975,0.852425,0.315209,-0.474412,0.0945044,-0.06535,-0.386648,0.97613,-0.114098,-0.32789,1.07623,-0.229407,-0.400591,0.735293,-0.245088,-0.39847,0.0580829,-0.00859598,-0.517832,0.498746,-0.0846382,-0.234404,0.975358,-0.00303335,-0.331901,1.42051,-0.1376,-0.636553,0.0614085,-0.00702415,-0.395477,0.83292,-0.187434,-0.352715,0.820746,-0.244508,-0.464535,1.21237,0.0452969
284,2.82737,-0.256713,1.44154,0.0344391,-0.0411153,0.1806,0.162543,-0.362203,0.97089,0.19933,-0.407942,1.08264,0.315208,-0.565408,0.788083,0.311985,0.0320296,0.206381,0.0991318,-0.342482,0.449773,0.220211,-0.232889,0.980837,0.0590268,-0.326373,1.42509,0.207137,-0.12804,0.0646875,0.101734,-0.529555,0.870027,0.25825,-0.4876,0.849184,0.31371,-0.46663,0.0944435,-0.065426,-0.38774,0.976837,-0.115933,-0.335001,1.07709,-0.230287,-0.413293,0.73726,-0.243048,-0.390524,0.0582375,-0.00858288,-0.514024,0.497852,-0.0855766,-0.235303,0.975562,-0.0046205,-0.333551,1.42165,-0.139123,-0.628757,0.0612562,-0.00691887,-0.405632,0.835064,-0.186017,-0.364128,0.821906,-0.243686,-0.465338,1.21363,0.0444734
285,2.83736,-0.256886,1.44223,0.0322859,-0.0459813,0.189073,0.162862,-0.362283,0.971429,0.197705,-0.401765,1.08196,0.312344,-0.549385,0.782257,0.311898,0.0246569,0.219973,0.0990726,-0.353373,0.449902,0.221554,-0.233186,0.980837,0.0574891,-0.325318,1.42577,0.205437,-0.127636,0.0673713,0.102088,-0.517724,0.865495,0.257576,-0.473905,0.846227,0.312322,-0.458773,0.0943713,-0.0656393,-0.388624,0.977558,-0.11759,-0.342169,1.0781,-0.231146,-0.426317,0.739524,-0.240988,-0.382674,0.058161,-0.0086735,-0.510023,0.49712,-0.0864851,-0.235915,0.975858,-0.00609111,-0.335237,1.42286,-0.140595,-0.620915,0.061134,-0.0068911,-0.415903,0.837415,-0.184521,-0.375687,0.823319,-0.242807,-0.466013,1.21469,0.0436317
286,2.84735,-0.257086,1.44298,0.0301832,-0.05165,0.198051,0.162891,-0.361999,0.971942,0.196266,-0.395422,1.08122,0.309465,-0.533094,0.776907,0.31173,0.0161245,0.233801,0.0990001,-0.364521,0.450332,0.222618,-0.233203,0.980694,0.0561407,-0.324196,1.42641,0.20384,-0.12906,0.0701517,0.102625,-0.505624,0.861189,0.256812,-0.459976,0.843541,0.310868,-0.450924,0.094262,-0.0658723,-0.38934,0.978305,-0.119072,-0.349355,1.07923,-0.231999,-0.439511,0.742057,-0.238838,-0.374759,0.0580738,-0.00882624,-0.505972,0.496577,-0.0873849,-0.236246,0.976403,-0.00747624,-0.336912,1.42408,-0.142023,-0.613064,0.0610294,-0.00693609,-0.426266,0.83997,-0.182977,-0.387399,0.82497,-0.241977,-0.466609,1.21559,0.0427765
287,2.85734,-0.25733,1.44382,0.0281833,-0.057729,0.20715,0.162622,-0.361455,0.97241,0.195046,-0.388849,1.08051,0.306676,-0.516553,0.771911,0.311532,0.00611286,0.247514,0.0990116,-0.375831,0.451233,0.223364,-0.232844,0.980512,0.0549978,-0.323003,1.427,0.202371,-0.132147,0.0721572,0.103558,-0.493266,0.857119,0.255922,-0.445913,0.841104,0.309224,-0.443059,0.0941846,-0.0660996,-0.38983,0.979079,-0.120319,-0.3565,1.08043,-0.232841,-0.452789,0.744883,-0.236572,-0.366524,0.0583709,-0.00891556,-0.501946,0.496096,-0.0882964,-0.236331,0.97718,-0.00872962,-0.33858,1.42527,-0.143355,-0.605174,0.0609074,-0.00700548,-0.436692,0.842731,-0.181378,-0.399255,0.826795,-0.241008,-0.467104,1.21638,0.0419496
288,2.86734,-0.257557,1.44479,0.0262657,-0.0640728,0.21586,0.162092,-0.360718,0.972891,0.193993,-0.382116,1.07981,0.303959,-0.499845,0.767316,0.311317,-0.00575615,0.260779,0.0992463,-0.386927,0.452795,0.223823,-0.232143,0.980417,0.054037,-0.321789,1.42756,0.201021,-0.135727,0.0725409,0.10461,-0.480713,0.853336,0.25489,-0.431717,0.838987,0.307397,-0.435186,0.094117,-0.0663484,-0.390396,0.979729,-0.121423,-0.36359,1.08171,-0.233658,-0.466136,0.748011,-0.234238,-0.358549,0.0584577,-0.00905079,-0.497873,0.495635,-0.0892327,-0.236168,0.977912,-0.00971635,-0.340278,1.42643,-0.144609,-0.597258,0.0607871,-0.00709536,-0.447125,0.845691,-0.179727,-0.411122,0.82882,-0.23998,-0.46748,1.21711,0.0411302
289,2.87733,-0.257751,1.44586,0.0244369,-0.0710707,0.223839,0.161457,-0.359841,0.973511,0.192975,-0.375213,1.07913,0.301347,-0.483062,0.763269,0.310963,-0.0184659,0.272568,0.0992191,-0.397701,0.454993,0.22413,-0.231457,0.980443,0.0531269,-0.32057,1.42814,0.199805,-0.138846,0.0721055,0.106006,-0.467988,0.849876,0.253753,-0.417456,0.837211,0.305451,-0.427252,0.0940451,-0.0665967,-0.390613,0.980465,-0.122313,-0.370718,1.08306,-0.234372,-0.479545,0.751427,-0.231816,-0.350453,0.0585396,-0.00919367,-0.493603,0.495197,-0.0901974,-0.235937,0.978861,-0.0106862,-0.342013,1.4276,-0.14577,-0.58926,0.0606811,-0.00723516,-0.457514,0.848845,-0.178022,-0.422975,0.831065,-0.23898,-0.467726,1.21784,0.0403427
290,2.88732,-0.257912,1.447,0.0226908,-0.0787281,0.230836,0.160744,-0.35893,0.974373,0.191939,-0.368117,1.07858,0.298835,-0.466189,0.759833,0.310304,-0.0296899,0.281359,0.0977521,-0.408423,0.457528,0.22457,-0.230836,0.980663,0.0522429,-0.319286,1.42874,0.198731,-0.141617,0.0730592,0.108118,-0.455124,0.846788,0.252458,-0.403123,0.835796,0.303348,-0.419276,0.0939739,-0.0668055,-0.390353,0.981347,-0.12307,-0.377899,1.0845,-0.234948,-0.492973,0.755134,-0.229339,-0.34259,0.0583895,-0.00941477,-0.488991,0.49474,-0.0911615,-0.235526,0.979767,-0.0115214,-0.343795,1.42875,-0.146805,-0.581224,0.0605701,-0.00729547,-0.467827,0.852189,-0.176256,-0.434697,0.833546,-0.238002,-0.467822,1.21855,0.0396322
291,2.89731,-0.258036,1.44819,0.0210607,-0.0862616,0.237158,0.159772,-0.358026,0.975588,0.191054,-0.360868,1.07819,0.296388,-0.449295,0.756975,0.309348,-0.0389,0.287445,0.0949054,-0.418836,0.460483,0.224889,-0.230136,0.981164,0.0513384,-0.31795,1.42935,0.197762,-0.14633,0.0769098,0.110744,-0.442145,0.844076,0.251023,-0.388786,0.834754,0.301054,-0.41127,0.0939689,-0.0669544,-0.389714,0.982289,-0.124013,-0.384894,1.08607,-0.235532,-0.50637,0.759171,-0.226799,-0.334791,0.0582632,-0.00964022,-0.483989,0.494235,-0.0920839,-0.234942,0.980812,-0.0123873,-0.345594,1.42992,-0.147713,-0.573191,0.0605252,-0.00736113,-0.47803,0.85574,-0.174446,-0.446458,0.836281,-0.236878,-0.467742,1.21927,0.0390182
292,2.9073,-0.258111,1.44941,0.0195896,-0.0935649,0.243436,0.158522,-0.357332,0.977025,0.190191,-0.353478,1.078,0.294055,-0.432479,0.75465,0.308119,-0.0470962,0.291977,0.0914529,-0.42879,0.463778,0.224935,-0.229362,0.981976,0.0504651,-0.316587,1.43,0.196868,-0.154419,0.082171,0.114252,-0.429079,0.841781,0.249522,-0.374508,0.834067,0.298579,-0.403294,0.0940065,-0.0670626,-0.388508,0.983379,-0.124925,-0.391739,1.08779,-0.236099,-0.519666,0.763544,-0.224214,-0.326796,0.0583188,-0.0097136,-0.478566,0.493699,-0.0929457,-0.234018,0.981832,-0.0131249,-0.347249,1.43109,-0.148462,-0.565164,0.0604903,-0.00745492,-0.488132,0.859491,-0.17256,-0.458066,0.839279,-0.235572,-0.467453,1.22004,0.0385739
293,2.91729,-0.258179,1.45065,0.018272,-0.101185,0.249095,0.157171,-0.356876,0.978674,0.189276,-0.345967,1.07799,0.29184,-0.415787,0.75286,0.306597,-0.0551328,0.295092,0.0878956,-0.438135,0.467256,0.224754,-0.228625,0.983083,0.0496325,-0.315195,1.43069,0.196027,-0.164987,0.0876143,0.118444,-0.416029,0.839933,0.247722,-0.36033,0.83374,0.295955,-0.395328,0.0940692,-0.0671106,-0.387909,0.983887,-0.126029,-0.398507,1.0897,-0.236546,-0.532815,0.768251,-0.221603,-0.318879,0.058318,-0.00973424,-0.472733,0.493177,-0.0937184,-0.233222,0.982976,-0.0138492,-0.348736,1.43225,-0.149089,-0.557173,0.0604729,-0.00754076,-0.49802,0.863427,-0.170621,-0.469436,0.842524,-0.234164,-0.46698,1.22091,0.0383884
294,2.92728,-0.258202,1.45192,0.0170415,-0.109475,0.253447,0.155852,-0.356537,0.980533,0.188285,-0.338313,1.07818,0.289715,-0.399296,0.751601,0.304725,-0.0633529,0.296528,0.0844184,-0.446866,0.470804,0.224483,-0.227962,0.984424,0.0488607,-0.313828,1.43145,0.195243,-0.176851,0.0923189,0.122731,-0.402986,0.838534,0.245813,-0.346294,0.833791,0.293228,-0.38736,0.0940977,-0.0670676,-0.387406,0.984226,-0.127024,-0.405193,1.09179,-0.236858,-0.545759,0.773312,-0.218934,-0.310602,0.0586858,-0.00961997,-0.466633,0.492713,-0.0943661,-0.232611,0.98417,-0.0145006,-0.349985,1.43347,-0.149571,-0.549184,0.0604071,-0.00752439,-0.507689,0.867585,-0.168656,-0.480715,0.845872,-0.232789,-0.466346,1.22186,0.0384801
295,2.93727,-0.258172,1.4532,0.0159145,-0.118432,0.256381,0.154625,-0.356213,0.98261,0.187226,-0.330547,1.07859,0.287638,-0.383108,0.750764,0.30262,-0.0720735,0.296423,0.0812749,-0.455184,0.474467,0.224121,-0.227409,0.985911,0.0482309,-0.312506,1.43229,0.194508,-0.189435,0.0959115,0.126779,-0.390031,0.837566,0.243927,-0.332473,0.834231,0.290452,-0.379361,0.0941231,-0.0670055,-0.38689,0.984306,-0.127883,-0.411709,1.09406,-0.237045,-0.558399,0.778765,-0.216203,-0.302116,0.0593263,-0.00939102,-0.460319,0.492327,-0.0948084,-0.23198,0.985129,-0.0152,-0.351043,1.43478,-0.14995,-0.54115,0.060349,-0.00755292,-0.517131,0.871958,-0.166611,-0.491811,0.849471,-0.231378,-0.465578,1.22289,0.0388585
296,2.94726,-0.258099,1.45449,0.014888,-0.128125,0.257968,0.153508,-0.355881,0.984863,0.186085,-0.322683,1.0792,0.285627,-0.367335,0.750269,0.300255,-0.0814556,0.295087,0.0786532,-0.463182,0.478292,0.223603,-0.226865,0.98745,0.0477532,-0.311169,1.43321,0.193761,-0.202532,0.0982965,0.130538,-0.377253,0.837047,0.242162,-0.318943,0.83506,0.287667,-0.371353,0.0941448,-0.066977,-0.385855,0.983625,-0.12896,-0.418022,1.09649,-0.237128,-0.570726,0.784464,-0.213494,-0.294461,0.0591463,-0.00954288,-0.453896,0.492002,-0.0950596,-0.231256,0.986026,-0.0157847,-0.352096,1.4362,-0.150336,-0.533182,0.0603473,-0.00762176,-0.526317,0.87649,-0.164535,-0.502633,0.853394,-0.229825,-0.464675,1.2239,0.0394825
297,2.95725,-0.257948,1.45577,0.0139195,-0.138499,0.258223,0.152599,-0.355501,0.987175,0.18488,-0.314803,1.08004,0.283712,-0.351951,0.750141,0.297605,-0.0913623,0.292586,0.0766214,-0.470861,0.482215,0.222944,-0.226196,0.988955,0.0473477,-0.309701,1.4342,0.192932,-0.216136,0.0995204,0.133907,-0.364683,0.836962,0.240284,-0.305777,0.836248,0.284876,-0.363292,0.0940574,-0.0668962,-0.384491,0.982631,-0.130139,-0.42413,1.09905,-0.237094,-0.582721,0.790363,-0.21081,-0.286671,0.0590103,-0.00963069,-0.447602,0.491719,-0.0952964,-0.230512,0.986906,-0.0161996,-0.352998,1.43764,-0.150658,-0.525286,0.0604096,-0.0077049,-0.535273,0.881127,-0.162341,-0.513145,0.857554,-0.22816,-0.463626,1.22487,0.0402796
298,2.96724,-0.257844,1.457,0.0129862,-0.14944,0.257169,0.151973,-0.355036,0.98945,0.18362,-0.306996,1.08112,0.281826,-0.336875,0.750341,0.294654,-0.101597,0.288885,0.0751988,-0.478179,0.486138,0.222127,-0.225368,0.990331,0.0470346,-0.30805,1.43524,0.192017,-0.230437,0.0997152,0.136681,-0.351729,0.83718,0.237852,-0.292867,0.837662,0.282124,-0.355263,0.0938708,-0.0667399,-0.383053,0.982151,-0.131273,-0.429973,1.1017,-0.236968,-0.594316,0.796426,-0.208116,-0.278417,0.0593746,-0.00944469,-0.441282,0.491495,-0.09549,-0.229829,0.987775,-0.0165058,-0.353736,1.43908,-0.150916,-0.517378,0.0604197,-0.00770868,-0.54405,0.88592,-0.160074,-0.523291,0.861878,-0.226434,-0.46244,1.22574,0.0411523
299,2.97723,-0.257643,1.45819,0.0120789,-0.160841,0.254929,0.151697,-0.354557,0.991591,0.182387,-0.299367,1.08236,0.279929,-0.32215,0.750728,0.291421,-0.112065,0.284042,0.0744017,-0.485117,0.489963,0.221133,-0.224432,0.991555,0.0468177,-0.306553,1.43627,0.191172,-0.245543,0.0990309,0.13887,-0.339352,0.837708,0.235701,-0.2803,0.839239,0.279455,-0.347453,0.0940828,-0.0667782,-0.381573,0.982303,-0.132344,-0.435483,1.10438,-0.23675,-0.605469,0.80262,-0.205421,-0.270406,0.0594218,-0.00944836,-0.434901,0.49132,-0.095651,-0.229152,0.988628,-0.0167394,-0.354406,1.44052,-0.151116,-0.509311,0.0602994,-0.0077027,-0.552472,0.890834,-0.157877,-0.533078,0.866318,-0.224649,-0.461113,1.22647,0.0420307
300,2.98722,-0.257459,1.45928,0.0112383,-0.172664,0.25159,0.15178,-0.354177,0.99353,0.181256,-0.291714,1.0837,0.27832,-0.308043,0.751339,0.28816,-0.122674,0.278085,0.0742304,-0.491647,0.493621,0.22003,-0.223369,0.992661,0.0467062,-0.305111,1.43726,0.190396,-0.261657,0.0977132,0.140522,-0.327539,0.838522,0.233695,-0.268278,0.841,0.276987,-0.339475,0.0942386,-0.0670394,-0.37972,0.98293,-0.133445,-0.440669,1.10703,-0.23651,-0.616167,0.808878,-0.20271,-0.262587,0.0593115,-0.00950951,-0.428388,0.491154,-0.0957982,-0.22818,0.989503,-0.0168028,-0.355119,1.44195,-0.15129,-0.50128,0.0602461,-0.00769302,-0.560599,0.895831,-0.155742,-0.542522,0.870816,-0.222773,-0.459639,1.22708,0.0429042
301,2.99721,-0.257329,1.46021,0.0104705,-0.18492,0.247069,0.15213,-0.353895,0.995218,0.18028,-0.284105,1.0851,0.277016,-0.294564,0.752143,0.284899,-0.13342,0.271051,0.0747002,-0.49772,0.49706,0.218829,-0.222192,0.993666,0.0466847,-0.303622,1.43817,0.18967,-0.278908,0.0960239,0.14168,-0.316099,0.839514,0.231688,-0.256599,0.842798,0.274638,-0.331397,0.09447,-0.0672159,-0.377705,0.98368,-0.134496,-0.445532,1.10959,-0.236285,-0.626411,0.815106,-0.199967,-0.254605,0.0594257,-0.00954838,-0.421757,0.490956,-0.0959518,-0.227107,0.990356,-0.0167501,-0.355764,1.44326,-0.151384,-0.493325,0.0602597,-0.00767402,-0.568536,0.900897,-0.153681,-0.551575,0.875314,-0.220802,-0.457974,1.2276,0.0437422
302,3.00721,-0.257174,1.46101,0.00976425,-0.197547,0.241419,0.152727,-0.35335,0.996679,0.179331,-0.276737,1.08648,0.275612,-0.281658,0.752923,0.281712,-0.144372,0.262869,0.0757455,-0.503327,0.50028,0.217551,-0.220967,0.994554,0.0467194,-0.302297,1.4389,0.188949,-0.297166,0.0941349,0.142511,-0.304959,0.840578,0.229682,-0.245243,0.844557,0.272379,-0.323378,0.094747,-0.0673801,-0.37571,0.984392,-0.135428,-0.449997,1.11199,-0.236046,-0.636258,0.82119,-0.197249,-0.246353,0.0598089,-0.00960214,-0.415036,0.490719,-0.0961553,-0.225997,0.991132,-0.0166521,-0.356322,1.44441,-0.151418,-0.485306,0.0602563,-0.00772245,-0.576219,0.905932,-0.1516,-0.56023,0.879768,-0.218772,-0.4562,1.22803,0.0444511
303,3.0172,-0.256824,1.4618,0.00908722,-0.21061,0.234754,0.153563,-0.352712,0.997938,0.178467,-0.269596,1.08781,0.274123,-0.269286,0.753695,0.278547,-0.155627,0.25355,0.0771878,-0.50844,0.50329,0.216205,-0.219775,0.995276,0.0467779,-0.301172,1.43945,0.188256,-0.316155,0.09206,0.143113,-0.294149,0.841661,0.227678,-0.234374,0.846334,0.270094,-0.315469,0.0946762,-0.0672173,-0.373746,0.985174,-0.136281,-0.454075,1.11417,-0.235775,-0.645636,0.827189,-0.1945,-0.238108,0.0601146,-0.00959228,-0.408206,0.490453,-0.0963978,-0.224843,0.9918,-0.0165346,-0.356801,1.44541,-0.151413,-0.47726,0.0602127,-0.0077703,-0.58362,0.91093,-0.149483,-0.568486,0.88413,-0.216667,-0.454517,1.22837,0.0449583
304,3.02719,-0.256527,1.46246,0.00847912,-0.224178,0.227185,0.154632,-0.352016,0.99896,0.177755,-0.262571,1.08902,0.272762,-0.257386,0.75448,0.275394,-0.167339,0.243247,0.0788923,-0.513113,0.506086,0.214808,-0.218555,0.995829,0.0468821,-0.300171,1.4398,0.187641,-0.336375,0.0901067,0.143491,-0.283747,0.842723,0.225726,-0.223909,0.848058,0.26788,-0.307488,0.0946872,-0.0671067,-0.371846,0.985853,-0.137006,-0.457844,1.11614,-0.235529,-0.654565,0.833072,-0.191689,-0.230398,0.0599975,-0.00961938,-0.401251,0.49018,-0.0966154,-0.223681,0.992328,-0.0164062,-0.357238,1.44626,-0.151399,-0.469264,0.0601858,-0.00778965,-0.590688,0.915857,-0.147389,-0.576354,0.888323,-0.214492,-0.453096,1.2286,0.0452222
305,3.03718,-0.256321,1.46297,0.00793472,-0.238231,0.218859,0.156034,-0.351207,0.999746,0.177215,-0.255666,1.0901,0.271504,-0.245979,0.755237,0.27229,-0.179664,0.232322,0.0808036,-0.517322,0.508664,0.213442,-0.217334,0.996198,0.0470082,-0.298983,1.43999,0.187154,-0.357234,0.087991,0.143777,-0.273797,0.843701,0.223908,-0.213651,0.849558,0.265897,-0.299573,0.094788,-0.0669703,-0.370135,0.98621,-0.137567,-0.461341,1.11786,-0.235338,-0.663051,0.838789,-0.188815,-0.222621,0.0599483,-0.00962811,-0.394409,0.489834,-0.0969041,-0.222507,0.99269,-0.0162777,-0.357704,1.44696,-0.151398,-0.461295,0.0601415,-0.00784893,-0.597434,0.920637,-0.145342,-0.583817,0.8923,-0.212266,-0.452002,1.22867,0.0451707
306,3.04717,-0.256165,1.46333,0.00744473,-0.253046,0.209954,0.15753,-0.350264,1.00032,0.176816,-0.248964,1.09101,0.270294,-0.235034,0.755936,0.269282,-0.192751,0.220776,0.0828674,-0.521054,0.51099,0.212156,-0.216159,0.996398,0.0470726,-0.297845,1.43998,0.186742,-0.378557,0.0857884,0.144064,-0.264309,0.844577,0.222267,-0.203995,0.850904,0.263857,-0.291712,0.0948354,-0.0668528,-0.368761,0.986055,-0.138005,-0.464564,1.11933,-0.235199,-0.6711,0.844311,-0.185903,-0.214457,0.0602579,-0.0095894,-0.387787,0.489342,-0.0973266,-0.22133,0.992895,-0.0161682,-0.358077,1.44745,-0.151339,-0.453363,0.0600894,-0.00794324,-0.603847,0.925249,-0.143261,-0.590849,0.896046,-0.21002,-0.451248,1.22862,0.044808
307,3.05716,-0.256016,1.46359,0.00703685,-0.268403,0.200849,0.15897,-0.3492,1.00067,0.176585,-0.242461,1.09173,0.269129,-0.224485,0.756586,0.266393,-0.206807,0.208499,0.0850318,-0.524236,0.51303,0.210895,-0.214987,0.996473,0.0470591,-0.296836,1.43976,0.186406,-0.399902,0.0831826,0.144122,-0.255302,0.845331,0.220809,-0.194726,0.852162,0.261703,-0.283872,0.0948819,-0.0668051,-0.367497,0.985599,-0.138401,-0.467507,1.12057,-0.235065,-0.678684,0.849619,-0.182981,-0.206095,0.0607339,-0.00952082,-0.381444,0.488848,-0.0976172,-0.220105,0.992968,-0.0161051,-0.358407,1.44776,-0.151233,-0.445474,0.0600778,-0.00800091,-0.609917,0.929696,-0.141157,-0.597517,0.899649,-0.2077,-0.450777,1.2284,0.0442475
308,3.06715,-0.255875,1.46372,0.00673627,-0.284256,0.191623,0.160513,-0.348038,1.00083,0.17648,-0.236168,1.09231,0.268034,-0.214401,0.757211,0.263652,-0.221691,0.195731,0.0873147,-0.526893,0.514745,0.209627,-0.213843,0.996439,0.0470528,-0.295889,1.43935,0.186167,-0.421333,0.0804982,0.144133,-0.246731,0.845952,0.219426,-0.185809,0.853328,0.259651,-0.275969,0.0949615,-0.0668081,-0.365946,0.984924,-0.138708,-0.470242,1.1216,-0.234927,-0.685793,0.854671,-0.180046,-0.198547,0.0605236,-0.00955354,-0.375266,0.488408,-0.0977264,-0.218848,0.992936,-0.0160673,-0.358832,1.44793,-0.151152,-0.437553,0.0600433,-0.0080084,-0.615647,0.933996,-0.13908,-0.603791,0.903021,-0.205364,-0.450492,1.22803,0.0436266
309,3.07714,-0.255735,1.46376,0.0065361,-0.300566,0.182369,0.162118,-0.346805,1.00083,0.176472,-0.230178,1.09275,0.266919,-0.20504,0.757737,0.261317,-0.237517,0.182653,0.0893988,-0.52906,0.516118,0.208352,-0.212631,0.996332,0.0470521,-0.294941,1.43879,0.186027,-0.443078,0.078347,0.144454,-0.238383,0.846413,0.217827,-0.17728,0.854421,0.257736,-0.268043,0.095008,-0.0668591,-0.364718,0.984436,-0.138852,-0.472787,1.12243,-0.234774,-0.6924,0.859422,-0.177121,-0.190964,0.0603283,-0.00958635,-0.369397,0.48795,-0.0977679,-0.217645,0.992824,-0.0160434,-0.359252,1.44795,-0.151025,-0.429565,0.0600357,-0.00812693,-0.620945,0.938056,-0.137054,-0.609632,0.906151,-0.203027,-0.450273,1.22755,0.043069
310,3.08713,-0.255614,1.4637,0.00642152,-0.317284,0.173238,0.163707,-0.345528,1.00069,0.176525,-0.224488,1.09306,0.265764,-0.196147,0.75812,0.259266,-0.25408,0.16977,0.0912471,-0.530746,0.517166,0.207094,-0.211407,0.996137,0.047062,-0.294029,1.43811,0.185975,-0.465033,0.0768404,0.145196,-0.230211,0.846736,0.216034,-0.169287,0.85525,0.25603,-0.260142,0.0950787,-0.0668624,-0.363529,0.983949,-0.138565,-0.475106,1.12308,-0.234535,-0.698527,0.863896,-0.174211,-0.183014,0.060377,-0.00958171,-0.363652,0.487485,-0.0977262,-0.216449,0.992645,-0.0160248,-0.359652,1.44782,-0.150813,-0.421405,0.0599179,-0.00825456,-0.625641,0.941723,-0.135144,-0.615025,0.909027,-0.20066,-0.449937,1.22703,0.0426666
311,3.09712,-0.255502,1.46352,0.00640277,-0.334425,0.164373,0.165107,-0.344265,1.00041,0.176643,-0.219106,1.09325,0.2647,-0.187592,0.75845,0.25737,-0.271299,0.157127,0.0928231,-0.531949,0.517916,0.205864,-0.210253,0.995882,0.047096,-0.293128,1.4373,0.186017,-0.487071,0.0759608,0.146354,-0.22248,0.846987,0.214552,-0.161734,0.85586,0.254508,-0.252211,0.0951824,-0.0668339,-0.362295,0.98334,-0.138324,-0.477271,1.1236,-0.234253,-0.704245,0.868214,-0.171339,-0.17489,0.0606129,-0.00954781,-0.357924,0.487026,-0.0975777,-0.215307,0.992414,-0.0159911,-0.360061,1.44757,-0.150517,-0.413269,0.0597987,-0.00826355,-0.629764,0.944988,-0.133316,-0.619947,0.911649,-0.198292,-0.449671,1.22648,0.0425089
312,3.10711,-0.255401,1.46324,0.0064657,-0.351868,0.155844,0.166485,-0.343009,1.00002,0.176788,-0.214102,1.09336,0.263725,-0.179463,0.75876,0.255686,-0.289188,0.144766,0.094231,-0.532676,0.518355,0.204597,-0.209055,0.995634,0.0471698,-0.292254,1.4364,0.186126,-0.509061,0.0755896,0.147869,-0.215238,0.847125,0.213332,-0.154488,0.856339,0.253016,-0.244248,0.0952668,-0.0668407,-0.361075,0.982877,-0.138118,-0.479258,1.12399,-0.233873,-0.709562,0.87239,-0.168548,-0.166762,0.0608711,-0.00950309,-0.352328,0.486552,-0.097391,-0.214209,0.992186,-0.0158878,-0.360459,1.44721,-0.150172,-0.40522,0.0597097,-0.00821202,-0.633631,0.948083,-0.131392,-0.624494,0.91405,-0.19597,-0.449239,1.22588,0.0425985
313,3.1171,-0.255365,1.46284,0.0066156,-0.369612,0.147731,0.167914,-0.341741,0.999514,0.176917,-0.209533,1.09335,0.262838,-0.171822,0.759049,0.254257,-0.307726,0.13279,0.095582,-0.532824,0.518464,0.203381,-0.207758,0.995399,0.047276,-0.291383,1.43541,0.186304,-0.530877,0.0756875,0.149549,-0.209132,0.847021,0.212472,-0.147811,0.856855,0.25141,-0.236256,0.095304,-0.0668535,-0.359902,0.982486,-0.137865,-0.481095,1.12425,-0.233455,-0.714325,0.876117,-0.165813,-0.158874,0.0608569,-0.00955407,-0.346789,0.486051,-0.0971845,-0.213188,0.991936,-0.0157384,-0.360837,1.44679,-0.149784,-0.397225,0.0596733,-0.00821936,-0.637174,0.950939,-0.129424,-0.628658,0.916204,-0.193693,-0.448848,1.22515,0.0429729
314,3.12709,-0.255345,1.46232,0.00684495,-0.387682,0.140135,0.169363,-0.340515,0.998893,0.177093,-0.205371,1.09325,0.262044,-0.164681,0.759292,0.253086,-0.326718,0.121386,0.0969584,-0.532369,0.518288,0.20225,-0.206303,0.995152,0.0474085,-0.2905,1.43437,0.186546,-0.552441,0.0763141,0.151262,-0.203447,0.846863,0.211721,-0.141608,0.857338,0.249992,-0.228383,0.0954854,-0.0667756,-0.359192,0.981612,-0.137652,-0.482759,1.12434,-0.233029,-0.718552,0.879457,-0.163102,-0.15099,0.0608871,-0.00962412,-0.341263,0.485537,-0.0969458,-0.212209,0.991658,-0.0155334,-0.361228,1.44629,-0.149287,-0.38928,0.0596522,-0.00825155,-0.640302,0.953477,-0.127499,-0.632382,0.918093,-0.191479,-0.44828,1.22424,0.0435928
315,3.13708,-0.255298,1.46171,0.00715501,-0.406013,0.133164,0.17079,-0.339351,0.998161,0.177292,-0.201623,1.09305,0.261373,-0.158078,0.759477,0.252154,-0.345741,0.110996,0.098457,-0.531282,0.517785,0.201179,-0.204913,0.994833,0.0475698,-0.289636,1.43328,0.186855,-0.573695,0.0775827,0.15296,-0.198041,0.846631,0.211043,-0.13587,0.857765,0.248825,-0.220543,0.0956438,-0.0667092,-0.358281,0.980983,-0.137262,-0.48423,1.12428,-0.232531,-0.722287,0.882396,-0.160465,-0.143097,0.060934,-0.00972575,-0.335754,0.484995,-0.0966709,-0.211298,0.991311,-0.015302,-0.361606,1.4457,-0.148671,-0.381408,0.0596372,-0.00825236,-0.642997,0.955649,-0.12562,-0.635673,0.919715,-0.18933,-0.447726,1.22311,0.0444248
316,3.14708,-0.255249,1.461,0.00755543,-0.424318,0.126984,0.171958,-0.338219,0.997319,0.177539,-0.1983,1.09276,0.260838,-0.151997,0.759574,0.251492,-0.365162,0.101418,0.0998918,-0.529577,0.516954,0.200086,-0.203936,0.994305,0.047767,-0.288814,1.43217,0.187217,-0.594555,0.0795127,0.154625,-0.193052,0.846277,0.210513,-0.130621,0.858085,0.247873,-0.212716,0.0957795,-0.0666584,-0.357567,0.980346,-0.136884,-0.485423,1.12408,-0.23188,-0.725566,0.884918,-0.157908,-0.135166,0.0610069,-0.0098201,-0.330206,0.484433,-0.0963825,-0.210372,0.990892,-0.0150371,-0.361951,1.445,-0.147979,-0.373527,0.0595818,-0.00830263,-0.645262,0.95743,-0.123774,-0.638578,0.921054,-0.187258,-0.447013,1.22178,0.0454396
317,3.15707,-0.255211,1.4602,0.00804226,-0.442665,0.121529,0.172876,-0.337154,0.996356,0.177844,-0.195393,1.09235,0.260445,-0.146432,0.759581,0.251078,-0.384689,0.0929413,0.101313,-0.527369,0.515841,0.199102,-0.20349,0.993528,0.0480462,-0.288077,1.43104,0.187672,-0.61494,0.0820527,0.156184,-0.188545,0.845864,0.210279,-0.12593,0.858118,0.246923,-0.204921,0.095954,-0.0666196,-0.357405,0.979214,-0.136548,-0.486448,1.12374,-0.231224,-0.728375,0.887024,-0.155428,-0.127189,0.0612714,-0.00973767,-0.324643,0.483877,-0.09611,-0.209426,0.990381,-0.0147699,-0.362375,1.4442,-0.147254,-0.365627,0.059528,-0.00835315,-0.647165,0.958818,-0.121921,-0.641096,0.92208,-0.185276,-0.446395,1.22032,0.0466164
318,3.16706,-0.255196,1.45935,0.00859813,-0.460644,0.117065,0.174094,-0.336168,0.995278,0.178193,-0.192864,1.09183,0.260178,-0.141431,0.759498,0.250878,-0.404101,0.0856112,0.102607,-0.524839,0.514459,0.19826,-0.202967,0.992704,0.0482557,-0.287391,1.42989,0.188241,-0.63469,0.0851734,0.157594,-0.184567,0.845335,0.210206,-0.121752,0.858048,0.246295,-0.197178,0.0962122,-0.0666231,-0.357336,0.977981,-0.136248,-0.487389,1.12325,-0.23058,-0.730727,0.888674,-0.153043,-0.119166,0.0615678,-0.00970038,-0.319078,0.483362,-0.0958715,-0.208591,0.989726,-0.0145286,-0.362806,1.44334,-0.146443,-0.357569,0.0594883,-0.00822489,-0.648708,0.95982,-0.120112,-0.643215,0.922793,-0.183407,-0.445625,1.21884,0.0478545
319,3.17705,-0.2552,1.45846,0.0092484,-0.478274,0.113371,0.174953,-0.335249,0.99409,0.178583,-0.190661,1.0912,0.260052,-0.13704,0.759251,0.250882,-0.42299,0.0795983,0.103664,-0.52212,0.512867,0.197536,-0.202384,0.991796,0.0483675,-0.286811,1.4287,0.188895,-0.653586,0.0890061,0.158793,-0.181166,0.844671,0.210323,-0.118111,0.857872,0.246028,-0.189477,0.0964793,-0.0666011,-0.356937,0.977201,-0.135724,-0.488216,1.1226,-0.229975,-0.732626,0.889845,-0.150736,-0.111326,0.0617125,-0.00972695,-0.313579,0.482902,-0.0956647,-0.207891,0.988923,-0.0143619,-0.363193,1.44242,-0.145544,-0.349565,0.0594541,-0.00818134,-0.64988,0.960415,-0.118378,-0.644952,0.923188,-0.18166,-0.444679,1.21748,0.0491044
320,3.18704,-0.255235,1.45745,0.00997422,-0.495093,0.110551,0.175717,-0.334445,0.992815,0.17902,-0.188828,1.09042,0.260146,-0.133295,0.758805,0.251081,-0.441462,0.0743451,0.10424,-0.519365,0.511121,0.19691,-0.201902,0.990771,0.0484112,-0.286336,1.42748,0.189625,-0.671348,0.0936621,0.159621,-0.178383,0.84392,0.210753,-0.115117,0.85752,0.245806,-0.181764,0.0967462,-0.0665651,-0.356824,0.976265,-0.135165,-0.488752,1.12177,-0.229238,-0.734065,0.890539,-0.148526,-0.103396,0.0619563,-0.00975707,-0.308197,0.482488,-0.0954907,-0.20734,0.987969,-0.014203,-0.36358,1.44141,-0.144557,-0.341615,0.0593952,-0.00823129,-0.650701,0.960586,-0.116704,-0.646301,0.923267,-0.179982,-0.443714,1.21626,0.0503271
321,3.19703,-0.255272,1.45634,0.0107586,-0.510838,0.108641,0.17651,-0.333764,0.991456,0.179496,-0.187378,1.08951,0.260454,-0.130201,0.758158,0.251475,-0.45895,0.0700046,0.104829,-0.516673,0.509233,0.196428,-0.201556,0.989589,0.0484285,-0.285924,1.42619,0.190451,-0.687776,0.0991204,0.159922,-0.17601,0.842965,0.211334,-0.112669,0.856991,0.245932,-0.174043,0.0970411,-0.0665276,-0.356739,0.975257,-0.134711,-0.489039,1.12076,-0.228271,-0.735047,0.890719,-0.146418,-0.095368,0.0624116,-0.00960531,-0.302991,0.482082,-0.0953219,-0.20699,0.986889,-0.0140985,-0.363962,1.44032,-0.143498,-0.333654,0.0593369,-0.00830837,-0.651175,0.960332,-0.115101,-0.647189,0.922914,-0.178281,-0.44312,1.21505,0.0515213
322,3.20702,-0.255303,1.45515,0.0116151,-0.525446,0.107527,0.177311,-0.333255,0.990015,0.180041,-0.18625,1.08849,0.260998,-0.127758,0.757281,0.252091,-0.474856,0.0667514,0.105869,-0.514113,0.507263,0.196129,-0.20135,0.988266,0.0484491,-0.285605,1.42484,0.191384,-0.702697,0.105141,0.15961,-0.174156,0.841841,0.212154,-0.110742,0.856284,0.246504,-0.166434,0.0974159,-0.0664427,-0.356433,0.974461,-0.134142,-0.489239,1.1196,-0.22724,-0.735576,0.890304,-0.144447,-0.0874573,0.0627094,-0.00952034,-0.298045,0.48165,-0.0951237,-0.207095,0.985672,-0.014081,-0.364313,1.43915,-0.142344,-0.325679,0.0592977,-0.00839459,-0.651351,0.959675,-0.113549,-0.647692,0.922129,-0.176666,-0.442542,1.21379,0.0526186
323,3.21701,-0.255305,1.45389,0.012596,-0.539099,0.10704,0.177927,-0.332875,0.988519,0.180676,-0.18544,1.08732,0.261788,-0.126012,0.756195,0.252929,-0.489264,0.0641377,0.10744,-0.511706,0.505266,0.195942,-0.201202,0.986828,0.0485085,-0.285376,1.42341,0.19242,-0.716022,0.111495,0.158688,-0.172898,0.840634,0.213289,-0.109355,0.855341,0.24743,-0.158837,0.0978468,-0.0663483,-0.356923,0.972991,-0.133537,-0.489357,1.11835,-0.226269,-0.735654,0.889306,-0.142632,-0.0793676,0.0631543,-0.00942819,-0.293381,0.48122,-0.0948659,-0.20778,0.984266,-0.0140459,-0.364709,1.43792,-0.141162,-0.317741,0.0592567,-0.00852943,-0.651225,0.958597,-0.112082,-0.64777,0.920939,-0.175008,-0.441896,1.21242,0.0536072
324,3.227,-0.255318,1.45258,0.0136932,-0.551365,0.106976,0.178805,-0.332598,0.986968,0.181408,-0.184982,1.08598,0.262808,-0.124918,0.754881,0.253987,-0.502001,0.0619474,0.109433,-0.509495,0.503264,0.195675,-0.201111,0.985306,0.0486955,-0.285224,1.42193,0.193542,-0.727626,0.117853,0.157131,-0.172236,0.839274,0.214637,-0.108574,0.85407,0.24841,-0.151275,0.0983767,-0.0662802,-0.357193,0.971565,-0.132891,-0.48938,1.11699,-0.225208,-0.735268,0.887749,-0.140966,-0.0714078,0.0636037,-0.00940181,-0.28909,0.480765,-0.0945924,-0.208179,0.982838,-0.0138239,-0.365049,1.43664,-0.139913,-0.309924,0.0592902,-0.00873316,-0.650803,0.957089,-0.110703,-0.647505,0.919425,-0.173577,-0.441494,1.21092,0.0545502
325,3.23699,-0.255294,1.45127,0.014885,-0.562101,0.10719,0.180012,-0.332407,0.985427,0.182244,-0.184844,1.08449,0.264063,-0.124496,0.753341,0.25526,-0.512958,0.0600291,0.111933,-0.50758,0.501313,0.195171,-0.201088,0.983757,0.0490487,-0.28511,1.42037,0.194752,-0.737388,0.123945,0.155097,-0.172122,0.837719,0.216173,-0.108345,0.852614,0.24969,-0.143846,0.0988767,-0.0662907,-0.356963,0.970627,-0.132122,-0.489324,1.11557,-0.224118,-0.73445,0.885652,-0.139469,-0.0636438,0.0641056,-0.00927333,-0.285309,0.480202,-0.094387,-0.208355,0.981431,-0.0134267,-0.365322,1.4353,-0.138592,-0.302147,0.0592817,-0.0087856,-0.650085,0.955154,-0.109387,-0.646868,0.917605,-0.172286,-0.441315,1.20934,0.0554771
326,3.24698,-0.255288,1.44996,0.0161821,-0.571197,0.107543,0.181353,-0.332309,0.983948,0.18317,-0.185009,1.08283,0.265512,-0.124783,0.751605,0.256811,-0.522059,0.0582181,0.114872,-0.506123,0.499507,0.194406,-0.201129,0.982224,0.0496565,-0.285042,1.41876,0.196039,-0.745263,0.129453,0.152709,-0.172369,0.835968,0.217838,-0.108648,0.850989,0.251436,-0.136566,0.0994295,-0.0663605,-0.357515,0.969234,-0.131293,-0.489191,1.11407,-0.222912,-0.7332,0.883027,-0.138145,-0.0560882,0.0645561,-0.00914788,-0.281951,0.479584,-0.0942069,-0.208472,0.980057,-0.0128249,-0.365498,1.43396,-0.137256,-0.294396,0.0592448,-0.00870747,-0.649028,0.952817,-0.108167,-0.645811,0.915424,-0.171143,-0.441255,1.20776,0.0564025
327,3.25697,-0.255347,1.44867,0.0175556,-0.578546,0.107986,0.182641,-0.332309,0.982523,0.184166,-0.18547,1.08106,0.267171,-0.125738,0.749757,0.258616,-0.529302,0.0565142,0.117832,-0.505192,0.497946,0.19363,-0.201275,0.980726,0.0504797,-0.28502,1.41714,0.197418,-0.751309,0.13396,0.150021,-0.173213,0.834113,0.219747,-0.109536,0.849075,0.253558,-0.129376,0.100137,-0.0664434,-0.358127,0.967882,-0.130432,-0.488825,1.11254,-0.221594,-0.731484,0.879935,-0.137012,-0.0483963,0.0653061,-0.00909334,-0.278966,0.478973,-0.0940119,-0.208512,0.97878,-0.0120141,-0.365607,1.43266,-0.13592,-0.286653,0.0591798,-0.00871096,-0.647679,0.950097,-0.107051,-0.644366,0.912883,-0.17017,-0.441261,1.20626,0.0573578
328,3.26696,-0.25548,1.44741,0.01898,-0.584041,0.108347,0.18362,-0.332464,0.981169,0.185224,-0.18624,1.07921,0.269017,-0.127333,0.747795,0.26062,-0.534768,0.0549122,0.120419,-0.504698,0.49662,0.193061,-0.201528,0.979338,0.0514969,-0.285042,1.41556,0.198883,-0.7556,0.137114,0.147217,-0.17465,0.83219,0.22189,-0.111001,0.846937,0.255649,-0.122245,0.101033,-0.0665639,-0.358562,0.966629,-0.129436,-0.488346,1.111,-0.220195,-0.729299,0.876411,-0.136073,-0.0408439,0.0663566,-0.00923616,-0.276313,0.478382,-0.0938076,-0.208501,0.977626,-0.0110127,-0.365683,1.43141,-0.134571,-0.278879,0.0590769,-0.00876781,-0.645978,0.947044,-0.106035,-0.642554,0.910045,-0.169395,-0.441442,1.2049,0.0584041
