Time,C7_X,C7_Y,C7_Z,LANK_X,LANK_Y,LANK_Z,LASI_X,LASI_Y,LASI_Z,LELB_X,LELB_Y,LELB_Z,LFIN_X,LFIN_Y,LFIN_Z,LHEE_X,LHEE_Y,LHEE_Z,LKNE_X,LKNE_Y,LKNE_Z,LPSI_X,LPSI_Y,LPSI_Z,LSHO_X,LSHO_Y,LSHO_Z,LTOE_X,LTOE_Y,LTOE_Z,LWRA_X,LWRA_Y,LWRA_Z,LWRB_X,LWRB_Y,LWRB_Z,RANK_X,RANK_Y,RANK_Z,RELB_X,RELB_Y,RELB_Z,RFIN_X,RFIN_Y,RFIN_Z,RHEE_X,RHEE_Y,RHEE_Z,RKNE_X,RKNE_Y,RKNE_Z,RPSI_X,RPSI_Y,RPSI_Z,RSHO_X,RSHO_Y,RSHO_Z,RTOE_X,RTOE_Y,RTOE_Z,RWRA_X,RWRA_Y,RWRA_Z,RWRB_X,RWRB_Y,RWRB_Z,STRN_X,STRN_Y,STRN_Z
0.0,-0.0151917,1.4149254,-0.1304527,0.0825919,0.0842654,-0.2971564,0.094021,0.9301454,-0.1978191,0.2174489,1.0438654,-0.2295822,0.1787212,0.8348154,0.0599916,0.0236726,0.0411654,-0.3254584,0.1822184,0.4992054,-0.1902567,-0.0418067,0.9749254,-0.3266311,0.1535169,1.3737154,-0.154474,0.158022,0.0425354,-0.1885309,0.1860283,0.8947554,-0.0131534,0.2046489,0.8677954,-0.0385097,-0.2722942,0.1119954,-0.0841839,-0.1801431,1.0292054,0.0310802,0.1100438,0.8461954,0.1453,-0.2821702,0.0801554,-0.1551683,-0.148528,0.5153054,0.0293933,-0.1383405,0.9724854,-0.268921,-0.0932414,1.3591054,0.0080816,-0.2035352,0.0363654,0.0168842,0.0387094,0.8981254,0.1094543,0.0094455,0.8675254,0.1149961,0.040794,1.3249454,-0.0572429
0.00997596,-0.01489215472379953,1.4147056563619993,-0.13045874540020758,0.08260787541326373,0.08452394379264565,-0.29733122823202435,0.09407957807128087,0.9297654871872525,-0.19842650967506778,0.2178589695556055,1.0436048349660718,-0.2291007177727348,0.17873904628492257,0.8365619708277191,0.06120538830512414,0.02372026002848132,0.0414508829687447,-0.32556942380985343,0.18239582412200697,0.4993086397143785,-0.1907072765928811,-0.04151208555138304,0.9749863856168783,-0.32730504989600784,0.15396001621751976,1.3734964132625698,-0.15394776957077824,0.15807439779981183,0.04261134480515747,-0.18851856820962848,0.18565257532213347,0.8949572637685288,-0.012775789497538888,0.20412007389616363,0.8676301019902133,-0.03790282490816319,-0.2725234366415133,0.11248980488404328,-0.08414174826415945,-0.17962260956015205,1.0287077337583983,0.03061164814182983,0.11091645217643169,0.8470772043770132,0.14485798657666604,-0.2824489508613424,0.08076461571235463,-0.15511985813422433,-0.1491217100065996,0.5157826352704418,0.029476835714639018,-0.13808639537932732,0.972606600795274,-0.26959524507097504,-0.09281333878802506,1.3585374036743632,0.008144896343168149,-0.2039794304606065,0.03636030617006801,0.01690397990733706,0.039163040154739724,0.8977910723586269,0.10883877634254308,0.010097671798759325,0.8670115266697183,0.1147084593061171,0.041151323903795105,1.3247777648157577,-0.0571520143073757
0.0199519,-0.01484366503142371,1.4138869218576453,-0.12999022651104672,0.08244672870131207,0.08496989519986896,-0.2972438160058561,0.09390963185965887,0.9292112028140913,-0.19906581103803167,0.2178729753844141,1.0423584885404427,-0.2296285670185347,0.17934853223609065,0.83729335639586,0.06201964645333756,0.023612717726450082,0.04190226678587008,-0.3255268365139781,0.18281082417386052,0.49917116165892816,-0.18965296965725942,-0.04186661128955539,0.9740688918423277,-0.32790879259803996,0.154086867028086,1.3722240578046758,-0.1535756091575037,0.15803889950194278,0.04290760159136672,-0.18843853488326734,0.1857697556284038,0.8947098977054849,-0.012667471936441006,0.2041443656163331,0.8671244297339977,-0.03761881620152531,-0.27261626008000683,0.11283472878800774,-0.0842202057237786,-0.18020512987530293,1.0276999414254822,0.03112292903997204,0.11136495241004575,0.8481052193669575,0.145668936484236,-0.2828276332964957,0.08109180635147438,-0.1551875330583826,-0.14846720639818228,0.5155095422167654,0.03023015055769852,-0.1383611923995957,0.9718024789772927,-0.27000722490545215,-0.09255535166368266,1.3573528325210484,0.008374301316796133,-0.20370490107790684,0.036761144035917424,0.01661626454279654,0.03924827888254585,0.8978840723234527,0.1092585458320962,0.0104030497407917,0.8669110999660594,0.11537529113359828,0.0411174462040326,1.3237103322001453,-0.056959020632386594
0.0299279,-0.014846368388190456,1.4125877164102763,-0.12931743386571737,0.08222644940888613,0.08555353303970678,-0.2970350061097202,0.09354585504268104,0.9284433847036878,-0.19995586186146527,0.2178811886031148,1.0404903897535256,-0.23043203204133975,0.17996078808013005,0.8376471513933433,0.06291929983710028,0.023417812141991068,0.0425179232212297,-0.32542372309421236,0.18340362080560604,0.49891683495651856,-0.187832867681506,-0.04263248034242767,0.9725581152901365,-0.32867527482274334,0.15412216189338537,1.3702883495442701,-0.15324291167280568,0.15792844963368474,0.04326662514848911,-0.18834067483147482,0.1859169742384738,0.8942664402536151,-0.012441507676973983,0.20434915204206835,0.8664920773388459,-0.037159923359592985,-0.27268578779078495,0.11339194524246914,-0.08443308729587824,-0.18127587099197146,1.02622680282951,0.03203440740803224,0.11180062295651805,0.8492003425925252,0.14686963937867475,-0.28321344812389326,0.08162158445895681,-0.1554188680571475,-0.1474049139136947,0.5150867070333413,0.03162576025740765,-0.13898099656091353,0.9704644453372981,-0.270464546263636,-0.09244675998608033,1.3556430013912562,0.008566750665192387,-0.2032202564292706,0.03755027724085536,0.016093738818094085,0.03930970910382544,0.8980931036511287,0.10998808439732641,0.010694684940453192,0.8669495443082007,0.11644847102290348,0.04092170046641233,1.322000296715074,-0.05673955896267155
0.0399038,-0.014716149685155616,1.4109196871547787,-0.12869460022647009,0.08205304052158009,0.08622707448245517,-0.2968331418471167,0.0930187727085767,0.9274230501911035,-0.20128411570060933,0.21823984121471818,1.038343929789903,-0.2308400226955872,0.1800488361672032,0.8382129510487651,0.06434104805715553,0.023195915043722974,0.04329361086301551,-0.32534197811519044,0.1841191239104994,0.4986604891717052,-0.18593685556180473,-0.04358437062922456,0.970816847253009,-0.3298085604278017,0.15427308110126783,1.368055532196837,-0.15284470600551175,0.15775966171769656,0.043544628032108165,-0.1882720662629348,0.18568057252020728,0.893861631515869,-0.01175072830268218,0.2043975775121619,0.8659298114877445,-0.03607988420503609,-0.27282925445575207,0.11448601923536263,-0.0847999480607632,-0.18226487546338407,1.0243436218130655,0.03281389233391521,0.11260358815681945,0.8503005330793477,0.14766269141845284,-0.2835141602603893,0.08278708880928144,-0.15586141201810644,-0.1467148919107656,0.5150613772082444,0.03362642002005335,-0.13977271523610862,0.9689597255825895,-0.27124452146869366,-0.09246423584829966,1.35350442392902,0.008539949600321539,-0.2029865299318986,0.03871141238195578,0.015403607724566889,0.039662681642463754,0.898141278376705,0.11036363114706384,0.011277730427597889,0.8668853948325598,0.11742989796927271,0.04077959963965617,1.3198945173089636,-0.05656140536963891
0.0498798,-0.014457380141582953,1.408911767892865,-0.1281835375120036,0.08188895721054927,0.08696613304637868,-0.29661688067598746,0.0923088813309896,0.926113095830448,-0.20286243158822073,0.21889774639607626,1.0360148461403584,-0.23093130554126579,0.17982671231796993,0.8390059331765896,0.06614465559537534,0.022917948906711002,0.044194018235547555,-0.3252295133580548,0.18495857439171812,0.4984086690776536,-0.18406526626126166,-0.0446465399019564,0.9689391880822712,-0.33116725634189353,0.15453700239758716,1.3656066537678155,-0.1523912505749181,0.15759302992737795,0.0437626133103354,-0.18824628353807915,0.18523593586644357,0.8935098453017362,-0.010723922140813478,0.20438097885032347,0.8654315792869854,-0.03454856117859538,-0.2729538023513087,0.11599634715468132,-0.0854091374206965,-0.18313916546294995,1.022231175602781,0.03349738470480745,0.11378070528688218,0.851548336038431,0.14803874420075427,-0.2836444009347313,0.08440553138497345,-0.15656287407861358,-0.14645431878271145,0.515342228907214,0.03607854137933048,-0.14069276432706565,0.9673656106970122,-0.2722620090544453,-0.09255271107498841,1.3510952655033208,0.008360261428559574,-0.20289470997557824,0.04024461434950007,0.014547300510354324,0.04027256207365198,0.8981636351928297,0.11046093836488578,0.012123516579901052,0.8668735317669054,0.11842059298619301,0.040741168556696544,1.317515559870798,-0.05639813617389951
0.0598558,-0.014173720119806487,1.4065675653574454,-0.12772944956365653,0.08164700901861552,0.08776016683496798,-0.2963115150520575,0.0914045563038834,0.9244982928937652,-0.20436635974059136,0.21960608839229617,1.033477147631129,-0.2311460360120037,0.17983348013895956,0.839799696991393,0.06794323338971052,0.02253472055772836,0.045169437167394286,-0.32499822652582505,0.18598506572623008,0.4981152735230579,-0.18204029312205722,-0.045817662703032856,0.9668701431985834,-0.3324718639618419,0.15479596931965967,1.3628855416881447,-0.15193843681131544,0.15748808999287106,0.04402978650459777,-0.18825145169121382,0.18501468056759213,0.8931529601049651,-0.009693956881121136,0.20457440540989205,0.8649271531867115,-0.033002483158167284,-0.27291783148880366,0.11754979746902897,-0.08631868530448941,-0.1841699132238197,1.0201293271204142,0.0344007743576321,0.11509913979716026,0.8531599799012233,0.148390930119436,-0.2835890326148672,0.08597479850526223,-0.15751614709984516,-0.14626935111274747,0.5155023532046855,0.03873307599150358,-0.14175075886674027,0.9655954354805144,-0.27326926494291703,-0.09263596803433767,1.3485985837463847,0.008208814032568465,-0.20258608172543358,0.042080234391201767,0.01351522360198605,0.04089561914496452,0.8984888646336726,0.11071134486099934,0.013004236654862791,0.8672429073240564,0.11977325974441676,0.04075025568326241,1.3149057093671421,-0.056186661091058486
0.0698317,-0.013867846318108175,1.4040094197344681,-0.12731773340546199,0.08142362923288889,0.08859318152846729,-0.29602697472660533,0.09046117572121885,0.9226481915814402,-0.20592731151374852,0.2204049989977088,1.0308715750021924,-0.23138394422562794,0.1799433476700748,0.8409239440331583,0.069894379392175,0.02215569290441945,0.04619589969850032,-0.32477356885852354,0.18736323647441833,0.49781052821480704,-0.18013145786258603,-0.04699920889060535,0.9646667410639849,-0.3338098097442242,0.1550250605501335,1.3600403522758722,-0.151417952804727,0.1573820049470561,0.04437279491003499,-0.18826165377136653,0.18491043149089814,0.8930276436250435,-0.00854699708102426,0.20485174109072263,0.8646280721035153,-0.03131008738820427,-0.272893517840106,0.1189397152426081,-0.08727620196285427,-0.18542682318631998,1.0181784920367414,0.035455886104547835,0.11634934774577985,0.855098594307155,0.14864036434141797,-0.28360370541588864,0.08734620269120101,-0.15848861262106478,-0.1460690938203333,0.5154615204082583,0.041264814462986014,-0.1428259346477522,0.9636711098893311,-0.27433029383327223,-0.09263638126902413,1.34613022619557,0.008066381786002174,-0.2022153938973083,0.04381955241854179,0.012429382824018294,0.04137525524849879,0.8991253010047218,0.11101040029436436,0.01377632041186997,0.8679633755130834,0.12125615596434568,0.04076099488317479,1.3121117721542723,-0.055968189593309715
0.0798077,-0.013536989391988451,1.4013213060203915,-0.12695653907017498,0.08128397086266735,0.08949288152693181,-0.2958243824463362,0.08956002726309238,0.9206123952573743,-0.20769715870144473,0.22137836963535618,1.028242975271083,-0.23152298531341897,0.18013586804498893,0.8424724953834037,0.07207827161978651,0.021840661194830704,0.04730416340534047,-0.32461767099903016,0.18916379071424974,0.49754273784439956,-0.1784913374185468,-0.048142557621062405,0.9623725536157225,-0.3353055221813089,0.15524084397706,1.3571111944329328,-0.1507478987637356,0.15725285216194285,0.04480560842316916,-0.1882692213161198,0.18486149965089357,0.8931588266476409,-0.007227133759856479,0.20514661844552826,0.8645486864040959,-0.029410245032014677,-0.27303144906410803,0.12012606515656414,-0.08811784531476494,-0.18682984875695835,1.0163211937248255,0.03660089136103714,0.11740768446554116,0.8571243225055972,0.14883008211823434,-0.2838887751176801,0.08853026259627114,-0.15933595418536975,-0.14583750421732838,0.5152498717768219,0.043506579112045564,-0.14385389547423544,0.9616211728128408,-0.2755475035314339,-0.09246987449913412,1.3436420106661633,0.007896553325828582,-0.20190076081216513,0.045270689290031876,0.011339338744759172,0.041685673287266856,0.8998469622935432,0.11127050266056303,0.014408807573102304,0.8687657607238519,0.12264230522789356,0.04074457586519004,1.3091541873618062,-0.05581097950794369
0.0897837,-0.013207405990227388,1.3984782130850806,-0.12667244864263338,0.08116993170298616,0.09054670946782342,-0.2956131264896246,0.08860449635122279,0.9183722079573956,-0.20966601954380204,0.22255424421886943,1.025426775200406,-0.23162805074771553,0.18079736021791643,0.8439572269594664,0.07423887142862813,0.021510686814346227,0.04858741602484229,-0.3244098361944849,0.1912578392317929,0.4973503845586747,-0.17690513661852453,-0.04930921047563356,0.9599685388211121,-0.3369833101199323,0.15548702624730948,1.3538980187906051,-0.14988332671541912,0.15718903301354087,0.04535069464717874,-0.18829710109743292,0.1850828184061358,0.8931390820156065,-0.0059423086699200356,0.20564091150169223,0.8643001862919583,-0.02757204171466505,-0.27330933976578653,0.12125737353942877,-0.0889445185433789,-0.1881610895285029,1.0142527045202827,0.0379333641911945,0.11828182691250695,0.8588186228696718,0.14936154354884928,-0.2844323868584216,0.08963725087044337,-0.16014317439626158,-0.1455629577645266,0.5149275194344655,0.04557012463243971,-0.1449047430108509,0.9594444963831296,-0.27694955518754993,-0.09205301585982913,1.3408763161077313,0.007716202909356578,-0.2014951580527489,0.04669734725793538,0.010137440571781071,0.04196537107726494,0.9002298071614951,0.11164344926222859,0.015008728987731765,0.8691954133778211,0.12395813984004746,0.04069811115243876,1.3060137331598787,-0.05577515177756097
0.0997596,-0.012838505897411378,1.395488920462589,-0.12648510601235408,0.08108114122364864,0.09167874167775808,-0.29536322746507654,0.08764236128846511,0.9158981762412205,-0.21179568920182246,0.22391566922866116,1.0224573305388134,-0.23167070316290633,0.18175612203702216,0.8453122096854598,0.0763599776391648,0.021187864419562503,0.04995331451739045,-0.32414412367130724,0.19344339478075923,0.49718970559957437,-0.1752943157571372,-0.05041527096459969,0.9575237147645046,-0.33880942136675357,0.1558093163703265,1.350458993186712,-0.1488587474004223,0.15719108689814892,0.04595117264379719,-0.18831172594021447,0.1854993600307563,0.8929783473837907,-0.004666794376187885,0.2062932636844637,0.8639135806458814,-0.025764980978267436,-0.27362989383550845,0.12237880312356478,-0.08975651629086089,-0.18941424923459696,1.012037824567753,0.03937522914309387,0.119035256800245,0.860288778821993,0.15014463848638535,-0.2850987490982967,0.09070052502035365,-0.16090459451780098,-0.145197819534758,0.514554528943975,0.047480099077318705,-0.14590548815227453,0.957218544982587,-0.2785209816434312,-0.09143520570228246,1.3379068768408602,0.0074926024935349595,-0.20099281206534636,0.048170080824536415,0.008901810817188107,0.04224690558625353,0.9003996752037614,0.11208977251510585,0.015599238573727001,0.8693985872046519,0.12521324936990844,0.04066283272328991,1.3027353480244288,-0.05582421604007387
0.109736,-0.012370831719405628,1.3923814871188545,-0.1263923574061459,0.08105780799575388,0.09272522707868813,-0.2950981060923152,0.08677030424765385,0.9131826484652233,-0.21403503436010232,0.225424300979516,1.0194848251424802,-0.23157542966644515,0.18254669851508332,0.8467513471286869,0.07856992617587467,0.020955530618633422,0.05121599877689418,-0.323899031778361,0.19549322579714895,0.49698431048729375,-0.1736965218186946,-0.051330341676109496,0.955151870129451,-0.3407309438309082,0.15622817750319953,1.3469952759922332,-0.14775163947751882,0.1572007285577632,0.04649826545543532,-0.18826109483211664,0.18587809948064743,0.8929378446543399,-0.003248585004702049,0.20693720570650578,0.863667445549787,-0.023792064669115442,-0.2738726072963765,0.12345189846734567,-0.09049255040810619,-0.1907145384517818,1.0099312351975125,0.04075870969580715,0.1197416815979093,0.8619173851512925,0.15081940567288302,-0.2857014054521981,0.09169160010465811,-0.16156393224912396,-0.14472070957358893,0.5141880609365355,0.049184198852426725,-0.14673967997596737,0.9550578003141491,-0.2802373950306577,-0.09074237352700637,1.334975930140987,0.007181808078216673,-0.20048317262237272,0.049606573602646364,0.007805884440006241,0.0424847468698058,0.9007644168827144,0.11246722648823804,0.016143032077432118,0.8698241007179209,0.12640061070614314,0.04068834130849834,1.2993870500745799,-0.05587037223641533
0.119712,-0.011867333285844106,1.3891400055911698,-0.12632445612052293,0.08111191806588508,0.09364018061302602,-0.2948515844413087,0.08582616353160576,0.9103257773919827,-0.21631679581615376,0.2270658972949574,1.0165182447649632,-0.2313876212270547,0.18318644321742986,0.8482962574890942,0.08082476860304122,0.020826460982031343,0.05234838092840295,-0.3237293303365615,0.19723407077804328,0.4967560898958941,-0.17215096353077702,-0.05217871069046999,0.952884069545042,-0.34275533462248714,0.15665743459482884,1.3435020076913633,-0.14660151714785383,0.15719457330048214,0.0468960454194847,-0.18818736700352778,0.18623116616326044,0.89301856746266,-0.0017485740381153125,0.2075891346958133,0.8635647370905187,-0.02170773553970123,-0.2739912515317147,0.12443252107942432,-0.09119165580671694,-0.1920933077701816,1.0078545568238766,0.04208693841178341,0.12039059343345491,0.8636798296146888,0.1514035154299258,-0.28614331496991435,0.09256860390210868,-0.1621737483740602,-0.14432757966771415,0.5138804671025764,0.05062990071512386,-0.14755809015849639,0.9529971388994776,-0.2821445667917345,-0.0900399021040572,1.3320233272836195,0.006850654826933596,-0.19997987832361044,0.0509558016430387,0.006846613453566952,0.042653185415136234,0.9012780992472762,0.11281626035733097,0.01662645206304508,0.8704091181669706,0.12755799167145954,0.04073792270578666,1.2959386387447058,-0.05588704759498015
0.129688,-0.011378014692177823,1.3857404031955507,-0.1262532606098738,0.08122451880052219,0.09444422622880647,-0.2946010904854632,0.08471343299208732,0.9074213318874296,-0.21861599206025248,0.22880697395735902,1.0134724689428565,-0.23113892473834588,0.18381024989175102,0.8499041799804481,0.08310944375177473,0.020766469532905486,0.05338636446051974,-0.32359232375393043,0.19867971090086808,0.49653476291003584,-0.17065419284712927,-0.053070093989896,0.950646412986772,-0.34490735451971655,0.15703561529520352,1.339890560178748,-0.14544316576804314,0.1571943505775333,0.047134077627342244,-0.1881105385766407,0.18661846148367672,0.8931352692828973,-0.00020380926632356845,0.2082856685601919,0.8635097659716805,-0.01955733561346941,-0.2739811130114356,0.1253154137475558,-0.09187315731540457,-0.19349325539169995,1.00565003563233,0.043343970791587305,0.12100491506881352,0.8654914345247178,0.15199864395935977,-0.2863960068332959,0.09332641840025842,-0.16276059890196518,-0.14407739152815024,0.5136346746785778,0.051849900131670165,-0.1484769458017358,0.9509636077027133,-0.2842717229364737,-0.08935569445373007,1.328923664609186,0.006524918523315077,-0.19947364297206507,0.05221538895492596,0.006006031212342613,0.04279272834766033,0.9018098307018483,0.11318591862340979,0.017099462020390657,0.8710011989343421,0.128700843706275,0.04077055484803659,1.2923284356581037,-0.05590319126601218
0.139663,-0.01087969391678002,1.3821698788039705,-0.12624484104951633,0.08134084626251718,0.09521449007430641,-0.29423807413760644,0.0835537921101352,0.904506231697857,-0.22097767336560617,0.23056821006627187,1.010181458714733,-0.23078555169350765,0.18452088264499386,0.8515072725436398,0.08552504772532192,0.020700622668287556,0.054398258169031655,-0.3233134369343486,0.20011310708135524,0.4963190854479462,-0.16913375259470112,-0.053978256097806196,0.9482395854991994,-0.34720876167555514,0.1573858271919128,1.336036230804951,-0.14431805945420162,0.15727076221179598,0.04733338990594593,-0.18797743999704292,0.18706431786448371,0.8931781163479725,0.0014769464949557678,0.20901244118391657,0.8633707152763256,-0.01726546237492125,-0.2738761727962589,0.1261582193427371,-0.09248316459529397,-0.19476188188673926,1.0031905839998272,0.04441695436956623,0.12168714418488392,0.8673479604425683,0.1526880794309894,-0.2865074871805566,0.09402455559634727,-0.16326534659056763,-0.14372191355656477,0.513375835229651,0.053008603512640126,-0.14943970271281481,0.9487518977584567,-0.2865875899260158,-0.08868621814496236,1.3255895218303264,0.006117801049362798,-0.19895829735716514,0.053442038784598585,0.005315593697893218,0.0430316231167942,0.9022957873308872,0.1135726948786501,0.01769164966074312,0.8715340933314255,0.12980348363374872,0.04077420002877982,1.2884938281545102,-0.0560070761950658
0.149639,-0.010392883891307625,1.3784613448478846,-0.1262960650176961,0.0814410852497101,0.09602449346744156,-0.29381105834017596,0.08236002374289245,0.9016280875499053,-0.22336203226818963,0.2322429900254484,1.0066091517738842,-0.23031150585759796,0.18531701090591096,0.852958313970772,0.08804699466491159,0.020620914234566797,0.05545539717559478,-0.3229653496392755,0.2015957554261656,0.4961125852584185,-0.16753034550297038,-0.054924073301178156,0.9456044187440272,-0.3496340723552016,0.1576776716982816,1.3319186111234467,-0.14322365026590847,0.15736444374606476,0.04755670372572071,-0.18781584362535497,0.18754876795520015,0.8930354569589131,0.0032864010972262904,0.20974086253108454,0.8630419342550312,-0.014860539438403004,-0.2737526069777801,0.12697648654161373,-0.09304028971173094,-0.19587316755558376,1.0004864913542848,0.04536349086361571,0.12236035899277746,0.8691903192335642,0.1537397824154344,-0.2865668912280239,0.09470108989993378,-0.16372362023087134,-0.14325048705372756,0.5130582477481092,0.05415385960329469,-0.15046340037908343,0.9462888652194317,-0.2890543144717558,-0.08806452299442133,1.3220369338854647,0.005614838161024634,-0.19850838457590952,0.054614976468360284,0.00472398381102377,0.04333034402077887,0.9027023919443765,0.11418660712400376,0.018337563360649334,0.8719809128838887,0.1310604539279452,0.04070141125715782,1.2844451145525584,-0.05621984021134952
0.159615,-0.00996304413362755,1.3746779545614654,-0.12637405325863535,0.08154345397971333,0.0969133547784349,-0.29344619671066974,0.08109463476623545,0.8988228155872697,-0.22569211605830605,0.23375037124991235,1.002836403544536,-0.22972588091388915,0.18616807163823737,0.8541296806623573,0.0905839739002327,0.020572963084239223,0.05659764647724379,-0.32274098131858037,0.2030455843283381,0.4959201504946058,-0.1658306611167655,-0.05593098757007896,0.9428008739632092,-0.3521293182091732,0.15786027844749254,1.3276238629911232,-0.14216845175395942,0.15736797407163236,0.04781593681253741,-0.18768625145692475,0.18806477673567615,0.8926496794356523,0.005159095923276844,0.2104807679347405,0.8624895323709124,-0.012423254573135332,-0.27368148588019203,0.1277500034838138,-0.09359184751933564,-0.19684754857882003,0.9976203001275336,0.04630744838341347,0.12290626051164463,0.870947093013766,0.15542412543851078,-0.2866574982412605,0.0953641732605792,-0.16420657566453395,-0.14278905690221674,0.5126719828208485,0.055240225496538384,-0.1515827221383397,0.9436228640152097,-0.29163264653288523,-0.08754938578696858,1.318355078134352,0.005041474729047401,-0.19821293358076383,0.05566204563375744,0.004150475526816526,0.04359999285963027,0.9030223883938155,0.11528310947565563,0.018915941701915344,0.8723432625832944,0.13272186837541233,0.04050889448064047,1.2802582706019725,-0.056518891579356564
0.169591,-0.00958693811596043,1.370868378823072,-0.1265577422021866,0.08171444605107343,0.09779763011104721,-0.2930965021488107,0.07989836469625099,0.896016831227978,-0.22801800093516772,0.23519827171210694,0.9990233207994698,-0.22903858710119454,0.18722996647382517,0.8552247155261729,0.09318229186204166,0.020617838059536042,0.057727971690347435,-0.3225535830829806,0.20451890503006276,0.4957281134148456,-0.16416001318830614,-0.0568497020283176,0.9399358342867821,-0.3546663324197664,0.1579848578066345,1.323363703766141,-0.14134596609158664,0.1573817673320031,0.04811948902327917,-0.1875196098628193,0.18879003324143515,0.8922005786927809,0.0071221254968887576,0.211441762285712,0.8619041847169079,-0.00989985557729842,-0.2735909391224203,0.12845236501107418,-0.0940657345739447,-0.19749252372273124,0.9945690374819923,0.04710798654452157,0.12360768006160262,0.8726919167786977,0.15744059997308602,-0.2867313699817232,0.09597718317636618,-0.16462261886802493,-0.14223528574283886,0.5122507545652065,0.05621536319265486,-0.15263285309597457,0.9408829489807067,-0.29428494188395377,-0.08718844677772111,1.314637120935489,0.004340137183260909,-0.19797261239751346,0.056546451267325264,0.0036554255920210853,0.04408223848199402,0.9032916984547629,0.11663661823508714,0.019691250624667724,0.8726529194359863,0.1345860773599112,0.04029048327901083,1.2760624053808112,-0.056915014160738034
0.179567,-0.009281931753778222,1.3670432146080649,-0.12687064528062308,0.0819426897241916,0.09862542039697167,-0.29272643873665916,0.07879442619850369,0.8931320494594989,-0.23037674892911558,0.23658351935010105,0.9952173545986287,-0.2282286582698647,0.18852104349903556,0.8563529908493759,0.09590606085506416,0.020732573659675332,0.058779233388399944,-0.3223231089173757,0.20602534905513115,0.49552945246872904,-0.16261537779809673,-0.057665938772373145,0.937067931557854,-0.357201075910075,0.15806050917696784,1.319229059692163,-0.14084656908432644,0.15745591880763216,0.04848463693078099,-0.18729010052105868,0.1897437927288866,0.8917624007566028,0.009228074163103948,0.21266041962747217,0.8613632556866269,-0.0072251204030547534,-0.27345983957745956,0.12907093355918953,-0.09441818597532284,-0.19776681126826562,0.991334651677086,0.047684975883909145,0.12457482662787414,0.8744700723608458,0.15953423173185083,-0.2867871082890565,0.09651672369139352,-0.16491049405239902,-0.1415499196572044,0.511802805285593,0.05708889886580566,-0.1535795997809528,0.938137723282713,-0.29694277509518985,-0.08703504469992882,1.3109431572235402,0.0035005416156713536,-0.19771475203390437,0.05727629638819707,0.003264040013320763,0.044854127274373136,0.9035250879708436,0.11805402916050158,0.020759175173407075,0.8729263708881407,0.13648943417903833,0.040069800190281765,1.27191123061523,-0.057388285020185094
0.189543,-0.009118645867174875,1.3631534666930178,-0.1271988494360794,0.08207297406727139,0.09945592228697467,-0.2923982262565522,0.07753761540302527,0.890133996688304,-0.23272538372130797,0.23765216192693,0.991247630530814,-0.22722767283977205,0.1897646241885114,0.8573132757595632,0.09877887373209371,0.020755441959958768,0.059801349443240615,-0.3221113115574042,0.2074406074861006,0.4953358260158172,-0.16117416796059908,-0.05865746169691887,0.9341483630994953,-0.35965839090006113,0.15798260542271203,1.3150500124868592,-0.14050271772370118,0.15746364785452935,0.04894193977351681,-0.18710039423789468,0.19061726099708265,0.8911278851341291,0.011522952778937423,0.21381457883399962,0.8606567087130563,-0.004382863443938498,-0.2734118809671216,0.1296231126690491,-0.09470733501965845,-0.19797275025230798,0.9880031243591928,0.04818297244933339,0.12545085722590915,0.8762065460511991,0.16179837194638683,-0.28695344234038783,0.09700634357171845,-0.16513498057427906,-0.1409017969517069,0.511278633224241,0.057977925801981404,-0.15468782541926915,0.9353132740227815,-0.2994963549882046,-0.08714756691507311,1.3072670484900217,0.0026250008195816106,-0.19749684784948507,0.05792103948126298,0.002881234468250141,0.04557290920346245,0.9036800055638837,0.1196248855756568,0.021761847847173145,0.8731387168309209,0.13854446865281672,0.039695962132800695,1.2677063764384562,-0.05785872206646621
0.199519,-0.009087404305277111,1.359133756061396,-0.12759366361095645,0.0821277816326991,0.10032258149372159,-0.29209081914330903,0.07615875846510928,0.8869730253768364,-0.2350725721903316,0.23857394141962493,0.9871162207851936,-0.22604692499699872,0.1911177078550743,0.8580357546388021,0.10176487746544705,0.0206987847569231,0.06084390907208822,-0.32190332041428926,0.20883716473232408,0.4951357226303112,-0.15975278731254347,-0.059780370453252026,0.9310883838113081,-0.36208346800046454,0.15775690020384342,1.3107460281529593,-0.14026340372901758,0.15741850860055562,0.04947832569225433,-0.1869354177820367,0.19155790531819786,0.8902793157317719,0.013979361181763548,0.21505750756836728,0.8597792111928763,-0.0014065559314614228,-0.27341666310992946,0.13017689170729832,-0.0949272717965567,-0.19814437774984983,0.984519971054105,0.048637779898118454,0.1262000171379661,0.8778037277690206,0.16425856251596238,-0.287180017551943,0.09750928537002355,-0.16529364940964922,-0.14029940142819491,0.5107211557324948,0.05897802506495424,-0.1559218567351728,0.9323250346524369,-0.3020039074911267,-0.08744267011761611,1.3034931155268044,0.0016909965284376827,-0.19728703743261045,0.05857207614837111,0.002527659906087092,0.04621172232279636,0.9037080871950158,0.1213657423694887,0.022657350450948015,0.8732530948630135,0.1407630860088378,0.03918611158028768,1.2633869538244988,-0.05837339510144706
0.209495,-0.009126845841119478,1.3549233363396613,-0.12817175365808642,0.08223007908359908,0.1012356550624757,-0.29174216861446733,0.07484111626941424,0.8836058950900625,-0.23745306192471563,0.2397224828751098,0.982926500554001,-0.22474753749787,0.19294880708942885,0.8585674755118408,0.10480573965247897,0.020677608017687185,0.06194470713692084,-0.3216452213979498,0.21037626086361766,0.4949114206532514,-0.15825770570261188,-0.060819736647802984,0.9278082145540999,-0.3645710223583331,0.1574602549446279,1.3063111267887624,-0.14015148633728913,0.1574179647942436,0.05005780596588362,-0.18672046936207357,0.19293857209232063,0.8893327293968132,0.01653256080466586,0.21677231031755498,0.8588595516350568,0.0016487720728939933,-0.2733589097762089,0.13081188675650873,-0.09504529449649048,-0.19814344360439792,0.9807646930016278,0.04904231035314357,0.12700890206226637,0.8791760352081468,0.16686508340458997,-0.28731914173988954,0.09809642325810068,-0.1653545737697444,-0.13966349172667397,0.5102167881320138,0.06014604651569673,-0.15708281913617742,0.9291163405421149,-0.3045927961903143,-0.08775707634186099,1.2994696050474004,0.0006302500903633928,-0.19701459275120475,0.05930485533859156,0.002281368364042128,0.046955858182782695,0.9035711925428938,0.12322860308147332,0.023624026873718812,0.8732320987926179,0.14307825483617082,0.03866330807555329,1.2589259450754275,-0.05902645795607077
0.219471,-0.009224600873527004,1.3505184196133149,-0.1287523725087566,0.08232267295065888,0.1022211833041484,-0.2914126371201655,0.07345636337796614,0.8800844204499556,-0.23982206137396916,0.2409079155356702,0.9785972692640718,-0.223337627079438,0.19504924701396034,0.8589504502977522,0.10792480267361337,0.020650612403973416,0.0631265128228619,-0.3214068534750523,0.21192418579049685,0.49470021755454363,-0.15671484074320996,-0.061947145027871735,0.924367732141558,-0.3670304265954077,0.15708916738874792,1.3016975267797593,-0.14005481067513573,0.1574171572340599,0.0506891444330913,-0.1865430782273113,0.19453269319297237,0.8882920959295383,0.01918927693475725,0.21868880383054595,0.8578633972105414,0.004778571277887718,-0.2732966853960689,0.13150136512682076,-0.09515330208483234,-0.1980510672770698,0.976811677145977,0.049629835543699395,0.12785729250454897,0.8803293752258441,0.16956443438705343,-0.287418094770262,0.09875595883699599,-0.1654165620499021,-0.1391165808624981,0.5097234200902215,0.06146771104246969,-0.1583260019235585,0.9257476019148536,-0.3071324510001569,-0.0880367096690156,1.2952244449518906,-0.0003814978139388381,-0.19677209829060138,0.060067959702360056,0.002057360297606089,0.04776982725646585,0.9032791930224939,0.12520665177602475,0.024645357312270882,0.8730625994334122,0.14548819333801377,0.03811729714696948,1.2542769977945285,-0.05968378727155207
0.229447,-0.009399976300909569,1.3459614592941511,-0.1292323615480104,0.08236208121261603,0.10325075338743142,-0.29114372928358073,0.07190559288992465,0.876475382276157,-0.24213230178263492,0.24197405180824852,0.9741216988208834,-0.2218539151352989,0.19718227593539792,0.8592444980820688,0.11110037079880089,0.020587797858936004,0.064348972268376,-0.32123251551207127,0.2133599585613996,0.4945185202461466,-0.1551955605970803,-0.06328735291900621,0.9208434613984151,-0.3693835258665631,0.156613578877351,1.2969419872077268,-0.13994396989006508,0.15738438708530772,0.051355063571630596,-0.18646061864047087,0.19613501731769659,0.8871993518931129,0.021926986795739845,0.22056087203325098,0.856796173420394,0.007951918380827297,-0.27327619021103067,0.13218485126350205,-0.09530113423702137,-0.1979345464859257,0.9727694460092878,0.050525644135667465,0.12872060046207898,0.881298872761828,0.1723003399649909,-0.2875294868218973,0.09943873036594834,-0.1655336130019026,-0.1387258515276016,0.5091963469600469,0.06288631989906546,-0.15976544297447462,0.922294314937685,-0.30952273148364784,-0.08830677083792521,1.290858918683529,-0.0012525873607936774,-0.19661992228350528,0.06078748389255162,0.0017995267195881589,0.048603330040295274,0.9028846702028622,0.12729756527258831,0.025687991337557472,0.872772399083268,0.1479855898875305,0.03751534728777005,1.249462690203941,-0.06026043560602406
0.239423,-0.009694590913998262,1.3413436191333394,-0.12978898524654225,0.08241826169408793,0.1041973450882079,-0.2908838783846037,0.0702998938766536,0.8728233090787204,-0.24437626739615018,0.24310975877145605,0.9697087937903571,-0.22039934953022683,0.1993513614612861,0.8595361699714783,0.1141994472086595,0.02055582099546609,0.06547439051512688,-0.32106099530175936,0.21473475148606122,0.49431950692833215,-0.15378741895435522,-0.06468749040177732,0.9172691591863747,-0.37167090987783585,0.15600552602675405,1.292241478512004,-0.13999230894411477,0.15738145199297085,0.051972574106641814,-0.18639731450017114,0.1978752624177705,0.8862082018966135,0.02464231538277759,0.2225139454723208,0.8558070391617084,0.011074533727642676,-0.27323623777979844,0.13279983981458188,-0.09540475201599448,-0.1977244125426868,0.9687052062595978,0.051551158433847055,0.12967232214745417,0.8821210208317424,0.1750139072351673,-0.2876163151568387,0.10007470668285925,-0.16561775182500255,-0.1383640119798339,0.508652874369074,0.06430779753776308,-0.16126327378140975,0.9187978525777937,-0.3118491275389817,-0.08866661355543426,1.2865047003633403,-0.0021582435975570674,-0.1964812036377732,0.061417257092973465,0.0015830741985285095,0.049494312837882096,0.9024813995067194,0.12948472762439553,0.026789992665814548,0.8724429683741254,0.15052335599370922,0.03685817198216257,1.2446296497600589,-0.060870208985973694
0.249399,-0.010033550190660205,1.336696644020344,-0.13043359601526394,0.08248961474571172,0.10502806818874715,-0.29063939504968084,0.06868279207334538,0.8691740883619753,-0.24658722612652298,0.2443931490977538,0.965385717958276,-0.2188972451972674,0.20141696982670518,0.8597848130967634,0.1172484385235872,0.020546593389422576,0.06646858702242102,-0.32089043558523633,0.2160483535796167,0.4940898513264061,-0.15253679639771775,-0.06609315230139806,0.9136722465067698,-0.37393949839118507,0.15533788055760242,1.2876145776297312,-0.14016131850718297,0.15740918703497064,0.05251471001778662,-0.186345927182183,0.19967355675171014,0.8852565523182252,0.027352501661696033,0.22451929976267387,0.8548645749971422,0.014192670918554392,-0.2731738996897702,0.133326257403263,-0.09545785386955022,-0.19739284996672699,0.9646758799738969,0.05270642012602964,0.13073760167228718,0.8827818721776035,0.17766398291654026,-0.2876785766641338,0.10063410435871911,-0.1656585463612135,-0.13803138206788929,0.5081080745409698,0.06566345850533066,-0.16276633517091157,0.9152868994508968,-0.31416498835163015,-0.08907949102925117,1.2821946006485039,-0.0031463268534032847,-0.19634619803603134,0.06194643884502142,0.0014148808991163529,0.050455795917183875,0.9020187160281782,0.13174728748598954,0.027964913279984047,0.8720619048808576,0.15312056548156894,0.03619555469620571,1.2397982431351848,-0.06152814713816915
0.259375,-0.010300340914458634,1.3320110355642298,-0.1310604355786925,0.08252791940839055,0.10578651256743105,-0.2904540976916693,0.06704099975830884,0.8655600056431545,-0.24880222513254682,0.24578241391384298,0.9610550390185544,-0.21718772822556415,0.20319281974028033,0.8598857150497917,0.12036222460344558,0.020507139962663325,0.06737834759634671,-0.32076184769460314,0.21726489251481426,0.49384028205048197,-0.15143467934589,-0.06753214634340145,0.9100655735737595,-0.3762120223763864,0.15471920356020172,1.2829640069627626,-0.14029562725531286,0.15742776687832818,0.05300718943494939,-0.18634795337780324,0.20132674789645588,0.8841627246531117,0.030140277630981212,0.2264418379152345,0.8538290139707297,0.0174194395043134,-0.2731276076911063,0.13377464888995266,-0.09551507676991547,-0.19695212564976008,0.9607138388224422,0.05411184869834614,0.13189750857574412,0.8832603894168624,0.18024947246869297,-0.2877402341673556,0.10111683098030946,-0.16570719591249314,-0.13780786013721538,0.5075595389030876,0.06692682799689524,-0.16429482673763143,0.91177006661906,-0.3164727068085267,-0.08943893152667308,1.2778876469934608,-0.004159546531720395,-0.19625160279399836,0.062392286244120056,0.0012501893490667968,0.051478833582976814,0.9013815105887419,0.13407349453642886,0.0292034121884974,0.8715708287001844,0.15583980871467554,0.035587445980387426,1.2349081351618822,-0.06217855205094391
0.269351,-0.010605513519613063,1.3273111556184332,-0.13170287917136603,0.08256076435437884,0.10650743648460602,-0.2903088678614047,0.06540987206147687,0.861935224845799,-0.2509451524617439,0.24718805557431864,0.9567560598003416,-0.215382211263324,0.20487090443780412,0.8598938994347978,0.12346547354392975,0.020473721558363224,0.06822997435946353,-0.3206689445352863,0.21842625737290444,0.4935529620910267,-0.1503614652727372,-0.06896909770370521,0.9063993838073187,-0.3784172450584832,0.15406784114741753,1.2783379290194703,-0.14051596426184146,0.15745624125421462,0.053501973501022614,-0.1863825169678219,0.20291855036890377,0.8829889194601124,0.032938792420418916,0.22832884712264948,0.8527436828097903,0.020659924647005473,-0.2730846038666687,0.13414909133609632,-0.0955935534821294,-0.1964058580074935,0.9567554207673705,0.05570934683636992,0.13313237078268678,0.8836823192910095,0.18289541371458407,-0.2877738967367222,0.10151284312453546,-0.16577841884286504,-0.13762382366559162,0.5069526625667419,0.06816811814623555,-0.16582227302101638,0.9081930579160366,-0.31871551130429887,-0.08982077379046075,1.2735560027646091,-0.005193648862599756,-0.19616450761873894,0.06278987854727076,0.001091381481754425,0.05257164655223122,0.900679501308294,0.13650452627131465,0.030501231397202164,0.8710476530892044,0.15869896125463154,0.03497894512279248,1.2300118973964806,-0.06285536667563933
0.279327,-0.01103096475300373,1.3225968797913958,-0.132358183778651,0.08260018837495559,0.10721394438294259,-0.2901797679598946,0.0638147313006336,0.8582567776716414,-0.2529744598508679,0.24853651295588816,0.9525122853729316,-0.21358193882363938,0.20659853596142205,0.8598301325620346,0.12648936670234828,0.02045959517265265,0.06904834417965897,-0.3205936023516623,0.2195744623051423,0.49321833734085485,-0.14924562180847636,-0.0703794706292425,0.9026420969604928,-0.3805146834441865,0.15331940098548322,1.2737612954848276,-0.14088416794275666,0.15749638973066304,0.05402939009409824,-0.18642514016993783,0.20452537270464413,0.8817790437350456,0.035689145014726004,0.2302207605952182,0.8516331670951276,0.023828682005249954,-0.2730283780499052,0.13446977959712164,-0.09568795726857869,-0.19575171915386833,0.9527118204455133,0.05740494259355141,0.1344296399762527,0.8840934056355494,0.18565283220938336,-0.2877603753358464,0.10183859915991751,-0.16586607786790294,-0.13741728361716454,0.5062671630794894,0.0694452382373405,-0.16732671222844947,0.9045202211772965,-0.32085885208208226,-0.09028116779066567,1.269157611016507,-0.006213610265418336,-0.1960630757135593,0.06317197013820158,0.0009505876724767646,0.053741854666580526,0.8999606538490562,0.13903448326656248,0.03186151592890776,0.8705068090078976,0.1616555205703324,0.03433378824925974,1.2251275407733129,-0.06356065007103538
0.289303,-0.011483251261629255,1.3178099267425964,-0.1328911519929907,0.08259171648019363,0.10791228320130485,-0.290069699150295,0.06223645897022122,0.85453081721126,-0.25497284696047845,0.24980797938159535,0.9482446681853911,-0.21172264429312485,0.20823527226254238,0.859576240629981,0.129481319661123,0.02039159066903611,0.06986476906519427,-0.32052405154116353,0.22070755113903304,0.4928580233389957,-0.14816316994261805,-0.07179211734370466,0.8988295665340711,-0.3825709287175271,0.15254456788674836,1.2691401319530233,-0.14121255204626948,0.15748984805474917,0.05456623076411777,-0.18647999714391042,0.2060518344638534,0.8804182919391107,0.03842881494187695,0.23204380152914944,0.8503951642565701,0.026971939801728982,-0.2729625787502554,0.13478633695925077,-0.09577453944499789,-0.19498678904842662,0.9485104122608504,0.059135831119695066,0.13578384932911947,0.8843257121507228,0.18837300703380416,-0.28772131281969365,0.10215952349027371,-0.16594771366913735,-0.13722289193523907,0.5055721044208783,0.0707380470309248,-0.1688200523476821,0.9007845380009365,-0.32294197779167916,-0.0907419089842726,1.2646241144218242,-0.007108273051307498,-0.19598109615047066,0.06355568634158752,0.0008317361176155251,0.054980790688023216,0.899049286684666,0.14154477865088305,0.03329133594379834,0.8697843043115652,0.16458462496467788,0.03371040677689357,1.220154569591064,-0.06419694509815145
0.299279,-0.011917004234318754,1.3129829387869767,-0.13335081756463973,0.08254882554764992,0.10858818645200936,-0.28998807115426944,0.06067992989018768,0.8507770738252473,-0.2569969166242061,0.2509791559545489,0.9439285346220813,-0.20980122990015423,0.20969733633441978,0.8592098243527789,0.13245964197023297,0.020281957465012636,0.07066027459907594,-0.32046949740270947,0.22181173244238012,0.4924916918943358,-0.147174891711342,-0.07319834095377734,0.8949930201699409,-0.38463837258733385,0.1517821406635744,1.2644638143320732,-0.14150305983773603,0.15744766999323276,0.055088722779073396,-0.1865538548669497,0.20742768056386132,0.8789594234374631,0.041169943514203215,0.23373171030819073,0.8490788508928129,0.030113786161839892,-0.2728641845649655,0.13508607675677084,-0.09584888068194336,-0.19418363010398743,0.9442236368646248,0.06079164119055165,0.13710194629284306,0.884426966173099,0.19098592140322682,-0.28763468374417994,0.10245712682858103,-0.16601585336965205,-0.13706031415132855,0.504902733795618,0.0719866247662403,-0.17029662209601856,0.8970181145939,-0.3250194594703762,-0.09117576607920617,1.2600082343750696,-0.007932674779598473,-0.19589579225434595,0.06392961302380198,0.0007481122270558674,0.05619829310864977,0.8979912625155574,0.14395948777061168,0.03469910267820869,0.8689266462476996,0.1674096354421441,0.033121015487575324,1.2151183079730727,-0.0648091348595479
0.309255,-0.012335433166650374,1.3082066239541996,-0.13388230713687843,0.08252786100070768,0.10920751592635292,-0.28994577593674137,0.059172554391744,0.8470147344322619,-0.2590469432541565,0.2520347937467492,0.9395964077033466,-0.20784919963229406,0.2109695420399182,0.8589417284532438,0.13542879504595923,0.020199682681994093,0.07137690941456766,-0.320450461527742,0.22286926936088383,0.4921195265564312,-0.14630741351889737,-0.07455741410405102,0.8911580788188906,-0.38672041585654704,0.15103858761347083,1.2597950964699276,-0.1418724114825769,0.15742682150842274,0.055571846042342686,-0.18665314090093096,0.20862473067448709,0.8775741314744856,0.043914884751351364,0.235244211927922,0.8478407379549784,0.033266572726404604,-0.2727051154546056,0.13531008295798647,-0.09592028684588133,-0.19344324566682936,0.9400024621326244,0.06226595693119728,0.13826502207271504,0.8845974800676463,0.1934954129726235,-0.2874627132812876,0.10265351544162932,-0.16607437463186453,-0.13693459949539089,0.5042492095104678,0.07312943874719616,-0.17173046068532333,0.8932498737204615,-0.32711638852579045,-0.09160038160941056,1.2554356957248043,-0.008819641860122766,-0.1957580035607527,0.06426042902536469,0.0007157878996010033,0.0572822357896399,0.8969875162579689,0.1462534219515653,0.03596102325300585,0.8681252669539102,0.17010623386905888,0.032544186454517315,1.2101326966796995,-0.06550652720201067
0.319231,-0.012725515276302547,1.303486260448867,-0.13434528789734937,0.08250917777836773,0.10970974100213338,-0.289947205310044,0.057742613601088046,0.8432286076881315,-0.2609961004922795,0.253034985319843,0.9353130137087307,-0.20576706587427443,0.2120403526195634,0.8588336463254092,0.13848357145886464,0.02013112842465967,0.07195957210180168,-0.3204656658855863,0.22387010704552943,0.4916658822961345,-0.145537832185543,-0.07583649199368521,0.8873682180471247,-0.38867693000547626,0.15033827682924064,1.2551910310866463,-0.1421754717067519,0.15742037274581933,0.055964724179299534,-0.18678458235042752,0.2096559635965841,0.8763142644724294,0.04675379245832502,0.23659387350077024,0.846734951070433,0.036523084422280014,-0.27254290493914995,0.1354219520934689,-0.09598431110788652,-0.19271755557658893,0.9358367791673093,0.0636674802943954,0.13936534994238475,0.8848770659532665,0.19588626110581678,-0.2872740613543976,0.10271907145908812,-0.16611920849843645,-0.1368757971854417,0.503545276135181,0.07421724570061758,-0.17307694278553185,0.8895246741667606,-0.3290839102081443,-0.09200443727459717,1.250918223407224,-0.009618313097042473,-0.1956279041815933,0.0645095392916266,0.0007252141167836742,0.05831781883858305,0.8960642414997688,0.14844220435739428,0.0371741625565817,0.8674076721176396,0.1726900136083208,0.03200830091189203,1.2052186762338188,-0.06613052898742487
0.329207,-0.013083987412480564,1.2988163660461445,-0.1346442847059648,0.08246588604706001,0.11007194486301855,-0.2900010251342691,0.05638076485732239,0.8394179391557678,-0.26277953279059574,0.25401434125319045,0.9311274757632185,-0.20355049185488475,0.21292671872029514,0.8588930333311076,0.14161915387120144,0.020046421817437814,0.07239024919791288,-0.3205150091015999,0.2248030943087298,0.4911040486602274,-0.1448701497365151,-0.07704834736341681,0.883665133647957,-0.39042820029138875,0.14968879028509796,1.2506837358282168,-0.14232814006895378,0.15741393508225282,0.0562520079285822,-0.18696417202617355,0.21054857338757096,0.8751899351242098,0.04967945930757179,0.2378089159271205,0.8457771298854189,0.03987585265058513,-0.2724277108454617,0.13541492744885175,-0.09604179866864385,-0.19196022314257333,0.931712297301348,0.06509842238783697,0.14050693241806092,0.88525816446747,0.19810475986639084,-0.2871295064525805,0.10265829301598646,-0.16615534283848837,-0.13690559029983151,0.5027592851025403,0.0752813863907858,-0.1743376209320821,0.8858825091247556,-0.3308317759903166,-0.09236489232415863,1.2464552157304523,-0.01021782216514278,-0.1955550180677129,0.06466247574837398,0.0007546357489872069,0.05939198037522594,0.8952156053398844,0.15050976398410262,0.03843963143446607,0.8667689735357246,0.17514976093927512,0.03153560240998718,1.2003793283562074,-0.06657556844813224
0.339183,-0.013433887999822865,1.2942189417608905,-0.1349289175510877,0.08240431872639147,0.11035612181281979,-0.29012458883882847,0.05501029010966391,0.835627238698433,-0.2645175402061586,0.25491774328810485,0.927037319663325,-0.20143711843946127,0.21369449446944055,0.8591126768494463,0.14460430408433309,0.01993716639409731,0.0727184341381635,-0.3206113881396134,0.22565203157367003,0.49054018568735586,-0.1443798989694997,-0.07828162276541108,0.8800742768650505,-0.3920874259228127,0.14905773084590407,1.2462600154908974,-0.14250623042572133,0.15741770080922834,0.05649839531032153,-0.18722100113390072,0.21133099771499567,0.8742025088027405,0.052464110633284475,0.2389144981947581,0.8449694215656144,0.04309574145093139,-0.27234335606607474,0.13532499081061217,-0.09611022424331206,-0.19121831742910736,0.927698176815144,0.06652367336821895,0.14168365647156514,0.885735312316629,0.2000492851523084,-0.28700973114672146,0.10251118794806698,-0.1662074101750906,-0.13701422380360936,0.501956452052994,0.07625580208551962,-0.17560713502863293,0.8823426882433352,-0.3324775717554591,-0.09265566159747314,1.2420870081856945,-0.010744119193411623,-0.19550335080838138,0.0647530676625834,0.0007772004557257781,0.06047355384346531,0.8944745805749891,0.15236659863494353,0.03972949149504053,0.8662364003646734,0.17740904283116873,0.031107566157970775,1.1956363632495735,-0.0669860982320493
0.349159,-0.013757908159613284,1.2896604538734164,-0.13518675993025808,0.08235248337743843,0.11059691322266216,-0.2902833390935844,0.053620104019515856,0.8318624984392973,-0.26622496779668303,0.2557379302027472,0.9229794059660711,-0.19940417659112067,0.2143459634706549,0.8594531898630302,0.1474627054704605,0.019835114537236177,0.07298487739453753,-0.32073139783224924,0.22642653855705097,0.4900096414561096,-0.14401205566324732,-0.07953806875032492,0.8765859381060814,-0.3936763276366682,0.14845914776514846,1.2418669062635082,-0.1426888536004016,0.15744566572931187,0.05672740558416371,-0.18751632183597616,0.21199965464652365,0.8733173325995613,0.05513535393631954,0.23990567708176685,0.8442715265853687,0.04620994459014019,-0.27224768773476643,0.13519649612031928,-0.09617940151752748,-0.19056273429318193,0.9237834767560561,0.06794178525596306,0.14277735784373619,0.8862192457642741,0.2018184553008925,-0.2868642933032866,0.1023218829812113,-0.16626201931100706,-0.13718304479908883,0.5011792474673609,0.07716685082511761,-0.17689760998026424,0.8788931861913576,-0.3340484082070343,-0.09287239445944757,1.2377873633322731,-0.011197027446960685,-0.19543275426239679,0.06481125889737763,0.0008112657559630238,0.061462113718099766,0.8937768465077278,0.15408178222279095,0.04092678804214248,0.8657487247928825,0.1795244986367801,0.030718971838889497,1.190950631973404,-0.06734948750681813
0.359135,-0.014015677267335337,1.285071078420494,-0.13530636063977422,0.0823434943072242,0.11080198184158298,-0.2904185260625651,0.05225408050203271,0.8280972559353494,-0.26784925528818726,0.2565146108364986,0.9188670549219378,-0.19725249713997448,0.21484570435762776,0.859871439373909,0.15039000206353556,0.01978874632972303,0.07321701452906502,-0.32083487526653875,0.22715826526786795,0.48948693946143257,-0.14363903167488284,-0.08075242874245696,0.8731643583270071,-0.39515920582219227,0.14793698607191855,1.237438291297163,-0.1427307310516431,0.15750549457462343,0.05692711985392195,-0.1877743728239695,0.2125395712222561,0.8724888663406071,0.05789094743789028,0.24076596356644528,0.8436292244466874,0.04941740603004834,-0.2720980063623352,0.13507908665796925,-0.09622661281715567,-0.190055411289391,0.9198958459490484,0.0693649269165414,0.14362724245555966,0.8865854492771625,0.20362038814576644,-0.28664334550221376,0.10213855006727167,-0.1662877415843858,-0.1373877099467576,0.5004483753676885,0.07809519095564221,-0.17815318261346383,0.8754994884125068,-0.33551234321110485,-0.09303093495388574,1.233484626592382,-0.011500811185377735,-0.19532243426410062,0.06486651225762889,0.0008972676045414804,0.06224245361139407,0.8930046509985322,0.15580977337598123,0.041891207210395555,0.8651945109318676,0.1816231597418166,0.030375366237528185,1.1862459284638127,-0.06755407956750803
0.369111,-0.014226188940261267,1.2804354258147699,-0.1354456940920531,0.08236299643139261,0.11099174600072925,-0.29056429464545824,0.050937794096214364,0.8243174404642736,-0.26950973862197114,0.25729096726055684,0.9147182618393235,-0.19505786351468304,0.21524856725862376,0.8604301334697098,0.15331374087468846,0.01977745885073528,0.073440744896181,-0.3209506314047948,0.2278836109752807,0.48898612105874706,-0.1433296086181235,-0.08190707541987541,0.8697769456486965,-0.3966696916398994,0.14747955234130064,1.23298305428452,-0.1427749989235598,0.15756809799816088,0.05710950161960329,-0.18801395458960943,0.2130096057565237,0.8717593616281908,0.06065209010641111,0.24154205808944956,0.8430847006270676,0.05264426939982845,-0.27192496571122304,0.13503461255371094,-0.09628590613846368,-0.18965716191216286,0.9160148841567848,0.0706741056280373,0.144263348544331,0.8868734926180624,0.20538147375292773,-0.2863910547499074,0.102029299554886,-0.1663255701995392,-0.1375967415742975,0.4998105607301765,0.07897605433136168,-0.17935054400524814,0.8721307906024451,-0.33700116373961214,-0.09316008187736,1.2291661511998204,-0.01181835780558288,-0.19522860613847492,0.0649837914983622,0.0010011019251253742,0.06285376214060934,0.8921832135945907,0.15745886921372562,0.042668891380023256,0.8645824831897002,0.183617395520991,0.03006424086029763,1.1815142816819761,-0.06773964067619159
0.379087,-0.01440726434561021,1.2757534974590514,-0.13570574497259275,0.08240094392917914,0.11117489506310874,-0.2907457565758438,0.04968408544363331,0.820521929032705,-0.2712849086539172,0.25811122461808034,0.9105736678020523,-0.19291549891828863,0.21565074545738147,0.8611421822033873,0.15613575332332286,0.01978182494704244,0.07366516661584455,-0.3211000296472427,0.22862670411696956,0.488518765286484,-0.1431417826792988,-0.08299562004106455,0.8664048444048841,-0.39829443024300176,0.14707080478774753,1.228519859956443,-0.14292710797031805,0.15761740107889594,0.05728079592998194,-0.18825748332356565,0.21349723893659403,0.8711403682578279,0.06331936238312416,0.24231216326926894,0.8426471659680077,0.05578772335485001,-0.27175789356001445,0.13508721828386291,-0.0963711825415155,-0.18930374396034222,0.9121244134472011,0.07181761815988111,0.14475253047372383,0.8871161507994549,0.20706796520266652,-0.28614693149919634,0.10202228668290216,-0.16639479223535997,-0.1377863464231834,0.4992859608092024,0.07975962340743367,-0.18048010479872964,0.8687707865144125,-0.3386041356092911,-0.09326738802859395,1.2248263412640086,-0.012252785565505107,-0.19518756329814127,0.065193013201498,0.0011009069513158683,0.06336130538655843,0.8913298175357973,0.1589888791448829,0.04333409360131781,0.8639159206116521,0.18546936279948914,0.02978124979533541,1.1767557603027796,-0.06800570856168203
0.389063,-0.014539953824212241,1.271021931717662,-0.13591319756311995,0.08248338514506724,0.11133016891009803,-0.29091477403952576,0.048489907221096626,0.8167270027312875,-0.2730664315059369,0.2590143249175133,0.9064505983914645,-0.19078555082724882,0.216164495968039,0.8618633145680588,0.15887739985236127,0.019826822829704886,0.07386839370259986,-0.32124834662824037,0.2293832921818027,0.4880664793231475,-0.14299094349560312,-0.08400743667259612,0.8630530549310275,-0.39992324694074016,0.1467185132316882,1.2240396915839298,-0.14304313588467144,0.15768411532045154,0.05742204667622291,-0.1884767154963801,0.21409235761809134,0.8705326069435062,0.06592760567905454,0.24316940515665111,0.842205799771496,0.05886150695999923,-0.27157855358131266,0.13518019374114437,-0.0964240982531828,-0.18894849711054795,0.908187959981348,0.07295498561187032,0.14511338696367554,0.8872378831492408,0.20889237810859218,-0.28588422815409936,0.10205575755566161,-0.16642983326121977,-0.13795408799265924,0.4988261093607874,0.08051555600636896,-0.18154157247843847,0.8654279743752085,-0.3402248290560419,-0.09331473587969888,1.2204392612674235,-0.012645551317291828,-0.19515063805453373,0.06543399131542955,0.00124321358509,0.06378363627511222,0.8903638853583341,0.16060794315886676,0.043898881275492546,0.8631196954424293,0.18736786304696984,0.029546704178349866,1.1719454363581525,-0.06821961890952993
0.399038,-0.014663769358853359,1.266264028260109,-0.13605652899973886,0.0825948656194251,0.11146272119080662,-0.2910846593354271,0.047294499425340586,0.8129566956274185,-0.27480003233151734,0.25994027130675934,0.902350086763742,-0.18869529788665484,0.21678342321958474,0.8625738343182623,0.16151233244961902,0.019905261732830165,0.07404858928080826,-0.321402014957199,0.23012066297208342,0.48762667288094214,-0.1428614498861419,-0.08501601688709763,0.8597169047379976,-0.4015040396133762,0.14637367730282455,1.2195484194478072,-0.14313367075598332,0.15776768064346502,0.057543402555144174,-0.1886895698321231,0.21477286075991617,0.8699219978355642,0.06845425440575292,0.24409717066422837,0.8417475859613258,0.06183819249469643,-0.2713934927792015,0.13526821606858508,-0.09644289031985918,-0.18859155909467618,0.9042591620516469,0.0741799006558939,0.1453839201688866,0.8873211873463778,0.21086467497060069,-0.28561587136341315,0.10208386701203231,-0.16642917088458395,-0.13812867233468845,0.49838774411282144,0.08126579299305721,-0.18260454236835744,0.8620968038714728,-0.34180588003842494,-0.09332740012441626,1.216045880063226,-0.012969498120987225,-0.19511079746529117,0.06566443307658253,0.0014215727216968545,0.06414256317502612,0.8893570747397008,0.16235786066174687,0.044395074437608505,0.8622720674639575,0.18936694417683886,0.029331739320507644,1.1671103990186202,-0.06837475595523243
0.409014,-0.014851226339369935,1.261515368956986,-0.13624732883206583,0.08268822817994118,0.11159645824896587,-0.2913107334442864,0.0460082346223508,0.8092345965807626,-0.2764859670387448,0.2607746643981705,0.8982606343680214,-0.18672058012234075,0.21742589200333184,0.8633547516289748,0.16398066340645243,0.01998091040349345,0.07422037407646517,-0.32159719433343203,0.23079521952604715,0.48720695491861427,-0.1427943065084369,-0.08614168635173862,0.8563809251047787,-0.40304154156189587,0.14595660184475603,1.2150605812679547,-0.14332496792838598,0.15784145318127707,0.05767258934914329,-0.18894588670768242,0.21545021681123452,0.8693632477119461,0.07083416080399309,0.24500809642097443,0.8413350913700568,0.06466090857302426,-0.2712264981939634,0.13532476685512665,-0.09647003617348975,-0.18825112120880658,0.9004371735207944,0.07552384054232424,0.1456331186787132,0.8875490692874691,0.21283290508543337,-0.28538258169670516,0.1020839552698815,-0.16644115036597287,-0.13834772752360083,0.4979351015669757,0.08199346482238055,-0.18377488208463055,0.8587580413578026,-0.3433335087991333,-0.09336421780135347,1.2117191411779196,-0.01330024398580099,-0.195092755326129,0.06586353943998736,0.0015866375641428317,0.06447962089057586,0.8884782828561834,0.1641414839693087,0.044886581176158805,0.8615448021327561,0.19140357583359038,0.029080491274547145,1.1623056746646154,-0.06856374312377964
0.41899,-0.015074510591480518,1.2567691470922908,-0.1364009644305667,0.08274820424609877,0.11172342480508086,-0.29156400224017714,0.04463620767429583,0.805565529386028,-0.27807769686509354,0.26154339112962116,0.8941732236687093,-0.18483618658555973,0.21813741434822284,0.8641938035742821,0.1663089562373409,0.020026909997395717,0.07438162732331886,-0.32181837615093395,0.23141426640601018,0.48678548008997075,-0.1427562402789899,-0.08737977392412062,0.8530346636074235,-0.4044836058357467,0.14548667184915837,1.2105677342691956,-0.14355212719031799,0.15790111146100225,0.057789811672714325,-0.1892361280199765,0.21617360610718692,0.8688477080219292,0.07309088604811463,0.24592552560684564,0.8409432507818372,0.0673500004715503,-0.2710602985598117,0.13533192052996912,-0.09649786752725073,-0.18784599186829037,0.8966661885274592,0.07708110524803875,0.1459839043115809,0.8878892774275623,0.21479452099196453,-0.2851653426218313,0.10204091243546004,-0.16645468944513436,-0.13857007110916042,0.4974155296780327,0.08274416820837709,-0.18504658369601115,0.8554018222027537,-0.3447557223137918,-0.09336084066189013,1.207408007955747,-0.013548636293701764,-0.19506390831715842,0.06599977245538245,0.0017281688003546662,0.06490192231651488,0.8876972318603757,0.16597569090102235,0.04548791463076545,0.8608951536203818,0.19349464473517167,0.028822532125046752,1.1575049202912937,-0.06873446115348439
0.428966,-0.015309040592012869,1.2520113699525186,-0.13645514553573276,0.08278064398460656,0.11183637104868459,-0.2918154342153017,0.043205633898372474,0.801945962754862,-0.2795598332890906,0.26228618825983,0.8900842308611647,-0.18298862865628818,0.2189264092188181,0.8650793998999031,0.16854526903582942,0.020038265554188535,0.07453091760888501,-0.3220521104500815,0.23199316579270485,0.48634746254989225,-0.14271184618618757,-0.0886969191343122,0.8496642877739776,-0.4058176874031146,0.14498276739927746,1.2060569499097256,-0.14374735149449597,0.1579496321891392,0.05787512431092996,-0.1895462421645377,0.21696075271682574,0.868374440670519,0.07527174134899513,0.24685395445295735,0.840556682229354,0.06995219742063824,-0.2708818254677325,0.1352904896623207,-0.09650964330650917,-0.18734594898723178,0.8928811754782219,0.07886512260864655,0.14646593106999783,0.8882729212788161,0.21676812723398928,-0.2849418167474399,0.10195691111599356,-0.16645088317310627,-0.13876456902230644,0.49681493011265865,0.08354999791366542,-0.18638996243283049,0.8520186013300127,-0.34606340460149493,-0.09328022900460149,1.2030572011461373,-0.013661430468256606,-0.19500384918435218,0.06606599024527231,0.0018578803860413156,0.06543742173380972,0.8869543207998632,0.16787414949091967,0.04622487417062898,0.8602553811850373,0.1956418564826346,0.02857707977105769,1.1526755898568377,-0.06885101073273737
0.438942,-0.01560051124087109,1.2472445595304313,-0.13652233655156937,0.08281158645830615,0.11195121109802672,-0.2920914300437097,0.04172643045868773,0.7983699738407801,-0.28100838967597164,0.26297766286867325,0.8859998139297836,-0.18113730461851157,0.21964209021546607,0.8660602684563647,0.1707204707682451,0.020047004721959426,0.07468047327793206,-0.3223222918590093,0.232529939337508,0.4859122840318093,-0.14267092633752618,-0.09008377002086697,0.846248751482599,-0.40714564097817174,0.144400268574375,1.2015237487609791,-0.14396417120512378,0.1579898752430644,0.0579404408696559,-0.18989163039549137,0.21767552805869417,0.867996832442402,0.07740971040848184,0.24768681041865495,0.8402355920430832,0.07251275055123542,-0.270712952889446,0.13523461474058113,-0.09650500400728435,-0.18688584550689696,0.8891050907377963,0.08068717627547377,0.1468911942069563,0.8887007076697199,0.21871165725679967,-0.2847227576705255,0.10186539135981784,-0.16643578794840108,-0.13897076230278155,0.4962076911117595,0.08437379744348206,-0.18780058407068984,0.8485958316825765,-0.3473563257017624,-0.09321989218739968,1.1986886723296515,-0.013766243577075675,-0.19495403336384332,0.06611193666448667,0.0020034364584162745,0.06591645851785374,0.8862638537876721,0.16976555912443111,0.04691641158009842,0.8596508843625429,0.19776208561934563,0.028288298223599618,1.147829931342528,-0.06900476412049272
0.448918,-0.015907928522431298,1.242473030564615,-0.1366088371698271,0.08286211574594037,0.11208025826192071,-0.2923750762096449,0.040247625779947054,0.7948360564583865,-0.282432184543424,0.2636530741038073,0.8819102777028138,-0.179237627943769,0.22020343668551112,0.8670790849432872,0.1728601080712073,0.02007981744914328,0.07485382878011251,-0.32261050576506667,0.23304700965752584,0.4854903867678417,-0.14260710095663717,-0.09147508401973138,0.8427997884259429,-0.4084832438972756,0.14378585336637967,1.1969621919962121,-0.14417225595709734,0.15803868100741808,0.05799096671817523,-0.19024844784617811,0.2182681275100812,0.8676647324831547,0.07953172144180644,0.24838815398718542,0.8399492408507154,0.07506451167548532,-0.27054313029035687,0.13521320234623685,-0.09648112488780275,-0.1864931313255238,0.8853433228475432,0.0824651895033185,0.14720128938394791,0.8890998339508399,0.22061644592914292,-0.28449474226660226,0.10181574691627163,-0.16640648429834415,-0.13917110668983584,0.4956432357370747,0.08520612299397681,-0.18922202738263397,0.8451490187370136,-0.3486618454751342,-0.09318934392251618,1.1943111629835186,-0.013892309109092496,-0.19491402994813672,0.06618433754249985,0.002173951448204205,0.06629227650175783,0.8855668238407639,0.1716208889129845,0.047500488260475156,0.8590372705238997,0.19983048003970819,0.02797634012795009,1.14297307968798,-0.06918685099159962
0.458894,-0.0161400857032297,1.2376979333306115,-0.13662958377511544,0.0829368957335541,0.11222870586780655,-0.2926173940040113,0.03883333369735519,0.7913428928482461,-0.2837883931186651,0.2643851772140681,0.8777988701602464,-0.17726129890763856,0.2206197568373501,0.8679909883164116,0.174973074549462,0.02014325033683804,0.07507443680404229,-0.32286814232571254,0.23357522182427165,0.4850818260994837,-0.1424727453680382,-0.0927816317934631,0.8393514965564197,-0.4097773216695535,0.1432398550249518,1.1923663584681097,-0.14427976151206068,0.15811207696043295,0.05802486822432868,-0.19056771534933992,0.21877925842265974,0.8672459784764069,0.08164686177089092,0.24899714501044684,0.8395894034651555,0.07761319751791765,-0.27033958124600826,0.13527126629559125,-0.09643750192519897,-0.18609794975696436,0.8815661910249241,0.08421607579855137,0.14746054528008276,0.8893308237506556,0.22249984774479503,-0.2842306999354609,0.10185379524274486,-0.1663568825096919,-0.13930786697272995,0.49513472038935474,0.0860595452845312,-0.1905737064785347,0.8417109484696799,-0.34994553042609106,-0.09313002150334207,1.189909213510839,-0.013978161826958064,-0.19484818112504074,0.0663135105400042,0.0023568938694608025,0.06663224044470756,0.8847382604440903,0.1734487019699435,0.048030033036238644,0.858300448873056,0.20186852315174614,0.027711607686785676,1.138097703812417,-0.06930947766357516
0.46887,-0.016376706386407907,1.232903989545277,-0.13659425019861615,0.08298473618156949,0.1123925993522149,-0.2928278029344364,0.037436876815880024,0.7878680316366299,-0.2851172317677354,0.26513102267962746,0.8736901716253193,-0.17529629092480536,0.2209806655862623,0.8687012332628541,0.17699142863933998,0.02017884841471309,0.07531986268670948,-0.3231002272458193,0.23406718865018708,0.48469088294039925,-0.1422990544269591,-0.09405868539885831,0.8359031109882428,-0.4110640207889304,0.14269287808470577,1.187742238498559,-0.144319174310643,0.1581558209921104,0.0580512664454,-0.19086317023899618,0.21925588409568733,0.8666737809189763,0.08368590389374621,0.2495723231526303,0.8390911068134875,0.08007199697533045,-0.2701193451358941,0.1353816898752737,-0.0964073102811402,-0.18569231277682213,0.8776833487287723,0.08588682714564666,0.14767753900553893,0.889272013836498,0.22433132652879445,-0.28396092038323784,0.10194819073510986,-0.16631977529920625,-0.13941031666894735,0.4946627974746162,0.08689838451898647,-0.19190085119766245,0.8382760619146903,-0.35123427475994634,-0.09309828064330002,1.185440053143319,-0.014027506066397672,-0.1947586736191102,0.06648566377348115,0.002516614425312598,0.06694329565167498,0.8836763780727961,0.17521807686198554,0.04851533636053266,0.8573233118273045,0.20383131261341142,0.027441507568088417,1.133186770149092,-0.06939332639655792
0.478846,-0.01671569748603049,1.228088786990068,-0.13653530609577683,0.08298242834115635,0.11257344957644543,-0.2930219900342701,0.03600308054816248,0.7843907992907966,-0.28644848730755884,0.26582622428705815,0.8696222546210798,-0.17341057769756002,0.22139743152835467,0.8691908372574075,0.1788766617477334,0.020159211663055003,0.07557260796587635,-0.3233162453746724,0.23448998891498882,0.48432653074039217,-0.142118984787974,-0.09538096384899208,0.8324410327470517,-0.412361603067312,0.14205340202155173,1.1831103166701398,-0.14435001750953733,0.15814967341481442,0.058088044559180166,-0.19115482207158171,0.2197538591348308,0.8659481830071613,0.08560967359949456,0.25018099764870066,0.8384527321844552,0.08238334049039159,-0.2699061673100699,0.13550668407497365,-0.09639200803622083,-0.18525376424116846,0.8736556088024987,0.08748272038251462,0.14788438374615817,0.8889120737378741,0.22611973250648074,-0.28371715353009175,0.10205588650848672,-0.16629740667078016,-0.13950831275408968,0.49420247565313746,0.08771209964101209,-0.19326662206978626,0.8348224185402341,-0.352528218147289,-0.09315701828648174,1.1808904559827562,-0.014056065232185909,-0.194655120691426,0.06667685613123625,0.00264985232288865,0.06725289354136678,0.8823742733366687,0.17694148437396426,0.048990900743748365,0.8560909682464033,0.205723528587527,0.027099667553717666,1.1282443894914493,-0.06947783708376944
0.488822,-0.017165336972822017,1.2232873823154256,-0.1364615035163608,0.08300116208669678,0.11278941608347907,-0.29318741022128436,0.03453999789921873,0.7809093620400613,-0.2877308808008337,0.2664479797048548,0.8656280479610793,-0.1715459189136166,0.22196370612419833,0.8695574067389925,0.18070685037362313,0.020163748814899053,0.07585756099608643,-0.3234976114971441,0.23489555728458048,0.484002589025129,-0.14191266893126114,-0.0967575006958494,0.828951246766721,-0.4135881690049552,0.14131014075245008,1.1785099736389357,-0.14439472929878416,0.1581896052199519,0.05816108080487847,-0.19143138587715747,0.22034048410455373,0.8651552672728066,0.08749766060459256,0.25089171127807924,0.8377673611996442,0.08461767155189918,-0.2697010917567318,0.13563845910140993,-0.096308476704867,-0.18468833522609976,0.8695929765922619,0.08917937219179534,0.14819977531664022,0.8884492141556515,0.22798646540160666,-0.28349227426768103,0.1021660117342268,-0.16620607159692313,-0.13957020531434997,0.49373916289093894,0.08857420312147726,-0.19467902781354116,0.8313232914484673,-0.35373026893508047,-0.09329595650945757,1.1763265881384097,-0.014055881546994262,-0.1945348783596431,0.06687325501206268,0.0028314558594047714,0.06767205052777404,0.8809993513336429,0.17874701899405776,0.0495695847268,0.8547962741402457,0.20769754298738308,0.026682358586364325,1.1233230455253123,-0.06956096452765938
0.498798,-0.017690213046952383,1.2185101113022476,-0.1363718106261566,0.08303099731348962,0.11303511230167247,-0.29334468846572603,0.033059160969511656,0.7774174321577588,-0.28895548847207353,0.267002219516345,0.8616813949335959,-0.1696400053479509,0.22264963851400182,0.8698307622548754,0.18255072970990813,0.020179940778817896,0.07617593267522167,-0.3236671214915922,0.235290300569182,0.48370212814581254,-0.1416829902212544,-0.09818099592543947,0.8254312106954871,-0.41473143795813333,0.14048918495642387,1.17392890268261,-0.14443947774937935,0.15826043405173615,0.058255128256315424,-0.19171299726970775,0.22099622502301056,0.8642970600786967,0.08941508797114608,0.2516849492216733,0.8370398371716541,0.08684840906629178,-0.2695043468794037,0.13577002101508703,-0.09618895464688525,-0.18401213405015815,0.8655826433135755,0.09106340553273705,0.14863104669667782,0.8879510954313786,0.2299545939305116,-0.28328014580234134,0.10228077857626543,-0.1660790211546179,-0.13959027661054005,0.4932480996083467,0.08948158720946194,-0.19613229643105126,0.8277753463627167,-0.3548314771033479,-0.09347146682852109,1.1717818778039446,-0.01402970726661648,-0.1944043700876006,0.06705558105313784,0.0030254275067621026,0.0682029473459696,0.8796072094472823,0.1806740328706338,0.050254051907702345,0.8535042076073506,0.20980512835871415,0.026204035567141015,1.1184259566105317,-0.06963795805265359
0.508774,-0.018231278973805876,1.2137474145906897,-0.13626220906328446,0.08299578235176779,0.11328613910954967,-0.2935312423399688,0.031568986666925106,0.7739082131360454,-0.29015303410366927,0.26750878046492754,0.8577163554457062,-0.16765475657027623,0.22333512714202858,0.8699890887838828,0.18443959281886466,0.020121416968656228,0.07650524556804934,-0.32387004726064655,0.2356383216241768,0.4833869890243372,-0.14145007521814607,-0.0996364963528342,0.8218857063938972,-0.4158427039464423,0.13963732692827424,1.169316460887366,-0.14444952993440743,0.1582585986763438,0.05832879007549033,-0.192035978518396,0.22163397863749412,0.8633164061511259,0.09138788344062843,0.2524725976529353,0.8362113405287195,0.08912111064568594,-0.26931744293696863,0.13589475794815487,-0.09614547086024555,-0.1833381485406271,0.8616745291095635,0.09311934794402968,0.14907901616674105,0.8873761629026832,0.23196359301909825,-0.28308017386396156,0.10240819045161266,-0.16603018450975512,-0.13958951568403238,0.4927041183936427,0.09037013032878909,-0.1976127310530398,0.8241935494624189,-0.35589955733609996,-0.09362811937477676,1.1672549703995814,-0.013993720207333268,-0.19427644075601616,0.0672056490573703,0.0031219434659157815,0.06874631467613149,0.8781607902843502,0.18267819811163555,0.050943592865128874,0.8521723047024494,0.21200083529642583,0.025687316165993953,1.1135184788182106,-0.06970888647915155
0.51875,-0.018756924166081948,1.2090239338373785,-0.1361454996317155,0.082908669825684,0.11353830270242071,-0.29369567122165535,0.030082831548445748,0.7704065341939148,-0.2913167316330418,0.2679492845081434,0.853733356458331,-0.16563150776361585,0.2239935871942365,0.87012980876508,0.1863109770532335,0.020009615433740056,0.07683345515206831,-0.32405414685705647,0.2359445971072141,0.4830553854650579,-0.14118478604392942,-0.10110552082563866,0.8183035785710481,-0.41692344595128517,0.13878293177857412,1.1646745970048857,-0.14442921338560186,0.1582078951531943,0.058403052445164146,-0.1923511743956129,0.22222407776716555,0.8622948898686195,0.09336370124484664,0.25321771901221285,0.8353626433619695,0.09138769481708948,-0.26913889040700756,0.13602341949502061,-0.09611250857947583,-0.18273470995456997,0.8579142538337231,0.09530271337165071,0.14945008912423072,0.8868471485623911,0.23404012296195234,-0.2828938107765202,0.10254406952456716,-0.16599209357650183,-0.13957222719739076,0.49213773997092597,0.0912652482710546,-0.19909542229055152,0.8205770353179016,-0.3569360151668547,-0.0937641925774056,1.1627602835154083,-0.013971837998819068,-0.19414727971685283,0.06734556910402119,0.0031961348405444186,0.06922278296591443,0.8767655397837515,0.1847555880585286,0.05154993273647621,0.8509180138280069,0.21428207899155624,0.02515001877566954,1.10862771767502,-0.06978853769468991
0.528726,-0.019241547072878225,1.2043387956670186,-0.13598983179451016,0.08280945051653298,0.11379098819582727,-0.2938074761358617,0.02861791389983256,0.7669444713438685,-0.2924655313227338,0.2683630073347031,0.8497554463478287,-0.16364980656916847,0.22463723712866582,0.8702545069742466,0.18807993586220495,0.01989181606122486,0.07715284187616446,-0.3241831635989789,0.23622667409882767,0.4827265278324998,-0.14089361008047938,-0.10256690466332466,0.8146976908953675,-0.41799263568715117,0.13794910478064246,1.1600077795493902,-0.14435196247729626,0.1581607390619969,0.0585035818257575,-0.1926207348134901,0.22278459196971545,0.8612681300618912,0.09525771973930687,0.25393272693980184,0.834522669008234,0.0935608171263839,-0.2689705974363489,0.13616982356583088,-0.09603269913568509,-0.18221675053861014,0.85425982446312,0.09755356819703977,0.1497436471930682,0.8863702001200181,0.23612223595264314,-0.2827233012135505,0.10268556265086733,-0.165904768473483,-0.13953702349128183,0.49159235697054504,0.09216634780077337,-0.20055924506292047,0.816942182823184,-0.35795520780028045,-0.09386872698643339,1.158271411010486,-0.01394147030123891,-0.19401916155701193,0.06750726093279676,0.003319558224299169,0.06962327472138402,0.8754327150527117,0.18684186198506944,0.05206588968512129,0.8497543569453536,0.21658243722993248,0.024618253912443856,1.1037522808143851,-0.06986627516206453
0.538702,-0.01965418158748859,1.199612817580287,-0.13565935567148504,0.08272191682164397,0.11403496368598111,-0.29394514885893563,0.02719374218021436,0.7635440082339097,-0.29369900288133344,0.26893309086854983,0.8458018845472435,-0.16180966262732555,0.22528641380470274,0.8700783530144621,0.18968463284115192,0.019783489687895433,0.07745576356154583,-0.3243265743592539,0.23649428127052094,0.48243512001198785,-0.14069301919290933,-0.10399820174633718,0.8111432038302131,-0.4191421743755102,0.13716017082619525,1.1552870194381313,-0.14409970901610883,0.1581280590699673,0.0586173357390156,-0.19289369405556814,0.22338687621372189,0.8600714168345379,0.09697600804025695,0.25469144521460574,0.8335076055979853,0.09554155180835806,-0.2688223656817242,0.136339667913314,-0.09600126469074031,-0.18172244734792872,0.850489511715827,0.09980020777170737,0.1501458652650574,0.8855849988943855,0.2378982063110908,-0.2825698830990211,0.10284081263750289,-0.1658623315251631,-0.13948360909395693,0.4910948167682974,0.0929508637930114,-0.20200067587860265,0.8133538519483732,-0.3590477480244188,-0.093873552755411,1.1536655344462454,-0.013778295734448425,-0.19391779104992168,0.06771090281633388,0.003414394064506572,0.07006853725414974,0.873869047110994,0.1887160965165672,0.05264231582057057,0.8483547640093733,0.21866966477008343,0.02413708235638689,1.0987858366615835,-0.0698679255921154
0.548678,-0.02003327156077504,1.194845898763931,-0.13513194639019074,0.08262195830579612,0.11425811955800783,-0.2940745697022897,0.02578823802009763,0.7602044432598988,-0.29501317295706675,0.2696277837771987,0.8418898562901267,-0.16018856244123444,0.22594603246630704,0.869612343533009,0.19106054957117868,0.019662091288371784,0.07772395082530095,-0.3244504726302249,0.23671589246493563,0.48219403002086936,-0.14058418932871386,-0.10541543950888277,0.8076704050375771,-0.4203596751779195,0.136396549468801,1.1505415540541537,-0.14367724064122922,0.15808076950012043,0.05873850560700136,-0.19313151819556382,0.22403172496370066,0.858708844623218,0.09845128863932151,0.2554929820738166,0.8323240673926428,0.09725711324818632,-0.2686685255453666,0.13651407764660867,-0.09601120863729756,-0.1812211225721441,0.8465299796694755,0.10200596774544562,0.15069906992967774,0.8844551144138296,0.23929189880810842,-0.2824100843421248,0.10298889276428383,-0.16585515861250297,-0.1394066103118534,0.49065082321090353,0.0936051190983496,-0.20343343679235631,0.809844616287361,-0.36020536878269993,-0.09380515208818523,1.1489204215657658,-0.013448373507169905,-0.19381321135939056,0.06794434962687647,0.003484045882848983,0.07059672257263302,0.8720287113157652,0.1903104277820267,0.05332923612133031,0.8466602677867953,0.2204732469005935,0.02369430717161278,1.093734721409636,-0.06977456435277932
0.558654,-0.020459501393778307,1.1901076414849523,-0.13449073320155386,0.08246546646149111,0.11444835802711961,-0.294085894157215,0.024354512118188638,0.7569075745351538,-0.29631005211226025,0.27024900974091476,0.838031515994148,-0.15880550177823272,0.22660731608364823,0.8691167485298039,0.19217676499100392,0.01949323186170414,0.07793580591939936,-0.3244532323946767,0.2368382041479305,0.4819926814456226,-0.1404709290664186,-0.10685784976925475,0.804269586382638,-0.4215394638940717,0.1356140416786535,1.1458458496570774,-0.14319320500168806,0.15798046699672127,0.05886719842807149,-0.1932441101732179,0.2246621320516491,0.8573309297410086,0.09967562256527597,0.2562726569718407,0.8311381726513553,0.09869700754248116,-0.2684656051142777,0.13665624537879137,-0.09596836781645167,-0.1807137274397388,0.8424649964180614,0.10418287889557078,0.1513124252367895,0.8832371437276909,0.2404689576526125,-0.2822104518841773,0.10308868638771822,-0.16578716267989246,-0.13929955060586965,0.4902428294243785,0.09421407904145936,-0.20487696554473514,0.8064171487313405,-0.36132783117512096,-0.09376117648987374,1.1441144412135067,-0.013005332412957246,-0.19364424209045752,0.06816660023149022,0.003603430229967764,0.07116651313805847,0.87009925539503,0.19172427204931225,0.05407817311644905,0.8448651586383006,0.22209675068158524,0.023239325180823014,1.0887065948665475,-0.06961496078422603
0.56863,-0.020886474606452623,1.1854004434342846,-0.13375826590302972,0.08233648679942751,0.11460308545707575,-0.2941035496731088,0.022924146262928772,0.7536462458043535,-0.297547784518777,0.27087015868226844,0.8342174533067529,-0.15746667112402832,0.22726895581145767,0.8685365127893596,0.1932338287153813,0.019354634473128834,0.07810737093701244,-0.3244630611585431,0.2368954408951767,0.4818096482812416,-0.1403774774995701,-0.1082941407845731,0.8009791889206226,-0.42263494416509007,0.13485983783554284,1.1412056806558406,-0.14264683031248526,0.15791982355381742,0.05897218132015036,-0.19336868757881853,0.22529552315326298,0.8559069519121092,0.10084465824196302,0.2570327381856309,0.8298871646044359,0.10007296083293192,-0.26826123118129047,0.13674951889936893,-0.0959195096773364,-0.1801669682377126,0.8383858281147794,0.106435592345851,0.15201081864719737,0.8819248281021553,0.24158672425748492,-0.2820108003288691,0.10314364775046286,-0.16571670862080418,-0.13917757042727918,0.4898171837410667,0.09477595456901941,-0.20630401604676168,0.8031046625372402,-0.3623549749179171,-0.09371154680308577,1.1393139826936245,-0.012464523953144133,-0.19348090163723347,0.06833095654339501,0.00372892084421615,0.07180113601328157,0.8681066232419047,0.1931165305847727,0.054910213342844724,0.8429868669157828,0.22369035738242318,0.022815397814108237,1.0837300584748042,-0.06935875203986572
0.578606,-0.02124064169116877,1.1807320677506434,-0.13296499449290153,0.08230919783547652,0.11472215566957443,-0.294232407316738,0.02155091280940327,0.7504202213521333,-0.2987092478548407,0.2715790356626381,0.8304285915161682,-0.1559629013502461,0.22794498304177802,0.8678087622788773,0.19444350961257992,0.019312087360853835,0.0782560029085779,-0.32458598031959546,0.2369326948582894,0.4816253332651771,-0.14032834234883185,-0.10966841372814495,0.7978285315571599,-0.42363120706994906,0.13420154531288744,1.1366190843488497,-0.14203551996059813,0.1579736865005326,0.05902231201023162,-0.19361303716316355,0.22596284088553856,0.8543997335013233,0.10216468139682484,0.257791314545348,0.8285003456178374,0.10160514355891953,-0.26809854661695903,0.13680189541719048,-0.0959096232245301,-0.17953085742524147,0.8343747485800261,0.10883089556867757,0.15281086968619792,0.880503099928588,0.24281544657744614,-0.28184554863762423,0.10317758775276478,-0.165698202942723,-0.1390484526960772,0.4893467650323352,0.09528128017685356,-0.20766788787212243,0.7999332880514026,-0.36326143811650535,-0.09360814859966031,1.1345828012886445,-0.011854638811142565,-0.19338868299367973,0.06841816487626029,0.0038230148371028033,0.07252304962888756,0.8660607796067183,0.19464734576326945,0.055841772908232896,0.8410239016262192,0.2254018774801667,0.022479795704130414,1.0788287055089145,-0.06899538650778249
0.588582,-0.021497749343186816,1.1761776190560382,-0.13220930903780953,0.08232719677895561,0.1148036164948807,-0.2943401288494421,0.020269244775953366,0.7472350005432356,-0.29978597163489695,0.27226692480588294,0.826643074680023,-0.1542312814702299,0.22867260426906988,0.8671158567842466,0.19584582369211465,0.01930990777752292,0.07837147775652213,-0.32468892185311365,0.2369450744739286,0.4814332913102961,-0.1402495034320954,-0.11093286188812707,0.7947855954468589,-0.42453451184122304,0.13367199636248628,1.1321237597907146,-0.14144447611717129,0.15806718972641862,0.059013947790860236,-0.19383258510067178,0.22665894643508605,0.8529069621409603,0.10369300873427663,0.25854240046797955,0.827079688027386,0.10334499399022944,-0.26793438953205123,0.1368569339154196,-0.09586354497357223,-0.1787519283921139,0.8304892592249777,0.1112758932591402,0.15361265571823823,0.879158147376208,0.24435463682975717,-0.28167580878610343,0.10322025665517942,-0.16564977996109623,-0.13888677785892614,0.4888914367421657,0.09577515731474028,-0.2089210339173198,0.796886702353064,-0.36406573379012525,-0.09347225002128079,1.1299884830812743,-0.011266217496989018,-0.19331274794798856,0.06847295195940437,0.003959146750782286,0.07329691994988849,0.8640716827119235,0.19642617550730473,0.05681840864452291,0.8390832725403368,0.2273327842170256,0.02223920397377294,1.0740802589714153,-0.0686080490994218
0.598558,-0.021694510852010445,1.1717560057874925,-0.13152056987268995,0.08231111613729532,0.114858342186704,-0.2943764556623816,0.019053753271789844,0.7440952816568387,-0.3008273656157874,0.2728725254760901,0.8228606823136331,-0.1523140307078274,0.22939611404409874,0.8664888624376502,0.1973772095329733,0.01927218091104244,0.07846250590556887,-0.32472237437638235,0.236912180606165,0.4812418274202141,-0.14015094813081566,-0.1121165238960366,0.7918266490596578,-0.42539615661368135,0.13322975777980817,1.1277249984716062,-0.14091027318567437,0.15811892704027675,0.05896410446231752,-0.19397391760357038,0.22732526795033114,0.851402998614448,0.10538514623495501,0.2592427727949818,0.8256252869191223,0.10525400388098247,-0.26772886397712903,0.13691079908692463,-0.09578462648809621,-0.17786724986736915,0.8267234666922585,0.11369439851770204,0.15436479488689808,0.8779377594541475,0.24612160854595083,-0.2814649677215683,0.10326216070643583,-0.16556820026495261,-0.13869402397647881,0.4884739531775785,0.09623186636827732,-0.21009079035114434,0.7939435037634036,-0.3648288099731486,-0.09335042536634713,1.125531841912025,-0.010737836665527406,-0.19319894537578813,0.0685120639632832,0.004135753869020829,0.07408913175074201,0.8621299815612712,0.19838002629587292,0.0577960940406409,0.8371892337628742,0.22943294607355777,0.022046833470767364,1.0694899123248773,-0.06825277615925138
0.608534,-0.02190182804694289,1.167429497932138,-0.13085219902179276,0.08220433391390582,0.11490687258325946,-0.2943899419111019,0.01783948720250868,0.7410086724923284,-0.301922186057311,0.2734038618187325,0.8190959252747825,-0.15032617743891794,0.23001110855004722,0.8658017719087151,0.19891437700551037,0.01914617905914297,0.07855403172210114,-0.32473674067092484,0.23681134319749214,0.4810744811755263,-0.14011772444898277,-0.1133034534922656,0.7889491529593339,-0.4262939156132278,0.13278936492972834,1.123394899833412,-0.1404110729534474,0.1580854028444794,0.058903057275736366,-0.1940917325349984,0.22788828421269958,0.8497558794811847,0.10713003038132081,0.2598428101292096,0.8240383797444336,0.10723453472118516,-0.2674674329116823,0.13692438023046932,-0.0957485313651453,-0.1769739145587718,0.8230064388631129,0.11604367602528622,0.15507872701302153,0.8767444983395476,0.2478189518195254,-0.2811987678714225,0.10326867641819862,-0.16552673449671526,-0.13849877936176755,0.4880789886446033,0.09656909446412985,-0.21125961091265114,0.7910893652600756,-0.3656301679892986,-0.09329314926863318,1.1211499057250707,-0.010246349553529608,-0.19302251630579367,0.0685245725423852,0.0042802402809714955,0.07488225462158894,0.8601199282166859,0.20030340672121932,0.058757769846132055,0.8352792370361626,0.23153744678162935,0.021830860645481003,1.0649935187107746,-0.06793953978682761
0.61851,-0.022088556694759787,1.1631882042400228,-0.13014081723453474,0.08212056280276743,0.11495390520135737,-0.29437810712035123,0.01664736338595458,0.7380099362584934,-0.30307457492997786,0.27386823222208667,0.8153271703169382,-0.14834094594652927,0.2306675428883985,0.865025787531678,0.20042766867256218,0.01904364529806968,0.07864007515769862,-0.3247281694619776,0.23665598759431214,0.4809741437778487,-0.14013539916939588,-0.11448007828557104,0.7861852149218636,-0.42722551092619926,0.13239489698253518,1.119119010050023,-0.1399143401168588,0.15807715934937583,0.05884537703357619,-0.19418273363426358,0.22846246530527498,0.8479958980242644,0.10887567145653547,0.26044959085788943,0.8223344699872576,0.10920978045162723,-0.2672053899564011,0.13694255341044584,-0.09572906841073361,-0.1760140219079701,0.8192120192332984,0.11826520460817129,0.1557817196802656,0.8755420788529625,0.24947611773615244,-0.28093022323062217,0.10328136447279612,-0.16550937017261874,-0.1383155741913188,0.487739023160155,0.09680727118794293,-0.21241722395988918,0.7883494954645359,-0.3664532570079929,-0.0932835131187264,1.1167743221661548,-0.009736191256263878,-0.19284150428123392,0.06854072707702998,0.00440214305511366,0.07570335524415182,0.8580368081821965,0.2021862606925745,0.059736977181653855,0.8333182413543446,0.23361138124238645,0.021633823067646073,1.0605602373841445,-0.06762445148923517
0.628486,-0.022236091978364028,1.1590296671367708,-0.12936865039340428,0.08214473953950249,0.11499707738385372,-0.29430792886385804,0.015487107950094765,0.7351237163292593,-0.3042669015506291,0.27427133969885853,0.8115442775563861,-0.14641884189108267,0.23146203403001353,0.8641588665675589,0.20189379749339798,0.019048271685897292,0.07870835402560396,-0.3246608073459912,0.23645545338970236,0.4809728803331408,-0.14017027857226633,-0.11563765662707835,0.783544732551669,-0.42817807306951017,0.13207018601714166,1.114888066483456,-0.13941046143480104,0.1581735150347014,0.05879997268850738,-0.19421144288721703,0.2291229079963028,0.846178655011537,0.1105765354727998,0.2611287374941861,0.8205525663302881,0.11111208072644482,-0.26699668206598537,0.1370078229237659,-0.0956752039451239,-0.1749435755693392,0.815281853406935,0.12033712805471664,0.15649519305080872,0.8743304049731148,0.2511462759784268,-0.28071460808279286,0.10333636758301895,-0.165468513997406,-0.1381613459624644,0.48748763234718884,0.09698877565423719,-0.21355633397100907,0.7857286161575789,-0.3672773736094274,-0.09330173936129092,1.1123746142394015,-0.009186348076774214,-0.19271407835317417,0.0685872456590345,0.004542483711601739,0.07656864552828366,0.8559251296911075,0.2040396483249463,0.060758573703719676,0.8313131519062311,0.23563672856540835,0.021482694021141134,1.056177489759693,-0.06729127339143678
0.638462,-0.022441627659509963,1.1549418482560807,-0.12863249854898698,0.08214734685258501,0.11503208458590407,-0.29412966458581796,0.014269735529624636,0.7323271098745953,-0.30550690215866655,0.2746184635025222,0.8077940216738614,-0.14462469553071505,0.23215118022721698,0.863166745303926,0.203227161386425,0.01903573716781511,0.07876025369360433,-0.3244816522867652,0.23617976542768918,0.48105841802990273,-0.14023511626170715,-0.11686278724226845,0.7809577864756841,-0.42918437616729216,0.13168157970596095,1.1106916339195487,-0.13894711377263114,0.15824841465947362,0.05877573377094132,-0.19412841517388676,0.22969418555310026,0.8442709200082016,0.11215391927990627,0.26171736858372624,0.818679856959342,0.1128802519155673,-0.26682954990316265,0.1370819597195466,-0.09557431342307654,-0.1738861565050536,0.8113580850404192,0.12233557216077523,0.15721557929678864,0.8731292110491515,0.2526504206947266,-0.280551382936261,0.10338988893703398,-0.1653692842977793,-0.1380688826101137,0.4873153840880348,0.09711369814648772,-0.21475649500907848,0.7831509989243621,-0.36815547014968153,-0.09337815359163817,1.1080086214292577,-0.00867976000060254,-0.19262458354538006,0.06864511595942337,0.004735669062663059,0.07743186817337316,0.8538380876727882,0.20575193316874585,0.06178398678487588,0.8293363543768633,0.23752041338740876,0.021270699290917093,1.0518426025099172,-0.06703039275561885
0.648438,-0.02268507069618746,1.1509119393642635,-0.12795428428198669,0.08207148068096767,0.11505363351029169,-0.29390433840304175,0.013017421643128312,0.7295976884070756,-0.30678060173451904,0.2749203754357585,0.8040702478830889,-0.14289437499759794,0.23275231078767109,0.8619692726818111,0.20452497289781277,0.018943901983091902,0.0787999610114392,-0.324249443121172,0.23585119161159607,0.48116428618305657,-0.14033772373410516,-0.11813839676610877,0.7783936686268732,-0.43023137924987853,0.13123501562809434,1.1065177503902799,-0.1384995618608009,0.1582418798108508,0.058752183097540586,-0.19399554564916213,0.23019243091849556,0.8422588130641155,0.11367652891065606,0.26221488547671645,0.8166824821896388,0.1145800364023655,-0.26666709612604517,0.13714571673629303,-0.0954706912373909,-0.17285896786666535,0.8075047997253048,0.12428950300846552,0.15795071898611387,0.8718612190961847,0.2540629745118261,-0.2804009918802459,0.10342885280239099,-0.16525492019962146,-0.1380021730769177,0.4871783070192721,0.09719150899889964,-0.21599733505976224,0.7805848039564333,-0.36907515328906737,-0.09346795510280159,1.1036899556887612,-0.008236855313232854,-0.1925301592170094,0.06869804680031331,0.004932711348646382,0.0782858935332985,0.8517711650420347,0.20736730235697434,0.06279402782182567,0.8273697712856394,0.23929254750636425,0.021002552282034133,1.0475458667234638,-0.06684808963182763
0.658413,-0.022849080852240303,1.1469304008844705,-0.12728538430590544,0.0819633959441808,0.1150591986066272,-0.2937701583609691,0.011847993837437128,0.7269167181885017,-0.3080475420605184,0.2751938684240265,0.800330889042463,-0.1410602498788248,0.2335261153667939,0.8604788094247823,0.20603112446995697,0.018807596595515952,0.07883221006287787,-0.32410200149076396,0.23554067745336393,0.48119924391800245,-0.14046674591717723,-0.1193565589843638,0.7758589067970411,-0.4312594774411265,0.130857687141576,1.1023599784983207,-0.13798698916411797,0.15819327812341166,0.058692795590585066,-0.19395201314385685,0.2308133246581859,0.8401655421794756,0.11533459588528942,0.2627783413019611,0.8145328784901917,0.11637784071103377,-0.26647242778923186,0.1372087735434857,-0.09543653882654861,-0.17177771592311372,0.8037064905463434,0.12618477418509477,0.15871622434594246,0.8703885178487764,0.2556810800987284,-0.2802128687856039,0.10347719032605163,-0.16521666183933345,-0.13787584429680647,0.4870130137396212,0.09725181398707407,-0.21717292859123313,0.7780388293743009,-0.36995965823656835,-0.09347222248573611,1.0993933668881557,-0.007818621327965453,-0.19239010008860072,0.06874092100550167,0.005033742873303914,0.07916047085721035,0.8496788321625496,0.20906993641244123,0.06379172930660579,0.8253262763120183,0.24109566938956803,0.02078161126486994,1.0432764291405603,-0.06667199465950922
0.668389,-0.023020460151115692,1.143001224235567,-0.12668808099905626,0.08189331132330714,0.11506845781413047,-0.2936600653719337,0.01071700200118207,0.7242418319888378,-0.30925523311456016,0.2754603235832812,0.7966777703484812,-0.1390910334343585,0.23438261878319916,0.8588141436191702,0.20774551287523013,0.01871614365377245,0.07885995533226117,-0.3239776671283913,0.23527325861630827,0.4812097567308269,-0.1405593583851885,-0.12055314200886125,0.7732836158652451,-0.4322349880265398,0.13045181515763435,1.0982518879035699,-0.13746694513344732,0.15819000169258815,0.05863984266159371,-0.1939313229865039,0.23149917357314168,0.838052424145781,0.11715796350357717,0.26337152903386346,0.8123266639177471,0.11830762318855556,-0.26630646396294194,0.13727799717817532,-0.09540453157674293,-0.17071162822201752,0.8000927404881407,0.12811047403294135,0.1594857828853775,0.8688008134572819,0.25745929565983006,-0.2800582005498464,0.10353588425518104,-0.16518132428392768,-0.13772757098487023,0.4868073382769907,0.09735822079732843,-0.2183244695595813,0.7754377618174983,-0.3707892726460947,-0.09345403782641233,1.09519158364877,-0.007482575588412674,-0.1922810619433336,0.06878331266511555,0.005122938450407119,0.08002577214732506,0.847615207401242,0.21087129931916948,0.06474799886431297,0.8232913087776956,0.24296680465162204,0.020536192401271608,1.0390643165763216,-0.06653928126930471
0.678365,-0.02331018103724633,1.1391107775305631,-0.12622295923110965,0.08189371938407963,0.11509064941491891,-0.29350278189839507,0.009560554745594958,0.7215223002016613,-0.31037472588393233,0.27575367242784005,0.793216150269942,-0.1370314355240207,0.23518533935190064,0.8570879363158245,0.20958011579031735,0.018718771310911906,0.07888110814321515,-0.3238112303247535,0.23504743804969994,0.48123694605075173,-0.14056980515319137,-0.12178226988931462,0.7705931664614601,-0.4331494471370133,0.12989676259049224,1.0942182073551614,-0.13701329418925282,0.1582769920261395,0.05862654459453278,-0.19386082412682207,0.23216181926929821,0.8359577991563263,0.11909408221597746,0.2639413147256696,0.810148241310859,0.1203291976217771,-0.26623251664885494,0.13734856926268962,-0.09532663741305276,-0.16971908850762832,0.7967492721120676,0.13014557687908296,0.16027203635434498,0.8671980083260049,0.2592402145697857,-0.2800105396652061,0.10359318648607199,-0.16509040111865667,-0.13761314452695045,0.4865502821577768,0.0975504979060972,-0.21950998849695058,0.7727019878190814,-0.3715709411509231,-0.09349376808162899,1.0911306773683913,-0.00727983918394281,-0.19228270628266056,0.0688254150546101,0.0052698493238604455,0.08088043824371116,0.8456206065703035,0.21270261941466465,0.0656746047635937,0.8213440151350572,0.2448719720310785,0.020179766439837626,1.0349194380813,-0.06649695340506245
0.688341,-0.023686648690214147,1.1351883062647028,-0.12583718961011284,0.08188917208235608,0.11509126141675531,-0.29341121170091766,0.008424759056673855,0.7187100218146898,-0.3114440551531624,0.27613226256414247,0.7899150527400551,-0.13496895173941667,0.2360289816979334,0.8552026042210473,0.21147908868121879,0.01872216870421314,0.07888488099985466,-0.3237176553508335,0.2348441148845096,0.48118118361746465,-0.14054060780052485,-0.12300261590968879,0.7677759688432215,-0.434028064689258,0.1292377995210667,1.0902202416863167,-0.13660319517104144,0.15835736316633356,0.05859137386804203,-0.19384833812340302,0.23288729289226165,0.8338304285518338,0.12105551851170099,0.264581800440346,0.807937774188985,0.12235975244202722,-0.26622374854984765,0.1373936267534529,-0.09532992674757028,-0.16868408324839604,0.7935156999277253,0.1322483103847156,0.16121762865683725,0.8654866965768114,0.2609406894963485,-0.28003038711856926,0.1036319417332243,-0.16507413860672,-0.13751062570926328,0.4861877341399988,0.09778104131624472,-0.22068582142711446,0.7698237404175713,-0.37231846805760155,-0.09355515118055449,1.0870963577697341,-0.007151320676344976,-0.19236687810617673,0.06883382852528674,0.005336729603134478,0.08184633510969347,0.8436080170593284,0.21447937005022508,0.06670929918866167,0.8193831216103089,0.24671816108258146,0.019761958025832548,1.0307621930591548,-0.06650716785650715
0.698317,-0.024075854821576575,1.1312170122990512,-0.1254807386665332,0.08183921379203313,0.11509009539261196,-0.2933915757403276,0.0073362756753673495,0.7158236608558597,-0.3124704957163291,0.2766128463591487,0.7867115453274087,-0.13292013929906973,0.23694743048007502,0.8531431139331744,0.21344350504742934,0.018679953344306974,0.07889774285388086,-0.3237019870186102,0.23465809091806428,0.48104676972461563,-0.14048614451903674,-0.1241806725468707,0.764883397676693,-0.43486482755105366,0.12855330622859426,1.086228865784564,-0.136194121203074,0.15838094645561882,0.058539688951507046,-0.19390513367787957,0.23370424862106498,0.8316832427662957,0.1230203796765914,0.2653054759694382,0.8056923707180803,0.12437812932459344,-0.26620312587160594,0.13743399320202335,-0.09541573411708447,-0.16756898935851391,0.7903463928958304,0.13441613425168505,0.162360240749277,0.8636581269113411,0.2625902069127593,-0.28003853727426964,0.10367373624666451,-0.16514038022628905,-0.1373629789564057,0.4857557700325613,0.09803500115222574,-0.22182018879127768,0.766864236832465,-0.373022056770838,-0.09357502038274045,1.0830535573138718,-0.00704124986619245,-0.1924415586189956,0.06883108377293783,0.005310739183112135,0.08294588313957864,0.8416021972603206,0.21621446530990152,0.06788370020220298,0.8174102200635472,0.2485045137430643,0.019352987118219932,1.0265719683730226,-0.06652085389450083
0.708293,-0.02439679038659668,1.1272284936175776,-0.12513241286517196,0.08175537448888825,0.11514694304298467,-0.29333555318487153,0.006290450285115542,0.7129295632025433,-0.313432848154925,0.27717505326699676,0.7835359671353537,-0.13083617409170006,0.23787641903480639,0.8510120964517235,0.2155047224957675,0.01861250318369814,0.07896647520905845,-0.3236532701867675,0.2345004177495002,0.4809364815281784,-0.1403861940218117,-0.12530319868730017,0.7619979149084735,-0.43563244718654487,0.12791917654861218,1.0822282602395281,-0.13574866231135146,0.15836347296430942,0.058538471058012964,-0.19393363404473188,0.23455832778847213,0.829597877405536,0.1250223573833531,0.2660291224255701,0.8034825215045938,0.12642025698517725,-0.26608112729901584,0.1375276715865812,-0.09545959219403997,-0.16644079622329647,0.7873227053426805,0.13668511182151166,0.16361099733305937,0.8618087441180572,0.26428647094966445,-0.27995462070884586,0.10376633715940653,-0.16517037532373552,-0.1371069386910504,0.48536481909652407,0.09833285109340241,-0.22290527415051026,0.7639191271362773,-0.37366193663231856,-0.09349389738315936,1.0790529500093662,-0.006925199532769959,-0.19239707476374102,0.06888682765630313,0.0053130514150990776,0.08408582489740296,0.8397316841914312,0.21799249929750097,0.06910738768171175,0.8155347302284125,0.25030647833283093,0.019012125683113675,1.022385876232414,-0.06650164573800557
0.718269,-0.024663537605355584,1.1231633731360482,-0.12483376182126374,0.08165800207523358,0.11518478621803013,-0.2932597210335352,0.005310858400594561,0.7099717117778117,-0.31438974014277166,0.2778508148601429,0.7803526744637261,-0.1287449988667892,0.23872748081598474,0.8489430818434183,0.21754977676046713,0.018534407729349337,0.0790173828393661,-0.3235932753383178,0.23438107616331563,0.48078194353678044,-0.1402631234908376,-0.12634648438992999,0.7590533286855818,-0.43640194463181203,0.12733761143236944,1.0781660555290102,-0.1352994885416014,0.15831124780628802,0.0585287495771692,-0.1939282294945497,0.23539315717849027,0.8276005963258879,0.12699662797188604,0.2667172922308971,0.8013488963124887,0.12845177521372703,-0.2659300041627919,0.13764241215788242,-0.09550438526635444,-0.16537305053999238,0.7843702475470329,0.13896963123746794,0.1648607737098973,0.8599852954635704,0.2659073791529232,-0.2798434616395592,0.1038695981650842,-0.16519869630992168,-0.13679458415733992,0.48498017877204463,0.09862755383746404,-0.22391434145795988,0.7609263801177589,-0.37431514922295156,-0.0933412445596579,1.0750344047665072,-0.006857845887878835,-0.19232451219796634,0.06898067627188371,0.005326221377269419,0.0851820543656591,0.8379504851826949,0.21971385341031693,0.07030371660249943,0.8137256169248768,0.2520388095352782,0.018722356235188822,1.0181471504518216,-0.06648934310842525
0.728245,-0.024897995928038052,1.1189747693690668,-0.12460800164648413,0.08157057398345591,0.11513850655757586,-0.29320256068319805,0.004408733113378681,0.7069058287593856,-0.31538763675171794,0.27863396417929526,0.7771241448002016,-0.12668096430070228,0.23947532578110856,0.8470066750600619,0.2194832241770043,0.018463611001027003,0.07898987167910086,-0.32356183639449554,0.23429783469333793,0.4805267346174866,-0.1401437458763092,-0.12729845973698528,0.7559998124659761,-0.43723262291899556,0.12680083754758212,1.0740046956033058,-0.13487826014659116,0.15823956496573252,0.05845716162719708,-0.1939066732985438,0.23619042180126246,0.8256732503970986,0.12888660184717304,0.2673737243084108,0.799283175230786,0.1304378242384227,-0.2658309915972211,0.13773987771450424,-0.09561842423785447,-0.1643866682746297,0.7813884738324518,0.1411822126862553,0.16603018762748395,0.8582189667664766,0.26737313509804345,-0.27977676755765496,0.1039433825286974,-0.1652871547078986,-0.13648771736942536,0.4845549015658018,0.09887086210929556,-0.22483271042675787,0.7578355816829933,-0.3750433468863606,-0.09315945975469073,1.0709376871038334,-0.0068721366610636145,-0.19232608757674388,0.06907768802264914,0.00530188781235837,0.08619021692142277,0.8361925007735481,0.22130924174143485,0.07143286511695236,0.8119278139120789,0.253643109456846,0.018460728237056093,1.013806883459848,-0.06651341678992641
0.738221,-0.025046423013056065,1.114740540637722,-0.12437287039895258,0.08151580284726381,0.11511119852369982,-0.29312542930349295,0.0035362206763342795,0.7038407895791772,-0.31636175372466013,0.2793731790043074,0.7737769176724673,-0.1246124641804325,0.24026941413869593,0.8450985194127466,0.22139961436823888,0.018432964104531248,0.0789773753009109,-0.3235048793720521,0.23422060539731962,0.480318237604906,-0.14002051340922783,-0.12818673231533742,0.7529775200710576,-0.4380547380522487,0.12635003593554578,1.0697818806627233,-0.1344451094906006,0.15819569315711984,0.058412708699896516,-0.1938469133751116,0.23702389041115768,0.8237513279823122,0.13075863778590685,0.2680465036483687,0.7971946733189076,0.13241704000552112,-0.2657220321510352,0.13785905209791846,-0.09575732375183123,-0.1633720675776523,0.7783760189563461,0.14335468951627345,0.1671276090116773,0.8565582850358404,0.26893042490195623,-0.2796950128109289,0.10403687226041822,-0.16540336792874097,-0.13615512423336573,0.48416118804857283,0.09908210184115075,-0.2256949874253633,0.7547839587345724,-0.3757721394869262,-0.09293399964133303,1.0668184634141469,-0.00687071738384809,-0.1923259487126147,0.06919984792685417,0.005262125970921297,0.08714902034432803,0.8345227184676639,0.2229713871404957,0.07252612445949684,0.8101742709323562,0.2552914228463997,0.018265652021285255,1.0094333275023477,-0.0665025449002399
0.748197,-0.025117224762966163,1.1105027543273749,-0.12411691749286739,0.08147305020863077,0.11513207289790779,-0.2930231161569437,0.0026888721402619008,0.7008063399002766,-0.31729224090795866,0.28002606721154233,0.7703298752815861,-0.1224977642052951,0.24120091478534086,0.8432970222284363,0.22333353914148643,0.01842030188593305,0.07900944827364034,-0.32342152440573607,0.23413445187952117,0.48017534404028606,-0.13987898053270265,-0.1290194897627032,0.75002769031119,-0.43883610631611336,0.12598783365950889,1.0655478528072975,-0.13401954858446785,0.15815754555756087,0.05840853328014365,-0.19375436131958418,0.23794960906640883,0.8218699655778837,0.13266135387207179,0.26878930900314535,0.7951234831838174,0.13443517960091475,-0.26555325971140203,0.13800110682814595,-0.09590114098317515,-0.16227198708514967,0.7753099431509649,0.1454643954327345,0.16813304350123381,0.8550627872603213,0.2706716196998893,-0.2795462026418584,0.10415541820834726,-0.16553181568451242,-0.13579369990736442,0.483816751809237,0.09927907761705176,-0.2265107507262472,0.7518111549692303,-0.3764666744583196,-0.09269409597133003,1.0627081819400248,-0.006832560865792896,-0.1922608541951651,0.0693411698369847,0.005214192190747133,0.08807085316971129,0.8329531898347445,0.22477486028157778,0.07359634660167066,0.8084776457535684,0.25706037542049537,0.018139321405283872,1.0050720073940884,-0.0664386817903419
0.758173,-0.02518776949516179,1.106252577677761,-0.12390524246348776,0.08138580900503507,0.1151392564827322,-0.2929325469792136,0.0019020634735203343,0.6977401617968713,-0.3182127548566314,0.28066767152807204,0.7668889519247816,-0.1203051754548198,0.24227185584367747,0.8418529423190197,0.2252314965211529,0.018355662175484413,0.07903563610962305,-0.3233704846144316,0.2340424094206044,0.4799757501161454,-0.13970890438825598,-0.1297878635167238,0.747074688432023,-0.4395964407244214,0.12567073317214475,1.06134943874326,-0.1336803934608948,0.15804295556153694,0.05837207435660159,-0.19366581824597728,0.23898444060783378,0.8201492297527901,0.13460153148679896,0.26964649959981274,0.79322811936796,0.13652386989992693,-0.2653202686452869,0.13812444671361485,-0.09606959628052082,-0.16110132126317744,0.7721424214262028,0.14743266405321803,0.16899117128956398,0.8537940399860058,0.2724981190526622,-0.2793197817748042,0.10425550221736904,-0.165687093835901,-0.13544040514903533,0.48347043561937014,0.09946731941081784,-0.22726621613070846,0.7488418885664317,-0.3771468666635215,-0.09251556628912859,1.0586002472420453,-0.006821657963628535,-0.1921219664979131,0.06946388174129535,0.005141244156519574,0.0889326590678317,0.8314276681837417,0.22664706741112278,0.07462764571570149,0.8068210098846269,0.25890529233082293,0.018038732800458805,1.0007293847831078,-0.0663669125735432
0.768149,-0.025288525483133945,1.1020192210474533,-0.12371449416037342,0.08125671818561529,0.11514896252428239,-0.2928604906635431,0.00111378798202438,0.6946721245487832,-0.31908661601553095,0.2812534792880924,0.7634670726899307,-0.1180728335841913,0.2434716885807032,0.8407199432441651,0.22706335576160463,0.018245690519802623,0.07907362598078581,-0.32334233380672245,0.23393390925748098,0.4797554559848476,-0.13954079300678945,-0.1305462951832858,0.744144073917375,-0.44030702412050376,0.12536335566536785,1.057202605480446,-0.13341680341211024,0.1578819164279586,0.05833206403422341,-0.19359664603984872,0.24010007842750722,0.8185381219559633,0.136556294723872,0.27060622633326575,0.7914673586045725,0.1386461980365956,-0.26509064310255837,0.138244614943389,-0.0962602345264014,-0.1598605340060279,0.7689151753554747,0.14931090855383627,0.1696994827950835,0.8527681320091022,0.2744420350379808,-0.2790956721920037,0.10436435920578457,-0.16586958729387305,-0.13510826935919024,0.48311159877915727,0.09965187659022984,-0.22801759877992414,0.7459035582648341,-0.3777824003307104,-0.09242332821314066,1.0545232678872412,-0.006805899949255122,-0.19199349658041584,0.0695711932636103,0.00504189883256048,0.0897435974118551,0.8299363813102514,0.22862207351689484,0.07561369200816913,0.8052229358920695,0.26087120120105173,0.017932346060674217,0.9964307707425315,-0.06628077474721343
0.778125,-0.025420481635975965,1.0978273667409713,-0.12351632456897864,0.08113428646667947,0.11518700107443859,-0.2927974534368378,0.00026933493978482763,0.6916365518540747,-0.3198873065836552,0.28173686315366464,0.7600501102275987,-0.11586913458591414,0.2447925176124882,0.8397832142680409,0.22879033043678962,0.01814788951393336,0.0791401600587683,-0.3233074271341032,0.2338075693921239,0.47959016353615236,-0.13941112557564014,-0.13133874239283647,0.7412676971004225,-0.44095139410133916,0.12504954635851437,1.053106709754709,-0.1332096878701564,0.15775325035214582,0.05833790401140171,-0.19353980641326116,0.24126550433168437,0.8169602553898248,0.1384755336545802,0.27165089935743764,0.7897706405993931,0.14073111625582443,-0.2649290489672963,0.1383836406901587,-0.09646040359845086,-0.1585491720192593,0.7656716630440135,0.1511487799549653,0.1702824093726289,0.8519429548166255,0.2765288860006718,-0.27894873048240004,0.1045102612986059,-0.16606931739098169,-0.13480054848902326,0.48274693888193204,0.09983065837898152,-0.22881049208469,0.7430273315632351,-0.3783544034779561,-0.09241031310803878,1.0504983912506127,-0.006751609703022751,-0.19195571828433933,0.06967872360188178,0.004927072601532562,0.09052715105989853,0.8284640243085354,0.23071676632187113,0.07655743172930717,0.8036838013358613,0.26297977804985223,0.0178110179921511,0.9921928486995141,-0.0661759538735907
0.788101,-0.025564522336053563,1.0936469289454969,-0.12336809081756954,0.0811136282458646,0.11521486325635188,-0.29272797293329506,-0.000560483402957906,0.6885760117688229,-0.3206923466461418,0.28220030885315106,0.7566602702463628,-0.11376179999356079,0.24623834529202673,0.8390827107069342,0.23032492423837514,0.018159090500896986,0.0791730779327744,-0.3232622107471524,0.2336998673315052,0.4794762654933488,-0.139326878717343,-0.13211353491722783,0.7383791866737973,-0.4415986146911571,0.12475042275977163,1.0490523080808918,-0.13311653833786266,0.15773115893025955,0.058376473999034464,-0.19345750958852947,0.24248751376156233,0.8154639805973498,0.14027221875139145,0.27280518566099565,0.7882134984314078,0.1426970721740749,-0.2648151960747301,0.13851634922626904,-0.09665792017872715,-0.15718594178443077,0.7623614581563103,0.1528479534581237,0.17077134614867898,0.8511792600533515,0.2786170618139264,-0.27884333081625495,0.10464568754970037,-0.16626733963048837,-0.13452333444434178,0.48238058544035617,0.09998363074265593,-0.22958700789702152,0.7401384963164928,-0.37892962303447386,-0.0924465453105171,1.0464877839608229,-0.006728540945750936,-0.1919785869995497,0.06978758357702995,0.004820292279906168,0.09130336572721588,0.826929164491611,0.23278260213919266,0.07747116537392007,0.802118607608758,0.2650904081486596,0.01770670499667955,0.987988239588094,-0.06611120960262597
0.798077,-0.025720854234163332,1.0894754724477944,-0.12327091691881581,0.08117294239941558,0.1152233048455036,-0.2926529841558196,-0.0013533577268122709,0.685494691865927,-0.32153351402502406,0.282667166654845,0.7533079601462347,-0.11175804685479848,0.2477046125982913,0.8385677448243993,0.23166961713708356,0.01825014855976353,0.07916592169248612,-0.3232126034169057,0.23360814206912695,0.4793910188930105,-0.13928495053348575,-0.13285757734400783,0.7354719000287744,-0.44227703711019994,0.12446438698140447,1.0450352203662172,-0.1331071220604416,0.15778494866925563,0.058426207336216514,-0.19335555865046852,0.24370234636367666,0.8140529639797641,0.14192577562675865,0.2739882895919106,0.7867860465096473,0.1445327516248608,-0.2647069109577274,0.13864013527613314,-0.09685014414940203,-0.15584329711978365,0.7589600241781598,0.15435787142078508,0.1711316512951234,0.8503980021928034,0.28063020057024557,-0.2787333005240475,0.10476160698508868,-0.16645926690798024,-0.1342752742017282,0.4820357375096306,0.10010291873619759,-0.23033151259487358,0.7372309895905816,-0.37953559311916213,-0.09253079454013716,1.0424701602246096,-0.006753273213821602,-0.19200711721972816,0.06990191390231398,0.004723920212716627,0.09201182941673541,0.8253119358011758,0.2347446989083205,0.07830178858715688,0.8004861988495139,0.2671137372060722,0.017610724067750442,0.9838072596133512,-0.06609232684297255
0.808053,-0.02590297352294026,1.0853451585953289,-0.12315549391839445,0.0811743204674369,0.11524223686633336,-0.2925903877859899,-0.002150741057430652,0.6824669304703486,-0.3223734993269778,0.28309205967933837,0.749986350617269,-0.1098087734085462,0.24899754523804682,0.8380876155728917,0.2329165134230463,0.01826987622333079,0.07917815302683212,-0.3231691590755521,0.2334905199625059,0.4793057858537921,-0.13927394303818313,-0.13360637887519847,0.7326110845281201,-0.4429540283694815,0.12416816556339046,1.0410567783612832,-0.13305841234141594,0.15778817885925614,0.058470008645656164,-0.19328507936797742,0.24478449310648176,0.8126734001994745,0.14348404206194876,0.27502776940843066,0.7853827827840818,0.14629304896385495,-0.2645594667836168,0.13877950578159112,-0.0970431594060329,-0.15462944600341866,0.7554942949326153,0.15571595641073105,0.1712874175502029,0.8496032169857827,0.28257420019241797,-0.2785858473563569,0.10489653944735867,-0.16665514822137822,-0.1340442326138849,0.4817454310117614,0.10020019899802783,-0.23108159468292486,0.7343793616572314,-0.38014030757910383,-0.09268054889165826,1.0384550104966048,-0.006768075312683046,-0.19198524502918596,0.07002837831649811,0.004617872579613913,0.09253691805853458,0.823669125770268,0.2366236859800429,0.07895312924756356,0.7988133262069383,0.26903793812564214,0.017478381243788067,0.9796640759246543,-0.06606051672360977
0.818029,-0.026048323760753278,1.081259838671932,-0.12297841457574951,0.08109202665461819,0.11528210317564304,-0.29254800847876467,-0.0029307351410460046,0.6794906407511473,-0.32315267833145006,0.2835427686165051,0.7466987826600197,-0.10791984913082653,0.2501236394025743,0.837651381437301,0.2340576530551593,0.018196784118390506,0.07922315514929917,-0.3231353572847866,0.2333673072187603,0.479198865187026,-0.13926366086716757,-0.1343349999501955,0.729804672405924,-0.4435721301596027,0.12390091799812356,1.0371072434396107,-0.13294145028836699,0.15771924571390358,0.058511356564259626,-0.19325377476606512,0.24574808150883,0.8113502906281261,0.14493588539389402,0.27594722594716786,0.7840390374983898,0.14796127922595198,-0.2643735105979221,0.1389246381359731,-0.09723371669733206,-0.15352324016349364,0.7520504234557149,0.1570492316066964,0.1713778823403395,0.8488204047533185,0.2843465302099102,-0.2784108188343817,0.10504571176478553,-0.1668471180669949,-0.13380067705337512,0.48146477140043703,0.10031347502892264,-0.23181003611379145,0.7315863187756133,-0.3806860151514532,-0.09280101065680578,1.034475658001999,-0.006711338597367346,-0.19190541757419988,0.07015097288010094,0.004497106657899178,0.09297510011509763,0.8220597291693941,0.2383651753454678,0.0795293193463033,0.7971778597642705,0.2708214079887473,0.017365582360874418,0.9755561412314386,-0.06597267024339691
0.828005,-0.026115255787891485,1.0772185786734552,-0.12274546603914845,0.08098144273679901,0.11533423149730934,-0.2925236546387922,-0.003657732179626308,0.6765335654148794,-0.32384132158585693,0.2840898765271976,0.743467626749447,-0.10611661859760181,0.2511472651258723,0.8373221821826714,0.23506442072131206,0.018096160144790645,0.0792795952616189,-0.3231077426799972,0.23327517513260085,0.47906903536332196,-0.13923484616871454,-0.13500447000128052,0.7270286219158881,-0.44410453956149337,0.12368841293802063,1.0331859149592886,-0.1327826207231405,0.15763325738964726,0.05856172361037602,-0.19324496916483466,0.24664396539339128,0.8101526347715164,0.14625195064884078,0.27681455553833534,0.7828431112980044,0.14949958617728804,-0.26418230923770447,0.1390610948230238,-0.0974264428155376,-0.15248061853166686,0.7487023161612186,0.15844265944321523,0.1715419163547084,0.8480691574821274,0.2858673378897617,-0.2782421525485595,0.10519369499926208,-0.1670360089839346,-0.1335291092373203,0.4811439034530318,0.10046279893663343,-0.23247674283781963,0.7288212633415052,-0.3811486894691394,-0.09281343748536315,1.0305583595079597,-0.006570750675875451,-0.19180266820129258,0.07025416317734651,0.004356267124995253,0.09343105345682837,0.8205408703206439,0.23991379469301294,0.08013666375719038,0.7956527932123258,0.27242502190085205,0.017323209383843272,0.9714845262235631,-0.06582840431283589
0.837981,-0.026205122907999024,1.0732423537252462,-0.12255645307009802,0.08097196358839029,0.11536490757517741,-0.29250169001364185,-0.004337634928163801,0.6735768204166709,-0.32450925248787776,0.2846752886364193,0.740350882084274,-0.10440752194895697,0.2520461661988853,0.8371114697728343,0.2359757719047168,0.01810152495385762,0.07929288536254786,-0.3230733822931156,0.23321889788795147,0.4789593598696403,-0.13921755584828602,-0.1356124269123433,0.724245574014136,-0.44462935870258974,0.12344847939195958,1.0293284327908456,-0.13263855194259488,0.15765769312945213,0.05862966095547966,-0.19323156236284278,0.24745310509385418,0.8091664109840143,0.14742856260240006,0.27758085571169433,0.7818499277286222,0.15090265147024995,-0.2640517012896964,0.13920354096812923,-0.09765716393006414,-0.15154836570309288,0.7454256244309382,0.1597729821354307,0.1716662072037302,0.8473337980844579,0.287246435329604,-0.2781284596536338,0.10534982272254857,-0.16726603215702177,-0.1332708499197919,0.4808104476808661,0.10059275169150247,-0.23308646719107107,0.7260539553563019,-0.38161810870475593,-0.09281251987195753,1.026684947083509,-0.006462703764920151,-0.1917672450903589,0.07035020571479095,0.004171436929942453,0.09378331977860478,0.819164847116981,0.24130480584431335,0.08065382287452068,0.7942416869840101,0.27385598039852993,0.017270575079508126,0.9674800805787883,-0.06571668986198989
0.847957,-0.026350285361743133,1.0693374933312036,-0.12244691590222112,0.08110000580514135,0.11535983830684851,-0.29247726978190736,-0.0049769864286609185,0.6705998166651654,-0.32516707617176227,0.2852548080903595,0.737351082175948,-0.10277403853967038,0.25278593479071637,0.8369669635969063,0.23683098729483665,0.018255412228995765,0.07924188296544463,-0.3230300049081432,0.23319704675853486,0.4788674252833232,-0.13920546673398168,-0.13616294114992203,0.7214279964620375,-0.4451635106449514,0.12315654346193691,1.0255438348087387,-0.13253195468337106,0.15783550920430836,0.058716053254079005,-0.19320998161699263,0.24815114627394766,0.8083619869102456,0.14849093289030796,0.278214751328424,0.781018351221336,0.15219478928552418,-0.26402721075501506,0.13935474145750867,-0.0979297791149477,-0.1507179569674425,0.7422194782491983,0.16101800301325536,0.17173331975314762,0.8466237875015331,0.2885267929469818,-0.27811608900647355,0.10551275935962999,-0.16753872887332202,-0.1330595161219794,0.4804560800350525,0.10070284801547053,-0.23364482413315654,0.7232550639019075,-0.38211148791618743,-0.09283780846012823,1.0228529957726282,-0.0064311256656673635,-0.19186233651624351,0.0704461066868984,0.003950811141987996,0.09401879964038067,0.8179406969112551,0.24256930524846,0.0810683504195429,0.7929390479985728,0.27513312798769235,0.017176979750162222,0.9635521218550422,-0.0656678049860931
0.857933,-0.026489842387409833,1.065496449756151,-0.1223681243638845,0.0812879598202528,0.1153327877545995,-0.2924589421660259,-0.005577565696275174,0.6675852322148634,-0.325750371078244,0.28582189888718806,0.7344134165853692,-0.10117764643333108,0.25335662820201094,0.8367958735937209,0.23765288771099483,0.01848722655607842,0.07915098848374734,-0.3229883859654408,0.2332048193413417,0.47874090226245036,-0.13914908625567252,-0.13666318857432905,0.718566326608741,-0.44564463049838193,0.12286405005629826,1.021812607785709,-0.13244659136562933,0.15810129437308285,0.05881413821132142,-0.1932014851129012,0.24873523809807402,0.8076004282135475,0.14948664556920502,0.27873667079762654,0.7802265708907205,0.15342173028284375,-0.2641146451100233,0.13950108225996966,-0.09821238246394105,-0.14990755749922055,0.7391210764676475,0.16228578835346275,0.17186259675283963,0.845975305118738,0.289657454590329,-0.27823080350987417,0.10566821970724283,-0.1678095508885175,-0.13290317640079374,0.4800283592378956,0.10085770432606964,-0.23415381644460392,0.7204030365613258,-0.38255471319229145,-0.09284300371062776,1.0190872327248335,-0.006421548542763166,-0.19209607725008299,0.07053734711440751,0.003732934427645563,0.09427094022647234,0.8168301204768845,0.24372083010877435,0.08151460975469076,0.7917373848573616,0.276282564273526,0.017084140145982172,0.9596866786884681,-0.06563617521892101
0.867909,-0.026622493616721914,1.0617573226528734,-0.12229305040430152,0.08146468031540505,0.11531497618365483,-0.29244909976409567,-0.006156537288002112,0.6645725361963286,-0.32625202593744723,0.28636410904461174,0.7315556326661704,-0.09962767392997351,0.25391351637474147,0.8366533555962482,0.23842991892352713,0.018715375166959283,0.07906725442976895,-0.32295696925435957,0.23321958824869188,0.47858562044774505,-0.1390400338692265,-0.13714064979436472,0.7156873967263601,-0.44605902489763705,0.12257439775530236,1.0181682816474178,-0.1323926858522709,0.158367056220024,0.05891859750796845,-0.193206787198716,0.24931233110441076,0.8068930178720433,0.1504293259939888,0.27925330068392357,0.7794891745799478,0.15459128299699598,-0.26423231239260997,0.13964308606713732,-0.09850837208757893,-0.14906201526453383,0.7361275969701844,0.1635512437723859,0.1720716855016637,0.8453711472440121,0.29068770489559964,-0.2783822168241024,0.105825837490431,-0.16809664561039564,-0.13275834574887282,0.47954355788216724,0.10105787450657082,-0.23464216817758235,0.7175278961344417,-0.3829373542822765,-0.09282478561348963,1.0154268402833577,-0.0064094841169045,-0.19235997809244662,0.07061366019772802,0.0034957060622908265,0.0945777707925875,0.8157876843626984,0.24479824193271696,0.08202712660824565,0.790594260847745,0.27735219097675917,0.016988964687143053,0.9559118861551971,-0.06560912530912989
0.877885,-0.02677235282913663,1.0581583300578263,-0.1222198149662186,0.08158353539491282,0.1153236883125395,-0.29243521826698654,-0.0067274913681885625,0.6616043070190409,-0.32669127035616774,0.28685635601020276,0.7288085258132807,-0.09813937307305086,0.2545740524228136,0.8366017655854232,0.23915118338647987,0.018880563750413668,0.07902038968048827,-0.3229278264856048,0.23322310607620622,0.47841943813417037,-0.13888776842572045,-0.13761744849590554,0.712816930286162,-0.4464226798615038,0.12227074981248859,1.0146494395149548,-0.13238734589892334,0.1585620808177013,0.05901983254935364,-0.19320641578037653,0.24995752361914014,0.8062789201726575,0.15132309174990796,0.27983231492650645,0.7788441757931122,0.15570124823335563,-0.26428179286549064,0.1397772149557494,-0.09882912193561208,-0.1481707766532871,0.7332172928511883,0.1647368461736804,0.1723134237291287,0.8447719460869456,0.2916875854564601,-0.27845552645512545,0.10598916144347766,-0.16842702870458948,-0.1325744664971407,0.47903529909182724,0.10127820890447473,-0.23513430882651018,0.7146599646652299,-0.3832809240279591,-0.09280920274594269,1.0119004213411964,-0.0063988766369570535,-0.19252820934654513,0.0706631833087956,0.003209603789390581,0.0949138357778126,0.8147706851154545,0.24583468437193584,0.08257458835999436,0.7894601794559511,0.2783775221863858,0.016868897917521806,0.9522604361834681,-0.06559557375497024
0.887861,-0.026951327609452125,1.05468005286554,-0.12218258694537389,0.08165010743819366,0.11531878830918885,-0.2923741106432777,-0.007274973454796281,0.6586615790760257,-0.3270834786636811,0.2872492462110862,0.7261428229867316,-0.09668373539379321,0.2551495852480654,0.8365365007322982,0.23984856487698505,0.018991438173143416,0.07896791608809489,-0.3228536299515727,0.233230562858246,0.47821805345026247,-0.13869696936417555,-0.13807606501102598,0.7099344375434424,-0.44676684617605106,0.12194687169145137,1.0112396759963955,-0.13243073933269817,0.15868508145993798,0.05909498756892781,-0.19315447412287898,0.25052450782260155,0.8056791989923322,0.15218901550334282,0.2803315366533453,0.7782179650202207,0.15677022879176886,-0.2642282235344338,0.13987128296005638,-0.09916148197856704,-0.14730707032316084,0.7303698267081139,0.16579723189230677,0.17249986891012323,0.8441459605740024,0.29265331057115906,-0.278415766750152,0.10611560122479041,-0.16877083567448423,-0.13234583031830294,0.47849699053152006,0.10150717293426496,-0.23560958486111364,0.7117679442230322,-0.3836090964946256,-0.09284172294599939,1.0084914147318589,-0.0064272195480609435,-0.1925726864775331,0.0706770893079079,0.002902605140256715,0.09520885136578268,0.8137499822925772,0.24681558289384692,0.08307973705767788,0.7883100606131536,0.27933417213624934,0.01670967470002048,0.9487230755594828,-0.06561739766088621
0.897837,-0.027133230417977917,1.0513107787542093,-0.12220055042408923,0.08167435272505075,0.11529095523757288,-0.2922745146554797,-0.007795753662605834,0.6557552814716504,-0.3274567634773009,0.28751105121979487,0.7234955990491585,-0.09525560655240338,0.25556548175299687,0.8364011485053013,0.2405204660826723,0.019056042196828493,0.07889886434818637,-0.32274168018941196,0.2332342546667117,0.47798561487382085,-0.13848763207497472,-0.13851075183691927,0.7070602264841581,-0.4471168165697279,0.12162767949409048,1.0079099632655948,-0.13251851294482506,0.15874702035609947,0.05914496961376414,-0.19305508678923924,0.2509481626992724,0.8050396927293414,0.15302019331399558,0.28068277488234966,0.7775488014564108,0.15779764514549505,-0.26410025933496106,0.13993150214076222,-0.0994969950996762,-0.14652252958893963,0.7275874479548533,0.16671132658638457,0.17257438027552308,0.843457156312677,0.29360916275164517,-0.2782979987264624,0.10620529167503574,-0.16911025350162542,-0.13210071307572166,0.47795596589796174,0.10172501041862823,-0.23606275680024805,0.7088740054085692,-0.3839480818557014,-0.09291213292595109,1.0051941200541588,-0.006510239076881014,-0.19253649123088254,0.07067372631695996,0.0025969323345235874,0.09541141027916895,0.8126995361528472,0.24775379054797717,0.08347813873815284,0.7871208726651118,0.2802299412438743,0.01652421773015617,0.9452875795929314,-0.0656879421483999
0.907813,-0.027262025541176398,1.048053319553148,-0.12226293932705412,0.08166900149562852,0.11527366164171786,-0.2922042816970774,-0.008307166427267556,0.652935441210782,-0.32784656934813927,0.2876429950563382,0.7207932139754271,-0.09388622618296177,0.2559321067813971,0.836217069163762,0.2411241191237348,0.01907948533595539,0.07884720736898032,-0.32266265366230185,0.23320213126839798,0.47776510379106996,-0.13829666820378408,-0.13893835023310494,0.7042604609876536,-0.4474833838907482,0.12136041582761876,1.0046315374532355,-0.1326401819243919,0.15876897546556926,0.05919877617475746,-0.19297095507416562,0.25129952911553377,0.804354269168128,0.15377866181992214,0.28094598860347464,0.776811093874504,0.15875813141918108,-0.2639833647764024,0.14000549566013085,-0.09983330518121537,-0.14581863311420842,0.7248888647501854,0.16748713357063477,0.17253804990154573,0.8426661678338171,0.294612590506324,-0.2781969697825725,0.106308119102469,-0.16944799894990345,-0.1318918618511366,0.47747311974320134,0.10190721177874906,-0.23651481970200056,0.7060607292155578,-0.38431844700723744,-0.09295101005352639,1.0020172743495166,-0.0066284614503623425,-0.19251938749624375,0.07069367012306826,0.0022990765530359575,0.09551335409695072,0.8115940244869952,0.24869436158952607,0.08374687365494005,0.7858666929997058,0.2811128668057704,0.01634942831741095,0.9419435157337326,-0.06580326343031459
0.917788,-0.027365109716623037,1.0448693012724037,-0.1223113602167333,0.0817086233145525,0.11527667321703448,-0.2921896811379311,-0.008835583199195838,0.6502015476257713,-0.3282274967915896,0.2877114170941589,0.7180837355542904,-0.09261423799738629,0.25633847339153043,0.8359365141604882,0.24165448710565074,0.019151694966648238,0.07881160049207259,-0.3226419424141218,0.23316395589173033,0.4775885504797173,-0.1381509394333188,-0.13938851936075156,0.7015308238499045,-0.44783941446265557,0.121108825722714,1.001405895045044,-0.13275154239348114,0.15884794302996272,0.059275622314649924,-0.19294217917013093,0.2516638540972556,0.8035951855461012,0.15445573771817855,0.2812136642641632,0.7759882493909738,0.1596330206129043,-0.2639438550350406,0.14008312020523953,-0.10013727527072791,-0.1451217643372642,0.7222251494699206,0.16819482876992478,0.172505991415422,0.8417572043115694,0.2956212520721631,-0.2781781441876289,0.106416814069531,-0.16975499353833617,-0.1317319544977005,0.4770120809243192,0.10208519842137904,-0.23698778625433436,0.7033190819247946,-0.38467744357760064,-0.09294569236291086,0.9989189350592362,-0.0067296505227391005,-0.1925853900649617,0.07071658865760119,0.0020303329734056097,0.09561067197030303,0.8104070711504312,0.24962030434074434,0.08400515992927161,0.7845181316943832,0.2819714466082106,0.016182923217170703,0.9386575036546083,-0.06591896636167492
0.927764,-0.02749278119621589,1.0417144789487907,-0.12229844024727908,0.08186384918879461,0.11529733345395937,-0.29221754194355654,-0.00939305236279056,0.6475286382541493,-0.3285679461935771,0.2877815923863294,0.7154395201552198,-0.09146109197870572,0.25682947852664045,0.835536909762328,0.2421081876305343,0.019360492326806897,0.07877659084161574,-0.32266375207925047,0.23315703718481,0.4774739058803949,-0.13805379514966512,-0.13987540998243694,0.6988409974848593,-0.4481598190891201,0.12081906041315063,0.9982434748683301,-0.13281530973499805,0.15907080325333012,0.05938683660339974,-0.19296640994317835,0.2520961037033907,0.8027533602492967,0.15505176044136343,0.28155050853188246,0.7750876318010788,0.160410017303626,-0.2640176975816133,0.14014802265919768,-0.10038073780177964,-0.14436983035753254,0.7195334158702539,0.1688941511565732,0.17255884085845494,0.8407492937005364,0.2965791448790691,-0.27827466249821203,0.10651398935133952,-0.17000389939553764,-0.13161920298213184,0.4765264193747927,0.10229509986479023,-0.23748806774812153,0.7006104801918815,-0.38498408563864556,-0.09291859121921889,0.9958485256867241,-0.006772069084180409,-0.19276709397844907,0.07071774269948676,0.0018112171422159295,0.09577842519142166,0.8091304188379462,0.25050374998287256,0.08435699390408936,0.7830646623022384,0.28278059016831547,0.016007368364698342,0.9353987618892688,-0.06599382571548684
0.93774,-0.027645641668518045,1.0385873460284665,-0.12226979029912716,0.08211030215682635,0.11533188687951286,-0.2922239772400093,-0.009940089640643602,0.6448961747075621,-0.3289005449879907,0.28783154504813935,0.7128406236194905,-0.09039301693031976,0.2573649863614604,0.8351634362361938,0.24243422833035638,0.01967251630756023,0.07873693127265623,-0.32266191811517053,0.23315603025724058,0.47741593624091955,-0.13795839388659847,-0.14035351560593995,0.696187676740858,-0.4484747984062538,0.12050157278579111,0.9951423154191424,-0.13285821006972315,0.1593935054442554,0.05953555496928189,-0.1929569481307429,0.25255490504746964,0.8019048445542996,0.15555148934724358,0.2819072670250736,0.7741752709239186,0.16108439446642112,-0.2641832625353698,0.14024478657697712,-0.10059132643463502,-0.14363186264115022,0.7168075281757685,0.16953419419816232,0.17253260072848828,0.8397284030859569,0.2975252300652203,-0.27847004138323256,0.10663217409975315,-0.1702164735716838,-0.131565745558867,0.476073134783213,0.10251042776294927,-0.2379781894140524,0.6979423773307453,-0.38528632365065363,-0.0929102268987181,0.9928035479482455,-0.006785622277057374,-0.1930580501082187,0.07074169292363608,0.0016385430702074754,0.09589659732396115,0.80780990357265,0.2513695212223725,0.08467582333104261,0.781555528179201,0.28355801440037776,0.015817923529443455,0.932177736714639,-0.06604877271281359
0.947716,-0.027810523354655788,1.0354527081742422,-0.12226224954939774,0.08240106958119142,0.11535621291362162,-0.29219099005372046,-0.010457428722280837,0.6422769177108627,-0.32925807457387957,0.2878727913422098,0.7102507862475996,-0.089360595393518,0.25787996293121257,0.8348701423719876,0.24264565761295764,0.0200309614349048,0.07867578984776065,-0.32261699688681256,0.23315724983681574,0.4773845040029517,-0.13787650665949658,-0.1408004547235766,0.6935511995786411,-0.44881273917818443,0.12017248507616302,0.9920583728979141,-0.13289192804280425,0.15975405836028805,0.059700395984279515,-0.19288833783970324,0.2529911213414135,0.8010768855198322,0.1559765689648864,0.2822376314364931,0.7732804119601551,0.16169227831691277,-0.2643882432311324,0.14035755125398153,-0.10080210682843498,-0.14297561530137867,0.7140694785980627,0.1701119794001809,0.1723507130178835,0.838732877382594,0.2984543521975507,-0.27871071567324424,0.10675517443675293,-0.1704228963225295,-0.1315617297618526,0.4756547571099834,0.10269799620966952,-0.2384415684781646,0.695294920268234,-0.3856198116743828,-0.09292275528535145,0.9897650684932499,-0.00680962838854659,-0.19340333288945116,0.07078209396966079,0.0014852508298543736,0.09589750821510734,0.8064737875756114,0.25221468449115614,0.0848784308622408,0.7800333374699938,0.284310541099948,0.015619421335016013,0.9289609048785058,-0.06610771788439963
0.957692,-0.027967648086443423,1.0322420502377918,-0.12227409906814954,0.08267802227561963,0.11533368485691703,-0.29216044642532885,-0.010958806138641695,0.6396456818973187,-0.3296511657453577,0.287969123346792,0.7076400157282202,-0.08831387183789334,0.25830968342190047,0.8345872666165061,0.242827173056476,0.02037171511511971,0.0785716497891099,-0.3225701379374456,0.2331891099982744,0.4773304320168267,-0.13788214748552483,-0.1412329225065824,0.6908998361811142,-0.4491789372540345,0.11984376836777991,0.9889155454619498,-0.1328931563031132,0.16009198390804208,0.059840033991108016,-0.19281845590250438,0.2533739408312776,0.8002345644838116,0.15638478550967805,0.28252721093499716,0.7723871677789647,0.16230428806441236,-0.26455999498039096,0.1404025769257288,-0.10103260619896905,-0.1424307481906689,0.7113602351123111,0.17070426936641123,0.1720868383920171,0.8377461293419708,0.2992994492606125,-0.27891506436647157,0.10681265948718498,-0.1706444358197969,-0.13156793673855247,0.47520221742694607,0.10283939132657387,-0.2388940434005288,0.6926221677698468,-0.38597877513116063,-0.09291236363231171,0.9866939107833256,-0.006866650814693187,-0.19370334251904614,0.07077252469144492,0.0013107598107456998,0.09581599198132709,0.8051291324144021,0.2530006162090739,0.08498538624199391,0.778527543223304,0.2850273251594786,0.015426932785943273,0.9256709203430943,-0.06617529609444463
0.967668,-0.028089827669035176,1.029001762669412,-0.12223002453446344,0.08284481355326284,0.11531666457758707,-0.29214185581792534,-0.011449107033492494,0.6370608629769627,-0.3300179985859401,0.28814568082721653,0.7050235957768329,-0.08725150726325687,0.2586847465987727,0.8343822401632213,0.2429611157596308,0.02058870862330458,0.07849157985350183,-0.32252880858863425,0.2332304670548026,0.4772459036853239,-0.1379167397687508,-0.14166683138836308,0.6883000335298873,-0.44950201670502266,0.11954825009658586,0.9857490799290572,-0.13280446767931228,0.16030815102775367,0.05996907402104214,-0.19276175821885957,0.2537331434200493,0.7994411763643237,0.15675379019220856,0.282801599225004,0.7715579499874926,0.16289936477311,-0.26465358284148605,0.1404185275282472,-0.10123558069250914,-0.14194947008860595,0.7087010639276987,0.17139744677337415,0.17179683500787976,0.8368663326729544,0.30006892610760905,-0.27904046813943695,0.10683912318670831,-0.1708336473538045,-0.13153772124233445,0.47475306742992474,0.102994073756627,-0.23934432354332463,0.6899979655905065,-0.3862875474087647,-0.09285445625587697,0.9836182274140837,-0.006875112950414653,-0.19388809275436478,0.07075625412660844,0.0011497861961921024,0.09569675612014747,0.8038660103635291,0.2537511891206069,0.08506287718143643,0.7771219833595912,0.2857304325382516,0.015268247326666087,0.9223543895812605,-0.06617639152772509
0.977644,-0.02817461730122434,1.0257991063651324,-0.1220544664492867,0.08282590054813226,0.11536519331386519,-0.29214031280914543,-0.011935676289296867,0.6345821485154559,-0.33030099228099974,0.2884047196303115,0.7024394210999643,-0.08620306047079972,0.25902769596972847,0.8343406774010516,0.24298887566014296,0.020600052139506157,0.07850486702298563,-0.32249945149301246,0.2332470061053376,0.47713603373178853,-0.1379060067314878,-0.14211854125556034,0.6858232201476835,-0.44971630055740136,0.11929728597927496,0.982623502149068,-0.132582942571968,0.1603250019079353,0.0601108924217071,-0.1927268018612111,0.2540872222794295,0.7987668977500844,0.15703239246187944,0.2830739512636509,0.770859171674244,0.16342255781691103,-0.26463960847464113,0.14046564939248474,-0.10136542176536356,-0.141481038981281,0.7060837679103309,0.17224171170898206,0.17151022566947197,0.8361866687917914,0.3007561065614661,-0.2790616664758418,0.10688691894336737,-0.17094581514300455,-0.13144156675132518,0.47436774492299794,0.1032186577244414,-0.2398022558931871,0.687501357389797,-0.3864797333113093,-0.09275618292964169,0.9805705434490756,-0.0067449696365188706,-0.1939131548929632,0.07079515870182634,0.0010431557210489357,0.09557310766171682,0.8027537775240868,0.2544710122567632,0.08516955124813753,0.7758795685787587,0.28641849667215724,0.01515276111302823,0.919083225270062,-0.0660404730900176
0.98762,-0.028300913511882266,1.0225956081107677,-0.12177608739206262,0.08266225920688812,0.11543270979117791,-0.2921976222137281,-0.012447342301243806,0.6321532776153789,-0.3305576219106724,0.2887402437583008,0.6999264663096234,-0.08521811845531105,0.25920268813908914,0.834394806871077,0.24288535967857933,0.020455906012764428,0.07855923691640294,-0.3225368214226222,0.23323985931790847,0.4769834479304971,-0.1379242820278136,-0.14260875410151452,0.683413259234311,-0.4498817362780213,0.11901029208746323,0.9795270050442271,-0.13227589743445464,0.1601853768744723,0.06023266959444314,-0.19277166615604904,0.254337310089268,0.7981565055164226,0.15720329926126572,0.2832668385868226,0.7702529272434365,0.16385441930133415,-0.264494603011391,0.14048726760802804,-0.10147568904490535,-0.14107373967742565,0.7034452806426115,0.1731723894505228,0.17121645517105102,0.8356165639450934,0.3012001638309032,-0.2789479693964155,0.10690667496174883,-0.17104151953262783,-0.13130853732440945,0.4740154333422051,0.10345055610278499,-0.24029276636941121,0.6850528915489817,-0.38661410112456,-0.09268558271775129,0.9774992130648463,-0.006511669208683278,-0.19376520587588822,0.07084388043052264,0.0009412643272985069,0.0954384477081622,0.801681348646897,0.2550179990438913,0.08528405448339439,0.7747230963305516,0.28697447657917624,0.015019399673218086,0.9158228361902894,-0.06582477348393437
0.997596,-0.0284866200285481,1.019384387482844,-0.12148940809537158,0.08242518525352312,0.11547255146672823,-0.29229809212152247,-0.012972989823480724,0.6297355286514796,-0.3308426354393379,0.2891252312233273,0.6974930536485459,-0.08431063902556393,0.2591644801729756,0.8345003556923433,0.24266106008480817,0.020232165714980436,0.07860065049776006,-0.32262577211515786,0.23322007900766648,0.4767868330970057,-0.1380068523799318,-0.14311612230664442,0.6810208030136726,-0.45006378176379597,0.11866754027968963,0.9764578810205623,-0.1319656956809404,0.15996066653516458,0.06030611301504521,-0.1928752813681625,0.25444381489065204,0.7975837946251865,0.15726963531952015,0.28334155233386116,0.7697138703549173,0.16419632530060727,-0.26424914740661615,0.14046894669630147,-0.101593792457902,-0.1407497305537134,0.7007942971527603,0.17410329982062303,0.17089906079690304,0.8350933090564788,0.3013772928625717,-0.27872807373804315,0.10688259052257391,-0.17114614846334794,-0.13115747674556433,0.47368693232253334,0.10363513109462114,-0.24080177477224501,0.6826034203811959,-0.3867632026393457,-0.09266439707966233,0.9744052334131438,-0.006268547638035205,-0.1934951269632114,0.07088331749191787,0.0008323744773538908,0.09527498813917266,0.8006061766448346,0.2553536357396597,0.08537125687132338,0.77361238189966,0.2873594724181799,0.014850942947064755,0.9125710605174363,-0.06561442038620068
1.00757,-0.028665108666252232,1.0162162362099256,-0.1213213428922803,0.08219288769150135,0.11546701800420689,-0.29235559773812664,-0.013455414389949922,0.6273366592728841,-0.3311725964826645,0.28950978782634823,0.6951088260199995,-0.08344763989932993,0.25900670888479405,0.8346598126092516,0.24236297097466392,0.020004068285561085,0.07860440189205756,-0.3226652312637659,0.2332015437935177,0.47657141559983085,-0.13810753373168932,-0.14357538916690185,0.6786349752434367,-0.45029698004531893,0.11833686914036265,0.973440290477978,-0.13173975668903234,0.15972734556189228,0.06032751307429734,-0.19292046778213934,0.25446023029023246,0.7970674482568907,0.1572574426403804,0.2833261403728399,0.7692398219462849,0.16447096916778056,-0.2639926942121919,0.14046699502907006,-0.10169672189073056,-0.14047747876456101,0.698225656516046,0.17496016380792442,0.170547405971035,0.834620096461373,0.3014506163154566,-0.2784976409491168,0.10685894636142435,-0.17122470010503654,-0.13098573262207192,0.4734114304819705,0.1037612053938736,-0.241271197710543,0.6801735925981486,-0.38697651914731995,-0.09264950743675386,0.971365232746937,-0.006129835831638818,-0.19321734830067364,0.07094510329594456,0.0007626941975002129,0.09506827305532535,0.7995906435879138,0.2555903527034074,0.08540520837819005,0.7725708316400669,0.2876523861610102,0.014693209047221507,0.909382152977035,-0.0654845374854376
1.01755,-0.028826653385758592,1.0131018108438687,-0.1212001582588122,0.08201242993578631,0.11544392404803835,-0.2923408140209473,-0.01389444604179723,0.6249552866430234,-0.33148588781628174,0.28984972779419477,0.692722735373867,-0.08259566567260178,0.2587802410159725,0.8347449171806458,0.2420482622204832,0.019827314197665688,0.0785833232234034,-0.3226274440208715,0.23318807969325203,0.4763808867333277,-0.1381669697048811,-0.14398588679806806,0.6762552526489441,-0.4505351768221478,0.11803591701207991,0.97046291026086,-0.13154159543493046,0.1595404771442023,0.060349404377626634,-0.19287339966274208,0.254405448459134,0.7964744630783948,0.15724325419468868,0.28325015894170863,0.7686999683498822,0.16473775486563966,-0.26377442822744385,0.14048758976546147,-0.10178689265804702,-0.1402218586301904,0.6957251479665036,0.17577434168246067,0.1701841027554486,0.834128432540011,0.30148454532579433,-0.2783050714941038,0.10685616470570099,-0.17128644081865907,-0.1308218727458471,0.473151132563459,0.10388082788756235,-0.24169607215384625,0.6777625501012168,-0.3872043019984416,-0.09263296826697448,0.9683950749356676,-0.006034843538631774,-0.19298968713254552,0.07102210247673271,0.0007142353812228975,0.09487009197365973,0.7985478319100808,0.25579141351063445,0.0854271748249423,0.7715184481382148,0.2879191709088396,0.014547631860761108,0.9062496130059773,-0.06538240162705228
1.02752,-0.02898614057874491,1.0100369434811507,-0.1210150518309374,0.0819063761397526,0.11543722368355028,-0.29226694828573796,-0.014310976249094411,0.6225904000786965,-0.3317249437865719,0.2901198550781048,0.6903026003120393,-0.08174153369614466,0.2585067897633416,0.8346083719171893,0.24176674291123698,0.01973540854969913,0.0785602712975647,-0.3225327595961237,0.23317790831588842,0.4762477608210796,-0.13815112549347358,-0.14436800961141985,0.6738899046049829,-0.45072702862126135,0.11775451052283062,0.9675124315289776,-0.13129221763356136,0.1594321651596813,0.0604228394637325,-0.19275578820931147,0.2542843296692348,0.7956585461695892,0.15729346762596572,0.2831348290090182,0.7679549415956606,0.16504602605209068,-0.2636068109340487,0.1405152545317621,-0.10188547611927312,-0.13996010351066468,0.6932474971963153,0.1765964669623602,0.16984702160982873,0.8335270544474909,0.30148928972842143,-0.278159333271642,0.10687666848154466,-0.171365665634574,-0.13069280297020516,0.47285925278607005,0.10403877310504088,-0.2420918096925793,0.6753636611855324,-0.38738772056273807,-0.09261912436966782,0.9654845092306805,-0.005886953853261261,-0.19282801179200507,0.07109130142856096,0.0006428811058254554,0.09473988215166644,0.7973600449906535,0.25597939394091973,0.08549082490973856,0.7703562896205501,0.28819431474545276,0.01439992507190823,0.9031535488345768,-0.06523593396741698
1.0375,-0.029141009754264785,1.0070010261223006,-0.12084214725882993,0.08186808997358612,0.11543201245127045,-0.29218205897038463,-0.014703744058921872,0.6202308375944604,-0.33196357674162236,0.29034602609650045,0.6878728594983186,-0.08091848068985989,0.2581945291250898,0.8342546870769166,0.24152884789141082,0.01972097788067538,0.07853333274616846,-0.3224264205752586,0.23316761372033618,0.47614181396610866,-0.13811539200767972,-0.1447085662459145,0.6715315031236542,-0.4509284081752554,0.11747882388791284,0.964589598351553,-0.13106228774424966,0.15939466437081853,0.06051029092119847,-0.19262039625575705,0.2541194837242562,0.794665114852445,0.15736831292792117,0.2829785939764237,0.7670350199715824,0.16536381735957564,-0.2634554766914121,0.14055238377563908,-0.10202623726422949,-0.13970447643339556,0.6907976165290913,0.17738616237930788,0.1695639271226481,0.8327695186716667,0.30147889798856875,-0.27802615165166056,0.10691034276244603,-0.17149789555464817,-0.13056843268845333,0.4725648045459582,0.10416750803048608,-0.24245573265490408,0.6729619748091638,-0.387592233532841,-0.0925906692138738,0.962607407539349,-0.0057490415834923975,-0.19271038809964414,0.07114695987960375,0.000530159452841046,0.09465585526857172,0.7960444869924169,0.2561451241803369,0.08558495158295737,0.7690820379034748,0.2884510560602735,0.014259425877132014,0.9000931016951824,-0.06510757968518646
1.04748,-0.02931578373626656,1.004002784887621,-0.12071297174532362,0.08185682723035231,0.11541890985849795,-0.29210585185005156,-0.015077616758084124,0.6178778343107167,-0.3322104121428599,0.2905483584456823,0.6854849104255529,-0.08011488067958049,0.25784830398747177,0.8338241835321327,0.24131987821506534,0.019735035514538285,0.07850270744561161,-0.32233178813642427,0.23315010142945364,0.476022379066177,-0.1380663091808554,-0.145015026515663,0.6691669364682481,-0.45114444748244215,0.11718400723479713,0.9617123929491862,-0.1308763283381035,0.15938208993544534,0.060574638338739696,-0.19249812769454247,0.2539211945493313,0.7936299861258023,0.1574475684674508,0.28278008227410695,0.7660709262834515,0.1656808060512657,-0.2633056328493921,0.14060136295983594,-0.10216745898453884,-0.13946237049441362,0.688399901438307,0.17816089257841825,0.16930714807928945,0.831969218796038,0.3014615041608435,-0.27789195483210893,0.1069526946152844,-0.17163424943783753,-0.13042460101727318,0.4722913969879519,0.10426609024637822,-0.24279630285214643,0.6705483365736086,-0.38782512790512114,-0.092571714027342,0.9597590288441963,-0.005648037337860574,-0.19261357330691692,0.07119948928632511,0.00042639283419754117,0.09457919643836771,0.7947181642421435,0.25629717495434623,0.08568416621464524,0.767797578383861,0.2886911666507015,0.014110843832165779,0.8970848322347121,-0.06501856706127014
1.05745,-0.029563308639402288,1.0010745684320201,-0.12056303893435577,0.08180182735728293,0.1154088244293841,-0.2920229850420094,-0.015451212771007214,0.6155432135346889,-0.332379416263537,0.2907329012740436,0.6831908947180141,-0.07926238977249835,0.25746972416027847,0.8335544913836421,0.24110246662633944,0.019693860853726142,0.07847973158659365,-0.3222454793960769,0.233116946673449,0.47585694377382526,-0.13794388764885654,-0.14532871530829297,0.6667761923601347,-0.4513055051103479,0.1168375718070582,0.9588990029385343,-0.13066968100392423,0.15931764230268106,0.06060498855874109,-0.19239183392387196,0.25368134026095995,0.7927272222248675,0.1575526150312043,0.2825434870392365,0.7652479965553528,0.16602531235760146,-0.2631702419523881,0.14066152211038524,-0.102189545437335,-0.1392283865655089,0.686072601554581,0.1790190234008026,0.16899269077204382,0.8313839648238275,0.3014302905313241,-0.27777155209464593,0.10700887654009175,-0.17164150232793593,-0.13025730380728642,0.4720392460488143,0.10442882708942428,-0.2431413903122367,0.6681162674267251,-0.3880052360968552,-0.0926307051133752,0.9569484686754233,-0.005532358329513796,-0.19251658761360663,0.07127419620975228,0.00044271599987536224,0.0944725310585057,0.793555928758035,0.2564642863355137,0.08576444792176116,0.7666773120180889,0.28895522797385104,0.013909331751957861,0.8941449870323793,-0.06491330560806932
1.06743,-0.029849168644329932,0.9982196982703267,-0.12036846294344812,0.08168408508880283,0.11542877025468853,-0.29199338363019633,-0.01583429825912554,0.6132645036659372,-0.33252667148929815,0.2909393387516515,0.6809665581934065,-0.07841120344368145,0.2570486781057214,0.8333803987142959,0.24084300231580077,0.01958074698110807,0.07849948344741672,-0.32222206768651174,0.23308474120586117,0.475671845707444,-0.13782046782779492,-0.14567752859837838,0.6643954216351932,-0.45145366854249386,0.11646216779218599,0.9561237157270407,-0.1304194877820833,0.15918993879192458,0.060627906069235425,-0.19236421141426782,0.2534039305252072,0.7919127493119692,0.15763494170102904,0.28227456072144663,0.764519262763513,0.16634896255457718,-0.26300269835995943,0.14074268846228968,-0.1021311778076089,-0.1390210148344363,0.6837684253087429,0.17991955824123584,0.16863660766686775,0.8309175675737508,0.3013194515078904,-0.27761998875958954,0.10708155886166326,-0.17156191921049552,-0.1300602089145215,0.47183198502676627,0.1046217665377662,-0.24351432489818373,0.6656914354772379,-0.38816032262626243,-0.09273115645593863,0.9541513112563178,-0.005391791504414066,-0.1923614522325683,0.07138536094419733,0.0005340366292693649,0.09433184923643145,0.7924817967838983,0.25658619287205303,0.0858302417391598,0.7656449661661066,0.28917625744109765,0.01367263227724905,0.8912557506379479,-0.06479747935989291
1.0774,-0.030117777407481984,0.9954397819652364,-0.12012131927019691,0.08151229614218794,0.11549919280060228,-0.2920720792243341,-0.016229248664417946,0.6110852865591186,-0.3327284301195168,0.29119783512599967,0.6787720003008815,-0.07762851933489694,0.2565774462363546,0.8331445817779547,0.24053850782045594,0.019412042074911165,0.07859014692598978,-0.3223059810600868,0.23306821522009166,0.4755051882822409,-0.13778018728946487,-0.1460685368284753,0.6620833293282221,-0.4516461582612436,0.11609375934285478,0.9533682722294933,-0.13012230794395196,0.1590169823003384,0.06067364129799585,-0.19246526943438105,0.2530985438176217,0.7910785117260106,0.15765031684918482,0.2819775785651331,0.7637686982437554,0.1666046121327512,-0.26276073863311156,0.14084984288507177,-0.10208018605676218,-0.13886668199428692,0.681442288237149,0.18078754937159325,0.16828673069069802,0.8303749693979782,0.3010763691242496,-0.2773971557447502,0.10716929093795673,-0.1714932334746368,-0.1298334207201897,0.47168545612404356,0.10477824868592553,-0.24392383900983872,0.6633194127184531,-0.388341196050102,-0.09281594126892959,0.9513536793733061,-0.0052243817114704565,-0.1921103251023511,0.0715294316925165,0.000607441041788615,0.09416260710693852,0.7913596706342081,0.2566014023589086,0.0858868903674681,0.7645642677451019,0.2892828616740295,0.013435286799233823,0.8884072321312079,-0.0646867575764894
1.08738,-0.030398659062756423,0.9927191619799078,-0.11978552336331338,0.08129310754164873,0.11559532590719639,-0.2921704897919124,-0.01663921004313832,0.6089775060012927,-0.3328862183497464,0.29145637249292966,0.6765955568997747,-0.07681763772101088,0.25606662241672085,0.8329019060310677,0.24026769904715267,0.019193548862287465,0.07871994981680859,-0.3224107775597022,0.2330345516319895,0.4753330645955994,-0.13771883369188642,-0.14647612540253255,0.6598252490673367,-0.45180128059279645,0.11571136730314505,0.9506499520163081,-0.12975468948381355,0.15879728417106329,0.06072569556266839,-0.19260248315892378,0.2527652749416315,0.7902585119500697,0.15768787256024774,0.28164518938879024,0.76303299747222,0.166884782524172,-0.2625127567512935,0.14095677912468269,-0.10201131617182647,-0.13877092808687733,0.6791138831531243,0.18169579008824907,0.16791440441418454,0.8298342553271278,0.30078263798758403,-0.27717578570434237,0.10726399254098126,-0.17141064097910538,-0.12959957663475993,0.47154567218463356,0.1049520947214153,-0.24435002600032743,0.6610034008166056,-0.3884879307543435,-0.0929410568439726,0.9485713714675491,-0.004977358478507617,-0.19184652351243855,0.07166839686456751,0.0006830806852601616,0.09394358586575205,0.7902576539507354,0.25659465822716365,0.08589847961253526,0.7635056701554588,0.28937414122169264,0.013174496471184719,0.8856078989755382,-0.06451900896648645
1.09736,-0.03070776696619887,0.9900640445403216,-0.11940257431948074,0.0810572276446328,0.11568588501346289,-0.29222201653936825,-0.017063617158042034,0.6069270912947621,-0.3329737957289385,0.29168273004514894,0.6744586264626974,-0.07595485781990856,0.2555485396103777,0.8326965399689801,0.24004848268651116,0.018954514606301282,0.07884711220852181,-0.32247061967620133,0.23296723179455534,0.4751567356773947,-0.1376007038470566,-0.1468883784647623,0.6576126000610087,-0.45189895044185174,0.1153093543996703,0.9479953079394654,-0.1293579587449073,0.15855443536592698,0.06076700057761644,-0.1926980115061361,0.2524219476511018,0.7894841780780367,0.1577747928921917,0.28129404597259877,0.7623428468260633,0.16721346052648314,-0.2622999902492048,0.14104513772245988,-0.10191937573610466,-0.13871268520520957,0.6768332908309461,0.18264604491799544,0.16752359736752395,0.8293558228344262,0.3004661018020929,-0.2769957470690501,0.10735408521891669,-0.1713073333160754,-0.12939059469046496,0.47138709098076925,0.10516082892888817,-0.24478147636277198,0.6587442028301123,-0.38858946636785513,-0.09313307876144529,0.9458427688421019,-0.004683043098318354,-0.1916181976256171,0.07177392255251731,0.0007677832030755752,0.09369117143748051,0.7892285341821661,0.25659013165148215,0.08587340109753061,0.762524669864487,0.2894775053675277,0.012884535136321162,0.8828815960386784,-0.0643062781105062
1.10733,-0.03102348522190801,0.987497308332868,-0.11910553335439064,0.08086180663815754,0.11574594181180661,-0.29222452995976606,-0.01749692252212012,0.6049432660723492,-0.3330929225611503,0.29189234656416,0.67240385513742,-0.07513604895397479,0.25507524418887395,0.8325012926360037,0.23981156901111855,0.018752613272734548,0.07893651619885236,-0.3224791834165624,0.23288220430770498,0.47502049352727277,-0.1375155480412258,-0.14731675680361025,0.6554516540938864,-0.4520258270365597,0.11491304232105833,0.9454196463071317,-0.12904658913445516,0.15834474259790748,0.060792769728394785,-0.1927308567890663,0.2521091527403554,0.7887412672358701,0.15783773921122737,0.2809715727841927,0.7616770948659862,0.16750598242332398,-0.2621020495555244,0.14111604015238288,-0.10184990232193578,-0.13864268583697367,0.6746562143223565,0.1835276583648087,0.16717654065981336,0.8289039887914839,0.3000627674181511,-0.27682764489418715,0.1074283433895642,-0.1712273582169708,-0.1292379694163205,0.47123545079842427,0.10534943518004491,-0.24522379543454026,0.6565394676957867,-0.3887190261798216,-0.09335332342946442,0.9432100859859323,-0.004479335816064586,-0.19140035020844476,0.07184179670333786,0.0008258550445840849,0.09347338490036504,0.7882473513245871,0.25650934731104236,0.08588373188004327,0.7615979181711305,0.2894992446157402,0.012593555529125201,0.8802510981475743,-0.06416252596302613
1.11731,-0.03132763381265392,0.9850182311474163,-0.11890120654192299,0.08072568069145138,0.11577679793295215,-0.29216989204656096,-0.017917613464579558,0.6030121913287978,-0.3332544551138755,0.29210245603535545,0.6704417838518317,-0.07434724134477891,0.25468691887268896,0.8322681436338629,0.23960436349178044,0.01861234727186263,0.07898791313216327,-0.32242454353647115,0.2327906548320631,0.47493072930548325,-0.1374617128420838,-0.14773521987178645,0.6533409629411329,-0.45219166721112636,0.11453341421948576,0.9429275222719307,-0.12881168477575272,0.1581908496418214,0.060806004825402514,-0.19269159252568632,0.2518586718913108,0.7879966090233681,0.15791875114787657,0.2807107443321598,0.7610007607580973,0.16780028664815677,-0.261920630496759,0.14117953856811002,-0.1018150601485122,-0.13852402463295296,0.6725847579764292,0.18434113818690917,0.16692266398926878,0.8284336588832512,0.29961629752358215,-0.2766655248485512,0.1075005086368952,-0.17118539470800262,-0.12912374926764997,0.47109673961284954,0.1054991176174358,-0.24565613055141225,0.6543886161311416,-0.3888826168796928,-0.09357301180379378,0.9406747787066597,-0.004362713652355689,-0.1912025770014346,0.07188825424460576,0.0008496681507258546,0.09333464128776735,0.7872832590299833,0.25638116931163907,0.08596675830053324,0.760686316567967,0.28946697565993806,0.01231492217872323,0.8777147233595444,-0.06408930954522961
1.12728,-0.03161321136221801,0.9826246006643509,-0.11872918350193871,0.08064115971689523,0.11579661114238574,-0.2920613018166542,-0.018306983160190738,0.6011279583358489,-0.3334255624362728,0.29231353305441765,0.6685699976533577,-0.07352266196754642,0.25439076537446254,0.8319393917196987,0.23952908556281502,0.018531772673200945,0.07902159727051805,-0.3223109326746559,0.232691827303026,0.4748775235674665,-0.137399703009039,-0.14811178609225056,0.6512940016221942,-0.4523686343755154,0.11416791206769657,0.9405265980990496,-0.1285839592065379,0.15808976403857258,0.06081789816185151,-0.19259109670503138,0.251674927224136,0.7872087361563208,0.1581125277609339,0.28051308512189943,0.7602712037314157,0.16818967673224164,-0.26177435806837424,0.14125058157047848,-0.10181340278764026,-0.13834960719479508,0.6706037171865835,0.18513283313096315,0.1667754445622152,0.8278950547384938,0.29922697149488475,-0.27652546537713096,0.1075936649391201,-0.17118395254462246,-0.12902522679504871,0.47096762264234576,0.10561259499572971,-0.24605364842520258,0.6523099288444287,-0.3890554335668815,-0.09378105672261682,0.9382307829642788,-0.004264480874850121,-0.19105398900029882,0.07193461009541417,0.0008399474415674497,0.09328406993799528,0.786300671204681,0.2562898655247538,0.08611843595367968,0.7597459809211244,0.2894686326803369,0.012045999752940115,0.8752680701114091,-0.06403077538761702
1.13726,-0.03190589432620946,0.9802965931153731,-0.11853724771255432,0.08058095179750639,0.11583410989231731,-0.29195572988008184,-0.018692378332021344,0.5993099809219111,-0.33360834132853495,0.2924793877246098,0.66675842957809,-0.07261751673860407,0.25410196478263936,0.8314506962022673,0.23964536357024946,0.018480699752995322,0.07906587163652457,-0.32221059409476155,0.23255658148619843,0.4748670069040468,-0.13734007993211803,-0.14847313908194512,0.6493400745006573,-0.4525568548202202,0.11379022313958287,0.9381958615974891,-0.12831703900767058,0.15801406010134014,0.060854378043443104,-0.19249192481436483,0.25148661085414575,0.7863215949665895,0.15847159556853938,0.28030186594017553,0.7594254376228973,0.16872532136395105,-0.26168611583126616,0.14134791131863073,-0.10186177275781394,-0.13818102262148552,0.6686893516352655,0.1859096452289691,0.16665537378072118,0.8272199396214782,0.29896915181082034,-0.2764416851390244,0.10771901192994596,-0.17124115143440552,-0.12898717436678878,0.47085193959596466,0.10569470514498859,-0.24643676515161891,0.6503306164334763,-0.3892430712853472,-0.09400346408171353,0.9358620318351922,-0.004160814761248236,-0.19097260981323727,0.07198677471437678,0.0007721706993817386,0.09326070373118392,0.7852296988879331,0.256296674519403,0.08627120703565856,0.758716836986728,0.28956064791744424,0.011756071045183772,0.872883367488654,-0.0639512229893629
1.14724,-0.032207879549859944,0.9780303097828724,-0.11831589953680632,0.08053483938022936,0.11590808045238887,-0.29187520047691207,-0.019087439542981963,0.5975728567493459,-0.3337999956309123,0.2926080882108891,0.6650112405356581,-0.07165352065168186,0.25384129839097685,0.8308132753502644,0.2399335972473018,0.018447624016424125,0.07913936261174899,-0.3221457396957256,0.2323845015110118,0.4749113826502382,-0.13729367151046595,-0.14883814962093284,0.6474858611192738,-0.45275429733106315,0.11339659220087162,0.9359297004200643,-0.12801177800135602,0.15795689108240976,0.06092893781067897,-0.19241665946967357,0.25131033084021986,0.7853413561992214,0.1589751370360873,0.28009904296291455,0.7584733191249207,0.16938125200630144,-0.2616357276801895,0.14147629213418977,-0.1019463116289823,-0.1380030708240782,0.6668474134356237,0.18668733869675558,0.16657557218948485,0.8264273397211414,0.2988419915405213,-0.2764001089558239,0.10787714592494405,-0.17133703521642019,-0.12900433995718863,0.470762553109878,0.10575451517271553,-0.24682016095205134,0.6484528515456999,-0.389443376379401,-0.09422941265571583,0.9335666504979739,-0.004051594935592569,-0.1909312859645974,0.07204703606806512,0.0006625351207625726,0.0932825535803525,0.784080937042977,0.2564047024574739,0.0864481442598673,0.7576108470034594,0.2897413602776613,0.011449293980628076,0.8705563692836922,-0.06385102013324237
1.15721,-0.03249136837208525,0.9758312839939383,-0.1181083289790796,0.0805172460181498,0.11601708979279195,-0.2917844570903297,-0.019480996948779743,0.595904021292253,-0.3339855539091313,0.29278018708597353,0.6633688079819516,-0.07071962890131998,0.2537596616946531,0.8301330965803915,0.24028744671031016,0.018449478026196134,0.07924137536308226,-0.3220605095765482,0.23221326377073087,0.4750203955992523,-0.13725750346085683,-0.14920414787997371,0.6456918173126232,-0.45295149401693263,0.11301023543525791,0.9337342184173064,-0.12772119783576166,0.1579404211625791,0.0610320061455818,-0.19232542404962905,0.2512721057121129,0.7843515719005936,0.1595247957937277,0.28004820784782436,0.7575161532724451,0.1700529771700224,-0.26155401194076733,0.14161918263103665,-0.10201259098630805,-0.13770259266754403,0.6651114699250318,0.18750343443607162,0.16666994593092263,0.8256446823950938,0.29875567193270386,-0.2763272911049347,0.10805444137514159,-0.1714040663411072,-0.1289982331465925,0.47071727918140055,0.10580392694681261,-0.24720359769404027,0.6466316261932448,-0.3896402703548843,-0.0944026413527521,0.9313488897331773,-0.003955966806268641,-0.1908555625217569,0.07211572642521234,0.0005812826066005763,0.09346640893201529,0.7829667625934502,0.256549860874798,0.08678401114786274,0.7565282354161729,0.2899460236942665,0.011171380050515708,0.8683029668844854,-0.06377025308339274
1.16719,-0.03280940401814219,0.9736615363566907,-0.11795346242302662,0.08051788719059977,0.11611958858628257,-0.2916859621254515,-0.019899619533331685,0.5942477392045524,-0.3341800190332187,0.2929539275097334,0.661804393883382,-0.0698008688336199,0.25370007341270856,0.8294606494343204,0.24066924358569364,0.018472076988580537,0.07932852378813122,-0.32196549355333776,0.23201220417083382,0.4751516822648222,-0.13722807475447915,-0.14959657620086017,0.6439006497800217,-0.45316130985403685,0.11258276208032554,0.9315720411009367,-0.12747238770601066,0.15794818296567797,0.06112962407544768,-0.19222363849777424,0.2512507797245262,0.7833854507173875,0.1600921573139338,0.28002110520848245,0.7565873602222759,0.17073400229336622,-0.261464561915707,0.1417404672521796,-0.10205477181972623,-0.13738116463298725,0.6634824961917736,0.18835203916697046,0.16683003279924224,0.8249076416108705,0.2986720959474536,-0.2762452139544277,0.1082012087818282,-0.17144220746195815,-0.12900291111730422,0.4706940153618003,0.10582716089611763,-0.24761605170088363,0.644808921351483,-0.3898548548829839,-0.09458260684815714,0.9291825775785729,-0.0039018141142291383,-0.19076697355771172,0.07217814101793198,0.0005350598482320957,0.0937034017476222,0.7819111305040469,0.2567054498636071,0.0871716260883184,0.7555030676542046,0.29015897945345537,0.010865203868515192,0.8660895246544118,-0.06373049906083719
1.17716,-0.03321544244124306,0.9714924733343835,-0.11786681077522444,0.08052327041750769,0.11617346500233099,-0.29159874785110423,-0.02036732961521441,0.5925627936238383,-0.3344025662472278,0.29305417691778046,0.6602729047775285,-0.06884683576065564,0.25344200818349816,0.8288076475357183,0.24108029997064892,0.01849741465289436,0.07935843507952227,-0.3218951869088356,0.23174182043694522,0.475257717168846,-0.1372031314569651,-0.15003530383619318,0.6420777615645191,-0.4534002846353196,0.11206606393061884,0.9294094414182776,-0.12726270496491215,0.1579577272649416,0.061192029796172845,-0.19213479620192966,0.25107206754485234,0.7824471907255711,0.1606834586500688,0.27982603197662387,0.755681838786255,0.17145462115197183,-0.26141229383900116,0.14180924608055476,-0.10208685507787052,-0.1371962964953753,0.6619513883963205,0.18920300519303263,0.16687748965689037,0.8242046340160074,0.2985900107830009,-0.2761988786397238,0.10827239605751403,-0.17147668913202585,-0.1290766610713528,0.47066238550843925,0.10580581667044542,-0.24807925785411852,0.6429514194520172,-0.3901124809538352,-0.0948424399934207,0.9270476789446545,-0.003907160807082942,-0.1907104477538556,0.07221820114127657,0.000503894639994651,0.09382373622934649,0.780898502747512,0.2568663506794701,0.08743475479058638,0.7545333037110048,0.2903858259185326,0.010461917801071887,0.8638853144684926,-0.06373541666027463
1.18714,-0.033615734374554326,0.9693597841926385,-0.11779501737585284,0.08055792367476908,0.11621008600426894,-0.2915172873561995,-0.02083497327164476,0.5908964641011835,-0.33463246177353023,0.2931365049977591,0.6587613336254404,-0.06787022230094376,0.2531448881279011,0.828155485577564,0.24152209625153273,0.018556398243050835,0.07937217181778179,-0.3218278204276884,0.23146156886616237,0.4753736552662958,-0.13718267823603048,-0.15047468361497743,0.6402517945603642,-0.4536585498596071,0.11154150223728522,0.9272581541985911,-0.12703819202660077,0.15800202816549377,0.06124870633381505,-0.19204803926142897,0.2508609212213859,0.7815250974057153,0.16129350679657065,0.27958344124932294,0.754782005993074,0.17219083426652557,-0.2613320630549914,0.14184955673604696,-0.10209500137532407,-0.13707023484737763,0.6605006307894197,0.1900484585808162,0.16687303044351803,0.8235328247419703,0.2985225660219014,-0.2761228261176183,0.10830854945242113,-0.17148668609853815,-0.12913900430734598,0.4706386554685836,0.10576609022931605,-0.2485430182546559,0.6410860388014863,-0.3903855486055319,-0.09508229066787438,0.9249521854187616,-0.003940465640947934,-0.19062220949358152,0.07224483494062593,0.000502552243026742,0.09389424552900716,0.7799340152933976,0.25702554710235487,0.087642336389774,0.7536059583372574,0.29060886795650726,0.010045009991307204,0.8617136125675879,-0.0637661038404276
1.19712,-0.03395766236780957,0.9672974784239433,-0.11768606046333913,0.08061070970743703,0.11625296553364739,-0.29143549963990634,-0.021274147687564148,0.5892945633630479,-0.3348330592313072,0.2932455578179953,0.6572766953919157,-0.06689469435296912,0.25293919551555144,0.8274957799229091,0.24199291988469793,0.018639253581649955,0.07939771974713405,-0.32175075601189096,0.2312034371075644,0.4755037669169653,-0.1371479890410039,-0.15088844749532623,0.6384729367312786,-0.45390153568980074,0.1110603538403136,0.9251451135024388,-0.12675989028024362,0.15807215611953992,0.061310765039088964,-0.1919578231926312,0.25072429804273366,0.7806261592421208,0.16190933315735695,0.2793984228879496,0.7538886779579306,0.17292137429039958,-0.2612071015735366,0.14188499068201416,-0.10208922343845839,-0.1369255177862134,0.6591044300592112,0.19089997528364838,0.1668912975605454,0.8228771104844809,0.2984975515253977,-0.27600026487542023,0.10834457020686276,-0.1714752153298735,-0.1291522675460273,0.4706176784540911,0.10573672227993615,-0.24897821168843837,0.639259202590634,-0.3906367931103042,-0.09524178224199917,0.9229070937851648,-0.003954001754526154,-0.1904909259016414,0.07226840634167844,0.0005244307250674514,0.09397849803199998,0.7790209664647035,0.2572004584501933,0.08786886862604318,0.752704322889407,0.29083076918708556,0.009673343440875537,0.8596025588419066,-0.06378516856393743
1.20709,-0.034284758763764196,0.9653064966252847,-0.11751467072601343,0.08061824098779628,0.1162947220197947,-0.29135388287112457,-0.021706283253518612,0.587764708776697,-0.33496514666753147,0.2933733863782744,0.6558333004465273,-0.06593712195757592,0.25280557418473026,0.826837392616553,0.24248584420698815,0.018674792121774905,0.07942240152214096,-0.3216791089898091,0.23093474947091894,0.47559289900935287,-0.13705960557160415,-0.15129587911761966,0.6367870991311313,-0.4540770208700325,0.11059588328161533,0.9230914476530605,-0.12642731401572854,0.15809479260109144,0.061350895081959816,-0.19187527654070607,0.2506563936434688,0.7797771530915272,0.16251302230817632,0.27926356139316827,0.7530222922781792,0.173645464431244,-0.261109662338788,0.14192192408350865,-0.10211539777214822,-0.136753923825735,0.657722645292383,0.19178629070911885,0.16695427244642197,0.8222003680484367,0.2985507751739073,-0.2759038464308074,0.10838241101841835,-0.17148756692029002,-0.12917114380993,0.4705564083820093,0.10573371728624355,-0.24940553121205944,0.6375121760309115,-0.3908363474867424,-0.09536279190542234,0.9209088145899305,-0.0038988952256096628,-0.19039779310597063,0.07229336417359303,0.0005268276207132043,0.0940686403329176,0.7781460044656805,0.2574355638386965,0.08812495754593612,0.7518042551325148,0.2910841220069153,0.009327957618423293,0.8575586700505088,-0.06374414399353404
1.21707,-0.034591612678195285,0.9633787030492299,-0.11730744089259976,0.08059047805439316,0.11633723730167747,-0.29127849317571014,-0.022131654054578377,0.5862971777656429,-0.33505077530020255,0.2935125731527128,0.65441851942925,-0.06502957947441958,0.25274556051874225,0.8261678486117069,0.2429659802456173,0.018672726194920084,0.07944647809620467,-0.32161986630375133,0.2306521301159009,0.4756474896762768,-0.1369319716165007,-0.1516949324764898,0.6351816085457017,-0.4542018757704976,0.11015461292375658,0.9210958426077521,-0.1260798608762744,0.15808428135973307,0.061376517353070696,-0.1918096786708307,0.2506542338707854,0.7789518369332471,0.16307956879829616,0.27917887237254474,0.7521600841230949,0.17433498017225482,-0.2610243149979049,0.1419566470191045,-0.10217003746276533,-0.1365570182397751,0.6563395606896933,0.19266765219732568,0.16706557000655547,0.8214749136880352,0.298646949985592,-0.2758171953662298,0.1084166028881009,-0.17153007751557045,-0.12918163731156013,0.4704613708596581,0.10574270008892027,-0.2498239081124716,0.6358389123493214,-0.3909912321540061,-0.09545217030430982,0.9189576374715668,-0.0037892511822051485,-0.19032040138169798,0.07231617959668554,0.0005011774094556145,0.09417272465597712,0.7772693092975268,0.25770107401237147,0.08841098578429393,0.7508770736923748,0.29134472100263614,0.009012397662289163,0.8555764866972991,-0.06366886825219994
1.22704,-0.03485397665776421,0.9615182940948284,-0.11710812747159699,0.0805659422433552,0.11639012677041494,-0.2912159463519451,-0.02254422747101022,0.5848885379519105,-0.33513381255198127,0.2936476835615064,0.6530140381858343,-0.06420590699351325,0.252778741862845,0.825463303363309,0.2433983493324176,0.018674647501559342,0.07948084957944647,-0.32157267868470363,0.23036719858868035,0.4757087193392371,-0.13680487399671373,-0.15207771868844921,0.6336313392344727,-0.454321664239327,0.10975565528082819,0.9191581772211426,-0.12576570624253214,0.1580875305319303,0.06141240060232976,-0.19176541535516495,0.2507192419432516,0.778104050244218,0.1635897540029841,0.2791506929647373,0.7512626953725404,0.1749567556717579,-0.26090674341720466,0.14198743942657333,-0.10222450681641158,-0.1363421032911919,0.6549593447208661,0.19347441590759093,0.16720820082281793,0.8206917108755915,0.2987380213304333,-0.2756970920329747,0.10844654591516445,-0.17158392894893063,-0.12914866231215505,0.47036847792064906,0.10574074376303977,-0.25022585602911535,0.6342259538307705,-0.3911270897068858,-0.09550389875755373,0.9170667482416964,-0.003667486373016839,-0.19020313613713935,0.07233544609205073,0.0004618170470304335,0.09429785807374802,0.7763558570852227,0.25794629306286565,0.08871436673648395,0.7499035760797221,0.29157216541585435,0.008735839154822258,0.853659122595667,-0.06361297769849605
1.23702,-0.035101711515111794,0.9597387502796865,-0.11691530415284836,0.08052789895473736,0.11646772346890903,-0.29116263291950034,-0.022975589091570922,0.583550393427131,-0.33521311555127464,0.29373021218120504,0.6516030960801432,-0.06345150737676716,0.25292137331109116,0.8246905539844781,0.24381512489917923,0.018662616562647272,0.07954209271607954,-0.32153032637388806,0.23006926511253262,0.4758080036207801,-0.13669232719555874,-0.15247476786002945,0.6321450770089183,-0.45444399906513105,0.10937316761838138,0.9172782654939943,-0.12548072029751173,0.158080090437308,0.06146914745631396,-0.1917340795912568,0.25084530342740696,0.7772082277012039,0.16407256879549417,0.2791736271179954,0.750302662052219,0.17553540679186985,-0.2607984995387771,0.14203799473225331,-0.10226781798392179,-0.1361222603964893,0.6535714852011022,0.19419443449068258,0.1673248364193967,0.8198683641324829,0.2988773439553886,-0.27559596154899996,0.10849947399519043,-0.17162755853885145,-0.12911503390973264,0.47030883694552417,0.10573455381184305,-0.2506422921051869,0.6326869772109134,-0.39126544562730425,-0.09555480493278817,0.9152370817180434,-0.0035460095684441556,-0.1900938147029045,0.07237281774038119,0.00042894141870418483,0.09440801256778004,0.7754176306575102,0.258206980291733,0.08899520957406404,0.7488843980830195,0.29179459944098635,0.00846285283958627,0.8518121898381502,-0.06357447457832745
1.247,-0.03535699887136969,0.9580374659641451,-0.1167233998197331,0.08047536367620128,0.11656621187893886,-0.29111344581305854,-0.023426097446745685,0.5822743268543991,-0.335276177893396,0.2937496384493713,0.6502045756381547,-0.06273075570955103,0.2531522897618656,0.8238794281438127,0.24424349715113733,0.018633944726647266,0.07962865176966927,-0.3214892270050864,0.229759515401423,0.47593850283777445,-0.13658694318295442,-0.15288868518258045,0.6307187738090371,-0.4545573209735861,0.10899350279632213,0.9154655947460145,-0.12522130359514644,0.15805834338159958,0.06154283950249995,-0.19170960189991976,0.25101716797304996,0.7762916796625076,0.1645596656099261,0.27923944760535374,0.749312788095529,0.17610475306473805,-0.26071999636969767,0.14211270641782994,-0.10230107261607113,-0.1358991725585806,0.652180763283039,0.1948423528179957,0.1673931306168999,0.8190391638453122,0.2990948283309965,-0.2755348450774926,0.10858056808999761,-0.17165446687904037,-0.12909957806314987,0.4702774240307769,0.1057363751911435,-0.251078026095459,0.6312192821683588,-0.39140327812950193,-0.0956376855487534,0.9134728718245446,-0.0034262990390411313,-0.19001553028680415,0.07243499923520595,0.0004093472881466668,0.09448826921691919,0.7744819403917584,0.25851222316350536,0.08923728866064305,0.747850217287179,0.2920474103931358,0.008177852356770966,0.8500373601574502,-0.06353590368257582
1.25697,-0.03561484116581152,0.956379286339249,-0.11653254703054045,0.08044212920537379,0.11665813610588881,-0.2910647382500515,-0.023848035068463797,0.5810169417176783,-0.3353107532610668,0.29375603116705407,0.6488725265328478,-0.061994735584809516,0.2534068207400185,0.8231359685455025,0.2446845621523672,0.018621836911311473,0.07971427548233724,-0.3214529836402324,0.2294593338209858,0.4760481742722663,-0.1364620265346067,-0.15327728082989475,0.6293166400698723,-0.45463840023907875,0.10863185702647922,0.9137304144310348,-0.12499687781681999,0.15806474521341518,0.06161553239886991,-0.19169333226707003,0.25121263135608424,0.7754355523571201,0.16507147748556755,0.27934109708240823,0.7483910604544839,0.17669321654299716,-0.2606387016516404,0.14218417383397006,-0.10233601968914528,-0.13565617151456133,0.6508081963712204,0.1954546892583997,0.16744950720651558,0.8182453163256392,0.29935894307855915,-0.27546606954053987,0.10865878332829344,-0.1716796501223785,-0.12906719347608847,0.47022461063855636,0.10575595085024052,-0.25149490884751846,0.6297848525191425,-0.39150824021416347,-0.09576363608364201,0.9117751207978605,-0.0033021557033923506,-0.18992874538106283,0.07250186294091679,0.00038936635359335234,0.09456556506683887,0.7735750415371021,0.2588561418625272,0.08946617515762484,0.7468567993955602,0.2923530351494954,0.007904268665819652,0.8483199475465001,-0.06347664355118457
1.26695,-0.0358617910783495,0.9547602021390466,-0.11632619593394924,0.08041418404109306,0.1167481481115064,-0.2910203777369014,-0.02424990853593442,0.5797915559760339,-0.33532055382443837,0.2937579216199887,0.6475891435098877,-0.0612525824794542,0.2537057494532135,0.8224457712675904,0.24513558450377837,0.01861502530199728,0.07979787607494052,-0.32142759500486895,0.22916877736361446,0.4761379810145437,-0.1363246894571789,-0.15364461831255935,0.6279579824155141,-0.454690766593681,0.10830125583072193,0.9120586435230565,-0.124793151051313,0.1580835301745995,0.06168753726941343,-0.1916913171071603,0.2514453279792467,0.7746222336404276,0.16560147195125366,0.2794910342923493,0.7475206499892153,0.1772920367997713,-0.2605671857035936,0.14225775120894507,-0.10237365053953386,-0.13538171735463347,0.6494467520245074,0.1960443798845506,0.16749132661298644,0.8174840122495901,0.29967006684237607,-0.27540476771205535,0.10873788948829147,-0.17171036242165053,-0.12902773597331216,0.47015345790229107,0.10579325082126385,-0.2518927284144864,0.6283971323878739,-0.3915792095619877,-0.09591514376267914,0.9101292627345832,-0.0031549783084131836,-0.18984772682382547,0.07256726315874117,0.0003587170441952813,0.09464615853328555,0.7726904044705193,0.25923702650965624,0.08969056832811957,0.7458983293739062,0.2927059618122919,0.007651626519824405,0.8466485951521614,-0.06338997956619578
1.27692,-0.03607749791469819,0.9531977604785781,-0.1160827649841492,0.08036043048248212,0.11685335702617733,-0.29098350188100297,-0.02465632972899801,0.578640565203806,-0.335312006649231,0.29374295930058414,0.6463104876786462,-0.06052534670927193,0.25409053445190893,0.8217502204931536,0.24559769249812521,0.018585070914682218,0.07989071000355863,-0.32141358682125637,0.22888065126378349,0.47623094659838106,-0.1361896325922277,-0.15401025930540552,0.6266892211024134,-0.45472480292582734,0.10801456106633332,0.9104334645065486,-0.12458108973994478,0.15807563903818897,0.06176577368716721,-0.19170542514546904,0.2517318547517979,0.7738018403755146,0.16613895717781785,0.27969770187830145,0.7466452211384927,0.17788590415855526,-0.2605343662664603,0.14235317313625806,-0.1024062982967276,-0.1350776999139898,0.648093267443595,0.196616008617886,0.16749675503421071,0.8167487180776826,0.30004930153279163,-0.27538961689893526,0.1088383385339078,-0.17174394486213507,-0.12900927267280332,0.47009179041165616,0.10584836535965336,-0.2522828550440238,0.6270976298029324,-0.3916254285192047,-0.09605903949847683,0.9085276898442434,-0.0029657797370408424,-0.18980799228086895,0.07263554187063966,0.00031709581093719374,0.09472041796841245,0.7718227451676807,0.2596620364430357,0.08990299328350075,0.7449573471175491,0.2930959918053848,0.007425118441502187,0.8450250852065934,-0.06327319089133923
1.2869,-0.03623690988170194,0.9516743664109841,-0.1157945524158419,0.08029577418577993,0.11696525778378052,-0.2909375816539551,-0.025031887144751765,0.5775529108918879,-0.335267890741121,0.29372223584537765,0.645025567290567,-0.059732163593531874,0.2544930804561452,0.8210837365723853,0.24610097377206824,0.01854279302237682,0.07999260756806716,-0.3213870388104311,0.22860322096041732,0.47631123384568025,-0.13602019825861053,-0.1543525762142196,0.6254967858823639,-0.45471813726278504,0.1077845490084349,0.9088381408673083,-0.12432633727834067,0.15805094140928952,0.061841427061305014,-0.19171326526463067,0.2520263399368824,0.7730075484550827,0.16672710087395182,0.2799159698083786,0.7458000988654581,0.1785295054752732,-0.26052069947149764,0.14246834162864833,-0.10242107882344711,-0.13477459053453314,0.6467871146918942,0.19721259342893677,0.167468998487221,0.8160947551546749,0.3005210480380393,-0.27539650360782186,0.10896206815540407,-0.17176295979938946,-0.12899947623413055,0.47003499982346236,0.10594272000290778,-0.2526403346428295,0.6258777794812065,-0.39162428856236087,-0.09616727986009722,0.9069792176899824,-0.0027364325651749425,-0.189793794759072,0.07271627867732602,0.00028883985186936654,0.09477414903276273,0.7710185047926863,0.2601644741103861,0.09008578147883124,0.7440855910471162,0.2935618652750604,0.007243713456913341,0.8434465745355275,-0.06310596742424616
1.29688,-0.03633700543295347,0.9501780565148727,-0.1154703217219571,0.08023592120857954,0.11707319202269346,-0.29087799283897714,-0.0253635037338652,0.5765180583778348,-0.33519561286357596,0.29369646703626745,0.6437273123476503,-0.05885661257509939,0.2548481755436663,0.8204440932930557,0.24664733808840258,0.018503353366322743,0.08009544161167119,-0.3213432122929521,0.22833931919368336,0.4763747988188885,-0.13581463439833336,-0.15465998251282873,0.6243718087211589,-0.4546731813665337,0.10760834397506518,0.9072642339067991,-0.12402308247723424,0.15802641280319246,0.06191223308061755,-0.19170323147188684,0.2522849953749027,0.7722359614474543,0.16736910627527193,0.28009947704196075,0.744981247663011,0.17923539619561962,-0.2605076570560563,0.14259494739841488,-0.10243110130360379,-0.1345099740792099,0.6455353719898786,0.19783037511054735,0.16740186669130053,0.8154969357441286,0.3010706345193036,-0.2754021869442474,0.10910116299428999,-0.17177527255447061,-0.12899248491953372,0.4699803847471509,0.10606320221964625,-0.25295755982865037,0.62472956613956,-0.39158344764589254,-0.09623736781105631,0.905485258111955,-0.0024781632470878556,-0.18978441152088374,0.07281294077492188,0.0002709391495265833,0.09478992860567592,0.7702621169777644,0.260733735640634,0.090215916723782,0.7432700792755318,0.29409879869459443,0.007108145057640261,0.8419043043051424,-0.06288946247808208
1.30685,-0.03641003017850832,0.9487080253775665,-0.11513872413437604,0.08018139676327189,0.11717173389335178,-0.2908213036766627,-0.025691009269328324,0.5755360561818412,-0.3351433959586078,0.293644861649306,0.6424004262738381,-0.058001865772004405,0.25513911722603716,0.8197509874212038,0.24718949252393171,0.01847378328701894,0.08018346406462047,-0.3213087533043332,0.22807609191719858,0.47644688386938344,-0.13563400367679712,-0.15495220281365088,0.6233218046699713,-0.45463692285183727,0.10745849811500707,0.9057077661195099,-0.12370856263314575,0.1580119903711976,0.061990177864786736,-0.1916855034925618,0.2524932730474606,0.7714088296542785,0.1679962579798408,0.28022418881026956,0.7441031406420481,0.1799349946684186,-0.2604945426209556,0.14272298868515193,-0.1024827622408345,-0.13431545334693012,0.6442823530361799,0.19839368185401268,0.16727218851969736,0.8148047653512799,0.30163021176927984,-0.2754059927269056,0.10923971179629285,-0.1718244640668119,-0.1290046325748343,0.46993825064825545,0.10614512253752818,-0.2532660163204693,0.6236525442224143,-0.3915610653917015,-0.0963015361340111,0.9040238110028394,-0.002209872289011553,-0.18976993195151778,0.07291875030449516,0.00021831581219194484,0.09475108214526638,0.7694387567653219,0.2612929873232974,0.09027202568700736,0.7423886312123007,0.2946280929000302,0.006987380526755785,0.8403763145308579,-0.06266145636845696
1.31683,-0.036491799642179475,0.9472619529671304,-0.1148481002296496,0.0801262451972466,0.11724631608419747,-0.2907573502732118,-0.026032813514990965,0.5745900924852185,-0.33512854035403916,0.2935625384000832,0.6410740402509961,-0.057225168802554745,0.2554073966856001,0.8190340313203518,0.24766888776712664,0.01844958893459002,0.08023584211069065,-0.32126133469569246,0.2277899856724432,0.47653701000080184,-0.13549230551543628,-0.15525735799412216,0.6223191390312781,-0.4546274527496431,0.10730686275803401,0.9041808121762674,-0.12342991035015766,0.15800840475381076,0.06207685749507624,-0.1916478815105256,0.2526760320205706,0.7705619890748346,0.1685539208365398,0.28031985550661453,0.7432010733738043,0.18056347909033743,-0.26048407126943246,0.1428370509244279,-0.10255490306773912,-0.13416900622338643,0.6430353389893431,0.19888795538502077,0.16710868191605788,0.8140431327728623,0.3021621777855508,-0.2754109113663137,0.10935702085011138,-0.171889044123493,-0.12904573051682477,0.4699151973419207,0.10618210996344117,-0.25359135827875373,0.6226186183181924,-0.391566905174713,-0.09637633600925534,0.9025923151187816,-0.0019715281176731487,-0.1897520234909828,0.07302716028828579,0.00015049410107608604,0.09467723328386266,0.7685714750502222,0.2618096835595662,0.09028251549283349,0.7414604510871299,0.2951114710794027,0.006858439687250578,0.8388711466275174,-0.06245991521429148
1.3268,-0.03661384997386009,0.9458454761268598,-0.11464194146713738,0.08006588113017325,0.11728594473712894,-0.2906661947620795,-0.02639061819607825,0.5736609381664376,-0.3351460975890532,0.29345560295772793,0.6398025551407986,-0.05654559471551503,0.2556975244083225,0.8183735120322807,0.24804097737996902,0.01842389427999632,0.08023877173172168,-0.3211634650708709,0.22746035827940422,0.47664425923313336,-0.13537511379739398,-0.1555970674906078,0.6213313727007799,-0.4546408912057669,0.10712928516125532,0.9027089958631728,-0.12322679210576938,0.15801269825444958,0.06216895353797209,-0.19157263219822346,0.25286043604059094,0.7697790477099564,0.16901269122217613,0.2804272937756453,0.7423652208812801,0.18107890146750696,-0.2604758556838511,0.1429204556001185,-0.10259984820792796,-0.13403196555991667,0.64183757597753,0.1993323240800414,0.1669567529412917,0.8133197419095273,0.30264886320275897,-0.27541644600300325,0.1094324557745546,-0.17192199321148055,-0.12911591808002842,0.4699119852247917,0.10619678485179561,-0.25394606374556383,0.6215975974270707,-0.3915822942994591,-0.09646992827174655,0.9012070720413572,-0.0018009327864727605,-0.18973264779441196,0.07313172751938868,0.00011458381769887149,0.09460066621883192,0.7677467756187774,0.2622782011994078,0.09029153224969134,0.7405735150832056,0.2955395426338224,0.006706642102329091,0.837418678162609,-0.06231149850153944
1.33678,-0.03679114516018769,0.9444618777532172,-0.114495545717837,0.08001149317632075,0.11731726505423126,-0.29055525937377774,-0.026770716114629483,0.5727362497217747,-0.33518528098049777,0.2933291871269268,0.6385965256105666,-0.055944833806056145,0.2559474762337542,0.8177539341782711,0.24834431333156903,0.018405125752666705,0.08021712318709422,-0.32103846463532043,0.227092475739683,0.47677194656075256,-0.1352768845437985,-0.1559622509951117,0.620365583893172,-0.4546648806077245,0.10691045029652067,0.9012925024206536,-0.12308794718717588,0.15802756596210618,0.06227318360683993,-0.1914762053430565,0.2530020692459051,0.7690245377601693,0.16940807436737088,0.2805119463177519,0.7415751872036197,0.18151946742172104,-0.260453118360855,0.1429674589258526,-0.10263381678885994,-0.13392117959250174,0.6406786246873167,0.1997322511079656,0.16679798134936624,0.8126073856511413,0.30308261854740054,-0.27540498188093104,0.10945893552559843,-0.17193850132578511,-0.12919862176759828,0.46991761869240545,0.10617847306602911,-0.2543215400835961,0.6205894439613302,-0.3916022623195474,-0.09660274501816492,0.8998688127634668,-0.0016739094583939013,-0.18969005640725653,0.07322701799592571,0.00010304823698681126,0.09451628208730922,0.7669316721604307,0.26269415134799723,0.09028872291098938,0.7397048554727199,0.2959182900549041,0.0065213532338852355,0.8360169118169282,-0.06220090684390125
1.34675,-0.03700038169283581,0.9431216881871006,-0.11439707095195333,0.07996062329230842,0.11734954281558312,-0.2904401198320681,-0.02716292428787947,0.5718198110381197,-0.335241175048807,0.29319048924212443,0.6374453708930325,-0.05540902814101071,0.2561440742340448,0.8171505115163731,0.24860034707879466,0.018389243129255224,0.08018791633960662,-0.32091417176595505,0.22670451769040448,0.47691163219827387,-0.13519904931979917,-0.15633168012022186,0.61943320103112,-0.454696601768443,0.10666934696463316,0.8999297634112151,-0.1230059039518151,0.1580432413087681,0.062383091885236414,-0.19137702104109244,0.2530958926450974,0.7682693525527667,0.16976004983974113,0.2805681473067794,0.7408038719014317,0.1819120356304221,-0.26041895759601313,0.14299383994324857,-0.10267284982254529,-0.13383761294315208,0.6395635998029339,0.20008336187508258,0.166628668833452,0.8118815902585954,0.30346539876969564,-0.27538060771583106,0.10945476730954357,-0.17195546160388409,-0.12927821011844448,0.4699337726584027,0.10612045909431315,-0.25469875005606263,0.6196076952213546,-0.39163124544597194,-0.09676313665289471,0.8985879200615708,-0.0015793626267526777,-0.18963187960278158,0.07332063834785363,0.00010188172917303888,0.09442987730694012,0.7661036631678909,0.26305658901977036,0.09027376018230927,0.7388358114620708,0.2962549187311449,0.006316374293278445,0.8346705341423527,-0.062121806414309054
1.35673,-0.0371741243901096,0.941831197988271,-0.11437255121909824,0.07988726363929931,0.11735612941922766,-0.290335031967478,-0.02753720006453016,0.5709250008432947,-0.3353181701468553,0.2930476488464764,0.6363106646673665,-0.05493514480782912,0.2563798168806667,0.8165527219379024,0.24878346950994218,0.018350923839018443,0.08014337196339383,-0.32079994895669695,0.2263191953858083,0.47703931204741923,-0.1351466726392514,-0.15668243577819532,0.6185268559512282,-0.45474904101866637,0.10646587533058065,0.8986097269782988,-0.12299261603214069,0.15803277550264386,0.06247267687964038,-0.19128132792946378,0.2532160957669671,0.7675262762190413,0.17005057459316944,0.2806552805168574,0.7400445927984297,0.1822459395758726,-0.2604093021418746,0.14304125732249554,-0.10271020429946137,-0.13374192381924752,0.6385239730512193,0.20037794314740223,0.16648427766511573,0.8111610966496776,0.3038154844286202,-0.2753826520473233,0.10946823291328858,-0.17197007355750119,-0.12934768028595445,0.4699826046038409,0.1060342756312855,-0.2550563044345295,0.6186624867485483,-0.39168129803137036,-0.09689325628590065,0.8973780289484423,-0.0015431253992134286,-0.18961347733078848,0.07343801015358775,0.00010764458459086109,0.0943725641745429,0.7652878077423048,0.2633755419491939,0.09027733902292344,0.737982931961095,0.29655811768166795,0.006135336279268997,0.8333883818476306,-0.06209208558652924
1.36671,-0.03730623434280168,0.9406001990950603,-0.11440509787735813,0.07980134857828423,0.11734536239718024,-0.29022577021774154,-0.027888190515195626,0.5700516396893043,-0.33540012397877045,0.29289549958365074,0.6351805103468793,-0.05450145368361581,0.25665065033300977,0.815962869136029,0.2489168536096827,0.018300201192088566,0.08008513037438897,-0.32068072894403343,0.22594308076981315,0.47715590767676896,-0.13509915075027965,-0.15700786422490687,0.6176415969697735,-0.4548169024714395,0.10630424039726176,0.8973299331268628,-0.1230308237747137,0.1580079144242993,0.06254571558241528,-0.19117396825928742,0.253356767819553,0.7667922091827316,0.17029965897630744,0.28076202036309267,0.739292138939578,0.18253853526778993,-0.2604312448366029,0.14311575624588196,-0.10273889741270982,-0.1336490767461416,0.6375613580288032,0.2006253019268707,0.16635561832364773,0.8104523418946287,0.3041532707413848,-0.2754133619561533,0.10950558218998149,-0.17197761043149262,-0.12940512486494807,0.47005572845890486,0.1059360737876423,-0.25539051223720044,0.6177515026441621,-0.39174588488679174,-0.09699019883719782,0.8962406066189217,-0.00155550932864683,-0.18964128139562314,0.07357601197304574,0.00012612352193453315,0.0943357337109897,0.7644919788504159,0.2636733909162016,0.09028961873379443,0.7371518327780348,0.29684080603506824,0.005984280771035272,0.8321702381766544,-0.06209896043648588
1.37668,-0.03743169595512998,0.9394360566469951,-0.11446114976339646,0.07972912468470822,0.11734069244987318,-0.29009245640720405,-0.028227733172217388,0.5691914379824886,-0.33546660839978615,0.29272229812366596,0.6340674122957309,-0.05408011028345448,0.25689518605054995,0.8153971786391792,0.24904295515511654,0.018263038581317965,0.08002072686791838,-0.32053817623727254,0.22557206980599007,0.4772730041493851,-0.1350301226356875,-0.1573143567979205,0.6167720726114777,-0.4548859763386978,0.10615198814786789,0.896095137998343,-0.12309314226113573,0.15799636761786087,0.06261955154059917,-0.19103933704983422,0.2534664709583503,0.7660662225252882,0.17054166580343472,0.28083886604329594,0.7385530581015388,0.18281854751125448,-0.26047283723066417,0.14319808261325967,-0.10275566836465774,-0.1335967945603208,0.6366580446466894,0.20084148408981028,0.166207506039763,0.8097617448691123,0.3044900588853765,-0.2754556375797558,0.1095457097257813,-0.17197531039105649,-0.1294533936222317,0.47012690352347586,0.1058402499618835,-0.2557100869674474,0.6168626990783307,-0.39181189057835214,-0.09708930672696059,0.895167719014694,-0.001590759673778409,-0.18969264669861044,0.07371330266325178,0.0001631573215410269,0.09428690770537662,0.7637189443970972,0.26396723674815004,0.0902785974236393,0.7363473093235875,0.29711137428606543,0.005840726621306921,0.8310112314859558,-0.062119506892409866
1.38666,-0.037583135570133354,0.9383356864343657,-0.11455828246793782,0.07966653893397153,0.11732970865566893,-0.28996387808865354,-0.028566911435104023,0.5683453147846439,-0.3355331203500486,0.2925242871022829,0.6330140474643184,-0.05367217498270998,0.2570885933439514,0.8149009031295461,0.2491459682453181,0.018235346593478554,0.07995187472674874,-0.3203984974625174,0.22520359028240544,0.4773776547359073,-0.13495574311241304,-0.15761607418532989,0.6159068593861621,-0.454956061865102,0.10598211983167467,0.8949233005325176,-0.12319103095390055,0.15798829283657467,0.06268552264766117,-0.19091082617664318,0.25353050972090896,0.765408015861011,0.17076165955812234,0.28087584219991074,0.7378847145974612,0.18307846334559671,-0.2605267126864884,0.14326402531576432,-0.10276731383538933,-0.13356940393600322,0.6358081495499901,0.2010228497110693,0.16602323410131464,0.8091390358400896,0.30479699321103854,-0.27551651415363,0.10957130535183814,-0.1719685402529691,-0.12950225616490152,0.4701804355701774,0.10574661122003208,-0.25602533573914105,0.6159820675982657,-0.39188831361864485,-0.09722803051106971,0.8941542003981154,-0.001657847723541896,-0.18976356386112567,0.07383166213449519,0.00020445820523136093,0.09420507609115651,0.7630086555855707,0.2642224343938175,0.09023288806946425,0.7356103245554739,0.2973477910868636,0.005671830797571223,0.8299203452028705,-0.06217362695294296
1.39663,-0.03777104467229795,0.9373005079923626,-0.11471171219644696,0.07960569362251468,0.11728978443972293,-0.28985035450432267,-0.0289047288933818,0.5675145802732583,-0.33560595769167967,0.2923016847003446,0.6320416907106627,-0.053292413336509546,0.25721878999803,0.8145063783595224,0.24919561069857063,0.018209480699918307,0.07986502584850433,-0.32027430232067067,0.22484535740152972,0.4774458967878314,-0.13488588401546273,-0.15791855289904194,0.6150298273229159,-0.4550304635688756,0.10578656883301628,0.8938241062069471,-0.12334025301582116,0.15797470727499835,0.0627235712235201,-0.19080131677441933,0.2535436187540436,0.7648540963097485,0.17093419952774805,0.2808691809627677,0.7373241017152211,0.18329521352376318,-0.2605840819181025,0.14329458841503645,-0.10277476731478909,-0.13355596412552864,0.6350175077703472,0.20116645594380764,0.165801448057681,0.8086144663391922,0.3050448201874498,-0.27559107992557613,0.1095665163177817,-0.17195694619426644,-0.1295514687524487,0.4702000591540617,0.1056629375902168,-0.2563409820920152,0.615092982669162,-0.39197733559439035,-0.09741582071587027,0.8932026290636204,-0.0017699743756726767,-0.18984464091466904,0.07391620010620593,0.0002452357216591362,0.09408806482279024,0.7623877531955215,0.2644122749207931,0.09015390026106578,0.7349659281884354,0.2975295532275021,0.00546631212952382,0.8289043148817478,-0.06227593298307658
1.40661,-0.0379766205282424,0.9363305240792789,-0.11491204546405491,0.0795444131717629,0.11720066592360533,-0.28971618226051554,-0.02922763813991718,0.5666901333310257,-0.33566496410514596,0.29205485299045364,0.6311176527152852,-0.052959038742409835,0.2572807889110509,0.8142068194250374,0.24916743384161896,0.01818399243023248,0.07972963665148364,-0.3201398838112482,0.22451418234184803,0.4774526233811963,-0.13480404934592397,-0.15821593039736795,0.6141139925420929,-0.4551121772029341,0.1055800552263942,0.8927780484573544,-0.1235459698292664,0.15796234158557002,0.06271163826145626,-0.19067447010574212,0.25350109078115296,0.7643755847610305,0.171041710014971,0.2808094501991172,0.7368495462478825,0.18344224657400088,-0.26063286396686924,0.14328318500454526,-0.10276668511351514,-0.13357247732267877,0.6342928961927297,0.20127951046244819,0.16555393048010145,0.8081639633372353,0.30522488219398347,-0.27564888734895115,0.1095189020208901,-0.17192888778030121,-0.129585217613003,0.47016828858446913,0.10561219315941892,-0.25665667898345584,0.6141692010394938,-0.39206393809790485,-0.09762302129329899,0.8923139344609763,-0.0019308079417217656,-0.1899126082839623,0.07395912139716465,0.00030215563668703005,0.09395435436635999,0.7618392182173641,0.26454567096773196,0.09005245274466915,0.7343922993835572,0.297654189002013,0.005245656658837385,0.8279498487486746,-0.06241577196702892
1.41659,-0.0382047017180679,0.9354320103149818,-0.11512139770252891,0.07948936800377097,0.11709608555336709,-0.2895568747564372,-0.02954324265931067,0.5658913466735723,-0.33569874825501256,0.2917764950123103,0.6302418889189931,-0.05266733519653314,0.2572631837432103,0.8139671465913747,0.2490924831957334,0.018162926136777377,0.07957646096867634,-0.31998535973549325,0.22420435565537186,0.47743542068071715,-0.13469921085596664,-0.1585175120433267,0.6131824807216428,-0.4551907573490113,0.10535151878279506,0.8917926776454576,-0.12377233980023461,0.1579585777879568,0.06268546529890325,-0.19052568050688784,0.25339262491001596,0.7639583758759665,0.17109817373650366,0.28068277533102104,0.7364383713801403,0.1835364608009035,-0.26066355350961024,0.14324571122758264,-0.1027372133396304,-0.13362860501764312,0.6336105996523219,0.20136140624260643,0.16527737560203326,0.8077584231576049,0.30535707047218796,-0.2756788689055179,0.10944596312676028,-0.17188133270614966,-0.12961087319295111,0.47010587942647614,0.10559769858290009,-0.25697679996343353,0.6132325169687127,-0.39214449126959683,-0.097857304444388,0.8914816155616059,-0.002103095035579434,-0.1899561661091245,0.07397530256745671,0.00037560089209480723,0.09378672844430952,0.7613391284008615,0.26463947872162075,0.08991714012716304,0.7338692718702208,0.29773508712342556,0.0050032187449298195,0.8270619281801305,-0.06256747561479874
1.42656,-0.03846835398218681,0.9346046278412824,-0.11528984645811162,0.07945312982965544,0.11702605589845833,-0.2893941699950776,-0.02986368585161194,0.5651459789265282,-0.3357036365223618,0.2914600252302382,0.6294229749617981,-0.052396114460691014,0.25714919196100045,0.8137329924158857,0.24902928702906182,0.018157054157277683,0.07945805706762456,-0.3198210555285216,0.22390619966300146,0.4774470499002548,-0.13456775963237483,-0.15883164360273413,0.612277967876184,-0.4552497738614965,0.10508359540568994,0.8908807429021348,-0.12396250945564863,0.1579733420143251,0.06269632986750234,-0.1903768596533403,0.25320504089638673,0.7635848163617881,0.17113773061569798,0.2804738081300346,0.7360595771101975,0.18362152902445084,-0.2606703680221143,0.1432035322162852,-0.1026920580328215,-0.1337312940636528,0.63292541595822,0.20140994628824987,0.16495663225723264,0.8073591975390865,0.30547726999734925,-0.27568361214307235,0.10937568026209565,-0.17182465607875538,-0.12964509158302537,0.47004135225790544,0.10561356037784363,-0.2573018928433679,0.6123228374839859,-0.3922198669343167,-0.09814262632127103,0.890688538990695,-0.0022336379344526274,-0.189974557470555,0.07398418211663665,0.0004507712761522977,0.0935510979766343,0.7608523240444376,0.2647150330866187,0.08972292560740708,0.7333664333803872,0.29779612875463485,0.004721291336675314,0.8262441567530174,-0.06269832170618579
1.43654,-0.038743959081304055,0.9338125047397146,-0.11538824430040545,0.07945043977160611,0.11696374237904136,-0.28926261180502516,-0.030158272478518468,0.564443607610802,-0.3356768268939422,0.2911226997797711,0.6286127817039814,-0.05212238433210927,0.25691625510653027,0.8134423875255037,0.24900013545659305,0.018191361553629277,0.07934898457009834,-0.31968857319316635,0.2236583942181335,0.47743418081795436,-0.13441533918783152,-0.15911821180430763,0.611391886724281,-0.4552835900393151,0.10480769810955612,0.8900059218698319,-0.12408074782066274,0.15802884719206478,0.06270410696270419,-0.1902619273932994,0.25292683929894544,0.7631740033046647,0.17119188103426822,0.28017024747002706,0.73564310596618,0.18373077781998515,-0.2606543293980586,0.14314276896490685,-0.10266576340221996,-0.1339004427752296,0.6321924988562331,0.2014380061424986,0.16457226214285905,0.8068946952721041,0.30561234679794824,-0.27566274583056066,0.10929948469371012,-0.17179761039387254,-0.12967653626549572,0.46993220328723156,0.10567360404402587,-0.25760153679080133,0.6114289324921471,-0.3922742635066582,-0.09846040775976184,0.889901305130363,-0.002310848437500492,-0.18997384232504116,0.07396420328506331,0.0004996664068856326,0.09324447559617248,0.7603118845418356,0.2647966662367977,0.08945047577117368,0.7328023999213318,0.29786347789488016,0.004420228051841387,0.8254495498475956,-0.06278089410613612
1.44651,-0.03900943206389898,0.9330531912300072,-0.11540096872927696,0.07948373921961696,0.11690922323372958,-0.28916593837147997,-0.03040693805992682,0.5637975201369868,-0.3356104211930143,0.29078233175503637,0.6277996827902699,-0.051832374260836575,0.2565688901915135,0.8130792884323489,0.2490162487187159,0.018268922913512904,0.07925210069903042,-0.31959846446085477,0.22347647830876713,0.4773842463278067,-0.13423433261765697,-0.15935451709205734,0.6105416979598771,-0.4552842597804347,0.10455031937898318,0.8891629999239893,-0.12410933786308224,0.1581271115841233,0.06270260007374094,-0.19018754129699503,0.25256605877876664,0.7626957407636865,0.1712811809665301,0.27978136894581873,0.7351656349225635,0.1838805205579261,-0.26061945750340004,0.14308166281465506,-0.10267187641196847,-0.13413931285602076,0.6314150401545386,0.20146410855972952,0.16412749919467456,0.806345048304595,0.30578104068618533,-0.2756174945028346,0.10923828313888646,-0.17181271171617193,-0.12969684706126106,0.46977547737165726,0.10578872106473336,-0.25785781419957376,0.6105667993207992,-0.3922901805527897,-0.09878561822692289,0.889123957012438,-0.0023260307889853876,-0.18996006872589352,0.07392733043425234,0.0005111810108623655,0.09288186048182152,0.75970204965764,0.2649042160214218,0.0891074406715368,0.7321554680947815,0.2979551327752872,0.004122299281523259,0.8246713606183209,-0.06279572017894099
1.45649,-0.03926216924676363,0.9323765345559545,-0.11532977207439983,0.07953435629665356,0.11692875366229671,-0.2890565613184218,-0.03062760386712206,0.5632586446930611,-0.33549043388084615,0.2904435700587208,0.6270362740394186,-0.05152790975818876,0.25615617322670164,0.8126945065619383,0.24908126686960314,0.018353320197583175,0.07923796875499634,-0.31950174449381136,0.22331801804765927,0.4773844978194307,-0.1339948721816652,-0.1595683136866037,0.6097897882323414,-0.4552379768511842,0.10430830609194958,0.8883999566724443,-0.12405518391146102,0.15823439447070325,0.06276881516013622,-0.19011408978560929,0.25215915766952746,0.7622145247899436,0.17140678489525735,0.27934663834028,0.7346826495180346,0.1840623935867124,-0.2605724088490707,0.14309519727271597,-0.10268097530687414,-0.13441981754358528,0.6306584779992261,0.2015075118498769,0.1636601099847845,0.8057756600728854,0.3059908175868481,-0.27555385718711817,0.10926538419908328,-0.17183204461301632,-0.12971383211646734,0.46965111228627054,0.10595624569266436,-0.25808897457106633,0.6097991475691896,-0.39225674400924293,-0.09910335399241535,0.8884117453211035,-0.0022626089203272963,-0.18993728527014853,0.0739473795661954,0.0005054748780843299,0.0924920229361329,0.7590893898742528,0.2650469065121232,0.08873936419222099,0.7315062937213304,0.29807363717563956,0.0038344364330173417,0.8239714782329476,-0.06273801064331652
1.46647,-0.03948470526490564,0.9317575678795949,-0.11521543960062082,0.07957683826332002,0.11699429350608849,-0.2889425661715787,-0.030837853218963898,0.5627848242282893,-0.33533552779117576,0.2901060665946038,0.6262809601341657,-0.05125496363562695,0.2557460376270598,0.8122648482459125,0.24914196292903212,0.018419383450971938,0.07927487031304048,-0.31940229812876086,0.22316255291950904,0.47741515347571156,-0.13372218164966093,-0.15978063370136134,0.6091087428765801,-0.45515415714219026,0.10409552251398811,0.8876894446674803,-0.12396495313831368,0.1583280759630129,0.0628736595882186,-0.19004363752141845,0.2517553557651947,0.7617063031607482,0.17152195922814528,0.27891031506053576,0.7341665139006733,0.18422741971993747,-0.26052897315708207,0.14315446568578097,-0.10269528867434193,-0.13469703207199804,0.629920139927499,0.20155592213974208,0.1632214706923858,0.8051875139593974,0.30620238278138984,-0.2754915227997668,0.10934410196307438,-0.17185838549969426,-0.12972961851500756,0.46953815037501934,0.10615614172241593,-0.25831352331519897,0.6090991446842712,-0.3921861781452464,-0.0993898646884585,0.8877484549723952,-0.002149617053772696,-0.1899179243527767,0.07399488370768494,0.00048320222832810264,0.09212056485900806,0.7584681459165418,0.26519317388545466,0.0883956026319204,0.730848929128873,0.29819140196761945,0.003572360243874575,0.8233280875156863,-0.06264312690928475
1.47644,-0.039660581742648984,0.9311398488700656,-0.11511838558834186,0.07958782270757053,0.11703288053689524,-0.2888613628784686,-0.031050961915857916,0.5622931978261108,-0.3351811545896262,0.28977014665608003,0.6254641521478735,-0.05107087564364651,0.25539435227572266,0.8117523921360568,0.24912424959358676,0.018454488407472904,0.07928307278617315,-0.3193322464042782,0.2230063404369797,0.47740300086835813,-0.13346940652941577,-0.16000242048455163,0.6084294528067034,-0.4550557586741826,0.10392820937387527,0.8869747074576851,-0.12390211482384013,0.15839649523008595,0.06293803091370345,-0.19000169222427718,0.25139554603357234,0.7611197268886388,0.171563761923308,0.2785078120252308,0.733567790843902,0.18431585741316836,-0.26050834094874026,0.14318377013842373,-0.10273085376523126,-0.13492914118691232,0.6291771004369602,0.2015861958695841,0.16285805626694488,0.8045625932915503,0.3063558861483045,-0.2754548528979493,0.10939044537835642,-0.171912453494336,-0.12974543711546732,0.46937378657937173,0.10636058067076909,-0.2585447687917319,0.6083997741215194,-0.3921011865716081,-0.09962482185234177,0.8870913579106651,-0.002042465481789037,-0.18991891924211476,0.07399624335273304,0.00043797802456618155,0.09181276256951007,0.7578094395442723,0.2652954171878448,0.08811631029825225,0.7301495456183202,0.29827081555122237,0.0033515482745425916,0.8226837750273365,-0.06256435339936575
1.48642,-0.03982231956851537,0.9305671494071596,-0.11507330976811173,0.07956647712709562,0.11706915287605775,-0.28880278693794825,-0.03127055890261353,0.561810158020382,-0.335038279914859,0.2894520806391243,0.6246883415795665,-0.05096150132205702,0.25506565363047035,0.8112856805994583,0.24902643954064196,0.018456018070438215,0.07929096515450722,-0.3192775043449373,0.22284022660088787,0.47738089876744455,-0.13324485131810226,-0.1602322408913343,0.6077818918838107,-0.454954022057363,0.10377910176819784,0.8863100448332616,-0.12389233899199058,0.15843261693401006,0.06299636244628419,-0.18998260924500807,0.2510584656879292,0.7605667796113151,0.17153197859939387,0.2781333907962627,0.7330038812218532,0.18433102479928334,-0.2605187916237155,0.14322212937767503,-0.10276090534794592,-0.13512606413995348,0.6285358946788192,0.20161937387505482,0.16256891260541476,0.8040105670840624,0.3064344811733531,-0.27545024569747495,0.10944940164469164,-0.17196191478205733,-0.1297787419035086,0.4692285252298615,0.10655518472652069,-0.25878050193658086,0.6077391158543209,-0.392003359775135,-0.09982727675340154,0.8865087360635948,-0.001974018962591703,-0.18995179903752987,0.07400273516323537,0.000396808267532078,0.0915705350953768,0.7572172188971924,0.2653515017178276,0.08790406900158126,0.7295329320787394,0.2983134403856027,0.003160084713679522,0.8220935199756217,-0.06251841587061514
1.49639,-0.03998803903482315,0.9300627689932236,-0.11507993876670489,0.079521654801062,0.1171156002528039,-0.28875093425409254,-0.031488313581565765,0.5613583277238714,-0.33490289502003906,0.2891624821983614,0.6240131029216529,-0.05089394148115179,0.2547244968948284,0.8109247731042681,0.24887759898380998,0.01842995875602495,0.07931374995483621,-0.31922287822801443,0.22266301166656072,0.47736769819227115,-0.13303828211991314,-0.16045655775714335,0.6071961380700319,-0.4548479846330603,0.10363381658134399,0.8857275633241879,-0.12392884797502839,0.1584398867518897,0.06306733158771656,-0.18997299845027502,0.2507176095611806,0.7601030749015334,0.17145513895438885,0.2777703429381981,0.7325341464061292,0.18430306817817063,-0.26055298239253777,0.143297076400037,-0.10276294020946695,-0.13530418811401654,0.6280318611524942,0.20166433906975795,0.16233102420810347,0.8035767072925106,0.3064517605499693,-0.2754707514718047,0.10954943559299386,-0.17197805053835702,-0.1298321977327734,0.4691485007368497,0.10673545070214706,-0.25900726124260914,0.607148409702109,-0.3918905494130482,-0.10001435220791735,0.8860301132363989,-0.0019451342915526063,-0.19001478751781187,0.0740531669926567,0.0003861547075534395,0.09137728656985447,0.7567353989714746,0.2653725540703846,0.08774076612532518,0.729047766864278,0.29832883617297173,0.0029885235073149508,0.8215889312802828,-0.06249531044800735
1.50637,-0.04013494995352267,0.9295685306524701,-0.11509438967869347,0.07946688567737477,0.1171254479379331,-0.2887022050248827,-0.031685038069835456,0.5609025411171066,-0.3347577008720566,0.28889254985090396,0.6233485539435045,-0.050836467787547836,0.25436980394150066,0.8105466872640547,0.2487217397276427,0.018390920812362026,0.07930133654318054,-0.31917218557334914,0.22248593027390087,0.47731590583960043,-0.13282893108649085,-0.1606521667640025,0.6066517803931427,-0.45472296813967084,0.10351394573942566,0.8851692623221291,-0.12397024277907895,0.15843599229535102,0.06309810722586713,-0.18996236919772566,0.25036091153876344,0.759620613646907,0.17137803745640592,0.277397419959815,0.7320498911754882,0.1842758812439057,-0.2605851506847757,0.14336903160514655,-0.10274248512441411,-0.13547096176095982,0.6275278048203258,0.20169342210656713,0.16210463170073672,0.8031444574779548,0.3064499192558276,-0.27549693318715773,0.10963860001890094,-0.17196442957639518,-0.12987979875772543,0.46908170036200786,0.10690782039884662,-0.2592049879679432,0.6065956637349998,-0.391763833524966,-0.10018541225969144,0.8855701943807999,-0.00191605948581401,-0.1900883186255418,0.07411178313186732,0.000413055508247238,0.09120312572197113,0.7562504851992572,0.2653710462193997,0.08758997472624838,0.7285498237612325,0.29832251762400913,0.0028401056639612825,0.8211097534649727,-0.06245968392856855
1.51635,-0.040268937813547644,0.9290710065106396,-0.11511463166861359,0.07939931638270228,0.11709658445003593,-0.2886721398066439,-0.03186783031653343,0.5604399489854328,-0.3346149238177641,0.28864328230288994,0.6226857950973158,-0.05078665990050716,0.25398213606174475,0.8101380532402391,0.2485652136153357,0.018335603386704324,0.07925684458557797,-0.31914345852480963,0.22230498254164605,0.4772283007660389,-0.13263415646602045,-0.16082451508472126,0.6061410325312748,-0.45459498972493423,0.10340954438834944,0.8846223216653473,-0.12400600973695824,0.1584177214671109,0.06308607072891005,-0.18996795531286792,0.24997828601797462,0.7591112266340058,0.17130212172727508,0.27699665737699064,0.7315411890294301,0.1842520982192963,-0.26062163939553307,0.14342385072035965,-0.10272883405981234,-0.13564064405244505,0.6270110807458942,0.20171156909605434,0.16188400542017564,0.8026896576741677,0.3064233010107779,-0.2755319270805409,0.10970352591378178,-0.1719559774798225,-0.12992717186002112,0.46900777661917664,0.10705642223504327,-0.25938443495213215,0.6060808470964013,-0.39163988923785764,-0.10034051342658225,0.8851096656491743,-0.001885016572928277,-0.19017098778019115,0.07415443089585505,0.000440177815256503,0.09103579612809524,0.7557413788831333,0.2653431828379997,0.08744363507290728,0.7280217458211179,0.2982923280023984,0.0027056512838621143,0.8206399455533954,-0.06241735412017149
1.52632,-0.04041771312149848,0.9285897143230329,-0.1151565872664365,0.07931489754266356,0.11705690265796648,-0.2886714513201337,-0.03205601908466597,0.5599863407598924,-0.3344923794302686,0.28842031216482344,0.6220760202641364,-0.050748599460324194,0.2535345524509266,0.8097678979933338,0.24839818872554487,0.01825935504034967,0.07921352790900098,-0.3191458315267297,0.2221115022772321,0.47714107786826676,-0.13248022625786005,-0.16099449451401848,0.6056627206285995,-0.4544852251703819,0.1032901622751973,0.8841085920954755,-0.12403971914570495,0.1583783387061251,0.06306320154737816,-0.19000631870435553,0.24956114596108483,0.758640636555564,0.17121145087603162,0.27655718225152015,0.731073377693682,0.1842175770311454,-0.26067963803402616,0.1434647348643525,-0.10274706249066248,-0.1358278676667026,0.6265474381515277,0.20174953611018923,0.16167640283844611,0.8022643312970317,0.3063491054168069,-0.27558515296273656,0.10975606956908593,-0.17198514811428964,-0.12999395045050194,0.4689302986888035,0.10716639076692376,-0.2595692736408329,0.6056159846663854,-0.3915309482244766,-0.10048664285355785,0.8846753801023657,-0.0018660627664694033,-0.1902662499578973,0.07417132934989752,0.000425762238206487,0.09087071561592865,0.7552602547393608,0.26528535865786806,0.08730645311726501,0.7275380510443015,0.2982402627094294,0.00256743865596619,0.8201969309135242,-0.06238873764295936
1.5363,-0.0406036938023804,0.9281321965495095,-0.11517515021788044,0.07925542353739662,0.11701094283080407,-0.28863612606119027,-0.03223723042382347,0.5595271009035269,-0.33433978699361516,0.28821676801502766,0.6215486590170752,-0.050666863710549626,0.25303474397847514,0.80948094051269,0.24825989227305914,0.01820826069020701,0.07915448830416234,-0.3191129396410122,0.22192757899861495,0.4770632659226441,-0.13231523226782582,-0.1611581321584844,0.6051968493311531,-0.4543408275256242,0.10314359842827378,0.8836426735954942,-0.12403250977264801,0.1583628691512617,0.06303749251852846,-0.19000822661486327,0.249107372661311,0.7582492797521437,0.17115109399849104,0.2760897586935826,0.7306945638982656,0.18421450713955265,-0.2607206357784064,0.14347310401876495,-0.1027396290880138,-0.13602433474799863,0.6261199998519678,0.2018401042346591,0.16143932479581666,0.8019284003933471,0.3062825368857453,-0.27562136266516213,0.10977653122487074,-0.1719873459907978,-0.1300560405173852,0.46883333821514545,0.10729623936906567,-0.25974171558821557,0.6051557107211474,-0.39138431714234073,-0.10065205741432348,0.8842657326457076,-0.0018156859375837722,-0.1903383639708666,0.07415817186319658,0.0004383855959151967,0.09068098745322814,0.7548559936641327,0.2652436303777851,0.08714865060343573,0.7271359706237609,0.2982076829292858,0.0024135821390372783,0.8197874889996187,-0.06232568174040309
1.54627,-0.040835681402458246,0.9276964121718403,-0.11516373423927771,0.07923697028915352,0.11695283858425992,-0.2885517918079128,-0.03240453163561107,0.559049234316767,-0.3341419591874377,0.28802299833871975,0.6211111177710785,-0.050526894261156814,0.2524914542103779,0.8092893926116548,0.2481616695329461,0.018202767090215156,0.07906469251852684,-0.31902898404666774,0.22176751032816672,0.47698306576642396,-0.13212001975061674,-0.16131058141377072,0.6047208565758312,-0.454147818990609,0.10296228871545465,0.8832247037852322,-0.12398527118698208,0.1583913546546127,0.06300357163903499,-0.18995466094763605,0.24861835343472816,0.7579495031316744,0.17113296608757259,0.2756007535953598,0.7304193429871063,0.18425455753715597,-0.2607268061084165,0.14343764431912265,-0.10268499958543845,-0.13622733627289485,0.625710875340933,0.20197496939977458,0.1611421557356877,0.8017069710429026,0.3062480311602403,-0.27562527678706344,0.10975263655393065,-0.17193736389765715,-0.130098236564738,0.46870309772002683,0.1074669186092244,-0.2598925592160031,0.6046655057954999,-0.3911905218057108,-0.10085321931877153,0.8838715494675261,-0.001730112445301482,-0.19037583297839156,0.07411190324691755,0.0005058625272608068,0.09044656066591221,0.7545454676984568,0.2652315407164822,0.08694852134282478,0.7268241449957099,0.29820489527016103,0.002237836591371969,0.8194106951721264,-0.062221685466986885
1.55625,-0.041102898189920634,0.9272661946204827,-0.11520334805404284,0.07921200266816378,0.11687090784415921,-0.2885158648834438,-0.03257568247561004,0.5585521012913766,-0.333967526966194,0.2878293324108316,0.6207378166848749,-0.05040536838334899,0.2518984247525213,0.8091594701224438,0.2480468332209467,0.01819700165873527,0.07895551728765167,-0.31899185891119086,0.2216174623037325,0.47686743950029675,-0.13196072327226532,-0.16145844082139285,0.6042133673908323,-0.45398495757837154,0.10273875261954876,0.8828299990202443,-0.12398020188043578,0.15841869405401088,0.06294549782244123,-0.18994537724101077,0.248096747074608,0.7577139859889523,0.17108864458485495,0.2750780411790382,0.7302101586839482,0.18427536407107217,-0.2607404856460597,0.1433708867428047,-0.1026559588422828,-0.1364533940072632,0.6253341640636592,0.2020823487086809,0.16079721896902824,0.8015601290000495,0.3061858655854307,-0.27563548586315967,0.1097008164724805,-0.17191637668035564,-0.13014011516690413,0.46853864320528815,0.1076086111486529,-0.2600468122458959,0.6041511844649214,-0.391035276417951,-0.1010775637362224,0.883481367899887,-0.0016928539879793542,-0.19042570433390646,0.07403040309485186,0.0005415111024160671,0.09016994677476323,0.7542904324125288,0.26518936885132843,0.08671444011237546,0.7265768499646924,0.29817596638804084,0.0020404808855646155,0.819053777805359,-0.06216551450161556
1.56623,-0.04137595016673328,0.9268526466413575,-0.11527933508000802,0.07916598440948268,0.11676998685715387,-0.28852643874810074,-0.03274371998728807,0.5580473786112795,-0.33380318312810403,0.2876453740926444,0.6204090030026039,-0.050306552875293106,0.2513253976282495,0.8090686656730307,0.24791780469990735,0.018169033304189387,0.07884037643775706,-0.3189998825667927,0.22148894822188198,0.4767127687861385,-0.13183375422397875,-0.1615956763886254,0.6036882027256917,-0.4538435217837807,0.1025029263736941,0.8824606478353294,-0.12401247178138605,0.15842532957199482,0.06285969550729528,-0.18998515577150987,0.24759788860692672,0.7575229417302137,0.17102673188201384,0.2745747327758103,0.7300420270681206,0.18427680453627726,-0.2607798433763415,0.14329820521007117,-0.10264937584820345,-0.1366720124152843,0.6249990802020382,0.2021741447734439,0.16044719237987015,0.8014681920315033,0.30611421123576127,-0.27566912413398376,0.1096472957965456,-0.17192157320817403,-0.13017771223298674,0.4683536123423645,0.10773213463157649,-0.26020041029312935,0.6036282040396794,-0.39090889889920477,-0.10129734577636644,0.8831106549186993,-0.0016929648743932485,-0.19050682016534934,0.0739297881911773,0.0005471914750764157,0.0898909631597752,0.7540831203375281,0.26513722723766386,0.08648238373639695,0.7263826812597275,0.2981390202460642,0.0018442712073211652,0.818719318597653,-0.0621478422205441
1.5762,-0.041630438299298377,0.9264836497150001,-0.11532846282694126,0.07911213649310432,0.11666595656351492,-0.2885177090614668,-0.03289120494059422,0.5575533502335576,-0.33359221781799325,0.2874816824879702,0.6201193430664066,-0.05019131741559328,0.2508639987597661,0.809017431086033,0.2478092468346351,0.018122297191373263,0.07873014917413441,-0.31898778916188936,0.22140182222599517,0.47653885819161923,-0.13169104336738724,-0.16171537710000955,0.6031740384742886,-0.45366576734043373,0.10229202272873321,0.8821379261991432,-0.1240308935262749,0.1584170287321001,0.06275600573857136,-0.19001439852854088,0.24718731646471057,0.7573756242591116,0.17099643146635699,0.27416255605638357,0.7299138303269888,0.1842941578098052,-0.2608396197603955,0.14324329453345427,-0.10261629889442625,-0.136837767907747,0.624711263541276,0.20230467249595918,0.16013059311572891,0.8014393515729115,0.30609273671937215,-0.2757227518923347,0.10961465844466595,-0.17189915914613232,-0.13019724343562672,0.46816557400406383,0.10789631074622276,-0.26033599662735624,0.6031097347070435,-0.3907466212551618,-0.10149334470415723,0.8827892091853515,-0.0016696386926764843,-0.19061173127383363,0.0738333614165739,0.0005792515095326282,0.08965255478539481,0.7539439077979959,0.26513608789095594,0.08628615350675008,0.7262496872269033,0.29815019882720195,0.0016711207448774604,0.8184224634119451,-0.06210654718224249
1.58618,-0.04191748106511715,0.9261735040025483,-0.11540849934036514,0.07906116228744728,0.11656874139929149,-0.2884958763040273,-0.033040337561559545,0.5570854613633486,-0.33337725878350855,0.2872920531206395,0.619904026692862,-0.05009089391465497,0.25045670826467586,0.8090612231946833,0.24768790490085918,0.018075462385217126,0.07862627710431755,-0.31896512163025714,0.2213239399587435,0.4763683656492263,-0.1315401730627598,-0.1618500064378333,0.6026556045707352,-0.4534889857565343,0.10205518471047755,0.8818787510941603,-0.12408544066887033,0.15840947740338351,0.06266068179988145,-0.1900311638900754,0.2468095628834836,0.7573238243016613,0.17095372620541363,0.2737830495534298,0.7298782265655664,0.18429563130868895,-0.26090689504385794,0.14318777644754124,-0.10257893107260121,-0.13699545727171888,0.6244905925877475,0.2024255945698176,0.1597838442092513,0.8015245701810249,0.30608810330062824,-0.27578729851510425,0.10958601811012422,-0.1718733199492141,-0.13022782091979002,0.4679668107500187,0.10808350007191946,-0.260480499885091,0.6025834898048733,-0.39057809771655005,-0.10172361743592973,0.8825267324671667,-0.001673888337846316,-0.19072488337715693,0.07373740964317098,0.0006142349399489098,0.08939894798056339,0.7539074493715883,0.2651479562791945,0.08607068777295444,0.7262202825836279,0.2981748635469956,0.001469243323781426,0.8181849488621524,-0.06209260126994357
1.59615,-0.042262226497746046,0.9259128470981622,-0.1155673355324593,0.0790106291941006,0.11646642098927586,-0.28848027121937303,-0.033209551132925785,0.5566400465522368,-0.33320876369460983,0.2870449853719554,0.619756166323845,-0.05003895772511301,0.25003657070396634,0.8091876645342295,0.24752983938967085,0.01803310450550119,0.07851192595569469,-0.31895262240134714,0.221230351099523,0.4761998074413074,-0.13140784686594476,-0.1620206990772152,0.6021089578235587,-0.45336025683459924,0.10176051517079569,0.8816684469695936,-0.12422005914724268,0.15840195932188,0.06257129423940794,-0.19004855473484888,0.24641099178671116,0.7573586289082223,0.1708604982974955,0.27338213513217485,0.7299300538891417,0.1842496110391207,-0.2609711494153495,0.1431068338596368,-0.10256725455196732,-0.1371861485852931,0.6243321670799742,0.20248500593018176,0.15937241878944927,0.8017135885533568,0.306058500965962,-0.27585249065858825,0.1095355052412765,-0.17187530304686674,-0.13028823044124047,0.46774694954707674,0.10825722304610122,-0.260655881430844,0.6020308225054185,-0.39045067752867246,-0.10202194268354259,0.8823084974697701,-0.0017564812555206143,-0.1908326103264717,0.07362681419213153,0.0006193468359089432,0.08909156034788662,0.7539616066550996,0.26512669571348374,0.08579681092726425,0.7262872376881562,0.2981690394894251,0.0012086201707020975,0.8179981912698748,-0.06215742307693686
1.60613,-0.04261210750136835,0.9256584068502596,-0.11577424262107039,0.07893744501963407,0.11631600876858633,-0.28847467736938665,-0.03339272802194583,0.5561806483351873,-0.3330950955869722,0.2867605497027093,0.6195792992676988,-0.0500354018553669,0.24959321049110664,0.809248005702708,0.24736019099563078,0.0179687136073707,0.07834716161082209,-0.3189507799078012,0.22113347328873378,0.47599119729013073,-0.1313201980908263,-0.1622114762557405,0.6015153875808008,-0.45329026759246016,0.10144949583529064,0.8814420538160429,-0.12441567450827919,0.15836245912921615,0.06243175762985591,-0.19007499753250437,0.24599855267267856,0.7573466409838766,0.17073616532386895,0.2729747485038279,0.7299431540497988,0.18416022599161141,-0.26103108273681136,0.1429887313485686,-0.1025849347094796,-0.13739967466971445,0.6241819013865928,0.20248033214485392,0.1589583850402415,0.8018757267075829,0.30599658124326135,-0.2759103182965374,0.10944511892474915,-0.17190556879462593,-0.1303588739870266,0.46750449846206205,0.10839309652933254,-0.2608548412119143,0.6014326121752133,-0.3903884213399423,-0.10234452962983481,0.8820886445861046,-0.001908333739584818,-0.1909304246552961,0.0734831912111055,0.0005898843726823083,0.08876839942275597,0.7540103329420003,0.2650641398534238,0.08549563384510948,0.7263449692200098,0.2981208557236738,0.000930347898719455,0.8177999411832378,-0.062293091444202024
1.61611,-0.04294542930038394,0.9254353566044099,-0.11598428032924747,0.0788402088749822,0.11615294347449748,-0.28846115164692665,-0.03358574748453488,0.5557468887122674,-0.3330035734548481,0.286454009204183,0.6193848047869465,-0.0500654985939356,0.24916647705569675,0.8092359858437851,0.24720132057699465,0.01787920133286523,0.0781732939559007,-0.3189398478391129,0.22104011387770003,0.4757757746475273,-0.13124799714937813,-0.1624182337520479,0.6009261139847802,-0.4532443795884582,0.10114610798001575,0.8812252769323461,-0.12462740138861211,0.15829225090031118,0.06227284312731434,-0.19009476334188796,0.24560095788597375,0.7572878738842088,0.1706072754198727,0.27258699193816693,0.7299071493890222,0.18405115177361261,-0.26109412157362777,0.14287947035898516,-0.10258810548855465,-0.13760672662736267,0.6240508830337641,0.2024395837066343,0.1585856379881827,0.8019891308372666,0.305928951478798,-0.2759672972628196,0.10935835365284537,-0.1719189017593283,-0.1304344681795095,0.46728533617593054,0.10852411833127608,-0.2610696560202157,0.6008366530088712,-0.3903535927502613,-0.10266010846937948,0.8818938737973082,-0.002080307621819645,-0.1910239510820147,0.07335064785211762,0.0005702227809659422,0.08846812419898747,0.7540428752979099,0.26498238701511,0.08520621700468703,0.7263825518195588,0.2980516966572133,0.00065320622348368,0.8176136233626935,-0.06245441918194934
1.62608,-0.04327232418906447,0.9252987466496382,-0.11616391674407486,0.07873481996025204,0.11605027003109351,-0.2884241333969274,-0.033788148880927106,0.555409614052555,-0.3328929749210206,0.2861300257539677,0.6192474688062899,-0.05011399468120075,0.24880635267670181,0.8092309376242302,0.24706687961714874,0.01778116101695553,0.07806861947395122,-0.3189046777843789,0.22094853322823002,0.47562177119457694,-0.13114227843571757,-0.1626477533679352,0.6004156597415209,-0.4531768188826723,0.10084981751845823,0.8810892055384731,-0.12481290271724203,0.15821703278597662,0.06216896165305094,-0.19009312193787314,0.24524480456310804,0.7572606101241826,0.17049421094224054,0.2722360514076474,0.7298831569049709,0.1839494137382922,-0.261171565172061,0.1428409958651469,-0.10252513197456901,-0.13778100950994504,0.6239805615989056,0.20239638249958491,0.15826984712368955,0.8020997834760596,0.30588974320160495,-0.27603857286370864,0.10933833688038468,-0.17186509467731065,-0.1305233087102456,0.467144079476235,0.10870258822412174,-0.2612967459710651,0.6003142421096106,-0.39028715982494866,-0.10296063183720196,0.8817809067413017,-0.0022194297921210486,-0.19112474822114417,0.0732913275056722,0.0006126059222560538,0.08821396446931261,0.7540969552158603,0.26491181419892534,0.08495710786065702,0.7264434228853449,0.29799223567503963,0.0003710177784671783,0.8175046779140206,-0.06259224432396737
1.63606,-0.043613780636165896,0.9251962579824953,-0.11635391158892527,0.07863523456601795,0.11597335315339538,-0.2884294212133968,-0.03399978809261939,0.5551137334946941,-0.3328125408659183,0.2857799698031435,0.61913272917104,-0.05020360163046404,0.24845915373537214,0.8091656011836176,0.24695842655235783,0.017690584090120188,0.0779939875602629,-0.31891495045575086,0.22085059253939934,0.47548611077950376,-0.13105612650651033,-0.16290228194374085,0.5999305031017017,-0.45313681529810473,0.10053467405169252,0.8809859911712623,-0.1250090676504872,0.15814917860900238,0.06207751755075831,-0.19014224434895485,0.24489603235491378,0.7571995465233547,0.17038459466970213,0.2718866697192893,0.7298194734427961,0.18384206288757754,-0.26126515852831356,0.14281403491353817,-0.10246431905781306,-0.13795737330689878,0.6239122380305515,0.2023197293553898,0.1579962817315468,0.8021470012763156,0.30584219151502334,-0.2761292347372984,0.10932893932198615,-0.1718186528556938,-0.13063351966332015,0.46701667617980447,0.1088736564120497,-0.26154202307778174,0.5998180843750677,-0.39023961438704474,-0.10327334761204356,0.8816858975203588,-0.002373462358658704,-0.19123903898379427,0.07323395896560016,0.0006449851253784495,0.08798465599053475,0.7541098748726524,0.2648291013360568,0.08472711019708361,0.7264601982576708,0.29791149271795875,6.564032811003242e-05,0.8174198922185535,-0.06274820057165405
1.64603,-0.04398477989983719,0.9250896158086748,-0.11658698676001085,0.07855177678492141,0.11589177622275737,-0.2885009668335019,-0.034220503240705344,0.5548157320858617,-0.3327928710013385,0.2853981091647061,0.6190183025189416,-0.050334031045633956,0.2480715145681905,0.8090000074563093,0.24688392846758,0.01761792791002057,0.07791290406254803,-0.3189953450642673,0.22074194161868999,0.47534194863586215,-0.13102414615692776,-0.16317627939525026,0.5994252737033817,-0.4531598021864302,0.10018211517184562,0.8808790012898752,-0.1252419779504304,0.15809631458174508,0.06196994195206975,-0.19026642050476808,0.2445168145619429,0.757063336502205,0.1702800654587379,0.2715040185102241,0.7296846107099159,0.18372988358045717,-0.26136772528367597,0.14275593661745895,-0.10245014593968207,-0.13817008410372167,0.6238199698414288,0.20218680379547818,0.1577417089945247,0.8020967140539151,0.3057654292426382,-0.2762306070372652,0.1092890150182795,-0.17182432558731522,-0.13076437890868958,0.46686595431260064,0.1089956956660752,-0.26180703411173883,0.5993070803143692,-0.3902517595955382,-0.10362196660369848,0.8815709430837654,-0.002582935114261793,-0.19135979347227006,0.07313262679287202,0.0006239600223931517,0.08775333235513647,0.7540509829887255,0.26471893371645316,0.08448801735004921,0.7263961703768119,0.29779066620421035,-0.00027718050363536234,0.8173238429983569,-0.0629557498569162
1.65601,-0.044387532219816735,0.9250199068858803,-0.11684658987533456,0.0784869355570967,0.11583719544266317,-0.2885484659652064,-0.03445221790354615,0.554553615419239,-0.3327846509041568,0.2849877314275712,0.6189591357643498,-0.05044879179967429,0.24764351754223254,0.8088194078911355,0.2468639431109523,0.017562062972304678,0.0778537909636759,-0.3190490796691981,0.22062706853670402,0.4752459813690527,-0.13099490671900063,-0.16345639719137547,0.5989297405867849,-0.4532070281375016,0.09979671878015026,0.8808121464311016,-0.1254816234434366,0.15806285527383182,0.06190092487274882,-0.1903628880185981,0.24409288560576486,0.7569283265481912,0.17021940891352705,0.2710796125632209,0.7295423578459844,0.18365431097359838,-0.2614628670213181,0.142715559246686,-0.10242243296750797,-0.1384203426496235,0.6237863622370241,0.2020218444739505,0.1574824116226656,0.80201968864397,0.3057007623944787,-0.27631722432197076,0.1092655113160331,-0.1718098870639582,-0.13090107539448184,0.4667609451072304,0.10910816820629059,-0.26208339337117187,0.5988066358094079,-0.3902894211307822,-0.10400777151633282,0.881504978165049,-0.0028257073080015832,-0.19146175620861589,0.0730541801774273,0.0006208623642066113,0.08750590652490968,0.7539989390798248,0.26460564651125434,0.08422499274635044,0.7263279211167872,0.2976622345196876,-0.0006610230196033082,0.817272700348838,-0.06318916553946263
1.66599,-0.044810394887696586,0.9249872240174615,-0.11715457031975028,0.07842484726921026,0.11579865055125199,-0.2885631261323155,-0.03468929909611003,0.5543125510485661,-0.33279483948072225,0.2845711104280474,0.6189636335088194,-0.05056527481189339,0.24720094648988078,0.8086562881404206,0.2468596538375049,0.017507670445135882,0.07780894301286197,-0.3190654233895392,0.22050908814323864,0.4751894517057891,-0.13097323434818214,-0.16373683413443416,0.5984394190920023,-0.45327892456006724,0.09939070411473706,0.8807865945788879,-0.12575034000278507,0.15803523988791615,0.061858987089846586,-0.19041951346629638,0.24364746823922126,0.7568220564766438,0.1701754014140994,0.2706373143417243,0.7294227825008823,0.18359012936385496,-0.26154361276268484,0.14268812202519054,-0.10237939622380038,-0.1386860356955679,0.6238305467415579,0.20182435730306814,0.157235597816189,0.8019499328601505,0.30562567676945895,-0.2763872113146984,0.10925662727098039,-0.17177361463257038,-0.13103367267736815,0.4666996097113053,0.10920636823533961,-0.2623609760376466,0.5983099109577092,-0.3903538982395403,-0.10441025560460689,0.881495244470385,-0.0031185305571562673,-0.1915414299030238,0.0729996894587606,0.0006384309734093278,0.0872636782908649,0.7539765622065941,0.26447192147173554,0.08396238639081767,0.7262874260913726,0.2975128121428633,-0.0010671900142521036,0.8172655897503057,-0.0634594305595835
1.67596,-0.04523138244138456,0.9249586157186899,-0.11754769205728287,0.0783452264738159,0.1157343098259128,-0.28859369333666796,-0.03491876677079604,0.5540416680181354,-0.3328605887717532,0.284184159577087,0.6190035005870378,-0.05074213423281025,0.24678557983713478,0.8084984011914956,0.24680615988781884,0.017436324217039622,0.07774299309118325,-0.31909481796250283,0.2203935308811852,0.4751142897520265,-0.1309976237278025,-0.16401449382747713,0.5979231488156792,-0.45339674945143454,0.09898237630078435,0.880768867461026,-0.1260968051073577,0.15799436486449656,0.061785340183516474,-0.19049003880035098,0.24322930185036992,0.75672965321774,0.1700863907676435,0.2702231118690097,0.7293234018593188,0.18347726104817155,-0.26161064735792977,0.14262932537215195,-0.10235592946025326,-0.1389297389367894,0.6239184974533417,0.20158532744134935,0.15704499111179548,0.8018877399568056,0.3054841981931735,-0.27645422054367375,0.1092223807587632,-0.1717584915358943,-0.1311529166233898,0.4666255466475672,0.10926049774142926,-0.26262848289039376,0.5977864149773503,-0.3904653201817041,-0.10479523848603081,0.8814993198443591,-0.0034941942372598545,-0.19160995036693626,0.07291867449599408,0.000635406936040744,0.08706956247025607,0.7539622931360667,0.2642822334166568,0.08374831469055463,0.7262659569802675,0.29730701651728647,-0.0014619050378245374,0.8172592508646406,-0.0637957744776811
1.68594,-0.04562181262036596,0.9249268894542585,-0.11797140234811654,0.07827265706195366,0.115637098218923,-0.28861801071593535,-0.03511892516166108,0.553747913845494,-0.3329250378730302,0.28386530926826853,0.619079052384346,-0.05093955198043674,0.2464455261163439,0.8083641591459119,0.24673966565763938,0.017363701699795446,0.07764780113296217,-0.31911449439358136,0.22030727147240808,0.47500239637722474,-0.13102693560630896,-0.16426554775775906,0.5973827983811358,-0.4535080357940364,0.09860308529369734,0.8807505783554623,-0.12647867931368426,0.15796073121353482,0.0616727962254433,-0.19055810814939003,0.24288369742239974,0.7566604965079832,0.16998592488620576,0.26988348194556794,0.7292486149938,0.18335241110410797,-0.2616617546282163,0.14253997636815358,-0.10230575816022487,-0.13911201626651926,0.6240403363051151,0.20136555230243391,0.15693315003435898,0.8018483921744042,0.30532092169746045,-0.2765113680822395,0.10915463130858347,-0.17171496840918535,-0.13122781036481154,0.46652786244107297,0.10931397544148995,-0.262868963983395,0.5972425195788418,-0.39057402434037153,-0.10513164494843895,0.8815083416479016,-0.003892808114106759,-0.19165951429160033,0.07280161018629092,0.0006586115869777818,0.08694690523555011,0.7539714570876094,0.264084207523669,0.08360775795229501,0.7262691206836781,0.29709456511894317,-0.0018143391355198608,0.8172555772972165,-0.06415472279664561
1.69591,-0.04596997765736672,0.9248958863059145,-0.11838152630519366,0.07821939417797112,0.11551682517813461,-0.2886211510026416,-0.03528245249002799,0.553453376709682,-0.3329513028738673,0.28362282176166503,0.6191915601829118,-0.051122474659909135,0.24618960668813208,0.8082674729558026,0.24668932866761756,0.017299071467344364,0.07753267953572368,-0.31910930838795704,0.22026019923478032,0.4748585134690306,-0.1310328372162715,-0.16447866594767308,0.5968405327297991,-0.4535833956195001,0.09826497505244258,0.8807365820641418,-0.12685342697418064,0.15794352222000793,0.0615347338803695,-0.19061061174678426,0.24261639753670186,0.7566190283144688,0.1699028398600966,0.26962593990402395,0.7291999437830324,0.18324734974779638,-0.2617006747831566,0.14243701713832357,-0.10220250011984733,-0.1392363379412879,0.6241894826316282,0.20119671838447484,0.15688311200868557,0.8018371525258591,0.30517326370246045,-0.27655574580481773,0.10906365258028945,-0.17161397482838242,-0.13125241571859517,0.4664180862937152,0.10939155109051997,-0.263076882358713,0.596701005109488,-0.39064841431614,-0.10541556161072382,0.8815251499367428,-0.0042675981501157515,-0.19169227373376715,0.07266202700002578,0.0007371869347678978,0.08688217797592801,0.7540094494692088,0.263910603586803,0.08352687833659635,0.7262945373424006,0.29691225886945233,-0.0021190337575123703,0.8172661698289846,-0.06450020264592517
1.70589,-0.046303687820952795,0.9248736671565013,-0.11880978317508692,0.07815041083387936,0.1153922626440502,-0.28864050231536514,-0.03543533778785036,0.5531700531507049,-0.3329927879260332,0.2834050648896744,0.6193269977701961,-0.05132383858454591,0.24594907519966933,0.8081933232129139,0.24661277071333554,0.01722107309852519,0.07742057046397252,-0.3191184554316565,0.22021869428424024,0.4747046755944044,-0.1310554533978374,-0.1646799930985812,0.5963275007002574,-0.45367813882415425,0.0979337558650167,0.8807396524241095,-0.12723523502069617,0.1579098267965519,0.06139051034911987,-0.19067937747678515,0.24236053597179383,0.7565849494151968,0.16980149991908866,0.26938412133963935,0.7291672795901071,0.1831273850832568,-0.26174275819398424,0.14233829886787464,-0.1021005341916091,-0.13938548450530097,0.6243517770280052,0.20101531631061573,0.15681761317662934,0.8018317715587086,0.3050065975645904,-0.27660274415952896,0.10897262991534402,-0.17151470109781497,-0.13127809233821872,0.4663204236224826,0.1094438569886162,-0.2632734617682804,0.5961846885637508,-0.39073106139755237,-0.10569383554587161,0.8815536546883305,-0.004653416415973458,-0.19173753333566831,0.07252919594895645,0.0008191287014078633,0.08680561619016015,0.7540423785687445,0.2637179620487077,0.08343397395953532,0.726316856460891,0.2967221567646591,-0.002418410521529814,0.8172931833593913,-0.0648558710906644
1.71587,-0.046629923216052756,0.9248568875487883,-0.11925838999635548,0.07807352149292142,0.11526590814538781,-0.28866221794421776,-0.03558285260897076,0.552897079822049,-0.33306259429998036,0.2831981509953321,0.61945648065261,-0.05156391513364931,0.24572264866316007,0.808121666075582,0.24648530969690532,0.017140323543271416,0.07730560168506306,-0.319129128662498,0.22017788960098073,0.47455669500737985,-0.13109960953378974,-0.16487406536930815,0.5958350949517501,-0.45380340213030224,0.09760906889856417,0.880745839019041,-0.12762817426877784,0.15786584280842314,0.06124695240034465,-0.19074269756834258,0.24211354304106067,0.7565399108016574,0.16966178507827565,0.2691531154752969,0.7291295016670131,0.18296804642637113,-0.26177052059522316,0.14223478547846774,-0.10200404256896925,-0.13956755201257884,0.6245044701283612,0.20079997335024619,0.15670741740186284,0.8018256755971064,0.3048160208933401,-0.27663618280423924,0.10887450437336765,-0.17142054554766312,-0.13130333627994364,0.46624120513324824,0.10946347664178292,-0.2634613745289499,0.5956855334560555,-0.390839568690277,-0.10596860307176884,0.8815835896624103,-0.005057464633527071,-0.19177150054694456,0.07240549808662422,0.0009011781207124579,0.08669857581877068,0.7540551519485883,0.2635003622395659,0.08331121273215268,0.7263252500050849,0.29651109014456883,-0.0027136357886353383,0.8173235534684871,-0.06523022897237302
1.72584,-0.04694088227497234,0.9248366300057088,-0.11970745967762333,0.0780221481286461,0.11513127532661692,-0.2886470879645229,-0.03571866652215801,0.5526292992616527,-0.33314243750313305,0.28301420538277144,0.6195500023159646,-0.051849410841385044,0.24555516403883312,0.8080355574933772,0.2463003758407356,0.017084206750024394,0.07716748312547692,-0.31910263100570546,0.22015105050843906,0.47442303455191065,-0.13114677187723459,-0.16505304600563817,0.595334513212665,-0.4539369541713153,0.0973115236316747,0.8807291876038557,-0.12802987948576638,0.1578415390077746,0.06110349956946182,-0.1907560365602265,0.24191626295235605,0.7564733975755891,0.1694776600754678,0.26896981705860756,0.7290646234871091,0.18275738436863856,-0.2617542696042471,0.1421051777113402,-0.1018843223440964,-0.13973796363607754,0.6246244815080295,0.2005638721767754,0.15656310072126378,0.8018249602479492,0.3046187808530385,-0.27662757158421003,0.1087465398912466,-0.17129855275975608,-0.13129413458603395,0.4661739139078612,0.10947188535664736,-0.2636343025179259,0.5951805436622987,-0.39096886461211383,-0.10621412341088146,0.8815985586610642,-0.005463879352258538,-0.19174672518661118,0.07227477219387181,0.0010114046232896376,0.08658023317678877,0.7540521940038311,0.263278806614012,0.08318044049876713,0.7263226022015091,0.29628643101808805,-0.0029796925942056356,0.817340298534721,-0.06561891359726608
1.73582,-0.04725068030419252,0.9248237887231819,-0.12017299757513521,0.07796730210944391,0.1150067088568209,-0.28865580306133987,-0.035873307120616905,0.5523903001148158,-0.3332568615524217,0.282822646870494,0.619623353414583,-0.052198288942296014,0.24542395767541936,0.807942286156605,0.2460397016330749,0.01702405381694642,0.07703548005955763,-0.3191015022281473,0.2201095247162391,0.4743091429189617,-0.13123224540895734,-0.1652468957970078,0.5948643775303594,-0.45410189801009004,0.0970154901063694,0.8807137791605425,-0.12846722019472231,0.15781196980570844,0.06097642947359937,-0.19079279493358003,0.2417431658206949,0.7563960058482672,0.16922356881916495,0.26880740462695585,0.7289856949842766,0.18247655635235815,-0.2617382713864493,0.1419751188340958,-0.1017840163839582,-0.13991896190279224,0.6247162649312576,0.20028532062174637,0.15637738831350384,0.801825109060194,0.3043942597592922,-0.27661973311479704,0.10861419562003331,-0.17119522443987023,-0.13128849976434417,0.4661258471284848,0.1094343775174525,-0.26382388515820065,0.5947009499332179,-0.39113165783622694,-0.10646165753704878,0.8816082632572051,-0.0058832217855981014,-0.19171992850139824,0.07214335469801514,0.0011047234489054425,0.08643178092919573,0.7540431564059282,0.26302776315011306,0.08302338839486108,0.7263122883897493,0.29602872665377,-0.0032417741483214374,0.8173633934777936,-0.06603625559509378
1.74579,-0.04756175473641199,0.9248245839927518,-0.12065220566578654,0.07789383847260052,0.11490500211235162,-0.2887249315699902,-0.036053890375335115,0.5521929865037317,-0.33340933532560374,0.28261509215089853,0.6196914570474543,-0.052613565575542434,0.24531588341670868,0.807848150992974,0.24570379108118265,0.016945749208858885,0.0769336413214497,-0.3191608907952899,0.2200409632005709,0.4742177661869125,-0.13136642223215086,-0.1654652943603934,0.5944562103308144,-0.4542997466676739,0.09671301508361885,0.8807201893028314,-0.128940505523252,0.15776663135958363,0.060874761602897634,-0.19089628152153842,0.2415800234911524,0.7563144823264412,0.1688942546997369,0.26865367426253595,0.7289040666913543,0.18212579382843513,-0.26175276721574364,0.141867352698503,-0.10172255984425134,-0.14011469559471,0.6247810493532655,0.19996310283464588,0.1561639066679809,0.801824022790975,0.3041317758857975,-0.2766419857552835,0.10850065049260162,-0.1711317140493198,-0.13131066022790222,0.46610129639290027,0.10934176096430868,-0.26403967887932495,0.594274252912385,-0.39132064572575553,-0.10672658407227015,0.8816212290562719,-0.006307962753529319,-0.19173246441646455,0.07202231154134774,0.0011603895822938756,0.08625679584696172,0.754032457437259,0.26273599318867785,0.08284296784102597,0.7262953705667867,0.2957343930000392,-0.0035086051693191873,0.8174063535224949,-0.06647377884505082
1.75577,-0.04784568760476152,0.9248250200428256,-0.1210928347095593,0.07784878409584454,0.11481207391869733,-0.2887861443897143,-0.03620441080562069,0.5520103663588298,-0.33354075531714505,0.2824470842704878,0.6197416199183359,-0.05306758421029921,0.2452740661245188,0.8077421536004087,0.24533230511660922,0.016894632933426603,0.07684452618366434,-0.31920477147752235,0.21998792419637295,0.4741463771999902,-0.13148295956961933,-0.16565993840607246,0.5940812979035343,-0.4544680327835616,0.09645263729644475,0.8807321233398889,-0.12938975557153903,0.1577536915894357,0.0607818756161184,-0.19098392168862668,0.24147129415495772,0.7562154073832459,0.1685314592021038,0.2685595860689099,0.7288061783056647,0.18174179055602335,-0.2617573324061821,0.14176942874431606,-0.10163287533736784,-0.14025771641951498,0.6248001137484225,0.1996511217398883,0.15598281035995812,0.8018313187257827,0.30385971283004176,-0.2766556490178404,0.10839451573739586,-0.17103416044720168,-0.1313157630849763,0.4660904211987573,0.10926496241538705,-0.2642299009012922,0.5938820817000293,-0.3914840241568692,-0.10696344273312013,0.8816284766600371,-0.006687790241162428,-0.19173415426614046,0.07191606645855447,0.0012469008072398483,0.08612097763753282,0.7540125898393364,0.2624439424054029,0.0827033929939653,0.726269181103086,0.295442213703611,-0.0037319068449049807,0.8174492817209501,-0.066876244021852
1.76575,-0.04809505009877193,0.9248332699895238,-0.12149489469434073,0.07783248118414911,0.11473148507081202,-0.2888336094778216,-0.036320185470210826,0.5518480644274985,-0.3336542707080419,0.28232045331742667,0.6197813404910747,-0.05354674870199315,0.24529771774087802,0.8076260947599715,0.24494169252064024,0.01687022422919166,0.07677064700437101,-0.3192367120516837,0.21995485094396797,0.47409005377487656,-0.13158309619603673,-0.16581902822220856,0.5937433899485511,-0.45461428680462057,0.09624073237088424,0.8807523648068716,-0.12981149914675405,0.15776850595758102,0.06069310248562147,-0.19105639415163092,0.24142150665862877,0.7561052320983579,0.16815482500203763,0.2685287962894916,0.728695526796866,0.18133935641205595,-0.26175266769419553,0.14169063654512007,-0.1015213565181203,-0.14033271702040068,0.6247867963232785,0.19935417035597117,0.1558395942808585,0.8018609800282073,0.30359163269956096,-0.2766618177952711,0.10831062965136064,-0.17091445608708053,-0.1313027665016759,0.46610227657312453,0.10920706111827314,-0.2643832755377639,0.5935339533003086,-0.391628344554967,-0.10716217125982733,0.8816343422601829,-0.007026322057243597,-0.1917272075265161,0.07183172016906951,0.0013520142993344302,0.08603343392645192,0.7539957683149928,0.2621624041495815,0.08261719393089992,0.7262464272988266,0.29516066808950225,-0.003907944699561683,0.8174993167686604,-0.06724720282568994
1.77572,-0.04832066615360471,0.9248698459963833,-0.12189862310845295,0.07780791212404711,0.11467607469251839,-0.2889096329220535,-0.03643430915319715,0.55173118296516,-0.33379531244367094,0.2821965899256938,0.6198322053926238,-0.05404711499210176,0.2453506461607874,0.8075131281789268,0.24453167222712774,0.0168356280611035,0.07672627319648957,-0.31931617101894555,0.21991829716034603,0.47404024993505556,-0.13171487725643935,-0.16596025703077474,0.5934678310203484,-0.45479228836564917,0.09604951218780848,0.8807979630146145,-0.13024508472577626,0.15776657749609405,0.06061193218260617,-0.19117461467356991,0.2414009555668454,0.7560046661418054,0.16776487198130885,0.26852514686598344,0.7285895108295366,0.18091705517103127,-0.261769204048292,0.1416522021613646,-0.10144726343188498,-0.1403687043414762,0.6247769473879914,0.19904102328970397,0.15569837029727504,0.8019289628421657,0.30332784460584766,-0.2766897850015194,0.10827669626711434,-0.17084393139437906,-0.1313026248723234,0.46615261774582856,0.1091209574941174,-0.2645208845960588,0.5932555723124275,-0.39179827346404367,-0.1073433888826549,0.881652896532276,-0.007366410284125484,-0.1917519721487758,0.07177396798921647,0.0014082982379149554,0.08595819367521661,0.754008496331698,0.26187893796487366,0.08255350896139738,0.7262514716044879,0.2948761554214782,-0.004066987525118002,0.8175810735912479,-0.0676302259701601
1.7857,-0.04851941962734524,0.9249153451949872,-0.12230038214138979,0.07777434379799181,0.11462017811502656,-0.2889885469049162,-0.03652405751441441,0.5516306852359355,-0.3339314690079661,0.2820899010059063,0.6198885614777893,-0.05453606340846394,0.24542989913970384,0.8074135587967557,0.2441360435974431,0.016790157279379415,0.0766831637179915,-0.31939909895445284,0.21990011574860016,0.47397875233294373,-0.13184270392665326,-0.1660675959901554,0.5932305802815667,-0.4549642288338128,0.09588529352342777,0.8808611836968847,-0.13067648500800122,0.15775079673130812,0.06052230579794712,-0.19129527149825565,0.24140387847951408,0.7559148981239563,0.16738282700172957,0.2685409640471991,0.728493823687061,0.1805032813877566,-0.26178194149204026,0.1416293642479597,-0.10139004042978293,-0.1403644134650252,0.6247755966092436,0.19873306423001608,0.1555666000837346,0.8020494020504829,0.30308487633830095,-0.27671242861193746,0.10826051190535309,-0.1707917688214157,-0.13129173778146624,0.46620550576869496,0.10902784968933817,-0.2646263179122793,0.5930219425267436,-0.3919638666180973,-0.10750299649988385,0.881683464091995,-0.007698506111265875,-0.19177897959863613,0.07172225773047886,0.0014484513786368442,0.08589908248255201,0.7540621670554204,0.2616152450603028,0.08250890271548887,0.7263024868526121,0.29461351531843966,-0.004194361187080701,0.8176783566900603,-0.0679979645618712
1.79567,-0.048703700959745994,0.9249588969622343,-0.12269592851738038,0.07774238625752243,0.1145507156586405,-0.2890383572262038,-0.03657410445287833,0.5515254362435312,-0.3340424656683325,0.2820100553470937,0.6199579974956674,-0.05499501065000512,0.24551863148899922,0.8073459114134448,0.24376887899255667,0.0167450933102299,0.0766256869191725,-0.3194357461613149,0.2199109065806216,0.47391152556069155,-0.1319406347224127,-0.16613652031098677,0.5930071743075451,-0.4551042636423164,0.09574252490536325,0.880939879131726,-0.1310926557427235,0.15773681092932718,0.060426431226185046,-0.1913698245293345,0.24141555880570978,0.755847175169628,0.1670185514565175,0.26856421415132414,0.7284252910781426,0.1801123895708593,-0.2617671778085236,0.1416028066250832,-0.1013226680068511,-0.14033236481893258,0.6247844546968334,0.19844062584794905,0.1554393599292018,0.802233545487612,0.30285727280496105,-0.27670541569312207,0.10823456710934135,-0.1707213775898022,-0.13125603038485403,0.46624616201022484,0.10894707351893272,-0.26469473352319367,0.5928052048061953,-0.39210468713920815,-0.10765387755887694,0.8817277478318598,-0.008018412032509033,-0.19177610853781912,0.0716696329084662,0.0015103612557453936,0.08585019685670243,0.7541639039851284,0.26137216185971507,0.08247079804220644,0.7264104279456012,0.2943755112334013,-0.004293310105213707,0.8177812753252757,-0.06833329978291369
1.80565,-0.04892683428940422,0.9250313015524477,-0.12311384292089589,0.0777200699537726,0.11450231003659365,-0.28906220557687207,-0.03662118347502951,0.551442657664943,-0.3341840672806119,0.2819219623636179,0.6200902985121479,-0.0554585189983882,0.24555404807823558,0.8073439022349831,0.24337799731883525,0.016710332824849797,0.07658846778588424,-0.31943663704273295,0.2199101294663858,0.47389448693784514,-0.13205806999566694,-0.16620800664422836,0.592800785892864,-0.4552718676049712,0.09556886283146761,0.8810583048603577,-0.13152323441941202,0.15773346661343252,0.0603716775004756,-0.19141153172131564,0.24138934970029705,0.7558423250586505,0.16664040364901356,0.2685568610429389,0.7284270722548468,0.17970600822367286,-0.26174043992333895,0.14159172574646497,-0.10125871847341328,-0.14033065853236495,0.6248173602487559,0.1981146217772812,0.155258068020514,0.8024888848356118,0.3025836844793297,-0.2766871450455789,0.10821797085381633,-0.1706529009202451,-0.13123510896512586,0.46633193928065936,0.1088478843972033,-0.26476909325408166,0.5926014710728209,-0.39226980742682,-0.10785863555319046,0.8818004116007746,-0.00837041040854317,-0.19175294068622756,0.07164867981777273,0.0015749857164986773,0.0857600027250087,0.7543223565123113,0.26108470871877043,0.08239085883712755,0.7265761673872734,0.29409409750337256,-0.004431734498285001,0.8179184470475341,-0.0686898076165369
1.81563,-0.04919559556488861,0.9251178762718935,-0.12355727378826013,0.07771228049261977,0.11446965018648309,-0.28907948785364096,-0.03667236341356255,0.5513735681635431,-0.33436951089965716,0.2818272499083978,0.6202756618166673,-0.055943132186877624,0.24553578841702073,0.807406481828772,0.24294158894670898,0.016693169953393483,0.07656006605891867,-0.3194328557432212,0.21989510423944475,0.47391430607330043,-0.13221039153104908,-0.1662875255611482,0.5925975976543473,-0.4554834185145413,0.09535814201706595,0.8812011929742544,-0.13197172879474814,0.15774727416503728,0.060348494546409524,-0.19144513052263185,0.24132401990849245,0.7558978582588594,0.16622980899074855,0.2685197988519416,0.7284961577468121,0.17926829336200958,-0.26170509789829,0.14157081069526622,-0.10122388355872147,-0.14036434245131632,0.6248535087438009,0.1977505004077401,0.1550086791634556,0.8028090955677901,0.30224934895403094,-0.2766595500000373,0.10819107098159239,-0.17061571700088715,-0.1312351031729615,0.4664293103249724,0.10871721866836856,-0.2648509733989113,0.5923975649331965,-0.392475106947476,-0.10811658838349489,0.8818790761127342,-0.008757250454059333,-0.191716676431077,0.07163052232219966,0.0016094066594638475,0.08561151116229397,0.7545314971401806,0.26073710792111104,0.08226066285389567,0.7267909075336143,0.29375455335451184,-0.004615668089695911,0.818071135365442,-0.06907437020584888
1.8256,-0.04947599401050097,0.9251762878502394,-0.12400478404312455,0.07771938918824192,0.11441974206905975,-0.2891129097660615,-0.03670703244311341,0.5512874476603554,-0.334571058102944,0.28176178059548357,0.6204666118394095,-0.056445352298811806,0.24551394743147242,0.8075119198365441,0.24246944483289898,0.016695367063904624,0.07649981112751304,-0.3194557738298108,0.2198961323445248,0.4739099828493078,-0.13237727621711992,-0.16634970338137606,0.5923781834711552,-0.45571206893907923,0.09514329221462899,0.8813310888372139,-0.13241669521729285,0.1577803245271317,0.06030892487897654,-0.19149265026826712,0.24125799632961425,0.7559854782589595,0.1657834893152476,0.2684867645309307,0.7286014264155174,0.17880577364449374,-0.26165276127983317,0.14149229259382734,-0.10123959821422247,-0.14039476146097216,0.624856880409704,0.19738494712946977,0.15471947928318133,0.8031847247394798,0.3018801077117292,-0.276609647646236,0.10811293081362189,-0.17063085424482904,-0.13123060187109464,0.4664484866830891,0.10856463982397122,-0.26490838488401947,0.5921794718266089,-0.39270107656427633,-0.1083751948137891,0.8819230891486829,-0.00914529125298905,-0.19166783533756795,0.07155245152521024,0.0015869304259595411,0.08542319895859778,0.7547812681399584,0.2603581092194696,0.08210778954226206,0.7270467070322876,0.29338863834234924,-0.004798471474047794,0.8181936951868957,-0.06945297869051913
1.83558,-0.04974681538342189,0.9252451136334872,-0.12443124457657562,0.07773102275202953,0.11437960591061053,-0.2891470890525713,-0.0367177643637632,0.5512277095016943,-0.33477443277880115,0.2817559024455288,0.620707843296232,-0.056958905798602945,0.2454991231314849,0.8076966370187932,0.24197132040801278,0.01670082037866417,0.07644782315612483,-0.3194764566014017,0.21992097988889903,0.47390793645931584,-0.13254106033420016,-0.16638818959980992,0.5921889228998077,-0.45593947715698635,0.09493356014835092,0.8814853597372116,-0.1328391020830651,0.15781827135114582,0.0602839369742921,-0.19154140083701907,0.2412186537526468,0.7561541201834884,0.16530260640214803,0.26847644003555954,0.7287879633009469,0.17831876909838054,-0.2615881852013805,0.141411608776597,-0.10127255593817969,-0.1404149775787636,0.624874291351515,0.19704508861301517,0.1544152113168624,0.8036504319798237,0.3014797926217391,-0.2765420026687724,0.10803027652424968,-0.17066448718321583,-0.13120842681828154,0.4664496580051707,0.10841448812688728,-0.2649417737610267,0.5919874384259696,-0.3929251657330261,-0.10861656216610538,0.8819690662364831,-0.009516627158610316,-0.19160399013421467,0.07147205065703865,0.001545482620088786,0.08522215068642948,0.7551082783051285,0.2599586017848661,0.08195223527209695,0.7273794390082166,0.2929992346477507,-0.0049658198865524025,0.8183315616367285,-0.06981826740647852
1.84555,-0.049990133146926075,0.9253623788487653,-0.12481717426499253,0.07774166681623597,0.11437349025661858,-0.28918013998367237,-0.036696952851737415,0.5512311670525676,-0.33497333969154747,0.2818276106572561,0.6210343438157898,-0.057471762964822044,0.24549327592938278,0.807976593008683,0.24146515832285598,0.016700842575584775,0.07644098105752278,-0.3194858996736035,0.21997519682507516,0.4739302632957728,-0.1326961817668775,-0.1663988689865302,0.5920704815290052,-0.4561546619164509,0.09474047184127331,0.8816940038299724,-0.13322217794465196,0.15785072323457064,0.060298097269359904,-0.1915912534928142,0.2412218087228426,0.756428677148454,0.16480202970953087,0.2685006027849684,0.729079707007655,0.17781586143371916,-0.26151938857299956,0.141380632853587,-0.10130111702884631,-0.1404287635077506,0.6249451814845157,0.196745279454935,0.15411044122024004,0.804216766733424,0.301057851114755,-0.27647090141230735,0.10799141877943813,-0.1706935345946866,-0.13116173678945459,0.466489576211486,0.10828042829849067,-0.26495087300791914,0.5918571960870442,-0.39313232367331963,-0.10882791688840017,0.8820520496704407,-0.0098599702606087,-0.19153063917008364,0.07144265906726442,0.0015114493229726885,0.08502503116700157,0.7555298788638893,0.25954828238985633,0.08180456535282739,0.7278026133067619,0.29259194616648404,-0.0051089109816600635,0.8185228794973501,-0.07016431732029195
1.85553,-0.05018913301052132,0.9255090830549378,-0.12516402686895464,0.07776347834011091,0.11437720987180384,-0.28926320472093087,-0.03662746413491754,0.5512685006819785,-0.33517054741679225,0.2819727618845452,0.6213999817829646,-0.05796860860741169,0.24550907412683118,0.8082883184585512,0.24097928429542773,0.016714186999274572,0.07645196043060141,-0.31955590150040597,0.22007599626643423,0.47392944218178834,-0.13286087243873895,-0.16636855286065347,0.5920031667315993,-0.4563586720743375,0.09459384093174285,0.8819225683432069,-0.1335585430434037,0.15788746777898152,0.060307267532122774,-0.19169097843832325,0.2412671158992181,0.7567340832879261,0.16431509658799573,0.26856730534581497,0.7294071275226215,0.17732112230660205,-0.2614509232827975,0.1413704746244394,-0.1013645883961957,-0.14043915465449322,0.6250376061666608,0.19647584697285614,0.1537976659645799,0.8048227546012118,0.3006463104796219,-0.27641615726801966,0.10798461069654529,-0.17075425458718765,-0.13108739163409328,0.46651374418337704,0.108142548484103,-0.2649115121697219,0.5917749078991683,-0.39332810122809797,-0.1089862660192191,0.8821512314012531,-0.010172219742026726,-0.1914704294032348,0.07142367230026013,0.001443518120613128,0.08481904395924797,0.755997224014121,0.25914298419033643,0.08165909317639507,0.7282601840478234,0.2921938784846672,-0.00520954188318096,0.8187299519889755,-0.07047500136183056
1.8655,-0.050333363500582956,0.9256825098205018,-0.12549007595168937,0.07780790495198035,0.11438383079659904,-0.28940223377926594,-0.036503148137511085,0.5513346979182457,-0.33536941866577474,0.28216892348477357,0.6217876991060531,-0.05842850145972659,0.2455541186574345,0.8086068181308886,0.2405386164529024,0.01675073597578491,0.07647185072066964,-0.3196947702534863,0.22022680355155416,0.47389917330117765,-0.13303547729024978,-0.16628117049843544,0.5919837640141763,-0.4565612757018108,0.09450435059356285,0.882172792538752,-0.13385497364844734,0.15793732771127494,0.060297012398449285,-0.1918461031990945,0.24134805580424762,0.7570467801206596,0.1638701673765801,0.26867282033513956,0.7297442237418617,0.176867396193708,-0.261391107144225,0.14137334126991485,-0.10146177245377588,-0.14045219493771519,0.6251653185149746,0.19622259005466713,0.1534676384000753,0.8054651519029391,0.3002799557686438,-0.2763795736703444,0.10800176355064309,-0.1708481359534418,-0.13098662710100217,0.4665226015599519,0.10799278377274273,-0.2648128739923233,0.5917444764921636,-0.3935266301977739,-0.10909303156429977,0.8822769363617416,-0.010468092047912414,-0.19143944202708682,0.0714060731435999,0.0013415199084554476,0.08459610459385121,0.7565021420063693,0.25877109510303276,0.0814981139481314,0.7287527126158687,0.29183143655919797,-0.005263412329251719,0.8189555989098234,-0.07075605489338972
1.87548,-0.05042914297964675,0.9258996203003816,-0.1258251739575549,0.07788225780451107,0.11440528310776206,-0.2895610122390486,-0.036332841755208733,0.5514483725923807,-0.335574208604627,0.2823813036732852,0.6222155932655379,-0.05884149074850286,0.2456312886076812,0.8089459046240132,0.24015295722839874,0.016810928454065437,0.07651201936886212,-0.31985259213094747,0.22041341474805742,0.4738760757500211,-0.13320671345038904,-0.16612884982684367,0.592025402798371,-0.45677728644473986,0.09445748398889248,0.8824807598534382,-0.13413442749587767,0.15800662931791298,0.06028703269590217,-0.1920215807208766,0.24145575844720005,0.7573928825954113,0.16347775659025165,0.26880592799701736,0.7301092997039693,0.1764766018768956,-0.26134915296901756,0.14140312164001828,-0.10155564793687732,-0.14047290690358016,0.6253783892710989,0.1959685107535827,0.15311349451284245,0.8061909990256018,0.2999810526324553,-0.2763482823761244,0.10804122302402254,-0.1709440367166462,-0.130867297888828,0.4665669974268162,0.10783442955089606,-0.26466335448392375,0.5917841073650595,-0.39374463047074154,-0.10917594311709419,0.8824673515331916,-0.01077654223311292,-0.19144182421364367,0.0714120673320743,0.0012433848261565713,0.08435704481879852,0.7570750932161121,0.25845848165263796,0.08130294805651378,0.7293285451801904,0.2915188874780164,-0.005284392057037487,0.8192403599984476,-0.07103346686194646
1.88546,-0.050537998910154265,0.9261665853072288,-0.12617760923546711,0.07798332123010723,0.11444560564206933,-0.2897154543296411,-0.03615391263522263,0.5515999165076768,-0.33578729562980764,0.2825752820710179,0.6226908610565333,-0.05926246303449112,0.24574730016133464,0.8092867545937565,0.23979212956849882,0.016901272636475048,0.07656823602478983,-0.3200083788607231,0.22059184872033727,0.4738942663540777,-0.1333789193530443,-0.1659608141506105,0.592118819585371,-0.4570044321319147,0.09440806289063071,0.8828482055839226,-0.13443128871576598,0.15810264099465082,0.06030183094762955,-0.1921905885247845,0.241586562681584,0.7577508541253013,0.1631055826218599,0.26896563113533223,0.7304848985672503,0.17609773648616456,-0.26132162017504246,0.14144356635586391,-0.10164026364414737,-0.1404844333228583,0.6256587515190144,0.1957016961309288,0.1527523047404457,0.8069749219367007,0.2997198743256703,-0.2763209142609732,0.10808331023077257,-0.1710307896260662,-0.13075901375410295,0.46664304174529025,0.10766300238860854,-0.2645020132407613,0.5918789616970996,-0.39397402590399055,-0.10927761581788759,0.8827256980499417,-0.011109015349249015,-0.19145929313973328,0.071428451908946,0.001161802810116154,0.08412213509579956,0.7577022108234805,0.25817720108605396,0.08110625939773423,0.7299631918931412,0.29123667536401543,-0.005310378963068556,0.8195822172728181,-0.07131893345852032
1.89543,-0.05069739898939781,0.9264838353196727,-0.12654653524412907,0.07810039177854071,0.11450012907937483,-0.28986223776766995,-0.03598881662792356,0.5517798697141287,-0.3360066421559128,0.2827415133741528,0.6232241109488437,-0.05972736985130026,0.24591355750270916,0.80962205348404,0.23943818209124626,0.017016669355420032,0.07663315524467301,-0.3201631965813628,0.22073927460013223,0.47395723696585557,-0.13355897864941707,-0.16581240624180563,0.5922592185263086,-0.4572325948382165,0.09432998309969533,0.8832744679776938,-0.13476331286915616,0.15822048941421346,0.06034227331487672,-0.19234975904467205,0.24174810217893877,0.7581088683662849,0.16273546140075393,0.2691611523304056,0.73086202185078,0.17569765434404314,-0.2612953508154945,0.14147121961516806,-0.10172782540505569,-0.14045534434898474,0.625988377284872,0.19542627745114646,0.15241545475608334,0.8077992189380513,0.29947849458806497,-0.27629383310515887,0.1081094553901618,-0.1711173360418713,-0.13067387455350032,0.46672076511558624,0.10747473298122817,-0.26435322835812497,0.5920190223625683,-0.39420139277177874,-0.10941385553983624,0.8830464638035648,-0.011462018005988433,-0.1914696669929611,0.07142847778364722,0.0010849263688690774,0.08392282712450233,0.7583774650272572,0.2579091603424335,0.08095128155393289,0.7306383973880543,0.29097546563862414,-0.005361054100756275,0.8199743479553265,-0.07161281768100111
1.90541,-0.05085267378786221,0.9268505838280191,-0.12692816691131842,0.07821487161564995,0.11455326975103866,-0.2900309064515601,-0.03580739189324316,0.5520024552599119,-0.33622270357629686,0.2829217732498392,0.6238413995789946,-0.06018421932244549,0.24614805194838008,0.8099935611177087,0.2391279865538346,0.017123168863105078,0.07670582609766398,-0.3203407819888008,0.22089888366933214,0.4740086046576265,-0.13374542577748275,-0.1656464849542739,0.592469981653447,-0.457448927690861,0.09426050471974186,0.8837812048532325,-0.13510510706841525,0.15832903591234837,0.06035855046706883,-0.1925367821165618,0.24196690183031902,0.7585118597457479,0.16240988145168905,0.2694144260254745,0.7312769875819642,0.17533442307413624,-0.2612475065270086,0.14147280631682255,-0.10184342884197199,-0.14034196688709838,0.6264022923616489,0.19517460531768982,0.1521436774859208,0.8087185106099033,0.299302293788854,-0.2762504325082901,0.10811890626758103,-0.17123780655413579,-0.13057174523162898,0.4667610635492541,0.10727334961125774,-0.26418739334458025,0.5922313241086705,-0.3944214021933805,-0.10953413681818429,0.8834346987826319,-0.01181494963342449,-0.1914603888933571,0.07138692310754254,0.0009708762481004388,0.08379727061295714,0.759145931936139,0.25769681819889717,0.08086267092467102,0.7314054133289001,0.290771913458791,-0.005399778465743538,0.8204341784375558,-0.07190310394706317
1.91538,-0.05096331066531153,0.9272907383607486,-0.12730699396603995,0.07830317013560675,0.11460733073389893,-0.2902230329653766,-0.03559858929708236,0.5522916114927231,-0.3364298117195744,0.2831096725995036,0.6245251089421333,-0.06060451753809746,0.24644536703389333,0.8104096953045594,0.23886839035685992,0.01719307564906468,0.07679253987899809,-0.32054014197502223,0.22108382091998294,0.4740328088176552,-0.13393241274161466,-0.16544359941183134,0.5927773143602282,-0.45765231427380326,0.09423365359977234,0.8843732514770166,-0.13543642888896265,0.15839793151787648,0.060346752405973016,-0.19275049509293202,0.24223410776174245,0.7589650113246398,0.1621384025898663,0.26971175070500103,0.7317345621707777,0.17502446821467835,-0.2611802826490633,0.14147262712325506,-0.10198417537898796,-0.14015022920722126,0.6269129970130097,0.19494387637700378,0.15192358334751385,0.8097461744464651,0.2992043870727137,-0.276192604339155,0.10813933002455392,-0.1713904905889298,-0.1304434442806404,0.4667885225710904,0.10706514363492023,-0.2639882073058104,0.5925458311745031,-0.3946338671250841,-0.10961574178843038,0.8839068914441565,-0.012158479714325498,-0.1914374520921948,0.07133013014214984,0.0008210448972758153,0.08373315002944362,0.7600167587381106,0.2575490094484851,0.08082632364643944,0.7322766462872993,0.2906309057904954,-0.00539918032787476,0.8209782204421441,-0.07218143156532128
1.92536,-0.05101710371487279,0.9278438631708463,-0.12766658794448013,0.07834647858688026,0.11468018439545903,-0.29041713744844266,-0.035372851142553986,0.5526770202957236,-0.3366351808721963,0.2832590734369903,0.625226586403996,-0.06100168545812149,0.2467841428235545,0.8108409748490198,0.23863286849507925,0.017214423911650192,0.07690471735906891,-0.3207406700594836,0.22127473896933839,0.47406062419418965,-0.13411961174000936,-0.16521019186402014,0.5932050316865367,-0.4578590527209416,0.09426713373789053,0.8850420335428553,-0.13575335204371838,0.15840957332573397,0.060346247072437936,-0.19295811587619166,0.24251510899393175,0.7594341646481267,0.16189109227734605,0.2700141390754143,0.7322053800080766,0.1747337200417303,-0.26111421238491245,0.1415213695545739,-0.10212689171088456,-0.1399281814839501,0.6275063590182653,0.19469324990554746,0.15170273508154827,0.8108473983358531,0.29915776312520515,-0.27613572450589563,0.10821465730228486,-0.1715454055767304,-0.13031076951286316,0.46687988720392576,0.10684910071474567,-0.26375904468678224,0.5929885436823711,-0.39484950805190233,-0.1096673603514228,0.8844842243474086,-0.012499924956392091,-0.19141694180202953,0.07132255312733317,0.0006707030150880944,0.08367919229703946,0.7609612712991312,0.2574340729639664,0.08080052614558565,0.7332204339111285,0.29051939356719475,-0.0053514777605048755,0.8216180549901078,-0.07245046501973726
1.93534,-0.05102416723204486,0.9284913503292532,-0.1280264466568072,0.0783701253593571,0.11477666464760065,-0.2906177274677993,-0.035139599400048904,0.5531751481447899,-0.33688560212635854,0.2833703935642575,0.625925386119173,-0.06142961878792348,0.24716558059647642,0.8112258452435319,0.2384096904525039,0.017210618907636328,0.07704622771172222,-0.32094351928704173,0.22145652767329185,0.4741368866251884,-0.13434744494796697,-0.1649709771275557,0.5937557761647271,-0.4581133612615685,0.09434540003504677,0.8857786317533867,-0.13607479383509083,0.15839478774718765,0.060373392192010385,-0.1931646597042486,0.2428126508298106,0.7598821930919174,0.1616368333534546,0.2703182941892074,0.7326360792810251,0.17443078951749988,-0.261041347860594,0.14163275288476412,-0.10227995275400048,-0.13970718407150537,0.6281456238797962,0.19437556373319298,0.15150481808830552,0.8119247138289,0.29912119255900255,-0.2760701440450404,0.10834532588300123,-0.17170661457350955,-0.13018408532335782,0.46707358126278664,0.10658273911354992,-0.2635206885040556,0.5935603435482556,-0.39511065150555025,-0.10968508622453793,0.8851423784124492,-0.012856041486750474,-0.19138334414592242,0.07138303496841525,0.0005112201335438975,0.0836323272801584,0.7619141920810502,0.2573112121759492,0.08077766383028911,0.7341597323641598,0.29039016273484897,-0.005275672845167165,0.8223341497089155,-0.07273577142204357
1.94531,-0.0510097815965142,0.9292168081499775,-0.128404211594123,0.07839666591443893,0.11488711782642012,-0.29082707792596596,-0.034908089522157945,0.5537822239372282,-0.3371982658055895,0.28345506902557616,0.6266404408481422,-0.0619156094702144,0.24758687889751746,0.8115728520593709,0.23818746874728822,0.01720245253771413,0.07720541865742267,-0.32114920276688746,0.22162322421362823,0.47427214491281816,-0.13463461410131383,-0.16474568251184699,0.5944158302180731,-0.4584284105390817,0.09444007550244307,0.8865884895599758,-0.13641454446405332,0.15838285218173634,0.06042314358929057,-0.1933777150017637,0.2431301592724006,0.760327370516568,0.16135711570924122,0.27062672924333386,0.7330380704147693,0.1740999014771982,-0.26095913393628906,0.14178643211446254,-0.10244962866855,-0.13950099439948552,0.62881926808568,0.1939773455759084,0.15134355997171034,0.8129509812859749,0.2990687413214016,-0.27599339469062883,0.1085046488736715,-0.1718790631794895,-0.13007304765956137,0.46735317025543965,0.10625198624481526,-0.26329228431503254,0.5942443753361304,-0.3954309258030906,-0.1096812271960479,0.8858676752891536,-0.013233816155163681,-0.19133076090665402,0.07149336812347189,0.0003339392230260748,0.08359398902533341,0.7628595215954136,0.25715924279552244,0.08075484708226384,0.7350744095165722,0.29021924184447095,-0.005198294250322176,0.8231193143881469,-0.07305147716776708
1.95529,-0.05101212465426529,0.9300579190202958,-0.12878448473402124,0.07840800263081851,0.1149827185471977,-0.2910218700446888,-0.03468740193784332,0.5544647919860124,-0.33749602119919403,0.2835109320598187,0.6274525771702963,-0.06239881723052554,0.24802152340036027,0.8120640042549163,0.23794442442091138,0.01717763302757086,0.07734473192263853,-0.3213394864666464,0.22178509147279687,0.4743945664691498,-0.13492138910230425,-0.16452815897779466,0.5951568011388051,-0.4587294545273045,0.094523719272277,0.8875094587063876,-0.13675740274565198,0.15836147082570437,0.06046466909253083,-0.19357980989692594,0.24344489148076445,0.7609075137249763,0.161061290695928,0.27092774085348,0.7335786185191964,0.1737558443109587,-0.26089974634057,0.14192150115802676,-0.10261201501764688,-0.13929861970744845,0.6295895497424275,0.193561208084849,0.15115211953896232,0.8140983789445445,0.2990193240444504,-0.27593874899858206,0.1086453939365173,-0.17204191462556742,-0.12999468831467015,0.467619092222121,0.10593575438864247,-0.26307468574950627,0.5950094612836853,-0.3957379960423669,-0.10971086072044266,0.8867079261058041,-0.013612223898050049,-0.1912993922591754,0.07159485737017109,0.00016578320602454345,0.08353751640435315,0.7639162480510028,0.2570064690774785,0.08071318216495102,0.7361019550234174,0.2900438209469807,-0.005138964061466474,0.8240196458605259,-0.07336924338546233
1.96526,-0.05101765423785555,0.9310360387398657,-0.1291543628537736,0.07841899435719502,0.11506349738083511,-0.29119778187814876,-0.03446707976333894,0.5552283070644677,-0.33774692853690597,0.2835681567126837,0.6284007417093207,-0.06285533572323086,0.24850282402125748,0.8127484691373534,0.2376945479537859,0.017154377463781522,0.07745948114862242,-0.3215119812146339,0.22195954184332442,0.4744909376485507,-0.13518669453080387,-0.1643038755412619,0.5959879507839912,-0.45898626697297285,0.0946082999203792,0.8885574151215532,-0.13709279249965986,0.15834673836799465,0.060491639558664795,-0.19376965664497287,0.2437940530662388,0.7616668421620234,0.1607656264441594,0.27125872575615523,0.7343030797077678,0.17341264876203194,-0.26087933327141927,0.14203717555215364,-0.10275303140265883,-0.13908187339558004,0.6304957578756447,0.193163002727099,0.1509512178114149,0.8154042728457028,0.29899824329855,-0.2759239561084374,0.10877462375255977,-0.17218603017632605,-0.12994014169431575,0.4678515373680242,0.10566160654605491,-0.26285401847991136,0.5958644880739284,-0.39600324404777093,-0.10975296213793055,0.887686299293568,-0.01397800134435375,-0.1913090218366535,0.07167407501607224,1.7185356053724016e-05,0.08348010386593105,0.7651249434477971,0.25687928504046925,0.08067459233347789,0.737280642905194,0.28989169417079835,-0.005080786154086772,0.8250577782818679,-0.07367646265991762
1.97524,-0.050975214704031234,0.9321508441357329,-0.12951092820856341,0.0784707648565532,0.11515211124515753,-0.2913695874864377,-0.03422397222881836,0.5561120307127617,-0.33797539020937334,0.28367136665301335,0.629471338551268,-0.06331127435274503,0.2491030124765263,0.8135271181183974,0.23747730783650806,0.017174201210755656,0.07757342278518144,-0.32167941022102964,0.2221624709274648,0.47460634538812774,-0.13545359719813577,-0.16405718359707133,0.5969485005793231,-0.4592236829077024,0.0947324612259328,0.8897248863385754,-0.1374185711184652,0.15837712382625804,0.060520894434249,-0.1939604286860801,0.24425192559135347,0.7625418460097496,0.16048349693870886,0.2716842033401321,0.7351223304922281,0.17307536341437085,-0.2608931020458426,0.14218098179713648,-0.10287450245489213,-0.1388422369446532,0.6315374983152086,0.1927735068702636,0.1508221559448217,0.8167628809674355,0.29902815200141203,-0.27594567274061677,0.10893825093494222,-0.17231750830985026,-0.12988375472190572,0.46810654603415386,0.10539718794791185,-0.2626091747471024,0.5968499182640207,-0.3962522015269151,-0.10973017398890375,0.8887940961145369,-0.014332596169710436,-0.19135385512787279,0.07175900953571902,-0.00012078244411576006,0.0834625014386406,0.7664328509652955,0.2567909643002535,0.0806791341505497,0.7385372270526057,0.28976862354893085,-0.004984905423594515,0.826227699877442,-0.07398130483656101
1.98522,-0.050906417923965386,0.9333580822658147,-0.129853430936236,0.07854646719998645,0.11522668322548799,-0.2915317264829265,-0.03397961809500191,0.5570829711502175,-0.3382078983880714,0.28375633637590414,0.6305696644795354,-0.06379772658823375,0.2497517640860979,0.8142505470822177,0.23728993546018565,0.017223932466206654,0.07767133509582494,-0.3218330512289743,0.22236337772245204,0.47474180829676615,-0.13572210191002784,-0.16380513658587822,0.5979972698737962,-0.4594693865584931,0.09487094609983666,0.8909616645076259,-0.1377182043896615,0.15843612783520938,0.06055066356386851,-0.19413246544006546,0.24474258278920094,0.7633990554464959,0.16020771441861203,0.2721288602671542,0.7359036799564158,0.17273932722820673,-0.26092796090911435,0.1423176761431426,-0.1029888176693651,-0.13866332395139236,0.6326161811126436,0.1923381294996432,0.1506691628765118,0.8180464543311048,0.2991152963819813,-0.2759889435527887,0.10908926575808259,-0.17244149740960743,-0.12985371882408325,0.4683759514961305,0.10512099313693204,-0.26235603172133787,0.5979210762497918,-0.3965133382260197,-0.10968299475558702,0.8899691140098566,-0.014682672182225775,-0.19142335598290117,0.07183898588543182,-0.0002464893571449904,0.08340236066166123,0.7677063385426101,0.25673026483169065,0.08063611697110369,0.7397429241474531,0.28965379432869953,-0.004883160885839221,0.827473494419685,-0.07428128265828751
1.99519,-0.050837494147357894,0.934628128749851,-0.13019115419206642,0.0786213165983067,0.11527225569742924,-0.29168018835713444,-0.03374972254498521,0.5581096478942638,-0.33846434219421945,0.28377800897497596,0.6316398974304778,-0.06434171758985954,0.250376456228324,0.8148451525487028,0.23710705242245894,0.017280287508392295,0.07774189636515451,-0.32196930006827906,0.2225372278391729,0.4748883284800761,-0.13599300072917797,-0.16355956601243316,0.5990995762738709,-0.45974423996729885,0.09500040347907383,0.8922387184935279,-0.13798944566921073,0.15849659530465274,0.06057865325854075,-0.1942744534254128,0.24519269089002604,0.7641646423897995,0.15991846122311013,0.2725241952010436,0.7365812812285707,0.1723866420318148,-0.2609662853499783,0.14241278761952755,-0.10310911476632985,-0.13860028523840287,0.6336719109710188,0.19181836981209208,0.15041382565445627,0.8192034697129439,0.299236399902537,-0.27603332885909243,0.10918499894605939,-0.1725645949145881,-0.12986897690049473,0.46864590393012123,0.10481717970854901,-0.2621078925660277,0.5990411631441499,-0.3968070675419198,-0.10965731424034236,0.8911778054547502,-0.015040430842194889,-0.19149835893632952,0.07190321241089193,-0.00036274836901292816,0.08324075914824618,0.768876347435638,0.25666943360556804,0.08048255028008362,0.7408372694338037,0.2895179441666965,-0.0048039991278613315,0.8287615390999031,-0.07458104412230597
2.00517,-0.050740264459177425,0.9360034467301187,-0.13055279276572787,0.07870359246198838,0.11532715708369343,-0.29183119160844717,-0.03349795077944626,0.5592289579951903,-0.3387481911578402,0.2838283917734625,0.6327828641352553,-0.06495720480511483,0.251024975386785,0.8154462687989211,0.23689173941257968,0.017345211383078533,0.07781600365033582,-0.32211328863910565,0.2227113145457426,0.4750535824879834,-0.13628848676913882,-0.1632919368926974,0.6003073925963953,-0.46005141966836205,0.0951581896506057,0.8936121627347409,-0.13827314499575444,0.1585557853017411,0.06061686318151471,-0.19442064533287218,0.2456665899982817,0.7649561955712748,0.1595866575347285,0.27293925654229606,0.73727332242746,0.1719795812841471,-0.26098797467878937,0.1425063221747566,-0.10324026579753649,-0.13856561578815266,0.6348159152455207,0.19125022988447718,0.1501710637328119,0.8203676794056595,0.29931893053125674,-0.27605681347499533,0.10927369824403176,-0.17269657105410136,-0.12988137485733017,0.46894737756697297,0.10447280357412897,-0.2618397413199428,0.6002673889929145,-0.39713349953219285,-0.10960670099671974,0.8924970561849606,-0.015424871579949666,-0.19154554749284472,0.07197490393732225,-0.0004902907714537652,0.08307778197636807,0.7700854050089859,0.2565667102513889,0.08033032445051001,0.741957429860746,0.28933679568639425,-0.0047060699635938395,0.8301520445958849,-0.074909512079896
2.01514,-0.05059090727811786,0.9374971171977629,-0.13092567744354905,0.07878878643189677,0.11538850584594569,-0.2919675844005593,-0.03320652438704686,0.5604504246504006,-0.33903182647567365,0.28395629195507677,0.6340433118748922,-0.06561952503315487,0.2517239861122386,0.8161179743613318,0.2366543999215641,0.01740821303143704,0.0778949070622363,-0.32224738670313696,0.2228984876333757,0.475221832980791,-0.1365859349057584,-0.16298205088755716,0.601640894120227,-0.4603599509192075,0.09536890335876858,0.8950990318525084,-0.1385640389874381,0.15860362830442679,0.0606452209381728,-0.1945539069460854,0.2462008387636824,0.7658268206906234,0.15922374481776855,0.2734118742942797,0.7380416677654669,0.17153395804814897,-0.26099356349472447,0.14261744303202123,-0.10336152235129559,-0.13850679958767884,0.636090893557336,0.1906811310939409,0.15000490650904408,0.821601592014246,0.29935826327188614,-0.2760620408991798,0.1093786350906937,-0.17281761803872636,-0.1298673381206891,0.46929015024640885,0.1041103403001989,-0.26153400706504826,0.6016260556523141,-0.3974637391899507,-0.10949325581246545,0.893944994101303,-0.01581423575439191,-0.19157139126270206,0.07206153508024112,-0.0006084948997826982,0.08296967783023994,0.7713899700123611,0.25643270275110347,0.08024017443406192,0.7431646392258694,0.2891249281642845,-0.004558989604801139,0.8316644044403518,-0.07525053946858826
2.02512,-0.050384081085450554,0.9390955707829464,-0.1312680320621962,0.0788619944877548,0.11541639997210443,-0.29205189189922753,-0.03288244466580065,0.5617604340247055,-0.33927858642381353,0.28414782740241656,0.6354025165716622,-0.06628647019076686,0.25246120293426494,0.8168310381982173,0.23643901318804805,0.017451639016780682,0.07795170740818856,-0.32232557012967744,0.22308998894127163,0.4753654685423628,-0.13683652579718278,-0.16262568026362537,0.6030898404207918,-0.4606286837555253,0.09563091680976538,0.8966808336826293,-0.13881943782266873,0.15862735709244702,0.06062383711544462,-0.19461997214927476,0.24678281581245554,0.7667478438831228,0.1588688823408724,0.2739284281528809,0.7388709489846832,0.17110300824326846,-0.26099957588865685,0.1427353508746548,-0.1034422032914609,-0.13842816226024648,0.6374587665651961,0.19014000001166365,0.14989654214268494,0.8228815048178307,0.29940837130845127,-0.27607025766712584,0.10948699079295603,-0.1728937212824897,-0.12983821665186265,0.46966297075246743,0.10376585040908162,-0.26118743768942226,0.6031106656440031,-0.39776241503365345,-0.1093081156173608,0.8954824225268072,-0.016162993357789486,-0.1916128261571282,0.07215362850122381,-0.000671582111993226,0.08290336904244587,0.7727459889185281,0.2563142896669693,0.08019488442584251,0.7444269520151735,0.2889195614122543,-0.004358545379631997,0.833278189289019,-0.07555778072533297
2.0351,-0.050165318119487254,0.9407787309175852,-0.13160078836343744,0.07894354989505685,0.11542804635492854,-0.2921292524558171,-0.03254787890766919,0.5631601876813563,-0.33955400081609083,0.28436501779535983,0.6368470330088382,-0.06699399740120361,0.2531712938164472,0.8175378847725633,0.23621780060486655,0.017505965093989346,0.07799225231488945,-0.32239774039373803,0.22326182938949676,0.4755289757568499,-0.13709930372675508,-0.16225066707746572,0.6046496777373733,-0.46092776991068457,0.0958954323387414,0.8983460833736588,-0.13905953310790134,0.15865934323946487,0.0605921161998416,-0.19467146606610114,0.24734559146277232,0.7676793070279438,0.15850187273093022,0.27443051668221125,0.739712877235531,0.17065837164881753,-0.26099567359430226,0.1428428609251074,-0.10353019957354369,-0.13836520005778394,0.638864561825303,0.18956245333630084,0.1497853221185926,0.8241591006512344,0.29943751443085576,-0.2760686525855887,0.10957981579657773,-0.1729759320374914,-0.1298211754223714,0.47007063078553535,0.10336782401331555,-0.2608254387421223,0.6047049103111947,-0.39809439026438354,-0.10910064439893738,0.8970824580313055,-0.016506842639112597,-0.19164424625045984,0.07225417431861447,-0.0007334916998127884,0.08283367115454714,0.7741039085580108,0.25616478138242105,0.0801474775167398,0.7456849609504201,0.2886800556174928,-0.004147334394549043,0.8349695722986622,-0.07586922161472114
2.04507,-0.04997317890866039,0.9425422369848153,-0.13192970252136227,0.0790568174677934,0.11545431508238836,-0.2922337783094543,-0.03221694971587376,0.5646639551360421,-0.33989670305187836,0.28458177269242796,0.6383848529945607,-0.0677503891349267,0.2538068309598123,0.8182298258035244,0.2359818507349257,0.017601215815311426,0.07803617748363235,-0.322503987980697,0.2233996932700445,0.47575640067587044,-0.13741485252235874,-0.16188010897678232,0.606329542437486,-0.46129904733682614,0.09612510929259911,0.9001014413312619,-0.13928758043189413,0.1587294398868367,0.06059532930872017,-0.19475193897423657,0.24784001830473132,0.7686122003025534,0.1581254765416822,0.27487449860106405,0.7405494413263397,0.17019296536999132,-0.2609705909995895,0.1429322140580548,-0.10365348645555883,-0.1383368375809471,0.6402861971567215,0.1889177453045078,0.14963476177868676,0.8254174586245105,0.2994298330247495,-0.2760416612639715,0.10964708345000289,-0.17309312221722473,-0.12983175377260414,0.4705195955692783,0.1028743257532545,-0.26046725793888004,0.6064085654000853,-0.39849661898857835,-0.1089118298705175,0.898745095929189,-0.016862552771039988,-0.1916390901359769,0.07236698644326138,-0.0008290189861160917,0.08273748778237945,0.775447471065661,0.2559635409675495,0.08007346360527923,0.746914287346089,0.2883913431263704,-0.00395937116683233,0.836733674148961,-0.07620419688735738
2.05505,-0.04978297506037197,0.9444242118859912,-0.13216910631547255,0.07919876352932011,0.11550252156499974,-0.29229904691024194,-0.03187204811702017,0.5663025842426624,-0.3401917915072533,0.28481903027933514,0.640065883201258,-0.06843031053328097,0.25440803942334694,0.8189996902202273,0.23583096949641008,0.017721467294184928,0.07810241514392939,-0.3225740681584315,0.22352416093581878,0.4760234771415609,-0.1376831214510224,-0.16149666968913334,0.6081651737496852,-0.46161919130393414,0.09635209144063024,0.9019881985179926,-0.13941098040122513,0.15881965747817012,0.06061763441111789,-0.19478589771788948,0.24830528212147235,0.7696151733050592,0.15784853511850003,0.2752894127816048,0.7414587653088862,0.1698229170883364,-0.26093601211440526,0.1430216063355747,-0.10372381381420591,-0.138298720595864,0.6417903527485855,0.18833423834804183,0.14949854832081977,0.8267298176703779,0.29948496661099316,-0.27599941778784665,0.10970316432380937,-0.17314684110122303,-0.1298458754132746,0.4710048612006468,0.10240771176758927,-0.26009182041165335,0.6082676511186823,-0.3988522833179129,-0.10871026990904163,0.900519628021851,-0.017130072384836315,-0.19162681535471587,0.07248552804749366,-0.0008584581098480725,0.08266840211067332,0.7768373899390834,0.2558345147866774,0.08002345914327762,0.7481917448950184,0.28816711068756296,-0.0037663574992411668,0.8386118590815238,-0.07646283846200505
2.06502,-0.049579270438365186,0.9464181845697458,-0.13233145582987146,0.07935532645195242,0.11555784821212657,-0.29234093376512404,-0.0315156937768382,0.5680652241791595,-0.34044734360906026,0.2850544930316225,0.6418565918680978,-0.06901621368780841,0.2549573329481732,0.8198383784091758,0.23577090759809496,0.017853130057729392,0.07817587956123109,-0.32262065151751335,0.22363006680078296,0.47630751590940806,-0.13790742763109456,-0.16109733286801514,0.6101470287950002,-0.461893453295712,0.09658815648031875,0.9039886339516964,-0.1394432833339943,0.15891691888600964,0.060641878876110014,-0.19478707542359977,0.24872390382155346,0.7706725512575543,0.1576768878834794,0.27565720945359645,0.7424273318152806,0.16956227604807725,-0.2608962194717595,0.14310461965210244,-0.10375726279179005,-0.13826865061410268,0.6433719926262861,0.1877972108341987,0.14936049065182871,0.8280700735098963,0.2996119356398974,-0.27595064575426265,0.10974246781636718,-0.1731548086896889,-0.12986702793183397,0.4715111467098316,0.10196111861523371,-0.2596986043373942,0.610273692760668,-0.39917070457773235,-0.10849326725401526,0.9023988278610263,-0.017319120612917408,-0.19161322411047058,0.07259829914840087,-0.0008349029316760204,0.08261056220523652,0.7782480478594522,0.255781004044254,0.07997780705768423,0.7494958850636413,0.2880131559633108,-0.003563918705823599,0.8405923343617518,-0.07665330543529102
2.075,-0.04936583235273005,0.9484917725002374,-0.13252385336642777,0.07951087670947109,0.11559327947525537,-0.2924488042321973,-0.03116826622349436,0.569917773028096,-0.34079049508100173,0.28523005108771854,0.6436716981725886,-0.06960987911985089,0.25539124414064623,0.820654780441213,0.23570799485126614,0.01799412981827393,0.07821678993253223,-0.322732519060173,0.22369012351572862,0.4766022835214712,-0.13819495754741745,-0.16069507857888227,0.6122371634745585,-0.4622539916505498,0.09681758755517107,0.9060515650624981,-0.13950089920916095,0.15902197341904262,0.0606604768949005,-0.19485124294858566,0.24903223911053848,0.7717067011727523,0.15750834276423475,0.27592246794516223,0.7433707319423347,0.169313097329825,-0.2608466864358893,0.14315474625308378,-0.10386179083987339,-0.13832144991751108,0.6449722138481448,0.1871526872144164,0.14913808079460203,0.8293379284913386,0.2997268327442815,-0.27589828545259654,0.10974278193363496,-0.17323737260105662,-0.12992535313543743,0.47202586434359345,0.10140126261842483,-0.2593081453852639,0.6123796803773562,-0.3995834389746612,-0.10829065984017346,0.904339262885352,-0.017547444814120964,-0.1915782228706685,0.07269657200547752,-0.0008737084142095492,0.08248371572466806,0.7795923580235288,0.25568593584467136,0.07985228440934933,0.7507303627258413,0.2878263661593271,-0.0033752286110681636,0.8426325661823382,-0.07689075916157231
2.08498,-0.04916475309033846,0.9506618329308737,-0.1327394019027104,0.07967825114274811,0.1156204471334823,-0.29256266866161673,-0.030827236895591158,0.5718639301437222,-0.34117202065258345,0.28536363650948887,0.6455691464684996,-0.07023455080477328,0.25576773115651025,0.8215303493467204,0.23561515042909012,0.018153100520468316,0.0782393824950336,-0.32285290661276966,0.22372431126598621,0.47692031421033654,-0.1385176804676319,-0.16029961580532762,0.6144226648170594,-0.4626596402409217,0.09702772812188577,0.9082115605104493,-0.13959086317072789,0.15914474052334843,0.06067884588135778,-0.1949205771356265,0.249287310803035,0.7727945090211943,0.15731346393261553,0.27613438934947204,0.744370574586734,0.16903943042771105,-0.26079647294555053,0.14319239547637083,-0.10395901381835493,-0.1384460280993273,0.6466389535799905,0.18644275675574215,0.14885916063126367,0.8305985598333073,0.29982719113034834,-0.27584281360487134,0.10972191904652566,-0.1733129646406562,-0.13000930999709787,0.4725822270126827,0.10078336557189455,-0.258930153717509,0.6145738247909165,-0.4000422979222232,-0.108103761250716,0.9063690265560616,-0.017805804737802296,-0.1915381354179526,0.07280578573678143,-0.0009025697895893857,0.08231100897473582,0.7809310817847447,0.2555661515153769,0.07966794517288713,0.7519649756687864,0.28762078845291705,-0.0032021994762340294,0.8447669867728161,-0.07716625215071732
2.09495,-0.04898890880842916,0.9529488386068858,-0.13294531962695189,0.07986900957431213,0.11564970116419351,-0.2926163429724253,-0.0304867908239111,0.5739130332587506,-0.3415154325598308,0.2854921693455298,0.647610155354332,-0.07090168704665241,0.25617022588836774,0.8225530243371447,0.23547566336736667,0.018333340464161,0.07826206424190932,-0.3229143051974609,0.22375796204353773,0.4772673991299084,-0.13882379724549562,-0.15991682915691327,0.6166996814439115,-0.4630368366803162,0.09721858636863939,0.910505691010514,-0.13969634178463805,0.1592933191754449,0.060699468469991504,-0.1949313715205155,0.249567019089794,0.7740196140637519,0.15707536915488163,0.2763662531493436,0.7455167145583492,0.16871581997255633,-0.26075386603992823,0.14323452533834333,-0.1039648035963686,-0.1386040576516625,0.6484229013514761,0.1857451875343333,0.14858225976105507,0.831927369094364,0.2999249045775481,-0.27578544494987256,0.10969714436411278,-0.17329219853489936,-0.13009595640359267,0.4731956817802298,0.10019153853956514,-0.2585659626718773,0.6168568655173853,-0.40046761547720783,-0.10792001567809435,0.9085198050735676,-0.01805063294155821,-0.19150906026706818,0.07293752746231853,-0.0008410323801571666,0.08214390954536238,0.7823354903279384,0.2554579988017913,0.07947615797415647,0.7532793641626504,0.2874269347741244,-0.003034949961714075,0.8470312089635346,-0.07744093966204763
2.10493,-0.04881206226214605,0.9553341179268555,-0.1331632547031871,0.08006326177729436,0.11565043472915183,-0.29267842771788066,-0.030156777583422615,0.5760519188514464,-0.34185874966226426,0.2856200601974551,0.6497221005839169,-0.07167564236123264,0.25661809668614577,0.8236543592888478,0.23522892297152093,0.01851508630703272,0.07825914610587908,-0.32296977757055756,0.22378066277466668,0.4776163982453955,-0.1391428199159878,-0.1595475954558728,0.6190625842001943,-0.46341150281889015,0.09741588495667128,0.9128930585218463,-0.13985540367199542,0.1594624007668706,0.06070595352257266,-0.19495969388665832,0.2498757592219809,0.7753282880905713,0.15673198182847572,0.2766414645513073,0.7467535655927807,0.16827739627498856,-0.2607116791594073,0.14324348538891343,-0.10396798033953802,-0.13878111589904454,0.6502756500566853,0.18502310095338953,0.1483259307305556,0.8332588539560202,0.2999827087378625,-0.27573129950363956,0.10964442634452577,-0.1732694219679762,-0.13017822182368152,0.47379619687690033,0.09958691710965903,-0.2582088930694515,0.6192254547501598,-0.4008876029715913,-0.10772408598949998,0.9107619340866917,-0.018286451695947434,-0.19146972934342768,0.07303791996167439,-0.0007775041894362815,0.08199499011235674,0.7837547212464029,0.2553079292624182,0.07929211597951542,0.7546109348407009,0.2871951128018661,-0.002858036214378039,0.8493883335400069,-0.07773150985447769
2.1149,-0.048626935032543395,0.9578065929961137,-0.1334050938774435,0.0802406330186551,0.11562812372368797,-0.29275669171485535,-0.029845829940192938,0.5782792008998539,-0.3422244532775323,0.28573348893025263,0.6518756151847046,-0.07256515846653645,0.25708008208403943,0.8248246619423718,0.23486201966219494,0.01867639940557666,0.0782306508843121,-0.3230262299512642,0.223778059323344,0.4779694460019846,-0.13949029288409817,-0.15920003036066555,0.621510887629186,-0.46379792351169463,0.09762641632279415,0.9153576439914275,-0.14008697399253794,0.15962988617528046,0.06070420432765592,-0.19501229544667745,0.2501915504005392,0.7767156636210182,0.15626406582977498,0.27694157199628117,0.748076211684708,0.16770706675785155,-0.260672177543129,0.143226513589086,-0.10398624039004832,-0.13898797952875458,0.6521934449427622,0.1842618183513342,0.1480826121745176,0.8345918301597723,0.29999191508327333,-0.27568398943889616,0.10956834745591817,-0.17326428360848542,-0.13026234785254184,0.4743853042067272,0.09895542762428308,-0.25786664727657843,0.621679812560098,-0.4013162508938686,-0.10752643435901096,0.9130903126167477,-0.018525013187926258,-0.19141790265439604,0.0731101450222203,-0.0007322392133524465,0.08184242494644553,0.7851991383128658,0.2551017275506051,0.07909590630044018,0.755965088086615,0.286910444016494,-0.0026721406969187874,0.8518231371057416,-0.07804557847558874
2.12488,-0.04844787624793412,0.9603845549880193,-0.13366231699823508,0.08039300548255343,0.11562232843772237,-0.2927897880604321,-0.02955202314602461,0.5806219093403643,-0.3426019364081317,0.28581273684430386,0.6541176286502266,-0.07352324872602045,0.25750148003607337,0.8261364509147346,0.23441443544465929,0.018805911974519716,0.07820393223214969,-0.3230366359619359,0.22374379326247595,0.47835801438346465,-0.13985636881447824,-0.15888055990970962,0.6240660056628536,-0.4641852790069632,0.09783857303265785,0.9179347741139117,-0.1403800366768446,0.15976959673507618,0.060719740558055534,-0.1950185919824229,0.2504885750469935,0.778248429394638,0.15570137070632964,0.2772265683627634,0.7495528062878274,0.16703974870804356,-0.26064360343763354,0.14323317072521272,-0.10395234848859383,-0.13925130781003636,0.6542343323315044,0.18347983299311976,0.14782357417496114,0.8360094729957811,0.29998458391132043,-0.2756414631142796,0.10950074909884266,-0.17320601807111216,-0.13036089144394467,0.4750377205110138,0.09831985110419554,-0.2575529491424017,0.6242409357786968,-0.4017403777661416,-0.1073566272205842,0.9155437370205635,-0.01877473770642356,-0.19137002896415942,0.07321347977351336,-0.0006420047616686101,0.08164113324109645,0.786756260384236,0.25487851856784693,0.07884340328178334,0.7574327510997838,0.2866053604704967,-0.0024907354393958795,0.8543674197117428,-0.07837238461338347
2.13486,-0.04827540270325477,0.963046869456369,-0.13389811536466406,0.08055521992707776,0.11561156893992089,-0.2928042662622135,-0.02924610601604242,0.5830643527579674,-0.34296083911790687,0.2858828405113566,0.6564465817439721,-0.07451596829232159,0.2579253519799965,0.8275842534108341,0.23392194966280577,0.01894511511316453,0.07816832055167067,-0.3230292144190362,0.22371513651934752,0.47875452793229034,-0.14021999760159815,-0.15855083055485616,0.626716161968752,-0.4645530937502292,0.0980611210592062,0.9206097295780777,-0.140699133990041,0.15992051865273038,0.06073680808484195,-0.19500601700863754,0.2508025566877508,0.7799182393689688,0.1550852572908845,0.27753118219415207,0.7511701504633813,0.16632021024370205,-0.26059557796720556,0.14323216790207188,-0.10389375181373595,-0.1395451793294744,0.6563505345877189,0.18269245372154758,0.14753060217240582,0.8374947691157747,0.30001799322302625,-0.2755806897681101,0.10942061872518229,-0.17311877529439557,-0.1304484907704519,0.4757043198458637,0.09769096760613781,-0.2572359616859359,0.6268970893124863,-0.40214703253842726,-0.10720436790591138,0.9180881923401708,-0.019006718771133087,-0.19130128102631747,0.07331909120093964,-0.0005271973112729643,0.08139496307668675,0.7883995462530778,0.2546840787831031,0.0785427305551559,0.7589854307602667,0.28632437310231035,-0.002307726313054484,0.857003206137777,-0.07867883355236523
2.14483,-0.04810720479782893,0.9657783366849264,-0.13408716708169127,0.08074900385489764,0.11557640984555179,-0.29284116273268906,-0.028908715075363002,0.5855848460711657,-0.3432777175901917,0.2859535059696931,0.6588484565187721,-0.0755018277907854,0.258392977774817,0.829158125416974,0.23341955473750928,0.019122669407189995,0.07811595112249432,-0.3230449868239242,0.22371328377707414,0.47912966055016043,-0.14056034134343723,-0.15818326548611672,0.6294456995080755,-0.46488789408437575,0.09829875510192543,0.923365140786945,-0.14100886717353184,0.16011059524408033,0.06074308930527434,-0.19501869391556031,0.2511563936668741,0.7817105160737757,0.15446131240184607,0.27787857347768946,0.7529085878579926,0.1655978954292104,-0.2605135440570921,0.1431925572930781,-0.10385669850832828,-0.1398553704119241,0.6584999107036367,0.18190726434020033,0.14717523885277,0.8390333808964878,0.3001375042081218,-0.27549374991383274,0.10930985917147404,-0.1730504128308388,-0.13051085436453003,0.4763255619235944,0.09707102447707941,-0.25688765250974993,0.6296326789224005,-0.4025292542732638,-0.1070641843304134,0.9206929616597964,-0.0191986486247188,-0.19120070368220624,0.07339323850302021,-0.00042829141145994616,0.08109807831590657,0.7901040000103106,0.25455415517385915,0.078190781413691,0.7605949604566731,0.286103487723557,-0.002123294543273783,0.8597116917163026,-0.07893860300879868
2.15481,-0.0479491667159331,0.9686209213986473,-0.13426133998552903,0.08091952088791429,0.11556724011835301,-0.2928810041172114,-0.028573018057598563,0.5881937025370995,-0.34356577667996685,0.2859494344511357,0.6613322069651215,-0.07640686996727852,0.25883807349194937,0.8309228318691912,0.23294414394527602,0.019280869179361095,0.07808584651530742,-0.3230740588997187,0.22367478564382262,0.4795128764349849,-0.1408685045126505,-0.15782365892181266,0.6322654981588745,-0.4652024626058501,0.09852462538691305,0.9262318211073985,-0.14129977427277549,0.16027244286457695,0.060778354888651465,-0.19503455781821066,0.251477460279597,0.7836775476896535,0.15387291608419623,0.2781847873811629,0.7548214067363935,0.1649228723305496,-0.26046166366676926,0.14317032549583386,-0.10382985775031754,-0.14025119112508508,0.6607669418168791,0.18111646130725306,0.14669368176914788,0.8407245843173012,0.30033307013333166,-0.2754306464676104,0.1092134510658753,-0.17300245760779806,-0.1306000520126912,0.4769496205423225,0.09645548394797672,-0.25653771265612546,0.6324581957234292,-0.40289322927166277,-0.10698446082951715,0.9234137773261797,-0.01938342955860774,-0.19113428676383373,0.0734846677142528,-0.0003431035437815578,0.080669887602107,0.7919700488911732,0.25449363316698154,0.07770229914816242,0.7623616995813124,0.28594562958532704,-0.001973309053008193,0.8625262842971959,-0.07916513236130182
2.16478,-0.04779098701901908,0.9715486222065047,-0.13443149172725305,0.08106315055772642,0.11557756471058116,-0.29291616024624445,-0.028242106668634193,0.5908662286124285,-0.34383739519088413,0.2858559532019177,0.6638517394796939,-0.07722863754248452,0.2592653115524999,0.8328449321758455,0.2324894441450074,0.019417211330917825,0.07806462143841164,-0.3231079324386368,0.2235981417214604,0.4798968944239839,-0.14115463116500854,-0.15747313288434064,0.6351472629366417,-0.4655048340249811,0.09874555388766594,0.9291763923882879,-0.14157649921145463,0.16040239681741325,0.06083677332964196,-0.19504207468084012,0.2517658983514639,0.7857820137472729,0.1533165989495435,0.2784419120638175,0.7568653641107307,0.1642885010212641,-0.2604345762854233,0.14316195123399117,-0.1038160586313494,-0.14070491962367979,0.6631085113412513,0.18029202960493748,0.14611314243628606,0.8425274045188731,0.3005723854529197,-0.2753826914137626,0.10912639081727885,-0.17297460583939683,-0.13070661895922736,0.4775731471136665,0.09584008383797929,-0.2561896791508277,0.6353459533441979,-0.403243333372632,-0.1069527000514848,0.9262227199672308,-0.019570005608452935,-0.19109251043995873,0.07358976547704665,-0.0002773189574005082,0.08013712199223202,0.7939533311057876,0.25447157621172756,0.07710431245772703,0.7642428258602486,0.2858199461734786,-0.0018472516351909951,0.8654166751186314,-0.07937187159051404
2.17476,-0.047609781165972774,0.9744960177034983,-0.1345826698716288,0.08123292378777118,0.11554484368248451,-0.2929617326843168,-0.027884665397155468,0.5935684832024105,-0.34409691462088376,0.28572693633865587,0.6663409323979207,-0.07804239906076005,0.2597546919373654,0.8348172218006908,0.23200532061021087,0.019589887053418905,0.07799168272995542,-0.3231503682327494,0.22354498497303474,0.48024005017087096,-0.1414430478910236,-0.1570834506988261,0.638053286806221,-0.46579402056494335,0.09900104228975991,0.9321335135454095,-0.14185387529489582,0.16056666519617685,0.06086790922291244,-0.19505267698707277,0.2520972991413865,0.7879236712247928,0.15274143853164662,0.27872387966164275,0.7589285075023068,0.16363208780186442,-0.26035990808828824,0.14310386555314672,-0.10383575622536906,-0.14109752151479252,0.6653808343353494,0.17939220374557927,0.1455426806113867,0.8442887203735074,0.30081005047842446,-0.27528756628774265,0.10899498301981775,-0.17296885149756594,-0.13076301852248867,0.4781418375305722,0.09522015860550309,-0.25581538224447464,0.6382604107354983,-0.4035803081584463,-0.1068974494611304,0.9290348479693478,-0.019738167309498608,-0.19099561152050973,0.07365303030575612,-0.0002446827402117303,0.07962827435997126,0.7958925334443977,0.2544286166485515,0.07653120261340296,0.7660790422195318,0.28566909013580344,-0.0016904349237614959,0.8683196972152036,-0.07956683827288485
2.18474,-0.04743414468269128,0.9775074252735486,-0.13472825290647067,0.081402246378889,0.1155147892975601,-0.2930329351158926,-0.02753217003759371,0.5963307805905957,-0.34432135225486366,0.28555292801945664,0.6688690611881503,-0.07884631133044986,0.2602376226142338,0.8369144840601453,0.231484882763247,0.019765756267712705,0.07791889998550945,-0.32322064729285077,0.2234674079105342,0.48057442030825476,-0.14171052287455693,-0.15669772325123335,0.6410200585914358,-0.4660502089477346,0.09926004730706119,0.9351607098377198,-0.1421253128614517,0.16073119852631404,0.06090311242540886,-0.19508441150044742,0.25240841277911846,0.7901750572014887,0.15214409213409744,0.27897451308994103,0.7610930029584304,0.16295994483863785,-0.26030289324616246,0.14305265826767677,-0.10386324160106152,-0.14145724086618114,0.667678353628521,0.17846258585460356,0.14498370757670204,0.8461285190822496,0.30099705104086627,-0.27521145943826325,0.10887234270452444,-0.17296589981912341,-0.13081985313685698,0.47870904248491086,0.09461839713920131,-0.2554464239644965,0.6412429444447255,-0.4038840573771725,-0.10685070410669,0.9319090585633977,-0.019891310017764202,-0.19092215567380624,0.07373127708695344,-0.0002128070324440612,0.0791345636264677,0.7979017158913758,0.2543392007058055,0.07597808697414572,0.7679878714406396,0.2854717771702318,-0.001531871125298409,0.871293131109886,-0.07975064479466955
2.19471,-0.04728128793140132,0.9806327175094789,-0.13487350560190361,0.08153724759945036,0.11553302602420476,-0.2931369955210195,-0.027207741168808166,0.5991856557094652,-0.34449052581597717,0.2853171293360688,0.671498024144731,-0.07961300743459028,0.26062972950705765,0.8392177240642592,0.23093687291133563,0.01990470326934819,0.07789601911953271,-0.32333377821505854,0.22331649470378273,0.48092960892006903,-0.14193099347482044,-0.15635156654177365,0.644091428652786,-0.4662556454728254,0.09949784381636663,0.938316492893531,-0.14237063693887125,0.16085458668663766,0.06097411512888198,-0.19515120001150635,0.2526227925852414,0.7926100569436495,0.15153648853747967,0.27912308337975433,0.7634447790728301,0.1622972714382356,-0.2603263944831256,0.14306361676150262,-0.10387494341094448,-0.14184014017530808,0.6701019923254283,0.17754463829651324,0.1444060753381819,0.8481644052627647,0.3011025747617219,-0.27521394143693173,0.1088066540802671,-0.1729536898719733,-0.13092931769876956,0.4793223915373289,0.09404927223895901,-0.25510392247582453,0.6443386922837742,-0.4041369236660854,-0.10684888140425824,0.9349105008279229,-0.02002984106523306,-0.1909492767144173,0.07387491534134405,-0.00015534362343902467,0.07861312035354835,0.8000952808326871,0.2541942290882898,0.07540421827397227,0.7700855751768091,0.28522289910980453,-0.0013985700267898176,0.8743982432403905,-0.07991242281471288
2.20469,-0.04708163526052324,0.9838103506204595,-0.13497100777549137,0.0816773743746625,0.11552036539148731,-0.29326185032130775,-0.02684181489128137,0.6020981977062573,-0.3446219053227255,0.28505828719131676,0.6741180716669175,-0.08034105771295624,0.26097810012829886,0.841617534784991,0.23035793148861927,0.02005421386503339,0.0778384377292357,-0.32347681330857475,0.223166392047589,0.4812444363396091,-0.14212586409980488,-0.1559571683732021,0.6472453798578128,-0.4664186292841852,0.09978616084369837,0.9415219637787391,-0.1425607182592002,0.16099253635090274,0.061019530765004215,-0.19524990979683218,0.25279103726097507,0.7951105248776759,0.15091265190365616,0.27921284844894595,0.7658593321440421,0.16163590765922523,-0.26032945564757326,0.14305007606094908,-0.1039060669807168,-0.14220186644940166,0.6724963637746671,0.17656993463828993,0.1438254441971604,0.8501960228457804,0.30114490703425656,-0.2751909183045469,0.10871076131128259,-0.1729630370598086,-0.13101221646046463,0.47989105371961716,0.09347546695108162,-0.2547145011380629,0.6475148538267419,-0.4043506248841872,-0.10682026574004001,0.9379556092753644,-0.020119287913318035,-0.1909689715353487,0.07398892316545112,-0.00011406335415731806,0.0780945974815915,0.8022739180269202,0.25398656616431875,0.07484037075556708,0.7721690452299338,0.28491601660439425,-0.0012165807951631138,0.8775672610665494,-0.08002104754609232
2.21466,-0.04683736553114436,0.9870328875671881,-0.1350468721078254,0.08181411460600885,0.11546463363462425,-0.2933982319672613,-0.026441941488507467,0.6050589450417088,-0.34474011381195746,0.28480086286656714,0.6767403496995424,-0.0810594743575878,0.26130110773011483,0.8441154729658191,0.2297243706871831,0.020207685087671658,0.07773417472539416,-0.32363279640118536,0.22301635519891203,0.48152468203769605,-0.14232223549129117,-0.155518546948738,0.6504730850194077,-0.4665578046264279,0.10012232766664916,0.9447672869427295,-0.14271876053824775,0.1611428377445694,0.06103129174656797,-0.19536943874513435,0.2529396294512018,0.7976821903712984,0.15024529215677004,0.2792733948737897,0.7683404875957506,0.16094319446752747,-0.26030264366226097,0.1429878515247858,-0.10396763122486498,-0.1425265954757763,0.6748621489273935,0.17552698980021414,0.14327105952523442,0.8522028758296241,0.30111390462277193,-0.2751334164018009,0.10856439798509232,-0.1730040442930064,-0.13107069512982217,0.48040782225681183,0.09287380125396127,-0.25428639696733396,0.6507596045872337,-0.40454066429317875,-0.10674173491041533,0.9410388346727635,-0.020179563119823423,-0.19096502631311804,0.0740516254717158,-9.977226039233083e-05,0.07760393319538411,0.8044235358181686,0.25370695846368474,0.07431042066363128,0.7742227946633375,0.2845388413332564,-0.0009822309525545382,0.880790951622302,-0.08010175241235092
2.22464,-0.04662896098124932,0.9903813783782155,-0.13519573149157263,0.08188867234935075,0.1154365739599151,-0.2935397013471037,-0.026096505107725997,0.6081160853349284,-0.34486356326909484,0.2845445705135214,0.6795319804191412,-0.0818218935485309,0.2615754281528032,0.8468569337182273,0.22899750227319118,0.020299611067686296,0.07765983858863179,-0.32378392346276974,0.2227782018088087,0.4818546269165786,-0.142539504920692,-0.15513974209745926,0.6538125913804835,-0.46669172875186515,0.10042148808124696,0.948151243598927,-0.142912516199518,0.16123884389661383,0.061066193642675896,-0.195491616776933,0.2530542634114816,0.8004854999147876,0.14949357227909638,0.2793049858195338,0.7710545744169504,0.1601723955374076,-0.2603448932106248,0.14293508531733398,-0.1040339658328532,-0.1428445971680411,0.6774025585989344,0.17447663816382378,0.1427686578623108,0.8543967379451225,0.30097492139783033,-0.2751438887521727,0.10843162359221811,-0.17305510445587807,-0.1312003914193058,0.4809690210944221,0.09224509721559417,-0.2539128916806059,0.6541174863004875,-0.40471706482219794,-0.10665531727782007,0.9442719376243046,-0.02027950417670897,-0.1910342173782346,0.07413436514691307,-7.863067636024677e-05,0.07714396496137163,0.8067642804294648,0.253350635515062,0.07381481832846594,0.7764690946186651,0.28408183505584056,-0.0007716730834679732,0.8841555776847553,-0.08022744447198937
2.23462,-0.04644245232031622,0.9937950624703815,-0.13535430765049897,0.08194043266950143,0.11542250134541603,-0.293644996497239,-0.02577876632093191,0.6112528868966968,-0.3449465887389935,0.28430975662308905,0.6824422301929738,-0.08260337432156914,0.2618460677571348,0.849750176105192,0.2282150613110654,0.02036588041861628,0.07759535450210335,-0.3238925341248357,0.22248709094976443,0.4822231530381564,-0.14274201849954482,-0.15479582414026394,0.6572408398462505,-0.46677755682135635,0.10069225607048117,0.9516243486686864,-0.14309496004996577,0.16131804436937094,0.06110984789009105,-0.1955811522475847,0.2531651766230938,0.8034117197038466,0.1487074065200244,0.27934190535682235,0.77390265163423,0.15937168986303946,-0.26041082450864156,0.1428755628749101,-0.10407566268248741,-0.1431433235685122,0.6800712063726627,0.1734831156609006,0.1423081001180631,0.8567147649065874,0.3008009355933577,-0.27517631743008036,0.10829581652041076,-0.1730806546314261,-0.13136042652276148,0.4815482210870762,0.09162739310281716,-0.2535665304542303,0.6575627051262151,-0.40484200486348304,-0.10655784071259047,0.9476071546063312,-0.020362269351588497,-0.19113236893780577,0.07421289073354259,-2.5589615119554805e-05,0.07673065466021872,0.809208511893422,0.25297999589409564,0.07336736193406146,0.7788284732379211,0.2836223087038756,-0.000570108897240647,0.8875996612332065,-0.08033791973550987
2.24459,-0.04624909026617669,0.9971937009923557,-0.1354548581948253,0.08201565244379153,0.11538145163563633,-0.29369097446742753,-0.02543518405970044,0.6144245491385958,-0.34495992166468276,0.2841161385523336,0.6853907897896142,-0.0833643895813145,0.2621583238274004,0.8526830924890165,0.2274236513499733,0.02045193866116456,0.07749720567208211,-0.3239449295144416,0.22219916958048008,0.48258279020008515,-0.14289924188361872,-0.15443122156940073,0.6607070822246769,-0.4667893285165227,0.10095950150677065,0.9551153907161279,-0.1432157748415101,0.1614257195213313,0.061121067232162624,-0.19562385002967994,0.25330371016460435,0.806331729411798,0.14794351275085657,0.27941585353198084,0.7767612732218431,0.15859787089033062,-0.26043436415673366,0.14278360162128997,-0.10408468369081392,-0.14340453620069185,0.6827706753508864,0.17257393930097475,0.1418599478354996,0.8590467605233937,0.30067602191803283,-0.2751639956160913,0.10813035581325854,-0.17306660282173458,-0.1314894397252717,0.4820961169629622,0.09104282603202557,-0.25319469985027343,0.6610408399430893,-0.404896789488266,-0.1064350561444837,0.950964356932485,-0.02037827330993925,-0.19119639992972182,0.07424554587161862,5.874550304962885e-05,0.07636886054581517,0.8116229624490356,0.25265596893119013,0.07297149800115646,0.7811714056525199,0.2832308849892105,-0.0003460017122061341,0.8910420759659233,-0.08037725722769111
2.25457,-0.04609962420480782,1.0006212701727202,-0.13561272975584046,0.08205723406648242,0.11530805625952383,-0.2937434298112399,-0.025085987495194143,0.6175933657477947,-0.3449936801397315,0.283955281334377,0.6884903547904104,-0.08412258604378371,0.26247168278933647,0.8557830226904678,0.22660105352168589,0.020502673522123285,0.07738242398319357,-0.3240132138954776,0.22187142890077668,0.4829109247685274,-0.14305935055967212,-0.1540718568594011,0.6641630418395363,-0.4668188974938411,0.1011731322640108,0.9586799514932715,-0.14335662419809916,0.16149834250716072,0.06107857090179711,-0.19568014435518477,0.2534467238199007,0.8093953872443512,0.1471669009391412,0.2795076147794775,0.7797708203041415,0.1578157425802203,-0.2604754720768482,0.142703298536183,-0.10411080695298423,-0.1436495812361917,0.6855826613567391,0.1716808557727933,0.1413891007023642,0.8615014898519731,0.3005807515584758,-0.2751714490640751,0.10798473774056329,-0.17306965613572756,-0.13164255489074692,0.48265750977154204,0.09042907618044363,-0.25282979603380856,0.6645090458286919,-0.4049694745908525,-0.10630135092903888,0.9543771726447676,-0.020451440891877875,-0.19129010633205235,0.07426600891493548,0.00012044459607375368,0.07601812486475866,0.8141386821764207,0.2523540363017137,0.07258687840020621,0.7836140774863244,0.2828553098368057,-0.00013838432151043215,0.8945329287831751,-0.0804641323401515
2.26454,-0.04599869665859226,1.0040911792900242,-0.13585975468836747,0.08206828751496621,0.11522171995380932,-0.2937978143682886,-0.024740864626614165,0.620749450933197,-0.345063807062979,0.28381153692845806,0.6917437839336072,-0.08487060241047122,0.2627507016624697,0.8589995371633024,0.2257941651967214,0.020523895703560974,0.07726884834761516,-0.32409042220505074,0.22150163458469324,0.48322469235272714,-0.1432173214730091,-0.1537283535469603,0.6675797127214431,-0.46688923831799245,0.10132237379508569,0.962316152118387,-0.1435337743521635,0.16153547868171028,0.0610009257729413,-0.19573515156365337,0.2535681866524409,0.8125821415525823,0.14640494998461182,0.27958753773458633,0.7829037619148749,0.15704705344489756,-0.26054029001904233,0.1426604581972083,-0.10414176901828102,-0.14391044242995252,0.6885456687142839,0.1707926344623426,0.14091061599703236,0.8640622205354552,0.30051307658877163,-0.2752068234697498,0.10788318144685449,-0.1730805417184207,-0.13182907580354167,0.48326127674708014,0.08979146222395969,-0.2524824171170307,0.6679379185885866,-0.4050767757174717,-0.10615767311196499,0.9578557186192954,-0.020616889253131546,-0.19141546389376896,0.0743039533068531,0.0001733881905354788,0.07566691691466257,0.8167718050493836,0.2520733467367336,0.07219541099566025,0.7861683809580287,0.2824876958180175,3.440086648790464e-05,0.8980766158454956,-0.08063175473416474
2.27452,-0.045889369627347076,1.007597612994113,-0.13611034172963088,0.08212211567869585,0.11515605765703635,-0.29377495562975203,-0.024380062617265195,0.6239406894647666,-0.34508777270568824,0.28366825127690604,0.6950433856708136,-0.08557418849759635,0.26299142992809793,0.8621078071317781,0.22511450001787942,0.020590598733525832,0.07716329183149072,-0.32408796803912726,0.22114480590606003,0.48356919551784444,-0.1433063089100062,-0.15337475740925968,0.6709829122389962,-0.46693020700352517,0.10145388861939754,0.9659797797160352,-0.14367853077441117,0.16161024045920852,0.060936495532030975,-0.1956997050619113,0.2536567057291095,0.8156922372344938,0.14575077342444728,0.27963323434014403,0.7859590378643884,0.15637441786762704,-0.26056781858909334,0.14264806784753328,-0.10410539516911108,-0.14421610632851925,0.6916438483591691,0.16996348301491737,0.1404867527732852,0.8665809608609686,0.30050275719423175,-0.27520744711352907,0.10781053723612917,-0.1730240063771635,-0.131993352660635,0.4838984879408351,0.08921099266431137,-0.2521204519212945,0.6713467382775036,-0.4051447387058279,-0.10598698336779656,0.9613988077635436,-0.02078719913736057,-0.191500461967742,0.07436678837444581,0.0002951557841647518,0.07534139211798377,0.8194042427246264,0.25184750501318964,0.07181148480878122,0.7887256869445808,0.28218153782005856,0.000192718500187899,0.901644920173148,-0.08079459229603897
2.2845,-0.04576317610020632,1.0111804529512092,-0.13634600811775227,0.08216166071965297,0.11509783091090234,-0.2937509578565684,-0.02398024773396195,0.627201252755282,-0.3450325377546816,0.28353438198060055,0.6984295768860143,-0.08623530707862709,0.2632425074409618,0.8651925220637959,0.2245351894303254,0.02063676817126377,0.07707665319636904,-0.3240879827464382,0.22082595698132956,0.4838752928306164,-0.14334344879814906,-0.15297945245181005,0.6744085692110866,-0.4669146231422303,0.10159441570154669,0.9697198704726534,-0.14381102325487735,0.16165635889740787,0.06085221848348843,-0.19566456926444928,0.253749714727289,0.8187942101887011,0.1451898191575587,0.27968827791368056,0.7890083140554957,0.1557820907928043,-0.2606227301016318,0.14267004353468343,-0.10408370184624305,-0.1445196682310582,0.694869137155063,0.16918800794829458,0.14013796225644126,0.8691183612591451,0.300531499988589,-0.275239961808788,0.10778619504536771,-0.17298654362762397,-0.13213140529299874,0.48450107907394724,0.08869208776375635,-0.2517202206965478,0.6747800805827567,-0.40516335568647965,-0.10580059525410497,0.9650374696417382,-0.020940167249290494,-0.19161235897644877,0.07443199455115419,0.00038884766459255525,0.07506955947011469,0.8220731044881314,0.25166980813725504,0.07147349155979787,0.7913252441210465,0.28193073521715334,0.00035999155019492,0.9052883108592722,-0.08093350228531875
2.29447,-0.04563567948948867,1.0148865026923761,-0.13658205102083867,0.0821230291772935,0.11502248907365706,-0.293813583313217,-0.023534312391986487,0.6305537021494504,-0.34491373494290767,0.2834077161221233,0.7019631665888103,-0.0868943346967075,0.2635233690691417,0.8683791266797892,0.22397842413954056,0.020590488163221943,0.07701156800282999,-0.3241864953383096,0.2205429260939846,0.4840825341466577,-0.1433814096176235,-0.15253821919937707,0.6778859720049482,-0.46685453712394703,0.10174926717752898,0.9735975889829985,-0.14398392331103785,0.16160342250705317,0.06070683372902234,-0.19573353969891116,0.25386282276895983,0.8220001671576339,0.14465481103778355,0.27977181216609576,0.7921632963179918,0.1552063412475356,-0.26076639391938483,0.14272120497809726,-0.10416574013355122,-0.14477657422485496,0.698211950251132,0.16842382198970046,0.1398729102306779,0.8717664733929729,0.3005298230902963,-0.2753671576875472,0.10781834047050806,-0.1730609915411141,-0.1322661227228002,0.4850218526789932,0.08819994033954243,-0.2512828322668825,0.6782727214018938,-0.405157706292389,-0.10561955557898309,0.9688014151785415,-0.021090483579801558,-0.1918131934485631,0.07447609565879602,0.0003513442566308979,0.07486725874170992,0.8248456727579883,0.2514850754058484,0.07121199006829038,0.7940320496300538,0.2816729594639918,0.0005444152078009579,0.9090676361507949,-0.08107126572523529
2.30445,-0.04552118453354596,1.018718236366032,-0.13683075579088988,0.08209659236376443,0.11493620528633271,-0.29387607663616083,-0.023082066394969257,0.6340073337922788,-0.34480787251228656,0.28322223955709375,0.7055588480630413,-0.08764573887997637,0.2637050943066199,0.8714889777130117,0.22341317772133748,0.02055041849042413,0.07694220219626492,-0.32429056362164244,0.22026235962415416,0.4843028623799632,-0.14345576103740518,-0.15212614130069657,0.6814129836058235,-0.4668063261083656,0.10189470936017671,0.9775805974324704,-0.14421684809293603,0.16155451124897033,0.06054352825822999,-0.19580758758663444,0.25388787765618287,0.8251790307529222,0.14408042561786244,0.27974971370820323,0.7952776495911102,0.1545860245171458,-0.2608844893788067,0.1427558266555254,-0.10425566098418386,-0.1450473418081438,0.7016440322989953,0.16761115264864135,0.139725490118918,0.8744237297977896,0.30035298748319,-0.2754697735519644,0.10783804233519213,-0.17314336062296962,-0.1324222194167781,0.48554390953058607,0.08769836323237536,-0.2508631123552604,0.6817995356387383,-0.40515877316655474,-0.10545387241553734,0.9726717958746421,-0.0212607497095628,-0.1919661112358557,0.07451032571370975,0.00029305615944275965,0.07471712426606196,0.8276613160346924,0.25116092061816014,0.07100724110974468,0.7967816240538369,0.2812743880021283,0.000710870721866985,0.9129650274005474,-0.08125048580209812
2.31442,-0.045408517457231116,1.0226672423878855,-0.13706176992571206,0.08210229687578012,0.11483977491103245,-0.2939103887193982,-0.022631138863433688,0.6375533344169504,-0.3447068767540171,0.28294507355111886,0.709140726082938,-0.08849023950641799,0.26369229466471567,0.8744593167006288,0.2228412544556858,0.02054165357273982,0.0768562346788769,-0.3243645316947427,0.2199771193152137,0.484555908961784,-0.14356002073464186,-0.1517462885811145,0.6849889877003814,-0.46676136604238955,0.10204415766543085,0.9816382920222223,-0.1444754231545826,0.1615386388360067,0.06037070339617988,-0.19585159382161757,0.2537483503091285,0.828277147105684,0.143455553989486,0.2795414244112978,0.7982957343820687,0.15391742400512276,-0.26095152927423576,0.14275717316287045,-0.10431175619112658,-0.14536864693083426,0.7051385488626083,0.16675040837187552,0.13967231106036257,0.8770933361129791,0.2999440751030005,-0.27552032858376974,0.10782038117605217,-0.17319144859248486,-0.13259984501126174,0.4860810938178734,0.08719247909529193,-0.2504632968089584,0.6853608404566905,-0.40514960367764496,-0.10531940852151117,0.976629280725121,-0.021429890127726173,-0.19204211596967702,0.07453378102398506,0.00026375552263743714,0.07458399419148504,0.8305283262651484,0.25065180106206364,0.0708298825961222,0.7995826673288146,0.28069150506996676,0.0008543938997296137,0.9169594408839369,-0.08144423134162582
2.3244,-0.04525767215517023,1.0267527651200423,-0.13720848424322135,0.08206139813349492,0.11472180628471956,-0.2939836798115122,-0.02214214396862009,0.6411975333916634,-0.3445085470137963,0.282597262184176,0.7127044323279822,-0.0893293601974848,0.2634689323109845,0.8774303106098043,0.22228437339110782,0.020482692639162622,0.07676074250219857,-0.3244707930813287,0.21971270824420905,0.48473790590119875,-0.14365260464982915,-0.15130989628873673,0.6886501506386532,-0.46663999917633914,0.10225577959805376,0.985789246223997,-0.1446799720574071,0.1614768591785629,0.060143840568915655,-0.19593768053954808,0.2534371148139104,0.8313944372887471,0.1428194089739678,0.2791608779944435,0.8013301249145606,0.1532492802475372,-0.26106468830719026,0.14274708604425806,-0.10438602647217486,-0.14573231135940734,0.7087031695889384,0.16590007449949543,0.13963045375243008,0.8799356099048931,0.29935585731025255,-0.27561800322144786,0.10780110562927321,-0.17326664153720023,-0.13277282935658197,0.48655780112195385,0.08672178099039486,-0.25001743325128495,0.6890224201165382,-0.4050680287440832,-0.10522906486505615,0.9806930140332175,-0.021535368989093084,-0.19215977613218937,0.07452624964062947,0.00020686394269990802,0.07442343900193274,0.8335665455667745,0.2500172114548306,0.07065215692741537,0.802558270317707,0.2799865824373105,0.001013692227949042,0.9210732828959931,-0.08155821878796689
2.33438,-0.04503959604422837,1.0309497073051246,-0.13728380139885218,0.08200525913289129,0.11457935357480109,-0.2940978437837911,-0.021606159259283483,0.6449433408125601,-0.34424315200518063,0.28223836919063344,0.7162210225251809,-0.09016401437771583,0.26309465438625745,0.8803686594382085,0.22174088301966527,0.020395038761076924,0.07665336147982131,-0.3246159795008733,0.21948601432313902,0.4848692931845748,-0.14376501072729433,-0.15081645925837003,0.6923909540651428,-0.46646835588798424,0.1025451143422767,0.9899731230082199,-0.14481538642253525,0.1613921457454125,0.059864348040318746,-0.19607462145585422,0.253011808730701,0.8345098196826727,0.14216271215994172,0.2786413794988123,0.804348247154031,0.15257353238618124,-0.2611918193972675,0.14272146926103818,-0.10447693999657785,-0.14613871149047594,0.7123156813948822,0.16506364201030577,0.13962194945364265,0.8828846302528846,0.298603875711049,-0.27572849391690335,0.10777072792259972,-0.1733667140153438,-0.13292137435545642,0.4869906487968615,0.08625679329531988,-0.24951730854521809,0.6927714117700814,-0.4049414108415997,-0.10511224310626853,0.9848191620826947,-0.021585440583950975,-0.19229222259782566,0.07447838988431728,0.00012157353939427062,0.07424026986438029,0.8367293505710165,0.24925900897096886,0.07048353783590972,0.8056511577769202,0.27915331243519464,0.001216554218833564,0.9252796852454198,-0.0816188005145659
2.34435,-0.044750813248733416,1.0352257813972003,-0.13732008217954025,0.08198952435379628,0.11442397610357877,-0.2942242629255834,-0.021035562399503542,0.6487831371485037,-0.34396951245889223,0.28190847335803176,0.7196665531945196,-0.09103931856362861,0.2626647477586922,0.8831877626214539,0.22119394476815837,0.020328658900150523,0.07653874972739885,-0.32477530802242793,0.21929364550611602,0.48501718272951083,-0.14393048375461634,-0.1503047977527414,0.696190478906804,-0.4662904060608366,0.10289915089645259,0.9941313552327777,-0.14489594010015067,0.1613349918417962,0.05956159715684856,-0.1962379763390114,0.25255321687756754,0.8375601853649891,0.14146017220773696,0.27803604639678353,0.8072718459305592,0.1518597872160248,-0.26127228726486657,0.14267350995320616,-0.10456198258419941,-0.14657922708430662,0.7159489436983987,0.1642277667496679,0.139690483325244,0.8858262693687083,0.2977054312930138,-0.2757896677577971,0.10771458123252838,-0.17346349560393953,-0.1330352592076383,0.48742404122531624,0.0857616422265406,-0.24898658440003893,0.6965675937973995,-0.40480758192580635,-0.10490817355009978,0.9889610471415943,-0.0216035575312154,-0.19237617783429842,0.07439581934921502,3.0575983557773764e-05,0.07405961794176152,0.8399279147897055,0.24837629697934224,0.0703461543482413,0.8087620070179322,0.2781824852669715,0.0014689290194682973,0.9295458846429109,-0.08168000744418483
2.35433,-0.044443014235878806,1.0395893714368813,-0.13729192777746996,0.08197780723092046,0.1142958296732742,-0.2943452458747172,-0.020457461011902992,0.6526790724719645,-0.34363658954576914,0.28154220732882124,0.7230667852055185,-0.09198010547499536,0.26227338374506864,0.8858993577138456,0.22061931737457094,0.02026249539806068,0.07645633830861275,-0.32491930151255904,0.21908959166594935,0.48519926563946697,-0.14408375608292084,-0.14979593777737765,0.700041016470585,-0.46604876181788957,0.10328658207380541,0.9983203538566161,-0.14492646681126434,0.1612836175058353,0.05927618325485736,-0.19640480507314942,0.2521207601836629,0.8405368532919761,0.14071335859653808,0.27743192245663834,0.8101012119889944,0.15109836950030137,-0.261353254044135,0.1426277290511574,-0.10464013954951631,-0.1470050210743767,0.7196032340536015,0.16341203357788908,0.13979195187850696,0.8888319525167236,0.29674089731462944,-0.27585514649003845,0.10767077920207295,-0.17355113331356856,-0.13312056898994143,0.4878463664772786,0.08528084888127099,-0.2484541608906908,0.7004036643212389,-0.40460645960194513,-0.10470016945612923,0.9931513591163554,-0.021555373042346216,-0.19245767651755863,0.07430994760818907,-6.200282653417793e-05,0.07389561374955661,0.8431898909778759,0.24744708850250394,0.07024691857384206,0.8119279327519086,0.27715862717453926,0.0017329347000361092,0.9338911944545208,-0.08170204536191776
2.3643,-0.044149103493772886,1.0440548843021247,-0.137239411779095,0.08193485622007862,0.11421734817596996,-0.2944414659145246,-0.019880746411390014,0.6565994673842611,-0.34325283337772555,0.28111888213952513,0.7264803791207886,-0.09299307631535723,0.26196430810203386,0.8884854247483241,0.22003864357921768,0.02016632154814141,0.07643228015279155,-0.32502571872177877,0.21885164239023872,0.4854367757355719,-0.14421395054950725,-0.149291479678661,0.7039332349228203,-0.4657506312398074,0.10368040346374907,1.0025925319980724,-0.14494399320968895,0.16120554174364585,0.059022978900143075,-0.1965513082639167,0.25174477800245315,0.8434118290618227,0.13995793563580797,0.2768755906989823,0.812813395427376,0.15031735625425505,-0.261457630894444,0.14261200889325312,-0.10470634343069139,-0.14740313336767535,0.7233084638076694,0.16259346056036428,0.13989701462155005,0.8918808913665673,0.2957929827171233,-0.2759498966626305,0.10766885309814272,-0.1736251706215787,-0.1331875337768741,0.4882875682284225,0.0848104370731205,-0.2479267765254049,0.7042771822563821,-0.4043433033388944,-0.10452158467591949,0.9974295987773849,-0.021475038450753086,-0.19255963038722843,0.07424604331208916,-0.00014751565914453802,0.07376082875211822,0.8464811330836557,0.24653955363208893,0.07018034650080988,0.8151173260525731,0.27615002740538386,0.0019854920280203124,0.938338722893644,-0.08170296087499748
2.37428,-0.04386487964615983,1.048673171948996,-0.13728079528694181,0.08185064469175013,0.11417892019054356,-0.2944990051144833,-0.019284284443919036,0.6605643482869865,-0.34290530303641586,0.28068150521295626,0.7300176598096777,-0.09407101438570295,0.26171491072587943,0.8909073059270681,0.21952037452807102,0.020019396425283168,0.07646392039846032,-0.3250915365928669,0.21859303601398056,0.4857577383784147,-0.1443913303069871,-0.14876922199551398,0.7078895667507827,-0.465486323048756,0.1040693789236395,1.0070084389870304,-0.145020027203191,0.161075821795808,0.058780345201389146,-0.1966620194543488,0.2514171751748286,0.8461575280086385,0.1392565984253306,0.2763516971004551,0.8153768852928237,0.14957675261148043,-0.2615605317596857,0.14264545544844862,-0.10475362032359462,-0.1478147713067229,0.7271564735916851,0.16169270818309311,0.14000656357247093,0.8948509036923796,0.29492282885469745,-0.2760445204733142,0.10771323311234124,-0.1736850499046834,-0.13324732965967698,0.488827029800053,0.08427547920210686,-0.24737936650193623,0.7082204578755521,-0.40410766574687934,-0.1043232996955546,1.0018649204880425,-0.021478285073818607,-0.19265905450304058,0.07421180870257184,-0.00021670698320888442,0.0736625151034855,0.8497130887368298,0.24568432740484877,0.07012565476875104,0.8182339050252293,0.27517885619363713,0.002232701329312259,0.9429434604014918,-0.08177800165539284
2.38425,-0.043586059353329404,1.0534517526135203,-0.13743369111104065,0.08175017019579085,0.11414041778318988,-0.29457608162858123,-0.018650736557988674,0.6645888130751689,-0.3425756560960835,0.28020268111955465,0.733699889206045,-0.09515520352697551,0.2614766452523187,0.8932037252290232,0.21910207301204762,0.019848969291420913,0.07650839101320235,-0.3251831481857094,0.21832797351313968,0.48610602882079834,-0.1446338729491651,-0.148210270682576,0.7119196982426154,-0.46523562951163855,0.10446766041331612,1.0115951891441388,-0.14517305216571746,0.160913102360726,0.05851986455915124,-0.19678974365904958,0.25109293035107383,0.8487949939351208,0.1386684114160157,0.2758379753717018,0.8178283891944508,0.1489280937268508,-0.26166605269227916,0.14269993266181527,-0.10483196799197894,-0.14827029638781467,0.7312081615059437,0.1607102249443484,0.14006166080058594,0.8977759229871821,0.29417823772651425,-0.2761430189092353,0.10778180346272385,-0.1737823493421544,-0.1332997773338759,0.48940716877268653,0.08367496889482685,-0.2467939603846722,0.7122503603840719,-0.40388417283883427,-0.10413905287571718,1.0065016082185918,-0.021580435711871515,-0.19276937884699025,0.07418170316199296,-0.0003264531246526293,0.07357196135988818,0.8528985391095353,0.244912659318368,0.07003821001761222,0.821309515440884,0.2742941977592415,0.0024776904828892406,0.9477227448376518,-0.08192080357703374
2.39423,-0.04330715712920161,1.0584066761934245,-0.1376598506864656,0.08165729412766075,0.11407183989411085,-0.2947164883751291,-0.017987860210658357,0.6687092077834264,-0.3422142715905446,0.279632265593753,0.7375161286520298,-0.09621695593207359,0.2612058706419521,0.8954201720455014,0.2187799299839647,0.019685741872227547,0.07652635714070902,-0.3253450988558845,0.2180485102305729,0.486437822592236,-0.144938942751988,-0.14762150865376308,0.7160602807497221,-0.46494486305326027,0.10489167195654409,1.0163759677085438,-0.14538609793174162,0.1607439529877628,0.05823462183905957,-0.19697042406378543,0.25072386991593015,0.8513586603145038,0.13820337499374213,0.27530860598660567,0.8202179595936228,0.14837187172767202,-0.26178921788954757,0.142738442580601,-0.10497634455356966,-0.14879219956780262,0.7355087016397593,0.15967236764657733,0.14003240797702188,0.9007180112485822,0.2935640862698284,-0.27626266471777383,0.10784566811228703,-0.17394802423341627,-0.1333550905406195,0.48996017514565343,0.08302996843120962,-0.24617928954519736,0.7164035959511449,-0.4036225831573699,-0.10401161390591754,1.0113815553283925,-0.021745199566089442,-0.19290827500744762,0.07413181390463691,-0.0005163143264689278,0.07346837113515425,0.8560838947565832,0.244228280004987,0.0698901275483597,0.8244095659019143,0.2735173529766659,0.0027197844122524655,0.9526964316050173,-0.08208750395752519
2.40421,-0.04302161257762115,1.0635468079778219,-0.1379090400449548,0.08154380880267104,0.11401726338680947,-0.2948129151214986,-0.017382231514305676,0.6729514226354371,-0.3418496557337993,0.2789743289681869,0.7414198841662605,-0.09737075308960917,0.260911650645011,0.8974546961780728,0.2184857641332544,0.01950266535260284,0.07654629876396275,-0.3254536916774696,0.2176883427323535,0.4868648038635621,-0.14532308739690916,-0.14709054707603533,0.7203645002930524,-0.46463804727856284,0.10532012198836832,1.021316447908912,-0.14561574177625855,0.160556759451037,0.05799360017785144,-0.19708700946361388,0.25031176442109065,0.8537928838035255,0.1377454836581808,0.27474347062589,0.8224791227601317,0.14778583120817962,-0.26192841490324037,0.14276679579640877,-0.10509057521283742,-0.14939077472975998,0.7400223573424386,0.15857901673353367,0.14006601060274534,0.9035182308177695,0.29299080380377446,-0.2764039996125729,0.10789236621090337,-0.17407289357346176,-0.13346989071183088,0.4905844400060859,0.08232290481883708,-0.24562163829372002,0.7207166167319611,-0.40333734553984313,-0.10388301467896151,1.0164814177706731,-0.021937600284610025,-0.1930459536284313,0.07409180641895587,-0.0006739470960805142,0.07341012157191285,0.8591909603145153,0.2435648130790172,0.06973987098947268,0.8274360719506831,0.27276113677213737,0.0029492956685313225,0.9578504852131914,-0.08227815057521634
2.41418,-0.042708194373174614,1.0688397220404664,-0.1381256291626646,0.08139402334468965,0.11398561978819255,-0.29485690363184774,-0.01685243352386055,0.6773124198771349,-0.3414810492257137,0.2782764499132575,0.745367127454612,-0.09867860224292355,0.26056143322994685,0.8992987559145301,0.21814299763687317,0.01928612172057124,0.07657256923175446,-0.325493995484051,0.21723374998734626,0.48740087852314706,-0.14579523682487563,-0.14664216215887207,0.7248384703763086,-0.4643060407387658,0.10576312772846622,1.0263651225417993,-0.14581683863048833,0.16034639119959354,0.05780436007880731,-0.19713769957836186,0.2498469435370617,0.8560991204589299,0.13720015860848148,0.2741237060705583,0.8246111253622566,0.14708601680753475,-0.26210013536679777,0.1427786318362128,-0.10515462491477517,-0.1500706895434098,0.7446805011647919,0.15745485181039068,0.14023206473772254,0.9061098971741843,0.29235306734386096,-0.27658176572878695,0.10790836709714932,-0.1741377034308343,-0.1336651315064388,0.4912853879527727,0.08155587936933259,-0.24514132470325029,0.7251892167233437,-0.40301560330126396,-0.10370949960064019,1.0217391918835448,-0.02210347220298624,-0.19318875019679002,0.07405886381426822,-0.0007775617224725835,0.07342233303244572,0.8621761517804897,0.24284517910421674,0.06961973728108721,0.8303424738715571,0.27194709297506986,0.0031835348848800534,0.9631415273945719,-0.08246107505456902
2.42416,-0.04232781480783953,1.074223208373903,-0.13825791554446407,0.08122284389165668,0.1139313717565963,-0.2949758273536188,-0.01631832634754106,0.681768366432872,-0.3410566031324903,0.2776188066612596,0.749335336789205,-0.10010677609451604,0.2600653749948306,0.9010857520252102,0.21768966387640126,0.0190545104223912,0.07656918973328646,-0.3256023874892573,0.21674526105748573,0.4879216707321007,-0.14634794296185422,-0.14620600731831382,0.7294407780743172,-0.4638868470111754,0.10627716838751548,1.0314784119692133,-0.14595164101489955,0.1601270609389129,0.0575915234990594,-0.19727352693254274,0.24929474588551534,0.8583687755189539,0.1365332495011928,0.2734291452416361,0.8267180004622265,0.14626569072533308,-0.2623363908664787,0.1427494496531765,-0.10525728076297368,-0.1508356270447184,0.7494150432028674,0.15635383132040126,0.14046716829918685,0.9085937005349042,0.29156098782211387,-0.276822177898354,0.10788045102789101,-0.17424806756585604,-0.13390759308616978,0.4919381254414697,0.08076097095917165,-0.2446616131679693,0.7297896312217417,-0.40260151698552593,-0.10348534836090445,1.027081794014029,-0.022174648762229014,-0.19338539057948842,0.07398800022004594,-0.0009337297412958888,0.07346980609719184,0.8650795017515847,0.2420043784028597,0.06950760550983198,0.8331919380583425,0.27103701384336737,0.003473614805901905,0.9685172091045786,-0.08256393642069085
2.43413,-0.04184869694858596,1.079662333429955,-0.1383157800500721,0.08107724099337284,0.11385981565812635,-0.2951200785782867,-0.0157349433038559,0.6862888115878812,-0.3405601082921641,0.2770331971398944,0.7532905691880589,-0.10160049307027678,0.25939627702153634,0.9028562376384236,0.2171572443315548,0.01885090589404756,0.07654320725693628,-0.3257332193230237,0.21626649807825843,0.4884386447032165,-0.14693512657461072,-0.14572505663182456,0.7341335191681655,-0.46337951776976527,0.10689924155018463,1.036616719088374,-0.1460063022968784,0.15994080125283233,0.05736864082786351,-0.19743879804546638,0.24864052030482708,0.8606369817429662,0.1357660451422253,0.272643913491149,0.8288351676002075,0.14535228100947822,-0.262572152196489,0.14271385526482724,-0.10535682666135324,-0.1516945682771625,0.7542237586127926,0.15529664293667308,0.14072910969236485,0.9110411742183686,0.2906492467746304,-0.2770601249740468,0.10784351373458911,-0.17435409749577316,-0.13415868478877743,0.49259097374909383,0.07996511093191729,-0.24413009529545454,0.7344837569543429,-0.40209756530388063,-0.10318453861464157,1.0324792652669892,-0.02216357785290831,-0.19356856725806998,0.07392245641115053,-0.0010918583759887907,0.07350446408011498,0.8679796678986872,0.24107122570134723,0.06936489315589482,0.8360570342803425,0.27004880839642226,0.0038533289510534873,0.9739523700792361,-0.08258256131468736
2.44411,-0.04126104785691624,1.0851632257115555,-0.1383305301887937,0.08098433836353462,0.1137940836551419,-0.2951894627621319,-0.015085711065225839,0.6908613711238625,-0.3399891522112452,0.2765118365699044,0.7572266559439974,-0.10312378749186316,0.2585746217001137,0.9045991979177289,0.21660373043430647,0.01869698149392272,0.07651832713880563,-0.325786224939913,0.2158158829593492,0.48900677004308124,-0.14751012472812694,-0.14516388429591817,0.7389063402263063,-0.46280151713098117,0.10764089768825152,1.0417787236043472,-0.14598404520817773,0.15980710439453355,0.057175355060916894,-0.19751741869219014,0.24789068112231888,0.8629115669343939,0.13493459789688927,0.27176484158977826,0.8309618885070902,0.14437555669382335,-0.26274030154776495,0.14272383386726092,-0.10538221616098171,-0.15266254844422084,0.759140099390758,0.1542734742782732,0.14099467935128068,0.9134828010317231,0.2896877857314494,-0.2772307707940136,0.10784696867525961,-0.1743730185823551,-0.1343939714071655,0.49334049610687997,0.07918612088094037,-0.2435197286297044,0.7392615542988995,-0.40152305213509354,-0.10279109784765626,1.0379474801854183,-0.02210853823646167,-0.19366347313894203,0.07392630706389156,-0.0011668177522460507,0.07348127470703208,0.8709429424543639,0.24009796267912165,0.06915451184077995,0.8389856832789196,0.2690107544583388,0.004331135687177804,0.9794611223833097,-0.08253803298887669
2.45409,-0.040619096228261,1.0906938973837417,-0.1382995756792723,0.08086518846396866,0.11372697584024541,-0.2952222390618752,-0.01438875889958746,0.6954395353491231,-0.3393319790093515,0.2760189851281185,0.7611571324823426,-0.10469317884233244,0.2576757949933944,0.9062659928736573,0.2160305111520681,0.018516860759640232,0.07649683519800038,-0.3257968348327108,0.21537826135125782,0.4895731038430605,-0.14807312740319656,-0.14453440692313801,0.7437219902751817,-0.46213399557783774,0.10845808315425112,1.0469637331100061,-0.14590214253177414,0.15963806452606258,0.05698640490388338,-0.19755038614728748,0.24709615269909646,0.8651634969730478,0.13405228964993585,0.27083812719588235,0.8330581240404097,0.14334288548472005,-0.2629191823833979,0.1427878307955358,-0.10538969502946816,-0.15374577328784303,0.7640983665759611,0.1532603145724142,0.14124974356166764,0.9158295274416044,0.2886747638878402,-0.2774124249443445,0.10790714016527625,-0.17437974829739353,-0.1346311603330402,0.4941266596506291,0.0784418282185235,-0.24284547010710444,0.7440861524968854,-0.40086116585378423,-0.10236203382569022,1.043456652306247,-0.021996453745208137,-0.1937578515066419,0.07398278781237634,-0.0012282532294892224,0.07338103849231058,0.8738787036352275,0.23907872028704516,0.0688700500476929,0.8418814515374166,0.26791737781318453,0.0048608709957234045,0.9850162140087895,-0.08241524485208301
2.46406,-0.039953320005669826,1.0962456061892807,-0.13824887710356484,0.08070439256932091,0.11365439374338704,-0.29524797081401105,-0.013651604793507756,0.6999902127756537,-0.33857961186148855,0.2755427689895938,0.7651113615291701,-0.10635144737133839,0.25677889929993236,0.9078135422677029,0.21542691552062837,0.01829562273113138,0.07647318549616773,-0.3257909826973379,0.2149482117895832,0.49011350803317477,-0.1486231593570694,-0.14385096029389022,0.7485511562515818,-0.4613606073155813,0.10932517170917122,1.052187615126562,-0.14581144618074962,0.15941993758970177,0.05679903333715906,-0.19756891519356254,0.24631721000074894,0.867361970837661,0.1331123470214356,0.2699256465025919,0.8350937788799998,0.14223485639623548,-0.26312198065250014,0.1428763549343171,-0.10541118183139422,-0.15489673369195633,0.769097608940018,0.15225224305258778,0.14155178496090992,0.9180480124555265,0.2875915511050558,-0.2776181484700168,0.10799641695671658,-0.1744109837310075,-0.13487159955559233,0.49489697999327736,0.0777398276269421,-0.2421198633454976,0.7489276176082339,-0.40009460879994174,-0.10192525513685634,1.0490147665975635,-0.021839216348365255,-0.19386347622618544,0.0740574019390347,-0.0013178296394717286,0.07325811451481516,0.8767595318607031,0.23800443836306664,0.06856915808302415,0.8447139024602118,0.26675927579246655,0.00542345373097776,0.9906170379123804,-0.08222511561773733
2.47404,-0.039248385972273286,1.10186171228795,-0.138240360221682,0.08058119975498536,0.11358181266047852,-0.29525138575295073,-0.012860746518006226,0.7045184474189292,-0.33773036407558255,0.27510100618248184,0.769139541723568,-0.10815361959124765,0.25594206245987217,0.9092130599332564,0.21478775648399775,0.01810852676829859,0.07643651540277982,-0.3257500926429917,0.21453577540399743,0.4906643939623293,-0.14915069956943855,-0.1431173468756869,0.7533940694548623,-0.46047955887926373,0.11025231302491272,1.0574967110714517,-0.14578770432923374,0.1592459728647064,0.05664952614658327,-0.19755373538768714,0.24560325009758815,0.8694840264650441,0.13209571133640893,0.2690839962959202,0.8370593478231944,0.1410127107095542,-0.26325815355332616,0.14293063209315826,-0.10541832596389454,-0.15602233706934668,0.7742435395495137,0.15126040735295376,0.14202210078839048,0.9201970960798065,0.2864211301667806,-0.2777575459240812,0.10804740516768126,-0.17441974687172573,-0.1350940429043224,0.49565261290918666,0.07707079710675255,-0.24134066457262027,0.7537858178431921,-0.3992176249635871,-0.10145694577266283,1.0546963932853213,-0.021688433183012085,-0.1938729474386373,0.0741197515806292,-0.0014036672481339933,0.07323110923182585,0.8796679638345035,0.23687617690940194,0.06835963986751879,0.8475630503221859,0.2655306967662932,0.006042941713276921,0.99631645074739,-0.08201598893520913
2.48401,-0.03851059734447787,1.1075662921563156,-0.13826206281905756,0.0804704596252319,0.11349907055827477,-0.2952259572740496,-0.0120331650406617,0.7090319780899498,-0.3368200054634265,0.274654110279715,0.7732467470049716,-0.11003867630157928,0.25514134042357045,0.9103858634837452,0.2141836797413271,0.017936396783253927,0.0763694638781526,-0.32567152165885643,0.214113852721565,0.49122311566394516,-0.14967517844151446,-0.14234222983100497,0.7582453116766692,-0.4595353011714807,0.11121083009481049,1.0628948253046848,-0.14578513544161179,0.1590942187655586,0.05652718378644793,-0.1974986500094597,0.24492025604286802,0.8714637155116011,0.13107827114177226,0.2682790616797663,0.8388827513793969,0.13974998667287727,-0.26336701366527415,0.14295718675923783,-0.10540420327596445,-0.15717590249798832,0.7795160255810069,0.150215267445008,0.1425524284815021,0.922215980445943,0.2852212728766492,-0.27786824072760463,0.10805516492958452,-0.17439578753595375,-0.13534873858006297,0.49641852124316793,0.07640444844856926,-0.24051598614119507,0.7586683508850589,-0.39827786482509825,-0.10097609482612242,1.0605033767237635,-0.021560783904665825,-0.19383463722487027,0.07419157956266569,-0.0014571202188746557,0.07322395146363243,0.882536055526596,0.23572138429493553,0.0681510379583612,0.8503609696435774,0.26426002259350123,0.006683396979964722,1.0021117583485655,-0.08180498066517806
2.49399,-0.037756742128205796,1.1133945947537351,-0.138281191859987,0.08031157721341219,0.11338380167367594,-0.29517790804106897,-0.011192005575888876,0.7135586007518405,-0.33587978179212563,0.2741566238120729,0.777452870864463,-0.11193165503415559,0.2543398047895043,0.9112968500756541,0.2136753746053845,0.0177263307375781,0.0762508362921047,-0.32556459499832346,0.21365023922863358,0.491764133632338,-0.15023081386311754,-0.1415370948237065,0.7631163934549721,-0.45856963125790057,0.11216215558016054,1.0683978852648233,-0.14573597954755838,0.15890423990230879,0.05639728047836985,-0.19741200586620206,0.24422196662841406,0.8732718739106397,0.13013491989328452,0.2674615333841789,0.8405235639284483,0.13852765860002625,-0.2635292205610398,0.1429716954114141,-0.10537757598846918,-0.15843525059412786,0.7848725491788425,0.14903737007683654,0.14299520765267318,0.9240359920308164,0.284050724376392,-0.2780308679370129,0.10802952922681369,-0.17435220242590066,-0.1356897917789885,0.49720336008532584,0.07571000621719845,-0.23965977819165243,0.7635972736980284,-0.39732146485376574,-0.10050969756944102,1.0664330202769265,-0.02145183116159353,-0.19384388991563517,0.07428989309924869,-0.0014702899522451786,0.07312703172259347,0.8852735595453,0.23456131851923512,0.06782298890758633,0.853020395658354,0.2629724235816998,0.007295888558049038,1.0080077197282546,-0.08159580156413988
2.50397,-0.03701105832041593,1.119325625063404,-0.13832830787565126,0.0801236358422892,0.11320510107036741,-0.2951341946783631,-0.010343256576159799,0.7180855452328998,-0.33488237402381127,0.27365752024301043,0.7818111399459522,-0.11387231725041091,0.253616189611505,0.9121070117320934,0.21317562698248207,0.017494351086340405,0.07605978426353636,-0.3254457928892155,0.21317226953727508,0.49225023547981644,-0.15083569121263174,-0.1407294714028074,0.7679743987557476,-0.45755797603183196,0.1130859282751608,1.0740135364672243,-0.14571345740002634,0.1587062609544386,0.0562370827163196,-0.19732105472604575,0.24358126616934914,0.8750240820753535,0.12919531756105992,0.2667078947297644,0.842108375055532,0.13728283478688713,-0.2637195853170781,0.14290384609364334,-0.10535382463022556,-0.15967386478220638,0.7903065216066857,0.14778029550138277,0.14346786099930392,0.9257301298307744,0.28286963693910494,-0.27822861928225284,0.10791631790072798,-0.174304495091171,-0.13605202745159736,0.49791175403587745,0.07500541759472673,-0.2388028445687291,0.7685187524491086,-0.39631901553473403,-0.10004150552147625,1.0724675340235392,-0.021356275670351223,-0.19386517499310635,0.07432671310057037,-0.0014863513993228692,0.07306549603398389,0.8879227898636968,0.23337902830701557,0.0675107800014914,0.8555930680226502,0.26165274093338575,0.00788421408194946,1.0140017522297895,-0.08141089952558794
2.51394,-0.03627357036842161,1.125337166293486,-0.13839135904740296,0.07994416841639947,0.11297684125037871,-0.2950942962834389,-0.009471711359872305,0.7226127432828169,-0.3338165734216014,0.27320848880600435,0.7863403899560556,-0.11588411645273275,0.25298905316959,0.9128658853026457,0.2126417203330426,0.017274693380551622,0.07581366068927117,-0.32531709818032156,0.21271322711484678,0.4926922067006699,-0.1514832658387701,-0.13991565591478125,0.7728051572887144,-0.4564862206001075,0.11398738673413014,1.079734435805433,-0.14572251701406266,0.15853599898793685,0.056059632578810005,-0.19722465423977376,0.2430256874677648,0.876757621345944,0.12822113157165943,0.26605010041958016,0.8436811175823602,0.1359759069535734,-0.26389866219936325,0.14275499534211233,-0.10532654268072611,-0.1608290320983036,0.7957868442933029,0.14648328132833474,0.14401901642237006,0.9273196050384884,0.2816650885211371,-0.27842392346709993,0.10772052367254276,-0.17424428802713093,-0.13638468730128578,0.4985336031243976,0.07430837290613221,-0.2379412883109846,0.7734083276955173,-0.3952510785793134,-0.09954823195011296,1.0785704951517179,-0.021253535641799,-0.19386139297630595,0.07429192707223395,-0.0015088429017768063,0.0730921108979638,0.890494014059357,0.23216876426558772,0.0672757261408743,0.8580874546825185,0.26029390761708415,0.008470569649858302,1.0200803241605496,-0.08124587276372366
2.52392,-0.03550918398713265,1.1314305917165726,-0.13839506750247232,0.07980486853362741,0.11276574859059217,-0.2950240701180394,-0.008541630508132331,0.7271739532905038,-0.33270081781695493,0.27283373927138915,0.7910116297302889,-0.11794022607538131,0.2523737056774706,0.9134481250158154,0.21212152896647957,0.017098304506213042,0.07557343808687449,-0.32516509109190467,0.21229181628157956,0.4931574014354234,-0.1521425393818402,-0.13905064524178745,0.7776398267298277,-0.45536509008026455,0.11490240271439858,1.0855453266923603,-0.14565367104844051,0.15840481847516744,0.05591253067222382,-0.1970881938072027,0.24249436909541144,0.8783874746101052,0.12724863819310675,0.2654296765549451,0.8451522343076221,0.13463239102586405,-0.2640428235687879,0.14262982326606594,-0.1052652177200143,-0.16197486872333156,0.8012598194707546,0.14513122634524403,0.1445420586345564,0.9287332058838629,0.28048326087797265,-0.278584517654934,0.10753146907913784,-0.1741394072348036,-0.13669039788111212,0.49918421942797564,0.07362201700269906,-0.23702503363614902,0.7783085128155992,-0.39412569175903645,-0.09900927273713506,1.0847023978910806,-0.021106162171026205,-0.19383156174457172,0.07429040365118322,-0.0014853059776031455,0.07310697611301878,0.8929341018929403,0.23094891279896443,0.06701779020337228,0.8604341832050022,0.25890915246102697,0.00908707172963133,1.0262302434536392,-0.08105802908191888
2.53389,-0.0346862460869674,1.1375465011333203,-0.13834890380491857,0.07966286156999637,0.11257465444685057,-0.2949632297302857,-0.007563780673400518,0.7317510304497747,-0.33151859970337705,0.27251348379047674,0.7957281669648882,-0.11997579802189537,0.25175360367017124,0.9139333885454234,0.2116100819020082,0.016921902812873653,0.0753534026687994,-0.3250314383417983,0.21187821584467809,0.49361984755417326,-0.15279470132935072,-0.13814544930562617,0.7824755290427816,-0.4541743130229908,0.11586593887453595,1.0913696793970262,-0.14551199673409937,0.1582604032286586,0.05576596367042532,-0.19696108178418276,0.24196059407009746,0.8799644391602789,0.12628222820857474,0.2648117848956931,0.8465761757086501,0.13327749605101416,-0.264179705111076,0.14251820114855918,-0.10519713331848672,-0.16314859090954686,0.806709753283905,0.14374610841453245,0.14496503254861026,0.9299931584527167,0.2793785951398255,-0.2787306238244182,0.10735514111653068,-0.17403475092659834,-0.13698785793866247,0.4998404935709356,0.07295590208466567,-0.23605976791456112,0.7832200133156739,-0.3929275769984696,-0.09841964964733659,1.0908272446882132,-0.020905847574463902,-0.1938038321612387,0.07429393368611646,-0.001450611311630756,0.07304974530189767,0.8952639189568403,0.22976312570172247,0.0666746645108389,0.8626579124565394,0.25753818222424596,0.009752718657882927,1.0323997796847686,-0.08082411616318479
2.54387,-0.03378655001015806,1.1436492677382954,-0.1382965588576074,0.0794684722912775,0.11238998891868317,-0.29494870361285525,-0.0065630733950456065,0.7363367937543905,-0.3302396181061013,0.272220404282893,0.8004290674186917,-0.1219619837119909,0.25110975952799386,0.9144735939798775,0.21105977753531185,0.016694769864711276,0.07515449863173988,-0.32494578185959655,0.21143262775670052,0.4940484677818401,-0.15342998327103327,-0.13722634228766595,0.7873270953064213,-0.45288180583352633,0.1169030148269676,1.0971669365075305,-0.14536288981774323,0.15805269130661354,0.05558679136313278,-0.1968884603343728,0.24140093346504543,0.8815966948623348,0.1252853123504257,0.26416918827057356,0.8480696508454715,0.13190101002960763,-0.26433570430130837,0.14237166473483098,-0.10514808292005863,-0.1643674577562901,0.8121724842276996,0.14234854355727614,0.14528267423642793,0.9311490196867926,0.27834253855681457,-0.2788862709314149,0.10716506122578628,-0.17397202640506224,-0.13729185117528647,0.5004501144891191,0.07231539340902474,-0.23507040583711827,0.7881551484103553,-0.39163005142430385,-0.09778664363258104,1.0969605078046705,-0.0206568816187909,-0.19379349280801855,0.07424066845565568,-0.0014478256439650822,0.07290965229094012,0.8975337267391267,0.22861579176964905,0.06623159311124957,0.8648227712935023,0.25618719208862006,0.010476757253519396,1.038572566559241,-0.08053495670081968
2.55385,-0.03284493627807478,1.1497510717760964,-0.13823171802419013,0.07928928033568697,0.1122716858931208,-0.2948701928415003,-0.005545568141080884,0.7409502162332389,-0.3288831329139576,0.27198860431260863,0.8051794871766601,-0.12400470315867758,0.25029343245292174,0.9150468537683879,0.2104025888349795,0.016481857802271994,0.07502903656035191,-0.3247983931453509,0.2109799341207712,0.4945616903381687,-0.15402814189588437,-0.1362828779585399,0.7922198093621996,-0.4515039900526039,0.11798845810721714,1.102988898610945,-0.1452491606561813,0.1578566738324112,0.05548024605371231,-0.19674621131836498,0.24074334597055164,0.8832778199409383,0.12417675370957829,0.26346142662228583,0.8496380968852328,0.13041608907008448,-0.26443776035109967,0.1422406849442036,-0.10503171375814853,-0.16563792151044013,0.8176509322499446,0.1409123783991721,0.14561729284154878,0.9321249726464185,0.27717803968847216,-0.2789889957679812,0.10699434437180372,-0.17384054554858433,-0.13757367989345531,0.5011171658551438,0.07169431959644494,-0.23405953090254172,0.7931317475934263,-0.39024259938434996,-0.09714283759490269,1.1031346336129868,-0.02035377919852898,-0.19372502503156155,0.07421538671944142,-0.0013809101772085202,0.07275035742131968,0.8996894426037142,0.22736715534959814,0.06575047493237432,0.8668855271406278,0.2547386654932589,0.011246243094147736,1.0447732171108597,-0.08019282113752314
2.56382,-0.03186663714672475,1.1558600455493155,-0.13813742235524318,0.07913972330300512,0.1122210039393822,-0.2947061226729861,-0.004498190446507279,0.745595444999105,-0.3274613546374951,0.27183412163211396,0.8100030389611735,-0.12614860848669068,0.24926786427355047,0.915604110389476,0.2096202988993022,0.016294016671529403,0.07497223439921014,-0.3245667299330554,0.21052760887870353,0.49517472591373646,-0.1545925755648626,-0.13529476068629342,0.7971645265410874,-0.45005072078652963,0.11912489643738976,1.1088567011530448,-0.14517241567009478,0.15768805142580958,0.05545764796026479,-0.1965104757200603,0.2399791568819016,0.8849679884821446,0.12293638091176226,0.26268579305858225,0.8512408807111344,0.12879828688411718,-0.26447945290428493,0.14213836226972676,-0.10483970186811657,-0.16693558333861658,0.8231377292940109,0.13943377216613861,0.14601107014951137,0.9328993479895679,0.2758499922230238,-0.27903615464725284,0.10684888505832017,-0.17362240873843113,-0.1378228787448203,0.5018592603715446,0.07107648578634607,-0.23301304361246375,0.7981596458175302,-0.38877396065440756,-0.09648780267654763,1.109354688440422,-0.019991475311176267,-0.19359124158590973,0.07423640588872246,-0.001238293524672151,0.07260384840046079,0.9017131681889875,0.22599995661123318,0.06526309002156548,0.8688270000730438,0.2531817979175756,0.012070832601081303,1.0510100967905245,-0.07979326198201853
2.5738,-0.030808518912146463,1.1619837585454473,-0.1379989130836322,0.07894003008088402,0.11214837626689612,-0.2945789734388191,-0.0033881928063863183,0.7502639561008483,-0.3259589141414649,0.2717329119692434,0.8148557201444964,-0.12832691553661424,0.24816682710879792,0.9161141077218189,0.2087639466024435,0.01604816574083967,0.07489685806716512,-0.3243686815387997,0.21004430453369932,0.49573962690472867,-0.1551564594314986,-0.13423966325124675,0.8021605329936052,-0.44850668955955936,0.12035852784890011,1.1147459047285986,-0.14509099102250464,0.15745871889796,0.05538098988536452,-0.19632035938180634,0.23918722103075485,0.8866242358136202,0.121632374427188,0.26188645237992997,0.8528183057650375,0.12712090634037104,-0.264561322704243,0.1420071686762564,-0.1046838866614978,-0.1682081038328412,0.8286401125476834,0.1379466713872721,0.14637329453595152,0.9335534793245482,0.27456678532201667,-0.27912003255298834,0.10668616814078148,-0.17344893361414299,-0.13806605419177256,0.5025512450849183,0.070439379496748,-0.23190180717780595,0.8032457392914492,-0.3872184563173279,-0.09577608037180524,1.1156056854690177,-0.019568674279097545,-0.19349203398886394,0.07420446133100235,-0.0011428519792743414,0.07244068951018029,0.9036649301829353,0.22468003086658214,0.06474077305278567,0.8706927370630901,0.2516633308067088,0.012989871541290651,1.057277725226191,-0.0793221264144233
2.58377,-0.02972078361114444,1.1681581087630246,-0.13782645798661064,0.07872002832853588,0.11205132001544425,-0.29444830427200924,-0.002217574319452473,0.7549733600558761,-0.3243645103005408,0.2716773573834977,0.8198065505493182,-0.1305078557815734,0.24699289607996375,0.9165747750820159,0.20787769955290683,0.015782870898334255,0.07480148636962494,-0.3241677565582778,0.20954132308846207,0.49626942753344033,-0.15569182926346878,-0.1331293520457987,0.807186095260501,-0.44687638991363127,0.12162248685978853,1.1206990966131773,-0.1450178890014569,0.15719971753905368,0.055271512889384124,-0.19612562183920232,0.23835808156746935,0.8882461860288925,0.12031009012053807,0.26105565496942934,0.8543737413312267,0.12542691788277174,-0.2646767915542029,0.14187024931008319,-0.10451941428647829,-0.1694707465092057,0.8342124864643563,0.13646993436812008,0.14671344272466177,0.9341073623230949,0.2733014255838917,-0.2792339143093778,0.1065185618989549,-0.17327269994642205,-0.13832634821593545,0.5032264350535716,0.06981273198290129,-0.23073496697652135,0.8083596912178342,-0.38558482371852865,-0.09504498757888963,1.1219250600030402,-0.019101530951332237,-0.19342822513387206,0.07415440057946465,-0.0010385156041162252,0.07226005326171797,0.9055569370665599,0.2233893008103008,0.06418894078442312,0.8725037988736356,0.25016572165974593,0.013948607643886956,1.0636049620365111,-0.07880512199385536
2.59375,-0.028673623177757436,1.1744454327119271,-0.13764539759246763,0.07855165215849855,0.11196157756248044,-0.29422885605719545,-0.001001028972199913,0.7597598176002345,-0.322667880588894,0.27166057259967,0.8249674789686604,-0.1326797578925541,0.24569493246204285,0.9170015618171363,0.20699231357407372,0.015579099638413642,0.07471727949075505,-0.3238845604390643,0.20904355123279644,0.49683834581894193,-0.15616231585238705,-0.1319839236759043,0.8122286582874424,-0.4451704071385549,0.12282628282440758,1.1267966392025281,-0.14498658809543472,0.15698860307008217,0.05519993805613293,-0.19582599153413693,0.2374458805669341,0.8898605513399186,0.11899614549919223,0.26016175554035476,0.8559406845062568,0.12373470580888435,-0.26477670335793696,0.1417660712200345,-0.10425399994190816,-0.1707504304683366,0.8399439978374054,0.13501271882048138,0.14708999292687702,0.9345804415300044,0.27192975814272335,-0.2793306630857736,0.10636976387663612,-0.17299060700481836,-0.13862196285673453,0.503967917796436,0.06923317337768942,-0.22953294701976076,0.8134766697607082,-0.38388380641114644,-0.09434648475725908,1.1283861493160534,-0.01861687518780599,-0.1933584565824203,0.07415125798222495,-0.000819130399011657,0.07208762259031411,0.9074070959823556,0.22202994046071098,0.06364145427381429,0.8742896511702127,0.24859968335445007,0.014871358759567025,1.0700498161485434,-0.07828447411304242
2.60373,-0.0276413705138653,1.180788507564345,-0.13748763473943795,0.07842751428841392,0.11184740818442529,-0.29402486525305127,0.0002464109003890009,0.7645525528100621,-0.3208890488335458,0.27164285671393584,0.8302425913104264,-0.1347618551618559,0.2443457808468383,0.9174040065825645,0.20613585053613967,0.01541684208330232,0.07461003254116072,-0.3236202179284897,0.2085457030312993,0.4973781672141877,-0.15661294271675183,-0.13081099093678622,0.8172217252075065,-0.4434169952105552,0.12399701654818693,1.132961572732468,-0.14498952097373982,0.1568194602694067,0.05507591543643487,-0.1955490570834837,0.23648501297461844,0.8914626245550774,0.11774120986876303,0.2592193451974496,0.8574911889490613,0.12209229024769064,-0.2648884210274309,0.14162098221342675,-0.10396171958037245,-0.17194586919616606,0.8458125284886883,0.13362158053229753,0.14750436229674582,0.9351099276370134,0.2705219111157128,-0.2794294656197487,0.10619232614560196,-0.17268534795043242,-0.13895871695107923,0.5046811982814841,0.06867305618497054,-0.2283052553437705,0.8185363179338215,-0.3821419341355707,-0.09363175060378442,1.134921884998232,-0.018155237731394613,-0.19330783945448118,0.07408504896365975,-0.0005801255492551321,0.07197869630643502,0.9093095828942118,0.22064940589674534,0.06316678341374057,0.8761197583281751,0.2470116533503734,0.01577747550223467,1.0765430189523544,-0.07779106765429415
2.6137,-0.026598901245480314,1.187162874914323,-0.13737326570665934,0.0783266180089605,0.11171062951078436,-0.293871225932573,0.0015420033648852185,0.769326871238856,-0.31904088662595376,0.2716057556673396,0.8355710025371427,-0.1367173227300799,0.24295828138417236,0.9178402957110829,0.20530524334920605,0.015268414693683518,0.07448468306419168,-0.3234089030242652,0.20805581387841063,0.4978616864396249,-0.15704338208801177,-0.12959371975380807,0.8221336845308884,-0.4416275539775125,0.12517048178210896,1.1391504663118754,-0.1450291544048263,0.15667191889931903,0.054879469410425326,-0.19533998273098838,0.23547553791974965,0.8930902418606792,0.11654979274538002,0.25821688855095837,0.8590568488492678,0.12051376409547496,-0.26502076487543125,0.1414262146877858,-0.10368906237882529,-0.17303583311910628,0.8517871280932334,0.1322726109239336,0.14789770106304104,0.9358192445395681,0.26910411465649503,-0.27953656549480876,0.10598804957329605,-0.1724087392799269,-0.13931010038607233,0.5053301902745406,0.06812618396221098,-0.22703517599412515,0.8235139511796068,-0.3803676440274198,-0.0928991936370055,1.1414999209052286,-0.017745808836075076,-0.19328410449370678,0.07393422147944972,-0.000375340267088993,0.07190823187488385,0.9113519838470823,0.2192571408133046,0.06274627471857763,0.8780758337947663,0.24540940134933395,0.01668730676119034,1.0830595251960906,-0.07733650645656098
2.62368,-0.025549387314604557,1.1936350395832926,-0.13730313414528136,0.0782357427644458,0.11161345763781524,-0.2936618891315382,0.0029422652746005362,0.7741579299218757,-0.31711405873176873,0.2715697309459924,0.8410100318379193,-0.13859517836903543,0.2414328406415747,0.9184249757496952,0.20445444952310823,0.015128080530555909,0.07441315306431978,-0.3231488256647346,0.2076055705112172,0.4983580974626662,-0.15737947076560266,-0.1282899022058503,0.827005690440454,-0.43978226734788173,0.12635777865619024,1.1454219897680606,-0.14513040964944077,0.15653352489474373,0.05472624430115524,-0.1950746299781263,0.23435239113932577,0.8948428742101642,0.11535498896342106,0.2570989994490634,0.8607608353471736,0.11895356440935682,-0.2651361105720726,0.14128509655627075,-0.10339800813823719,-0.17413565870272607,0.8578703930227083,0.13084469244041738,0.14816683221527563,0.9367702034928002,0.26757958088113815,-0.2796225749626475,0.10583822947802314,-0.17211775678127042,-0.13961426539335972,0.5060050959867204,0.06762864837213542,-0.22567793037671724,0.8284519779285585,-0.3785374334739701,-0.09222945132788986,1.14818588235391,-0.017394627728915882,-0.1932520135973964,0.07383800445487956,-0.00014611506139231746,0.0717506240186348,0.9135883326949205,0.21776509973574035,0.06225045826448827,0.8802398173148169,0.24370518036283717,0.017595414067272313,1.0896814222680138,-0.07691044505967524
2.63365,-0.024502655406831227,1.2001949229575526,-0.1372698920283521,0.07816424506877295,0.11156431218265282,-0.2934321261524399,0.004409251569245465,0.7790303705083746,-0.3151228353826646,0.27154928071437673,0.8465315489355869,-0.14043935372597505,0.23980311223496587,0.919128430976894,0.20355154666710498,0.015006939967867136,0.07439519051951621,-0.3228694438950135,0.20719654051139014,0.49888229647964544,-0.15768291430518222,-0.12693993625193473,0.8318383364092494,-0.43788661690639563,0.12753508027479454,1.1517466377347534,-0.14527192108976172,0.15641614548809937,0.054622195293745096,-0.194787058561835,0.2331552124154934,0.8967055088030284,0.11411713693797981,0.25590885342806846,0.8625841856696411,0.11736772853492153,-0.2652218142855824,0.14118177861480857,-0.10310934299946234,-0.17519740153259228,0.8640215198689201,0.12937077010298123,0.14841986329181991,0.9379349559194086,0.26586779357428175,-0.27968358580481356,0.10572132447122196,-0.17183007228146102,-0.1398571477231012,0.5066862741434334,0.06715473620236825,-0.22427509748195884,0.8333397387986751,-0.3766566038427261,-0.09157663748970211,1.1549403548864672,-0.017082959957759655,-0.1931921886264616,0.07378318666738927,8.663179800057074e-05,0.07158292539774963,0.9160045178418885,0.21612310771938947,0.06176765797747563,0.8825923627572331,0.2418538676165674,0.018494396377474062,1.0963893621453797,-0.07652544658911259
2.64363,-0.0234576009366021,1.2068415939210444,-0.13725762597652982,0.07812434256097321,0.1115502206417921,-0.29327116938275655,0.005885548518936477,0.7839260388144356,-0.3130726630968131,0.27151620861729636,0.8520883442489247,-0.14229580063714725,0.23816059072179063,0.9198600692625661,0.20256900563680025,0.01491747256849458,0.07440233903783373,-0.3226516093911622,0.20681026491416177,0.49942626994066946,-0.1580526189922808,-0.12559792521539126,0.8366482242536613,-0.43594246315862634,0.12868902774854415,1.1581005022908986,-0.1454208882938058,0.15633518004616417,0.05453228130045146,-0.19457226977177142,0.23195337846156575,0.8986154719410505,0.11281063755411035,0.2547090530499169,0.8644453730551563,0.11571099507044119,-0.26529019620386657,0.14106026103795172,-0.10286139101564216,-0.17610984020150808,0.8702034939264262,0.12790315717580156,0.14881649595339666,0.9392370734084511,0.26393401198882904,-0.2797350347174992,0.10558174843842445,-0.17158171518498666,-0.1400540963669894,0.5073224029160631,0.06665799941850772,-0.22288157714473283,0.8381827170194118,-0.37472792571266444,-0.09085626629602954,1.161725753464501,-0.016778015744618336,-0.19310867038528495,0.07370695388004428,0.00027657750026726047,0.07154590508130845,0.9185523521187622,0.21431261681999456,0.061449914770665914,0.8850603555335069,0.23983350771276785,0.019388384305939775,1.103165568046064,-0.07619261862259874
2.65361,-0.022392328594189773,1.213611907669173,-0.1372367187486538,0.07809429568933839,0.1116064402503103,-0.2931464491045396,0.007413020629370252,0.7888954565735156,-0.3109346450490353,0.2713098301698159,0.8576218387658917,-0.14419110576828997,0.2365440304681126,0.9206077209769228,0.2014827369321522,0.01484834944888504,0.07446933739365795,-0.32246872516355685,0.20643567789501713,0.5000156955521743,-0.15841258174721037,-0.12422249327240117,0.8414776980925986,-0.4339287764037579,0.12988229704991158,1.164517434740045,-0.14560298605941308,0.15627194076944667,0.05453046359649996,-0.19439003939438093,0.23072058345436733,0.9005438317578912,0.11142480225294403,0.2534461533323774,0.8663079157581878,0.11396352289329813,-0.26538018172499095,0.1409929384064361,-0.10262549050599012,-0.1768737175445099,0.8763310856343653,0.12626088508170796,0.14923952595269152,0.9405798475347933,0.2618957611722946,-0.2798001563552605,0.1054752492958968,-0.17133921676537905,-0.14021204517480773,0.5079820458058132,0.06616831424253593,-0.22144852296626572,0.8430366665003671,-0.37272729661999116,-0.09014447311308747,1.1685730569997181,-0.016455585325782587,-0.19305028990060627,0.0737173881693889,0.0004658143987303506,0.07156795262252463,0.9211403214503456,0.21237390926398259,0.061211588954142325,0.8875345157943808,0.23764693634366665,0.02029881375909528,1.1100544613171086,-0.07587714647699122
2.66358,-0.02132209871424539,1.2205209853177759,-0.1372345709927912,0.07806597562453141,0.1117430809592075,-0.2930435877233379,0.009019964907753175,0.7939301049056487,-0.3086801476041283,0.27089620500508116,0.8631625213936145,-0.14610990134524926,0.23491059376008058,0.9213319050801697,0.2003246930291278,0.014790941126281081,0.07461130505553246,-0.32231403447609736,0.2060805169911423,0.5006485770768769,-0.15871119927803592,-0.1227833684246807,0.8463283432441697,-0.431813535145457,0.1311244419711649,1.1710439944819655,-0.14586997749611053,0.15621659485660425,0.05464096814164825,-0.19422632943072798,0.2294251038621992,0.9024605580077152,0.10998941630031105,0.2520976012411081,0.8681559926823237,0.11214928951049093,-0.26550318064863304,0.14099623335231917,-0.10239437115588629,-0.17752426997637327,0.8824093210730732,0.12435492546059064,0.1496204848937199,0.9418959966256173,0.2597820445136887,-0.2798864428269521,0.10542166187815484,-0.17109732139913555,-0.1403334793851747,0.5086730859510169,0.06571021117584025,-0.2199444649117413,0.8479117493071354,-0.3706215616411621,-0.08952127332407225,1.1755353634476968,-0.016144906537379024,-0.19303103419249468,0.07384391200555859,0.0006605446577635752,0.07160130454897902,0.9237007912291082,0.21031333833613514,0.06097973137044226,0.8899645509308609,0.23530404949960282,0.021218268294583002,1.117093197383451,-0.07557247475483514
2.67356,-0.02030996934800762,1.2275549299261423,-0.1373544034540046,0.0780583587994703,0.1119224114410397,-0.2930072868261459,0.010688748338776475,0.7989351300874467,-0.30628951745540506,0.27044324887374954,0.868862488510352,-0.14799031279975028,0.2331396800540602,0.9219433799843749,0.19919498444673173,0.014746171749807593,0.07479889888990171,-0.32223634829263625,0.20577423553313884,0.5012785639981819,-0.15898750587372074,-0.12129141359595992,0.8511507516965952,-0.4295569030581468,0.13233769335947063,1.1777317721140115,-0.14628558826604668,0.15617897108250553,0.054785752060029926,-0.19413996123602875,0.22806364812774346,0.9043327019127043,0.10857963023509963,0.2507206509981852,0.8699928794503305,0.11033846171367566,-0.26562537219471744,0.14097427691178557,-0.1022080813827274,-0.17810420570478103,0.8885900678342766,0.12229336772581201,0.15004291635578262,0.9431712137424215,0.25746424051045164,-0.2799774683489188,0.10535927118789311,-0.1709074659410611,-0.14041773732639504,0.5092906729878055,0.0652738822597694,-0.21838999763453001,0.8527523917804195,-0.36837407295062297,-0.08901012307627791,1.18268260440697,-0.015938672685675396,-0.19300475080514273,0.0739579449099648,0.0007943564354318733,0.07169629365866215,0.926222746864601,0.2080790792505514,0.06077401775696001,0.8923978354161699,0.23281823793637657,0.022101608891591337,1.1242994597369866,-0.07532244750610853
2.68353,-0.019316686595651306,1.234666298211079,-0.137587695102477,0.07805221448180011,0.11214019105885738,-0.2930056858439506,0.012420429312399046,0.8039035848171538,-0.30378197650955613,0.26989787945223515,0.874628437677847,-0.14979720395870166,0.231384200432868,0.9224966962012546,0.19811348183210542,0.014691902636054705,0.07504092439044922,-0.3221967814760371,0.20552415183683076,0.5019080554369136,-0.1592555872338966,-0.11973285455588835,0.8559399064325439,-0.42718554877001497,0.133555901761206,1.1845197218345995,-0.146835256656929,0.1561236287625293,0.05492814748376611,-0.19409249360906167,0.2267204920206184,0.906182091380667,0.1072299477583343,0.24938569100129374,0.8718214795562308,0.1085662133040599,-0.2657385087292852,0.14093493870722004,-0.10205396479111234,-0.17859884046596047,0.8948906509320184,0.12013024077694445,0.15048524703029728,0.9443991951249929,0.2550820638335553,-0.2800657109961051,0.1052944215090006,-0.17075591681114338,-0.14046904411479758,0.5098567575638102,0.06484301604482484,-0.21677499371790687,0.8575499697854063,-0.36601712837930345,-0.08854812180863365,1.1899804874404625,-0.015827337787940297,-0.19297084619094895,0.0740369360349645,0.0008807683596355107,0.07183432891335959,0.9287144762299628,0.20578776850325178,0.060574403820329796,0.8948333443166041,0.23029373872848025,0.022978251672206487,1.1316206284566561,-0.07512135276782698
2.69351,-0.018258889342796316,1.2418162738466352,-0.13785167553891806,0.07801873379437235,0.11240685610223199,-0.2929886977241658,0.014232176317937542,0.8088955998712326,-0.30118354236201766,0.26915201453814097,0.8803103386315152,-0.15154370593234465,0.22983553307822305,0.9230966645221187,0.19703060509329975,0.014605838230741493,0.07535731761482221,-0.322136650804705,0.20532148655684787,0.502563618679302,-0.15952031710758485,-0.11808044779298085,0.8607365267298269,-0.42474335149269404,0.13485965583978748,1.1913272880500652,-0.14744315415389586,0.15600901927570762,0.05506757126772904,-0.19401894205335737,0.22547248694242553,0.908058997646399,0.10591493924327845,0.2481279143452587,0.8736579728899713,0.10681198183376141,-0.2658525526795646,0.1409294125641314,-0.10190342213291209,-0.17899951497533279,0.9012704595364338,0.11788406924048535,0.15087632596295422,0.9455759450237058,0.2528127549509203,-0.28015309441535374,0.10525937927648424,-0.17060675237369458,-0.14049634274477224,0.5104477042223975,0.06439514494423038,-0.21507223313072268,0.8623441381945742,-0.3636009461818696,-0.08803670930519726,1.197361597078668,-0.01573362789420526,-0.19295287059391503,0.07411758611889437,0.0009640759142362724,0.07195687273290696,0.9311936109185647,0.20356203265793782,0.06033764660495486,0.8972502876012842,0.2278082603928776,0.02391261208482139,1.1389954377061147,-0.07492473084878262
2.70349,-0.01715725610159023,1.2488750988719315,-0.13804993900827137,0.07798528003550012,0.11269785510395501,-0.2930229922703841,0.016104377004825626,0.8138689365231573,-0.29852538569783277,0.26844326396421503,0.8859679821840046,-0.15330259290911313,0.22824023129354676,0.9236825847684086,0.1958626886983595,0.014520751086810476,0.07570917985175639,-0.3221339919513405,0.20515932075771148,0.5032261046063248,-0.15981674895095796,-0.11636142597641047,0.8655094719793844,-0.4222487425291617,0.13620161766995287,1.19807310424669,-0.147972234309055,0.15587867017497672,0.0552226820324378,-0.19399083465540176,0.2242108371610124,0.9099428342029859,0.10452418107076093,0.24687136749417685,0.8755209673838035,0.10498435854621747,-0.26597619050918503,0.14091596583198232,-0.10180102450258889,-0.17943590371234353,0.9076330478713884,0.11565563346529725,0.15121425003908773,0.9466632913321904,0.2504003273550712,-0.2802499411325198,0.10521588170245566,-0.1705038820947487,-0.14051261480575353,0.5110185933182488,0.06390580405161606,-0.2133127180070408,0.8671034125737418,-0.36114776011722516,-0.08744454084821865,1.204676885016432,-0.015576304906838112,-0.19295119357361148,0.07418674973979311,0.0010060534848053881,0.07202763421256221,0.9336104803543763,0.20121576364115712,0.06004659671935713,0.8996150205263319,0.22520323432644226,0.024899445150661986,1.1462876147879288,-0.07467154206614854
2.71346,-0.01601550558981569,1.2557310067937049,-0.13813821029127468,0.0779729253058801,0.11297585362882014,-0.29312936657793887,0.018019615094976328,0.8187746952020375,-0.2958353916502402,0.2679812363043899,0.891643885183067,-0.15509011175919404,0.22636011381337598,0.924164647625189,0.1945778357627357,0.01446325908286023,0.07604180819210618,-0.3222158944346104,0.20502578707747707,0.5038726917224654,-0.16016539089282328,-0.1145912460676853,0.8702337984750196,-0.41971786403928474,0.13755394648474825,1.2046904535071339,-0.14830509874145553,0.15576893043736198,0.05539302767163589,-0.1940309784257352,0.222826694795299,0.9117989421661208,0.10300095964560266,0.24552189872400795,0.8773927829394659,0.10304031425495319,-0.26610975321399105,0.14085026615213753,-0.10176226130768383,-0.17999226974174265,0.9139641052280093,0.1135753290540367,0.15153235143595845,0.947682407781554,0.2476954271769654,-0.2803593216869446,0.10512100906840668,-0.1704607993097839,-0.14054353044283915,0.5115412136553367,0.0633553014019955,-0.21151020671943646,0.8718035277802808,-0.35867440069753564,-0.08672292138770071,1.2118281328336817,-0.01531914687122206,-0.1929554189368033,0.07422319423794217,0.000993328610114524,0.07203853490113928,0.9359961096093675,0.19866443553815952,0.059708057634846684,0.9019667586830706,0.22241197213430894,0.025947070999922977,1.1533932898975021,-0.07431924994656466
2.72344,-0.014780696313694362,1.2623504539673251,-0.13815457226286562,0.07797441267105634,0.11320145420492406,-0.2932279465958697,0.019981843763729638,0.8236015923518815,-0.2931275525604951,0.26780580833110407,0.8973003510821885,-0.15682409330318103,0.2241483913465773,0.9244691402866804,0.19322910316962832,0.014431863657601756,0.07630428943699392,-0.32229431511677636,0.204902411487816,0.5044943778550367,-0.16055877856520298,-0.11274542151344581,0.8749293309663452,-0.4171652015108527,0.13896023362506327,1.2111554203776789,-0.14838198366721647,0.1556756195223733,0.055545518727873805,-0.19405075585938059,0.22128484535746967,0.9135987146860541,0.10139582532259682,0.24400731639390585,0.8792053964469364,0.10102828094747288,-0.26624248984923093,0.14071821381486813,-0.1017380495383011,-0.1806341851478706,0.9203982254483575,0.11177562836104224,0.15189252334367048,0.9487330852632478,0.24484542514323088,-0.28047151228297085,0.10495190046246786,-0.17042253072744978,-0.14062968081032398,0.5120536209575033,0.06273011556458846,-0.20963007807289097,0.8764669579027963,-0.35619237873300685,-0.08578256104654655,1.2188403087266142,-0.014994281950326434,-0.19294884617622554,0.0742119641809677,0.0009741143263270194,0.07201855763145916,0.9385068008064151,0.196068716989883,0.059355615678874096,0.9044406917758027,0.2195733112716786,0.02710594393247813,1.160302856785159,-0.07386017651229294
2.73341,-0.013490693121059372,1.2687540723174302,-0.138149110672952,0.07799049761346015,0.11337662960348537,-0.2933227724615816,0.021996848257785417,0.8283415892703614,-0.290410535858413,0.2678859183060368,0.9029693497447658,-0.15844282912218416,0.22175634859539803,0.9245247038635585,0.19187376829117225,0.014429408613928945,0.07650685620572728,-0.32236566218939583,0.20478594507654785,0.5051000573381218,-0.1610236809021936,-0.11081480165308394,0.8796114687505069,-0.41459511714358677,0.14039793110904428,1.2175142380850092,-0.14822579264929037,0.1555979694997701,0.055666208655831884,-0.19405250901879764,0.21968520730942018,0.9152878213517592,0.09978620014914209,0.24240403003437283,0.8808876946438482,0.09900104412480595,-0.2663678294603107,0.1405236978570639,-0.10172206781614863,-0.18127586177440327,0.9269969136655779,0.11029606294125448,0.15236261915579702,0.9496612880848903,0.2419365370442045,-0.280582450701677,0.10471335080565715,-0.17038214775118857,-0.14078403616144541,0.5125693757607963,0.062017949879090414,-0.2076639435175798,0.8811213169011843,-0.35370063308399563,-0.08465995092335027,1.225778821556096,-0.014653262719261574,-0.1929289122479514,0.07414465649166652,0.0009537770125000737,0.07203753123532056,0.9410443963547442,0.19351768619000997,0.05904290466731195,0.9069340449838853,0.21676301027903155,0.02836576727173455,1.1670570471691346,-0.07332207393536938
2.74339,-0.0122329673016594,1.2750339613717765,-0.13817734107338234,0.07803617868336968,0.11352422465478798,-0.29346000289420393,0.024080516142762458,0.833018596767465,-0.28767487771457473,0.2681551674097659,0.9087719003533056,-0.15993367390438712,0.2193854167084227,0.9242855416333485,0.1905158828360663,0.014466949029251436,0.0766884872961046,-0.32247071404572847,0.20469038546608664,0.5057091699129533,-0.16159748926172726,-0.10879392761723429,0.8843054287621307,-0.41199697033246496,0.14180598762608143,1.223898352398705,-0.14793935462282526,0.15554679681338027,0.05575517333827444,-0.19408328736681957,0.21814618924394877,0.9167955430987824,0.09821003778012008,0.24083327826645867,0.8823767437653679,0.0969694980991759,-0.26647491877935536,0.1402813328524889,-0.10172876672676506,-0.18180999070557377,0.9337888164786671,0.1090937190424881,0.1529927612173648,0.9502426737372344,0.23897958014083875,-0.2806836093371575,0.10442707042793864,-0.17035649926176324,-0.1409920670759921,0.5130904426351571,0.061213090273607086,-0.20561316232596258,0.885802785832235,-0.3511852193813767,-0.08345433913480928,1.2327556027148479,-0.014348820180121962,-0.19288981529450938,0.07402299288029848,0.0009188603256930263,0.0721797431687633,0.9433955969437846,0.19101166388614949,0.05883141653494249,0.9092430171209548,0.21398364189302485,0.029675560790468344,1.1737602686500062,-0.07275583630927474
2.75337,-0.01109011134148468,1.281252298138364,-0.1383010580890772,0.07815588786146184,0.11364087867579575,-0.2936220004364738,0.026230558498016487,0.8376408253621882,-0.28492896501132703,0.2685527386820582,0.9148233771471401,-0.16135616166659453,0.2170489435238454,0.9237955878228086,0.18899875093845037,0.014571595594270082,0.07684429693819246,-0.3225917637613549,0.20466139699105707,0.5063231482947588,-0.1622572940968819,-0.1067004419021589,0.8889581400130361,-0.40939958641037616,0.14310922261106213,1.2304193788409394,-0.14774273205638055,0.1555636632846472,0.05581017238100082,-0.1941196161612337,0.21658687640227703,0.9180018569461134,0.09655381885997225,0.23927545837715913,0.8835891344349885,0.09484730040246506,-0.2665207484657622,0.14001366548849234,-0.10173700511942246,-0.18213093587884904,0.9406940270064791,0.10808181324136468,0.1537430521809658,0.950585137286261,0.23598178021904218,-0.2807302269850284,0.104122128475231,-0.17032530987254124,-0.1411998844857223,0.5136312461470272,0.060352538612257145,-0.20349842022494555,0.8904424612814048,-0.3486829820253181,-0.08222211016906032,1.239785002479168,-0.01411290220992845,-0.19277836497302178,0.07387413017453859,0.0008997560451924699,0.07249189593516837,0.9454738053228356,0.18850300372082246,0.0587778052576632,0.911300377096517,0.21122857703751177,0.03094924014873294,1.1804601779221089,-0.07223553755929746
2.76334,-0.010091684544748571,1.2874587187295286,-0.13853214567189867,0.07835069514546184,0.11373391175864847,-0.2937742981249756,0.02844431158415344,0.8422110673507753,-0.2821639179125377,0.26898391877194594,0.921124741752739,-0.16274128074735825,0.2146952899960058,0.9230704967148039,0.1872537715403157,0.014741661686644526,0.07697398826823852,-0.3226952664543139,0.20470895438253536,0.5069394386008953,-0.1629494692147545,-0.10454956262947449,0.8935276727004342,-0.40679840155749875,0.14428943788220233,1.2371136243800933,-0.147724432270938,0.15565193803292326,0.05584831774968889,-0.19412858579648415,0.21492653347260007,0.9188764302880529,0.0947564843617968,0.23767387094575643,0.8845083073323289,0.09258319558166903,-0.2664989956241361,0.13974309112936642,-0.1017179860791316,-0.1822011459666108,0.9476253332942435,0.10716255121274579,0.15455793649145244,0.9507514798217852,0.23296417916413348,-0.28071728274936936,0.10381718221858607,-0.1702581945283314,-0.14137473418201127,0.5141951050384119,0.0594818059521608,-0.20133244369007122,0.8949974557638852,-0.3461881790888787,-0.08101674451167919,1.2468517317841337,-0.013956882613938765,-0.19257976090107676,0.0737286755359426,0.0009237179090370354,0.07295807204645302,0.9472641602608629,0.18597369661067384,0.058870197264724554,0.9130980925906946,0.20848913189617949,0.03214372235119445,1.187188091207065,-0.07179291742144257
2.77332,-0.00918311140728625,1.293702685101593,-0.1388033308281646,0.07855204812702637,0.11383246530270937,-0.29388701012117285,0.030730706936871376,0.8467406617778626,-0.2793336966446785,0.2693149618166218,0.927522214415493,-0.1640529546156026,0.21225305075612616,0.9220683937245495,0.18539731705938825,0.014930672837467775,0.07709748538970823,-0.32275211697022194,0.20477964335115903,0.5075560374048751,-0.16360580038949338,-0.10233767509284225,0.8980283185892606,-0.4041232504693069,0.14542261366035833,1.2439212933269213,-0.14773358002134404,0.15575177391962003,0.055912004287601354,-0.1940937156716873,0.21316295683824021,0.9195501740352406,0.09288709293255558,0.23597479434618843,0.8852355367457775,0.09021229555029096,-0.26646513450007986,0.13948479539123945,-0.10165082238077713,-0.18208669592999358,0.9545390398938133,0.10624274523700435,0.1553908176625075,0.9506381519961079,0.22996290469295472,-0.28070601340388873,0.10351032194347169,-0.17013057849974864,-0.1415310027409243,0.5147649771623959,0.058635194754919136,-0.19910299109445823,0.8995110790741936,-0.3436132042624126,-0.07989125899498029,1.2539428394608454,-0.013862827456698828,-0.1923493390088205,0.0736082747001638,0.000992153092307726,0.07348397407185067,0.9488271601364051,0.1834605621078842,0.058998036300116116,0.9146821664109389,0.20575352955331885,0.033298609463130645,1.1939801275856239,-0.07138500179982124
2.78329,-0.008263113686311122,1.2999681698893824,-0.1390252855887532,0.07876714699849814,0.1139151548445047,-0.29399572257764534,0.03309553328658988,0.8512557300124899,-0.2764187705539582,0.2695620395302143,0.9338780030529107,-0.16526734380310537,0.20981203714104918,0.9210194709177253,0.18349573849210898,0.015140985721499974,0.07719509879214541,-0.32280465228917304,0.2048459319446074,0.5081528914716255,-0.16424405374447773,-0.10004965425475479,0.9024761364349705,-0.4013751449248104,0.14658854210949337,1.2507260067093038,-0.14767298750244168,0.15587086041550507,0.055985141525932904,-0.1940466413536707,0.21137990567791345,0.9202320493247618,0.09099256235686919,0.23424300252622454,0.8859717985881403,0.08779769197316416,-0.26640828030564767,0.13921665503258118,-0.10158682965416774,-0.18187895753527586,0.9613660045074804,0.10529407226027321,0.15615221288600387,0.950485463500089,0.22701505965962,-0.28067003607614904,0.10318687540393477,-0.17000457341817213,-0.14168094896530392,0.51532302214036,0.057779752416252494,-0.1967960284874415,0.9039959606967002,-0.3409612126547267,-0.07878833819086138,1.2609850213723606,-0.013743662682799694,-0.19208221133790668,0.07348602017486207,0.0010514891930415837,0.07398200829582635,0.9503683101264351,0.1809724916106756,0.05908062071871074,0.916258113617809,0.20304268285696495,0.03447284994736368,1.200795817179072,-0.0709590729293676
2.79327,-0.007227274688648802,1.3062459374785862,-0.13910278631097245,0.07903630945636035,0.11394370185102815,-0.2941497232898084,0.03554661664952888,0.8558113523255849,-0.2734010442623732,0.2697866704848014,0.940126088046302,-0.16641379456684602,0.20747788578069287,0.9202421422240402,0.181539331245206,0.0153968703215016,0.07723180028448215,-0.3229074237228842,0.20488733448258828,0.5087180578753858,-0.1649238611484455,-0.09766292900951043,0.9069252876067694,-0.39856855794083845,0.14785961713857512,1.2574560628213127,-0.1475093834687033,0.1560460368033452,0.056033438594093425,-0.1940241589661252,0.20965340206546393,0.9211276803432087,0.08906395840885421,0.23256534288663863,0.886932152273262,0.08536998799433153,-0.26629463281352883,0.13890795448918458,-0.10158999733759567,-0.1816866724203525,0.9680748097258493,0.10429743923095616,0.15673258468175938,0.9506549872849513,0.2241169046309526,-0.2805552401126933,0.10283188131913155,-0.1699581400799199,-0.14183698153529942,0.5158689852162847,0.05685196824226943,-0.19439388241932037,0.9084856864953358,-0.33825861701111415,-0.07762775805485148,1.2679448017192976,-0.013483361268579488,-0.19175114753204942,0.07332841757501313,0.0010451844631284718,0.07436508559843065,0.9521257491682462,0.17847759858014736,0.05904688096332976,0.9180751847844673,0.2003663252405237,0.03572651197428188,1.2076050162383205,-0.07044811004565547
2.80325,-0.006091690063019777,1.3125361908655109,-0.1389517180401172,0.07931442247696296,0.1139457373493392,-0.29428039035973524,0.03804131016382924,0.8604049563455339,-0.27027780453099404,0.2698243807108967,0.9462234815372417,-0.1676496179882106,0.20506968498918493,0.9197151019042317,0.1794392675751332,0.015668013999499575,0.07721540144760869,-0.322977196084841,0.20482928411013787,0.5093010002545417,-0.16562635577804227,-0.09521824004104654,0.9114540352972127,-0.3956540993654674,0.14925268908149433,1.264142184447822,-0.14727674736718144,0.15623862445923778,0.056105288992524205,-0.1939633124473901,0.2078750589618112,0.9222375440178237,0.08701043981934675,0.2308611785881182,0.8881292003838072,0.08284653122428963,-0.2661859078057389,0.13859691458224266,-0.10159035727465549,-0.18164608293907492,0.9746541598310031,0.10313169784631998,0.15703356741893895,0.9510631335990186,0.22119161522024886,-0.28043957787022206,0.10246718261103864,-0.16991151834733112,-0.14202289417498837,0.5164536237442205,0.055863973808845446,-0.19193140984632712,0.9130596031681393,-0.3354497372258316,-0.07655933348204272,1.2748934549378137,-0.013028766670460403,-0.19141854631585867,0.07320349355041887,0.0010409107080622763,0.07450071718365223,0.9540568649976812,0.1759409561228934,0.05876436078092763,0.92010318004458,0.19768602105945263,0.03705538801523556,1.214415052487064,-0.06975114395714072
2.81322,-0.004925791897769626,1.3188654460111284,-0.13859046845744086,0.07958059779001181,0.11394640587466089,-0.29435873592667916,0.040560331435066425,0.8650282184149168,-0.2670767355357326,0.2695718357287598,0.9522157163521602,-0.16907439522309478,0.20253615276170223,0.9194059084972227,0.1771498435014253,0.01594039199933523,0.0771661091304994,-0.32297939030069456,0.20465051740540055,0.509936032138401,-0.16635414533000892,-0.09274266473067111,0.9160790775345723,-0.39262457531728495,0.15072504741743206,1.27085279574972,-0.14707447975568905,0.15643467348191825,0.05622311113591251,-0.19384833418257316,0.20602851055460816,0.9235474629405368,0.0847871734763568,0.22913550425766538,0.8895630189277867,0.08017894322209217,-0.26612942239944665,0.13829652869068945,-0.1015403370174717,-0.18175641642075013,0.9811083824185627,0.10171584224133498,0.15707640742075815,0.9516072205779578,0.21820391292513552,-0.2803824695496019,0.10208944487085465,-0.16980791249670332,-0.14224191776122974,0.5170924833880084,0.05480640122835095,-0.18943380929709372,0.917733553726541,-0.33252212218736144,-0.07571181453107845,1.281892135578777,-0.012423474942287642,-0.1911341517403012,0.07313321867965783,0.001084463016625685,0.07438694902087811,0.9560945031585095,0.17335769861681838,0.05823405068908905,0.9222739757202344,0.19498789593968774,0.03841542074870028,1.221259287341423,-0.0688745025641997
2.8232,-0.0038247306155459308,1.3253080766798624,-0.1381840424093986,0.07988285056404415,0.11394098281867734,-0.2944590985540705,0.043142237145544174,0.8696959332459762,-0.26385453126564284,0.26910934113550933,0.9582780454107622,-0.17064521029548482,0.20013478346500888,0.9193852400442133,0.1747210619198011,0.0162452802543999,0.07710515992324415,-0.3230038371707387,0.20442847664149108,0.5106106096106512,-0.16717000386554262,-0.09021550749349809,0.9207222243379827,-0.3895533436502435,0.15217081009617234,1.2776789665002333,-0.1470616820035153,0.1566856221028754,0.056338752594166194,-0.19376972652583163,0.2043060312064202,0.9250950463039923,0.08245079359367834,0.22758325261526013,0.891285557781249,0.07741214906959662,-0.26611251486814663,0.13795618877614832,-0.10147847326350895,-0.1818043253446595,0.9874713167326592,0.10007500086281622,0.15705038986091557,0.9523225394251379,0.21521057244202776,-0.28036223532282356,0.10164568151374395,-0.1696867995233145,-0.14246398606817678,0.5177310075472978,0.05361103294935167,-0.18688811679634196,0.9224171845803014,-0.32955229833652366,-0.07508003280670306,1.2889544131976571,-0.011826213732153718,-0.19089165083036713,0.0730334117088466,0.001140593930639071,0.07422977314358808,0.9582435367262161,0.1707692752695833,0.057672709395245984,0.9245712051090955,0.19231154937736122,0.03973200982959027,1.228205112694231,-0.06799778869130174
2.83317,-0.0028015895205537582,1.3318960523590158,-0.13780362671461607,0.08021428345397535,0.11393540997500898,-0.2945756183544666,0.04576333449974472,0.8744077580982433,-0.26060707314570747,0.2685008586460574,0.964434050365062,-0.17226742255886301,0.198061837295183,0.9195039832978924,0.17223570976011726,0.01657488869917925,0.0770462999767672,-0.32304955715185774,0.20416971052080748,0.5113136651263575,-0.16804787277881147,-0.08767796219565056,0.9253205560326659,-0.38646152341996054,0.15353720580437788,1.2845918257395539,-0.1472025599582942,0.15698486257457384,0.05644364500427244,-0.19372446621332423,0.2028234536679361,0.9267681014898979,0.08008590959225541,0.2262920054520623,0.893164700013769,0.07459828938529818,-0.2661381333329376,0.1375815710848525,-0.10140758349743136,-0.18173553836155726,0.9937820162479472,0.09831346974631834,0.15698053455736377,0.9530645237565217,0.2123159650305973,-0.28037475466822936,0.10115350233593981,-0.16954955186384027,-0.14269534463375705,0.5183648493393991,0.0523135378468694,-0.18433116062735852,0.9270402981317031,-0.32655471268591385,-0.07456804372206335,1.2960393331445392,-0.01128548340848461,-0.19069245626648623,0.07290730978569344,0.001213372134815046,0.07406854664846768,0.9604105915968097,0.16826233753278227,0.05710182554852555,0.9268881558112982,0.1897102464557132,0.04096726298918886,1.2352395807910617,-0.0672273014487057
2.84315,-0.001813330676265637,1.3386490928310646,-0.13745513299039966,0.08053416139612478,0.11393601776479817,-0.29465606969622843,0.04838868799958102,0.8791723228137377,-0.2572806006298291,0.26781328082292255,0.9706542602227458,-0.1738498325737559,0.19636114820567807,0.9195020091805477,0.16973793846445226,0.016898432040574233,0.0769897488095831,-0.3230607090824975,0.20383341771048405,0.5120364206883643,-0.16892117041959429,-0.08517888219920793,0.9298611363788429,-0.3833135542253005,0.15482525789027224,1.2915355431819802,-0.14735597592931735,0.1572880580422572,0.05655158091515368,-0.19365026369576643,0.20158365591048116,0.928389212831688,0.07773832661218213,0.22523052174266336,0.894991917432912,0.0717491919028539,-0.26621532811923454,0.1372067857145477,-0.10130896572443318,-0.18161372042242033,1.0001218721203728,0.09656083743520755,0.1567912456498586,0.9536132961170771,0.20957064629036187,-0.2804280436360395,0.10066139258211254,-0.16937531711059778,-0.14295667558421526,0.5190191112162373,0.05099484113269451,-0.18180002920266547,0.9315874104139537,-0.3234825481391866,-0.07404698927317915,1.3031250722461156,-0.010778079937644314,-0.19053941478334588,0.07280434996056587,0.0013263922706713332,0.07383169529618588,0.9624728631350886,0.16588648586470844,0.05641964255851596,0.9291007185075498,0.1871949553716944,0.04212594162892368,1.2423401260795606,-0.06659048880040061
2.85313,-0.0008522530851598651,1.3454602854002653,-0.13718130161580694,0.08082124756630615,0.11391363475008859,-0.29470106606673735,0.051042664439765885,0.8839352964147452,-0.25389331049231983,0.26723029710144974,0.9769497728679885,-0.17537656047069,0.19475848225429135,0.9192981750947725,0.16711857861162993,0.017199762749213393,0.07690209783444323,-0.32303593981463263,0.20341029080036357,0.5127427210260718,-0.1697914011567567,-0.0826940295083448,0.9343279049379901,-0.3800999645378182,0.15605223844781113,1.298465825888531,-0.1474999629342555,0.15756352734970416,0.05663828901802468,-0.19352737321163713,0.2004340186618131,0.9298925736014585,0.07531154662976124,0.22426405911152278,0.8967138135319004,0.06879830631974006,-0.2663204678980406,0.13682251169405535,-0.10119712404952629,-0.18149840947551124,1.0065392873191141,0.09490806952941502,0.1564872453282885,0.9539500935126471,0.20678319581406351,-0.28051213616261944,0.10015130827262453,-0.16918456924049316,-0.14321250595299664,0.5196643114047819,0.049657806806984825,-0.1792646835827234,0.9360422968846568,-0.3203224778496982,-0.07349196274856383,1.3101867215894691,-0.010335045769137052,-0.19041328819487244,0.07269973504944334,0.0014530273866891735,0.07350515042133848,0.9644099613499123,0.16350212470602798,0.055625445273728466,0.9312058565345809,0.18465872430146094,0.04324027061548467,1.2494560939934871,-0.06605829578466117
2.8631,8.792471284158737e-05,1.3522246854974447,-0.13700631739392005,0.08106914421355865,0.11383832468648937,-0.2947341944602942,0.05374156465454063,0.8886361963174527,-0.25046555358558553,0.2668643002645121,0.9833219292006502,-0.17685460624885083,0.1930097349640672,0.9189197918102208,0.16427921284989278,0.017473740802964155,0.07675438282661504,-0.3229976220552237,0.20288783001048,0.5134071403290775,-0.17068135984860835,-0.08019575826479318,0.9387184728157603,-0.37681274494699707,0.15723464177366941,1.305357726871295,-0.147631199318248,0.15779563947102615,0.05667652400064603,-0.1933694844309428,0.19922499273500857,0.931292028310842,0.07271609313938802,0.22325202478893327,0.8983534810328301,0.06568617175327318,-0.2664263754144487,0.13640181490840184,-0.10109775439090968,-0.18143040356320006,1.0130483307410145,0.09340462442320388,0.15607355803251122,0.9540692795635091,0.2037931785742538,-0.280603994005566,0.09959208002677018,-0.1690058907983916,-0.14345188545066248,0.5202747116522362,0.04827496840086937,-0.17669751736431744,0.9404127701972234,-0.3170688523229863,-0.07288968110379254,1.317200513254142,-0.009968521857292493,-0.19028717286370292,0.07255376574056971,0.0015612216644116197,0.07308175393819487,0.9662112144386001,0.16098352933435783,0.054723431648519054,0.9332044688195854,0.1820083849738739,0.04434321416297604,1.2565368693042491,-0.06559601157303754
2.87308,0.0010232464869534335,1.3589101609362988,-0.1369091045671995,0.08128651829597575,0.11369485657350398,-0.2947885822771954,0.05646669065477488,0.8932435125399605,-0.24698433170108167,0.266666120348797,0.9897536269070847,-0.17829460486225668,0.19105643469355915,0.9184859210392208,0.16120039114518164,0.01772633796759162,0.07654017917454656,-0.32297847064855456,0.20223458065028618,0.5140357342860902,-0.17161912060280357,-0.0776816074397294,0.9430597624296762,-0.37343070962657504,0.1583782064859727,1.3122242685143564,-0.14772544538091373,0.15798809552736218,0.05664968147885016,-0.1932199015379838,0.19788025707172785,0.9326796286753366,0.0699315187833257,0.22209333843751725,0.8999896332816854,0.06239429226524112,-0.2665186413068333,0.13591116071986653,-0.1010355949353759,-0.18142037777038736,1.0196353190385141,0.09205228467206332,0.15552318293748707,0.9539041027372214,0.2005834721479699,-0.280672676897042,0.09896269130016644,-0.16885877961564227,-0.1437280920957984,0.5208570649401332,0.046804643716905396,-0.17410208477338865,0.9447496483143918,-0.31370856342586884,-0.07220358091738904,1.324158758935215,-0.009638611965517786,-0.19013618475102786,0.0723375743805208,0.0016360348154510521,0.07254130937342483,0.9678420503042036,0.15830304801448897,0.05368334690419908,0.935057237753361,0.17921803434878364,0.04545376686327234,1.2635584152735229,-0.06518463845301753
2.88305,0.001905088256756832,1.3654992692200525,-0.1368793674379681,0.0814737664690665,0.11348237406219941,-0.2948390684573745,0.059173758216364745,0.8977579753215416,-0.24346152234631208,0.2666433408059818,0.9962492822217559,-0.17965970040412788,0.18888514604593257,0.9180573765832661,0.15790068779146027,0.01795474105689907,0.07627349427863751,-0.3229591998846285,0.20144682523076707,0.514647939906946,-0.17261124016193546,-0.07520188005335145,0.947344518331473,-0.36997592508331173,0.1594302771513976,1.3190518629960675,-0.14776432606992837,0.1581282180932261,0.05653048494910564,-0.1930536071848357,0.19637154814003768,0.9340852801192991,0.06697425811361367,0.22077001808685237,0.901647988530054,0.05894815763178014,-0.2666330350445311,0.13537093413663326,-0.10097874070527743,-0.1814515471597027,1.0262852446986988,0.09091847371644612,0.15487096978794024,0.9534708697461759,0.19708353863785502,-0.2807519135983356,0.09829434360461596,-0.16871362522486513,-0.14408871148789296,0.5214384704141461,0.045261376364501144,-0.17152716303177415,0.9490442263148758,-0.31025867220316483,-0.07145057268043853,1.3310408166136767,-0.009339278572146455,-0.18999880609987413,0.07206364322551595,0.0017120508197376655,0.07190293881200499,0.9692963978798099,0.15542896507423273,0.052537597811110226,0.9367589285185502,0.17626236358578173,0.04652204232545203,1.2704991257421048,-0.06481854335955858
2.89303,0.0026677113279070064,1.3720165977525642,-0.1369195973722925,0.08162465348897838,0.11321026576311703,-0.2948471677779397,0.06183387592293375,0.9022170436607573,-0.23990977133164668,0.2668198030535859,1.0028434111744629,-0.18090577700525004,0.18650325104096868,0.9176380962531107,0.15440298378069706,0.018148022301466046,0.0759762715798164,-0.32290781206084557,0.20053985332463736,0.5152646981755142,-0.17365924460617982,-0.07280393555392564,0.9515638354899569,-0.3664777966999204,0.16033244107679975,1.3258461199256102,-0.14774801415533545,0.1581979214347775,0.056296981834107675,-0.19282917869228194,0.1947008691965722,0.9354962638618118,0.06386745355704117,0.21931207374767714,0.9033199436962455,0.055379620953717124,-0.2668240486747893,0.1348279497569403,-0.10088593944790683,-0.1814870583423968,1.0330107642745106,0.09006991126197686,0.15417742594177636,0.9528415982388984,0.1931988410887536,-0.280903890830178,0.09763914814176672,-0.16853516793869402,-0.14456545277621155,0.5220504302855908,0.043677874209069115,-0.1690151707109189,0.9532750635796993,-0.30673866663940946,-0.07067665994165573,1.3378589497855287,-0.009092713806002916,-0.18993700642808312,0.07176669293742892,0.001826419657624649,0.07120585370988035,0.970602857515403,0.15232463188145384,0.05134795806490106,0.9383412867308684,0.17311218013661692,0.047481221115659174,1.2773779643287668,-0.06450107653154277
2.903,0.0033366128333562647,1.3784173896762022,-0.1370454080898813,0.08172586148521203,0.11289898412656466,-0.29489157788061565,0.06445899786660038,0.9065722757677597,-0.23638022378643736,0.26708085088405303,1.0094110180887665,-0.18205219535490488,0.18399381353242397,0.9171986187251638,0.15076369154956987,0.018281161076402777,0.07565748223715939,-0.32289592085958546,0.19954607931673143,0.5158607861062707,-0.1747756252959877,-0.07045679315284005,0.9556645292199129,-0.3629800606649659,0.1611354140877595,1.3325514720568272,-0.14773077432071083,0.15820401765652087,0.05598757409006981,-0.1926514293993689,0.19292579819667985,0.9368743214452219,0.06066835880869128,0.21776125303854063,0.9049652976818613,0.051741186039820586,-0.26707696331063074,0.13429729312215982,-0.10084638303951703,-0.1814779655850127,1.0397151123678512,0.0894041615770396,0.1534386602981232,0.9520718626294798,0.18904431673192307,-0.2811156619900104,0.09700773120339305,-0.16841274324097608,-0.14514535054102382,0.5226716036567839,0.042044321265980344,-0.1665425036176252,0.9574079303378517,-0.30320126861711905,-0.0699113582728051,1.3445740868921476,-0.008938210135491058,-0.18993012639417436,0.07146483123966436,0.0018817081409769267,0.07047327036195661,0.9717940513481867,0.14906555847639683,0.050141521985690045,0.9398211634446564,0.1698359034100497,0.04835638379760625,1.284150611085816,-0.06425213211320326
2.91298,0.003945119725737584,1.384690410528648,-0.13723272533088243,0.0817615997213547,0.1125779410054323,-0.29500881691357606,0.06704482484411624,0.9108162410262599,-0.23287215195010613,0.26731181144203686,1.0158653737179635,-0.1831209050526204,0.18143827790276407,0.9166960666690102,0.14702389020356996,0.018338242840130747,0.0753266607933022,-0.322950372656441,0.1984519636138813,0.5164412056479399,-0.17594999005079529,-0.06814506655526906,0.9596540247657295,-0.35947968659325297,0.16188889376352797,1.339143630740686,-0.14773068518039306,0.15815084530650073,0.05566367540095509,-0.19256732653120828,0.19110345317732091,0.9381803189508655,0.05741477259905675,0.21615774342477853,0.9065459102550328,0.04806118991364517,-0.2673898395880838,0.13379086269717633,-0.10089257183463972,-0.1814293905592762,1.0463320726011462,0.08880929016618712,0.15258469316926357,0.9512084421334703,0.1847794816475486,-0.28138598595627157,0.09640565840315557,-0.1683791823569626,-0.14584610509564555,0.5233102648338892,0.04035537010467447,-0.1641009221287873,0.9614633614058139,-0.2996535652081451,-0.06918714147359015,1.3511820139444963,-0.008857292961914906,-0.18996779094903687,0.07117927024264176,0.0018392314758081836,0.06966447709855518,0.9729030431951201,0.14575128264941384,0.04887211868834298,0.9412225872134571,0.16651936572306653,0.04917324858736634,1.290811558623348,-0.0640471336516466
2.92296,0.004490936384584635,1.3908369701761067,-0.1373887920569278,0.08171373894622463,0.11228587179668219,-0.2951162111095302,0.06951729635267873,0.9149962156429015,-0.22932509349362648,0.2674646614983209,1.0221823987857626,-0.1840976080873482,0.1789134194271912,0.9160929668256308,0.14322542107873698,0.01832187059875941,0.07500158084385977,-0.32298195505852256,0.19717482180015486,0.5170710809997274,-0.1771229683264414,-0.06593578699771799,0.9636109105907971,-0.3559322099778619,0.16258374715082974,1.3456019838007922,-0.14768497368291783,0.15802707069504207,0.0553955023688941,-0.1924691434796192,0.1892893231152564,0.9393760005888281,0.05413392227727539,0.21455664784665374,0.9080285908170527,0.044361205148593624,-0.26780807957940816,0.13333344011931952,-0.10091178263029497,-0.18143715307315614,1.052819979595786,0.08824280887741502,0.1514821575525356,0.9503045625940477,0.18058299908161965,-0.28176246622987045,0.09585448042718951,-0.1683254774432167,-0.14674379157306572,0.5240361091970158,0.03864478876350388,-0.16176003061491703,0.9655083139037635,-0.29605509257242646,-0.06855471099849979,1.357682025349618,-0.008734777125578764,-0.19009241247607045,0.07094347993633576,0.0018109070413072196,0.0686562190735827,0.9739522478917865,0.1425027393780238,0.04741022933220537,0.9425741507917962,0.16326592408492555,0.04990985072781007,1.29737054950419,-0.06378664422706257
2.93293,0.004996385927135363,1.3968453778674217,-0.13748855100060156,0.08156590426860097,0.11200718230401858,-0.2952172996884636,0.07189800786580987,0.9191199815002166,-0.22573580561647738,0.26755680303232676,1.0283490532989217,-0.18500508493802464,0.17655641485314466,0.9154595922082941,0.13941978736866736,0.01821683538883624,0.07466949092563654,-0.32299494401621515,0.19570094186841894,0.517747799452769,-0.17833184538912533,-0.06379335308582561,0.9675746893629383,-0.35233716365916595,0.16325556983025047,1.3519223327138612,-0.14759548494598995,0.1578286720241599,0.055183508050551715,-0.19235837037089254,0.18760035024577773,0.9405184894317686,0.05087135198993372,0.21308180273741098,0.9094665038099532,0.0406846973161152,-0.26832690004598014,0.13291226207775791,-0.10092324601629243,-0.18151996972965437,1.0591433396461658,0.08763961656114298,0.15012927404568918,0.9494843624875984,0.17655850736025902,-0.2822430325330824,0.0953455574800818,-0.16826603291458636,-0.1478112023742179,0.5248420261028198,0.03685500916045442,-0.15948881671277945,0.9695706223328249,-0.29241478100202484,-0.06801785937777935,1.3640693071305372,-0.008535204948121536,-0.19030205058321845,0.07073422946028952,0.001780271701982492,0.06745159915074687,0.9750292920256874,0.13938538969074304,0.04576081073930929,0.9439478599991958,0.16012559530840287,0.050604830652309286,1.3038355701625526,-0.0634291473275312
2.94291,0.005503616816204109,1.4027157227121818,-0.1375406638132573,0.08131253747388507,0.1117038634636031,-0.2953641859577739,0.07427773938251503,0.9231777762239477,-0.22212000466059625,0.2676359741416532,1.0343739455699987,-0.18588071128052605,0.17449346925314316,0.9149089594485951,0.1356524779164746,0.01800536534832244,0.07430821146342248,-0.3230461068487904,0.1940652271734025,0.5184325469709185,-0.17965270209095632,-0.061612744193579365,0.9715651617171567,-0.34870065119276666,0.1639731663882805,1.358129734614301,-0.14749631429388774,0.1575604055200001,0.054990328505745034,-0.19230060082221834,0.18615682494999405,0.9417074474409465,0.04767388888885993,0.2118677528174461,0.9109562972793441,0.03708164151320445,-0.2689066478894691,0.13249683329882306,-0.10101630448010418,-0.18163742619261017,1.0652853253426608,0.08693321339564188,0.14860887679564003,0.9488695409454602,0.17274234661849594,-0.28278994891946335,0.09485487000943882,-0.16828305937826973,-0.14896066044734935,0.525680216271703,0.034889666111980244,-0.15718692208152674,0.9736621772486891,-0.2887476033534936,-0.06754648889921434,1.370352626561364,-0.008267379798311358,-0.19056437616584623,0.07050431928058289,0.0016628198721607397,0.06613437845641218,0.9762332165028698,0.13641912876840154,0.0440120669712565,0.9454204429013561,0.1571079104244334,0.05133414721551387,1.310230727432701,-0.06296428682845046
2.95288,0.006046230871603753,1.4084492240402275,-0.13746683980242996,0.08099449460624283,0.11141826651104009,-0.29551244217543304,0.07669208659412004,0.9271572376066899,-0.21843742312941686,0.26769691294377385,1.0402472122152766,-0.18668455504720735,0.17264476798366266,0.9144138551583206,0.13197440117437448,0.01772427471302715,0.07395899223580345,-0.32309268488021753,0.19230669042879928,0.5191473300610179,-0.1809909049755584,-0.05936571274283653,0.9755951059787568,-0.3449655729605627,0.164782220501086,1.364226671553802,-0.14733728379607805,0.15724292785694896,0.05483731745679327,-0.19225359066755232,0.18492398375973518,0.9429105395396955,0.04458577884697415,0.21090506483030727,0.9124917386760846,0.03361911863591706,-0.2695159542707221,0.13210736533779663,-0.10112767397374539,-0.18175649805486818,1.0711986974024263,0.08615431860753771,0.14696926438281788,0.9483590010380424,0.16917898325598146,-0.283369647566275,0.09439848094621982,-0.16832518992046597,-0.1501604355364092,0.5265700561888399,0.03281344645928216,-0.15482535009515697,0.9777951578764723,-0.284984609754765,-0.0671214810616925,1.3765120042548924,-0.0078583862204237,-0.19086383765401677,0.07028687088160554,0.0015266701473239013,0.06474346520848386,0.9774845147380063,0.13365286012499222,0.04219992340668815,0.9469294664468969,0.15426668810088917,0.05212187850397002,1.3165572966068897,-0.06232097375418849
2.96286,0.006624553946803721,1.4140576618928602,-0.13724600975199808,0.08065113192594663,0.11118435330588924,-0.2956151745998091,0.07915347596999417,0.9310561878993633,-0.21465854615933438,0.26772834380687793,1.045975050883313,-0.18742152796464612,0.1709556879569703,0.9138832971298966,0.1283433113538876,0.017411163202784293,0.07365768982426438,-0.32308902858035704,0.19045831876084596,0.5199134522346162,-0.18226910925965353,-0.057052027708355275,0.9796565217320751,-0.3410968250729347,0.16568365359195547,1.3702185913563463,-0.14711391875567142,0.15689877981893022,0.054731981903881434,-0.19217060485266368,0.18386555481520955,0.9440498151860907,0.04156716399668686,0.210161176154151,0.9140088619913807,0.03025964850170921,-0.2701345569218861,0.13175956500629,-0.10119222353171446,-0.18187818498422237,1.0768740006535442,0.08531712266740459,0.14519862629678895,0.9478125491748511,0.16581837183530918,-0.28396174137468055,0.09398977771376177,-0.1683325712132619,-0.15138153286051217,0.5275238111440226,0.030689673234402647,-0.15240105798815884,0.981959380089329,-0.28108314116690536,-0.06673355434050564,1.3825402830600404,-0.007280022118988411,-0.19118636713721818,0.07010353739898921,0.0014363148355731432,0.06326375884603302,0.9786705535627322,0.13105091715997108,0.04030263546941216,0.948374859282922,0.15157035790376708,0.05296292915512554,1.3228222450515772,-0.06149339302688912
2.97284,0.0071838227414695085,1.4195028479680305,-0.1369946636971225,0.08030047934169489,0.1109851262553635,-0.29567029455609983,0.08163359834929385,0.9348451335763093,-0.2108426125850001,0.2677362574664449,1.0515308053747974,-0.18819621536105943,0.16953415580322953,0.9131970848148551,0.12460499957048678,0.01708239188437845,0.07340250158801445,-0.32303603903376255,0.18855946264876822,0.5207131013723212,-0.18351121841986293,-0.054707544932121016,0.9836644379011887,-0.3371704088841499,0.16660740353840464,1.3760554074406783,-0.14693725375969102,0.15655047289277776,0.054633266809211004,-0.19205388747437002,0.18303207103217348,0.9450245194603412,0.03847829055917146,0.20964643565244437,0.9153826183806236,0.0268274944209659,-0.2707489952890355,0.1314410197568935,-0.10121812894707413,-0.18205260917369415,1.0823119098719913,0.08437294596564851,0.14322363599662755,0.9471425923741889,0.16249177205396276,-0.28455821708051215,0.09362265885207777,-0.16829968529359027,-0.1525610676535858,0.5284994762350337,0.028521583032191024,-0.14994773126163036,0.9860605477813911,-0.2771290281463152,-0.0663873983588309,1.3883944003289441,-0.006622972668406035,-0.19150801272227502,0.06992035748540791,0.0013739771844855661,0.06163053291220102,0.9796994427056204,0.128456898442266,0.038251757746732486,0.9496484695444836,0.14885924950550797,0.053821144253977646,1.3289784772181825,-0.060619513757640416
2.98281,0.0077360609577522485,1.4247731689974972,-0.1367522952356922,0.07997191079000233,0.11080458335180828,-0.29571244827594273,0.08411135007951256,0.9385246752885428,-0.2070263237554894,0.26775635075260723,1.0569077058182532,-0.18902061116695199,0.16839370790777658,0.912316585104731,0.12072192077735452,0.016776029035673455,0.07317689472263118,-0.3229684940976753,0.1866252418200471,0.5215410009864113,-0.18477212596412174,-0.05235833032789423,0.9875910145218736,-0.33322438890735717,0.16754479821024282,1.3817131634334507,-0.14681244702422713,0.1562348819450926,0.05453959792608432,-0.19193623592717682,0.1824254471899377,0.9458088793965348,0.03528488879226513,0.20935277662508622,0.9165769844450767,0.023283964462091064,-0.27133088266434696,0.131140808564593,-0.10123528132287128,-0.18226655891465815,1.0875361328820565,0.0833445495838687,0.14106266293050368,0.9463133906499411,0.1591162747422595,-0.28512991146441446,0.09328284891008394,-0.16825890453525655,-0.15368521579920386,0.5294832884788909,0.026286915158286493,-0.1474912036178302,0.9900671568115664,-0.2731604840149916,-0.06604761093394597,1.3940625380153155,-0.005924445029682076,-0.19179665317305794,0.06972576814556698,0.0013039010480376601,0.05985470916014269,0.9805455993032565,0.1258096034152647,0.0360610829022625,0.950732747045125,0.14608039115376903,0.05470045591896002,1.3349936536612304,-0.059742458337397775
2.99279,0.00833442219640296,1.4298959307258066,-0.13649252766173345,0.07969451227074864,0.11062943420884185,-0.29578085716195057,0.08658612505488529,0.9421230494192896,-0.2031991279327137,0.2678341724996399,1.0621328106110102,-0.18983145356789405,0.16746618111177328,0.9112768611256741,0.1167446694751297,0.01653356805542219,0.07295404483520371,-0.3229229385535664,0.18464572768627835,0.5223985057608542,-0.18610184062404309,-0.050011752717309114,0.9914540135298737,-0.3292408596845422,0.16852843918647872,1.3872090461056816,-0.14666248310798177,0.15598679061045054,0.05447184275488532,-0.19184999916288686,0.18200226891187454,0.9464443319622589,0.03203409851762403,0.20924846092736973,0.9176354703273929,0.01969156438929856,-0.2718533398915674,0.13084732716964587,-0.10127085959833954,-0.18246679800206078,1.092602978449006,0.08230983112713099,0.13879296674083924,0.9453507427936281,0.1556899972696726,-0.28564338996553407,0.09294895557622515,-0.1682482783551521,-0.15478209440999682,0.5304817762876491,0.023960407501489683,-0.14503752536450212,0.9939988428249151,-0.26915065949416644,-0.06565702123947904,1.399573924482075,-0.005174277914195887,-0.19202724698211995,0.06952579621197778,0.0011995601777351217,0.05799698747510779,0.9812514607972884,0.12313261393231083,0.03379671218749003,0.9516924267437696,0.14327237124768588,0.05562836657108582,1.340871294627232,-0.05883131325534967
3.00276,0.008966303539513646,1.4348851452000808,-0.13619874925155215,0.07945544622768898,0.11044058494231432,-0.2958261390385485,0.08907155266990086,0.9456244003910584,-0.1993043531482568,0.26796524554834367,1.0672234419646907,-0.19055246128677683,0.16669652048761166,0.9101843091799907,0.11276357363496163,0.016336079590309718,0.07270000607452964,-0.3228465738214918,0.1826138343603297,0.5232468398217086,-0.1874358998943177,-0.04767447716269572,0.9951957567602008,-0.32517840854190216,0.1695316347883996,1.392550314398508,-0.14643233796239286,0.15578730001839203,0.054404715072596914,-0.1917406764106875,0.18171042872694204,0.9470102604798496,0.028811484480557092,0.2092698942402137,0.9186282615637335,0.016127995754112,-0.2723402692340962,0.1305356283666916,-0.10129106323410667,-0.18264300064080466,1.0975608086257778,0.08135587527754765,0.13647137821098443,0.9444232829506325,0.15230963914757917,-0.28611239712991166,0.09259287686060055,-0.16822294538210983,-0.15587686701614503,0.531463381853952,0.021607953830858086,-0.1425824600407145,0.9978025232194465,-0.2650464758533806,-0.06520470170173447,1.4049366631885325,-0.0043797918143417824,-0.19222743480773433,0.06931569823448733,0.0011109419495602788,0.05610678262662283,0.9819443827130805,0.12052085606928868,0.03151066060624537,0.952646565071989,0.14053738002649127,0.056578502784000444,1.3466128346131585,-0.057901258157068626
3.01274,0.009603776077126275,1.439762075275247,-0.13589342762038192,0.07924826049621589,0.11023023647698711,-0.29584744213487474,0.0915854682498643,0.9490297460218358,-0.19532256643999665,0.26815091694352006,1.0722113821238388,-0.19114186862392124,0.16604237899291147,0.90909954296153,0.10881571927843257,0.01616800149463596,0.07240899430077144,-0.3227375665313598,0.18054319219319362,0.5240703859526837,-0.18877147411121878,-0.045334738221458865,0.9987842584135892,-0.3210369906556986,0.17052120440231097,1.3977618176647455,-0.1461199926392798,0.15562216710714777,0.05431530141849665,-0.19160879872542458,0.18151586613501827,0.9475634106738117,0.02565704758143998,0.20937820379237235,0.9196108240878224,0.012630553692235388,-0.27280686672969523,0.1301892166083122,-0.10130761949222024,-0.1827686453247018,1.1024400983313625,0.08052108877686259,0.13415319831607475,0.9436165746641342,0.1490163116698359,-0.2865458824620881,0.09219840074128245,-0.16818431333143158,-0.15698519834511843,0.532409833877794,0.01922655324342068,-0.14011339673655454,1.001446402216805,-0.2608498894879761,-0.064698690584605,1.4101636718984456,-0.003574012262938286,-0.19241004094978853,0.06908477739383809,0.0010361591135044403,0.05423602913403279,0.982698128865737,0.11802039260270124,0.029253537587059404,0.9536625342788393,0.13792771201269374,0.05751748480696023,1.352233685121371,-0.05699337609016715
3.02272,0.010218652015623924,1.4445071164077201,-0.1356617514621928,0.07910056730071763,0.11001633722218182,-0.2959643522328901,0.09411812894189132,0.9523482121227685,-0.19136429212927578,0.2684209313807789,1.0770975129463956,-0.1916172858227139,0.16548805874727054,0.907983859299482,0.10487515341422834,0.016052217259919906,0.07213031600639722,-0.3227202512498708,0.1785061475498916,0.5249033897543112,-0.1902458532312124,-0.04297512500915732,1.0022253847474702,-0.3169431095876941,0.17147186654038257,1.4028411646633785,-0.14580718056577283,0.15551424965330074,0.054211739254994555,-0.19158689046936186,0.18142387884657804,0.9480965118164035,0.022551755088894367,0.20959343275005815,0.920588707093628,0.009201837717870231,-0.2732227122658826,0.12981765081470628,-0.10143323231053356,-0.18276724524934798,1.1071849516436487,0.07976563371143028,0.13192435549607703,0.9428089163626978,0.14574517495236408,-0.28691664370482667,0.09177740547184753,-0.16824802319558116,-0.15809408286412127,0.5333346320200454,0.016681718202754464,-0.13763533798766733,1.0049272133793643,-0.2567146037568557,-0.0641614447518577,1.4152238141680962,-0.002831844960647831,-0.1925346957760172,0.0688233586961607,0.0008543015573588724,0.052465101100380336,0.9834395015581301,0.11558663411660813,0.027104085333923344,0.9546772238912575,0.1354083108482848,0.058417438601274574,1.3577060849386755,-0.05617707335516051
3.03269,0.010777427323667247,1.449121446355858,-0.13551493373894388,0.07899845625241132,0.1098173430125948,-0.29610502175592973,0.0967013129460394,0.9555623327778371,-0.18741318650252936,0.2686970711562895,1.0819064536527618,-0.19200650655734586,0.16502963693661324,0.906900728236164,0.10096940339404141,0.015976584120098766,0.07188079623910715,-0.3227207561900878,0.17655252780900282,0.5257419256317128,-0.19177960290280502,-0.04055475546531227,1.0055005531181371,-0.3128856154994517,0.17235784132458512,1.4078252118423376,-0.14555490169358076,0.1554500729094916,0.05412004173127487,-0.19160022111143274,0.1814118314129224,0.9486561717851284,0.019511311545355754,0.2098922582591115,0.9216064704037555,0.005854427997323768,-0.2736042372846713,0.12943072825178875,-0.10159343692417391,-0.18263030048566142,1.1117916641035337,0.07906939852741351,0.1297787339784718,0.9419606569517284,0.14247839046338767,-0.28725031725143113,0.0913260180452086,-0.1683373000205343,-0.15919048178857512,0.5342468501597643,0.01401266772607828,-0.13511096969363162,1.008228995671794,-0.2526398082195785,-0.06361264994890593,1.4201323704139819,-0.0021691221726672055,-0.19261917393836467,0.06856975489151182,0.0006417503442751559,0.050791601028138816,0.9841322559599075,0.11319477674240461,0.025062214721881963,0.9556625709929002,0.1329554939998631,0.059263627997809425,1.3630353810712912,-0.05545786560282002
3.04267,0.011252111251150412,1.4536292531279023,-0.13541684045612953,0.07890459448445122,0.10965468218012134,-0.29610888460488577,0.09939058562513665,0.958658059442467,-0.18336911195929861,0.2688568278264662,1.0866818687182398,-0.1923344112329179,0.16467253678151114,0.9059368432927924,0.09713132830739368,0.01590803640557958,0.07166264788787552,-0.3225743038698538,0.17470257027283115,0.5265654277504858,-0.19318497681926108,-0.03802571994399341,1.0085898803505262,-0.30876354877383905,0.17316066269983957,1.4127763766652839,-0.14539671644014107,0.15539439595039478,0.05406953064838932,-0.1914771558086677,0.18144349750456729,0.9492975777352947,0.01655385521674122,0.2102273372914278,0.9227102394845903,0.002584934444311072,-0.27399618795359026,0.129040738051205,-0.10162952844797933,-0.18239147868601732,1.1162971378510895,0.07842643029564007,0.12763948568973987,0.9410790842312734,0.1392461875114778,-0.2876013452732974,0.090840793053207,-0.16828941527878138,-0.16026596565382123,0.5351540813335878,0.011349916064602238,-0.132482466813321,1.0113389130708637,-0.2485199052836587,-0.06306634419993631,1.424936935930022,-0.0015600383331429342,-0.19271470649540465,0.0683782077080545,0.0005628525401743896,0.04915441981436556,0.9847663442143493,0.11084641527976236,0.02306613746097099,0.9566110221288124,0.13055913874425792,0.06005448241651318,1.3682597205491611,-0.05480301758504259
3.05264,0.011651639005804853,1.457996630380694,-0.1353989643520379,0.07883446223434659,0.10957530012260906,-0.29613092638689975,0.10214775910277235,0.9616844881139035,-0.1793105339692645,0.2689646117321007,1.0913791906711745,-0.19259301500236747,0.1644401006409593,0.9048978331685762,0.0932670086566488,0.01585592357379456,0.07155149584095076,-0.3224506473716791,0.1729713926003117,0.5274173170183107,-0.1945706130230956,-0.03543284272272064,1.0115180414217877,-0.30466506142430433,0.17388753960247724,1.4176423720377538,-0.1453460407871436,0.155354320297525,0.05405353969714458,-0.19138643450545748,0.18153283911658377,0.9498860913672428,0.013611062394273302,0.21060984039467479,0.9237741109761506,-0.0006801944064865852,-0.2743849571329965,0.12868825090330885,-0.10169619531136284,-0.18202475838731477,1.120632947762418,0.07780753941655899,0.12547351105509305,0.9400331263738637,0.13615370262487378,-0.2879509443972421,0.09039721930064738,-0.16827245905697483,-0.16130458244025328,0.5360698153551793,0.008626999295941839,-0.12979932029912855,1.0142633461191182,-0.2444376914988705,-0.06253536649744482,1.4295726208313646,-0.0010205695285867547,-0.1928000552644925,0.06820907787692315,0.00044338636329260654,0.047550734226441606,0.9852552327525229,0.1086032947618946,0.021089684820023376,0.9574190510762322,0.12824012741161073,0.06079217251380675,1.3733483588126838,-0.05425050886793634
3.06262,0.011978050635614742,1.4622104627749337,-0.13547107111794676,0.0787943803887834,0.1095934600370155,-0.29624696207539897,0.10493561894530712,0.9646766967799372,-0.17522972259957353,0.2690751184589337,1.0959985561994268,-0.19278401811831708,0.16436060139438163,0.9036660443061599,0.08930710332327711,0.015820455028453466,0.07158143289462662,-0.3224336020336199,0.1713239288434243,0.5283282064923411,-0.19599360287184173,-0.03280330862577222,1.014327485337348,-0.3005922698236765,0.17453625522428987,1.4224171807140544,-0.14541436778301856,0.15533052106759246,0.054058590958129815,-0.1914101160757029,0.18171183600103868,0.9503545650553561,0.010633941817499023,0.21107243052306005,0.9247391572132733,-0.003993068096198841,-0.2747577012585509,0.12839834271304304,-0.1018672199553661,-0.1815166396994224,1.1247889776471824,0.07722963737249658,0.12327514208579465,0.9387735978283496,0.1332575921419365,-0.28828500465718015,0.09004724203260614,-0.16836771786033589,-0.16230777738181026,0.5370125564317656,0.005807348244661409,-0.12709659430372983,1.0170405582821107,-0.2404002050937,-0.06205236596635466,1.4340374481731328,-0.0005553583926655039,-0.19286367397715123,0.06802688053242613,0.0001968245710326804,0.045990916889640465,0.985587934057362,0.10651208648961037,0.019131261364296992,0.9580632310386206,0.1260230464743425,0.061484827186654635,1.3783089880293709,-0.0537964164016968
3.0726,0.012198231058758604,1.4662702403709431,-0.13556811622081075,0.07874793711174809,0.10965296818053022,-0.2962233852236257,0.10773608676379247,0.9675718528826323,-0.17092745165162299,0.2691217744856889,1.100605068550635,-0.19294164720058019,0.16446002351661043,0.9024244107774134,0.08533984096725816,0.01576513823326279,0.07167372519773164,-0.3222770318739189,0.1696633216070902,0.5292600494159543,-0.1972444158431681,-0.030115457785359907,1.0170275979462133,-0.296350754605066,0.17506697850406727,1.4271750444107838,-0.14561967605701373,0.15529098613461806,0.05407952458505782,-0.19129543060876644,0.1820135472035845,0.9508488683055112,0.0076895714824169355,0.21164766497402915,0.9257434795898363,-0.00728990477244251,-0.27512844761772604,0.12815754748581223,-0.10190468645621048,-0.18091594750172757,1.1288593657521455,0.07680269245053722,0.12108595717850223,0.9374834755681322,0.13051831985956938,-0.2886318153235693,0.08976283211895313,-0.16832610461832218,-0.1632986210296941,0.5379943501355029,0.003046347169154351,-0.12435869423125719,1.0197143565086395,-0.2362352749614503,-0.061688759942402666,1.438441400319675,-0.00013377434829769054,-0.1929477196496134,0.06785814878030502,7.482038353083162e-05,0.044491602979516286,0.9859189283820832,0.1045813613969407,0.01723312854164068,0.9587018989087467,0.12394665345442392,0.06214075278186605,1.3831872255360111,-0.053334129095421255
3.08257,0.012343208260328139,1.4701387758453301,-0.13568188423643296,0.07871144947296488,0.10974588593111588,-0.29610259587638543,0.11050895311468506,0.970355768226902,-0.16650125094264326,0.26911596549494404,1.1051446612415858,-0.19309713426849334,0.16468272932533648,0.9011331773103401,0.08131075867517085,0.01571154688343141,0.07181175644621889,-0.32202548624740507,0.1679845389958076,0.5302108551729603,-0.1983660288247426,-0.027408775632096982,1.019595399695756,-0.29204140662143085,0.17550466777011786,1.4318635140259075,-0.1459431094234868,0.1552479370093578,0.05411247952631221,-0.19108389266409898,0.18242331849217633,0.9513255489077092,0.004742313758531595,0.21233607596591006,0.9267530813049284,-0.010589430859931475,-0.27546553651661476,0.1279759667711405,-0.10184877722814432,-0.18028600827611221,1.132820013433983,0.07642012993392863,0.11886225438449366,0.9361710775422857,0.12782497001375567,-0.2889634558468172,0.08955653405490101,-0.1681939917214678,-0.164276930312983,0.5390157302086076,0.0003341997361764633,-0.1216225436701331,1.0222667370309249,-0.23203704363799452,-0.06143146523944753,1.4427616850863199,0.00023495892925957902,-0.19302319987006702,0.06770681687576391,3.440019806644204e-05,0.04298923620214237,0.9862275470846763,0.10273203396223028,0.015341186276860421,0.959331639997055,0.12196486640894955,0.06278177961662175,1.3879226176473516,-0.05287899060475664
3.09255,0.01248150695924275,1.473770357283424,-0.13583547589243267,0.07872702527600249,0.10989644856227056,-0.2960984145901234,0.11321801636138122,0.9730546354215307,-0.16221337104929168,0.26913005090279785,1.1094974544160379,-0.19326321469713986,0.16496038433035085,0.8996220905622053,0.07710595854878423,0.015708368709817486,0.07202541601583894,-0.3219035709507981,0.16634191607041218,0.5312029326950752,-0.19956378521733545,-0.02474669629507782,1.0220011043207802,-0.28792463290512915,0.17591384210755556,1.4363563161296187,-0.14633350862911015,0.15523560334418396,0.05415013185804542,-0.19100251385808234,0.18291737761464977,0.9516310219918678,0.0017145424165230048,0.2131341722824445,0.9276318280876602,-0.013944311901962334,-0.2757223665177685,0.12787834950775354,-0.10191327968048285,-0.17968697099153552,1.1365749844757331,0.07586552262743194,0.11651037527452561,0.9347253726321404,0.12507050962017996,-0.2892264522965357,0.08946554203121757,-0.16820013256653674,-0.1652295192093106,0.5400730308501471,-0.002449477690664634,-0.11894355933815018,1.0246487945277318,-0.22804127593234322,-0.06121341672034939,1.4468922540683302,0.0005305912106610962,-0.19302706131008945,0.06756175016358512,-0.00014993735715083842,0.04138091827212224,0.9863824677631102,0.10086295693899396,0.013346930552716185,0.959841906152867,0.11999944454789069,0.06343431227452152,1.3924073418684113,-0.05251464574125673
3.10252,0.012602133515021973,1.477161381273082,-0.1359510813011152,0.07874142187099621,0.11006768320436582,-0.2960718911411432,0.11589287724092037,0.975616865502843,-0.15798683003297928,0.2691847316219726,1.1136299461901082,-0.1933838848869966,0.1654725236448031,0.8980939187320167,0.07301343612934222,0.015697786427153672,0.07228124956148924,-0.3217622275025756,0.16473003043257092,0.5321919277662359,-0.20073434539833596,-0.022100783427742167,1.0242510781215919,-0.2838956504479554,0.17628146105759918,1.440607103305277,-0.14671674044045102,0.15521194037958308,0.054165384650878744,-0.19091488908925355,0.18360373631334279,0.9518859785364618,-0.0011771712346619794,0.21412879121305287,0.9284735598985117,-0.01714568091566769,-0.27596249945138107,0.12785563508431372,-0.1019596553701991,-0.1791454391569768,1.14010957898366,0.07526678781768405,0.11408154966212351,0.933246939989578,0.12245076665560337,-0.28947209203033164,0.08945885282960075,-0.16819015944844246,-0.16616163265080225,0.5411649149234377,-0.005201315262832376,-0.1162910559593376,1.0268595037838018,-0.22414732091015746,-0.06104740871410536,1.4508046186557926,0.0008437996724365101,-0.19302628104394606,0.067453930294722,-0.0003178550709577827,0.03971032561075992,0.986451631421976,0.09911961193174151,0.011299519630643183,0.9602876835702293,0.11818223863121204,0.06408399759739504,1.3966475793971858,-0.05215205975208165
3.1125,0.012684235210655892,1.4803472258481285,-0.13596971772261143,0.07872869883503927,0.11022821185880452,-0.2959215320392466,0.11857735712135323,0.9780194139633014,-0.15373655208038517,0.2692556631348187,1.1175446172828936,-0.1934407401655011,0.16637649199930477,0.8966846889810867,0.06921991452301889,0.015648945439597137,0.0725483470147906,-0.32149022718296644,0.163127888843698,0.5331530623414843,-0.20182822622251748,-0.019426826507632385,1.0263816469137501,-0.27983844836214294,0.176598109829395,1.4446209070741944,-0.1470557232297179,0.15515903373902754,0.05413820190452724,-0.19071723179466293,0.1845623648627717,0.9521732844785756,-0.003801903381739362,0.2153759553203103,0.92934072576288,-0.02008339417237086,-0.27622393175095866,0.12789303426231427,-0.10188576077586087,-0.1786278594391955,1.1434362250227745,0.07477411655512076,0.11164266309611053,0.9317862684679905,0.12009163682022703,-0.2897296690269441,0.08950635976650911,-0.16805253011351678,-0.1670871705725701,0.54229829749785,-0.007886454285114678,-0.11361856575647576,1.0289361591596973,-0.2202432066321658,-0.06093150984202518,1.4545113158409253,0.0012567123123377875,-0.1930604350773937,0.0674000248328279,-0.00034942102900079844,0.03804694888440874,0.9864776035003501,0.09759817209999605,0.009272112105949108,0.9607007881031158,0.1165999304319334,0.06472145046287288,1.4006929414011995,-0.05171889539100702
3.12248,0.012735322792731476,1.4833644850000824,-0.13592922424925752,0.07876863211392893,0.11039135528002905,-0.2958241482258554,0.12126627354534322,0.9803043528748112,-0.1496204799284198,0.269266340974352,1.1212070145474422,-0.1935203414447852,0.16762791519955358,0.8952000220436946,0.06553175112394416,0.015643062187061654,0.07283510887558697,-0.3212692310066946,0.16154135196696562,0.5341247164418645,-0.20306246971166683,-0.016741785244147805,1.0284315325204088,-0.2758882524813807,0.17690214069948906,1.4483961336468203,-0.14739208922963135,0.1551476256130971,0.054073234449351824,-0.19058211896821314,0.1857312281410567,0.9523348324285158,-0.006330055133797135,0.2168065417943651,0.9300863191976855,-0.02294773409943481,-0.2764293333513983,0.12798677872470887,-0.1018644138176841,-0.1780185990840648,1.1465237453408124,0.07437616924044252,0.10922724142826758,0.9301911876532507,0.11784553813511965,-0.2899232733356802,0.0896219575487049,-0.16798125524052052,-0.16801339243206115,0.5434805453006913,-0.010692296915128793,-0.11093737545165658,1.0309275030082292,-0.2164490867560292,-0.06079215943902489,1.458003343637777,0.0017607879214499792,-0.19304216806232855,0.0673666774693826,-0.000426118975503264,0.03643583242827799,0.9863331125423339,0.09617952829623558,0.007307442787450164,0.9609624829600398,0.11515252188150253,0.06536149061185309,1.4045490293132423,-0.051283744186625596
3.13245,0.012766848193547262,1.4862288494636453,-0.1358774632411461,0.07886297230717797,0.11054371447737221,-0.2957855446124554,0.1239405447602953,0.9824704766790721,-0.14569955711245022,0.2691813692787484,1.1246397202882166,-0.19360012782678054,0.16912810244241588,0.8935490558673793,0.06182814528855847,0.01568233343004398,0.07312156529478145,-0.3211019588377322,0.15994557842969762,0.535108677726935,-0.20447517784128272,-0.014067694036903227,1.0304049160825344,-0.27209772233098306,0.17720541013953672,1.4519666008358327,-0.14775169453916717,0.15517469821208102,0.05396718676801651,-0.1905070898183373,0.18704228046660681,0.9522726362191798,-0.008876258349799443,0.2183608592307417,0.9306193013071095,-0.025843535352773433,-0.2765696195668606,0.1281389013372804,-0.10189517511849235,-0.1772932338197481,1.1493899098996805,0.07404343317323904,0.10677069833076831,0.92838554836146,0.11571188275311427,-0.2900484160772524,0.08981457157838803,-0.1679752102342253,-0.16895696677759736,0.5447220320960808,-0.013639355585742518,-0.10826387602948587,1.0328488434272964,-0.21280992737840204,-0.06060890350325932,1.461292529610303,0.0023056478772527675,-0.19296828947022257,0.06734603843914733,-0.000553441440587306,0.03482557427740723,0.9859425325555012,0.09483408239672134,0.0053427486695328905,0.9609946810769914,0.11378913511780389,0.06599413617346726,1.4082271897931302,-0.050884549316130734
3.14243,0.012790434699337518,1.4889376610056322,-0.13585904324265421,0.07895682794097528,0.1106543728301119,-0.2956800305518419,0.12658254201226268,0.9844825949702399,-0.14192274372251487,0.2690149183784062,1.1279049739627676,-0.1935847751187081,0.1707582446118578,0.8917491810920514,0.058073931784428226,0.015711246740606477,0.07337184082850347,-0.3208540405683986,0.1582932602542201,0.5360793185799062,-0.20595532785232687,-0.011415632249560952,1.0322905160017728,-0.26841831759615936,0.17750209288872473,1.455387052179733,-0.14813998839680403,0.15518542701914761,0.053812808043995616,-0.19035622680844672,0.18843583592153945,0.9519716949827007,-0.011480738303843385,0.2199919823416166,0.9309227369460303,-0.028787657256410106,-0.27668807337838286,0.1283522536503058,-0.10184529014113532,-0.1764963108743044,1.1520948024082258,0.0737511655242856,0.10414921161449141,0.9263624322929244,0.11378179341524688,-0.2901551725278024,0.09008273179436321,-0.16788410532326253,-0.16993584409127682,0.546030857651684,-0.01661880656077229,-0.10560570275583361,1.0346996353848015,-0.2092767868159966,-0.06040763971306958,1.4644158350982626,0.0028251755333953093,-0.19289762969915447,0.0673493203000313,-0.0006013234794064925,0.03310803619921296,0.9852934034504444,0.09360212334287649,0.0032534862491519078,0.960773211801746,0.11250069741800073,0.06659775014268908,1.4117549970365317,-0.05051782985724519
3.1524,0.012815908558975858,1.4914335498870597,-0.13590758288603808,0.07907651970316225,0.11073239434314962,-0.29555023760374,0.1291684385984151,0.9863057184211891,-0.13824902298987954,0.26884410703682415,1.1309574285052355,-0.19350824540658607,0.1723912352983446,0.8898197244978191,0.05425623711799546,0.015758426218943616,0.07359990559763542,-0.320573118474431,0.15659125147540004,0.5370344046382425,-0.20746749814725665,-0.008796648745325663,1.034109108597497,-0.2648090960367962,0.17782356856766324,1.458609788784742,-0.14855334993811148,0.15520683653416814,0.05363040528330746,-0.1901683000891904,0.1898240910158285,0.9514852342360375,-0.014131174173210723,0.22158718323711113,0.9310233617107713,-0.031791235577185266,-0.2767569525951383,0.12861054838578048,-0.10175277548483291,-0.1756235716060501,1.1546454191565516,0.07350268146593711,0.10137284174880873,0.9240952385846086,0.11191021331687523,-0.2902259254772732,0.0904075704927534,-0.16774783576189153,-0.17091451986358047,0.5473668627383039,-0.01960100313972697,-0.10298005289153313,1.036509999007681,-0.2058032396026014,-0.06020125014003003,1.4673882731291892,0.003292493397844183,-0.19279940164830256,0.06735547863779082,-0.0006161570926310973,0.03130284339791483,0.9844151976070209,0.09242986177573173,0.0010582075048103676,0.9603151253793442,0.11122149325048272,0.06719463096452377,1.4151367543319149,-0.05016804936001731
3.16238,0.012875418833051856,1.4936704286455962,-0.13600352440118366,0.07924545496270066,0.11079368327845864,-0.2954569650892228,0.13167535950600054,0.9879201973336421,-0.134654248408357,0.2687333180811476,1.133758848338096,-0.19343375382740197,0.17390358783020335,0.8877897818132436,0.050347590449067545,0.01584916260057285,0.07382340744576114,-0.3203254737643214,0.15486005567304717,0.5379734048438657,-0.20900238045650663,-0.0062291221557714506,1.0358705853351384,-0.26123864484257675,0.1782142799798096,1.4615918452222703,-0.14894148616191877,0.155270605697718,0.05343539255106701,-0.19000897757162066,0.1911215638409676,0.95087509280342,-0.016834459829770925,0.22304837335744013,0.9309660040630855,-0.03486717680310453,-0.2767525707651151,0.12889654325225586,-0.1016813313063319,-0.17465282137909818,1.1570358844807493,0.07333394908438348,0.09850758499207232,0.9215927028877008,0.10997045141882311,-0.29024496025014795,0.09077457948680494,-0.16763536725333592,-0.1718505662333117,0.5486850402144399,-0.022578461755119898,-0.10040670190586695,1.038293447108342,-0.20235090010568363,-0.05995565186959737,1.4702033672694954,0.003735019815959868,-0.19264208189503157,0.06734051885250252,-0.0006700015144909474,0.029472926264655388,0.9833490476080646,0.09126975618111306,-0.0011714063145331997,0.9596607242077361,0.10991949167585055,0.06783145954021678,1.4183554697056027,-0.04979752894517169
3.17236,0.013041821402030182,1.4956259623309736,-0.13603315941641234,0.07942652518706014,0.110840457967532,-0.2953849406675153,0.13405432237799755,0.9893107323305678,-0.13118807232099033,0.2686840548553637,1.1363117428419225,-0.19339677095636493,0.17517410379398693,0.8857335515455936,0.046337170423709884,0.015946652709547725,0.07403237269002297,-0.3200958612867568,0.1531361474584015,0.5388706376039925,-0.21052771304152762,-0.0037779419229291952,1.0375182777062077,-0.2577371789366961,0.17871253611491889,1.4643208919974182,-0.14916914581441504,0.15536176495192486,0.05321831302139918,-0.18988090108690914,0.19225437716496818,0.9501828048480703,-0.019625956190466236,0.22433215105995197,0.9308004062024966,-0.03799153622863864,-0.27670522233234096,0.1292013084109476,-0.10163076456504712,-0.17357275979976722,1.1592343730728794,0.07332527721188817,0.09567239064898676,0.9189712300115875,0.10805019321098185,-0.2902435221426272,0.09118458908473409,-0.16754638837080527,-0.1727104446329511,0.5499458821765537,-0.025491308147921762,-0.09793704995761092,1.0399864465639588,-0.19894239381312456,-0.05956265903196384,1.4727875896195142,0.004250941392362752,-0.19245365151121743,0.06729799771209984,-0.0007648929021037426,0.02770182707803008,0.9821408450327821,0.09016330093452295,-0.0033293985707963003,0.9588720775151504,0.10868108047926552,0.06856269327905071,1.4213232771138353,-0.04934050863838927
3.18233,0.013313583218322418,1.4973096198270255,-0.13595946508683557,0.07959072649054479,0.11088107922081103,-0.29528590229424884,0.13631714065916553,0.9904793888696591,-0.1278623843355288,0.2687027112742454,1.1386089609532484,-0.1934154755371418,0.1762817310283247,0.8837228596845684,0.042331632501766886,0.016026535594044482,0.07423446256297549,-0.31984656457534805,0.15148407579308965,0.5397053474793533,-0.21196406149342562,-0.0014438796648759311,1.0390220014518388,-0.25432742302099987,0.17930039474557496,1.4667829537441548,-0.14922911377176984,0.15543912515450073,0.05298010049305254,-0.18973996682866723,0.1932710899232907,0.9494579623954128,-0.022428189397434784,0.22546885125115199,0.9305624588074358,-0.041106803466738666,-0.2766481229850392,0.12953028496450403,-0.10155967307035066,-0.1724113003986267,1.1612180298718784,0.0734536386685508,0.09287443757069223,0.9162563496940822,0.10617865154922686,-0.29024428126555907,0.09162934604704036,-0.16744317528894573,-0.17348021437534974,0.5511385761439028,-0.028243816481190877,-0.09556955188541844,1.0415463582198328,-0.19560688342773566,-0.05903399364481492,1.4751145618378572,0.004861642372139942,-0.19227042431114041,0.06725720473475849,-0.0008458098834607578,0.02598498123909741,0.9807988810986891,0.08911231273698016,-0.005414178218700467,0.9579644157198668,0.10753018668733616,0.06938128294077825,1.424009548249855,-0.04879620246116291
3.19231,0.013634730856794803,1.4987616100228855,-0.13582098583151347,0.07973014521913065,0.11092600341830479,-0.29511686163840106,0.13852481235985858,0.9914486445715232,-0.12466211705174239,0.26879934172703007,1.1406510812011306,-0.19349437093538066,0.1774324715275152,0.881792914676477,0.03846706768542338,0.01608799210121096,0.07444768300879012,-0.31955060735634727,0.14997194714474707,0.5404661331256383,-0.2132309491122173,0.0008273064408308973,1.0403776589076597,-0.2510276385307518,0.17992651549398941,1.4689764957804559,-0.14921550328459549,0.15546279747045957,0.052731058431325896,-0.18953639549121354,0.19430131803794065,0.9487388245728298,-0.0251204367229817,0.22654762948842513,0.9302719253339322,-0.044159549496378465,-0.27660069121139447,0.1298947636233075,-0.10142674773344919,-0.1712147074689931,1.1629803527422684,0.07361064138268188,0.0900297537192631,0.9133904532863487,0.10430801619746016,-0.29024807510430894,0.09209343986368557,-0.1672890754160507,-0.17416962946239897,0.5522781508953174,-0.030764591756732948,-0.09325724375769347,1.042957693957995,-0.1923769563248667,-0.058463207025744174,1.4772012579713656,0.005518644200809515,-0.19211697259815597,0.06726276589133436,-0.00084874167824122,0.024249494491718506,0.979295901369479,0.08806780148586613,-0.007503106037496491,0.9569161247966015,0.10642866662795508,0.07023709976993624,1.4264417454292777,-0.048222815965691654
3.20228,0.014004316246616133,1.5000336366392233,-0.1356714345732781,0.07987843876618565,0.1109617264358205,-0.2949724566410873,0.14067710300986966,0.9922595587414035,-0.12169390466960019,0.26894607180605506,1.1425095513574508,-0.19362559345102526,0.17860290674247925,0.8798541741415474,0.03459558820739987,0.016166305490676852,0.0746483808518764,-0.31930065246678074,0.14859925783389027,0.5411422347749106,-0.21441591473331018,0.0030326812612255626,1.041542553743603,-0.2479594177304944,0.18059557533532594,1.4709519482228222,-0.14915019729812032,0.15549096963617018,0.052477088468755456,-0.1893683635339497,0.19535181330218523,0.9479710399125582,-0.027817342306194804,0.22765518303354823,0.929933810684999,-0.04719045655606085,-0.2765258002406582,0.13027067141188226,-0.10134326079474401,-0.16998190826327889,1.1645174926214144,0.07371038391991525,0.08714562611573753,0.9103881272429147,0.10238745905152696,-0.2902023376485747,0.0925625570663472,-0.1671858561723345,-0.17482049066368502,0.5533720836876181,-0.03319746897502524,-0.0910048431001705,1.0441900464947353,-0.18936687848512657,-0.05781978248529694,1.4790139006461673,0.006166952121531245,-0.19195298220744064,0.06729185967754257,-0.0008781195012260845,0.022492183227073123,0.9776139935713157,0.0869516767038028,-0.009574240488673082,0.955750102960284,0.10536799780269392,0.07111094705856295,1.428622254626575,-0.04770124908501317
3.21226,0.014416700459678262,1.5011724220101383,-0.13552418951782905,0.0800427084806561,0.1109871678923012,-0.29489513717562427,0.1427682342606625,0.9929528552058448,-0.11896094508074387,0.2691024280610149,1.1442461361672704,-0.19376649082369063,0.17975382718059107,0.8778302404438255,0.030623305929363413,0.01626801165028951,0.07482505084852781,-0.3191320994923979,0.1473398447894735,0.5417354933656405,-0.21554517257700176,0.005168690499011097,1.0424988836735714,-0.24513619744203358,0.18130386791058334,1.4727615348580991,-0.14902352402896085,0.15555761880364385,0.05223175209106656,-0.1892819339758955,0.19641104277202567,0.9471032173992047,-0.030588716639171898,0.22884243128697887,0.9295448479241543,-0.05020760002344372,-0.2764117326266353,0.13064432953685431,-0.10136013949133546,-0.16869858592024545,1.1658620692082928,0.07375324301896895,0.08421619708750178,0.9072791061583388,0.10045884664974816,-0.29009278658594795,0.0930336328093249,-0.1671777829947875,-0.17547228864616493,0.5544295117731706,-0.03562715444678612,-0.08882008240593134,1.0452355855902857,-0.18658682037705676,-0.057099672929805986,1.4805726722018986,0.0067851927833598455,-0.1917623553873459,0.0673273114391986,-0.0009867783104520699,0.02071017154219051,0.9757640387997535,0.08578409113073408,-0.011619186077543683,0.9545015410349225,0.10440346867485274,0.07198137535588545,1.4305777802974602,-0.04724908069147784
3.22224,0.014815240176841129,1.5021863477515507,-0.13530858872599114,0.0801503636345554,0.11104123266986865,-0.29473697183254793,0.1447934007069554,0.9935422822493443,-0.11622514872772699,0.26922991506966315,1.1458262810608801,-0.193817471767802,0.1809547591871415,0.875779273955018,0.026801799791257117,0.01632058126992102,0.07501581715672988,-0.3188940363701135,0.14618502532855226,0.5422627820108484,-0.2163972752278377,0.007239791068222892,1.0432892890193919,-0.24233460689687672,0.18198511953070287,1.4743953403977703,-0.1488178077004922,0.15558416625842222,0.05203002148555364,-0.18912614644441228,0.1975008692914122,0.9461614330955199,-0.03322420261565594,0.23007495377809498,0.9290970206384108,-0.05305645093076799,-0.2763332339587247,0.13104096847439867,-0.1013108533283061,-0.16737399283252324,1.167092426159221,0.07388801473006547,0.08118538207457887,0.9041099843903858,0.09876605017575082,-0.2900143721388292,0.09351789186981095,-0.16710715457869854,-0.17612508044583766,0.5554514392693815,-0.03784319954053809,-0.0867118818299635,1.0461247716253566,-0.1838325515296704,-0.056444794200648574,1.4820110327963905,0.007410461768062668,-0.19162020318267078,0.06740818429603322,-0.0010151866544859892,0.018876569038487962,0.9738271714201963,0.08480762439934694,-0.01369673963055493,0.9532116274174195,0.1037024859161853,0.07279084604395111,1.432368135072722,-0.04675363368433866
3.23221,0.015191969798469315,1.5030656401252067,-0.1350577496213227,0.08022375323848414,0.11113347273450554,-0.2945319422906613,0.14674102179364032,0.9940276204885153,-0.11347012254023382,0.26934175409475397,1.1472284704750677,-0.1938116199334922,0.18219291089302442,0.8736558936346193,0.02305998934662131,0.016350335895244098,0.07523054365534516,-0.31862078156466156,0.14515787736094504,0.5427353400119018,-0.2169749816581661,0.009251772805751292,1.0439563444409006,-0.2395455461982186,0.18263146566383884,1.4758438231324322,-0.14858755892177128,0.1555944416764983,0.05188781537109991,-0.1889353245883121,0.19861693606837844,0.945114053844844,-0.035771816888638834,0.2313324089905544,0.9285470369585529,-0.05580623968104082,-0.2762658958069301,0.13145039126366784,-0.10122586619068374,-0.16602518202130234,1.168217564061274,0.07409350383818356,0.0780290235771542,0.9008683323924296,0.09727886218750322,-0.28994972185938145,0.09400231533039453,-0.16700396416419283,-0.17672124721634253,0.5564128340219393,-0.039825740662943254,-0.08468181769585728,1.0468864846406243,-0.18111003271208626,-0.05591263352198289,1.4833615308964165,0.007999060592641508,-0.19150134253297785,0.06753094555582835,-0.0010029224024138775,0.016975797439090255,0.9718185460917609,0.08402262619607248,-0.015830711973845606,0.9518718726211809,0.10321473070261837,0.07353500993025677,1.4340105035413862,-0.04622048625619357
3.24219,0.015577896057908464,1.5037966070338047,-0.13487759725046095,0.08035018612975221,0.11124795264990912,-0.29443915291644845,0.14859808339854905,0.9944075760920911,-0.11085906342832257,0.26949322151972344,1.148460496240159,-0.19386786202348602,0.1833939865401979,0.8713330160804976,0.019070175642106987,0.01644814800549871,0.07545506874114051,-0.3184740961154804,0.14429520748600927,0.5431598744271438,-0.21745527395728473,0.011208451879630618,1.0445328286319058,-0.2369301875470616,0.1832832119152978,1.4771105091770607,-0.1484226853346014,0.1556814766565903,0.05179955458096905,-0.1888706998985581,0.19973879628747257,0.9438860994588146,-0.03848623320915454,0.23262180632638274,0.927835779546006,-0.05869082573875762,-0.2761181060274357,0.13184109868266167,-0.10127484113796138,-0.16466803072775213,1.169192121112125,0.07422568909715696,0.07474500161328745,0.8974936867056426,0.09575829299909136,-0.28980317758575325,0.09446435820374857,-0.16702976188389151,-0.17717444031699822,0.5572798805705942,-0.041709023314125945,-0.08272636934926281,1.0475441796209408,-0.17858595974218086,-0.05547386308642152,1.4845706414689608,0.008460344956834414,-0.19131451397125668,0.06765968266149253,-0.001127226279432498,0.014998496341194765,0.9696912070717991,0.08323530443175967,-0.018016863760872682,0.9504336088976109,0.1027330108479137,0.07425017344061251,1.4354912182639405,-0.045746903085771534
3.25216,0.015950440435542584,1.5043954306674876,-0.1347379127645966,0.08047570664635684,0.11138868927708413,-0.29433423561591204,0.15034176813846845,0.9947200148454982,-0.10840075774328092,0.2697251626245576,1.149552094256342,-0.19391480399200028,0.18457621222606702,0.868847076590279,0.01489679423252848,0.01654347840901975,0.07570191470693889,-0.3183326089921374,0.143584286379742,0.5435466773065007,-0.21775951828834705,0.013064542080642958,1.0450248299765026,-0.23448152562569502,0.1839199995133034,1.4782110343185828,-0.14826500156434771,0.15576601719168595,0.051745256070125006,-0.18879923830144213,0.20088016639269965,0.9425065976425362,-0.04132166389506036,0.2339595613628255,0.9269953125440145,-0.06164218801849059,-0.2759517944942812,0.13224775201823166,-0.10133121564502436,-0.16331500850591205,1.1700099009874245,0.07435424598889143,0.07133414689466051,0.894015059162929,0.09426009696995427,-0.2896476269150522,0.09494386786114144,-0.16706138925570102,-0.17748120811633747,0.558073153569229,-0.04336457629047816,-0.08088594217371226,1.048111207664745,-0.176236974381409,-0.05511488199978837,1.4856345956363193,0.008853968425849498,-0.19113717227663043,0.06781227681462712,-0.0012523478296077948,0.012939208156686225,0.9674512369295639,0.08247478414150565,-0.02026075751429886,0.9488932555101317,0.10229042216648426,0.07490999985985687,1.4368226457616595,-0.04530725554074975
3.26214,0.01628961396918789,1.5048823264176112,-0.13460371433220317,0.08055529811317946,0.1115603260079726,-0.29412176550592506,0.1519707932297019,0.9950039583545094,-0.10607808034692193,0.270037612055728,1.150523329049884,-0.1939021722488636,0.18581978160396712,0.8662540710584291,0.01064746314356106,0.016580037795074408,0.07598570075277801,-0.31809968241292613,0.14301534720512227,0.5439041209828605,-0.21782646530611038,0.014793894518876046,1.0454348146790065,-0.23217085966075227,0.1845212622298458,1.4791632979838312,-0.14807721053704298,0.15578322915924236,0.051703605493621296,-0.18862083118061038,0.20208391880912435,0.9410085355596386,-0.04420630778205215,0.23537893039268284,0.9260582371811568,-0.0645904775587288,-0.27581616087319627,0.1326941626346824,-0.10129026638471963,-0.16196223440618268,1.1706726321229748,0.07454509815429868,0.06778792737010152,0.890452719698277,0.09289299337781809,-0.2895402819425805,0.09546758208758317,-0.16700002591010446,-0.17765244741194008,0.5588141926841081,-0.04469907102615606,-0.07918030413968255,1.0485950872157235,-0.17401790550065102,-0.0548162612133273,1.4865594572154874,0.00924418415663796,-0.19102600692805285,0.06799641777827663,-0.0012687152215566213,0.0107897503032884,0.9650973657723797,0.0818089091494998,-0.0225802614729517,0.9472448870612088,0.10195184036377278,0.07550085840536382,1.4380244868343108,-0.044875219817052496
3.27212,0.016615161365821647,1.505254970983012,-0.13453086364521358,0.08066420918785863,0.11175189030385355,-0.2939729978080458,0.1535091367448509,0.9952664060003042,-0.10396941948627529,0.27035296402297393,1.1513421726149369,-0.19396041726325722,0.1872444270436639,0.8635623573497794,0.006286958059749649,0.016647890031404395,0.07630149012917105,-0.31793735383387584,0.14263058900297013,0.5442283825880425,-0.2178126333823696,0.016418694075407476,1.04576996410755,-0.2300836373458087,0.18510234068886394,1.4799642347309854,-0.14797354107982674,0.1558237100530259,0.05166243217649851,-0.18851772994695729,0.2034092825377444,0.9393744094659728,-0.04719676889519567,0.23692039973465243,0.9250019053378532,-0.06764240072895272,-0.275624387116415,0.13312761444053878,-0.10130766411780283,-0.16059456759285345,1.1711572826608148,0.07469697751301933,0.06412291463671665,0.8867921889945591,0.0916790559724267,-0.2893847103339909,0.095982825939334,-0.1670039228068058,-0.17766444217109706,0.5594754662599691,-0.04586070555798028,-0.07758167459073066,1.048990508770409,-0.17201265421208115,-0.05454045734160286,1.4873184586744466,0.009589635007074026,-0.19087413485147017,0.06815818407338961,-0.0013470801308638483,0.008561161906315992,0.962605688467645,0.08123154228390514,-0.02498017799677772,0.9454670634628101,0.10167832274467876,0.07607137035283508,1.439092182689621,-0.044518628860741
3.28209,0.016926639752169594,1.5055347818868703,-0.1344894807676192,0.08080873353511253,0.11195845635745165,-0.2938641603109744,0.15495709667962246,0.9955148161416427,-0.10204240831764552,0.27059298921783836,1.1520028925321693,-0.19408571431613109,0.18889251467266996,0.8607787399546077,0.001864882652518981,0.01675615250561518,0.07664162509095525,-0.31782077128383257,0.14240968114269145,0.5445285497813604,-0.2177327084287143,0.017944381450859408,1.0460521957429283,-0.2281875029022069,0.1856676218005296,1.4806222778466631,-0.14794939079470434,0.15590320003728816,0.05162036118995052,-0.1884690369888248,0.20485585527765,0.9376047070859691,-0.05025909716985272,0.2385673816096985,0.9238207953122586,-0.07079397608053671,-0.2753790822839514,0.13353490355383424,-0.10136484889626829,-0.1592194358531037,1.1714829935429547,0.07479886384092879,0.060320903669889375,0.8830545232228546,0.0907036223470576,-0.2891768295334069,0.09647438469583854,-0.16705324631224033,-0.17755216405483792,0.5600647205054252,-0.04687974585499722,-0.0760857155575068,1.049317291669499,-0.1701955422875111,-0.054287050765074056,1.4879271847682258,0.009926498497846888,-0.19067119702912516,0.06829703208866346,-0.001471301028740731,0.006236617875210624,0.9599963022566134,0.08079464223417042,-0.027483343553746927,0.9435844192856104,0.10151574564254225,0.07662860148903207,1.440043003095177,-0.04421566287662172
3.29207,0.017209683744029418,1.5057609927260438,-0.1343893270183782,0.08093090404636129,0.11218144698641873,-0.293623784645222,0.15630030513688434,0.9957572496717252,-0.10017933077879292,0.2707035826020082,1.1525295671737654,-0.19415457777320225,0.19074267251419394,0.8579086740663372,-0.002506424631939819,0.01683816283205676,0.07699997680162748,-0.317585129018654,0.14227805357939538,0.544822528799796,-0.21748941896381366,0.019366198754212968,1.0463133934118787,-0.2263590698080882,0.186214882404789,1.481161178265332,-0.14790025947796978,0.15596224855520144,0.05158161915852298,-0.1882974720802057,0.20638481798421116,0.9357176172709691,-0.05328732905055368,0.24027069636747259,0.9225294204500603,-0.073944446345073,-0.2751617519885812,0.13394270796489255,-0.10130925401261505,-0.1578531671849226,1.1716988830188826,0.07490976951875392,0.05633461279573401,0.8792783320114607,0.09008377631864059,-0.2889960056894233,0.09696619451701947,-0.16699209113856292,-0.17739624469291332,0.5606219691545534,-0.04768981027018292,-0.07470295953991925,1.0496158278659877,-0.16845433690943895,-0.054082418645053906,1.4884348256385207,0.010345438768525493,-0.19049782991464026,0.06845632258373464,-0.001479704738418138,0.003778463116283944,0.9573146752121579,0.08058381769695637,-0.03012441562260082,0.9416489491035086,0.10156659423082834,0.07714651621834183,1.4409139229894392,-0.04387727320723085
3.30204,0.017493881550269593,1.5059369000517184,-0.134291159606929,0.08103128679853244,0.11241296759078333,-0.2934056204226907,0.15755281219692502,0.9959775718860392,-0.09843261338848097,0.270718382150554,1.152941307454622,-0.19415670359531984,0.1927909542766001,0.8549837568049959,-0.006793311665557867,0.016898660568277515,0.07737278285074532,-0.3173884112152558,0.1422019265846272,0.5450998997670099,-0.21721523506600748,0.02071204002733559,1.0465670855997413,-0.22465984897390073,0.1867733344348921,1.481612379306926,-0.14785285051553956,0.15599158911704736,0.05153412126913058,-0.18815124896602894,0.20802092604295716,0.9337467771720088,-0.05624691236924335,0.24205548997744672,0.9211606568623963,-0.07705460590438985,-0.2749670412121574,0.13434729085346567,-0.10127842159453539,-0.15646698298372944,1.171793248090155,0.07491851867109624,0.05222221452452203,0.8754736182829377,0.08975063713072302,-0.28883350606076363,0.09745444609073342,-0.16696030115189495,-0.17722360810307047,0.5611510551612213,-0.048416854209638135,-0.07340368548432316,1.0499040793661238,-0.16685378692788944,-0.053909140144113014,1.4888387043384699,0.01077829391242479,-0.1903619459979706,0.06861614769781745,-0.0015108823437905321,0.0012327399936701467,0.9545666358057029,0.08053664354205033,-0.03285331508999759,0.9396640841669305,0.10175639476110383,0.0776522604650156,1.4417132441519955,-0.043552543004894036
3.31202,0.017807700861497515,1.506061188593431,-0.1342322219264031,0.08112924035575607,0.11264253549867702,-0.2933242116576885,0.158737790027204,0.9961649424841983,-0.09684998944741903,0.2706845039978204,1.1532717993946984,-0.19412703980272017,0.19508832396452125,0.8520337768575506,-0.011024839204974997,0.01696110560360729,0.07775256162627867,-0.3173434834722661,0.1421677446388702,0.5453523602503726,-0.21701139086851243,0.0220105675691567,1.0468189343514809,-0.2231389625965018,0.18736727136226683,1.4820104153992577,-0.1478344279492182,0.15600313571503172,0.05147253057639664,-0.18813879800182268,0.20982350343710932,0.9317270895623316,-0.059158576985746794,0.24397949864232324,0.9197549506291457,-0.08014872187020339,-0.27476835200142646,0.13473879335630926,-0.10136952004237271,-0.15500276492356926,1.1717413888830082,0.07473561380927758,0.04806117724651053,0.8716229737629146,0.08959825895906316,-0.2886600527115244,0.09792992269266745,-0.16705620697891538,-0.17703841406290605,0.5616505959347111,-0.04915181524981695,-0.07215582549184865,1.0501911423255925,-0.16543793652084673,-0.053743778931049264,1.48913177028269,0.011177680320988308,-0.1902430169911069,0.06875738206568252,-0.001661277929361035,-0.001327137360518033,0.9517371391212035,0.08057314343598666,-0.03559863423113181,0.9376121973933593,0.10198894710738227,0.07818164997410527,1.4424455018098632,-0.04327481011110671
3.322,0.01813726914028953,1.5061478616771735,-0.1340843951680019,0.08123408395944158,0.11285899887899871,-0.29315950360493115,0.1598544765604626,0.9963350932273763,-0.09536192793567635,0.270607261662604,1.1535803883334075,-0.19410531719290317,0.19775361428900265,0.8491047079875554,-0.015237071355186541,0.01702933091999633,0.07811714934380738,-0.317218230456155,0.142173484096792,0.5455940468805335,-0.21673539531630817,0.023244271622972792,1.0470681953620995,-0.22170013514909878,0.18797666129580864,1.482381246657796,-0.14777073420115538,0.15601168493405806,0.05141929394978922,-0.18803176505984537,0.21184777259099957,0.9297107284709943,-0.06205864388962865,0.24608068528253113,0.918371685916902,-0.08329007485578582,-0.2745673135653234,0.13511321805054505,-0.10136845702121959,-0.153402446669651,1.1715385721436513,0.07445244820633816,0.04393769561061081,0.8677299102787173,0.08960052601611854,-0.2884766998976269,0.09838722709606842,-0.16706015756208067,-0.17684167284682922,0.5621284001138918,-0.049747911523363456,-0.07097549997663491,1.0504801848100256,-0.16409305960444964,-0.05358876275979904,1.4893322767165322,0.011657582548304906,-0.1901221448446317,0.06891030445226842,-0.0017034700050810086,-0.003806283758088509,0.9488394091523006,0.08069869102068082,-0.0382788124402142,0.9354996150598062,0.1022632474221628,0.07873744285923184,1.4431171508249117,-0.04294125339899675
3.33197,0.01846686555426714,1.5062010880828418,-0.1338547277014845,0.08133267684520946,0.11306665220477989,-0.2929191862235094,0.16088163806131056,0.9964870811799085,-0.09396913805113388,0.27047568139865547,1.153854913465337,-0.19412347548121978,0.20074745135886943,0.846194753384041,-0.01945041409252828,0.017095492474224587,0.07845973530334474,-0.3170203656643055,0.14220328931233264,0.5458253672567123,-0.21639341179241312,0.024388032890175382,1.0473125160585737,-0.22034246883124667,0.1885837595849064,1.4827149222314546,-0.14766340800268357,0.1560154933794448,0.051380315297070565,-0.18784075296523664,0.21405992496853404,0.9277019913486808,-0.0649513715237027,0.2482995923125257,0.9170049004587747,-0.08651482115002872,-0.2743713217332814,0.1354683676375833,-0.10129468587807752,-0.1517534525370261,1.1712156118003036,0.07409293065078977,0.03975446330134323,0.8638119869264707,0.08980923234315623,-0.2882898316750108,0.09881886954142467,-0.16699147385324367,-0.17664296824999992,0.5625773949937003,-0.050201008842724486,-0.06988479426405941,1.0507669120108296,-0.16281710292689383,-0.053455149848564434,1.4894543902757345,0.012212343442833533,-0.19000409638751214,0.06907407951022808,-0.0016563406483793466,-0.0062801212006782,0.9459067994282786,0.08096605406930839,-0.04098702594462568,0.9333579215059304,0.10260822604184798,0.07930383989767338,1.4437271637969589,-0.04255520027950451
3.34195,0.018788309220606543,1.5062161487009376,-0.13366467177496785,0.08139982027903497,0.11327969775180041,-0.29280848986369534,0.16179366409198076,0.9966075195548868,-0.09273290241484812,0.27026974132568293,1.1540303024216563,-0.19419632173708165,0.20390881186071505,0.8432557799879714,-0.023685470574793182,0.017146749010857804,0.07878901611011435,-0.3169648639195979,0.14223271073484794,0.5460340497120072,-0.2161199763639604,0.025422642103363834,1.0475470355692955,-0.21914671473915903,0.18918168991759488,1.4829793090263728,-0.14758210649261638,0.1560002454024513,0.05134429337901524,-0.18778191450631804,0.21636509299474793,0.9256608151818749,-0.06782488201322613,0.2505193197389158,0.9155961604361907,-0.08983324181976285,-0.2741854116266193,0.13580470653798976,-0.10136328860475127,-0.1502308624949898,1.170824400272943,0.07361060825750204,0.03528363892534229,0.8598866060159875,0.09030042436567105,-0.28810442303652245,0.09922031787670547,-0.16707033014986147,-0.1764508322024877,0.5629806375737583,-0.05063218255613647,-0.06889855550901465,1.0510414009704572,-0.16170187552679102,-0.05335212154543061,1.489504773987951,0.012734301904898949,-0.1899081865746184,0.06921942336957479,-0.001747174473463275,-0.008947807083779817,0.9429739539987617,0.08143429996980207,-0.04393612116599745,0.9312272170246322,0.1030531038858771,0.07985967600381326,1.4442708821067374,-0.04221059341683759
3.35192,0.01911093343739019,1.5062005772583322,-0.13346399588163552,0.08145226450895003,0.11348246340733606,-0.29272588390077625,0.1626161509123289,0.9967172604309562,-0.09162959595855509,0.26997840070686013,1.1541320572320815,-0.1942812360585294,0.20719601548864153,0.8402937147708027,-0.027972233843351867,0.017188773478179514,0.07910519045363738,-0.3169431485028617,0.142268524874055,0.546219558448265,-0.21583171211838229,0.026352253624503604,1.047751263441771,-0.21807582799577024,0.1897713600065925,1.4831950985703777,-0.147515932461581,0.15596943613848904,0.051308556132845365,-0.18774872098804185,0.21873813790570118,0.9235970474789749,-0.07070144580464463,0.2527508310995746,0.9141724339669789,-0.09321225642370753,-0.2739932551885361,0.13612663709552483,-0.10145308491847842,-0.14877089993149542,1.170373409782775,0.07305138592397141,0.030614213390358164,0.8559874233429255,0.09091470589578479,-0.2879138507826528,0.09961129736181017,-0.16717707539990298,-0.17622208507991524,0.5633425744394734,-0.05094964092196986,-0.06800970911371694,1.0512910178424768,-0.1606946100492481,-0.05325118285918832,1.4894866979543007,0.013267238497906494,-0.18981422924204794,0.06935027743236845,-0.0018641858210929052,-0.011749942242174882,0.9400534157548428,0.08199259690601633,-0.04703447910758759,0.9291214576018001,0.10352486558023016,0.08041762142070327,1.4447544716261076,-0.041870191305295755
3.3619,0.019449685914559176,1.5061586570288676,-0.13319144884167658,0.08150889314506297,0.11365890949526083,-0.2925627741518942,0.16339442563887976,0.9968300390116209,-0.09062594542543694,0.2696081870344783,1.1541917649907896,-0.19435851781773905,0.21063315217699782,0.8373175186728424,-0.032359929289516774,0.017231161658835627,0.07940334911053024,-0.3168384852232269,0.1423126617055463,0.5463846661567978,-0.2154536466495974,0.02720658802214189,1.0479222344842067,-0.21707978269411762,0.19036885672188156,1.4833832254352808,-0.14745465815220626,0.155932126653348,0.05126930478254606,-0.18762809275500264,0.2212010971073666,0.9215174761730749,-0.07362888259125819,0.25504362098742156,0.9127577068241548,-0.09666112396852043,-0.27378012131769236,0.13644309345643,-0.1014365178124157,-0.14728395464287639,1.1698448279672369,0.07244108319304197,0.02587181688289233,0.8521251115400154,0.0914965964587756,-0.28770982569115244,0.10001203282794197,-0.16718373505784723,-0.17591402570692985,0.5636753276266708,-0.051073027565969126,-0.06718709019050047,1.0515206363665408,-0.1597335041895081,-0.05313766597650664,1.4893973475097233,0.013862055555782975,-0.1897023573331569,0.06947740890190744,-0.001882692124484268,-0.014588689434480688,0.9371359315590994,0.0825248690546119,-0.05016683812455409,0.9270235894544359,0.10392809527462704,0.08099981251893199,1.4451907410535039,-0.0414841264847483
3.37188,0.019810921327515402,1.5060774050134316,-0.13291135271619073,0.08155717656930457,0.11381443226561794,-0.29245720093366456,0.16415997621058398,0.9969134978345864,-0.08975629835091709,0.2692004422656525,1.1541745230711187,-0.19450527054118982,0.2142390014471483,0.8343434646922103,-0.03686205013247452,0.01727585192241985,0.0796701683787004,-0.31679216503335045,0.14232982429190763,0.5465264175044792,-0.21511829070619332,0.028036066084170978,1.0481050601434856,-0.216195930571135,0.19100631206826985,1.483516165971111,-0.14745891561110797,0.15589461832318183,0.051213051352860424,-0.18756758959724387,0.22378555991051868,0.9194116990027574,-0.07663518652150224,0.2573898681295094,0.9113185891603816,-0.10026438624751749,-0.2735559810035901,0.1367642193379921,-0.10145673681374945,-0.14585061332657806,1.1692072666531228,0.07169300738917528,0.02106410339872887,0.8483087059593936,0.09209828301254334,-0.28749340503499565,0.10041682613809869,-0.16723160104289872,-0.17553222643821617,0.5639834928294968,-0.05112244020376528,-0.06638013433927116,1.0517710388417265,-0.15887415203850808,-0.05306090641029056,1.4892234874129795,0.014448460853775293,-0.1895883923219756,0.06959598319298974,-0.0019366875169408318,-0.017460621407243665,0.9342295692615155,0.0830459643067106,-0.05337896193124977,0.9249049820699802,0.10420394264025062,0.08161063410885169,1.4455902812576784,-0.041092144514858014
3.38185,0.020168685197985023,1.5059634922151637,-0.132632761198246,0.08160420298647468,0.11394799479604695,-0.292398676475891,0.1649259513878787,0.9969676341732977,-0.08898162158170962,0.2687799279753574,1.1540678817325696,-0.194744368404042,0.21805118542955282,0.8314286060421469,-0.041392900760022014,0.017328250019300443,0.07990309335217038,-0.3167992012795905,0.1423093246963666,0.5466483204428824,-0.21483059786315017,0.028851543895238536,1.0483135060962574,-0.2153704833022153,0.19165810876606837,1.4835811078907684,-0.1475328612413565,0.15586102127302165,0.051130272880180426,-0.1875618920138675,0.2265262246707552,0.917305332440138,-0.07968320752210725,0.25980039025596974,0.909860964676109,-0.10400456055010675,-0.273329253837236,0.13708784460318568,-0.10151030903697493,-0.1445226551216811,1.1684705331483174,0.07085092140048597,0.01625488959059531,0.8446159770563024,0.09287186948600332,-0.28727240956416317,0.10081678019016924,-0.16731487270588097,-0.17507687958994667,0.5642658983168933,-0.05111043043914747,-0.06557634085810062,1.0520449116062092,-0.1580592169211793,-0.05304614059557566,1.4889763204915567,0.015026542999960143,-0.18947249265758012,0.06970847771178265,-0.002021501194526385,-0.020348734337801756,0.9313874253971791,0.08367449712398027,-0.056668966415988856,0.9228013881714023,0.1044374446419578,0.08222440006163664,1.4459693725884073,-0.04069290963338317
3.39183,0.020477455696469363,1.505840530410072,-0.13230843730192132,0.08167229293251133,0.11405159058279832,-0.2922459551819082,0.16569099604990456,0.9970217788618512,-0.08820162231720859,0.2683535467573181,1.1538893635345167,-0.19504177792157754,0.2221209624925614,0.8286528087980425,-0.04580841777140208,0.017394007159515182,0.08010945606049406,-0.31672198815965813,0.14226223091894175,0.5467585576999038,-0.21448146863478765,0.029631961866523834,1.0485257473419576,-0.21447936267383974,0.19225720950267858,1.4835849282195515,-0.14762756405729843,0.15583049868384985,0.051017371720393265,-0.18746757682198878,0.2294588801617115,0.9152512195531082,-0.08269482153819943,0.2623111909364702,0.9084297710795475,-0.10777794818063702,-0.2731054215147841,0.1374016699259567,-0.10145779567146178,-0.14330344287795072,1.1676774217391281,0.07006415566877058,0.011544746559748643,0.841162516817053,0.09400118802051395,-0.28705961832520643,0.10120560652088514,-0.16729243625260165,-0.1745444899054477,0.564518697792602,-0.05095141646264423,-0.06479506438851844,1.0523082679488855,-0.15714303862439946,-0.05308566078440577,1.4886828783405386,0.015662824845641892,-0.1893415790938369,0.06982260378549605,-0.0020051243574966725,-0.02322789791540407,0.9286829893803863,0.0845764456167529,-0.059988738040875476,0.920791384735173,0.10480963205449868,0.08279933537333042,1.4463448754385533,-0.040247947888906246
3.4018,0.020745593972890043,1.5057113531506594,-0.1319748477634904,0.08173653657111693,0.11412730002978294,-0.2921199885157623,0.16644501420363172,0.997059501658736,-0.08743364888836574,0.26795292898507006,1.1536617129546647,-0.19540017317706898,0.22638477694296902,0.8260621651068387,-0.050061382965237766,0.017452361445825373,0.08028422706734643,-0.3166680914563667,0.14216111176614782,0.5468499629595107,-0.21417743280613258,0.030391951155270644,1.048717436115796,-0.2135828696345308,0.19281785410375885,1.4835316977045094,-0.14775035215081989,0.15578268488731262,0.05087879935452399,-0.18739348463682134,0.2325549360360193,0.9132889618873749,-0.08564022768298282,0.26490736538347887,0.9070653651908008,-0.11152529404911299,-0.27290592970628497,0.13769715944079486,-0.1013957759839525,-0.14222815849054196,1.166841081253881,0.06930003483310944,0.006935055830688572,0.8379653412839261,0.0954295415481739,-0.2868713290314494,0.10158277855690394,-0.16726460781251554,-0.17399181073457629,0.5647444342352549,-0.05074948936734033,-0.06402964496919203,1.0525462329710105,-0.15620528006615328,-0.053159511969454995,1.488324090231214,0.016312134123758665,-0.1892241052961146,0.06992077889449635,-0.001988482695293554,-0.02611988148156102,0.9261221346275388,0.08569378591813583,-0.06334490589422544,0.9188742812420965,0.1052795930376281,0.08334309441441425,1.4466952897789853,-0.0398113316275794
3.41178,0.02099868079581945,1.5055737066239503,-0.13166012886584297,0.08177728788483007,0.11417923883568448,-0.29212362058757274,0.16718414489521413,0.9970654767820372,-0.08670683206319921,0.26761336230598254,1.153405932696134,-0.19583603061499505,0.23077574539761164,0.8236701840567752,-0.05417140380592168,0.01749299341293437,0.0804215917528546,-0.3167305312466895,0.14199888016223136,0.5469174598712353,-0.21400962221043246,0.031151234293903676,1.0488690314304614,-0.2127534195887858,0.19336997358633604,1.483425128092513,-0.14790768079110625,0.1557112138784529,0.050723410592187636,-0.18743154705832973,0.23578085850405284,0.9114406576842083,-0.08852971941657234,0.2675761200969703,0.9057951853094666,-0.11522864238817472,-0.2727399355673063,0.13797036792823011,-0.10141150857021372,-0.14132882818168357,1.1659605270247944,0.0684950632838236,0.002392637334280507,0.8349914414551863,0.09703667869228379,-0.28671299673742145,0.10194317981125511,-0.1673190353103495,-0.1734622843221305,0.5649464718090567,-0.050605444740969056,-0.06326720492646169,1.0527511640164928,-0.1553412177027924,-0.05325160359724848,1.48787524256428,0.01693456250315743,-0.18914048091526767,0.06999226120370981,-0.002056851859632312,-0.029053108279389957,0.923681872647401,0.0869146830631246,-0.06675318121388611,0.9170264672265905,0.10576237653373319,0.08387605484580853,1.4469964529285628,-0.03942315821595888
3.42175,0.021247542280749057,1.5054346430129186,-0.13130267435188683,0.08182845212267562,0.11420570965663217,-0.292082012049158,0.16791316978721893,0.9970681292487317,-0.08598319408467857,0.2673610569409827,1.1531382908575576,-0.19635700888847935,0.23525243728959908,0.8214904710461394,-0.05815137350110922,0.017551454288816954,0.08052288620655332,-0.3167469534085162,0.14185177516265443,0.5469729347510978,-0.2138420891287252,0.031895241209712794,1.048970737177408,-0.21193865582236154,0.1938953915346663,1.4832718153341982,-0.148050507516064,0.1556590712858312,0.05056531955186721,-0.18740692520944396,0.23909796793612087,0.9097335831648311,-0.09137179707764295,0.27031170468293925,0.9046446071457088,-0.11886090052170804,-0.27257788350363765,0.138219420937516,-0.10135743326999211,-0.1406184358965155,1.1650439365740999,0.06769484959579677,-0.002027127470416367,0.8322389436280474,0.09875514124120979,-0.28656580859399367,0.1022603629513589,-0.1672957412601982,-0.17292327959907688,0.5651201887528671,-0.0504411353121311,-0.06251818710323537,1.0529099507497526,-0.15449258757209505,-0.053364077230751455,1.487346819396135,0.01759264338336722,-0.18905713533991184,0.07006310704459623,-0.002048887167381891,-0.03198043589580513,0.9213790875072442,0.08819244008856084,-0.07014372015448854,0.915277668461064,0.10626890465409404,0.08439320750292656,1.4472469936087227,-0.039014925767537983
3.43173,0.021500051364869675,1.5052901292631051,-0.13089900189372047,0.08189257927238087,0.11421447337310668,-0.2919737673768967,0.16863009382978583,0.9970751183859113,-0.08525742184505705,0.26719365410106005,1.1528685249139847,-0.19697411472899143,0.2397706072969691,0.8195074019635645,-0.06205976192675895,0.017625075513897387,0.08060282200491692,-0.31670153945423507,0.1417598016525289,0.547019356598141,-0.21364544691574247,0.032630472224288005,1.0490288258128402,-0.211141527954643,0.194396499472721,1.4830793523568184,-0.1481664067751391,0.15562815705595875,0.050417398850655,-0.18730165690759637,0.2424630085540216,0.9081655299765795,-0.09420436576165822,0.27308666790957503,0.9036116412140845,-0.12245088240414984,-0.2724167376020036,0.13844954063746842,-0.10123569381099072,-0.1401007508404494,1.1640989825024406,0.06689586790115346,-0.006337362273799649,0.8296950082499553,0.10057881384260788,-0.2864284107977464,0.10253385782243633,-0.1671958451562719,-0.17236851257333408,0.5652647339189405,-0.05024325020632281,-0.06178297432622851,1.0530212974576725,-0.15366989347042906,-0.0534995211095402,1.4867477852065458,0.01827664051651436,-0.18896831212427165,0.07014265091046905,-0.001966682494746963,-0.03490260593449149,0.9192187502800457,0.08952746747369225,-0.07350659275122694,0.9136385708564185,0.10681201075493264,0.08489512437616738,1.447447891631335,-0.03857521109850258
3.44171,0.021761239328142803,1.5051280952212556,-0.13050998749380605,0.08193594750659741,0.11422340701838694,-0.29194063177428653,0.16931906151501636,0.9970725220710738,-0.08456414318495409,0.26708260738867035,1.1525996479418403,-0.19769143450051244,0.24423992374285602,0.8176913150745768,-0.06596042205964427,0.017671790108955625,0.08068548869021572,-0.3167320424827842,0.14171428764910748,0.5470510472609551,-0.2135066413108873,0.03337480156970418,1.0490614545883388,-0.2104289876384142,0.19489568602975088,1.4828555738044222,-0.14828034599110937,0.15557673282191872,0.05029079229890716,-0.1872625775335382,0.2458010910881976,0.9067158092601366,-0.09706605347830456,0.27583104419657717,0.9026762503567606,-0.12604274267888488,-0.27228383711184034,0.13866945638224598,-0.10119761777872904,-0.1397729263081053,1.1631432013947185,0.06605045083233514,-0.010593834383084894,0.827354438092632,0.10253078298080039,-0.28631951032517156,0.10278775730279582,-0.16718071675170765,-0.17183067035017738,0.5653843218877674,-0.05007199000214011,-0.06105915922336455,1.0530950114449702,-0.15296027835802886,-0.053656375837366585,1.48608905557706,0.01890002660305092,-0.18890142907715574,0.07022029239825041,-0.0019743232395110564,-0.03785223040438791,0.9172070668509562,0.09093945044372445,-0.07687297340686182,0.9121111303948415,0.10739088277086628,0.08538639165061161,1.4475990410037967,-0.03815828711084988
3.45168,0.022035110882202186,1.5049564501545838,-0.1301471839473319,0.08193955554916618,0.11425260428039519,-0.2919551576825779,0.1699609259167957,0.9970782298061729,-0.08389333753753474,0.2669879575963765,1.1523154250521852,-0.19846193569542794,0.24852785923935397,0.8159957216167095,-0.06985332840283578,0.017680701796739307,0.08078325324230844,-0.3168119313915114,0.1416889354550978,0.5470812740694432,-0.2133761009080586,0.034091500069714266,1.0490770143551742,-0.20977841546416612,0.19539687956109114,1.4825999093899704,-0.14838435002615744,0.15548262687653597,0.050190396608900276,-0.1872675042291193,0.249015663310029,0.9053490497649934,-0.09995115779250016,0.2784746104419388,0.9018140729467662,-0.12959538486770464,-0.2721920183995533,0.13888020117090236,-0.10119748739863323,-0.13959087297122535,1.1622260442979613,0.0651968402869874,-0.01483146830658411,0.8252202358349108,0.10456331139845249,-0.2862475866467593,0.10303777142737337,-0.16720421709786454,-0.1713327542424251,0.5654939947039982,-0.04988245278928913,-0.06037453119444623,1.0531418947533757,-0.15232994160066526,-0.053824914391236024,1.4854122884681284,0.01946114758380902,-0.18886935427965895,0.0702991567316475,-0.002026446553975435,-0.04083841964382055,0.9153547461286369,0.09239437238380041,-0.0802478866488959,0.9107225362848476,0.10801546985893268,0.08586459042996636,1.4477126685172663,-0.037764194531594936
3.46166,0.022320609612431996,1.5047806987596046,-0.12981240524746263,0.08192019996363392,0.11431107836153327,-0.2919523380632712,0.17056506380939934,0.9971045469121862,-0.08321289969940589,0.26688839926595215,1.1520114033640387,-0.1992539159515046,0.25258690004204787,0.8143848427102592,-0.07375672098947905,0.017675836374145725,0.08090049321235186,-0.3168800195484356,0.14169222356560002,0.5471227133948572,-0.21318468126726012,0.03477178217324265,1.0490824012132633,-0.20913973720392556,0.19589512742374138,1.4823176326022207,-0.14847714790107133,0.15536053376883818,0.05011213560189019,-0.1872543713534528,0.25208170972603805,0.9040408185023271,-0.10286771731394763,0.28099745609559995,0.9010069595942553,-0.13310424735565365,-0.27212288050280425,0.13908008231596986,-0.1011550443508071,-0.13951427483624596,1.1613772601920787,0.06436186498559299,-0.01906738552507894,0.8232823451690368,0.10661798316077185,-0.28619454609811745,0.10328700641952544,-0.1671829499861069,-0.1708584205631496,0.5656005728612075,-0.04961775409426093,-0.05972927703722032,1.053172771639303,-0.15171780386726144,-0.05400673184426334,1.484751947310375,0.01997107717553272,-0.18885521531636557,0.07038348815157741,-0.0020372268167605867,-0.043858607866781585,0.9136605888202118,0.09385442518168476,-0.08363003080814661,0.9094833110806555,0.1086707213290009,0.0863259491150953,1.447807734308163,-0.03738074588560401
3.47163,0.0226021909492081,1.5045834305176524,-0.1295368413059812,0.08196088910183491,0.11437915995878822,-0.29194756595098703,0.17120242637003188,0.9971193078301372,-0.0824918192403741,0.26681647587386886,1.1517319704255988,-0.2001123781767001,0.25656217615199717,0.8128826785360562,-0.07774775055543434,0.017729343419968097,0.08103274059695473,-0.31695635578353154,0.14182619443622912,0.5471674818151065,-0.21295617708404732,0.03551589909720525,1.0490901784426068,-0.20849445188328905,0.19637726254692997,1.4820386026861707,-0.1486040555661265,0.15529007864620334,0.050037668583827855,-0.18723602949210705,0.25512639163435574,0.9028209783069027,-0.10586529421112167,0.2834675078706917,0.9002646114001591,-0.13669239778071832,-0.27200309760284164,0.13926676503287536,-0.10110385979741492,-0.13955263610094867,1.1605594132470214,0.06347129344551836,-0.02324983900002513,0.8215146676184453,0.10865641371346642,-0.28609372805078226,0.10351582942533548,-0.16715116476322617,-0.17031706391634047,0.5656805765547408,-0.04929990028843772,-0.05903835730483245,1.0531972317588263,-0.151124623799636,-0.054235507810395024,1.4841031442065293,0.020382018714073136,-0.18879041824361673,0.0704656124483161,-0.002032675543844743,-0.0468723051117995,0.9121102889537461,0.09530776699634817,-0.0869913495949521,0.9083541911629966,0.10926456868130666,0.08676488685008407,1.447905579307468,-0.037025195656626424
3.48161,0.022865609556053726,1.5043639965319946,-0.1293088724771099,0.08203515381295048,0.1144444920734925,-0.29195085332128723,0.17187206616990153,0.9971159490051958,-0.08174099671269609,0.26675309376153683,1.1514865600313882,-0.20106340478110366,0.26048719512440194,0.8115084344894915,-0.08181467676440961,0.017810853952163332,0.08117162285499856,-0.31704989321340127,0.1420566660497094,0.5472088221458923,-0.2127319581982028,0.03632217122778501,1.0490961505557492,-0.20784565137010771,0.19683223815479645,1.4817713814508529,-0.14875863664716896,0.15524249131914966,0.04995902713355212,-0.18722202946750044,0.25816086915772785,0.9017066619631777,-0.10894348279509757,0.2858829810599794,0.8996006717125372,-0.1403759836161583,-0.2718626398925553,0.13945184210425374,-0.1010548263265415,-0.13971064633077415,1.1597596091312834,0.06250889235895554,-0.02732527532827045,0.8199056864687359,0.11062134084954411,-0.2859790060954969,0.1037352900773235,-0.16711997394033007,-0.16972115835906035,0.5657360226756034,-0.0489489950465309,-0.058301137651362016,1.0532141224597273,-0.15055041025498395,-0.054519709252851684,1.4834639236597436,0.020700386678024818,-0.18871093803037753,0.07054950846428762,-0.0020236488993331248,-0.04984308794540333,0.9106951946790358,0.09671338953194436,-0.09029556587989969,0.907314708890993,0.10974945585778799,0.08717061689888857,1.4480084445893902,-0.03669224742823501
3.49159,0.023104295176271303,1.5041414653021434,-0.129078993270122,0.08202652451142989,0.11450610914139348,-0.2919599189335597,0.1725036885154072,0.9971149741597333,-0.08100614018517223,0.26663566850852843,1.1512486138653248,-0.20210017426478977,0.2642468935640439,0.8102766160622308,-0.08583567834099701,0.017809267439726738,0.08130647420350985,-0.31715069077227553,0.14222786650011324,0.5472449651710843,-0.21255310132110664,0.037086198171083454,1.049082796479248,-0.20720892656995604,0.19725442189544068,1.481503236727903,-0.14888299856989728,0.15510160349387964,0.04988079280538952,-0.18721171461535582,0.2610605881798881,0.900702086075953,-0.11203277266975441,0.2881562898339122,0.89902942144434,-0.14403901359019836,-0.2718154226063905,0.13965411496995225,-0.10098600919223222,-0.13998407515772418,1.1590059141887117,0.06153344083623035,-0.031234493152823395,0.8184731848806005,0.11243333250815783,-0.2859636138703703,0.10397969798838612,-0.16706679866227564,-0.16917759722671077,0.5657930731731895,-0.0485735241885032,-0.05760112844936426,1.0532139008009866,-0.14998420436587218,-0.054831627618157124,1.4828467867250332,0.020985813985041162,-0.1887335932294748,0.0706484033890762,-0.001995485711214125,-0.05273402394758378,0.9094262812869577,0.09800157514212249,-0.09349242682017317,0.9063788782921035,0.1101276281763904,0.08753142390237525,1.4481012559256181,-0.03635498353006468
3.50156,0.0233545868960628,1.5039209733453,-0.12884750498659994,0.08202409903713356,0.11456430318706703,-0.29200771543601123,0.17314297414936455,0.9971011704284654,-0.08024752403816517,0.2665098948431173,1.151021094703874,-0.2032429322796645,0.2678866180912868,0.8091827603781624,-0.08981475772190835,0.017816564651321122,0.08143520370922547,-0.31728316007677293,0.1423892358080211,0.5472814723510834,-0.2124226381597228,0.03785170327273699,1.049062853833692,-0.20653621881393758,0.19767731772547537,1.481233155561881,-0.1489772642985089,0.154960206078588,0.04980323000091863,-0.1872333949776081,0.26388713158943633,0.899800633115156,-0.11513222974460884,0.29031357323772605,0.8985307286551891,-0.14771435524660792,-0.2717781142937483,0.13985556043603717,-0.10092164614088919,-0.14039069733749657,1.1583244407906652,0.06056802963851244,-0.035040180925467894,0.8172212124415367,0.11411830971801931,-0.2859587443664091,0.1042207471661148,-0.1670174565732039,-0.16862724241237134,0.5658413449154454,-0.048181680464061176,-0.05689412314646463,1.05320370742183,-0.1493778944458536,-0.055114173970587405,1.4822680118339029,0.02125208920902296,-0.1887544450862137,0.07075079874196104,-0.001978386336709164,-0.055594508858452574,0.9083111972039847,0.0992093001498113,-0.0966404557829471,0.9055536132801429,0.11038879291977724,0.08788622348811494,1.4481894786661853,-0.036004928348546676
3.51154,0.023640396224450765,1.5037034173861341,-0.12862110584600386,0.08210931659501136,0.11461583607568235,-0.29210906075755655,0.17384051107355497,0.997053076390428,-0.07941239825678713,0.2664283253168361,1.1508108869757778,-0.20447873913539033,0.2714740808620726,0.8082244333384189,-0.09372997932422536,0.017915270926978494,0.08155405875720759,-0.3174579870765694,0.14260210130173742,0.5473199625105466,-0.2123231058681633,0.03867368504888476,1.0490480905437747,-0.20577743680606728,0.19812153676044938,1.480963530109464,-0.14904862713093528,0.15490706497977016,0.049725223237823246,-0.18729903031505157,0.266714323035955,0.8989961962593088,-0.11822007770750714,0.2923881443549555,0.898078958625143,-0.1514205905727595,-0.27167480128793026,0.1400398016161123,-0.10087560524310138,-0.14092857461765562,1.1577292138219486,0.05964514521007394,-0.03878064791748578,0.8161531062576439,0.11576438754959364,-0.28588637565042435,0.1044297661266725,-0.16698697082658137,-0.16800898021267874,0.5658666405901863,-0.04776875194191177,-0.05612912174188962,1.0531892960116622,-0.14868651510238842,-0.055326577603434776,1.4817383701795264,0.0215039612215079,-0.18868118855995036,0.07084868668604098,-0.001986357055464739,-0.058455047393796145,0.907353445698285,0.10041815753145013,-0.09977850541685147,0.904839128899229,0.11056548335809396,0.08826221723638707,1.4482806641972548,-0.03563874149217544
3.52151,0.02390889353340276,1.5034970391116422,-0.1283726653297991,0.08213081474130295,0.11464807310368429,-0.2921983726402507,0.17452867217212706,0.9969729106403534,-0.07851716297431788,0.2663480808013575,1.150605610907468,-0.20567388057849068,0.27491854873825633,0.807433699019435,-0.09732437032406695,0.017953427131203747,0.08164547197035121,-0.3176159269484954,0.14273951551016248,0.5473451275102991,-0.2122286207461947,0.039468978481551294,1.0490171234686019,-0.20495391514718275,0.19853193135687472,1.4806955387814407,-0.149059620651892,0.15480500728324495,0.04964856634131123,-0.1873514454772885,0.26941637940787755,0.8983036279792361,-0.12112007025610344,0.2942868223179353,0.8976761840495024,-0.15494519073037497,-0.2716529770100966,0.14023025875256076,-0.10079011503091291,-0.14152141720288222,1.1572152948011152,0.05886721141805257,-0.04227082966517778,0.81529717591038,0.11747928054675855,-0.28590437277102326,0.10463986497523033,-0.16691510710949098,-0.16743759172680195,0.5658838410631687,-0.047304814395028476,-0.055381866735150415,1.0531564558603705,-0.14792019058478398,-0.0554940784232359,1.4812575463868296,0.02176981725955852,-0.18867871114298493,0.0709669747403584,-0.001948918266978395,-0.06118215958362917,0.90656127698908,0.10169051309850888,-0.10275284616229759,0.9042362141247223,0.11080408542132249,0.08860234294249743,1.4483647075915114,-0.035250611934153436
3.53149,0.024152313675614562,1.5033080375426702,-0.12810841948069326,0.08207309956630561,0.11466993016335626,-0.29228929303895645,0.17517572050344463,0.9968740048257504,-0.07762307551535301,0.2662542474428625,1.1504157106882713,-0.20684584525951435,0.2781632573761327,0.8067996372868118,-0.10064452682942816,0.017912785292973597,0.08171328749293548,-0.3177710486416346,0.14277478720198425,0.5473612640124854,-0.21216054350379188,0.04020806268198342,1.0489793941195387,-0.20411994622975105,0.19890372118779687,1.4804395838798226,-0.14901200784807453,0.15464121340782033,0.04958427564022975,-0.18740770555147573,0.27193716086310915,0.8977218898477193,-0.12386748139302205,0.2959781984176435,0.8973314893056009,-0.15829939489991227,-0.2717206867375694,0.1404296862694546,-0.10069081912700227,-0.14219552513519512,1.1567776831260532,0.05820081334737483,-0.045535996371317604,0.8146325960727273,0.11921572434409951,-0.2860222728286357,0.10485713595074359,-0.1668245015636435,-0.16693920227862963,0.5659020558563937,-0.04682439848993173,-0.054679746456160555,1.0531191080998665,-0.14712832463465741,-0.05562328592978503,1.480814423002121,0.022046374972034974,-0.18875744565088784,0.0711086991137605,-0.0018939200617012842,-0.06380049905465134,0.9059199188367435,0.10297527417069845,-0.10558336215721374,0.9037371224255623,0.11108811234693476,0.08890028868500703,1.448441178111375,-0.034855548551640775
3.54147,0.024410055567601986,1.5031417214658116,-0.12787057417817266,0.08207069591096015,0.11470830632618827,-0.2924685625641832,0.17579688695285908,0.9967757298171935,-0.07681620686938599,0.2661686124929448,1.1502753176324445,-0.20814352822120896,0.28118795903647226,0.80627515565956,-0.10399975765960062,0.017924343243292208,0.08178096419902547,-0.3180029725988044,0.14279792771474106,0.5473915405041483,-0.2121771920770168,0.040926453539531386,1.0489730699212476,-0.20334715117537452,0.19928341735824032,1.480214816145812,-0.14894801652435244,0.15454241499920485,0.04954926122700081,-0.1875513605275039,0.27429721198250767,0.8972371469440344,-0.12667629506001177,0.29749822666031295,0.897058700273026,-0.1616902310656501,-0.2717351907647062,0.1406164090008269,-0.10067994166946155,-0.1430612504794248,1.1564163457589942,0.057493830176031324,-0.04878562222521883,0.8140981661663467,0.12078542864664397,-0.28608771943546873,0.10505384339578229,-0.16681446381063336,-0.16644049999729477,0.5659210235309043,-0.04642075302970985,-0.05399218635921474,1.0531155718621226,-0.14638777379579265,-0.0556974149498249,1.480394702766656,0.022296538945012344,-0.18875953879646187,0.07125261382778354,-0.0019390140496669396,-0.06646930613259613,0.9053987403015474,0.1041232326922139,-0.10844007770010418,0.9033313090870817,0.11124972487354108,0.0892011777137638,1.4485198046765648,-0.034488695443149864
3.55144,0.02465187765321985,1.5030087098478948,-0.12765876819826352,0.08205832512295555,0.11475064680642509,-0.29267171877021153,0.17637920657624506,0.9966820348886094,-0.0760600675452422,0.2660538529175697,1.1501848623838784,-0.20946412477995274,0.28399458279129314,0.8058639295055006,-0.10726712010732402,0.017928541568467488,0.081843451205895,-0.31824606715762466,0.1427824249382851,0.5474310220710167,-0.21223646228300916,0.04161240128257655,1.0489740667852057,-0.20262554439559902,0.1996475152755771,1.4800182611074693,-0.14885916145977385,0.15444670023631168,0.04953349367055732,-0.18771550146113256,0.27647278784907814,0.8968442300777755,-0.129460043378078,0.29887075126706725,0.8968615524326343,-0.1650020527467237,-0.2717631450513971,0.14080354419653887,-0.10070339334505249,-0.14401655003484046,1.156114556476451,0.056785232585729054,-0.05193217398914027,0.8136832509787496,0.12225626265038272,-0.2861606965598596,0.1052436043417584,-0.16682934024734147,-0.16598408310083718,0.5659509670557268,-0.04607600313484819,-0.05333683776237665,1.0531260888722858,-0.14570358671028924,-0.055756713368894824,1.4800002976811273,0.022518175619976225,-0.18876290519956607,0.07140991841370861,-0.0020177108292783845,-0.06910568841552757,0.9049810166707666,0.10517126951201655,-0.11122909373944104,0.9030152430329674,0.11138828809100154,0.08946491581361456,1.448595811001381,-0.03415094531487637
3.56142,0.02484726978151623,1.5029109540764294,-0.12746262825044485,0.08196172577509647,0.11478318826877891,-0.29282253981797246,0.17692319259970163,0.996591230235081,-0.0752934495874204,0.26588699829918533,1.1501346000216697,-0.21066580990572403,0.2866025827099119,0.805566581290174,-0.11028527164799494,0.0178541830096663,0.08189486143571961,-0.3184273694934183,0.14269662075639689,0.547470617248056,-0.212284468461272,0.0422615539310611,1.0489540685367493,-0.20191705040682922,0.19997100618697103,1.4798438740116275,-0.14873360040890776,0.15428434068922522,0.049524227707564164,-0.18782683801958852,0.278451791637373,0.8965340040842016,-0.13209514954804885,0.30014055614790086,0.8967393097793386,-0.1680799178968386,-0.2718787929946705,0.14100734215419908,-0.10068872177481386,-0.14493113089652646,1.155854702117383,0.056146208342806966,-0.05485462856185725,0.8133827121894979,0.12373243897754868,-0.2863150937588234,0.10544687430610379,-0.16679923892327653,-0.16561641750988101,0.5660016588860709,-0.04575393727428314,-0.052721482854674345,1.0531242146084647,-0.145049008361813,-0.05584637744048035,1.479635818334611,0.022714929383585873,-0.18885786660249942,0.07159094889436413,-0.0020452787866144856,-0.07159392532520772,0.9046514321218295,0.10619098988493897,-0.11382390400561915,0.9027851174365491,0.11164520335187854,0.0896559365363649,1.4486689799021235,-0.03383261268283168
3.57139,0.025040438709367493,1.5028239277040243,-0.12729682362751826,0.08191017092089471,0.1148329404922652,-0.2929833217834098,0.17748895738884446,0.9965057414030188,-0.0745381106179542,0.2657484467899788,1.1501281490777273,-0.2117791615390106,0.28902151152996564,0.8053219997793335,-0.11325092738029122,0.017816649011796727,0.08195891130731082,-0.3186163512492722,0.1426294959050122,0.547522132704261,-0.21234920968551377,0.04293404420585616,1.0489443274316481,-0.20121167760383044,0.20029943057599198,1.4797047925772147,-0.1486096724529327,0.15418000702372484,0.04953187457115402,-0.18796322815955527,0.28028010076841114,0.8962809732602801,-0.13467448547858182,0.30140442912958965,0.8966926110706209,-0.17100102204677195,-0.2719382156980872,0.14121018209232453,-0.10069291224093653,-0.145832954716631,1.1556387235333831,0.05552001758419614,-0.05765143739159765,0.8131515333386251,0.12510384695393062,-0.28641821298307313,0.10565187183041513,-0.16679273595412814,-0.16526703655028774,0.5660692569291681,-0.04550019953777585,-0.05208194521580276,1.053131805207771,-0.1444045915352532,-0.055960023427103905,1.4792991130591602,0.02286317116038152,-0.18889892329818464,0.07176508856820495,-0.0020974125617501155,-0.07398176666947166,0.9043862886314065,0.1071202319536737,-0.11628583179060553,0.9026311540386088,0.11196175669761063,0.0898427578402951,1.4487659138186255,-0.033539279991056804
3.58137,0.025215428506182583,1.5027401361162336,-0.1271527122501945,0.08190163715512484,0.11490888285733812,-0.2931759959102315,0.17806418302479593,0.9964290519969033,-0.07381332907328969,0.26562789034939566,1.1501707996518937,-0.21284897693468172,0.29123356965285097,0.8050967057502838,-0.11629499152243425,0.017813809412393557,0.08204623808264862,-0.3188389359919775,0.1425875772433788,0.5475905077846407,-0.21243465561027658,0.04360689266269538,1.048960240298752,-0.20050966139373702,0.20061361054695878,1.4796090697454483,-0.14849142795669645,0.15412749673389764,0.04955873738373495,-0.18814642308080634,0.2819607340602755,0.8960712523546294,-0.13727420217302816,0.30264392587339306,0.896714349691843,-0.1738626182347074,-0.2719284558458116,0.14140654765043684,-0.10073392294574823,-0.1467832950513392,1.1554651242753706,0.05486367375416788,-0.06042661628534632,0.8129658957375476,0.12632233654523428,-0.2864575880270485,0.10585492813675745,-0.1668310274766467,-0.16494399785472513,0.5661554475229207,-0.04531352713677051,-0.0514365999942126,1.0531587683113126,-0.14375445586454677,-0.05612317553687771,1.4789916403077117,0.022967760687203614,-0.1888690981243724,0.07192409137012293,-0.0021970481008676654,-0.07634698166140629,0.9041716515610466,0.10793412365656958,-0.11870842358896906,0.9025381178846601,0.11226838684426331,0.09001721587929808,1.4488900536152,-0.0332629139501634
3.59135,0.025291326758676503,1.5026720622285237,-0.12699585276160755,0.08179272111813327,0.11499503081469523,-0.29335629082878534,0.1785592469343198,0.996364670162035,-0.07312577455450024,0.26541723181682964,1.1502671340097317,-0.21389720336309287,0.2931918901225954,0.8049004634854532,-0.11939563487284369,0.017717314254221628,0.08214839266985695,-0.3190506493225307,0.1424894147934311,0.5476697995326147,-0.21250469788351356,0.04417104797687873,1.0489930673166987,-0.199820781171496,0.20082368759165736,1.4795569274808513,-0.14834438524985222,0.15398111065364048,0.049595638374760935,-0.18831610670065413,0.28344349868633073,0.8959093085090366,-0.13989516561490598,0.303720760071783,0.8967916593246649,-0.17671704517605197,-0.2719849931823425,0.14160470067109154,-0.10076739090651643,-0.14783330373028133,1.1553276939020367,0.0541782692032452,-0.06322443402199161,0.8128311816910775,0.12742794125903442,-0.2865571323746662,0.10606229313221965,-0.16686329505536432,-0.16474063770120642,0.5662659952520144,-0.04513186734189034,-0.050891425383812354,1.0531964157082054,-0.14309262224530617,-0.056392605081592155,1.4787224429573376,0.02306396502151505,-0.18890123612311657,0.07208503143587162,-0.0022862955583232434,-0.07874464427480199,0.9040076883506057,0.10866252371818795,-0.12115853933869972,0.9024888138762095,0.11251926690060671,0.0900861460241978,1.4490183374851522,-0.03297964201068828
3.60132,0.025290037104414485,1.5026058058102418,-0.12680717802523472,0.08168897127485825,0.11508827145121267,-0.29349692133033056,0.1789951888409385,0.9963080643626321,-0.07246985217202873,0.26512658548281975,1.1504186251564013,-0.2149530810461754,0.2949862714714886,0.8047483640720462,-0.12255865042910158,0.017630120611453984,0.08226079209234638,-0.31922496032543374,0.14240501532062777,0.5477574626527233,-0.21252563714403327,0.04466017255126907,1.049056375559367,-0.19913864533576178,0.20093897389403986,1.4795462544860263,-0.1481774877913319,0.15383951831426615,0.04964227007540232,-0.18845048828011604,0.2848100822379536,0.8958053973384789,-0.1425454270222963,0.30466418606906753,0.8969269780221744,-0.17960025260996923,-0.27203080270481145,0.14178779772037609,-0.10076293947105742,-0.14895224189148354,1.1552234426885448,0.053480288332588444,-0.0660538920858152,0.8127338688850101,0.12843174949023484,-0.2866412789761459,0.10626029422866302,-0.166858000695598,-0.16458911535707557,0.5663793973554094,-0.0449034311218118,-0.05041777487686863,1.0532550427680765,-0.1424288406083866,-0.056744009516054086,1.478498541722951,0.02316150509302069,-0.18892144355787838,0.0722332795649363,-0.0023354874099797366,-0.08117807390068697,0.9038929379936192,0.10933078498048181,-0.12364095641758796,0.9024756087330146,0.11269078088227284,0.09007901840784248,1.4491544489251558,-0.0326581086546371
3.6113,0.025257419945994255,1.5025238879621066,-0.12658784344263238,0.08171365330105605,0.1151896025643605,-0.2935938159346039,0.17940744025624408,0.9962566131883404,-0.0718511324155344,0.2647921019905915,1.150611907935555,-0.21603216807336664,0.29673555983847555,0.8046495523826294,-0.12576578396647234,0.017667783391070547,0.08238033006881687,-0.3193603312179035,0.14241692194270475,0.5478492827624514,-0.21247687575650384,0.045123902815540046,1.0491577938833356,-0.19846856001767005,0.20099559002996362,1.4795683386165632,-0.14801884873052495,0.15381822260867561,0.04969745879632247,-0.18855512673878802,0.2861619995378909,0.8957619035477695,-0.1452096354252262,0.30554217964121905,0.8971160846081218,-0.18251323541431233,-0.27196951009448345,0.14194033594409983,-0.10071195764841787,-0.15010019190878282,1.1551510908406035,0.052779267013278605,-0.0689180419932872,0.8126668691433079,0.12936470290667063,-0.28661829456525917,0.1064361168173285,-0.16680940342715292,-0.1644004079109468,0.5664725214189194,-0.0445947828264327,-0.04996835141776994,1.0533430748052321,-0.14178222530130635,-0.057139100027459665,1.4783191486927774,0.02325030909861701,-0.18883858976677081,0.07235098878448379,-0.0023411048833303495,-0.08364182405825075,0.9038274846304347,0.1099744866310513,-0.12614805586038855,0.9024974652112866,0.11278648333003755,0.09004937596152887,1.449305155616087,-0.0322868577780518
3.62127,0.025178727691312856,1.5024329402171333,-0.12637399173494954,0.08173513448856604,0.11529300600348578,-0.29367904355470587,0.17972989268926046,0.996222665945511,-0.07132523928119994,0.2643771579629024,1.1507959586802297,-0.21709159429358452,0.2984515014715389,0.804594872008916,-0.1288571253598671,0.017699220369620353,0.08250079498810262,-0.31949400654804705,0.14245660577149274,0.5479311526844625,-0.21236822021672605,0.04547573883692153,1.0492609879022448,-0.19787364180507808,0.20097964036893992,1.479598924009546,-0.1478942751000508,0.15378169243410947,0.04974621025269537,-0.18865587071142298,0.2874781880244605,0.8957550780535466,-0.14776759687430888,0.30630884666675123,0.8973163493259055,-0.18534856274347344,-0.2719133873809943,0.14207886705836104,-0.10064340580025812,-0.1512941535124058,1.1551105509873862,0.05206001791098855,-0.0718074127562167,0.81266499766691,0.1303396539232739,-0.2865969286344174,0.10660123273603593,-0.1667529901317603,-0.16422697643588036,0.5665493681468298,-0.04420946781872547,-0.04961555423842896,1.0534398011440156,-0.14118598357714854,-0.057594478292225124,1.4781680786007207,0.023300293602139026,-0.18876917957602907,0.07244943901638391,-0.002330140293559433,-0.08613695501756082,0.9038192422157695,0.11065819340402035,-0.12868051186086416,0.9025590688139543,0.11285633711867744,0.08996592890861792,1.4494504814072529,-0.03191793110110411
3.63125,0.025084054689401673,1.502343073078745,-0.1261528559197338,0.08171024958178931,0.11539455109775928,-0.2937736947253505,0.1799492477537607,0.9962074499968784,-0.0709070612765203,0.26386740431758643,1.1509404502093823,-0.21811773782516264,0.3001640514686738,0.8045754374313264,-0.13177266363967866,0.0176863168371031,0.08262033415573722,-0.3196436569837356,0.1424878661439986,0.5480011349457324,-0.2122217188665007,0.045698853606955706,1.049361347291439,-0.19737083911433315,0.20092745453420457,1.4796154190664446,-0.14778702638805266,0.15368797574394666,0.04978665272723127,-0.18876181156435298,0.28876165205812343,0.8957631777866254,-0.1501858121617188,0.30693325989889264,0.8974932837944684,-0.18808630148213346,-0.2719034695050416,0.14221000996548247,-0.10056862346394878,-0.15249623045804855,1.1550961687863461,0.051341165770358375,-0.07468374730021184,0.8127478365607365,0.13146732113931894,-0.286616332466513,0.10676256560131962,-0.16670020058640164,-0.16408389872311135,0.5666137343026202,-0.04376915325601021,-0.0493758464229733,1.053541657627137,-0.140652148119064,-0.05807905949045944,1.4780388472247705,0.02333033505076176,-0.1887539363438142,0.07253804256096454,-0.002311620370055967,-0.08863282853827203,0.9038751803818421,0.11145726663857276,-0.1312048688377804,0.9026600375039355,0.11295759717927935,0.08985182161531843,1.4495800110853536,-0.0315471290400792
3.64123,0.025054403050075526,1.5022637016851763,-0.1258653999784928,0.08172675941696883,0.11549191950068942,-0.29387661309750307,0.18011996618724932,0.9961977934662055,-0.07056233500939242,0.26328793205964235,1.1510431102688436,-0.21913038629487627,0.3019171096674665,0.8045853125630587,-0.1345598359590883,0.017723548925394544,0.08273873944149658,-0.31979644895101933,0.14253229904419984,0.5480698216097839,-0.21206639113193812,0.04586715847512466,1.0494893211730112,-0.19692351194817664,0.20092768871763975,1.4796019062364925,-0.14764473244420703,0.15363144509780788,0.04983181638458699,-0.1888587858250433,0.2900460093152435,0.8957725019956726,-0.152518738905636,0.3074165952046728,0.8976293273976005,-0.1907899245539547,-0.27187415340915316,0.14232323087474916,-0.10047394037914024,-0.15360743511141445,1.1550970111419299,0.05067472835152665,-0.07746960255559196,0.812910562407554,0.13281444930519085,-0.28661182745817876,0.10691439119276779,-0.16663000444488074,-0.1639287813050695,0.5666636779762072,-0.04331060016724728,-0.04919090090915949,1.0536642596832055,-0.14017124723863714,-0.05850798754361611,1.4779368048456079,0.023403941868271116,-0.18872211212353654,0.07261719428433494,-0.00227012147759936,-0.09105614669850332,0.9039984563998696,0.11243073851611916,-0.13364245797661997,0.9027935119846123,0.11313487518167546,0.08979432722632785,1.4496966979989099,-0.031111906145548002
3.6512,0.025091646382636973,1.5021982977293502,-0.12554795410289932,0.0817657597980768,0.11557397784244962,-0.2939664522881143,0.18024719088894914,0.9961830715842293,-0.07026065756001432,0.26265039819839914,1.1510995643825703,-0.22014154566600969,0.3036645999455194,0.8046081484110027,-0.1372390416259582,0.017785920402526505,0.08283477173823445,-0.31993529281411065,0.14256763263965522,0.5481321695052093,-0.21191918402024507,0.04599185847351627,1.0496194908040564,-0.1965180391941198,0.2009750706173984,1.479558932650364,-0.14748987265517102,0.15360004225059076,0.04988138034305194,-0.18893173484338485,0.2913056432747183,0.8957752054416486,-0.15477514296382108,0.30776894498139884,0.8977250854596927,-0.19344730322786452,-0.27183884174112655,0.14241541547462097,-0.10035296604563529,-0.1546790582717612,1.1551069564234366,0.05000330258406804,-0.08019319523865089,0.8131477360572529,0.13430639611813547,-0.286596065341654,0.10703799839531034,-0.1665315862831885,-0.1637848619451127,0.566698888807995,-0.04286329151460385,-0.04904806024334975,1.0537895074524437,-0.13972960962603825,-0.05889252572997899,1.4778437000130944,0.02348837493781879,-0.18868094791639597,0.07268227637785174,-0.0021982380286479264,-0.09343942586571749,0.9041798269531748,0.1135049954528059,-0.13602652213378322,0.9029565678923405,0.11334588125015917,0.08978723584329866,1.4497962182053359,-0.03064558738770742
3.66118,0.02516752728007632,1.5021593115511256,-0.12526238307104354,0.08178738045761035,0.11563465410340752,-0.2940342704409876,0.1803198190177104,0.9961681483685421,-0.0699948600460041,0.2619690244047449,1.15111398361172,-0.22114551683050776,0.30535155476747844,0.8046365805141524,-0.13980802255262442,0.017825507604029102,0.08289214653205444,-0.32005640660114326,0.14256098041647233,0.5481872811417776,-0.21180614026210612,0.04606133119907416,1.0497185037544416,-0.19616829271153935,0.20103971846439686,1.4794982090010373,-0.14735400074384306,0.15355751917279536,0.04993293298915231,-0.18897954108129691,0.29250247693744996,0.8957724504235456,-0.1569473315709737,0.3080009703448668,0.8977896668955628,-0.19602334957539438,-0.2718265980024853,0.14248949233928365,-0.10021191456573847,-0.1557765735148277,1.1551234196650708,0.04924914008772453,-0.08290955216221875,0.8134530642668486,0.13583390963420827,-0.28659671795441627,0.10712076281419158,-0.16640944228532434,-0.16369331889705008,0.5667289200497247,-0.04247403964004936,-0.04895344888045298,1.0538943824807607,-0.13933444409484436,-0.0592659386443021,1.477744199203697,0.023526744168966194,-0.18865648099906648,0.07273139029081852,-0.0021002126844253707,-0.0958370343170804,0.9044030233792747,0.11456704264010623,-0.13841135391837706,0.9031424273912755,0.11350562847288594,0.08978646065107311,1.4498759722297485,-0.030212124275121315
3.67115,0.025273777127692403,1.5021908231882455,-0.12501970998617726,0.0818368367481572,0.11569187098929136,-0.2941274057592027,0.18034834868839592,0.9961953181914095,-0.06981512011003696,0.2612921955754873,1.1511181260339935,-0.22208883187354433,0.3069930800510832,0.8047005646402332,-0.14221427083863966,0.01789025744415917,0.08293396502204153,-0.3201935157928686,0.142510131696896,0.5482649408628226,-0.2117937430374302,0.04608641057070322,1.0498030821301771,-0.19593345604757748,0.2011452320591266,1.4794421562129083,-0.14719870093892407,0.15354474094015017,0.04999525616909617,-0.1890374473280587,0.2936273744608721,0.8957830720585421,-0.15902058736958155,0.3081130261168871,0.8978328630534113,-0.19849089758365587,-0.27180319349865734,0.14255326503738155,-0.1000815431985042,-0.15679717885363068,1.1551468673138319,0.04842912979880451,-0.08557791308243844,0.8138129667060147,0.13735040436637222,-0.28657862718257693,0.10718115567226312,-0.16629551433187947,-0.1636585930264509,0.5667869005881824,-0.04224968610170627,-0.048902715080191145,1.0539851837754053,-0.1390574578593265,-0.05959270721578166,1.4776628065025372,0.02352049296358886,-0.18862107642955597,0.07277491625362377,-0.0020009272883472324,-0.0981974353333178,0.9046453906696871,0.11555084877856989,-0.14073535040235402,0.9033261365332574,0.11352058608728098,0.08976723859548917,1.4499472349228257,-0.02983858484739761
3.68113,0.025391509762639715,1.502290357979372,-0.12481885450125345,0.08190841193330417,0.11574620562294764,-0.2942467337467007,0.18034218687162146,0.9962616142203463,-0.06970850102228676,0.2606307685781575,1.151131297912573,-0.22296397104266172,0.30859866767175786,0.8048081842074246,-0.1444840673044149,0.017976982477228762,0.08296971970505705,-0.32034353306772184,0.14242349263402818,0.5483645727188672,-0.21187209103692947,0.046086966322207164,1.0498806077812948,-0.19580105993101682,0.20127543551680768,1.4794022689807855,-0.1470239123020987,0.15355323680238836,0.05006242894210161,-0.18910449088498307,0.29469292447945045,0.8958158066935556,-0.16101365738259457,0.308120795593031,0.8978674015683364,-0.20086056266285474,-0.27177296775722154,0.14260627587888192,-0.09995869712842881,-0.1577025437641536,1.1551776629699948,0.04756505046397602,-0.08818759720596504,0.8142004712395214,0.1388072351306846,-0.28654802718101097,0.10722784567013131,-0.16618575470587954,-0.16368132805523447,0.5668754185644033,-0.04218066409262263,-0.04888321851020304,1.0540681701749828,-0.13889770686875014,-0.05988212623721952,1.4776128319750106,0.023470348103191443,-0.18858116780816353,0.07281053891581357,-0.001898213794440801,-0.1005015421023365,0.9048914132166848,0.11642935582286733,-0.14297298564359212,0.9034916902687846,0.11336224565335126,0.08971905643270844,1.4500191179500161,-0.029523353647787826
3.69111,0.025488718385740346,1.5024021666240748,-0.12465885405626766,0.08193425800958147,0.11577837025879772,-0.2943367543938484,0.18030560909375495,0.996313225437072,-0.06959491316427995,0.25995781493725223,1.1511516272134557,-0.22380413363287566,0.31014007416945827,0.8049349540702987,-0.14670157831231082,0.0180174662005539,0.08298871584682228,-0.3204605986071363,0.1423181219487018,0.548449457935038,-0.21194595605808805,0.04608490611643649,1.0499398336640227,-0.19568465768763682,0.2013671522116095,1.4793752901483748,-0.14688212992631322,0.15351711146893168,0.050113387468825064,-0.18913877391028355,0.29571266343797564,0.8958632761836931,-0.1629524618411331,0.30806140357552136,0.8979079006476783,-0.20314666400185988,-0.2717854351565541,0.1426390038873821,-0.09980480986540079,-0.15854051099618766,1.1552143956880143,0.046675958274584636,-0.09074238607076693,0.8145761588008104,0.1401374906901635,-0.28655876665225083,0.10725353648886449,-0.1660385963011698,-0.16375990658621872,0.5669603428126815,-0.04212909960529575,-0.04887741192941791,1.0541432312359202,-0.1387735624183156,-0.060197709963650536,1.4775881342962438,0.02336573031971379,-0.18858149988542403,0.07282154106521421,-0.0017622738765604607,-0.10275117206277438,0.9051337735101319,0.11720410661356571,-0.14512766155299742,0.9036377395937306,0.11308445112023074,0.08964381588266532,1.4500945773472869,-0.02924695240638113
3.70108,0.02556300841144738,1.502518784535947,-0.12455142059144425,0.08195090428097761,0.11581006865262007,-0.2944091522935485,0.18024961482594723,0.9963618636323773,-0.06950783421519544,0.2592950157124087,1.1511661635459225,-0.2245396838671855,0.3115619012744304,0.8050578849396568,-0.14878425710165744,0.01804483564868393,0.08300853686522615,-0.32056023645775417,0.14222990711297673,0.5485236626867975,-0.21199417918094085,0.046075358835406324,1.0499912319880687,-0.19561096226152788,0.2014342422708558,1.4793528736081611,-0.1467756590162132,0.15348094839589188,0.05016135583902582,-0.18916197323573863,0.29663421734787426,0.8959098152216254,-0.16474788215130506,0.3079984685543486,0.897962055006032,-0.20523207707963198,-0.27179866459723206,0.14265703599871407,-0.09963684356582575,-0.15926458371037577,1.1552486393982861,0.04581163533327691,-0.0931173854572763,0.8149335343354168,0.14134761706654267,-0.28656839809864854,0.10726671816018593,-0.16587578418193233,-0.16384722220779574,0.5670327690760542,-0.04206711051483982,-0.048882278460608934,1.0542127830534846,-0.13869983989193524,-0.060542340415232335,1.4775862985462396,0.023205947828326898,-0.18857600873928637,0.07281426087294818,-0.001614758291172761,-0.1048123683961263,0.9053708687597061,0.11789258376906916,-0.14708039630478228,0.903781683804425,0.11279763121979301,0.08954282484628533,1.4501742199918863,-0.02902268712837543
3.71106,0.025619724726887082,1.5026499237896804,-0.12449855664728289,0.08200984914806639,0.11586488771980734,-0.2944848504103814,0.18017145395580927,0.9964368122176052,-0.06950571533127864,0.2586608033024653,1.1511631147244334,-0.22510414017800082,0.3127918660400525,0.805148165816287,-0.1506715820069595,0.018109791737034173,0.08304598323106768,-0.3206646644681923,0.14218502524063617,0.5485998143883366,-0.2120195440801681,0.04603167194265441,1.050044193697671,-0.19563239941587784,0.20150706624910197,1.4793225949862046,-0.14667435334673454,0.1535030723831163,0.05022292211090499,-0.18920253596013048,0.29738644867306685,0.8959334833735018,-0.16634023441261422,0.3079608975067044,0.8980258580957046,-0.20703796860521204,-0.2717633035672422,0.14266718619371502,-0.0994763047749351,-0.159838629841817,1.1552734130050735,0.04500081309386846,-0.09524298979071219,0.8152673274848231,0.14243703339919683,-0.2865271184263072,0.10727627059909646,-0.16572511830736772,-0.16390404820734086,0.5670924490542567,-0.04199818734720813,-0.04891814559425876,1.0542736993221997,-0.13871727564418485,-0.06090860249753721,1.477603287240765,0.022997005901691844,-0.18851462357185017,0.07279968334881265,-0.0014798829314000268,-0.10660210087033359,0.9055959153885907,0.11849448946427174,-0.1487631629209734,0.9039413260647697,0.11257463033986345,0.08940974076222931,1.4502517465658118,-0.028860858811505196
3.72103,0.025644272710074332,1.5027831607039224,-0.12445880660678782,0.08205843034279038,0.1159143812875738,-0.2945159764321098,0.1800209837282264,0.9965237281096719,-0.06955931804196766,0.2580044102256493,1.151147814434333,-0.22557457035505443,0.3137281607464417,0.8051553367757175,-0.15257110377716232,0.018169943835892138,0.08307578030091202,-0.320728630672497,0.14215778138781163,0.5486562633677894,-0.21198680326802843,0.04590278697577959,1.0500740258325625,-0.1957155762684012,0.20155395947948396,1.4792673139368862,-0.14652975889469863,0.15352665902950793,0.050276225199911664,-0.18921944946980274,0.29792477231949693,0.8959046901206219,-0.16788894423434136,0.3078459242272752,0.8980714107777462,-0.20874882133390768,-0.271736706395493,0.14265863640540055,-0.09928293134003746,-0.16038175934138435,1.155295138864757,0.04418122693249478,-0.09735315300343983,0.8155263499213988,0.1432704018098971,-0.28649869858842025,0.10726973778516258,-0.16554593017865785,-0.16397429032309083,0.5671261820593937,-0.04185802814123888,-0.049050455466206996,1.054303011474821,-0.1388035482924497,-0.06134169948305085,1.4776242289865928,0.022751619180103544,-0.18846251793378027,0.07276992700138674,-0.0013200849456047352,-0.10834311063057597,0.905777807837134,0.11893164915415537,-0.15039783270895377,0.9041093597333906,0.1123143337711474,0.08921999260900637,1.4503034911472523,-0.028719854462797855
3.73101,0.02563025328953185,1.5029204756976722,-0.12442264127652986,0.08207755824044154,0.11595399750657896,-0.2945179980306624,0.179774459368751,0.996619729676267,-0.06966636517030009,0.2573237528222116,1.1511354109875076,-0.225977831521835,0.31431283919175573,0.8050662691371007,-0.15456959147425517,0.018208007795670642,0.0830975328933017,-0.3207692753922564,0.14212966174369887,0.5486950433976807,-0.2119201566824044,0.045670405438353476,1.050082370811869,-0.195855634224723,0.20156257250468712,1.4791984618480851,-0.14632472371643196,0.1535278378400715,0.05032208257269763,-0.18922604514115154,0.29822196607571644,0.8958200501846432,-0.16946330262889792,0.30761078000622366,0.8980980928227055,-0.21044695977656283,-0.2717497371657912,0.1426321970587935,-0.09907681910229135,-0.16092895112201713,1.155325509285687,0.043328286463262915,-0.099524683461454,0.8156953750761787,0.14376820537305357,-0.2865127984002895,0.10724950309694858,-0.16535339353419323,-0.16408347391054043,0.5671348739162172,-0.04165185533907968,-0.0492985687874926,1.0543047609327587,-0.13895804753032603,-0.061865815871504026,1.4776540033803158,0.022462236498557518,-0.18845289719624547,0.07272600236476577,-0.0011501893787696773,-0.11011703543381988,0.9059094114766731,0.1191503656692081,-0.1520751575654151,0.9042833120510817,0.11196846611539792,0.08896455954930493,1.4503296625202793,-0.02858395871463448
3.74099,0.025585319034131616,1.5030796793038634,-0.12442100719741211,0.08210576356289662,0.11601118530571687,-0.29457579785396987,0.17945101580902237,0.9967390628117533,-0.06986295755389094,0.2566872182301858,1.1511444344652875,-0.2262518707483344,0.31454410488321993,0.8049129483709021,-0.1565407842751027,0.018253844720039585,0.0831404310903982,-0.3208707895582334,0.14210112504195793,0.5487463687880731,-0.21190486200410055,0.045360424728783696,1.050101440386321,-0.1960881147044635,0.20155382013971757,1.4791555583616802,-0.14607935756775284,0.15354298548087475,0.050389889439542174,-0.18929519744971868,0.29826725090219053,0.8957044283213763,-0.17096891646354156,0.307304573912716,0.8981351136276535,-0.21202884205371897,-0.27178019533081826,0.14260198073977035,-0.09894236455259914,-0.16139348205021695,1.1553769325720695,0.04248790481037428,-0.1015927385471694,0.8158071446550638,0.14395183511529666,-0.2865373398815297,0.10723360921126182,-0.1652244337342404,-0.16421795866099684,0.5671346924104563,-0.04146575916648746,-0.04962014983800719,1.0543119181545635,-0.13920838655232912,-0.06246433872294096,1.4777181881090131,0.022104171193357166,-0.18845892208157944,0.07268124602673397,-0.001041764745381044,-0.11178363016723897,0.9060129422520954,0.11915120749650994,-0.15367571831492047,0.9044682863840092,0.111587408903428,0.08865736300944098,1.4503562398399215,-0.0284751829893358
3.75096,0.025521259227540834,1.5032397534456265,-0.12442927738941884,0.08215180080111409,0.11605791142530468,-0.2946153084567887,0.17907595867021323,0.9968551575135137,-0.0700880227544721,0.2561046361944582,1.1511555202934258,-0.22637760397062717,0.3144823699279854,0.8047024638331101,-0.15837912377730887,0.018323327116369133,0.08316493459986127,-0.3209526841746111,0.14206594347690515,0.5487875800605271,-0.21188575983828137,0.044996342612917406,1.0501032215029766,-0.19635785561844465,0.20153077100440087,1.4791211998273306,-0.14577665246503765,0.15358487887274902,0.05046126847539985,-0.18934390511990168,0.29810926517670716,0.8955477587636049,-0.1723325358834742,0.30691574150758144,0.898155046962501,-0.21343667421136564,-0.2718105476001727,0.1425481852146591,-0.0987879449648618,-0.16181356898128835,1.1554417465598747,0.04170428988018889,-0.10360721372329951,0.8158812192425349,0.14396421216003585,-0.286559121977553,0.10718808739732327,-0.16507184438045652,-0.16436977289845656,0.5671113298248632,-0.04125144489448996,-0.04999637710450691,1.0543023901898825,-0.13949716751797037,-0.06310902982932481,1.4778036652239885,0.021703803635234074,-0.18846715144359732,0.07262970981950954,-0.0009074805808413827,-0.11340359855851603,0.9060917311935786,0.11904461341770049,-0.15524545235063905,0.904652574875349,0.11120026079911653,0.08830725402773953,1.4503642152585832,-0.028373465316297534
3.76094,0.025441905743672142,1.5033772292091827,-0.12441885778105717,0.08220428997078456,0.1160636323623427,-0.294569899321169,0.17867211684542247,0.9969401757842473,-0.07028073675225753,0.2555630888410046,1.1511532213161126,-0.2263846686406235,0.3142282352774406,0.8044493646165719,-0.1600394765720423,0.018412604853221163,0.08313023305309415,-0.3209432061692886,0.14201312288685836,0.5487926247242378,-0.21180754518800504,0.044598438549151145,1.0500561691528145,-0.196607301727182,0.2014836424773814,1.4790724094080383,-0.14540987001439015,0.15364360091883902,0.05051551490661267,-0.1892990732366277,0.2978284857621469,0.8953485806256275,-0.17353352928091167,0.30643256438452154,0.8981325510462758,-0.21467163089784436,-0.2718357689951771,0.1424532233291761,-0.09853283460069293,-0.1622582265732205,1.1555072519537781,0.04099790066626762,-0.105656577729665,0.8159309563659156,0.14394967204655623,-0.28657854490056706,0.10708214852272371,-0.16482074951539405,-0.16453868488188234,0.5670518097507694,-0.04096631027042443,-0.050416207253227666,1.0542494177622657,-0.13976854804365516,-0.06377315913435215,1.4778871507512823,0.021294210661682942,-0.1884781610161127,0.07256643621756587,-0.0006710727989787265,-0.11507091281673243,0.9061464422956618,0.11894325668548958,-0.1568558253605058,0.9048226870870415,0.11081592546370457,0.0879200941690295,1.4503307183935636,-0.028258971216160066
3.77091,0.02532424471809418,1.5035170921461645,-0.12443295780693266,0.08224033797086344,0.11607291653347626,-0.29462898382554603,0.17825463188870555,0.9970217372697262,-0.07052155216588908,0.2550801697603918,1.151188139919654,-0.22637463252620474,0.3139168936024612,0.8042325159258844,-0.1615834764873339,0.018483434031318146,0.0830936874668468,-0.32103810474445704,0.1419295918700979,0.5488039600799535,-0.21182240618766476,0.044189747618494195,1.0500084330306112,-0.19690281648568256,0.20139441758025312,1.479054899254015,-0.14506347178382978,0.15368145875529662,0.0505955234221692,-0.18934549010732318,0.2975168021697889,0.8951856003239816,-0.17464460749124763,0.3059440904990446,0.8981327280553617,-0.21580887458054068,-0.2718758407312528,0.1423569892796131,-0.09838951510145644,-0.16269019244151411,1.1555744476951706,0.04033740578377185,-0.10758544915429724,0.8159742267834916,0.14388964425476367,-0.28660295745563885,0.10697165304786832,-0.16467621854410877,-0.16473358544993807,0.5669929037241873,-0.04078785467583829,-0.05084696366009715,1.054195176117301,-0.1400926466273598,-0.06443924172976294,1.4779722939118944,0.020858599513778265,-0.18850889684076175,0.0725189128104477,-0.0005243483181219681,-0.11664667319016678,0.9061991889441293,0.11881350080196268,-0.15837612376401067,0.9049830116905967,0.11042900972316987,0.08750733452032418,1.4502891315963258,-0.02817750562122562
3.78089,0.025168525696486095,1.503662781497579,-0.12446871214427499,0.08225234962740967,0.11608817354338193,-0.29479536684220475,0.17782852506681454,0.9971012036744915,-0.07080895551542751,0.25464181413172376,1.1512605291891407,-0.22637490842555683,0.31360695094894914,0.8040727681033176,-0.1630047452041977,0.018525346091399,0.08306142620576015,-0.3212433141655149,0.14180812101156298,0.548825291840728,-0.21194171118148988,0.04378433372804832,1.0499696733575792,-0.19724602549944936,0.2012612304530065,1.4790726545808328,-0.1447669282983212,0.1536848924685385,0.050702414965858006,-0.1894807877540301,0.2972122116863028,0.8950798937507412,-0.17566967999282712,0.3054810411713988,0.8981689142925287,-0.21685560824409128,-0.27193630440723227,0.14226361448827451,-0.09837397282440921,-0.1631104107124267,1.1556466715957303,0.039718714084379776,-0.10934550371201182,0.8160286008771397,0.14380597111057636,-0.28663204689457994,0.1068610927615208,-0.16465245138876247,-0.16495970759339965,0.5669414112646877,-0.04074089772200694,-0.05127412566047554,1.0541499777596224,-0.14047363087934733,-0.06508810571691095,1.4780567148759822,0.02042003184314017,-0.18856344686733756,0.07249209774609078,-0.0004762125596253207,-0.11809048019895883,0.9062663102267925,0.11866835791276159,-0.15977054204940047,0.905144299999963,0.11006787732374643,0.08708392868423562,1.450248742505477,-0.02812900645412147
3.79087,0.02500634930972284,1.503784367062674,-0.12446436894067904,0.08225361378833144,0.11605374995654129,-0.2948278815940446,0.17739255317857586,0.9971418646594175,-0.07102779054067916,0.254199853081263,1.1513043556515217,-0.22631959115323402,0.3132690492864521,0.8039176916308595,-0.16419404597322254,0.01856664441016518,0.08296717814063545,-0.3213144229681861,0.14165155940698335,0.548806488195941,-0.211988245946754,0.04338771816274354,1.0498938082241018,-0.1975452842813005,0.20110242606004095,1.4790725235443993,-0.1444751909365054,0.1536753458138402,0.050780628804342524,-0.18945936063254035,0.29689407264451745,0.8949748347746376,-0.1765135773412828,0.30499508009579923,0.8981813987341651,-0.21772434554968773,-0.2719987781780054,0.1421289794982303,-0.09823982312421316,-0.16357832979259826,1.1557270748266968,0.03917639929099139,-0.11104483974613284,0.8161092933549596,0.14379030908276477,-0.28665391148506797,0.10668539487662734,-0.1645104179478902,-0.16521356020899977,0.5668633066364933,-0.04064646203796752,-0.05170446052541178,1.0540771914399338,-0.14081973991506475,-0.06569452310629596,1.478127472051243,0.02004984120870348,-0.1886245985888998,0.07245978767800353,-0.00029517854101218394,-0.11950800084309907,0.9063523117900933,0.11859466184567677,-0.1611392582121496,0.905318789595541,0.10979261250922105,0.08666848379259624,1.4501825325815794,-0.028055848519305343
3.80084,0.024836164490927622,1.5038952216736787,-0.12447322857568446,0.08225814209321551,0.11600235415717512,-0.29483690585760686,0.17695139418677452,0.9971685029550283,-0.07123397187439197,0.2537644365017381,1.1513396579037056,-0.22625498693743695,0.31296377569217704,0.8037986086579026,-0.16519722468278886,0.01861779594472554,0.08284637659751898,-0.3213623648844381,0.14147910855904297,0.5487737303186695,-0.2120368880278458,0.04300082382017514,1.0498096668995678,-0.1978456318474832,0.2009203992226031,1.4790775808502545,-0.1442280619733905,0.15367255780215525,0.05085282333009853,-0.18940219865788427,0.2966003721724698,0.8948906089280654,-0.17721717252958138,0.3045276926853356,0.8981989292194651,-0.21845702835640723,-0.2720413673850352,0.14197269603961238,-0.0980944244329521,-0.1640825006714963,1.1558245658988036,0.03864065506642033,-0.11269129973335572,0.8162269479176609,0.14379206215684673,-0.2866522053654925,0.1064789355297869,-0.16435881699713828,-0.1654863607328132,0.5667793079878217,-0.04058027954200039,-0.052127742001051046,1.0540000824862792,-0.14117159497670917,-0.06626687240693449,1.4782027607862187,0.01968929057417727,-0.188659921757114,0.07242241858276922,-0.0001018246019779242,-0.12089878387067383,0.906466390973572,0.11853268951094766,-0.16248300585847936,0.9055125467198197,0.10952735538126265,0.08625542272456402,1.4501101467334323,-0.028005070686861807
3.81082,0.02463745146756998,1.5040147308009362,-0.12455333175933367,0.08227302955746639,0.11598457326123017,-0.29500011943678267,0.17650262526607485,0.9972146454077911,-0.07150976777971596,0.2533492671300182,1.1514066273064474,-0.22623510100591848,0.31273717575468807,0.8037574649682631,-0.1660910257972048,0.018676839456036154,0.08275708886022543,-0.32156547499953664,0.14130055448121956,0.5487714641149292,-0.21221151164348148,0.04261579714641138,1.0497660886652505,-0.1982091835489179,0.20070616626260676,1.4791250299389163,-0.1440615538530557,0.15368345214006657,0.050956821043527535,-0.18949814690645492,0.2963522720458224,0.8948627114339356,-0.17784740783853817,0.30411641298821446,0.8982653200603284,-0.21911685563077296,-0.2720585406312761,0.1418272409262369,-0.09811063897149544,-0.16459279952493983,1.155940784199886,0.03804155804527132,-0.114250122983803,0.8163807036935347,0.1437351025594243,-0.2866254944400155,0.10629669774058638,-0.16436858026668863,-0.16577756902901478,0.5667198050815692,-0.040665140441363296,-0.0525399209562047,1.0539576742384662,-0.14158720973063055,-0.06682917790704078,1.478300573962008,0.019276005440242185,-0.1886561227283323,0.07238560184785182,-7.589515380091567e-05,-0.12222069610092601,0.9066100703863008,0.11839655113803531,-0.1637621768116956,0.9057202449551649,0.10918321711287604,0.0858261052331864,1.4500605902594343,-0.028025602501118563
3.82079,0.02438944191283254,1.5041088097398672,-0.12459207213595695,0.08228523072796737,0.11596290697064243,-0.29512963806500275,0.176018494650272,0.9972407236911842,-0.07173848456325353,0.25289034075064165,1.1514661308211689,-0.22615555058610928,0.3124462764878163,0.8037324128426949,-0.16678475533279402,0.018734845640070764,0.08266261781964536,-0.321729885196947,0.1410752068537737,0.5487761367387719,-0.21237425593152992,0.042209662807442164,1.0497519112331553,-0.19852498274438402,0.2004457827513052,1.4791708549747926,-0.14386420196619235,0.15368227588213715,0.051048554844215645,-0.18954991287908415,0.29602669553002703,0.8948471871835149,-0.17832252323798287,0.3036450783691557,0.8983253007129645,-0.219614173237136,-0.2720971789101449,0.14166269737990908,-0.09808717632516159,-0.16513172432193576,1.1560451090353794,0.03748124531823253,-0.1157082912933642,0.8165397076242228,0.14369256227748778,-0.28662342196997,0.10609778194398445,-0.16433680278401286,-0.16611503298016259,0.5666566186665297,-0.040751882836002264,-0.05297845698280626,1.0539402351468783,-0.1419582146229944,-0.06739255943889705,1.4783877370370393,0.01894814327895995,-0.18867917760439273,0.07232706550374281,-9.029970052949118e-06,-0.12346727292798791,0.9067513687829818,0.11825593192149786,-0.16496609897503733,0.905909138672549,0.10884872907234738,0.08536607327481267,1.4500160248774283,-0.02800424187887888
3.83077,0.024095928616130732,1.5041702715819152,-0.12454386952898826,0.08229558309462157,0.11592374972215634,-0.29518015734433223,0.1754946256701915,0.9972303578943207,-0.07190217874171444,0.25235608236714135,1.1515104451323572,-0.22600556632952812,0.31202660762698486,0.8037052836617334,-0.1672814752456461,0.018793084244129166,0.08255141629344659,-0.3218103785870088,0.14079447143416646,0.5487806634499035,-0.21249742259172708,0.04177880268709701,1.0497707737596733,-0.1987722593713209,0.20013997567347863,1.479203412742992,-0.14360484263437842,0.15367187598849424,0.05111621585541494,-0.18951516778701077,0.29557202348228423,0.8948329292420817,-0.17864827986284768,0.30305508065199876,0.898362705560818,-0.21995648790864097,-0.2721716701776715,0.14147320200483515,-0.09797606161171962,-0.16571788117067396,1.1561319926899654,0.03696928873340399,-0.11709436420927229,0.8166880262422807,0.1436443397500231,-0.2866578618650959,0.1058716083869168,-0.1642132170260722,-0.16650010581542024,0.5665822987124443,-0.040805583289865596,-0.05344992101172136,1.0539529448064768,-0.1422638216881131,-0.0679508949668791,1.4784505483985084,0.01875698648397497,-0.18874357692168456,0.07224592027858123,0.00014794918901346504,-0.1246659399026762,0.9068750177628667,0.11809627689527033,-0.16611857891891807,0.9060674091021644,0.10850807099631703,0.0848829784757039,1.449967105576638,-0.0278998537426614
3.84075,0.023791756485057325,1.5042329761745692,-0.12447527998815502,0.0823235500711617,0.11589949078193998,-0.2953413302295369,0.17496332757582145,0.9972107743277253,-0.07213467101471824,0.2517759260679606,1.1515826254483692,-0.22591243759941365,0.3115489663146735,0.8037293525108969,-0.1677145534667114,0.01886392769337715,0.08246066273746741,-0.32200359764213105,0.14049874838064902,0.5488103546779404,-0.212731062490727,0.04134803578859022,1.0498534420062704,-0.19906589024221732,0.19981227157589518,1.4792638323725513,-0.14337436988747293,0.1536929228152658,0.05120052313211227,-0.18960458451585246,0.29505424934011465,0.8948619368794226,-0.17895098670093584,0.302395107925019,0.898425697638833,-0.2202827694296072,-0.272246442981297,0.1412949791419409,-0.09797963511691461,-0.16634673472949946,1.1562301462459175,0.03638239290588525,-0.11845982049797825,0.8168307641226057,0.1434344848208126,-0.28668681424484926,0.10566390564799608,-0.16419783101530078,-0.16689404462780344,0.5665253359774476,-0.04097597124814459,-0.05391326949571854,1.0540256645056236,-0.142613671307334,-0.06847332689306501,1.4785078273293577,0.018616479347513818,-0.18878688498851925,0.07217067126574939,0.00018351583600846578,-0.12585772303901296,0.9069905328180369,0.1177781265985214,-0.16726094589593107,0.9062106558571481,0.10799789653942898,0.08441394195491396,1.4499240199102459,-0.02778813367294204
3.85072,0.023495898510315666,1.5042884859735046,-0.12433750701705934,0.08235696537790986,0.11587236796981364,-0.29552076639775143,0.1744303157235033,0.9971827857164908,-0.07240683562486269,0.2511566836313301,1.151659890770263,-0.22583993757302004,0.31098143568038955,0.8037782562253586,-0.1680316200077821,0.01893452489674354,0.08236737077711696,-0.32220643541271426,0.14018085685002435,0.5488474410951338,-0.2130229252647583,0.04091482363581536,1.0499741983696855,-0.1993732160854883,0.1994958007387568,1.4793290169935938,-0.14311940342952303,0.1537332794322425,0.05127975192783409,-0.1897187941340603,0.2944530662113432,0.8949079252643348,-0.1791751471590067,0.3016577519421271,0.8984885048417671,-0.22053290324397207,-0.2723196111410513,0.14112251050117294,-0.0980043966120202,-0.16700766201079223,1.156332337726105,0.035774275982391794,-0.11976536767570332,0.8169413808096606,0.14305857929923668,-0.28671973414264723,0.10545971910930689,-0.16420216059883994,-0.16728353119878897,0.5664706917086563,-0.04119758125418736,-0.054372477308122565,1.0541331559875764,-0.1429712900216023,-0.06891838851337252,1.4785469770380997,0.018592829372198458,-0.188809053386132,0.07208846560126883,0.00018857221533111443,-0.12700781433022038,0.9070803303787079,0.11731717495444943,-0.16836895712611893,0.9063215747710918,0.10736409569734999,0.08398517465316903,1.4498705276560286,-0.027628617801690018
3.8607,0.023204493888735696,1.5043214423066709,-0.12406973398703629,0.08236625866206312,0.11581675690489975,-0.295572835455471,0.17387876219893075,0.9971426273157326,-0.07265260806371257,0.2504879759767707,1.1517066658159845,-0.2257054988751818,0.310257081102987,0.8038087428402588,-0.16812255697739226,0.01897843294334978,0.0822395799998532,-0.3222625751689359,0.13981041361668564,0.5488680958907102,-0.21327744789311634,0.04045259347801039,1.050095260408893,-0.19963226871897852,0.1992009162342746,1.4793637573810337,-0.14276233926561643,0.15375424643664165,0.05132141259534092,-0.18969795878039075,0.29371543720971116,0.8949328999863982,-0.17921495356043038,0.30081596593832277,0.8985116839638175,-0.22059074222830893,-0.27241078665970164,0.14093683169862403,-0.09790076867029059,-0.16769789086699474,1.156424451177839,0.03524014955881334,-0.12096453698688821,0.8169954692152901,0.14256858981472403,-0.2867893860689204,0.1052301048144441,-0.16408255339864802,-0.1676761092858664,0.5663935965157749,-0.041361345969990394,-0.05486008307695717,1.054237824229935,-0.14327116066347437,-0.06927151771221567,1.4785533404008726,0.018767952480594752,-0.18884396563393419,0.07197980203408934,0.000313950858830748,-0.12807830840831855,0.9071267257003123,0.11678146712322623,-0.1694139158620026,0.9063838289429627,0.10671248175981894,0.08359529864039737,1.4497886070739296,-0.027365537436633173
3.87067,0.02287537131120481,1.5043687530212768,-0.12378049745255366,0.08232250488123614,0.11577095535721559,-0.2956762337394322,0.17327673182710054,0.9971210356780172,-0.0729727624145032,0.2497591934913958,1.1517613919704746,-0.22556882700356784,0.3093947106131329,0.803864210050697,-0.16801604093336475,0.01896987800103898,0.08212363215591259,-0.3223700359204318,0.13937399611738405,0.5489040344083829,-0.21361364500434296,0.039914318340545527,1.0502358753607801,-0.19994440299640703,0.19885672653061806,1.4794066828829293,-0.14240700009371307,0.1537262377002033,0.05136781448881627,-0.18973328850358567,0.29285220476346685,0.8949809754262452,-0.1791199745900322,0.29989798771611226,0.8985423316734507,-0.2205071590704097,-0.27254380821772467,0.1407528008927247,-0.0978614773044097,-0.16843759535575192,1.1565327300555373,0.034705259949967426,-0.1221247547355351,0.8170295443014435,0.14193527563107647,-0.2869087799961978,0.10501164945827954,-0.16402842635231707,-0.16809259518021044,0.5663156904564453,-0.041595227933035564,-0.05541164120682994,1.054355826014303,-0.1436085610333954,-0.0696131828904632,1.4785612417925427,0.01900302098536763,-0.18891889275603455,0.07187730492733109,0.00036795040390361967,-0.129134054119129,0.9071588732023081,0.11614071029600918,-0.17044938667437215,0.9064408011827298,0.10598381377075991,0.08318268882581965,1.4497016674946546,-0.027103817360732724
3.88065,0.022489056000648013,1.5044383872008782,-0.12352129291784829,0.08225254821391856,0.11573888743830603,-0.29585643314763194,0.17262778488792152,0.9971244739695017,-0.07337855200626399,0.24900606184733912,1.1518425160486347,-0.2254462478399448,0.3084610152905508,0.8039705803483363,-0.16769814070315148,0.018934945049478662,0.08202640362090188,-0.3225554630361508,0.1388983770090396,0.5489615232263229,-0.21403997878356934,0.039303531879241765,1.0503949909593489,-0.20032299403139078,0.1984340518518826,1.4794758686575693,-0.14210535845731648,0.1536820525639136,0.05143129536180782,-0.1898564960019817,0.2919220316919955,0.8950753490677155,-0.1788852131310698,0.2989740994890822,0.8986058875911976,-0.22027763493941338,-0.27269268586524054,0.14056873330811168,-0.09792827395306386,-0.16922091893306135,1.1566616691678415,0.034169865374235005,-0.12323861303847695,0.8170664049949583,0.14121116400798803,-0.28704618736639625,0.10480596868334999,-0.16407671794009293,-0.16851739538757646,0.5662397061504273,-0.041912926692397746,-0.05602116524395431,1.0544844089978058,-0.14399901610306498,-0.06998620249536676,1.478581760372491,0.019222557553350107,-0.18900588152950198,0.0717845763156165,0.000309759543369955,-0.1301708670449401,0.9071956100759999,0.11543597159340933,-0.1714686795878363,0.9065092854395653,0.10521358825885097,0.082722567018461,1.4496191693957272,-0.02688696106929048
3.89063,0.022064885556269787,1.5044928154865789,-0.1232382583840477,0.08223808214384813,0.11567234521483409,-0.2958887062648442,0.1719810636682542,0.9971242169712218,-0.0737369288400854,0.24831576752584944,1.1519255105958128,-0.2252738883063382,0.30754750256754115,0.8041087378393257,-0.16708178226620451,0.018950029956777036,0.08189378299122922,-0.3225684635252177,0.13844911626930312,0.5490046775327394,-0.2143865110773574,0.038688079161573415,1.050533517110198,-0.20064184779183403,0.1979751266477539,1.4795461607520923,-0.14180622396653061,0.1537129377366183,0.05147183848209078,-0.18983568925307384,0.2910164079853352,0.8951921388101328,-0.17841290492812786,0.2981419871433102,0.8986783934639508,-0.21980060552266378,-0.2727817855193733,0.14036001947588578,-0.09789051139256914,-0.17000519183838184,1.1567817069141344,0.03376035760666416,-0.12418319624915074,0.817096613902758,0.14055493618633075,-0.2871320612492034,0.1045637483188514,-0.16401351985714863,-0.16889375027338452,0.5661376767345496,-0.04214178994687146,-0.05663377822912757,1.0545862989982995,-0.144328710834839,-0.07036333701302,1.4785886743351295,0.019478698806113092,-0.18902482234540505,0.0716615102641582,0.0003507986089472929,-0.13107794928017155,0.9072316802245234,0.11480903843023503,-0.17237387784304692,0.9065611361255153,0.10458186960021923,0.08224988976548264,1.449525284686707,-0.026650384272409632
