Frame#,Time,C7_X,C7_Y,C7_Z,LANK_X,LANK_Y,LANK_Z,LASI_X,LASI_Y,LASI_Z,LELB_X,LELB_Y,LELB_Z,LFIN_X,LFIN_Y,LFIN_Z,LHEE_X,LHEE_Y,LHEE_Z,LKNE_X,LKNE_Y,LKNE_Z,LPSI_X,LPSI_Y,LPSI_Z,LSHO_X,LSHO_Y,LSHO_Z,LTOE_X,LTOE_Y,LTOE_Z,LWRA_X,LWRA_Y,LWRA_Z,LWRB_X,LWRB_Y,LWRB_Z,RANK_X,RANK_Y,RANK_Z,RASI_X,RASI_Y,RASI_Z,RELB_X,RELB_Y,RELB_Z,RFIN_X,RFIN_Y,RFIN_Z,RHEE_X,RHEE_Y,RHEE_Z,RKNE_X,RKNE_Y,RKNE_Z,RPSI_X,RPSI_Y,RPSI_Z,RSHO_X,RSHO_Y,RSHO_Z,RTOE_X,RTOE_Y,RTOE_Z,RWRA_X,RWRA_Y,RWRA_Z,RWRB_X,RWRB_Y,RWRB_Z,STRN_X,STRN_Y,STRN_Z
1,0.0,0.00384753,1.46656,0.0665264,0.047697,0.0930988,0.121132,-0.0914782,0.986433,0.206825,-0.160298,1.11598,0.3306,-0.361326,1.12988,0.0757638,0.117613,0.0645166,0.0622353,-0.0572259,0.469727,0.170531,0.051005,1.00413,0.0791398,-0.0716634,1.44357,0.228063,-0.123691,0.0642461,0.0690443,-0.262011,1.13791,0.115036,-0.299875,1.08261,0.140429,-0.0187475,0.173105,-0.108114,-0.0852088,0.994786,-0.108482,0.0734953,1.15404,-0.227254,-0.0792446,0.856853,-0.292695,0.0531424,0.167172,-0.0300674,-0.24303,0.525054,-0.131133,0.0540311,0.99769,0.0158418,-0.0452029,1.45373,-0.114387,-0.153112,0.0720281,-0.0889235,-0.0549781,0.938929,-0.216552,-0.00294867,0.910463,-0.260466,-0.185445,1.22597,0.0484572
2,0.00999209,0.00440657,1.46585,0.0673158,0.056485,0.0932098,0.121191,-0.0907982,0.985602,0.207185,-0.164091,1.11634,0.330797,-0.361691,1.13158,0.0729374,0.12631,0.0645967,0.0623161,-0.051305,0.469285,0.170548,0.0520183,1.00369,0.0798136,-0.0723741,1.44315,0.2284,-0.114626,0.0646291,0.0690676,-0.262942,1.13838,0.113735,-0.301977,1.084,0.139125,-0.0359015,0.164724,-0.107773,-0.0838657,0.994231,-0.108105,0.0773178,1.15348,-0.226384,-0.0712324,0.855553,-0.296592,0.0357386,0.154673,-0.0301776,-0.24501,0.52593,-0.128782,0.0551788,0.99724,0.0164047,-0.0432472,1.45247,-0.113964,-0.174688,0.0702433,-0.0875367,-0.0494722,0.937273,-0.219379,0.00361752,0.90935,-0.262387,-0.184598,1.22527,0.0478748
3,0.0199842,0.00495158,1.46506,0.0679988,0.0652125,0.0933403,0.121254,-0.0902052,0.984679,0.207543,-0.167487,1.11656,0.330918,-0.362014,1.13292,0.0702985,0.135049,0.064814,0.0623783,-0.0455421,0.468825,0.170542,0.0529568,1.00329,0.0804616,-0.0731108,1.44267,0.228652,-0.10577,0.0647056,0.0691074,-0.263737,1.13848,0.112526,-0.303954,1.08505,0.137965,-0.0535428,0.15656,-0.107434,-0.0825901,0.993605,-0.10776,0.0810611,1.15275,-0.225474,-0.0635969,0.853992,-0.300447,0.018157,0.14293,-0.0304047,-0.246454,0.526543,-0.126317,0.0562717,0.996809,0.0170024,-0.0414007,1.45116,-0.11367,-0.19634,0.0685535,-0.0862644,-0.04405,0.935567,-0.222232,0.0100096,0.908138,-0.264012,-0.183807,1.22436,0.0470382
4,0.0299763,0.00544673,1.46421,0.0685397,0.0739394,0.0934761,0.121325,-0.0897272,0.983675,0.207913,-0.1705,1.11665,0.330937,-0.362151,1.13381,0.0678153,0.143863,0.0650841,0.0624658,-0.0399496,0.468344,0.170525,0.053753,1.00292,0.0810592,-0.0738465,1.44212,0.228793,-0.0969559,0.0646944,0.0691351,-0.264394,1.1382,0.111396,-0.305789,1.08587,0.137026,-0.0716491,0.148701,-0.107036,-0.0813694,0.992901,-0.107437,0.0846192,1.1519,-0.224623,-0.0562986,0.852177,-0.304085,8.31434e-05,0.131601,-0.0307293,-0.247314,0.526915,-0.123725,0.0572681,0.996372,0.0175773,-0.0395988,1.44975,-0.113449,-0.218089,0.0671045,-0.0849759,-0.0389128,0.933679,-0.225177,0.0161753,0.90681,-0.265412,-0.183058,1.22327,0.0460245
5,0.0399684,0.00590192,1.46331,0.0689661,0.0827109,0.093631,0.121432,-0.0893641,0.982622,0.208265,-0.173151,1.11662,0.330845,-0.362138,1.13422,0.0654644,0.152728,0.0653438,0.062573,-0.0345026,0.467846,0.170503,0.0544828,1.00256,0.0816219,-0.0744035,1.4414,0.228779,-0.0880872,0.0646982,0.0691364,-0.264944,1.13752,0.11032,-0.307422,1.08633,0.136138,-0.0901336,0.141248,-0.106623,-0.0802438,0.992109,-0.107136,0.0879311,1.15093,-0.223873,-0.0488202,0.85027,-0.307224,-0.0185564,0.120645,-0.0310893,-0.247588,0.527036,-0.12101,0.0581703,0.995933,0.0181047,-0.0378911,1.44829,-0.113283,-0.239978,0.0662221,-0.0833659,-0.0339029,0.931752,-0.227814,0.0221371,0.905412,-0.266752,-0.182324,1.22213,0.0448703
6,0.0499604,0.00633656,1.46234,0.0692593,0.0915326,0.0938522,0.121531,-0.0889889,0.981568,0.208476,-0.175438,1.11649,0.330651,-0.362062,1.13415,0.0633101,0.161662,0.0656689,0.062684,-0.0291802,0.467339,0.170455,0.0550944,1.00214,0.0821262,-0.0749391,1.44068,0.228682,-0.0791617,0.0647321,0.0691143,-0.26533,1.13642,0.10923,-0.308885,1.08641,0.135337,-0.108948,0.134264,-0.106195,-0.0792316,0.991256,-0.106873,0.0909793,1.14988,-0.223209,-0.0412436,0.848262,-0.309912,-0.0376746,0.110209,-0.0313829,-0.247498,0.526871,-0.118283,0.0589775,0.995459,0.0185886,-0.0363009,1.4468,-0.113214,-0.261943,0.0660086,-0.0814582,-0.0293795,0.929735,-0.230262,0.0278384,0.903927,-0.267968,-0.181838,1.22099,0.0439435
7,0.0599525,0.00669919,1.46134,0.069421,0.100454,0.0941553,0.121554,-0.088741,0.98046,0.208698,-0.177329,1.11623,0.330405,-0.361938,1.13361,0.0613425,0.170638,0.066077,0.0627975,-0.0239683,0.466812,0.17042,0.0555787,1.00164,0.0825892,-0.075489,1.43996,0.228517,-0.0702701,0.064665,0.0690818,-0.265507,1.13494,0.107924,-0.310221,1.08611,0.134696,-0.128035,0.12786,-0.105538,-0.0782916,0.990331,-0.106651,0.0938041,1.14872,-0.222631,-0.0340765,0.846069,-0.312432,-0.0573131,0.100451,-0.0315585,-0.246817,0.526296,-0.115544,0.0596982,0.994952,0.0190285,-0.0348018,1.44525,-0.113221,-0.283869,0.0663861,-0.0793334,-0.0250165,0.927734,-0.23252,0.0332366,0.902356,-0.269016,-0.181422,1.21997,0.0430206
8,0.0699446,0.00698314,1.46028,0.0694475,0.109335,0.0944705,0.121691,-0.0885404,0.979325,0.20883,-0.178856,1.11582,0.330107,-0.36176,1.13254,0.059531,0.179519,0.0664376,0.062959,-0.0188146,0.466275,0.170484,0.0560232,1.00107,0.0830174,-0.0759561,1.43913,0.228244,-0.0613386,0.0646176,0.0691163,-0.265705,1.13316,0.10678,-0.31139,1.08545,0.13421,-0.147369,0.122146,-0.104624,-0.0774653,0.989305,-0.106483,0.0963805,1.14746,-0.222133,-0.0273454,0.843675,-0.314711,-0.0775349,0.0914926,-0.031552,-0.245547,0.525309,-0.112831,0.0603267,0.994425,0.0194754,-0.0333913,1.44366,-0.1133,-0.305569,0.0671168,-0.0772663,-0.020808,0.925731,-0.234638,0.03833,0.900693,-0.269911,-0.180908,1.21884,0.0422599
9,0.0799367,0.0071979,1.45919,0.0693599,0.11817,0.0948061,0.121939,-0.0884785,0.978152,0.208987,-0.179993,1.11526,0.329752,-0.361537,1.13091,0.0578942,0.188399,0.0668948,0.0631883,-0.0136863,0.465785,0.170646,0.0563914,1.00047,0.0834108,-0.0764838,1.43828,0.227881,-0.0523912,0.0646142,0.0692079,-0.265894,1.13102,0.105851,-0.312366,1.08442,0.133864,-0.166918,0.117159,-0.103807,-0.0767553,0.988195,-0.106377,0.0987285,1.14607,-0.221722,-0.0209593,0.841112,-0.316673,-0.0979567,0.0836816,-0.0312291,-0.243833,0.523953,-0.110166,0.0608315,0.993855,0.0198665,-0.0321985,1.44206,-0.113527,-0.327024,0.0681493,-0.0751886,-0.0170186,0.923631,-0.23675,0.0431835,0.898958,-0.270722,-0.180577,1.21782,0.0416936
10,0.0899288,0.007364,1.45805,0.069171,0.126944,0.0951642,0.122242,-0.0884295,0.976955,0.208972,-0.180772,1.11455,0.32939,-0.361339,1.12871,0.0564541,0.197321,0.0675005,0.0634531,-0.00848244,0.46537,0.170777,0.0566348,0.999837,0.0837344,-0.077006,1.43738,0.227393,-0.0434353,0.064612,0.0693009,-0.266001,1.12852,0.104985,-0.313177,1.083,0.133664,-0.186641,0.113088,-0.103165,-0.0761902,0.987004,-0.106361,0.100799,1.14457,-0.221392,-0.0148746,0.83838,-0.318349,-0.118391,0.0770852,-0.0305861,-0.241804,0.522288,-0.107557,0.0611733,0.993239,0.0201677,-0.0311926,1.44046,-0.113886,-0.348297,0.069814,-0.0728713,-0.0135234,0.921531,-0.238749,0.047752,0.897128,-0.271494,-0.180307,1.21678,0.0412441
11,0.0999209,0.00745349,1.45688,0.0688508,0.135714,0.0955532,0.122602,-0.0885098,0.975706,0.208945,-0.18122,1.1137,0.329012,-0.361175,1.12592,0.0552088,0.206265,0.0682726,0.0637338,-0.00326556,0.465034,0.17099,0.0567135,0.999189,0.0839637,-0.0775881,1.43651,0.226856,-0.0344458,0.0646273,0.0694056,-0.266038,1.12564,0.104184,-0.31383,1.08115,0.133608,-0.206198,0.110162,-0.101903,-0.0758146,0.985701,-0.106437,0.102546,1.14297,-0.221158,-0.00908896,0.835492,-0.319804,-0.138696,0.0717372,-0.0295595,-0.23947,0.520349,-0.105195,0.0613304,0.992617,0.0203888,-0.0303348,1.43882,-0.114345,-0.369251,0.0724596,-0.0699333,-0.0104191,0.919124,-0.240525,0.0517256,0.895165,-0.272028,-0.180178,1.21569,0.0409137
12,0.109913,0.00744171,1.45565,0.0683929,0.144471,0.0960341,0.123028,-0.0886935,0.974452,0.2089,-0.181335,1.11275,0.328605,-0.360984,1.12249,0.0541618,0.215207,0.0691555,0.0640453,0.00187684,0.464705,0.171266,0.0565912,0.998557,0.0841141,-0.0780858,1.43555,0.226213,-0.0254564,0.0646365,0.0695331,-0.266088,1.12236,0.103478,-0.314326,1.07884,0.133715,-0.225281,0.10838,-0.100077,-0.0756413,0.984274,-0.106582,0.10396,1.14129,-0.22105,-0.00367174,0.832473,-0.321117,-0.158603,0.0675945,-0.0281991,-0.236955,0.518223,-0.103196,0.0613223,0.991986,0.0205455,-0.0296461,1.43714,-0.114892,-0.38947,0.0760905,-0.0665025,-0.00763468,0.91661,-0.242059,0.0553436,0.893104,-0.272489,-0.180234,1.21454,0.0406661
13,0.119905,0.00737235,1.45438,0.0678223,0.153185,0.096639,0.123503,-0.0889382,0.973265,0.20886,-0.181127,1.11167,0.328168,-0.360858,1.11841,0.0533328,0.224114,0.0701228,0.0644299,0.00687315,0.464369,0.171593,0.0563171,0.997972,0.084161,-0.0785355,1.43453,0.225429,-0.0164612,0.0646363,0.0696563,-0.266154,1.11867,0.102886,-0.314644,1.07601,0.133973,-0.243681,0.107599,-0.0979015,-0.0756974,0.98274,-0.106776,0.105039,1.13952,-0.22106,0.00099445,0.829462,-0.322016,-0.177872,0.0645295,-0.0267228,-0.234445,0.516012,-0.101647,0.0611493,0.991346,0.0206001,-0.0291376,1.43544,-0.115607,-0.408731,0.0808941,-0.0626015,-0.0051247,0.914042,-0.243402,0.0584899,0.890911,-0.272786,-0.180408,1.21332,0.0404455
14,0.129897,0.0072318,1.45308,0.0671644,0.161828,0.0973005,0.124021,-0.0892057,0.972196,0.208816,-0.180624,1.11045,0.327685,-0.360722,1.11356,0.0527395,0.232957,0.0712143,0.0648427,0.0116873,0.464044,0.171971,0.0558913,0.997438,0.0840688,-0.0792046,1.43365,0.224612,-0.00743848,0.0646327,0.0698046,-0.266233,1.11456,0.102381,-0.314785,1.0726,0.134363,-0.261132,0.107635,-0.0954821,-0.0760247,0.981109,-0.107053,0.105826,1.13765,-0.221195,0.00485395,0.826501,-0.322618,-0.196288,0.062201,-0.0250228,-0.232097,0.513809,-0.1006,0.0607942,0.990691,0.0205242,-0.0287537,1.43368,-0.116386,-0.426859,0.0871072,-0.0582956,-0.00291438,0.911389,-0.244517,0.0613884,0.888607,-0.273079,-0.180739,1.21206,0.0401813
15,0.139889,0.00701245,1.45173,0.0663874,0.170441,0.0980293,0.124601,-0.0896199,0.97101,0.208649,-0.179875,1.10916,0.327201,-0.360687,1.10793,0.0524222,0.241761,0.072455,0.0652805,0.0163077,0.46378,0.172381,0.0553459,0.996932,0.0838111,-0.0799679,1.43283,0.223725,0.00161808,0.0645878,0.069993,-0.266404,1.10999,0.102043,-0.314749,1.06856,0.134868,-0.27733,0.108262,-0.0927459,-0.0766125,0.979385,-0.107392,0.106276,1.13566,-0.221477,0.00796323,0.823518,-0.323029,-0.213644,0.06032,-0.0231273,-0.230036,0.511564,-0.0998583,0.0602564,0.990054,0.0202796,-0.0284881,1.43188,-0.117209,-0.443476,0.0946762,-0.0536084,-0.00105252,0.908606,-0.245371,0.0637047,0.886159,-0.273232,-0.181203,1.21087,0.0397709
16,0.149881,0.00672598,1.45032,0.0654684,0.178992,0.0988558,0.125242,-0.0901172,0.969768,0.208334,-0.1789,1.10778,0.326664,-0.360817,1.10152,0.0524125,0.250591,0.0738927,0.0657368,0.020663,0.463512,0.172813,0.0546214,0.996438,0.0833575,-0.0806072,1.43194,0.222704,0.0107098,0.064558,0.0701796,-0.266657,1.10495,0.101948,-0.314543,1.06381,0.135521,-0.292164,0.109126,-0.0898805,-0.0774621,0.977595,-0.107799,0.106403,1.13354,-0.221882,0.0102953,0.820474,-0.323261,-0.229812,0.0585389,-0.0212342,-0.228284,0.509172,-0.0989503,0.0595398,0.989436,0.0198283,-0.0283543,1.43,-0.118131,-0.458224,0.10327,-0.0487642,0.000402556,0.905764,-0.245917,0.0651697,0.883548,-0.273218,-0.181842,1.20973,0.039157
17,0.159873,0.00636818,1.44887,0.0643854,0.187422,0.0998011,0.125968,-0.0907078,0.968493,0.207959,-0.1777,1.10632,0.32605,-0.361145,1.09443,0.0527272,0.259371,0.075543,0.0662558,0.0246612,0.463189,0.173254,0.0536921,0.995945,0.082693,-0.0811286,1.43099,0.221551,0.0198014,0.0645483,0.0704506,-0.266828,1.09937,0.101813,-0.314153,1.05831,0.136346,-0.305452,0.10999,-0.0875272,-0.0785522,0.975826,-0.108318,0.106259,1.13131,-0.222401,0.0118596,0.817398,-0.323311,-0.24449,0.0569031,-0.0197672,-0.226873,0.506689,-0.097594,0.058711,0.988804,0.0191647,-0.0284107,1.42804,-0.119179,-0.470908,0.112324,-0.0440423,0.00140751,0.902856,-0.246186,0.0661491,0.880877,-0.273241,-0.182664,1.20862,0.0383172
18,0.169866,0.00593754,1.44738,0.0631384,0.195796,0.100934,0.126763,-0.0913309,0.967215,0.207492,-0.176274,1.10484,0.325361,-0.361468,1.08646,0.0534431,0.268059,0.0773596,0.0668295,0.0282576,0.462801,0.173713,0.0527148,0.995447,0.0818417,-0.0815973,1.43005,0.220333,0.0288823,0.0645442,0.0707329,-0.266949,1.09321,0.10168,-0.313564,1.05204,0.137344,-0.317077,0.110961,-0.0856559,-0.0798292,0.974157,-0.108944,0.105829,1.12893,-0.222997,0.0128692,0.814426,-0.323326,-0.257324,0.0554467,-0.0186448,-0.225841,0.50435,-0.0959071,0.0578152,0.988109,0.018264,-0.0287798,1.42608,-0.120436,-0.48138,0.121076,-0.0394274,0.00191927,0.899893,-0.246227,0.0667628,0.878179,-0.273312,-0.183613,1.20748,0.0372716
19,0.179858,0.00541609,1.4459,0.0617171,0.204062,0.102127,0.127585,-0.091873,0.965955,0.206769,-0.17468,1.10335,0.324634,-0.361867,1.07763,0.0545925,0.276673,0.0792918,0.0674468,0.0313774,0.462343,0.174128,0.0516904,0.994886,0.0807893,-0.0821884,1.42922,0.219099,0.0380362,0.0645172,0.0709237,-0.2671,1.08649,0.101734,-0.312745,1.04504,0.138543,-0.326739,0.111901,-0.0837385,-0.0812986,0.9726,-0.109628,0.105078,1.12645,-0.223709,0.0131415,0.811405,-0.323138,-0.268033,0.0540421,-0.0175124,-0.225275,0.502332,-0.0942172,0.0568148,0.987271,0.0171365,-0.0293587,1.42408,-0.121786,-0.489631,0.12864,-0.03471,0.00191428,0.896888,-0.246114,0.0668982,0.875417,-0.273387,-0.184667,1.20624,0.0360654
20,0.18985,0.00481681,1.44448,0.0601588,0.212143,0.103416,0.128437,-0.0923687,0.964694,0.205928,-0.172906,1.10184,0.323838,-0.362328,1.06799,0.0562188,0.285151,0.081347,0.0680604,0.034045,0.461782,0.174508,0.0506408,0.9942,0.0795126,-0.082781,1.42839,0.217775,0.0473005,0.0643965,0.0710557,-0.267222,1.07921,0.101987,-0.311696,1.03738,0.139989,-0.334367,0.112719,-0.0816201,-0.0829413,0.971137,-0.110349,0.103971,1.12387,-0.224523,0.0126276,0.808272,-0.322755,-0.276366,0.0524968,-0.0161227,-0.225151,0.500562,-0.0925284,0.0556935,0.986266,0.0157655,-0.0301457,1.42201,-0.123236,-0.495643,0.134303,-0.0299168,0.00136852,0.893862,-0.245877,0.0663057,0.872542,-0.273311,-0.185875,1.20489,0.0347902
21,0.199842,0.00411669,1.44309,0.058487,0.219943,0.104982,0.129343,-0.0928018,0.963419,0.205058,-0.170922,1.10026,0.322955,-0.362786,1.0576,0.0583606,0.29351,0.0837131,0.0687559,0.0362653,0.461127,0.174896,0.0495835,0.99333,0.0780102,-0.083384,1.42756,0.216344,0.0565416,0.064228,0.0712678,-0.267325,1.0714,0.102476,-0.310415,1.02911,0.141745,-0.339272,0.112725,-0.0786702,-0.0847525,0.969717,-0.111081,0.102528,1.12119,-0.225429,0.0113832,0.805068,-0.322202,-0.282024,0.0506951,-0.014072,-0.225802,0.499062,-0.090909,0.0544664,0.985106,0.0142122,-0.0311827,1.41986,-0.124787,-0.499457,0.137716,-0.0253543,0.000277663,0.890834,-0.245542,0.0650096,0.869569,-0.273086,-0.187246,1.20346,0.0335341
22,0.209834,0.00329769,1.4417,0.056695,0.227495,0.10686,0.130304,-0.0932747,0.962206,0.204366,-0.168743,1.09863,0.321988,-0.363155,1.04651,0.0610262,0.301795,0.0863708,0.0695204,0.0379904,0.460429,0.175303,0.0485571,0.992267,0.0763417,-0.0839734,1.42674,0.214818,0.0658256,0.0640304,0.0715048,-0.267363,1.06304,0.103268,-0.30888,1.02029,0.14387,-0.341467,0.111618,-0.0753427,-0.0867619,0.968265,-0.111804,0.100726,1.1184,-0.226455,0.00939773,0.801823,-0.321479,-0.284614,0.0489741,-0.0111018,-0.227666,0.498038,-0.0895221,0.053173,0.983788,0.0125324,-0.0324229,1.41775,-0.12648,-0.501008,0.138509,-0.0212292,-0.00141116,0.88781,-0.245069,0.0631646,0.866505,-0.272805,-0.188705,1.20201,0.032382
23,0.219826,0.00239193,1.44034,0.0547934,0.234981,0.108812,0.131242,-0.0936519,0.961042,0.203645,-0.16636,1.09698,0.320936,-0.363368,1.03473,0.0642533,0.309939,0.0893013,0.0703127,0.0392163,0.459677,0.175768,0.0475298,0.990967,0.0745391,-0.0845192,1.42589,0.213164,0.0752149,0.0638119,0.0717436,-0.267239,1.05415,0.104387,-0.307045,1.01101,0.146397,-0.341152,0.109623,-0.0719541,-0.0889919,0.966774,-0.112562,0.0985448,1.11554,-0.227599,0.00670201,0.798572,-0.320601,-0.283815,0.048014,-0.00777282,-0.230712,0.497396,-0.0882877,0.0517555,0.982312,0.0107487,-0.0338948,1.41568,-0.128335,-0.500401,0.136152,-0.0171891,-0.00372966,0.884835,-0.244382,0.0606497,0.863373,-0.272384,-0.190208,1.20059,0.0313726
24,0.229818,0.00145226,1.439,0.0527578,0.242348,0.110878,0.132225,-0.0940404,0.959985,0.202885,-0.163769,1.09534,0.319819,-0.363347,1.02233,0.0680402,0.317919,0.0925781,0.071102,0.0399584,0.458872,0.176308,0.046472,0.989407,0.0726253,-0.085067,1.42511,0.211392,0.0846595,0.0635594,0.0719696,-0.266953,1.04478,0.105839,-0.304883,1.00132,0.149321,-0.33858,0.107248,-0.0686047,-0.0914529,0.9653,-0.113398,0.0959567,1.11264,-0.228869,0.003254,0.795299,-0.319492,-0.279623,0.047876,-0.00496953,-0.234637,0.496942,-0.0871226,0.0501235,0.980656,0.00885304,-0.0354423,1.41362,-0.130274,-0.498049,0.130095,-0.0124873,-0.00671956,0.881955,-0.243456,0.0575141,0.860191,-0.2719,-0.191717,1.19925,0.0305315
25,0.23981,0.000501374,1.43768,0.0505823,0.249477,0.113156,0.133241,-0.0945081,0.958989,0.202074,-0.160988,1.09371,0.318631,-0.363025,1.00929,0.0724886,0.325762,0.0962983,0.0719277,0.0402067,0.457959,0.176978,0.045259,0.987601,0.0706404,-0.0855802,1.42439,0.209481,0.0941591,0.0633207,0.0722063,-0.266494,1.03498,0.10762,-0.302348,0.991261,0.152689,-0.334165,0.104989,-0.0654397,-0.0941636,0.963949,-0.114296,0.0930177,1.10969,-0.230216,-0.00108765,0.79199,-0.318142,-0.272926,0.0481748,-0.00296396,-0.239104,0.496513,-0.0858743,0.0482969,0.978902,0.00687832,-0.037023,1.41156,-0.132286,-0.494558,0.121011,-0.00712686,-0.0102692,0.879214,-0.242478,0.0537427,0.857045,-0.271356,-0.193206,1.198,0.029866
26,0.249802,-0.000490632,1.43634,0.0482271,0.256361,0.115707,0.134312,-0.0950591,0.958108,0.201168,-0.158033,1.09209,0.317271,-0.362363,0.995591,0.0777304,0.333426,0.10052,0.0727482,0.0398677,0.456921,0.177746,0.0439147,0.985634,0.0685741,-0.0859962,1.42367,0.207431,0.103706,0.0631504,0.0724172,-0.265814,1.02474,0.109775,-0.299372,0.98082,0.156517,-0.329346,0.103064,-0.0627778,-0.0971385,0.96281,-0.115253,0.0898105,1.1067,-0.231656,-0.0064881,0.788755,-0.31648,-0.265564,0.0488886,-0.00199983,-0.243882,0.496052,-0.0845058,0.0463027,0.977135,0.0048211,-0.0388113,1.40957,-0.134494,-0.490576,0.111119,-0.00218539,-0.0143628,0.876525,-0.241511,0.0492603,0.853936,-0.270721,-0.194655,1.1968,0.0293037
27,0.259794,-0.00146241,1.43503,0.0456873,0.263007,0.118659,0.135428,-0.095644,0.957381,0.200234,-0.154861,1.09048,0.315859,-0.361261,0.981425,0.0836652,0.340733,0.105115,0.0735687,0.0388901,0.455783,0.178613,0.0423428,0.983622,0.0664153,-0.0862744,1.42298,0.205262,0.113355,0.0629629,0.0725716,-0.264862,1.01402,0.112384,-0.295917,0.970037,0.160848,-0.325202,0.101211,-0.0611745,-0.100345,0.961908,-0.116247,0.0863341,1.10373,-0.23312,-0.012622,0.785749,-0.314786,-0.258765,0.0502358,-0.00201584,-0.248671,0.495563,-0.0831865,0.0441173,0.975426,0.00266732,-0.0407443,1.40763,-0.136826,-0.48629,0.102178,0.00179887,-0.0190199,0.873931,-0.240473,0.044124,0.850927,-0.269938,-0.196134,1.19563,0.0287852
28,0.269786,-0.00237893,1.43382,0.0429903,0.269377,0.122041,0.136527,-0.0965156,0.956533,0.199333,-0.151429,1.08892,0.314581,-0.359563,0.966837,0.0903544,0.347438,0.110012,0.0744327,0.0372209,0.454561,0.17963,0.0405738,0.981721,0.0641887,-0.0863314,1.42236,0.20303,0.123031,0.0627385,0.0726305,-0.263576,1.00282,0.115595,-0.291906,0.958966,0.165708,-0.321695,0.0993326,-0.0606958,-0.103768,0.961253,-0.117264,0.0825195,1.10078,-0.23474,-0.0195122,0.782956,-0.31304,-0.252514,0.0521076,-0.00257258,-0.253054,0.495129,-0.082276,0.0417231,0.973844,0.000376569,-0.0427967,1.40577,-0.139266,-0.481661,0.093967,0.00457672,-0.0242533,0.871573,-0.239312,0.0381529,0.847747,-0.269315,-0.197576,1.19454,0.0282731
29,0.279778,-0.00325535,1.43277,0.0401057,0.27514,0.125715,0.137693,-0.0975941,0.955666,0.198373,-0.147697,1.0874,0.313532,-0.357188,0.951882,0.0978804,0.353599,0.115669,0.0753131,0.034725,0.45328,0.180889,0.0386346,0.980026,0.0619686,-0.0861064,1.42179,0.200751,0.13247,0.0626585,0.0727302,-0.261898,0.991375,0.119263,-0.28726,0.947663,0.171131,-0.317905,0.0975228,-0.061122,-0.107457,0.960843,-0.11828,0.0784033,1.09781,-0.236521,-0.0272668,0.780377,-0.311171,-0.24615,0.0541052,-0.00321167,-0.256949,0.494959,-0.0820285,0.0391959,0.972429,-0.00195953,-0.0449809,1.40404,-0.141855,-0.476987,0.0857723,0.0055016,-0.0300595,0.869464,-0.238026,0.03174,0.844843,-0.268728,-0.198992,1.1936,0.0276722
30,0.289771,-0.00409746,1.43194,0.0370678,0.28012,0.129696,0.138928,-0.0988265,0.954901,0.19737,-0.143759,1.08587,0.312184,-0.35403,0.936626,0.106319,0.359112,0.122331,0.0761443,0.0311929,0.451974,0.182504,0.0364772,0.978549,0.0597739,-0.0856048,1.42135,0.198468,0.141786,0.0626439,0.0727283,-0.259669,0.979481,0.123507,-0.281863,0.936195,0.177102,-0.313273,0.0960288,-0.0619435,-0.111321,0.960655,-0.119245,0.0739701,1.09488,-0.238411,-0.035859,0.778064,-0.309091,-0.239253,0.0558572,-0.00372841,-0.261004,0.495289,-0.0822804,0.0366097,0.971241,-0.00425552,-0.0472358,1.4025,-0.144546,-0.472252,0.0778203,0.00469635,-0.0364727,0.867606,-0.236606,0.0248122,0.842265,-0.268164,-0.200428,1.19293,0.026939
31,0.299763,-0.00500042,1.43137,0.0338987,0.284215,0.134051,0.140245,-0.100298,0.954253,0.196519,-0.139589,1.08437,0.310559,-0.350036,0.9211,0.115689,0.363405,0.129882,0.0769881,0.0264376,0.450697,0.184766,0.0342317,0.97735,0.057681,-0.0850392,1.42119,0.196271,0.15112,0.0624971,0.0725136,-0.256892,0.967486,0.128154,-0.275674,0.924718,0.183619,-0.307489,0.0949792,-0.0628274,-0.11523,0.960636,-0.120154,0.0691342,1.09206,-0.240341,-0.045248,0.776052,-0.306808,-0.231632,0.057182,-0.00406446,-0.265835,0.4961,-0.0829401,0.034033,0.970345,-0.00646603,-0.0495169,1.40117,-0.147257,-0.466779,0.0713753,0.00308849,-0.0434333,0.86603,-0.235079,0.0172632,0.839862,-0.267539,-0.20186,1.19262,0.0260607
32,0.309755,-0.00594243,1.43112,0.0306936,0.287171,0.138877,0.141742,-0.101784,0.95387,0.195495,-0.135221,1.08303,0.308631,-0.345078,0.905382,0.126056,0.366179,0.138477,0.0780808,0.0204515,0.449482,0.187846,0.0320358,0.976484,0.0556931,-0.0844585,1.42134,0.194138,0.160017,0.0623346,0.0723907,-0.253799,0.955662,0.133382,-0.268517,0.913411,0.190552,-0.300218,0.0944212,-0.0633629,-0.118977,0.960742,-0.121034,0.0638293,1.08943,-0.242339,-0.0553444,0.774423,-0.304364,-0.223308,0.0579219,-0.00428983,-0.271499,0.497131,-0.0839885,0.0315681,0.969735,-0.00855723,-0.0518186,1.40014,-0.149969,-0.459535,0.0674092,0.00229341,-0.050908,0.864756,-0.233469,0.00860221,0.837557,-0.26673,-0.203286,1.1927,0.0250445
33,0.319747,-0.00693911,1.43116,0.0275337,0.288707,0.144214,0.143578,-0.103164,0.953805,0.194215,-0.130567,1.08184,0.306328,-0.33897,0.889606,0.137502,0.367239,0.148317,0.0795723,0.013527,0.448287,0.191695,0.0299367,0.975971,0.0537795,-0.083633,1.42156,0.191969,0.168112,0.0622223,0.072572,-0.250441,0.94417,0.139198,-0.260292,0.902334,0.197936,-0.291829,0.0944517,-0.0633392,-0.122332,0.960955,-0.121929,0.058058,1.08703,-0.244369,-0.0660393,0.773163,-0.301837,-0.214417,0.0582312,-0.00445569,-0.277413,0.498122,-0.0852326,0.0292922,0.969367,-0.0105454,-0.0541437,1.39945,-0.152612,-0.450602,0.0657914,0.00292007,-0.0588827,0.863804,-0.231745,-0.000575042,0.835599,-0.265939,-0.204701,1.19311,0.0239113
34,0.329739,-0.00789749,1.43138,0.0244977,0.28887,0.15012,0.145643,-0.104394,0.954003,0.192796,-0.125618,1.08076,0.303682,-0.331603,0.873961,0.150054,0.366786,0.159659,0.0815005,0.00582805,0.447037,0.195994,0.028022,0.975762,0.051978,-0.0826613,1.42193,0.189826,0.175155,0.0622352,0.0731881,-0.246407,0.932964,0.145664,-0.250864,0.891625,0.205677,-0.283096,0.0945042,-0.0629347,-0.125199,0.961289,-0.122884,0.0518633,1.0849,-0.246417,-0.0773117,0.772303,-0.299197,-0.20524,0.0585193,-0.00452105,-0.282675,0.49896,-0.086572,0.0272656,0.969202,-0.0124085,-0.0564987,1.39908,-0.155133,-0.441537,0.0649064,0.00386164,-0.0673212,0.863215,-0.229924,-0.0101726,0.83406,-0.265173,-0.206142,1.19373,0.0227303
35,0.339731,-0.00873138,1.4317,0.0216163,0.287899,0.156711,0.14778,-0.105315,0.954318,0.191288,-0.120733,1.08007,0.30127,-0.322786,0.858657,0.163605,0.364945,0.172098,0.083866,-0.00281811,0.445732,0.200097,0.0263763,0.975754,0.0503166,-0.0815333,1.42238,0.187665,0.181401,0.0625939,0.0740801,-0.240843,0.921414,0.152914,-0.240193,0.88153,0.213646,-0.274169,0.0943379,-0.0625424,-0.127579,0.961735,-0.123908,0.0452874,1.08303,-0.248455,-0.0892286,0.771877,-0.29642,-0.196022,0.0588396,-0.00460661,-0.286489,0.499537,-0.0880697,0.0254924,0.969259,-0.0140715,-0.0588679,1.399,-0.157479,-0.432926,0.0639563,0.00419001,-0.0761945,0.863031,-0.227991,-0.0203492,0.832912,-0.264403,-0.207602,1.19446,0.0216027
36,0.349723,-0.00941462,1.43213,0.0188222,0.286088,0.163982,0.149916,-0.105477,0.954738,0.189564,-0.115676,1.07959,0.298808,-0.312243,0.843962,0.17785,0.361955,0.185288,0.0864735,-0.0124701,0.444444,0.203697,0.0250727,0.975838,0.0487906,-0.0804184,1.42297,0.185536,0.186775,0.063693,0.0752236,-0.23464,0.910528,0.160357,-0.228517,0.872247,0.221858,-0.265106,0.0941468,-0.0625752,-0.129591,0.962251,-0.12507,0.0384243,1.08141,-0.250476,-0.101734,0.771925,-0.293482,-0.186694,0.059023,-0.00473017,-0.288397,0.499661,-0.0898352,0.0239017,0.969497,-0.0155717,-0.0611633,1.39921,-0.159658,-0.424045,0.0632451,0.00412894,-0.0855019,0.863254,-0.225974,-0.0310824,0.832234,-0.263542,-0.209028,1.19527,0.0205919
37,0.359715,-0.00995006,1.43273,0.0160726,0.283478,0.172024,0.151979,-0.105176,0.955432,0.187996,-0.110468,1.07932,0.296484,-0.299948,0.830188,0.192743,0.35774,0.199217,0.0890085,-0.0230874,0.443014,0.206828,0.024145,0.97592,0.0473972,-0.0792263,1.42361,0.183449,0.190765,0.0658764,0.0768798,-0.22767,0.900393,0.168206,-0.215768,0.863871,0.23009,-0.255781,0.0940364,-0.0628262,-0.131268,0.962685,-0.126438,0.0313717,1.08004,-0.252512,-0.114537,0.772531,-0.290405,-0.177255,0.0590737,-0.00482299,-0.288223,0.49923,-0.0918817,0.0225405,0.969754,-0.0169528,-0.0634071,1.39971,-0.161849,-0.414783,0.062857,0.00401521,-0.0951169,0.863876,-0.223918,-0.042302,0.832005,-0.262552,-0.210387,1.19615,0.0196903
38,0.369707,-0.0103607,1.43351,0.0133867,0.279994,0.181076,0.153632,-0.105148,0.956229,0.186231,-0.105074,1.07926,0.294367,-0.285883,0.817509,0.208117,0.352161,0.213892,0.0910741,-0.0344306,0.441463,0.209295,0.0235633,0.975953,0.0460607,-0.0780108,1.4244,0.181456,0.193015,0.0691257,0.0786127,-0.21985,0.890904,0.176606,-0.202053,0.856607,0.238263,-0.246376,0.0939943,-0.0629273,-0.13262,0.963254,-0.127916,0.0241327,1.07895,-0.254541,-0.127632,0.773715,-0.287204,-0.167755,0.0590788,-0.00482552,-0.285877,0.49829,-0.0941552,0.0216993,0.969854,-0.0182098,-0.0657063,1.40053,-0.164145,-0.405351,0.0626008,0.0039608,-0.104963,0.864949,-0.221722,-0.0539116,0.832142,-0.261492,-0.211637,1.19713,0.0189398
39,0.379699,-0.0107165,1.43446,0.0107751,0.275619,0.19115,0.154731,-0.104978,0.956826,0.184867,-0.0993465,1.07942,0.292218,-0.270372,0.806134,0.223756,0.345291,0.229115,0.092404,-0.0463437,0.439972,0.211028,0.0233808,0.975904,0.0447291,-0.0766114,1.42524,0.179537,0.193041,0.0725792,0.0805156,-0.211285,0.882206,0.185393,-0.187409,0.85057,0.246236,-0.236851,0.0939897,-0.0629301,-0.133702,0.964034,-0.12937,0.0167391,1.0781,-0.256543,-0.141057,0.775488,-0.283852,-0.158205,0.0590982,-0.00473347,-0.281581,0.496877,-0.096478,0.0211761,0.969934,-0.0194793,-0.068017,1.40153,-0.166272,-0.395818,0.0623871,0.00392171,-0.115049,0.866495,-0.219292,-0.0658588,0.832756,-0.260539,-0.212686,1.19823,0.0183569
40,0.389691,-0.0110104,1.4356,0.00821715,0.270516,0.201837,0.155395,-0.104461,0.957296,0.184108,-0.093397,1.07988,0.290262,-0.253515,0.796292,0.239452,0.336959,0.244523,0.0931763,-0.0586198,0.438892,0.212159,0.0236048,0.975836,0.0434312,-0.0751539,1.42623,0.177698,0.19078,0.0751075,0.0829142,-0.2021,0.874434,0.19443,-0.172059,0.84565,0.254029,-0.227212,0.0939704,-0.0629817,-0.134547,0.965075,-0.130693,0.00923228,1.07749,-0.258514,-0.154792,0.777815,-0.280357,-0.148573,0.0591306,-0.00465182,-0.27608,0.495217,-0.0984944,0.0208624,0.970161,-0.0207622,-0.07041,1.40277,-0.168306,-0.386171,0.0622118,0.00387393,-0.125707,0.868406,-0.216718,-0.0781011,0.83385,-0.259543,-0.21351,1.19946,0.0179113
41,0.399684,-0.0111849,1.43696,0.00567867,0.264803,0.212464,0.155749,-0.103516,0.957931,0.18357,-0.0872085,1.08068,0.288588,-0.23539,0.788187,0.254866,0.326356,0.259501,0.0938354,-0.0711671,0.438595,0.212882,0.0241492,0.975861,0.0422387,-0.07362,1.42737,0.175949,0.187342,0.0762792,0.0858574,-0.192341,0.867716,0.203487,-0.156172,0.842058,0.261287,-0.217488,0.0939331,-0.063127,-0.135212,0.966348,-0.131825,0.00154243,1.07723,-0.260357,-0.168738,0.780691,-0.276693,-0.138848,0.0592184,-0.00476605,-0.270189,0.493885,-0.0996913,0.0207317,0.97072,-0.0220025,-0.0727566,1.40419,-0.170241,-0.376419,0.0621053,0.0037932,-0.136326,0.870811,-0.21432,-0.090589,0.835448,-0.258228,-0.214066,1.20082,0.0175737
42,0.409676,-0.0111987,1.43852,0.00320192,0.258288,0.222277,0.155745,-0.102378,0.958846,0.182903,-0.0807273,1.08185,0.287169,-0.215969,0.781961,0.269485,0.313227,0.273274,0.0945626,-0.0838396,0.439271,0.213322,0.0250155,0.976147,0.0412214,-0.0719508,1.42867,0.174331,0.184088,0.0772945,0.0892045,-0.181944,0.862091,0.212448,-0.139872,0.839792,0.268042,-0.207687,0.0939384,-0.063368,-0.13566,0.967634,-0.132838,-0.00627582,1.07725,-0.262116,-0.182845,0.784179,-0.27284,-0.128878,0.05935,-0.00517623,-0.264264,0.493208,-0.100051,0.0208766,0.971737,-0.0231925,-0.0750695,1.4058,-0.172063,-0.366544,0.0620514,0.00365576,-0.146675,0.873664,-0.211874,-0.103274,0.837502,-0.256664,-0.214429,1.20229,0.0173526
43,0.419668,-0.0111073,1.44029,0.00080785,0.250798,0.231046,0.155457,-0.101161,0.960159,0.182147,-0.0741919,1.08336,0.285748,-0.195519,0.777699,0.283199,0.29934,0.285001,0.0945739,-0.0963622,0.440874,0.213516,0.0261165,0.976822,0.0403455,-0.0701957,1.4302,0.172826,0.181363,0.0800567,0.0924616,-0.17085,0.857543,0.221272,-0.123349,0.838741,0.274349,-0.197814,0.093962,-0.0636501,-0.135854,0.969076,-0.133692,-0.0142903,1.07758,-0.263757,-0.197036,0.788261,-0.268884,-0.118841,0.0595242,-0.00549244,-0.258234,0.49308,-0.100123,0.0213863,0.973263,-0.0242543,-0.0773317,1.40762,-0.173724,-0.356594,0.0620087,0.00351965,-0.156894,0.877024,-0.209319,-0.115975,0.839942,-0.255262,-0.214514,1.20388,0.0172471
44,0.42966,-0.0109416,1.44227,-0.00145923,0.242557,0.239375,0.155192,-0.10002,0.961889,0.181461,-0.067621,1.08528,0.284443,-0.174528,0.775269,0.29608,0.287635,0.294293,0.0929033,-0.108489,0.443229,0.213518,0.0273889,0.977984,0.0395356,-0.0683635,1.43197,0.171424,0.177653,0.084536,0.0958298,-0.158784,0.854119,0.229927,-0.106669,0.838994,0.280349,-0.187924,0.0940033,-0.0638943,-0.135764,0.970675,-0.134376,-0.0225185,1.07825,-0.265226,-0.211374,0.793053,-0.264893,-0.108841,0.0597221,-0.00568438,-0.252012,0.493147,-0.100432,0.0215944,0.975194,-0.0250596,-0.0795099,1.40964,-0.17523,-0.346627,0.0619813,0.00341735,-0.167415,0.880831,-0.206672,-0.1287,0.842909,-0.253895,-0.214203,1.20558,0.0172351
45,0.439652,-0.0107155,1.44442,-0.00355471,0.233958,0.24715,0.154554,-0.0991041,0.964069,0.180804,-0.0609867,1.0877,0.283476,-0.153319,0.774666,0.308069,0.278117,0.301203,0.090103,-0.120116,0.446137,0.213419,0.0285944,0.979656,0.0387505,-0.06633,1.43389,0.170053,0.170995,0.0901169,0.0991943,-0.145764,0.851822,0.238248,-0.0898737,0.840555,0.286054,-0.178013,0.0940838,-0.0641158,-0.135183,0.972508,-0.134983,-0.030654,1.07929,-0.266728,-0.225736,0.798426,-0.260822,-0.0988534,0.0599018,-0.0058417,-0.245733,0.49312,-0.100881,0.0221094,0.977457,-0.0257656,-0.0815772,1.41182,-0.176557,-0.336662,0.0619759,0.00333111,-0.178018,0.885105,-0.203919,-0.141624,0.846659,-0.252236,-0.213793,1.2074,0.0173515
46,0.449644,-0.0104323,1.44669,-0.00547625,0.224964,0.254026,0.153602,-0.0983907,0.966675,0.180029,-0.0542779,1.09059,0.282951,-0.131809,0.775945,0.31932,0.269218,0.306359,0.0872405,-0.131173,0.449514,0.21322,0.0292986,0.981688,0.0379686,-0.0640712,1.4359,0.168702,0.161478,0.0958987,0.102495,-0.132076,0.850719,0.246381,-0.0731233,0.843149,0.291147,-0.168063,0.0942666,-0.0643063,-0.13397,0.974646,-0.135761,-0.0388873,1.08063,-0.268099,-0.239922,0.804387,-0.256534,-0.0888948,0.0600641,-0.00596773,-0.239379,0.492936,-0.101078,0.0229402,0.979883,-0.0264136,-0.0834786,1.41415,-0.177688,-0.326695,0.0619901,0.00326141,-0.188531,0.889802,-0.201059,-0.154232,0.85075,-0.250532,-0.213021,1.20935,0.0175771
47,0.459636,-0.0100644,1.44902,-0.00726725,0.215314,0.259642,0.152587,-0.0977321,0.969604,0.178945,-0.0474651,1.09387,0.282867,-0.110281,0.778575,0.329488,0.260172,0.309991,0.084695,-0.14163,0.453374,0.212953,0.030028,0.984135,0.0372502,-0.0617309,1.43805,0.167388,0.150255,0.101129,0.105447,-0.118038,0.850697,0.253969,-0.05655,0.84662,0.295634,-0.158062,0.0945245,-0.064467,-0.132427,0.976701,-0.136674,-0.0472666,1.08222,-0.269298,-0.253865,0.810787,-0.252103,-0.0789269,0.0602752,-0.00602952,-0.232676,0.492713,-0.101,0.0240206,0.982369,-0.0270331,-0.0851772,1.41658,-0.178618,-0.316684,0.0620189,0.00318634,-0.198923,0.894885,-0.198089,-0.166701,0.855111,-0.248723,-0.211923,1.21142,0.0178951
48,0.469628,-0.00960738,1.45139,-0.00892935,0.205094,0.263804,0.151626,-0.0972759,0.972765,0.177586,-0.0405485,1.09742,0.283121,-0.0891893,0.782008,0.337963,0.250902,0.312056,0.0824614,-0.151472,0.457526,0.212487,0.0308223,0.98685,0.0366431,-0.0594517,1.44036,0.166105,0.138095,0.10528,0.107863,-0.103735,0.851541,0.26104,-0.0401881,0.850843,0.299657,-0.14809,0.0945825,-0.0646698,-0.131985,0.977846,-0.138011,-0.055537,1.08407,-0.270477,-0.267626,0.817639,-0.247542,-0.0688681,0.0605829,-0.00606906,-0.225394,0.492558,-0.100901,0.0253175,0.984852,-0.0275887,-0.0866378,1.4191,-0.1794,-0.306627,0.0620454,0.00307371,-0.20919,0.900313,-0.19501,-0.179097,0.859774,-0.246733,-0.210635,1.2136,0.0183122
49,0.47962,-0.0090666,1.45376,-0.0104813,0.194446,0.266497,0.150748,-0.0973719,0.976091,0.176498,-0.0335505,1.10116,0.283652,-0.0687212,0.785905,0.344841,0.241293,0.312647,0.0805501,-0.160883,0.461847,0.2118,0.0314313,0.989574,0.0361668,-0.0571048,1.44264,0.164831,0.125139,0.108256,0.110079,-0.0894055,0.853213,0.267582,-0.0241494,0.855659,0.303388,-0.138162,0.094512,-0.0648595,-0.131142,0.979091,-0.139257,-0.0636462,1.08614,-0.271592,-0.281184,0.824955,-0.242861,-0.0587531,0.0608544,-0.00604827,-0.217535,0.492491,-0.100915,0.0261986,0.987183,-0.0279935,-0.0878092,1.42168,-0.180076,-0.296548,0.0620739,0.00297947,-0.21934,0.906085,-0.191823,-0.191585,0.86489,-0.244517,-0.209184,1.21585,0.018835
50,0.489612,-0.0084693,1.4561,-0.0119475,0.183379,0.267741,0.15,-0.0972793,0.979699,0.175367,-0.0264583,1.10497,0.284352,-0.0490911,0.790127,0.350818,0.23132,0.311855,0.0789677,-0.169905,0.466348,0.210978,0.0322102,0.992241,0.0358261,-0.0548798,1.44491,0.163616,0.111397,0.110096,0.112087,-0.0750786,0.855613,0.273618,-0.00851869,0.860931,0.306945,-0.128149,0.0945679,-0.0649553,-0.12938,0.980785,-0.140214,-0.0715954,1.08841,-0.272608,-0.294481,0.832693,-0.238027,-0.048706,0.0608191,-0.00608155,-0.209226,0.492445,-0.100921,0.0271053,0.989335,-0.0283182,-0.0886442,1.42428,-0.180643,-0.286448,0.0621235,0.00291181,-0.229274,0.912152,-0.188565,-0.204011,0.870446,-0.242122,-0.207395,1.21817,0.0194867
51,0.499604,-0.00780374,1.45839,-0.0132922,0.171876,0.26761,0.149458,-0.0969778,0.983453,0.174098,-0.0191217,1.10901,0.285396,-0.0302877,0.794528,0.356068,0.22115,0.309672,0.077665,-0.178531,0.470981,0.210027,0.0333019,0.994822,0.0355729,-0.052824,1.44712,0.162445,0.0968677,0.110941,0.113867,-0.0606831,0.858595,0.279233,0.00675008,0.866468,0.310436,-0.118021,0.0947655,-0.064945,-0.127468,0.982571,-0.141056,-0.0793454,1.09082,-0.273507,-0.30748,0.840795,-0.233024,-0.038559,0.0608433,-0.00612776,-0.200561,0.492378,-0.100874,0.0281608,0.991321,-0.0285835,-0.0892218,1.42686,-0.181141,-0.276313,0.0621884,0.00288693,-0.238985,0.918487,-0.185201,-0.216187,0.876324,-0.239623,-0.205123,1.22056,0.0202787
52,0.509597,-0.00712542,1.46061,-0.0145545,0.160037,0.266198,0.149163,-0.0966064,0.987172,0.172787,-0.0116358,1.11315,0.286639,-0.0123348,0.798967,0.36074,0.210909,0.306064,0.0765747,-0.186663,0.475591,0.208869,0.0345666,0.997295,0.0353671,-0.050949,1.4492,0.161314,0.0815092,0.110902,0.115418,-0.0463191,0.861893,0.284239,0.0216136,0.872121,0.313921,-0.107833,0.0950032,-0.0648825,-0.125883,0.983872,-0.142076,-0.0868607,1.09331,-0.274347,-0.320162,0.849205,-0.227871,-0.0282967,0.0609918,-0.0062039,-0.191548,0.492314,-0.100784,0.0293248,0.993163,-0.0287507,-0.0895217,1.42936,-0.181697,-0.266162,0.0622539,0.00287268,-0.248599,0.925136,-0.18162,-0.228115,0.882471,-0.237009,-0.202937,1.22292,0.0210759
53,0.519589,-0.00650086,1.46266,-0.0156944,0.148248,0.263504,0.148832,-0.0962073,0.990735,0.171494,-0.00407907,1.11727,0.287953,0.00474715,0.80323,0.364821,0.200449,0.301058,0.075724,-0.194301,0.480056,0.207512,0.0357357,0.999578,0.0351959,-0.0493621,1.45117,0.16027,0.0652954,0.110045,0.11673,-0.032168,0.865496,0.288691,0.0356225,0.877721,0.317464,-0.0976813,0.0950293,-0.0649226,-0.1236,0.984636,-0.142816,-0.0941515,1.09585,-0.275098,-0.332497,0.857944,-0.222602,-0.0180579,0.0611651,-0.00619366,-0.182318,0.492272,-0.100683,0.0305523,0.994874,-0.0287966,-0.0896753,1.43173,-0.182269,-0.255943,0.0622429,0.00279688,-0.257933,0.931948,-0.17809,-0.239782,0.888851,-0.234306,-0.200833,1.22517,0.021811
54,0.529581,-0.00587653,1.46448,-0.0167256,0.136071,0.259501,0.148517,-0.0957203,0.994067,0.170233,0.0035712,1.1213,0.289282,0.0208606,0.807143,0.368174,0.189443,0.294598,0.0752555,-0.201487,0.484295,0.205992,0.0367463,1.0016,0.0350741,-0.0479284,1.45291,0.159272,0.0482379,0.108423,0.117792,-0.0183511,0.869319,0.292625,0.0491623,0.883345,0.321117,-0.0875512,0.0950773,-0.0649382,-0.12108,0.985297,-0.143534,-0.101178,1.09841,-0.275787,-0.344431,0.866944,-0.217224,-0.00788381,0.0613282,-0.00618176,-0.173127,0.492254,-0.100573,0.0319346,0.996487,-0.0287791,-0.0897741,1.43393,-0.1828,-0.245676,0.0621724,0.00262511,-0.266667,0.938753,-0.174714,-0.251145,0.895405,-0.23151,-0.198747,1.22723,0.0224478
55,0.539573,-0.00527161,1.46603,-0.0176905,0.123347,0.254263,0.148282,-0.0951331,0.997039,0.16906,0.0112264,1.12518,0.290609,0.0360385,0.810903,0.371262,0.178093,0.286761,0.0749288,-0.208254,0.48823,0.204364,0.037856,1.00344,0.0350068,-0.0466227,1.45438,0.158348,0.0303591,0.10609,0.118598,-0.00472695,0.873097,0.296282,0.0623036,0.888936,0.324808,-0.077409,0.0952278,-0.0649093,-0.119394,0.985779,-0.144123,-0.10794,1.10091,-0.276371,-0.355913,0.876108,-0.211754,0.00228804,0.0614851,-0.00618787,-0.164044,0.49224,-0.10047,0.0335502,0.997977,-0.0287826,-0.0898741,1.43595,-0.183294,-0.235472,0.0621433,0.0025611,-0.274794,0.945425,-0.171489,-0.262084,0.902078,-0.228651,-0.19675,1.22908,0.0229183
56,0.549565,-0.00464847,1.46732,-0.0185964,0.110125,0.247943,0.148142,-0.0944681,0.999556,0.167994,0.0188104,1.1289,0.291932,0.0505235,0.81442,0.373959,0.166519,0.277905,0.0748248,-0.214536,0.491889,0.202711,0.0395714,1.00522,0.0350047,-0.0454971,1.45558,0.157499,0.0116666,0.10315,0.119143,0.00862468,0.876685,0.299643,0.0749536,0.894284,0.328462,-0.067208,0.0953603,-0.0648495,-0.117331,0.986156,-0.144858,-0.114443,1.10332,-0.276887,-0.366905,0.885364,-0.206227,0.0126027,0.0616532,-0.00620661,-0.154979,0.492207,-0.100387,0.0349952,0.999298,-0.0287263,-0.0899627,1.43774,-0.183733,-0.225319,0.0621096,0.00255628,-0.282693,0.952199,-0.168192,-0.272712,0.908829,-0.225653,-0.194973,1.23064,0.0230936
57,0.559557,-0.00403889,1.46833,-0.0193932,0.0963619,0.240665,0.148081,-0.0937528,1.00159,0.167084,0.0262348,1.13243,0.293265,0.064362,0.817706,0.376218,0.154498,0.267953,0.0749419,-0.220383,0.495251,0.201024,0.0411961,1.00664,0.0350559,-0.0444499,1.4565,0.156732,-0.00802686,0.100019,0.119376,0.0216747,0.880205,0.30269,0.0871223,0.899366,0.331876,-0.0569618,0.0954366,-0.0648076,-0.114921,0.986597,-0.145954,-0.12075,1.10562,-0.277325,-0.37737,0.894634,-0.200698,0.0230834,0.0618628,-0.00625129,-0.145918,0.492129,-0.10036,0.0363365,1.00046,-0.0285747,-0.0899995,1.43928,-0.184057,-0.215131,0.0620729,0.00256421,-0.290407,0.959094,-0.164795,-0.282989,0.915642,-0.222534,-0.193554,1.23188,0.0228771
58,0.569549,-0.0033451,1.46915,-0.0201041,0.0819823,0.232461,0.148046,-0.0929638,1.00313,0.166312,0.0334309,1.13571,0.294587,0.0773505,0.820818,0.378285,0.141908,0.256916,0.075217,-0.225723,0.498285,0.199436,0.0425993,1.00765,0.0351597,-0.0434044,1.4571,0.156037,-0.0287767,0.0970031,0.119556,0.0343766,0.883656,0.305336,0.0988352,0.904164,0.33502,-0.0467217,0.095498,-0.0647655,-0.113242,0.986922,-0.147066,-0.126896,1.1078,-0.27764,-0.387306,0.903829,-0.195207,0.0334706,0.0620443,-0.00628688,-0.136829,0.491996,-0.100387,0.0377122,1.00144,-0.0284045,-0.0899496,1.44054,-0.184302,-0.204796,0.0621251,0.00257389,-0.297844,0.966064,-0.161259,-0.292852,0.922391,-0.21933,-0.192498,1.23274,0.0222234
59,0.579541,-0.00271713,1.46967,-0.0207139,0.0668861,0.223461,0.148006,-0.091974,1.00415,0.16562,0.0404068,1.13874,0.29585,0.0896326,0.823689,0.379887,0.128633,0.244867,0.0756014,-0.230532,0.500995,0.19799,0.0439262,1.0083,0.0353312,-0.0422862,1.45737,0.155422,-0.0503527,0.0941229,0.119779,0.046407,0.886953,0.307564,0.11004,0.908639,0.337895,-0.036448,0.0955735,-0.0646635,-0.111746,0.98708,-0.148004,-0.132901,1.10986,-0.277829,-0.396692,0.912857,-0.189807,0.0438183,0.0621981,-0.00627208,-0.127688,0.491749,-0.100456,0.0391841,1.00219,-0.028199,-0.0898209,1.44154,-0.184504,-0.194454,0.0621329,0.00258207,-0.304924,0.97297,-0.157617,-0.302252,0.929011,-0.216056,-0.191775,1.23314,0.0212024
60,0.589533,-0.00202801,1.46998,-0.0212192,0.0512713,0.213966,0.148031,-0.090878,1.00476,0.165076,0.0471661,1.14148,0.296986,0.101252,0.82626,0.380927,0.114566,0.231989,0.0760369,-0.234837,0.503335,0.196539,0.0452464,1.00866,0.0355195,-0.041171,1.45728,0.154877,-0.0722802,0.0908768,0.119604,0.0578123,0.890055,0.309455,0.120703,0.912775,0.340504,-0.0261221,0.0956395,-0.0645266,-0.109797,0.986676,-0.148758,-0.13849,1.1117,-0.278018,-0.405525,0.921658,-0.184554,0.05404,0.0622004,-0.00613561,-0.118489,0.491339,-0.100603,0.0407096,1.00267,-0.0279183,-0.0896321,1.44226,-0.184646,-0.18416,0.0621148,0.00257525,-0.311639,0.979585,-0.154172,-0.311196,0.935454,-0.212702,-0.191299,1.2331,0.0198998
61,0.599525,-0.00144351,1.46997,-0.0216009,0.0351133,0.204178,0.148138,-0.0897063,1.00501,0.164698,0.0536773,1.14392,0.297981,0.112189,0.828493,0.381461,0.0997088,0.218641,0.0765493,-0.238736,0.50538,0.195093,0.0466306,1.00875,0.0357045,-0.0400199,1.45703,0.154472,-0.0943828,0.0873138,0.119095,0.0685235,0.892985,0.311169,0.130854,0.916558,0.342722,-0.0157853,0.0957039,-0.0643774,-0.107537,0.986295,-0.149211,-0.143811,1.11333,-0.278224,-0.413776,0.930223,-0.179412,0.0640412,0.0619562,-0.00578609,-0.109239,0.490772,-0.100819,0.0423287,1.00288,-0.0276276,-0.0893829,1.44271,-0.184715,-0.173874,0.0620678,0.0025966,-0.317897,0.985687,-0.15111,-0.319647,0.941661,-0.209312,-0.190902,1.23267,0.0184516
62,0.609517,-0.00067656,1.46982,-0.0219393,0.0183128,0.19419,0.148325,-0.0883732,1.00488,0.164366,0.0599087,1.14609,0.298826,0.12251,0.830642,0.38211,0.0839957,0.204957,0.0771139,-0.242296,0.507156,0.193604,0.048073,1.00858,0.0358494,-0.0389378,1.45656,0.154156,-0.116682,0.0840071,0.118667,0.078859,0.895498,0.312354,0.140412,0.920003,0.344652,-0.00546393,0.0957952,-0.0642069,-0.105434,0.98582,-0.149715,-0.148974,1.11475,-0.278293,-0.421404,0.938463,-0.174239,0.0742301,0.0618456,-0.00559366,-0.0999888,0.490088,-0.101062,0.0440223,1.0028,-0.027378,-0.0890777,1.44288,-0.18472,-0.163598,0.0620019,0.00263967,-0.323742,0.991553,-0.148028,-0.327594,0.947549,-0.20594,-0.190501,1.23197,0.0170005
63,0.619509,6.00906e-05,1.46942,-0.0221792,0.000893829,0.184066,0.148565,-0.0868975,1.00442,0.164066,0.0657419,1.14787,0.299451,0.132421,0.832616,0.382602,0.0674993,0.191069,0.0776114,-0.245368,0.508602,0.192275,0.0496134,1.00812,0.0359454,-0.0378045,1.45576,0.15386,-0.139659,0.0810796,0.118229,0.0886169,0.897692,0.313293,0.149342,0.92307,0.346291,0.00492793,0.0958905,-0.0640506,-0.103483,0.984932,-0.150251,-0.15393,1.11595,-0.278145,-0.428492,0.946277,-0.169221,0.0845352,0.0618561,-0.00554684,-0.0908502,0.48934,-0.101266,0.0457494,1.00243,-0.0271811,-0.0887081,1.44281,-0.184662,-0.15332,0.0619264,0.00271872,-0.329227,0.997199,-0.144904,-0.335059,0.953097,-0.202672,-0.190079,1.23107,0.0156576
64,0.629502,0.000674207,1.46875,-0.0222911,-0.0170911,0.173952,0.148809,-0.0853297,1.00369,0.163817,0.0712337,1.14935,0.299996,0.141819,0.834445,0.383069,0.0500379,0.177098,0.0780245,-0.247952,0.509726,0.191107,0.0512052,1.00742,0.0360045,-0.0367716,1.45474,0.153628,-0.162889,0.0787063,0.117982,0.0977331,0.899564,0.314131,0.157702,0.925801,0.347701,0.0154395,0.096005,-0.0639097,-0.101578,0.984078,-0.150562,-0.15862,1.11693,-0.277866,-0.435039,0.953628,-0.16442,0.0948461,0.0619331,-0.00555486,-0.0820162,0.488546,-0.101335,0.0474987,1.00183,-0.0270846,-0.0883235,1.44249,-0.184534,-0.143038,0.0618406,0.00279919,-0.334342,1.00252,-0.141808,-0.342066,0.958276,-0.199544,-0.189601,1.2301,0.0146117
65,0.639494,0.00119926,1.46783,-0.0223156,-0.0356036,0.164034,0.149009,-0.0836777,1.00273,0.163637,0.0762745,1.15042,0.300409,0.150582,0.836095,0.383568,0.0314994,0.163159,0.078338,-0.250053,0.510545,0.190098,0.0527914,1.00647,0.0360088,-0.0356736,1.4536,0.153521,-0.186123,0.0768573,0.118236,0.106145,0.901111,0.314789,0.165539,0.928219,0.348926,0.02579,0.0961441,-0.063608,-0.0998137,0.982896,-0.150864,-0.163013,1.11769,-0.277512,-0.441041,0.960497,-0.159813,0.105295,0.062104,-0.00560252,-0.0737321,0.487695,-0.101246,0.0491966,1.00103,-0.0270633,-0.0879765,1.44193,-0.184331,-0.132702,0.0618147,0.00292354,-0.339055,1.00747,-0.138804,-0.348618,0.96312,-0.196528,-0.18913,1.22909,0.0139687
66,0.649486,0.00167701,1.46675,-0.0222808,-0.0545639,0.154468,0.149161,-0.0821078,1.00156,0.163583,0.0808459,1.15105,0.300615,0.158806,0.837519,0.383972,0.0123714,0.149635,0.0785331,-0.251618,0.511061,0.189239,0.0543741,1.00535,0.0359897,-0.0343774,1.45227,0.15344,-0.209433,0.0753653,0.118687,0.114025,0.90226,0.315262,0.172787,0.930155,0.349815,0.0360782,0.0962548,-0.0632282,-0.098171,0.98172,-0.15105,-0.167126,1.11825,-0.277124,-0.44649,0.966865,-0.155384,0.115867,0.0623762,-0.00569648,-0.0660542,0.486826,-0.100963,0.0508682,1.00006,-0.0270971,-0.087691,1.44115,-0.184065,-0.122047,0.0618428,0.00312605,-0.343334,1.01197,-0.13592,-0.35459,0.967672,-0.193445,-0.188623,1.22802,0.0137839
67,0.659478,0.00227427,1.46564,-0.0222174,-0.0739038,0.145325,0.14929,-0.0805862,1.0002,0.163571,0.0849339,1.1512,0.300614,0.16672,0.83854,0.383986,-0.00736575,0.136598,0.0785363,-0.2526,0.5112,0.188334,0.0559382,1.00412,0.0359241,-0.0330692,1.45082,0.153454,-0.232765,0.0743568,0.119219,0.121442,0.903041,0.315565,0.179438,0.931601,0.350427,0.0465437,0.0964163,-0.0630847,-0.0967411,0.98012,-0.151339,-0.170966,1.11861,-0.276734,-0.45139,0.97268,-0.151151,0.126268,0.0624051,-0.00559505,-0.0587899,0.485987,-0.100487,0.0524837,0.99895,-0.0272022,-0.0874849,1.44016,-0.183742,-0.111504,0.0617321,0.00328171,-0.3472,1.01601,-0.133157,-0.359842,0.971838,-0.1901,-0.188015,1.22677,0.0140367
68,0.66947,0.00281414,1.46442,-0.0220963,-0.093542,0.136674,0.149336,-0.0790267,0.998616,0.163583,0.088554,1.15098,0.300556,0.173949,0.839217,0.384058,-0.027706,0.124121,0.0784045,-0.253012,0.510914,0.18733,0.0574543,1.00282,0.035805,-0.0319087,1.44915,0.153538,-0.256057,0.0739532,0.119897,0.128314,0.903445,0.315767,0.1855,0.932582,0.350766,0.0569729,0.096532,-0.0630064,-0.0953698,0.978537,-0.151508,-0.174546,1.11871,-0.276266,-0.455765,0.977907,-0.147126,0.136649,0.0624116,-0.00550194,-0.0521425,0.485147,-0.100017,0.0539533,0.997759,-0.0273743,-0.0873704,1.439,-0.183359,-0.101072,0.0615933,0.00335977,-0.350657,1.01957,-0.130464,-0.364605,0.975464,-0.186997,-0.187294,1.2252,0.0146479
69,0.679462,0.00326364,1.46309,-0.0219184,-0.113404,0.128735,0.149364,-0.0775185,0.996885,0.163731,0.091732,1.1504,0.300449,0.180465,0.8396,0.38426,-0.0486526,0.112376,0.0782476,-0.252826,0.510224,0.186177,0.0589145,1.00149,0.035682,-0.0307109,1.44747,0.153754,-0.279256,0.0741615,0.120738,0.133901,0.9033,0.316194,0.190961,0.933066,0.350842,0.0673016,0.0965655,-0.0628995,-0.0939485,0.977158,-0.151468,-0.177706,1.11858,-0.275675,-0.45962,0.982504,-0.143319,0.147081,0.062509,-0.00544201,-0.04568,0.484307,-0.099691,0.055315,0.996494,-0.0275622,-0.0873654,1.4377,-0.18291,-0.0907486,0.061497,0.00334736,-0.353702,1.02261,-0.127867,-0.368905,0.978561,-0.184152,-0.18642,1.22321,0.0155178
70,0.689454,0.00363239,1.46169,-0.0216699,-0.133524,0.121531,0.149382,-0.0758997,0.995031,0.163846,0.0944822,1.14946,0.300291,0.18629,0.839645,0.384444,-0.0701128,0.101525,0.0779359,-0.251982,0.50922,0.184998,0.0602885,1.00013,0.0355662,-0.029602,1.44568,0.154066,-0.302188,0.0749612,0.121696,0.138763,0.902784,0.316554,0.195832,0.933195,0.350855,0.0775525,0.0965755,-0.0627776,-0.092431,0.976068,-0.151174,-0.180441,1.11821,-0.274992,-0.462939,0.986435,-0.139745,0.157522,0.0626956,-0.00547921,-0.0393714,0.483409,-0.0995865,0.0565787,0.995199,-0.0277179,-0.0874867,1.43629,-0.182403,-0.0805055,0.0614508,0.00326997,-0.356322,1.02509,-0.125402,-0.372734,0.981166,-0.181523,-0.185376,1.22084,0.0165821
71,0.699446,0.00393604,1.46029,-0.0213327,-0.153809,0.115141,0.149405,-0.0741144,0.993023,0.16384,0.0967759,1.14817,0.300068,0.191417,0.839354,0.384592,-0.0923465,0.0913902,0.0770254,-0.250562,0.507905,0.183632,0.0615969,0.998762,0.0354635,-0.0286091,1.44382,0.15444,-0.324919,0.0764697,0.122714,0.143006,0.901923,0.316801,0.200068,0.932939,0.350783,0.0878955,0.0967015,-0.0627596,-0.0913117,0.974809,-0.150902,-0.182822,1.11763,-0.274231,-0.465747,0.98967,-0.136429,0.167988,0.0629355,-0.00554956,-0.0329948,0.482571,-0.099558,0.0577896,0.993918,-0.0278448,-0.0877044,1.43485,-0.18182,-0.0700669,0.0613573,0.00334106,-0.358552,1.02704,-0.123075,-0.376104,0.983257,-0.179111,-0.184149,1.21821,0.0177701
72,0.709438,0.00413449,1.45886,-0.0209107,-0.17434,0.109621,0.149079,-0.0724498,0.991002,0.164013,0.0986792,1.14658,0.299764,0.195776,0.83873,0.384717,-0.114681,0.0825958,0.0761406,-0.248543,0.506284,0.182172,0.0628101,0.997395,0.0353733,-0.0275946,1.44189,0.154848,-0.347257,0.0785753,0.123816,0.146543,0.900705,0.316986,0.203615,0.932198,0.35043,0.0983057,0.0968341,-0.0628066,-0.0902383,0.973528,-0.150593,-0.184853,1.11685,-0.273363,-0.468053,0.992155,-0.133392,0.178552,0.0632797,-0.0056819,-0.0266139,0.481898,-0.0995349,0.0588692,0.992683,-0.0279142,-0.0879849,1.43336,-0.181151,-0.0595909,0.0612647,0.00340344,-0.36039,1.02846,-0.120839,-0.378861,0.984726,-0.17678,-0.182753,1.2155,0.0190563
73,0.71943,0.00426772,1.4574,-0.0203742,-0.195146,0.10502,0.148013,-0.0709455,0.988991,0.164368,0.100204,1.14473,0.299401,0.199276,0.837789,0.384815,-0.136932,0.0753289,0.075288,-0.246015,0.504349,0.180514,0.0639024,0.995996,0.0353039,-0.0265114,1.4399,0.155277,-0.369144,0.0815382,0.124911,0.149226,0.899163,0.317114,0.20649,0.93109,0.350027,0.108689,0.097043,-0.0628891,-0.0902256,0.971737,-0.150395,-0.186513,1.11588,-0.272397,-0.469851,0.993862,-0.130635,0.189255,0.0637757,-0.00583426,-0.0204469,0.481311,-0.0995223,0.0598158,0.991512,-0.0279673,-0.0883202,1.43187,-0.180413,-0.0490869,0.0612075,0.00338127,-0.361821,1.0293,-0.118734,-0.380975,0.985599,-0.174524,-0.181257,1.21299,0.0203955
74,0.729422,0.00435542,1.45592,-0.0197486,-0.215293,0.101648,0.147196,-0.0694281,0.98692,0.16469,0.10139,1.14266,0.29902,0.201872,0.836477,0.384857,-0.159004,0.0694164,0.0740556,-0.243098,0.502219,0.178896,0.0648503,0.994554,0.0352472,-0.0256241,1.43793,0.155859,-0.390358,0.0855378,0.125909,0.150919,0.897302,0.317197,0.208619,0.929483,0.349346,0.11897,0.097413,-0.0630062,-0.0901737,0.970106,-0.150112,-0.187777,1.11476,-0.271347,-0.471167,0.994775,-0.128161,0.199843,0.0642562,-0.00590317,-0.0144307,0.48075,-0.0995521,0.0606345,0.990364,-0.0280016,-0.088735,1.43039,-0.179596,-0.0384967,0.0611642,0.00327111,-0.362833,1.02955,-0.116792,-0.382505,0.985868,-0.172429,-0.17973,1.2108,0.0217136
75,0.739415,0.00437143,1.45439,-0.0190918,-0.234643,0.0993576,0.146192,-0.0679407,0.98483,0.165042,0.102266,1.14039,0.298627,0.203557,0.834795,0.384816,-0.180444,0.0647527,0.072656,-0.239894,0.499905,0.177345,0.0656151,0.993063,0.0351801,-0.0249366,1.43596,0.156579,-0.410557,0.0908229,0.126736,0.151628,0.895135,0.317207,0.21001,0.927377,0.348378,0.129131,0.0979765,-0.0631734,-0.0898055,0.968765,-0.149716,-0.188642,1.11348,-0.270224,-0.471971,0.994869,-0.12599,0.210255,0.0647204,-0.00590034,-0.00855946,0.480169,-0.0996377,0.0612078,0.98917,-0.0279757,-0.0892065,1.4289,-0.178722,-0.0278793,0.0611343,0.00315127,-0.363434,1.02919,-0.115005,-0.383499,0.985518,-0.170519,-0.178255,1.20891,0.0229521
76,0.749407,0.00433625,1.45281,-0.0183869,-0.252911,0.0979975,0.145118,-0.0665169,0.982764,0.16543,0.102846,1.13793,0.29826,0.204299,0.832731,0.384707,-0.201082,0.0609555,0.0712176,-0.236561,0.497356,0.175803,0.0662418,0.991516,0.0351151,-0.024433,1.43403,0.157398,-0.42931,0.0976364,0.127243,0.151678,0.892601,0.317069,0.210649,0.924805,0.34734,0.139247,0.0987458,-0.0634177,-0.0891802,0.967611,-0.149198,-0.189121,1.11207,-0.269032,-0.472262,0.994121,-0.124114,0.220523,0.0652309,-0.00582131,-0.00284288,0.479639,-0.0998014,0.0616387,0.987929,-0.0279221,-0.0897076,1.42742,-0.177757,-0.0172982,0.0610855,0.00304478,-0.363661,1.02829,-0.113351,-0.38394,0.984543,-0.168792,-0.176935,1.20721,0.0240333
77,0.759399,0.00425169,1.45119,-0.0175955,-0.269848,0.0974604,0.144158,-0.0654965,0.980669,0.165897,0.10314,1.1353,0.297958,0.203964,0.830218,0.384579,-0.220366,0.0580382,0.0698702,-0.233218,0.49462,0.174302,0.066711,0.989878,0.0351129,-0.0240963,1.4321,0.158325,-0.446289,0.106058,0.127207,0.151102,0.889772,0.31689,0.210552,0.921793,0.346238,0.149298,0.0995972,-0.0636399,-0.0885915,0.966504,-0.148599,-0.189192,1.11049,-0.267823,-0.472073,0.992531,-0.122517,0.230824,0.0661175,-0.0058432,0.00269684,0.479185,-0.100066,0.0619703,0.986622,-0.0278542,-0.0902575,1.42592,-0.176702,-0.00674708,0.0609249,0.00298419,-0.363494,1.0268,-0.111883,-0.383833,0.982922,-0.167276,-0.175928,1.20553,0.0249012
78,0.769391,0.00412685,1.44959,-0.0166846,-0.285263,0.0977302,0.143587,-0.0648165,0.978559,0.166441,0.103164,1.13251,0.297771,0.202506,0.827246,0.384437,-0.237841,0.0559492,0.0692244,-0.22999,0.491782,0.172642,0.0670232,0.98817,0.0351935,-0.023801,1.43008,0.159349,-0.461238,0.115642,0.126456,0.149784,0.886683,0.316692,0.209701,0.918306,0.345048,0.159175,0.100581,-0.0638743,-0.0891447,0.964803,-0.148142,-0.18891,1.10878,-0.266601,-0.471408,0.990081,-0.121214,0.241085,0.0674684,-0.00598614,0.00791553,0.478745,-0.100463,0.0621944,0.985221,-0.0276634,-0.0908822,1.4244,-0.175538,0.00381725,0.0606924,0.00293548,-0.362924,1.02469,-0.110608,-0.383129,0.980679,-0.165923,-0.175354,1.20376,0.0255195
79,0.779383,0.00396113,1.448,-0.0156443,-0.298942,0.0986873,0.14359,-0.0643955,0.976459,0.167067,0.102915,1.12959,0.297682,0.200227,0.823902,0.384056,-0.253217,0.0542171,0.0698842,-0.226975,0.489058,0.170524,0.0672205,0.986436,0.0354024,-0.023625,1.42805,0.160476,-0.473813,0.125164,0.125278,0.147493,0.883312,0.316336,0.208084,0.914364,0.343767,0.168812,0.101735,-0.0641226,-0.0895304,0.963204,-0.147636,-0.188298,1.10694,-0.265372,-0.470228,0.986787,-0.120188,0.251248,0.069212,-0.00624465,0.0126122,0.478364,-0.100984,0.0622568,0.983718,-0.0273144,-0.0915401,1.42286,-0.174302,0.0143548,0.0605459,0.00267879,-0.361945,1.022,-0.109444,-0.38186,0.977828,-0.164734,-0.175161,1.20182,0.0259269
80,0.789375,0.00375567,1.44644,-0.0144364,-0.31073,0.100106,0.144165,-0.0643093,0.974381,0.167758,0.102395,1.12653,0.297719,0.197144,0.82018,0.38343,-0.266238,0.0526484,0.0717119,-0.22429,0.486732,0.167968,0.0673541,0.984688,0.0358339,-0.0236143,1.42612,0.161766,-0.483999,0.133722,0.123696,0.144437,0.879523,0.315478,0.205698,0.909994,0.342439,0.178206,0.102997,-0.0643848,-0.0895636,0.961881,-0.147041,-0.187375,1.10501,-0.264159,-0.468516,0.982653,-0.119426,0.261354,0.0712783,-0.00665126,0.0168084,0.478002,-0.101577,0.0622108,0.982195,-0.0268432,-0.0922027,1.42133,-0.172992,0.0249754,0.0603891,0.00240089,-0.36055,1.01871,-0.108434,-0.38001,0.974326,-0.163705,-0.175246,1.19977,0.0262563
81,0.799367,0.00348232,1.44494,-0.0130848,-0.320576,0.101812,0.144672,-0.0646271,0.972314,0.168488,0.101592,1.12334,0.297855,0.19316,0.816036,0.382591,-0.276859,0.0510557,0.0738765,-0.222368,0.484839,0.165504,0.0673616,0.982915,0.036536,-0.0236108,1.42417,0.163121,-0.492113,0.141233,0.121157,0.140745,0.875619,0.314598,0.202529,0.905233,0.3411,0.187597,0.104488,-0.0648315,-0.0890454,0.960922,-0.146391,-0.186129,1.10302,-0.262956,-0.466303,0.977686,-0.11892,0.271321,0.0736668,-0.00703374,0.0205217,0.477631,-0.102192,0.0621175,0.980706,-0.0261902,-0.0928471,1.41986,-0.171612,0.0357289,0.0601494,0.002101,-0.358743,1.01484,-0.107625,-0.377532,0.970174,-0.162851,-0.175554,1.19777,0.0266594
82,0.809359,0.00310315,1.4435,-0.0116039,-0.32824,0.103266,0.144615,-0.0649784,0.970343,0.169142,0.100492,1.12007,0.298106,0.187943,0.811507,0.381751,-0.285153,0.049428,0.0755329,-0.221351,0.483277,0.163699,0.0671778,0.981186,0.037469,-0.0235835,1.42222,0.164536,-0.498111,0.147203,0.11788,0.136743,0.871481,0.313721,0.198582,0.90016,0.3398,0.196932,0.106245,-0.0654789,-0.0881584,0.960195,-0.145658,-0.184595,1.10101,-0.261748,-0.46356,0.971908,-0.1187,0.281147,0.0763788,-0.00740252,0.023835,0.4772,-0.102797,0.0619796,0.979241,-0.0253258,-0.0934693,1.41849,-0.170169,0.0466026,0.0598681,0.00186303,-0.356527,1.01039,-0.10704,-0.374476,0.965419,-0.162217,-0.176032,1.19594,0.0272652
83,0.819351,0.00265524,1.44215,-0.00999688,-0.333349,0.10381,0.143834,-0.0653741,0.96851,0.169717,0.0990821,1.11674,0.298461,0.181494,0.806649,0.38083,-0.290979,0.0476723,0.0761463,-0.221544,0.481962,0.162558,0.0668116,0.97957,0.0385401,-0.0236934,1.42039,0.166135,-0.50175,0.151052,0.114486,0.131625,0.867308,0.312839,0.193845,0.894831,0.338554,0.206158,0.108198,-0.0663339,-0.0881965,0.959126,-0.145134,-0.182759,1.09899,-0.260548,-0.460244,0.965356,-0.118765,0.290825,0.0793941,-0.00778942,0.0267549,0.476692,-0.103442,0.0617094,0.977845,-0.0242951,-0.0941223,1.41722,-0.168634,0.0575829,0.059523,0.00167829,-0.353858,1.00537,-0.106689,-0.371168,0.960265,-0.162206,-0.176606,1.19435,0.0281615
84,0.829343,0.00218312,1.44089,-0.00827456,-0.335455,0.103326,0.14239,-0.0659252,0.966815,0.170257,0.0973295,1.11335,0.298908,0.174157,0.801498,0.379579,-0.293049,0.0467656,0.0754572,-0.22307,0.481057,0.161801,0.0663669,0.97815,0.0397167,-0.0238744,1.41859,0.167854,-0.502984,0.152068,0.111137,0.125409,0.8632,0.311892,0.18834,0.889338,0.337351,0.215155,0.110185,-0.0672043,-0.0886865,0.95788,-0.144662,-0.180622,1.097,-0.259372,-0.456363,0.958066,-0.119129,0.300408,0.08274,-0.00837585,0.0292143,0.47611,-0.1041,0.0612933,0.976535,-0.0231708,-0.0948129,1.41605,-0.167006,0.0686302,0.0591082,0.00157082,-0.350731,0.999815,-0.106565,-0.36721,0.954693,-0.162423,-0.177245,1.193,0.0293772
85,0.839335,0.00165427,1.43967,-0.00643584,-0.334396,0.102271,0.140547,-0.0666795,0.965288,0.170811,0.0952274,1.10988,0.299463,0.165982,0.796099,0.37804,-0.290873,0.0469054,0.0742941,-0.225739,0.480583,0.161188,0.0658496,0.976933,0.0408842,-0.024146,1.41688,0.169655,-0.502172,0.149268,0.107223,0.11834,0.859189,0.310808,0.182073,0.883715,0.336229,0.223884,0.11221,-0.0680736,-0.0890336,0.956708,-0.144161,-0.178178,1.09501,-0.258212,-0.451894,0.950053,-0.119839,0.309913,0.0864462,-0.00906989,0.031166,0.475445,-0.10474,0.0607863,0.975373,-0.022079,-0.0955519,1.41499,-0.165297,0.0796608,0.0587504,0.00151589,-0.347136,0.993755,-0.106658,-0.362553,0.948678,-0.1628,-0.177934,1.19177,0.0308774
86,0.849328,0.000981761,1.4384,-0.00456416,-0.330572,0.100873,0.138595,-0.0676386,0.964026,0.171419,0.092773,1.10637,0.300112,0.156719,0.790568,0.376509,-0.285004,0.0475935,0.0732071,-0.229222,0.480392,0.16083,0.0651539,0.975855,0.0419399,-0.0244852,1.41519,0.171528,-0.499735,0.14232,0.102322,0.110487,0.855262,0.309559,0.174981,0.877857,0.335257,0.232338,0.114383,-0.068941,-0.0892292,0.955539,-0.143517,-0.175414,1.09305,-0.257063,-0.446774,0.941385,-0.120918,0.319369,0.0906069,-0.00981867,0.0325069,0.474671,-0.105351,0.0601184,0.97432,-0.021082,-0.0963793,1.41403,-0.163509,0.0909196,0.0584401,0.00127943,-0.343064,0.987229,-0.107004,-0.357265,0.942237,-0.163441,-0.178659,1.19058,0.0326026
87,0.85932,0.000238695,1.43718,-0.00264845,-0.325021,0.0989976,0.136853,-0.0687965,0.963057,0.17211,0.0899668,1.10281,0.300838,0.146376,0.784997,0.375014,-0.276711,0.0484468,0.0724669,-0.233111,0.480224,0.160508,0.0642359,0.974869,0.0428709,-0.0249487,1.41362,0.173494,-0.495989,0.132622,0.0970426,0.102162,0.851223,0.308199,0.167168,0.871973,0.334311,0.240666,0.116875,-0.0699366,-0.0894406,0.954439,-0.142832,-0.172333,1.09113,-0.255915,-0.440987,0.932102,-0.12239,0.328576,0.0949686,-0.0107214,0.0331994,0.473744,-0.105961,0.059225,0.97334,-0.0202071,-0.0972542,1.41318,-0.161655,0.102259,0.058071,0.00110805,-0.338508,0.980273,-0.107662,-0.351529,0.935504,-0.164751,-0.179358,1.18935,0.0345008
88,0.869312,-0.000390814,1.43621,-0.000610287,-0.319028,0.0968395,0.135601,-0.070171,0.962384,0.172882,0.0868434,1.09922,0.301629,0.135225,0.779417,0.373356,-0.26804,0.0492681,0.0722247,-0.237154,0.479845,0.160037,0.0630654,0.973943,0.0436691,-0.0254032,1.41208,0.175477,-0.491422,0.122641,0.0923572,0.0931057,0.847419,0.306673,0.158663,0.86612,0.333363,0.248814,0.119481,-0.0711735,-0.0901028,0.953329,-0.142066,-0.168939,1.08924,-0.254791,-0.434517,0.922257,-0.124261,0.337415,0.0996708,-0.0117436,0.0332523,0.472659,-0.10659,0.057998,0.972404,-0.0194179,-0.0981167,1.41242,-0.159774,0.113634,0.0576544,0.000975637,-0.333427,0.972929,-0.108595,-0.345098,0.928422,-0.166367,-0.18005,1.18807,0.0365076
89,0.879304,-0.00104067,1.43534,0.00147805,-0.313148,0.0950202,0.134887,-0.0718314,0.962037,0.173739,0.0834155,1.09563,0.302471,0.123301,0.773989,0.371355,-0.25979,0.0504787,0.0723851,-0.241063,0.479224,0.159495,0.0615884,0.973096,0.0443695,-0.0258626,1.41057,0.177471,-0.486263,0.11372,0.0884928,0.0835346,0.843617,0.305006,0.149438,0.860339,0.332413,0.256699,0.122533,-0.0724991,-0.0912119,0.952224,-0.14128,-0.165248,1.08741,-0.253727,-0.427345,0.911905,-0.12658,0.346073,0.105091,-0.0126711,0.0326294,0.471438,-0.107224,0.056302,0.97154,-0.0186724,-0.098966,1.41176,-0.157873,0.124936,0.0572805,0.000798713,-0.327856,0.965241,-0.109804,-0.337858,0.921249,-0.168031,-0.180797,1.18686,0.0385809
90,0.889296,-0.00171953,1.43461,0.00359243,-0.307304,0.0936005,0.13471,-0.0737889,0.962006,0.174642,0.0796705,1.09206,0.303354,0.110411,0.768837,0.369302,-0.251818,0.052149,0.0728252,-0.244524,0.478755,0.159252,0.0598844,0.972344,0.0450778,-0.0263773,1.40912,0.179556,-0.480544,0.105679,0.0856729,0.0735005,0.839941,0.303169,0.139498,0.854679,0.331438,0.264215,0.126188,-0.073856,-0.0930843,0.951016,-0.140625,-0.161301,1.0857,-0.252766,-0.419404,0.901088,-0.129394,0.353976,0.110827,-0.0135777,0.0312545,0.470123,-0.107831,0.0541183,0.970767,-0.0178564,-0.0997798,1.41124,-0.155977,0.135992,0.0570599,0.000610242,-0.321804,0.957351,-0.111212,-0.329987,0.913843,-0.169994,-0.181651,1.18589,0.0406779
91,0.899288,-0.00240816,1.4341,0.00574313,-0.301155,0.0923597,0.134974,-0.0759761,0.962294,0.17549,0.0755961,1.08856,0.304248,0.0966479,0.763983,0.367185,-0.243698,0.0538505,0.0734482,-0.247492,0.479002,0.159595,0.0580509,0.971719,0.0459039,-0.0270506,1.40785,0.181681,-0.474433,0.0978845,0.0843152,0.0628302,0.836694,0.301218,0.12889,0.849213,0.330414,0.27102,0.129879,-0.0751264,-0.0959841,0.949485,-0.140277,-0.157105,1.08411,-0.251776,-0.410656,0.889875,-0.132746,0.361311,0.11732,-0.0142079,0.0290095,0.468745,-0.108449,0.0522347,0.970087,-0.0170637,-0.100512,1.41092,-0.15413,0.146665,0.0570644,0.000506511,-0.31522,0.94927,-0.112888,-0.321479,0.906215,-0.172469,-0.182601,1.18525,0.0427083
92,0.90928,-0.00311439,1.43376,0.00793959,-0.294484,0.0912391,0.135411,-0.0783625,0.962812,0.176273,0.0711828,1.08523,0.305109,0.0821447,0.759584,0.364966,-0.235261,0.0553003,0.0740212,-0.250332,0.480068,0.160376,0.0561992,0.971243,0.0469076,-0.0278436,1.40679,0.18383,-0.467935,0.0903894,0.0844458,0.0515847,0.833834,0.299119,0.117667,0.843956,0.32927,0.276911,0.133606,-0.0761681,-0.0989803,0.94776,-0.139977,-0.152516,1.08269,-0.250524,-0.401071,0.87835,-0.136721,0.367621,0.124507,-0.01458,0.0257373,0.467323,-0.109291,0.0508312,0.969483,-0.0162654,-0.101099,1.41088,-0.152337,0.157129,0.0569564,0.000505774,-0.307989,0.940648,-0.115339,-0.312223,0.898483,-0.17544,-0.183736,1.18502,0.0445835
93,0.919272,-0.00385382,1.43362,0.0101891,-0.287018,0.0903971,0.135983,-0.080874,0.963503,0.177049,0.0664288,1.08211,0.305919,0.0671812,0.755861,0.362628,-0.226462,0.0563209,0.0745105,-0.253534,0.481272,0.161137,0.054349,0.970934,0.0480887,-0.0285031,1.406,0.185998,-0.460701,0.0838588,0.085543,0.0394098,0.831568,0.297074,0.105758,0.839073,0.327977,0.281792,0.137775,-0.0770576,-0.10106,0.947039,-0.13925,-0.147635,1.08154,-0.249055,-0.390593,0.866622,-0.141368,0.37266,0.132553,-0.0148298,0.0212309,0.465855,-0.110721,0.0494452,0.968973,-0.0154167,-0.101505,1.41113,-0.150566,0.167503,0.0564005,0.000488061,-0.300159,0.931796,-0.118333,-0.30219,0.890751,-0.178878,-0.185087,1.18522,0.0462609
94,0.929264,-0.00446318,1.43375,0.0124831,-0.278507,0.0900469,0.13671,-0.083373,0.964276,0.177827,0.0613287,1.07923,0.306688,0.0517397,0.752875,0.360164,-0.216983,0.0572387,0.0751147,-0.25702,0.481971,0.162049,0.0525773,0.970785,0.0494142,-0.0293706,1.40543,0.188142,-0.452444,0.0786846,0.0867656,0.0265102,0.829843,0.295058,0.0932295,0.834661,0.326525,0.285606,0.142537,-0.0779871,-0.102533,0.947021,-0.138247,-0.142562,1.08074,-0.247512,-0.379167,0.854819,-0.1466,0.376379,0.141804,-0.0150221,0.0154952,0.464352,-0.112931,0.0480462,0.968573,-0.0144551,-0.101754,1.41165,-0.148804,0.177295,0.0560844,0.0004135,-0.291852,0.923141,-0.121434,-0.291341,0.883033,-0.182696,-0.186598,1.18578,0.0476964
95,0.939256,-0.00505312,1.43398,0.0147313,-0.26944,0.0900009,0.137083,-0.0856924,0.965048,0.17861,0.0558648,1.07662,0.307421,0.0354406,0.750272,0.357001,-0.206974,0.0579925,0.0756467,-0.260349,0.482243,0.163339,0.0509688,0.970778,0.0508533,-0.0305228,1.40507,0.190213,-0.443353,0.0746287,0.0874432,0.0137038,0.828551,0.292544,0.0802231,0.830739,0.324867,0.288265,0.147803,-0.0791567,-0.103548,0.946701,-0.137241,-0.137357,1.08028,-0.245855,-0.366769,0.843077,-0.152459,0.378502,0.152167,-0.0154339,0.0086949,0.462719,-0.115721,0.0461248,0.968095,-0.013022,-0.10188,1.41237,-0.147079,0.186355,0.0562417,0.000226996,-0.283045,0.914722,-0.124666,-0.279608,0.875408,-0.186796,-0.188196,1.18654,0.048883
96,0.949248,-0.00562518,1.43426,0.0168878,-0.260173,0.0899259,0.137223,-0.087714,0.965789,0.179448,0.0500463,1.07427,0.30815,0.0187456,0.748296,0.353818,-0.19677,0.0585279,0.0758807,-0.262901,0.482386,0.164938,0.049621,0.970931,0.052269,-0.0316302,1.405,0.192227,-0.433895,0.0713556,0.0874415,0.000988521,0.827706,0.289584,0.0667256,0.82742,0.322981,0.289652,0.153551,-0.0805982,-0.104146,0.946263,-0.135911,-0.132244,1.08008,-0.244207,-0.353307,0.83146,-0.158994,0.379097,0.16384,-0.0163892,0.00101008,0.460881,-0.118805,0.0445193,0.967785,-0.0115508,-0.101858,1.41322,-0.145405,0.19469,0.056881,-0.000125254,-0.273442,0.906204,-0.128326,-0.266814,0.868076,-0.190929,-0.189799,1.18738,0.0498506
97,0.959241,-0.00606622,1.43459,0.0189274,-0.250667,0.0899622,0.137045,-0.0893527,0.966439,0.1804,0.0439072,1.07217,0.308914,0.00179773,0.747158,0.351106,-0.186459,0.0588732,0.0757907,-0.264123,0.482359,0.16667,0.0486338,0.971267,0.0535501,-0.0326505,1.40519,0.19418,-0.424391,0.0688296,0.0871194,-0.0120512,0.827387,0.286406,0.0528548,0.824565,0.320935,0.2899,0.159817,-0.0822817,-0.104687,0.9465,-0.134503,-0.127075,1.08008,-0.242504,-0.338722,0.820031,-0.166161,0.378112,0.176851,-0.0181634,-0.00752692,0.458961,-0.121805,0.043369,0.967622,-0.0102063,-0.101683,1.41408,-0.143773,0.202313,0.0580389,-0.00071316,-0.263115,0.897725,-0.132403,-0.253384,0.861106,-0.195364,-0.191322,1.18819,0.0506278
98,0.969233,-0.00628628,1.43501,0.0208721,-0.240873,0.0901116,0.136519,-0.0905605,0.967002,0.181496,0.037431,1.0703,0.309601,-0.0156694,0.746331,0.34742,-0.175838,0.0593022,0.0756334,-0.263925,0.482027,0.168263,0.0480373,0.971804,0.0546779,-0.0338876,1.40554,0.196023,-0.414679,0.0671949,0.0869261,-0.0255913,0.827631,0.283037,0.038478,0.822295,0.318639,0.289185,0.166796,-0.0842222,-0.10496,0.946974,-0.133108,-0.12194,1.0802,-0.240829,-0.323236,0.809088,-0.173873,0.375819,0.190659,-0.0206866,-0.0169677,0.457062,-0.124347,0.0425838,0.967527,-0.00899183,-0.101362,1.41492,-0.142221,0.209052,0.0599417,-0.00155489,-0.252244,0.88948,-0.136804,-0.239348,0.854535,-0.200109,-0.192694,1.18895,0.0512598
99,0.979225,-0.00636365,1.43548,0.0227464,-0.230692,0.0902642,0.13615,-0.0913623,0.967504,0.182759,0.0306139,1.06863,0.31012,-0.033311,0.746223,0.343389,-0.164861,0.0599104,0.0757163,-0.262597,0.481402,0.169633,0.0477602,0.972465,0.0557323,-0.0352857,1.40598,0.197794,-0.404501,0.0661445,0.0868081,-0.0395317,0.828387,0.279453,0.0237862,0.820565,0.316135,0.287527,0.174587,-0.0862976,-0.104754,0.94765,-0.131771,-0.116879,1.08039,-0.239268,-0.306911,0.798598,-0.181936,0.372226,0.205117,-0.0235991,-0.0270725,0.455215,-0.126245,0.0421592,0.967417,-0.00788736,-0.100883,1.41569,-0.140771,0.214512,0.062949,-0.00282081,-0.240782,0.881553,-0.14151,-0.224703,0.848444,-0.205083,-0.193887,1.18965,0.0517796
100,0.989217,-0.00632551,1.43604,0.0245669,-0.220243,0.0904182,0.135698,-0.0917798,0.968065,0.184106,0.0235913,1.06713,0.310718,-0.0510091,0.746846,0.338686,-0.153874,0.0602585,0.075748,-0.260319,0.480619,0.170908,0.047546,0.972998,0.0567777,-0.0366917,1.40656,0.199525,-0.393961,0.0653838,0.0867407,-0.0535387,0.82965,0.275902,0.00882171,0.819305,0.313497,0.285045,0.183271,-0.0883696,-0.104682,0.94831,-0.130735,-0.111753,1.0806,-0.237825,-0.289711,0.788787,-0.190303,0.367243,0.220299,-0.0263878,-0.0378585,0.453371,-0.127522,0.0421162,0.967208,-0.00690079,-0.100181,1.41645,-0.139434,0.218251,0.067268,-0.0046309,-0.22848,0.87399,-0.146581,-0.20952,0.843038,-0.210155,-0.194858,1.19033,0.0521834
101,0.999209,-0.00603255,1.43684,0.0263508,-0.209469,0.0906377,0.135314,-0.0919674,0.968783,0.185408,0.0163554,1.0658,0.311398,-0.0688296,0.748197,0.333852,-0.142873,0.0604183,0.0756976,-0.257072,0.479812,0.172171,0.0468558,0.973098,0.0577589,-0.0379499,1.40733,0.20123,-0.383158,0.0648792,0.0867249,-0.0676133,0.8314,0.272261,-0.00638655,0.81853,0.310738,0.281609,0.192799,-0.0903039,-0.10477,0.94899,-0.129785,-0.106313,1.08081,-0.236397,-0.271652,0.779746,-0.198945,0.360724,0.236034,-0.0288575,-0.049342,0.451703,-0.12838,0.0424183,0.966854,-0.00606044,-0.0992226,1.41723,-0.138216,0.219925,0.0726322,-0.00699038,-0.215881,0.866942,-0.151969,-0.193996,0.838464,-0.215404,-0.195584,1.19106,0.0524863
102,1.0092,-0.00573896,1.43778,0.0281008,-0.19851,0.0908355,0.134983,-0.0919946,0.969678,0.186544,0.00882764,1.0647,0.311935,-0.0868502,0.75018,0.329075,-0.131733,0.0605452,0.0756622,-0.252785,0.479043,0.173368,0.0463413,0.973058,0.0584971,-0.0391054,1.4083,0.202887,-0.372128,0.0645772,0.0867146,-0.0817176,0.833626,0.268438,-0.0217872,0.81825,0.30784,0.277027,0.202853,-0.0919683,-0.103281,0.949636,-0.129219,-0.10072,1.08113,-0.235093,-0.252842,0.771586,-0.207746,0.351984,0.251939,-0.031068,-0.0612954,0.45049,-0.129276,0.0429962,0.966389,-0.00534659,-0.0979663,1.41805,-0.137151,0.219095,0.077733,-0.0100912,-0.203062,0.860567,-0.157657,-0.178254,0.834739,-0.220853,-0.196031,1.19189,0.0527014
103,1.01919,-0.00523406,1.43901,0.0298265,-0.187346,0.0909506,0.134995,-0.0919269,0.970768,0.18752,0.00103491,1.06391,0.312327,-0.105057,0.752811,0.324339,-0.120437,0.0606922,0.0757024,-0.247574,0.478266,0.174303,0.0464284,0.973116,0.058956,-0.0402063,1.40945,0.204465,-0.360949,0.0643398,0.08677,-0.0958175,0.836355,0.26438,-0.0373568,0.818475,0.304846,0.271332,0.212774,-0.0931951,-0.10093,0.950664,-0.129248,-0.0951398,1.08161,-0.233961,-0.233386,0.764491,-0.216591,0.340161,0.267302,-0.033124,-0.0734027,0.44998,-0.130397,0.0438215,0.965935,-0.00474692,-0.0964266,1.41895,-0.136237,0.215585,0.0803117,-0.0139036,-0.189955,0.854916,-0.163477,-0.162248,0.831734,-0.226316,-0.196206,1.19288,0.0528441
104,1.02919,-0.00472084,1.44038,0.0315093,-0.17606,0.091032,0.135149,-0.0918469,0.972082,0.18835,-0.00699665,1.06346,0.312573,-0.123396,0.75606,0.319466,-0.109073,0.0608246,0.0758021,-0.241711,0.477518,0.174835,0.0469627,0.973426,0.0592964,-0.041265,1.41079,0.205943,-0.349719,0.0641795,0.0868928,-0.109927,0.839661,0.26011,-0.0530503,0.819299,0.301747,0.264677,0.221753,-0.0940241,-0.100439,0.951325,-0.129492,-0.0892874,1.08225,-0.23272,-0.213466,0.758601,-0.225414,0.325793,0.280958,-0.0347838,-0.0854996,0.4504,-0.131691,0.0449155,0.965743,-0.00424475,-0.094661,1.41999,-0.135476,0.21111,0.0804707,-0.01772,-0.176548,0.850067,-0.169395,-0.146,0.829658,-0.231858,-0.196105,1.19408,0.0529241
105,1.03918,-0.00416904,1.44189,0.0331097,-0.164885,0.0909916,0.13506,-0.0917301,0.97363,0.189041,-0.0151457,1.06343,0.312812,-0.141598,0.759822,0.314142,-0.097693,0.0609409,0.0759114,-0.235396,0.476893,0.175018,0.047824,0.974194,0.0597448,-0.0422281,1.41233,0.207293,-0.338417,0.0640446,0.0870013,-0.124406,0.843714,0.255651,-0.0687717,0.820897,0.298468,0.256915,0.22935,-0.0946199,-0.0994743,0.952402,-0.129299,-0.0833503,1.08315,-0.231602,-0.193207,0.754014,-0.234201,0.311818,0.291505,-0.0350442,-0.0974851,0.451844,-0.13302,0.0462216,0.966103,-0.00375542,-0.0926937,1.42116,-0.134848,0.207095,0.081167,-0.0211897,-0.16285,0.846121,-0.175391,-0.129665,0.828592,-0.237409,-0.195724,1.19545,0.0529287
106,1.04917,-0.00335066,1.4437,0.0345869,-0.153613,0.0909723,0.13505,-0.0913596,0.975381,0.189588,-0.0234114,1.0638,0.312947,-0.159299,0.764394,0.308535,-0.0862404,0.0610672,0.076006,-0.228753,0.476416,0.175011,0.0489154,0.975549,0.0603898,-0.0431523,1.41418,0.208575,-0.327037,0.0639829,0.0870464,-0.138537,0.848245,0.251126,-0.0844142,0.823281,0.294963,0.248073,0.23602,-0.095171,-0.097766,0.954105,-0.128806,-0.0772681,1.08456,-0.230944,-0.172748,0.750813,-0.24289,0.300714,0.298885,-0.0337607,-0.109224,0.4542,-0.134263,0.0474833,0.967245,-0.00316695,-0.0905558,1.4225,-0.134347,0.201919,0.0848417,-0.0246366,-0.148927,0.843153,-0.181381,-0.11342,0.828544,-0.242781,-0.195041,1.197,0.0528412
107,1.05916,-0.00249428,1.44568,0.0359175,-0.142117,0.0911129,0.135121,-0.090386,0.977194,0.190069,-0.0317916,1.06456,0.312886,-0.176781,0.769738,0.302836,-0.0747156,0.0611862,0.0760998,-0.2218,0.476019,0.174865,0.0502672,0.977523,0.0612304,-0.043764,1.41614,0.209673,-0.315579,0.0639772,0.0870577,-0.151973,0.85309,0.24661,-0.0999582,0.826184,0.291348,0.238745,0.242374,-0.0954575,-0.0960004,0.956242,-0.128249,-0.0710077,1.08641,-0.230565,-0.152172,0.749032,-0.251347,0.291564,0.30412,-0.0320187,-0.120565,0.457292,-0.135238,0.0488093,0.9692,-0.00242748,-0.0882581,1.42405,-0.133946,0.192882,0.090578,-0.0278557,-0.134852,0.841223,-0.187275,-0.0970952,0.829531,-0.247886,-0.194073,1.1987,0.0526455
108,1.06915,-0.0016843,1.44779,0.0370983,-0.130495,0.0913228,0.135163,-0.089639,0.978993,0.190689,-0.0402262,1.06578,0.312674,-0.193963,0.775757,0.297187,-0.0631232,0.0612716,0.0761554,-0.214481,0.475582,0.174478,0.0517033,0.980009,0.0621931,-0.0441416,1.41825,0.210563,-0.30402,0.0639882,0.087037,-0.164919,0.858523,0.242069,-0.115255,0.82984,0.287841,0.228636,0.247918,-0.0954941,-0.0941799,0.958846,-0.127521,-0.0644182,1.08863,-0.230387,-0.131735,0.748687,-0.259515,0.28298,0.307539,-0.0303963,-0.131278,0.460912,-0.135986,0.0499424,0.971804,-0.0015545,-0.0858225,1.42583,-0.133604,0.180411,0.0964188,-0.0309199,-0.120747,0.840319,-0.192992,-0.0807679,0.831497,-0.252561,-0.192875,1.20054,0.0523562
109,1.07915,-0.000882572,1.45005,0.0382073,-0.118964,0.0914583,0.135055,-0.0889495,0.980838,0.191336,-0.0486435,1.06749,0.312369,-0.210731,0.782569,0.291355,-0.0514894,0.0613391,0.0761747,-0.206704,0.475124,0.173709,0.0527598,0.98278,0.0631884,-0.0446208,1.4207,0.211387,-0.292422,0.0639978,0.087042,-0.177518,0.86457,0.237408,-0.130266,0.834211,0.284286,0.21763,0.252055,-0.0952964,-0.0926393,0.961697,-0.126867,-0.0575649,1.0912,-0.2304,-0.11152,0.749686,-0.267288,0.274129,0.308964,-0.0289358,-0.141313,0.464952,-0.136628,0.0512314,0.974785,-0.000535176,-0.083269,1.42785,-0.133305,0.1659,0.101298,-0.0337801,-0.106684,0.840358,-0.198444,-0.0646028,0.834352,-0.256905,-0.19153,1.20253,0.0519674
110,1.08914,-3.34253e-05,1.45243,0.0392666,-0.107413,0.0915983,0.134865,-0.0880817,0.982672,0.19196,-0.0569521,1.06975,0.312004,-0.227144,0.790095,0.285355,-0.0398409,0.061438,0.0761243,-0.198278,0.474738,0.17275,0.0535727,0.985755,0.0641831,-0.0450078,1.42331,0.212082,-0.2808,0.0640264,0.0869675,-0.189895,0.871206,0.232695,-0.144952,0.839203,0.280586,0.205837,0.254593,-0.0949867,-0.0911811,0.96486,-0.126266,-0.0503879,1.09414,-0.23071,-0.0916429,0.751869,-0.274597,0.264505,0.308531,-0.0275716,-0.150906,0.469451,-0.137078,0.0527318,0.977805,0.000540876,-0.0806485,1.43009,-0.132994,0.15018,0.10469,-0.036505,-0.0927468,0.841304,-0.203595,-0.0487037,0.837966,-0.261079,-0.190053,1.20467,0.051485
111,1.09913,0.000812578,1.45484,0.0402268,-0.0957608,0.0917786,0.134609,-0.0871356,0.984441,0.192583,-0.0652357,1.07235,0.311386,-0.242958,0.797987,0.279338,-0.0281713,0.0615543,0.0759741,-0.189138,0.474518,0.1718,0.0547301,0.988942,0.0651846,-0.0452548,1.42601,0.212633,-0.269157,0.0640701,0.0867941,-0.2018,0.878267,0.227907,-0.159242,0.844798,0.276843,0.193431,0.255554,-0.0946857,-0.0895931,0.968415,-0.125503,-0.0428459,1.09741,-0.231324,-0.0724855,0.755068,-0.281463,0.253945,0.306501,-0.0263181,-0.160098,0.474385,-0.137454,0.054203,0.980791,0.00156382,-0.0780147,1.43247,-0.132652,0.133904,0.106118,-0.0393325,-0.0790148,0.843108,-0.208466,-0.0330919,0.842228,-0.265218,-0.188317,1.20692,0.050916
112,1.10912,0.00164884,1.45722,0.0410831,-0.0840405,0.0919729,0.134295,-0.086069,0.986137,0.193169,-0.0733905,1.07536,0.310672,-0.258126,0.806402,0.273084,-0.0164386,0.06165,0.0757993,-0.179425,0.474407,0.170927,0.0557058,0.991991,0.0661184,-0.0453602,1.42876,0.213061,-0.257478,0.0641663,0.0865648,-0.213198,0.885652,0.223029,-0.17312,0.850946,0.272952,0.180321,0.254895,-0.0946871,-0.0879006,0.972192,-0.12462,-0.0350878,1.10094,-0.231986,-0.0541184,0.759052,-0.287817,0.242557,0.302949,-0.0252068,-0.168852,0.479638,-0.137796,0.0556398,0.983739,0.00253031,-0.0754265,1.43493,-0.132295,0.116902,0.106088,-0.0423129,-0.0655922,0.845564,-0.213077,-0.0179178,0.84705,-0.268675,-0.186294,1.20932,0.0502671
113,1.11911,0.00252291,1.45958,0.0418803,-0.0722556,0.0921585,0.133959,-0.0847919,0.987762,0.193687,-0.081385,1.07869,0.309915,-0.272673,0.815492,0.266527,-0.00457535,0.0617844,0.0756462,-0.169305,0.474337,0.170137,0.0564802,0.994755,0.0669366,-0.0454157,1.43154,0.213401,-0.245681,0.0642212,0.086374,-0.224142,0.893348,0.218075,-0.186515,0.85744,0.26863,0.166865,0.252929,-0.0947494,-0.0856908,0.976216,-0.123541,-0.0271676,1.10467,-0.232704,-0.0363225,0.763574,-0.293687,0.230547,0.297735,-0.0241537,-0.177149,0.485085,-0.138063,0.0571136,0.986643,0.00338977,-0.0729409,1.43738,-0.131918,0.0986366,0.105296,-0.0452481,-0.0524853,0.848506,-0.217467,-0.00335193,0.85213,-0.271674,-0.184615,1.21182,0.049586
114,1.12911,0.00344939,1.46184,0.042615,-0.0603919,0.0923644,0.133664,-0.0833606,0.9892,0.194158,-0.0891875,1.08211,0.308953,-0.286653,0.824892,0.259989,0.00738905,0.0619679,0.0754981,-0.158914,0.474275,0.169424,0.0574257,0.997296,0.067632,-0.0456508,1.43436,0.213712,-0.233746,0.0642789,0.0863183,-0.234636,0.901294,0.213151,-0.199338,0.864242,0.26431,0.153076,0.249782,-0.0948484,-0.0836222,0.980234,-0.122434,-0.0191053,1.10853,-0.233551,-0.0193336,0.768263,-0.298806,0.217996,0.290834,-0.0231141,-0.184941,0.490647,-0.138245,0.0586959,0.989483,0.00406899,-0.0706139,1.43976,-0.131517,0.0794604,0.103691,-0.0485437,-0.0397533,0.851786,-0.221652,0.0107479,0.857324,-0.27453,-0.182788,1.21429,0.0488864
115,1.1391,0.00439627,1.46392,0.0432966,-0.0485229,0.0925708,0.133401,-0.0819812,0.99022,0.194673,-0.0965723,1.08559,0.308011,-0.300061,0.834482,0.253493,0.0191007,0.0620163,0.0753812,-0.148382,0.474224,0.168856,0.0586707,0.999623,0.0681798,-0.0459486,1.43707,0.21396,-0.221828,0.064371,0.086257,-0.244739,0.909472,0.208266,-0.211752,0.871233,0.260087,0.138691,0.245411,-0.0952566,-0.0818398,0.983869,-0.121453,-0.0109707,1.11241,-0.234566,-0.0033988,0.772914,-0.303368,0.204872,0.282443,-0.0222342,-0.19216,0.496216,-0.138378,0.060385,0.992154,0.00461205,-0.0684479,1.44197,-0.131104,0.0593284,0.101428,-0.0521879,-0.0274745,0.855341,-0.225703,0.024462,0.862504,-0.27735,-0.181135,1.21665,0.0481481
116,1.14909,0.0053515,1.46576,0.0439185,-0.0366643,0.0927731,0.133204,-0.0807946,0.991164,0.195084,-0.103516,1.08909,0.30715,-0.312938,0.844211,0.246994,0.0305831,0.0620415,0.075329,-0.137789,0.474167,0.168427,0.0601442,1.00166,0.0685879,-0.0462691,1.43958,0.214124,-0.209956,0.0645009,0.0861534,-0.254468,0.917811,0.203291,-0.22374,0.8784,0.255867,0.123786,0.240018,-0.095824,-0.0801106,0.987206,-0.12051,-0.00284051,1.11624,-0.235745,0.0115527,0.777426,-0.307437,0.191192,0.272648,-0.0215698,-0.19887,0.501628,-0.138505,0.0620896,0.994521,0.00503846,-0.0664089,1.44393,-0.130681,0.038036,0.0988342,-0.0557799,-0.0156616,0.859052,-0.22963,0.0373543,0.867455,-0.280056,-0.179664,1.21883,0.0473583
117,1.15908,0.00628991,1.46732,0.0445,-0.0248214,0.092953,0.133062,-0.0792949,0.991902,0.195519,-0.110008,1.0925,0.306221,-0.325276,0.854012,0.240491,0.0421859,0.0621135,0.0753334,-0.127113,0.474083,0.168098,0.0616605,1.00337,0.0688472,-0.0466491,1.44188,0.214202,-0.198088,0.0646185,0.0860805,-0.263708,0.926153,0.198426,-0.235279,0.885662,0.251668,0.108314,0.233699,-0.0964799,-0.0783188,0.99024,-0.119562,0.00521438,1.11997,-0.237067,0.0256228,0.781717,-0.31102,0.177036,0.261628,-0.0211722,-0.205056,0.506798,-0.138625,0.0636093,0.996514,0.00534617,-0.0645695,1.44559,-0.130334,0.0158165,0.096052,-0.0590971,-0.00430991,0.862765,-0.233429,0.0496488,0.87214,-0.282742,-0.178063,1.22077,0.0465878
118,1.16907,0.00720547,1.46858,0.0449987,-0.0130271,0.0930882,0.132932,-0.0773793,0.992331,0.196153,-0.116071,1.09573,0.305043,-0.336986,0.863861,0.234007,0.0542646,0.0623455,0.0752596,-0.11638,0.473931,0.167882,0.0632474,1.00475,0.0689619,-0.0471124,1.44395,0.214224,-0.186212,0.0647433,0.0861003,-0.272456,0.934463,0.193722,-0.246363,0.892931,0.247524,0.0922105,0.226524,-0.0972875,-0.0764639,0.992837,-0.118667,0.0130989,1.12351,-0.238505,0.0389659,0.785678,-0.314107,0.16219,0.249692,-0.0212418,-0.210734,0.511659,-0.138743,0.0648751,0.998151,0.0055307,-0.0627988,1.44695,-0.13003,-0.00709819,0.0931192,-0.062182,0.00662422,0.866336,-0.237118,0.061437,0.876496,-0.28538,-0.176359,1.22241,0.0458601
119,1.17907,0.00812772,1.46952,0.0454484,-0.00122219,0.0932326,0.132803,-0.0751649,0.992511,0.19687,-0.12184,1.09869,0.303895,-0.348087,0.873678,0.227573,0.0664665,0.0626198,0.0753225,-0.105592,0.473719,0.167809,0.0648983,1.00584,0.068928,-0.0475316,1.4457,0.214153,-0.174319,0.0648657,0.0861886,-0.280758,0.942691,0.18916,-0.256867,0.900176,0.243309,0.0752669,0.218637,-0.0983085,-0.0746097,0.994967,-0.117884,0.0207833,1.12681,-0.240018,0.0514641,0.789241,-0.317121,0.146532,0.236988,-0.0217507,-0.215809,0.516164,-0.138859,0.0664928,0.999548,0.00556602,-0.061037,1.44794,-0.129753,-0.0308715,0.0902029,-0.0652648,0.0172392,0.869711,-0.240898,0.0727122,0.880555,-0.288069,-0.174644,1.22373,0.0452113
120,1.18906,0.0090331,1.47015,0.0458324,0.0105948,0.0933921,0.132663,-0.073366,0.992615,0.197292,-0.127203,1.10136,0.303173,-0.358603,0.883377,0.221193,0.0783633,0.0627499,0.0753541,-0.0947477,0.473431,0.167846,0.0665669,1.00666,0.0687565,-0.0479036,1.44708,0.213986,-0.162503,0.0648782,0.0860316,-0.288608,0.950765,0.1847,-0.266874,0.907293,0.239069,0.0577123,0.210064,-0.0997354,-0.0728021,0.996638,-0.117147,0.0282499,1.12979,-0.241544,0.0632178,0.792452,-0.319977,0.129873,0.223574,-0.0228559,-0.220334,0.520265,-0.139031,0.0685131,1.00067,0.00550847,-0.0592577,1.44856,-0.129548,-0.0554726,0.0873067,-0.0683954,0.0274547,0.872856,-0.244764,0.0835693,0.884287,-0.290781,-0.173001,1.22469,0.0446962
121,1.19905,0.00994412,1.47045,0.0461742,0.0224304,0.0935184,0.132525,-0.0715896,0.992468,0.197616,-0.132239,1.10372,0.302627,-0.368553,0.892906,0.214916,0.0901198,0.0627908,0.0753201,-0.0838313,0.473029,0.167984,0.0682623,1.00723,0.0685314,-0.0482009,1.44804,0.213699,-0.150687,0.0648461,0.0858536,-0.295951,0.95862,0.180359,-0.276381,0.914208,0.234835,0.0395016,0.200992,-0.101478,-0.0710648,0.997839,-0.116584,0.0354962,1.13242,-0.24306,0.0741941,0.795303,-0.322879,0.112117,0.209518,-0.0245144,-0.22417,0.523936,-0.139031,0.0704003,1.0014,0.00539611,-0.0574511,1.44883,-0.12944,-0.080847,0.0847717,-0.0716687,0.0369913,0.875695,-0.248283,0.0937365,0.887548,-0.29329,-0.171632,1.22524,0.0442853
122,1.20904,0.0108355,1.47044,0.046454,0.0342652,0.0936103,0.132425,-0.0697655,0.992022,0.197881,-0.137055,1.10574,0.302031,-0.37792,0.902204,0.208748,0.101978,0.062846,0.0752487,-0.0728658,0.472492,0.168162,0.0698996,1.0075,0.0682666,-0.0483986,1.44857,0.213319,-0.138804,0.0647923,0.0857278,-0.30287,0.966217,0.176184,-0.28532,0.920849,0.2306,0.0207406,0.19156,-0.103258,-0.0693139,0.998518,-0.116156,0.0425168,1.13469,-0.24456,0.0845292,0.797839,-0.325689,0.093525,0.195206,-0.0263269,-0.22757,0.527155,-0.13904,0.0721289,1.00174,0.00522809,-0.0556133,1.44873,-0.129406,-0.106498,0.0826724,-0.0751628,0.0459275,0.878212,-0.251519,0.103418,0.890376,-0.295765,-0.170353,1.22539,0.0440022
123,1.21903,0.0116912,1.47011,0.0466349,0.0460919,0.0937499,0.132336,-0.0680342,0.991318,0.198102,-0.141699,1.1074,0.30138,-0.386688,0.911207,0.202728,0.113916,0.0628803,0.0751267,-0.0619391,0.471828,0.168268,0.0714696,1.00745,0.0680157,-0.0486922,1.44882,0.212929,-0.126986,0.0647485,0.0857712,-0.309338,0.973586,0.172013,-0.293681,0.927171,0.226423,0.00115053,0.181922,-0.105245,-0.0675377,0.998724,-0.115847,0.0492659,1.13655,-0.245987,0.094135,0.799998,-0.328177,0.0739628,0.180562,-0.0283151,-0.23037,0.529866,-0.139003,0.0736869,1.0017,0.00508907,-0.0537128,1.44827,-0.129486,-0.13217,0.0803274,-0.078377,0.0543968,0.880334,-0.254803,0.112436,0.892694,-0.298043,-0.169102,1.22511,0.0437711
124,1.22903,0.0125388,1.46949,0.0467401,0.0579123,0.0938813,0.132229,-0.0664873,0.99039,0.198242,-0.146183,1.10873,0.300722,-0.394852,0.919861,0.196851,0.125874,0.0629828,0.0750207,-0.0512524,0.471109,0.16834,0.0730156,1.00706,0.0678602,-0.049092,1.44879,0.212546,-0.115173,0.0647195,0.0859124,-0.315322,0.980448,0.167921,-0.301664,0.933153,0.222486,-0.0192932,0.172246,-0.107553,-0.0657493,0.998513,-0.115655,0.0556574,1.13801,-0.247329,0.103153,0.801852,-0.330639,0.0531803,0.165668,-0.0305824,-0.232501,0.532009,-0.138872,0.0750446,1.00128,0.00500945,-0.0517238,1.44749,-0.129656,-0.15809,0.0780052,-0.0814609,0.0623991,0.88201,-0.258112,0.120868,0.894615,-0.300176,-0.167996,1.22437,0.0435204
125,1.23902,0.0133624,1.46859,0.04679,0.0697236,0.0940143,0.132093,-0.0651555,0.989237,0.198288,-0.15051,1.10971,0.300051,-0.402421,0.928128,0.19115,0.13772,0.0631768,0.0750263,-0.0409009,0.470397,0.168309,0.0745094,1.00635,0.0678294,-0.049507,1.44837,0.212116,-0.10328,0.0647414,0.0860641,-0.320717,0.986543,0.163984,-0.309188,0.93871,0.218603,-0.0404669,0.162694,-0.110087,-0.0639082,0.997935,-0.11556,0.0616827,1.13905,-0.248622,0.111582,0.80328,-0.333275,0.0316394,0.151374,-0.0331174,-0.234007,0.533536,-0.138646,0.076548,1.00061,0.00500455,-0.0496482,1.44639,-0.129922,-0.184332,0.0761523,-0.0844416,0.0698933,0.883211,-0.261163,0.128829,0.896147,-0.302326,-0.16697,1.22323,0.0432026
126,1.24901,0.0141698,1.46743,0.0467953,0.0815393,0.094162,0.131946,-0.0640037,0.987861,0.198303,-0.154635,1.11034,0.29937,-0.409402,0.935959,0.185634,0.149622,0.0634045,0.0750343,-0.0311596,0.469771,0.168227,0.075946,1.00534,0.0679191,-0.0498277,1.44757,0.211597,-0.0913519,0.0647885,0.0861655,-0.325593,0.992165,0.160215,-0.316239,0.943833,0.214792,-0.0622891,0.153419,-0.112851,-0.0620399,0.996989,-0.115594,0.0673139,1.13967,-0.24983,0.119338,0.804332,-0.336097,0.00931116,0.137881,-0.0359539,-0.235124,0.534453,-0.138454,0.0781501,0.999748,0.00509441,-0.0474772,1.445,-0.130299,-0.210571,0.0744187,-0.0878859,0.0766845,0.884076,-0.264008,0.136323,0.897335,-0.304532,-0.166037,1.22172,0.0427578
127,1.259,0.0148925,1.46603,0.046683,0.093356,0.0943584,0.131802,-0.0630251,0.986237,0.198282,-0.158553,1.11063,0.298696,-0.415811,0.943304,0.180329,0.161513,0.0635283,0.0750279,-0.021906,0.469148,0.167969,0.0773406,1.00406,0.0681078,-0.0501208,1.44643,0.210981,-0.0794554,0.0647314,0.0862563,-0.329911,0.997297,0.156576,-0.32293,0.948721,0.211045,-0.0846926,0.144573,-0.115968,-0.0601724,0.995675,-0.11575,0.0725047,1.13983,-0.250975,0.126618,0.805081,-0.338879,-0.0141851,0.124807,-0.0392575,-0.235604,0.534755,-0.138189,0.0796869,0.998598,0.00524026,-0.0452155,1.44333,-0.130767,-0.236911,0.0730914,-0.0911967,0.0829045,0.884444,-0.26663,0.143255,0.898168,-0.306743,-0.165204,1.21991,0.0421387
128,1.269,0.015627,1.46439,0.0464676,0.105143,0.0945996,0.131619,-0.0622656,0.984364,0.198265,-0.162249,1.11059,0.297995,-0.421637,0.950132,0.175216,0.173545,0.0637829,0.0750255,-0.0132658,0.468393,0.167617,0.0785948,1.00248,0.0683679,-0.0504715,1.44503,0.210308,-0.0675111,0.0645969,0.0863843,-0.333782,1.00177,0.15316,-0.329108,0.953141,0.207437,-0.107566,0.136401,-0.119467,-0.0583333,0.99403,-0.116061,0.0772438,1.13954,-0.252033,0.133192,0.805509,-0.341854,-0.0379842,0.112737,-0.0429966,-0.23533,0.534441,-0.137815,0.0811268,0.997084,0.00545796,-0.0428763,1.4414,-0.131324,-0.263383,0.0726179,-0.0941838,0.0886552,0.884359,-0.269303,0.149471,0.89846,-0.308657,-0.164424,1.21784,0.0413264
129,1.27899,0.0163967,1.46253,0.0461447,0.117058,0.094851,0.131292,-0.0616388,0.982303,0.198227,-0.165685,1.11025,0.297258,-0.426879,0.956409,0.170326,0.185649,0.0641736,0.075002,-0.0051844,0.467471,0.167271,0.0796443,1.00066,0.0686335,-0.0508838,1.44338,0.209555,-0.0555841,0.0644898,0.0865205,-0.33756,1.00591,0.149824,-0.334744,0.957073,0.204008,-0.130674,0.129133,-0.123086,-0.0565106,0.992066,-0.116469,0.0815598,1.13882,-0.253042,0.139247,0.805666,-0.344676,-0.0618498,0.101665,-0.0470329,-0.234398,0.533529,-0.137392,0.0825375,0.995218,0.00572362,-0.0405783,1.43925,-0.131999,-0.289784,0.073425,-0.0967485,0.0938669,0.883862,-0.272021,0.155129,0.898228,-0.310389,-0.163719,1.21556,0.0403078
130,1.28898,0.0171555,1.46051,0.0457039,0.128825,0.0951134,0.131063,-0.0611082,0.980217,0.197911,-0.168841,1.1096,0.296544,-0.431544,0.96211,0.165647,0.197368,0.0642238,0.0749373,0.00243913,0.46648,0.166961,0.0806344,0.998705,0.0688862,-0.0513615,1.44151,0.20872,-0.0437049,0.06442,0.0866569,-0.340836,1.00954,0.146566,-0.339876,0.960546,0.200755,-0.153788,0.122929,-0.126739,-0.0547454,0.989845,-0.117004,0.085456,1.13765,-0.254001,0.144643,0.80544,-0.347431,-0.0858826,0.0913854,-0.0515488,-0.233016,0.53205,-0.137034,0.0838616,0.993068,0.0059794,-0.0383109,1.43689,-0.132759,-0.315694,0.0757576,-0.0989097,0.0986014,0.882922,-0.274479,0.16008,0.897515,-0.312019,-0.163024,1.21302,0.0390342
131,1.29897,0.0178881,1.45835,0.0451409,0.140441,0.0954377,0.130947,-0.0607594,0.978046,0.197481,-0.171718,1.10868,0.295848,-0.43561,0.967208,0.161185,0.209112,0.0643549,0.0749343,0.00965496,0.465507,0.166711,0.0814912,0.996674,0.0690986,-0.051881,1.43942,0.207773,-0.0318442,0.0643806,0.0868098,-0.343546,1.01256,0.143436,-0.344507,0.963553,0.197651,-0.176745,0.118045,-0.130379,-0.0530945,0.987418,-0.117697,0.0889423,1.13608,-0.254961,0.149333,0.80481,-0.350161,-0.10976,0.0820145,-0.056465,-0.231137,0.53002,-0.13666,0.0851036,0.99077,0.00619909,-0.0361712,1.43436,-0.133697,-0.340825,0.0797704,-0.100378,0.102799,0.881522,-0.276705,0.164498,0.896449,-0.313693,-0.162285,1.2103,0.0375136
132,1.30896,0.0185764,1.45609,0.0444235,0.152009,0.0957662,0.130924,-0.060597,0.975802,0.197006,-0.174145,1.10741,0.294921,-0.439075,0.971643,0.156937,0.220971,0.0646833,0.0749815,0.0165289,0.464571,0.166536,0.0822335,0.994638,0.0692186,-0.0524441,1.4372,0.206718,-0.0199564,0.0643363,0.0869743,-0.345852,1.01494,0.140536,-0.348598,0.966073,0.194724,-0.199379,0.114676,-0.133706,-0.0515769,0.984756,-0.118561,0.0920409,1.13415,-0.255967,0.15327,0.803798,-0.352895,-0.133264,0.0736458,-0.0616182,-0.228838,0.527464,-0.136197,0.0861658,0.988425,0.0063212,-0.0340665,1.43167,-0.134771,-0.364843,0.0855128,-0.10101,0.106279,0.879677,-0.278869,0.168334,0.894957,-0.315244,-0.16149,1.20745,0.0357701
133,1.31896,0.0191883,1.45377,0.0435532,0.163593,0.0961396,0.13097,-0.0606113,0.973535,0.196417,-0.176113,1.10586,0.293799,-0.44197,0.975431,0.15296,0.232839,0.0650776,0.0750538,0.0230174,0.463577,0.166414,0.0827696,0.992622,0.0692024,-0.0530946,1.43495,0.205573,-0.00806533,0.0642697,0.0871538,-0.347682,1.01674,0.137766,-0.352103,0.968088,0.191983,-0.221379,0.112701,-0.136778,-0.0502142,0.981988,-0.119585,0.0947718,1.13192,-0.256947,0.156356,0.802422,-0.355642,-0.156246,0.0664307,-0.0668685,-0.226267,0.524409,-0.135547,0.0870218,0.986108,0.00630466,-0.0320361,1.42886,-0.135966,-0.387527,0.0929086,-0.100402,0.108983,0.877458,-0.280972,0.171615,0.893085,-0.31687,-0.160644,1.20455,0.0338036
134,1.32895,0.019727,1.45147,0.0425984,0.175161,0.0965207,0.131096,-0.0607893,0.971223,0.195705,-0.177793,1.10417,0.292857,-0.444313,0.978543,0.14928,0.24473,0.0655488,0.0751631,0.029102,0.462463,0.166325,0.083174,0.990685,0.0690685,-0.0537401,1.43268,0.20431,0.00385148,0.064194,0.0873468,-0.348996,1.01784,0.135201,-0.354995,0.969583,0.189395,-0.242441,0.111929,-0.139668,-0.0490374,0.97927,-0.120719,0.097139,1.12942,-0.257896,0.158729,0.800743,-0.358142,-0.178432,0.060696,-0.0722176,-0.223618,0.521024,-0.134715,0.0877037,0.983883,0.00617071,-0.0301687,1.42606,-0.137363,-0.408493,0.101492,-0.0988997,0.111153,0.875006,-0.282893,0.174207,0.890858,-0.318388,-0.159726,1.20164,0.0316387
135,1.33894,0.0201762,1.44919,0.0415026,0.186604,0.0969528,0.13135,-0.0611227,0.968889,0.194896,-0.179079,1.10234,0.291868,-0.446084,0.980949,0.145915,0.256602,0.0661804,0.0753621,0.0347251,0.461202,0.16627,0.083442,0.98884,0.0688372,-0.0543445,1.43044,0.202926,0.0157713,0.0641273,0.087587,-0.349804,1.0184,0.132764,-0.3573,0.970579,0.186972,-0.262222,0.112089,-0.14233,-0.0480767,0.976632,-0.121922,0.0991889,1.1267,-0.258823,0.160247,0.798735,-0.36056,-0.199553,0.0562856,-0.0771239,-0.221219,0.517719,-0.134092,0.0882105,0.98178,0.00595924,-0.0283659,1.42326,-0.138823,-0.427339,0.110767,-0.0969072,0.112784,0.872345,-0.284657,0.17602,0.888206,-0.31957,-0.15872,1.19882,0.0293657
136,1.34893,0.0205212,1.44696,0.0402445,0.197827,0.0977096,0.131853,-0.0615212,0.966557,0.193903,-0.179863,1.10036,0.290715,-0.447258,0.982612,0.142872,0.268361,0.0671316,0.0756283,0.0398884,0.459817,0.166222,0.083554,0.987071,0.0685036,-0.0549102,1.42827,0.201398,0.0276539,0.0640537,0.0878345,-0.350438,1.01875,0.130349,-0.359001,0.971087,0.184731,-0.280117,0.112935,-0.144258,-0.0473763,0.974162,-0.123179,0.100896,1.12386,-0.259725,0.160966,0.796461,-0.362744,-0.218944,0.0532319,-0.0810783,-0.219122,0.514892,-0.133784,0.0885524,0.979791,0.00561654,-0.0266392,1.42049,-0.140297,-0.4438,0.120212,-0.094703,0.113712,0.869505,-0.286306,0.177136,0.885171,-0.320554,-0.157701,1.19617,0.0270591
137,1.35892,0.0207863,1.44478,0.03885,0.209005,0.0989024,0.132528,-0.0620278,0.964269,0.192837,-0.180109,1.09827,0.289413,-0.447837,0.98354,0.140147,0.280034,0.0684805,0.0760258,0.0446217,0.458402,0.166136,0.0834489,0.985321,0.068018,-0.0554825,1.4262,0.19973,0.039499,0.0639826,0.0880731,-0.350618,1.01854,0.128206,-0.360037,0.971078,0.182675,-0.295725,0.114195,-0.145471,-0.0469345,0.971934,-0.124484,0.102238,1.12093,-0.26059,0.160872,0.793959,-0.364675,-0.236273,0.0512838,-0.0840138,-0.217254,0.512442,-0.133533,0.0886746,0.977884,0.00507757,-0.0251318,1.41781,-0.141926,-0.457715,0.129284,-0.0924806,0.113844,0.866578,-0.287785,0.177591,0.881898,-0.321362,-0.15672,1.19379,0.0247718
138,1.36892,0.0209492,1.44267,0.0373094,0.220035,0.100328,0.133142,-0.062506,0.962055,0.191598,-0.179873,1.09616,0.288096,-0.447809,0.983727,0.137773,0.291644,0.0703302,0.0764869,0.048862,0.45707,0.166035,0.0831265,0.983572,0.0672972,-0.0562253,1.42439,0.198012,0.0513431,0.0639632,0.0882975,-0.350263,1.01763,0.126327,-0.360372,0.970546,0.180802,-0.308628,0.115579,-0.146145,-0.0467934,0.969926,-0.125802,0.103257,1.11794,-0.261435,0.159959,0.791298,-0.366362,-0.25112,0.0500009,-0.0860475,-0.215619,0.510212,-0.133311,0.0886096,0.976031,0.00432222,-0.0238409,1.41522,-0.143683,-0.46886,0.137419,-0.0903256,0.113273,0.863602,-0.289123,0.177387,0.878469,-0.322026,-0.15583,1.19171,0.0225236
139,1.37891,0.0210527,1.44067,0.0356523,0.230876,0.102106,0.133721,-0.0629104,0.959968,0.190243,-0.179131,1.09399,0.286686,-0.447184,0.983151,0.135761,0.303246,0.0728538,0.0770446,0.0526253,0.455853,0.165961,0.0827078,0.981844,0.0663261,-0.0569738,1.42273,0.196184,0.0632949,0.0639304,0.0884049,-0.34926,1.01619,0.124586,-0.359996,0.969465,0.179093,-0.318431,0.116661,-0.146325,-0.0469497,0.968159,-0.127177,0.103987,1.11495,-0.262386,0.158138,0.788407,-0.367862,-0.262547,0.0491032,-0.0871538,-0.21449,0.508237,-0.133241,0.0884047,0.974244,0.00332328,-0.0228504,1.41276,-0.145582,-0.477043,0.144178,-0.0883493,0.111976,0.860678,-0.290279,0.176384,0.874882,-0.322451,-0.155136,1.18991,0.0203646
140,1.3889,0.0211072,1.43881,0.0339067,0.241612,0.104269,0.134423,-0.063208,0.958008,0.18881,-0.177863,1.09179,0.28519,-0.445972,0.98182,0.134098,0.314752,0.0760695,0.0777008,0.0558917,0.454715,0.165936,0.0822404,0.980142,0.0650656,-0.0576954,1.4212,0.194253,0.0753111,0.0638525,0.0885421,-0.347749,1.01433,0.123004,-0.358904,0.967827,0.177519,-0.324976,0.117015,-0.145951,-0.0474158,0.966662,-0.128541,0.104391,1.11195,-0.263342,0.155382,0.785314,-0.369099,-0.270339,0.0480463,-0.0871306,-0.214205,0.506552,-0.133311,0.0880338,0.972513,0.00196523,-0.0220074,1.4104,-0.147487,-0.482248,0.148786,-0.0868377,0.109707,0.857682,-0.291309,0.174464,0.871054,-0.322828,-0.154714,1.18827,0.0183708
141,1.39889,0.0210864,1.43709,0.0320231,0.252114,0.106668,0.135277,-0.0635278,0.95624,0.187424,-0.176174,1.08969,0.283735,-0.444175,0.979759,0.132782,0.325885,0.0796759,0.0784158,0.0586046,0.453636,0.165945,0.0817995,0.978504,0.0634901,-0.0584358,1.41984,0.192212,0.0873631,0.0637658,0.0887227,-0.346071,1.01229,0.121512,-0.357079,0.965659,0.176091,-0.328235,0.11629,-0.145017,-0.0481786,0.96541,-0.129892,0.104442,1.10899,-0.264272,0.151713,0.782063,-0.37007,-0.27421,0.0467506,-0.0861396,-0.214756,0.50523,-0.13346,0.0875881,0.970883,0.000299429,-0.0213479,1.40818,-0.149431,-0.484538,0.150598,-0.0856967,0.106566,0.854673,-0.292175,0.171509,0.866794,-0.323221,-0.154603,1.18677,0.0165581
142,1.40888,0.0209426,1.43553,0.0299529,0.26226,0.109365,0.136239,-0.0637564,0.954624,0.185914,-0.174056,1.08768,0.282256,-0.441765,0.97695,0.131802,0.336813,0.0839442,0.0792079,0.0606879,0.452608,0.165971,0.0813681,0.976916,0.061593,-0.0591717,1.41866,0.190057,0.099471,0.0636993,0.0889045,-0.343841,1.00978,0.120193,-0.354544,0.962972,0.174809,-0.328255,0.11459,-0.143625,-0.0491648,0.964169,-0.131371,0.104102,1.10608,-0.265235,0.147098,0.778787,-0.370894,-0.273733,0.0458073,-0.0845482,-0.216058,0.504282,-0.133676,0.0869933,0.969385,-0.0017003,-0.021011,1.40619,-0.151614,-0.484022,0.148878,-0.0845862,0.1027,0.851713,-0.292924,0.168031,0.862558,-0.323378,-0.154784,1.18534,0.0148729
143,1.41888,0.0206754,1.43413,0.0277259,0.272011,0.112403,0.137249,-0.0638718,0.953132,0.184206,-0.171583,1.08578,0.280828,-0.438757,0.973422,0.13113,0.347335,0.0886588,0.0801232,0.0620589,0.451574,0.166003,0.0808802,0.975374,0.0593806,-0.0598681,1.41763,0.187768,0.11164,0.0636171,0.0890679,-0.341091,1.00673,0.119113,-0.351343,0.959818,0.173672,-0.325233,0.111994,-0.141619,-0.0504577,0.963112,-0.132994,0.103354,1.1032,-0.266273,0.141554,0.775435,-0.371461,-0.268719,0.0458326,-0.0826278,-0.218016,0.503584,-0.133909,0.086179,0.968002,-0.00398831,-0.0209103,1.40439,-0.153971,-0.481026,0.142987,-0.083095,0.098118,0.848836,-0.293454,0.163957,0.858386,-0.323311,-0.155248,1.18396,0.0132294
144,1.42887,0.0202785,1.43287,0.0253672,0.281336,0.115775,0.138253,-0.0640096,0.951786,0.182408,-0.168707,1.08396,0.279403,-0.435183,0.969236,0.130746,0.357425,0.0939006,0.0810084,0.0626518,0.450482,0.166052,0.0802873,0.973871,0.056846,-0.0605229,1.4167,0.185323,0.12394,0.063458,0.0892144,-0.337882,1.00335,0.118157,-0.347484,0.956246,0.172686,-0.31846,0.108624,-0.139927,-0.0520029,0.962091,-0.13478,0.102177,1.10037,-0.267394,0.13506,0.77199,-0.371711,-0.260119,0.0464902,-0.0807089,-0.220479,0.502971,-0.134083,0.0851323,0.966706,-0.00655244,-0.0209773,1.40267,-0.156353,-0.476436,0.133235,-0.0811357,0.092943,0.846074,-0.293751,0.159176,0.854204,-0.32305,-0.156007,1.18267,0.0115403
145,1.43886,0.019839,1.43173,0.0228832,0.290185,0.119536,0.139148,-0.0642553,0.950551,0.180588,-0.165393,1.08221,0.277963,-0.431057,0.964448,0.130605,0.367013,0.099705,0.081772,0.062426,0.449294,0.166167,0.0795311,0.972482,0.0540007,-0.0611828,1.41593,0.182774,0.136363,0.063233,0.0893586,-0.334168,0.999668,0.117357,-0.342941,0.952302,0.171852,-0.310315,0.105131,-0.13837,-0.0538332,0.961229,-0.136668,0.100572,1.0976,-0.268627,0.127682,0.768579,-0.371608,-0.250193,0.047339,-0.0792943,-0.223241,0.502399,-0.134124,0.0838288,0.965521,-0.00942276,-0.0212001,1.40111,-0.158832,-0.471382,0.121841,-0.0792863,0.0871535,0.843412,-0.293821,0.153639,0.849965,-0.322694,-0.157016,1.18156,0.00975717
146,1.44885,0.0194202,1.43069,0.0202515,0.298475,0.123769,0.139874,-0.0644804,0.949441,0.178596,-0.161651,1.08053,0.27653,-0.426279,0.959045,0.130657,0.376241,0.106524,0.0824843,0.0613338,0.447967,0.166349,0.0785613,0.971284,0.0508568,-0.0618241,1.4153,0.180133,0.148615,0.0630978,0.0896206,-0.329908,0.995627,0.116739,-0.3378,0.948083,0.171226,-0.30304,0.102458,-0.137326,-0.0560163,0.96063,-0.138578,0.0985722,1.09488,-0.269985,0.119442,0.765216,-0.37125,-0.240619,0.0486523,-0.0788988,-0.226016,0.501882,-0.134055,0.0823515,0.964507,-0.0126097,-0.0215652,1.39969,-0.161432,-0.46598,0.111067,-0.0779824,0.0804656,0.840871,-0.29362,0.147361,0.845723,-0.322249,-0.1582,1.1807,0.00782187
147,1.45884,0.0190148,1.42979,0.017455,0.306094,0.128579,0.140403,-0.0647338,0.948539,0.176559,-0.15749,1.07892,0.275135,-0.42089,0.953095,0.130912,0.38496,0.114476,0.0830235,0.0592274,0.446498,0.16653,0.0774014,0.970335,0.0474885,-0.0623868,1.4148,0.177442,0.160867,0.0630156,0.089772,-0.325085,0.99122,0.116331,-0.33214,0.943659,0.170904,-0.297016,0.100328,-0.137224,-0.0584877,0.960299,-0.140445,0.0961892,1.09223,-0.271426,0.110126,0.761852,-0.370592,-0.231835,0.0506059,-0.0792748,-0.228412,0.501442,-0.134167,0.0806961,0.96368,-0.0160601,-0.0222178,1.39844,-0.164172,-0.459659,0.101401,-0.076869,0.0731911,0.838503,-0.293167,0.140327,0.841548,-0.32175,-0.159528,1.18009,0.0057027
148,1.46884,0.0185909,1.42908,0.0144838,0.312847,0.134021,0.140672,-0.0651107,0.947884,0.174542,-0.152847,1.07742,0.273692,-0.414909,0.946713,0.131386,0.392351,0.122975,0.0831412,0.0559627,0.444917,0.166641,0.0760738,0.969628,0.0440099,-0.0627538,1.41444,0.174723,0.173195,0.0628518,0.0898402,-0.319941,0.986762,0.116091,-0.325961,0.939078,0.170893,-0.290917,0.0982993,-0.138106,-0.0613142,0.9601,-0.142352,0.0934163,1.08966,-0.27294,0.0999175,0.75869,-0.369779,-0.223178,0.0528282,-0.0799154,-0.230271,0.501157,-0.134838,0.078874,0.963046,-0.0196578,-0.0231418,1.3974,-0.16711,-0.452676,0.0922217,-0.076127,0.0654011,0.83633,-0.292457,0.132555,0.837529,-0.321229,-0.160943,1.17975,0.00342661
149,1.47883,0.0181433,1.4286,0.0113642,0.318457,0.140015,0.140572,-0.06558,0.947555,0.172411,-0.14785,1.07616,0.272365,-0.408285,0.939992,0.132084,0.398243,0.132341,0.0827118,0.0514331,0.443276,0.166794,0.0745781,0.969112,0.0405344,-0.062994,1.41429,0.171998,0.185623,0.0624629,0.0899156,-0.314302,0.982033,0.116194,-0.319002,0.934293,0.171027,-0.28381,0.0964657,-0.139375,-0.0644599,0.960165,-0.144219,0.0902503,1.08716,-0.274508,0.0886541,0.755699,-0.368666,-0.213707,0.0550081,-0.0803841,-0.232106,0.501082,-0.13595,0.0769196,0.962645,-0.0232701,-0.0241751,1.39652,-0.170137,-0.445439,0.0833802,-0.0762077,0.0570719,0.83438,-0.291468,0.12408,0.833678,-0.320696,-0.162385,1.17964,0.00101908
150,1.48882,0.0176319,1.42833,0.00812043,0.322649,0.14652,0.140055,-0.0661325,0.947361,0.170307,-0.142429,1.07518,0.27106,-0.400978,0.933035,0.133044,0.402657,0.143075,0.0817285,0.0454926,0.441582,0.167325,0.0729255,0.968703,0.0371635,-0.0630969,1.41433,0.169246,0.198087,0.0618064,0.0899432,-0.308329,0.977336,0.116473,-0.311558,0.929475,0.171625,-0.275804,0.0953187,-0.140155,-0.0676866,0.960441,-0.145945,0.0867201,1.08481,-0.276119,0.0765345,0.753066,-0.367338,-0.2031,0.0569105,-0.0808272,-0.234795,0.501217,-0.137327,0.0749579,0.962456,-0.0267206,-0.0253319,1.39581,-0.173168,-0.437625,0.0757127,-0.0772412,0.0482436,0.832716,-0.290207,0.114934,0.830035,-0.320121,-0.163838,1.17977,-0.00146768
151,1.49881,0.0170577,1.42831,0.00483058,0.325143,0.153559,0.139183,-0.0667686,0.947293,0.168229,-0.136538,1.07451,0.269717,-0.39296,0.925917,0.134317,0.405023,0.15501,0.0801459,0.0381398,0.439731,0.168467,0.0712467,0.968391,0.0339889,-0.063131,1.41459,0.166506,0.210039,0.061107,0.0898693,-0.301648,0.972518,0.116965,-0.303418,0.924664,0.172476,-0.266794,0.0947623,-0.140559,-0.0707165,0.960782,-0.147592,0.0827846,1.08264,-0.277734,0.0636476,0.750841,-0.365809,-0.192178,0.0579871,-0.0811623,-0.238481,0.501535,-0.138925,0.0731791,0.962362,-0.0298907,-0.0265931,1.3953,-0.176179,-0.428497,0.0701366,-0.0785386,0.0389323,0.831365,-0.28868,0.105107,0.826663,-0.31953,-0.165259,1.18011,-0.0039896
152,1.50881,0.0164728,1.42853,0.0015325,0.326007,0.161143,0.138036,-0.0674562,0.947383,0.166099,-0.130131,1.07411,0.268376,-0.384252,0.918799,0.135919,0.40508,0.168132,0.0779985,0.0296364,0.437653,0.170019,0.0697275,0.968145,0.0311077,-0.0629753,1.41501,0.16378,0.220949,0.0607964,0.0897047,-0.294146,0.967502,0.117767,-0.294526,0.919925,0.173516,-0.256385,0.0946278,-0.140409,-0.073345,0.96106,-0.14941,0.0784319,1.08064,-0.279374,0.0500892,0.749022,-0.36407,-0.180889,0.0586583,-0.0810833,-0.242494,0.502122,-0.140547,0.0716612,0.962253,-0.0327969,-0.0280623,1.39504,-0.179202,-0.417884,0.0669099,-0.079057,0.0291554,0.830329,-0.286985,0.0947475,0.823583,-0.318912,-0.166629,1.18063,-0.00649838
153,1.5188,0.0159698,1.42887,-0.00174512,0.325538,0.16932,0.136656,-0.0680846,0.947604,0.163791,-0.123306,1.07398,0.267159,-0.374888,0.911748,0.137873,0.402896,0.182362,0.075281,0.020337,0.435662,0.171895,0.068449,0.967872,0.0285369,-0.062583,1.41555,0.161089,0.230193,0.0612146,0.0898057,-0.28582,0.962206,0.118929,-0.284936,0.915317,0.174762,-0.244891,0.0947415,-0.139625,-0.0754015,0.96149,-0.151342,0.0736775,1.07881,-0.281086,0.0359055,0.747641,-0.362119,-0.169133,0.0589558,-0.0811705,-0.245956,0.50286,-0.142071,0.0703887,0.962093,-0.035372,-0.0297255,1.39505,-0.182222,-0.406351,0.0649957,-0.0785761,0.0189395,0.829631,-0.285142,0.0836945,0.821035,-0.318047,-0.167925,1.18131,-0.00897248
154,1.52879,0.0156264,1.42932,-0.00494589,0.323904,0.178084,0.135087,-0.0687924,0.947853,0.161501,-0.116052,1.07409,0.266064,-0.36487,0.904837,0.140183,0.398737,0.197389,0.072174,0.0102394,0.434137,0.173992,0.0674677,0.967524,0.0263213,-0.0620608,1.41625,0.158484,0.237653,0.0621761,0.0893345,-0.277094,0.957179,0.120199,-0.274747,0.910874,0.176229,-0.233372,0.0948296,-0.138942,-0.0768593,0.962073,-0.153437,0.068509,1.07717,-0.282839,0.0210995,0.746684,-0.359939,-0.157182,0.0590549,-0.0815823,-0.248255,0.503269,-0.143633,0.0693906,0.96193,-0.0375438,-0.0315057,1.3953,-0.185216,-0.3949,0.0634891,-0.078,0.00823867,0.829404,-0.282936,0.0720222,0.818932,-0.317032,-0.169127,1.1821,-0.0113292
155,1.53878,0.0154697,1.42991,-0.00807506,0.320968,0.18743,0.133333,-0.069365,0.948156,0.159172,-0.108353,1.07436,0.265068,-0.354225,0.898147,0.142822,0.392553,0.212779,0.0689616,-0.00054047,0.433001,0.175796,0.0668001,0.967054,0.0244849,-0.061337,1.41703,0.155975,0.243414,0.063794,0.0882613,-0.268124,0.952653,0.121553,-0.264019,0.906624,0.177962,-0.221759,0.0948829,-0.138616,-0.0778324,0.962684,-0.155762,0.0630123,1.0757,-0.284629,0.00573228,0.746173,-0.357511,-0.145328,0.0591499,-0.081753,-0.249086,0.50302,-0.145399,0.0686604,0.96176,-0.0393305,-0.0332605,1.39572,-0.188073,-0.383338,0.0623956,-0.0778512,-0.00296773,0.829648,-0.280422,0.059813,0.817194,-0.315918,-0.17019,1.18296,-0.0135094
156,1.54877,0.0155641,1.43067,-0.0110939,0.316442,0.19738,0.131457,-0.0697573,0.948477,0.156942,-0.100156,1.07478,0.264146,-0.343036,0.89174,0.145749,0.384416,0.228596,0.0658026,-0.0116102,0.432082,0.177003,0.0664382,0.96645,0.0229903,-0.0603322,1.41787,0.153599,0.24698,0.0663852,0.0870596,-0.258871,0.948638,0.123073,-0.252756,0.902618,0.179958,-0.209794,0.0949659,-0.13851,-0.078365,0.963182,-0.15834,0.0572514,1.07443,-0.286427,-0.0100629,0.746185,-0.354696,-0.133011,0.0595568,-0.0813012,-0.248164,0.502283,-0.147347,0.0680219,0.961407,-0.0407834,-0.0349753,1.39636,-0.190795,-0.371381,0.0617646,-0.0780023,-0.0145443,0.830287,-0.277767,0.0470377,0.815813,-0.314671,-0.171088,1.18389,-0.015497
157,1.55877,0.0158545,1.43161,-0.0140253,0.310358,0.207904,0.129418,-0.0699724,0.94884,0.154865,-0.0914684,1.07538,0.263251,-0.331397,0.885715,0.148958,0.374189,0.24436,0.0624814,-0.0228557,0.43147,0.177449,0.0664197,0.965776,0.0217583,-0.0590524,1.41881,0.151374,0.248021,0.0686905,0.0856557,-0.248818,0.944369,0.124976,-0.241008,0.898934,0.182161,-0.197663,0.0950306,-0.138395,-0.0786368,0.963878,-0.160898,0.0512604,1.07338,-0.288192,-0.026258,0.746774,-0.35155,-0.120506,0.0598464,-0.0811962,-0.245167,0.50131,-0.149446,0.0675615,0.961065,-0.0420451,-0.0366523,1.39722,-0.193369,-0.359201,0.0613614,-0.078241,-0.026449,0.831385,-0.27499,0.0337617,0.81485,-0.313251,-0.171815,1.18497,-0.0172426
158,1.56876,0.0162472,1.43277,-0.0168666,0.302827,0.218607,0.127117,-0.0699362,0.949346,0.153014,-0.0823325,1.07618,0.262344,-0.319378,0.880197,0.152432,0.361677,0.259506,0.0589573,-0.0343604,0.431401,0.177206,0.0667208,0.965151,0.0207106,-0.0576227,1.41992,0.149354,0.246956,0.0690761,0.0850198,-0.238645,0.940495,0.127251,-0.229029,0.895818,0.184529,-0.185499,0.0950857,-0.138212,-0.0787823,0.964687,-0.163341,0.0450506,1.07259,-0.289927,-0.0428262,0.747913,-0.347878,-0.108139,0.0599495,-0.0811482,-0.2402,0.500006,-0.151603,0.0673392,0.960902,-0.0432217,-0.0382447,1.39832,-0.195781,-0.34689,0.0610496,-0.0784714,-0.0386543,0.833041,-0.271985,0.0200641,0.814414,-0.311608,-0.172352,1.18624,-0.0187138
159,1.57875,0.0166851,1.43426,-0.0196022,0.293525,0.22847,0.124436,-0.0695033,0.950093,0.15151,-0.0727369,1.07725,0.26139,-0.30707,0.875274,0.156179,0.346724,0.273246,0.0554704,-0.0462089,0.431972,0.176568,0.0672293,0.964806,0.019741,-0.0560869,1.42128,0.147542,0.245215,0.0674626,0.0854279,-0.228101,0.937011,0.12977,-0.216826,0.89333,0.187134,-0.173224,0.0951344,-0.138076,-0.0788123,0.965914,-0.165505,0.038638,1.07211,-0.29159,-0.0596925,0.749903,-0.343722,-0.0955811,0.0601258,-0.0812407,-0.233927,0.498384,-0.153517,0.0675304,0.961161,-0.0443093,-0.0398162,1.39971,-0.198114,-0.33448,0.0609113,-0.0785276,-0.0511127,0.835366,-0.26859,0.00594161,0.814622,-0.309725,-0.172674,1.18774,-0.019893
160,1.58874,0.0171028,1.43606,-0.0222236,0.282783,0.236637,0.121501,-0.0685435,0.951331,0.15028,-0.0627252,1.07867,0.260365,-0.294522,0.871053,0.160221,0.330814,0.284272,0.0521171,-0.0584326,0.433306,0.175886,0.0680087,0.965025,0.0188386,-0.0542343,1.42279,0.145853,0.243273,0.0666109,0.0857827,-0.217209,0.934289,0.13231,-0.20431,0.891349,0.189886,-0.160613,0.0952807,-0.138065,-0.0792103,0.967164,-0.167556,0.0320779,1.07197,-0.293137,-0.0767971,0.752617,-0.339112,-0.0830615,0.0601676,-0.0812834,-0.227055,0.496844,-0.154844,0.0679911,0.962034,-0.0454095,-0.0412607,1.40139,-0.20028,-0.32196,0.0608636,-0.0785049,-0.0636682,0.838297,-0.264938,-0.00842909,0.81548,-0.307678,-0.172759,1.1895,-0.0207183
161,1.59873,0.0175099,1.43818,-0.0247296,0.272093,0.243136,0.118628,-0.0674151,0.953242,0.148901,-0.0523476,1.08052,0.25922,-0.28176,0.867626,0.164514,0.317058,0.291944,0.0484096,-0.0708275,0.435491,0.175276,0.0689983,0.966056,0.0178006,-0.0522459,1.42458,0.14434,0.238901,0.0698459,0.0855228,-0.205908,0.932136,0.135103,-0.191541,0.889959,0.19266,-0.147851,0.0954781,-0.138071,-0.0796146,0.968854,-0.16916,0.0253778,1.07219,-0.294589,-0.0940496,0.756144,-0.334192,-0.0702365,0.0603024,-0.0814448,-0.219854,0.495786,-0.155499,0.0683181,0.963606,-0.0465947,-0.042608,1.40333,-0.202238,-0.309222,0.0608161,-0.0785419,-0.0761588,0.841823,-0.261241,-0.0229825,0.816931,-0.305291,-0.17262,1.19156,-0.0211667
162,1.60873,0.0179445,1.44056,-0.0271209,0.262209,0.249054,0.115664,-0.0658965,0.955567,0.147623,-0.0415717,1.08285,0.258074,-0.268811,0.865088,0.169055,0.30598,0.297093,0.0442338,-0.0830112,0.438439,0.174529,0.0700277,0.967979,0.0164182,-0.0500992,1.4266,0.142968,0.229634,0.0754924,0.0850852,-0.194559,0.930698,0.137932,-0.178567,0.889261,0.195429,-0.135078,0.0956313,-0.138147,-0.0799,0.970906,-0.170378,0.0185561,1.07281,-0.295979,-0.111351,0.760558,-0.328956,-0.0573411,0.0604723,-0.0814683,-0.212271,0.495178,-0.155772,0.0688653,0.965988,-0.0480488,-0.0439038,1.40551,-0.204005,-0.296332,0.0607162,-0.0785564,-0.0889434,0.846061,-0.257229,-0.0378004,0.819011,-0.302512,-0.172255,1.19392,-0.0212141
163,1.61872,0.0184162,1.44315,-0.029363,0.252359,0.254063,0.112655,-0.0640971,0.958318,0.14636,-0.0303275,1.08569,0.257193,-0.255732,0.863485,0.173813,0.296211,0.300152,0.0401356,-0.094705,0.442016,0.17356,0.07092,0.970705,0.0146261,-0.0478022,1.42885,0.141723,0.215584,0.0811175,0.0846069,-0.183322,0.930087,0.140753,-0.165416,0.889321,0.198261,-0.122244,0.0958335,-0.138219,-0.080213,0.973055,-0.171406,0.0115505,1.07385,-0.297232,-0.128515,0.765746,-0.323327,-0.0442704,0.0606919,-0.0815954,-0.204211,0.49475,-0.156017,0.0697594,0.969197,-0.0498762,-0.0451643,1.40793,-0.205593,-0.283357,0.0605687,-0.0785344,-0.101542,0.851022,-0.253032,-0.0528564,0.821916,-0.299271,-0.171688,1.19654,-0.0208731
164,1.62871,0.0189859,1.44591,-0.0314445,0.241688,0.257217,0.1098,-0.0625795,0.961491,0.145123,-0.0188724,1.08896,0.256248,-0.242514,0.86277,0.178774,0.286568,0.301017,0.0365837,-0.105723,0.446142,0.172488,0.0716695,0.974011,0.0125468,-0.0453583,1.43132,0.140573,0.198767,0.0853179,0.0834992,-0.171751,0.930146,0.143652,-0.152123,0.890065,0.20106,-0.10935,0.0959891,-0.138269,-0.0805426,0.975244,-0.172445,0.00426215,1.07531,-0.298271,-0.145431,0.771543,-0.317192,-0.0312976,0.060845,-0.0815901,-0.195791,0.494346,-0.156199,0.070672,0.972875,-0.0520133,-0.0463647,1.41061,-0.206994,-0.270307,0.0605358,-0.0786625,-0.113973,0.856714,-0.248537,-0.067848,0.825643,-0.295459,-0.170918,1.19935,-0.0201932
165,1.6387,0.0195924,1.44879,-0.0334038,0.229749,0.258199,0.107226,-0.0612908,0.965041,0.143826,-0.00724495,1.09265,0.255223,-0.229219,0.862894,0.183861,0.276211,0.299858,0.0337392,-0.116129,0.450698,0.171383,0.0723793,0.977655,0.010358,-0.0426387,1.43395,0.139444,0.180343,0.0878918,0.0818864,-0.15987,0.930694,0.146653,-0.138687,0.891454,0.203721,-0.0964042,0.0962021,-0.138336,-0.0804307,0.977678,-0.173328,-0.00332163,1.07716,-0.299063,-0.162227,0.778045,-0.310425,-0.0181884,0.0610626,-0.0816709,-0.187102,0.494013,-0.156145,0.0707295,0.976226,-0.0539064,-0.0475168,1.41355,-0.208178,-0.257211,0.0606836,-0.0789422,-0.126223,0.863,-0.243666,-0.0823325,0.829982,-0.291251,-0.170017,1.2023,-0.0191814
166,1.64869,0.0202243,1.45176,-0.0352577,0.216622,0.25721,0.10495,-0.0594977,0.968983,0.142599,0.0043872,1.09676,0.254072,-0.215896,0.863759,0.18904,0.264888,0.296868,0.0314649,-0.126087,0.455555,0.17011,0.0730591,0.981412,0.00818688,-0.0396484,1.43666,0.138355,0.160802,0.088804,0.0798481,-0.148174,0.931979,0.149484,-0.125152,0.893421,0.206232,-0.0834432,0.0965205,-0.138391,-0.0799994,0.980274,-0.174093,-0.0108576,1.07942,-0.299766,-0.179023,0.785542,-0.303126,-0.00519492,0.0612074,-0.081559,-0.177957,0.493791,-0.155844,0.0713996,0.979759,-0.0557945,-0.048668,1.4167,-0.209205,-0.244047,0.0607832,-0.0790941,-0.13796,0.869796,-0.238692,-0.0960855,0.835072,-0.287311,-0.169088,1.20534,-0.0178755
167,1.65869,0.0208907,1.45473,-0.0369797,0.202581,0.254448,0.102892,-0.0575507,0.9733,0.141138,0.0159093,1.10118,0.252761,-0.202576,0.865269,0.19426,0.252746,0.292073,0.029544,-0.135614,0.460658,0.168639,0.0739641,0.985219,0.00615405,-0.0366241,1.43953,0.13733,0.140184,0.0883134,0.0776103,-0.136659,0.933899,0.152248,-0.111542,0.895904,0.20856,-0.0704469,0.0968031,-0.13837,-0.0798972,0.982402,-0.175105,-0.0182911,1.08206,-0.300391,-0.195075,0.793695,-0.295794,0.00799229,0.0614814,-0.0814359,-0.168194,0.493629,-0.155477,0.0722169,0.983306,-0.0576099,-0.0497438,1.42002,-0.210057,-0.230855,0.0608203,-0.0790845,-0.149353,0.877112,-0.233506,-0.110155,0.840749,-0.283107,-0.168041,1.20849,-0.0163398
168,1.66868,0.0215642,1.4576,-0.0386092,0.187946,0.250099,0.100998,-0.0557944,0.977651,0.140073,0.0273016,1.10588,0.251385,-0.189305,0.867281,0.199455,0.23996,0.28555,0.0278354,-0.144597,0.465984,0.167143,0.0755301,0.989123,0.00431029,-0.0334963,1.44237,0.136246,0.118467,0.0868484,0.0755005,-0.125359,0.93633,0.155032,-0.0981066,0.898813,0.210527,-0.0574251,0.0970634,-0.138212,-0.0797042,0.984341,-0.176187,-0.0256101,1.08498,-0.300904,-0.210661,0.802341,-0.288228,0.0213692,0.0619057,-0.0813741,-0.157844,0.493434,-0.155146,0.0726246,0.98666,-0.0593213,-0.050794,1.42341,-0.210737,-0.217707,0.0608759,-0.0789344,-0.160435,0.884886,-0.228081,-0.124212,0.847001,-0.278377,-0.166615,1.21174,-0.0146902
169,1.67867,0.0222963,1.4603,-0.0401769,0.172786,0.244401,0.0992749,-0.0544326,0.982037,0.138888,0.0386056,1.11077,0.249951,-0.176144,0.869653,0.204566,0.226544,0.277397,0.026301,-0.153015,0.471347,0.165647,0.0777031,0.993079,0.00264244,-0.0302683,1.44507,0.135107,0.0953488,0.0848432,0.0737175,-0.114321,0.939147,0.157864,-0.0849692,0.902023,0.212413,-0.0444994,0.0974013,-0.137989,-0.0790946,0.986258,-0.177103,-0.0327816,1.08806,-0.301293,-0.225742,0.811482,-0.28021,0.0344851,0.0620368,-0.0814253,-0.147,0.493249,-0.154782,0.0736253,0.989918,-0.0609074,-0.0518714,1.42677,-0.211261,-0.204639,0.0609757,-0.0787192,-0.17116,0.893018,-0.222478,-0.137822,0.853603,-0.27326,-0.165266,1.21502,-0.013018
170,1.68866,0.0230827,1.46279,-0.041696,0.157001,0.237569,0.0976538,-0.0533059,0.986221,0.137254,0.0497824,1.11573,0.248452,-0.16314,0.872294,0.209586,0.212495,0.267663,0.0248327,-0.160914,0.476575,0.164084,0.0787459,0.996437,0.00117669,-0.0271174,1.44767,0.133975,0.070768,0.0827438,0.0724065,-0.103585,0.942269,0.160701,-0.0720775,0.905443,0.214157,-0.0316462,0.0977977,-0.137756,-0.0781562,0.988044,-0.177873,-0.0397291,1.09119,-0.301634,-0.240297,0.821089,-0.271731,0.0473021,0.0620188,-0.0811616,-0.13581,0.493063,-0.154421,0.0748192,0.993034,-0.062365,-0.0530156,1.43005,-0.211691,-0.191589,0.0611799,-0.0785615,-0.181491,0.901455,-0.216684,-0.150958,0.860406,-0.267888,-0.163792,1.21825,-0.0113857
171,1.69866,0.0238782,1.46497,-0.0431844,0.140451,0.229762,0.0960923,-0.0516876,0.990015,0.135528,0.0607626,1.12065,0.246927,-0.150354,0.875092,0.21452,0.197774,0.256453,0.0233671,-0.168311,0.481581,0.162487,0.0795598,0.999303,-0.00011483,-0.0241025,1.45008,0.132852,0.0449398,0.0806956,0.0713428,-0.0931028,0.945578,0.163463,-0.0594632,0.909003,0.215732,-0.0187724,0.0981823,-0.137541,-0.0775272,0.989378,-0.178694,-0.0463911,1.09428,-0.30196,-0.254488,0.830886,-0.263113,0.060496,0.0623012,-0.0810034,-0.124403,0.492976,-0.154062,0.0759152,0.995875,-0.0636302,-0.0542709,1.43314,-0.212014,-0.178613,0.0612945,-0.0783745,-0.191537,0.91013,-0.21069,-0.163665,0.867347,-0.262318,-0.161922,1.2214,-0.00982066
172,1.70865,0.0247509,1.46685,-0.0446748,0.123062,0.221171,0.0946072,-0.0500551,0.993563,0.134108,0.0715098,1.12542,0.245385,-0.137883,0.877976,0.219314,0.182304,0.243994,0.0218904,-0.175212,0.486314,0.160934,0.0806743,1.00177,-0.00121382,-0.0211088,1.4521,0.131712,0.0179134,0.0790216,0.0705869,-0.0829438,0.948937,0.166123,-0.0471651,0.912626,0.217182,-0.00589791,0.0985198,-0.137368,-0.0770219,0.990071,-0.179432,-0.052908,1.09724,-0.302089,-0.267993,0.840865,-0.254285,0.0742073,0.0630455,-0.0812204,-0.113023,0.492946,-0.153765,0.0762353,0.997835,-0.0644145,-0.0556785,1.43595,-0.212264,-0.165571,0.0613261,-0.0782305,-0.2013,0.918981,-0.204698,-0.176065,0.874656,-0.256625,-0.160122,1.22429,-0.00843298
173,1.71864,0.0255834,1.46832,-0.0461241,0.105015,0.212087,0.0933588,-0.0484711,0.996669,0.132614,0.0819983,1.12997,0.243806,-0.125823,0.880816,0.223722,0.165729,0.230402,0.0204724,-0.181623,0.490668,0.159465,0.0820562,1.00376,-0.00213081,-0.0182189,1.45376,0.130616,-0.0100507,0.0777511,0.0702178,-0.0731236,0.952254,0.168786,-0.0352247,0.916162,0.218559,0.00701791,0.0988563,-0.137214,-0.0758736,0.990135,-0.180399,-0.0593684,1.09998,-0.30203,-0.28083,0.850965,-0.245264,0.0875893,0.0634767,-0.0812313,-0.101987,0.492861,-0.153537,0.0771905,0.999516,-0.0651198,-0.0572312,1.43844,-0.212436,-0.152443,0.0612978,-0.0781887,-0.21075,0.927924,-0.198736,-0.188018,0.882092,-0.250858,-0.158508,1.2268,-0.00727962
174,1.72863,0.0263097,1.46938,-0.0475113,0.0859472,0.202361,0.0923976,-0.0468041,0.999116,0.131006,0.0922762,1.13433,0.242229,-0.114153,0.883575,0.227814,0.147738,0.215875,0.0192576,-0.18748,0.494689,0.158262,0.0835794,1.00525,-0.00284109,-0.0153405,1.455,0.129558,-0.0379255,0.0760306,0.0699603,-0.0635702,0.955471,0.17164,-0.0238061,0.919494,0.219982,0.0199259,0.099184,-0.137135,-0.0738276,0.990105,-0.181267,-0.0656075,1.10245,-0.302082,-0.293218,0.860984,-0.236185,0.100319,0.0636358,-0.0809907,-0.0912385,0.49268,-0.153407,0.0783154,1.00088,-0.0657192,-0.0588253,1.44046,-0.212444,-0.139261,0.0612586,-0.0782511,-0.219679,0.936857,-0.192805,-0.199553,0.889602,-0.244759,-0.157013,1.22883,-0.00639093
175,1.73862,0.0271382,1.47021,-0.0488436,0.065962,0.192178,0.0916634,-0.0451916,1.001,0.129658,0.102224,1.1383,0.240624,-0.102906,0.886232,0.231754,0.128418,0.201013,0.0183512,-0.19277,0.498365,0.157134,0.0852067,1.00627,-0.00341132,-0.0125796,1.45586,0.128581,-0.0657304,0.0741492,0.0699374,-0.0541906,0.95843,0.17448,-0.0129428,0.922636,0.221376,0.0327837,0.0995093,-0.137132,-0.07161,0.989851,-0.181993,-0.0716536,1.10459,-0.302272,-0.30501,0.87108,-0.226978,0.112878,0.0636176,-0.0807043,-0.0807052,0.492369,-0.153366,0.0794282,1.0018,-0.0661872,-0.060466,1.44203,-0.212331,-0.126252,0.0613419,-0.0782293,-0.228092,0.945744,-0.186903,-0.210613,0.89702,-0.23858,-0.155587,1.23026,-0.00578931
176,1.74862,0.0278867,1.47065,-0.0501038,0.0450208,0.181856,0.0913249,-0.0436225,1.0023,0.128573,0.111814,1.14184,0.238997,-0.0921793,0.888712,0.235603,0.107837,0.18623,0.0177276,-0.197552,0.501649,0.15599,0.0868962,1.00683,-0.00387798,-0.00968679,1.45627,0.127617,-0.0938279,0.0726479,0.0705119,-0.0452483,0.961123,0.177085,-0.00256568,0.925558,0.222846,0.0456064,0.0998688,-0.137117,-0.0702051,0.989174,-0.182778,-0.0775031,1.10637,-0.302426,-0.316133,0.881205,-0.217668,0.125741,0.0637762,-0.0805674,-0.0702645,0.49197,-0.153387,0.0806164,1.00228,-0.0665596,-0.0621885,1.4432,-0.212138,-0.113364,0.061514,-0.0780971,-0.236068,0.95458,-0.181018,-0.221121,0.904265,-0.232369,-0.154208,1.23103,-0.00543932
177,1.75861,0.0285944,1.47069,-0.0512871,0.0234204,0.171683,0.0914025,-0.04191,1.00291,0.127569,0.121053,1.14496,0.237376,-0.0818765,0.890982,0.239192,0.0860052,0.171647,0.0173632,-0.201787,0.504485,0.154783,0.088607,1.00696,-0.00428229,-0.00663263,1.45623,0.126681,-0.122222,0.0716533,0.0715725,-0.0366797,0.96349,0.179544,0.00734045,0.928226,0.22442,0.0584426,0.100262,-0.137051,-0.0696727,0.988506,-0.183708,-0.083338,1.10778,-0.302515,-0.326598,0.89124,-0.208339,0.138787,0.0640811,-0.0805125,-0.0598488,0.491458,-0.153445,0.0820007,1.00237,-0.0668726,-0.0639373,1.44396,-0.211882,-0.100048,0.0614652,-0.0780129,-0.243622,0.963296,-0.17519,-0.231202,0.911312,-0.225857,-0.152925,1.23113,-0.00524061
178,1.7686,0.0292666,1.47037,-0.0524078,0.00121229,0.161804,0.0917689,-0.0402212,1.00285,0.126826,0.1299,1.14763,0.235777,-0.0721385,0.89315,0.242809,0.0631069,0.157413,0.0172122,-0.205474,0.506818,0.153583,0.0903594,1.00666,-0.00468345,-0.00381715,1.45578,0.125859,-0.150631,0.0712064,0.073076,-0.0284293,0.965565,0.181918,0.0167217,0.930611,0.22602,0.0713279,0.100609,-0.136981,-0.0682962,0.988348,-0.184417,-0.0892219,1.10875,-0.302365,-0.336414,0.901151,-0.199036,0.151965,0.0645275,-0.0804915,-0.049546,0.490814,-0.153557,0.0835651,1.00207,-0.0671487,-0.0656527,1.44428,-0.211532,-0.0865249,0.061316,-0.0779555,-0.250639,0.971507,-0.169548,-0.240865,0.918224,-0.219329,-0.1517,1.23059,-0.00512889
179,1.77859,0.0299557,1.46971,-0.053464,-0.0215751,0.152356,0.0923152,-0.0384665,1.00219,0.12627,0.138327,1.14983,0.234173,-0.0629749,0.895016,0.246289,0.039465,0.143616,0.0172584,-0.208615,0.508706,0.152562,0.0920599,1.00592,-0.00509975,-0.00106339,1.45485,0.12507,-0.178943,0.0714365,0.0749932,-0.0204448,0.967276,0.184208,0.0255686,0.932664,0.227561,0.0842257,0.100994,-0.1369,-0.0660746,0.987494,-0.184951,-0.0952629,1.10937,-0.302097,-0.345594,0.910912,-0.189757,0.165254,0.0651007,-0.0805015,-0.039499,0.489994,-0.153731,0.0852547,1.00141,-0.0674565,-0.0672811,1.44419,-0.211089,-0.0732686,0.0612497,-0.07792,-0.256743,0.978886,-0.163906,-0.250077,0.924898,-0.212873,-0.150497,1.22948,-0.00503703
180,1.78858,0.0306896,1.46869,-0.054437,-0.044867,0.143449,0.0930897,-0.0365148,1.00097,0.125788,0.14631,1.15157,0.232564,-0.0542379,0.896499,0.249373,0.0152064,0.130396,0.0175293,-0.211154,0.510054,0.151577,0.0936968,1.00476,-0.00555116,0.0017544,1.45348,0.124282,-0.207027,0.0723634,0.0771342,-0.0128153,0.968603,0.186387,0.0339723,0.934153,0.229063,0.0970882,0.101505,-0.136807,-0.0652908,0.985371,-0.185824,-0.101241,1.10974,-0.301927,-0.354098,0.920441,-0.180544,0.178308,0.0655241,-0.0804268,-0.0294572,0.489173,-0.153879,0.0869304,1.00037,-0.0677826,-0.0687603,1.44369,-0.210557,-0.0602917,0.0612886,-0.0778518,-0.262467,0.986025,-0.15823,-0.258787,0.931244,-0.206507,-0.149341,1.2279,-0.00490482
181,1.79858,0.0314061,1.46734,-0.0553082,-0.0685287,0.135154,0.0940148,-0.0345418,0.999306,0.125507,0.153851,1.15287,0.230976,-0.0460179,0.897765,0.252497,-0.00975816,0.117729,0.0180278,-0.213099,0.510815,0.15052,0.0953204,1.00324,-0.00600863,0.00451719,1.45177,0.123598,-0.234825,0.0741169,0.079547,-0.00562524,0.969551,0.188459,0.0418188,0.935289,0.230572,0.109927,0.101977,-0.136703,-0.0645155,0.983175,-0.186374,-0.107096,1.10985,-0.301726,-0.36192,0.929661,-0.171443,0.191218,0.0659346,-0.0802961,-0.0194627,0.48842,-0.154025,0.0885298,0.998982,-0.0681446,-0.0700565,1.44281,-0.20995,-0.0471534,0.0610549,-0.0780031,-0.267829,0.992943,-0.152462,-0.266988,0.937313,-0.200189,-0.148232,1.22594,-0.00469546
182,1.80857,0.0321009,1.46572,-0.056044,-0.0922857,0.127631,0.0951169,-0.0325781,0.997262,0.12542,0.160941,1.15369,0.229397,-0.0382509,0.898932,0.255901,-0.0355976,0.105586,0.0187707,-0.214503,0.510982,0.149289,0.0969323,1.00144,-0.00648234,0.00722229,1.44975,0.123004,-0.262317,0.0769202,0.0822767,0.0011242,0.970137,0.190415,0.0491024,0.936123,0.232063,0.122756,0.102411,-0.136615,-0.0632207,0.981315,-0.186511,-0.1128,1.10968,-0.301386,-0.369083,0.938507,-0.162468,0.204212,0.0665727,-0.0802702,-0.00979219,0.487678,-0.15425,0.0900431,0.997304,-0.0685338,-0.0711769,1.44159,-0.209312,-0.0342058,0.060916,-0.078267,-0.272616,0.999437,-0.146616,-0.274727,0.943199,-0.193852,-0.147108,1.2237,-0.00430157
183,1.81856,0.0327321,1.46384,-0.0566094,-0.116276,0.120819,0.0963735,-0.0306003,0.994866,0.125509,0.167564,1.154,0.227802,-0.0310591,0.899757,0.259137,-0.0620623,0.0944087,0.0197295,-0.215359,0.510565,0.147847,0.0985132,0.999397,-0.00692668,0.00990593,1.44743,0.122513,-0.289353,0.0808016,0.0852931,0.00735436,0.970429,0.192236,0.0558573,0.936623,0.233549,0.135564,0.102936,-0.136547,-0.061295,0.979897,-0.186376,-0.118381,1.10924,-0.300895,-0.375586,0.946924,-0.153657,0.217188,0.0672884,-0.0802108,-0.000341333,0.486927,-0.154447,0.0914736,0.995401,-0.0688882,-0.0722452,1.44009,-0.208683,-0.0211108,0.0610353,-0.0783808,-0.276934,1.00521,-0.141287,-0.282068,0.948692,-0.187715,-0.145965,1.22119,-0.00368656
184,1.82855,0.0333196,1.46174,-0.0569399,-0.140534,0.114814,0.0977644,-0.0285965,0.992217,0.125773,0.173764,1.15385,0.226191,-0.0246089,0.900161,0.261903,-0.0881598,0.0848215,0.0211978,-0.215595,0.509644,0.146282,0.100055,0.997121,-0.00729533,0.0125859,1.44482,0.122126,-0.315674,0.0855858,0.0883776,0.0130179,0.970443,0.19392,0.0620596,0.936803,0.235001,0.148355,0.103537,-0.136554,-0.0592817,0.978368,-0.186111,-0.123952,1.10857,-0.300343,-0.381401,0.954895,-0.145,0.230147,0.0680902,-0.0801559,0.0087001,0.486121,-0.154634,0.0927875,0.993333,-0.069194,-0.0732641,1.43833,-0.208047,-0.00769552,0.0609512,-0.0785615,-0.280914,1.01068,-0.136058,-0.289014,0.953751,-0.181822,-0.144798,1.21842,-0.00285785
185,1.83854,0.0338877,1.45946,-0.0570488,-0.1645,0.110141,0.0996892,-0.0266157,0.989373,0.126174,0.179556,1.15327,0.224563,-0.0188526,0.900284,0.264617,-0.114156,0.0765734,0.0230684,-0.215274,0.508298,0.144746,0.101494,0.994698,-0.00754932,0.0152105,1.44193,0.121835,-0.341242,0.0913974,0.091451,0.0182619,0.970126,0.19563,0.0676725,0.936648,0.236357,0.161155,0.104195,-0.13668,-0.0577878,0.976242,-0.185829,-0.129493,1.10766,-0.299742,-0.3866,0.962339,-0.136534,0.243148,0.0690673,-0.0802065,0.0173506,0.485268,-0.154792,0.0939918,0.991139,-0.0694718,-0.0740447,1.43632,-0.207288,0.00561402,0.0606878,-0.07863,-0.284492,1.01564,-0.13087,-0.295308,0.958483,-0.175847,-0.143564,1.2154,-0.00182539
186,1.84854,0.0344489,1.45703,-0.0569959,-0.188108,0.106875,0.10157,-0.024748,0.986343,0.126672,0.184939,1.15225,0.222936,-0.0135801,0.900089,0.267047,-0.140078,0.0695337,0.025142,-0.214438,0.506448,0.143072,0.102777,0.992189,-0.00769222,0.0176648,1.43897,0.121746,-0.365912,0.0982816,0.0943104,0.0230004,0.969506,0.197342,0.0726866,0.936161,0.237607,0.173866,0.104956,-0.136899,-0.0568678,0.973803,-0.185573,-0.134716,1.10648,-0.298941,-0.391208,0.969217,-0.128245,0.256125,0.0702326,-0.0803463,0.0256771,0.484464,-0.15493,0.0950132,0.988825,-0.0696643,-0.0746827,1.43403,-0.206384,0.0188671,0.0604255,-0.0788202,-0.287679,1.01995,-0.125824,-0.301,0.962896,-0.169884,-0.142262,1.21215,-0.000599709
187,1.85853,0.0350033,1.45448,-0.0568151,-0.211385,0.104689,0.103354,-0.0231422,0.983187,0.127359,0.189881,1.15082,0.221307,-0.00879521,0.899546,0.269151,-0.165737,0.0638262,0.0273298,-0.213167,0.504109,0.141246,0.103864,0.98951,-0.00767585,0.0199561,1.43597,0.121846,-0.389426,0.106259,0.0967574,0.027142,0.968615,0.198903,0.0770923,0.935392,0.238728,0.186477,0.105875,-0.137154,-0.0565259,0.971331,-0.185352,-0.139572,1.1051,-0.297942,-0.395193,0.975522,-0.120213,0.269085,0.0716737,-0.0805473,0.0337426,0.483772,-0.155113,0.0958081,0.986423,-0.0697201,-0.0752381,1.43144,-0.205401,0.0321615,0.0603607,-0.0789116,-0.290459,1.0237,-0.120946,-0.306201,0.966906,-0.164126,-0.140892,1.20873,0.000757905
188,1.86852,0.0354912,1.45189,-0.0565216,-0.233751,0.103548,0.105377,-0.0218773,0.980011,0.12823,0.194346,1.14898,0.219648,-0.00470815,0.898833,0.271239,-0.190575,0.0593493,0.0299208,-0.211582,0.501371,0.139307,0.104701,0.986747,-0.00752101,0.0222036,1.43287,0.122074,-0.41153,0.115461,0.0985137,0.0305711,0.967632,0.200337,0.0808434,0.934367,0.23969,0.198955,0.107046,-0.137479,-0.0565952,0.968943,-0.185117,-0.144082,1.10357,-0.29678,-0.398579,0.981215,-0.11248,0.281982,0.073429,-0.0808575,0.041508,0.48321,-0.155377,0.0963784,0.984021,-0.0696225,-0.0758222,1.42879,-0.204395,0.0454534,0.0602123,-0.0792044,-0.292741,1.02707,-0.116142,-0.310945,0.970436,-0.15868,-0.139436,1.20529,0.00220949
189,1.87851,0.0359316,1.44933,-0.0561021,-0.254833,0.103609,0.107373,-0.0209664,0.976815,0.129009,0.198298,1.14674,0.217884,-0.001316,0.897951,0.273215,-0.21388,0.0560883,0.0326811,-0.209865,0.498376,0.137394,0.105271,0.983985,-0.00727977,0.0242589,1.42977,0.122475,-0.431805,0.125759,0.099343,0.03333,0.966529,0.201664,0.0839073,0.933098,0.240496,0.211302,0.108403,-0.137838,-0.0568076,0.966653,-0.184843,-0.148244,1.10195,-0.295476,-0.401386,0.986273,-0.105066,0.294831,0.0755492,-0.0811574,0.0488065,0.482711,-0.155762,0.0968371,0.98171,-0.0694041,-0.0764264,1.4261,-0.203299,0.0587896,0.0598832,-0.0797133,-0.294632,1.02991,-0.111535,-0.315157,0.973518,-0.153479,-0.137904,1.20196,0.00373237
190,1.8885,0.0363367,1.44681,-0.0555184,-0.274358,0.104707,0.109314,-0.0204544,0.973671,0.129693,0.201766,1.14427,0.216164,0.00136684,0.896979,0.275034,-0.235367,0.0539241,0.0356604,-0.20814,0.495361,0.135588,0.105624,0.981307,-0.00694276,0.0261029,1.42676,0.123057,-0.44969,0.136468,0.0993563,0.0354626,0.96523,0.202872,0.0862707,0.931635,0.241145,0.223573,0.109891,-0.138116,-0.0567663,0.964385,-0.184465,-0.152005,1.10028,-0.294027,-0.403577,0.990691,-0.098004,0.307461,0.0779943,-0.0813579,0.0555594,0.482191,-0.156279,0.0971747,0.979553,-0.0690375,-0.0770019,1.42341,-0.202109,0.0722858,0.0596046,-0.0800097,-0.296154,1.03221,-0.10713,-0.318794,0.976184,-0.148525,-0.136372,1.19887,0.00525358
191,1.8985,0.0367208,1.44433,-0.0547597,-0.292148,0.10638,0.11139,-0.0203493,0.970632,0.130291,0.204727,1.14159,0.214508,0.00329285,0.895988,0.276714,-0.254825,0.0524427,0.0391309,-0.206564,0.492618,0.133819,0.105728,0.978765,-0.00646897,0.0278414,1.42379,0.123798,-0.465157,0.147485,0.0982147,0.0368696,0.963897,0.203945,0.0879091,0.930041,0.241604,0.235735,0.111523,-0.138404,-0.0564955,0.962199,-0.183978,-0.155338,1.09857,-0.292354,-0.40519,0.99445,-0.0913433,0.319962,0.0808074,-0.0816661,0.0616923,0.481615,-0.156923,0.0973579,0.977523,-0.0685017,-0.0774909,1.42079,-0.20082,0.085945,0.0593982,-0.0800814,-0.297243,1.03402,-0.102911,-0.321884,0.978426,-0.143904,-0.134954,1.19612,0.00672558
192,1.90849,0.0370997,1.4419,-0.0538347,-0.308129,0.108189,0.113511,-0.0206938,0.967785,0.130914,0.207126,1.13872,0.212907,0.00441906,0.894947,0.278141,-0.271815,0.0515387,0.043029,-0.205409,0.490392,0.13208,0.105669,0.976398,-0.0057958,0.0294179,1.42089,0.124712,-0.478132,0.158084,0.0960119,0.0375946,0.962561,0.20486,0.0887986,0.928338,0.241928,0.247482,0.11328,-0.139194,-0.0562803,0.960104,-0.183414,-0.158204,1.09687,-0.290475,-0.40625,0.997554,-0.0851245,0.332306,0.0840319,-0.0821742,0.0671432,0.480967,-0.157663,0.0974071,0.975602,-0.0677718,-0.0778944,1.41831,-0.199451,0.0995132,0.0591423,-0.0802941,-0.297902,1.03535,-0.0989573,-0.32441,0.980264,-0.13965,-0.133803,1.19373,0.0080975
193,1.91848,0.0374703,1.43954,-0.0527047,-0.321485,0.110406,0.115428,-0.0215258,0.96532,0.131758,0.208931,1.13566,0.211376,0.00473532,0.893796,0.279185,-0.285726,0.05095,0.0469144,-0.204987,0.488673,0.130671,0.10578,0.974285,-0.004838,0.0307722,1.41813,0.12578,-0.488466,0.167196,0.092788,0.0376155,0.961255,0.205589,0.0889209,0.926576,0.242077,0.258889,0.115298,-0.140251,-0.0561707,0.958123,-0.182835,-0.160361,1.09531,-0.288654,-0.406767,0.999983,-0.0794089,0.344511,0.0876601,-0.0827964,0.0719369,0.480238,-0.158441,0.0973903,0.973805,-0.0668283,-0.0781503,1.41607,-0.197981,0.113151,0.0586548,-0.0807621,-0.29814,1.03619,-0.0954109,-0.326204,0.981617,-0.135623,-0.133101,1.19167,0.00936174
194,1.92847,0.037808,1.4373,-0.0513659,-0.332099,0.112009,0.116663,-0.0226608,0.963132,0.132474,0.210146,1.13251,0.209957,0.0042021,0.892637,0.279898,-0.296022,0.0504107,0.05016,-0.205536,0.487289,0.129705,0.105729,0.972314,-0.00358654,0.0319167,1.41554,0.127,-0.495963,0.173928,0.0887613,0.0368761,0.960026,0.206099,0.0882703,0.924794,0.242059,0.270075,0.117627,-0.141461,-0.0560826,0.956266,-0.182222,-0.161985,1.09405,-0.286781,-0.406723,1.00173,-0.0742149,0.35639,0.0916353,-0.0835522,0.0760571,0.479457,-0.159232,0.0972952,0.972113,-0.0656545,-0.0782767,1.41412,-0.196404,0.126893,0.0582251,-0.0810809,-0.297986,1.03653,-0.0922673,-0.327242,0.98248,-0.13183,-0.132908,1.18987,0.0105451
195,1.93847,0.0380493,1.43524,-0.0498309,-0.339272,0.112402,0.117105,-0.0238067,0.961188,0.133119,0.210765,1.12929,0.208707,0.00285552,0.891792,0.280587,-0.302421,0.0493754,0.0521918,-0.207371,0.486291,0.129194,0.105367,0.970436,-0.00211108,0.0328286,1.41314,0.128376,-0.500485,0.1777,0.0844597,0.035442,0.958901,0.206416,0.0868382,0.92302,0.241893,0.281059,0.120263,-0.142782,-0.0561232,0.954514,-0.181587,-0.162982,1.09294,-0.284928,-0.406055,1.0027,-0.0695555,0.368191,0.0962211,-0.0844227,0.0794753,0.478669,-0.160053,0.0971298,0.970477,-0.0643356,-0.0783285,1.41249,-0.194739,0.140767,0.0579511,-0.0811208,-0.297407,1.03649,-0.0892034,-0.327545,0.982908,-0.128356,-0.133187,1.1882,0.0116987
196,1.94846,0.0381648,1.43339,-0.0481244,-0.342804,0.111082,0.116797,-0.0249594,0.959543,0.133794,0.210788,1.126,0.207662,0.00067618,0.891057,0.280997,-0.30472,0.0475745,0.0529087,-0.210571,0.485815,0.129185,0.104737,0.96872,-0.000517223,0.0334792,1.41092,0.129893,-0.502046,0.178211,0.0803427,0.0333953,0.957824,0.206681,0.0845995,0.921299,0.241589,0.291709,0.123064,-0.144083,-0.0563339,0.952882,-0.180909,-0.163292,1.09189,-0.283096,-0.404946,1.00301,-0.0655038,0.379653,0.101346,-0.0855219,0.0821718,0.477861,-0.160893,0.0968451,0.968879,-0.0629317,-0.0783892,1.41115,-0.192966,0.154696,0.0576323,-0.0812471,-0.296131,1.03628,-0.0858857,-0.327283,0.982957,-0.125383,-0.133773,1.1866,0.0128988
197,1.95845,0.0381652,1.43175,-0.0462637,-0.342816,0.108301,0.11597,-0.0263246,0.958232,0.134628,0.210235,1.12267,0.206881,-0.00239185,0.890357,0.281074,-0.302814,0.0453635,0.0526933,-0.214836,0.485677,0.129393,0.103752,0.967136,0.00110608,0.0339458,1.40883,0.131508,-0.500953,0.175362,0.0763891,0.0306598,0.95689,0.20675,0.0815594,0.919647,0.24118,0.301946,0.126112,-0.145424,-0.0567359,0.95134,-0.180121,-0.162965,1.09094,-0.28128,-0.403306,1.00263,-0.0619646,0.390609,0.106898,-0.0868558,0.0841536,0.476998,-0.161719,0.0960364,0.967203,-0.0612935,-0.0785081,1.41007,-0.191092,0.168607,0.0572798,-0.0814132,-0.29442,1.03563,-0.083045,-0.326328,0.982568,-0.122752,-0.134536,1.18507,0.0142137
198,1.96844,0.0380466,1.43029,-0.0443054,-0.339369,0.104973,0.114813,-0.0277903,0.957172,0.135515,0.20911,1.11926,0.206377,-0.00638013,0.889745,0.280797,-0.29657,0.0440966,0.0521517,-0.219631,0.485484,0.129619,0.102391,0.965651,0.00270256,0.034227,1.40684,0.133239,-0.497758,0.168889,0.0719879,0.0272302,0.956103,0.206587,0.0777545,0.918072,0.24071,0.31181,0.129631,-0.146878,-0.0573142,0.949844,-0.179267,-0.162083,1.0901,-0.279527,-0.401094,1.00153,-0.0589114,0.401003,0.112923,-0.088228,0.085385,0.476013,-0.162476,0.0949426,0.965567,-0.059684,-0.0787523,1.40921,-0.189123,0.182526,0.0569938,-0.0814515,-0.292336,1.03451,-0.0806866,-0.324659,0.981698,-0.120463,-0.135396,1.18364,0.0157367
199,1.97843,0.0378292,1.42897,-0.0422446,-0.332789,0.101883,0.113361,-0.0296694,0.956371,0.13659,0.207437,1.11579,0.206202,-0.0112597,0.889265,0.28016,-0.286704,0.0446417,0.0514549,-0.224469,0.484959,0.129763,0.100903,0.964287,0.0042469,0.0342759,1.40499,0.135142,-0.493449,0.158907,0.0668429,0.023164,0.955481,0.206234,0.073182,0.916587,0.240145,0.321075,0.133307,-0.148098,-0.0580469,0.948412,-0.178309,-0.160649,1.08937,-0.277905,-0.398362,0.999784,-0.0563739,0.410992,0.119662,-0.0892999,0.0857459,0.474814,-0.163131,0.0936283,0.963981,-0.0581021,-0.0791019,1.4085,-0.187039,0.196401,0.0566866,-0.0815833,-0.289835,1.03302,-0.0787195,-0.322334,0.980369,-0.118558,-0.136312,1.18236,0.0174271
200,1.98843,0.0375668,1.42774,-0.0401201,-0.32502,0.0988255,0.111649,-0.031914,0.955717,0.137671,0.20527,1.11227,0.206388,-0.0170191,0.889025,0.279261,-0.27607,0.0456921,0.0503969,-0.228954,0.484097,0.129801,0.0988921,0.962962,0.00583093,0.0341727,1.40317,0.137175,-0.488889,0.147095,0.0618113,0.0185187,0.955037,0.205723,0.0678945,0.915215,0.239495,0.329654,0.137177,-0.148928,-0.0588301,0.946948,-0.177249,-0.158676,1.08869,-0.276425,-0.395238,0.997501,-0.0544585,0.420282,0.127011,-0.09001,0.0851751,0.473322,-0.163681,0.0920101,0.962471,-0.0564768,-0.0795272,1.40789,-0.184829,0.210252,0.0563516,-0.0818468,-0.286913,1.03121,-0.0771021,-0.319406,0.978589,-0.117043,-0.137276,1.18129,0.0192963
201,1.99842,0.0372743,1.42662,-0.0378776,-0.317628,0.0965445,0.109911,-0.0347041,0.955263,0.138855,0.202623,1.1087,0.206951,-0.0235648,0.889023,0.278091,-0.265975,0.0471447,0.0492528,-0.232811,0.483205,0.129798,0.0966735,0.961786,0.0075812,0.0338198,1.40144,0.139367,-0.4841,0.135175,0.0573457,0.0133516,0.954755,0.205038,0.0619338,0.913967,0.238744,0.337537,0.141469,-0.149503,-0.0598814,0.945421,-0.176173,-0.15623,1.08808,-0.275168,-0.391638,0.994617,-0.0530344,0.428736,0.135011,-0.0903135,0.0835974,0.471557,-0.164108,0.0901073,0.961111,-0.0547518,-0.0799574,1.40739,-0.182522,0.224278,0.0556364,-0.0821645,-0.283576,1.02907,-0.0757934,-0.315883,0.976387,-0.115928,-0.138319,1.18043,0.021275
202,2.00841,0.0370136,1.42562,-0.0354535,-0.310971,0.0948323,0.108691,-0.0380206,0.955044,0.14011,0.199504,1.10511,0.207878,-0.0308443,0.889188,0.276588,-0.256668,0.049105,0.0485341,-0.235913,0.482608,0.129908,0.09433,0.960827,0.00957571,0.0332709,1.39977,0.141688,-0.478886,0.12395,0.0537384,0.00769363,0.95463,0.204151,0.0553231,0.912838,0.237911,0.344605,0.146139,-0.149763,-0.0614802,0.94378,-0.175175,-0.153328,1.08751,-0.274167,-0.387548,0.991131,-0.0520437,0.436088,0.143858,-0.0901269,0.0809275,0.46952,-0.164349,0.0880623,0.959937,-0.0528339,-0.0802998,1.407,-0.180176,0.237906,0.0549687,-0.0822789,-0.27985,1.02658,-0.0749246,-0.311774,0.973799,-0.115228,-0.139527,1.17979,0.0232739
203,2.0184,0.0367782,1.42473,-0.0328467,-0.304188,0.0933003,0.108237,-0.0418586,0.955093,0.141509,0.195908,1.10151,0.209176,-0.0388495,0.889508,0.274735,-0.247377,0.0513768,0.0484868,-0.238448,0.482336,0.130053,0.0918521,0.960028,0.011934,0.032528,1.3982,0.144148,-0.473049,0.11316,0.0513154,0.00157871,0.954644,0.2031,0.048114,0.911815,0.236993,0.350619,0.151354,-0.149747,-0.0629851,0.942191,-0.174093,-0.149984,1.08699,-0.273407,-0.383065,0.987198,-0.0515816,0.441858,0.153171,-0.0895311,0.0769876,0.467225,-0.164539,0.0859461,0.958953,-0.0506402,-0.0804464,1.40676,-0.17786,0.251086,0.0545825,-0.0822702,-0.275817,1.02376,-0.0745614,-0.307164,0.970893,-0.114994,-0.140965,1.1794,0.0252287
204,2.02839,0.036522,1.424,-0.0300917,-0.296649,0.0919436,0.108469,-0.0458631,0.955347,0.142926,0.19181,1.09795,0.210838,-0.0475027,0.889971,0.272567,-0.237633,0.0536049,0.0488996,-0.241081,0.482071,0.129985,0.0893421,0.959367,0.0146266,0.0316291,1.39679,0.146715,-0.466512,0.102808,0.050306,-0.0050138,0.954804,0.201882,0.0403767,0.910911,0.235966,0.35522,0.157062,-0.149412,-0.0644086,0.941056,-0.172935,-0.146132,1.08652,-0.272874,-0.378132,0.98281,-0.0516233,0.445913,0.163282,-0.0884354,0.0715846,0.464723,-0.164993,0.0838112,0.958084,-0.0481819,-0.0803208,1.40672,-0.175674,0.263785,0.0545847,-0.0821978,-0.271505,1.02071,-0.0746567,-0.302133,0.967723,-0.115285,-0.14269,1.17929,0.0270462
205,2.03839,0.0362368,1.42346,-0.0272099,-0.2882,0.0908646,0.108942,-0.0498231,0.955752,0.144391,0.187139,1.09449,0.212863,-0.0567343,0.890564,0.270073,-0.227229,0.0554599,0.04944,-0.244147,0.481764,0.129989,0.0869146,0.958837,0.0174535,0.0305715,1.39555,0.149376,-0.459069,0.093565,0.0505061,-0.0120693,0.955141,0.200487,0.0321041,0.910121,0.234831,0.358154,0.16298,-0.148682,-0.0655802,0.94041,-0.171728,-0.141701,1.08613,-0.272614,-0.372859,0.978032,-0.0521985,0.448051,0.174577,-0.0869687,0.0646635,0.462048,-0.165998,0.0816912,0.957282,-0.0455739,-0.0799092,1.40689,-0.173674,0.275861,0.054955,-0.0820966,-0.26674,1.01759,-0.0750652,-0.296677,0.964346,-0.116109,-0.144699,1.17946,0.0286094
206,2.04838,0.0359717,1.42316,-0.0242585,-0.278744,0.0901848,0.109054,-0.0534911,0.956314,0.145835,0.181875,1.09114,0.215226,-0.0665165,0.891256,0.267141,-0.21599,0.0568905,0.04987,-0.247659,0.481859,0.130353,0.084785,0.958498,0.0201892,0.0292749,1.39462,0.152102,-0.450282,0.0860712,0.0510611,-0.0196302,0.955711,0.198899,0.0232626,0.909519,0.233549,0.359547,0.169539,-0.147778,-0.0659652,0.940136,-0.170451,-0.136649,1.08585,-0.272669,-0.36711,0.972828,-0.0533154,0.448063,0.187223,-0.0854095,0.056418,0.459086,-0.167669,0.0797194,0.956528,-0.0429438,-0.07926,1.40726,-0.171855,0.286985,0.055852,-0.0819268,-0.261792,1.01426,-0.0760871,-0.290835,0.960813,-0.117474,-0.146912,1.17987,0.0298606
207,2.05837,0.0357673,1.4231,-0.0213456,-0.268332,0.0898212,0.108935,-0.0565047,0.957019,0.147139,0.176019,1.08793,0.217936,-0.0768797,0.892076,0.26373,-0.204008,0.0579455,0.050207,-0.251213,0.482461,0.131208,0.0831309,0.958438,0.0226828,0.027728,1.39402,0.154859,-0.440029,0.0803628,0.0510665,-0.0276722,0.956548,0.197097,0.0138129,0.909204,0.232105,0.359677,0.176899,-0.146805,-0.0671542,0.939403,-0.169194,-0.131198,1.08578,-0.272795,-0.361048,0.967325,-0.0550088,0.445966,0.201122,-0.0838341,0.0472381,0.455945,-0.169829,0.0780359,0.955862,-0.0405206,-0.078439,1.40778,-0.170206,0.296841,0.057484,-0.081596,-0.256636,1.01076,-0.0776436,-0.2846,0.957144,-0.119372,-0.149197,1.18045,0.0308353
208,2.06836,0.0356428,1.42327,-0.0185617,-0.257067,0.0897549,0.108873,-0.0586408,0.957908,0.148263,0.169625,1.08488,0.220997,-0.0877503,0.893215,0.260039,-0.191566,0.0587385,0.0505003,-0.253934,0.483167,0.13266,0.0818525,0.958651,0.0247488,0.0260191,1.39375,0.157618,-0.428697,0.0760221,0.0505852,-0.0360653,0.957556,0.195129,0.00379849,0.90922,0.230535,0.358591,0.184381,-0.145792,-0.0682112,0.938774,-0.167849,-0.12541,1.0859,-0.27299,-0.354714,0.961624,-0.0573349,0.441777,0.215838,-0.0821577,0.0373252,0.452899,-0.171695,0.0767469,0.955305,-0.0385588,-0.0774994,1.40839,-0.168728,0.305143,0.0600319,-0.0811458,-0.251105,1.00734,-0.0794221,-0.277939,0.95339,-0.121764,-0.151395,1.18113,0.031562
209,2.07835,0.0356384,1.42364,-0.0159683,-0.245185,0.0898231,0.108809,-0.0601493,0.959042,0.149467,0.162696,1.082,0.224374,-0.0990397,0.894789,0.25615,-0.178814,0.0593669,0.0507842,-0.255011,0.483596,0.134526,0.0808743,0.959111,0.0262103,0.0242368,1.39379,0.160365,-0.416638,0.0723972,0.0503226,-0.0447494,0.958861,0.193075,-0.00654711,0.909398,0.228877,0.356258,0.19249,-0.144969,-0.0689022,0.938243,-0.166547,-0.119244,1.08622,-0.273335,-0.34808,0.955822,-0.0603404,0.435489,0.231022,-0.0804394,0.0267515,0.450061,-0.173109,0.0758645,0.954835,-0.0371788,-0.0764342,1.40907,-0.167379,0.311637,0.0634919,-0.0806712,-0.245333,1.00375,-0.0817351,-0.270799,0.949631,-0.124583,-0.153395,1.18185,0.0320429
210,2.08835,0.0357707,1.42427,-0.0134963,-0.232741,0.0897884,0.108945,-0.0611068,0.960277,0.150734,0.155246,1.07931,0.228005,-0.110738,0.896813,0.252027,-0.165452,0.0599422,0.0510866,-0.253982,0.483533,0.136624,0.0801137,0.959744,0.0269918,0.0224344,1.39415,0.163068,-0.404017,0.069885,0.0506189,-0.0537992,0.96062,0.190748,-0.0173688,0.910038,0.227097,0.352269,0.201392,-0.144061,-0.069068,0.937916,-0.165192,-0.112716,1.08677,-0.273847,-0.34116,0.950036,-0.0640598,0.427047,0.246372,-0.078747,0.0155783,0.447503,-0.174242,0.0753863,0.954437,-0.0363555,-0.0751905,1.40984,-0.166136,0.315891,0.0674473,-0.0801833,-0.239318,0.999965,-0.0846462,-0.263241,0.94593,-0.127807,-0.155141,1.18261,0.0322868
211,2.09834,0.0360267,1.42515,-0.0111039,-0.219596,0.0898348,0.10903,-0.0615412,0.961545,0.151974,0.14732,1.07684,0.231835,-0.122773,0.899395,0.247406,-0.15175,0.0603265,0.0513337,-0.251026,0.482913,0.138922,0.0795541,0.960453,0.0272602,0.0206164,1.39484,0.165689,-0.39065,0.0686156,0.0512648,-0.0632421,0.962832,0.187896,-0.0285241,0.911081,0.225159,0.346468,0.210749,-0.142817,-0.0689292,0.937683,-0.163856,-0.105829,1.08759,-0.274505,-0.333953,0.944412,-0.06846,0.416386,0.261453,-0.0770381,0.00389895,0.445345,-0.175071,0.0755722,0.954124,-0.0360143,-0.0736796,1.41075,-0.165,0.317731,0.0715545,-0.0799022,-0.232927,0.996293,-0.0879176,-0.255275,0.942384,-0.131413,-0.156557,1.18349,0.0323636
212,2.10833,0.0364575,1.4263,-0.00875464,-0.205983,0.0900215,0.109126,-0.061641,0.963092,0.153449,0.13894,1.07467,0.235855,-0.135092,0.902643,0.241895,-0.137962,0.060563,0.0515262,-0.246549,0.48188,0.141131,0.0792053,0.961196,0.0273666,0.0187839,1.39588,0.168209,-0.376977,0.0678968,0.0516502,-0.0726974,0.965434,0.184856,-0.0400226,0.912614,0.222811,0.339306,0.219937,-0.141224,-0.0686253,0.937558,-0.162699,-0.0985582,1.0887,-0.27527,-0.326382,0.939096,-0.0735115,0.403239,0.275619,-0.0753091,-0.00815312,0.443839,-0.175463,0.0758434,0.95378,-0.0358878,-0.0718497,1.41185,-0.163978,0.316908,0.0742667,-0.0802176,-0.226188,0.993066,-0.0911431,-0.246915,0.939164,-0.135386,-0.157598,1.18451,0.0322775
213,2.11832,0.0370976,1.42772,-0.00646801,-0.192197,0.0902533,0.109235,-0.0614755,0.965045,0.15493,0.130118,1.07286,0.239989,-0.147683,0.906652,0.236153,-0.124135,0.0607622,0.0516894,-0.240914,0.480665,0.142954,0.0792787,0.962014,0.0275449,0.0168405,1.39726,0.170596,-0.363285,0.0672471,0.0518244,-0.0818422,0.96814,0.181743,-0.0517995,0.91479,0.220291,0.331075,0.228349,-0.139335,-0.0680564,0.937852,-0.161684,-0.0908362,1.09011,-0.276148,-0.318547,0.934282,-0.0791568,0.387546,0.288034,-0.0735128,-0.0204546,0.443091,-0.175345,0.0761235,0.953468,-0.0357566,-0.0696845,1.41321,-0.163094,0.314065,0.0736408,-0.0813435,-0.219147,0.990341,-0.0943363,-0.238216,0.936381,-0.139692,-0.158217,1.18577,0.0320404
214,2.12831,0.0379631,1.42945,-0.00426174,-0.178487,0.0903334,0.109109,-0.0608526,0.967239,0.156267,0.120926,1.07143,0.244056,-0.160272,0.911461,0.230047,-0.110039,0.0609524,0.0518507,-0.234369,0.479482,0.14425,0.0800001,0.963047,0.027868,0.0147207,1.39895,0.172806,-0.349496,0.0667749,0.0519028,-0.0910549,0.971546,0.178221,-0.0636722,0.917525,0.217609,0.32154,0.235664,-0.137272,-0.0672919,0.938742,-0.160618,-0.0826477,1.09186,-0.27712,-0.310524,0.930115,-0.0852956,0.370754,0.297912,-0.0711517,-0.0331006,0.443195,-0.174929,0.0766695,0.953436,-0.03548,-0.0671904,1.41487,-0.162389,0.310571,0.072546,-0.08269,-0.211837,0.987931,-0.097978,-0.229262,0.934156,-0.144312,-0.1584,1.18735,0.0316804
215,2.13831,0.0389783,1.43153,-0.0021637,-0.164629,0.0903974,0.108952,-0.0597509,0.969351,0.157523,0.111422,1.07051,0.248158,-0.172634,0.917009,0.223373,-0.0958755,0.0611184,0.0519268,-0.22697,0.478476,0.144985,0.0809607,0.964368,0.0284697,0.012807,1.40106,0.174876,-0.335554,0.0664514,0.0519146,-0.100274,0.975561,0.174279,-0.07558,0.920925,0.214735,0.310825,0.242055,-0.135126,-0.0665036,0.939765,-0.159162,-0.0739889,1.09399,-0.278174,-0.302339,0.926713,-0.0918173,0.355421,0.305149,-0.0676284,-0.0461299,0.444275,-0.17445,0.077653,0.954121,-0.0348986,-0.0644102,1.41686,-0.161875,0.305694,0.0753656,-0.0840233,-0.204237,0.985901,-0.102068,-0.220072,0.932545,-0.149239,-0.158149,1.18931,0.0311853
216,2.1483,0.0400316,1.43398,-0.000158765,-0.150614,0.0904923,0.108801,-0.0589346,0.971719,0.158503,0.101629,1.07016,0.252124,-0.184762,0.923328,0.216352,-0.0816838,0.0612459,0.0519598,-0.218651,0.477654,0.145265,0.0813957,0.965953,0.0295462,0.0110722,1.40358,0.17678,-0.321433,0.0661644,0.0519712,-0.109473,0.980391,0.169866,-0.0874662,0.925013,0.211652,0.300015,0.248572,-0.13284,-0.0654797,0.941014,-0.157407,-0.0650235,1.09651,-0.27936,-0.294004,0.924125,-0.0986557,0.342827,0.310603,-0.0631558,-0.0592612,0.446464,-0.173939,0.0789234,0.955861,-0.0339067,-0.0613767,1.41917,-0.161505,0.296267,0.0811706,-0.0856045,-0.196336,0.98433,-0.106446,-0.21095,0.931651,-0.154659,-0.157462,1.19171,0.0304973
217,2.15829,0.0410346,1.4368,0.00173329,-0.136349,0.0907144,0.108691,-0.0582753,0.97428,0.159449,0.0915708,1.07046,0.255863,-0.196501,0.930424,0.208897,-0.0673466,0.0613834,0.0519616,-0.209424,0.476973,0.145315,0.0823835,0.968286,0.03109,0.00942835,1.40647,0.178506,-0.307185,0.0659937,0.0519924,-0.118414,0.985943,0.16561,-0.0991698,0.92976,0.208088,0.289058,0.254962,-0.130373,-0.0639468,0.945008,-0.157509,-0.0556518,1.09944,-0.280492,-0.285548,0.922433,-0.105754,0.332195,0.314603,-0.0584707,-0.072099,0.449633,-0.173211,0.0803224,0.958763,-0.0325261,-0.0580752,1.42178,-0.161252,0.281448,0.0873164,-0.0869946,-0.188056,0.983203,-0.11096,-0.201721,0.93142,-0.160366,-0.156368,1.19453,0.0296155
218,2.16828,0.0419591,1.43992,0.00354735,-0.121908,0.0910491,0.108575,-0.0573561,0.976686,0.160736,0.0812688,1.07143,0.259326,-0.207782,0.93829,0.201046,-0.0529355,0.0615297,0.0519294,-0.199468,0.476449,0.145212,0.0837037,0.971347,0.032868,0.00786211,1.4097,0.180054,-0.292841,0.0659488,0.0519407,-0.126953,0.991923,0.161266,-0.110601,0.935229,0.204082,0.2773,0.260138,-0.127773,-0.0618606,0.948838,-0.156598,-0.0458662,1.10278,-0.281462,-0.27695,0.921616,-0.113121,0.322244,0.316795,-0.0542597,-0.0844271,0.453519,-0.172233,0.0816961,0.962538,-0.0308166,-0.0545637,1.42468,-0.161092,0.263179,0.0925937,-0.0877968,-0.179424,0.982519,-0.115616,-0.192282,0.931784,-0.166283,-0.154968,1.19769,0.0285735
219,2.17828,0.042723,1.44317,0.00530567,-0.107662,0.0912047,0.108289,-0.0566122,0.979126,0.161661,0.0707493,1.07302,0.262425,-0.218569,0.946867,0.192881,-0.0384906,0.0616869,0.0518909,-0.188973,0.476029,0.144913,0.0849915,0.975017,0.0346099,0.00635501,1.41322,0.181414,-0.278436,0.0659662,0.0518141,-0.134932,0.998205,0.156437,-0.121701,0.941402,0.199706,0.264396,0.263471,-0.12524,-0.0596716,0.952778,-0.155348,-0.0358879,1.10663,-0.282353,-0.268254,0.921604,-0.1207,0.311907,0.317061,-0.0506928,-0.0962852,0.458075,-0.17109,0.0829832,0.966759,-0.0290268,-0.0508766,1.4278,-0.16095,0.243325,0.096508,-0.0877415,-0.170667,0.982404,-0.120421,-0.182656,0.932691,-0.172361,-0.153383,1.20109,0.0273637
220,2.18827,0.043519,1.44647,0.00702782,-0.0932959,0.0913829,0.108025,-0.0557583,0.981468,0.162275,0.0600445,1.07515,0.265084,-0.228804,0.956096,0.184421,-0.023962,0.0618944,0.0518216,-0.178009,0.475669,0.144381,0.0861455,0.979167,0.0362194,0.00491887,1.41696,0.182597,-0.263948,0.0660381,0.0516312,-0.142601,1.00516,0.151334,-0.132427,0.948219,0.195003,0.250427,0.264819,-0.122847,-0.0574521,0.957205,-0.154206,-0.0256869,1.11093,-0.283081,-0.259487,0.922292,-0.12846,0.300657,0.315489,-0.047847,-0.107728,0.463324,-0.169824,0.084282,0.971126,-0.027345,-0.0469783,1.43113,-0.160766,0.222637,0.0986567,-0.0869764,-0.161754,0.982863,-0.125202,-0.172926,0.934195,-0.178462,-0.151774,1.20465,0.0259751
221,2.19826,0.0445605,1.44988,0.00865468,-0.0787806,0.0916337,0.107785,-0.0544302,0.983765,0.162985,0.0495629,1.07781,0.267657,-0.238426,0.965933,0.175681,-0.00933476,0.0621307,0.0517068,-0.166567,0.47546,0.14369,0.0873105,0.983614,0.0376409,0.00355155,1.42086,0.183612,-0.249398,0.0661674,0.0514412,-0.149887,1.01276,0.146048,-0.142765,0.955638,0.190034,0.235629,0.264211,-0.120691,-0.0552028,0.962029,-0.153105,-0.0153773,1.11561,-0.283946,-0.250601,0.923547,-0.136403,0.28855,0.312174,-0.0455968,-0.118716,0.469124,-0.168465,0.0857445,0.975554,-0.0258729,-0.0428012,1.43465,-0.160469,0.20113,0.0991293,-0.0856922,-0.152794,0.98381,-0.130026,-0.163097,0.93618,-0.184604,-0.150294,1.20831,0.024449
222,2.20825,0.0457271,1.45328,0.0102076,-0.0641808,0.0919075,0.107568,-0.0527876,0.986658,0.164093,0.0393131,1.08083,0.270114,-0.247392,0.976301,0.166734,0.00536198,0.0623432,0.051649,-0.154712,0.475404,0.143067,0.088379,0.988108,0.0388567,0.0022489,1.42481,0.184478,-0.234751,0.0661798,0.0513231,-0.156698,1.0208,0.140686,-0.15271,0.963541,0.184839,0.220265,0.261899,-0.118844,-0.0529824,0.96703,-0.151932,-0.00488576,1.12039,-0.284729,-0.241569,0.925212,-0.1445,0.275817,0.307147,-0.0438038,-0.129214,0.475306,-0.167084,0.0873349,0.979934,-0.0246183,-0.0384761,1.43825,-0.160047,0.178506,0.0983851,-0.0841769,-0.144009,0.985155,-0.135219,-0.153136,0.938472,-0.190733,-0.149016,1.21204,0.0228188
223,2.21824,0.0468705,1.45652,0.0116953,-0.0495157,0.0921825,0.107335,-0.0512244,0.989569,0.165328,0.0292794,1.08408,0.272387,-0.255694,0.98712,0.157632,0.020058,0.0624613,0.0515876,-0.142488,0.475386,0.14263,0.0889623,0.992292,0.0398435,0.000965732,1.42867,0.185211,-0.220028,0.066172,0.0512252,-0.163038,1.02914,0.135312,-0.16219,0.971739,0.179491,0.204499,0.258205,-0.117344,-0.0507798,0.972043,-0.15068,0.00565415,1.12528,-0.285523,-0.232462,0.927128,-0.152708,0.262621,0.30054,-0.0423949,-0.139204,0.481725,-0.165737,0.0887734,0.984122,-0.0235276,-0.0342673,1.44174,-0.159511,0.154842,0.0969039,-0.0829059,-0.13527,0.98681,-0.140348,-0.142907,0.94098,-0.19661,-0.1476,1.21583,0.0211645
224,2.22824,0.0479798,1.45953,0.0131438,-0.0348599,0.0924628,0.107086,-0.0505857,0.99155,0.166547,0.0194231,1.08743,0.274408,-0.263315,0.998273,0.148421,0.0347716,0.0626642,0.0514078,-0.129863,0.475288,0.142398,0.0897785,0.996237,0.0406262,-0.000347867,1.43237,0.185855,-0.205273,0.0662117,0.0511986,-0.168884,1.03769,0.12996,-0.171166,0.980062,0.17407,0.188326,0.253302,-0.116206,-0.0484439,0.976963,-0.149406,0.0162846,1.1302,-0.286157,-0.223296,0.92916,-0.161,0.248985,0.29237,-0.0413664,-0.148617,0.488159,-0.164492,0.0899716,0.988062,-0.0226276,-0.0301837,1.44504,-0.158848,0.130133,0.094872,-0.0819438,-0.126629,0.988804,-0.145294,-0.132295,0.94356,-0.202027,-0.146034,1.21959,0.0195119
225,2.23823,0.0490786,1.46223,0.0145975,-0.0202692,0.0927111,0.106867,-0.0506946,0.992854,0.16769,0.00977748,1.09077,0.276158,-0.270211,1.00964,0.13915,0.049378,0.0628964,0.0512502,-0.11683,0.47517,0.142234,0.0909628,0.999819,0.0412711,-0.00171529,1.43587,0.186443,-0.190661,0.0662853,0.0511604,-0.174092,1.04629,0.124634,-0.179535,0.988488,0.168434,0.171558,0.247247,-0.115384,-0.0461261,0.981661,-0.14811,0.0267025,1.13509,-0.286428,-0.214073,0.93117,-0.169359,0.234814,0.282671,-0.0406778,-0.157389,0.49444,-0.163346,0.0915053,0.991799,-0.0219015,-0.0262125,1.44807,-0.15806,0.104096,0.0925863,-0.0809142,-0.118158,0.991025,-0.15017,-0.121584,0.946056,-0.207279,-0.144341,1.22324,0.017906
226,2.24822,0.0501377,1.46455,0.0160452,-0.00573529,0.0929608,0.106663,-0.0501632,0.994347,0.16854,0.000386819,1.09405,0.277669,-0.2764,1.02106,0.129927,0.0638772,0.0630766,0.0511884,-0.103501,0.475102,0.142142,0.0923166,1.00289,0.0417799,-0.00315624,1.43909,0.186993,-0.176147,0.0663028,0.051036,-0.17868,1.05476,0.119375,-0.187304,0.997234,0.162412,0.153958,0.239995,-0.114526,-0.0448826,0.985884,-0.146622,0.0369917,1.13983,-0.286505,-0.204828,0.933026,-0.177767,0.219911,0.271376,-0.0402519,-0.165504,0.5005,-0.162301,0.0934227,0.995238,-0.0212717,-0.0224428,1.45077,-0.157215,0.0769306,0.090118,-0.0798055,-0.109537,0.992886,-0.155261,-0.111056,0.948411,-0.212584,-0.14248,1.22664,0.0164251
227,2.25821,0.0512058,1.46643,0.0174667,0.00873836,0.0932383,0.106446,-0.0489015,0.995742,0.169245,-0.00876574,1.09717,0.278998,-0.281942,1.0324,0.120805,0.0784491,0.0633116,0.0512921,-0.0900087,0.475125,0.142151,0.0936241,1.00539,0.0422155,-0.00448445,1.44185,0.187461,-0.161577,0.0662274,0.0506742,-0.182931,1.0631,0.114224,-0.194724,1.00591,0.156536,0.135469,0.231868,-0.113826,-0.0439748,0.989579,-0.145086,0.0472443,1.14431,-0.286465,-0.19558,0.934684,-0.186125,0.204027,0.258774,-0.0401262,-0.173013,0.506281,-0.161227,0.0952769,0.998175,-0.020716,-0.01881,1.45305,-0.156273,0.0491484,0.0874594,-0.0788942,-0.101379,0.99501,-0.160186,-0.100673,0.950525,-0.217781,-0.14092,1.2297,0.015147
228,2.2682,0.0522695,1.46783,0.0188543,0.0231991,0.0935123,0.106258,-0.0475734,0.996506,0.170051,-0.0178861,1.10002,0.28039,-0.286912,1.04351,0.111885,0.0933414,0.063663,0.0515045,-0.0765418,0.475153,0.14218,0.0948705,1.00731,0.0426085,-0.00583467,1.4442,0.187845,-0.147061,0.0661907,0.0505141,-0.186869,1.07124,0.10922,-0.201629,1.01426,0.150709,0.116101,0.22311,-0.113468,-0.0425981,0.992711,-0.143661,0.0573072,1.14845,-0.286414,-0.186351,0.936135,-0.194342,0.186975,0.245088,-0.0402822,-0.180065,0.511614,-0.160059,0.096694,1.00048,-0.0202874,-0.015342,1.45488,-0.155335,0.0207072,0.0847714,-0.078203,-0.0933583,0.996886,-0.165148,-0.0904344,0.952344,-0.2228,-0.139632,1.2323,0.0141078
229,2.2782,0.0533402,1.46876,0.0202058,0.0376048,0.0937333,0.106078,-0.0461377,0.996832,0.17064,-0.0268553,1.10252,0.281687,-0.291258,1.05428,0.103152,0.10782,0.0639561,0.0514606,-0.0632633,0.475078,0.142155,0.0961314,1.00873,0.0429504,-0.00727176,1.44615,0.188203,-0.132582,0.0662461,0.0506159,-0.190453,1.07906,0.104386,-0.208103,1.02231,0.144936,0.0957363,0.213655,-0.113411,-0.0409901,0.99521,-0.142306,0.0670976,1.15216,-0.286277,-0.177179,0.937339,-0.202469,0.168687,0.230517,-0.0406134,-0.18662,0.516491,-0.158763,0.0979372,1.00219,-0.0199219,-0.0120816,1.45624,-0.154439,-0.00836486,0.0820366,-0.0778236,-0.085433,0.998428,-0.170191,-0.0803792,0.953989,-0.227704,-0.138471,1.23433,0.0132576
230,2.28819,0.0544229,1.46919,0.0215016,0.051995,0.0939663,0.105884,-0.0444022,0.996766,0.171128,-0.0355523,1.10469,0.282706,-0.294844,1.0646,0.0944971,0.122171,0.0642004,0.051386,-0.0502678,0.474812,0.142056,0.0974215,1.00968,0.0432426,-0.00863637,1.44756,0.188497,-0.118074,0.0663322,0.0508297,-0.193649,1.08651,0.0997203,-0.214172,1.03006,0.139212,0.0744347,0.203642,-0.113658,-0.0393405,0.997016,-0.141064,0.0766181,1.15542,-0.286022,-0.168122,0.938288,-0.210509,0.149135,0.215373,-0.0410305,-0.192589,0.520936,-0.157388,0.0997179,1.0034,-0.0195657,-0.0089773,1.45707,-0.153585,-0.0381388,0.0797211,-0.0781692,-0.0776077,0.999617,-0.175277,-0.0705212,0.955348,-0.232498,-0.137406,1.2357,0.0126172
231,2.29818,0.0555298,1.46914,0.0227432,0.0663701,0.0942232,0.10568,-0.0426042,0.996186,0.17174,-0.0440666,1.10654,0.28349,-0.29791,1.07446,0.0861484,0.136658,0.0643856,0.0512885,-0.037654,0.474337,0.1419,0.0987531,1.01015,0.0435029,-0.00990847,1.4484,0.188724,-0.103598,0.066222,0.0506454,-0.196479,1.09352,0.0952096,-0.219837,1.03742,0.13359,0.0525867,0.193554,-0.113973,-0.037617,0.998056,-0.139983,0.0858494,1.15816,-0.285644,-0.159209,0.938952,-0.218425,0.128246,0.19996,-0.0413723,-0.197962,0.524881,-0.156006,0.101479,1.004,-0.019249,-0.00594157,1.45734,-0.152725,-0.0680874,0.0776262,-0.0791101,-0.0699661,1.00051,-0.180374,-0.0608943,0.956304,-0.237172,-0.136471,1.23635,0.0121271
232,2.30817,0.0566206,1.46861,0.0238997,0.0808228,0.0945348,0.105405,-0.0409338,0.99519,0.172644,-0.0525035,1.10798,0.283937,-0.300507,1.0838,0.0781703,0.151195,0.0644463,0.0511508,-0.0254811,0.473653,0.141757,0.100183,1.0101,0.0437466,-0.0111649,1.44872,0.188883,-0.0890767,0.066202,0.0505362,-0.198994,1.10005,0.0908783,-0.225073,1.04441,0.128115,0.0300471,0.183449,-0.114421,-0.0358684,0.99836,-0.139068,0.0948036,1.16037,-0.285182,-0.150468,0.939326,-0.226129,0.105961,0.184351,-0.0417531,-0.202824,0.528264,-0.154665,0.103063,1.00392,-0.0189466,-0.00298535,1.45703,-0.151914,-0.0981839,0.0757141,-0.0805908,-0.062594,1.00107,-0.18524,-0.0516807,0.956923,-0.24165,-0.135681,1.23625,0.0117157
233,2.31816,0.0576444,1.46762,0.0249574,0.0954936,0.0948788,0.104941,-0.0391864,0.99374,0.173381,-0.0608987,1.10888,0.283917,-0.3026,1.09259,0.0705172,0.165798,0.0645349,0.051038,-0.0136798,0.472762,0.141643,0.101702,1.00955,0.0440149,-0.0124717,1.4486,0.189039,-0.074491,0.0661803,0.0505622,-0.201156,1.106,0.0867057,-0.229871,1.05097,0.122794,0.00679206,0.173414,-0.115102,-0.0342941,0.997972,-0.138322,0.103426,1.16204,-0.284622,-0.141986,0.939393,-0.233554,0.0822056,0.168619,-0.042284,-0.207135,0.531035,-0.153423,0.104646,1.00322,-0.0186023,-0.000188872,1.45616,-0.151266,-0.128441,0.0740597,-0.0825769,-0.0554475,1.00124,-0.189952,-0.0428135,0.957304,-0.246069,-0.134966,1.23539,0.0113456
234,2.32816,0.0586025,1.46621,0.0259485,0.110075,0.0951306,0.104508,-0.0373297,0.9919,0.173927,-0.0691827,1.10945,0.28392,-0.304185,1.10079,0.0631826,0.180449,0.0646521,0.0509324,-0.00233303,0.471687,0.141588,0.103279,1.00849,0.0443664,-0.013675,1.44794,0.189129,-0.0598913,0.0660749,0.0506084,-0.203002,1.11136,0.0826828,-0.234222,1.05689,0.1175,-0.0171584,0.163627,-0.116038,-0.032932,0.996982,-0.137776,0.111725,1.16317,-0.283978,-0.133712,0.939212,-0.240833,0.0571919,0.153071,-0.0428042,-0.210822,0.533189,-0.152286,0.106306,1.00205,-0.0181459,0.00250125,1.45469,-0.150746,-0.158766,0.0728209,-0.0849695,-0.0484935,1.00101,-0.19454,-0.034263,0.957344,-0.250438,-0.13428,1.23377,0.0109499
235,2.33815,0.0594539,1.46446,0.0268479,0.124542,0.0953311,0.104162,-0.0355085,0.989724,0.174346,-0.0771147,1.10964,0.284078,-0.305398,1.10833,0.056194,0.195057,0.0647947,0.0507967,0.0084125,0.470499,0.141631,0.104948,1.00696,0.0448013,-0.0148931,1.44682,0.189195,-0.0453829,0.0659247,0.0506511,-0.204611,1.11619,0.0789478,-0.238174,1.06213,0.112215,-0.0416905,0.154257,-0.117208,-0.031122,0.995487,-0.137539,0.11969,1.16372,-0.283247,-0.125539,0.938895,-0.248189,0.0310942,0.137929,-0.0434161,-0.213833,0.534716,-0.151171,0.107976,1.00058,-0.0176811,0.0049778,1.45269,-0.150425,-0.189147,0.0726815,-0.0880216,-0.0417591,1.00041,-0.199033,-0.0260212,0.957041,-0.254677,-0.133614,1.23145,0.0104876
236,2.34814,0.0602084,1.46239,0.0276236,0.138926,0.095553,0.103885,-0.0338299,0.987174,0.174664,-0.0848249,1.10944,0.284139,-0.306325,1.11511,0.0495481,0.209575,0.0650974,0.0506089,0.0188109,0.469191,0.141569,0.106701,1.00495,0.0452547,-0.0161831,1.44529,0.189203,-0.0309978,0.0657483,0.0507031,-0.20593,1.12037,0.0753113,-0.241788,1.0668,0.107126,-0.0667903,0.145464,-0.118726,-0.0289469,0.99334,-0.13755,0.127356,1.16374,-0.282487,-0.117725,0.938254,-0.255163,0.0045282,0.123917,-0.0446858,-0.216139,0.535543,-0.150019,0.109627,0.99875,-0.0172139,0.00733174,1.45013,-0.150263,-0.219304,0.0731875,-0.0913483,-0.0353073,0.999488,-0.203416,-0.018133,0.956395,-0.258756,-0.132909,1.22852,0.00992744
237,2.35813,0.0608561,1.46008,0.0282706,0.153238,0.0957167,0.103674,-0.0322096,0.984399,0.174937,-0.0923753,1.10888,0.284023,-0.306866,1.12116,0.0431843,0.224083,0.0654332,0.0504699,0.0288436,0.467829,0.141506,0.108489,1.00248,0.0456817,-0.0173986,1.44334,0.189126,-0.0166281,0.0655391,0.0506388,-0.207008,1.12393,0.0717689,-0.245082,1.07088,0.102253,-0.0924602,0.137373,-0.120657,-0.0267886,0.990698,-0.137698,0.134737,1.1633,-0.281797,-0.110262,0.937244,-0.261747,-0.0229511,0.11067,-0.046381,-0.21768,0.535642,-0.148794,0.111256,0.996462,-0.0167925,0.00958846,1.44706,-0.150244,-0.249286,0.0744058,-0.0945375,-0.0291779,0.998271,-0.207663,-0.0106418,0.955407,-0.262638,-0.13213,1.2251,0.0092377
238,2.36813,0.061424,1.45753,0.0287712,0.167437,0.0959236,0.103524,-0.0307556,0.981485,0.175197,-0.099745,1.10801,0.283703,-0.307048,1.12644,0.0370993,0.238612,0.0657476,0.0503891,0.0385542,0.466483,0.141466,0.110241,0.999599,0.0460553,-0.0185076,1.44097,0.188977,-0.0021406,0.0653305,0.0504146,-0.208056,1.12685,0.0686697,-0.248109,1.07437,0.097573,-0.118515,0.130049,-0.122793,-0.0246938,0.987632,-0.137944,0.141807,1.16239,-0.281074,-0.10316,0.935893,-0.268029,-0.05112,0.0985389,-0.0483334,-0.218376,0.535015,-0.1475,0.112894,0.993705,-0.0164454,0.0117693,1.44356,-0.150378,-0.279074,0.076444,-0.0976375,-0.0234722,0.996827,-0.211694,-0.00349803,0.954144,-0.266317,-0.131134,1.22128,0.00833837
239,2.37812,0.0619239,1.45475,0.029099,0.18159,0.0961966,0.103456,-0.029525,0.978434,0.175421,-0.106862,1.10686,0.28314,-0.306929,1.13096,0.0312829,0.253074,0.0660638,0.0503577,0.048016,0.465186,0.141488,0.111837,0.996487,0.0463699,-0.0195578,1.43824,0.188737,0.0123543,0.0651419,0.0503612,-0.209,1.12914,0.0658259,-0.250798,1.07727,0.0930603,-0.144784,0.123801,-0.125105,-0.022721,0.984254,-0.138348,0.148412,1.16094,-0.28024,-0.0963879,0.934237,-0.27398,-0.0799067,0.0877875,-0.0505482,-0.218253,0.533669,-0.146231,0.114459,0.990493,-0.016235,0.0138776,1.4397,-0.150634,-0.308607,0.0795225,-0.100669,-0.0183172,0.995137,-0.2154,0.0032661,0.952581,-0.269778,-0.129937,1.21715,0.00731026
240,2.38811,0.0623355,1.45177,0.0292433,0.195804,0.0965652,0.103412,-0.0284877,0.975269,0.17557,-0.113672,1.1055,0.282377,-0.306624,1.13471,0.0257438,0.267588,0.0664762,0.0503504,0.0573038,0.463948,0.141543,0.113293,0.993288,0.0465914,-0.0205762,1.43523,0.18839,0.0268182,0.0649947,0.0504883,-0.209682,1.13081,0.062987,-0.252996,1.07965,0.0886505,-0.171146,0.118897,-0.127492,-0.0210804,0.980678,-0.138971,0.154715,1.15911,-0.279426,-0.0899683,0.932326,-0.279582,-0.108853,0.0785761,-0.0528129,-0.217321,0.531589,-0.145042,0.115935,0.987007,-0.0161784,0.0157772,1.43567,-0.151059,-0.33771,0.0839412,-0.103661,-0.0135712,0.993225,-0.218887,0.00941994,0.950646,-0.272823,-0.128709,1.21279,0.00627771
241,2.3981,0.0627315,1.44863,0.0292105,0.210071,0.0969444,0.103412,-0.0276834,0.972013,0.175726,-0.120216,1.10405,0.281589,-0.306169,1.1377,0.0204847,0.282087,0.0669145,0.050392,0.066429,0.462765,0.141655,0.114507,0.990144,0.0466844,-0.0216562,1.43206,0.187939,0.0413688,0.0648587,0.0506521,-0.210038,1.13189,0.0599867,-0.254927,1.08142,0.084407,-0.197511,0.115301,-0.129587,-0.0199758,0.977022,-0.139839,0.160546,1.1569,-0.27852,-0.0839836,0.930193,-0.284811,-0.137553,0.0708965,-0.0551462,-0.215686,0.528744,-0.143992,0.117234,0.983422,-0.0162445,0.017483,1.43154,-0.151649,-0.366023,0.0902308,-0.106207,-0.00925056,0.991135,-0.222064,0.0151143,0.948464,-0.275652,-0.127447,1.20831,0.00526867
242,2.40809,0.0630797,1.44541,0.0290141,0.224356,0.0973756,0.103498,-0.0271323,0.968687,0.175908,-0.126369,1.10249,0.280656,-0.305516,1.1399,0.015446,0.296685,0.0675456,0.0504898,0.075315,0.461571,0.141859,0.115445,0.987153,0.0466058,-0.0227025,1.42873,0.18731,0.0560223,0.0647141,0.0507873,-0.210297,1.13247,0.0571696,-0.25666,1.08259,0.0803678,-0.223035,0.113313,-0.131398,-0.0190846,0.973143,-0.14061,0.165806,1.15436,-0.27748,-0.0785287,0.927866,-0.28958,-0.165676,0.0645958,-0.057666,-0.21342,0.525095,-0.1431,0.118227,0.979899,-0.0164303,0.0191505,1.42733,-0.152278,-0.392954,0.0988248,-0.107694,-0.00516866,0.988814,-0.224915,0.020375,0.946105,-0.278311,-0.125955,1.20357,0.00432564
243,2.41809,0.063325,1.44214,0.0286788,0.238568,0.0979148,0.103707,-0.0266777,0.965335,0.175865,-0.132077,1.10087,0.279567,-0.304738,1.14139,0.0106202,0.311304,0.068338,0.0506663,0.0838635,0.460295,0.142054,0.116031,0.984371,0.0463831,-0.0236744,1.42528,0.186464,0.0706983,0.0645547,0.0509493,-0.210509,1.1325,0.0545405,-0.258137,1.08319,0.0765396,-0.247158,0.112761,-0.132999,-0.0185167,0.969186,-0.141256,0.170506,1.15157,-0.276347,-0.0736551,0.925353,-0.293898,-0.192846,0.0594005,-0.0601357,-0.2107,0.520696,-0.142339,0.118865,0.976592,-0.0167034,0.0207935,1.42313,-0.152904,-0.417785,0.10963,-0.107809,-0.00142856,0.986351,-0.227533,0.025063,0.943587,-0.280715,-0.124075,1.19851,0.0033521
244,2.42808,0.0634317,1.43889,0.0282291,0.252705,0.0986997,0.104038,-0.0264291,0.962002,0.175731,-0.137274,1.09923,0.278395,-0.303714,1.14208,0.00598639,0.325888,0.0694826,0.0509558,0.0917699,0.45883,0.142353,0.116293,0.981788,0.0460285,-0.0245418,1.4218,0.185457,0.0853485,0.0643978,0.0511857,-0.210609,1.13195,0.052044,-0.259367,1.08322,0.0729259,-0.269797,0.113313,-0.134355,-0.0183909,0.965355,-0.141839,0.17468,1.1486,-0.275153,-0.0693453,0.92278,-0.297833,-0.218508,0.0555243,-0.0625937,-0.207933,0.515911,-0.141696,0.119203,0.973647,-0.0170449,0.0223893,1.41908,-0.153673,-0.440051,0.122021,-0.106575,0.00168101,0.983853,-0.230101,0.0290016,0.94087,-0.282537,-0.122361,1.19394,0.00201996
245,2.43807,0.0634051,1.43566,0.0276676,0.266707,0.0998231,0.104537,-0.0263181,0.958731,0.175515,-0.141916,1.09759,0.277166,-0.30257,1.14211,0.00158717,0.340288,0.0710132,0.0513631,0.0990348,0.457244,0.142744,0.116226,0.979372,0.0455704,-0.0253802,1.41844,0.184407,0.0999628,0.0642636,0.051508,-0.21057,1.13085,0.0496501,-0.260377,1.08275,0.0695378,-0.290994,0.114705,-0.135431,-0.0187588,0.961784,-0.14238,0.17833,1.14548,-0.273887,-0.0656683,0.92026,-0.301334,-0.24226,0.0529519,-0.0648501,-0.205539,0.511351,-0.141203,0.11929,0.971059,-0.0175054,0.0239183,1.41517,-0.154568,-0.459401,0.134993,-0.10438,0.00431565,0.981292,-0.232283,0.032283,0.938126,-0.284076,-0.120828,1.18976,0.000833322
246,2.44806,0.0632731,1.4325,0.0270034,0.280472,0.101334,0.105256,-0.0262853,0.955555,0.175114,-0.145935,1.09593,0.275877,-0.301193,1.14153,-0.00254937,0.354576,0.0730714,0.0518751,0.10569,0.455709,0.143185,0.115922,0.977072,0.0450397,-0.0261417,1.41524,0.1833,0.11455,0.0640671,0.0517887,-0.210444,1.12926,0.0473662,-0.261173,1.08179,0.0664249,-0.310362,0.116225,-0.136107,-0.0195061,0.958548,-0.142934,0.181451,1.14224,-0.27257,-0.0628208,0.917781,-0.304091,-0.263494,0.0516008,-0.0670286,-0.203668,0.50737,-0.140639,0.119095,0.968675,-0.0181064,0.0252306,1.41133,-0.155495,-0.475616,0.14761,-0.101625,0.00646201,0.978752,-0.233998,0.0348995,0.935456,-0.285371,-0.119474,1.18598,-6.71335e-05
247,2.45805,0.0630642,1.42948,0.0261916,0.293855,0.103112,0.106107,-0.0263081,0.952511,0.174526,-0.149276,1.09422,0.274554,-0.299781,1.14028,-0.00646172,0.368686,0.0757668,0.0524812,0.111712,0.454279,0.143635,0.115518,0.97481,0.0444136,-0.026796,1.41222,0.182173,0.129044,0.0639302,0.0520142,-0.210223,1.12722,0.0451958,-0.261749,1.08035,0.0636145,-0.326836,0.118062,-0.136526,-0.0204708,0.955675,-0.143518,0.184084,1.1389,-0.271239,-0.0607817,0.915419,-0.306239,-0.281575,0.0509329,-0.0694507,-0.202278,0.503939,-0.139833,0.118708,0.966318,-0.0188203,0.0262081,1.40758,-0.156431,-0.488451,0.159203,-0.0984073,0.00801156,0.976295,-0.235316,0.0367785,0.93288,-0.286284,-0.118494,1.18267,-0.000694085
248,2.46805,0.0627643,1.42663,0.025177,0.306898,0.105223,0.107061,-0.0263152,0.949713,0.173808,-0.151885,1.09249,0.273223,-0.298326,1.13834,-0.0101429,0.382521,0.0791182,0.0531732,0.116989,0.452971,0.144156,0.115057,0.972506,0.0436005,-0.0274945,1.40953,0.181093,0.143547,0.0638042,0.0521787,-0.209843,1.12473,0.043115,-0.262093,1.07845,0.0611275,-0.339602,0.119881,-0.136758,-0.0216171,0.953121,-0.14413,0.186224,1.13549,-0.269913,-0.0595633,0.913281,-0.307916,-0.295548,0.0504551,-0.071359,-0.201484,0.501053,-0.138865,0.118214,0.963891,-0.0197084,0.0269221,1.4041,-0.157494,-0.497737,0.168646,-0.0948439,0.00866067,0.974026,-0.236299,0.0379678,0.930355,-0.28685,-0.118061,1.17989,-0.00115927
249,2.47804,0.0623866,1.42403,0.0240055,0.319633,0.107675,0.108154,-0.0263239,0.947158,0.173009,-0.153705,1.09074,0.271901,-0.296849,1.13571,-0.0135597,0.396003,0.0831283,0.0540409,0.121499,0.451783,0.144791,0.11456,0.970158,0.0425392,-0.0281826,1.40714,0.179912,0.158114,0.0636683,0.0523469,-0.209324,1.12183,0.0411838,-0.262189,1.0761,0.0589692,-0.348168,0.121074,-0.136817,-0.02292,0.950828,-0.144746,0.187853,1.13208,-0.26863,-0.0590759,0.911361,-0.309073,-0.305315,0.0492471,-0.0726254,-0.201907,0.498803,-0.137956,0.117602,0.961423,-0.0208906,0.0273777,1.40094,-0.158741,-0.503449,0.174762,-0.0910697,0.00871196,0.971964,-0.236924,0.038424,0.927949,-0.287077,-0.118297,1.1777,-0.00186233
250,2.48803,0.0619089,1.42167,0.0226528,0.332055,0.110552,0.109418,-0.0264087,0.94481,0.17218,-0.154694,1.08899,0.27065,-0.295346,1.13236,-0.0166768,0.409178,0.0879075,0.0551066,0.125297,0.450683,0.145448,0.113972,0.967777,0.041159,-0.0287815,1.40507,0.178453,0.17275,0.0635067,0.0525288,-0.208734,1.11858,0.0394503,-0.262011,1.0733,0.0571774,-0.352406,0.120831,-0.136424,-0.0243722,0.948782,-0.145458,0.188923,1.12868,-0.26742,-0.059287,0.909618,-0.309644,-0.310116,0.0470039,-0.0727444,-0.204017,0.497294,-0.137228,0.116814,0.958986,-0.0223793,0.0275021,1.398,-0.160111,-0.505578,0.176763,-0.0870177,0.00818592,0.970109,-0.237176,0.0380948,0.925644,-0.286878,-0.119056,1.17564,-0.00261016
251,2.49802,0.0613191,1.41957,0.0211555,0.344065,0.113859,0.110851,-0.0265827,0.942633,0.171282,-0.154876,1.08729,0.269491,-0.29377,1.12831,-0.0194302,0.422007,0.0934017,0.0563921,0.128354,0.44959,0.146075,0.113312,0.9654,0.0394632,-0.0295253,1.40338,0.176822,0.187537,0.0633326,0.0526815,-0.208075,1.11504,0.037941,-0.261542,1.07004,0.0557685,-0.352444,0.118344,-0.134845,-0.0259253,0.946992,-0.146307,0.189388,1.12531,-0.266291,-0.0601762,0.908045,-0.309654,-0.30919,0.0441526,-0.071701,-0.207546,0.496611,-0.136687,0.115854,0.956653,-0.024153,0.0273892,1.39529,-0.161592,-0.504396,0.174225,-0.0829232,0.00704265,0.968464,-0.237105,0.0369115,0.923455,-0.286137,-0.120392,1.17383,-0.00379815
252,2.50801,0.0606124,1.41772,0.0195111,0.355496,0.117617,0.112421,-0.0267747,0.940621,0.170163,-0.15424,1.08569,0.268436,-0.292297,1.12351,-0.0218061,0.434256,0.0993164,0.0577174,0.130435,0.448409,0.14668,0.11257,0.963062,0.0375146,-0.0301555,1.40196,0.175024,0.202511,0.0632025,0.0528054,-0.207274,1.11119,0.0366311,-0.260749,1.0663,0.0547222,-0.348442,0.114403,-0.132243,-0.0276702,0.945456,-0.147301,0.189187,1.12194,-0.265269,-0.0619821,0.906629,-0.309301,-0.302636,0.0421414,-0.070142,-0.211837,0.496491,-0.136247,0.114703,0.954482,-0.0261146,0.0270734,1.3928,-0.163193,-0.500501,0.167031,-0.0786534,0.0053408,0.966985,-0.236738,0.0350019,0.921377,-0.285104,-0.122006,1.17188,-0.00518086
253,2.51801,0.0597741,1.41607,0.0176804,0.366388,0.12183,0.114002,-0.0271445,0.938762,0.168967,-0.15279,1.08421,0.267502,-0.290927,1.11794,-0.023769,0.445938,0.105924,0.059066,0.131445,0.447085,0.147256,0.111595,0.960822,0.035415,-0.030829,1.4008,0.173074,0.217653,0.0630782,0.0529524,-0.206287,1.10712,0.0355386,-0.259565,1.06209,0.0540569,-0.34107,0.110276,-0.129196,-0.0297128,0.944237,-0.148439,0.188359,1.11859,-0.264464,-0.0646569,0.905358,-0.308593,-0.29155,0.0422258,-0.0686137,-0.216506,0.496474,-0.135844,0.113287,0.952512,-0.0282032,0.0263738,1.39052,-0.164996,-0.495227,0.155578,-0.0736051,0.00295464,0.965648,-0.236114,0.0324235,0.919436,-0.283841,-0.123781,1.16996,-0.00674273
254,2.528,0.0588245,1.41459,0.015679,0.376622,0.126496,0.11552,-0.027694,0.937023,0.167715,-0.150627,1.08286,0.266706,-0.28962,1.11168,-0.0252294,0.457162,0.113703,0.0604622,0.13138,0.44554,0.14782,0.110326,0.958766,0.0331828,-0.0313891,1.39984,0.170802,0.232896,0.0629189,0.0531374,-0.205106,1.1028,0.0347181,-0.257952,1.05747,0.0537732,-0.332755,0.106292,-0.127299,-0.0321096,0.94341,-0.149707,0.18695,1.11522,-0.263936,-0.0680529,0.904164,-0.307277,-0.279462,0.0432042,-0.0671506,-0.221161,0.496372,-0.135359,0.111563,0.95082,-0.0304391,0.0254508,1.38836,-0.166916,-0.490342,0.141975,-0.0684355,-0.000287193,0.964524,-0.235119,0.0291224,0.917573,-0.282182,-0.125619,1.16833,-0.00853468
255,2.53799,0.0578494,1.41332,0.0134811,0.386038,0.131708,0.116926,-0.0284815,0.935398,0.166373,-0.147843,1.08168,0.266076,-0.288326,1.10487,-0.0261171,0.467629,0.122744,0.0617297,0.130179,0.443703,0.14846,0.108736,0.95699,0.0307631,-0.0315884,1.39899,0.168229,0.248164,0.0627112,0.0533609,-0.203724,1.0983,0.0342393,-0.255903,1.05253,0.0539125,-0.325651,0.103381,-0.125545,-0.0348596,0.943075,-0.151066,0.184972,1.11184,-0.263639,-0.0722713,0.903008,-0.3052,-0.268297,0.0451106,-0.0662859,-0.225358,0.496229,-0.134675,0.109605,0.949462,-0.032831,0.0244495,1.38643,-0.168996,-0.485574,0.128721,-0.0639112,-0.00400166,0.96362,-0.23385,0.0250297,0.915766,-0.28013,-0.127283,1.167,-0.0103415
256,2.54798,0.0569014,1.41233,0.0110367,0.394284,0.137503,0.118152,-0.0295309,0.933923,0.165096,-0.144443,1.08067,0.265631,-0.286979,1.09771,-0.0263982,0.476522,0.132504,0.0626255,0.127626,0.44163,0.149213,0.106907,0.955632,0.028214,-0.0312602,1.3983,0.16545,0.263587,0.0623504,0.0536181,-0.202085,1.09369,0.034034,-0.253444,1.04737,0.0545063,-0.319562,0.101118,-0.124472,-0.0379352,0.943246,-0.15235,0.182437,1.10845,-0.263642,-0.0771767,0.902049,-0.30276,-0.258022,0.0477509,-0.066349,-0.228689,0.496224,-0.133946,0.107397,0.948511,-0.0354251,0.0233368,1.38475,-0.17125,-0.47989,0.116327,-0.0606267,-0.00808877,0.962883,-0.232364,0.0203948,0.914207,-0.27812,-0.128953,1.16621,-0.012177
257,2.55797,0.0560382,1.41165,0.00836125,0.401052,0.143828,0.11914,-0.0306758,0.932667,0.163833,-0.140394,1.07986,0.2654,-0.285384,1.09031,-0.0260207,0.483428,0.142998,0.06299,0.123441,0.439362,0.150126,0.104846,0.954719,0.0256351,-0.0304409,1.39789,0.162686,0.27932,0.0617061,0.0537866,-0.20013,1.08899,0.0341541,-0.250592,1.04209,0.0556011,-0.31305,0.0989313,-0.124591,-0.0413825,0.94384,-0.153494,0.179319,1.10513,-0.263959,-0.0827239,0.901279,-0.299979,-0.247432,0.0507097,-0.0667939,-0.23124,0.496579,-0.133559,0.104915,0.947992,-0.0381218,0.0219163,1.38324,-0.173601,-0.473187,0.104528,-0.059035,-0.012596,0.962263,-0.230669,0.0152697,0.912852,-0.276065,-0.130794,1.16599,-0.0140615
258,2.56797,0.0551604,1.41126,0.00542083,0.406079,0.150703,0.119779,-0.0318217,0.931687,0.162435,-0.135633,1.07929,0.265386,-0.283482,1.08285,-0.0249608,0.488277,0.154864,0.062858,0.117263,0.436821,0.151243,0.102623,0.954197,0.0231217,-0.0290768,1.39783,0.160066,0.294571,0.0610879,0.0539578,-0.197882,1.08427,0.0346665,-0.247354,1.03682,0.0572657,-0.304993,0.0969832,-0.125465,-0.045119,0.944722,-0.154478,0.175564,1.10198,-0.264591,-0.0889137,0.900656,-0.296775,-0.236288,0.0532978,-0.0673637,-0.234003,0.497401,-0.133595,0.102301,0.947897,-0.0407769,0.0202442,1.3821,-0.176069,-0.465422,0.0937116,-0.0590785,-0.0176796,0.961776,-0.228679,0.009644,0.911669,-0.273902,-0.13276,1.16619,-0.0158744
259,2.57796,0.054247,1.41115,0.00230325,0.40909,0.158184,0.120075,-0.0329759,0.931082,0.160898,-0.130143,1.07897,0.265624,-0.281279,1.07546,-0.0232114,0.490546,0.168356,0.0622641,0.108977,0.433985,0.153021,0.100329,0.953984,0.0206612,-0.0272831,1.39815,0.157639,0.308452,0.0605851,0.0541801,-0.19536,1.07958,0.0356278,-0.243749,1.03165,0.0595355,-0.295394,0.095695,-0.126141,-0.0488441,0.945706,-0.15535,0.17114,1.09907,-0.26553,-0.0957227,0.900181,-0.293111,-0.224657,0.0550412,-0.0679394,-0.237961,0.498568,-0.1339,0.0999798,0.948107,-0.0432904,0.0184683,1.38133,-0.178441,-0.456235,0.0846509,-0.0602747,-0.0232901,0.961471,-0.226405,0.0031248,0.910545,-0.271316,-0.134796,1.16671,-0.0175109
260,2.58795,0.0532763,1.41136,-0.00084873,0.40988,0.166331,0.12021,-0.034066,0.930903,0.159268,-0.123901,1.0789,0.266092,-0.278913,1.06827,-0.0207412,0.489734,0.183499,0.0615712,0.0990185,0.430904,0.155641,0.0981316,0.954039,0.0182725,-0.025282,1.39877,0.15538,0.320322,0.0603776,0.054433,-0.192551,1.07499,0.0371245,-0.239797,1.02666,0.0624369,-0.284553,0.095059,-0.126374,-0.0521639,0.946679,-0.156168,0.166037,1.0965,-0.266796,-0.103091,0.899889,-0.28901,-0.212075,0.0563778,-0.0682616,-0.242942,0.499822,-0.134301,0.0978527,0.948407,-0.0457031,0.0164688,1.38097,-0.180752,-0.445537,0.0775306,-0.061693,-0.0293061,0.961364,-0.223945,-0.00399218,0.909646,-0.268543,-0.136902,1.16751,-0.0190346
261,2.59794,0.0523129,1.41189,-0.00386836,0.408672,0.175273,0.120348,-0.0351178,0.930979,0.157667,-0.116881,1.07905,0.266827,-0.276374,1.06129,-0.0175356,0.486026,0.200056,0.0611331,0.0881355,0.427699,0.158504,0.0961464,0.954276,0.0160737,-0.0232069,1.39959,0.153247,0.329982,0.061066,0.0546677,-0.189482,1.07061,0.0391215,-0.235509,1.02194,0.0659644,-0.272787,0.0947616,-0.126285,-0.0548569,0.947658,-0.157012,0.16031,1.09424,-0.268367,-0.110985,0.899819,-0.284478,-0.19852,0.0574658,-0.0684543,-0.247702,0.501029,-0.134733,0.0959851,0.948662,-0.0479491,0.0142193,1.38101,-0.183028,-0.433532,0.0718785,-0.0621243,-0.0357885,0.961534,-0.221273,-0.01163,0.908999,-0.265517,-0.139029,1.16852,-0.020386
262,2.60794,0.0514003,1.41266,-0.00668314,0.405868,0.185018,0.12055,-0.0360706,0.931164,0.156073,-0.109108,1.07941,0.267799,-0.273653,1.05459,-0.0135697,0.479741,0.21758,0.060827,0.0764734,0.424607,0.161016,0.0944776,0.954517,0.0142817,-0.0210769,1.40047,0.151209,0.337767,0.0632133,0.0547791,-0.18611,1.06644,0.041644,-0.230935,1.01757,0.0701373,-0.260158,0.0944683,-0.125744,-0.0568794,0.948636,-0.15794,0.154002,1.09222,-0.270241,-0.11939,0.900032,-0.279516,-0.184365,0.0582685,-0.068621,-0.251002,0.502095,-0.135372,0.0943606,0.948886,-0.0497801,0.0118373,1.38139,-0.185164,-0.420489,0.0674572,-0.0614942,-0.0427206,0.962061,-0.218374,-0.0197574,0.908786,-0.262357,-0.141089,1.16967,-0.0215147
263,2.61793,0.0506746,1.41362,-0.00925531,0.401299,0.195483,0.120674,-0.0368466,0.931421,0.154482,-0.100652,1.07992,0.268958,-0.270725,1.04823,-0.0088482,0.470829,0.235572,0.0604945,0.0637617,0.42179,0.162844,0.0932353,0.954621,0.0129993,-0.0188854,1.40148,0.149261,0.343454,0.0667205,0.0547579,-0.182429,1.06253,0.0446711,-0.226054,1.01358,0.0749715,-0.24633,0.0943005,-0.12481,-0.0582577,0.949585,-0.15916,0.147206,1.09038,-0.272441,-0.128274,0.900653,-0.274088,-0.170045,0.0587392,-0.068656,-0.252299,0.502587,-0.136438,0.09308,0.949172,-0.0510813,0.00922356,1.38214,-0.187294,-0.406904,0.0649151,-0.0607141,-0.0500153,0.963007,-0.215289,-0.0284116,0.909051,-0.259087,-0.143001,1.17092,-0.0223899
264,2.62792,0.0502032,1.4148,-0.0116393,0.394604,0.206634,0.120542,-0.0374489,0.931698,0.152969,-0.0916212,1.08059,0.270279,-0.267503,1.0423,-0.00339372,0.459253,0.253567,0.0601029,0.0503814,0.41932,0.163976,0.0925587,0.954503,0.0122308,-0.0166427,1.40266,0.147456,0.346265,0.070341,0.0545613,-0.178499,1.05884,0.0482473,-0.220901,1.00995,0.0804023,-0.23182,0.0942799,-0.124191,-0.0589782,0.950568,-0.160901,0.139989,1.08865,-0.274954,-0.137651,0.901813,-0.268188,-0.155357,0.0591166,-0.0684781,-0.251425,0.502169,-0.137896,0.0923513,0.949504,-0.0518717,0.00662308,1.38316,-0.189335,-0.392661,0.063643,-0.0604471,-0.0574082,0.964245,-0.212175,-0.0374688,0.909633,-0.255815,-0.144718,1.17224,-0.022927
265,2.63791,0.0500528,1.41631,-0.0139573,0.386217,0.217859,0.120104,-0.0378634,0.932013,0.151659,-0.0820206,1.08149,0.271786,-0.264159,1.03689,0.00279266,0.44481,0.270604,0.0595821,0.0367433,0.417448,0.164525,0.0924483,0.954164,0.0118793,-0.0143707,1.40408,0.145873,0.34599,0.0717649,0.0547261,-0.174319,1.05533,0.0523937,-0.215449,1.00663,0.0863747,-0.21729,0.0944669,-0.124012,-0.0591951,0.951757,-0.162801,0.132399,1.08705,-0.277721,-0.147489,0.903618,-0.261817,-0.140618,0.0592505,-0.0683311,-0.248224,0.501028,-0.139698,0.0920752,0.949782,-0.0523237,0.00408332,1.38449,-0.191326,-0.378054,0.0627895,-0.0604178,-0.0649971,0.965812,-0.2088,-0.0468144,0.910591,-0.252541,-0.146175,1.17371,-0.0230902
266,2.6479,0.0502724,1.41821,-0.0162655,0.376574,0.228058,0.119219,-0.038079,0.932516,0.150661,-0.0718255,1.08269,0.273537,-0.260711,1.03198,0.00975724,0.427217,0.285495,0.0590852,0.0227284,0.416437,0.1645,0.0929146,0.95367,0.0119246,-0.0119179,1.40574,0.144479,0.344213,0.0702721,0.0555717,-0.16995,1.05203,0.0569975,-0.209659,1.0036,0.0928098,-0.202456,0.0945664,-0.12405,-0.0589351,0.953266,-0.164539,0.124315,1.08556,-0.280674,-0.157671,0.906159,-0.255034,-0.125481,0.0594034,-0.0683154,-0.242821,0.499612,-0.141779,0.0922921,0.95003,-0.0523753,0.00150699,1.38623,-0.19339,-0.363087,0.0622073,-0.0605799,-0.072843,0.967731,-0.205279,-0.0564157,0.912085,-0.249254,-0.147253,1.1754,-0.0228086
267,2.6579,0.0507338,1.42049,-0.0186224,0.365113,0.236431,0.117932,-0.0380016,0.933374,0.149917,-0.0611588,1.0842,0.275232,-0.257118,1.02756,0.0175582,0.407489,0.297472,0.058447,0.00798824,0.416431,0.164021,0.0939489,0.953285,0.012369,-0.00930196,1.40769,0.143273,0.342532,0.0693048,0.0563857,-0.16533,1.04908,0.061718,-0.203473,1.00087,0.0996351,-0.187322,0.094547,-0.124138,-0.0583343,0.955105,-0.166139,0.115643,1.08425,-0.283703,-0.167949,0.909562,-0.248097,-0.110018,0.0596464,-0.0684034,-0.235916,0.498211,-0.143827,0.0930235,0.950519,-0.0520164,-0.00101632,1.38828,-0.195347,-0.347842,0.0618169,-0.060844,-0.0808881,0.970063,-0.201768,-0.0664578,0.914044,-0.245624,-0.147962,1.1774,-0.0220616
268,2.66789,0.051277,1.42316,-0.0210103,0.351951,0.243549,0.116663,-0.0375505,0.934783,0.149338,-0.0500406,1.08611,0.276805,-0.25328,1.02364,0.0260974,0.389036,0.306513,0.0569953,-0.00735173,0.417466,0.163423,0.0954115,0.953384,0.0131163,-0.00670888,1.41005,0.14227,0.338931,0.0727767,0.0570471,-0.160468,1.04654,0.0667891,-0.196836,0.998479,0.106837,-0.172027,0.0945306,-0.124233,-0.0573384,0.957385,-0.167632,0.106627,1.08338,-0.286895,-0.17829,0.913814,-0.240861,-0.0945663,0.0596972,-0.0686501,-0.228215,0.496978,-0.14543,0.0938081,0.951664,-0.0515385,-0.00342999,1.39059,-0.197127,-0.332431,0.0614815,-0.0612017,-0.0889423,0.973003,-0.197865,-0.0768881,0.916583,-0.241588,-0.148302,1.17979,-0.0208358
269,2.67788,0.0518303,1.42619,-0.0233355,0.338905,0.250781,0.115177,-0.0367274,0.936982,0.14881,-0.0384658,1.08853,0.278282,-0.249254,1.02021,0.0353143,0.37441,0.313538,0.0544148,-0.0228076,0.419576,0.162825,0.0971044,0.954327,0.0138553,-0.00412121,1.41283,0.141378,0.329658,0.0791258,0.0581167,-0.15518,1.04425,0.0721944,-0.189775,0.996524,0.114364,-0.156489,0.0947456,-0.124327,-0.0561812,0.960073,-0.169029,0.0972536,1.08307,-0.290155,-0.188616,0.918925,-0.233223,-0.0789752,0.0598651,-0.0688962,-0.21989,0.496015,-0.146529,0.0946153,0.95375,-0.0511582,-0.00571256,1.39319,-0.198728,-0.316921,0.0612873,-0.0614041,-0.0969092,0.976602,-0.193546,-0.0875052,0.919829,-0.237292,-0.148216,1.18262,-0.0191419
270,2.68787,0.0524146,1.42957,-0.0254832,0.325891,0.257745,0.113493,-0.0355644,0.94009,0.148213,-0.0264885,1.09149,0.279678,-0.245001,1.01726,0.0451766,0.36224,0.318715,0.0513931,-0.0379153,0.422712,0.162109,0.0987689,0.956432,0.0141748,-0.00137258,1.41589,0.140545,0.314039,0.0855811,0.0594951,-0.149568,1.04248,0.0778613,-0.18229,0.995109,0.122179,-0.140937,0.095038,-0.124315,-0.0554879,0.962861,-0.17012,0.0875036,1.08337,-0.293378,-0.198835,0.924956,-0.225253,-0.0632268,0.0602544,-0.0689338,-0.210849,0.495226,-0.147406,0.0956318,0.956759,-0.051007,-0.00776066,1.39606,-0.200089,-0.301334,0.0612624,-0.0614625,-0.104755,0.980981,-0.189079,-0.0980221,0.923954,-0.233179,-0.147374,1.18581,-0.017088
271,2.69786,0.0530851,1.43321,-0.0274018,0.312245,0.263224,0.111795,-0.0341993,0.943993,0.1476,-0.0142868,1.09498,0.280651,-0.240383,1.01478,0.0556207,0.350671,0.321699,0.0484737,-0.0523792,0.426791,0.161344,0.100206,0.9598,0.0138126,0.00151464,1.41927,0.139778,0.294311,0.0908009,0.0607294,-0.144299,1.0417,0.0843124,-0.174404,0.994267,0.130196,-0.125428,0.0953878,-0.124266,-0.0545171,0.965906,-0.17117,0.0774365,1.08432,-0.296479,-0.208838,0.931929,-0.217001,-0.0473861,0.0604569,-0.0691396,-0.201069,0.494507,-0.148225,0.0965861,0.960551,-0.0513035,-0.00967756,1.3992,-0.201166,-0.285679,0.0612383,-0.061538,-0.112428,0.986098,-0.184522,-0.108509,0.928897,-0.229109,-0.146006,1.18928,-0.0147367
272,2.70786,0.0538862,1.43703,-0.0290833,0.297612,0.266439,0.110193,-0.0326895,0.948533,0.146925,-0.00185858,1.09898,0.281233,-0.235329,1.01286,0.0665469,0.338513,0.32226,0.0457717,-0.0661524,0.431788,0.160669,0.101324,0.964229,0.012843,0.00458449,1.42298,0.139066,0.272648,0.0942119,0.0615935,-0.138575,1.04137,0.0908331,-0.166105,0.994029,0.13835,-0.109932,0.0958727,-0.124217,-0.0534552,0.969129,-0.172099,0.0672236,1.0859,-0.299429,-0.218543,0.939774,-0.208461,-0.0314958,0.0606451,-0.0692915,-0.190782,0.493886,-0.14869,0.0975554,0.964891,-0.0520768,-0.011513,1.40262,-0.201962,-0.269954,0.0611823,-0.0616505,-0.119841,0.991871,-0.17986,-0.118938,0.934525,-0.22493,-0.144281,1.19299,-0.0122406
273,2.71785,0.0547998,1.44096,-0.0306033,0.28196,0.267193,0.108508,-0.0310572,0.953673,0.146124,0.0107534,1.1035,0.281589,-0.229781,1.01154,0.0778238,0.325394,0.320498,0.0432244,-0.0794281,0.437601,0.160072,0.102369,0.969323,0.0114674,0.00788995,1.42694,0.138355,0.250024,0.0956086,0.062112,-0.13236,1.04147,0.0973011,-0.157392,0.994404,0.146591,-0.0942487,0.0960309,-0.124265,-0.0524598,0.972426,-0.172871,0.0569741,1.08803,-0.302175,-0.227841,0.948398,-0.19966,-0.0156762,0.0609498,-0.0694342,-0.180185,0.493401,-0.148629,0.0986114,0.969477,-0.0532482,-0.0132226,1.40635,-0.20248,-0.2542,0.0611128,-0.0617685,-0.126986,0.998208,-0.175141,-0.129186,0.940858,-0.220409,-0.142285,1.19696,-0.00981904
274,2.72784,0.0558664,1.44495,-0.0319746,0.265538,0.265721,0.106797,-0.0293361,0.959239,0.14517,0.0235215,1.10849,0.281619,-0.223733,1.01095,0.0893466,0.311421,0.316518,0.0409614,-0.0922394,0.444035,0.159469,0.103627,0.974691,0.00982435,0.0115465,1.43101,0.137567,0.226533,0.0952046,0.0623724,-0.125761,1.04211,0.103825,-0.14828,0.99538,0.154844,-0.0785731,0.0962434,-0.124191,-0.0515381,0.975707,-0.17351,0.0469401,1.09063,-0.304504,-0.236672,0.957678,-0.190728,0.000144091,0.0611627,-0.0694758,-0.169103,0.493021,-0.148052,0.099778,0.974092,-0.054668,-0.0146918,1.41034,-0.202768,-0.23834,0.0610596,-0.0618928,-0.133836,1.00502,-0.170374,-0.139089,0.947957,-0.215256,-0.139924,1.20109,-0.00741437
275,2.73783,0.0570766,1.44893,-0.0332633,0.248698,0.262443,0.105228,-0.0276373,0.965003,0.144108,0.0363883,1.11383,0.281199,-0.217167,1.0111,0.100972,0.296874,0.310488,0.0388268,-0.104476,0.450941,0.158916,0.104927,0.979965,0.00806045,0.0154747,1.43505,0.13668,0.201746,0.0934569,0.0625126,-0.118958,1.04339,0.110504,-0.138831,0.996938,0.16306,-0.0628981,0.0966092,-0.124015,-0.0506583,0.978888,-0.174045,0.0370115,1.09369,-0.306526,-0.244985,0.967483,-0.181711,0.0159019,0.0614123,-0.0693919,-0.157418,0.492758,-0.147145,0.101216,0.978649,-0.0561853,-0.0158045,1.41454,-0.202879,-0.222408,0.0610905,-0.0618788,-0.140377,1.01222,-0.16559,-0.148677,0.955499,-0.210052,-0.137283,1.20533,-0.00509222
276,2.74782,0.0582579,1.45276,-0.0344747,0.231592,0.25771,0.103831,-0.0260066,0.970897,0.143,0.0492327,1.11935,0.280642,-0.2101,1.01193,0.112578,0.28184,0.302591,0.03675,-0.11598,0.458145,0.158397,0.10619,0.985029,0.00631383,0.0195476,1.43898,0.135675,0.175241,0.0910738,0.062806,-0.112002,1.04518,0.117318,-0.129044,0.999018,0.171122,-0.047208,0.097036,-0.123797,-0.0497986,0.98188,-0.174496,0.0271805,1.09715,-0.308267,-0.252773,0.977685,-0.172651,0.0315922,0.061598,-0.0691359,-0.145216,0.492662,-0.146001,0.102273,0.982908,-0.0576611,-0.0165623,1.41888,-0.20286,-0.206503,0.0611546,-0.0617749,-0.146599,1.02,-0.160621,-0.157973,0.963314,-0.20489,-0.134545,1.20968,-0.00299532
277,2.75782,0.0593817,1.45634,-0.0355539,0.214113,0.251735,0.102576,-0.0241761,0.976884,0.141821,0.062047,1.1249,0.279875,-0.202586,1.01333,0.124067,0.266315,0.292909,0.034812,-0.126574,0.465409,0.157937,0.107154,0.989625,0.00476729,0.0237096,1.44272,0.13454,0.147125,0.0885194,0.0632162,-0.104804,1.04729,0.124202,-0.118875,1.00156,0.178859,-0.0315119,0.0974574,-0.123506,-0.048955,0.984592,-0.174885,0.0174233,1.1009,-0.309707,-0.259999,0.988164,-0.163592,0.0475307,0.0618604,-0.0690148,-0.132631,0.49264,-0.14465,0.102834,0.986825,-0.0589587,-0.0170451,1.42324,-0.202732,-0.190643,0.0612283,-0.0616166,-0.152657,1.02808,-0.155642,-0.166883,0.97143,-0.199547,-0.131866,1.21404,-0.00123242
278,2.76781,0.0604914,1.45958,-0.0365585,0.19586,0.244438,0.101408,-0.0219917,0.982523,0.140344,0.0746075,1.1306,0.279216,-0.194675,1.01517,0.135272,0.25018,0.281467,0.0331415,-0.136196,0.472519,0.157574,0.107995,0.99369,0.00344431,0.0274863,1.44627,0.133277,0.117717,0.0857976,0.0639208,-0.0975179,1.0497,0.131033,-0.108683,1.00431,0.186555,-0.0158638,0.0978895,-0.123119,-0.0481478,0.986938,-0.175245,0.00792364,1.10473,-0.310662,-0.266652,0.99881,-0.154533,0.0636324,0.0622293,-0.0690562,-0.119703,0.492585,-0.143171,0.103676,0.990593,-0.060085,-0.0173586,1.42748,-0.202506,-0.1748,0.0613072,-0.0613885,-0.158505,1.03622,-0.150726,-0.175314,0.979859,-0.193869,-0.12909,1.21832,0.000245657
279,2.7778,0.0616977,1.46254,-0.0375326,0.176703,0.235877,0.100378,-0.0194557,0.987764,0.138636,0.0868593,1.13634,0.27863,-0.186507,1.01725,0.146165,0.233239,0.268384,0.0317941,-0.144991,0.479392,0.15723,0.109587,0.997548,0.00232292,0.0309347,1.44954,0.131875,0.087228,0.0830965,0.0649315,-0.0899669,1.0523,0.137632,-0.0983149,1.00707,0.193963,-0.000292734,0.0983407,-0.122676,-0.0473572,0.988879,-0.175609,-0.00122146,1.10858,-0.311291,-0.272739,1.00952,-0.145541,0.0796719,0.0625778,-0.0689978,-0.106445,0.492453,-0.141735,0.104694,0.9941,-0.0609877,-0.0176257,1.43149,-0.202163,-0.159041,0.0613573,-0.0610503,-0.163562,1.04419,-0.145753,-0.183325,0.988395,-0.188068,-0.126028,1.22239,0.00147671
280,2.78779,0.0627867,1.46505,-0.0384717,0.156584,0.226308,0.0995208,-0.0175726,0.992333,0.137172,0.0988196,1.14199,0.277961,-0.178067,1.01928,0.156812,0.215426,0.254095,0.0305519,-0.152978,0.485937,0.156919,0.111138,1.00089,0.00145734,0.0342497,1.4525,0.130302,0.0556997,0.0808317,0.0660769,-0.082366,1.05507,0.144113,-0.0876531,1.00982,0.200725,0.0152985,0.0987421,-0.122189,-0.0463613,0.990447,-0.175944,-0.0101735,1.11239,-0.311816,-0.278283,1.0202,-0.136675,0.0957546,0.062954,-0.0688303,-0.0929236,0.49234,-0.140532,0.105783,0.997228,-0.0616762,-0.0178731,1.4352,-0.201728,-0.143295,0.0613907,-0.0606826,-0.168101,1.05219,-0.140632,-0.190937,0.996857,-0.182316,-0.123258,1.22613,0.00239655
281,2.79778,0.0639057,1.4672,-0.0393749,0.135338,0.215907,0.0988765,-0.0155191,0.996447,0.135791,0.110464,1.14754,0.277272,-0.169389,1.02114,0.167157,0.196427,0.238603,0.0295923,-0.160267,0.491975,0.156537,0.112534,1.00361,0.000829379,0.0376138,1.45512,0.128478,0.02324,0.0790465,0.0671182,-0.0746354,1.05796,0.150683,-0.0771194,1.0125,0.20727,0.0309298,0.0990817,-0.121788,-0.0449267,0.991588,-0.176153,-0.0188689,1.11605,-0.312245,-0.283309,1.03074,-0.127933,0.1115,0.0631946,-0.0685433,-0.0793646,0.492246,-0.13964,0.106903,0.999844,-0.062158,-0.0181145,1.43851,-0.201204,-0.127398,0.0614709,-0.0605769,-0.172526,1.06008,-0.135812,-0.198127,1.00516,-0.176594,-0.120902,1.22937,0.00297083
282,2.80778,0.0649106,1.46885,-0.0401858,0.112882,0.20481,0.0985441,-0.0142633,0.999589,0.134705,0.121581,1.15296,0.276881,-0.160662,1.02289,0.177069,0.175974,0.222098,0.0290325,-0.166853,0.49744,0.156201,0.113964,1.00573,0.000408056,0.0411758,1.45732,0.126352,-0.00949613,0.0773687,0.0680035,-0.0668925,1.06073,0.157145,-0.066835,1.01507,0.213655,0.0464416,0.0995773,-0.121663,-0.0442961,0.991788,-0.176498,-0.0272207,1.11942,-0.312474,-0.287827,1.04101,-0.119373,0.126971,0.0633372,-0.0682079,-0.0659692,0.492119,-0.139053,0.108122,1.00188,-0.0624659,-0.0183296,1.44137,-0.200567,-0.111516,0.0616145,-0.0603782,-0.176737,1.06775,-0.131094,-0.204883,1.01326,-0.170874,-0.118994,1.23207,0.00322844
283,2.81777,0.0657906,1.46999,-0.0409095,0.0895046,0.193343,0.0986371,-0.0128222,1.00199,0.133708,0.132204,1.1581,0.276349,-0.151978,1.02454,0.186493,0.154029,0.20514,0.0288438,-0.172728,0.502318,0.155949,0.11553,1.00727,0.000130025,0.0449962,1.45903,0.123922,-0.0418474,0.0753942,0.0688076,-0.0592245,1.06326,0.16348,-0.0568555,1.01758,0.219864,0.0619079,0.100034,-0.121686,-0.0433271,0.99167,-0.177008,-0.0351202,1.12243,-0.312396,-0.291848,1.05091,-0.111026,0.142794,0.0637327,-0.0681015,-0.0527199,0.491895,-0.138745,0.109575,1.00332,-0.0626415,-0.0185013,1.4437,-0.199801,-0.0957216,0.0616911,-0.0602724,-0.1806,1.07506,-0.126439,-0.211258,1.02109,-0.165231,-0.117557,1.2342,0.00320812
284,2.82776,0.0665869,1.47064,-0.041544,0.0654906,0.181738,0.0990087,-0.0112049,1.00341,0.132909,0.142423,1.16285,0.275666,-0.143392,1.02607,0.195462,0.130481,0.188124,0.0289354,-0.17797,0.506548,0.155727,0.11724,1.00819,-9.75047e-06,0.0489114,1.4602,0.121293,-0.0742932,0.0738892,0.0700616,-0.0516548,1.06549,0.169645,-0.0472337,1.02004,0.225915,0.077411,0.100424,-0.12176,-0.0418864,0.991219,-0.177571,-0.0428345,1.1251,-0.312191,-0.295368,1.06034,-0.102936,0.158851,0.0643454,-0.0681805,-0.0395075,0.491578,-0.138726,0.111238,1.00419,-0.0627008,-0.0186208,1.44542,-0.198961,-0.0799462,0.0617306,-0.060296,-0.184097,1.08194,-0.121861,-0.217226,1.02855,-0.159661,-0.116515,1.23569,0.00296682
285,2.83775,0.0673278,1.47074,-0.0421274,0.0406314,0.170213,0.099754,-0.00929789,1.0037,0.132178,0.15227,1.16708,0.274976,-0.134943,1.02743,0.204013,0.105413,0.171448,0.0291913,-0.182473,0.51004,0.155512,0.118972,1.00844,-7.367e-05,0.052913,1.46058,0.118536,-0.10693,0.0731616,0.0720298,-0.0441342,1.06739,0.175621,-0.0378818,1.02233,0.231978,0.0929757,0.100875,-0.121746,-0.0402196,0.990429,-0.177936,-0.0505515,1.12738,-0.311784,-0.298495,1.06922,-0.0951142,0.174424,0.0645169,-0.0682385,-0.0263735,0.491186,-0.138932,0.112801,1.00445,-0.0626584,-0.0186841,1.44645,-0.198061,-0.0640275,0.0617644,-0.0603862,-0.1873,1.08833,-0.117407,-0.222642,1.03542,-0.153955,-0.115743,1.23647,0.00263899
286,2.84775,0.0680975,1.47026,-0.0426925,0.0150015,0.159041,0.100775,-0.00731366,1.00343,0.131312,0.161668,1.1707,0.274147,-0.12663,1.02858,0.21223,0.0791084,0.155174,0.0295342,-0.186266,0.512737,0.155321,0.120636,1.00804,-0.000130334,0.0569189,1.46009,0.1158,-0.139545,0.073225,0.0745851,-0.0365926,1.06885,0.181441,-0.0286667,1.02429,0.238123,0.108593,0.101356,-0.121552,-0.0384721,0.989161,-0.178243,-0.0579313,1.12907,-0.311263,-0.301262,1.07746,-0.0876239,0.190188,0.0649287,-0.0683657,-0.0133726,0.490663,-0.139273,0.11425,1.00411,-0.0625459,-0.0186602,1.44675,-0.197112,-0.0479443,0.061763,-0.0604909,-0.190263,1.09417,-0.113167,-0.227562,1.04164,-0.148155,-0.115207,1.23652,0.00237843
287,2.85774,0.0690391,1.46928,-0.0432375,-0.0112874,0.148453,0.102021,-0.0057852,1.0033,0.130878,0.170675,1.17365,0.273198,-0.118483,1.02948,0.220122,0.0518362,0.139559,0.0300534,-0.189405,0.514663,0.155271,0.122255,1.00697,-0.000191708,0.0607693,1.45883,0.113307,-0.17181,0.074179,0.0777107,-0.0291228,1.06987,0.1871,-0.0197074,1.02579,0.244001,0.124122,0.101801,-0.121487,-0.0366951,0.987396,-0.178596,-0.0649936,1.1301,-0.310635,-0.303551,1.08495,-0.0804054,0.206001,0.0655414,-0.0683814,-0.000570274,0.489935,-0.139667,0.115739,1.00318,-0.062379,-0.0185121,1.44629,-0.196178,-0.0321333,0.0616463,-0.0605404,-0.192994,1.09941,-0.109133,-0.232087,1.0473,-0.142497,-0.114918,1.23587,0.00234099
288,2.86773,0.0700297,1.46767,-0.0438354,-0.0380003,0.138681,0.103498,-0.00401409,1.00218,0.130799,0.17935,1.17589,0.272273,-0.110514,1.03004,0.227728,0.0237054,0.124725,0.0307719,-0.191799,0.515741,0.155163,0.123875,1.00534,-0.000283443,0.0642698,1.45702,0.111275,-0.203639,0.0760246,0.0811757,-0.0220657,1.07049,0.192549,-0.0110028,1.02679,0.249537,0.139503,0.102261,-0.121602,-0.0349366,0.985272,-0.17902,-0.0718196,1.13045,-0.309937,-0.305462,1.09176,-0.0733029,0.221717,0.0662767,-0.0683237,0.011993,0.48901,-0.140077,0.117292,1.0017,-0.0621884,-0.0182284,1.4451,-0.195336,-0.0165695,0.0615379,-0.0605964,-0.195411,1.10406,-0.105063,-0.23618,1.05226,-0.136887,-0.114804,1.23462,0.00265698
289,2.87772,0.0710517,1.46545,-0.0444801,-0.0649266,0.129871,0.105176,-0.00225218,0.999954,0.130846,0.187702,1.17742,0.271375,-0.102731,1.03014,0.235088,-0.00538453,0.110635,0.0317128,-0.193422,0.516013,0.155055,0.125543,1.0032,-0.000396284,0.0672672,1.45484,0.109829,-0.234949,0.0789154,0.0849761,-0.0151736,1.07057,0.197754,-0.00252168,1.02723,0.254746,0.154814,0.102723,-0.121762,-0.0331562,0.982846,-0.179247,-0.0784501,1.13013,-0.309161,-0.306988,1.09774,-0.06643,0.237198,0.066938,-0.0682491,0.0241613,0.487974,-0.140529,0.1189,0.999713,-0.0620105,-0.0178306,1.44322,-0.19466,-0.00101004,0.0614479,-0.060695,-0.197539,1.10793,-0.10114,-0.239857,1.05642,-0.131309,-0.114748,1.23288,0.00341724
290,2.88771,0.0721224,1.46269,-0.0451146,-0.0921833,0.121941,0.106959,-0.000563609,0.996986,0.131016,0.195642,1.17825,0.270391,-0.0951322,1.02968,0.242196,-0.0350443,0.0977115,0.0329354,-0.194325,0.515472,0.154764,0.127252,1.00061,-0.000452241,0.0697742,1.45224,0.108859,-0.265574,0.0829552,0.0891324,-0.00844811,1.07007,0.202703,0.00570083,1.02706,0.259585,0.170156,0.103225,-0.121868,-0.031415,0.980074,-0.179288,-0.0848847,1.12914,-0.30827,-0.308103,1.10287,-0.0598625,0.25258,0.067557,-0.0681604,0.0358415,0.4869,-0.141007,0.120543,0.997277,-0.061817,-0.0173711,1.44068,-0.194157,0.0147483,0.0613569,-0.0608741,-0.199455,1.11103,-0.0973516,-0.243272,1.05972,-0.125762,-0.114643,1.23065,0.00465185
291,2.89771,0.0732188,1.45955,-0.0456679,-0.119673,0.114952,0.108852,0.00142562,0.993626,0.131254,0.203123,1.17841,0.269259,-0.087762,1.02857,0.24902,-0.064933,0.0863802,0.0348128,-0.194582,0.514141,0.154292,0.129017,0.997619,-0.000396509,0.0718747,1.44919,0.108209,-0.295323,0.0881079,0.09365,-0.00199266,1.06904,0.207389,0.0136357,1.02626,0.263997,0.185518,0.103761,-0.121975,-0.0297823,0.976921,-0.179215,-0.0910755,1.12753,-0.307248,-0.308945,1.10715,-0.0535767,0.26818,0.068444,-0.0682193,0.047137,0.485809,-0.141443,0.122225,0.994506,-0.0616218,-0.0169071,1.43754,-0.19382,0.0305069,0.0612046,-0.0610492,-0.201145,1.11333,-0.0936639,-0.246333,1.06231,-0.120367,-0.114455,1.22787,0.00627908
292,2.9077,0.0742538,1.45618,-0.0460653,-0.146868,0.109263,0.111348,0.00328379,0.989706,0.131757,0.210102,1.17792,0.267945,-0.0805982,1.0268,0.25564,-0.0947091,0.0769146,0.0370831,-0.194199,0.512104,0.15368,0.130793,0.99425,-0.000188886,0.0736076,1.44576,0.107787,-0.324007,0.0941751,0.0983879,0.00403226,1.06759,0.211815,0.0212689,1.02479,0.267941,0.200825,0.104368,-0.122165,-0.0282977,0.973511,-0.179055,-0.0970065,1.12537,-0.306072,-0.309574,1.1106,-0.0474962,0.28389,0.0695203,-0.0684544,0.0581038,0.484757,-0.141854,0.12389,0.991448,-0.0613683,-0.016529,1.43389,-0.193622,0.0462708,0.0610046,-0.0612386,-0.202584,1.11487,-0.0900282,-0.249076,1.06423,-0.115155,-0.114207,1.22443,0.00817076
293,2.91769,0.0750738,1.45271,-0.04618,-0.173386,0.105195,0.114287,0.00484589,0.985251,0.132484,0.216537,1.17681,0.266508,-0.0735997,1.02446,0.262182,-0.124033,0.0692733,0.0395649,-0.19321,0.509438,0.152893,0.132478,0.990593,0.00018761,0.0749812,1.44191,0.107709,-0.351445,0.101251,0.103111,0.00953374,1.06573,0.215923,0.0285496,1.02264,0.271387,0.216098,0.105057,-0.12247,-0.0271649,0.970203,-0.178944,-0.102626,1.12273,-0.304677,-0.309971,1.11319,-0.0415895,0.299517,0.0707147,-0.0686759,0.0683721,0.483645,-0.14239,0.125448,0.98816,-0.0610723,-0.0163444,1.42984,-0.193495,0.0621189,0.0607825,-0.061526,-0.203825,1.11564,-0.0864184,-0.251581,1.06548,-0.110146,-0.11387,1.22027,0.0101566
294,2.92768,0.0756533,1.4492,-0.0459222,-0.198984,0.102653,0.117299,0.00628568,0.980504,0.133302,0.22237,1.17505,0.264988,-0.0671482,1.02141,0.268081,-0.152575,0.0632866,0.0421736,-0.191743,0.506123,0.151821,0.13393,0.986731,0.000743845,0.0760394,1.43764,0.108121,-0.377369,0.109776,0.107461,0.0146712,1.06324,0.219551,0.0353361,1.01979,0.274263,0.23132,0.105846,-0.122891,-0.0264259,0.966922,-0.178818,-0.107873,1.11972,-0.303075,-0.310083,1.11495,-0.0358715,0.315182,0.0721061,-0.0690031,0.0780119,0.482459,-0.143075,0.126814,0.9847,-0.0606748,-0.0162345,1.42549,-0.193309,0.078049,0.060545,-0.0618541,-0.204871,1.11565,-0.0828611,-0.2538,1.06612,-0.105359,-0.113373,1.21532,0.012137
295,2.93767,0.0761368,1.4456,-0.0452669,-0.22338,0.101566,0.120004,0.00764462,0.975404,0.134585,0.227529,1.17261,0.263409,-0.061368,1.01768,0.273205,-0.180004,0.0585081,0.0450496,-0.189991,0.502244,0.150475,0.135085,0.98274,0.00150076,0.0768915,1.43298,0.109065,-0.401311,0.120052,0.110939,0.0193458,1.06008,0.222645,0.0413858,1.01638,0.276553,0.24645,0.106795,-0.123454,-0.0257447,0.963059,-0.178617,-0.112672,1.11643,-0.301253,-0.31003,1.11589,-0.0304053,0.330668,0.0736612,-0.0693313,0.0870765,0.481213,-0.143822,0.127854,0.98115,-0.0601238,-0.0162035,1.42095,-0.193079,0.094081,0.0602559,-0.0621298,-0.205708,1.11488,-0.0794071,-0.255725,1.06613,-0.10078,-0.11254,1.20951,0.0140938
296,2.94767,0.0766436,1.44183,-0.0442225,-0.245941,0.102058,0.122531,0.00869887,0.970156,0.136252,0.231949,1.16948,0.26189,-0.0562339,1.01337,0.277578,-0.205794,0.0549421,0.0481811,-0.188246,0.498008,0.149044,0.135914,0.978699,0.00242023,0.0776221,1.428,0.110533,-0.42265,0.131567,0.113369,0.0232447,1.05641,0.225552,0.0466212,1.0123,0.27812,0.261436,0.107955,-0.124092,-0.0251293,0.959067,-0.178235,-0.116954,1.11294,-0.299223,-0.309897,1.11589,-0.0251211,0.346054,0.0755952,-0.069748,0.0956123,0.480008,-0.144515,0.128804,0.977662,-0.059418,-0.0162384,1.4163,-0.192767,0.110148,0.0599285,-0.062364,-0.206375,1.11339,-0.076025,-0.257471,1.06536,-0.0963742,-0.111367,1.2033,0.0158822
297,2.95766,0.0771937,1.43788,-0.0428474,-0.266816,0.103368,0.12482,0.00944684,0.965034,0.137739,0.23558,1.16567,0.260724,-0.051838,1.00855,0.281268,-0.229288,0.0526922,0.0515292,-0.186589,0.493756,0.147597,0.136479,0.974683,0.00348129,0.0781712,1.42284,0.112478,-0.441079,0.143516,0.114616,0.0264339,1.05222,0.228089,0.0508855,1.00759,0.279224,0.276144,0.109421,-0.124753,-0.0241483,0.955592,-0.177524,-0.120654,1.10934,-0.29698,-0.309588,1.11502,-0.020009,0.361294,0.0780097,-0.0702465,0.103559,0.478805,-0.145213,0.129362,0.974197,-0.0585289,-0.0162504,1.41168,-0.192308,0.126103,0.0596112,-0.0627935,-0.206875,1.11122,-0.0726488,-0.259016,1.06392,-0.0922232,-0.109836,1.19724,0.0173491
298,2.96765,0.0778168,1.43387,-0.0412218,-0.286139,0.10473,0.126905,0.00984096,0.960262,0.138945,0.238185,1.16107,0.259888,-0.0486128,1.00331,0.284204,-0.250094,0.0512897,0.0552243,-0.184978,0.489951,0.146137,0.136897,0.970787,0.00460814,0.0784664,1.41757,0.11478,-0.456777,0.155483,0.114474,0.0287619,1.04749,0.230029,0.0540664,1.00229,0.279792,0.290549,0.111194,-0.125471,-0.0224799,0.952954,-0.176336,-0.123714,1.10571,-0.294529,-0.309146,1.11325,-0.0151406,0.37635,0.0809598,-0.0708022,0.110771,0.477541,-0.145912,0.129928,0.970891,-0.0574633,-0.0162438,1.40725,-0.191699,0.142115,0.0592604,-0.0631965,-0.207189,1.10827,-0.0694484,-0.260263,1.06182,-0.0883155,-0.108115,1.19186,0.0183671
299,2.97764,0.078435,1.42995,-0.0394267,-0.30258,0.106762,0.129214,0.00964156,0.955999,0.140232,0.239742,1.15571,0.25933,-0.0466864,0.997706,0.28615,-0.268026,0.0503514,0.0590773,-0.183761,0.486953,0.144792,0.137204,0.967104,0.00582239,0.0784783,1.41231,0.117263,-0.469731,0.166548,0.113103,0.0300954,1.04224,0.231382,0.0559799,0.996545,0.280103,0.304678,0.113308,-0.12634,-0.021525,0.950006,-0.175253,-0.126043,1.10211,-0.291887,-0.308665,1.11053,-0.0105102,0.391126,0.0844289,-0.0713405,0.117188,0.476239,-0.146609,0.130075,0.967693,-0.0561832,-0.0161934,1.40315,-0.190986,0.158341,0.0588277,-0.0635723,-0.207382,1.10466,-0.0663605,-0.261199,1.05903,-0.084662,-0.106495,1.18738,0.0188397
300,2.98763,0.0789555,1.42629,-0.0375815,-0.315937,0.108778,0.131434,0.00914446,0.952604,0.141291,0.240219,1.14968,0.259049,-0.0461758,0.991791,0.287239,-0.282991,0.0491823,0.0626542,-0.183107,0.484634,0.143592,0.13741,0.96373,0.00720837,0.0782364,1.4072,0.119831,-0.4797,0.175667,0.110644,0.0303067,1.03653,0.232162,0.056537,0.990421,0.28024,0.318564,0.115723,-0.127447,-0.0212606,0.946853,-0.174276,-0.127604,1.09857,-0.289126,-0.308139,1.1068,-0.00615119,0.405681,0.0884551,-0.0721092,0.122759,0.47494,-0.147316,0.130362,0.964744,-0.0547831,-0.0160508,1.39944,-0.190171,0.174796,0.0583446,-0.0639286,-0.207536,1.10082,-0.0629478,-0.261826,1.05557,-0.0813068,-0.105306,1.18364,0.018794
301,2.99763,0.0792867,1.42296,-0.0358011,-0.325785,0.110033,0.132782,0.00841645,0.949788,0.142189,0.239468,1.14313,0.259224,-0.0471398,0.985623,0.287597,-0.294282,0.0472737,0.0656003,-0.183429,0.482716,0.142797,0.137503,0.960685,0.00876915,0.077857,1.40233,0.122431,-0.48642,0.181859,0.107226,0.0293454,1.03042,0.232379,0.0556681,0.983905,0.280046,0.332058,0.118325,-0.128674,-0.0212579,0.943864,-0.173277,-0.128391,1.09508,-0.286304,-0.30763,1.10205,-0.0021055,0.420078,0.0932505,-0.0730045,0.127445,0.473639,-0.148059,0.13023,0.961955,-0.0532296,-0.0158277,1.39619,-0.189276,0.191449,0.0578524,-0.0642348,-0.207526,1.09642,-0.0596412,-0.262103,1.05147,-0.0782451,-0.104816,1.18041,0.0183466
302,3.00762,0.0794812,1.41996,-0.034109,-0.331652,0.109675,0.133114,0.00753427,0.947457,0.143042,0.237425,1.13614,0.259854,-0.0495805,0.979255,0.287293,-0.299469,0.0454545,0.0675154,-0.185019,0.481206,0.142721,0.137441,0.957956,0.0104568,0.0774944,1.39775,0.125058,-0.489704,0.184489,0.103161,0.0271179,1.02414,0.232055,0.0532888,0.977145,0.279406,0.345147,0.121353,-0.130159,-0.02131,0.941191,-0.172253,-0.128429,1.09164,-0.283479,-0.307118,1.0963,0.00157139,0.434214,0.0988492,-0.0741071,0.131293,0.472325,-0.148846,0.130006,0.959378,-0.0516139,-0.0155838,1.39345,-0.188253,0.208171,0.0573894,-0.0644714,-0.207319,1.09148,-0.056602,-0.261927,1.04679,-0.0754379,-0.105014,1.17749,0.0176818
303,3.01761,0.0795633,1.41719,-0.0324854,-0.333447,0.107448,0.132701,0.00653952,0.945543,0.143901,0.234095,1.12886,0.260983,-0.053445,0.97277,0.285971,-0.298798,0.0436001,0.0684332,-0.188027,0.480262,0.143114,0.137133,0.955523,0.0122022,0.0772234,1.39344,0.127767,-0.489779,0.183467,0.0986309,0.0236166,1.01786,0.231186,0.0494372,0.970278,0.278298,0.357767,0.12485,-0.131867,-0.0215396,0.938821,-0.171236,-0.127747,1.0883,-0.280684,-0.306558,1.0896,0.00479831,0.447707,0.105067,-0.0755119,0.13435,0.470961,-0.149642,0.129661,0.957016,-0.049947,-0.0153869,1.39119,-0.187073,0.224887,0.0569424,-0.0647011,-0.206822,1.08612,-0.0538405,-0.261221,1.04159,-0.0728496,-0.105644,1.17481,0.016975
304,3.0276,0.0796212,1.41465,-0.0308779,-0.331092,0.104098,0.131859,0.00539386,0.94398,0.144867,0.229527,1.12139,0.262615,-0.0586609,0.966359,0.283511,-0.293183,0.0422435,0.0685355,-0.192229,0.479682,0.143617,0.136399,0.953321,0.0139232,0.0770299,1.3894,0.130595,-0.487376,0.177735,0.0936245,0.0189538,1.01182,0.229677,0.0442088,0.963556,0.276677,0.369776,0.128737,-0.133562,-0.021965,0.936709,-0.170182,-0.12634,1.08514,-0.277972,-0.305882,1.08202,0.00750894,0.460449,0.111918,-0.0771252,0.13653,0.469531,-0.150431,0.128927,0.954846,-0.0482797,-0.0152738,1.38933,-0.18567,0.241614,0.0565102,-0.0649121,-0.206038,1.08043,-0.0513393,-0.260054,1.03583,-0.0707761,-0.106696,1.17267,0.0166034
305,3.03759,0.0798308,1.41247,-0.0291674,-0.324621,0.10065,0.130668,0.00393911,0.942715,0.145978,0.223857,1.11381,0.264705,-0.0651376,0.960331,0.27992,-0.283034,0.0428106,0.0679621,-0.197181,0.479012,0.144021,0.135186,0.951332,0.0155799,0.0767912,1.38565,0.133522,-0.483529,0.166952,0.0879489,0.0132226,1.00628,0.227463,0.0375335,0.957247,0.274315,0.381151,0.133197,-0.135304,-0.0226342,0.934793,-0.169117,-0.124288,1.08219,-0.275366,-0.305033,1.07361,0.00966858,0.472383,0.119478,-0.0786976,0.137735,0.468002,-0.151164,0.127759,0.952863,-0.0466436,-0.0152681,1.38777,-0.184023,0.258356,0.0560871,-0.065135,-0.2051,1.07471,-0.0488177,-0.258404,1.02954,-0.0692428,-0.108076,1.17123,0.0168946
306,3.04759,0.0800105,1.41053,-0.0273208,-0.316063,0.0972226,0.129056,0.00202321,0.941788,0.147256,0.217203,1.10625,0.267059,-0.0728431,0.95505,0.275475,-0.271146,0.0440693,0.066692,-0.20225,0.477975,0.144375,0.133546,0.949591,0.017141,0.0763643,1.38223,0.136574,-0.479228,0.15277,0.0823742,0.00629508,1.0013,0.224587,0.0294476,0.951456,0.271018,0.391596,0.13773,-0.136694,-0.0235616,0.933018,-0.168002,-0.121678,1.07949,-0.272954,-0.303959,1.06448,0.0112292,0.483622,0.128047,-0.0798494,0.137894,0.46627,-0.151774,0.12614,0.951061,-0.045039,-0.0154225,1.38649,-0.182171,0.274998,0.0556487,-0.0653607,-0.2039,1.06876,-0.0467148,-0.256258,1.0228,-0.0682229,-0.109596,1.1704,0.0180207
307,3.05758,0.0801121,1.40888,-0.0252917,-0.307772,0.0945812,0.127397,-0.000467855,0.941233,0.148618,0.209691,1.09888,0.269726,-0.0815935,0.950806,0.270017,-0.259525,0.0460355,0.0655275,-0.206815,0.476813,0.144811,0.13159,0.948191,0.0187035,0.0756676,1.37921,0.139757,-0.474568,0.137945,0.0777604,-0.00136452,0.996946,0.221186,0.0203625,0.946285,0.267397,0.401027,0.142487,-0.137625,-0.0247529,0.93131,-0.166844,-0.118573,1.07704,-0.270795,-0.302629,1.0548,0.0121921,0.493712,0.137385,-0.0805171,0.136914,0.464219,-0.152185,0.124234,0.949531,-0.0433925,-0.0156951,1.38552,-0.180166,0.291416,0.055185,-0.0655834,-0.202449,1.06247,-0.0451708,-0.253679,1.01568,-0.0677208,-0.111106,1.16996,0.0198984
308,3.06757,0.0801862,1.40758,-0.0230185,-0.300006,0.0927495,0.126341,-0.00361514,0.940998,0.149983,0.201435,1.09199,0.272819,-0.0912093,0.947693,0.263659,-0.248687,0.0486183,0.064802,-0.210477,0.476163,0.145346,0.12943,0.947204,0.0204485,0.0746887,1.37663,0.143094,-0.469102,0.124447,0.0747589,-0.00965095,0.993203,0.217546,0.0104123,0.941885,0.263601,0.40937,0.147792,-0.138237,-0.0261213,0.929707,-0.165747,-0.115019,1.07485,-0.268894,-0.301023,1.04471,0.0125305,0.502165,0.147275,-0.0806058,0.134566,0.461801,-0.152366,0.12218,0.948358,-0.0416849,-0.0159844,1.38491,-0.178045,0.307448,0.0547741,-0.0657347,-0.200759,1.05583,-0.0440639,-0.250745,1.00826,-0.0677934,-0.1126,1.16966,0.0222629
309,3.07756,0.0802757,1.40664,-0.0204253,-0.291556,0.0912497,0.126133,-0.00705816,0.941127,0.151429,0.192429,1.08566,0.276177,-0.10161,0.945517,0.256062,-0.237574,0.0513183,0.0647777,-0.213443,0.476181,0.145692,0.127253,0.946667,0.0224938,0.0734263,1.37454,0.146642,-0.462212,0.112368,0.0735735,-0.0183019,0.990245,0.21322,-0.00036869,0.938319,0.259465,0.416221,0.15359,-0.138455,-0.0274346,0.928309,-0.164707,-0.111001,1.07295,-0.26725,-0.299125,1.03432,0.0121981,0.508734,0.158011,-0.0801017,0.130589,0.458997,-0.152492,0.120149,0.94753,-0.0398732,-0.0161426,1.38471,-0.175867,0.323063,0.0545995,-0.0657602,-0.198779,1.04894,-0.0433958,-0.247506,1.00066,-0.0685162,-0.114137,1.16937,0.0248685
310,3.08756,0.0803649,1.40599,-0.0175144,-0.281976,0.0899097,0.126447,-0.0104154,0.94163,0.152903,0.18269,1.07997,0.279705,-0.112542,0.944306,0.247537,-0.225534,0.0535761,0.06527,-0.216396,0.476733,0.146182,0.125247,0.946611,0.0248716,0.0718848,1.373,0.150433,-0.453852,0.101503,0.0738179,-0.0272598,0.988239,0.208301,-0.0116919,0.935654,0.254708,0.421352,0.160129,-0.138455,-0.0285408,0.927271,-0.163682,-0.106489,1.07137,-0.265821,-0.29694,1.02373,0.0111352,0.513138,0.170159,-0.0790808,0.124801,0.45589,-0.153027,0.118392,0.947005,-0.0378916,-0.0160427,1.38501,-0.17373,0.33805,0.0548435,-0.0656793,-0.196535,1.04181,-0.043259,-0.244004,0.993037,-0.069948,-0.115692,1.16918,0.027524
311,3.09755,0.0804122,1.40565,-0.0143467,-0.2709,0.08906,0.127208,-0.0135917,0.942658,0.154236,0.172215,1.07496,0.283373,-0.12368,0.944261,0.238647,-0.212499,0.0553078,0.0660777,-0.219834,0.478108,0.147263,0.123575,0.947033,0.0274091,0.0700595,1.37205,0.154418,-0.443953,0.0922615,0.0746465,-0.03653,0.98718,0.202887,-0.0234752,0.933934,0.249378,0.424359,0.167179,-0.13794,-0.029363,0.926616,-0.162674,-0.101492,1.07021,-0.264564,-0.294441,1.01311,0.00929249,0.514834,0.18395,-0.0778842,0.117229,0.452522,-0.154289,0.116913,0.946675,-0.0357924,-0.0156449,1.38578,-0.171679,0.351928,0.0556915,-0.0654912,-0.193859,1.03445,-0.0438154,-0.240141,0.985437,-0.0721164,-0.117253,1.16929,0.0300078
312,3.10754,0.0805481,1.40582,-0.011029,-0.25843,0.0887131,0.128007,-0.0168699,0.944443,0.155041,0.160997,1.07062,0.28716,-0.13495,0.945401,0.229282,-0.198414,0.0566493,0.0669516,-0.223556,0.480167,0.148756,0.122217,0.947825,0.029805,0.0679312,1.37174,0.158475,-0.432173,0.0851162,0.0750526,-0.0460881,0.987096,0.197027,-0.0356741,0.933149,0.243753,0.425371,0.175038,-0.137149,-0.0298812,0.926199,-0.161711,-0.0959993,1.06953,-0.263472,-0.2916,1.00263,0.00658655,0.513644,0.199351,-0.0767435,0.108146,0.448896,-0.156022,0.11579,0.946481,-0.0336823,-0.0149948,1.38695,-0.16973,0.364145,0.0573534,-0.0652099,-0.190642,1.02703,-0.0450472,-0.235911,0.978076,-0.0750402,-0.118755,1.16992,0.0320386
313,3.11753,0.0805819,1.40643,-0.00774741,-0.244796,0.0886925,0.128636,-0.0188945,0.94633,0.15562,0.149004,1.06687,0.290915,-0.146224,0.947577,0.219273,-0.183317,0.0578123,0.0677911,-0.226366,0.482247,0.150564,0.121257,0.948852,0.0317167,0.0654322,1.37203,0.162488,-0.418732,0.0797123,0.0747801,-0.0557125,0.987875,0.191124,-0.048072,0.933285,0.237741,0.424559,0.183208,-0.136258,-0.0302421,0.925675,-0.160792,-0.0900019,1.06936,-0.2626,-0.288427,0.992481,0.00290043,0.509714,0.215909,-0.0756477,0.0979286,0.445249,-0.157725,0.114999,0.946352,-0.0318386,-0.0141867,1.38841,-0.167854,0.374407,0.0600471,-0.0648474,-0.187169,1.02018,-0.0462774,-0.231188,0.971146,-0.0786074,-0.120165,1.17111,0.0333684
314,3.12752,0.0804945,1.40742,-0.00465989,-0.230528,0.0887659,0.128856,-0.0197036,0.948603,0.156392,0.13627,1.06362,0.294548,-0.157352,0.950793,0.208673,-0.167502,0.0589451,0.0684769,-0.227359,0.483821,0.152604,0.120843,0.949955,0.0329747,0.0625267,1.37282,0.16634,-0.404364,0.0753112,0.0744307,-0.0648287,0.989328,0.185038,-0.0604744,0.934468,0.231663,0.422181,0.192117,-0.135624,-0.0305612,0.925054,-0.159862,-0.0835503,1.06966,-0.261978,-0.284892,0.982789,-0.00173684,0.503036,0.233074,-0.074585,0.0867542,0.441814,-0.158799,0.114677,0.946338,-0.0304827,-0.0132607,1.39002,-0.166071,0.382457,0.063862,-0.0644607,-0.183265,1.01362,-0.0478363,-0.225967,0.964665,-0.0827738,-0.121417,1.17269,0.0339549
315,3.13752,0.0804142,1.40878,-0.00183583,-0.215767,0.0887797,0.129146,-0.0200698,0.951215,0.157275,0.123148,1.06093,0.298171,-0.168224,0.95513,0.19759,-0.151477,0.0597872,0.0690321,-0.226222,0.484515,0.154715,0.121089,0.95105,0.0336066,0.0593123,1.37407,0.169917,-0.389478,0.0716926,0.0744463,-0.0737861,0.991536,0.17866,-0.0729219,0.936593,0.225388,0.417966,0.20186,-0.134983,-0.0298574,0.925626,-0.158693,-0.076668,1.07037,-0.261666,-0.280973,0.973648,-0.00723977,0.493684,0.250418,-0.0734938,0.0747676,0.438618,-0.159262,0.114787,0.94641,-0.0296537,-0.0121337,1.39177,-0.164441,0.387959,0.0685288,-0.0640965,-0.179026,1.00713,-0.0502028,-0.220262,0.95861,-0.0875305,-0.122459,1.17438,0.0339189
316,3.14751,0.0804681,1.41043,0.00082161,-0.200331,0.088918,0.129303,-0.0201403,0.953965,0.158379,0.109699,1.05885,0.30163,-0.178623,0.960512,0.186201,-0.135286,0.0602331,0.0694268,-0.222938,0.484246,0.156715,0.121833,0.952185,0.0338987,0.0562128,1.37586,0.173203,-0.373921,0.0694526,0.074674,-0.0825764,0.994532,0.172029,-0.0853509,0.939613,0.218863,0.411701,0.211964,-0.133936,-0.0283869,0.926351,-0.157425,-0.0693677,1.07144,-0.261648,-0.276611,0.965067,-0.0135276,0.481575,0.267187,-0.072321,0.0621849,0.435855,-0.159502,0.115326,0.946569,-0.029185,-0.010663,1.39373,-0.162968,0.390555,0.073135,-0.0639851,-0.174575,1.00076,-0.0534235,-0.214054,0.952954,-0.0928188,-0.123197,1.17606,0.0333995
317,3.1575,0.0809938,1.41243,0.00341078,-0.184272,0.0890652,0.129348,-0.0199535,0.956777,0.15958,0.0958483,1.05736,0.304628,-0.18845,0.96692,0.174594,-0.118918,0.0603882,0.0696763,-0.217812,0.483318,0.158422,0.122252,0.953211,0.0342487,0.0533466,1.37809,0.176208,-0.3576,0.0686616,0.0748774,-0.0910583,0.998308,0.165355,-0.0976392,0.943718,0.212038,0.403756,0.221622,-0.132343,-0.0267185,0.92686,-0.156237,-0.0616721,1.07283,-0.26187,-0.271823,0.957007,-0.020591,0.46635,0.282344,-0.0710295,0.0491558,0.433926,-0.159596,0.116225,0.946792,-0.028888,-0.00874528,1.39601,-0.16162,0.390031,0.0750218,-0.0647346,-0.169541,0.994764,-0.0571854,-0.207358,0.947668,-0.0986306,-0.123575,1.17777,0.032556
318,3.16749,0.0820042,1.41475,0.00595456,-0.168045,0.089166,0.129493,-0.0193056,0.959708,0.160832,0.0818124,1.05665,0.307095,-0.19759,0.974357,0.162855,-0.102446,0.060519,0.0698981,-0.211191,0.482169,0.159648,0.121985,0.954041,0.0348179,0.0507935,1.38061,0.178967,-0.341222,0.0682289,0.0750075,-0.0991208,1.00287,0.158786,-0.109674,0.948789,0.205063,0.394428,0.230114,-0.130362,-0.025016,0.92775,-0.155264,-0.0535414,1.0746,-0.262279,-0.266629,0.949403,-0.0284359,0.44823,0.294891,-0.0694599,0.0358205,0.43303,-0.159346,0.11747,0.947163,-0.028556,-0.00636991,1.39868,-0.160379,0.38781,0.0736261,-0.0659004,-0.163989,0.989154,-0.0615608,-0.200143,0.94277,-0.104957,-0.12364,1.17968,0.0314561
319,3.17748,0.0833491,1.41735,0.00843304,-0.151853,0.089236,0.129514,-0.018281,0.962827,0.162158,0.067812,1.05686,0.308921,-0.206025,0.982848,0.151092,-0.0859202,0.0606967,0.0701216,-0.203509,0.48105,0.160261,0.122528,0.955409,0.035572,0.0486021,1.38337,0.181533,-0.324916,0.0677464,0.075127,-0.106691,1.00819,0.152039,-0.121248,0.954817,0.19788,0.383553,0.23724,-0.128235,-0.0230787,0.929324,-0.154381,-0.0449894,1.07678,-0.26281,-0.261021,0.942319,-0.0369512,0.429659,0.304424,-0.0669209,0.0221551,0.43317,-0.15877,0.119028,0.947898,-0.0279955,-0.00357487,1.40178,-0.159218,0.38519,0.0735533,-0.0669108,-0.158137,0.984037,-0.0664794,-0.1924,0.938344,-0.111741,-0.123344,1.18199,0.0301628
320,3.18748,0.0848397,1.42024,0.0107908,-0.13544,0.0894236,0.129386,-0.0174207,0.965916,0.163493,0.054055,1.05807,0.310115,-0.213726,0.992208,0.139516,-0.0692679,0.060877,0.0702453,-0.195063,0.480055,0.160309,0.123781,0.957429,0.0366156,0.046682,1.38637,0.183956,-0.308429,0.0672712,0.0752321,-0.11374,1.01411,0.145143,-0.132465,0.961778,0.190782,0.371771,0.243699,-0.126003,-0.0208543,0.931783,-0.153587,-0.0360027,1.07938,-0.263401,-0.254843,0.935766,-0.0461238,0.413695,0.311644,-0.0630725,0.00817305,0.434477,-0.158051,0.120772,0.949298,-0.0271296,-0.000413,1.40525,-0.158151,0.379176,0.0782499,-0.0674864,-0.152211,0.979909,-0.071474,-0.184194,0.934483,-0.118939,-0.122444,1.18486,0.0287719
321,3.19747,0.0863848,1.42347,0.0130351,-0.118831,0.089636,0.129083,-0.0165369,0.968989,0.164669,0.0405854,1.06017,0.310886,-0.220612,1.00221,0.128228,-0.0523973,0.0610835,0.070272,-0.185774,0.479184,0.16019,0.125302,0.960059,0.0380296,0.0448661,1.38965,0.186239,-0.291752,0.0668522,0.0752163,-0.12021,1.02061,0.138273,-0.142937,0.969435,0.183523,0.360001,0.250702,-0.123645,-0.0186638,0.935193,-0.152954,-0.0265956,1.08244,-0.264049,-0.247992,0.929761,-0.0558962,0.400921,0.317536,-0.0584132,-0.00587788,0.437117,-0.157263,0.12267,0.951768,-0.0259089,0.00305677,1.40901,-0.157223,0.366875,0.0850328,-0.0682169,-0.145697,0.97615,-0.0772008,-0.175486,0.931308,-0.126508,-0.121078,1.18827,0.0273236
322,3.20746,0.0878388,1.42706,0.0151683,-0.102068,0.089839,0.128732,-0.0160288,0.971748,0.1657,0.0276488,1.063,0.311231,-0.226505,1.01258,0.117133,-0.0354583,0.0612755,0.070216,-0.175361,0.478441,0.160178,0.126839,0.963298,0.0397857,0.0431003,1.39327,0.18835,-0.274925,0.0665645,0.075063,-0.126096,1.0278,0.131523,-0.152446,0.977544,0.175937,0.347975,0.257571,-0.120989,-0.0167357,0.939409,-0.152599,-0.0168235,1.08597,-0.264731,-0.240781,0.92456,-0.066256,0.390274,0.321944,-0.0536796,-0.019608,0.440902,-0.156375,0.124747,0.955527,-0.0243432,0.00679718,1.41297,-0.156423,0.349106,0.0913549,-0.0689215,-0.138201,0.972572,-0.0837445,-0.166269,0.928892,-0.134374,-0.119382,1.19208,0.025835
323,3.21745,0.0891499,1.43096,0.017209,-0.0851656,0.0901022,0.12841,-0.0152342,0.974602,0.166634,0.0152613,1.06646,0.311222,-0.231623,1.0232,0.106423,-0.0184414,0.061469,0.0701494,-0.163901,0.477852,0.160176,0.128339,0.967102,0.041698,0.0413049,1.39725,0.190207,-0.258015,0.0664185,0.0749122,-0.131447,1.03545,0.124853,-0.160969,0.985939,0.168055,0.334906,0.263088,-0.117968,-0.0146165,0.943939,-0.15215,-0.00678775,1.08996,-0.265464,-0.233148,0.920278,-0.077092,0.380161,0.324313,-0.0493091,-0.0328308,0.445547,-0.155386,0.126846,0.960279,-0.0225869,0.0107805,1.41712,-0.1557,0.328237,0.0965051,-0.0690789,-0.13084,0.97012,-0.0901751,-0.15655,0.927196,-0.142478,-0.117429,1.19608,0.0242964
324,3.22744,0.0904035,1.43512,0.0191921,-0.0682354,0.0904479,0.128023,-0.0139998,0.977626,0.167465,0.00336831,1.07058,0.31086,-0.235872,1.03387,0.096068,-0.0013337,0.06165,0.0700843,-0.151637,0.477315,0.160063,0.129846,0.971462,0.0435345,0.0394017,1.40156,0.191809,-0.241047,0.0663329,0.0748603,-0.136142,1.0434,0.11825,-0.168523,0.994525,0.159969,0.320586,0.26664,-0.114846,-0.0121382,0.948732,-0.151491,0.00350818,1.09434,-0.266314,-0.225032,0.916923,-0.0882912,0.369406,0.324481,-0.0453937,-0.0455425,0.451003,-0.154274,0.128363,0.965369,-0.0207183,0.0149861,1.42152,-0.155049,0.305737,0.10021,-0.0680934,-0.123917,0.968984,-0.0963815,-0.146374,0.926122,-0.150758,-0.115213,1.20012,0.0227243
325,3.23744,0.0916429,1.4394,0.0211126,-0.0512953,0.0908044,0.127653,-0.0130226,0.980541,0.168315,-0.00803254,1.07503,0.309884,-0.239447,1.04459,0.0860426,0.0157443,0.0618558,0.0700138,-0.138733,0.476777,0.159815,0.131383,0.976312,0.045191,0.0373869,1.40618,0.193177,-0.223934,0.0661644,0.0748353,-0.140296,1.05175,0.11178,-0.175164,1.00323,0.151771,0.305255,0.268065,-0.11178,-0.00940876,0.953885,-0.15063,0.0141053,1.09908,-0.267412,-0.216475,0.91444,-0.0997372,0.35758,0.322606,-0.0419191,-0.0577623,0.457204,-0.153158,0.129995,0.970628,-0.0189564,0.0192687,1.42604,-0.154499,0.282297,0.102236,-0.0661624,-0.116253,0.968232,-0.10315,-0.135736,0.925623,-0.159122,-0.112817,1.20425,0.0211382
326,3.24743,0.0928767,1.44367,0.0229541,-0.0343454,0.0911877,0.12729,-0.0122992,0.98334,0.169189,-0.0189689,1.07963,0.308251,-0.242427,1.05531,0.0763182,0.0329626,0.0622201,0.0699028,-0.125347,0.476379,0.15946,0.132977,0.981529,0.0465993,0.0353062,1.41099,0.194343,-0.20684,0.0660699,0.0746843,-0.143991,1.06043,0.105267,-0.181026,1.01203,0.143514,0.289253,0.26749,-0.108907,-0.00662344,0.959282,-0.149501,0.0249339,1.10414,-0.268675,-0.207495,0.912749,-0.111332,0.34484,0.318778,-0.0388121,-0.0694673,0.463947,-0.152176,0.131834,0.97588,-0.0174049,0.0235672,1.4305,-0.153827,0.258255,0.102774,-0.0642485,-0.107792,0.967874,-0.110214,-0.124683,0.92567,-0.167449,-0.110129,1.20833,0.0195616
327,3.25742,0.0940579,1.44779,0.0247283,-0.0174239,0.0915779,0.12686,-0.0112114,0.986168,0.169948,-0.0294129,1.08455,0.306455,-0.244777,1.06597,0.0668206,0.0501265,0.0625192,0.0697033,-0.111618,0.47623,0.158922,0.134558,0.986935,0.0477705,0.0332031,1.41587,0.195304,-0.189796,0.0660387,0.0744616,-0.147178,1.06929,0.0987371,-0.186185,1.02086,0.135219,0.272794,0.265195,-0.106329,-0.00386353,0.964809,-0.148107,0.0357411,1.10945,-0.269524,-0.198107,0.911734,-0.123023,0.331352,0.313136,-0.0360095,-0.0807075,0.471047,-0.15134,0.133744,0.980991,-0.0160368,0.0278175,1.43483,-0.15298,0.23332,0.102209,-0.0628019,-0.0986413,0.967605,-0.117004,-0.113322,0.92633,-0.175648,-0.107338,1.21237,0.0179943
328,3.26741,0.0951866,1.45166,0.0264634,-0.000482378,0.0920264,0.12638,-0.00983614,0.988943,0.170632,-0.039362,1.0897,0.304498,-0.246447,1.07656,0.0575148,0.0671834,0.0628218,0.0695189,-0.0976272,0.476207,0.158235,0.136002,0.992295,0.0487561,0.0310966,1.42067,0.196087,-0.172801,0.0660472,0.0742761,-0.150038,1.07825,0.0926759,-0.190668,1.02975,0.127014,0.255947,0.261336,-0.104109,-0.00117852,0.970336,-0.1465,0.0467154,1.11472,-0.270253,-0.18837,0.911254,-0.134741,0.317143,0.305773,-0.0334691,-0.0913893,0.478407,-0.150631,0.135633,0.9859,-0.014842,0.0319118,1.43897,-0.151959,0.207099,0.100914,-0.0614425,-0.0908752,0.968697,-0.124617,-0.101774,0.927469,-0.183833,-0.104755,1.2164,0.016478
329,3.27741,0.0962706,1.45523,0.0281447,0.0164609,0.0924548,0.125911,-0.00843288,0.99151,0.171267,-0.048783,1.09488,0.302333,-0.247473,1.08709,0.0484011,0.0842534,0.0631345,0.069342,-0.0833972,0.476167,0.157518,0.137288,0.997407,0.0495738,0.0290079,1.42529,0.196703,-0.155784,0.0660005,0.0740148,-0.152365,1.0871,0.0867695,-0.194614,1.03865,0.118998,0.23857,0.256058,-0.102186,0.00141215,0.97572,-0.144759,0.0579717,1.11987,-0.271018,-0.178361,0.91119,-0.146396,0.302198,0.296749,-0.0311845,-0.101377,0.485883,-0.15002,0.137504,0.990532,-0.0138346,0.0357615,1.44285,-0.150851,0.179652,0.0991574,-0.0601787,-0.0830179,0.970071,-0.132537,-0.0902547,0.928917,-0.192145,-0.102364,1.22037,0.0150048
330,3.2874,0.0973061,1.45844,0.029768,0.0334385,0.0928867,0.125475,-0.00730169,0.993664,0.171829,-0.0576671,1.09996,0.299922,-0.24793,1.09754,0.0395111,0.101577,0.0633819,0.0690345,-0.0689192,0.476129,0.156825,0.138491,1.00212,0.0502118,0.0269737,1.42964,0.197175,-0.13864,0.065876,0.0735086,-0.154178,1.09573,0.0809481,-0.198052,1.0475,0.11115,0.220441,0.249654,-0.100361,0.00390917,0.980823,-0.142977,0.069176,1.12496,-0.271874,-0.16814,0.911435,-0.157971,0.286472,0.286099,-0.029155,-0.110598,0.493317,-0.149451,0.139382,0.994791,-0.0130433,0.0393366,1.44635,-0.149688,0.151126,0.0970796,-0.0590628,-0.0730679,0.970667,-0.139565,-0.078649,0.930626,-0.200258,-0.100064,1.22413,0.0136249
331,3.29739,0.0982967,1.46122,0.0313269,0.0505278,0.0933356,0.125052,-0.00608783,0.995512,0.172356,-0.0660295,1.10483,0.297273,-0.247824,1.10782,0.0308588,0.119069,0.0636261,0.06864,-0.0541792,0.476101,0.156207,0.139642,1.00632,0.0506668,0.0251193,1.43356,0.197484,-0.12141,0.0658389,0.073199,-0.155502,1.10402,0.075284,-0.201039,1.05619,0.103501,0.201444,0.242191,-0.0987642,0.00630778,0.985514,-0.14124,0.0805187,1.12987,-0.272412,-0.157748,0.911894,-0.169437,0.269813,0.273837,-0.0273484,-0.119176,0.5004,-0.149072,0.141308,0.998605,-0.0124152,0.0427005,1.4494,-0.148476,0.121652,0.0948169,-0.0580999,-0.0633281,0.971635,-0.146664,-0.0665836,0.932437,-0.207708,-0.0978501,1.22755,0.0124312
332,3.30738,0.0991894,1.46354,0.0327781,0.0676192,0.0937487,0.124633,-0.00467483,0.996826,0.172969,-0.0739633,1.10938,0.294383,-0.247208,1.11781,0.0224718,0.136333,0.0639553,0.0686372,-0.0391713,0.47606,0.155729,0.140819,1.00993,0.0509763,0.0234242,1.43701,0.197637,-0.104197,0.0659119,0.0730283,-0.156352,1.11191,0.0697029,-0.203586,1.06464,0.0960336,0.181426,0.233791,-0.0974883,0.00858191,0.98968,-0.13961,0.0916504,1.1346,-0.273022,-0.147176,0.912516,-0.180567,0.252013,0.260217,-0.0258189,-0.127143,0.507042,-0.148854,0.143287,1.00184,-0.0119298,0.0459108,1.45195,-0.147229,0.0914586,0.0924115,-0.057336,-0.054158,0.973076,-0.153996,-0.0544914,0.93428,-0.21489,-0.095671,1.2305,0.0114435
333,3.31737,0.100014,1.46537,0.0341231,0.0845978,0.0941058,0.124287,-0.00286965,0.997751,0.173626,-0.0814753,1.11351,0.291284,-0.246162,1.12741,0.0144028,0.153414,0.064288,0.0689143,-0.0239131,0.475974,0.155369,0.141793,1.01269,0.051116,0.0218706,1.43997,0.197654,-0.0869801,0.0660313,0.0728722,-0.15685,1.11939,0.0642775,-0.205717,1.07269,0.0887588,0.160246,0.224416,-0.0964952,0.0106892,0.993216,-0.138121,0.102604,1.13906,-0.27367,-0.136549,0.913188,-0.191477,0.23291,0.245459,-0.0246529,-0.134458,0.51324,-0.148665,0.145299,1.00434,-0.011591,0.0488905,1.454,-0.146075,0.0607011,0.0899689,-0.0569737,-0.0451433,0.974636,-0.161369,-0.0427923,0.936111,-0.221971,-0.0935482,1.23289,0.0106744
334,3.32737,0.100761,1.46668,0.0353631,0.10154,0.0945246,0.123999,-0.000792161,0.998254,0.174311,-0.0884208,1.11717,0.288314,-0.244631,1.13659,0.00671494,0.170578,0.064561,0.0690492,-0.00855291,0.47579,0.155063,0.14296,1.0146,0.0511478,0.0203097,1.44244,0.197592,-0.0698619,0.065989,0.0727461,-0.157051,1.12637,0.0590486,-0.207439,1.08028,0.0816883,0.138182,0.214419,-0.0959511,0.0125299,0.996077,-0.136746,0.113453,1.14311,-0.274185,-0.125917,0.913818,-0.202204,0.212432,0.229886,-0.0238489,-0.141025,0.518948,-0.148422,0.147452,1.00612,-0.0113466,0.0517537,1.45545,-0.14493,0.0293997,0.0875966,-0.0571237,-0.036159,0.976141,-0.168645,-0.0312109,0.937801,-0.229064,-0.0914915,1.23467,0.0100136
335,3.33736,0.10148,1.46741,0.0364957,0.118617,0.0949893,0.123572,0.00136887,0.998114,0.17511,-0.0950269,1.12031,0.285297,-0.242733,1.14518,-0.000618594,0.187798,0.0648614,0.0689882,0.00668549,0.475472,0.154731,0.144427,1.01569,0.0511427,0.0188986,1.44429,0.197398,-0.0528085,0.0659319,0.0727151,-0.15689,1.13275,0.0540457,-0.208778,1.08735,0.0748334,0.115367,0.203985,-0.0958662,0.0140292,0.99818,-0.135483,0.124066,1.14672,-0.27462,-0.115281,0.914363,-0.212731,0.190586,0.213843,-0.023367,-0.146924,0.524107,-0.148147,0.149437,1.00724,-0.0112242,0.0545118,1.45627,-0.143813,-0.00247896,0.0854213,-0.057835,-0.0276339,0.977687,-0.175606,-0.0198025,0.939569,-0.236291,-0.0895467,1.23578,0.00943313
336,3.34735,0.102249,1.46755,0.0375289,0.135548,0.0954398,0.123209,0.00352185,0.997311,0.176026,-0.101402,1.12291,0.282122,-0.240497,1.15315,-0.00755705,0.204949,0.0651656,0.0688608,0.021614,0.475017,0.154388,0.146102,1.01595,0.0511633,0.0176994,1.44549,0.197128,-0.0358474,0.06589,0.0726533,-0.15645,1.13853,0.0492547,-0.209759,1.09382,0.0682006,0.0917981,0.193421,-0.0959942,0.015564,0.999144,-0.134326,0.134413,1.14987,-0.274973,-0.104696,0.91477,-0.223028,0.167397,0.197566,-0.0232098,-0.152168,0.528641,-0.147896,0.15132,1.00768,-0.0110803,0.0570923,1.45651,-0.142829,-0.034656,0.0835707,-0.0593469,-0.019306,0.979036,-0.182419,-0.0086085,0.941041,-0.243145,-0.0878468,1.23617,0.00910174
337,3.35734,0.103049,1.46706,0.0384581,0.152278,0.0958809,0.122905,0.00574541,0.995945,0.176966,-0.107481,1.12492,0.278841,-0.237971,1.16035,-0.0141381,0.221788,0.0654133,0.068709,0.036064,0.47443,0.154104,0.147969,1.0155,0.0513275,0.0166703,1.44601,0.19681,-0.0189157,0.0658351,0.0726707,-0.155814,1.14374,0.044679,-0.210402,1.09967,0.0617775,0.0673265,0.182775,-0.0964874,0.0177219,0.999155,-0.13333,0.144493,1.15248,-0.275234,-0.0941734,0.91497,-0.233109,0.142713,0.181019,-0.0234778,-0.156698,0.532421,-0.147646,0.153208,1.0074,-0.0107908,0.0596,1.45611,-0.141956,-0.0669616,0.0821491,-0.0617388,-0.0107634,0.979855,-0.189268,0.00240942,0.942029,-0.24968,-0.0864977,1.23581,0.00900197
338,3.36733,0.103866,1.46594,0.0392449,0.168874,0.0963421,0.122582,0.00813425,0.994113,0.177677,-0.113232,1.12633,0.275502,-0.235284,1.16675,-0.0203666,0.238659,0.0658538,0.06855,0.0498971,0.473728,0.153945,0.149981,1.01442,0.0516555,0.0157829,1.44585,0.196458,-0.00196027,0.0657552,0.0728873,-0.155001,1.14833,0.0403479,-0.210738,1.10483,0.0555965,0.0420474,0.172221,-0.0975214,0.0200233,0.998438,-0.132543,0.154281,1.15453,-0.275403,-0.0836464,0.914935,-0.243118,0.116192,0.164182,-0.0239674,-0.160471,0.535378,-0.147345,0.155196,1.0064,-0.0103736,0.0620602,1.45505,-0.141224,-0.0991383,0.0808102,-0.0647317,-0.00217739,0.980197,-0.196078,0.0131762,0.942573,-0.255926,-0.0853864,1.23467,0.00900939
339,3.37733,0.104716,1.46424,0.0398701,0.185388,0.0967892,0.122284,0.010399,0.991781,0.178354,-0.118727,1.1271,0.272105,-0.232487,1.17237,-0.0262071,0.255577,0.0664687,0.0683515,0.0630694,0.472881,0.153896,0.152071,1.01274,0.0521016,0.0150441,1.44503,0.196083,0.0149394,0.0655528,0.0730834,-0.154044,1.15217,0.0362212,-0.210808,1.10925,0.0496508,0.0160059,0.161919,-0.0991416,0.0222642,0.99704,-0.131979,0.163807,1.15607,-0.275497,-0.0732506,0.914647,-0.25284,0.0884683,0.147734,-0.0249086,-0.1635,0.537512,-0.146916,0.157301,1.00474,-0.00982968,0.0643089,1.45332,-0.140692,-0.131356,0.0801548,-0.068273,0.00625426,0.980209,-0.202484,0.0237037,0.94287,-0.262006,-0.0839917,1.23263,0.00902722
340,3.38732,0.105582,1.46205,0.0403096,0.201968,0.097321,0.121985,0.0124839,0.98898,0.179014,-0.123943,1.12726,0.268705,-0.229623,1.17718,-0.0316995,0.272512,0.0671451,0.0681585,0.0757215,0.471777,0.153811,0.15418,1.01053,0.0526022,0.0143856,1.44358,0.195659,0.0318094,0.0653523,0.073157,-0.152973,1.15528,0.0323912,-0.210646,1.11292,0.0439659,-0.0106884,0.15204,-0.101363,0.0245184,0.994998,-0.131662,0.173106,1.1571,-0.275547,-0.0630473,0.91408,-0.262211,0.0601252,0.132125,-0.0265583,-0.165919,0.538829,-0.146448,0.159487,1.00247,-0.0092379,0.0663582,1.45104,-0.140422,-0.163574,0.0804574,-0.0723754,0.0144546,0.97991,-0.208861,0.0339816,0.942963,-0.267927,-0.0827742,1.22985,0.00908414
341,3.39731,0.10645,1.45948,0.0405589,0.218624,0.0979997,0.121807,0.0146098,0.985842,0.17946,-0.128848,1.12685,0.265361,-0.226696,1.18115,-0.036875,0.289538,0.0679634,0.0680508,0.0879874,0.470431,0.153638,0.156286,1.00784,0.0531078,0.0138158,1.44151,0.195185,0.0488551,0.0650703,0.0730478,-0.151794,1.15774,0.028869,-0.210285,1.11584,0.0385326,-0.0378892,0.142803,-0.104147,0.0268738,0.992344,-0.131559,0.18202,1.15759,-0.27555,-0.0530626,0.913251,-0.271224,0.0308113,0.117275,-0.0289574,-0.167479,0.539302,-0.145836,0.161722,0.999666,-0.00868847,0.0683213,1.44812,-0.140355,-0.195702,0.0819215,-0.0768476,0.0221357,0.979318,-0.215002,0.0439594,0.942776,-0.273645,-0.0818277,1.22639,0.00910664
342,3.4073,0.107305,1.45661,0.0406154,0.235286,0.0987806,0.121812,0.016608,0.982391,0.179883,-0.133405,1.12588,0.262039,-0.223584,1.18421,-0.0417979,0.306631,0.0690088,0.0680268,0.0997042,0.468967,0.153595,0.158395,1.00476,0.0535737,0.0135115,1.43889,0.194603,0.0659254,0.0647551,0.0729937,-0.150562,1.15951,0.0255312,-0.209743,1.118,0.0333573,-0.0655742,0.134504,-0.107406,0.0291902,0.989218,-0.131746,0.190434,1.15756,-0.275526,-0.0433491,0.912164,-0.279858,0.000650582,0.10334,-0.0322262,-0.168066,0.538916,-0.145071,0.163952,0.996503,-0.00825169,0.0702197,1.44473,-0.140564,-0.227664,0.0846962,-0.0814956,0.0296725,0.978377,-0.220897,0.0534698,0.942122,-0.278984,-0.0810736,1.22236,0.00909412
343,3.41729,0.108067,1.45351,0.0404566,0.25184,0.0995668,0.121818,0.0184325,0.978725,0.180289,-0.137601,1.12437,0.258742,-0.220468,1.18644,-0.0463899,0.323619,0.0701917,0.0680879,0.110931,0.467569,0.153719,0.16049,1.00135,0.0539779,0.0133841,1.43582,0.193941,0.0829127,0.0644985,0.0731208,-0.149101,1.16042,0.022191,-0.209032,1.11941,0.0284618,-0.0936682,0.127381,-0.111154,0.0312834,0.985791,-0.1323,0.198439,1.15698,-0.275365,-0.0339472,0.910829,-0.288101,-0.0298331,0.0906736,-0.0363799,-0.167724,0.537623,-0.144204,0.166088,0.993139,-0.00795348,0.0719657,1.4409,-0.141056,-0.259278,0.0890222,-0.0860002,0.0370269,0.977075,-0.226448,0.0625509,0.941055,-0.283948,-0.0803946,1.21781,0.00901077
344,3.42729,0.108699,1.45019,0.0400546,0.268247,0.100482,0.12187,0.020225,0.97492,0.180523,-0.141394,1.12235,0.255526,-0.217422,1.18783,-0.0506859,0.340306,0.0713085,0.0682054,0.121722,0.46628,0.153988,0.162429,0.997704,0.0542646,0.013233,1.43249,0.193283,0.0998695,0.0642866,0.0733448,-0.147534,1.16054,0.0189493,-0.20819,1.12007,0.0238667,-0.122041,0.121766,-0.115575,0.0330941,0.982084,-0.133215,0.205985,1.15591,-0.27491,-0.0249014,0.909269,-0.295955,-0.0604741,0.0794628,-0.0415139,-0.166455,0.535424,-0.143225,0.167967,0.989584,-0.00780902,0.0735292,1.43671,-0.141806,-0.290034,0.0952024,-0.0896892,0.0438542,0.9755,-0.23163,0.0712429,0.939689,-0.28868,-0.0795011,1.21264,0.00876571
345,3.43728,0.109232,1.44676,0.0394241,0.284535,0.101592,0.122051,0.021916,0.971066,0.1807,-0.144714,1.11983,0.252367,-0.214443,1.18834,-0.0547268,0.35701,0.072796,0.0684361,0.132113,0.46508,0.154348,0.164252,0.993968,0.0544014,0.0129782,1.42898,0.192664,0.11682,0.0640516,0.0736329,-0.146298,1.16022,0.016365,-0.207251,1.11993,0.0195387,-0.150061,0.117823,-0.120141,0.0348154,0.977982,-0.134174,0.213044,1.15442,-0.274305,-0.0162274,0.90746,-0.303428,-0.0910581,0.0698338,-0.0474745,-0.164282,0.532316,-0.142107,0.169581,0.985849,-0.00784506,0.0748854,1.43231,-0.142795,-0.319359,0.103361,-0.0925844,0.0500356,0.973686,-0.236686,0.0794763,0.938067,-0.293069,-0.0785784,1.20728,0.00825891
346,3.44727,0.109688,1.44331,0.0386089,0.300704,0.102903,0.122411,0.0235158,0.967242,0.180851,-0.147513,1.11685,0.249265,-0.211577,1.18798,-0.0585443,0.373674,0.0745752,0.0687194,0.142103,0.46398,0.154698,0.165986,0.990302,0.0543454,0.0125191,1.42535,0.19204,0.133762,0.0637687,0.0739623,-0.145147,1.15912,0.0137508,-0.206217,1.11903,0.0154996,-0.177194,0.115615,-0.124631,0.0362332,0.973646,-0.13511,0.219457,1.15261,-0.273653,-0.00798034,0.905383,-0.310482,-0.120961,0.0618607,-0.0537516,-0.161288,0.528288,-0.140839,0.170928,0.982036,-0.00815685,0.0760789,1.42784,-0.143987,-0.346747,0.113441,-0.0945402,0.0560781,0.971509,-0.241458,0.0872921,0.936068,-0.297244,-0.0776236,1.20198,0.00748223
347,3.45726,0.110023,1.43988,0.0375971,0.316785,0.104386,0.122869,0.0250379,0.963468,0.180943,-0.149741,1.1135,0.246284,-0.208856,1.18674,-0.0621781,0.390345,0.076693,0.0691077,0.151716,0.462957,0.154993,0.167465,0.986783,0.0540041,0.0118907,1.42167,0.191303,0.150711,0.06357,0.0742528,-0.144087,1.15714,0.0108829,-0.205137,1.11741,0.0117593,-0.202963,0.115136,-0.128754,0.0370803,0.969286,-0.13605,0.225221,1.15052,-0.27294,-0.00024423,0.903074,-0.317099,-0.149664,0.0557366,-0.0597917,-0.157952,0.523409,-0.139563,0.171997,0.978287,-0.00876931,0.0771854,1.42335,-0.145315,-0.371832,0.125157,-0.0952263,0.0618757,0.969002,-0.245849,0.0946043,0.933751,-0.301122,-0.0765037,1.1968,0.00641317
348,3.46725,0.110247,1.43649,0.0364311,0.332797,0.106114,0.123472,0.0264977,0.959789,0.180908,-0.151339,1.10982,0.243411,-0.206317,1.18458,-0.065656,0.406966,0.0791904,0.0696216,0.160582,0.461853,0.155523,0.168621,0.983425,0.0532596,0.0110769,1.41806,0.190367,0.167794,0.0634502,0.0745242,-0.142964,1.15464,0.0083828,-0.204022,1.11507,0.00831345,-0.226783,0.116151,-0.132466,0.037224,0.965118,-0.136955,0.23032,1.14823,-0.27216,0.00687477,0.900613,-0.323138,-0.176388,0.051803,-0.0652832,-0.154641,0.517862,-0.138193,0.17267,0.974737,-0.00972517,0.0782192,1.41892,-0.146695,-0.393758,0.137608,-0.0950809,0.0671086,0.966291,-0.24982,0.101134,0.931261,-0.304387,-0.0751788,1.19182,0.00504528
349,3.47725,0.110359,1.43315,0.035214,0.348656,0.108129,0.124259,0.0278672,0.956274,0.180698,-0.152177,1.10589,0.240662,-0.204003,1.18155,-0.0689627,0.423532,0.0822285,0.0702597,0.168552,0.460602,0.156165,0.169444,0.980225,0.0520796,0.0101182,1.41458,0.189254,0.184983,0.0633556,0.074864,-0.141874,1.15176,0.00632544,-0.202849,1.11202,0.00521769,-0.248065,0.11828,-0.135583,0.0366437,0.961308,-0.137788,0.234755,1.14576,-0.271299,0.0133173,0.898086,-0.328461,-0.200538,0.0497658,-0.0700546,-0.152086,0.512223,-0.136902,0.172964,0.971499,-0.0110167,0.0790729,1.41464,-0.148196,-0.412218,0.150192,-0.0940962,0.0717205,0.963499,-0.25339,0.106967,0.928581,-0.307133,-0.0737391,1.18719,0.00352489
350,3.48724,0.110303,1.4299,0.033954,0.364281,0.110542,0.125168,0.0291011,0.952975,0.180343,-0.152193,1.10173,0.238055,-0.201997,1.17763,-0.0720885,0.439877,0.0858479,0.0709457,0.17575,0.459199,0.156783,0.169918,0.977186,0.0505519,0.00905873,1.41121,0.187967,0.202246,0.0632203,0.0751233,-0.140755,1.14816,0.00421513,-0.201626,1.10824,0.00245198,-0.266258,0.120794,-0.137892,0.0354318,0.957963,-0.138501,0.238526,1.14311,-0.270348,0.0190182,0.8954,-0.333149,-0.221365,0.0490041,-0.0740045,-0.15064,0.507564,-0.13609,0.172984,0.968541,-0.0125906,0.0797993,1.41048,-0.149728,-0.427117,0.161843,-0.09261,0.0757737,0.960659,-0.25655,0.111978,0.925725,-0.309344,-0.0722442,1.18296,0.00192808
351,3.49723,0.110049,1.42677,0.0325999,0.379545,0.113406,0.126157,0.0302766,0.949969,0.179695,-0.151436,1.09743,0.235719,-0.200304,1.17282,-0.0750244,0.455827,0.0900355,0.0717744,0.182204,0.457765,0.157348,0.170151,0.974347,0.0487508,0.00797117,1.40803,0.186515,0.219557,0.063082,0.0752789,-0.139684,1.14376,0.00205193,-0.200348,1.10372,2.97023e-05,-0.280774,0.122932,-0.139301,0.033838,0.955052,-0.139067,0.241681,1.14029,-0.26938,0.0237786,0.892433,-0.337324,-0.237819,0.048776,-0.0764437,-0.149913,0.504528,-0.13579,0.172837,0.96576,-0.0144123,0.0803723,1.40648,-0.151262,-0.438304,0.171481,-0.0908849,0.0789369,0.957842,-0.259319,0.116083,0.922841,-0.311184,-0.070837,1.1792,0.000310619
352,3.50722,0.109592,1.42376,0.0311086,0.394305,0.116628,0.127183,0.0312883,0.947227,0.178893,-0.14991,1.09306,0.233673,-0.19895,1.16714,-0.0777145,0.471301,0.0948759,0.0726105,0.187856,0.456422,0.157892,0.170195,0.971694,0.0466799,0.00687923,1.40512,0.184909,0.236964,0.0629866,0.0753698,-0.138685,1.13865,-9.97236e-05,-0.198996,1.09845,-0.00203178,-0.291076,0.123882,-0.139964,0.0320315,0.952435,-0.139553,0.24424,1.13731,-0.268438,0.0276595,0.889505,-0.340874,-0.249402,0.0481378,-0.0775078,-0.15006,0.5025,-0.135519,0.172602,0.963085,-0.0165133,0.080742,1.40266,-0.152849,-0.445677,0.177998,-0.0891479,0.0812605,0.955091,-0.261668,0.119375,0.919981,-0.312741,-0.0695601,1.1759,-0.00129106
353,3.51722,0.109139,1.42096,0.0294825,0.408552,0.120174,0.128317,0.032134,0.944743,0.177943,-0.147571,1.08863,0.231903,-0.197954,1.16059,-0.0800983,0.48624,0.10028,0.0735127,0.192542,0.45514,0.158487,0.170088,0.969155,0.0443765,0.00592522,1.40248,0.18316,0.254479,0.0628797,0.0754546,-0.137539,1.13321,-0.00226323,-0.197529,1.09246,-0.00370571,-0.296775,0.122941,-0.139978,0.0301411,0.95,-0.140078,0.246262,1.13419,-0.267575,0.0306188,0.886718,-0.343724,-0.255704,0.0462934,-0.0774815,-0.151818,0.501082,-0.13518,0.172293,0.960489,-0.018878,0.0808906,1.39903,-0.15457,-0.449218,0.180581,-0.0875107,0.0827879,0.952444,-0.263572,0.121756,0.917042,-0.313767,-0.0686578,1.17306,-0.00283531
354,3.52721,0.108739,1.41837,0.0276627,0.422269,0.124092,0.129647,0.0327976,0.942456,0.17682,-0.144435,1.08421,0.230436,-0.197298,1.15318,-0.0821244,0.500867,0.106575,0.0747219,0.196178,0.453783,0.15914,0.169811,0.966641,0.0419159,0.0050948,1.40015,0.181234,0.272096,0.0627523,0.0755442,-0.136325,1.12752,-0.00389327,-0.19589,1.08579,-0.00496506,-0.29766,0.119907,-0.139125,0.0282558,0.947721,-0.140744,0.24777,1.13097,-0.266845,0.0326397,0.884062,-0.345845,-0.256048,0.0435103,-0.0765871,-0.155153,0.500324,-0.134868,0.171845,0.957928,-0.0213895,0.0807487,1.39568,-0.156514,-0.448791,0.178854,-0.0855612,0.083507,0.949902,-0.26504,0.123194,0.914127,-0.314413,-0.0684203,1.17063,-0.00426766
355,3.5372,0.108227,1.41588,0.0255555,0.435314,0.128494,0.13115,0.0332788,0.940247,0.175503,-0.140542,1.07987,0.229337,-0.196964,1.14499,-0.0836963,0.515107,0.113963,0.0762066,0.198746,0.452209,0.1599,0.169317,0.964087,0.0393696,0.00429615,1.39811,0.179128,0.289787,0.0626511,0.0756741,-0.134828,1.12117,-0.00533996,-0.193993,1.07856,-0.00572457,-0.293816,0.115211,-0.136755,0.026374,0.945698,-0.14162,0.248745,1.1277,-0.266283,0.0337024,0.881563,-0.347254,-0.249836,0.0416664,-0.0751276,-0.159376,0.499807,-0.134876,0.171053,0.955411,-0.0239559,0.0804219,1.39257,-0.158561,-0.444793,0.172199,-0.0827156,0.0833567,0.947467,-0.266066,0.123607,0.911294,-0.314694,-0.0688858,1.16846,-0.00564043
356,3.54719,0.107668,1.41361,0.0232595,0.447609,0.133375,0.132704,0.0335218,0.938006,0.174024,-0.135901,1.07569,0.228628,-0.196892,1.13614,-0.0847112,0.528316,0.122099,0.0776268,0.200123,0.450329,0.16076,0.168574,0.961467,0.0367797,0.00351686,1.3963,0.176897,0.307581,0.0625387,0.0758443,-0.133399,1.11432,-0.00668969,-0.191835,1.07092,-0.00587323,-0.285827,0.110111,-0.134218,0.024387,0.944067,-0.142734,0.249129,1.12436,-0.265903,0.0333708,0.879255,-0.348106,-0.237985,0.0421324,-0.0735113,-0.163802,0.498985,-0.135248,0.169917,0.953068,-0.0265367,0.0799559,1.38964,-0.160671,-0.438714,0.160239,-0.0784373,0.0824212,0.945161,-0.26666,0.123091,0.908523,-0.314647,-0.0699074,1.16638,-0.00702035
357,3.55718,0.106998,1.41163,0.0208667,0.45901,0.138789,0.134198,0.0334812,0.935709,0.172417,-0.130529,1.07167,0.228298,-0.197029,1.12676,-0.0850661,0.540295,0.131027,0.0787713,0.200178,0.448082,0.161703,0.167512,0.958857,0.0341582,0.00272832,1.39466,0.174556,0.325639,0.062298,0.0760542,-0.132123,1.10763,-0.00738335,-0.189451,1.06302,-0.00532569,-0.276037,0.105777,-0.132605,0.0222363,0.942902,-0.144036,0.248885,1.12097,-0.265718,0.0317354,0.877157,-0.348443,-0.224307,0.0434612,-0.0718563,-0.167951,0.497843,-0.135518,0.168538,0.951,-0.0291333,0.0793738,1.38691,-0.162881,-0.432772,0.144936,-0.0736179,0.0809974,0.943117,-0.266808,0.121694,0.90583,-0.314331,-0.0712919,1.16431,-0.0083337
358,3.56718,0.106202,1.41,0.018399,0.46917,0.144723,0.135489,0.0331193,0.933473,0.170798,-0.124477,1.06777,0.228361,-0.197216,1.11695,-0.08469,0.550838,0.141008,0.0795818,0.198713,0.44543,0.162639,0.166245,0.956515,0.031562,0.00183422,1.39327,0.172142,0.344029,0.0618586,0.0762618,-0.130896,1.10093,-0.00753508,-0.186845,1.05495,-0.00406291,-0.267806,0.102446,-0.130994,0.019913,0.942229,-0.145474,0.248,1.11756,-0.265757,0.0292995,0.875143,-0.348044,-0.21136,0.0458325,-0.0707784,-0.171554,0.49694,-0.135245,0.166767,0.949121,-0.0317682,0.0785977,1.38457,-0.165342,-0.427176,0.129667,-0.0694807,0.0787108,0.941254,-0.266589,0.119387,0.903224,-0.313676,-0.0730218,1.16238,-0.00963393
359,3.57717,0.105331,1.40873,0.0157929,0.477739,0.151203,0.136499,0.0325347,0.93137,0.169204,-0.117741,1.06404,0.22883,-0.197404,1.10694,-0.0835262,0.55947,0.152195,0.080013,0.195537,0.442288,0.163422,0.164874,0.954619,0.0290082,0.000957227,1.39215,0.169649,0.362331,0.0613515,0.0764657,-0.129548,1.09412,-0.00716615,-0.184027,1.04679,-0.00205087,-0.260647,0.0999698,-0.130001,0.0174469,0.941984,-0.146952,0.246463,1.11416,-0.266097,0.0260798,0.873119,-0.346921,-0.199344,0.049007,-0.070923,-0.174465,0.496824,-0.134693,0.165393,0.947581,-0.034403,0.0775147,1.3825,-0.168038,-0.420842,0.115458,-0.06645,0.0755416,0.939536,-0.266012,0.116139,0.900602,-0.312415,-0.074988,1.16074,-0.0110032
360,3.58716,0.104617,1.40794,0.0130545,0.484297,0.158279,0.137129,0.031923,0.929505,0.167613,-0.110335,1.0606,0.229711,-0.197538,1.09685,-0.081518,0.565648,0.164764,0.0799558,0.190528,0.438654,0.164461,0.163538,0.953205,0.0265179,0.000209016,1.39129,0.16717,0.379718,0.0609172,0.076728,-0.127659,1.08692,-0.00639868,-0.181015,1.03865,0.000716645,-0.25249,0.0979249,-0.130129,0.0148573,0.942023,-0.148356,0.244246,1.11083,-0.266765,0.0217694,0.871312,-0.345317,-0.187028,0.0521722,-0.0718489,-0.177232,0.497645,-0.134553,0.163621,0.946199,-0.037049,0.0761764,1.38075,-0.170954,-0.413059,0.102188,-0.0648463,0.071793,0.938045,-0.265005,0.111944,0.898123,-0.310751,-0.0769669,1.15955,-0.0126927
361,3.59715,0.1039,1.40744,0.0100756,0.488554,0.165932,0.137296,0.0314208,0.928002,0.166031,-0.102208,1.05756,0.230958,-0.197587,1.08681,-0.0786314,0.568787,0.178769,0.0792399,0.183616,0.434548,0.166124,0.162312,0.952188,0.0241467,-0.000263741,1.39073,0.16486,0.395356,0.060582,0.0770247,-0.125633,1.0798,-0.00497139,-0.177747,1.03063,0.00423176,-0.242339,0.0964535,-0.130786,0.0122384,0.942204,-0.149657,0.241328,1.10759,-0.267731,0.016465,0.869721,-0.343194,-0.173609,0.0547536,-0.0727786,-0.181149,0.499228,-0.134928,0.161783,0.945174,-0.0396533,0.0748158,1.37943,-0.173979,-0.403559,0.0904422,-0.0648852,0.0673672,0.936772,-0.263544,0.106927,0.895926,-0.308978,-0.0788764,1.15897,-0.0146843
362,3.60714,0.103117,1.40723,0.00689722,0.490493,0.174314,0.137066,0.031053,0.926867,0.164494,-0.0933684,1.05505,0.232525,-0.197507,1.07685,-0.0748334,0.568666,0.194436,0.0781319,0.174942,0.430255,0.1681,0.161159,0.951446,0.021926,-0.000436167,1.39044,0.162629,0.408801,0.0606844,0.077152,-0.123535,1.07298,-0.00285116,-0.174149,1.02283,0.00844999,-0.230437,0.0954934,-0.131184,0.00986677,0.942496,-0.150892,0.237723,1.10453,-0.268999,0.0103952,0.868396,-0.3404,-0.159049,0.0567647,-0.0732956,-0.186541,0.501083,-0.13567,0.160527,0.944622,-0.0420489,0.0732733,1.3786,-0.177062,-0.392104,0.0808823,-0.0660985,0.0621443,0.935669,-0.261718,0.101118,0.893847,-0.306795,-0.0806591,1.15899,-0.0168635
363,3.61714,0.102392,1.40746,0.00376246,0.490346,0.183581,0.136602,0.0308669,0.926038,0.162932,-0.0838971,1.05318,0.234456,-0.197266,1.067,-0.0701383,0.56547,0.211492,0.076776,0.164864,0.426166,0.170259,0.1602,0.950923,0.0199558,-0.000269407,1.3904,0.160469,0.41996,0.0619243,0.0768968,-0.121234,1.06651,-7.82997e-05,-0.170127,1.01531,0.0133784,-0.217008,0.0950294,-0.131168,0.00804793,0.942915,-0.152167,0.233423,1.10173,-0.270523,0.00331875,0.86739,-0.337041,-0.143532,0.058296,-0.0735653,-0.191627,0.502607,-0.136718,0.159842,0.94435,-0.0441273,0.0716008,1.37815,-0.180018,-0.378632,0.0734936,-0.0671403,0.0562855,0.934896,-0.259491,0.0944626,0.892014,-0.304178,-0.0822411,1.15944,-0.0191744
364,3.62713,0.101818,1.40815,0.000867801,0.48821,0.193704,0.135956,0.030945,0.925492,0.161238,-0.0738597,1.05195,0.236749,-0.196813,1.05733,-0.0645105,0.559206,0.229248,0.075283,0.153642,0.422529,0.172182,0.15952,0.95044,0.0183212,0.000306063,1.39062,0.158466,0.428923,0.0646025,0.076279,-0.118629,1.0604,0.00330601,-0.165565,1.00812,0.0190811,-0.202157,0.0947395,-0.1307,0.00689179,0.943488,-0.153541,0.228509,1.09917,-0.272276,-0.00480945,0.866779,-0.333072,-0.127474,0.0592061,-0.0738948,-0.194463,0.503488,-0.138111,0.159283,0.944081,-0.0457978,0.0697492,1.37806,-0.182845,-0.363677,0.0682114,-0.0673517,0.0498619,0.934548,-0.256879,0.0869912,0.89071,-0.30153,-0.0835701,1.16003,-0.021598
365,3.63712,0.101513,1.40921,-0.00180387,0.483823,0.204645,0.134975,0.0312221,0.925157,0.159489,-0.0633034,1.05135,0.239307,-0.196113,1.04808,-0.057998,0.549787,0.247314,0.0737454,0.14159,0.419264,0.173452,0.159257,0.949856,0.0171028,0.00136897,1.39118,0.156702,0.435099,0.0681063,0.0754095,-0.115738,1.05469,0.00724379,-0.160524,1.00141,0.0253638,-0.186247,0.0946719,-0.130178,0.00638103,0.944281,-0.155063,0.223159,1.09685,-0.274319,-0.0137006,0.866703,-0.328306,-0.110652,0.0596792,-0.0740775,-0.194546,0.503511,-0.139898,0.158977,0.94383,-0.0469279,0.0677846,1.37841,-0.185573,-0.347657,0.0652819,-0.067166,0.0429378,0.934719,-0.253848,0.0788291,0.889884,-0.298709,-0.0846396,1.16066,-0.0240363
366,3.64711,0.101659,1.41058,-0.00435482,0.477278,0.216007,0.133497,0.031611,0.925042,0.15781,-0.0522652,1.05139,0.24199,-0.194923,1.03942,-0.0505447,0.537295,0.264948,0.0718632,0.129118,0.41642,0.173944,0.159526,0.949213,0.0163102,0.00310194,1.3921,0.155205,0.437826,0.0703943,0.0745258,-0.112487,1.04946,0.0117272,-0.154973,0.995279,0.0321572,-0.16948,0.0947475,-0.129883,0.00650049,0.945443,-0.156814,0.217463,1.09473,-0.276641,-0.0233543,0.867273,-0.322697,-0.0932425,0.0598879,-0.0738854,-0.192108,0.5025,-0.142103,0.159176,0.943754,-0.0477046,0.065821,1.37922,-0.188174,-0.330577,0.0639071,-0.0671131,0.0355795,0.935431,-0.250403,0.069926,0.889496,-0.295462,-0.0853735,1.16137,-0.0263653
367,3.6571,0.10237,1.41228,-0.00687123,0.468987,0.226796,0.131425,0.0321211,0.925268,0.156293,-0.040738,1.05214,0.244731,-0.193144,1.03128,-0.0422569,0.521669,0.280945,0.0696146,0.116454,0.414344,0.17378,0.160456,0.948663,0.0158542,0.00553995,1.3935,0.153959,0.437919,0.0694615,0.0743116,-0.108827,1.04482,0.0167051,-0.148925,0.98977,0.0394615,-0.152352,0.0947909,-0.129761,0.00718866,0.947027,-0.15897,0.21144,1.09281,-0.279238,-0.0341897,0.868545,-0.316213,-0.0760129,0.0599916,-0.0737206,-0.18723,0.500773,-0.144582,0.159917,0.94398,-0.0482115,0.0639814,1.38048,-0.190617,-0.313379,0.0630142,-0.0671101,0.0278473,0.936527,-0.246568,0.0603934,0.889636,-0.291882,-0.0857168,1.16233,-0.0284359
368,3.6671,0.103652,1.4144,-0.00941349,0.458925,0.23598,0.129028,0.0327106,0.926033,0.155005,-0.02864,1.05374,0.247607,-0.190905,1.02388,-0.0331836,0.503388,0.294075,0.0672815,0.103224,0.413448,0.173169,0.161958,0.9484,0.0157091,0.00861714,1.39547,0.152951,0.438003,0.0674514,0.0745234,-0.104754,1.04081,0.0221556,-0.142397,0.984991,0.0472685,-0.134861,0.0948978,-0.129707,0.00846383,0.948865,-0.161262,0.205068,1.09119,-0.282033,-0.0455041,0.870669,-0.309103,-0.058458,0.0601227,-0.0738109,-0.180112,0.498969,-0.14699,0.161039,0.944711,-0.0484004,0.0622348,1.38224,-0.192943,-0.295907,0.0624256,-0.0672529,0.019882,0.938272,-0.24235,0.0502905,0.890426,-0.288024,-0.0856204,1.1638,-0.0300898
369,3.67709,0.105265,1.41701,-0.0120009,0.447051,0.24346,0.12646,0.0334621,0.927499,0.153932,-0.0159226,1.05626,0.250619,-0.188097,1.01724,-0.0234065,0.485332,0.303952,0.0645375,0.0891308,0.413801,0.172385,0.163952,0.948824,0.0158748,0.0121393,1.39808,0.152144,0.436865,0.0695955,0.0743963,-0.100292,1.03744,0.0280651,-0.135374,0.98104,0.055518,-0.117074,0.0950165,-0.12981,0.0101763,0.951133,-0.163343,0.198271,1.08993,-0.284912,-0.0570834,0.873702,-0.301342,-0.0405149,0.0603141,-0.0740395,-0.171466,0.497574,-0.148944,0.162433,0.946252,-0.0483986,0.060625,1.38452,-0.195131,-0.27816,0.0620742,-0.0675183,0.0116509,0.9407,-0.237764,0.0396833,0.891933,-0.283797,-0.0850772,1.16601,-0.0311201
370,3.68708,0.106869,1.42021,-0.0145985,0.435123,0.250828,0.123705,0.0344779,0.929853,0.152916,-0.00280881,1.05966,0.253416,-0.184644,1.01142,-0.0129737,0.470973,0.311462,0.0606902,0.0744994,0.415152,0.171341,0.166266,0.950374,0.0162061,0.0160699,1.40127,0.15144,0.429671,0.0759794,0.0738369,-0.0955039,1.03477,0.0343527,-0.127865,0.977971,0.0641871,-0.0991596,0.0951431,-0.129876,0.0123448,0.954234,-0.164863,0.190943,1.08912,-0.287768,-0.0688768,0.877686,-0.292928,-0.0223902,0.0605443,-0.0743168,-0.161968,0.496596,-0.15035,0.164068,0.948825,-0.0483967,0.059252,1.38732,-0.197065,-0.26023,0.0618224,-0.067825,0.00322134,0.943928,-0.232752,0.0288425,0.894201,-0.279264,-0.0840737,1.16914,-0.031229
371,3.69707,0.10824,1.42404,-0.017089,0.423201,0.258222,0.120779,0.0357549,0.9332,0.151987,0.0106214,1.06395,0.255923,-0.180574,1.00645,-0.00189598,0.459263,0.317122,0.0562159,0.059913,0.417425,0.169988,0.168691,0.953268,0.0164654,0.0204842,1.405,0.150686,0.415547,0.0830103,0.0735699,-0.0904232,1.03288,0.0409081,-0.119902,0.97584,0.0732195,-0.0811574,0.095291,-0.129902,0.0149107,0.957812,-0.165882,0.183038,1.08882,-0.290511,-0.0809078,0.882555,-0.283918,-0.00416855,0.0608203,-0.0746206,-0.151686,0.495766,-0.151429,0.166119,0.952445,-0.0484222,0.0580326,1.39061,-0.19873,-0.242093,0.06162,-0.0681392,-0.00524795,0.948028,-0.227303,0.017891,0.897428,-0.27453,-0.082658,1.17315,-0.0301721
372,3.70706,0.10936,1.4284,-0.0193622,0.410484,0.264231,0.117592,0.0372691,0.937448,0.151129,0.0243292,1.06911,0.258254,-0.175845,1.00242,0.00971157,0.448259,0.320666,0.0517982,0.0457538,0.420784,0.168498,0.170937,0.957308,0.016361,0.0252977,1.40925,0.149855,0.396549,0.0888726,0.0731055,-0.084697,1.03178,0.0479088,-0.111466,0.974675,0.0825406,-0.0630622,0.0955325,-0.130006,0.0171726,0.96145,-0.166862,0.174614,1.08905,-0.293034,-0.0928793,0.888517,-0.274267,0.0141106,0.0611425,-0.0747805,-0.140415,0.494904,-0.152439,0.168042,0.956853,-0.0487024,0.0568504,1.39438,-0.20016,-0.223844,0.0615378,-0.0683918,-0.0135901,0.953026,-0.221241,0.00679327,0.901632,-0.269258,-0.0808686,1.17784,-0.0279028
373,3.71706,0.110444,1.43315,-0.021424,0.39642,0.26778,0.114278,0.0390576,0.942398,0.150172,0.0382397,1.07504,0.260502,-0.170524,0.999486,0.021712,0.436631,0.321681,0.047668,0.032102,0.425334,0.167026,0.172845,0.962151,0.0157106,0.0302228,1.41397,0.149132,0.375106,0.0928827,0.0720999,-0.0783255,1.03147,0.055233,-0.102566,0.974477,0.0920669,-0.0449279,0.0958617,-0.130088,0.0191238,0.965123,-0.167806,0.165752,1.08979,-0.295226,-0.104624,0.895551,-0.263988,0.032657,0.061539,-0.0751507,-0.128228,0.494128,-0.153161,0.170184,0.961797,-0.0492064,0.0556314,1.39851,-0.201369,-0.205495,0.0615626,-0.0685821,-0.0216035,0.958817,-0.21464,-0.00457911,0.906624,-0.263198,-0.0787611,1.18287,-0.0246569
374,3.72705,0.111685,1.43808,-0.0233655,0.381131,0.268728,0.111025,0.0410844,0.948042,0.14914,0.0522679,1.08163,0.262729,-0.164417,0.997568,0.0339629,0.423951,0.320278,0.0438996,0.018874,0.430956,0.165508,0.174599,0.967568,0.0146408,0.03523,1.41903,0.148492,0.352422,0.0947561,0.0706106,-0.0714094,1.03186,0.062697,-0.0931888,0.975183,0.101675,-0.0267368,0.0961738,-0.130099,0.0208077,0.968777,-0.168751,0.156797,1.09117,-0.297175,-0.116029,0.90354,-0.253127,0.0510847,0.061768,-0.0753904,-0.115338,0.493557,-0.153289,0.17194,0.966841,-0.0500165,0.0544846,1.40294,-0.202323,-0.187051,0.0616461,-0.0686474,-0.0296717,0.965134,-0.208201,-0.0158432,0.912399,-0.256534,-0.0764265,1.18793,-0.020831
375,3.73704,0.113253,1.44304,-0.0252737,0.36501,0.267441,0.107958,0.043372,0.954327,0.147889,0.0662173,1.08874,0.264684,-0.15748,0.996569,0.0463123,0.410356,0.316578,0.0404615,0.00601612,0.437379,0.16387,0.176429,0.973363,0.0133888,0.0404192,1.42426,0.147824,0.328663,0.0946572,0.0688413,-0.0640571,1.03297,0.0702468,-0.0834025,0.976722,0.111279,-0.00849918,0.0965136,-0.130017,0.0222998,0.972364,-0.169748,0.147824,1.09319,-0.298851,-0.127032,0.912378,-0.241762,0.0694868,0.0619706,-0.0753662,-0.101761,0.493198,-0.152765,0.173827,0.971988,-0.0510806,0.0534504,1.40765,-0.203069,-0.168662,0.0616663,-0.0685798,-0.037469,0.972233,-0.201391,-0.026804,0.918954,-0.249341,-0.0739137,1.19284,-0.0167261
376,3.74703,0.11509,1.44788,-0.0271791,0.34837,0.264339,0.105087,0.0457579,0.961067,0.146583,0.0800637,1.09626,0.266372,-0.150027,0.99653,0.0586687,0.396177,0.310705,0.0371485,-0.00634535,0.444371,0.162265,0.178411,0.979249,0.0120362,0.0457634,1.42948,0.147067,0.303547,0.0931928,0.0669925,-0.0563702,1.03479,0.0778703,-0.0732159,0.979038,0.120742,0.00979328,0.096892,-0.129838,0.0237524,0.975879,-0.170797,0.138853,1.09573,-0.300183,-0.137421,0.922034,-0.230107,0.087932,0.0621761,-0.0752027,-0.0876098,0.492895,-0.151909,0.175891,0.977224,-0.0523395,0.0525509,1.41258,-0.203633,-0.150182,0.0616679,-0.0685577,-0.0448201,0.979998,-0.193895,-0.0374085,0.926187,-0.241681,-0.0711491,1.19762,-0.0125703
377,3.75703,0.117042,1.45257,-0.0290487,0.331356,0.259627,0.102346,0.0482518,0.967954,0.145205,0.0937151,1.10409,0.267964,-0.142175,0.997333,0.0709306,0.381462,0.302838,0.0339063,-0.018001,0.451759,0.160786,0.18054,0.985009,0.010581,0.0511431,1.43458,0.146209,0.276703,0.0910783,0.0654623,-0.0484006,1.03723,0.0855587,-0.0626628,0.981984,0.130006,0.0281692,0.0972139,-0.129579,0.0253593,0.97934,-0.171853,0.129918,1.09865,-0.30118,-0.147197,0.932355,-0.218121,0.106684,0.0625862,-0.0752544,-0.0728924,0.49274,-0.150893,0.178072,0.982496,-0.0536804,0.0517438,1.41762,-0.204013,-0.131663,0.0617606,-0.0684486,-0.0518124,0.988379,-0.186245,-0.0476219,0.933925,-0.233645,-0.0681422,1.20252,-0.00860013
378,3.76702,0.118969,1.45703,-0.0308106,0.313852,0.253453,0.0997581,0.0507528,0.974469,0.14359,0.107177,1.11208,0.269424,-0.133938,0.998829,0.0829823,0.366146,0.293099,0.0307519,-0.0288354,0.459278,0.159393,0.182793,0.990553,0.0090675,0.0561891,1.43962,0.145286,0.248091,0.0887157,0.0642116,-0.0402183,1.04017,0.093283,-0.0518312,0.985389,0.139,0.0465082,0.097508,-0.129236,0.0272815,0.982732,-0.172854,0.121095,1.10178,-0.301902,-0.156342,0.94322,-0.20585,0.125303,0.0628945,-0.0752506,-0.057724,0.49281,-0.149724,0.180191,0.987684,-0.055005,0.0510061,1.42264,-0.204233,-0.11317,0.0619776,-0.0681619,-0.0584716,0.997333,-0.178524,-0.0574083,0.941967,-0.22542,-0.0648247,1.20776,-0.0050651
379,3.77701,0.120796,1.46118,-0.0324109,0.295679,0.245962,0.0973783,0.0531366,0.980561,0.141917,0.120535,1.12001,0.270523,-0.125359,1.00086,0.0947519,0.35016,0.28159,0.0277926,-0.0388354,0.466682,0.158075,0.18508,0.995848,0.00758098,0.0610196,1.4444,0.144294,0.217916,0.0863607,0.0632601,-0.0319465,1.04347,0.100993,-0.0411035,0.989095,0.147911,0.0644337,0.0981857,-0.128949,0.0295741,0.985965,-0.173742,0.112407,1.10503,-0.302384,-0.164795,0.954448,-0.193275,0.143669,0.063104,-0.0751091,-0.0422082,0.492965,-0.148426,0.181853,0.992591,-0.0562264,0.0502908,1.42755,-0.204315,-0.0947492,0.0621205,-0.0678764,-0.0648179,1.00671,-0.170708,-0.0666998,0.950335,-0.217123,-0.0612828,1.21325,-0.00227492
380,3.787,0.122502,1.46491,-0.0338388,0.276512,0.237273,0.0951996,0.0559646,0.986509,0.140169,0.133678,1.12783,0.27151,-0.116552,1.00319,0.106217,0.333358,0.268449,0.0251434,-0.0481053,0.473816,0.156768,0.187308,1.00081,0.0061927,0.0658416,1.44869,0.143229,0.186658,0.0842471,0.0630391,-0.0236115,1.04705,0.108681,-0.030218,0.993038,0.156451,0.0823385,0.0988825,-0.12857,0.0321884,0.988916,-0.174478,0.103863,1.10827,-0.30264,-0.172609,0.965925,-0.180566,0.161922,0.0632828,-0.0747887,-0.0263478,0.493055,-0.147082,0.183733,0.997219,-0.0573678,0.0495841,1.43222,-0.204257,-0.0763189,0.0622067,-0.0676282,-0.0707807,1.01611,-0.162936,-0.0755046,0.959104,-0.208431,-0.0579161,1.21873,-0.00036143
381,3.79699,0.124126,1.46811,-0.0350948,0.256212,0.22755,0.0932783,0.0602904,0.992746,0.138354,0.14651,1.13546,0.272703,-0.107592,1.00566,0.117386,0.315433,0.253808,0.0229408,-0.0566625,0.480615,0.15542,0.189578,1.00537,0.00496225,0.070482,1.45251,0.142195,0.154462,0.082455,0.0628446,-0.0152596,1.05073,0.116347,-0.0193027,0.997042,0.164665,0.100379,0.0994962,-0.128093,0.0350911,0.991549,-0.175058,0.0954031,1.11138,-0.302678,-0.179755,0.977504,-0.167849,0.180041,0.0633,-0.074294,-0.010227,0.493114,-0.145824,0.185815,1.00139,-0.0583634,0.0488448,1.43652,-0.204042,-0.0578503,0.0622496,-0.0672815,-0.0763625,1.02544,-0.155215,-0.0839816,0.967855,-0.199803,-0.0548784,1.22387,0.00073164
382,3.80699,0.125723,1.47075,-0.0362309,0.234974,0.217145,0.0917313,0.0651585,0.998564,0.136771,0.15902,1.14274,0.274007,-0.0984921,1.00805,0.128223,0.296091,0.237958,0.0212914,-0.0644382,0.48695,0.154189,0.192168,1.00941,0.00387956,0.0748641,1.45579,0.141104,0.121517,0.0810252,0.0626827,-0.00691374,1.05433,0.123904,-0.00848795,1.00091,0.172664,0.118414,0.100038,-0.127654,0.0380723,0.993579,-0.175535,0.0868605,1.11426,-0.302331,-0.186246,0.989049,-0.155183,0.198478,0.0636166,-0.0739607,0.00598412,0.493206,-0.144798,0.187495,1.00485,-0.0590919,0.0480723,1.44034,-0.203697,-0.0394293,0.0622323,-0.066932,-0.0811132,1.03447,-0.14758,-0.0921217,0.976592,-0.191049,-0.051829,1.22833,0.00121344
383,3.81698,0.127365,1.4728,-0.0373005,0.212505,0.206073,0.0905816,0.0688761,1.00293,0.135566,0.171074,1.14955,0.275057,-0.0893008,1.01025,0.138786,0.275243,0.221486,0.0202875,-0.0715008,0.492751,0.153102,0.195163,1.01278,0.00301128,0.0790817,1.45844,0.139917,0.0885832,0.0794702,0.0625274,0.00143475,1.05771,0.131247,0.00218069,1.00449,0.180515,0.13638,0.100553,-0.12734,0.0407282,0.99446,-0.175893,0.0782178,1.11683,-0.301736,-0.192091,1.00043,-0.142631,0.217171,0.0644161,-0.073933,0.0220981,0.493264,-0.144081,0.189462,1.0077,-0.0596428,0.0472647,1.44363,-0.203221,-0.0212133,0.0621544,-0.0669143,-0.0855094,1.04327,-0.140093,-0.0997278,0.985265,-0.182075,-0.0490852,1.23191,0.00127545
384,3.82697,0.129006,1.47418,-0.038317,0.188855,0.194538,0.0901039,0.0707834,1.00548,0.13449,0.182732,1.15587,0.275987,-0.0800969,1.01222,0.149069,0.252876,0.204814,0.0198647,-0.0779675,0.497968,0.151929,0.197673,1.01504,0.00241987,0.083107,1.46045,0.138637,0.0558288,0.077718,0.0625969,0.0098229,1.0608,0.13827,0.0127859,1.00773,0.187959,0.154289,0.101134,-0.127158,0.0418182,0.99424,-0.176367,0.0695919,1.11899,-0.30119,-0.197304,1.01154,-0.130216,0.235573,0.0651055,-0.0738319,0.0380309,0.493209,-0.143693,0.19138,1.00977,-0.060022,0.0464184,1.4463,-0.202649,-0.00299755,0.0620456,-0.0670399,-0.089643,1.05177,-0.132735,-0.106904,0.993641,-0.173185,-0.0466358,1.2345,0.00105433
385,3.83696,0.130625,1.4749,-0.0393103,0.164195,0.182906,0.0902644,0.0715092,1.00659,0.133159,0.194018,1.16163,0.276857,-0.0708749,1.01395,0.159052,0.228869,0.18807,0.0199366,-0.0840591,0.502497,0.150806,0.199913,1.01632,0.00202199,0.0869798,1.4618,0.137296,0.0230077,0.0761122,0.0631576,0.0182023,1.06353,0.145244,0.0233533,1.01067,0.194772,0.172116,0.10183,-0.12698,0.0433789,0.993821,-0.176962,0.0612124,1.12068,-0.300515,-0.201865,1.02232,-0.117982,0.253662,0.0657014,-0.0735854,0.0537204,0.493043,-0.143595,0.193329,1.01107,-0.0603034,0.0455699,1.4483,-0.202016,0.0152441,0.0620024,-0.0670546,-0.0934456,1.05987,-0.125519,-0.113656,1.00164,-0.164466,-0.044375,1.23609,0.000659647
386,3.84695,0.132276,1.47497,-0.0403195,0.138603,0.171416,0.0909641,0.0722816,1.00688,0.131521,0.204922,1.16677,0.277678,-0.0616941,1.0154,0.168725,0.203214,0.171393,0.0203175,-0.0895433,0.50642,0.149875,0.202173,1.01677,0.00168503,0.0907584,1.46247,0.136034,-0.00980264,0.0747893,0.0642198,0.0265265,1.0658,0.152138,0.033679,1.01326,0.201512,0.189854,0.102611,-0.126762,0.0456141,0.993039,-0.177566,0.0528745,1.1218,-0.299711,-0.205785,1.03267,-0.105972,0.271469,0.0664456,-0.0733617,0.0690561,0.492802,-0.143739,0.195455,1.01163,-0.0605506,0.0447043,1.44962,-0.20133,0.0334872,0.0617971,-0.06726,-0.096913,1.06744,-0.11852,-0.119999,1.00919,-0.155875,-0.0421908,1.23673,0.000161726
387,3.85695,0.133941,1.47441,-0.0413284,0.112168,0.16025,0.092085,0.0740493,1.00669,0.130085,0.215452,1.17129,0.278442,-0.0526293,1.01655,0.178106,0.17647,0.155136,0.0211453,-0.0942103,0.509574,0.148894,0.204553,1.0164,0.00135163,0.0945723,1.46244,0.134842,-0.0426553,0.0741968,0.0656672,0.0347746,1.06759,0.15877,0.0436598,1.01571,0.208543,0.207408,0.103485,-0.126849,0.0481762,0.991782,-0.177984,0.0444544,1.12235,-0.298818,-0.209134,1.04247,-0.0943711,0.289303,0.0677624,-0.0733375,0.0839479,0.492454,-0.144016,0.197746,1.01146,-0.060819,0.0438557,1.45023,-0.200631,0.0516669,0.0616952,-0.0674026,-0.100058,1.07442,-0.111756,-0.125946,1.01629,-0.147426,-0.0401012,1.2364,-0.000309752
388,3.86694,0.135577,1.47324,-0.0423352,0.0850009,0.149589,0.0936254,0.0767935,1.00585,0.12948,0.225616,1.17516,0.279112,-0.043706,1.01743,0.187159,0.148986,0.139553,0.0224077,-0.0980279,0.511902,0.147749,0.207075,1.01521,0.00102494,0.098362,1.46172,0.133749,-0.0755067,0.0745715,0.0676036,0.042919,1.06888,0.165106,0.0533924,1.01762,0.215291,0.224787,0.104438,-0.126978,0.0507865,0.989925,-0.17835,0.0361382,1.12233,-0.297799,-0.211925,1.05166,-0.0832085,0.306942,0.0693483,-0.0732414,0.0983662,0.491939,-0.144388,0.200225,1.01059,-0.0610852,0.043003,1.45014,-0.199907,0.0696419,0.0616512,-0.0673642,-0.102829,1.08076,-0.105203,-0.131467,1.02291,-0.139176,-0.0381764,1.23517,-0.000608609
389,3.87693,0.137185,1.47148,-0.0433174,0.0572677,0.139574,0.0956347,0.0799188,1.00406,0.129764,0.235366,1.17832,0.279666,-0.0349334,1.018,0.195866,0.120739,0.12463,0.0240297,-0.101163,0.513361,0.146545,0.209679,1.01319,0.000712695,0.101961,1.4604,0.132699,-0.108226,0.0760357,0.0700628,0.0509749,1.06962,0.171219,0.0628615,1.01894,0.221719,0.242115,0.105515,-0.126962,0.0534233,0.987571,-0.178725,0.0279653,1.12179,-0.296659,-0.214204,1.0602,-0.0725542,0.324592,0.0711396,-0.0730864,0.112435,0.491326,-0.144841,0.202854,1.00908,-0.0613173,0.0421794,1.44936,-0.199204,0.0875335,0.0614259,-0.0674685,-0.105263,1.08642,-0.0988582,-0.13642,1.02894,-0.13096,-0.036556,1.23311,-0.000611089
390,3.88692,0.138769,1.46923,-0.044251,0.0293268,0.130465,0.0980257,0.0828882,1.00132,0.130169,0.244828,1.18086,0.280254,-0.0264308,1.01819,0.204198,0.0911811,0.110086,0.0260712,-0.103579,0.514,0.14528,0.212378,1.01039,0.000446602,0.105646,1.45847,0.131773,-0.140666,0.0788829,0.0729218,0.05893,1.06982,0.177122,0.0720094,1.0198,0.227885,0.259427,0.106668,-0.126863,0.0561001,0.98487,-0.179101,0.0199141,1.12073,-0.295383,-0.216072,1.06803,-0.0624124,0.342256,0.0730661,-0.0729458,0.126147,0.490734,-0.145366,0.205549,1.00704,-0.0614878,0.0413621,1.44788,-0.198533,0.10545,0.0610018,-0.067725,-0.10735,1.09136,-0.0928118,-0.140833,1.03423,-0.122834,-0.0351917,1.23032,-0.000258675
391,3.89691,0.140322,1.4666,-0.0450872,0.000974509,0.122383,0.100737,0.0859436,0.997944,0.13043,0.253811,1.18268,0.280677,-0.0182365,1.01798,0.212138,0.0606314,0.0964395,0.0289127,-0.105244,0.513897,0.144206,0.215149,1.00694,0.000295926,0.109523,1.45593,0.131004,-0.172406,0.0834181,0.0761671,0.0666409,1.06951,0.182801,0.0807855,1.0202,0.233814,0.276724,0.107864,-0.126743,0.058878,0.981976,-0.179279,0.0120151,1.11919,-0.293968,-0.217463,1.07516,-0.0525941,0.359854,0.075098,-0.0728148,0.139184,0.490191,-0.145993,0.20821,1.00445,-0.0615349,0.0405857,1.44577,-0.197888,0.123558,0.0607053,-0.067885,-0.109121,1.09557,-0.0870586,-0.144964,1.03891,-0.115181,-0.0339914,1.22688,0.000528573
392,3.90691,0.141813,1.46367,-0.0457824,-0.0278206,0.11551,0.103492,0.0888432,0.993969,0.130943,0.262272,1.18378,0.280915,-0.010296,1.01735,0.219794,0.0298347,0.0845004,0.0325963,-0.106209,0.513124,0.143257,0.21796,1.003,0.000318331,0.113152,1.45283,0.130484,-0.203306,0.0892575,0.079485,0.0738437,1.0688,0.188101,0.0891466,1.02015,0.23949,0.294006,0.109171,-0.126633,0.0616525,0.978863,-0.179282,0.00435418,1.11727,-0.292452,-0.218246,1.0814,-0.0432265,0.377436,0.0773401,-0.0726838,0.151855,0.489718,-0.146598,0.210897,1.00129,-0.0614186,0.0400288,1.44316,-0.197153,0.141733,0.0604878,-0.0679834,-0.110604,1.09901,-0.0815589,-0.148613,1.0429,-0.107798,-0.0328922,1.22282,0.0017733
393,3.9169,0.143184,1.46051,-0.0462828,-0.0562651,0.11023,0.106702,0.0917372,0.989662,0.131986,0.270276,1.18417,0.280976,-0.00274074,1.0163,0.227083,-0.000680748,0.07469,0.0363441,-0.106363,0.51176,0.142439,0.220773,0.998665,0.000566649,0.116585,1.44925,0.130218,-0.233122,0.0964027,0.0826811,0.0806684,1.06765,0.193105,0.0970726,1.01961,0.244898,0.31127,0.110647,-0.126595,0.0643615,0.975599,-0.179245,-0.00302625,1.11505,-0.290814,-0.218559,1.08675,-0.0344061,0.395015,0.0797874,-0.0725834,0.163955,0.489158,-0.147228,0.213692,0.997607,-0.0611364,0.0395766,1.44014,-0.19632,0.159952,0.0601752,-0.0682669,-0.111858,1.10167,-0.0763228,-0.151822,1.04618,-0.100706,-0.0318344,1.2182,0.00343618
394,3.92689,0.144378,1.45715,-0.0465598,-0.0840242,0.106728,0.109892,0.0944585,0.985029,0.133081,0.277813,1.18391,0.280828,0.00437394,1.01488,0.23396,-0.0306954,0.0668132,0.0401147,-0.105575,0.509745,0.141473,0.22351,0.994105,0.00109485,0.119938,1.44529,0.130142,-0.26155,0.10513,0.0854098,0.0871721,1.06597,0.197671,0.104519,1.01862,0.249976,0.328515,0.112327,-0.126648,0.0670211,0.972297,-0.179242,-0.0101805,1.11261,-0.288881,-0.218561,1.09117,-0.0260696,0.412489,0.0824066,-0.0725482,0.175422,0.488524,-0.147844,0.216559,0.993523,-0.0606398,0.0391399,1.43678,-0.195404,0.178224,0.059919,-0.0685609,-0.112898,1.10355,-0.071374,-0.154695,1.04874,-0.0939861,-0.0307463,1.21306,0.00545285
395,3.93688,0.145426,1.45365,-0.0466104,-0.110704,0.105068,0.112867,0.0969788,0.98013,0.134074,0.284831,1.18301,0.280479,0.0109747,1.01312,0.240418,-0.059886,0.0606765,0.0438547,-0.104246,0.507038,0.140397,0.226029,0.989513,0.00188524,0.12315,1.44117,0.130238,-0.288075,0.115408,0.0874488,0.0932098,1.0639,0.201996,0.111449,1.01721,0.254666,0.345535,0.114151,-0.126694,0.0696153,0.968949,-0.179287,-0.0170629,1.11003,-0.286694,-0.218271,1.09465,-0.0181659,0.42978,0.0852712,-0.0726062,0.186371,0.488032,-0.148386,0.219376,0.989212,-0.059924,0.0386954,1.4332,-0.194399,0.196519,0.0596978,-0.0688291,-0.113721,1.1046,-0.0666813,-0.157226,1.05049,-0.0876514,-0.0295086,1.20753,0.0077752
396,3.94688,0.146372,1.45005,-0.0464445,-0.135861,0.105023,0.115471,0.0994941,0.975177,0.134935,0.291321,1.18151,0.279906,0.0170287,1.01102,0.246462,-0.0878204,0.056056,0.0474831,-0.102707,0.503784,0.139328,0.228206,0.985089,0.00289414,0.126313,1.4369,0.130481,-0.31196,0.12681,0.0888642,0.0986852,1.06159,0.206275,0.117787,1.01545,0.258961,0.362315,0.116149,-0.126754,0.0718338,0.965638,-0.179494,-0.0234377,1.10727,-0.284468,-0.217687,1.09715,-0.0106955,0.446864,0.0885227,-0.07258,0.196739,0.487691,-0.148925,0.221978,0.984901,-0.0590624,0.0381579,1.42948,-0.193303,0.21496,0.0594614,-0.0690401,-0.114348,1.10483,-0.0621961,-0.159474,1.05147,-0.0816842,-0.0279823,1.20178,0.010376
397,3.95687,0.147254,1.44642,-0.0461047,-0.15916,0.10607,0.117678,0.101561,0.970417,0.135779,0.297269,1.17943,0.279095,0.0224695,1.00872,0.25203,-0.113951,0.0528498,0.0508838,-0.101096,0.500308,0.138237,0.229946,0.981035,0.00403595,0.129421,1.43254,0.13091,-0.332916,0.139386,0.0893776,0.103571,1.059,0.210027,0.123462,1.01335,0.262787,0.378915,0.118341,-0.126927,0.0735988,0.96259,-0.179903,-0.0292725,1.10442,-0.282185,-0.216941,1.09859,-0.00370489,0.463797,0.0920794,-0.0726579,0.206298,0.487288,-0.149547,0.224205,0.980855,-0.0581116,0.0374356,1.42565,-0.192051,0.233616,0.0591586,-0.0692382,-0.114822,1.10428,-0.0579305,-0.161408,1.05168,-0.0760744,-0.0261032,1.19615,0.0131674
398,3.96686,0.148139,1.44283,-0.0456238,-0.180188,0.107776,0.11972,0.102478,0.966011,0.13674,0.302618,1.17679,0.278047,0.0272262,1.00633,0.257079,-0.137576,0.0510503,0.0540359,-0.0997179,0.497161,0.137153,0.231194,0.977441,0.00528303,0.13237,1.42821,0.131622,-0.35063,0.152471,0.0889559,0.107809,1.05616,0.213272,0.128289,1.01097,0.265897,0.395361,0.120802,-0.127396,0.0759618,0.959567,-0.179881,-0.0346306,1.10168,-0.279807,-0.216081,1.09894,0.00284633,0.480719,0.0961011,-0.0728249,0.214974,0.486745,-0.150238,0.22606,0.977389,-0.057074,0.0364635,1.42179,-0.190573,0.252495,0.0588045,-0.0694785,-0.115178,1.10297,-0.0538581,-0.163006,1.0511,-0.0708711,-0.0238787,1.19104,0.0160148
399,3.97685,0.148982,1.43932,-0.0449714,-0.198215,0.110068,0.121739,0.102771,0.962265,0.137584,0.30735,1.17363,0.276788,0.0312109,1.00388,0.261598,-0.157869,0.0503837,0.0569951,-0.0988163,0.494822,0.136401,0.23207,0.974382,0.00660954,0.135044,1.42405,0.132604,-0.364958,0.164822,0.0877154,0.111313,1.0532,0.216034,0.132365,1.00837,0.268571,0.41146,0.123389,-0.128092,0.0786738,0.956612,-0.179632,-0.0393291,1.09902,-0.277347,-0.215111,1.09819,0.00894089,0.497483,0.100527,-0.0732765,0.222731,0.485914,-0.151007,0.227553,0.974644,-0.0559251,0.0353067,1.41798,-0.188839,0.271503,0.0584288,-0.069753,-0.115416,1.10092,-0.0499968,-0.164286,1.04972,-0.0660869,-0.0214253,1.18674,0.0186093
400,3.98684,0.149681,1.43597,-0.0440897,-0.212897,0.112495,0.123539,0.102205,0.959199,0.1383,0.311455,1.17,0.275363,0.0343659,1.00141,0.265537,-0.174262,0.0503005,0.0596188,-0.0984824,0.493233,0.135917,0.232682,0.971818,0.00795987,0.13745,1.42003,0.133718,-0.375908,0.175315,0.0857436,0.114023,1.05018,0.218334,0.13567,1.00561,0.270824,0.427144,0.126381,-0.129113,0.0807901,0.954057,-0.179247,-0.0432334,1.09649,-0.274797,-0.214067,1.09627,0.0145404,0.513974,0.105419,-0.0739456,0.229584,0.484787,-0.151851,0.22832,0.972318,-0.0544613,0.0341903,1.41444,-0.186966,0.290534,0.0580819,-0.0700199,-0.115562,1.09819,-0.0462399,-0.165246,1.04758,-0.0617817,-0.0188785,1.18318,0.0206048
401,3.99684,0.150205,1.43285,-0.0429426,-0.224025,0.114239,0.124238,0.101328,0.95679,0.138756,0.314932,1.16593,0.273815,0.0366632,0.998999,0.268829,-0.18629,0.0500445,0.0613286,-0.0987023,0.491945,0.135502,0.233082,0.969649,0.00934664,0.139554,1.41618,0.134935,-0.383433,0.183012,0.0830997,0.115936,1.04718,0.220194,0.138111,1.00267,0.272398,0.442369,0.129797,-0.130475,0.0820285,0.951468,-0.178796,-0.0462415,1.09409,-0.272181,-0.212978,1.09316,0.0196329,0.530173,0.111027,-0.0748286,0.235509,0.483544,-0.152774,0.228792,0.97025,-0.0529612,0.0333413,1.41131,-0.185058,0.309537,0.0578739,-0.0702128,-0.115548,1.09477,-0.0427578,-0.165869,1.04463,-0.0579507,-0.0164521,1.18038,0.022139
402,4.00683,0.15055,1.43005,-0.0414791,-0.230971,0.114493,0.123794,0.100283,0.954889,0.139045,0.317748,1.16147,0.272171,0.0380625,0.996608,0.271445,-0.193345,0.0490612,0.0617598,-0.0998885,0.490788,0.135389,0.233327,0.967748,0.0108004,0.141352,1.41258,0.136286,-0.387404,0.187168,0.0799775,0.117039,1.04422,0.221582,0.139633,0.999552,0.273294,0.456955,0.133507,-0.131997,0.0827579,0.94894,-0.178192,-0.0482803,1.09184,-0.269602,-0.211877,1.08885,0.0241531,0.545669,0.11728,-0.0760038,0.240367,0.482348,-0.153733,0.229174,0.968256,-0.0515283,0.0328356,1.4087,-0.183176,0.328564,0.0577097,-0.0702921,-0.115374,1.09067,-0.0395921,-0.166126,1.04092,-0.0546841,-0.0144276,1.17786,0.0232416
403,4.01682,0.150743,1.42762,-0.0397395,-0.233617,0.112668,0.122285,0.0993091,0.953396,0.139288,0.319789,1.15669,0.270517,0.0385321,0.994265,0.2733,-0.195507,0.0467827,0.0611287,-0.102254,0.489973,0.135568,0.233387,0.966003,0.0122467,0.142785,1.40935,0.137825,-0.387895,0.187466,0.0766953,0.117337,1.04131,0.222383,0.140189,0.996374,0.273922,0.4707,0.137529,-0.133685,0.0831052,0.946592,-0.177397,-0.0493721,1.08976,-0.267111,-0.210776,1.08335,0.028031,0.560212,0.124294,-0.0774435,0.243983,0.481172,-0.154657,0.229337,0.966232,-0.0501695,0.0325697,1.40658,-0.181302,0.347876,0.0573162,-0.0701992,-0.115008,1.08592,-0.0368019,-0.165997,1.03648,-0.0520367,-0.0132533,1.17558,0.0240191
404,4.02681,0.150786,1.42552,-0.0378392,-0.232128,0.108894,0.119872,0.0985288,0.95209,0.139778,0.320996,1.1516,0.268941,0.038108,0.992183,0.27454,-0.191699,0.0442647,0.0596396,-0.105757,0.489503,0.135833,0.233152,0.964333,0.0136423,0.14396,1.40638,0.139555,-0.385161,0.183768,0.0732817,0.116838,1.03849,0.222559,0.139817,0.993141,0.27413,0.4835,0.141782,-0.135431,0.083143,0.944482,-0.176378,-0.0495212,1.08785,-0.264721,-0.209665,1.07669,0.0312002,0.573711,0.132162,-0.0789674,0.246323,0.479827,-0.155535,0.229093,0.964207,-0.0489083,0.0322721,1.4049,-0.179391,0.367245,0.0566687,-0.0705392,-0.114364,1.08062,-0.0344133,-0.165398,1.03136,-0.0499993,-0.0131109,1.1736,0.024563
405,4.0368,0.150651,1.42368,-0.0358265,-0.225808,0.104756,0.117471,0.0977138,0.950977,0.140417,0.321495,1.14633,0.267428,0.0366736,0.990258,0.275159,-0.182142,0.0429021,0.0579191,-0.110156,0.489065,0.135948,0.23257,0.962717,0.0149487,0.144889,1.40364,0.141476,-0.379721,0.175847,0.0692123,0.115477,1.03575,0.222371,0.13842,0.989881,0.27363,0.49534,0.146395,-0.13697,0.0827862,0.942424,-0.175204,-0.0487723,1.08609,-0.2625,-0.208511,1.069,0.0335981,0.586284,0.141052,-0.0802918,0.247408,0.478102,-0.156351,0.228443,0.96232,-0.0476573,0.0317406,1.40358,-0.177368,0.38643,0.0559464,-0.0711622,-0.113395,1.07481,-0.0325429,-0.16427,1.0256,-0.0486332,-0.0137885,1.17188,0.0250264
406,4.0468,0.150325,1.42207,-0.0337278,-0.214983,0.101471,0.115162,0.0968391,0.949915,0.141475,0.321196,1.14079,0.265936,0.0343672,0.988345,0.275016,-0.168308,0.0435058,0.0562858,-0.11489,0.488432,0.13586,0.231606,0.961188,0.0162132,0.145528,1.40105,0.143548,-0.372608,0.163921,0.0640415,0.113228,1.03314,0.221924,0.136022,0.986728,0.272652,0.506227,0.151423,-0.138299,0.0820336,0.940397,-0.173973,-0.0472529,1.08448,-0.260473,-0.207263,1.06042,0.0351634,0.597553,0.150606,-0.0813038,0.247187,0.475838,-0.157055,0.227423,0.960654,-0.046349,0.0309572,1.4025,-0.17516,0.405061,0.0553967,-0.0715479,-0.112234,1.06869,-0.0307526,-0.162559,1.01919,-0.0479871,-0.0149955,1.17046,0.0257389
407,4.05679,0.14974,1.42062,-0.0315113,-0.202351,0.0987953,0.113064,0.0957462,0.948956,0.142702,0.319996,1.13507,0.264648,0.031055,0.986606,0.2742,-0.153124,0.0449084,0.0545884,-0.119247,0.487731,0.135469,0.230338,0.959806,0.017523,0.145867,1.39856,0.145761,-0.364876,0.150161,0.0586025,0.11018,1.03074,0.220994,0.132727,0.983678,0.27137,0.515884,0.156414,-0.139368,0.0807046,0.938451,-0.17279,-0.0450302,1.083,-0.258674,-0.205835,1.0511,0.0358081,0.607204,0.160699,-0.0820505,0.245642,0.472961,-0.157662,0.226105,0.95919,-0.044927,0.0299807,1.40156,-0.172685,0.423263,0.0551706,-0.0716976,-0.110732,1.06208,-0.0294176,-0.160285,1.01212,-0.0479748,-0.016489,1.16934,0.0269123
408,4.06678,0.148966,1.41931,-0.029076,-0.190762,0.0967081,0.11085,0.0945955,0.948105,0.143949,0.317898,1.12919,0.263577,0.026937,0.985033,0.272708,-0.138659,0.0466843,0.0530442,-0.122928,0.487339,0.134901,0.228925,0.958603,0.01897,0.145833,1.39609,0.148175,-0.356369,0.136837,0.0536245,0.106425,1.0285,0.219573,0.128392,0.980645,0.269202,0.524237,0.161616,-0.140243,0.080103,0.936782,-0.171408,-0.0421545,1.08166,-0.257167,-0.20418,1.04117,0.0355415,0.615025,0.171504,-0.0824614,0.242769,0.469436,-0.158273,0.224672,0.957885,-0.0433884,0.0288573,1.40072,-0.169961,0.441092,0.0553141,-0.071786,-0.108817,1.05489,-0.0286653,-0.157437,1.00439,-0.0486175,-0.0181539,1.16845,0.0286909
409,4.07677,0.148123,1.41815,-0.026339,-0.179875,0.0950772,0.10942,0.0933085,0.94735,0.145283,0.314956,1.12318,0.262659,0.02189,0.98359,0.270529,-0.124802,0.0488975,0.0520939,-0.126009,0.487303,0.134365,0.227687,0.957587,0.0206198,0.145321,1.39372,0.150881,-0.34675,0.124647,0.0496165,0.101901,1.02648,0.217879,0.123184,0.977634,0.266424,0.531068,0.167277,-0.140916,0.0793536,0.934653,-0.170086,-0.0386916,1.0804,-0.255996,-0.202255,1.03069,0.0343736,0.620677,0.183358,-0.0825229,0.238528,0.465291,-0.159144,0.223301,0.956749,-0.0417729,0.0277195,1.40001,-0.167063,0.45839,0.0558187,-0.0718483,-0.106506,1.04716,-0.0284848,-0.153911,0.995999,-0.0499626,-0.0198851,1.16762,0.0310728
410,4.08676,0.147191,1.4171,-0.0232803,-0.168359,0.0933108,0.108948,0.091498,0.946733,0.14675,0.311179,1.11714,0.262058,0.0161143,0.982284,0.267666,-0.11033,0.0514673,0.0523024,-0.129004,0.487156,0.133895,0.226787,0.956698,0.0224581,0.144335,1.39145,0.153891,-0.335998,0.113333,0.0472009,0.0966686,1.02466,0.215968,0.117176,0.97479,0.263478,0.53613,0.173433,-0.141214,0.0784079,0.932721,-0.168783,-0.0346716,1.07917,-0.255099,-0.200005,1.0197,0.032299,0.62381,0.196435,-0.0823309,0.23296,0.460685,-0.160533,0.222178,0.955708,-0.0400934,0.0266661,1.39945,-0.164116,0.47461,0.0568231,-0.0718257,-0.103769,1.03909,-0.0288652,-0.149769,0.98719,-0.0518803,-0.0216089,1.16671,0.0338791
411,4.09676,0.146072,1.41612,-0.0199541,-0.15549,0.0919194,0.109243,0.0899245,0.94634,0.148021,0.306587,1.1111,0.261769,0.00959641,0.98116,0.264304,-0.0950907,0.0537435,0.0529744,-0.132434,0.486866,0.133405,0.226174,0.95579,0.0244077,0.142863,1.38928,0.157156,-0.32414,0.103094,0.0466291,0.0908432,1.02298,0.213461,0.110392,0.972007,0.259996,0.539241,0.179739,-0.140943,0.0776084,0.931172,-0.167355,-0.0301144,1.07788,-0.254452,-0.19738,1.00825,0.0293231,0.624198,0.210636,-0.0818651,0.225983,0.45587,-0.162334,0.221245,0.95456,-0.0383801,0.0257386,1.39896,-0.161248,0.489109,0.0585125,-0.0716607,-0.10068,1.03084,-0.0298012,-0.145028,0.978163,-0.0544115,-0.0233356,1.16561,0.0369247
412,4.10675,0.144697,1.4152,-0.0164126,-0.141547,0.0908752,0.109824,0.088738,0.946041,0.149058,0.301241,1.10505,0.261821,0.00237027,0.980298,0.260156,-0.0791237,0.0556553,0.0536705,-0.136112,0.486969,0.133157,0.225646,0.954767,0.0263091,0.140972,1.3872,0.160584,-0.311009,0.0944787,0.0472906,0.0845303,1.02152,0.210384,0.102851,0.969395,0.25623,0.540702,0.186713,-0.140739,0.0768847,0.929707,-0.166086,-0.024978,1.07652,-0.254091,-0.194336,0.996489,0.0255282,0.621828,0.225651,-0.0811303,0.217722,0.451128,-0.164401,0.22041,0.953119,-0.0366865,0.0248803,1.3984,-0.158502,0.501433,0.0611274,-0.0713474,-0.0972237,1.02255,-0.0312795,-0.139724,0.969084,-0.0576037,-0.0250086,1.16427,0.040029
413,4.11674,0.143192,1.41441,-0.0127902,-0.126473,0.090308,0.110542,0.0880553,0.945702,0.149945,0.295209,1.09894,0.262271,-0.00560408,0.979751,0.255167,-0.0624765,0.05716,0.0543085,-0.139179,0.487394,0.133668,0.225105,0.953626,0.0278925,0.138834,1.38511,0.164041,-0.296466,0.0875587,0.0480721,0.0777316,1.02039,0.206837,0.094617,0.966911,0.25186,0.540644,0.194524,-0.140626,0.0762821,0.928308,-0.164832,-0.0193118,1.07521,-0.254049,-0.190829,0.984609,0.0209602,0.616727,0.241137,-0.080201,0.208362,0.446538,-0.166358,0.219691,0.951385,-0.0351754,0.0240515,1.39761,-0.155921,0.511597,0.0646072,-0.0711326,-0.0933723,1.01426,-0.0333592,-0.13393,0.960127,-0.061505,-0.0265392,1.16273,0.0430115
414,4.12673,0.141814,1.41381,-0.00924313,-0.110483,0.0900653,0.111188,0.0876693,0.945233,0.150867,0.28852,1.09264,0.263019,-0.0141435,0.97942,0.249497,-0.0452095,0.0582667,0.0548357,-0.140904,0.487239,0.135275,0.22458,0.952407,0.0289709,0.136549,1.38301,0.167524,-0.280783,0.0817731,0.048319,0.0703915,1.01941,0.202808,0.0857514,0.964636,0.246971,0.538901,0.203014,-0.140373,0.0757265,0.926934,-0.163642,-0.013116,1.07374,-0.254301,-0.186825,0.972853,0.01569,0.608872,0.256558,-0.0792456,0.198037,0.441999,-0.167837,0.219226,0.949455,-0.0340453,0.0232496,1.39653,-0.153542,0.519407,0.0685036,-0.0712415,-0.0890772,1.00605,-0.0359711,-0.127706,0.951377,-0.0660206,-0.0278522,1.16106,0.0456281
415,4.13672,0.14069,1.41333,-0.00593513,-0.0938462,0.0899193,0.111568,0.0876808,0.944694,0.151928,0.281207,1.0861,0.264075,-0.0231484,0.97933,0.242949,-0.0273992,0.059067,0.0552237,-0.140838,0.485927,0.138069,0.224165,0.951181,0.0294649,0.134216,1.38095,0.171144,-0.264322,0.0768427,0.0481555,0.0627499,1.01854,0.19849,0.0763265,0.962587,0.241622,0.535127,0.211696,-0.139776,0.0751846,0.925455,-0.162681,-0.00640749,1.07215,-0.254882,-0.182268,0.961448,0.00981437,0.598018,0.271226,-0.078258,0.186829,0.437457,-0.168712,0.219054,0.947482,-0.0335007,0.0225593,1.39518,-0.151433,0.524368,0.0722198,-0.0712798,-0.0842524,0.998023,-0.0390936,-0.121084,0.942927,-0.0710199,-0.0289497,1.15934,0.0476587
416,4.14672,0.139939,1.41283,-0.0030126,-0.0765701,0.0898323,0.111537,0.0882001,0.944235,0.153046,0.273306,1.07939,0.265569,-0.0325787,0.979551,0.235499,-0.00905471,0.0595023,0.0555096,-0.138689,0.483702,0.141674,0.224092,0.950077,0.0293541,0.13197,1.37887,0.174892,-0.246987,0.0730713,0.0482219,0.0548799,1.01793,0.193901,0.0664291,0.96068,0.235738,0.529459,0.219943,-0.138743,0.0749569,0.923712,-0.16169,0.000797528,1.07054,-0.255792,-0.177178,0.950581,0.00339316,0.584183,0.284285,-0.0772008,0.174756,0.43299,-0.168966,0.219147,0.945473,-0.0335862,0.0221715,1.39369,-0.149665,0.526433,0.0740231,-0.0716037,-0.0790505,0.99032,-0.042741,-0.11401,0.93487,-0.0764656,-0.0298495,1.15762,0.0490921
417,4.15671,0.139698,1.41219,-0.00049558,-0.0584487,0.0898826,0.111517,0.0893459,0.943969,0.154108,0.26477,1.07253,0.267361,-0.0423616,0.980282,0.227384,0.00987215,0.0597384,0.05568,-0.134622,0.480915,0.145573,0.224515,0.949113,0.0287004,0.129789,1.3767,0.178687,-0.228633,0.0709704,0.0486812,0.0468226,1.01762,0.189044,0.0561707,0.959006,0.229338,0.522132,0.227334,-0.137364,0.0747417,0.921926,-0.160858,0.00848993,1.06906,-0.257014,-0.171588,0.940391,-0.00354896,0.56827,0.294891,-0.0758786,0.161838,0.428808,-0.168668,0.21949,0.943387,-0.0342039,0.0222478,1.39222,-0.148251,0.526803,0.0716841,-0.073007,-0.0736463,0.983004,-0.0470166,-0.106427,0.927316,-0.0822871,-0.0305034,1.15588,0.050009
418,4.1667,0.139952,1.41137,0.00175951,-0.0396709,0.0899988,0.111647,0.0910554,0.943939,0.155102,0.255524,1.06562,0.269384,-0.0523874,0.98154,0.218669,0.0289094,0.060355,0.0557765,-0.129236,0.477693,0.149267,0.22534,0.948279,0.0277569,0.127444,1.37468,0.182491,-0.209505,0.0702604,0.0494855,0.0385554,1.01776,0.183797,0.0454828,0.958037,0.222758,0.513218,0.233537,-0.135789,0.0745698,0.920245,-0.16012,0.0167129,1.06787,-0.258518,-0.1655,0.930988,-0.0110851,0.552237,0.302717,-0.0736493,0.148093,0.424943,-0.167722,0.220106,0.941318,-0.0351732,0.0228059,1.39094,-0.147164,0.526905,0.0695186,-0.0751572,-0.0678736,0.976096,-0.0519427,-0.0983623,0.920489,-0.0884595,-0.0309311,1.15418,0.050504
419,4.17669,0.140503,1.41055,0.00402288,-0.02082,0.0901038,0.111849,0.0927809,0.943974,0.156282,0.245386,1.05883,0.271451,-0.0625156,0.983498,0.2095,0.0479493,0.0608121,0.0560009,-0.123051,0.474186,0.152424,0.226396,0.9475,0.0267974,0.124891,1.37287,0.18611,-0.190347,0.0696637,0.0503951,0.0301124,1.01843,0.178127,0.0344827,0.957726,0.215755,0.503272,0.238964,-0.134034,0.074731,0.918636,-0.159228,0.0255354,1.06712,-0.260225,-0.158929,0.92256,-0.0191469,0.537856,0.308481,-0.0701127,0.133667,0.421545,-0.166377,0.220926,0.939377,-0.0362656,0.0237976,1.38992,-0.146303,0.523769,0.0724846,-0.0769385,-0.0614375,0.970168,-0.0571147,-0.0898092,0.914623,-0.0949755,-0.0311431,1.15264,0.0506415
420,4.18669,0.1411,1.41002,0.00653211,-0.00218241,0.0902433,0.111977,0.094567,0.944042,0.157495,0.234353,1.05239,0.273473,-0.0727073,0.986279,0.199793,0.0670105,0.0610923,0.0562,-0.116249,0.47059,0.155005,0.227693,0.946736,0.026019,0.122391,1.37138,0.18936,-0.171599,0.0687132,0.0508313,0.0216826,1.01974,0.172436,0.0233161,0.958123,0.208501,0.492857,0.245204,-0.132011,0.0750019,0.91736,-0.158303,0.0350108,1.06703,-0.262112,-0.151891,0.915276,-0.0277145,0.526071,0.313587,-0.0657951,0.118843,0.418809,-0.164862,0.221805,0.937713,-0.0372709,0.0251907,1.38924,-0.145517,0.513884,0.0783268,-0.0782653,-0.0544687,0.965441,-0.0625115,-0.0807898,0.909876,-0.101821,-0.0311732,1.15135,0.0504692
421,4.19668,0.141462,1.40992,0.00928989,0.01632,0.0904181,0.1119,0.0960691,0.943887,0.158803,0.222742,1.04658,0.275563,-0.0828323,0.989922,0.189414,0.0859913,0.0614396,0.0562691,-0.108837,0.467017,0.157221,0.229293,0.946065,0.0254698,0.119862,1.37029,0.192187,-0.153069,0.0677918,0.050982,0.0133257,1.02173,0.166663,0.0120405,0.959297,0.201024,0.481742,0.251643,-0.129631,0.0752506,0.916531,-0.157361,0.0451679,1.06774,-0.264124,-0.144315,0.909257,-0.0367115,0.516304,0.317929,-0.0615062,0.104013,0.416844,-0.163319,0.222756,0.936485,-0.0379494,0.0269274,1.38894,-0.144735,0.498184,0.0841423,-0.0792613,-0.0471987,0.961951,-0.0681869,-0.0713287,0.906348,-0.108933,-0.0310395,1.15037,0.0500341
422,4.20667,0.141424,1.41026,0.0121642,0.0345311,0.0905407,0.111316,0.0969036,0.94323,0.160273,0.21047,1.0415,0.277467,-0.0927685,0.994637,0.178512,0.104865,0.0618444,0.056258,-0.100828,0.46353,0.159307,0.231023,0.945655,0.0252262,0.117184,1.36974,0.194673,-0.134601,0.0669312,0.0510269,0.00497428,1.02453,0.160627,0.000759556,0.9614,0.19346,0.46943,0.256906,-0.127043,0.07543,0.916254,-0.15644,0.0559961,1.06937,-0.266219,-0.136111,0.904632,-0.046042,0.507173,0.320757,-0.0577334,0.0894127,0.415751,-0.161815,0.223922,0.935887,-0.03818,0.0289867,1.38907,-0.143982,0.479093,0.0887154,-0.0796748,-0.0396415,0.959677,-0.0741553,-0.0614908,0.904095,-0.116219,-0.0307099,1.14969,0.0493583
423,4.21666,0.141143,1.41102,0.0150197,0.0527968,0.0908,0.11073,0.0985385,0.943023,0.161746,0.197729,1.03731,0.27921,-0.102318,1.00064,0.167523,0.123718,0.0622141,0.0562159,-0.092037,0.460042,0.161036,0.232468,0.945598,0.0254355,0.114525,1.36963,0.196819,-0.116087,0.0661638,0.0509922,-0.00319664,1.02814,0.154287,-0.0103795,0.964579,0.185821,0.455826,0.260447,-0.124532,0.0756001,0.916528,-0.155466,0.0673662,1.07188,-0.268396,-0.127652,0.901462,-0.0555783,0.497482,0.321721,-0.0545344,0.0750956,0.415851,-0.160189,0.22527,0.936044,-0.0379765,0.031392,1.38964,-0.14334,0.458214,0.0918328,-0.0792382,-0.0314935,0.958526,-0.0803647,-0.051282,0.903102,-0.123587,-0.0302026,1.14932,0.0484047
424,4.22665,0.140893,1.41207,0.0176713,0.0712865,0.0911873,0.110258,0.100861,0.943277,0.163219,0.184627,1.03404,0.280705,-0.111334,1.00798,0.156321,0.142675,0.0626105,0.0561171,-0.0824526,0.456568,0.162233,0.233617,0.946059,0.0260592,0.112015,1.36997,0.198668,-0.0974357,0.0655885,0.0509563,-0.0109588,1.03264,0.14755,-0.0212403,0.9689,0.177968,0.441194,0.262127,-0.122209,0.0761998,0.917246,-0.154327,0.0791703,1.07521,-0.270666,-0.119008,0.899724,-0.0652424,0.48686,0.320921,-0.0519609,0.0611205,0.41728,-0.158441,0.226708,0.937024,-0.0374299,0.0341298,1.39064,-0.142868,0.436134,0.0934433,-0.0782055,-0.0230002,0.958635,-0.0866945,-0.0407189,0.903322,-0.130898,-0.0295147,1.14929,0.04708
425,4.23665,0.140986,1.41333,0.0199532,0.0899365,0.0916289,0.109805,0.103047,0.943616,0.16474,0.171226,1.03174,0.28185,-0.119664,1.01664,0.145053,0.16169,0.0630729,0.0560574,-0.0721713,0.453285,0.163019,0.23536,0.947429,0.0268889,0.109724,1.37083,0.200278,-0.0786848,0.0651712,0.0509881,-0.0183682,1.03812,0.140759,-0.0319104,0.974421,0.17004,0.425982,0.261991,-0.120112,0.0770618,0.918679,-0.153065,0.0913186,1.07932,-0.27297,-0.11012,0.899339,-0.0749395,0.475661,0.318266,-0.0499529,0.0475197,0.41986,-0.156702,0.228162,0.938787,-0.0367037,0.0371828,1.39207,-0.142573,0.413158,0.0937262,-0.0774024,-0.014328,0.95998,-0.0930601,-0.029827,0.904672,-0.13805,-0.02866,1.14976,0.0453972
426,4.24664,0.14172,1.41497,0.0218461,0.108618,0.0921096,0.109489,0.104781,0.943963,0.166294,0.157659,1.03048,0.282655,-0.127274,1.02652,0.133816,0.180789,0.06361,0.0560573,-0.0611661,0.450334,0.163587,0.236854,0.949412,0.0278475,0.107672,1.37229,0.201703,-0.0598128,0.0647079,0.0510078,-0.0253611,1.04465,0.134025,-0.0421373,0.981162,0.162028,0.410508,0.260338,-0.118296,0.0781985,0.92105,-0.151729,0.103735,1.08418,-0.275256,-0.101054,0.900304,-0.0845529,0.464371,0.313567,-0.0484396,0.034376,0.423514,-0.154985,0.229701,0.941158,-0.0358969,0.040506,1.39396,-0.142422,0.388738,0.0932558,-0.076347,-0.00551687,0.962478,-0.0993524,-0.0187457,0.907112,-0.14496,-0.0277085,1.15086,0.0434072
427,4.25663,0.14279,1.41693,0.0234921,0.127336,0.0926155,0.109241,0.106666,0.944923,0.167659,0.144132,1.03035,0.283138,-0.134076,1.03752,0.122693,0.199906,0.0641912,0.0560178,-0.0493152,0.447787,0.163965,0.238163,0.951919,0.0287496,0.105724,1.37436,0.202991,-0.040829,0.0643457,0.0509826,-0.0317553,1.05216,0.127323,-0.0517528,0.989041,0.153991,0.394862,0.257337,-0.116754,0.0795643,0.924187,-0.15023,0.116334,1.08978,-0.27743,-0.0918691,0.902569,-0.0939911,0.453057,0.306882,-0.0472626,0.021817,0.428234,-0.153201,0.23138,0.943932,-0.0351087,0.0440503,1.39636,-0.142367,0.362554,0.0922719,-0.0750269,0.0033952,0.966054,-0.105508,-0.00763117,0.910636,-0.151612,-0.02674,1.15263,0.0411993
428,4.26662,0.143895,1.41931,0.0250785,0.146208,0.0931444,0.108995,0.108362,0.946413,0.168714,0.13089,1.03142,0.283215,-0.139996,1.04954,0.111766,0.219113,0.0648821,0.0559754,-0.0365737,0.445655,0.164041,0.239435,0.954918,0.0295488,0.1037,1.37706,0.204195,-0.0217518,0.0642046,0.0509221,-0.0373901,1.0605,0.120643,-0.0606846,0.997958,0.145958,0.378905,0.253008,-0.115387,0.0812277,0.927899,-0.148943,0.129009,1.09614,-0.279431,-0.0826465,0.906019,-0.103144,0.441541,0.298153,-0.046361,0.0099759,0.433925,-0.151337,0.233196,0.947069,-0.0344144,0.0477291,1.39925,-0.142306,0.334666,0.091004,-0.0736469,0.0123681,0.970647,-0.111467,0.00329892,0.915294,-0.157966,-0.0259173,1.15505,0.0389218
429,4.27661,0.144829,1.42219,0.0267066,0.165149,0.0937009,0.108801,0.109846,0.948289,0.169582,0.118052,1.03363,0.282875,-0.144961,1.06245,0.10109,0.238317,0.0656264,0.0559816,-0.0231046,0.443942,0.163818,0.240721,0.958398,0.030275,0.1015,1.38038,0.205234,-0.00258764,0.0641598,0.0507785,-0.042265,1.06968,0.1141,-0.0689095,1.00781,0.137942,0.362418,0.247389,-0.114081,0.083077,0.932076,-0.147942,0.141585,1.10331,-0.281249,-0.0735189,0.91051,-0.111909,0.429547,0.28728,-0.0456356,-0.00103159,0.440479,-0.14943,0.235053,0.950606,-0.0337945,0.0514654,1.40262,-0.142189,0.305383,0.089815,-0.0725298,0.0212442,0.976203,-0.11726,0.0142572,0.920777,-0.163856,-0.0253246,1.15813,0.036728
430,4.28661,0.145457,1.42554,0.0283749,0.183915,0.0944751,0.108795,0.11107,0.950461,0.170216,0.105667,1.03684,0.282047,-0.149003,1.07607,0.0907802,0.257499,0.0665151,0.0560495,-0.00900887,0.442623,0.163206,0.241978,0.962344,0.0309499,0.0990954,1.38426,0.206059,0.0166379,0.0640299,0.0506868,-0.0466883,1.07976,0.107902,-0.0763801,1.01848,0.129996,0.345258,0.240693,-0.11291,0.0850706,0.936599,-0.147197,0.153916,1.1112,-0.282765,-0.0645535,0.915923,-0.120228,0.416712,0.274281,-0.0450127,-0.011138,0.44776,-0.147447,0.236708,0.954536,-0.0330755,0.0551924,1.40641,-0.142006,0.274878,0.0890643,-0.0716586,0.0294522,0.982728,-0.123027,0.0249214,0.927085,-0.169446,-0.0246446,1.16193,0.0346252
431,4.2966,0.145787,1.42929,0.0300581,0.202683,0.0955311,0.108738,0.112006,0.952942,0.170649,0.0938387,1.04088,0.280735,-0.152178,1.09019,0.080875,0.276732,0.0679375,0.0561799,0.00554524,0.441841,0.162214,0.243063,0.966646,0.0315856,0.0965045,1.38867,0.206714,0.0358511,0.0640283,0.0505029,-0.0505525,1.09039,0.101893,-0.0830588,1.02978,0.122233,0.327324,0.23295,-0.111979,0.087304,0.94138,-0.146627,0.165897,1.11963,-0.283868,-0.0557969,0.922114,-0.128097,0.402569,0.259368,-0.0444569,-0.0201921,0.455548,-0.145327,0.238333,0.95891,-0.0324023,0.0588546,1.41056,-0.141822,0.243763,0.0887198,-0.071033,0.0368241,0.990013,-0.128703,0.0349951,0.934082,-0.174961,-0.0238082,1.16609,0.0323851
432,4.30659,0.145963,1.43334,0.031688,0.221403,0.0970255,0.108705,0.112784,0.9558,0.170922,0.082728,1.04569,0.279242,-0.154504,1.1046,0.0714162,0.296066,0.0702444,0.0564424,0.020443,0.441681,0.160916,0.244132,0.971303,0.032213,0.0936964,1.39355,0.20716,0.0550861,0.0640161,0.0502954,-0.0537816,1.10136,0.0960948,-0.0889794,1.04152,0.114755,0.308458,0.223869,-0.111132,0.0897342,0.946443,-0.146214,0.177586,1.1284,-0.284427,-0.0473247,0.928952,-0.135508,0.386676,0.243115,-0.0439051,-0.0283339,0.463619,-0.143125,0.239908,0.963661,-0.0318079,0.0625106,1.41504,-0.141628,0.212681,0.0884424,-0.070635,0.0446722,0.99749,-0.133744,0.0445741,0.941529,-0.180235,-0.0229882,1.17044,0.0305625
433,4.31658,0.146228,1.4377,0.0331522,0.2398,0.0991079,0.108896,0.113534,0.959057,0.171013,0.0723145,1.05116,0.277566,-0.156025,1.11908,0.0624647,0.314917,0.0732549,0.0567365,0.0355377,0.442285,0.159385,0.245141,0.976292,0.032862,0.0905619,1.3989,0.207454,0.0743271,0.0639598,0.0500909,-0.0564255,1.11267,0.0907334,-0.0941081,1.05353,0.107606,0.288562,0.213828,-0.110377,0.0917656,0.951585,-0.14571,0.188992,1.13736,-0.284428,-0.03917,0.93634,-0.14244,0.368877,0.22622,-0.0431471,-0.0354354,0.471846,-0.140751,0.241403,0.968698,-0.0312561,0.0662867,1.41981,-0.141364,0.18169,0.0876489,-0.0704331,0.0526782,1.00516,-0.138253,0.053741,0.949404,-0.185089,-0.0217273,1.17505,0.0288981
434,4.32657,0.146605,1.44228,0.0343739,0.257759,0.10196,0.109365,0.114184,0.962638,0.170999,0.0626299,1.05716,0.27565,-0.156817,1.13345,0.0540618,0.333343,0.0771592,0.057101,0.0506109,0.44379,0.157735,0.246087,0.981577,0.033489,0.0873157,1.40453,0.207489,0.0936268,0.063829,0.0499339,-0.0584747,1.12381,0.0854703,-0.098246,1.06565,0.100627,0.267588,0.203382,-0.109609,0.093064,0.956697,-0.144994,0.199796,1.14649,-0.284194,-0.0313748,0.944148,-0.148954,0.348951,0.209039,-0.0420708,-0.0415062,0.480191,-0.138243,0.242864,0.973922,-0.0307448,0.0700108,1.42482,-0.141179,0.150894,0.0863199,-0.0706054,0.0604248,1.01303,-0.142338,0.0626569,0.957619,-0.189362,-0.0197067,1.1799,0.0272843
435,4.33657,0.147055,1.44703,0.03539,0.275066,0.105426,0.109974,0.114749,0.966518,0.17094,0.0537655,1.06353,0.273582,-0.156904,1.14752,0.046226,0.351366,0.082059,0.0575747,0.0653815,0.446194,0.156137,0.246937,0.987048,0.0340254,0.0840608,1.41037,0.207252,0.112945,0.0636761,0.0499409,-0.0599798,1.13489,0.0805284,-0.101579,1.07765,0.0938882,0.245717,0.192913,-0.109091,0.0935853,0.961769,-0.144067,0.209924,1.15566,-0.283928,-0.0239687,0.952194,-0.155068,0.327227,0.192204,-0.0411666,-0.046496,0.488513,-0.135761,0.244347,0.979301,-0.0302903,0.0736657,1.42999,-0.141071,0.120164,0.0845962,-0.0708533,0.0678124,1.02104,-0.146004,0.0713504,0.965927,-0.192954,-0.0181092,1.18513,0.0258572
436,4.34656,0.147491,1.45188,0.0362576,0.291715,0.109399,0.110676,0.115279,0.970718,0.170788,0.0456829,1.07017,0.271436,-0.156486,1.16116,0.0389303,0.368951,0.0880005,0.0581549,0.0798025,0.449299,0.154675,0.247695,0.992641,0.0344294,0.0807458,1.41641,0.206815,0.132164,0.063723,0.0499893,-0.0610223,1.14587,0.0759555,-0.104203,1.08937,0.0875163,0.222722,0.182327,-0.10842,0.0935469,0.966869,-0.143041,0.219554,1.16472,-0.283382,-0.016969,0.960338,-0.16087,0.303961,0.175619,-0.0406395,-0.0502564,0.496619,-0.133481,0.245935,0.984965,-0.0298655,0.0772414,1.43527,-0.141011,0.0897067,0.0826014,-0.0706081,0.0747462,1.02911,-0.149286,0.0795084,0.974191,-0.196196,-0.0170958,1.19087,0.02445
437,4.35655,0.147821,1.45679,0.036996,0.307651,0.113801,0.111438,0.115727,0.975157,0.170522,0.0383319,1.07701,0.269324,-0.155688,1.17423,0.0321783,0.386067,0.0948109,0.0588258,0.0938462,0.452927,0.153439,0.248356,0.998294,0.0346788,0.0776035,1.42253,0.206159,0.151453,0.0636473,0.0498148,-0.0615807,1.15653,0.0717117,-0.106162,1.10069,0.081511,0.198636,0.171855,-0.107777,0.0933311,0.972112,-0.142091,0.228715,1.17345,-0.282259,-0.0103832,0.968401,-0.166373,0.27942,0.159186,-0.0404988,-0.0527867,0.50424,-0.131527,0.247197,0.990883,-0.0294227,0.0806748,1.44058,-0.140996,0.0593355,0.0810608,-0.0698135,0.0811855,1.03717,-0.15221,0.0871149,0.982329,-0.199064,-0.0158417,1.19628,0.0231603
438,4.36654,0.148031,1.46168,0.0376316,0.323002,0.118542,0.112136,0.116071,0.97974,0.170189,0.0316806,1.08391,0.267274,-0.154321,1.18652,0.0259304,0.402358,0.101982,0.0594295,0.107393,0.456986,0.152528,0.24885,1.00394,0.0347685,0.0747148,1.42862,0.205259,0.170818,0.0634837,0.0496977,-0.0617467,1.16676,0.067772,-0.107446,1.11147,0.0757965,0.173809,0.161873,-0.107424,0.0933735,0.977613,-0.14141,0.237395,1.18177,-0.280632,-0.0041771,0.976325,-0.171378,0.254012,0.143378,-0.0408591,-0.0541022,0.511208,-0.129884,0.247606,0.996737,-0.0290966,0.0838834,1.44585,-0.14107,0.0289829,0.0806637,-0.0682081,0.0871168,1.04519,-0.154747,0.094226,0.990324,-0.201503,-0.0149663,1.20187,0.0217867
439,4.37653,0.148155,1.46648,0.0381504,0.337849,0.12358,0.112695,0.116234,0.984408,0.169888,0.025798,1.09068,0.265155,-0.15254,1.19784,0.0200859,0.417902,0.109655,0.0598933,0.120522,0.461349,0.15175,0.24911,1.00954,0.0347099,0.0719956,1.43467,0.204177,0.190283,0.0632661,0.0496045,-0.0615572,1.17644,0.0640789,-0.108056,1.12158,0.0703686,0.148481,0.152572,-0.107327,0.0940611,0.983446,-0.141158,0.245398,1.18983,-0.279036,0.00160472,0.984037,-0.175876,0.227945,0.128336,-0.041753,-0.0541518,0.517482,-0.128413,0.247433,1.00238,-0.0289568,0.0868275,1.45098,-0.141221,-0.00124874,0.081807,-0.0659775,0.0925812,1.0531,-0.156893,0.100818,0.998085,-0.203527,-0.0144312,1.20748,0.0203186
440,4.38653,0.148235,1.47109,0.0384659,0.352186,0.128991,0.11314,0.116224,0.98903,0.169623,0.0206656,1.09724,0.263049,-0.150475,1.20807,0.014604,0.432982,0.118136,0.0603108,0.133332,0.466016,0.150881,0.24905,1.01507,0.0345511,0.0694491,1.4406,0.202888,0.209841,0.0630811,0.0494494,-0.061029,1.18547,0.060617,-0.108086,1.13089,0.0652285,0.122905,0.144025,-0.107374,0.0956366,0.989608,-0.141416,0.252743,1.19752,-0.277437,0.00688408,0.991495,-0.179883,0.201306,0.114204,-0.0428613,-0.0529019,0.522998,-0.126961,0.24742,1.00797,-0.0289128,0.0895193,1.45581,-0.141445,-0.0310775,0.0847996,-0.0634178,0.0975891,1.06075,-0.158683,0.106873,1.00553,-0.20517,-0.0140943,1.21293,0.0187477
441,4.39652,0.148364,1.47544,0.0384991,0.366037,0.134638,0.113456,0.116112,0.993471,0.169395,0.0162624,1.10356,0.261016,-0.148274,1.21726,0.00952064,0.447344,0.127028,0.0605456,0.145548,0.470859,0.150017,0.248596,1.02047,0.0343463,0.067251,1.44628,0.201336,0.229516,0.0629623,0.0494008,-0.0602359,1.19378,0.0574184,-0.107554,1.1393,0.0604001,0.0973211,0.136445,-0.107453,0.09808,0.995971,-0.142134,0.25952,1.20463,-0.275712,0.0116291,0.998628,-0.183404,0.174151,0.101063,-0.0440357,-0.0504227,0.52758,-0.125468,0.247078,1.01333,-0.0289531,0.091924,1.46038,-0.141878,-0.0599452,0.0894717,-0.0602498,0.101851,1.06782,-0.160411,0.11238,1.01259,-0.206477,-0.013913,1.21826,0.0170422
442,4.40651,0.148577,1.47941,0.0382428,0.379351,0.140397,0.113584,0.115866,0.997628,0.169227,0.0125615,1.10955,0.259098,-0.145993,1.22534,0.00477964,0.460892,0.136186,0.0605319,0.157029,0.475651,0.149098,0.247774,1.02557,0.0340374,0.0654365,1.45158,0.19953,0.249256,0.0627414,0.0494284,-0.0592012,1.20136,0.0545346,-0.106485,1.14677,0.0558812,0.0721282,0.130061,-0.107342,0.100942,1.00221,-0.143062,0.265775,1.21109,-0.27393,0.0158106,1.00541,-0.186439,0.147249,0.0893974,-0.0452256,-0.0469811,0.531111,-0.124076,0.246626,1.01841,-0.0290305,0.0941323,1.46456,-0.142451,-0.0872989,0.0958319,-0.0565842,0.105638,1.0745,-0.161877,0.117312,1.01913,-0.207497,-0.013789,1.22345,0.0152178
443,4.4165,0.148889,1.48292,0.0376845,0.392097,0.146243,0.113547,0.115439,1.00141,0.169121,0.00952945,1.1151,0.257306,-0.143631,1.23224,0.000348109,0.473732,0.145686,0.0602617,0.167704,0.480183,0.148182,0.24669,1.0302,0.0336617,0.0639699,1.45647,0.197521,0.268711,0.062406,0.0496736,-0.0578899,1.20815,0.0519544,-0.104967,1.15327,0.051647,0.047795,0.125076,-0.106919,0.103242,1.00775,-0.143733,0.271523,1.21682,-0.272176,0.0194718,1.01181,-0.189138,0.12093,0.0792791,-0.0461789,-0.0429448,0.533574,-0.122934,0.245773,1.02299,-0.0291022,0.0961746,1.46822,-0.143114,-0.112651,0.103678,-0.0526707,0.108998,1.08076,-0.163048,0.121352,1.02511,-0.208129,-0.0138575,1.22822,0.013164
444,4.4265,0.149286,1.48584,0.0367922,0.404324,0.152135,0.113314,0.114902,1.00471,0.169015,0.00712599,1.12013,0.255613,-0.140993,1.23799,-0.00375348,0.485703,0.1554,0.0597537,0.177517,0.484375,0.147338,0.245449,1.03417,0.0332974,0.0628054,1.46089,0.19541,0.287698,0.0621397,0.0500029,-0.0563639,1.21405,0.0496077,-0.103107,1.15873,0.0477346,0.0247731,0.121536,-0.106197,0.103765,1.01195,-0.143604,0.276782,1.22173,-0.270453,0.0226942,1.01782,-0.191699,0.0957067,0.0709383,-0.0467266,-0.0385655,0.534949,-0.122151,0.244597,1.02697,-0.0291443,0.0980722,1.47131,-0.14388,-0.135641,0.112508,-0.0489461,0.111862,1.08642,-0.164024,0.124747,1.03049,-0.208563,-0.0142834,1.23225,0.0107938
445,4.43649,0.149817,1.48814,0.0355965,0.416127,0.158055,0.112859,0.114278,1.0074,0.168862,0.00534066,1.12458,0.254032,-0.138288,1.24252,-0.00759566,0.49683,0.165214,0.059023,0.186423,0.488345,0.14655,0.244056,1.0374,0.0329709,0.0619969,1.46474,0.193192,0.306438,0.0622037,0.049951,-0.054686,1.21893,0.047401,-0.100933,1.16317,0.0442082,0.00357808,0.119258,-0.105379,0.101741,1.01433,-0.142603,0.281539,1.22574,-0.26881,0.0252568,1.02322,-0.193735,0.0722053,0.064528,-0.0468586,-0.0340102,0.535258,-0.121605,0.243207,1.0303,-0.0291403,0.0998485,1.47378,-0.144759,-0.1559,0.121602,-0.0456514,0.114383,1.09133,-0.164977,0.127628,1.0352,-0.208889,-0.0147764,1.23554,0.00803919
446,4.44648,0.150501,1.4898,0.0341814,0.427496,0.163892,0.11236,0.113536,1.00941,0.168658,0.00438688,1.12837,0.252858,-0.135559,1.24579,-0.0111575,0.507341,0.175153,0.0581396,0.194298,0.491874,0.146112,0.242555,1.03989,0.0326925,0.0615588,1.46795,0.190863,0.324673,0.0623921,0.0498243,-0.0528729,1.22281,0.0454513,-0.0984973,1.16656,0.0411053,-0.0152874,0.118006,-0.104751,0.0975877,1.01498,-0.141095,0.285757,1.22881,-0.267396,0.0271342,1.02796,-0.195306,0.0511558,0.0598644,-0.0466205,-0.0296064,0.534659,-0.121061,0.241612,1.03288,-0.0291864,0.101436,1.47559,-0.14577,-0.173146,0.130304,-0.0429469,0.116579,1.09549,-0.165965,0.129946,1.03923,-0.209058,-0.0151686,1.23857,0.00523894
447,4.45647,0.15134,1.49076,0.0325814,0.438584,0.169637,0.111977,0.112732,1.01073,0.168417,0.00413929,1.13142,0.251971,-0.132717,1.24781,-0.014365,0.517269,0.185058,0.0572138,0.201042,0.494758,0.146058,0.240997,1.04166,0.0324042,0.0614641,1.47047,0.188493,0.342262,0.0626338,0.0497545,-0.0509653,1.22567,0.0438006,-0.0958218,1.16884,0.0384352,-0.0312604,0.117595,-0.104355,0.0950222,1.01554,-0.140374,0.289405,1.23089,-0.266312,0.0283847,1.03201,-0.196567,0.033262,0.0565844,-0.0461402,-0.0258405,0.533342,-0.120283,0.239851,1.03467,-0.0293365,0.102896,1.47669,-0.146879,-0.187284,0.13812,-0.0408625,0.118183,1.09903,-0.166496,0.131646,1.04248,-0.209048,-0.0158,1.24137,0.00282013
448,4.46646,0.152336,1.491,0.0308788,0.449491,0.17529,0.111812,0.111851,1.01135,0.168179,0.00451543,1.13367,0.251301,-0.129871,1.24853,-0.0172485,0.526649,0.194857,0.0563458,0.206409,0.496613,0.14657,0.239511,1.04273,0.0320819,0.0616733,1.47226,0.186135,0.359366,0.062864,0.049645,-0.0491128,1.22752,0.0424816,-0.0929848,1.16996,0.0362327,-0.0436877,0.117531,-0.103842,0.0946995,1.01612,-0.14055,0.292521,1.23182,-0.265424,0.0289716,1.03535,-0.197486,0.0191847,0.0542615,-0.0455066,-0.0231928,0.531427,-0.119041,0.238328,1.03575,-0.029594,0.104289,1.477,-0.148115,-0.198169,0.144317,-0.0395179,0.119163,1.10185,-0.166704,0.132596,1.04482,-0.208847,-0.0165452,1.24338,0.000773234
449,4.47646,0.153511,1.49046,0.0291012,0.460092,0.18079,0.111839,0.11106,1.01128,0.167877,0.00554317,1.13508,0.250877,-0.127039,1.24794,-0.019778,0.535492,0.204546,0.0557048,0.210271,0.497175,0.147609,0.238214,1.04306,0.031623,0.0621373,1.47327,0.183849,0.376104,0.0632292,0.0494476,-0.0474073,1.2283,0.0415727,-0.0900176,1.16989,0.0345441,-0.0521653,0.117251,-0.103072,0.0951936,1.01597,-0.141112,0.295059,1.23157,-0.264818,0.0288734,1.03794,-0.198109,0.00921698,0.0520726,-0.0444384,-0.021829,0.529018,-0.117291,0.237079,1.03607,-0.0300321,0.105622,1.47648,-0.149497,-0.205672,0.148212,-0.0384878,0.119503,1.10379,-0.166856,0.132734,1.04624,-0.208485,-0.017265,1.24443,-0.00105161
450,4.48645,0.154833,1.48912,0.027244,0.470212,0.186219,0.112067,0.110371,1.01053,0.167532,0.00725129,1.13557,0.250732,-0.124211,1.24603,-0.0218821,0.543727,0.214193,0.0554519,0.212626,0.496326,0.149002,0.237179,1.04262,0.030995,0.0628235,1.47346,0.181686,0.392483,0.0638481,0.0491879,-0.0453793,1.22779,0.0409467,-0.0869511,1.16862,0.0333672,-0.0565579,0.115846,-0.101439,0.0919615,1.01305,-0.140491,0.296933,1.23011,-0.264604,0.0280406,1.03972,-0.198421,0.00346764,0.0496161,-0.0426905,-0.0215981,0.526396,-0.115303,0.235836,1.03548,-0.0307094,0.106896,1.47507,-0.151073,-0.209853,0.149465,-0.037631,0.119243,1.10483,-0.167005,0.132157,1.04673,-0.208043,-0.0179339,1.24464,-0.00271885
451,4.49644,0.156232,1.48697,0.025253,0.479668,0.191594,0.112509,0.109958,1.00912,0.167117,0.00965119,1.13513,0.250855,-0.121443,1.24276,-0.0235332,0.551099,0.223874,0.0555842,0.213512,0.494175,0.150586,0.23646,1.04135,0.0302255,0.0638164,1.47281,0.179566,0.408431,0.0647269,0.0489786,-0.0432629,1.22592,0.0403211,-0.0838284,1.16612,0.0327075,-0.0572272,0.11339,-0.0993135,0.0894482,1.00939,-0.140209,0.298108,1.22741,-0.264875,0.0264396,1.04067,-0.198383,0.00224184,0.0476309,-0.0403382,-0.022269,0.523898,-0.113501,0.235206,1.03414,-0.0315749,0.108118,1.47274,-0.152853,-0.210698,0.148078,-0.0365492,0.118379,1.10495,-0.167107,0.130791,1.04629,-0.207489,-0.0185643,1.244,-0.0041584
452,4.50643,0.157671,1.48396,0.0231317,0.488353,0.196898,0.1132,0.109814,1.00705,0.166639,0.0127739,1.13378,0.251291,-0.118763,1.23813,-0.0246642,0.557245,0.233622,0.0559361,0.212767,0.490717,0.15252,0.23612,1.03915,0.0294245,0.0650162,1.4713,0.177517,0.423772,0.0659262,0.0489534,-0.040971,1.22286,0.040277,-0.0806496,1.16232,0.0325985,-0.0538685,0.111077,-0.0971447,0.0887126,1.00561,-0.140693,0.298547,1.22345,-0.265674,0.0240291,1.04084,-0.19796,0.00614451,0.0474792,-0.0377426,-0.0235427,0.521296,-0.111826,0.234745,1.0318,-0.0326345,0.109251,1.46944,-0.154818,-0.208275,0.143306,-0.0348322,0.11686,1.1042,-0.167161,0.128544,1.045,-0.206828,-0.0191656,1.24251,-0.00529001
453,4.51642,0.159042,1.4801,0.0208487,0.496146,0.20212,0.114133,0.109897,1.00426,0.166163,0.0166699,1.13154,0.252112,-0.116187,1.23208,-0.0252394,0.561927,0.243218,0.0565617,0.210514,0.486009,0.154727,0.236084,1.03588,0.0285775,0.066313,1.4689,0.175544,0.438457,0.0672916,0.0490253,-0.038788,1.21857,0.040597,-0.0774031,1.15722,0.0330486,-0.0462383,0.108059,-0.0947089,0.0884114,1.00105,-0.141354,0.298077,1.21815,-0.266928,0.020817,1.04027,-0.197156,0.0152781,0.0486066,-0.0352942,-0.0250407,0.518233,-0.110106,0.234154,1.02823,-0.03379,0.110234,1.46517,-0.156934,-0.202541,0.134232,-0.0323246,0.114681,1.10259,-0.167217,0.125471,1.04285,-0.206208,-0.019686,1.24008,-0.00607827
454,4.52642,0.160275,1.47541,0.0183545,0.502848,0.207188,0.115352,0.110173,1.0007,0.165696,0.0212614,1.1284,0.253173,-0.113722,1.22462,-0.0251639,0.565003,0.252709,0.0574681,0.206963,0.480295,0.156985,0.236208,1.03148,0.0276655,0.0676387,1.46558,0.173644,0.452355,0.0688491,0.0492325,-0.0365951,1.21298,0.0411832,-0.0740142,1.15085,0.0340803,-0.0348106,0.104339,-0.0924892,0.0880793,0.99569,-0.142017,0.29687,1.21167,-0.268919,0.0167769,1.03902,-0.196,0.0290315,0.0502743,-0.0334898,-0.0264911,0.514626,-0.108651,0.233371,1.02339,-0.0348735,0.110936,1.45995,-0.159217,-0.193112,0.121553,-0.0291701,0.111915,1.10008,-0.167384,0.12161,1.03982,-0.205702,-0.0201191,1.23659,-0.00658118
455,4.53641,0.161323,1.4699,0.015631,0.508301,0.212074,0.11681,0.110639,0.996313,0.165295,0.0265753,1.12439,0.254544,-0.111371,1.21577,-0.0243738,0.566184,0.262128,0.0587515,0.20227,0.47377,0.159232,0.236442,1.02602,0.0267116,0.0689299,1.46134,0.171789,0.465192,0.0705136,0.0496442,-0.0337904,1.20593,0.0420397,-0.0704185,1.14326,0.0357122,-0.0214026,0.100309,-0.0908319,0.0879127,0.989905,-0.142725,0.294859,1.20378,-0.270931,0.0119567,1.03715,-0.19445,0.0452658,0.0516273,-0.0325863,-0.0279306,0.51046,-0.107589,0.233404,1.01772,-0.0358094,0.111345,1.45383,-0.161556,-0.180836,0.107641,-0.0260222,0.108562,1.09664,-0.167645,0.116813,1.03596,-0.205096,-0.0204542,1.232,-0.00683765
456,4.5464,0.162221,1.46376,0.0127462,0.512314,0.21681,0.118404,0.111219,0.991085,0.165138,0.032606,1.11959,0.256239,-0.109149,1.20555,-0.0228311,0.564981,0.271526,0.0605363,0.196626,0.46662,0.161316,0.236923,1.01965,0.025762,0.0701967,1.45621,0.169966,0.476541,0.0717428,0.0504559,-0.031018,1.19773,0.0433006,-0.0666251,1.13447,0.0379673,-0.00755224,0.097395,-0.0897719,0.0880364,0.984041,-0.143473,0.292069,1.19445,-0.272797,0.00639849,1.03472,-0.192551,0.0619608,0.053096,-0.0323083,-0.0298619,0.505663,-0.106733,0.234327,1.01141,-0.0366312,0.111358,1.44688,-0.163955,-0.167298,0.094978,-0.0235265,0.104572,1.09236,-0.167552,0.111046,1.03127,-0.204339,-0.0206404,1.22631,-0.00674267
457,4.55639,0.16318,1.45744,0.00982082,0.514619,0.221807,0.120309,0.111895,0.98502,0.165374,0.0394146,1.11411,0.258196,-0.107044,1.19403,-0.0204814,0.561028,0.280806,0.0629109,0.190155,0.459112,0.163024,0.237888,1.01247,0.02488,0.0714996,1.45044,0.168224,0.485881,0.0715177,0.0519042,-0.0285762,1.18866,0.0453708,-0.0625767,1.12455,0.0408567,0.00678467,0.0959939,-0.0890558,0.0888177,0.978282,-0.144236,0.288432,1.18388,-0.274881,0.000103474,1.03179,-0.190285,0.0789387,0.0550374,-0.0323586,-0.0328353,0.500602,-0.106217,0.23559,1.00427,-0.0374951,0.111023,1.43926,-0.166446,-0.153146,0.0841724,-0.0219186,0.0998211,1.0875,-0.166763,0.10451,1.02587,-0.203569,-0.0204865,1.21963,-0.00608329
458,4.56638,0.16444,1.45158,0.00704669,0.514834,0.22686,0.122285,0.112813,0.978206,0.165952,0.0470673,1.1081,0.260361,-0.105043,1.18131,-0.0173167,0.55497,0.289452,0.0655246,0.182883,0.45156,0.164283,0.239412,1.00445,0.0242171,0.0728445,1.4444,0.166835,0.49282,0.0693589,0.0538665,-0.0255606,1.17839,0.0478197,-0.058271,1.11359,0.0444542,0.0221028,0.0953938,-0.0887535,0.0905345,0.97283,-0.14499,0.283837,1.17232,-0.277441,-0.00688833,1.02852,-0.187656,0.0966518,0.0568706,-0.0326232,-0.0368557,0.496793,-0.106105,0.238044,0.996568,-0.0383706,0.110489,1.43111,-0.16917,-0.138036,0.0753953,-0.0215214,0.0945628,1.08208,-0.166073,0.0973008,1.01992,-0.202664,-0.0195458,1.21164,-0.00514782
459,4.57638,0.165865,1.44634,0.00442266,0.51321,0.231222,0.12421,0.114134,0.970854,0.16678,0.0556308,1.10182,0.262656,-0.103122,1.16753,-0.0132533,0.548555,0.29644,0.0678973,0.174727,0.444117,0.164792,0.241511,0.995424,0.0241233,0.0741558,1.43833,0.166109,0.498685,0.0661968,0.0555779,-0.0224478,1.16723,0.0506714,-0.0537712,1.10178,0.0487912,0.0385854,0.0951042,-0.0886918,0.0926881,0.968188,-0.145774,0.278414,1.15995,-0.280356,-0.0143371,1.02517,-0.18487,0.114962,0.0581214,-0.0330709,-0.0409613,0.495507,-0.10623,0.240826,0.987797,-0.0386338,0.109885,1.42263,-0.172121,-0.121474,0.0693293,-0.0218651,0.0888458,1.07623,-0.165384,0.0892817,1.01387,-0.20117,-0.0179455,1.20252,-0.00426852
460,4.58637,0.167,1.4415,0.00185236,0.510606,0.234248,0.125904,0.115904,0.963264,0.167811,0.0652135,1.09558,0.265006,-0.101302,1.15273,-0.00823423,0.543309,0.301277,0.0700026,0.165374,0.437174,0.164925,0.244237,0.985455,0.0253125,0.0754917,1.43215,0.16615,0.50321,0.0655687,0.0566128,-0.0194063,1.15544,0.0540069,-0.0490433,1.08928,0.0538616,0.0562171,0.0950307,-0.088437,0.0949421,0.964719,-0.146412,0.272094,1.14696,-0.283355,-0.0222778,1.02187,-0.181742,0.13354,0.0586923,-0.0334034,-0.0435215,0.495101,-0.106866,0.243763,0.978317,-0.037062,0.109352,1.41411,-0.175251,-0.103524,0.0661711,-0.0221126,0.0825781,1.07014,-0.164318,0.0806122,1.00756,-0.199359,-0.0162102,1.19262,-0.00361716
461,4.59636,0.167343,1.43692,-0.000612127,0.507222,0.23715,0.127252,0.118136,0.955672,0.16889,0.0759372,1.08962,0.267269,-0.0994451,1.13705,-0.00210263,0.5397,0.305102,0.0720616,0.154773,0.430926,0.164986,0.247533,0.975375,0.028392,0.0767127,1.42591,0.166749,0.502554,0.0686735,0.0568741,-0.015919,1.14306,0.0578173,-0.0439691,1.07637,0.0598137,0.0745278,0.0951229,-0.0879415,0.0977928,0.961896,-0.146661,0.264666,1.13362,-0.286241,-0.0308371,1.01882,-0.178351,0.152267,0.058815,-0.0334587,-0.043347,0.492431,-0.108435,0.247067,0.969574,-0.0334071,0.10893,1.40594,-0.178455,-0.0847998,0.0643941,-0.0218809,0.0756554,1.06416,-0.162742,0.0712842,1.00124,-0.197042,-0.0144324,1.18284,-0.00310539
462,4.60635,0.166748,1.43291,-0.00268691,0.502303,0.241035,0.128284,0.120525,0.948415,0.169972,0.0878007,1.08435,0.269542,-0.0972386,1.12092,0.00529359,0.536729,0.308864,0.0742054,0.143458,0.425512,0.165066,0.251082,0.966736,0.032912,0.0776545,1.41988,0.167294,0.495048,0.0742198,0.0565326,-0.0118735,1.13043,0.0622279,-0.0384609,1.0634,0.0668334,0.0930085,0.0950973,-0.0875179,0.101088,0.959125,-0.146638,0.255951,1.12027,-0.288844,-0.0400726,1.01635,-0.174364,0.171379,0.0591375,-0.0334451,-0.0400846,0.486543,-0.110873,0.250292,0.962609,-0.0293852,0.108514,1.39832,-0.181574,-0.0664987,0.0628517,-0.0216164,0.0680394,1.05869,-0.160618,0.0611838,0.995682,-0.193758,-0.0124616,1.17404,-0.00276245
463,4.61634,0.165635,1.42979,-0.00407261,0.49551,0.245038,0.129016,0.122436,0.941907,0.17113,0.100601,1.08045,0.272086,-0.0946382,1.10471,0.0140121,0.533424,0.311971,0.0761804,0.132037,0.420635,0.164725,0.254365,0.960599,0.0374106,0.0784997,1.41441,0.167175,0.483453,0.0794843,0.0560443,-0.00710013,1.11813,0.0674271,-0.0324752,1.05077,0.0750172,0.111749,0.0951663,-0.0872892,0.10382,0.95544,-0.146852,0.245925,1.10738,-0.290986,-0.0499572,1.01499,-0.169541,0.190732,0.0595947,-0.0334446,-0.033845,0.479503,-0.113851,0.252603,0.957889,-0.0265136,0.107908,1.39143,-0.184207,-0.0477242,0.0616468,-0.0217955,0.0596892,1.05426,-0.157898,0.0503512,0.99105,-0.189783,-0.0102955,1.16694,-0.00269139
464,4.62634,0.164431,1.42726,-0.0049831,0.48705,0.247959,0.129412,0.123533,0.936705,0.172261,0.114212,1.07822,0.274546,-0.0914785,1.08883,0.0241486,0.52918,0.31355,0.0777683,0.120551,0.416317,0.16401,0.256969,0.957197,0.0404013,0.0797648,1.40982,0.16644,0.468754,0.0838686,0.055351,-0.00159455,1.10636,0.07322,-0.0256381,1.03903,0.0843449,0.130662,0.0953237,-0.0873104,0.105312,0.950347,-0.147579,0.234713,1.09543,-0.292516,-0.0604099,1.01535,-0.163797,0.210227,0.0601066,-0.0335694,-0.0252496,0.47345,-0.116868,0.253904,0.955411,-0.024848,0.106901,1.38556,-0.185867,-0.0285461,0.0609052,-0.022165,0.0507315,1.05126,-0.154497,0.0385475,0.987951,-0.185337,-0.00804169,1.16187,-0.00274
465,4.63633,0.163718,1.42502,-0.00596215,0.477255,0.249419,0.12952,0.124105,0.933314,0.173102,0.128709,1.07766,0.277002,-0.0870448,1.07394,0.0357838,0.523647,0.31326,0.0787274,0.108782,0.413072,0.16322,0.258776,0.955995,0.0412788,0.0817592,1.40631,0.16561,0.451664,0.0871974,0.0546648,0.0046748,1.0954,0.0795738,-0.0179326,1.02851,0.0948448,0.149718,0.095567,-0.0874223,0.10552,0.944163,-0.14872,0.222644,1.08489,-0.293278,-0.0712159,1.01796,-0.157091,0.229908,0.0607116,-0.0336792,-0.0155783,0.468624,-0.119409,0.25525,0.954719,-0.0242293,0.105507,1.38097,-0.186579,-0.00907657,0.0604743,-0.022537,0.0413617,1.05002,-0.150414,0.0260482,0.986922,-0.18039,-0.00587666,1.15875,-0.00242473
466,4.64632,0.164131,1.42311,-0.00747733,0.466369,0.24949,0.12936,0.124595,0.931908,0.173348,0.144011,1.07876,0.279626,-0.08147,1.06038,0.0487454,0.516885,0.311141,0.0789049,0.0967636,0.411444,0.162481,0.259712,0.955975,0.0406776,0.0845003,1.40398,0.164965,0.432648,0.0894313,0.0544643,0.0117271,1.08562,0.0865847,-0.00907338,1.01942,0.106213,0.16882,0.0959403,-0.0875019,0.104684,0.937502,-0.15007,0.210174,1.07604,-0.293229,-0.0819899,1.02324,-0.149252,0.249605,0.061305,-0.0337122,-0.00558683,0.46452,-0.121255,0.256786,0.954852,-0.024367,0.104057,1.37772,-0.187051,0.0105311,0.0601897,-0.0228414,0.0318626,1.0508,-0.145629,0.0131709,0.988184,-0.174774,-0.0038832,1.15724,-0.00168118
467,4.65631,0.165793,1.42157,-0.00951431,0.454599,0.248178,0.129033,0.125209,0.932178,0.173108,0.159753,1.08163,0.282454,-0.0748906,1.04845,0.0628033,0.509116,0.307184,0.0783139,0.084736,0.411487,0.161744,0.260138,0.956362,0.0396951,0.0879256,1.40283,0.164505,0.411772,0.0907199,0.0548314,0.0194574,1.07748,0.0944093,0.00123434,1.01186,0.117922,0.187804,0.0964454,-0.0876769,0.10311,0.930944,-0.15146,0.19764,1.06897,-0.292433,-0.0924306,1.03122,-0.140574,0.269047,0.0616178,-0.0337646,0.00499735,0.46109,-0.122679,0.258276,0.955072,-0.0247349,0.102914,1.37575,-0.187814,0.030178,0.059945,-0.023115,0.0225431,1.05367,-0.140131,0.000224668,0.991798,-0.168402,-0.00212074,1.1569,-0.000395222
468,4.66631,0.168104,1.42066,-0.0117164,0.442037,0.245548,0.128529,0.125975,0.933664,0.17259,0.175592,1.08624,0.285025,-0.0671385,1.03848,0.0776829,0.500195,0.301308,0.0771785,0.0731185,0.412999,0.161208,0.260908,0.95709,0.0390018,0.0918729,1.40282,0.164173,0.389131,0.0912277,0.0557333,0.0279032,1.07125,0.102905,0.0127333,1.00612,0.129806,0.206756,0.0970535,-0.0878384,0.101124,0.924992,-0.152763,0.185157,1.0637,-0.290993,-0.102274,1.04166,-0.131286,0.288669,0.0622771,-0.0339326,0.0166343,0.458366,-0.124045,0.259862,0.955399,-0.0250491,0.102094,1.37514,-0.188652,0.0498284,0.059704,-0.0233862,0.013517,1.05853,-0.134044,-0.0125964,0.997536,-0.161363,-0.000630478,1.15735,0.0015578
469,4.6763,0.170265,1.42081,-0.0137405,0.42862,0.241543,0.127967,0.126881,0.93602,0.171976,0.191364,1.0926,0.28723,-0.0582444,1.03067,0.0930276,0.490292,0.293206,0.0754412,0.0619892,0.415869,0.160844,0.262438,0.958518,0.0388501,0.0960932,1.40387,0.163907,0.364865,0.0911077,0.0572626,0.0369561,1.06688,0.111784,0.0250871,1.00238,0.141645,0.225794,0.0977903,-0.0878974,0.0990844,0.920099,-0.153881,0.172666,1.06029,-0.288983,-0.111385,1.0541,-0.121675,0.308566,0.063391,-0.0341008,0.0292918,0.456128,-0.125152,0.261689,0.956258,-0.0251498,0.101289,1.37586,-0.189228,0.0695532,0.0595212,-0.0236072,0.00474839,1.06518,-0.127524,-0.0247782,1.00524,-0.153726,0.000592135,1.15837,0.00417679
470,4.68629,0.171493,1.4223,-0.0153794,0.414148,0.236144,0.127365,0.128037,0.939004,0.171145,0.206979,1.10056,0.289109,-0.0483412,1.02512,0.108446,0.479208,0.282993,0.0732619,0.0514526,0.420098,0.160606,0.263961,0.96064,0.0392513,0.100455,1.40589,0.16362,0.339348,0.0903974,0.0592617,0.0464619,1.06453,0.120892,0.0380348,1.00068,0.153275,0.244959,0.0987114,-0.0879052,0.0973562,0.916661,-0.154729,0.160306,1.05881,-0.286371,-0.119533,1.06796,-0.111878,0.328211,0.0644466,-0.0340422,0.0430151,0.454441,-0.125613,0.263495,0.957908,-0.0248369,0.100152,1.37782,-0.189374,0.089374,0.0593952,-0.0237631,-0.00345739,1.07361,-0.120805,-0.0361124,1.01455,-0.14565,0.00157478,1.16003,0.00738394
471,4.69628,0.171672,1.42509,-0.0164898,0.398727,0.229488,0.126587,0.128986,0.942484,0.170503,0.222252,1.10981,0.29076,-0.0377104,1.02183,0.123579,0.466619,0.27102,0.07107,0.0417095,0.42554,0.16051,0.265608,0.963498,0.0401966,0.104923,1.40879,0.163248,0.312897,0.0891724,0.0615465,0.0562179,1.06428,0.13017,0.0512617,1.00102,0.164557,0.263965,0.100147,-0.0878291,0.096287,0.915006,-0.155248,0.148203,1.05926,-0.283338,-0.126378,1.08266,-0.101974,0.34749,0.0657991,-0.0337762,0.0579063,0.453606,-0.125325,0.265188,0.960427,-0.0239888,0.0986192,1.38089,-0.189135,0.109182,0.059233,-0.0237679,-0.0104361,1.08346,-0.11403,-0.0463949,1.02527,-0.137064,0.00224611,1.16257,0.0109567
472,4.70627,0.171344,1.42876,-0.0170831,0.382399,0.221783,0.12574,0.129567,0.946453,0.170103,0.237072,1.12008,0.292116,-0.0266349,1.02067,0.138143,0.452477,0.257604,0.0690222,0.0328101,0.431932,0.160591,0.267232,0.967026,0.0413685,0.109212,1.41245,0.162955,0.28563,0.087701,0.0640587,0.0660236,1.06595,0.139481,0.064477,1.0033,0.175428,0.282755,0.102228,-0.0877369,0.0961786,0.915372,-0.155398,0.136504,1.06138,-0.280003,-0.132288,1.09791,-0.0921283,0.366729,0.0687424,-0.0336711,0.0735794,0.453788,-0.124508,0.266801,0.963801,-0.0228339,0.0967286,1.38492,-0.188606,0.128994,0.0590332,-0.0236921,-0.0166385,1.09429,-0.107189,-0.0554929,1.03695,-0.128215,0.00265417,1.16618,0.0146108
473,4.71627,0.171145,1.43284,-0.0173606,0.364926,0.213115,0.125025,0.12993,0.950972,0.169811,0.251313,1.13114,0.29313,-0.0154854,1.02148,0.152034,0.437017,0.243176,0.0670006,0.0247948,0.438957,0.160818,0.268609,0.971057,0.0425426,0.113179,1.41682,0.162791,0.257674,0.0862458,0.0666331,0.0758363,1.06927,0.14864,0.0774279,1.00735,0.185853,0.301051,0.105057,-0.0877366,0.0972622,0.917899,-0.155163,0.125292,1.06486,-0.276532,-0.137064,1.11336,-0.0823282,0.385725,0.0734467,-0.033811,0.0889382,0.454958,-0.123741,0.268314,0.967883,-0.0215824,0.0944724,1.38973,-0.187833,0.148814,0.0589076,-0.0235496,-0.0221642,1.10574,-0.100363,-0.0634347,1.04929,-0.119101,0.00326302,1.17087,0.0181706
474,4.72626,0.171464,1.43717,-0.0176173,0.346319,0.203758,0.124558,0.130201,0.956092,0.169676,0.264816,1.1429,0.293837,-0.00441595,1.02403,0.165066,0.420064,0.227783,0.0653332,0.0177722,0.446462,0.161113,0.269765,0.975594,0.0436545,0.116882,1.42177,0.162712,0.229102,0.084903,0.0693441,0.0855514,1.07392,0.15753,0.09007,1.01291,0.195657,0.318518,0.108686,-0.0879077,0.0996725,0.922611,-0.154548,0.114602,1.06937,-0.272969,-0.140783,1.12874,-0.0726758,0.404055,0.0793294,-0.0340061,0.10376,0.457252,-0.12311,0.269666,0.972547,-0.0204045,0.0918927,1.3952,-0.186755,0.168725,0.0588927,-0.0234933,-0.026922,1.1175,-0.0937371,-0.0702399,1.06191,-0.109974,0.00413056,1.17639,0.0213331
475,4.73625,0.172283,1.44174,-0.0180572,0.326644,0.19391,0.124321,0.130486,0.961767,0.169639,0.277583,1.15497,0.29413,0.00639939,1.02799,0.177151,0.401424,0.211606,0.0641105,0.0117725,0.454355,0.161317,0.270916,0.980986,0.0446134,0.120433,1.42712,0.16267,0.200387,0.0834294,0.0720628,0.0950367,1.07964,0.16587,0.102337,1.01948,0.204512,0.334902,0.113066,-0.0883202,0.103421,0.929404,-0.153578,0.104511,1.07471,-0.269605,-0.143579,1.14374,-0.063239,0.421465,0.0862094,-0.0342226,0.117963,0.460665,-0.122514,0.270934,0.977843,-0.0194036,0.0890058,1.40118,-0.185311,0.188807,0.0588303,-0.0235009,-0.0308439,1.12923,-0.0874175,-0.0760745,1.07436,-0.101248,0.00473864,1.1823,0.0238887
476,4.74624,0.173383,1.44659,-0.0186314,0.305929,0.183853,0.124309,0.130914,0.967997,0.169554,0.28953,1.16717,0.293989,0.0168349,1.03307,0.188298,0.381073,0.194938,0.0631107,0.0068109,0.462462,0.161287,0.2719,0.987038,0.0454545,0.123777,1.43285,0.162781,0.171281,0.0823191,0.0750851,0.104182,1.08618,0.173144,0.114131,1.02666,0.212515,0.350351,0.118022,-0.0889584,0.108372,0.938033,-0.152303,0.0949566,1.08068,-0.266496,-0.145546,1.15807,-0.0540561,0.438035,0.0940809,-0.0345087,0.13138,0.464869,-0.121966,0.272168,0.98375,-0.0185721,0.0859974,1.40756,-0.183501,0.209204,0.0585975,-0.0235535,-0.0340406,1.14075,-0.0813035,-0.0807181,1.08652,-0.0927742,0.00512824,1.18832,0.0259143
477,4.75623,0.174428,1.45175,-0.0190944,0.284054,0.173832,0.124647,0.131379,0.974744,0.169538,0.300604,1.1794,0.293468,0.0267842,1.039,0.198478,0.359253,0.178363,0.0622368,0.00280517,0.470634,0.161029,0.272708,0.993406,0.0462306,0.126972,1.43883,0.162965,0.141558,0.0821655,0.0784771,0.112939,1.09325,0.179894,0.125355,1.03428,0.219676,0.365068,0.123571,-0.0896458,0.114229,0.948105,-0.150788,0.0858797,1.08719,-0.26358,-0.146777,1.17154,-0.0451085,0.454036,0.103102,-0.0348033,0.14378,0.469519,-0.121582,0.272734,0.989986,-0.0178084,0.0830503,1.41425,-0.181421,0.229857,0.0582382,-0.0236174,-0.0365893,1.15184,-0.0754046,-0.084468,1.09813,-0.0846468,0.00544436,1.19442,0.0276461
478,4.76623,0.174921,1.45715,-0.0191913,0.261158,0.164071,0.125262,0.131806,0.981837,0.169651,0.310772,1.19155,0.292643,0.0362467,1.04552,0.207774,0.335649,0.161901,0.0615204,-0.000345181,0.478696,0.160575,0.27296,1.00003,0.0467849,0.130046,1.44494,0.163207,0.111275,0.0831928,0.0817827,0.121233,1.10064,0.186092,0.135901,1.04216,0.225985,0.379035,0.129685,-0.0903234,0.120521,0.959081,-0.149121,0.0774276,1.09408,-0.260758,-0.147367,1.18403,-0.0363476,0.469354,0.113391,-0.0351444,0.15534,0.474574,-0.121316,0.272566,0.996343,-0.0170789,0.0802822,1.42117,-0.179157,0.250378,0.057774,-0.0238744,-0.0385528,1.16238,-0.0697129,-0.0875772,1.10901,-0.0770018,0.00566245,1.20068,0.0293589
479,4.77622,0.174829,1.46277,-0.0188117,0.237489,0.154932,0.125948,0.132185,0.989106,0.169711,0.320034,1.20343,0.291569,0.0452211,1.05236,0.216215,0.31054,0.145868,0.0610286,-0.00272272,0.486382,0.160059,0.272696,1.00673,0.0472043,0.132903,1.45105,0.163559,0.0811878,0.0851893,0.0849481,0.129012,1.10815,0.191528,0.145551,1.05039,0.231562,0.391913,0.135697,-0.0909675,0.126531,0.97022,-0.147411,0.0696569,1.10126,-0.258065,-0.147445,1.19537,-0.0277916,0.483113,0.123844,-0.0356956,0.166318,0.480086,-0.121033,0.271952,1.00276,-0.0163864,0.0777107,1.42818,-0.176743,0.270694,0.0572152,-0.0243555,-0.0400113,1.17226,-0.0642825,-0.0899672,1.11917,-0.0696871,0.00583618,1.20723,0.0312738
480,4.78621,0.174563,1.46855,-0.01803,0.213085,0.146655,0.126703,0.132592,0.996236,0.169884,0.328287,1.21477,0.290159,0.0536161,1.05932,0.223737,0.284626,0.131036,0.0612132,-0.00439647,0.493486,0.159744,0.272179,1.01347,0.0475228,0.135334,1.45717,0.164089,0.0515991,0.0881463,0.08769,0.136173,1.11561,0.196128,0.154534,1.05837,0.236248,0.403909,0.141752,-0.0915801,0.131134,0.98046,-0.145805,0.0624532,1.10867,-0.255603,-0.147059,1.20542,-0.0194475,0.495705,0.134674,-0.0361576,0.176716,0.485943,-0.120641,0.271365,1.00925,-0.0158218,0.0754022,1.43506,-0.174111,0.290896,0.0565179,-0.0246041,-0.0410481,1.18136,-0.0590724,-0.0913232,1.12856,-0.0625798,0.00608283,1.21415,0.0335649
481,4.7962,0.174225,1.47412,-0.0169543,0.188193,0.139373,0.127507,0.132935,1.0029,0.170224,0.335556,1.22533,0.288559,0.0612968,1.06623,0.230331,0.257876,0.117396,0.0617249,-0.00539726,0.499997,0.159837,0.271502,1.02021,0.0477513,0.137441,1.46312,0.164719,0.0225387,0.0924763,0.0898672,0.142657,1.12286,0.200003,0.162665,1.06613,0.240148,0.415225,0.14803,-0.0921373,0.132883,0.988496,-0.144473,0.0560446,1.1161,-0.253347,-0.14629,1.21412,-0.0113052,0.50715,0.145696,-0.0364567,0.186339,0.491949,-0.120135,0.270338,1.01561,-0.0153145,0.0733305,1.4417,-0.171303,0.310404,0.0560477,-0.0248578,-0.0416969,1.18956,-0.0541367,-0.0921229,1.13692,-0.0559625,0.00643393,1.22135,0.0363398
482,4.80619,0.173964,1.47923,-0.0157286,0.163019,0.13297,0.128565,0.133137,1.00889,0.170536,0.341993,1.23493,0.286852,0.0681854,1.07292,0.23597,0.230765,0.105272,0.0626287,-0.00572932,0.505893,0.16011,0.270633,1.02668,0.0478945,0.139296,1.46874,0.165386,-0.00564381,0.0980561,0.0912904,0.148466,1.12969,0.203417,0.169893,1.0735,0.243211,0.425981,0.154533,-0.0926716,0.131156,0.993672,-0.14349,0.0504157,1.12333,-0.251274,-0.145157,1.22136,-0.00339111,0.517508,0.156872,-0.0366178,0.195122,0.497907,-0.119525,0.269307,1.02181,-0.0148957,0.0714628,1.44802,-0.168355,0.328857,0.0559868,-0.0250709,-0.0420192,1.19676,-0.0494996,-0.0924604,1.14411,-0.04981,0.00686884,1.22853,0.0395589
483,4.81619,0.173924,1.48382,-0.0144553,0.138024,0.127441,0.129954,0.133208,1.01422,0.170768,0.347712,1.24337,0.285144,0.0742327,1.07922,0.240714,0.203987,0.0948148,0.064309,-0.00513645,0.511021,0.160009,0.269556,1.03264,0.047985,0.140953,1.4739,0.166082,-0.0325469,0.104628,0.0917748,0.153696,1.13593,0.206665,0.176298,1.08021,0.245541,0.436208,0.161118,-0.0932301,0.127865,0.997333,-0.142653,0.0454855,1.13019,-0.249405,-0.143701,1.22705,0.0042824,0.526933,0.168317,-0.0365819,0.203064,0.503639,-0.118841,0.268308,1.02772,-0.0145296,0.069807,1.4539,-0.165296,0.346569,0.0563327,-0.0251596,-0.0420392,1.20292,-0.0451048,-0.0923861,1.15002,-0.0441658,0.00732793,1.23532,0.0430671
484,4.82618,0.174189,1.48793,-0.0131963,0.113506,0.122897,0.131518,0.133114,1.01877,0.171108,0.352778,1.25055,0.283678,0.0793842,1.08516,0.244825,0.177946,0.0858426,0.0666597,-0.00398615,0.515221,0.159821,0.268362,1.03792,0.0481291,0.142456,1.47846,0.166887,-0.0577926,0.112167,0.091243,0.158169,1.14157,0.208816,0.181738,1.08607,0.247458,0.445815,0.167585,-0.0937246,0.125755,1.00151,-0.141671,0.0412122,1.13653,-0.247779,-0.14199,1.23115,0.0117314,0.535468,0.179892,-0.0366159,0.210152,0.508993,-0.118093,0.266764,1.03298,-0.0141282,0.0683947,1.45923,-0.162139,0.363682,0.0570433,-0.0251945,-0.0418299,1.20792,-0.0409939,-0.0919297,1.15462,-0.0390004,0.00770582,1.24142,0.0466969
485,4.83617,0.174535,1.49136,-0.0119209,0.09008,0.119411,0.133088,0.133034,1.02243,0.171332,0.357173,1.25632,0.282478,0.0835094,1.09043,0.248106,0.153041,0.0782319,0.0694918,-0.0024589,0.518402,0.159842,0.267203,1.04245,0.0483748,0.143936,1.48235,0.167729,-0.0809851,0.120584,0.089862,0.161791,1.14654,0.21045,0.186145,1.09107,0.249004,0.454959,0.173978,-0.0943368,0.124433,1.00579,-0.140548,0.0376125,1.14217,-0.246392,-0.140075,1.23366,0.0188951,0.543235,0.191324,-0.0369457,0.216291,0.513857,-0.117364,0.26498,1.03757,-0.0137187,0.0672441,1.46389,-0.158932,0.380137,0.0581955,-0.0254485,-0.0415958,1.21154,-0.0373471,-0.0911692,1.15784,-0.0343244,0.00795021,1.24662,0.0503065
486,4.84616,0.174876,1.49405,-0.010557,0.0679575,0.116892,0.134843,0.132656,1.02518,0.171713,0.360947,1.26054,0.281555,0.0865177,1.0948,0.250504,0.129758,0.0719484,0.0727222,-0.000659575,0.520713,0.160103,0.265929,1.04613,0.0486487,0.145604,1.48538,0.168535,-0.101673,0.129197,0.0880328,0.16466,1.15063,0.212019,0.189433,1.09511,0.250185,0.463818,0.180309,-0.0952164,0.12306,1.00941,-0.139336,0.034625,1.14697,-0.245168,-0.137959,1.23452,0.0257139,0.550441,0.202546,-0.037522,0.221351,0.518044,-0.116743,0.263219,1.04141,-0.013311,0.0663034,1.46781,-0.155723,0.396058,0.0596659,-0.0257206,-0.0411563,1.21383,-0.0340051,-0.0901339,1.15969,-0.0301678,0.00809446,1.2508,0.0537754
487,4.85616,0.17517,1.49598,-0.00902942,0.0476392,0.115162,0.136881,0.132082,1.02701,0.17212,0.364085,1.26312,0.280959,0.0884715,1.09822,0.252181,0.108421,0.066826,0.0762951,0.00137483,0.52209,0.160253,0.264599,1.04894,0.0488909,0.147439,1.48748,0.169341,-0.119406,0.137288,0.0860598,0.166729,1.15375,0.213464,0.191565,1.09809,0.251137,0.472459,0.186463,-0.0962017,0.121555,1.01223,-0.138073,0.0322689,1.15081,-0.244114,-0.1357,1.23365,0.0321112,0.557195,0.213587,-0.0383583,0.225311,0.521337,-0.116401,0.261523,1.04443,-0.0128779,0.0655726,1.47091,-0.152531,0.411536,0.0614153,-0.0260142,-0.0405258,1.21481,-0.0308941,-0.0888348,1.16011,-0.0265578,0.00808684,1.25388,0.056981
488,4.86615,0.175447,1.49718,-0.00728139,0.0298923,0.11419,0.138848,0.131283,1.02795,0.172755,0.366548,1.264,0.280733,0.0892714,1.10079,0.253476,0.0897181,0.0628451,0.0798301,0.00334613,0.522563,0.160274,0.263315,1.05079,0.0491535,0.149284,1.48862,0.170253,-0.134153,0.144825,0.0839516,0.167935,1.15583,0.214705,0.192555,1.09993,0.251955,0.481,0.192311,-0.0970791,0.120018,1.01421,-0.136716,0.0305622,1.15362,-0.243276,-0.13327,1.23099,0.0380361,0.563615,0.22438,-0.039361,0.228167,0.523531,-0.116453,0.259871,1.04657,-0.0123796,0.0650096,1.47314,-0.149413,0.426664,0.0634248,-0.0264011,-0.039738,1.21444,-0.0281835,-0.0873018,1.15908,-0.0235063,0.00790447,1.25585,0.0598281
489,4.87614,0.1758,1.49771,-0.00529341,0.0150478,0.113632,0.140614,0.130597,1.02807,0.173627,0.36831,1.26313,0.280898,0.0889803,1.10242,0.254302,0.0741038,0.0595533,0.0832008,0.004895,0.522268,0.160228,0.262166,1.05162,0.0495515,0.15112,1.48874,0.171316,-0.145907,0.1512,0.0818238,0.168257,1.1568,0.215736,0.192435,1.10053,0.252564,0.48943,0.198048,-0.0980914,0.118559,1.01529,-0.135286,0.029528,1.15537,-0.242633,-0.130751,1.2266,0.0433896,0.569807,0.234861,-0.0404218,0.22991,0.524485,-0.116847,0.258366,1.0478,-0.0118418,0.0645786,1.47444,-0.146456,0.44114,0.0657689,-0.0267852,-0.0388309,1.21274,-0.0259913,-0.0855337,1.15654,-0.0210092,0.00758026,1.25676,0.0622898
490,4.88613,0.176173,1.49738,-0.00315729,0.00351915,0.113032,0.142037,0.130511,1.02735,0.174539,0.369358,1.26048,0.281453,0.0875968,1.10301,0.254762,0.0618255,0.0564577,0.0862144,0.00570671,0.521365,0.160015,0.261284,1.05138,0.0501523,0.153132,1.48772,0.172542,-0.154719,0.155689,0.07992,0.167702,1.15656,0.216627,0.191274,1.09977,0.252889,0.497732,0.203749,-0.0990723,0.117204,1.01541,-0.133839,0.0292091,1.15602,-0.242195,-0.128185,1.22047,0.0481136,0.575608,0.245049,-0.0415172,0.230509,0.524127,-0.117439,0.257191,1.04815,-0.011257,0.0642724,1.47476,-0.143722,0.454777,0.0685346,-0.0271343,-0.0378552,1.20964,-0.0241705,-0.0835325,1.15245,-0.0190279,0.0071561,1.25674,0.0645175
491,4.89612,0.176544,1.49612,-0.000953463,-0.00444192,0.111835,0.14301,0.130227,1.02538,0.17568,0.369622,1.25604,0.282388,0.0851887,1.10254,0.254876,0.053126,0.0533168,0.0884869,0.00540666,0.519917,0.15977,0.260703,1.05004,0.0509744,0.155388,1.48568,0.174132,-0.160627,0.157956,0.0785213,0.166281,1.15516,0.217372,0.189079,1.09766,0.252949,0.50587,0.209436,-0.0998017,0.116021,1.01455,-0.132406,0.0296112,1.15559,-0.241935,-0.125632,1.21262,0.0521813,0.58059,0.255078,-0.0427036,0.229935,0.522438,-0.118115,0.256347,1.04769,-0.0105741,0.0640394,1.47408,-0.141249,0.467599,0.0716862,-0.0274847,-0.0366481,1.20491,-0.0223652,-0.0812633,1.14684,-0.0175801,0.00664509,1.25585,0.066592
492,4.90612,0.176962,1.49389,0.00130697,-0.00875672,0.109701,0.143648,0.129648,1.02219,0.176971,0.369049,1.24986,0.283657,0.0818098,1.10102,0.254767,0.0486503,0.0502609,0.0896253,0.00408903,0.517803,0.15965,0.2604,1.04759,0.0519994,0.157451,1.48254,0.176178,-0.163619,0.158004,0.0778165,0.163985,1.1527,0.217892,0.185867,1.09427,0.252757,0.513611,0.215023,-0.100564,0.115107,1.01271,-0.131005,0.0307018,1.15411,-0.24184,-0.123113,1.20307,0.0555739,0.584244,0.264862,-0.0439036,0.228148,0.519465,-0.118883,0.255731,1.04648,-0.00970862,0.063832,1.4724,-0.139025,0.47962,0.0744938,-0.0280972,-0.0353978,1.19874,-0.0210378,-0.0786873,1.1397,-0.0166569,0.00593958,1.25408,0.068137
493,4.91611,0.177505,1.49067,0.00360576,-0.00923807,0.106934,0.144051,0.129347,1.01803,0.178185,0.367586,1.242,0.285269,0.0776073,1.09832,0.254116,0.0484256,0.0483764,0.0899977,0.00211586,0.514797,0.159822,0.260282,1.04397,0.0531826,0.159195,1.47829,0.178664,-0.163769,0.155442,0.0776034,0.160817,1.14919,0.218195,0.181714,1.0896,0.252302,0.52066,0.220328,-0.101371,0.114478,1.00997,-0.129729,0.0324781,1.15165,-0.24191,-0.120609,1.1918,0.0581988,0.586668,0.274207,-0.0450062,0.225213,0.515277,-0.119705,0.255099,1.04428,-0.00861971,0.063666,1.46971,-0.137001,0.490204,0.0762358,-0.0287469,-0.0340231,1.19111,-0.01997,-0.0758272,1.13107,-0.016226,0.00498504,1.25133,0.0688782
494,4.9261,0.178102,1.48645,0.00593242,-0.00544567,0.104179,0.144059,0.129508,1.01309,0.179428,0.365245,1.2326,0.287166,0.0726621,1.09448,0.252931,0.0530004,0.0490151,0.0896206,-0.000130706,0.510787,0.160375,0.260299,1.03914,0.0545037,0.160624,1.47291,0.181509,-0.161261,0.148941,0.0774037,0.156987,1.14438,0.21835,0.176695,1.08374,0.251622,0.526872,0.225256,-0.102142,0.114197,1.00633,-0.128547,0.0349359,1.14828,-0.242054,-0.118124,1.17894,0.0600522,0.588353,0.282686,-0.0457921,0.221209,0.509943,-0.120646,0.254434,1.04085,-0.00735322,0.0636164,1.46601,-0.135086,0.499461,0.0765564,-0.0298094,-0.0325079,1.18208,-0.0191867,-0.0727045,1.12102,-0.016358,0.00428217,1.24745,0.0696365
495,4.93609,0.178744,1.4812,0.00828772,0.00260322,0.100895,0.143454,0.129943,1.00741,0.180755,0.362026,1.22175,0.289285,0.0669611,1.0898,0.25152,0.0626032,0.0511562,0.0880957,-0.00233859,0.505883,0.161193,0.260412,1.03313,0.0558804,0.161698,1.46642,0.184598,-0.155873,0.137468,0.0771156,0.152588,1.13835,0.218381,0.170787,1.07696,0.25072,0.532286,0.229599,-0.102728,0.114258,1.00179,-0.127437,0.038092,1.14402,-0.242225,-0.115739,1.16448,0.0610041,0.589646,0.289991,-0.0460876,0.216262,0.503496,-0.12173,0.253923,1.03609,-0.00592247,0.0637299,1.46133,-0.133139,0.50842,0.0756131,-0.0313108,-0.0308191,1.17171,-0.0187515,-0.0692999,1.10958,-0.0171004,0.00387733,1.24242,0.0704873
496,4.94608,0.179415,1.47491,0.0106733,0.0144144,0.0971168,0.14258,0.130428,1.00097,0.182153,0.357961,1.20955,0.291587,0.060557,1.08439,0.24987,0.0761475,0.0534003,0.0863913,-0.00418281,0.500128,0.161678,0.260662,1.02604,0.0572463,0.162487,1.45889,0.187819,-0.147275,0.121855,0.0770203,0.147555,1.13139,0.218219,0.16409,1.06934,0.249666,0.537061,0.233275,-0.103099,0.114536,0.996317,-0.126415,0.0419176,1.13896,-0.242429,-0.113463,1.14853,0.060946,0.590489,0.295838,-0.0457042,0.210498,0.496022,-0.122922,0.253733,1.02987,-0.00438376,0.0640829,1.45569,-0.131078,0.517862,0.0744547,-0.033006,-0.0289198,1.16002,-0.0187306,-0.0655663,1.09684,-0.0184537,0.00355457,1.23637,0.0712775
497,4.95608,0.180171,1.46765,0.0131375,0.0281303,0.0934437,0.141667,0.130865,0.993862,0.183611,0.353018,1.1961,0.294092,0.0535315,1.07812,0.247646,0.0916974,0.0551318,0.0852755,-0.00590496,0.493382,0.162003,0.261129,1.01799,0.0585523,0.163207,1.45044,0.191046,-0.136399,0.105545,0.0771381,0.141649,1.1237,0.217584,0.156598,1.0612,0.24851,0.541279,0.236586,-0.103435,0.114922,0.989934,-0.12561,0.0463205,1.13319,-0.24266,-0.11116,1.13133,0.0599013,0.59112,0.30034,-0.044388,0.203981,0.487674,-0.124139,0.254037,1.02222,-0.00286438,0.0647528,1.44914,-0.128873,0.526425,0.0747866,-0.0351918,-0.0267314,1.14707,-0.0191775,-0.0615092,1.08288,-0.0204584,0.00324436,1.22943,0.0719998
498,4.96607,0.181364,1.45982,0.0158083,0.0426673,0.0913375,0.140726,0.131267,0.986383,0.185078,0.347155,1.18151,0.296772,0.0459765,1.0711,0.244862,0.108193,0.05672,0.0847435,-0.00774201,0.485879,0.16261,0.262077,1.00926,0.059902,0.16353,1.44113,0.194226,-0.124022,0.0917224,0.0765978,0.135393,1.11517,0.21645,0.148428,1.05218,0.246911,0.544564,0.240409,-0.103651,0.115367,0.98267,-0.125275,0.0513166,1.12678,-0.243014,-0.108768,1.11306,0.0578221,0.591845,0.304524,-0.0423443,0.196935,0.478692,-0.125049,0.254993,1.01342,-0.00151421,0.0657158,1.44193,-0.126642,0.531337,0.0774142,-0.0380834,-0.0242041,1.13284,-0.020161,-0.0571648,1.06782,-0.0232404,0.00306325,1.22157,0.0727433
499,4.97606,0.18312,1.45197,0.0187015,0.0578887,0.0907212,0.140074,0.131897,0.978739,0.186577,0.340361,1.16597,0.299526,0.0378311,1.06372,0.241758,0.12554,0.058231,0.084683,-0.0102278,0.479054,0.163993,0.263872,0.999989,0.0614368,0.16348,1.4313,0.197405,-0.109855,0.0815185,0.0753674,0.128646,1.10592,0.214858,0.139551,1.04222,0.244589,0.546268,0.245206,-0.103448,0.115922,0.974592,-0.125547,0.0570148,1.11977,-0.243524,-0.106357,1.09385,0.0545852,0.592172,0.30888,-0.0401056,0.189526,0.469342,-0.12512,0.256728,1.00384,-0.000430063,0.0668192,1.43451,-0.124673,0.531914,0.0819406,-0.041375,-0.021348,1.11748,-0.0217384,-0.0526329,1.05184,-0.0268705,0.00308633,1.21283,0.0735539
500,4.98605,0.185371,1.44462,0.0217148,0.0739272,0.0908124,0.139926,0.1333,0.971319,0.188099,0.332633,1.14967,0.302269,0.0291437,1.05597,0.238068,0.143598,0.0594855,0.0850167,-0.0136221,0.475088,0.166103,0.266532,0.99005,0.0629127,0.163407,1.4216,0.200788,-0.0937549,0.0745881,0.074219,0.121235,1.09624,0.212773,0.129981,1.03192,0.241807,0.545747,0.250515,-0.102892,0.116896,0.965863,-0.126262,0.0635662,1.11234,-0.244137,-0.103941,1.07388,0.0501264,0.591692,0.313109,-0.0379983,0.181595,0.459962,-0.124135,0.259188,0.993537,0.000320524,0.0680797,1.42737,-0.123419,0.528969,0.0871822,-0.0443081,-0.01814,1.10121,-0.0238865,-0.0479531,1.03515,-0.0314578,0.00328883,1.20328,0.0744877
501,4.99604,0.187433,1.43793,0.0246496,0.0908752,0.0911091,0.140193,0.135416,0.964653,0.189411,0.323908,1.13285,0.304902,0.0198941,1.048,0.233629,0.162069,0.0604927,0.0855841,-0.0169392,0.473684,0.168809,0.269971,0.97994,0.063145,0.163524,1.41251,0.204693,-0.076506,0.0703882,0.0742751,0.113248,1.0865,0.210379,0.119883,1.02177,0.238793,0.542579,0.255496,-0.102191,0.118546,0.956856,-0.127232,0.0710108,1.1049,-0.244725,-0.101466,1.05326,0.0442466,0.58995,0.316739,-0.0361894,0.172577,0.451124,-0.122502,0.262172,0.982549,9.11633e-05,0.0698346,1.42072,-0.123137,0.523498,0.0921854,-0.0463585,-0.0144242,1.08432,-0.0266216,-0.0429591,1.01808,-0.0370948,0.00371628,1.19304,0.0754802
502,5.00604,0.188488,1.43206,0.0274944,0.108896,0.0914448,0.140652,0.138284,0.959227,0.190034,0.313985,1.11579,0.307248,0.0100022,1.04042,0.228504,0.180912,0.0611456,0.0862254,-0.018199,0.471693,0.172417,0.273985,0.970903,0.0608338,0.1639,1.40376,0.209273,-0.0582527,0.0684271,0.0753897,0.104669,1.07713,0.207413,0.10903,1.01206,0.235218,0.537092,0.259845,-0.101111,0.120837,0.948052,-0.128337,0.0792534,1.09797,-0.245142,-0.0988643,1.03232,0.036642,0.586556,0.319592,-0.0346582,0.162166,0.443657,-0.120913,0.265496,0.97152,-0.00246633,0.072221,1.41452,-0.123558,0.516446,0.0963448,-0.0479077,-0.0100292,1.0672,-0.0299083,-0.0373239,1.00103,-0.0437871,0.00450126,1.18245,0.0764355
503,5.01603,0.188093,1.42721,0.0303541,0.127709,0.0914905,0.140643,0.141395,0.954955,0.190204,0.302736,1.09895,0.309172,-0.000504926,1.03381,0.222529,0.200206,0.06156,0.0867303,-0.0161801,0.467101,0.176761,0.277524,0.963167,0.0566394,0.164077,1.39511,0.214213,-0.0393164,0.0673797,0.0761974,0.0953851,1.06858,0.203912,0.0974596,1.00315,0.230861,0.529645,0.263262,-0.0998202,0.123316,0.94005,-0.129374,0.0883449,1.09192,-0.24541,-0.0958393,1.01163,0.0271584,0.581308,0.32154,-0.0332938,0.150759,0.437853,-0.119597,0.268996,0.961541,-0.00739805,0.0746918,1.40862,-0.123961,0.507935,0.0995888,-0.0491814,-0.00478459,1.05034,-0.0337879,-0.030738,0.984409,-0.0515221,0.00585748,1.17222,0.077167
504,5.02602,0.187093,1.42353,0.033401,0.146797,0.0914699,0.140544,0.14441,0.951538,0.190212,0.290392,1.08299,0.310791,-0.0115189,1.0288,0.215732,0.219866,0.0618912,0.0869803,-0.0116531,0.460653,0.180641,0.279874,0.956734,0.0527753,0.163295,1.38719,0.218812,-0.020016,0.0666217,0.0764711,0.0855976,1.06131,0.199819,0.0851755,0.995514,0.225885,0.520674,0.265727,-0.0984681,0.125191,0.93339,-0.130173,0.0982318,1.08715,-0.24561,-0.0920791,0.991917,0.0158497,0.57438,0.32246,-0.0318748,0.138977,0.432835,-0.11807,0.272072,0.953034,-0.0119504,0.0765454,1.40306,-0.123544,0.497643,0.101942,-0.0500096,0.00137067,1.03417,-0.0382591,-0.0231092,0.96867,-0.060172,0.00797788,1.16346,0.07736
505,5.03601,0.18634,1.42042,0.036669,0.165978,0.0916071,0.140549,0.147123,0.948582,0.190259,0.277018,1.06854,0.312087,-0.0228819,1.02581,0.208173,0.239594,0.062322,0.0870527,-0.00547992,0.453734,0.183494,0.281361,0.952054,0.0506251,0.161188,1.38075,0.222207,-0.000598014,0.0659395,0.0765873,0.0755486,1.05561,0.195108,0.0720072,0.989365,0.219899,0.510534,0.267199,-0.0970946,0.125895,0.928297,-0.130675,0.108895,1.08385,-0.246001,-0.0872668,0.973899,0.00298893,0.566164,0.322299,-0.0303248,0.126961,0.427899,-0.116168,0.274347,0.946565,-0.0139482,0.077844,1.39804,-0.122232,0.485461,0.103478,-0.0505551,0.00848953,1.01919,-0.0434796,-0.0143706,0.954343,-0.0693486,0.0107756,1.1571,0.0766271
506,5.046,0.186559,1.41721,0.0398228,0.185136,0.0917505,0.140583,0.149483,0.946029,0.190255,0.262832,1.05597,0.313043,-0.0343846,1.02504,0.199607,0.259215,0.0627976,0.0870427,0.00244541,0.446936,0.18571,0.282632,0.949243,0.0499862,0.158334,1.37548,0.224109,0.0188217,0.0653797,0.0767633,0.0652218,1.05174,0.189553,0.0585087,0.985196,0.213049,0.499423,0.267732,-0.0956519,0.125986,0.924629,-0.130668,0.12042,1.08178,-0.246886,-0.0810872,0.958181,-0.01087,0.556972,0.321017,-0.0285718,0.114754,0.42382,-0.114257,0.276216,0.942798,-0.0138929,0.0794801,1.39391,-0.120745,0.471433,0.104252,-0.050957,0.0165163,1.00613,-0.0496181,-0.00426268,0.941997,-0.0789862,0.0139778,1.15317,0.0748519
507,5.056,0.188302,1.4139,0.0422951,0.204256,0.0919029,0.140692,0.151472,0.943791,0.190276,0.248005,1.04513,0.313596,-0.0457007,1.02678,0.190118,0.278796,0.0633175,0.0870929,0.0119639,0.440741,0.187395,0.283979,0.947942,0.0503362,0.155788,1.37107,0.225251,0.0383072,0.0650457,0.0768763,0.0548929,1.04991,0.183339,0.0448821,0.983159,0.205676,0.487464,0.267294,-0.0941181,0.126345,0.922322,-0.130194,0.132885,1.08072,-0.248408,-0.0735735,0.945201,-0.0250305,0.547029,0.31852,-0.0266906,0.102534,0.421432,-0.112559,0.277881,0.941472,-0.013203,0.0822632,1.3909,-0.11978,0.455555,0.104302,-0.0512105,0.0250105,0.995707,-0.0567867,0.00697122,0.932144,-0.088976,0.0171748,1.15089,0.0722964
508,5.06599,0.191123,1.41072,0.0439829,0.223365,0.0922229,0.140859,0.153069,0.941726,0.190553,0.23271,1.03589,0.313768,-0.0565912,1.03105,0.179953,0.298373,0.0639441,0.0872549,0.0222612,0.435643,0.188295,0.285334,0.947525,0.0514048,0.154178,1.36757,0.226627,0.0578877,0.0648121,0.0768831,0.0448543,1.05022,0.176754,0.0313653,0.98345,0.197864,0.474775,0.265836,-0.0924569,0.127678,0.921551,-0.12915,0.146236,1.08082,-0.250507,-0.0649159,0.935201,-0.0388221,0.536523,0.314642,-0.0247142,0.0906202,0.420719,-0.111026,0.279048,0.941186,-0.0122109,0.0861598,1.38904,-0.11954,0.437915,0.103788,-0.0514337,0.0339141,0.988282,-0.0647358,0.0186793,0.925172,-0.0993025,0.0199697,1.14932,0.0692308
509,5.07598,0.194127,1.40829,0.0452588,0.242442,0.092699,0.140972,0.15431,0.939885,0.191048,0.217046,1.02828,0.313574,-0.0669266,1.03766,0.169461,0.31793,0.0646737,0.0874037,0.0329316,0.431597,0.188688,0.286486,0.947401,0.0527248,0.153485,1.36503,0.228333,0.0774565,0.0645555,0.0769642,0.0351604,1.05257,0.169956,0.0182233,0.985915,0.189438,0.461395,0.263376,-0.0906391,0.129562,0.921936,-0.128223,0.16027,1.08248,-0.253026,-0.0554245,0.928277,-0.0519173,0.525661,0.30922,-0.0226841,0.0791269,0.421476,-0.109677,0.279891,0.940822,-0.0109354,0.0905623,1.38816,-0.119795,0.41837,0.102819,-0.0511829,0.0431985,0.983871,-0.0731298,0.0307955,0.921159,-0.109554,0.0223902,1.14813,0.0657885
510,5.08597,0.19642,1.40719,0.0465231,0.26151,0.0933314,0.140964,0.155236,0.938456,0.191615,0.201122,1.02258,0.312968,-0.0764714,1.04638,0.158591,0.337527,0.0655125,0.0874739,0.0444463,0.428283,0.189063,0.287315,0.947345,0.0537253,0.153162,1.36369,0.229692,0.097084,0.0642762,0.0770159,0.02575,1.05667,0.162993,0.00563052,0.990449,0.180587,0.447322,0.260039,-0.0886196,0.131506,0.923323,-0.127435,0.174604,1.08596,-0.255746,-0.0453536,0.92431,-0.0642934,0.514345,0.302193,-0.0206417,0.0679837,0.423634,-0.108566,0.281141,0.940518,-0.0099218,0.0949609,1.38817,-0.120214,0.397171,0.101405,-0.0502652,0.0527177,0.982211,-0.0816367,0.0428353,0.919875,-0.119681,0.0245145,1.14755,0.0621707
511,5.09597,0.197391,1.40762,0.0479794,0.280649,0.0941726,0.140911,0.156089,0.937767,0.192043,0.185152,1.01918,0.311843,-0.085129,1.05699,0.147522,0.357203,0.0665608,0.0875419,0.05715,0.425626,0.189491,0.288264,0.947681,0.0542357,0.152369,1.36361,0.230561,0.116847,0.0639882,0.0770409,0.0170623,1.06263,0.15593,-0.00640016,0.997127,0.171788,0.432479,0.255614,-0.0864705,0.132835,0.924831,-0.127203,0.188792,1.09119,-0.25855,-0.0349309,0.922898,-0.0760209,0.50235,0.293634,-0.0186324,0.0572122,0.42704,-0.10762,0.282852,0.940781,-0.00960744,0.0991218,1.38911,-0.120558,0.37465,0.0995253,-0.0490096,0.0623529,0.982788,-0.0900631,0.0548427,0.920839,-0.129372,0.0257958,1.1479,0.0587945
512,5.10596,0.197465,1.40933,0.0496358,0.299941,0.0953206,0.140867,0.156993,0.937738,0.192215,0.169335,1.01818,0.310271,-0.0928368,1.0692,0.136521,0.377008,0.0680058,0.0877584,0.0709291,0.423528,0.189727,0.289728,0.948671,0.0543195,0.150791,1.36481,0.23123,0.13671,0.0636627,0.0771036,0.00928736,1.07018,0.148813,-0.0178021,1.00571,0.163238,0.41686,0.250098,-0.0843536,0.13411,0.926183,-0.12844,0.202539,1.09794,-0.261287,-0.0243664,0.923576,-0.0871805,0.489444,0.283631,-0.0166084,0.0470214,0.431586,-0.106808,0.284419,0.941864,-0.00987804,0.103091,1.39105,-0.120744,0.350942,0.0970831,-0.0474327,0.0722652,0.985338,-0.0981567,0.0669161,0.923678,-0.13851,0.0265102,1.14958,0.0559104
513,5.11595,0.19744,1.41173,0.0513503,0.319201,0.0967167,0.140836,0.157973,0.938349,0.192185,0.153884,1.01949,0.308228,-0.0995028,1.08269,0.125714,0.396793,0.070004,0.0881037,0.0856699,0.421954,0.189423,0.291027,0.950147,0.0539073,0.148504,1.36728,0.231725,0.156503,0.0635076,0.0770433,0.00212986,1.07908,0.141742,-0.0285187,1.01585,0.154957,0.400587,0.243578,-0.0823425,0.136729,0.927816,-0.131945,0.21562,1.10595,-0.263642,-0.0138488,0.925925,-0.0977709,0.475489,0.272256,-0.0145472,0.0373884,0.4372,-0.106151,0.285572,0.943891,-0.0104619,0.107098,1.39397,-0.120839,0.326141,0.094255,-0.0457904,0.082001,0.989611,-0.105992,0.0789643,0.928171,-0.14691,0.0262672,1.15266,0.0538102
514,5.12594,0.197848,1.41445,0.0528841,0.338175,0.0985696,0.140945,0.15902,0.939823,0.191928,0.139016,1.02276,0.305641,-0.105118,1.09701,0.11523,0.41618,0.0728513,0.0885019,0.101045,0.421304,0.188643,0.291642,0.952144,0.053031,0.1457,1.37087,0.231887,0.176209,0.0634282,0.0768993,-0.00437496,1.08907,0.134814,-0.0383695,1.02715,0.1469,0.383704,0.235849,-0.0803808,0.1425,0.930944,-0.137818,0.228074,1.11494,-0.265471,-0.00349906,0.929609,-0.107808,0.460416,0.259576,-0.0125444,0.028382,0.443759,-0.105571,0.286443,0.946875,-0.0112366,0.11134,1.39776,-0.120948,0.300386,0.0912065,-0.0442431,0.091499,0.995205,-0.113526,0.0907083,0.933927,-0.154628,0.0250922,1.1567,0.0524135
515,5.13593,0.198867,1.41743,0.0540073,0.35661,0.101151,0.141317,0.159982,0.941969,0.191548,0.125034,1.02757,0.302975,-0.109717,1.11182,0.105163,0.435028,0.0767554,0.0889613,0.116448,0.422028,0.187723,0.292225,0.955104,0.052097,0.142556,1.37537,0.231672,0.195823,0.0633515,0.0766933,-0.0101487,1.09986,0.128112,-0.0471955,1.03922,0.139086,0.365948,0.227105,-0.0785171,0.152469,0.936483,-0.145749,0.239756,1.1246,-0.266963,0.00653596,0.934371,-0.117314,0.444063,0.24582,-0.0105583,0.020036,0.451018,-0.105023,0.287132,0.95069,-0.0120526,0.1158,1.40223,-0.121082,0.273584,0.0882161,-0.0428624,0.100694,1.00151,-0.1204,0.101856,0.940494,-0.161609,0.0238843,1.161,0.0514569
516,5.14593,0.200264,1.42068,0.0546899,0.37421,0.104558,0.14194,0.160284,0.944458,0.191181,0.112037,1.03352,0.300327,-0.113359,1.12679,0.0955995,0.453295,0.0818913,0.0895486,0.131349,0.42404,0.186785,0.292748,0.959184,0.0513365,0.139293,1.38061,0.231223,0.215385,0.0632747,0.0763775,-0.0151822,1.1111,0.121646,-0.0549433,1.05178,0.131575,0.347095,0.217671,-0.0768223,0.16669,0.944731,-0.15525,0.250816,1.13464,-0.268145,0.0161118,0.939984,-0.126239,0.42633,0.231167,-0.00847988,0.0123444,0.458739,-0.104538,0.287651,0.955151,-0.012809,0.12027,1.40716,-0.121245,0.245753,0.085505,-0.0414931,0.109146,1.0081,-0.126925,0.112409,0.947748,-0.168176,0.0226272,1.16526,0.0506482
517,5.15592,0.201607,1.42428,0.0550918,0.390842,0.108786,0.142787,0.160119,0.947507,0.190714,0.100061,1.04036,0.297646,-0.11614,1.14163,0.0865933,0.470941,0.0882689,0.0903925,0.145395,0.42706,0.185656,0.292898,0.96417,0.0507813,0.135958,1.38651,0.230529,0.235053,0.0632137,0.0760413,-0.0194669,1.1225,0.115434,-0.0613958,1.06456,0.124207,0.327183,0.207884,-0.0751855,0.184472,0.955517,-0.165702,0.261464,1.14482,-0.268878,0.025128,0.946215,-0.134556,0.407212,0.216022,-0.00664129,0.00529302,0.466743,-0.10418,0.287952,0.960266,-0.0134472,0.124451,1.41237,-0.121451,0.216948,0.0832114,-0.0399743,0.117408,1.01524,-0.132777,0.122403,0.955502,-0.174166,0.0218727,1.16967,0.0497558
518,5.16591,0.202472,1.42839,0.0553167,0.406599,0.113712,0.143776,0.15955,0.951171,0.190093,0.0890523,1.04788,0.294959,-0.118145,1.15607,0.0780764,0.488104,0.096078,0.0915294,0.158612,0.430866,0.184177,0.2924,0.969895,0.0503251,0.132672,1.39284,0.229492,0.254948,0.0631869,0.0760856,-0.0230512,1.13385,0.109508,-0.0667814,1.07721,0.116973,0.306243,0.197945,-0.0737747,0.204602,0.968353,-0.176385,0.271674,1.15495,-0.269137,0.0335527,0.95281,-0.142345,0.386712,0.200645,-0.00510436,-0.000988755,0.474824,-0.104006,0.28773,0.965953,-0.0139001,0.128123,1.41772,-0.121755,0.187329,0.0814697,-0.0382785,0.125321,1.02283,-0.137974,0.131825,0.963497,-0.17955,0.0213115,1.17461,0.0483473
519,5.1759,0.202621,1.43309,0.0553999,0.421558,0.119227,0.14481,0.15842,0.955359,0.189339,0.0787965,1.05587,0.292296,-0.119493,1.1699,0.0700198,0.50437,0.104726,0.0927083,0.171317,0.435374,0.18248,0.291248,0.976143,0.049943,0.129451,1.39947,0.228118,0.274914,0.0631731,0.0760337,-0.026045,1.14508,0.10394,-0.0713127,1.08948,0.109977,0.284181,0.187846,-0.0724619,0.225509,0.982522,-0.186517,0.281181,1.16488,-0.269098,0.0413356,0.959565,-0.149684,0.364942,0.185069,-0.00362146,-0.00634592,0.482877,-0.103995,0.287187,0.972019,-0.014261,0.13122,1.42316,-0.122235,0.157113,0.0802433,-0.036588,0.132816,1.03057,-0.142593,0.1405,0.971477,-0.18457,0.0207372,1.18044,0.0461519
520,5.18589,0.202183,1.43821,0.0553051,0.435785,0.125211,0.145848,0.156707,0.959938,0.188418,0.0694132,1.06412,0.289707,-0.120333,1.18296,0.0624011,0.519474,0.11373,0.093774,0.18367,0.440424,0.180966,0.289566,0.98281,0.0496264,0.126363,1.40633,0.226373,0.294857,0.063129,0.0759122,-0.0286273,1.15614,0.0987686,-0.0750322,1.10123,0.103299,0.261014,0.177626,-0.0712757,0.245405,0.997144,-0.195312,0.289879,1.17446,-0.268724,0.0484303,0.966353,-0.156504,0.341344,0.169344,-0.0025987,-0.0106649,0.490799,-0.104137,0.286327,0.978392,-0.0145436,0.133751,1.4286,-0.122983,0.126692,0.0792863,-0.0349859,0.139525,1.03811,-0.146845,0.148422,0.979317,-0.189122,0.0203479,1.18717,0.0430633
521,5.19589,0.201459,1.44348,0.0549579,0.449233,0.131452,0.146873,0.154536,0.964787,0.187287,0.061016,1.07246,0.287108,-0.120808,1.19508,0.0552058,0.533465,0.12325,0.094783,0.195605,0.445963,0.179914,0.287427,0.989816,0.0494382,0.123298,1.4133,0.224335,0.314746,0.0629081,0.0760236,-0.0308229,1.16679,0.0939845,-0.0779972,1.11232,0.0969774,0.236671,0.167585,-0.0705045,0.262428,1.01125,-0.202031,0.297693,1.18359,-0.268024,0.054844,0.973027,-0.162744,0.31625,0.153811,-0.00213808,-0.0139033,0.498448,-0.10442,0.285233,0.985047,-0.0147658,0.135775,1.43398,-0.123992,0.0957814,0.0791925,-0.0334217,0.145354,1.04537,-0.150728,0.155582,0.986934,-0.193121,0.020203,1.19431,0.0391819
522,5.20588,0.200663,1.44864,0.054295,0.461779,0.13786,0.147799,0.151978,0.969742,0.185991,0.0536219,1.08066,0.284556,-0.121009,1.20614,0.0484274,0.546373,0.133306,0.0956381,0.207133,0.451944,0.17925,0.284836,0.997022,0.0493384,0.120147,1.42026,0.222036,0.334654,0.0625677,0.0762658,-0.0322468,1.17637,0.0892003,-0.0802777,1.12257,0.0910267,0.21125,0.157955,-0.0702728,0.274809,1.02387,-0.206035,0.304571,1.19217,-0.267099,0.060475,0.979474,-0.168617,0.289818,0.138591,-0.00220278,-0.0161471,0.505664,-0.104938,0.283911,0.991805,-0.0149093,0.13737,1.43921,-0.125253,0.064483,0.0803278,-0.0318162,0.150264,1.05236,-0.154229,0.161918,0.994186,-0.196566,0.0200302,1.20118,0.0346748
523,5.21587,0.199901,1.4535,0.0532686,0.473399,0.144406,0.148568,0.149126,0.974624,0.184574,0.0471738,1.08855,0.282113,-0.120728,1.21597,0.0420665,0.558273,0.143974,0.0963454,0.218227,0.458259,0.178681,0.281898,1.00413,0.0491548,0.116887,1.42707,0.219481,0.354838,0.0619961,0.076331,-0.0333341,1.1852,0.0847775,-0.0819552,1.1318,0.0854572,0.184992,0.148906,-0.0705493,0.281016,1.0341,-0.206838,0.310598,1.20005,-0.266027,0.0652175,0.985719,-0.173875,0.262305,0.12404,-0.00287055,-0.0174854,0.512268,-0.105671,0.282308,0.998398,-0.0149749,0.1387,1.44419,-0.126694,0.0331278,0.0827579,-0.0303429,0.154339,1.05899,-0.157331,0.167276,1.00098,-0.19937,0.0197492,1.20772,0.0299483
524,5.22586,0.199218,1.45796,0.0519192,0.484182,0.151043,0.14917,0.146125,0.979251,0.183088,0.0415776,1.09613,0.279847,-0.120101,1.22453,0.0361279,0.568984,0.155007,0.096862,0.228338,0.464579,0.178138,0.278721,1.01086,0.0487977,0.113557,1.4336,0.216667,0.374359,0.061679,0.0765529,-0.0342756,1.1933,0.0808072,-0.083103,1.13993,0.0802735,0.158177,0.140664,-0.0712286,0.279915,1.04119,-0.204153,0.31576,1.20707,-0.264788,0.068983,0.991649,-0.178666,0.234258,0.110654,-0.00407159,-0.0179023,0.518132,-0.106475,0.280451,1.00461,-0.0150232,0.13991,1.44884,-0.12818,0.00213228,0.0863855,-0.0290067,0.157626,1.06503,-0.160116,0.171662,1.00722,-0.20163,0.0192514,1.21381,0.0253404
525,5.23585,0.19857,1.46195,0.0503196,0.494286,0.157704,0.149694,0.143026,0.983419,0.1817,0.0367829,1.10327,0.277796,-0.119402,1.23174,0.0305527,0.57856,0.166302,0.0972426,0.237405,0.470585,0.177264,0.275432,1.01704,0.0483131,0.110221,1.43969,0.2136,0.392922,0.0615748,0.0768579,-0.0350275,1.20021,0.0770145,-0.0838111,1.14683,0.075476,0.13109,0.133361,-0.072238,0.270934,1.04461,-0.197956,0.320092,1.21313,-0.263486,0.0718112,0.997325,-0.183004,0.205609,0.0982481,-0.00581392,-0.0173965,0.523134,-0.107203,0.278471,1.01029,-0.0151033,0.140829,1.45301,-0.129758,-0.0280683,0.0911131,-0.0277942,0.160276,1.07047,-0.162483,0.175043,1.01284,-0.203468,0.0185626,1.21933,0.021078
526,5.24585,0.197899,1.4654,0.0485406,0.503781,0.164331,0.150175,0.13986,0.987079,0.180475,0.032786,1.10981,0.275931,-0.118661,1.23745,0.0252984,0.58713,0.177811,0.0976531,0.245407,0.476093,0.175892,0.272277,1.02251,0.0478193,0.106972,1.44519,0.21036,0.410658,0.061563,0.0771295,-0.0351403,1.20557,0.0731741,-0.0841878,1.15242,0.0710945,0.104141,0.127169,-0.0734608,0.254212,1.04417,-0.188529,0.323618,1.21811,-0.262243,0.0736256,1.00257,-0.187065,0.176666,0.0869666,-0.0080402,-0.016109,0.527094,-0.107725,0.276443,1.01536,-0.0152319,0.141447,1.45659,-0.13144,-0.0569995,0.0969198,-0.0267459,0.162022,1.07542,-0.164281,0.17726,1.0177,-0.204794,0.0175841,1.22435,0.0173585
527,5.25584,0.197147,1.46829,0.0466393,0.512684,0.170994,0.150658,0.136899,0.990245,0.179231,0.029562,1.11557,0.274239,-0.117907,1.24156,0.0203546,0.594779,0.189392,0.0982397,0.252204,0.480996,0.174064,0.269387,1.02716,0.0473029,0.103858,1.44997,0.206996,0.427623,0.06175,0.0773436,-0.0350849,1.20976,0.0696712,-0.0842443,1.15663,0.0671361,0.0779068,0.122252,-0.0748415,0.230704,1.04002,-0.176493,0.326397,1.22186,-0.2612,0.0742671,1.0073,-0.190304,0.148312,0.0772494,-0.0104271,-0.0141368,0.529868,-0.108097,0.274193,1.01978,-0.0154233,0.141819,1.45951,-0.133243,-0.0842512,0.103703,-0.0259105,0.162459,1.07979,-0.16586,0.178343,1.02178,-0.205725,0.0162445,1.22891,0.0143197
528,5.26583,0.196314,1.47057,0.044649,0.521019,0.177604,0.151148,0.134169,0.992899,0.177951,0.0271653,1.12039,0.272759,-0.117032,1.24402,0.0157651,0.601568,0.20089,0.0989238,0.257567,0.485167,0.172001,0.266845,1.03087,0.0467708,0.100892,1.45398,0.203539,0.443903,0.0622415,0.0774204,-0.0351097,1.2128,0.0666244,-0.0839528,1.15938,0.0636279,0.0530599,0.118676,-0.0763046,0.202275,1.03275,-0.162835,0.328418,1.22428,-0.26046,0.0737121,1.01142,-0.19271,0.121143,0.069149,-0.0127205,-0.0117156,0.531432,-0.108342,0.271829,1.02344,-0.0156357,0.141968,1.46169,-0.135159,-0.109378,0.111305,-0.0255296,0.162014,1.08346,-0.167234,0.178257,1.02502,-0.206326,0.0145677,1.23293,0.0118776
529,5.27582,0.195424,1.47216,0.0425813,0.528767,0.184147,0.151673,0.131525,0.994922,0.176771,0.0256797,1.12412,0.271498,-0.115977,1.24479,0.0115882,0.607613,0.21223,0.0997363,0.261362,0.488325,0.169967,0.264521,1.03362,0.0463045,0.0981151,1.45711,0.199999,0.459524,0.0631742,0.077321,-0.0350355,1.21449,0.063921,-0.0833743,1.16055,0.0605894,0.0303028,0.116351,-0.077831,0.172027,1.02353,-0.149032,0.329671,1.22525,-0.260061,0.0720152,1.01476,-0.194609,0.0958394,0.0626459,-0.014808,-0.00914936,0.531817,-0.108519,0.269479,1.02635,-0.0158491,0.1419,1.46305,-0.137196,-0.131802,0.119278,-0.0257156,0.160706,1.08628,-0.168397,0.176959,1.02736,-0.206686,0.0126307,1.2362,0.00976716
530,5.28581,0.194551,1.47301,0.0404068,0.536019,0.190779,0.152179,0.129013,0.996226,0.1756,0.0251193,1.12663,0.270481,-0.114953,1.24369,0.00784764,0.613018,0.223552,0.100656,0.263584,0.490178,0.168169,0.262264,1.03546,0.0459392,0.0955625,1.45929,0.196434,0.474466,0.0647156,0.0770535,-0.0342814,1.2143,0.0612996,-0.0825186,1.16002,0.0580733,0.0102875,0.114985,-0.0794761,0.145071,1.01443,-0.137383,0.330086,1.22467,-0.259998,0.0691328,1.01738,-0.19584,0.0732048,0.0575006,-0.0166247,-0.00673784,0.531176,-0.108589,0.267174,1.02854,-0.0161399,0.141656,1.46348,-0.139419,-0.150968,0.126899,-0.0264747,0.158435,1.08822,-0.169382,0.17443,1.02873,-0.206825,0.0105638,1.23852,0.00773457
531,5.29581,0.193745,1.47307,0.0380677,0.542948,0.197563,0.152586,0.126601,0.996692,0.174509,0.0255003,1.12789,0.269772,-0.113955,1.24066,0.004613,0.617845,0.234921,0.10157,0.264147,0.490378,0.166775,0.260053,1.0364,0.0455609,0.0932614,1.46051,0.192916,0.48853,0.0668526,0.0766574,-0.0335166,1.21246,0.0590717,-0.0813667,1.15774,0.0561468,-0.00644279,0.114111,-0.0811392,0.12838,1.00841,-0.130915,0.329714,1.22262,-0.26043,0.0651306,1.01918,-0.196671,0.0541989,0.0536108,-0.0184057,-0.00491167,0.529749,-0.108425,0.264941,1.02997,-0.0165676,0.141284,1.46294,-0.141866,-0.166542,0.133553,-0.0276598,0.155203,1.08925,-0.170196,0.170687,1.0291,-0.206747,0.0085782,1.23994,0.00584367
532,5.3058,0.19302,1.47228,0.0354942,0.549675,0.204389,0.152809,0.124427,0.996221,0.173453,0.026823,1.12794,0.269381,-0.113036,1.23558,0.00192512,0.621907,0.246371,0.102326,0.262884,0.488746,0.165801,0.257963,1.03636,0.0450958,0.0912558,1.46072,0.189512,0.501396,0.0693549,0.0761417,-0.0328958,1.20902,0.0573125,-0.0799085,1.15367,0.0548383,-0.0194511,0.113198,-0.0826558,0.126107,1.00725,-0.131273,0.328361,1.21892,-0.261211,0.0599825,1.02032,-0.196979,0.039444,0.0504891,-0.0200328,-0.00417165,0.527736,-0.108043,0.262835,1.03043,-0.0170953,0.140885,1.46135,-0.144561,-0.178374,0.138252,-0.028966,0.151006,1.08939,-0.170824,0.165777,1.02847,-0.206434,0.00664142,1.24043,0.00406403
533,5.31579,0.19239,1.47062,0.0326534,0.555924,0.211127,0.152761,0.122502,0.994827,0.172502,0.0290719,1.12685,0.269278,-0.112248,1.22842,-0.000141504,0.62461,0.257935,0.102919,0.259803,0.485417,0.165188,0.256135,1.03525,0.0445765,0.0896417,1.45985,0.186271,0.512671,0.071584,0.0757658,-0.0322198,1.20387,0.0559571,-0.0781026,1.14776,0.0541761,-0.0284068,0.111976,-0.0839079,0.131399,1.00798,-0.135119,0.326002,1.21363,-0.262319,0.0537192,1.02092,-0.196799,0.0294797,0.048235,-0.0213176,-0.00472645,0.525255,-0.107623,0.260897,1.02967,-0.0177012,0.140487,1.45866,-0.147512,-0.186539,0.140233,-0.0300346,0.145924,1.08863,-0.171253,0.159731,1.02686,-0.205914,0.00443565,1.23969,0.00235431
534,5.32578,0.191836,1.46803,0.0295462,0.561528,0.218016,0.152799,0.120755,0.992543,0.171728,0.0322949,1.12469,0.269473,-0.111534,1.21922,-0.00145541,0.625515,0.269388,0.103455,0.255112,0.480736,0.164907,0.254703,1.0329,0.044011,0.0885034,1.45785,0.183278,0.522083,0.0726961,0.0758298,-0.0307753,1.19685,0.0549214,-0.075928,1.14005,0.0541678,-0.0329166,0.11051,-0.0848705,0.131569,1.00519,-0.136617,0.322899,1.2069,-0.263909,0.0464035,1.02104,-0.196127,0.0249256,0.0477408,-0.0222654,-0.00628771,0.522524,-0.107409,0.259187,1.02748,-0.0183802,0.140005,1.45491,-0.150769,-0.1911,0.138676,-0.0306186,0.140029,1.08703,-0.171442,0.15258,1.02446,-0.205246,0.00221014,1.23728,0.000625896
535,5.33578,0.191302,1.46452,0.0262045,0.566111,0.224851,0.152875,0.119258,0.98939,0.17103,0.0364976,1.1216,0.270004,-0.110835,1.20801,-0.00193286,0.62493,0.280159,0.103858,0.249044,0.47495,0.16494,0.253719,1.02919,0.043406,0.0879188,1.45472,0.180563,0.530172,0.0722944,0.0763701,-0.0291486,1.18819,0.0543548,-0.0733377,1.13057,0.0548663,-0.0325342,0.10808,-0.0856363,0.127151,0.999303,-0.136074,0.318881,1.19863,-0.265705,0.0381018,1.02081,-0.195021,0.0262327,0.0487416,-0.0228895,-0.00824131,0.51967,-0.107435,0.257775,1.02375,-0.0191247,0.13946,1.45017,-0.154195,-0.191674,0.132752,-0.030696,0.13337,1.08466,-0.17141,0.144341,1.02147,-0.204502,0.000153173,1.23343,-0.0011218
536,5.34577,0.190759,1.46006,0.022691,0.569396,0.231048,0.152888,0.118316,0.985277,0.169952,0.0416584,1.11767,0.270856,-0.110084,1.19479,-0.00152216,0.623709,0.28946,0.10383,0.241762,0.468197,0.165392,0.253153,1.02409,0.0427692,0.0878274,1.45044,0.178101,0.538063,0.0713969,0.0770633,-0.0273813,1.17798,0.0543403,-0.0702484,1.11946,0.056362,-0.0269503,0.10419,-0.0863697,0.124529,0.993172,-0.136484,0.313854,1.18899,-0.267858,0.0288898,1.02023,-0.19362,0.0337729,0.0508809,-0.0232944,-0.0100634,0.516161,-0.107736,0.256774,1.01852,-0.0198718,0.138859,1.44448,-0.157616,-0.187188,0.122004,-0.030539,0.12599,1.08169,-0.171175,0.135139,1.01798,-0.20372,-0.00174275,1.22836,-0.00284519
537,5.35576,0.190223,1.45466,0.0190849,0.571437,0.236317,0.15279,0.117588,0.980259,0.168929,0.0477829,1.11299,0.271988,-0.109192,1.17963,-0.000205275,0.622402,0.296978,0.103216,0.233498,0.460648,0.166279,0.252857,1.01769,0.0421495,0.0881843,1.44513,0.175784,0.545692,0.0724531,0.0775554,-0.0253045,1.16633,0.0548932,-0.0665639,1.10686,0.0587521,-0.0164884,0.0996829,-0.086911,0.123619,0.98687,-0.137853,0.308072,1.17821,-0.270438,0.0187875,1.01956,-0.19158,0.0468664,0.05304,-0.0234716,-0.0119558,0.511264,-0.108575,0.256229,1.01193,-0.0205192,0.13817,1.43798,-0.161033,-0.177806,0.106889,-0.0304333,0.117971,1.07822,-0.170698,0.124883,1.01405,-0.202726,-0.00336921,1.22217,-0.00451807
538,5.36575,0.189865,1.44834,0.0154665,0.572326,0.241355,0.152552,0.117056,0.974471,0.168134,0.0549128,1.10767,0.273345,-0.108098,1.16267,0.00203792,0.620912,0.303499,0.102196,0.224575,0.452555,0.167454,0.252772,1.0102,0.0415044,0.0890082,1.43902,0.173442,0.550567,0.0765271,0.0779122,-0.0229091,1.15339,0.0561535,-0.0623012,1.09294,0.0620694,-0.00333249,0.0962742,-0.0864503,0.123001,0.980008,-0.13953,0.301372,1.16626,-0.273219,0.00792187,1.01886,-0.189097,0.0630876,0.0545946,-0.0232549,-0.0145637,0.504849,-0.110379,0.256199,1.0043,-0.021082,0.137296,1.4307,-0.164453,-0.166081,0.0909444,-0.0304447,0.109398,1.07433,-0.17,0.113694,1.00979,-0.201561,-0.00462289,1.21509,-0.00621475
539,5.37574,0.189954,1.44135,0.011891,0.571673,0.247024,0.152234,0.116598,0.968003,0.167762,0.0631071,1.10182,0.274894,-0.106588,1.1443,0.00536118,0.618608,0.309822,0.101032,0.215295,0.444252,0.168511,0.253104,1.00194,0.0407261,0.0903647,1.43255,0.170942,0.551111,0.0823833,0.0784148,-0.0201823,1.1394,0.0582937,-0.0574956,1.07793,0.0663644,0.0111216,0.0948241,-0.0853237,0.122872,0.972833,-0.141346,0.293775,1.15323,-0.276131,-0.0033576,1.01836,-0.186253,0.0803959,0.0562063,-0.0228545,-0.0183401,0.498159,-0.113345,0.256954,0.996095,-0.0218047,0.1362,1.42268,-0.167918,-0.152904,0.0784449,-0.0302123,0.100207,1.07019,-0.169185,0.101758,1.0054,-0.200083,-0.00549368,1.20738,-0.00796622
540,5.38574,0.190771,1.43434,0.00832043,0.568842,0.252888,0.151882,0.116354,0.960937,0.167789,0.072453,1.0957,0.276515,-0.104642,1.1248,0.00989884,0.614912,0.315855,0.0999872,0.205727,0.436039,0.16902,0.254068,0.993019,0.0398644,0.0922048,1.42622,0.168545,0.547781,0.0885114,0.0789194,-0.0170384,1.12453,0.0613283,-0.052141,1.06216,0.0716855,0.0269606,0.0945895,-0.0844864,0.123691,0.965758,-0.143423,0.285251,1.13931,-0.279107,-0.0150277,1.01831,-0.183069,0.0982549,0.057554,-0.0226143,-0.0230235,0.493825,-0.116804,0.258713,0.98736,-0.0229271,0.134956,1.41418,-0.171622,-0.137232,0.0709346,-0.0294517,0.0906438,1.06643,-0.168299,0.0891053,1.00116,-0.198099,-0.00601754,1.19927,-0.00955346
541,5.39573,0.1922,1.42801,0.00447205,0.563467,0.258168,0.151396,0.116628,0.953471,0.1681,0.0830182,1.08963,0.278178,-0.102255,1.10451,0.0158071,0.609452,0.321169,0.0991922,0.195343,0.428211,0.168924,0.255769,0.983128,0.0392548,0.0942467,1.42033,0.166964,0.54147,0.0941096,0.0790962,-0.0132083,1.10894,0.0649528,-0.0461008,1.04597,0.0780611,0.0441862,0.0948815,-0.0840583,0.125352,0.959726,-0.145709,0.275893,1.12479,-0.28215,-0.0270442,1.01878,-0.179351,0.1168,0.0584299,-0.0227531,-0.0275699,0.493238,-0.120047,0.261177,0.977569,-0.0238628,0.133714,1.40567,-0.175736,-0.119503,0.0673141,-0.028947,0.080875,1.06267,-0.167047,0.0753379,0.997771,-0.195498,-0.00615494,1.19079,-0.0108764
542,5.40572,0.193484,1.42285,0.000146976,0.555645,0.262504,0.150653,0.117665,0.945936,0.168516,0.0947344,1.08389,0.279816,-0.0993333,1.08378,0.0232533,0.602161,0.325495,0.0985098,0.183452,0.421494,0.168575,0.258177,0.972026,0.0397963,0.0964012,1.41467,0.166417,0.532816,0.0988385,0.078736,-0.00861384,1.09304,0.0692601,-0.0391481,1.02972,0.0854439,0.0622127,0.0951408,-0.0836846,0.127746,0.955729,-0.147687,0.265504,1.10999,-0.285144,-0.03938,1.01982,-0.17522,0.13572,0.0589995,-0.022947,-0.0305886,0.493837,-0.12302,0.263962,0.966836,-0.0229334,0.13257,1.39753,-0.180192,-0.101042,0.0654029,-0.0293299,0.0706506,1.05916,-0.165305,0.0610317,0.994705,-0.192368,-0.00574864,1.18205,-0.0119953
543,5.41571,0.193489,1.41916,-0.00434067,0.545783,0.265874,0.149624,0.119378,0.93876,0.16888,0.107255,1.07906,0.281453,-0.0955014,1.06305,0.0323047,0.593228,0.328658,0.0976765,0.169742,0.416448,0.16854,0.261178,0.960679,0.0423739,0.098499,1.40916,0.166315,0.521996,0.10257,0.0779913,-0.00322886,1.07732,0.0742603,-0.0309329,1.01373,0.0936769,0.0805953,0.0951367,-0.0833653,0.131658,0.953041,-0.148428,0.253836,1.09538,-0.2879,-0.0519174,1.02165,-0.170643,0.154884,0.0594383,-0.0230838,-0.0310181,0.491827,-0.12606,0.267287,0.957149,-0.0194534,0.131745,1.38977,-0.184577,-0.0827298,0.0640088,-0.0293087,0.0599142,1.05639,-0.163114,0.0479776,0.990956,-0.188229,-0.00474683,1.17339,-0.0127525
544,5.4257,0.191794,1.41702,-0.00807608,0.534307,0.268231,0.148409,0.121352,0.932411,0.169096,0.120332,1.07575,0.283122,-0.0902629,1.04289,0.0428592,0.582926,0.330523,0.0965344,0.155006,0.412517,0.168545,0.264773,0.95141,0.0464117,0.0998984,1.40433,0.165515,0.508962,0.105276,0.0772407,0.00312403,1.06218,0.0798527,-0.0213891,0.998508,0.102763,0.099423,0.0951414,-0.0831755,0.135339,0.95003,-0.148613,0.240798,1.08156,-0.290259,-0.0645553,1.0246,-0.165483,0.174219,0.0597894,-0.0231582,-0.0285051,0.486222,-0.129294,0.270409,0.949731,-0.0158889,0.131244,1.38262,-0.188387,-0.063971,0.063127,-0.0291071,0.0487887,1.05474,-0.160417,0.0342576,0.988825,-0.183479,-0.0031031,1.16546,-0.0128515
545,5.4357,0.189365,1.41564,-0.0103997,0.521562,0.269474,0.147088,0.123158,0.92744,0.168918,0.13387,1.07428,0.284904,-0.0835328,1.02385,0.0546465,0.571514,0.330993,0.0950342,0.140048,0.408741,0.168061,0.268022,0.945408,0.0498414,0.100781,1.40044,0.163552,0.49372,0.106943,0.076753,0.0107465,1.04808,0.0860721,-0.0105815,0.984418,0.112377,0.118409,0.0952379,-0.0831418,0.138342,0.946488,-0.148586,0.226549,1.06928,-0.292039,-0.0772104,1.02901,-0.159586,0.193672,0.0601716,-0.0232422,-0.0231397,0.479066,-0.132406,0.27236,0.945047,-0.0143736,0.13046,1.37654,-0.190987,-0.0449064,0.0624493,-0.0290596,0.0375523,1.0544,-0.157151,0.0195981,0.988628,-0.178417,-0.000842065,1.15913,-0.012028
546,5.44569,0.187642,1.41391,-0.0117149,0.507788,0.269512,0.145666,0.124237,0.924143,0.16846,0.147859,1.07442,0.286815,-0.0751961,1.00669,0.0673216,0.559191,0.329881,0.0931224,0.125052,0.405302,0.16722,0.270367,0.942776,0.0508941,0.102197,1.39741,0.161323,0.476312,0.107529,0.0765663,0.0191377,1.03579,0.0933612,0.00142039,0.972153,0.122433,0.137486,0.0954055,-0.0832508,0.140539,0.942641,-0.148585,0.211416,1.05895,-0.293104,-0.0897607,1.03522,-0.152855,0.213312,0.0606344,-0.0233972,-0.0158494,0.472301,-0.134608,0.273493,0.9434,-0.0145214,0.128663,1.37186,-0.192357,-0.0254961,0.0618614,-0.0291925,0.0264211,1.05546,-0.153191,0.00482637,0.99017,-0.17294,0.00191746,1.15502,-0.010155
547,5.45568,0.188084,1.41135,-0.0130481,0.493139,0.268268,0.14406,0.124953,0.922575,0.167687,0.162224,1.07573,0.288667,-0.0654438,0.992111,0.0805022,0.546213,0.327037,0.090737,0.109992,0.403033,0.166452,0.27165,0.942534,0.049376,0.104806,1.39504,0.1597,0.456772,0.10703,0.0765071,0.0283821,1.02568,0.10125,0.0142838,0.962305,0.133039,0.156711,0.095592,-0.0833182,0.142018,0.938851,-0.14872,0.195863,1.05056,-0.293381,-0.101729,1.04335,-0.145343,0.233009,0.0609971,-0.0234157,-0.00822067,0.466238,-0.135473,0.274378,0.94372,-0.0157664,0.125933,1.36851,-0.193406,-0.00583609,0.0614766,-0.0292476,0.0154552,1.05808,-0.148638,-0.00973474,0.993513,-0.166994,0.00496981,1.15313,-0.00736622
548,5.46567,0.190703,1.40815,-0.0153293,0.477747,0.265717,0.142209,0.125706,0.922405,0.166719,0.176898,1.07827,0.290467,-0.0546576,0.980519,0.0938015,0.532796,0.322277,0.0878763,0.0950903,0.40236,0.165795,0.271816,0.94354,0.0463824,0.108466,1.39337,0.15863,0.43533,0.105476,0.0765977,0.0383973,1.0178,0.109533,0.0279263,0.955082,0.143916,0.175953,0.095821,-0.083341,0.142894,0.935424,-0.149041,0.180289,1.04392,-0.292922,-0.112824,1.05325,-0.137258,0.252692,0.0612692,-0.0233035,-0.00062309,0.460691,-0.135719,0.274472,0.944256,-0.0179707,0.123111,1.36626,-0.194814,0.0140028,0.0610629,-0.0294716,0.00458979,1.06242,-0.143861,-0.0243538,0.998898,-0.160682,0.00796983,1.15281,-0.00397726
549,5.47566,0.193889,1.4051,-0.0186039,0.461733,0.261934,0.140121,0.126937,0.923303,0.16551,0.191775,1.08222,0.292191,-0.0431885,0.971958,0.106928,0.519099,0.315549,0.0845719,0.0806673,0.403394,0.165096,0.271688,0.945011,0.0429682,0.112589,1.39262,0.157681,0.411975,0.103074,0.0767997,0.0491565,1.01235,0.118141,0.0417572,0.950441,0.15494,0.195029,0.0962175,-0.083471,0.143272,0.932589,-0.149575,0.164834,1.03896,-0.291852,-0.122978,1.06467,-0.12868,0.272382,0.0615167,-0.0232379,0.00799825,0.456031,-0.1364,0.274679,0.944627,-0.0207544,0.121038,1.36515,-0.196372,0.0338008,0.0607639,-0.0296567,-0.00595285,1.0684,-0.138915,-0.0381927,1.00592,-0.153746,0.0106311,1.15332,-0.000351816
550,5.48566,0.196027,1.40371,-0.0222727,0.445153,0.256944,0.137879,0.128772,0.925002,0.164195,0.20648,1.08759,0.293914,-0.0313125,0.96626,0.119728,0.50504,0.306836,0.0809248,0.0668692,0.406073,0.164203,0.271625,0.946123,0.0397095,0.116946,1.39271,0.15669,0.386525,0.100063,0.0772256,0.0603403,1.00909,0.126811,0.0555194,0.948237,0.165835,0.214181,0.0965984,-0.0837982,0.143247,0.930522,-0.150321,0.149552,1.03581,-0.29026,-0.132117,1.07731,-0.1197,0.29215,0.0619672,-0.0233955,0.0181156,0.452675,-0.137092,0.275037,0.944775,-0.0237235,0.119488,1.36521,-0.197816,0.0536833,0.0605011,-0.0299162,-0.0155661,1.07562,-0.133399,-0.0510075,1.01434,-0.146236,0.0130595,1.15432,0.0031427
551,5.49565,0.19608,1.40497,-0.0253829,0.42798,0.250587,0.135253,0.130966,0.927146,0.163034,0.220918,1.0943,0.295461,-0.0192386,0.96314,0.132085,0.490623,0.295952,0.0769295,0.0536869,0.410234,0.163116,0.272017,0.947105,0.0369598,0.12131,1.39365,0.155657,0.35919,0.0969522,0.077785,0.071695,1.00798,0.135276,0.06919,0.948326,0.176249,0.233487,0.0970333,-0.0841559,0.142916,0.929356,-0.151255,0.134575,1.03457,-0.288111,-0.140158,1.09081,-0.110471,0.311971,0.0625977,-0.0236497,0.0295862,0.450045,-0.13715,0.275867,0.945059,-0.0263416,0.117642,1.3664,-0.198876,0.0736675,0.0602195,-0.0302457,-0.0242438,1.08395,-0.127395,-0.0627363,1.02398,-0.138306,0.0154665,1.15571,0.00628831
552,5.50564,0.194654,1.40809,-0.0273978,0.410082,0.243016,0.1323,0.133136,0.929549,0.162222,0.235105,1.1022,0.296583,-0.00717294,0.962248,0.143875,0.475511,0.283009,0.0727752,0.0413174,0.415647,0.161982,0.273277,0.948885,0.0350963,0.125491,1.39559,0.154594,0.330301,0.0940207,0.0784474,0.0830047,1.00889,0.143395,0.0828045,0.950471,0.18598,0.252782,0.0978446,-0.0844679,0.142371,0.92918,-0.152334,0.120095,1.03542,-0.285329,-0.14708,1.10486,-0.101149,0.331731,0.0633182,-0.0238073,0.0425457,0.447574,-0.136865,0.276769,0.945832,-0.0282701,0.115155,1.36869,-0.199484,0.0935414,0.059988,-0.0302698,-0.0320975,1.09322,-0.120976,-0.073258,1.03467,-0.130052,0.0167622,1.15748,0.00829062
553,5.51563,0.193106,1.41162,-0.0285808,0.391376,0.234446,0.12928,0.135034,0.932408,0.161656,0.248983,1.11117,0.297103,0.00476944,0.963256,0.154951,0.459364,0.268484,0.0686888,0.0299008,0.422074,0.160769,0.274948,0.951553,0.0342171,0.12933,1.39862,0.153555,0.300244,0.091281,0.0791433,0.0941026,1.01152,0.151069,0.0961375,0.954322,0.195111,0.272069,0.0989478,-0.0847465,0.141691,0.93004,-0.153499,0.106292,1.03824,-0.282178,-0.152869,1.11916,-0.0916931,0.351396,0.0642762,-0.0238302,0.0568501,0.445668,-0.136449,0.277629,0.947639,-0.0294176,0.112246,1.37203,-0.199833,0.113343,0.059737,-0.0301111,-0.039062,1.10319,-0.114346,-0.082522,1.04608,-0.121449,0.0163171,1.15987,0.009169
554,5.52563,0.192508,1.41495,-0.0296397,0.371761,0.224979,0.126291,0.136463,0.935949,0.161241,0.262255,1.12106,0.297178,0.016425,0.965958,0.165351,0.441857,0.25268,0.0646886,0.0194598,0.429317,0.159424,0.276432,0.954863,0.0338773,0.133122,1.40254,0.152575,0.269537,0.0886725,0.0796936,0.104841,1.0156,0.158018,0.109123,0.959592,0.203614,0.29109,0.10015,-0.0848796,0.140943,0.931939,-0.154683,0.093414,1.04269,-0.279024,-0.157589,1.13343,-0.0821434,0.371059,0.0662093,-0.0240447,0.0716931,0.444894,-0.135725,0.278349,0.950794,-0.0299075,0.109121,1.37626,-0.199966,0.133143,0.0595159,-0.0301652,-0.045093,1.11366,-0.107682,-0.0906331,1.05785,-0.113009,0.0145623,1.16312,0.00927309
555,5.53562,0.193262,1.41812,-0.0311911,0.35113,0.214727,0.123374,0.137643,0.940365,0.160827,0.274837,1.13169,0.296736,0.0276525,0.970135,0.175094,0.422718,0.236091,0.0606866,0.0100057,0.437147,0.15803,0.277484,0.958611,0.0336829,0.137113,1.40718,0.151567,0.238482,0.0860888,0.0799929,0.115142,1.02083,0.164031,0.121934,0.965862,0.211159,0.309871,0.102055,-0.0852479,0.140173,0.93484,-0.155816,0.0814816,1.04833,-0.275881,-0.161296,1.14743,-0.0725706,0.390414,0.0693434,-0.024473,0.0865589,0.445178,-0.134651,0.278698,0.955062,-0.0300765,0.105573,1.38125,-0.199725,0.153107,0.0592379,-0.0301721,-0.0502034,1.12436,-0.101023,-0.0975577,1.06972,-0.104749,0.0128093,1.16724,0.00893142
556,5.54561,0.19474,1.4213,-0.0332101,0.32949,0.203931,0.120543,0.138891,0.945692,0.160414,0.286753,1.14283,0.2957,0.03841,0.975575,0.184111,0.401872,0.219119,0.0568802,0.00155153,0.445337,0.156598,0.278251,0.96287,0.0334176,0.141385,1.4123,0.150383,0.207164,0.0835228,0.0799703,0.124898,1.02721,0.169557,0.13423,0.97324,0.217395,0.328033,0.104915,-0.0860253,0.139403,0.93867,-0.156827,0.070398,1.05477,-0.272724,-0.164006,1.16096,-0.0629805,0.409281,0.0739134,-0.0251737,0.101478,0.446401,-0.133488,0.278575,0.959999,-0.0302051,0.101535,1.38689,-0.198994,0.173113,0.0590172,-0.0302839,-0.0544292,1.13498,-0.0943934,-0.103353,1.0815,-0.096616,0.0116629,1.17241,0.00856176
557,5.5556,0.195976,1.42492,-0.0352757,0.306921,0.192859,0.117736,0.139952,0.951774,0.159833,0.298035,1.15422,0.294084,0.048576,0.981969,0.192305,0.37945,0.201937,0.053394,-0.00581661,0.453739,0.155021,0.279074,0.967891,0.0330381,0.145398,1.41783,0.149184,0.175781,0.0811237,0.0793919,0.13405,1.0345,0.174584,0.145435,0.981403,0.222815,0.345202,0.108843,-0.087238,0.138628,0.943316,-0.157653,0.0600227,1.06173,-0.269584,-0.165825,1.17385,-0.0534004,0.427511,0.0799872,-0.0261049,0.115833,0.448748,-0.132558,0.278294,0.965506,-0.0304489,0.0972417,1.39302,-0.197783,0.193249,0.0588111,-0.030499,-0.0578615,1.14539,-0.0879174,-0.108223,1.09291,-0.0887138,0.0108872,1.17839,0.00894099
558,5.56559,0.196165,1.42957,-0.0369864,0.283411,0.181789,0.115054,0.139885,0.958237,0.158939,0.30867,1.16561,0.291944,0.0580367,0.98904,0.199648,0.355835,0.184877,0.0503143,-0.0120324,0.462129,0.153372,0.279881,0.973691,0.0327017,0.148846,1.42376,0.148042,0.143969,0.079549,0.0782479,0.14255,1.04247,0.179001,0.156061,0.990032,0.227402,0.361231,0.113656,-0.0887506,0.137814,0.948634,-0.158242,0.050298,1.06901,-0.266542,-0.166912,1.18591,-0.0438806,0.44492,0.0874111,-0.0271942,0.129197,0.452375,-0.131862,0.277911,0.97148,-0.0308152,0.093019,1.39951,-0.196261,0.21363,0.0584881,-0.0306399,-0.0606104,1.15544,-0.0815206,-0.112247,1.10376,-0.0811068,0.0101233,1.18502,0.0105243
559,5.57559,0.195143,1.43533,-0.0381233,0.258569,0.170714,0.112896,0.138517,0.964886,0.157831,0.318671,1.17685,0.289373,0.0668667,0.996724,0.206346,0.331138,0.16808,0.0477818,-0.0170483,0.470299,0.151779,0.279507,0.979768,0.0324988,0.151796,1.42999,0.146959,0.11169,0.0791925,0.0764604,0.150355,1.05086,0.18278,0.16608,0.998871,0.231093,0.376242,0.118998,-0.0903817,0.136892,0.954447,-0.158558,0.0412313,1.07659,-0.263642,-0.167307,1.19697,-0.0343667,0.461598,0.0960886,-0.0284289,0.141728,0.457029,-0.131387,0.277202,0.977691,-0.0311821,0.0889892,1.40625,-0.194593,0.233973,0.0582146,-0.0306765,-0.062697,1.16503,-0.0752382,-0.115039,1.11403,-0.0734776,0.00957351,1.19206,0.0135059
560,5.58558,0.193461,1.44161,-0.0387088,0.232731,0.159827,0.111044,0.136703,0.971767,0.156749,0.328034,1.18784,0.286434,0.0751725,1.00475,0.212326,0.305372,0.151587,0.0458359,-0.0208936,0.478047,0.150412,0.278036,0.986067,0.0322935,0.154296,1.43635,0.145997,0.0792659,0.0800564,0.073965,0.157412,1.0595,0.185942,0.175379,1.00775,0.233892,0.390308,0.124779,-0.0920187,0.135744,0.96054,-0.158586,0.0329885,1.08439,-0.26078,-0.167037,1.2069,-0.0248948,0.477145,0.105658,-0.0298643,0.153763,0.462309,-0.131065,0.27606,0.984077,-0.0314836,0.0851778,1.41318,-0.192867,0.254091,0.0580309,-0.0307592,-0.0641457,1.174,-0.0692386,-0.116779,1.12357,-0.0658825,0.0093123,1.19914,0.0177386
561,5.59557,0.191896,1.44789,-0.0389741,0.206257,0.149354,0.109271,0.135214,0.978828,0.155907,0.336601,1.19844,0.283147,0.0827814,1.01291,0.2176,0.278332,0.135315,0.0444827,-0.0235801,0.485204,0.149339,0.276658,0.99296,0.0320438,0.15639,1.44272,0.145241,0.0469568,0.0822974,0.0707308,0.163774,1.06824,0.188502,0.183732,1.01674,0.235885,0.403483,0.131035,-0.0935119,0.134187,0.966653,-0.158337,0.0255762,1.0924,-0.258014,-0.166185,1.21554,-0.0155361,0.49142,0.116093,-0.0313621,0.165434,0.468207,-0.130829,0.274561,0.990706,-0.0316879,0.0816132,1.4201,-0.191019,0.274187,0.057519,-0.0310316,-0.0650072,1.18226,-0.0634181,-0.117752,1.13211,-0.0585318,0.00929673,1.20592,0.0227394
562,5.60556,0.190622,1.45379,-0.039075,0.179175,0.139535,0.107582,0.134158,0.985801,0.155412,0.344249,1.20852,0.279492,0.0896505,1.02107,0.222165,0.25044,0.119909,0.0437027,-0.0250837,0.491683,0.148406,0.275455,1.00043,0.0318648,0.158127,1.44904,0.144751,0.0153002,0.0858449,0.0665735,0.169393,1.07694,0.190422,0.191076,1.02569,0.2371,0.41565,0.137689,-0.0947426,0.132027,0.972529,-0.157856,0.0189363,1.10048,-0.255552,-0.16481,1.22278,-0.00633957,0.50446,0.127224,-0.032678,0.176609,0.474708,-0.130664,0.27287,0.997557,-0.0317291,0.078347,1.42692,-0.189006,0.294477,0.0568234,-0.0312101,-0.0653569,1.18962,-0.0577152,-0.118042,1.13949,-0.0515199,0.00940221,1.21216,0.0279329
563,5.61555,0.189814,1.45936,-0.0391517,0.151482,0.130672,0.105959,0.133285,0.992456,0.155223,0.351017,1.21791,0.275514,0.0957224,1.02915,0.225991,0.221558,0.105355,0.0427867,-0.0252657,0.497488,0.147248,0.273419,1.00785,0.0318634,0.15957,1.45526,0.144542,-0.0152757,0.0906275,0.0616888,0.174254,1.08546,0.191786,0.197484,1.03435,0.237688,0.426912,0.144496,-0.0957485,0.129221,0.978029,-0.157231,0.0131494,1.1084,-0.253332,-0.16291,1.22861,0.00264767,0.516258,0.138873,-0.0337602,0.187128,0.481619,-0.130502,0.27072,1.00445,-0.0315174,0.0753494,1.43358,-0.186823,0.314287,0.0562873,-0.0313416,-0.0653654,1.19614,-0.0522427,-0.117733,1.14573,-0.0449213,0.00964101,1.21789,0.0327855
564,5.62555,0.189359,1.46462,-0.039195,0.1236,0.122932,0.104308,0.132608,0.998877,0.155157,0.356989,1.22648,0.271365,0.100895,1.03699,0.229068,0.192687,0.0926199,0.042167,-0.0244057,0.50245,0.146026,0.270678,1.01497,0.0320272,0.160786,1.46128,0.144592,-0.0447913,0.0970249,0.0567913,0.178359,1.09353,0.192975,0.202993,1.04252,0.237789,0.437377,0.151493,-0.0967886,0.125918,0.983166,-0.156588,0.00819719,1.11599,-0.251368,-0.16054,1.23296,0.0113809,0.5268,0.151033,-0.0347051,0.196791,0.488613,-0.130296,0.268187,1.01117,-0.0310749,0.0725922,1.43996,-0.184462,0.333121,0.0560371,-0.0315651,-0.0650609,1.20171,-0.0471013,-0.116916,1.15078,-0.0388375,0.0100952,1.22371,0.0370177
565,5.63554,0.188893,1.46946,-0.0390716,0.0961317,0.116456,0.102828,0.13263,1.00513,0.155151,0.36222,1.23411,0.267279,0.105109,1.04446,0.231533,0.163898,0.0815094,0.0416775,-0.0225377,0.506478,0.144573,0.267658,1.02167,0.032266,0.161806,1.46696,0.144843,-0.0727339,0.104715,0.05226,0.181749,1.10102,0.193638,0.20754,1.05004,0.237513,0.446953,0.158471,-0.097727,0.123617,0.988926,-0.15605,0.00401108,1.12306,-0.249649,-0.157768,1.23581,0.0198082,0.535947,0.163442,-0.0356214,0.205376,0.495476,-0.130016,0.265552,1.01746,-0.0304781,0.0700376,1.44597,-0.181938,0.351105,0.0562839,-0.0318823,-0.0640973,1.20564,-0.0423253,-0.115684,1.15455,-0.0333082,0.0104674,1.2299,0.0401677
566,5.64553,0.188442,1.47401,-0.0386818,0.0695597,0.111512,0.101561,0.133418,1.01032,0.155596,0.366721,1.24066,0.263335,0.108343,1.05144,0.23339,0.135606,0.0721991,0.0411506,-0.019772,0.509522,0.142684,0.264786,1.02765,0.0325198,0.162484,1.47206,0.145242,-0.0986675,0.113234,0.0483541,0.184365,1.1079,0.193851,0.211086,1.05679,0.236841,0.455821,0.165596,-0.0988733,0.120398,0.993732,-0.155581,0.000555862,1.12954,-0.248204,-0.154674,1.23711,0.0278414,0.543851,0.176069,-0.036666,0.212655,0.502066,-0.129641,0.262874,1.02309,-0.0297833,0.0676909,1.45147,-0.179298,0.36841,0.0569959,-0.0322072,-0.0627824,1.20832,-0.0378727,-0.114113,1.15701,-0.0283714,0.0103936,1.23634,0.0420496
567,5.65552,0.187786,1.47812,-0.0379197,0.0444623,0.108411,0.100294,0.133097,1.01444,0.155997,0.370501,1.24596,0.259579,0.110524,1.05782,0.234666,0.108671,0.0650468,0.040541,-0.0165211,0.511618,0.140255,0.262419,1.03255,0.0328133,0.163067,1.47655,0.145759,-0.122249,0.122401,0.0451146,0.186135,1.11407,0.193745,0.213614,1.06268,0.235642,0.464031,0.172824,-0.100383,0.117449,0.998299,-0.154905,-0.00219709,1.13535,-0.247041,-0.151339,1.23678,0.0354169,0.550601,0.188827,-0.038048,0.218442,0.508116,-0.129277,0.260167,1.02802,-0.0290773,0.0655666,1.4564,-0.176571,0.384983,0.0580656,-0.0325609,-0.0612057,1.20989,-0.0337659,-0.112241,1.1581,-0.0241215,0.00975376,1.24266,0.0429731
568,5.66551,0.18693,1.48167,-0.0367742,0.0215825,0.107098,0.098907,0.130385,1.01695,0.156297,0.373587,1.24991,0.256101,0.111665,1.06349,0.235357,0.0837902,0.0598828,0.0399493,-0.01319,0.512832,0.137535,0.260503,1.03639,0.0332056,0.163709,1.4803,0.146331,-0.143008,0.132028,0.0424608,0.187064,1.11942,0.193458,0.215016,1.0676,0.234426,0.471488,0.179739,-0.102086,0.114898,1.00255,-0.154036,-0.00425338,1.14038,-0.246118,-0.147823,1.23477,0.0424771,0.556207,0.201478,-0.0397565,0.222543,0.513225,-0.129121,0.257399,1.03225,-0.0283905,0.0636565,1.46069,-0.173809,0.400828,0.0594645,-0.03292,-0.0594077,1.2102,-0.0300551,-0.110121,1.1578,-0.020543,0.00863361,1.24832,0.0434962
569,5.67551,0.186104,1.48461,-0.0353005,0.00167867,0.107117,0.0975317,0.127612,1.01873,0.156502,0.375971,1.25242,0.253015,0.111738,1.06835,0.235551,0.0617119,0.0562571,0.0390938,-0.00992597,0.513275,0.134639,0.258697,1.03943,0.0336547,0.164423,1.48317,0.146952,-0.160615,0.141572,0.0400374,0.187151,1.12384,0.193016,0.215285,1.07146,0.233161,0.478371,0.186243,-0.103897,0.112439,1.00612,-0.153061,-0.00560923,1.14447,-0.245427,-0.144171,1.23107,0.0489278,0.560822,0.213879,-0.0417087,0.22485,0.517058,-0.129335,0.25463,1.03573,-0.0277612,0.0620019,1.46424,-0.171064,0.415864,0.0612714,-0.0333765,-0.0574365,1.2091,-0.0267202,-0.107895,1.15611,-0.0174632,0.00719465,1.25316,0.0439238
570,5.6855,0.185366,1.48669,-0.0336028,-0.0147409,0.10794,0.095881,0.126403,1.02023,0.156655,0.377627,1.25339,0.250376,0.110657,1.07228,0.235457,0.0430492,0.0538127,0.0376481,-0.00704705,0.513267,0.131778,0.256723,1.04167,0.0341256,0.165014,1.48501,0.147622,-0.174808,0.150234,0.0377914,0.186347,1.12728,0.192424,0.214478,1.07412,0.231725,0.484928,0.192521,-0.105702,0.109961,1.00881,-0.152021,-0.0062612,1.14755,-0.244983,-0.140455,1.22558,0.0546544,0.564639,0.226175,-0.0438182,0.225426,0.519495,-0.13005,0.251981,1.03845,-0.0271966,0.0606159,1.46699,-0.168378,0.43025,0.0634497,-0.0341671,-0.0553515,1.20661,-0.0238548,-0.105507,1.153,-0.0151062,0.00528478,1.25719,0.0441137
571,5.69549,0.184721,1.48781,-0.0317871,-0.0272312,0.108978,0.0936348,0.124854,1.02051,0.157195,0.378493,1.25276,0.248245,0.108437,1.0752,0.235034,0.0285475,0.0525714,0.0354201,-0.00520736,0.513064,0.129297,0.254697,1.0429,0.0346704,0.165575,1.48577,0.148371,-0.185783,0.156922,0.0358826,0.184603,1.12969,0.191707,0.212432,1.07577,0.230075,0.491258,0.199103,-0.107624,0.107583,1.01059,-0.15098,-0.00625699,1.14955,-0.244804,-0.136799,1.21831,0.0596068,0.567824,0.238365,-0.046063,0.224408,0.520506,-0.131311,0.249651,1.0404,-0.0267098,0.0594648,1.46886,-0.16578,0.443991,0.065987,-0.0354513,-0.053385,1.2028,-0.0216269,-0.102964,1.14843,-0.0135366,0.00331523,1.26008,0.0445097
572,5.70548,0.184146,1.48794,-0.0299281,-0.0357891,0.109256,0.0908743,0.122547,1.01938,0.158087,0.378503,1.25046,0.246655,0.105162,1.07705,0.234065,0.018325,0.0515952,0.0323303,-0.00480039,0.51255,0.127297,0.252911,1.04312,0.035298,0.166163,1.48541,0.149313,-0.19364,0.160931,0.0341797,0.181923,1.13103,0.190886,0.20921,1.0762,0.228048,0.497224,0.205967,-0.109665,0.105416,1.01149,-0.149966,-0.0056021,1.15046,-0.24489,-0.133276,1.20935,0.0637812,0.570114,0.250341,-0.0484675,0.22179,0.520017,-0.132917,0.247749,1.04166,-0.0262946,0.0585298,1.46983,-0.163351,0.456525,0.0691341,-0.0367321,-0.0517818,1.19766,-0.0200732,-0.100277,1.1424,-0.0126589,0.00139299,1.26172,0.0453634
573,5.71547,0.183626,1.4871,-0.028028,-0.0406092,0.108202,0.0878885,0.120786,1.01727,0.158941,0.377609,1.24641,0.245681,0.100852,1.07781,0.232578,0.0124548,0.0501267,0.028721,-0.00583708,0.511568,0.12574,0.251436,1.04241,0.0359612,0.166736,1.48388,0.150565,-0.198116,0.162519,0.0326847,0.178314,1.13124,0.189975,0.204876,1.07534,0.22582,0.502636,0.212832,-0.111807,0.103493,1.01151,-0.148967,-0.00430504,1.15029,-0.245253,-0.129923,1.19872,0.0670581,0.571017,0.262063,-0.0510929,0.217583,0.518021,-0.134624,0.246209,1.0423,-0.0259663,0.0577604,1.46988,-0.161175,0.467473,0.0729799,-0.0379812,-0.0503806,1.19105,-0.0186717,-0.0974447,1.13493,-0.0125065,-0.00039489,1.26193,0.0467974
574,5.72547,0.183214,1.48542,-0.0260355,-0.0418584,0.105915,0.0848042,0.119964,1.01424,0.159661,0.375818,1.24065,0.245302,0.0955005,1.07757,0.230736,0.0111432,0.0488672,0.0245891,-0.00790213,0.509996,0.124587,0.250273,1.04073,0.0365883,0.16725,1.48116,0.152244,-0.199032,0.161584,0.0306078,0.173868,1.13035,0.188932,0.199477,1.07328,0.223482,0.507264,0.219538,-0.114043,0.101838,1.01067,-0.148001,-0.00231847,1.14907,-0.245907,-0.12678,1.18644,0.0693185,0.570371,0.273439,-0.0539748,0.211953,0.514749,-0.136416,0.244764,1.04211,-0.0257013,0.0570741,1.469,-0.159276,0.476544,0.0762632,-0.0399028,-0.0484231,1.18297,-0.0177388,-0.0944197,1.12601,-0.0130827,-0.00194746,1.26046,0.0487857
575,5.73546,0.182732,1.4828,-0.023962,-0.0393114,0.103162,0.0818043,0.119499,1.01024,0.160308,0.373128,1.23322,0.245489,0.0891569,1.07651,0.228567,0.0145981,0.0484657,0.0212879,-0.0103614,0.507538,0.12376,0.249423,1.03796,0.0370446,0.167617,1.47723,0.154401,-0.196718,0.157615,0.0273765,0.168676,1.12841,0.187722,0.193044,1.07013,0.221094,0.510977,0.226008,-0.116286,0.100453,1.0089,-0.14711,0.000367933,1.14684,-0.246796,-0.123942,1.17256,0.0704282,0.568654,0.28398,-0.056856,0.205073,0.51046,-0.138406,0.243238,1.04077,-0.0254503,0.056357,1.46712,-0.157606,0.483445,0.0771059,-0.0425926,-0.0461371,1.17357,-0.0174458,-0.0911173,1.11568,-0.0143744,-0.00328,1.25723,0.0509592
576,5.74545,0.182098,1.47924,-0.0217808,-0.0325204,0.100633,0.0790099,0.119447,1.00568,0.160848,0.36952,1.22419,0.246218,0.0819286,1.07475,0.225973,0.0230478,0.04936,0.0188283,-0.0126527,0.503899,0.12319,0.248802,1.03403,0.0372489,0.167767,1.47216,0.157005,-0.191653,0.14939,0.0227252,0.162738,1.12556,0.186315,0.185644,1.06592,0.21867,0.51366,0.231826,-0.118392,0.0993855,1.00616,-0.14633,0.00370679,1.1437,-0.247839,-0.121245,1.15726,0.0703963,0.566535,0.292889,-0.0592202,0.197116,0.505214,-0.140652,0.241741,1.03807,-0.0252605,0.0555946,1.46419,-0.156011,0.48938,0.0756903,-0.0458212,-0.044023,1.1629,-0.0176733,-0.08748,1.10396,-0.0163521,-0.00446245,1.25238,0.0531822
577,5.75544,0.181324,1.47478,-0.0194306,-0.0219853,0.097897,0.0764423,0.119886,1.00048,0.161389,0.365032,1.21367,0.247436,0.0738192,1.07239,0.223119,0.0355689,0.0508324,0.0163525,-0.0145719,0.499231,0.122643,0.248432,1.02887,0.0371697,0.167648,1.466,0.159971,-0.18372,0.136709,0.0174541,0.155984,1.12191,0.184669,0.17735,1.06073,0.216204,0.515314,0.236572,-0.120404,0.0986431,1.00238,-0.145635,0.0076048,1.13971,-0.249032,-0.118788,1.14063,0.0691537,0.564431,0.299693,-0.0606472,0.188186,0.498984,-0.143114,0.240501,1.03382,-0.0251277,0.0548009,1.46023,-0.154352,0.495551,0.0748872,-0.0488207,-0.041602,1.15106,-0.0185346,-0.0834882,1.09091,-0.0189881,-0.00540191,1.24616,0.0553173
578,5.76544,0.180416,1.46943,-0.016943,-0.00919487,0.0946965,0.0740115,0.120653,0.994669,0.162067,0.359698,1.20177,0.24911,0.0649011,1.06936,0.219699,0.0504796,0.0522808,0.0138057,-0.0162311,0.493988,0.121573,0.248445,1.02239,0.0367899,0.167234,1.45882,0.163145,-0.173376,0.121411,0.0128455,0.148787,1.11717,0.182936,0.168132,1.05495,0.213743,0.516125,0.240671,-0.12223,0.0980944,0.997522,-0.145121,0.0119997,1.13494,-0.250374,-0.11658,1.12286,0.066755,0.562521,0.304822,-0.0612661,0.178425,0.491836,-0.145715,0.23987,1.02787,-0.0250805,0.0540185,1.45524,-0.152489,0.500646,0.0771609,-0.0519262,-0.0391287,1.13801,-0.0198783,-0.0791481,1.07669,-0.022332,-0.00601448,1.23894,0.0572764
579,5.77543,0.179496,1.46312,-0.0143329,0.00415024,0.0918772,0.0717763,0.121655,0.988477,0.163017,0.353535,1.18856,0.251141,0.0552711,1.06595,0.216017,0.0659097,0.053846,0.0118681,-0.0179794,0.488102,0.120236,0.248868,1.01465,0.0361301,0.166545,1.45069,0.166392,-0.161904,0.106071,0.00954624,0.14112,1.11155,0.181148,0.158063,1.04873,0.211333,0.515815,0.245378,-0.123778,0.0976797,0.991596,-0.144916,0.0168549,1.12941,-0.251906,-0.114482,1.10414,0.0632084,0.560577,0.309707,-0.0615676,0.168006,0.483916,-0.14827,0.239997,1.02028,-0.0252544,0.0533034,1.44928,-0.150368,0.502262,0.0815417,-0.0556523,-0.0366607,1.12382,-0.0218474,-0.0744239,1.06148,-0.0264311,-0.00625289,1.23102,0.0589571
580,5.78542,0.178765,1.45599,-0.0115748,0.0178207,0.0905318,0.0698498,0.1229,0.982124,0.163743,0.346503,1.17416,0.253472,0.0452095,1.06212,0.212187,0.0815679,0.0558451,0.0111369,-0.0201886,0.481351,0.119186,0.249865,1.00601,0.0353742,0.165575,1.44175,0.169676,-0.150051,0.0921214,0.00750563,0.133015,1.10521,0.179218,0.14726,1.04207,0.208922,0.51369,0.250695,-0.125131,0.0974326,0.984707,-0.145139,0.0221975,1.12322,-0.253614,-0.11243,1.08468,0.0585877,0.557835,0.314721,-0.0618847,0.157223,0.475451,-0.150449,0.240907,1.01136,-0.0257578,0.0527561,1.44252,-0.148052,0.500087,0.0867439,-0.0597322,-0.0339083,1.1088,-0.0244457,-0.0693939,1.04554,-0.0313035,-0.00615747,1.22264,0.0602706
581,5.79541,0.178558,1.44859,-0.00859352,0.0326989,0.0902216,0.0685449,0.124441,0.97547,0.164413,0.338572,1.15877,0.256055,0.034727,1.05788,0.208036,0.0985288,0.0577495,0.0110644,-0.0235207,0.474866,0.11883,0.251795,0.996735,0.034805,0.164288,1.43224,0.173053,-0.136838,0.0809095,0.00617159,0.124434,1.09825,0.177091,0.135927,1.03463,0.206148,0.509428,0.255885,-0.126395,0.097469,0.976992,-0.145871,0.0281112,1.11647,-0.255474,-0.110362,1.0647,0.0528745,0.553881,0.319282,-0.0621509,0.146123,0.466734,-0.151835,0.242638,1.00159,-0.0265515,0.0523604,1.43539,-0.145829,0.494717,0.0919177,-0.0635708,-0.0308467,1.09321,-0.0277079,-0.0643047,1.02916,-0.0368964,-0.00582467,1.21388,0.0611924
582,5.8054,0.179143,1.44166,-0.00529641,0.049195,0.090357,0.0682656,0.126491,0.968583,0.165079,0.329675,1.1426,0.258831,0.0238672,1.05325,0.203555,0.116884,0.0591613,0.011242,-0.0281875,0.470997,0.119429,0.254618,0.986606,0.0344148,0.162707,1.42264,0.176719,-0.120731,0.0740545,0.00526693,0.115217,1.09105,0.174726,0.124104,1.02661,0.202902,0.502917,0.260487,-0.127584,0.0979999,0.968675,-0.147068,0.0347624,1.10934,-0.257399,-0.108258,1.04445,0.0460366,0.548364,0.323086,-0.0625908,0.134363,0.458325,-0.152148,0.245072,0.991067,-0.0275439,0.0520374,1.42844,-0.144233,0.487063,0.0964787,-0.0671133,-0.0275818,1.0771,-0.0317187,-0.0591911,1.01261,-0.0434296,-0.00530748,1.20465,0.0617258
583,5.8154,0.179947,1.43541,-0.00183072,0.0670125,0.0906509,0.0683037,0.129054,0.96191,0.165631,0.31969,1.12598,0.261693,0.0126473,1.04829,0.198667,0.136003,0.0600665,0.0114848,-0.0329981,0.469631,0.120981,0.257968,0.975732,0.0334135,0.161145,1.41343,0.180965,-0.102287,0.0709777,0.00509862,0.105495,1.08367,0.171935,0.11174,1.01848,0.199159,0.494179,0.264263,-0.128621,0.0992519,0.96006,-0.148618,0.0422716,1.10208,-0.259305,-0.106134,1.02421,0.0379081,0.5411,0.326087,-0.063258,0.121472,0.450903,-0.151646,0.247945,0.979635,-0.0290534,0.0520623,1.42183,-0.143531,0.47731,0.100256,-0.0701678,-0.0239463,1.06093,-0.0363348,-0.0540043,0.996248,-0.0509793,-0.00466877,1.19487,0.0618799
584,5.82539,0.179855,1.42985,0.00160261,0.0854397,0.0908375,0.0682967,0.132173,0.95615,0.165807,0.30849,1.10929,0.264557,0.00106464,1.04322,0.193248,0.155405,0.0606801,0.0117571,-0.0355699,0.467672,0.123737,0.261511,0.965535,0.0306023,0.160119,1.40473,0.18586,-0.083214,0.0696145,0.00573624,0.0954309,1.07637,0.169065,0.09886,1.01037,0.194793,0.483517,0.267123,-0.129483,0.101282,0.951703,-0.150323,0.0506345,1.09512,-0.261062,-0.103817,1.00438,0.0283644,0.532226,0.328195,-0.0640068,0.107328,0.445122,-0.150937,0.251033,0.967813,-0.03216,0.0527238,1.41559,-0.143543,0.465672,0.103173,-0.073002,-0.0197085,1.04501,-0.0414753,-0.0485035,0.980386,-0.0595349,-0.0038774,1.18471,0.0616546
585,5.83538,0.178379,1.42536,0.00492212,0.103984,0.0907779,0.0681572,0.135346,0.951446,0.165747,0.295872,1.09289,0.267158,-0.0109094,1.03851,0.187322,0.174728,0.0609858,0.0122183,-0.0342084,0.463073,0.127667,0.264679,0.957376,0.0263792,0.159034,1.39638,0.190994,-0.0643884,0.0683215,0.0062399,0.0849408,1.06942,0.166037,0.0854644,1.00257,0.189889,0.471386,0.269165,-0.130198,0.103389,0.94425,-0.152064,0.0597924,1.08909,-0.262702,-0.101207,0.985393,0.0173051,0.522196,0.329181,-0.0646306,0.0924194,0.440986,-0.150236,0.254206,0.957245,-0.0371705,0.0537011,1.40967,-0.143636,0.452316,0.105273,-0.0759819,-0.0147644,1.02955,-0.0471094,-0.0424593,0.965409,-0.0689788,-0.00285539,1.17473,0.0609825
586,5.84537,0.175974,1.42192,0.00804519,0.122917,0.0907552,0.067966,0.138183,0.947606,0.165624,0.281808,1.07735,0.269432,-0.0232023,1.03464,0.180836,0.19426,0.0612628,0.0124067,-0.0296216,0.456889,0.131632,0.26683,0.951546,0.0228516,0.156953,1.3888,0.195552,-0.0453462,0.067344,0.00627119,0.0740158,1.06324,0.162815,0.0715907,0.995735,0.184825,0.458242,0.270528,-0.130763,0.10463,0.938298,-0.153656,0.0696335,1.0846,-0.264283,-0.0981447,0.967863,0.00484025,0.511413,0.328905,-0.0649816,0.0773473,0.437559,-0.149207,0.257032,0.949122,-0.0416655,0.0544145,1.40407,-0.143074,0.436971,0.106592,-0.0788666,-0.00908022,1.01488,-0.0532666,-0.0357593,0.951645,-0.0791562,-0.00159242,1.16582,0.0597786
587,5.85536,0.173856,1.41918,0.0110331,0.142177,0.0908945,0.0680141,0.140582,0.944254,0.165619,0.266734,1.06326,0.271655,-0.0356985,1.03213,0.173739,0.214005,0.0616562,0.0123345,-0.023022,0.450247,0.134858,0.268203,0.948042,0.0210762,0.153678,1.38247,0.198663,-0.025956,0.0666362,0.006007,0.062527,1.05829,0.15887,0.0573155,0.990328,0.179625,0.444266,0.27103,-0.131221,0.104822,0.933471,-0.154439,0.0800744,1.08177,-0.26592,-0.0943807,0.952355,-0.00866351,0.499995,0.327294,-0.0651136,0.0623688,0.434465,-0.147684,0.258902,0.943844,-0.0435262,0.0548679,1.39896,-0.141817,0.419717,0.107134,-0.081707,-0.00274875,1.00155,-0.0599562,-0.0283492,0.939456,-0.0898565,-0.000144905,1.15875,0.0579545
588,5.86536,0.173083,1.41646,0.0138017,0.161561,0.0912116,0.0681865,0.14246,0.941322,0.165771,0.250915,1.0508,0.273789,-0.0483179,1.03141,0.166006,0.233733,0.0620604,0.0122159,-0.0148709,0.443272,0.137154,0.269166,0.946553,0.0203774,0.150002,1.37709,0.20019,-0.00643657,0.066006,0.00585202,0.0509278,1.05491,0.154512,0.04285,0.986664,0.174111,0.429449,0.270457,-0.131538,0.104957,0.929851,-0.154308,0.0911574,1.08005,-0.267893,-0.0896676,0.939284,-0.0226529,0.487879,0.324315,-0.0651193,0.0475578,0.43248,-0.14586,0.260174,0.941266,-0.0435303,0.055798,1.39466,-0.140608,0.400718,0.107099,-0.0842286,0.00404262,0.990067,-0.0672694,-0.02018,0.929257,-0.100893,0.00137349,1.15372,0.0555305
589,5.87535,0.173971,1.41325,0.0160755,0.180618,0.0912967,0.0678895,0.14396,0.938795,0.165783,0.234553,1.03995,0.275702,-0.0608118,1.03279,0.157767,0.25335,0.0624941,0.0121604,-0.00557993,0.436557,0.138469,0.269824,0.946261,0.0203421,0.146914,1.3724,0.201197,0.0130708,0.0654527,0.0057648,0.0397438,1.05325,0.149508,0.0285267,0.985,0.168014,0.413854,0.268808,-0.131569,0.10593,0.928212,-0.153335,0.102945,1.07907,-0.270421,-0.0839851,0.928918,-0.0365848,0.475146,0.319923,-0.0649725,0.0330699,0.432214,-0.143842,0.261162,0.940521,-0.04297,0.0578271,1.39142,-0.14001,0.380184,0.106311,-0.0864744,0.0111491,0.980826,-0.075337,-0.0114232,0.921428,-0.111957,0.00281023,1.15037,0.0527129
590,5.88534,0.175845,1.40974,0.0178116,0.199608,0.0914138,0.0676972,0.145213,0.936564,0.165774,0.217799,1.03081,0.277348,-0.072803,1.03653,0.149094,0.272818,0.0629222,0.0122124,0.00422163,0.430893,0.138907,0.270257,0.946281,0.0210102,0.144895,1.36851,0.20293,0.0325933,0.0650387,0.00571269,0.0287405,1.0534,0.144378,0.0142342,0.985434,0.161704,0.397587,0.26614,-0.131255,0.106785,0.927648,-0.152207,0.115363,1.07911,-0.273446,-0.0773892,0.921181,-0.0500236,0.462044,0.31398,-0.0646055,0.01916,0.43355,-0.141499,0.26184,0.940274,-0.0420132,0.0608586,1.38928,-0.139974,0.358104,0.104761,-0.0882884,0.0186141,0.974496,-0.0837784,-0.0021644,0.916183,-0.122872,0.00398451,1.1482,0.0496704
591,5.89533,0.177831,1.40702,0.0192455,0.219044,0.0913996,0.0676667,0.146267,0.934536,0.165883,0.200846,1.02362,0.278749,-0.0839932,1.04283,0.140223,0.292288,0.0634396,0.0122959,0.0142427,0.426332,0.139142,0.270562,0.945957,0.0220749,0.14369,1.36557,0.205162,0.0521827,0.0647653,0.00568294,0.0178478,1.05545,0.139327,0.000242322,0.988047,0.155156,0.380774,0.262554,-0.130601,0.107228,0.927896,-0.151034,0.128181,1.08073,-0.276695,-0.069984,0.915897,-0.0627447,0.448637,0.306435,-0.0640851,0.00592139,0.436345,-0.138846,0.262293,0.939899,-0.0408968,0.0643653,1.38816,-0.140196,0.33456,0.102654,-0.0895465,0.026446,0.970984,-0.0923599,0.00752413,0.913508,-0.133402,0.00488734,1.14701,0.0466283
592,5.90532,0.178919,1.40604,0.0207726,0.238475,0.0920097,0.0676684,0.147283,0.932934,0.166538,0.183848,1.01865,0.279913,-0.0943737,1.05135,0.131251,0.312088,0.0643928,0.0123426,0.0252484,0.422644,0.139718,0.270767,0.945375,0.0229786,0.142515,1.36401,0.206985,0.0717854,0.0645722,0.00564959,0.00760671,1.05959,0.134207,-0.0132539,0.992742,0.148491,0.363471,0.258259,-0.129623,0.107173,0.929059,-0.149589,0.14102,1.08418,-0.279918,-0.0619658,0.912866,-0.0747716,0.434741,0.297325,-0.0634516,-0.00663006,0.440472,-0.135973,0.263038,0.939706,-0.0401275,0.0679058,1.38802,-0.140426,0.309689,0.100339,-0.0904558,0.0344662,0.970017,-0.10084,0.0175859,0.91309,-0.143341,0.00547827,1.14679,0.0438114
593,5.91532,0.178395,1.40675,0.0227331,0.257691,0.0926026,0.0673807,0.148268,0.931979,0.167203,0.167047,1.01606,0.280725,-0.103803,1.06183,0.122259,0.332055,0.0655079,0.0124308,0.0378316,0.419805,0.140604,0.271617,0.945465,0.0234214,0.140449,1.36393,0.208319,0.0914023,0.0644333,0.00558357,-0.00174965,1.06559,0.128982,-0.0260469,0.999436,0.141874,0.34561,0.25305,-0.128402,0.106952,0.931218,-0.147872,0.153542,1.0894,-0.282955,-0.0535431,0.911924,-0.0862556,0.420146,0.286757,-0.0627115,-0.0183958,0.445722,-0.132957,0.264155,0.939952,-0.0399038,0.0712079,1.38892,-0.140453,0.283768,0.0975927,-0.0907305,0.0422691,0.971431,-0.109098,0.028043,0.91452,-0.152582,0.00569265,1.14753,0.0413921
594,5.92531,0.176825,1.40863,0.0251992,0.276954,0.0932793,0.0672008,0.149203,0.931903,0.167812,0.150638,1.01581,0.281123,-0.1122,1.07399,0.11342,0.351897,0.0666721,0.0124251,0.0517312,0.417632,0.14131,0.272708,0.946339,0.023491,0.137417,1.36525,0.209472,0.111082,0.0642826,0.00553434,-0.010179,1.0731,0.123743,-0.0380767,1.00814,0.135554,0.327161,0.246791,-0.127074,0.106604,0.93419,-0.146049,0.165568,1.09613,-0.285695,-0.04495,0.912892,-0.0972478,0.404697,0.274841,-0.0617625,-0.0292282,0.451982,-0.129869,0.265098,0.940725,-0.040212,0.0741594,1.39088,-0.140236,0.257047,0.0944955,-0.0902207,0.0496523,0.975015,-0.117071,0.0388411,0.917441,-0.161012,0.00535607,1.14932,0.0395936
595,5.9353,0.175327,1.41121,0.0277896,0.296311,0.0942207,0.0672535,0.150024,0.932687,0.16834,0.134798,1.01781,0.280999,-0.119544,1.08748,0.104846,0.371485,0.0680218,0.0124394,0.0664627,0.415987,0.14135,0.273896,0.948059,0.0231509,0.13372,1.36788,0.210492,0.130826,0.0640794,0.00559042,-0.0180364,1.08201,0.118708,-0.0491946,1.01833,0.129459,0.308239,0.239369,-0.125548,0.106077,0.937792,-0.144241,0.177024,1.10413,-0.288062,-0.0363585,0.915524,-0.107664,0.388297,0.261757,-0.0604557,-0.0390689,0.459139,-0.126728,0.265552,0.942458,-0.0408539,0.0768736,1.3938,-0.139907,0.229255,0.091479,-0.0892575,0.0566992,0.980375,-0.124694,0.0497166,0.922002,-0.168327,0.00449342,1.15205,0.0385028
596,5.94529,0.174522,1.41417,0.0299842,0.315552,0.095657,0.0675602,0.150649,0.934241,0.168779,0.119758,1.02184,0.2804,-0.125903,1.10182,0.0966121,0.390979,0.0701608,0.0126396,0.0817396,0.415144,0.14072,0.274542,0.950617,0.0224868,0.129587,1.37171,0.211279,0.150641,0.0637889,0.00568502,-0.0252656,1.09197,0.113791,-0.0594931,1.02976,0.123717,0.288917,0.231108,-0.123631,0.105361,0.941911,-0.142511,0.187722,1.1131,-0.290104,-0.0279063,0.919523,-0.117361,0.370902,0.247673,-0.0588328,-0.0480019,0.466936,-0.123589,0.265516,0.945625,-0.0414472,0.0796485,1.39757,-0.139607,0.200404,0.0887478,-0.0877992,0.0643029,0.986402,-0.131447,0.0603147,0.927993,-0.17482,0.00357435,1.15542,0.0379468
597,5.95528,0.174351,1.41735,0.0315,0.334383,0.0977567,0.0680967,0.15089,0.936476,0.169144,0.105764,1.02756,0.279682,-0.131332,1.11656,0.0888161,0.409977,0.0732627,0.0130889,0.0972121,0.415609,0.139896,0.274414,0.954087,0.0218854,0.125265,1.37654,0.2118,0.170345,0.0636979,0.00571814,-0.0317415,1.10265,0.108989,-0.0688168,1.04192,0.118229,0.269091,0.222177,-0.121393,0.104481,0.946457,-0.140898,0.197894,1.12271,-0.291594,-0.0197534,0.924627,-0.126256,0.352466,0.232735,-0.0569184,-0.0559664,0.475073,-0.120548,0.265069,0.950127,-0.0418204,0.0825513,1.402,-0.139355,0.170785,0.0863508,-0.0856661,0.0720695,0.992982,-0.137422,0.0702177,0.934954,-0.181098,0.00263119,1.15922,0.0376611
598,5.96528,0.174487,1.42075,0.0325007,0.352598,0.100708,0.0688522,0.150587,0.939345,0.169443,0.0929047,1.03446,0.278916,-0.135876,1.13139,0.081502,0.428527,0.077813,0.0137808,0.112408,0.417547,0.139339,0.273842,0.95864,0.0215291,0.12093,1.38212,0.212041,0.189923,0.0638485,0.00577448,-0.0374691,1.11407,0.104705,-0.077164,1.05455,0.113051,0.248556,0.212628,-0.119004,0.103469,0.951347,-0.139438,0.207674,1.13264,-0.292527,-0.0119871,0.930593,-0.134342,0.332903,0.216977,-0.054872,-0.0628616,0.483303,-0.117602,0.264309,0.955404,-0.0420274,0.085392,1.40689,-0.139118,0.140869,0.0843485,-0.082758,0.0794608,1.00021,-0.142823,0.0793723,0.942634,-0.187103,0.000955328,1.16343,0.0373388
599,5.97527,0.174551,1.42458,0.03331,0.36991,0.104572,0.0698408,0.149664,0.942862,0.169691,0.0811514,1.04212,0.278108,-0.139589,1.14607,0.0747088,0.446433,0.0838864,0.0147039,0.126905,0.420659,0.139019,0.272802,0.964194,0.0214283,0.116631,1.38828,0.211969,0.209599,0.0638328,0.005747,-0.0424531,1.1256,0.100544,-0.0842846,1.06741,0.108074,0.227139,0.202666,-0.116518,0.102354,0.956497,-0.138153,0.217054,1.14277,-0.292968,-0.00467478,0.937202,-0.141645,0.312257,0.201153,-0.0528099,-0.0685916,0.491416,-0.114771,0.263307,0.961015,-0.0420485,0.0878812,1.41207,-0.138878,0.110669,0.082644,-0.0788027,0.08633,1.00793,-0.147718,0.087652,0.950678,-0.192289,-0.000823346,1.16813,0.0368035
600,5.98526,0.174117,1.42902,0.0340713,0.385951,0.109231,0.0710714,0.148133,0.946956,0.170035,0.0704462,1.05024,0.277295,-0.142553,1.16035,0.0684384,0.463582,0.0913573,0.0158441,0.140619,0.424592,0.138522,0.270989,0.970364,0.021679,0.112394,1.39489,0.211607,0.229434,0.0635159,0.00555908,-0.0467441,1.13697,0.0965016,-0.0902515,1.08016,0.103202,0.204703,0.192568,-0.113721,0.101165,0.961827,-0.13706,0.22577,1.15296,-0.293066,0.00209495,0.944254,-0.148209,0.290462,0.185471,-0.0508975,-0.0731523,0.499222,-0.112094,0.262081,0.966875,-0.0418896,0.0898894,1.41743,-0.138696,0.0801719,0.0813713,-0.0737055,0.0926781,1.01595,-0.152084,0.0952535,0.958989,-0.196995,-0.00302409,1.17346,0.0358808
601,5.99525,0.172916,1.43402,0.0347741,0.400671,0.114784,0.072574,0.145958,0.9515,0.170486,0.060678,1.05867,0.276454,-0.144873,1.17402,0.0626418,0.479869,0.100014,0.0171947,0.153554,0.429217,0.1378,0.268711,0.976987,0.0223331,0.108355,1.40181,0.210926,0.249172,0.0630645,0.00506583,-0.0504108,1.14838,0.0930356,-0.0953394,1.0925,0.0984861,0.181245,0.182298,-0.110659,0.0999303,0.967256,-0.136164,0.23386,1.16297,-0.292629,0.00826662,0.951557,-0.154102,0.267297,0.169664,-0.0491621,-0.0765431,0.506542,-0.109616,0.260602,0.973016,-0.0415004,0.0913931,1.42284,-0.138639,0.0494397,0.0806994,-0.0675835,0.0984103,1.02411,-0.155912,0.102225,0.967378,-0.201226,-0.004976,1.17941,0.034518
602,6.00525,0.171136,1.43934,0.035336,0.414505,0.120775,0.0742272,0.143099,0.956347,0.170731,0.0516817,1.06718,0.27544,-0.146664,1.18691,0.0572827,0.495038,0.109467,0.0187141,0.165793,0.43448,0.13716,0.265813,0.983803,0.0232345,0.104537,1.40884,0.209922,0.26886,0.0628205,0.00495184,-0.0535829,1.15942,0.0898602,-0.0996422,1.10422,0.0939762,0.156836,0.17167,-0.107371,0.098675,0.972705,-0.135461,0.241409,1.17258,-0.291536,0.0138041,0.958933,-0.15946,0.242731,0.153593,-0.047438,-0.078764,0.513244,-0.107337,0.25866,0.979448,-0.0407527,0.0924038,1.42821,-0.138764,0.018874,0.080744,-0.0605613,0.1036,1.03221,-0.159191,0.108597,0.97565,-0.204795,-0.00684747,1.18587,0.0326056
603,6.01524,0.169094,1.44472,0.0356614,0.427631,0.127175,0.0760014,0.139719,0.961418,0.170817,0.0435782,1.07554,0.274518,-0.148052,1.19886,0.0523405,0.509105,0.119711,0.0203484,0.177407,0.440352,0.136875,0.262368,0.990743,0.0242803,0.10083,1.41585,0.208641,0.288583,0.0626844,0.0054607,-0.056432,1.16997,0.0870149,-0.103216,1.1152,0.0897506,0.131715,0.161412,-0.104056,0.097419,0.978089,-0.13494,0.248156,1.18186,-0.290247,0.0186598,0.966274,-0.164366,0.217171,0.137794,-0.0456687,-0.0798247,0.519168,-0.105246,0.256231,0.986155,-0.0396021,0.0929924,1.43344,-0.139084,-0.011638,0.0822846,-0.0525833,0.108174,1.04009,-0.161967,0.114473,0.983742,-0.207541,-0.00880537,1.19259,0.0301825
604,6.02523,0.167,1.44996,0.0356611,0.439958,0.133938,0.07783,0.136058,0.966642,0.1711,0.0363251,1.08364,0.273728,-0.149118,1.2098,0.0478011,0.522005,0.130559,0.0220638,0.188274,0.446666,0.137012,0.258509,0.997732,0.0254289,0.09708,1.42278,0.207169,0.308447,0.0625107,0.00607323,-0.0589916,1.17991,0.0845247,-0.106163,1.12531,0.0858447,0.106051,0.151821,-0.100624,0.0961754,0.983321,-0.134584,0.254068,1.19064,-0.288752,0.0227598,0.973481,-0.168951,0.190672,0.122599,-0.0437727,-0.0796995,0.52414,-0.103433,0.253649,0.992802,-0.0383461,0.0931755,1.43851,-0.139588,-0.0413991,0.0848338,-0.0440635,0.112039,1.04767,-0.16424,0.119879,0.991518,-0.209431,-0.0109024,1.19923,0.0274757
605,6.03522,0.164939,1.45486,0.0353155,0.451389,0.140872,0.079693,0.132177,0.971814,0.171325,0.0299444,1.09133,0.272929,-0.149919,1.21954,0.0436386,0.533684,0.141853,0.0237865,0.19833,0.453132,0.137525,0.254314,1.00463,0.0265939,0.0933949,1.42941,0.205471,0.328533,0.0619933,0.00640189,-0.0609323,1.18869,0.0820262,-0.108566,1.13441,0.0823027,0.0799788,0.143014,-0.0969434,0.0949562,0.98831,-0.134371,0.259222,1.19873,-0.28695,0.0260893,0.980407,-0.173191,0.163672,0.108626,-0.041716,-0.0783901,0.52816,-0.10183,0.251032,0.999163,-0.0370625,0.0930566,1.44329,-0.140207,-0.0703373,0.0885332,-0.0354274,0.115158,1.05487,-0.166022,0.124523,0.998759,-0.210833,-0.0131441,1.20561,0.0247059
606,6.04521,0.162917,1.45932,0.0346198,0.461935,0.147882,0.0815501,0.128104,0.976736,0.171474,0.0244448,1.09853,0.272184,-0.150524,1.22797,0.0398485,0.544107,0.153594,0.0255787,0.207447,0.459538,0.13823,0.249917,1.01119,0.0276945,0.0896358,1.4357,0.203597,0.347934,0.0616478,0.00671183,-0.0626112,1.19662,0.0799001,-0.110437,1.14236,0.0791166,0.0538348,0.135154,-0.0929654,0.0937781,0.992968,-0.134282,0.263682,1.20601,-0.284908,0.0286995,0.986878,-0.176893,0.13633,0.0959247,-0.0393124,-0.0760582,0.531218,-0.100351,0.248296,1.00507,-0.0357632,0.0926912,1.44767,-0.140906,-0.0984358,0.0933936,-0.0269992,0.117343,1.06175,-0.167367,0.128118,1.00519,-0.211574,-0.0155316,1.21159,0.022009
607,6.05521,0.160885,1.46321,0.0336452,0.471589,0.154947,0.0834309,0.123986,0.981204,0.171545,0.0198518,1.1052,0.271633,-0.150977,1.23499,0.0364016,0.553258,0.165769,0.0275565,0.215486,0.465683,0.138878,0.245503,1.01718,0.0286402,0.0857875,1.4415,0.201591,0.366239,0.0616411,0.00714069,-0.0637901,1.20326,0.0778471,-0.111874,1.14909,0.0763311,0.0281913,0.128416,-0.0887253,0.0926258,0.997189,-0.134284,0.267472,1.21232,-0.282709,0.0305303,0.992716,-0.180081,0.108775,0.084124,-0.0363765,-0.072922,0.533212,-0.0989344,0.244938,1.01034,-0.0344954,0.0920763,1.45156,-0.1417,-0.125079,0.0992654,-0.0188568,0.118734,1.06814,-0.168331,0.130868,1.01095,-0.211824,-0.0180208,1.21715,0.0195682
608,6.0652,0.158804,1.4665,0.0324819,0.480523,0.162033,0.0854027,0.119875,0.985115,0.171546,0.016107,1.11126,0.271311,-0.151336,1.24053,0.0332938,0.561251,0.178197,0.0296902,0.222356,0.471336,0.139365,0.241235,1.02231,0.0294713,0.0819549,1.44659,0.199463,0.383473,0.0618751,0.0077859,-0.0647973,1.20878,0.07613,-0.112978,1.1546,0.0740419,0.0036918,0.122917,-0.0842977,0.09135,1.00076,-0.134296,0.270581,1.21757,-0.280459,0.0315349,0.997819,-0.182622,0.0819209,0.0737327,-0.032863,-0.0691437,0.534026,-0.0975902,0.241534,1.01501,-0.0332171,0.0912599,1.45489,-0.142564,-0.149781,0.106113,-0.0114121,0.119661,1.07346,-0.169087,0.132748,1.01598,-0.211638,-0.0205693,1.22226,0.017447
609,6.07519,0.156666,1.46917,0.0312116,0.488829,0.169073,0.0875249,0.115746,0.988475,0.171743,0.0131763,1.11654,0.2712,-0.151621,1.24447,0.0305155,0.568203,0.190655,0.0321209,0.227855,0.476314,0.139637,0.237263,1.02644,0.0302993,0.0781985,1.45097,0.19721,0.399831,0.0623729,0.00854493,-0.0657541,1.21291,0.0745965,-0.113758,1.15858,0.0721191,-0.0190958,0.118709,-0.0798103,0.0897122,1.00337,-0.134207,0.273015,1.22163,-0.278266,0.0316718,1.00221,-0.184486,0.0563574,0.0649044,-0.0287315,-0.0647985,0.533615,-0.0963565,0.238003,1.01894,-0.0319348,0.0903751,1.45746,-0.143395,-0.172191,0.113958,-0.00474411,0.119905,1.0778,-0.169725,0.133606,1.02012,-0.211076,-0.0231178,1.22688,0.0156625
610,6.08518,0.154461,1.47118,0.0299204,0.496466,0.175979,0.0898245,0.111679,0.991167,0.171963,0.0110476,1.12085,0.271307,-0.151851,1.24675,0.0280709,0.574141,0.202935,0.0349594,0.231744,0.480398,0.139787,0.233637,1.0296,0.0312918,0.0745886,1.45453,0.194873,0.415659,0.0632283,0.00928819,-0.0664872,1.2157,0.0733977,-0.114236,1.16103,0.070593,-0.0396146,0.115707,-0.0754337,0.0879956,1.00504,-0.134115,0.274798,1.22437,-0.276261,0.0308591,1.00593,-0.185701,0.0327836,0.0578659,-0.0241464,-0.0601405,0.532049,-0.0951887,0.234418,1.02199,-0.0306405,0.0892684,1.45915,-0.144301,-0.191875,0.122467,0.00112883,0.11917,1.08139,-0.169861,0.133398,1.02332,-0.210287,-0.0256475,1.2309,0.0141312
611,6.09517,0.152307,1.47247,0.0286201,0.50357,0.18282,0.0922685,0.107627,0.993064,0.172152,0.00970034,1.12405,0.27164,-0.152032,1.24732,0.0259897,0.579235,0.215071,0.038176,0.23379,0.483312,0.140114,0.230235,1.03183,0.0324307,0.0710622,1.45721,0.192497,0.430885,0.0646558,0.00999386,-0.0671014,1.21695,0.0723831,-0.114395,1.16199,0.06954,-0.0573166,0.113726,-0.0711916,0.0874521,1.00661,-0.134493,0.275925,1.22563,-0.274503,0.0289498,1.00892,-0.186319,0.0120533,0.0526619,-0.0192736,-0.0556662,0.529571,-0.0939317,0.230909,1.02411,-0.029387,0.0879431,1.45988,-0.145331,-0.208432,0.130888,0.00600742,0.117402,1.08424,-0.169711,0.132062,1.02556,-0.209279,-0.0282273,1.23412,0.0128627
612,6.10517,0.150223,1.47296,0.0272948,0.510118,0.189759,0.0948158,0.103753,0.99407,0.172252,0.00909205,1.126,0.272167,-0.152193,1.24608,0.0242997,0.583592,0.227214,0.0417453,0.233896,0.484499,0.140653,0.226968,1.0332,0.0335438,0.0676551,1.45895,0.190117,0.445463,0.0667277,0.010719,-0.0675274,1.21672,0.0716647,-0.114259,1.16139,0.0689292,-0.071636,0.112448,-0.0669953,0.0865049,1.00703,-0.134744,0.276337,1.22526,-0.273057,0.0258866,1.0112,-0.186457,-0.00479023,0.0492795,-0.0141861,-0.0519682,0.52635,-0.0923734,0.227566,1.02536,-0.0282901,0.0865439,1.45958,-0.146495,-0.221597,0.138165,0.00985151,0.114659,1.08588,-0.16947,0.129575,1.02672,-0.20806,-0.0310014,1.23623,0.0118943
613,6.11516,0.148239,1.47252,0.0259245,0.516074,0.196688,0.0973962,0.100083,0.994181,0.172385,0.00924921,1.12668,0.272863,-0.152382,1.24299,0.0230405,0.58712,0.239283,0.0456346,0.231969,0.483524,0.141799,0.223844,1.03369,0.0345268,0.0644448,1.45969,0.187787,0.459168,0.0693909,0.011555,-0.0678233,1.21492,0.0712289,-0.113879,1.15902,0.0687248,-0.0817949,0.111591,-0.0626904,0.0823004,1.00473,-0.133794,0.275952,1.22318,-0.272041,0.0217459,1.01278,-0.185896,-0.0166036,0.0478289,-0.00901512,-0.0496363,0.522571,-0.090314,0.224456,1.02587,-0.0274475,0.0851117,1.45817,-0.147848,-0.230848,0.14278,0.0131071,0.111573,1.08655,-0.168851,0.125952,1.02676,-0.20661,-0.0339542,1.23705,0.0110766
614,6.12515,0.146387,1.47112,0.024494,0.521378,0.203379,0.100029,0.096772,0.993322,0.172538,0.0101914,1.12613,0.273752,-0.152643,1.23798,0.0222254,0.58938,0.25119,0.0497998,0.228254,0.480604,0.143273,0.22097,1.0332,0.0353964,0.0615598,1.45937,0.185584,0.471567,0.072288,0.0126023,-0.0680777,1.21156,0.0711217,-0.113249,1.15487,0.068966,-0.0868617,0.110617,-0.0583202,0.0807084,1.00222,-0.133795,0.274706,1.21945,-0.271654,0.0166552,1.01352,-0.184679,-0.0225972,0.0474371,-0.00397731,-0.0491284,0.518718,-0.087852,0.221583,1.02558,-0.0267969,0.0836283,1.45558,-0.149439,-0.236194,0.143211,0.0165176,0.107486,1.08611,-0.168051,0.121232,1.02569,-0.20494,-0.0368817,1.23679,0.0105653
615,6.13514,0.144645,1.4687,0.0229392,0.526081,0.209974,0.103034,0.0938724,0.991467,0.172699,0.011908,1.12443,0.274842,-0.152992,1.23105,0.0219035,0.589962,0.262766,0.0542814,0.222949,0.476245,0.144852,0.218501,1.03147,0.0361821,0.0591354,1.45796,0.183566,0.48198,0.0746107,0.0141226,-0.0682769,1.20658,0.0713364,-0.112325,1.149,0.0696962,-0.0865268,0.108785,-0.0542921,0.0778396,0.997884,-0.133308,0.272545,1.21405,-0.271775,0.0105999,1.01343,-0.183099,-0.0220789,0.0479911,0.000450963,-0.0504306,0.515517,-0.0852318,0.218961,1.02421,-0.0262548,0.0821284,1.45182,-0.151306,-0.237164,0.138744,0.0201511,0.102548,1.08462,-0.167029,0.115446,1.02349,-0.20302,-0.0396202,1.235,0.010025
616,6.14513,0.143022,1.46525,0.0212023,0.529861,0.216562,0.106318,0.0912776,0.988664,0.172914,0.0144447,1.12168,0.276067,-0.153437,1.22213,0.0221027,0.58866,0.27384,0.0591038,0.216084,0.470774,0.146713,0.216575,1.02824,0.0368634,0.0571929,1.45541,0.181818,0.490105,0.0755618,0.0162517,-0.0679795,1.19967,0.0715907,-0.111103,1.14145,0.0709295,-0.0807605,0.105825,-0.0510667,0.0773543,0.993399,-0.13364,0.269328,1.2068,-0.271682,0.00361096,1.01256,-0.181251,-0.0146061,0.0496152,0.00338799,-0.05276,0.51286,-0.0823264,0.216625,1.0215,-0.0258166,0.0806344,1.4469,-0.153451,-0.232802,0.129091,0.0240643,0.0967976,1.08214,-0.165757,0.108634,1.02028,-0.200872,-0.0419556,1.23132,0.00914987
617,6.15513,0.141415,1.46075,0.0192313,0.532325,0.222946,0.109755,0.0890044,0.984938,0.17319,0.0178383,1.11798,0.277351,-0.153911,1.21125,0.0229119,0.585665,0.284009,0.0639748,0.207883,0.464349,0.14905,0.215122,1.02348,0.0374599,0.0557426,1.45165,0.180352,0.496859,0.0748948,0.0187561,-0.067506,1.19116,0.0721447,-0.109557,1.13225,0.0726947,-0.070277,0.101708,-0.0488452,0.0745662,0.986931,-0.133199,0.265209,1.19804,-0.271839,-0.00430659,1.01098,-0.179038,-0.0010619,0.0515366,0.00461411,-0.0554112,0.509669,-0.0792817,0.214721,1.01724,-0.0254206,0.0790877,1.44095,-0.155753,-0.223147,0.114865,0.0284045,0.0903127,1.07873,-0.164281,0.100893,1.01623,-0.198531,-0.0439012,1.22589,0.00785036
618,6.16512,0.139731,1.45525,0.0170147,0.533144,0.228527,0.113319,0.0870592,0.980273,0.173567,0.0221484,1.1134,0.278619,-0.154184,1.19846,0.0244462,0.581526,0.292607,0.0682853,0.19881,0.457221,0.15181,0.21402,1.01742,0.0379942,0.0547032,1.44668,0.179093,0.50357,0.0740479,0.0212473,-0.0668605,1.18118,0.073133,-0.107577,1.12138,0.075044,-0.0572367,0.0976515,-0.0472256,0.0721488,0.980008,-0.133357,0.260226,1.18795,-0.272275,-0.0130515,1.00881,-0.176423,0.0155802,0.0531788,0.00498446,-0.0583223,0.505179,-0.0769801,0.213473,1.01146,-0.0250359,0.0774548,1.43418,-0.158086,-0.210789,0.0991451,0.0322651,0.0831255,1.07446,-0.162764,0.0922425,1.01149,-0.196075,-0.0460498,1.21938,0.00677023
619,6.17511,0.13801,1.44892,0.0145681,0.532355,0.233075,0.116801,0.0853275,0.974723,0.1742,0.0272102,1.10819,0.280233,-0.154324,1.18376,0.0267537,0.576935,0.29952,0.0718603,0.189122,0.449711,0.154755,0.213222,1.01041,0.038416,0.053871,1.44068,0.177996,0.509303,0.0757329,0.0239354,-0.0659618,1.1697,0.0745846,-0.105117,1.10892,0.0780205,-0.0430168,0.0953615,-0.0460609,0.0707395,0.973339,-0.13391,0.254378,1.17655,-0.272843,-0.0225855,1.0062,-0.173423,0.0329354,0.054995,0.00530538,-0.0621774,0.499916,-0.0760766,0.213167,1.00449,-0.0247785,0.0756909,1.42685,-0.160358,-0.197441,0.0859497,0.0343258,0.0753444,1.06948,-0.161305,0.0826844,1.00588,-0.193506,-0.048532,1.21161,0.0066226
620,6.1851,0.136584,1.44234,0.0120162,0.530023,0.237661,0.120191,0.0838398,0.968374,0.175104,0.0331239,1.1024,0.281994,-0.154406,1.16724,0.0299026,0.572386,0.305612,0.0751648,0.178962,0.442084,0.157501,0.212964,1.00268,0.0387383,0.0530479,1.4343,0.177137,0.510973,0.0801302,0.0272939,-0.0647667,1.15673,0.076515,-0.102102,1.09499,0.081685,-0.0275934,0.0946123,-0.0456278,0.0709393,0.967194,-0.134711,0.247696,1.16391,-0.273466,-0.0328486,1.00344,-0.169958,0.05049,0.0566631,0.0055777,-0.0673053,0.495802,-0.0763383,0.213885,0.996646,-0.02478,0.0737053,1.41919,-0.162546,-0.182394,0.0767334,0.0342248,0.0670626,1.06388,-0.159395,0.0722042,0.999763,-0.190669,-0.0510093,1.20298,0.00701453
621,6.19509,0.135783,1.4365,0.00955727,0.525852,0.242784,0.123602,0.0827289,0.961441,0.176216,0.0400152,1.09632,0.283761,-0.154366,1.14904,0.0339969,0.567468,0.311338,0.0785962,0.168281,0.434558,0.159743,0.213499,0.994159,0.0392302,0.0521644,1.42835,0.176702,0.507711,0.0857424,0.0311527,-0.0632271,1.14246,0.0789411,-0.0984355,1.07977,0.086104,-0.010682,0.0943225,-0.046042,0.0727368,0.962099,-0.135582,0.240118,1.15031,-0.274297,-0.043801,1.00071,-0.166182,0.0689294,0.0581247,0.00530493,-0.0727746,0.494404,-0.0773186,0.215428,0.987758,-0.0246897,0.0715537,1.41131,-0.164848,-0.165357,0.070946,0.033246,0.0581213,1.05792,-0.156393,0.0610215,0.993051,-0.187644,-0.0529082,1.19375,0.00709086
622,6.20509,0.135318,1.43168,0.00723334,0.51942,0.247796,0.127053,0.0821664,0.954221,0.177468,0.0479868,1.09032,0.285512,-0.153816,1.12927,0.0391178,0.561715,0.316242,0.0822009,0.156721,0.427492,0.161481,0.214887,0.984501,0.0405174,0.0512382,1.42262,0.176735,0.500198,0.0913122,0.0352795,-0.0612082,1.12721,0.0819229,-0.0940164,1.06361,0.0913375,0.00717739,0.094192,-0.0464601,0.0751102,0.958199,-0.136195,0.231591,1.13596,-0.275196,-0.0554164,0.998317,-0.161958,0.087738,0.058924,0.00477385,-0.077154,0.494662,-0.0786974,0.217458,0.977755,-0.0232099,0.0694088,1.4034,-0.167431,-0.147118,0.0675518,0.032855,0.0485609,1.05192,-0.153353,0.0489394,0.986535,-0.184243,-0.0538845,1.18441,0.00695443
623,6.21508,0.134376,1.42755,0.00499743,0.510707,0.251924,0.13027,0.0822196,0.947031,0.17875,0.0569951,1.08468,0.287253,-0.152506,1.10815,0.0453347,0.554669,0.319825,0.0856288,0.143677,0.421435,0.163296,0.217,0.973838,0.0435936,0.0502558,1.41689,0.177253,0.489656,0.0958756,0.0394954,-0.0585525,1.11137,0.0854763,-0.0886688,1.04689,0.0974074,0.0254711,0.0942304,-0.0461652,0.077792,0.954943,-0.136538,0.222003,1.12117,-0.276003,-0.0676908,0.996472,-0.157349,0.106856,0.0594402,0.00446122,-0.0794392,0.493686,-0.0805716,0.219756,0.967648,-0.0191436,0.0674649,1.39583,-0.170225,-0.12852,0.0652595,0.0331791,0.038394,1.04616,-0.150196,0.0359209,0.980685,-0.180226,-0.0543757,1.17537,0.00693684
624,6.22507,0.132253,1.42402,0.00304895,0.50005,0.254956,0.133237,0.0826935,0.940264,0.179985,0.066861,1.07981,0.288983,-0.150123,1.08635,0.0528173,0.545984,0.321961,0.0885066,0.129125,0.416703,0.165253,0.219461,0.963633,0.0486369,0.0490512,1.41125,0.177818,0.476745,0.0989998,0.0438581,-0.0551902,1.09538,0.0896422,-0.0822785,1.03011,0.104342,0.0439224,0.0942555,-0.0454518,0.0799162,0.951118,-0.137169,0.211174,1.10639,-0.276594,-0.0805334,0.995474,-0.152166,0.126157,0.0601165,0.00457926,-0.0793202,0.4894,-0.0828577,0.222334,0.959221,-0.0135473,0.0657705,1.38879,-0.172985,-0.110128,0.0633025,0.033933,0.027501,1.04102,-0.146579,0.0220681,0.975611,-0.175439,-0.0544511,1.16695,0.00723871
625,6.23506,0.129061,1.4213,0.00182984,0.487786,0.256905,0.13604,0.0832343,0.934396,0.181125,0.0772046,1.07624,0.290575,-0.146635,1.0649,0.061688,0.535596,0.322697,0.0906859,0.11355,0.412767,0.166918,0.221863,0.955944,0.05413,0.0475613,1.40614,0.177713,0.461643,0.100699,0.048737,-0.0510001,1.07977,0.0944296,-0.0747378,1.01405,0.11221,0.0627137,0.094388,-0.0448393,0.0822818,0.947918,-0.137821,0.199015,1.0922,-0.276807,-0.0938511,0.995742,-0.146343,0.145601,0.0610253,0.00488975,-0.0765529,0.482272,-0.0856514,0.224056,0.953212,-0.00912028,0.0642508,1.38242,-0.175217,-0.0912917,0.0621435,0.0343999,0.0159378,1.03697,-0.142444,0.00757363,0.971595,-0.170068,-0.0539558,1.15949,0.00802441
626,6.24506,0.125568,1.4192,0.00144304,0.474079,0.257754,0.138705,0.0834582,0.929794,0.18218,0.0880488,1.07415,0.292299,-0.141693,1.04482,0.0718427,0.523602,0.322049,0.0922319,0.097434,0.409136,0.168067,0.223442,0.951645,0.0579859,0.0462659,1.40177,0.176865,0.444312,0.101125,0.054246,-0.0454878,1.06506,0.0999398,-0.0661812,0.999372,0.121028,0.0816501,0.0945878,-0.0445337,0.0848246,0.945534,-0.138364,0.185596,1.0793,-0.276506,-0.107468,0.997741,-0.139833,0.164991,0.0617059,0.0050536,-0.070946,0.474385,-0.0885916,0.224325,0.949959,-0.00705781,0.0625238,1.37704,-0.176379,-0.0721471,0.0614172,0.0345834,0.00387125,1.03448,-0.137811,-0.00750439,0.969153,-0.164198,-0.0528563,1.15365,0.00923251
627,6.25505,0.122671,1.41725,0.00134774,0.459035,0.257437,0.14121,0.0831047,0.926843,0.182966,0.0995096,1.07338,0.2943,-0.13518,1.02692,0.0831119,0.510133,0.319938,0.0932203,0.0810556,0.406156,0.168906,0.223981,0.950266,0.0590366,0.0458181,1.3982,0.175972,0.424749,0.100387,0.0602104,-0.038747,1.05194,0.106295,-0.0565647,0.986498,0.130654,0.100769,0.0948185,-0.0444043,0.0872024,0.94372,-0.138817,0.171289,1.06831,-0.275602,-0.12116,1.0019,-0.132599,0.184495,0.0621399,0.00507344,-0.0633251,0.467178,-0.0908312,0.223985,0.949155,-0.00676827,0.0601004,1.37283,-0.176579,-0.0526636,0.0609605,0.0346705,-0.00844766,1.03395,-0.132682,-0.0231962,0.968724,-0.157991,-0.0513065,1.14986,0.0109263
628,6.26504,0.121387,1.4154,0.000687661,0.442748,0.255911,0.143445,0.0824601,0.92575,0.183161,0.111635,1.0738,0.296423,-0.127207,1.0118,0.0952412,0.495694,0.316073,0.0936103,0.0645438,0.404504,0.169609,0.223498,0.950638,0.0578135,0.0464905,1.39545,0.175554,0.403001,0.0985697,0.0664018,-0.0310127,1.04084,0.113443,-0.0458266,0.975833,0.140868,0.119961,0.0951436,-0.0442733,0.0892234,0.942355,-0.139205,0.156638,1.05955,-0.274118,-0.134682,1.0086,-0.124695,0.204188,0.0626493,0.00526514,-0.0550374,0.460994,-0.0918811,0.223774,0.949569,-0.00761595,0.0571492,1.36985,-0.17663,-0.0330544,0.0606317,0.034747,-0.0206792,1.03568,-0.127031,-0.0390201,0.970806,-0.151431,-0.0497646,1.14819,0.0131228
629,6.27503,0.121829,1.41359,-0.000906901,0.425318,0.253107,0.145305,0.081851,0.926234,0.182843,0.124309,1.07571,0.298626,-0.118035,0.99973,0.107871,0.480562,0.310276,0.0935049,0.0481119,0.404629,0.170151,0.221954,0.951658,0.0556086,0.0481286,1.39371,0.175441,0.379068,0.0958242,0.0726488,-0.0224277,1.03221,0.121283,-0.0340871,0.967702,0.151373,0.139115,0.0955502,-0.044172,0.0908196,0.941444,-0.139535,0.142063,1.05303,-0.272168,-0.147759,1.018,-0.116162,0.223896,0.0632559,0.00536838,-0.0461929,0.456111,-0.0921987,0.223017,0.949948,-0.00920272,0.0544875,1.36816,-0.17712,-0.0134031,0.0603652,0.034726,-0.0326072,1.03972,-0.120957,-0.0546013,0.975549,-0.144456,-0.048643,1.14817,0.0157178
630,6.28502,0.123062,1.41206,-0.00303446,0.406861,0.248951,0.146823,0.0814868,0.927856,0.182153,0.137152,1.07945,0.300984,-0.108,0.990745,0.120595,0.464782,0.302335,0.0930913,0.0320283,0.40668,0.17046,0.220439,0.952836,0.0533714,0.0504299,1.39311,0.175294,0.353025,0.0923523,0.0787094,-0.0131516,1.02626,0.129594,-0.0217032,0.962297,0.161893,0.158159,0.0960606,-0.0441748,0.091956,0.941016,-0.139803,0.127641,1.0486,-0.269927,-0.159859,1.03001,-0.107134,0.243498,0.0638881,0.00551039,-0.0359828,0.452816,-0.0927296,0.222648,0.950207,-0.0110132,0.0525689,1.36791,-0.177857,0.0063024,0.0601772,0.0346335,-0.0441439,1.04596,-0.114691,-0.0696374,0.98278,-0.137082,-0.0476055,1.14922,0.0186024
631,6.29502,0.123996,1.41173,-0.00511269,0.387531,0.243501,0.148094,0.0814351,0.930282,0.181358,0.150029,1.08514,0.303344,-0.0974753,0.984734,0.133099,0.448335,0.292211,0.0925279,0.0165157,0.410553,0.17065,0.219853,0.954325,0.0516292,0.0530802,1.39368,0.17511,0.324979,0.0884103,0.0844244,-0.00345582,1.023,0.138045,-0.0090809,0.959693,0.172291,0.177084,0.0967503,-0.044259,0.0926074,0.941089,-0.140014,0.113413,1.04606,-0.267363,-0.170839,1.04415,-0.0978848,0.263061,0.0646136,0.00557101,-0.0244801,0.450437,-0.0935662,0.222813,0.950609,-0.0126117,0.0509792,1.36913,-0.178464,0.0259744,0.0600498,0.0345275,-0.0548462,1.0543,-0.108349,-0.0838668,0.992134,-0.129359,-0.0461828,1.15091,0.0216734
632,6.30501,0.123543,1.41326,-0.00670895,0.367479,0.236836,0.149136,0.0816049,0.933307,0.18057,0.162884,1.09265,0.305417,-0.0867392,0.981464,0.145145,0.431212,0.280109,0.0917804,0.00173571,0.416027,0.170739,0.220038,0.956495,0.0507046,0.0558976,1.39545,0.174834,0.294924,0.0844264,0.0899138,0.006412,1.02231,0.146371,0.00346982,0.959752,0.182486,0.195997,0.0976834,-0.0443785,0.0927644,0.941681,-0.140173,0.0993322,1.04533,-0.264591,-0.180654,1.05987,-0.0885273,0.282644,0.0657899,0.00570651,-0.0122564,0.448154,-0.0941412,0.223126,0.951673,-0.0136913,0.0487675,1.37169,-0.178667,0.045664,0.0599566,0.0344154,-0.0646674,1.06446,-0.102024,-0.097199,1.00324,-0.121313,-0.0452927,1.15301,0.024603
633,6.315,0.121525,1.41661,-0.00762201,0.346706,0.228917,0.149761,0.0816082,0.936816,0.180029,0.17562,1.10169,0.307083,-0.0758076,0.980703,0.156479,0.413174,0.266028,0.0910551,-0.0121785,0.42278,0.170669,0.220575,0.959397,0.0507447,0.0586984,1.39826,0.174571,0.263034,0.0808285,0.0950625,0.0163063,1.02399,0.154432,0.0158324,0.962291,0.192171,0.214911,0.0990182,-0.0444934,0.0924365,0.942809,-0.140287,0.0854703,1.04641,-0.261671,-0.189287,1.07666,-0.0791113,0.302118,0.0676435,0.00577724,0.00103519,0.446229,-0.0940911,0.22302,0.953964,-0.0138499,0.0453946,1.37539,-0.178447,0.0654879,0.0598367,0.0342344,-0.0735711,1.07591,-0.0956385,-0.109325,1.01579,-0.112851,-0.0453841,1.15569,0.0269853
634,6.32499,0.118925,1.42099,-0.00798153,0.325076,0.219902,0.150133,0.0812283,0.940867,0.179683,0.187828,1.11201,0.308543,-0.0649988,0.982207,0.167176,0.394089,0.250303,0.0905148,-0.0250038,0.430521,0.170439,0.221051,0.962863,0.0514442,0.0613285,1.40205,0.174219,0.229668,0.0778574,0.099706,0.0260413,1.02761,0.162131,0.027877,0.966836,0.201212,0.233562,0.101035,-0.0446986,0.0916481,0.944489,-0.140359,0.0719092,1.04923,-0.258653,-0.19671,1.09402,-0.0696367,0.321297,0.0708878,0.00560989,0.0154891,0.445637,-0.0936982,0.222397,0.957715,-0.0131793,0.0411502,1.38002,-0.177978,0.0854629,0.0596274,0.034048,-0.0816041,1.08836,-0.0891838,-0.120146,1.02942,-0.104049,-0.0462835,1.15908,0.028457
635,6.33498,0.116772,1.42567,-0.00820313,0.302066,0.209859,0.150694,0.0804398,0.945575,0.179456,0.199203,1.12333,0.309663,-0.054593,0.985603,0.177269,0.373645,0.233312,0.0901363,-0.0364825,0.438941,0.1701,0.221129,0.966795,0.0523406,0.0636705,1.4068,0.173843,0.195383,0.0754331,0.103478,0.0354488,1.03272,0.169341,0.0394558,0.972852,0.209704,0.251697,0.103853,-0.0451198,0.0904339,0.946733,-0.140397,0.058689,1.05361,-0.255638,-0.202905,1.11157,-0.0601892,0.340019,0.0755588,0.00521214,0.0302511,0.446545,-0.0931563,0.221693,0.962633,-0.012188,0.0366431,1.38547,-0.177355,0.105369,0.0594312,0.0340643,-0.0887837,1.10146,-0.0828509,-0.129813,1.0436,-0.0953582,-0.048242,1.16339,0.0295043
636,6.34498,0.115694,1.4304,-0.00875452,0.27811,0.19912,0.150996,0.079191,0.95097,0.179337,0.209915,1.13541,0.310317,-0.0446913,0.990433,0.186723,0.351538,0.215491,0.0898617,-0.0465131,0.447738,0.169593,0.220746,0.971334,0.0531823,0.0658891,1.41229,0.173386,0.160526,0.073585,0.106365,0.0443964,1.03903,0.175968,0.0506773,0.980148,0.217583,0.269009,0.107381,-0.0456472,0.088835,0.949539,-0.140406,0.0459078,1.05928,-0.252777,-0.207976,1.12899,-0.0508633,0.357911,0.0812263,0.0047632,0.0441542,0.448572,-0.0927399,0.220974,0.968242,-0.0111984,0.0321155,1.39166,-0.176523,0.125422,0.0592153,0.0340567,-0.0951053,1.11486,-0.0767174,-0.138357,1.05798,-0.0869213,-0.0508053,1.16865,0.0303947
637,6.35497,0.115576,1.43518,-0.00985634,0.253191,0.187959,0.151082,0.0776734,0.957198,0.179237,0.220008,1.14799,0.310484,-0.0353675,0.996337,0.195468,0.327637,0.197359,0.0896319,-0.055089,0.456705,0.168839,0.219989,0.976735,0.053968,0.0679858,1.41836,0.1728,0.125418,0.0724083,0.108577,0.0528181,1.04631,0.181917,0.0613945,0.988344,0.22455,0.285301,0.111722,-0.0463811,0.0869044,0.952907,-0.140389,0.033656,1.06592,-0.250162,-0.212039,1.14595,-0.0417431,0.37488,0.0878691,0.00430163,0.0573588,0.451625,-0.0925633,0.220243,0.974268,-0.0103538,0.0274862,1.39844,-0.175413,0.14575,0.058877,0.0339405,-0.10056,1.1282,-0.070815,-0.1458,1.07226,-0.0788188,-0.0530259,1.17472,0.0312216
638,6.36496,0.115811,1.44021,-0.0112684,0.227231,0.176691,0.151041,0.0760803,0.964344,0.178876,0.229381,1.16079,0.31016,-0.0266857,1.00315,0.203518,0.302074,0.179415,0.089497,-0.0623286,0.465678,0.167802,0.219048,0.983099,0.0547386,0.0697906,1.4249,0.172123,0.0901134,0.0719263,0.10999,0.0606016,1.05427,0.187336,0.0712177,0.997141,0.230785,0.300365,0.116675,-0.0471775,0.0847183,0.956838,-0.14034,0.0218804,1.0733,-0.247744,-0.215163,1.16218,-0.0328422,0.39132,0.0960157,0.00375121,0.069939,0.455644,-0.0926504,0.219165,0.980543,-0.00962349,0.022749,1.40569,-0.174018,0.166334,0.0584633,0.0337836,-0.105177,1.14122,-0.0652222,-0.152214,1.08616,-0.071131,-0.0549943,1.18146,0.0322801
639,6.37495,0.115542,1.44567,-0.012589,0.200063,0.165557,0.151041,0.0743417,0.971963,0.178244,0.237954,1.17358,0.309354,-0.0186675,1.01057,0.210861,0.275033,0.161942,0.0895298,-0.0683761,0.474442,0.166662,0.217904,0.990278,0.0554139,0.0713192,1.43175,0.171409,0.0546121,0.0722115,0.110179,0.0676748,1.06245,0.192092,0.0801461,1.00635,0.236358,0.314405,0.121992,-0.0480234,0.0823464,0.961307,-0.140233,0.0104902,1.0813,-0.245453,-0.217417,1.17743,-0.0241658,0.406969,0.105536,0.00310223,0.0818867,0.460416,-0.0929246,0.217604,0.987038,-0.00898526,0.0180522,1.4133,-0.172377,0.186849,0.0580265,0.0335729,-0.109109,1.15375,-0.0597811,-0.157574,1.0995,-0.0636557,-0.0569524,1.18878,0.0338229
640,6.38494,0.114204,1.45172,-0.0134754,0.171691,0.154817,0.151102,0.072303,0.979634,0.17743,0.245723,1.18621,0.308131,-0.0112187,1.01838,0.217728,0.24655,0.14486,0.0896748,-0.0732719,0.482786,0.165597,0.215593,0.997629,0.0559188,0.0726237,1.43873,0.170728,0.0191729,0.0737714,0.109468,0.074094,1.07102,0.19638,0.0883992,1.01587,0.241182,0.327643,0.127611,-0.0489379,0.0797295,0.966147,-0.140063,-0.000214683,1.08966,-0.243337,-0.218972,1.19149,-0.0156939,0.421532,0.116123,0.00242436,0.0932063,0.465784,-0.0933958,0.21587,0.993857,-0.00846001,0.0136571,1.42102,-0.170493,0.207057,0.0575892,0.0333651,-0.112377,1.16556,-0.0545849,-0.162033,1.11202,-0.0564724,-0.0587573,1.1966,0.0359825
641,6.39494,0.112014,1.4582,-0.0137911,0.142323,0.144686,0.15116,0.069884,0.987117,0.176534,0.252749,1.19851,0.306573,-0.00440538,1.02637,0.223985,0.216618,0.128246,0.090079,-0.0768927,0.490437,0.164517,0.212473,1.005,0.0562902,0.0737442,1.4457,0.170126,-0.0160022,0.0768945,0.107898,0.0798044,1.07991,0.200241,0.0959128,1.0254,0.245247,0.340073,0.133788,-0.0500016,0.0766729,0.971066,-0.139928,-0.0101215,1.09823,-0.24146,-0.219864,1.20424,-0.00742629,0.434865,0.127339,0.00167913,0.103849,0.471655,-0.0940404,0.213411,1.00086,-0.00793468,0.00965245,1.4287,-0.168459,0.226827,0.0572128,0.0332857,-0.115031,1.17653,-0.0496088,-0.16554,1.12362,-0.049631,-0.0603001,1.20473,0.0387755
642,6.40493,0.109557,1.46468,-0.0136235,0.112631,0.135384,0.15085,0.0671543,0.994293,0.175638,0.259049,1.21028,0.304729,0.0017337,1.03437,0.229485,0.185515,0.112574,0.0905478,-0.0792862,0.497202,0.16337,0.209507,1.01253,0.0565234,0.0746017,1.45253,0.169631,-0.0506127,0.0818121,0.105513,0.0848109,1.08882,0.203682,0.102642,1.03476,0.248566,0.351717,0.140377,-0.0512294,0.0736201,0.976395,-0.139816,-0.0192881,1.10679,-0.239764,-0.220204,1.21557,0.000635918,0.446766,0.138801,0.000793477,0.113816,0.477912,-0.0948465,0.210382,1.00799,-0.00739278,0.00597568,1.4362,-0.166301,0.246487,0.0567588,0.0331136,-0.117164,1.18656,-0.0447784,-0.168122,1.13417,-0.0431043,-0.0616102,1.21292,0.0420831
643,6.41492,0.107309,1.47078,-0.0131505,0.0824963,0.127219,0.150348,0.0642778,1.00105,0.174817,0.264533,1.22127,0.302493,0.00712387,1.04238,0.234444,0.153644,0.098182,0.090752,-0.0807089,0.503034,0.162306,0.205977,1.01992,0.0566112,0.0751363,1.45912,0.16924,-0.084124,0.0886448,0.10238,0.089193,1.09747,0.206523,0.108621,1.04376,0.251178,0.362656,0.147102,-0.0527381,0.0709264,0.982313,-0.139585,-0.0277178,1.11518,-0.238194,-0.220027,1.22537,0.0084881,0.457219,0.150347,-0.000365124,0.12305,0.484385,-0.0956961,0.207326,1.01504,-0.00692555,0.00261917,1.44337,-0.164041,0.265287,0.0566579,0.032764,-0.11884,1.19547,-0.0402082,-0.170059,1.1435,-0.0369889,-0.0628315,1.22076,0.0456182
644,6.42491,0.105469,1.47626,-0.0125462,0.0521768,0.120478,0.149614,0.0614156,1.00723,0.17413,0.26935,1.23142,0.300132,0.0117522,1.05028,0.238896,0.121657,0.0856731,0.0911804,-0.0811984,0.508049,0.161303,0.201794,1.02683,0.0565652,0.0752772,1.46532,0.168947,-0.115864,0.0969193,0.0983771,0.0928234,1.10586,0.209019,0.113755,1.05247,0.253155,0.372932,0.153942,-0.0545052,0.0681728,0.988201,-0.139138,-0.0353471,1.1232,-0.236728,-0.2194,1.23355,0.0161521,0.46647,0.162293,-0.00176589,0.131468,0.490885,-0.0965035,0.203721,1.02159,-0.00643417,-0.00041228,1.4501,-0.161724,0.283111,0.0570846,0.0323565,-0.120128,1.20314,-0.0359053,-0.17155,1.15146,-0.0313933,-0.064133,1.22793,0.0490523
645,6.43491,0.103979,1.48101,-0.0119371,0.0223267,0.11539,0.148559,0.0586275,1.01265,0.17359,0.27361,1.24055,0.297617,0.0156293,1.05786,0.24281,0.0901399,0.0753699,0.0915662,-0.0807506,0.512241,0.160236,0.197834,1.03311,0.0565065,0.0752223,1.47107,0.168756,-0.145695,0.106047,0.0935529,0.0956743,1.1138,0.210808,0.118059,1.06067,0.254549,0.382336,0.16064,-0.056314,0.0650694,0.993667,-0.138616,-0.0419957,1.13062,-0.235633,-0.218405,1.24002,0.0236055,0.474733,0.17472,-0.00343974,0.138953,0.4972,-0.0971968,0.199672,1.0275,-0.0059306,-0.0031494,1.45628,-0.159359,0.300086,0.0580272,0.0319237,-0.12108,1.2095,-0.031905,-0.172655,1.158,-0.0263382,-0.0654857,1.23455,0.0522923
646,6.4449,0.102743,1.48501,-0.0113672,-0.00639976,0.112014,0.147081,0.0558223,1.01712,0.173156,0.277363,1.24847,0.295014,0.0187041,1.06494,0.246177,0.0596274,0.0673232,0.0914288,-0.0796828,0.515324,0.159312,0.194406,1.03844,0.0565488,0.07513,1.47624,0.168634,-0.173187,0.115848,0.0882606,0.0979773,1.1211,0.212191,0.121453,1.06803,0.255608,0.390824,0.167182,-0.0581369,0.061614,0.998564,-0.138108,-0.0478013,1.13725,-0.234803,-0.217099,1.24468,0.0307788,0.481888,0.187193,-0.00543322,0.145385,0.503161,-0.0977843,0.19553,1.03272,-0.00549184,-0.00564695,1.46179,-0.15695,0.316286,0.0593769,0.031399,-0.121766,1.21448,-0.0282662,-0.173403,1.16306,-0.0217981,-0.0669275,1.24051,0.0550717
647,6.45489,0.101769,1.48827,-0.0107871,-0.0334617,0.11021,0.145109,0.0528453,1.02047,0.172784,0.280644,1.25507,0.292469,0.0209327,1.07139,0.249018,0.0307588,0.0614283,0.0903951,-0.0781503,0.517162,0.158585,0.191183,1.04274,0.0566532,0.0748038,1.48061,0.168534,-0.198079,0.126229,0.082799,0.0996498,1.1276,0.213731,0.12397,1.07448,0.256232,0.39853,0.173387,-0.05994,0.0578907,1.00279,-0.137572,-0.0528778,1.14294,-0.234116,-0.215571,1.24752,0.0376172,0.487863,0.199499,-0.00754663,0.150537,0.508535,-0.0982356,0.19142,1.0372,-0.00517266,-0.00794344,1.46652,-0.154494,0.331922,0.0610017,0.0307347,-0.122238,1.218,-0.0248875,-0.173833,1.16657,-0.0177959,-0.0685804,1.24575,0.0571803
648,6.46488,0.100908,1.49076,-0.0101317,-0.0582861,0.109721,0.142685,0.0497286,1.02268,0.172528,0.283476,1.26016,0.290072,0.0222507,1.07708,0.251319,0.0039855,0.0574045,0.0886264,-0.076452,0.517758,0.158053,0.187227,1.04586,0.0566939,0.0743078,1.48409,0.168442,-0.220065,0.136908,0.077517,0.100641,1.13314,0.214973,0.125584,1.07993,0.256361,0.406017,0.17966,-0.0618771,0.0539267,1.00625,-0.136963,-0.057222,1.14762,-0.233573,-0.21392,1.24852,0.0440455,0.4929,0.211653,-0.00960624,0.154267,0.513058,-0.0985782,0.18729,1.04089,-0.00495634,-0.0100614,1.47037,-0.15204,0.34693,0.062986,0.0298573,-0.122492,1.22,-0.021831,-0.174025,1.16852,-0.0143321,-0.0705217,1.25023,0.0585898
649,6.47487,0.100085,1.49244,-0.00932522,-0.0800609,0.110231,0.139895,0.0466784,1.02381,0.172499,0.285859,1.26361,0.287921,0.0225973,1.08187,0.253095,-0.0200176,0.0548136,0.0862149,-0.0749356,0.517391,0.157206,0.183613,1.04831,0.0566423,0.0738421,1.48662,0.168373,-0.238855,0.147323,0.0727924,0.100909,1.1376,0.215833,0.126319,1.08416,0.256206,0.413403,0.186178,-0.0637936,0.0498186,1.00888,-0.136224,-0.0608561,1.15121,-0.233203,-0.212198,1.24766,0.0500212,0.497302,0.223681,-0.0116086,0.156469,0.51639,-0.0990421,0.18314,1.04387,-0.00474991,-0.0118889,1.47319,-0.149702,0.361121,0.0654786,0.0289875,-0.122549,1.22054,-0.0191291,-0.174024,1.16885,-0.0113974,-0.0727061,1.25391,0.0594229
650,6.48487,0.0992534,1.49329,-0.00830546,-0.0982155,0.11116,0.136813,0.0438153,1.02387,0.172736,0.287717,1.2653,0.286107,0.0219574,1.08565,0.254303,-0.0404041,0.053228,0.083095,-0.0743646,0.51642,0.155949,0.18071,1.05,0.0566196,0.0736371,1.48806,0.16834,-0.254295,0.156581,0.0688699,0.100474,1.1409,0.216405,0.126006,1.08702,0.255962,0.420664,0.192952,-0.065511,0.0456712,1.01055,-0.135352,-0.0638084,1.15364,-0.233019,-0.21043,1.24484,0.0554084,0.501253,0.23555,-0.0134756,0.157046,0.518282,-0.0996798,0.179099,1.04626,-0.00459723,-0.0134846,1.47503,-0.147527,0.374543,0.0685159,0.0279536,-0.122451,1.21958,-0.0167986,-0.173827,1.16754,-0.00901557,-0.0750857,1.25664,0.0597907
651,6.49486,0.0984305,1.49337,-0.00704106,-0.112324,0.111817,0.133381,0.0409103,1.02274,0.173218,0.288957,1.26513,0.284612,0.0203126,1.08832,0.254958,-0.0564632,0.0522088,0.079181,-0.0752046,0.515318,0.154342,0.177802,1.05035,0.0567695,0.0736872,1.48841,0.168431,-0.266408,0.163686,0.0657663,0.0993316,1.14295,0.216773,0.124609,1.08851,0.255603,0.42762,0.199825,-0.0670325,0.0415676,1.01122,-0.134404,-0.0660327,1.15484,-0.233008,-0.208715,1.24014,0.0601827,0.50465,0.24714,-0.015196,0.155957,0.518555,-0.100462,0.1752,1.04799,-0.00451472,-0.0148995,1.47587,-0.145526,0.387183,0.071926,0.0265959,-0.122265,1.21698,-0.0147737,-0.173442,1.16454,-0.00715853,-0.0776452,1.25826,0.0599304
652,6.50485,0.0975367,1.49261,-0.00560125,-0.122235,0.111517,0.129509,0.0382918,1.02051,0.173889,0.289508,1.26305,0.283481,0.0176394,1.08978,0.255228,-0.0680439,0.0510902,0.0743465,-0.0773888,0.514229,0.152631,0.175093,1.04932,0.0570863,0.0739521,1.48763,0.168785,-0.275337,0.167835,0.0633635,0.0973062,1.14367,0.217011,0.122176,1.0886,0.255178,0.434074,0.206636,-0.0684284,0.0376527,1.01087,-0.133437,-0.0675232,1.15478,-0.233157,-0.207176,1.23356,0.0643363,0.507127,0.258286,-0.0167942,0.153405,0.517244,-0.10143,0.171533,1.04889,-0.00446903,-0.016143,1.4757,-0.143764,0.398908,0.0755748,0.0248225,-0.122033,1.21275,-0.0129684,-0.172875,1.15981,-0.00578935,-0.0801559,1.25882,0.0600936
653,6.51484,0.0965989,1.49095,-0.00404513,-0.128071,0.109873,0.125297,0.0365585,1.01741,0.174805,0.289266,1.25908,0.282762,0.014006,1.09003,0.255174,-0.0751644,0.0492802,0.0687596,-0.0806747,0.512816,0.151059,0.172776,1.04705,0.0575034,0.0744404,1.48563,0.169463,-0.281212,0.16872,0.0613993,0.0944724,1.14308,0.217026,0.118738,1.0873,0.254744,0.43994,0.213273,-0.0697965,0.0340252,1.0095,-0.132444,-0.0683106,1.15353,-0.23344,-0.205941,1.22502,0.0678333,0.50825,0.269001,-0.01843,0.149587,0.514542,-0.102677,0.168169,1.04877,-0.00438829,-0.0173248,1.47454,-0.142303,0.409039,0.0788738,0.0228098,-0.121805,1.20696,-0.0115066,-0.172104,1.15335,-0.00490796,-0.0825387,1.25822,0.0603209
654,6.52483,0.0956132,1.48832,-0.00247237,-0.130107,0.107012,0.120933,0.0349244,1.01313,0.175791,0.288193,1.25325,0.282411,0.00949435,1.0891,0.254667,-0.077517,0.047452,0.0631724,-0.084937,0.510447,0.149762,0.170818,1.0436,0.0579202,0.0751286,1.48235,0.17047,-0.284011,0.166327,0.0593292,0.0909106,1.1412,0.21678,0.114335,1.08455,0.253949,0.445046,0.219427,-0.0712742,0.0307063,1.00716,-0.131498,-0.0684126,1.15112,-0.233869,-0.205007,1.21452,0.0705998,0.507914,0.279193,-0.0200638,0.144562,0.510729,-0.104173,0.165113,1.04738,-0.00419531,-0.0185713,1.47241,-0.141151,0.416853,0.0803022,0.0207141,-0.121768,1.19975,-0.0104686,-0.171059,1.14515,-0.00454467,-0.0847699,1.25632,0.0607701
655,6.53483,0.0946198,1.48469,-0.000920745,-0.128393,0.103393,0.116751,0.0336855,1.00804,0.176805,0.286252,1.24562,0.282424,0.00415356,1.08709,0.253773,-0.0745138,0.0472777,0.0583924,-0.08996,0.506708,0.14883,0.169116,1.039,0.058233,0.0757409,1.47775,0.171964,-0.283587,0.160134,0.05633,0.0866219,1.13802,0.216311,0.109012,1.08041,0.252804,0.449349,0.225268,-0.0726979,0.0277214,1.00389,-0.130624,-0.0678338,1.14762,-0.234424,-0.204342,1.20209,0.0725594,0.506496,0.288373,-0.0212537,0.13837,0.505828,-0.105977,0.162576,1.04428,-0.00396181,-0.0199489,1.46921,-0.140182,0.423254,0.0793156,0.017943,-0.12188,1.19111,-0.00983118,-0.169712,1.13525,-0.00466751,-0.0868412,1.25302,0.0617831
656,6.54482,0.0936141,1.48001,0.000609067,-0.12245,0.0995447,0.11292,0.033357,1.00248,0.178062,0.28341,1.23629,0.282784,-0.00198932,1.08402,0.252605,-0.0662514,0.0486782,0.0546488,-0.0950462,0.501998,0.148174,0.167578,1.03323,0.058403,0.0761778,1.47179,0.173942,-0.279934,0.149137,0.0515407,0.081583,1.13359,0.215652,0.102702,1.07515,0.251584,0.452799,0.23046,-0.0741057,0.0250928,0.999732,-0.129868,-0.066587,1.14313,-0.235032,-0.203951,1.18776,0.0736626,0.504529,0.296008,-0.0214163,0.131052,0.499799,-0.108151,0.160872,1.03906,-0.00387297,-0.0215165,1.46491,-0.139218,0.42977,0.0775554,0.0147333,-0.121549,1.18057,-0.00932118,-0.168029,1.12368,-0.00526687,-0.0887149,1.24825,0.0636119
657,6.55481,0.092601,1.47431,0.00210421,-0.112974,0.0957841,0.109819,0.0333168,0.996379,0.179353,0.279749,1.22533,0.283488,-0.00884147,1.07983,0.250874,-0.053906,0.0506159,0.0516826,-0.0998948,0.497066,0.147563,0.166169,1.02626,0.058375,0.0764062,1.46455,0.176249,-0.272906,0.133518,0.0453418,0.075707,1.12794,0.214828,0.095598,1.06857,0.250084,0.455433,0.234913,-0.0753766,0.022826,0.994661,-0.129209,-0.0646319,1.13772,-0.235643,-0.203807,1.17165,0.0739305,0.502415,0.302035,-0.0204221,0.12279,0.492766,-0.110646,0.159897,1.03191,-0.00406086,-0.0232604,1.45958,-0.138104,0.436783,0.0776772,0.0107785,-0.121137,1.16853,-0.00903252,-0.166058,1.11054,-0.00640116,-0.0899565,1.24156,0.0658567
658,6.5648,0.0916009,1.46754,0.00353413,-0.101597,0.0922511,0.107353,0.0333884,0.989896,0.180432,0.275244,1.21286,0.284504,-0.0164098,1.0748,0.248824,-0.0394433,0.0525728,0.0498233,-0.104563,0.492001,0.146479,0.164955,1.0181,0.0580516,0.0764225,1.45608,0.178725,-0.263551,0.115696,0.0392286,0.0692441,1.12131,0.21374,0.0876824,1.06097,0.248296,0.45705,0.239264,-0.0764455,0.0208018,0.988667,-0.128766,-0.0620068,1.1315,-0.236195,-0.203666,1.15398,0.0733875,0.500283,0.307041,-0.0188947,0.11381,0.484885,-0.113331,0.159139,1.02331,-0.00436169,-0.0250855,1.4533,-0.136794,0.441589,0.0801064,0.00612647,-0.120721,1.15515,-0.00912269,-0.163833,1.09595,-0.00805924,-0.0907553,1.23338,0.0679345
659,6.57479,0.0906754,1.45979,0.00492449,-0.0894828,0.0896093,0.105153,0.0334342,0.983159,0.181371,0.269877,1.19897,0.285806,-0.0246667,1.06902,0.246459,-0.0243474,0.0547329,0.0487075,-0.109376,0.486127,0.145297,0.164126,1.00898,0.0575199,0.0761768,1.44649,0.181299,-0.253365,0.0982309,0.0342474,0.0624187,1.11359,0.212253,0.0789441,1.05255,0.246141,0.457127,0.243966,-0.0773921,0.0189067,0.981741,-0.128656,-0.0587986,1.12461,-0.236663,-0.203507,1.13486,0.0720352,0.497733,0.311641,-0.0174548,0.104376,0.476303,-0.115972,0.158387,1.01376,-0.00460788,-0.0268402,1.44618,-0.135295,0.442915,0.0836608,0.00103157,-0.120212,1.14048,-0.00964298,-0.161339,1.08008,-0.0103625,-0.0913869,1.22444,0.0700104
660,6.58479,0.0901771,1.45155,0.00639779,-0.0765569,0.0885647,0.103381,0.0333289,0.97616,0.18242,0.263609,1.1838,0.287316,-0.0334938,1.06249,0.243659,-0.00845531,0.056821,0.0478609,-0.11482,0.479446,0.144656,0.164126,0.999264,0.057082,0.0755885,1.43609,0.184006,-0.2425,0.0829046,0.0310612,0.0548578,1.10537,0.210608,0.0694176,1.04344,0.243594,0.45521,0.24875,-0.0782686,0.017107,0.97394,-0.129043,-0.0550235,1.11708,-0.237151,-0.203421,1.11441,0.0697602,0.49446,0.315843,-0.0163131,0.0946318,0.467234,-0.118204,0.157972,1.00373,-0.00485431,-0.0283324,1.4386,-0.13381,0.441039,0.0873713,-0.00416868,-0.119479,1.12462,-0.0106881,-0.158604,1.06311,-0.0134323,-0.0918292,1.215,0.0720805
661,6.59478,0.0907583,1.44389,0.00815895,-0.061999,0.0886798,0.102293,0.0335385,0.969174,0.183395,0.256363,1.16754,0.288981,-0.0428697,1.05542,0.240456,0.00859379,0.0584519,0.0475944,-0.121314,0.473985,0.144742,0.165246,0.988918,0.0568909,0.0745909,1.42582,0.187037,-0.228956,0.0723796,0.0297959,0.0467385,1.09643,0.2086,0.0591586,1.03381,0.240584,0.451144,0.253248,-0.0791631,0.0155747,0.965396,-0.129933,-0.050392,1.10901,-0.237796,-0.203294,1.09285,0.0664243,0.49024,0.319422,-0.0155408,0.0844107,0.458092,-0.119518,0.158204,0.993337,-0.0051676,-0.0294034,1.43117,-0.132755,0.436525,0.0908578,-0.00922675,-0.118465,1.10778,-0.0122728,-0.155678,1.04533,-0.0173965,-0.0920222,1.20522,0.0739246
662,6.60477,0.092279,1.43728,0.010178,-0.0451847,0.0893425,0.101636,0.0342526,0.962568,0.184194,0.248022,1.15048,0.290718,-0.0529441,1.04802,0.236677,0.0268703,0.0599074,0.0480291,-0.128115,0.471719,0.14568,0.167319,0.977945,0.0563458,0.0735569,1.41664,0.190566,-0.211948,0.0681904,0.0298003,0.0379351,1.08696,0.206044,0.048118,1.02391,0.237029,0.44479,0.257278,-0.0801384,0.0146531,0.956432,-0.131192,-0.0446369,1.10067,-0.238519,-0.203095,1.07046,0.0617979,0.484736,0.322281,-0.0151944,0.0732108,0.449459,-0.119847,0.159055,0.982326,-0.00591002,-0.0297622,1.42425,-0.132568,0.429585,0.0940538,-0.0139512,-0.117112,1.09022,-0.0144545,-0.152503,1.02708,-0.0223952,-0.0920066,1.19525,0.0752368
663,6.61476,0.093568,1.43125,0.012306,-0.0270723,0.089984,0.101121,0.0354759,0.956939,0.184756,0.238428,1.13299,0.292402,-0.0638542,1.04057,0.232126,0.0459598,0.0609852,0.0486261,-0.133318,0.470833,0.147484,0.169896,0.967469,0.0541562,0.0731379,1.40834,0.194577,-0.1934,0.066884,0.0303091,0.0283301,1.07755,0.202823,0.0362271,1.01378,0.232574,0.436196,0.260661,-0.0811643,0.0145661,0.947627,-0.1327,-0.0379768,1.09266,-0.238914,-0.20274,1.04768,0.0555724,0.477788,0.324459,-0.0153242,0.0606397,0.442148,-0.119712,0.160393,0.970923,-0.00831944,-0.0292213,1.41788,-0.133275,0.420391,0.0968194,-0.0183447,-0.115167,1.07228,-0.0172223,-0.148919,1.00878,-0.0285097,-0.0918392,1.18544,0.0757828
664,6.62475,0.0932359,1.42585,0.014524,-0.00891948,0.0903109,0.10066,0.037031,0.952458,0.184842,0.227478,1.11558,0.293858,-0.0756065,1.03354,0.226638,0.0650447,0.061723,0.0488897,-0.135186,0.467757,0.150368,0.172239,0.959015,0.050177,0.0729674,1.40037,0.198997,-0.174906,0.0653587,0.0305618,0.0179349,1.06889,0.199199,0.0234306,1.00419,0.227358,0.425654,0.26325,-0.0822265,0.0151868,0.939713,-0.134259,-0.0305049,1.08555,-0.239053,-0.201979,1.02518,0.0474902,0.469368,0.325732,-0.0158812,0.0468273,0.436647,-0.119626,0.162164,0.960517,-0.0133731,-0.0283187,1.41197,-0.134186,0.409072,0.0989635,-0.0224507,-0.112321,1.0544,-0.0205822,-0.144568,0.990837,-0.0357267,-0.0915239,1.17633,0.0753489
665,6.63475,0.090901,1.42194,0.0169285,0.00967398,0.0906189,0.100129,0.0384234,0.948951,0.1846,0.215019,1.09883,0.294933,-0.0881636,1.02762,0.220019,0.084297,0.0622322,0.0487165,-0.133373,0.46188,0.153729,0.173311,0.952677,0.0463204,0.0722223,1.39305,0.203414,-0.155998,0.0641092,0.0306148,0.00668439,1.06138,0.194882,0.00970942,0.995912,0.221651,0.413572,0.264947,-0.0832922,0.0157135,0.933216,-0.135617,-0.0222465,1.0799,-0.239206,-0.200747,1.00365,0.0373503,0.459595,0.325938,-0.0165123,0.0323906,0.432367,-0.119462,0.164091,0.952155,-0.0188311,-0.0279342,1.40653,-0.13428,0.395631,0.100294,-0.0263634,-0.108347,1.0371,-0.0245261,-0.139123,0.973749,-0.0439005,-0.0910996,1.16866,0.073871
666,6.64474,0.087897,1.41991,0.0195385,0.0287386,0.0910721,0.0995775,0.0393719,0.946001,0.184386,0.200996,1.08343,0.295449,-0.101379,1.02363,0.212242,0.104066,0.0629696,0.0485806,-0.128999,0.455281,0.15658,0.173291,0.948302,0.0440468,0.070285,1.38702,0.206809,-0.13672,0.063308,0.0306498,-0.00537046,1.05537,0.18993,-0.00489848,0.989383,0.215586,0.400253,0.265709,-0.0843937,0.0151251,0.928334,-0.136605,-0.0132085,1.07601,-0.239571,-0.198575,0.98403,0.0254221,0.448671,0.324986,-0.0170769,0.0175865,0.42825,-0.118896,0.165268,0.945798,-0.0214385,-0.0281962,1.40172,-0.133265,0.379931,0.100787,-0.0302026,-0.103229,1.02101,-0.0292114,-0.13251,0.958171,-0.0529408,-0.0906326,1.16296,0.0714542
667,6.65473,0.0859066,1.41865,0.0221866,0.0479943,0.0915144,0.0990828,0.039847,0.943468,0.184219,0.185735,1.06991,0.295456,-0.115024,1.02227,0.203629,0.123836,0.063696,0.0485709,-0.12248,0.448857,0.158421,0.173139,0.945914,0.0432178,0.0675539,1.38234,0.208483,-0.117127,0.0628881,0.0306144,-0.0177662,1.05132,0.184479,-0.020376,0.984681,0.209036,0.38597,0.265637,-0.0855513,0.0139047,0.924969,-0.137037,-0.00322773,1.07365,-0.24044,-0.195123,0.96699,0.012208,0.436862,0.322811,-0.017547,0.00250134,0.424667,-0.118026,0.165668,0.941633,-0.0213744,-0.0281991,1.39779,-0.132007,0.361891,0.100665,-0.0341346,-0.0972448,1.00695,-0.0349148,-0.124701,0.944762,-0.0626848,-0.0902115,1.15921,0.0684021
668,6.66472,0.0859433,1.41685,0.0243749,0.0673416,0.0920483,0.0986516,0.0400499,0.941434,0.184059,0.169974,1.05845,0.29523,-0.128625,1.02376,0.194553,0.143369,0.0642687,0.0484958,-0.113926,0.442461,0.15916,0.173282,0.945225,0.043363,0.0649528,1.37855,0.20902,-0.0974572,0.0627562,0.0303486,-0.0300611,1.04947,0.178556,-0.0361373,0.982388,0.201933,0.370788,0.264695,-0.0866445,0.0134336,0.923202,-0.136735,0.00782943,1.0724,-0.242113,-0.190158,0.952955,-0.00151703,0.424435,0.319272,-0.0178847,-0.0127366,0.422741,-0.117127,0.166068,0.939882,-0.0206711,-0.0269895,1.39496,-0.131353,0.341842,0.100155,-0.0385153,-0.0907849,0.995855,-0.0418302,-0.115686,0.934132,-0.0728961,-0.0899528,1.15699,0.0651152
669,6.67472,0.0878351,1.41416,0.0257034,0.0867956,0.0927977,0.0983346,0.0402007,0.939849,0.184026,0.154064,1.04892,0.294822,-0.141763,1.02797,0.184903,0.162629,0.0646716,0.0483465,-0.104341,0.436678,0.158803,0.173451,0.945635,0.0443903,0.0630511,1.37552,0.20983,-0.0778431,0.0626947,0.0300122,-0.0419195,1.04985,0.17173,-0.0516415,0.982653,0.193958,0.354806,0.262836,-0.0875604,0.0141368,0.922952,-0.135822,0.0199182,1.07226,-0.244719,-0.183705,0.942155,-0.015072,0.411587,0.31416,-0.0180976,-0.0276838,0.422813,-0.116204,0.166534,0.939748,-0.0196305,-0.0245665,1.39326,-0.131431,0.319828,0.0993154,-0.0430493,-0.0840513,0.988122,-0.0499128,-0.105727,0.926697,-0.0833772,-0.0898777,1.15588,0.0619592
670,6.68471,0.0904358,1.41135,0.0262897,0.106072,0.0937601,0.0982652,0.0404261,0.938638,0.18428,0.138062,1.04136,0.294213,-0.1543,1.03484,0.174799,0.182197,0.0653051,0.0482284,-0.0944246,0.432036,0.157595,0.173334,0.946502,0.0458951,0.0617336,1.37345,0.211637,-0.0582379,0.0625549,0.029787,-0.0532939,1.05256,0.164582,-0.066764,0.985396,0.185503,0.338125,0.260116,-0.0882371,0.0154768,0.923879,-0.134685,0.0327129,1.07375,-0.247985,-0.176159,0.934791,-0.0280582,0.398452,0.30733,-0.0182682,-0.0421085,0.424639,-0.115257,0.166864,0.940157,-0.018216,-0.0216239,1.3926,-0.131886,0.295591,0.0981974,-0.0471216,-0.0764694,0.983804,-0.0585034,-0.0955422,0.922491,-0.0940395,-0.089957,1.15574,0.0592344
671,6.6947,0.092567,1.40993,0.0266478,0.125082,0.0945388,0.097763,0.0407404,0.937876,0.184786,0.12194,1.03597,0.293447,-0.165976,1.0442,0.164421,0.202145,0.0665799,0.0481578,-0.0840215,0.428548,0.156514,0.173129,0.947619,0.0472579,0.0605843,1.37258,0.213497,-0.0386026,0.0622875,0.0295244,-0.0642139,1.05729,0.157321,-0.0812961,0.990476,0.176835,0.320733,0.256517,-0.0887324,0.0164561,0.925414,-0.133817,0.0458346,1.07718,-0.251628,-0.167898,0.930652,-0.0404385,0.384951,0.298678,-0.0184538,-0.0559184,0.428102,-0.114379,0.167424,0.940897,-0.0169135,-0.0186574,1.39294,-0.132298,0.269259,0.0968329,-0.0506941,-0.0685263,0.982376,-0.0674162,-0.0851035,0.921244,-0.104373,-0.0902021,1.15661,0.0572422
672,6.70469,0.0932017,1.41084,0.0275482,0.144331,0.0952108,0.097188,0.0411663,0.937695,0.185417,0.105732,1.03295,0.292537,-0.176728,1.05554,0.153804,0.221999,0.068105,0.04809,-0.0725291,0.425991,0.156085,0.173214,0.949094,0.0481787,0.0589496,1.37322,0.214781,-0.0188427,0.0619592,0.0291337,-0.0747551,1.06403,0.150372,-0.0950815,0.997751,0.168171,0.302585,0.251946,-0.0890908,0.0171746,0.927868,-0.133374,0.0588179,1.08249,-0.255448,-0.159215,0.929294,-0.0523518,0.370709,0.288313,-0.0186928,-0.069109,0.432975,-0.113591,0.168343,0.942155,-0.0161522,-0.0158448,1.3943,-0.132464,0.241456,0.0953013,-0.053719,-0.0601834,0.983215,-0.0763366,-0.0742616,0.922417,-0.1141,-0.0906789,1.15844,0.0561232
673,6.71468,0.0919415,1.41359,0.0294862,0.163735,0.0962544,0.0969013,0.0417489,0.938275,0.185998,0.0896842,1.03231,0.291323,-0.186483,1.06847,0.143128,0.241825,0.0698987,0.0481742,-0.0595943,0.424113,0.155787,0.173642,0.951002,0.0485504,0.0564939,1.37533,0.21573,0.000953674,0.06193,0.0289005,-0.0844694,1.07244,0.143384,-0.108019,1.00689,0.159584,0.283573,0.246157,-0.0892652,0.0175254,0.930899,-0.133234,0.0713368,1.0894,-0.259184,-0.150316,0.930197,-0.0638382,0.355311,0.276346,-0.0190578,-0.0815566,0.439009,-0.112749,0.169232,0.943931,-0.0159367,-0.0131505,1.39672,-0.132408,0.212664,0.0934687,-0.0562818,-0.0516084,0.986179,-0.0849561,-0.0632069,0.925519,-0.123199,-0.0914299,1.16104,0.0557003
674,6.72468,0.0899277,1.41717,0.0321875,0.183122,0.0978763,0.096842,0.042472,0.939636,0.186503,0.0740591,1.03373,0.289854,-0.195153,1.08268,0.132622,0.261516,0.0721415,0.0482891,-0.0453306,0.422786,0.155007,0.174373,0.953365,0.0483335,0.053236,1.37876,0.21664,0.020672,0.0623863,0.0291189,-0.093279,1.08266,0.136859,-0.119926,1.01775,0.151217,0.26381,0.239368,-0.0895458,0.0175313,0.934431,-0.133209,0.0832036,1.09772,-0.262771,-0.141383,0.932856,-0.0748465,0.338491,0.262938,-0.0194473,-0.0929252,0.446191,-0.111692,0.169824,0.94637,-0.0161809,-0.0103708,1.40014,-0.13228,0.183034,0.0913075,-0.0585268,-0.0434251,0.991017,-0.0933484,-0.0523405,0.930165,-0.13196,-0.0923175,1.16403,0.055511
675,6.73467,0.0885505,1.42108,0.0347987,0.202287,0.100104,0.0969019,0.0431228,0.941612,0.186936,0.0590136,1.03684,0.288252,-0.202656,1.09782,0.122434,0.280877,0.0753528,0.0484575,-0.0300599,0.422182,0.153574,0.175398,0.956292,0.0476879,0.049258,1.3833,0.217382,0.0405095,0.0626691,0.0290225,-0.101095,1.09371,0.130293,-0.130792,1.02971,0.143011,0.243306,0.231596,-0.0898962,0.0172122,0.9384,-0.133138,0.0944398,1.10713,-0.265991,-0.132549,0.936792,-0.0853588,0.320146,0.248583,-0.0198386,-0.103685,0.454295,-0.110571,0.170133,0.949793,-0.0167469,-0.00726667,1.40439,-0.132193,0.152738,0.0890076,-0.0605759,-0.0360382,0.997351,-0.101581,-0.0418421,0.936009,-0.140371,-0.0932347,1.1674,0.0552103
676,6.74466,0.0883634,1.42509,0.0365527,0.220988,0.103035,0.097135,0.0436368,0.944163,0.187269,0.0446474,1.04145,0.28665,-0.209062,1.11355,0.112699,0.299742,0.0795448,0.0487678,-0.0144312,0.422788,0.151973,0.176231,0.95987,0.04702,0.0448588,1.38874,0.217909,0.0603655,0.062785,0.0288496,-0.107779,1.10518,0.123621,-0.140617,1.04245,0.135103,0.22191,0.223028,-0.0902713,0.0165943,0.942766,-0.132914,0.105206,1.1173,-0.268619,-0.123924,0.941704,-0.095333,0.300306,0.23347,-0.0202417,-0.113637,0.463089,-0.109349,0.170247,0.954387,-0.0173747,-0.00387508,1.40929,-0.13215,0.121724,0.0869156,-0.0624324,-0.0282291,1.00411,-0.10907,-0.0318766,0.942934,-0.148338,-0.0941358,1.17135,0.0545179
677,6.75465,0.0889833,1.42903,0.0374424,0.238932,0.106485,0.0976265,0.043831,0.947294,0.187488,0.0309865,1.04733,0.284865,-0.214424,1.12951,0.103498,0.317985,0.0847929,0.0492028,0.000744729,0.424812,0.150715,0.176013,0.964277,0.0466116,0.0403701,1.39482,0.21823,0.0802019,0.0628388,0.0285948,-0.113718,1.11736,0.117732,-0.149406,1.05585,0.127611,0.199586,0.213792,-0.0907502,0.0157147,0.947494,-0.132481,0.115377,1.12794,-0.270829,-0.115605,0.947353,-0.104754,0.279096,0.217802,-0.0206937,-0.122524,0.472309,-0.107949,0.17015,0.960107,-0.0178702,-0.000383316,1.41469,-0.1321,0.0899692,0.0852797,-0.063865,-0.0202783,1.01117,-0.115949,-0.0224947,0.950577,-0.155992,-0.0950141,1.1761,0.0531448
678,6.76464,0.0897167,1.43303,0.0379228,0.255656,0.110388,0.0983382,0.0435435,0.950994,0.187563,0.0180731,1.05424,0.282927,-0.218816,1.14531,0.0948377,0.335458,0.0910739,0.049686,0.0149896,0.427954,0.149871,0.175381,0.969837,0.0464306,0.0360062,1.4014,0.218245,0.100036,0.0628859,0.0286775,-0.118999,1.12967,0.111922,-0.156922,1.0692,0.120365,0.17635,0.204217,-0.0911175,0.0146189,0.95255,-0.131818,0.124993,1.13882,-0.272634,-0.107683,0.953531,-0.113634,0.256654,0.20195,-0.0213597,-0.130265,0.481741,-0.106327,0.169768,0.966696,-0.0182341,0.00291487,1.42044,-0.132059,0.0574993,0.0842104,-0.0644687,-0.0126826,1.0186,-0.122332,-0.0136404,0.958578,-0.163327,-0.0966173,1.18175,0.0508975
679,6.77464,0.0899612,1.43755,0.0384036,0.271386,0.114905,0.0992222,0.0426756,0.955156,0.187492,0.00614339,1.06181,0.281109,-0.222332,1.16064,0.086709,0.3522,0.0984127,0.0503083,0.0283674,0.431768,0.149117,0.174435,0.976505,0.0464051,0.0318164,1.40832,0.217851,0.119936,0.0630605,0.0289486,-0.123633,1.14215,0.106773,-0.163369,1.08246,0.113497,0.152136,0.194612,-0.0915784,0.0133568,0.95789,-0.130939,0.134186,1.14982,-0.273907,-0.100199,0.960059,-0.122021,0.232877,0.185987,-0.0224236,-0.136816,0.491165,-0.104541,0.169138,0.97384,-0.0183901,0.00579928,1.42642,-0.132011,0.0245745,0.0837072,-0.0639266,-0.00565082,1.0263,-0.128271,-0.00532092,0.966765,-0.170187,-0.0982146,1.18798,0.047899
680,6.78463,0.0893107,1.44285,0.0390727,0.286329,0.12001,0.100214,0.0412104,0.959727,0.187295,-0.00478805,1.06976,0.279473,-0.225048,1.17533,0.0791031,0.368131,0.106621,0.0510419,0.0411292,0.436049,0.148249,0.172986,0.984011,0.0465873,0.027856,1.41542,0.217106,0.140117,0.0629309,0.0290034,-0.127568,1.15456,0.102371,-0.168916,1.09549,0.107117,0.126669,0.185074,-0.0919898,0.01198,0.963466,-0.129883,0.142889,1.16081,-0.274585,-0.0931946,0.966749,-0.129955,0.207302,0.169615,-0.0240439,-0.142139,0.500379,-0.102671,0.168213,0.981292,-0.0182199,0.00817606,1.43251,-0.131938,-0.00864641,0.0839101,-0.0621669,0.000831318,1.0341,-0.133757,0.00247462,0.974969,-0.176269,-0.0992766,1.19442,0.0445395
681,6.79462,0.0878592,1.4486,0.0398834,0.30049,0.125607,0.10129,0.0392122,0.964638,0.18698,-0.0147987,1.07783,0.277933,-0.227077,1.18922,0.0719955,0.38315,0.115509,0.0518568,0.0533923,0.4408,0.147304,0.170844,0.991975,0.0470246,0.0241193,1.42254,0.216084,0.160281,0.0628891,0.0288957,-0.130895,1.16636,0.0981036,-0.173634,1.10811,0.1012,0.10007,0.175293,-0.092031,0.0105391,0.969222,-0.128709,0.150827,1.17161,-0.274865,-0.0867026,0.973442,-0.137481,0.180359,0.153388,-0.0260254,-0.146226,0.509138,-0.100844,0.166959,0.988885,-0.0177277,0.00996745,1.43856,-0.131957,-0.0419542,0.0849191,-0.0596115,0.00673276,1.04189,-0.138763,0.0099091,0.983142,-0.18161,-0.100312,1.20114,0.0409688
682,6.80461,0.0860142,1.45437,0.0406598,0.313884,0.131595,0.102393,0.0367677,0.969686,0.186514,-0.0239811,1.08583,0.276436,-0.228531,1.20219,0.0653732,0.397225,0.124967,0.0527131,0.0651165,0.445957,0.146417,0.168075,1.00008,0.0476578,0.0205042,1.42957,0.21487,0.180548,0.0625523,0.0290913,-0.133811,1.17757,0.0940836,-0.177387,1.11995,0.0955551,0.0725045,0.165798,-0.0919987,0.00908212,0.97509,-0.12749,0.15801,1.18203,-0.274766,-0.0807582,0.98006,-0.144625,0.152107,0.137465,-0.0277489,-0.1489,0.517221,-0.0992702,0.165313,0.996585,-0.0168772,0.0112809,1.44447,-0.132085,-0.0753788,0.087116,-0.0562836,0.012029,1.0496,-0.143302,0.0169896,0.991218,-0.186114,-0.101592,1.20797,0.0374185
683,6.8146,0.0841564,1.45986,0.0412017,0.326508,0.13782,0.103473,0.0339983,0.97471,0.18587,-0.032364,1.09362,0.274988,-0.229517,1.21412,0.0591788,0.410492,0.135017,0.0536363,0.0761435,0.451316,0.145687,0.164891,1.00807,0.0484414,0.0169439,1.43642,0.213541,0.200551,0.0622187,0.0295674,-0.13642,1.18818,0.0905163,-0.180414,1.13084,0.0902777,0.0442602,0.156825,-0.0917485,0.00765115,0.98099,-0.126304,0.16449,1.19194,-0.274283,-0.0753768,0.986554,-0.151438,0.123034,0.122604,-0.0289189,-0.149963,0.524556,-0.0980677,0.163577,1.00418,-0.01585,0.0122066,1.45019,-0.132294,-0.108784,0.0909065,-0.0524719,0.0167002,1.05713,-0.147365,0.0233945,0.999031,-0.190134,-0.10314,1.21481,0.0341503
684,6.8246,0.0824728,1.46494,0.0413695,0.338431,0.144166,0.104491,0.0310196,0.979509,0.185117,-0.0400524,1.10107,0.273584,-0.23014,1.22489,0.0533893,0.4228,0.145433,0.0545372,0.0863594,0.456715,0.145138,0.161464,1.01576,0.0493194,0.013441,1.44298,0.21215,0.22011,0.0619581,0.0299789,-0.138359,1.19768,0.0870675,-0.182893,1.1407,0.0853927,0.0156594,0.148575,-0.0910039,0.00628058,0.986826,-0.125234,0.170306,1.20127,-0.273477,-0.0706191,0.992889,-0.157869,0.0926414,0.108415,-0.029317,-0.149356,0.530972,-0.0972723,0.161332,1.01138,-0.014799,0.0127203,1.4556,-0.132709,-0.141721,0.0963948,-0.048411,0.0207896,1.06439,-0.150951,0.0290484,1.0065,-0.193669,-0.104926,1.22149,0.0313514
685,6.83459,0.0809591,1.46954,0.0411035,0.349744,0.150594,0.105407,0.0278592,0.983941,0.184412,-0.0470411,1.10808,0.272291,-0.230486,1.23441,0.0479557,0.43406,0.155995,0.0552899,0.0958755,0.462043,0.144606,0.157847,1.02291,0.0501878,0.0101082,1.44905,0.210627,0.238942,0.0619303,0.0302906,-0.13976,1.20596,0.0837182,-0.184916,1.14949,0.0809686,-0.0130255,0.141269,-0.0896347,0.00499434,0.992485,-0.124353,0.175508,1.20987,-0.272404,-0.0664848,0.999038,-0.163763,0.0606968,0.0947561,-0.0286743,-0.147255,0.536163,-0.0968952,0.159003,1.01814,-0.0137258,0.0130174,1.46054,-0.13326,-0.173557,0.103505,-0.0441883,0.0243566,1.07128,-0.154128,0.0340258,1.01346,-0.196641,-0.106911,1.22784,0.0291028
686,6.84458,0.0795509,1.47356,0.0405124,0.360528,0.157052,0.106252,0.0246103,0.987865,0.183815,-0.0530657,1.11456,0.271381,-0.230656,1.24257,0.0428534,0.444395,0.166755,0.0560081,0.104876,0.467258,0.143721,0.154075,1.02929,0.0508969,0.00678224,1.45467,0.209084,0.256995,0.0621226,0.0307041,-0.14108,1.21337,0.0808317,-0.186528,1.15715,0.0770017,-0.0415482,0.135223,-0.0875747,0.00380347,0.997834,-0.123724,0.180124,1.21766,-0.271154,-0.0630258,1.00497,-0.16901,0.0284521,0.0827957,-0.0270017,-0.143928,0.539886,-0.0969834,0.156135,1.02424,-0.0127449,0.0129812,1.46491,-0.133718,-0.204139,0.112049,-0.0398665,0.0273731,1.07771,-0.156965,0.0382379,1.01991,-0.199102,-0.109037,1.23371,0.0272846
687,6.85457,0.0781832,1.47695,0.039681,0.370775,0.163453,0.107136,0.0212562,0.991217,0.183352,-0.0582732,1.12042,0.270653,-0.230667,1.24933,0.0380713,0.453908,0.177699,0.0568932,0.112988,0.472079,0.142865,0.150186,1.03476,0.0513536,0.00354945,1.45968,0.20746,0.274253,0.062413,0.0311946,-0.142011,1.21948,0.0780715,-0.187796,1.16359,0.0734846,-0.0695111,0.130636,-0.0849459,0.00270393,1.00272,-0.123393,0.184209,1.22457,-0.269801,-0.0603206,1.01055,-0.173742,-0.00359762,0.0729341,-0.0244712,-0.139472,0.542026,-0.0973433,0.152746,1.02962,-0.0118854,0.0127936,1.46863,-0.134212,-0.233072,0.121918,-0.0353835,0.0297624,1.08352,-0.159314,0.0416544,1.02581,-0.201184,-0.111158,1.23892,0.0256844
688,6.86456,0.0768214,1.47962,0.0387372,0.380561,0.169784,0.1081,0.0178113,0.993916,0.182963,-0.0627661,1.12553,0.270055,-0.230342,1.25465,0.0336883,0.462646,0.188699,0.0579003,0.120098,0.476385,0.142179,0.146319,1.03933,0.0516395,0.000551566,1.4639,0.205697,0.290924,0.0627405,0.0313384,-0.142806,1.22443,0.075641,-0.188748,1.16871,0.0703993,-0.0963159,0.127494,-0.0820725,0.0016746,1.00696,-0.123379,0.18785,1.23041,-0.268337,-0.0584104,1.01578,-0.177773,-0.0349064,0.065314,-0.0213444,-0.133939,0.54252,-0.0976757,0.14899,1.03425,-0.0111861,0.0125006,1.47166,-0.134756,-0.259749,0.132923,-0.0310143,0.0313366,1.08891,-0.161378,0.0442135,1.03114,-0.202925,-0.113455,1.24328,0.0243403
689,6.87456,0.0754926,1.48152,0.0377837,0.38996,0.176091,0.109165,0.0143547,0.9959,0.182471,-0.0665493,1.12976,0.269666,-0.230013,1.25842,0.0296271,0.470695,0.199593,0.0589609,0.1261,0.48009,0.141782,0.142496,1.04306,0.0518329,-0.00224754,1.46727,0.203824,0.307174,0.0633113,0.0314072,-0.143504,1.2281,0.0735596,-0.189455,1.17242,0.0677262,-0.121367,0.12587,-0.0793083,0.000674279,1.01036,-0.123672,0.191026,1.2351,-0.266821,-0.0573335,1.02048,-0.181239,-0.064502,0.0600052,-0.0180615,-0.127755,0.541513,-0.0978625,0.145138,1.0381,-0.0106788,0.0120071,1.47391,-0.135164,-0.283422,0.144943,-0.0271112,0.0323358,1.09352,-0.163208,0.0458485,1.03576,-0.204388,-0.116286,1.24669,0.0235787
690,6.88455,0.0742234,1.48261,0.0368646,0.398942,0.18234,0.110393,0.0108515,0.997194,0.181833,-0.0696127,1.13299,0.269497,-0.229724,1.26057,0.0259017,0.478203,0.210378,0.0602838,0.130871,0.48303,0.141773,0.138758,1.04592,0.0519423,-0.00482305,1.46971,0.201883,0.323039,0.0643326,0.0314487,-0.144048,1.23042,0.0717621,-0.189954,1.17466,0.0654983,-0.14415,0.125639,-0.0768211,-0.000364017,1.01268,-0.124223,0.193701,1.23858,-0.26532,-0.057132,1.02465,-0.184083,-0.0909152,0.0567641,-0.0150995,-0.121935,0.53935,-0.0978468,0.141709,1.04105,-0.0103328,0.0112737,1.47531,-0.135498,-0.303542,0.15714,-0.0237445,0.0324677,1.09742,-0.164771,0.0465612,1.03955,-0.205545,-0.119138,1.24921,0.0229323
691,6.89454,0.0730363,1.48281,0.0359887,0.407438,0.188498,0.111731,0.00731789,0.997713,0.18108,-0.0720024,1.13511,0.269539,-0.229271,1.26105,0.0225941,0.485115,0.22108,0.0620411,0.134297,0.484859,0.142142,0.135185,1.04783,0.0519113,-0.00712399,1.47113,0.19989,0.338518,0.065841,0.0314977,-0.144485,1.23129,0.0702315,-0.190237,1.17536,0.0636929,-0.163279,0.126367,-0.0743939,-0.00153599,1.01364,-0.124933,0.195826,1.24073,-0.26394,-0.0578532,1.02814,-0.186521,-0.113123,0.0550256,-0.0123962,-0.1177,0.536379,-0.0975491,0.13841,1.04309,-0.0102465,0.0105387,1.47577,-0.135945,-0.319641,0.168186,-0.0207107,0.0314934,1.10052,-0.166128,0.0463397,1.0424,-0.206349,-0.121808,1.25076,0.022144
692,6.90453,0.0719627,1.48207,0.0351396,0.415422,0.1945,0.11315,0.00384848,0.997389,0.180314,-0.0737312,1.13606,0.269774,-0.228896,1.25982,0.0196846,0.491211,0.23175,0.0643807,0.136294,0.485316,0.142801,0.131951,1.04875,0.0517277,-0.00922481,1.47159,0.197901,0.353484,0.0677403,0.0316569,-0.144924,1.23074,0.0690247,-0.190319,1.17442,0.0622797,-0.177801,0.127102,-0.0718662,-0.00294542,1.01299,-0.125674,0.197306,1.2414,-0.262711,-0.0594436,1.03089,-0.18835,-0.130107,0.0538758,-0.00964759,-0.11591,0.532843,-0.0967683,0.135187,1.04438,-0.0104811,0.00978781,1.47525,-0.136596,-0.331426,0.176478,-0.017852,0.0298485,1.10256,-0.167239,0.0451882,1.04424,-0.206837,-0.124274,1.25112,0.0208032
693,6.91453,0.0710157,1.48038,0.0342522,0.422908,0.200479,0.114891,0.000604367,0.996217,0.179598,-0.0748089,1.13575,0.270164,-0.228649,1.25682,0.0172291,0.496358,0.242316,0.0669627,0.136792,0.484292,0.143688,0.129329,1.04855,0.0514602,-0.0110422,1.47099,0.196032,0.367668,0.0698434,0.0320105,-0.145467,1.22881,0.0682084,-0.190209,1.17176,0.0612543,-0.187326,0.126614,-0.0693505,-0.00465144,1.01054,-0.126327,0.198183,1.24054,-0.261838,-0.0619575,1.03296,-0.189551,-0.141055,0.052335,-0.00676107,-0.11683,0.529073,-0.095303,0.132079,1.04486,-0.0110288,0.00909463,1.4737,-0.137431,-0.338939,0.180603,-0.015091,0.0281148,1.10358,-0.167872,0.0430994,1.04499,-0.20702,-0.126653,1.24969,0.0183766
694,6.92452,0.0701642,1.47774,0.0332771,0.429771,0.206408,0.116917,-0.00230603,0.994285,0.178952,-0.0752033,1.1342,0.270676,-0.228386,1.25205,0.0152987,0.500294,0.252748,0.0697045,0.135697,0.481809,0.144776,0.127433,1.04702,0.0511486,-0.0125779,1.46928,0.194385,0.380691,0.0718958,0.0326231,-0.145756,1.22512,0.0675138,-0.189936,1.16757,0.0607301,-0.192005,0.124093,-0.0670791,-0.00648156,1.00658,-0.126968,0.198503,1.23808,-0.261407,-0.0653367,1.0342,-0.190163,-0.145735,0.0496063,-0.00421893,-0.120277,0.525847,-0.0933097,0.129221,1.04414,-0.011767,0.00853102,1.4711,-0.138576,-0.342396,0.180179,-0.012295,0.0259654,1.10376,-0.16811,0.0400261,1.04467,-0.206915,-0.12847,1.24538,0.0152085
695,6.93451,0.0693825,1.47418,0.0321462,0.435957,0.212241,0.119162,-0.0047384,0.991602,0.178339,-0.074867,1.13142,0.271332,-0.228251,1.24543,0.0138827,0.50268,0.263054,0.0727164,0.132949,0.477938,0.14614,0.126056,1.04397,0.0507037,-0.0139938,1.46649,0.192966,0.392182,0.0735733,0.0335294,-0.145754,1.21956,0.066882,-0.189473,1.16182,0.0606983,-0.191906,0.11951,-0.0652701,-0.00807789,1.0015,-0.127775,0.198059,1.2339,-0.261263,-0.0696652,1.03459,-0.190401,-0.144122,0.0459773,-0.00257038,-0.125542,0.52375,-0.0913949,0.126887,1.04163,-0.0126175,0.00804936,1.46744,-0.140121,-0.341442,0.175623,-0.00861495,0.0228112,1.10292,-0.16823,0.0359935,1.04324,-0.206554,-0.129226,1.23808,0.0122677
696,6.9445,0.0686111,1.46972,0.0308132,0.441312,0.217919,0.121536,-0.00650116,0.988205,0.177627,-0.0737867,1.12748,0.272127,-0.228291,1.23694,0.0129938,0.503295,0.273083,0.0761047,0.128591,0.472697,0.147893,0.124968,1.03939,0.0500706,-0.0151549,1.4626,0.19167,0.402023,0.0743778,0.0347856,-0.145489,1.2122,0.0663504,-0.188744,1.15441,0.0610983,-0.186769,0.113778,-0.0638698,-0.00932388,0.995525,-0.128827,0.19685,1.22795,-0.261383,-0.0748928,1.03417,-0.190295,-0.136039,0.0436349,-0.0016423,-0.131376,0.521656,-0.0898178,0.12529,1.0368,-0.01359,0.00758402,1.4627,-0.141878,-0.336241,0.166876,-0.00385419,0.0187898,1.10102,-0.168218,0.0310473,1.04072,-0.205907,-0.129239,1.22962,0.0103572
697,6.95449,0.067781,1.4644,0.0292733,0.445602,0.223244,0.124055,-0.00773597,0.984078,0.177,-0.0719168,1.12248,0.273036,-0.228518,1.22656,0.0126427,0.502457,0.282385,0.0796321,0.122835,0.466153,0.150022,0.12409,1.03333,0.0492578,-0.0161529,1.4576,0.190491,0.410883,0.0740565,0.0363574,-0.145113,1.20359,0.0663406,-0.187617,1.14524,0.0618606,-0.177135,0.108049,-0.0623849,-0.0104364,0.988838,-0.130002,0.194906,1.22033,-0.261834,-0.0809983,1.03304,-0.189797,-0.122402,0.0440632,-0.000607018,-0.136332,0.517845,-0.0888068,0.124265,1.02979,-0.0146134,0.00713892,1.45697,-0.143717,-0.328117,0.153058,0.00150189,0.0141005,1.09813,-0.167993,0.0251892,1.03716,-0.205036,-0.129476,1.22281,0.0097855
698,6.96449,0.0668907,1.45824,0.0275414,0.448785,0.227856,0.126757,-0.00847892,0.979071,0.176563,-0.0692814,1.11653,0.274034,-0.228799,1.21432,0.0128706,0.50105,0.290234,0.0826899,0.116093,0.458518,0.152236,0.123453,1.02595,0.0483355,-0.0171389,1.45141,0.189441,0.419641,0.0731575,0.0381984,-0.144725,1.19369,0.0668087,-0.186101,1.13438,0.0630078,-0.166,0.102585,-0.0603606,-0.0118653,0.98185,-0.131027,0.192222,1.21114,-0.26266,-0.0878843,1.03133,-0.188692,-0.107037,0.0453955,0.000809198,-0.139809,0.511952,-0.0882506,0.123548,1.02139,-0.0154693,0.00669951,1.45032,-0.145541,-0.319303,0.136643,0.00665253,0.00879144,1.09432,-0.167582,0.0184901,1.03261,-0.204021,-0.130737,1.21948,0.0103102
699,6.97448,0.0660819,1.45138,0.0256997,0.450983,0.231602,0.12944,-0.00885888,0.973077,0.176422,-0.0659481,1.10972,0.27515,-0.22897,1.20027,0.0137268,0.499519,0.2964,0.0847924,0.108532,0.450012,0.154379,0.123207,1.01751,0.0474089,-0.0180331,1.44427,0.188396,0.427885,0.0734555,0.0406494,-0.144233,1.18229,0.0675865,-0.184193,1.12192,0.0646349,-0.155592,0.0984641,-0.0581245,-0.0128523,0.975,-0.132024,0.188779,1.20045,-0.263829,-0.0954778,1.02911,-0.18703,-0.0923836,0.0474598,0.00218908,-0.14258,0.50513,-0.0879526,0.123304,1.01237,-0.0161665,0.0062496,1.44281,-0.147316,-0.310713,0.120547,0.010673,0.00295194,1.08966,-0.166964,0.0109673,1.02732,-0.20292,-0.132762,1.21844,0.0111067
700,6.98447,0.0656876,1.44416,0.0239036,0.45194,0.235508,0.131991,-0.00895431,0.966121,0.176632,-0.0617706,1.10217,0.276447,-0.2292,1.18448,0.015149,0.497591,0.301814,0.0861649,0.100307,0.440992,0.156226,0.123702,1.00836,0.046476,-0.0186755,1.43671,0.187324,0.433226,0.0758993,0.0442003,-0.143585,1.16943,0.0686471,-0.181979,1.10804,0.0668028,-0.145017,0.0961137,-0.0565002,-0.0130505,0.968527,-0.133273,0.184574,1.18841,-0.265291,-0.103745,1.02635,-0.18504,-0.0778279,0.0502983,0.00301091,-0.146327,0.499177,-0.088345,0.123967,1.00319,-0.0170421,0.00578502,1.43456,-0.149157,-0.301659,0.105495,0.0132283,-0.00339145,1.08423,-0.166105,0.00258172,1.02158,-0.201608,-0.134085,1.21529,0.0110555
701,6.99446,0.066029,1.43709,0.0222367,0.450837,0.240485,0.134457,-0.00856438,0.958365,0.177138,-0.0564345,1.09401,0.277972,-0.229398,1.16716,0.0172348,0.494413,0.307494,0.0874022,0.0916183,0.431962,0.157483,0.125207,0.99862,0.0455871,-0.0186627,1.42913,0.186305,0.434154,0.0800779,0.048698,-0.142758,1.1553,0.0700687,-0.179491,1.09293,0.0696415,-0.132478,0.0948638,-0.0560444,-0.0122473,0.962535,-0.134484,0.179546,1.17514,-0.266974,-0.112641,1.02315,-0.182734,-0.061932,0.0531769,0.00291288,-0.152837,0.49584,-0.0895287,0.126022,0.993722,-0.0182001,0.00532392,1.42574,-0.151306,-0.290786,0.0925265,0.0139552,-0.0102875,1.07797,-0.164875,-0.00656786,1.01501,-0.199891,-0.133565,1.20673,0.00973871
702,7.00445,0.0670593,1.43038,0.0205267,0.44705,0.246207,0.136685,-0.00763673,0.950086,0.178042,-0.0499336,1.08553,0.279252,-0.229554,1.14851,0.0201231,0.489666,0.313269,0.0887839,0.0821088,0.423359,0.158164,0.127814,0.988072,0.0451658,-0.0178855,1.42165,0.185853,0.430846,0.0850758,0.0534717,-0.14167,1.14017,0.0719342,-0.176716,1.07689,0.0732523,-0.117697,0.0941638,-0.0565305,-0.010553,0.957337,-0.135338,0.173645,1.16079,-0.268772,-0.122095,1.01962,-0.180038,-0.044556,0.0555427,0.00215035,-0.161798,0.495955,-0.0906135,0.129574,0.983379,-0.0188911,0.00487497,1.41677,-0.153937,-0.276902,0.0826148,0.0131743,-0.017703,1.07112,-0.163355,-0.0165392,1.00739,-0.197791,-0.131753,1.19431,0.00794102
703,7.01445,0.0682802,1.42406,0.018492,0.440688,0.251826,0.138642,-0.00596026,0.941699,0.17926,-0.0422405,1.0772,0.280372,-0.22957,1.1287,0.0240358,0.483762,0.318425,0.0901594,0.0708943,0.415797,0.158792,0.131326,0.976585,0.0462796,-0.0165432,1.41426,0.186378,0.424302,0.0899783,0.0580573,-0.140169,1.12435,0.0742772,-0.173488,1.06029,0.0777782,-0.101576,0.0937108,-0.0569499,-0.00826025,0.95334,-0.135561,0.166682,1.14558,-0.270445,-0.132002,1.01594,-0.176877,-0.0264108,0.0572523,0.00154355,-0.169876,0.497891,-0.0914885,0.133955,0.972436,-0.017481,0.00462812,1.40803,-0.156864,-0.260898,0.0750756,0.012103,-0.0259053,1.06389,-0.161639,-0.0270812,0.999853,-0.195379,-0.130304,1.18288,0.00693469
704,7.02444,0.0688759,1.41844,0.0160393,0.432349,0.256849,0.140278,-0.00360507,0.933666,0.180455,-0.033383,1.06936,0.281444,-0.229195,1.10809,0.0292212,0.476846,0.322521,0.0912398,0.0576905,0.409918,0.159735,0.135133,0.965082,0.0497077,-0.0149843,1.4069,0.187496,0.415263,0.0942565,0.0623962,-0.137992,1.10813,0.0770946,-0.16955,1.04346,0.0832984,-0.084626,0.093669,-0.0566696,-0.00536241,0.950886,-0.135168,0.158354,1.12987,-0.271957,-0.142559,1.0124,-0.173267,-0.00780372,0.0582978,0.00142418,-0.17455,0.497471,-0.0930471,0.138247,0.962785,-0.0137203,0.00479185,1.39974,-0.159854,-0.24371,0.0693113,0.0121364,-0.0347229,1.05658,-0.159437,-0.0383514,0.992609,-0.192344,-0.129144,1.17298,0.00674267
705,7.03443,0.0681972,1.41428,0.0136813,0.422419,0.261158,0.141681,-0.00123638,0.926438,0.181393,-0.023494,1.06237,0.282434,-0.228056,1.08723,0.0359079,0.468582,0.325547,0.0919072,0.0432116,0.405214,0.160722,0.138687,0.955302,0.0544323,-0.0141868,1.40006,0.188443,0.403657,0.0979326,0.0662815,-0.135008,1.09179,0.0803985,-0.16471,1.02668,0.0897514,-0.0664532,0.0939008,-0.0558058,-0.00198168,0.949652,-0.13443,0.148757,1.11419,-0.273297,-0.153711,1.00911,-0.169104,0.0113751,0.058848,0.00168125,-0.175964,0.492644,-0.0953628,0.140912,0.954907,-0.00985072,0.00505761,1.39197,-0.162726,-0.225083,0.0660946,0.0132211,-0.044151,1.04946,-0.156637,-0.0505208,0.985516,-0.188661,-0.127956,1.16453,0.00728978
706,7.04442,0.0661355,1.41181,0.0122939,0.410968,0.264604,0.142894,0.000529417,0.920486,0.181831,-0.012725,1.0568,0.283619,-0.225848,1.0667,0.0442053,0.458661,0.327585,0.0921954,0.028284,0.400557,0.161379,0.141281,0.947885,0.0583689,-0.0140757,1.3942,0.188425,0.389834,0.100795,0.0699947,-0.131199,1.07574,0.0843232,-0.158771,1.01032,0.0970202,-0.0474391,0.0941091,-0.0549484,0.00173587,0.949218,-0.13362,0.13781,1.09908,-0.274239,-0.165406,1.00642,-0.164224,0.0310236,0.0593073,0.0018999,-0.174446,0.485107,-0.0980148,0.141955,0.949047,-0.00742181,0.00486727,1.38496,-0.164999,-0.205674,0.0643114,0.0139647,-0.0542324,1.0429,-0.153169,-0.0634159,0.978995,-0.184394,-0.126698,1.15816,0.00883855
707,7.05441,0.0634483,1.40997,0.0121276,0.398167,0.267002,0.143917,0.00134797,0.916037,0.181979,-0.00120992,1.05273,0.285132,-0.222281,1.04709,0.0540069,0.447207,0.32852,0.092079,0.0131589,0.396043,0.161797,0.14267,0.942672,0.0597229,-0.0136399,1.38917,0.187686,0.374106,0.102718,0.0738154,-0.126337,1.0606,0.0891679,-0.151327,0.994908,0.104958,-0.0284627,0.0941497,-0.054326,0.0056228,0.949197,-0.132954,0.12551,1.0851,-0.274595,-0.177486,1.00477,-0.158376,0.0507688,0.0599564,0.00191792,-0.169985,0.477083,-0.100387,0.142569,0.945209,-0.00657076,0.00386711,1.37905,-0.166125,-0.186728,0.06276,0.0141204,-0.0649319,1.03734,-0.149009,-0.0769482,0.973615,-0.179578,-0.125462,1.15409,0.0113609
708,7.06441,0.0615546,1.4077,0.0127079,0.384275,0.268291,0.144719,0.00158815,0.913062,0.181942,0.0111236,1.04984,0.287017,-0.217137,1.02895,0.065007,0.434676,0.3281,0.0915153,-0.00219159,0.392517,0.162214,0.14348,0.939373,0.0585975,-0.0121317,1.38487,0.187015,0.356553,0.103625,0.0777779,-0.120429,1.04693,0.0950632,-0.142462,0.980855,0.113608,-0.00933754,0.0941839,-0.0538871,0.00950924,0.949297,-0.13257,0.112139,1.07269,-0.274318,-0.189822,1.00462,-0.151593,0.0703864,0.060528,0.00198246,-0.163717,0.469249,-0.101676,0.143489,0.942693,-0.00719536,0.0023255,1.37427,-0.166304,-0.167579,0.0616852,0.0141805,-0.07612,1.03334,-0.144149,-0.0910012,0.969941,-0.174111,-0.124435,1.15165,0.0145368
709,7.0744,0.0620205,1.40494,0.0130374,0.369527,0.268507,0.145294,0.0018337,0.911508,0.181576,0.0242711,1.04805,0.289332,-0.210477,1.01282,0.0768386,0.421505,0.326138,0.0905749,-0.0175429,0.390488,0.162591,0.144379,0.937826,0.0564501,-0.00961154,1.38131,0.186676,0.337095,0.103613,0.0817012,-0.113484,1.03477,0.101637,-0.132324,0.968627,0.122904,0.00981457,0.0943633,-0.0536087,0.0132322,0.949318,-0.132545,0.0982899,1.06202,-0.273504,-0.202183,1.00655,-0.143811,0.0899216,0.0609975,0.00207589,-0.157302,0.461916,-0.101552,0.144604,0.940783,-0.00901457,0.000919442,1.37041,-0.166422,-0.148192,0.0610716,0.0142376,-0.087494,1.03137,-0.138583,-0.105334,0.968415,-0.167879,-0.123484,1.14981,0.01797
710,7.08439,0.0646325,1.40187,0.0121712,0.354069,0.26763,0.14561,0.00250685,0.91125,0.180816,0.0377848,1.04769,0.291804,-0.202579,0.999052,0.0891332,0.40797,0.322517,0.0893864,-0.032699,0.390187,0.162804,0.145396,0.937575,0.0541696,-0.00647524,1.37867,0.186454,0.315777,0.102829,0.0854543,-0.105712,1.02483,0.109198,-0.121261,0.958613,0.132802,0.0289321,0.0946583,-0.053411,0.0166389,0.949135,-0.132904,0.0844484,1.05308,-0.272286,-0.214298,1.01114,-0.135046,0.109557,0.061619,0.00209464,-0.150814,0.456028,-0.100968,0.145721,0.939035,-0.0114915,8.42896e-05,1.3673,-0.167043,-0.128691,0.0607246,0.0143022,-0.0986047,1.03164,-0.132349,-0.11961,0.969273,-0.160832,-0.122424,1.14804,0.0213284
711,7.09438,0.0676772,1.39887,0.00998555,0.337938,0.265661,0.145676,0.00363542,0.911892,0.179918,0.0515992,1.04902,0.294348,-0.193735,0.98788,0.10165,0.394249,0.317122,0.0881079,-0.0476762,0.391651,0.162911,0.145951,0.937772,0.0519561,-0.0029135,1.37689,0.186126,0.292669,0.101428,0.0889368,-0.0972318,1.01702,0.117369,-0.10971,0.95107,0.143244,0.0479871,0.0950762,-0.0532919,0.0195895,0.948684,-0.133628,0.0707267,1.04606,-0.270726,-0.225828,1.01866,-0.125415,0.12917,0.062152,0.00211329,-0.142873,0.452109,-0.101189,0.146533,0.937299,-0.0138115,-0.000314313,1.36508,-0.168047,-0.109148,0.0605195,0.0143754,-0.109285,1.03423,-0.12559,-0.133724,0.972534,-0.153127,-0.121312,1.14637,0.0242156
712,7.10438,0.0698084,1.397,0.00691058,0.321096,0.262424,0.145448,0.00515706,0.913,0.179106,0.065487,1.05217,0.297058,-0.184215,0.979397,0.114235,0.380237,0.309877,0.0869668,-0.0624021,0.394662,0.163036,0.146325,0.938117,0.0502693,0.000830479,1.37606,0.185575,0.267994,0.099474,0.0918695,-0.0880539,1.01159,0.12601,-0.0979442,0.946049,0.154092,0.0671669,0.0955325,-0.0533056,0.0219606,0.947959,-0.134664,0.0571097,1.04134,-0.26887,-0.236228,1.0288,-0.115098,0.148786,0.0625437,0.00212304,-0.133471,0.449003,-0.101757,0.147496,0.936104,-0.0153888,-0.000709741,1.364,-0.168961,-0.0894962,0.0603242,0.0143263,-0.119567,1.03917,-0.118578,-0.147337,0.978237,-0.144846,-0.12029,1.14535,0.0262621
713,7.11437,0.0702803,1.39732,0.0039898,0.303644,0.257832,0.14497,0.00698751,0.914465,0.178338,0.0793824,1.05694,0.299734,-0.174219,0.97351,0.126772,0.36567,0.300744,0.0861267,-0.0765742,0.398989,0.16319,0.147233,0.938908,0.0495611,0.00437479,1.37631,0.184864,0.242001,0.0970016,0.0941441,-0.0784163,1.00828,0.134794,-0.0860325,0.943386,0.16512,0.0865288,0.0960078,-0.0533827,0.02365,0.947001,-0.135932,0.0436204,1.03898,-0.266796,-0.245345,1.04113,-0.104239,0.168676,0.0630224,0.0020907,-0.123004,0.445213,-0.101987,0.148425,0.935834,-0.0160363,-0.00152951,1.36423,-0.169484,-0.0696793,0.0601807,0.014233,-0.128919,1.04632,-0.111328,-0.159989,0.986273,-0.136131,-0.119561,1.14547,0.0272933
714,7.12436,0.0692468,1.39961,0.0023094,0.285627,0.251994,0.144553,0.0087442,0.916286,0.177784,0.0932115,1.06314,0.302102,-0.163916,0.970021,0.139129,0.350416,0.289924,0.0854622,-0.0900204,0.404599,0.16329,0.148593,0.9402,0.0497355,0.00771687,1.37761,0.184152,0.21464,0.0943382,0.0960274,-0.0685225,1.00689,0.143563,-0.0740004,0.942815,0.176085,0.105827,0.0966534,-0.0534153,0.0245799,0.945892,-0.137335,0.0303502,1.03863,-0.264636,-0.25316,1.05515,-0.0930511,0.188654,0.0636033,0.00209171,-0.111109,0.441033,-0.101998,0.149069,0.936746,-0.01586,-0.00313008,1.3658,-0.169622,-0.0498868,0.0601048,0.0141616,-0.136884,1.05524,-0.104002,-0.171509,0.99626,-0.127164,-0.119074,1.14683,0.0275153
715,7.13435,0.0676474,1.4026,0.00198534,0.266924,0.24487,0.144285,0.010183,0.918606,0.177489,0.106614,1.07058,0.30437,-0.153343,0.96863,0.151093,0.334351,0.277681,0.0849422,-0.102646,0.411418,0.16336,0.150094,0.94183,0.0502323,0.011048,1.3798,0.183571,0.186194,0.0915691,0.0976796,-0.0584877,1.00727,0.152201,-0.0619511,0.944058,0.186778,0.12513,0.0973433,-0.0534413,0.0247009,0.944745,-0.138763,0.01738,1.03992,-0.262462,-0.259659,1.0703,-0.0817357,0.20867,0.0643528,0.00206334,-0.0974319,0.437863,-0.101967,0.149741,0.938924,-0.0153444,-0.00539511,1.36859,-0.169426,-0.0301603,0.0600802,0.0140885,-0.143817,1.06543,-0.0966494,-0.181848,1.00778,-0.117999,-0.118562,1.14919,0.0273271
716,7.14434,0.0664275,1.40559,0.00232959,0.247581,0.236611,0.14405,0.0112877,0.92163,0.177376,0.119494,1.07911,0.306389,-0.142742,0.968959,0.162684,0.317261,0.264223,0.0844544,-0.114414,0.419219,0.16341,0.15154,0.943848,0.0505846,0.0144506,1.3828,0.183113,0.15686,0.0888201,0.0992338,-0.0484859,1.00917,0.160555,-0.0500131,0.94692,0.196985,0.144413,0.0981618,-0.0534631,0.0239962,0.943695,-0.140109,0.0047567,1.04267,-0.260267,-0.264839,1.08606,-0.0704591,0.228265,0.0650919,0.00216964,-0.0827011,0.435981,-0.10168,0.150395,0.94214,-0.0148604,-0.00809398,1.37244,-0.168895,-0.0102644,0.06004,0.0140276,-0.149894,1.07656,-0.089382,-0.190935,1.02033,-0.108664,-0.118362,1.15216,0.0270734
717,7.15434,0.0661708,1.40875,0.00245754,0.227584,0.227495,0.143737,0.0122293,0.925562,0.177299,0.131878,1.08854,0.308017,-0.132272,0.970679,0.173882,0.298971,0.249801,0.083922,-0.125244,0.427716,0.163416,0.152765,0.946408,0.0506366,0.0178416,1.38654,0.182704,0.126762,0.0861485,0.100716,-0.0386606,1.0123,0.168498,-0.0382126,0.951104,0.206508,0.163596,0.0993701,-0.0535149,0.0224854,0.942892,-0.141272,-0.0074757,1.04678,-0.257777,-0.268843,1.10198,-0.0593506,0.247817,0.0666446,0.00206782,-0.0678688,0.43485,-0.101089,0.150869,0.946066,-0.0147075,-0.0112333,1.37715,-0.168135,0.00953289,0.060018,0.0139451,-0.155136,1.08822,-0.0823242,-0.19874,1.03305,-0.0992706,-0.117899,1.15548,0.027335
718,7.16433,0.0667688,1.4123,0.00177756,0.206598,0.217552,0.14348,0.013001,0.93044,0.177213,0.143771,1.0986,0.309179,-0.122005,0.973505,0.184608,0.279358,0.234673,0.0833564,-0.135082,0.436694,0.163403,0.153597,0.949703,0.0503211,0.0210641,1.39092,0.182262,0.0961005,0.0834525,0.101749,-0.0291083,1.01645,0.175891,-0.0266494,0.956157,0.215423,0.182496,0.101092,-0.0535682,0.0202282,0.942492,-0.142167,-0.0193633,1.05209,-0.255177,-0.271821,1.11763,-0.0484903,0.267172,0.0692622,0.00180643,-0.0528976,0.434436,-0.10023,0.151068,0.950481,-0.0149866,-0.0147305,1.38251,-0.167166,0.0292261,0.0599673,0.0138706,-0.15957,1.10012,-0.0754972,-0.205454,1.04591,-0.0901429,-0.117128,1.15931,0.0284635
719,7.17432,0.0675923,1.41621,0.0004906,0.184803,0.207119,0.143292,0.0135712,0.936194,0.17704,0.155128,1.10909,0.30979,-0.111987,0.977215,0.194839,0.258447,0.219038,0.0828117,-0.143959,0.44599,0.163383,0.153969,0.953912,0.0496492,0.0240246,1.39583,0.181787,0.064858,0.0810904,0.102345,-0.0200038,1.02146,0.182638,-0.0153719,0.961928,0.223578,0.200783,0.103658,-0.0537943,0.0173277,0.942649,-0.142731,-0.0309786,1.05838,-0.252579,-0.273859,1.1327,-0.0379587,0.285848,0.073221,0.00138564,-0.0377862,0.435225,-0.0993172,0.150952,0.955251,-0.0156348,-0.0185049,1.38845,-0.166023,0.0489485,0.0598292,0.0138108,-0.16326,1.11199,-0.0688995,-0.211084,1.05881,-0.0813292,-0.116846,1.16386,0.030746
720,7.18431,0.0679255,1.4206,-0.000905367,0.162176,0.196448,0.143111,0.013992,0.942711,0.176835,0.165896,1.11988,0.309881,-0.102276,0.981614,0.204475,0.236342,0.203134,0.0823322,-0.151762,0.455436,0.163441,0.153859,0.959125,0.0486949,0.0266826,1.40117,0.181355,0.0332544,0.0796132,0.10289,-0.0114113,1.02706,0.188951,-0.004341,0.968472,0.230855,0.218202,0.107127,-0.0544396,0.0139331,0.943503,-0.142938,-0.0419769,1.06544,-0.250204,-0.275106,1.14696,-0.0277636,0.30382,0.0786834,0.000825471,-0.0229725,0.437349,-0.0984099,0.150543,0.960347,-0.0165254,-0.0224457,1.39491,-0.164651,0.0688729,0.0596304,0.0137019,-0.166262,1.12359,-0.0625627,-0.215775,1.07124,-0.0729471,-0.116938,1.16909,0.034147
721,7.1943,0.067496,1.42585,-0.00194368,0.1386,0.185762,0.142938,0.014499,0.950039,0.176545,0.175957,1.13081,0.309541,-0.0929379,0.986578,0.213479,0.213117,0.187137,0.0819864,-0.158334,0.46482,0.163655,0.153477,0.965263,0.0476622,0.0290282,1.40682,0.181019,0.00147551,0.078784,0.102904,-0.00330254,1.03331,0.194864,0.00616011,0.975507,0.237288,0.234608,0.111435,-0.0553028,0.0102472,0.945179,-0.142801,-0.0522902,1.07314,-0.248048,-0.275651,1.16024,-0.0179108,0.321116,0.0854506,5.90579e-05,-0.00897362,0.440593,-0.0976499,0.149923,0.9658,-0.0175116,-0.0264325,1.40183,-0.163017,0.0892147,0.059396,0.0135225,-0.168657,1.13472,-0.0565453,-0.219571,1.08301,-0.0648467,-0.116928,1.17479,0.0383762
722,7.2043,0.0662606,1.43175,-0.00230458,0.113855,0.175275,0.142892,0.0151158,0.957966,0.176091,0.185306,1.14176,0.308665,-0.084069,0.992008,0.221793,0.188617,0.171003,0.0819396,-0.163552,0.473915,0.164041,0.153107,0.972188,0.0466823,0.0310767,1.41269,0.180847,-0.030515,0.07887,0.102349,0.00428004,1.04007,0.200262,0.0160114,0.982839,0.242899,0.249978,0.116351,-0.0562407,0.00653883,0.947776,-0.142387,-0.0619013,1.08125,-0.246041,-0.275573,1.17234,-0.0083825,0.337836,0.0934926,-0.000733126,0.00436776,0.444853,-0.0972466,0.148993,0.971565,-0.0184197,-0.0303106,1.40898,-0.161041,0.109665,0.0590345,0.0134063,-0.170497,1.14518,-0.0508422,-0.22259,1.094,-0.0571317,-0.116803,1.18085,0.043096
723,7.21429,0.0646647,1.43795,-0.00200835,0.0885185,0.164998,0.142799,0.0152793,0.965709,0.175731,0.193884,1.15255,0.307254,-0.0757576,0.997774,0.229305,0.162846,0.15485,0.0820337,-0.167347,0.482571,0.164529,0.152819,0.979664,0.045883,0.0328353,1.41873,0.180854,-0.0627788,0.0802447,0.101481,0.0113315,1.04714,0.205051,0.0252006,0.990391,0.247694,0.264476,0.121874,-0.0573042,0.00313821,0.951358,-0.141826,-0.0707804,1.08963,-0.24415,-0.274963,1.18312,0.000843581,0.353965,0.10279,-0.00150122,0.0172451,0.449946,-0.0971562,0.147931,0.977674,-0.0190721,-0.0340583,1.41624,-0.158796,0.130045,0.0586515,0.0134745,-0.171858,1.15481,-0.045505,-0.224581,1.10413,-0.0497578,-0.116662,1.18719,0.0479044
724,7.22428,0.0631323,1.44413,-0.00123482,0.0623886,0.155039,0.14275,0.0147516,0.972745,0.175325,0.201774,1.16313,0.305552,-0.0679975,1.00386,0.236218,0.136141,0.139504,0.0821838,-0.169864,0.490583,0.165,0.151845,0.987091,0.0453806,0.0341661,1.42481,0.181046,-0.0950049,0.082894,0.100399,0.0178372,1.05434,0.209283,0.0336958,0.99805,0.251709,0.27809,0.127939,-0.0583696,0.000359036,0.955905,-0.141271,-0.0788536,1.09812,-0.242379,-0.273911,1.19247,0.00976448,0.369065,0.113032,-0.00235222,0.0296075,0.455601,-0.0973497,0.146821,0.98415,-0.0193574,-0.0377084,1.42352,-0.156364,0.150191,0.0581662,0.0135507,-0.172825,1.16353,-0.0403946,-0.22583,1.11323,-0.042918,-0.116623,1.19381,0.0523745
725,7.23427,0.0617881,1.45015,-0.00025481,0.0355776,0.145606,0.142723,0.0134207,0.979414,0.174563,0.20882,1.17327,0.303454,-0.0608602,1.01009,0.242308,0.107944,0.124394,0.0824032,-0.171318,0.497739,0.165347,0.150325,0.994336,0.0452194,0.0349797,1.43082,0.181411,-0.126745,0.0864997,0.0988838,0.0237805,1.06155,0.21287,0.0414683,1.00563,0.255031,0.290715,0.133976,-0.0593966,-0.00162937,0.961263,-0.140855,-0.0859671,1.10659,-0.240852,-0.272547,1.20028,0.0183648,0.382526,0.123558,-0.00333188,0.041386,0.461689,-0.0977717,0.145221,0.99087,-0.0191913,-0.0412483,1.43071,-0.153752,0.170254,0.0575516,0.013277,-0.173426,1.17122,-0.0355317,-0.22666,1.12113,-0.0366976,-0.116809,1.20067,0.0560559
726,7.24426,0.0606058,1.45599,0.000724388,0.00845243,0.136954,0.142466,0.0124532,0.98665,0.173559,0.215022,1.18281,0.300998,-0.054341,1.01643,0.247524,0.0789424,0.110162,0.0822249,-0.171507,0.503853,0.165623,0.148332,1.00125,0.0453482,0.0356429,1.43677,0.181964,-0.157691,0.091071,0.0968683,0.0288453,1.06867,0.215461,0.0484351,1.01296,0.257696,0.302402,0.14004,-0.0603341,-0.00340008,0.966909,-0.140383,-0.0921632,1.11489,-0.239453,-0.270962,1.20645,0.0266283,0.394695,0.134618,-0.0042555,0.0524282,0.468183,-0.0982731,0.14325,0.99758,-0.0186477,-0.0446194,1.4377,-0.151001,0.190123,0.0568216,0.0128087,-0.173742,1.17771,-0.0310025,-0.22714,1.12773,-0.0310857,-0.117293,1.20762,0.0586431
727,7.25426,0.0595223,1.46159,0.00158418,-0.0188177,0.129296,0.142018,0.0125277,0.99348,0.173007,0.220434,1.19158,0.298272,-0.0487121,1.02277,0.251967,0.0499146,0.0974062,0.0821241,-0.170511,0.508931,0.165885,0.145792,1.00777,0.0457053,0.0362793,1.4426,0.182624,-0.187487,0.0966513,0.0945562,0.0331723,1.07551,0.217518,0.054334,1.02016,0.259672,0.313319,0.146648,-0.0613587,-0.00531074,0.972528,-0.139847,-0.0974507,1.12285,-0.238126,-0.269136,1.21077,0.0345312,0.405654,0.146223,-0.0051958,0.0625626,0.474969,-0.098673,0.140982,1.00404,-0.0177761,-0.0477755,1.44437,-0.148208,0.209292,0.0563625,0.012384,-0.173869,1.18303,-0.0267507,-0.227274,1.133,-0.0260443,-0.118069,1.21439,0.0601843
728,7.26425,0.0584362,1.46689,0.00236049,-0.0458024,0.122821,0.141427,0.0113634,0.998743,0.173327,0.225137,1.19951,0.295577,-0.0440762,1.02894,0.255606,0.0210677,0.0866026,0.0819215,-0.168458,0.512959,0.166125,0.142754,1.014,0.0462329,0.0366688,1.44809,0.183295,-0.215876,0.103342,0.0919058,0.0368437,1.08191,0.219591,0.0592073,1.02705,0.260998,0.323464,0.153705,-0.0625515,-0.00738965,0.977998,-0.139269,-0.101877,1.13028,-0.236871,-0.267241,1.21326,0.0420197,0.415481,0.158299,-0.00628988,0.071634,0.48184,-0.0988593,0.138335,1.00997,-0.0167285,-0.0506712,1.45061,-0.145414,0.227527,0.0564281,0.0119898,-0.173858,1.18705,-0.0227181,-0.227114,1.13684,-0.0215655,-0.1191,1.22075,0.0609881
729,7.27424,0.0572973,1.47175,0.00314742,-0.071993,0.117631,0.140703,0.00825226,1.00289,0.173906,0.229146,1.20644,0.292971,-0.0404098,1.03478,0.258492,-0.00707453,0.0772704,0.0815647,-0.16551,0.515826,0.166311,0.139798,1.01993,0.0468297,0.0368825,1.45309,0.183908,-0.2424,0.111199,0.0891512,0.0398499,1.08781,0.221064,0.0631479,1.03336,0.261736,0.33278,0.160753,-0.0638761,-0.00957886,0.983229,-0.138674,-0.105515,1.13702,-0.235702,-0.265305,1.21382,0.0490174,0.424107,0.17069,-0.00757441,0.0794392,0.488534,-0.0987208,0.135681,1.01542,-0.0157076,-0.0532516,1.45622,-0.142597,0.244966,0.0570191,0.01159,-0.173649,1.18969,-0.0189966,-0.226641,1.1392,-0.0176459,-0.120326,1.2266,0.0614585
730,7.28423,0.0560985,1.47607,0.00401228,-0.0968169,0.11371,0.139974,0.00574395,1.00681,0.173915,0.232492,1.2122,0.290441,-0.0377515,1.0402,0.26066,-0.0340232,0.0693062,0.0811027,-0.161918,0.517494,0.166321,0.13714,1.0253,0.0473703,0.037051,1.45747,0.184441,-0.266265,0.120182,0.0869661,0.0421049,1.09311,0.221913,0.0660535,1.03886,0.262378,0.341321,0.167647,-0.0652998,-0.011855,0.98805,-0.137992,-0.108442,1.14291,-0.234637,-0.263358,1.21254,0.0554937,0.431566,0.183256,-0.00907852,0.0857515,0.494778,-0.0983824,0.132821,1.02026,-0.0147656,-0.0555198,1.46112,-0.139781,0.261609,0.0580798,0.0112199,-0.17325,1.19099,-0.0156025,-0.225867,1.14002,-0.0142898,-0.121732,1.23203,0.0619695
731,7.29422,0.0549263,1.47978,0.00500133,-0.119523,0.111082,0.139374,0.00392112,1.01026,0.173675,0.23518,1.21662,0.288078,-0.0361238,1.04504,0.262215,-0.059155,0.0627744,0.0806183,-0.157978,0.517975,0.165965,0.134722,1.02975,0.0478364,0.0371685,1.46114,0.184906,-0.287203,0.130048,0.0851432,0.0435536,1.09762,0.222413,0.0679008,1.04344,0.262736,0.349146,0.174377,-0.0668502,-0.0142434,0.99228,-0.137158,-0.110699,1.14781,-0.233681,-0.261386,1.20946,0.0613967,0.437917,0.195781,-0.010813,0.0905584,0.500273,-0.0980728,0.129849,1.02449,-0.013892,-0.0574217,1.46523,-0.136997,0.27757,0.0594831,0.0108155,-0.172727,1.19089,-0.0125351,-0.224839,1.13929,-0.0114892,-0.123319,1.23709,0.0628265
732,7.30422,0.0538186,1.48275,0.00613154,-0.139402,0.109703,0.138834,0.00161341,1.0126,0.173818,0.237239,1.21957,0.286018,-0.0355674,1.04911,0.263109,-0.0817553,0.0578025,0.0801853,-0.153987,0.517443,0.16508,0.131827,1.03289,0.0483788,0.0372523,1.46401,0.185322,-0.304954,0.139908,0.0835795,0.0441732,1.10121,0.222646,0.0686652,1.047,0.2627,0.356456,0.180962,-0.0685318,-0.0167406,0.995786,-0.136154,-0.1123,1.15166,-0.232839,-0.259392,1.20456,0.0666157,0.443373,0.208144,-0.0127774,0.0939447,0.504705,-0.0980865,0.126738,1.0281,-0.0131178,-0.0589604,1.46851,-0.13431,0.292873,0.0612415,0.0103035,-0.172061,1.1893,-0.00988772,-0.223578,1.13703,-0.00927841,-0.124859,1.24163,0.0641014
733,7.31421,0.0528023,1.4849,0.00739442,-0.156507,0.109171,0.138171,-0.00117936,1.01376,0.174398,0.238596,1.22096,0.284319,-0.0360844,1.05228,0.263372,-0.101018,0.0543551,0.0798154,-0.150278,0.516189,0.163668,0.129475,1.03534,0.049098,0.0374629,1.46587,0.185682,-0.319442,0.148554,0.0821147,0.043902,1.1038,0.222589,0.0683296,1.04938,0.262262,0.363501,0.187549,-0.0703066,-0.0193708,0.998493,-0.135012,-0.113252,1.15443,-0.232165,-0.257348,1.19787,0.0710521,0.448146,0.220351,-0.0149379,0.0959019,0.507826,-0.0985908,0.123602,1.03104,-0.0123365,-0.0601625,1.4709,-0.131808,0.30749,0.0634578,0.00969163,-0.171337,1.18626,-0.00776862,-0.222091,1.13322,-0.00769655,-0.126309,1.24557,0.0659103
734,7.3242,0.0519562,1.48612,0.00881683,-0.170252,0.109099,0.137035,-0.00367348,1.01394,0.175172,0.239173,1.2207,0.283011,-0.0376895,1.05444,0.263062,-0.11623,0.0519804,0.0793462,-0.147315,0.514541,0.161932,0.126942,1.03694,0.0499973,0.037832,1.46668,0.186075,-0.330778,0.155005,0.0804557,0.0427065,1.10535,0.222262,0.0668715,1.05052,0.261453,0.370323,0.194193,-0.0721054,-0.0220636,1.00032,-0.13375,-0.113567,1.15609,-0.231707,-0.255232,1.18948,0.0746602,0.452394,0.232404,-0.0172288,0.0964037,0.509444,-0.09951,0.120582,1.03324,-0.0114276,-0.061041,1.47239,-0.129563,0.321349,0.0661547,0.00901469,-0.170578,1.18179,-0.00617089,-0.220418,1.1279,-0.00679864,-0.127736,1.24869,0.068226
735,7.33419,0.051305,1.48638,0.0103445,-0.179785,0.108983,0.135637,-0.00603631,1.01301,0.176205,0.238924,1.21875,0.282124,-0.040456,1.05556,0.262478,-0.126935,0.0499388,0.0783682,-0.145634,0.512739,0.160156,0.124172,1.03756,0.0510438,0.0382479,1.46651,0.186671,-0.338887,0.158789,0.0785032,0.0405986,1.10581,0.221696,0.0643027,1.05044,0.260344,0.376803,0.200822,-0.0739162,-0.024706,1.00123,-0.132404,-0.11325,1.15663,-0.231455,-0.253149,1.17942,0.0773578,0.455971,0.2442,-0.0196806,0.0954341,0.509438,-0.100613,0.117808,1.03466,-0.0104952,-0.0616369,1.47293,-0.127642,0.334504,0.069344,0.00822348,-0.16964,1.17579,-0.00483036,-0.218551,1.12112,-0.00657944,-0.12919,1.25065,0.0707744
736,7.34419,0.0508155,1.48561,0.0119553,-0.185204,0.107946,0.133916,-0.00795268,1.01099,0.177355,0.237798,1.21508,0.281698,-0.0442519,1.05565,0.261452,-0.133006,0.0479373,0.0767816,-0.145637,0.510797,0.15855,0.121569,1.03717,0.0522278,0.038749,1.46526,0.187552,-0.343559,0.159941,0.0764477,0.0375842,1.10517,0.220924,0.0606438,1.04916,0.258986,0.382811,0.207252,-0.0757953,-0.0271922,1.00121,-0.131008,-0.112307,1.15604,-0.231394,-0.251182,1.16785,0.0792436,0.458401,0.255633,-0.0222727,0.0930744,0.507841,-0.101767,0.115377,1.03533,-0.00955191,-0.0620426,1.47248,-0.126079,0.346771,0.0730173,0.00716568,-0.168579,1.16831,-0.00389811,-0.2165,1.11294,-0.00701346,-0.130725,1.25111,0.0731497
737,7.35418,0.0503914,1.48376,0.0136168,-0.186638,0.105786,0.131953,-0.00951761,1.0079,0.178506,0.235768,1.20974,0.281724,-0.0488603,1.0547,0.259793,-0.134093,0.0464507,0.0748076,-0.147146,0.508548,0.157244,0.119799,1.03578,0.0535573,0.0394106,1.46279,0.188717,-0.344552,0.158284,0.07412,0.0337627,1.10341,0.219942,0.0559593,1.04668,0.257397,0.388364,0.213444,-0.0777572,-0.0294284,1.00026,-0.129566,-0.110772,1.15438,-0.231508,-0.249356,1.15472,0.0801401,0.459216,0.266673,-0.0249721,0.0893854,0.504923,-0.103002,0.113225,1.03534,-0.00858684,-0.0623739,1.47102,-0.124807,0.357563,0.0765324,0.0056545,-0.167421,1.15951,-0.00347511,-0.214195,1.10338,-0.00810249,-0.132351,1.2499,0.0752055
738,7.36417,0.0500579,1.48086,0.0153612,-0.183662,0.103078,0.12986,-0.0110281,1.00379,0.179735,0.232851,1.20281,0.282161,-0.0543798,1.05267,0.257461,-0.129649,0.0467535,0.0728116,-0.149493,0.505776,0.15635,0.118369,1.03313,0.054976,0.0400529,1.45912,0.190245,-0.342054,0.152768,0.070936,0.0292018,1.10054,0.218715,0.0503118,1.043,0.255573,0.39334,0.219357,-0.0797706,-0.0313323,0.998385,-0.128098,-0.108626,1.15165,-0.23183,-0.247679,1.14023,0.0801491,0.458473,0.277177,-0.0277419,0.0843919,0.50091,-0.104462,0.111142,1.03445,-0.00754143,-0.0627182,1.46853,-0.123767,0.366284,0.078511,0.00367407,-0.166152,1.14946,-0.00358768,-0.211591,1.0925,-0.00989404,-0.134026,1.24691,0.0768099
739,7.37416,0.049805,1.4769,0.0171324,-0.175843,0.100009,0.12776,-0.0120121,0.998912,0.181147,0.229073,1.19439,0.283021,-0.0607943,1.04974,0.254686,-0.11992,0.0483155,0.070971,-0.151992,0.502039,0.155743,0.117172,1.02916,0.0563149,0.0405207,1.45424,0.192126,-0.336101,0.142441,0.0667796,0.0238833,1.09662,0.217253,0.0437762,1.03816,0.253571,0.397497,0.224963,-0.0817635,-0.0328798,0.995562,-0.126648,-0.105837,1.14789,-0.232288,-0.246109,1.12432,0.0790286,0.456822,0.286593,-0.0301426,0.0782603,0.495843,-0.106315,0.109087,1.03235,-0.00637528,-0.0631466,1.46502,-0.122822,0.373155,0.0781943,0.00134266,-0.164714,1.13815,-0.00422423,-0.208664,1.08033,-0.0123774,-0.135651,1.24226,0.0779408
740,7.38415,0.0495473,1.4719,0.0188898,-0.164498,0.0963847,0.125804,-0.0124107,0.993424,0.182909,0.224459,1.18459,0.284255,-0.0678304,1.04595,0.251656,-0.106253,0.0501568,0.0694629,-0.154135,0.497008,0.155195,0.116311,1.02389,0.0574175,0.0406716,1.44815,0.194304,-0.326713,0.128076,0.0624494,0.017884,1.09176,0.215679,0.0364054,1.03229,0.251395,0.400614,0.229864,-0.0837837,-0.0341021,0.991765,-0.125278,-0.102394,1.14316,-0.232811,-0.244451,1.10717,0.0767606,0.454935,0.294349,-0.0315873,0.0711947,0.489768,-0.108551,0.10727,1.02879,-0.0051113,-0.0636766,1.4605,-0.121795,0.379669,0.07669,-0.00138909,-0.163052,1.12563,-0.00540692,-0.20534,1.06692,-0.0155413,-0.137132,1.23631,0.0787113
741,7.39415,0.0492502,1.46586,0.0206497,-0.151636,0.0926306,0.124147,-0.0129474,0.987189,0.184589,0.219003,1.17351,0.285812,-0.0755453,1.04141,0.248395,-0.0910031,0.0517586,0.0684233,-0.156042,0.490844,0.154672,0.115842,1.01742,0.0583182,0.0404785,1.44088,0.196722,-0.315578,0.112664,0.0594037,0.0113649,1.08594,0.214054,0.0282094,1.02569,0.249034,0.402891,0.234028,-0.0856703,-0.0350752,0.986995,-0.124121,-0.0983072,1.13756,-0.233404,-0.242828,1.08886,0.0733562,0.452866,0.300319,-0.0317808,0.0632415,0.482798,-0.110953,0.106108,1.02351,-0.00385798,-0.0642279,1.45501,-0.12059,0.386155,0.0765471,-0.00459105,-0.161184,1.11197,-0.00717215,-0.201603,1.05241,-0.0193564,-0.138385,1.22948,0.0792489
742,7.40414,0.0490041,1.45885,0.022447,-0.138257,0.0903679,0.12304,-0.0131369,0.98092,0.186128,0.212707,1.16124,0.287658,-0.0840389,1.03623,0.244829,-0.0755248,0.0536978,0.0677351,-0.15823,0.484339,0.154479,0.115954,1.01001,0.0591426,0.0398908,1.43261,0.19935,-0.304149,0.0984491,0.0582001,0.00443061,1.07906,0.212148,0.0192719,1.01825,0.246507,0.404054,0.238122,-0.0872779,-0.0358572,0.981268,-0.123386,-0.0935648,1.13119,-0.234069,-0.24111,1.06957,0.0689621,0.450493,0.305239,-0.0311708,0.0545916,0.475139,-0.113157,0.106056,1.01635,-0.00285053,-0.0647311,1.44875,-0.119225,0.390266,0.0791446,-0.00849185,-0.15908,1.09721,-0.00952472,-0.197373,1.03691,-0.023801,-0.139327,1.22214,0.0796577
743,7.41413,0.0490484,1.45136,0.0244031,-0.124068,0.0896115,0.122722,-0.0122373,0.974916,0.187704,0.205549,1.14792,0.289787,-0.0931698,1.03046,0.240853,-0.0590513,0.0560198,0.0677091,-0.161483,0.479071,0.155179,0.117031,1.00185,0.0600728,0.0388639,1.42377,0.202268,-0.292133,0.0862047,0.0582759,-0.00356274,1.07178,0.2096,0.0095512,1.01035,0.243824,0.403487,0.242916,-0.0886336,-0.0363974,0.974617,-0.123181,-0.0881948,1.12414,-0.234812,-0.239483,1.04933,0.0634314,0.447486,0.310233,-0.0304159,0.0455434,0.467119,-0.114585,0.10723,1.0077,-0.0022874,-0.065152,1.44209,-0.117893,0.39084,0.0831646,-0.0131464,-0.156668,1.08154,-0.0124588,-0.192695,1.02043,-0.0291095,-0.139936,1.21442,0.0799956
744,7.42412,0.0498433,1.44454,0.0267587,-0.108622,0.0894127,0.123028,-0.0100906,0.969218,0.189157,0.197458,1.1337,0.292144,-0.102823,1.02414,0.236318,-0.0414511,0.0578885,0.0683577,-0.166426,0.476612,0.156572,0.119202,0.992858,0.0610438,0.0375282,1.41506,0.205528,-0.277793,0.0771848,0.0585724,-0.0120763,1.06385,0.206751,-0.000875515,1.00211,0.240933,0.400511,0.248158,-0.0897807,-0.0365237,0.967197,-0.12347,-0.0821679,1.1166,-0.23562,-0.237881,1.02828,0.056577,0.443585,0.315194,-0.0299,0.035978,0.458979,-0.114859,0.109353,0.99809,-0.00196536,-0.0653985,1.43551,-0.116968,0.387671,0.0877296,-0.0177613,-0.153942,1.06516,-0.0159342,-0.187704,1.00321,-0.0352282,-0.140236,1.20627,0.0802907
745,7.43411,0.0511575,1.43901,0.0294156,-0.09173,0.0896024,0.123564,-0.0077256,0.96374,0.190139,0.188334,1.11876,0.294519,-0.11298,1.01743,0.231301,-0.0229828,0.0591131,0.0691805,-0.17201,0.476476,0.158683,0.122187,0.983075,0.0611803,0.0364488,1.40696,0.209039,-0.260827,0.0719431,0.0587332,-0.0209318,1.05556,0.203962,-0.0118378,0.993218,0.237311,0.394994,0.253325,-0.090639,-0.0360421,0.959205,-0.124158,-0.0754384,1.10886,-0.236377,-0.236002,1.0067,0.0482931,0.438718,0.319556,-0.029674,0.0253013,0.451062,-0.114264,0.112085,0.987682,-0.00208753,-0.0652115,1.42922,-0.11677,0.381521,0.0922956,-0.021778,-0.151015,1.04829,-0.0199967,-0.182257,0.985685,-0.0423725,-0.14026,1.19754,0.0804996
746,7.44411,0.0518983,1.4343,0.0320076,-0.0738614,0.0899634,0.123827,-0.00585943,0.958872,0.190577,0.178032,1.10343,0.296909,-0.123641,1.01076,0.225968,-0.00406097,0.0598991,0.0697395,-0.175913,0.475773,0.161735,0.125529,0.973428,0.0590567,0.0359449,1.39913,0.212734,-0.242482,0.0693921,0.0591938,-0.030149,1.04707,0.200742,-0.0235019,0.98408,0.233188,0.3872,0.257911,-0.0911962,-0.0346916,0.951154,-0.12523,-0.067938,1.10132,-0.236925,-0.233781,0.984994,0.0384175,0.432711,0.322924,-0.0296499,0.0130786,0.44407,-0.113584,0.114991,0.976711,-0.00396267,-0.0644275,1.42325,-0.117207,0.373035,0.0963419,-0.025006,-0.147902,1.03123,-0.0246925,-0.176197,0.968364,-0.0504745,-0.13999,1.18822,0.0805421
747,7.4541,0.0509674,1.42998,0.0343285,-0.055595,0.0901641,0.12355,-0.00364877,0.954943,0.190735,0.166492,1.08813,0.29908,-0.134879,1.00466,0.219879,0.0151284,0.060489,0.0700681,-0.176487,0.472276,0.165929,0.128645,0.965167,0.0545909,0.0355261,1.39122,0.216602,-0.223805,0.0679024,0.0598752,-0.0400302,1.03907,0.197192,-0.0360094,0.975563,0.228474,0.377473,0.261625,-0.0914796,-0.0326451,0.943508,-0.126441,-0.0596237,1.09457,-0.237296,-0.231094,0.963743,0.026824,0.425279,0.3252,-0.0296714,-0.000549736,0.438592,-0.113192,0.117787,0.966091,-0.00862552,-0.0634544,1.4175,-0.117814,0.362499,0.0995229,-0.0275832,-0.144041,1.01422,-0.0301657,-0.169396,0.951627,-0.0595004,-0.139304,1.17867,0.0804155
748,7.46409,0.048483,1.42612,0.0364423,-0.0371103,0.0902629,0.123091,-0.00136131,0.951762,0.190891,0.153874,1.07345,0.301106,-0.146728,0.99985,0.213054,0.03444,0.0610828,0.0701892,-0.173825,0.466399,0.170382,0.130727,0.958368,0.0501253,0.0343877,1.38373,0.220372,-0.204965,0.0666814,0.0603825,-0.0505852,1.03221,0.193133,-0.0491853,0.968152,0.223335,0.366206,0.264424,-0.0916415,-0.0304259,0.936763,-0.127407,-0.0507967,1.08917,-0.237436,-0.227694,0.943701,0.0136204,0.416362,0.326472,-0.029635,-0.0148297,0.434182,-0.112719,0.12041,0.956846,-0.0141924,-0.0629429,1.41196,-0.117964,0.350171,0.10168,-0.0301082,-0.13865,0.997472,-0.0364916,-0.161777,0.935923,-0.0693816,-0.137989,1.16977,0.0800673
749,7.47408,0.0459025,1.42309,0.0386048,-0.0182034,0.0906715,0.123023,0.000804263,0.949091,0.191094,0.139991,1.06004,0.302785,-0.158996,0.996869,0.205665,0.05391,0.0617192,0.0700888,-0.168884,0.459647,0.174217,0.131594,0.95317,0.0478705,0.0322054,1.37769,0.223363,-0.186014,0.0656523,0.0605253,-0.0615417,1.02687,0.188456,-0.0628929,0.962434,0.218071,0.353768,0.26625,-0.091752,-0.0287568,0.931263,-0.127964,-0.0414455,1.08517,-0.2376,-0.223288,0.925661,-0.000807842,0.406264,0.326763,-0.0294219,-0.0291575,0.429947,-0.111782,0.12263,0.949571,-0.0172184,-0.062936,1.40679,-0.117436,0.336166,0.102957,-0.0329485,-0.132087,0.981926,-0.0434144,-0.153263,0.921754,-0.0799067,-0.136044,1.16268,0.0793589
750,7.48407,0.0447791,1.42076,0.0409627,0.000966083,0.091215,0.123228,0.00257009,0.946711,0.191246,0.125227,1.04852,0.304286,-0.171453,0.996199,0.197775,0.07341,0.062332,0.0700418,-0.162071,0.452868,0.177134,0.132105,0.949917,0.0476524,0.0289644,1.37311,0.225068,-0.166921,0.0647695,0.060523,-0.0726996,1.02337,0.183297,-0.0770645,0.958656,0.212409,0.340423,0.267034,-0.0918345,-0.0281846,0.927116,-0.128502,-0.0314725,1.08236,-0.238149,-0.217685,0.910125,-0.0160082,0.395077,0.32566,-0.0288529,-0.0434676,0.426151,-0.110546,0.124263,0.945022,-0.0168952,-0.0626519,1.40226,-0.116636,0.320212,0.103645,-0.0358147,-0.124752,0.968383,-0.0509226,-0.143876,0.909663,-0.0907205,-0.133731,1.15801,0.0782135
751,7.49407,0.0455064,1.41823,0.043022,0.0198799,0.0913531,0.122636,0.00286845,0.943883,0.191581,0.109963,1.039,0.305599,-0.183751,0.998237,0.189273,0.0929171,0.0629598,0.0699735,-0.153648,0.446481,0.178967,0.132966,0.948393,0.048536,0.0254872,1.36956,0.225946,-0.147554,0.0640442,0.0603733,-0.0839111,1.02195,0.177736,-0.0915302,0.957056,0.2061,0.326343,0.266784,-0.0918274,-0.0285145,0.92436,-0.129285,-0.020674,1.08056,-0.239391,-0.210897,0.897498,-0.0313648,0.383187,0.323104,-0.0279784,-0.0577001,0.423795,-0.109311,0.125273,0.943398,-0.0153646,-0.0613294,1.39867,-0.116048,0.302151,0.103448,-0.0387891,-0.116894,0.957489,-0.0590922,-0.13355,0.900046,-0.101647,-0.131472,1.15544,0.0766787
752,7.50406,0.0474299,1.41524,0.0443668,0.0389346,0.0916412,0.122125,0.00298553,0.941364,0.191962,0.0945424,1.03127,0.306553,-0.19581,1.00286,0.180074,0.112464,0.0635561,0.0698593,-0.144518,0.440979,0.179608,0.133995,0.947924,0.0502337,0.0227281,1.36685,0.227021,-0.128069,0.0635335,0.0602946,-0.0950347,1.02273,0.17185,-0.10621,0.957952,0.199357,0.311541,0.265558,-0.0916034,-0.0294291,0.922813,-0.129991,-0.00896691,1.07989,-0.241406,-0.202975,0.887865,-0.0463454,0.370895,0.319024,-0.0268601,-0.0716138,0.423275,-0.108131,0.125916,0.943456,-0.0137803,-0.0588702,1.39611,-0.115886,0.282024,0.10252,-0.0417184,-0.108604,0.949711,-0.0678088,-0.122424,0.893263,-0.112376,-0.129655,1.15407,0.0747773
753,7.51405,0.0497958,1.41256,0.0450841,0.0580288,0.0921558,0.121852,0.00313408,0.939378,0.19239,0.0789782,1.02519,0.307228,-0.207365,1.01004,0.170374,0.132091,0.0642617,0.0698097,-0.13511,0.436487,0.179316,0.134776,0.947924,0.0522441,0.021196,1.36482,0.228631,-0.108515,0.0631953,0.0603347,-0.105944,1.02572,0.165802,-0.120595,0.96126,0.192083,0.296065,0.263373,-0.0910454,-0.0306656,0.922347,-0.1305,0.0034933,1.08066,-0.244073,-0.194075,0.881266,-0.0605472,0.358361,0.313272,-0.0255633,-0.0849959,0.424461,-0.10697,0.126513,0.943831,-0.011918,-0.0556082,1.39458,-0.116107,0.259991,0.101272,-0.0441953,-0.0998765,0.945088,-0.0767089,-0.110889,0.889449,-0.122799,-0.128291,1.15325,0.0724689
754,7.52404,0.0520212,1.41109,0.0456545,0.0770881,0.0928474,0.121741,0.00335833,0.938007,0.192853,0.0632743,1.02086,0.307663,-0.218137,1.01966,0.160463,0.151692,0.0650063,0.0697714,-0.125111,0.43279,0.179004,0.135329,0.948201,0.0539087,0.0205902,1.36366,0.230188,-0.0889259,0.0630505,0.0603012,-0.116288,1.03106,0.159722,-0.134345,0.966882,0.184339,0.279898,0.260242,-0.0901104,-0.0319712,0.922844,-0.130717,0.0164479,1.08313,-0.247294,-0.184485,0.877635,-0.0738032,0.345544,0.305747,-0.0242218,-0.0977894,0.427229,-0.105909,0.127301,0.944221,-0.0102336,-0.0519578,1.39407,-0.116536,0.236128,0.0996144,-0.0460487,-0.0908916,0.943447,-0.0855448,-0.0990218,0.888368,-0.132627,-0.127191,1.15285,0.0698678
755,7.53403,0.0534362,1.41099,0.0465564,0.0961773,0.0936831,0.121611,0.00366563,0.937274,0.193289,0.0474799,1.01853,0.307827,-0.228024,1.03134,0.150484,0.171133,0.0656715,0.0696481,-0.113929,0.429695,0.17927,0.1358,0.948794,0.0548424,0.0199216,1.36384,0.231233,-0.0692965,0.0631422,0.0600661,-0.12596,1.03849,0.153642,-0.147491,0.974621,0.176485,0.263003,0.256105,-0.0888997,-0.0331404,0.924204,-0.130575,0.0294861,1.08733,-0.250846,-0.17452,0.876745,-0.0861143,0.33222,0.296491,-0.0229123,-0.11002,0.431411,-0.104841,0.128407,0.944886,-0.00944859,-0.0482338,1.39459,-0.116932,0.210695,0.0975052,-0.0472654,-0.0818041,0.944441,-0.0941251,-0.0868039,0.889607,-0.14166,-0.126399,1.15312,0.0672437
756,7.54403,0.0537629,1.41226,0.0478965,0.115538,0.0945688,0.121223,0.00430234,0.937392,0.193652,0.0318046,1.01831,0.30757,-0.236949,1.0447,0.140529,0.190594,0.0664848,0.069575,-0.101371,0.427163,0.179777,0.136716,0.949815,0.0549986,0.0184434,1.36549,0.231859,-0.0495843,0.063094,0.0599493,-0.134943,1.04762,0.147564,-0.15993,0.984239,0.168559,0.245408,0.250924,-0.0875208,-0.034027,0.926346,-0.130062,0.0421828,1.0931,-0.254304,-0.164413,0.878198,-0.0975116,0.318089,0.285583,-0.0215979,-0.121568,0.436702,-0.10367,0.12964,0.945929,-0.00962085,-0.0446204,1.39612,-0.117214,0.183893,0.0950447,-0.0478956,-0.072858,0.947652,-0.10241,-0.0747982,0.892821,-0.150118,-0.126677,1.15447,0.0649287
757,7.55402,0.0532624,1.41468,0.0494833,0.134862,0.0956315,0.120935,0.00512365,0.938356,0.193943,0.0164025,1.01999,0.30689,-0.244873,1.05945,0.130691,0.210723,0.0681202,0.0698224,-0.087535,0.425226,0.179703,0.13782,0.951172,0.0544332,0.0161254,1.36843,0.232271,-0.0298217,0.0631221,0.0597799,-0.1431,1.05806,0.141488,-0.171522,0.995408,0.160604,0.22719,0.244692,-0.086071,-0.0345363,0.929207,-0.129211,0.0543217,1.10019,-0.257315,-0.154331,0.881536,-0.108006,0.30292,0.273016,-0.0202049,-0.132294,0.442992,-0.102423,0.130706,0.947398,-0.0103629,-0.0410635,1.39862,-0.117406,0.15593,0.0924312,-0.0481911,-0.0642955,0.952777,-0.110344,-0.0633625,0.897688,-0.157977,-0.127932,1.1571,0.06311
758,7.56401,0.0523802,1.41769,0.0510628,0.154105,0.0970858,0.120892,0.00597713,0.940043,0.194107,0.00137374,1.02322,0.305726,-0.251765,1.07526,0.121099,0.230529,0.0702847,0.0699909,-0.0726983,0.424033,0.178576,0.138696,0.952941,0.0535153,0.0131208,1.37246,0.232499,-0.00992681,0.0629681,0.0597858,-0.150317,1.06945,0.13544,-0.182208,1.0078,0.152704,0.208369,0.237433,-0.0845611,-0.0346175,0.932733,-0.12809,0.0658739,1.10842,-0.259847,-0.144433,0.886379,-0.117626,0.286553,0.259212,-0.0186968,-0.142178,0.450238,-0.1012,0.131506,0.949593,-0.0113238,-0.0374006,1.40198,-0.117603,0.127055,0.0898769,-0.048159,-0.0558805,0.959331,-0.117687,-0.0524629,0.903928,-0.165464,-0.129263,1.16069,0.0616855
759,7.574,0.0517654,1.4211,0.0524005,0.173135,0.099158,0.121204,0.00654395,0.942317,0.194123,-0.0131611,1.02781,0.304019,-0.257596,1.09181,0.111834,0.249923,0.073256,0.0703027,-0.0572188,0.42386,0.176661,0.139143,0.955602,0.0527243,0.00972351,1.37736,0.232539,0.0100029,0.0628764,0.0596574,-0.156947,1.08175,0.129584,-0.19195,1.02114,0.144977,0.188881,0.229134,-0.0829389,-0.0342587,0.936879,-0.126792,0.0769585,1.11752,-0.261992,-0.134837,0.892427,-0.126448,0.268799,0.244342,-0.0169519,-0.151385,0.458222,-0.100133,0.132013,0.952985,-0.0122105,-0.0336177,1.40603,-0.117832,0.097223,0.0876015,-0.0479136,-0.0470083,0.966484,-0.124173,-0.0420883,0.911355,-0.172491,-0.1304,1.16481,0.0604877
760,7.584,0.0517694,1.4249,0.0533012,0.191658,0.102084,0.1219,0.00681855,0.945283,0.19404,-0.0270054,1.03371,0.302002,-0.262451,1.10875,0.102969,0.269033,0.077361,0.0708255,-0.0415223,0.424971,0.174659,0.138957,0.959737,0.0522,0.00621493,1.38292,0.232393,0.029636,0.0633021,0.0594091,-0.162948,1.0947,0.123918,-0.200758,1.03518,0.137514,0.16857,0.219987,-0.081265,-0.033483,0.9416,-0.125422,0.0877434,1.12728,-0.263727,-0.125644,0.899442,-0.13454,0.249487,0.228619,-0.0151386,-0.159862,0.466699,-0.0991964,0.132185,0.957798,-0.01288,-0.0298995,1.41063,-0.118052,0.0665671,0.0856843,-0.0473807,-0.0381801,0.974267,-0.130345,-0.0321148,0.919749,-0.178902,-0.131301,1.16928,0.059313
761,7.59399,0.0521297,1.42902,0.0537952,0.209393,0.105704,0.122742,0.00664838,0.9488,0.19383,-0.0398994,1.04069,0.299784,-0.26637,1.12582,0.0945718,0.287656,0.0826618,0.0715567,-0.0262599,0.427358,0.173169,0.138432,0.965387,0.0518862,0.00277789,1.38896,0.232049,0.0493449,0.063656,0.0591961,-0.168184,1.10803,0.118465,-0.208672,1.04966,0.130449,0.147285,0.210334,-0.0795849,-0.0323438,0.946847,-0.124093,0.0979646,1.13747,-0.26512,-0.116905,0.907178,-0.141978,0.228726,0.212431,-0.0131784,-0.167235,0.475489,-0.09829,0.132024,0.963703,-0.0132788,-0.0265002,1.41564,-0.118224,0.0351675,0.084227,-0.0464603,-0.0298799,0.982657,-0.135893,-0.0225253,0.928793,-0.184686,-0.131958,1.17404,0.0578946
762,7.60398,0.0524217,1.4335,0.0540334,0.226272,0.109811,0.123632,0.00593799,0.952738,0.19348,-0.0518588,1.04848,0.297374,-0.26941,1.1428,0.0866854,0.30542,0.0890803,0.0723958,-0.0117843,0.430716,0.172197,0.137567,0.97216,0.051737,-0.000495162,1.39538,0.231455,0.0691691,0.0638034,0.059182,-0.172645,1.12143,0.113209,-0.215673,1.06439,0.123819,0.125093,0.20038,-0.0779611,-0.0309212,0.952565,-0.122914,0.10763,1.14793,-0.266046,-0.108676,0.915379,-0.148892,0.206495,0.195954,-0.0112545,-0.173424,0.484375,-0.0973924,0.131537,0.97014,-0.0133156,-0.0237076,1.42101,-0.118419,0.0032097,0.0835034,-0.0450725,-0.0218923,0.991291,-0.140931,-0.0135219,0.938121,-0.190036,-0.132812,1.17933,0.056034
763,7.61397,0.0522926,1.4384,0.054091,0.242181,0.114534,0.124583,0.00462016,0.956998,0.192984,-0.0627476,1.0569,0.294837,-0.271651,1.15944,0.0793138,0.322545,0.0966785,0.0734206,0.00200131,0.434762,0.171382,0.136193,0.979543,0.0517894,-0.00360982,1.40208,0.23058,0.0894014,0.0633635,0.0589235,-0.176381,1.13462,0.108081,-0.221539,1.07916,0.117489,0.101791,0.190306,-0.0765254,-0.0293165,0.958689,-0.121981,0.116824,1.15852,-0.266458,-0.101095,0.923908,-0.155494,0.182792,0.179191,-0.00956671,-0.178409,0.493135,-0.0966171,0.130707,0.976713,-0.0130132,-0.0215475,1.42663,-0.118676,-0.0290747,0.0836904,-0.0431519,-0.0146711,1.00025,-0.145499,-0.00511711,0.947503,-0.194753,-0.133814,1.18546,0.0538595
764,7.62396,0.0515636,1.44363,0.0539929,0.257157,0.11989,0.125548,0.00270868,0.961498,0.192394,-0.0725307,1.0657,0.292235,-0.273191,1.17552,0.0724485,0.338658,0.104812,0.074348,0.0154581,0.439402,0.170433,0.134258,0.987211,0.0520837,-0.00666204,1.40899,0.22942,0.10967,0.0627764,0.0585296,-0.179458,1.14751,0.103133,-0.226429,1.09361,0.11141,0.0774798,0.180131,-0.0746857,-0.0276482,0.965135,-0.121369,0.125256,1.16909,-0.266524,-0.0943235,0.932712,-0.16193,0.157542,0.162448,-0.00813478,-0.182155,0.501561,-0.0960599,0.129709,0.983301,-0.0125027,-0.0199777,1.4324,-0.11907,-0.0615033,0.0846823,-0.0407086,-0.0083161,1.00942,-0.149608,0.002586,0.956761,-0.198658,-0.13463,1.19206,0.0512113
765,7.63396,0.0504305,1.44901,0.0538125,0.271472,0.125649,0.126451,0.000318617,0.9662,0.191736,-0.0812556,1.07468,0.289639,-0.274112,1.19083,0.0660655,0.353836,0.11351,0.0751766,0.0286314,0.444553,0.169472,0.131798,0.994848,0.0525741,-0.0097495,1.41606,0.228007,0.129279,0.0628767,0.0589405,-0.181903,1.16033,0.0988569,-0.230482,1.10752,0.105631,0.0519409,0.170143,-0.0730302,-0.0260477,0.9718,-0.121122,0.13287,1.17945,-0.266207,-0.0883511,0.941674,-0.168119,0.130706,0.146117,-0.00696748,-0.18467,0.509412,-0.0958018,0.128533,0.989983,-0.0118647,-0.0188717,1.43818,-0.119637,-0.0939885,0.0861864,-0.0381309,-0.00238363,1.01833,-0.153339,0.00957527,0.966024,-0.202043,-0.135427,1.19889,0.048179
766,7.64395,0.0490818,1.45434,0.0535218,0.285147,0.131723,0.127302,-0.00234515,0.971041,0.191002,-0.0890667,1.08361,0.287103,-0.27452,1.20521,0.0601161,0.368156,0.122867,0.0759464,0.0414394,0.45019,0.16865,0.128973,1.00222,0.0531881,-0.0128372,1.42319,0.226395,0.14893,0.062976,0.0593893,-0.183806,1.17255,0.0947368,-0.233687,1.12071,0.100101,0.0252802,0.160579,-0.0717354,-0.0246549,0.978556,-0.121244,0.139707,1.1894,-0.265469,-0.0832028,0.950544,-0.174033,0.102282,0.130533,-0.00601034,-0.185919,0.516621,-0.0957387,0.127083,0.996819,-0.0111595,-0.0180161,1.44383,-0.120303,-0.126632,0.0887502,-0.0357298,0.00299075,1.02697,-0.156906,0.0157063,0.975248,-0.205109,-0.136378,1.20565,0.0449184
767,7.65394,0.0476566,1.45942,0.0530089,0.298122,0.138006,0.128037,-0.00519386,0.975876,0.190197,-0.0960477,1.09223,0.284713,-0.27453,1.21854,0.0545692,0.381516,0.132512,0.076517,0.0537059,0.456219,0.167973,0.125982,1.00936,0.0537748,-0.0157993,1.43012,0.224463,0.168915,0.062766,0.059723,-0.185214,1.18397,0.0907316,-0.236053,1.13304,0.09483,-0.0020997,0.1517,-0.0706778,-0.0236156,0.985242,-0.121683,0.145833,1.19878,-0.26439,-0.0787571,0.95916,-0.179282,0.0724609,0.115742,-0.00506736,-0.185806,0.523113,-0.0957881,0.125298,1.00374,-0.0104365,-0.017383,1.44928,-0.121058,-0.159243,0.0928404,-0.0338592,0.0066289,1.036,-0.159819,0.0209308,0.984114,-0.207758,-0.137582,1.21219,0.0415989
768,7.66393,0.0462609,1.46417,0.0522319,0.310452,0.144361,0.128625,-0.0081738,0.980487,0.189402,-0.102087,1.10035,0.282529,-0.274211,1.23067,0.0494002,0.394117,0.142628,0.0770052,0.0653084,0.462385,0.167268,0.122871,1.01627,0.0542506,-0.0186633,1.43669,0.222188,0.188941,0.0623128,0.059951,-0.186194,1.19486,0.0874588,-0.23769,1.14431,0.0898274,-0.0299618,0.143825,-0.0697367,-0.023074,0.991666,-0.12233,0.151288,1.20751,-0.263134,-0.0750102,0.967245,-0.184005,0.0413987,0.101865,-0.00414604,-0.184348,0.528717,-0.0959158,0.123216,1.01061,-0.00977703,-0.0170379,1.45438,-0.121957,-0.191399,0.0985878,-0.0323185,0.0092536,1.0448,-0.162511,0.0252835,0.99245,-0.209943,-0.139078,1.2185,0.0384722
769,7.67392,0.0449174,1.4685,0.0511443,0.322125,0.150712,0.129062,-0.0112046,0.984655,0.188636,-0.107385,1.10783,0.280441,-0.273342,1.24152,0.0446287,0.405713,0.152909,0.0773055,0.0761101,0.46831,0.166289,0.119671,1.02285,0.0545696,-0.0215689,1.44295,0.219759,0.208385,0.0619685,0.060175,-0.186785,1.20478,0.0844533,-0.238708,1.15445,0.0851599,-0.0581013,0.137224,-0.0689094,-0.0231583,0.997607,-0.12304,0.156046,1.21553,-0.261871,-0.0720252,0.974684,-0.188242,0.00931164,0.0892085,-0.00340199,-0.181724,0.533222,-0.0961719,0.120738,1.01716,-0.00925382,-0.0170428,1.45904,-0.123001,-0.222754,0.106071,-0.0307935,0.0112167,1.05305,-0.165118,0.0288403,1.00018,-0.211804,-0.140904,1.22449,0.0357028
770,7.68392,0.043618,1.47228,0.0497739,0.333243,0.157054,0.129373,-0.0141337,0.988262,0.187807,-0.112006,1.11454,0.27845,-0.272271,1.251,0.0402535,0.416463,0.163447,0.0774414,0.0860267,0.473775,0.165135,0.116325,1.02891,0.0546896,-0.0245773,1.44879,0.217243,0.227014,0.0618708,0.0603985,-0.187072,1.21353,0.0816628,-0.239187,1.16336,0.0809061,-0.0862419,0.132047,-0.0683059,-0.0239747,1.00281,-0.123635,0.16006,1.22273,-0.260655,-0.0699076,0.981608,-0.191845,-0.0229648,0.0785177,-0.00289385,-0.178142,0.536506,-0.0965065,0.117858,1.02323,-0.00889211,-0.0172698,1.46316,-0.124075,-0.252866,0.115159,-0.0293355,0.0131925,1.06026,-0.167488,0.0315857,1.00719,-0.213361,-0.143025,1.23008,0.0332885
771,7.69391,0.0423696,1.47545,0.0481998,0.343833,0.16333,0.129589,-0.017061,0.991231,0.187018,-0.115916,1.12042,0.276648,-0.271074,1.25903,0.0362434,0.426339,0.174081,0.0775143,0.094939,0.478744,0.163977,0.112831,1.03428,0.054638,-0.0274759,1.45393,0.214631,0.244899,0.0619303,0.0605491,-0.18714,1.22116,0.0792764,-0.239211,1.17077,0.0769768,-0.113803,0.128297,-0.0681324,-0.0256676,1.00694,-0.123729,0.163351,1.22895,-0.259353,-0.0686958,0.988046,-0.194923,-0.054808,0.0699625,-0.00277969,-0.173683,0.538512,-0.0967347,0.114712,1.0287,-0.00866771,-0.0177879,1.46668,-0.125199,-0.281132,0.12548,-0.0283774,0.0145937,1.06659,-0.169535,0.0334056,1.01336,-0.214627,-0.145423,1.23508,0.0311498
772,7.7039,0.0411631,1.47793,0.0464737,0.353946,0.169599,0.129781,-0.0200903,0.993537,0.186282,-0.119054,1.12541,0.275113,-0.269744,1.26553,0.0326109,0.435396,0.184754,0.0775756,0.10284,0.48321,0.16281,0.109197,1.03886,0.0544386,-0.0301304,1.45821,0.211943,0.261947,0.0621011,0.0606839,-0.186943,1.22755,0.0773233,-0.238878,1.17677,0.0735239,-0.140034,0.126016,-0.0685653,-0.0279832,1.01003,-0.123596,0.165928,1.23401,-0.258215,-0.0684615,0.993822,-0.197571,-0.0853588,0.0633958,-0.00321662,-0.168441,0.539192,-0.0967242,0.111257,1.0334,-0.00855382,-0.0184483,1.46948,-0.12636,-0.306871,0.136771,-0.0278619,0.0147921,1.07204,-0.171143,0.0342276,1.01861,-0.215664,-0.148402,1.23932,0.0295254
773,7.71389,0.0400029,1.47968,0.0446329,0.363635,0.175875,0.130009,-0.0231823,0.99514,0.185538,-0.121395,1.12941,0.273863,-0.268314,1.27039,0.0293546,0.443701,0.19543,0.0775752,0.109879,0.487139,0.161582,0.105432,1.04262,0.0541253,-0.0326271,1.4616,0.209261,0.278356,0.0625284,0.060799,-0.186225,1.23209,0.0753278,-0.238274,1.18141,0.0706446,-0.164251,0.125238,-0.0695234,-0.0308944,1.01178,-0.123605,0.167774,1.23778,-0.257377,-0.0692145,0.998796,-0.199794,-0.113583,0.0588257,-0.00439166,-0.162929,0.538603,-0.0964701,0.10765,1.03719,-0.00853411,-0.0191894,1.47147,-0.127564,-0.329405,0.148759,-0.0273186,0.014,1.07644,-0.172303,0.034035,1.02286,-0.216514,-0.151678,1.24289,0.0282199
774,7.72388,0.0389333,1.48064,0.0427409,0.373012,0.182162,0.130294,-0.0262807,0.996055,0.184744,-0.122962,1.13236,0.272925,-0.266844,1.27353,0.0264823,0.451465,0.206115,0.0776098,0.115697,0.490272,0.160781,0.101566,1.04553,0.053733,-0.0350347,1.46415,0.206678,0.294246,0.063422,0.0606764,-0.185603,1.23515,0.0736323,-0.23746,1.18443,0.0682477,-0.185725,0.125675,-0.0707146,-0.0339412,1.01242,-0.1237,0.168897,1.24018,-0.256916,-0.0709387,1.00289,-0.201608,-0.1383,0.0560644,-0.00623583,-0.158241,0.536943,-0.0960785,0.104125,1.04004,-0.00863775,-0.0199783,1.47257,-0.128826,-0.348186,0.160316,-0.0264089,0.0122206,1.07985,-0.173418,0.0328356,1.026,-0.217219,-0.154892,1.24566,0.027135
775,7.73388,0.0379754,1.48077,0.0408353,0.382193,0.188539,0.130567,-0.0293316,0.99623,0.183975,-0.123768,1.13417,0.272326,-0.265398,1.27487,0.0239313,0.458883,0.216856,0.0777145,0.120113,0.49243,0.160457,0.0977192,1.04757,0.0532555,-0.0372387,1.46576,0.20419,0.309537,0.0648101,0.0602658,-0.185117,1.23687,0.0723786,-0.236516,1.18569,0.0662841,-0.20347,0.126655,-0.0719246,-0.037173,1.01187,-0.123803,0.169313,1.24109,-0.256845,-0.0735925,1.00605,-0.203003,-0.158559,0.0543393,-0.00843445,-0.155513,0.534432,-0.0956238,0.100903,1.04206,-0.00893424,-0.0208667,1.47273,-0.130207,-0.362827,0.169975,-0.0250981,0.0100316,1.08223,-0.17435,0.0306599,1.028,-0.217826,-0.157753,1.24749,0.0263121
776,7.74387,0.0371319,1.48001,0.0389056,0.391288,0.195053,0.130779,-0.0322753,0.99566,0.183301,-0.123795,1.13478,0.272043,-0.264069,1.27434,0.021702,0.465959,0.227559,0.0778183,0.122977,0.493377,0.160483,0.0941874,1.0487,0.0526876,-0.0391977,1.46636,0.201811,0.324172,0.0667179,0.059824,-0.184418,1.23674,0.071236,-0.235449,1.18526,0.0648121,-0.216637,0.127479,-0.0731606,-0.0399367,1.01036,-0.124059,0.168889,1.24032,-0.257044,-0.0772214,1.00812,-0.204066,-0.173382,0.0530171,-0.0103565,-0.155336,0.531366,-0.0952189,0.098033,1.0434,-0.00947835,-0.0217747,1.47188,-0.131699,-0.373239,0.176475,-0.0236366,0.00735217,1.08358,-0.175037,0.0275111,1.02882,-0.218294,-0.160181,1.24818,0.0255496
777,7.75386,0.0364195,1.47839,0.0369576,0.400235,0.201605,0.131007,-0.0350207,0.994405,0.182686,-0.123061,1.13414,0.272051,-0.26291,1.27185,0.0198,0.472538,0.238111,0.0778815,0.124265,0.492853,0.160767,0.0912867,1.0487,0.0520271,-0.0407565,1.46587,0.199581,0.337935,0.0688896,0.0594751,-0.183434,1.23466,0.0701425,-0.234285,1.183,0.0637548,-0.225274,0.126733,-0.0741139,-0.0422908,1.00778,-0.124379,0.167859,1.23795,-0.257782,-0.0817631,1.00917,-0.204591,-0.182187,0.0511375,-0.0118746,-0.157626,0.528332,-0.0950296,0.0948648,1.04389,-0.0103038,-0.0226865,1.46995,-0.13341,-0.379581,0.179191,-0.0222437,0.00365424,1.08367,-0.175876,0.0231853,1.02844,-0.218505,-0.162398,1.24734,0.0244719
778,7.76385,0.0358919,1.47585,0.0349738,0.408899,0.208101,0.131345,-0.0374612,0.99248,0.18206,-0.121628,1.13227,0.272324,-0.261869,1.26739,0.0182072,0.478339,0.248507,0.0779104,0.12403,0.490699,0.16126,0.0891709,1.04726,0.0513345,-0.0418571,1.46427,0.197568,0.350548,0.0708994,0.0593869,-0.182288,1.23079,0.0692015,-0.233056,1.17892,0.0631328,-0.229249,0.123827,-0.0749813,-0.0444282,1.00405,-0.124831,0.166112,1.23385,-0.258968,-0.0872212,1.00919,-0.204811,-0.184923,0.0479869,-0.0134464,-0.161915,0.526069,-0.0950431,0.0915765,1.04326,-0.0113694,-0.023571,1.46689,-0.135454,-0.381753,0.17781,-0.0205876,-0.000718417,1.08271,-0.176526,0.0179295,1.02683,-0.218535,-0.164745,1.2446,0.0226076
779,7.77384,0.0355223,1.47235,0.0329554,0.417095,0.214571,0.131837,-0.0394782,0.989883,0.181403,-0.119515,1.12923,0.272823,-0.261103,1.26086,0.0169123,0.483005,0.25871,0.0780128,0.122221,0.486904,0.162011,0.0876393,1.04423,0.0505105,-0.0425217,1.46156,0.19577,0.361853,0.0724018,0.059726,-0.181494,1.22547,0.0686306,-0.231713,1.17303,0.0629633,-0.228216,0.119127,-0.0760404,-0.0462963,0.99926,-0.125537,0.163664,1.22804,-0.26055,-0.0937377,1.00847,-0.204723,-0.181494,0.04436,-0.0153138,-0.167475,0.524293,-0.0946193,0.0890619,1.04109,-0.0125028,-0.0243562,1.46277,-0.1378,-0.379639,0.172153,-0.0188124,-0.0056527,1.08072,-0.177018,0.0117823,1.0241,-0.218414,-0.166347,1.24048,0.0205099
780,7.78384,0.0352305,1.46786,0.0308418,0.424483,0.220933,0.132513,-0.0410464,0.986572,0.180704,-0.11674,1.12513,0.273486,-0.260637,1.25228,0.0159811,0.486316,0.268664,0.078345,0.118725,0.481579,0.162986,0.0864743,1.03964,0.0495278,-0.0427856,1.45771,0.194172,0.372045,0.0730451,0.0605554,-0.180857,1.21855,0.0682976,-0.23017,1.16536,0.0632607,-0.22187,0.113553,-0.0772011,-0.0478968,0.993618,-0.126543,0.160542,1.22061,-0.262324,-0.101101,1.00706,-0.204113,-0.171786,0.0428305,-0.0168404,-0.173035,0.521861,-0.0939561,0.0874787,1.03674,-0.0136686,-0.0249991,1.45767,-0.140285,-0.373399,0.162209,-0.0166143,-0.0114412,1.07772,-0.177438,0.00469133,1.02038,-0.218164,-0.16709,1.23536,0.0184572
781,7.79383,0.0350031,1.46238,0.0286291,0.430617,0.226771,0.13321,-0.0422511,0.982504,0.180002,-0.113269,1.12009,0.274289,-0.260302,1.24162,0.0155198,0.488263,0.278109,0.0789219,0.113841,0.474876,0.163909,0.0855401,1.03354,0.0484264,-0.0427278,1.45278,0.192701,0.381942,0.0727029,0.0617459,-0.179982,1.20988,0.0681204,-0.228466,1.15593,0.0641081,-0.211356,0.107653,-0.0777345,-0.0493218,0.987385,-0.127779,0.156794,1.21167,-0.264382,-0.109258,1.00507,-0.202971,-0.157546,0.0437619,-0.0169799,-0.177348,0.5177,-0.093796,0.0864701,1.03005,-0.0148724,-0.0255751,1.45166,-0.142686,-0.364783,0.148018,-0.0142995,-0.0180252,1.07389,-0.177536,-0.00332583,1.01573,-0.217793,-0.167155,1.2295,0.0166463
782,7.80382,0.0348509,1.45602,0.0263052,0.435276,0.231646,0.133664,-0.0431284,0.977541,0.179334,-0.109037,1.11418,0.27529,-0.260112,1.22893,0.0155995,0.489006,0.28664,0.0796082,0.107866,0.466919,0.164804,0.0848655,1.0261,0.0472394,-0.0423943,1.44685,0.19124,0.392258,0.0719665,0.0629331,-0.178856,1.19948,0.0682028,-0.226539,1.14473,0.0655404,-0.200176,0.101848,-0.0769395,-0.050623,0.98093,-0.129094,0.15228,1.20138,-0.266838,-0.118228,1.00256,-0.201503,-0.142328,0.0454041,-0.0161233,-0.180113,0.511882,-0.0941309,0.0856582,1.02176,-0.0160098,-0.0261464,1.44478,-0.144886,-0.356077,0.131777,-0.0124998,-0.025158,1.06923,-0.177321,-0.0122005,1.01029,-0.217255,-0.166775,1.22299,0.0154008
783,7.81381,0.0349581,1.44904,0.0239382,0.438257,0.235771,0.134286,-0.0437543,0.971594,0.178835,-0.103985,1.10747,0.276482,-0.260031,1.21431,0.0162985,0.488604,0.293652,0.0803834,0.100986,0.458057,0.165593,0.0845934,1.01771,0.045975,-0.0415652,1.44007,0.18968,0.402227,0.0725121,0.0636799,-0.177525,1.18742,0.0686374,-0.224308,1.13189,0.0676002,-0.189869,0.0977589,-0.0756744,-0.0517052,0.974508,-0.130426,0.146931,1.18978,-0.269501,-0.127946,0.999664,-0.199769,-0.127954,0.0477434,-0.0151974,-0.182323,0.505488,-0.0948793,0.0852578,1.01276,-0.017095,-0.0267297,1.43718,-0.147084,-0.347652,0.115918,-0.0114182,-0.0326082,1.06359,-0.176896,-0.0218487,1.00425,-0.216464,-0.166159,1.21614,0.0146383
784,7.82381,0.0355978,1.44192,0.02161,0.439268,0.239752,0.135164,-0.0441652,0.964726,0.178686,-0.0981059,1.10008,0.277797,-0.260028,1.1979,0.0176444,0.487029,0.299885,0.0812922,0.0933463,0.44873,0.165935,0.0850377,1.00883,0.044612,-0.040036,1.43287,0.188106,0.410033,0.0750292,0.0642908,-0.175969,1.1738,0.0694647,-0.221738,1.11754,0.070289,-0.17897,0.0958585,-0.0748473,-0.0521283,0.968316,-0.131839,0.140745,1.17701,-0.27225,-0.138327,0.996536,-0.197671,-0.113348,0.0507096,-0.0149448,-0.185805,0.499915,-0.096281,0.0859446,1.00365,-0.018432,-0.0273291,1.42899,-0.149584,-0.338704,0.101057,-0.0108585,-0.040634,1.05746,-0.176154,-0.0321526,0.997625,-0.215451,-0.165474,1.2092,0.0139411
785,7.8338,0.0369228,1.43516,0.0192984,0.43795,0.244308,0.136178,-0.0442087,0.957187,0.178943,-0.0912712,1.09222,0.278985,-0.260087,1.17984,0.0196935,0.483936,0.306101,0.0825246,0.0849932,0.439391,0.165581,0.0865542,0.999551,0.0434077,-0.0382089,1.42591,0.186979,0.413954,0.0791428,0.0649039,-0.174469,1.15904,0.0707958,-0.218823,1.10187,0.0736632,-0.16623,0.0948784,-0.0747375,-0.051221,0.962708,-0.133474,0.133955,1.16335,-0.275238,-0.149196,0.993281,-0.194949,-0.0973314,0.0535854,-0.0155453,-0.192,0.496854,-0.0981286,0.088151,0.994302,-0.0199719,-0.0279774,1.42037,-0.152495,-0.327519,0.0881479,-0.0104998,-0.0492849,1.05108,-0.175069,-0.043334,0.990708,-0.213931,-0.164771,1.20186,0.0130392
786,7.84379,0.0387328,1.42885,0.0167688,0.434107,0.249301,0.13708,-0.043465,0.949324,0.179485,-0.0832066,1.08418,0.280026,-0.260168,1.16035,0.022608,0.479264,0.312166,0.0841341,0.0753996,0.430454,0.164677,0.089389,0.989538,0.0431647,-0.0359853,1.41917,0.186708,0.413394,0.0843529,0.0650358,-0.172847,1.14347,0.0726904,-0.215481,1.08527,0.0778406,-0.151843,0.0942187,-0.0751372,-0.0494968,0.958086,-0.134876,0.126295,1.1489,-0.278241,-0.160629,0.990072,-0.1917,-0.0800597,0.0558759,-0.0164192,-0.199729,0.497243,-0.0996275,0.091656,0.984306,-0.0205015,-0.0285175,1.4117,-0.155804,-0.313404,0.0780134,-0.0104581,-0.0585239,1.04455,-0.173549,-0.0551802,0.98356,-0.211634,-0.163944,1.19339,0.012153
787,7.85378,0.0404186,1.42309,0.0137734,0.42803,0.254111,0.137662,-0.0417665,0.941591,0.180131,-0.0738291,1.07642,0.281344,-0.260107,1.13978,0.0266319,0.473426,0.317569,0.0855942,0.0638764,0.422471,0.163864,0.093206,0.978689,0.0449678,-0.0332126,1.41239,0.18715,0.409224,0.089587,0.0649669,-0.170796,1.12741,0.0751651,-0.211488,1.06822,0.0829498,-0.136087,0.0938118,-0.0752813,-0.0479656,0.955004,-0.135706,0.11753,1.13394,-0.281058,-0.17262,0.987137,-0.187887,-0.0621964,0.0571994,-0.0168241,-0.205975,0.498986,-0.100618,0.0958038,0.974368,-0.0185069,-0.0288155,1.40351,-0.159262,-0.297459,0.0705203,-0.0108466,-0.0683367,1.03806,-0.171457,-0.0676349,0.976507,-0.20887,-0.162842,1.18391,0.0117143
788,7.86377,0.0412073,1.41843,0.0104315,0.420092,0.258319,0.137893,-0.0393669,0.934352,0.180769,-0.0632986,1.06932,0.282545,-0.259533,1.11861,0.0320277,0.466445,0.321907,0.0864659,0.0504803,0.415896,0.163497,0.0972646,0.968103,0.0488467,-0.0306191,1.40594,0.187665,0.402084,0.0941157,0.0649299,-0.168119,1.11119,0.078205,-0.206571,1.05119,0.08908,-0.118843,0.0937031,-0.0748744,-0.0470507,0.953406,-0.136049,0.107468,1.11891,-0.283483,-0.185135,0.984765,-0.183394,-0.0435698,0.0579565,-0.0169582,-0.209158,0.497985,-0.102103,0.0997325,0.965736,-0.0149174,-0.0286206,1.39599,-0.162709,-0.280229,0.0658628,-0.0111784,-0.0787455,1.03196,-0.168742,-0.0808624,0.969578,-0.205513,-0.161453,1.17486,0.0119799
789,7.87377,0.0405603,1.41549,0.00745284,0.410508,0.261866,0.137835,-0.0368432,0.92796,0.181271,-0.0517393,1.06344,0.283646,-0.258058,1.09752,0.0389743,0.45793,0.325166,0.0866314,0.0360989,0.41019,0.163167,0.101061,0.959077,0.0532648,-0.0290757,1.40036,0.187517,0.392163,0.0977672,0.0652668,-0.164611,1.09516,0.081905,-0.200567,1.03455,0.0961969,-0.10024,0.0938273,-0.0742471,-0.0466612,0.952807,-0.136177,0.0961094,1.10442,-0.28538,-0.19821,0.983373,-0.177957,-0.0241823,0.0586554,-0.0172095,-0.209545,0.49287,-0.104486,0.10223,0.958575,-0.0119747,-0.0283764,1.38927,-0.16588,-0.261284,0.063551,-0.0110555,-0.0898151,1.02667,-0.165336,-0.0950026,0.964021,-0.200982,-0.159963,1.16765,0.0130965
790,7.88376,0.0387064,1.41399,0.00569291,0.399452,0.264719,0.137582,-0.0348222,0.922771,0.181606,-0.0392405,1.05916,0.284814,-0.255274,1.07719,0.0475343,0.447725,0.327407,0.0860718,0.0212583,0.404643,0.162458,0.104066,0.951856,0.0563079,-0.0283509,1.39589,0.186578,0.37967,0.100527,0.0662185,-0.159777,1.07974,0.0863264,-0.193289,1.0187,0.104142,-0.0813958,0.0940914,-0.0737647,-0.0465887,0.952701,-0.136318,0.0834211,1.09111,-0.286471,-0.2117,0.983339,-0.171451,-0.004505,0.0593267,-0.0174523,-0.207219,0.485717,-0.107305,0.103644,0.95349,-0.0102962,-0.0288141,1.38365,-0.168167,-0.242299,0.0620571,-0.0108194,-0.101592,1.02259,-0.160867,-0.109736,0.960042,-0.195418,-0.158554,1.1631,0.0152373
791,7.89375,0.0367264,1.41275,0.00535905,0.387068,0.266743,0.137101,-0.0334925,0.919163,0.181777,-0.0259168,1.0564,0.286261,-0.250664,1.0584,0.0576536,0.43612,0.32848,0.0847426,0.0060714,0.399631,0.161535,0.106027,0.946567,0.0566038,-0.0274427,1.39238,0.185397,0.364783,0.102381,0.0677179,-0.153646,1.06562,0.0916251,-0.184428,1.00424,0.112782,-0.0623947,0.0943372,-0.0734114,-0.0466753,0.952735,-0.136607,0.0697406,1.07957,-0.286592,-0.225413,0.985142,-0.163819,0.0150061,0.0598186,-0.0174073,-0.202036,0.478614,-0.109833,0.10451,0.95049,-0.0100194,-0.0301374,1.37927,-0.169074,-0.2232,0.0610824,-0.0108038,-0.113781,1.02022,-0.155601,-0.124922,0.957861,-0.189106,-0.157306,1.16092,0.0181106
792,7.90374,0.0361938,1.41107,0.00577248,0.37357,0.267771,0.13634,-0.0324628,0.917342,0.181643,-0.0119262,1.05502,0.288252,-0.244418,1.04178,0.0689882,0.423546,0.328157,0.0826871,-0.00926748,0.396067,0.160858,0.107435,0.943609,0.0547895,-0.0256414,1.38964,0.184359,0.34753,0.103337,0.0692979,-0.146441,1.05336,0.0978528,-0.174042,0.991546,0.121986,-0.0431855,0.0945469,-0.0731334,-0.0468069,0.952697,-0.137115,0.0556688,1.07008,-0.285781,-0.239034,0.98928,-0.155007,0.0346934,0.0602633,-0.0174212,-0.195077,0.471948,-0.111336,0.105801,0.949042,-0.0110469,-0.0320648,1.37606,-0.169347,-0.203753,0.0605011,-0.0108428,-0.126034,1.01994,-0.149543,-0.14075,0.957741,-0.182354,-0.156037,1.15994,0.0212794
793,7.91373,0.0380993,1.40903,0.00551692,0.35912,0.26773,0.135249,-0.0313963,0.917169,0.181155,0.00265174,1.05495,0.290468,-0.236728,1.02763,0.0810225,0.410302,0.326242,0.0800172,-0.024499,0.394332,0.160568,0.108635,0.942912,0.0524839,-0.0228091,1.38769,0.183452,0.328129,0.103338,0.0710057,-0.138363,1.04304,0.104811,-0.162416,0.980971,0.131571,-0.023961,0.0947556,-0.072888,-0.0468875,0.952473,-0.137865,0.0417297,1.06249,-0.28424,-0.252254,0.996102,-0.14517,0.0544662,0.0607748,-0.017501,-0.187667,0.465816,-0.111648,0.107379,0.948327,-0.0129962,-0.0334207,1.3739,-0.169904,-0.184159,0.06011,-0.0108593,-0.137943,1.02199,-0.142611,-0.156419,0.960124,-0.174676,-0.154256,1.15915,0.0244496
794,7.92373,0.041358,1.40688,0.00381002,0.343808,0.266535,0.133824,-0.0299697,0.91831,0.180319,0.0176388,1.05633,0.292793,-0.227868,1.01611,0.0933108,0.396585,0.322595,0.0769285,-0.0394327,0.39437,0.160556,0.109714,0.94373,0.0500847,-0.0191535,1.38663,0.182612,0.306777,0.102434,0.0727904,-0.129443,1.03496,0.1124,-0.149975,0.972796,0.141434,-0.00497862,0.0951733,-0.0728122,-0.0468355,0.95203,-0.138843,0.0281198,1.05665,-0.282147,-0.264527,1.00567,-0.134532,0.0739464,0.0614255,-0.017537,-0.179629,0.460996,-0.111647,0.10814,0.947532,-0.0154759,-0.0335872,1.37282,-0.170853,-0.164616,0.0597951,-0.0109164,-0.149111,1.02642,-0.134948,-0.171445,0.965071,-0.165974,-0.151731,1.15829,0.0273229
795,7.93372,0.044476,1.4053,0.000881735,0.327753,0.264193,0.132196,-0.0280342,0.920279,0.179415,0.032786,1.05937,0.295268,-0.218167,1.0072,0.105566,0.382508,0.317107,0.0736384,-0.0539755,0.39612,0.160778,0.110716,0.94536,0.0477288,-0.0150069,1.38649,0.181712,0.283575,0.100751,0.0744706,-0.119819,1.02942,0.120517,-0.137165,0.967191,0.151538,0.0138539,0.095808,-0.0729039,-0.0465875,0.951401,-0.140002,0.0147958,1.05255,-0.27962,-0.275561,1.01778,-0.123185,0.0935824,0.062201,-0.0177395,-0.170073,0.457911,-0.112273,0.108703,0.946971,-0.0179203,-0.0329168,1.3729,-0.171892,-0.14511,0.0595626,-0.0110045,-0.15946,1.03316,-0.126835,-0.185544,0.972424,-0.156356,-0.149627,1.15766,0.0294162
796,7.94371,0.0466257,1.40549,-0.00243263,0.31101,0.260617,0.130442,-0.0258468,0.922679,0.178645,0.0478945,1.06402,0.297488,-0.207872,1.0008,0.117621,0.368109,0.309709,0.0703075,-0.0680914,0.399485,0.161288,0.112065,0.947383,0.0458316,-0.010656,1.38732,0.180692,0.25863,0.098443,0.0759333,-0.10971,1.02613,0.128787,-0.124302,0.964087,0.161762,0.0328614,0.0964014,-0.0730264,-0.0461006,0.950676,-0.141272,0.00168631,1.05023,-0.276745,-0.285242,1.03208,-0.111252,0.1133,0.0627523,-0.0178517,-0.159302,0.45545,-0.113055,0.109892,0.94723,-0.0198812,-0.0324781,1.37407,-0.172726,-0.125498,0.0594394,-0.0110435,-0.169062,1.04201,-0.118608,-0.198524,0.981916,-0.146029,-0.148165,1.15796,0.0305023
797,7.9537,0.0474642,1.40791,-0.00496546,0.293565,0.255614,0.128364,-0.0236778,0.925395,0.178067,0.0629052,1.07005,0.299358,-0.197189,0.996698,0.129397,0.353329,0.300387,0.0670691,-0.0816354,0.404323,0.162109,0.113499,0.949583,0.0447706,-0.00625052,1.38913,0.179622,0.23208,0.0957512,0.0770951,-0.0993193,1.02481,0.13703,-0.111392,0.963185,0.171863,0.0520397,0.0970096,-0.073071,-0.0453525,0.949984,-0.142566,-0.0112218,1.0497,-0.273561,-0.293476,1.04805,-0.0989069,0.132866,0.063122,-0.0177122,-0.147435,0.45263,-0.113486,0.110961,0.948506,-0.0209746,-0.0329802,1.3764,-0.173158,-0.105727,0.0593402,-0.0110871,-0.177411,1.0526,-0.110141,-0.210243,0.993255,-0.135221,-0.146709,1.15972,0.0306216
798,7.96369,0.0471213,1.41159,-0.006153,0.275611,0.249384,0.126089,-0.0218073,0.928489,0.177657,0.077555,1.07727,0.301055,-0.186278,0.994726,0.140856,0.338022,0.289278,0.0641003,-0.0943963,0.410378,0.162994,0.114692,0.951805,0.0444646,-0.00179231,1.39187,0.178641,0.203956,0.0930163,0.0781763,-0.0887712,1.02528,0.14513,-0.098444,0.964184,0.181714,0.0712191,0.0978728,-0.0730554,-0.0443421,0.949479,-0.143788,-0.0238033,1.05095,-0.270077,-0.300168,1.06519,-0.0863498,0.152598,0.0637451,-0.0176125,-0.13397,0.450047,-0.113482,0.111501,0.950854,-0.021204,-0.0343632,1.3798,-0.173231,-0.0858529,0.0592676,-0.0111067,-0.184476,1.06456,-0.101554,-0.220641,1.00607,-0.124172,-0.145244,1.1629,0.0301199
799,7.97369,0.0465989,1.41561,-0.00636607,0.257202,0.242113,0.123943,-0.0203859,0.932213,0.177332,0.0917471,1.08557,0.302477,-0.175214,0.994632,0.151912,0.321869,0.276465,0.0614094,-0.10629,0.417407,0.163835,0.116152,0.954286,0.0445383,0.00281182,1.39541,0.177759,0.17442,0.0904766,0.0792316,-0.0781669,1.02728,0.152936,-0.0855864,0.966803,0.191191,0.0904992,0.0988588,-0.0730213,-0.0430891,0.949325,-0.144845,-0.0361048,1.05394,-0.266345,-0.305334,1.08307,-0.0737584,0.172591,0.0647035,-0.0176348,-0.118785,0.448763,-0.113027,0.112248,0.9543,-0.0209462,-0.036235,1.38414,-0.173041,-0.0661081,0.0592233,-0.0112384,-0.190395,1.07754,-0.0929511,-0.229674,1.02002,-0.113139,-0.143798,1.16706,0.0294558
800,7.98368,0.0465923,1.41965,-0.00637767,0.238015,0.233715,0.122284,-0.019344,0.936705,0.176977,0.105462,1.09482,0.303522,-0.164172,0.996189,0.162591,0.304674,0.262261,0.0588526,-0.117308,0.425186,0.164683,0.117125,0.957034,0.0447501,0.00758045,1.39965,0.176856,0.143923,0.0880109,0.0803784,-0.0676448,1.03055,0.160335,-0.0728821,0.970865,0.200046,0.109748,0.100091,-0.0730161,-0.0416357,0.949681,-0.145653,-0.048,1.05848,-0.262268,-0.309026,1.10132,-0.0612716,0.192645,0.0661387,-0.0177676,-0.102747,0.448702,-0.112113,0.113159,0.958474,-0.0205567,-0.0384427,1.38935,-0.172606,-0.0463143,0.0592125,-0.0113296,-0.19519,1.09113,-0.0844679,-0.23736,1.03471,-0.102331,-0.142254,1.17168,0.0292028
801,7.99367,0.047609,1.42398,-0.0069739,0.217892,0.224151,0.120842,-0.0186141,0.941949,0.176548,0.118683,1.10482,0.304122,-0.153296,0.999121,0.172837,0.286119,0.246846,0.0564253,-0.127283,0.433457,0.165678,0.117865,0.960422,0.0449296,0.0123982,1.40447,0.175851,0.112715,0.0855861,0.0816677,-0.0573276,1.03488,0.167274,-0.060421,0.976037,0.208181,0.128666,0.101884,-0.073109,-0.0400464,0.950688,-0.146142,-0.0592426,1.06434,-0.258218,-0.311347,1.11957,-0.0490399,0.212039,0.0684942,-0.0179431,-0.0867634,0.449244,-0.110846,0.11398,0.963058,-0.0202867,-0.0409381,1.39533,-0.171878,-0.0264969,0.0592269,-0.0113896,-0.198909,1.10494,-0.0761824,-0.243759,1.0498,-0.0918166,-0.140693,1.17668,0.0297649
802,8.00366,0.0492173,1.42843,-0.00828238,0.196764,0.213574,0.119599,-0.0182057,0.94784,0.176064,0.131382,1.11535,0.304245,-0.142722,1.0032,0.18257,0.266017,0.230404,0.0541539,-0.136141,0.442032,0.166745,0.118448,0.964651,0.0449685,0.0172061,1.40973,0.174744,0.0808949,0.083466,0.0831787,-0.0473384,1.04016,0.17365,-0.0484107,0.982026,0.215631,0.146999,0.10457,-0.0734069,-0.038407,0.952451,-0.146271,-0.069854,1.07122,-0.254287,-0.312397,1.13744,-0.0371443,0.230796,0.0723968,-0.0182992,-0.0709687,0.450482,-0.109297,0.114583,0.968031,-0.0202412,-0.0435247,1.40186,-0.170762,-0.00671815,0.0591993,-0.0114661,-0.201606,1.11872,-0.0681757,-0.24888,1.06493,-0.0815837,-0.139376,1.18219,0.0314619
803,8.01366,0.0507509,1.43299,-0.00992231,0.174857,0.202381,0.118663,-0.0180101,0.95427,0.175596,0.143518,1.12612,0.303888,-0.13252,1.00819,0.191733,0.244331,0.213186,0.0521554,-0.143876,0.450758,0.167833,0.118851,0.969864,0.0448392,0.0218764,1.41534,0.173585,0.0485279,0.0820746,0.0853872,-0.0378259,1.04617,0.179319,-0.0368585,0.988657,0.22252,0.164554,0.108197,-0.0739325,-0.0368245,0.95503,-0.146029,-0.0799264,1.07886,-0.250479,-0.31235,1.15461,-0.0256277,0.248972,0.0778246,-0.0187906,-0.0555015,0.453056,-0.10762,0.114915,0.97341,-0.0203985,-0.0459817,1.40883,-0.169299,0.0130887,0.0591149,-0.0115633,-0.203389,1.1323,-0.0605288,-0.252786,1.07977,-0.0716803,-0.1384,1.18823,0.0344392
804,8.02365,0.0518734,1.43796,-0.0114052,0.151861,0.190944,0.118178,-0.0178849,0.96117,0.17516,0.155074,1.13697,0.303085,-0.122592,1.0137,0.20036,0.221087,0.19566,0.0507524,-0.150507,0.459435,0.16884,0.119003,0.975968,0.0446283,0.0259918,1.42114,0.172448,0.0162015,0.0807094,0.0873139,-0.0288811,1.05268,0.18467,-0.0256251,0.995907,0.229001,0.180971,0.112687,-0.0745562,-0.0354313,0.958419,-0.145446,-0.0894249,1.08701,-0.246841,-0.311313,1.17084,-0.0144767,0.266422,0.084671,-0.0192637,-0.040809,0.457052,-0.106053,0.114936,0.979168,-0.0206584,-0.0481781,1.41606,-0.167522,0.0331112,0.0590243,-0.0116777,-0.204369,1.14548,-0.0532355,-0.255557,1.09402,-0.0621259,-0.137582,1.19463,0.0384851
805,8.03364,0.05248,1.44349,-0.012348,0.12732,0.179812,0.118469,-0.0179128,0.968261,0.174831,0.166058,1.14777,0.301916,-0.112991,1.01954,0.208545,0.196793,0.178768,0.0508686,-0.15598,0.467917,0.169694,0.118862,0.982681,0.0443832,0.0294995,1.42703,0.171459,-0.0162101,0.0798508,0.0884882,-0.0204082,1.05971,0.189747,-0.0150058,1.00362,0.234573,0.196272,0.11756,-0.0753043,-0.0344004,0.962522,-0.144617,-0.0981501,1.09546,-0.243616,-0.309365,1.18589,-0.00369343,0.282989,0.0927258,-0.0196878,-0.0274245,0.461751,-0.104862,0.114645,0.985226,-0.0208554,-0.050153,1.42337,-0.165464,0.0534866,0.058853,-0.0117369,-0.204598,1.15805,-0.046418,-0.257317,1.10748,-0.0529739,-0.136792,1.20118,0.0431997
806,8.04363,0.0526504,1.44938,-0.0125885,0.101115,0.169385,0.119908,-0.0182967,0.97521,0.174522,0.176429,1.15838,0.30043,-0.103921,1.02567,0.216261,0.171888,0.162977,0.053333,-0.160299,0.476104,0.170441,0.118484,0.989738,0.0441182,0.0324761,1.43297,0.170717,-0.0483495,0.0794567,0.0883746,-0.0124411,1.06703,0.194477,-0.00487417,1.01129,0.239351,0.210719,0.122826,-0.0761721,-0.0339372,0.967149,-0.143698,-0.106187,1.10405,-0.240638,-0.306631,1.19963,0.00672361,0.298919,0.101953,-0.0201831,-0.0148606,0.466689,-0.104016,0.114067,0.99145,-0.0209206,-0.0519759,1.43066,-0.163162,0.0740488,0.0584176,-0.0116087,-0.204097,1.16989,-0.0400131,-0.257888,1.12005,-0.0441546,-0.136043,1.20778,0.0481732
807,8.05362,0.0525999,1.4553,-0.0122234,0.0746096,0.158911,0.122364,-0.0180375,0.982349,0.174316,0.185984,1.16862,0.298493,-0.0953715,1.03193,0.223446,0.145853,0.146946,0.0567218,-0.163473,0.483831,0.170973,0.117963,0.996994,0.0439412,0.0350427,1.43887,0.170327,-0.0803958,0.0799421,0.0886309,-0.00499381,1.07442,0.198834,0.00468307,1.01883,0.243456,0.22496,0.128846,-0.0769175,-0.0341583,0.972065,-0.142839,-0.113463,1.11269,-0.237812,-0.303224,1.21192,0.0167305,0.314289,0.111459,-0.0208407,-0.00266026,0.472004,-0.103436,0.113287,0.997743,-0.0208238,-0.0536158,1.43787,-0.160681,0.09458,0.0578645,-0.0116802,-0.203012,1.18089,-0.0340166,-0.257479,1.13158,-0.0358584,-0.13533,1.2144,0.0529488
808,8.06362,0.0525541,1.461,-0.0113942,0.0486393,0.14835,0.12537,-0.0170164,0.989739,0.173963,0.194661,1.17838,0.296153,-0.0873301,1.03815,0.23012,0.118852,0.130847,0.0600448,-0.16557,0.490963,0.171031,0.117428,1.00438,0.0439089,0.0371736,1.44465,0.170307,-0.112086,0.0826711,0.0903534,0.00190584,1.08169,0.202761,0.01364,1.02621,0.246925,0.238356,0.135,-0.0774977,-0.0348938,0.977111,-0.142043,-0.119839,1.12121,-0.235202,-0.299247,1.22266,0.0262967,0.328415,0.121401,-0.0211979,0.00898329,0.477784,-0.103115,0.112405,1.00396,-0.0205584,-0.0549615,1.44487,-0.158192,0.114645,0.0574407,-0.0121503,-0.201666,1.1908,-0.0286732,-0.256397,1.14188,-0.0282683,-0.134665,1.22103,0.0569794
809,8.07361,0.0525631,1.46631,-0.0102643,0.0227766,0.138274,0.128624,-0.0167116,0.996414,0.17374,0.202472,1.18756,0.293579,-0.0799139,1.0442,0.236228,0.0912485,0.115662,0.063175,-0.166678,0.497398,0.170581,0.116828,1.01175,0.0440276,0.0389042,1.45021,0.170614,-0.142967,0.0871693,0.0926042,0.0082057,1.08871,0.206136,0.0218566,1.03333,0.249752,0.250743,0.141453,-0.0778734,-0.0357379,0.982197,-0.141169,-0.125258,1.12944,-0.23287,-0.294787,1.23177,0.0353799,0.341536,0.132231,-0.0212229,0.0199248,0.483738,-0.102936,0.111572,1.00994,-0.0201247,-0.0561626,1.45156,-0.155621,0.134318,0.0569774,-0.0124957,-0.199789,1.19952,-0.0238158,-0.254746,1.15089,-0.0214238,-0.134085,1.22774,0.0598954
810,8.0836,0.0525967,1.47112,-0.00900949,-0.00330871,0.129414,0.13175,-0.0170479,1.00224,0.17365,0.209457,1.19608,0.291041,-0.0732268,1.05004,0.241686,0.0631636,0.101497,0.0661519,-0.16667,0.502884,0.169978,0.115321,1.01867,0.0443354,0.0403416,1.4555,0.171146,-0.172473,0.0925941,0.0943531,0.0136342,1.09537,0.208888,0.0290943,1.04,0.2522,0.262349,0.147963,-0.0780474,-0.0366322,0.987051,-0.14027,-0.129749,1.13723,-0.230844,-0.289838,1.23915,0.0439349,0.353374,0.143249,-0.021056,0.0299668,0.489508,-0.102858,0.110497,1.01561,-0.0194609,-0.0572642,1.45784,-0.152952,0.153539,0.0566086,-0.0126931,-0.197416,1.20701,-0.0193692,-0.252614,1.15854,-0.0153214,-0.133767,1.23411,0.061479
811,8.09359,0.0526401,1.47542,-0.00778741,-0.029425,0.122236,0.134648,-0.0176761,1.00727,0.173545,0.21564,1.20372,0.2885,-0.0674217,1.05557,0.246405,0.0355769,0.0891805,0.0697732,-0.165502,0.507208,0.169594,0.113285,1.02501,0.0448072,0.0415741,1.46039,0.171772,-0.200311,0.098487,0.0951267,0.0183086,1.10156,0.211633,0.0353455,1.04618,0.254244,0.273403,0.154647,-0.0781263,-0.0375702,0.991518,-0.139373,-0.133356,1.14437,-0.22911,-0.284581,1.24483,0.0519362,0.364082,0.154386,-0.0207538,0.0389305,0.494997,-0.102818,0.109088,1.02088,-0.0185217,-0.058241,1.46355,-0.150221,0.17183,0.0564769,-0.0128251,-0.19487,1.21312,-0.0154781,-0.250087,1.16477,-0.00993253,-0.133764,1.23975,0.0618944
812,8.10358,0.0528038,1.47932,-0.00657984,-0.054824,0.116778,0.137361,-0.0182114,1.01155,0.173504,0.220992,1.21027,0.285985,-0.0625697,1.06073,0.250356,0.00891702,0.0787899,0.0739338,-0.163297,0.510356,0.1694,0.111289,1.03042,0.0453668,0.0426232,1.46476,0.172446,-0.226163,0.104959,0.0950981,0.0223255,1.10715,0.213936,0.0406004,1.05175,0.255887,0.283849,0.161415,-0.0781958,-0.0385378,0.995568,-0.138488,-0.136142,1.1507,-0.227661,-0.279156,1.24881,0.0593726,0.373934,0.165987,-0.0207029,0.0465988,0.500163,-0.10273,0.107583,1.02559,-0.0174209,-0.0590928,1.46856,-0.147477,0.189367,0.0567446,-0.0129405,-0.191954,1.21787,-0.0118571,-0.247281,1.16952,-0.00520134,-0.133858,1.24472,0.0618794
813,8.11358,0.0529352,1.48265,-0.00541699,-0.078664,0.112778,0.139973,-0.0193606,1.01488,0.173868,0.225564,1.21559,0.283618,-0.0586625,1.06547,0.25366,-0.0162226,0.0702542,0.0780521,-0.16013,0.512262,0.169151,0.109747,1.03447,0.0459636,0.0435233,1.46844,0.173119,-0.249631,0.112142,0.0947705,0.0256149,1.11207,0.215765,0.0448659,1.05654,0.257054,0.293648,0.168115,-0.0783378,-0.0394427,0.999149,-0.137574,-0.138166,1.15603,-0.226494,-0.273654,1.25106,0.0661973,0.3829,0.177709,-0.0207213,0.0527474,0.504751,-0.102634,0.106079,1.02965,-0.0162785,-0.0597961,1.47275,-0.144763,0.206371,0.0574722,-0.0129974,-0.188748,1.22117,-0.00850216,-0.24425,1.17274,-0.0010829,-0.133867,1.24908,0.0619591
814,8.12357,0.0531147,1.48541,-0.00421706,-0.10033,0.110057,0.142511,-0.0204656,1.0174,0.174345,0.229428,1.21961,0.281566,-0.0556561,1.06974,0.256479,-0.0394864,0.0636178,0.0817745,-0.156625,0.512972,0.168471,0.108671,1.03725,0.0466899,0.0442481,1.47134,0.173797,-0.270338,0.11983,0.0944979,0.0281114,1.11627,0.217252,0.0481789,1.06041,0.257755,0.302941,0.174632,-0.078615,-0.040242,1.00215,-0.136575,-0.139509,1.16024,-0.225618,-0.268038,1.25144,0.0722807,0.391027,0.189296,-0.0207123,0.05726,0.508389,-0.10264,0.104599,1.03301,-0.0151645,-0.0603197,1.47607,-0.142117,0.22299,0.0584598,-0.0130085,-0.185718,1.22289,-0.00579801,-0.241025,1.17437,0.00238609,-0.133897,1.25298,0.0623847
815,8.13356,0.0532639,1.48745,-0.00296706,-0.119473,0.108446,0.144736,-0.0215359,1.01903,0.174908,0.232607,1.22225,0.279842,-0.053503,1.07348,0.258844,-0.060352,0.0586225,0.0849538,-0.153218,0.512847,0.167451,0.107816,1.03928,0.047559,0.044824,1.47336,0.17452,-0.287963,0.127454,0.0941823,0.0298449,1.11966,0.218493,0.0503764,1.06358,0.258426,0.311849,0.180815,-0.0790271,-0.0409724,1.00445,-0.135482,-0.140211,1.16327,-0.225038,-0.262551,1.24994,0.0776518,0.398443,0.20066,-0.0208218,0.0601452,0.51086,-0.102881,0.10314,1.03559,-0.0140445,-0.0606227,1.47849,-0.139579,0.239151,0.0596991,-0.0129511,-0.18368,1.22367,-0.00371898,-0.237669,1.17437,0.0052527,-0.134312,1.25648,0.0629788
816,8.14355,0.0533799,1.48869,-0.00164353,-0.135944,0.10752,0.146124,-0.0228426,1.01966,0.175674,0.235052,1.22349,0.27844,-0.0524457,1.07649,0.260364,-0.0780194,0.0551099,0.0874257,-0.150228,0.512243,0.166572,0.106916,1.04076,0.0485564,0.0453061,1.47445,0.175326,-0.30234,0.134334,0.0935106,0.0308392,1.12218,0.219473,0.0515097,1.06594,0.259012,0.320357,0.186745,-0.0795786,-0.0416662,1.00596,-0.134339,-0.140277,1.1651,-0.224756,-0.257342,1.24658,0.0823551,0.405168,0.211787,-0.0211879,0.0616912,0.512105,-0.103417,0.101791,1.0374,-0.0129193,-0.0606927,1.47998,-0.137218,0.254751,0.0612498,-0.0128553,-0.181598,1.22314,-0.00210711,-0.234245,1.17271,0.00752191,-0.134632,1.25903,0.0642113
817,8.15354,0.0535367,1.48912,-0.000143353,-0.149427,0.106703,0.146456,-0.0239062,1.01931,0.176529,0.23675,1.22333,0.277413,-0.0523136,1.07873,0.261763,-0.092093,0.0524291,0.0891227,-0.148093,0.511415,0.165752,0.105902,1.04145,0.049731,0.0457702,1.47455,0.176282,-0.313392,0.139916,0.0923254,0.0310764,1.12378,0.220151,0.0516288,1.0673,0.259349,0.328461,0.192519,-0.0803552,-0.0423349,1.00661,-0.133156,-0.139705,1.16579,-0.224726,-0.252383,1.24138,0.0864337,0.411179,0.222737,-0.0217629,0.062129,0.512091,-0.104134,0.100669,1.03838,-0.0117443,-0.0605383,1.48057,-0.13512,0.269817,0.0630942,-0.0128161,-0.177001,1.21948,6.40076e-05,-0.230785,1.1694,0.00916722,-0.134825,1.26063,0.0661612
818,8.16354,0.0537614,1.48866,0.00152221,-0.158987,0.105895,0.146576,-0.0246464,1.01798,0.177465,0.237676,1.22176,0.276802,-0.053051,1.08009,0.262733,-0.102114,0.0501686,0.0900595,-0.146755,0.510326,0.164898,0.104983,1.04112,0.0511008,0.0461901,1.47361,0.177457,-0.32098,0.143641,0.0904911,0.0305665,1.12444,0.220571,0.0507772,1.0676,0.259355,0.33619,0.19819,-0.0813263,-0.0429889,1.00637,-0.131923,-0.138614,1.16542,-0.224839,-0.247881,1.23429,0.0898055,0.416471,0.233554,-0.0226483,0.0614847,0.510723,-0.104899,0.0997985,1.03849,-0.0105105,-0.060198,1.48026,-0.133337,0.284323,0.0651612,-0.0129013,-0.173573,1.21465,0.00177636,-0.227331,1.16442,0.0102015,-0.135068,1.26112,0.0685601
819,8.17353,0.0540213,1.48726,0.00331864,-0.164692,0.104639,0.146211,-0.0253406,1.01565,0.178567,0.23781,1.21878,0.276651,-0.0547896,1.08042,0.262768,-0.107673,0.0486341,0.0902323,-0.146249,0.508808,0.164256,0.104341,1.03979,0.0525762,0.0465487,1.47159,0.178936,-0.325203,0.144827,0.0880527,0.0292853,1.12414,0.220758,0.0488991,1.06684,0.258946,0.343447,0.20378,-0.082536,-0.0435671,1.0052,-0.130637,-0.13687,1.16402,-0.225159,-0.243929,1.2253,0.0924144,0.420845,0.244221,-0.0238219,0.059714,0.508058,-0.105651,0.0991705,1.03781,-0.00926787,-0.059706,1.47906,-0.131845,0.298252,0.0673806,-0.0131904,-0.17111,1.20887,0.00264167,-0.223892,1.15779,0.0106197,-0.135412,1.26016,0.0709835
820,8.18352,0.0543212,1.48488,0.0052398,-0.166314,0.102843,0.145284,-0.0257314,1.01239,0.17975,0.237153,1.21435,0.276921,-0.0572981,1.07984,0.262366,-0.108229,0.0485281,0.0898369,-0.146526,0.506759,0.163807,0.104028,1.03748,0.0541081,0.0468732,1.46843,0.180736,-0.326163,0.142676,0.0849445,0.0272029,1.12302,0.220692,0.0459462,1.0649,0.257865,0.350028,0.20922,-0.0839915,-0.0440627,1.00307,-0.129329,-0.134322,1.16161,-0.225764,-0.240612,1.21443,0.0942246,0.423837,0.254565,-0.0252197,0.056772,0.504306,-0.106373,0.0986612,1.03643,-0.00799996,-0.059181,1.47693,-0.130595,0.311473,0.0699497,-0.0136155,-0.168917,1.20175,0.00291716,-0.220431,1.14953,0.010352,-0.135858,1.25748,0.0731435
821,8.19351,0.0546271,1.48148,0.00725586,-0.163332,0.100217,0.143784,-0.0259101,1.00821,0.181007,0.235719,1.20845,0.277603,-0.0606454,1.07842,0.261706,-0.103466,0.0496228,0.0890838,-0.147553,0.503917,0.163344,0.104061,1.03413,0.0556598,0.0471688,1.46414,0.182837,-0.323372,0.136537,0.0809886,0.0243312,1.12112,0.220377,0.0422873,1.06187,0.256731,0.355707,0.21423,-0.0856117,-0.0444724,0.999988,-0.127988,-0.131039,1.1582,-0.226559,-0.237915,1.20173,0.0952039,0.424977,0.264574,-0.0269761,0.0526351,0.499596,-0.106987,0.0981181,1.03417,-0.00668663,-0.0587562,1.47387,-0.12946,0.323856,0.0726938,-0.0143392,-0.166556,1.19292,0.00306556,-0.216979,1.13965,0.00939264,-0.13632,1.2531,0.0749274
822,8.2035,0.0549389,1.47709,0.00936695,-0.155581,0.0968786,0.142126,-0.0259302,1.00324,0.182319,0.233565,1.20109,0.278703,-0.0648363,1.07626,0.26051,-0.0933645,0.0513987,0.0882287,-0.149051,0.499986,0.162894,0.104403,1.02967,0.057162,0.0473751,1.45873,0.185183,-0.315994,0.125932,0.0760697,0.0208333,1.11814,0.219825,0.0378329,1.05823,0.255675,0.36032,0.218835,-0.0872639,-0.0446946,0.996008,-0.12664,-0.127049,1.15385,-0.227502,-0.235553,1.18733,0.0953906,0.424241,0.274146,-0.0292469,0.0473273,0.493908,-0.107443,0.0975627,1.03085,-0.00537313,-0.0585233,1.46981,-0.128312,0.335133,0.0751791,-0.0154755,-0.164063,1.1825,0.00288325,-0.213511,1.1282,0.00774419,-0.136645,1.24722,0.076301
823,8.2135,0.0551985,1.47172,0.0115182,-0.143162,0.09395,0.140796,-0.0252364,0.998018,0.183688,0.230701,1.19229,0.280195,-0.0698319,1.07345,0.258726,-0.0788564,0.0532227,0.0876446,-0.150709,0.49504,0.162388,0.105009,1.02411,0.058504,0.0475299,1.45224,0.187699,-0.304455,0.11164,0.0707284,0.0167885,1.11419,0.21905,0.0325664,1.05397,0.254626,0.363614,0.223021,-0.0891379,-0.0447042,0.99115,-0.125351,-0.122394,1.1486,-0.228584,-0.23357,1.17124,0.0947186,0.422074,0.28285,-0.0317038,0.0409666,0.487282,-0.107791,0.0971958,1.02639,-0.00409946,-0.0585008,1.46475,-0.127055,0.34464,0.0764182,-0.0168577,-0.161513,1.17068,0.00218621,-0.209969,1.11525,0.00538199,-0.136761,1.24033,0.0772798
824,8.22349,0.0553675,1.46541,0.0136629,-0.129037,0.0912524,0.139568,-0.0237503,0.992491,0.185173,0.227104,1.18214,0.282027,-0.0755775,1.07012,0.256455,-0.0622368,0.0548232,0.0873417,-0.152555,0.489339,0.161728,0.105927,1.0176,0.0596018,0.0476429,1.44477,0.190311,-0.291295,0.0966381,0.0662273,0.0122271,1.10943,0.218114,0.0263697,1.04875,0.253147,0.365744,0.22693,-0.0911597,-0.0445372,0.985416,-0.124215,-0.117067,1.1425,-0.229812,-0.232143,1.1535,0.0930954,0.418997,0.290519,-0.0339731,0.0336661,0.479842,-0.108009,0.097193,1.02075,-0.00289602,-0.0586249,1.45876,-0.125639,0.352366,0.0754106,-0.0187934,-0.15929,1.15761,0.000995678,-0.206309,1.10091,0.00228361,-0.13671,1.23308,0.0779799
825,8.23348,0.0555118,1.45832,0.0158314,-0.114238,0.0897236,0.138473,-0.0221868,0.986524,0.186752,0.222756,1.17072,0.284168,-0.0820284,1.0663,0.253701,-0.0450625,0.0565527,0.0870968,-0.155278,0.483368,0.161349,0.107434,1.01033,0.0605188,0.0476308,1.43651,0.192987,-0.277944,0.0839789,0.0637931,0.0072417,1.10393,0.216988,0.0193411,1.04266,0.251262,0.36695,0.230544,-0.0931465,-0.0442125,0.978833,-0.12343,-0.111074,1.13565,-0.231142,-0.230932,1.13426,0.0905723,0.415442,0.296948,-0.0358817,0.0256709,0.471802,-0.107822,0.0978699,1.01389,-0.0018541,-0.0588313,1.45209,-0.124135,0.359323,0.0727176,-0.0214793,-0.157383,1.14335,-0.000658701,-0.202506,1.08528,-0.0015517,-0.136474,1.22566,0.0784783
826,8.24347,0.0559798,1.45105,0.0181203,-0.098369,0.0894788,0.138247,-0.0206151,0.980143,0.188335,0.217598,1.15816,0.286522,-0.0890947,1.06196,0.250341,-0.0272735,0.0582742,0.087329,-0.159522,0.47834,0.161679,0.109776,1.00236,0.0613711,0.0474254,1.42784,0.195791,-0.263364,0.0751246,0.0637947,0.00167243,1.09775,0.215496,0.0115871,1.03604,0.24908,0.367059,0.233717,-0.0949069,-0.0435908,0.971537,-0.1231,-0.104441,1.12818,-0.232594,-0.230065,1.1136,0.0870346,0.411837,0.301962,-0.0373759,0.0171835,0.46347,-0.106927,0.0996224,1.00579,-0.0011901,-0.0590524,1.44509,-0.122754,0.365537,0.0713428,-0.0239433,-0.155642,1.12797,-0.00276175,-0.198559,1.06858,-0.00608908,-0.136018,1.21794,0.0788425
827,8.25347,0.0570611,1.44445,0.0205969,-0.0812811,0.0899278,0.138778,-0.0180797,0.973704,0.189774,0.211544,1.14462,0.288974,-0.096768,1.05723,0.246548,-0.00871179,0.0596579,0.0882139,-0.165021,0.475548,0.162606,0.112818,0.993517,0.0619609,0.0470992,1.41924,0.198813,-0.246577,0.0702927,0.064766,-0.00467423,1.09108,0.213478,0.00317951,1.02887,0.246383,0.365652,0.236916,-0.0964345,-0.0424823,0.963715,-0.123166,-0.0971627,1.1202,-0.23416,-0.229401,1.09163,0.0823204,0.408499,0.306338,-0.0387439,0.00795363,0.455081,-0.105076,0.10266,0.996454,-0.00117239,-0.0591309,1.43805,-0.121773,0.368339,0.0737398,-0.0256735,-0.153963,1.11149,-0.00550136,-0.194404,1.05106,-0.0113686,-0.135337,1.20968,0.0790795
828,8.26346,0.0584219,1.43865,0.023046,-0.0634001,0.0905613,0.138789,-0.0147061,0.96765,0.191114,0.204498,1.13037,0.291481,-0.104997,1.05217,0.242189,0.0100455,0.0604382,0.0889069,-0.169882,0.474342,0.164232,0.11623,0.983835,0.0614578,0.0469525,1.41087,0.20215,-0.228371,0.0683554,0.0658656,-0.0115152,1.0841,0.21116,-0.00591149,1.02126,0.243068,0.362062,0.240978,-0.0975892,-0.0407369,0.955628,-0.123568,-0.0891558,1.11193,-0.235661,-0.228513,1.06869,0.0762382,0.405224,0.311043,-0.0403741,-0.00220902,0.447101,-0.102792,0.106608,0.985945,-0.00220501,-0.0587715,1.43114,-0.121378,0.365762,0.0789583,-0.0267321,-0.15199,1.09431,-0.0088571,-0.189939,1.03289,-0.0176555,-0.13448,1.20073,0.0791876
829,8.27345,0.0593582,1.43322,0.0253066,-0.0452731,0.0910436,0.138209,-0.0109853,0.962171,0.192021,0.196345,1.11572,0.294004,-0.113767,1.04708,0.237369,0.0291738,0.0612912,0.0892845,-0.171916,0.472334,0.167007,0.119844,0.974089,0.0588631,0.0471715,1.40264,0.205838,-0.21009,0.0667918,0.0661623,-0.0190246,1.07707,0.208466,-0.0157083,1.0135,0.239124,0.356286,0.245511,-0.0981572,-0.0383101,0.947629,-0.124165,-0.0803931,1.10383,-0.236854,-0.227677,1.04525,0.068568,0.401857,0.315576,-0.0420583,-0.0132099,0.440191,-0.100948,0.11074,0.974554,-0.00493483,-0.0578505,1.42436,-0.121457,0.358637,0.0848766,-0.0270602,-0.149485,1.0768,-0.012872,-0.185031,1.01453,-0.0250659,-0.133407,1.19113,0.0791826
830,8.28344,0.0593679,1.42804,0.02737,-0.0269974,0.0912387,0.137078,-0.00734396,0.957422,0.192679,0.186944,1.10098,0.296321,-0.123014,1.0422,0.231897,0.0482098,0.0618856,0.0890604,-0.1703,0.467829,0.17062,0.123431,0.965146,0.0545341,0.0474476,1.39466,0.209815,-0.191572,0.0654078,0.0660874,-0.0271752,1.07008,0.204928,-0.0262056,1.00597,0.234594,0.348892,0.249762,-0.0983057,-0.0354809,0.940118,-0.124798,-0.0709462,1.09642,-0.237715,-0.226729,1.02209,0.0591428,0.398073,0.319039,-0.0433947,-0.0248373,0.434678,-0.0997723,0.114544,0.963135,-0.0092184,-0.056659,1.41769,-0.121645,0.348627,0.0900903,-0.0269009,-0.146396,1.05938,-0.017538,-0.179517,0.99648,-0.0335469,-0.131991,1.18131,0.0791245
831,8.29343,0.058573,1.42341,0.0293754,-0.00837073,0.0914963,0.136109,-0.00396816,0.953342,0.193377,0.176327,1.0866,0.298358,-0.13276,1.03798,0.225778,0.0671889,0.0623156,0.0884198,-0.165968,0.461138,0.173848,0.126593,0.957321,0.0506053,0.0471055,1.38736,0.213669,-0.172696,0.0642804,0.0660383,-0.0357559,1.06371,0.200974,-0.0373171,0.999085,0.229569,0.340204,0.253179,-0.0982461,-0.0328047,0.933488,-0.125346,-0.060747,1.09001,-0.238552,-0.225196,1.00027,0.0480414,0.393101,0.321132,-0.0442443,-0.0368065,0.430167,-0.0987937,0.118004,0.95308,-0.0132024,-0.0556134,1.41121,-0.121558,0.336894,0.0938103,-0.0270369,-0.142713,1.04248,-0.0228159,-0.173298,0.979233,-0.0429682,-0.130092,1.17207,0.0790299
832,8.30343,0.0578364,1.41979,0.0315802,0.010504,0.0918734,0.135676,-0.000957551,0.949687,0.194119,0.164541,1.07308,0.299957,-0.142909,1.0348,0.218803,0.0866561,0.0631007,0.088208,-0.159945,0.45366,0.176007,0.129199,0.951128,0.0490336,0.0457085,1.38106,0.216775,-0.153547,0.0634914,0.0658436,-0.0448297,1.05822,0.196702,-0.0489771,0.993256,0.224051,0.330342,0.255466,-0.0980353,-0.0310441,0.928114,-0.12579,-0.0498833,1.08469,-0.239492,-0.223115,0.980648,0.0353439,0.38634,0.321911,-0.0445338,-0.0487682,0.426312,-0.0977833,0.121128,0.945707,-0.0149411,-0.0546883,1.40518,-0.121154,0.323305,0.0961977,-0.0275728,-0.137975,1.02655,-0.0288368,-0.166291,0.963492,-0.0530552,-0.127681,1.16445,0.0787832
833,8.31342,0.0579272,1.41689,0.0340177,0.0295416,0.0922689,0.135548,0.00143128,0.946325,0.194649,0.151702,1.06075,0.301041,-0.153394,1.03317,0.211036,0.106507,0.0642395,0.0885299,-0.152257,0.446506,0.177328,0.131616,0.94697,0.0496655,0.0433657,1.3758,0.218813,-0.134185,0.0632029,0.0654702,-0.05424,1.05403,0.191897,-0.0612244,0.988702,0.217954,0.319464,0.256648,-0.0976631,-0.0302062,0.924377,-0.126081,-0.0382337,1.08047,-0.240866,-0.220271,0.963869,0.0214442,0.377863,0.321392,-0.044103,-0.0606086,0.423508,-0.0968685,0.123819,0.941569,-0.0144079,-0.0534041,1.3999,-0.120729,0.308056,0.0974302,-0.0287216,-0.131419,1.01213,-0.0357623,-0.158509,0.949882,-0.0636903,-0.124988,1.15914,0.0782297
834,8.32341,0.0590168,1.41396,0.0361705,0.0486817,0.0927067,0.13541,0.00313485,0.943259,0.195194,0.138093,1.04978,0.301717,-0.163975,1.03339,0.202404,0.12589,0.0645895,0.0884041,-0.143075,0.440304,0.177876,0.13374,0.944556,0.0512431,0.0410449,1.37162,0.220263,-0.114721,0.0630859,0.0651806,-0.0637906,1.05162,0.186362,-0.0736513,0.986036,0.211308,0.3078,0.256872,-0.0970695,-0.0286649,0.922312,-0.125714,-0.0256536,1.07737,-0.242771,-0.216294,0.950181,0.00696839,0.368226,0.319441,-0.0428567,-0.0723033,0.422168,-0.0961387,0.12585,0.94018,-0.0128456,-0.0513217,1.39564,-0.120597,0.291294,0.0975996,-0.0302504,-0.124762,1.00044,-0.0435819,-0.149944,0.938949,-0.0747724,-0.122409,1.15602,0.077227
835,8.3334,0.0608911,1.41104,0.037599,0.0678835,0.0932619,0.135255,0.00431107,0.94056,0.195851,0.124079,1.04045,0.302218,-0.174455,1.03579,0.193223,0.145238,0.0648747,0.0881057,-0.13324,0.435289,0.177555,0.135521,0.943339,0.0530711,0.039289,1.36851,0.221835,-0.0951034,0.0628837,0.0652598,-0.0731302,1.05147,0.180291,-0.0860012,0.98552,0.203797,0.295446,0.25616,-0.0962399,-0.0259334,0.921994,-0.124654,-0.0121547,1.07562,-0.245154,-0.210754,0.939606,-0.00741442,0.357883,0.31596,-0.0408027,-0.0837749,0.422375,-0.0956112,0.127334,0.939991,-0.0109407,-0.0483984,1.39254,-0.120881,0.272859,0.0970919,-0.0316726,-0.116571,0.991062,-0.0514053,-0.140671,0.93104,-0.0861121,-0.120408,1.15435,0.0756923
836,8.34339,0.0631633,1.40897,0.038497,0.0871482,0.0939779,0.135133,0.00539353,0.938506,0.196445,0.109662,1.03291,0.302522,-0.184474,1.04072,0.183457,0.165029,0.0658489,0.0881609,-0.123291,0.431407,0.177119,0.136998,0.942937,0.0548439,0.0382915,1.36641,0.223496,-0.0754034,0.0627067,0.065286,-0.0822955,1.05313,0.173719,-0.0982912,0.987276,0.195683,0.282314,0.254303,-0.0951938,-0.0237767,0.922251,-0.123821,0.00203972,1.07568,-0.247817,-0.203972,0.932147,-0.021302,0.347046,0.310839,-0.0380622,-0.0948386,0.424166,-0.0952486,0.12889,0.940055,-0.00902835,-0.0448514,1.3907,-0.121415,0.252695,0.0958161,-0.0333777,-0.107899,0.984831,-0.0596199,-0.130784,0.926249,-0.0973695,-0.119093,1.15351,0.0736342
837,8.35339,0.0650496,1.40823,0.0393135,0.10646,0.0948461,0.134934,0.00663049,0.937318,0.196807,0.0948522,1.02736,0.302561,-0.193834,1.04822,0.172946,0.184886,0.0669984,0.0882999,-0.112486,0.42815,0.177286,0.138469,0.94331,0.0562647,0.0377935,1.36547,0.224772,-0.0556566,0.062561,0.0650455,-0.0912439,1.05688,0.166987,-0.110308,0.991402,0.187164,0.268701,0.251621,-0.0937191,-0.0223431,0.922707,-0.123518,0.0165431,1.07793,-0.250582,-0.196221,0.927572,-0.0344654,0.335988,0.304016,-0.0348489,-0.105411,0.427498,-0.0949314,0.130985,0.940306,-0.0077798,-0.0409988,1.39015,-0.121904,0.230635,0.0941024,-0.0353551,-0.0991668,0.981918,-0.068085,-0.120352,0.924317,-0.108175,-0.1184,1.1533,0.0711735
838,8.36338,0.0661037,1.40888,0.0404347,0.125906,0.0958331,0.134662,0.00808851,0.937078,0.196917,0.0798495,1.02396,0.302276,-0.202469,1.05825,0.162149,0.204701,0.068279,0.0883835,-0.100136,0.425327,0.177929,0.140526,0.9445,0.0570191,0.0371538,1.36587,0.225678,-0.0358191,0.0625638,0.0648797,-0.0998036,1.06281,0.16024,-0.121923,0.997864,0.178519,0.254582,0.248116,-0.0917729,-0.020156,0.924402,-0.123229,0.0310339,1.08233,-0.253258,-0.187724,0.925591,-0.0469133,0.324716,0.295373,-0.0314093,-0.115421,0.432082,-0.0945923,0.133205,0.941095,-0.00740899,-0.0371085,1.39091,-0.122151,0.206844,0.0923163,-0.0372018,-0.0903834,0.981988,-0.076502,-0.109315,0.924808,-0.11815,-0.118185,1.15387,0.0686143
839,8.37337,0.0665007,1.41062,0.0419907,0.145184,0.0969437,0.134634,0.00975854,0.937685,0.196897,0.0649593,1.02281,0.301515,-0.210151,1.07057,0.151274,0.224275,0.0695836,0.0883516,-0.0863186,0.423141,0.178193,0.14233,0.946202,0.0570494,0.0358868,1.36762,0.226463,-0.0159645,0.0627123,0.0649013,-0.107559,1.07083,0.153473,-0.13292,1.00654,0.169907,0.239725,0.243681,-0.0895157,-0.0170161,0.927701,-0.122695,0.0452004,1.08859,-0.255775,-0.178733,0.925943,-0.0586902,0.31289,0.284869,-0.0279231,-0.12492,0.437631,-0.0943547,0.135087,0.942802,-0.00768034,-0.0332657,1.39293,-0.122159,0.181639,0.0904015,-0.0384376,-0.0813875,0.984466,-0.0845901,-0.0977607,0.927284,-0.127154,-0.118114,1.15535,0.0663232
840,8.38336,0.0666991,1.41305,0.0437879,0.164286,0.0984544,0.134789,0.0115315,0.938941,0.196989,0.0503856,1.0238,0.300302,-0.216757,1.0848,0.140548,0.243949,0.0718769,0.0885843,-0.0713805,0.421712,0.177527,0.143714,0.948391,0.0564774,0.0338826,1.37065,0.227173,0.00382167,0.0628334,0.0648977,-0.114462,1.08061,0.146694,-0.143156,1.0171,0.161389,0.223812,0.23808,-0.0872849,-0.013714,0.932062,-0.122091,0.0586721,1.09631,-0.258235,-0.169496,0.928338,-0.0698072,0.300081,0.272646,-0.0244977,-0.133582,0.444115,-0.0941695,0.13664,0.945534,-0.00832846,-0.0292843,1.39608,-0.122078,0.155354,0.08836,-0.0392321,-0.0723538,0.988949,-0.0922528,-0.0858368,0.9314,-0.135156,-0.1182,1.15787,0.0642887
841,8.39335,0.0672261,1.41608,0.0454928,0.183157,0.100555,0.135096,0.0132962,0.940859,0.197052,0.0362439,1.02672,0.298745,-0.222281,1.10047,0.130104,0.263311,0.0749805,0.0888944,-0.0556462,0.421222,0.176192,0.145025,0.951332,0.0556581,0.0312543,1.37484,0.227795,0.0235177,0.0629815,0.064795,-0.120603,1.09175,0.140032,-0.152603,1.02938,0.153197,0.207192,0.231616,-0.0849727,-0.0108734,0.936888,-0.121638,0.0714162,1.10509,-0.260499,-0.160202,0.932438,-0.0802379,0.285993,0.259235,-0.021348,-0.141369,0.451457,-0.0940043,0.138031,0.949127,-0.00916619,-0.0249872,1.40017,-0.122029,0.128298,0.0862532,-0.0397169,-0.0639797,0.995342,-0.0996631,-0.0737444,0.936862,-0.142122,-0.118391,1.16144,0.0625262
842,8.40335,0.0681783,1.41965,0.0468583,0.201462,0.10314,0.135581,0.01487,0.94348,0.196996,0.0225993,1.03125,0.296824,-0.22673,1.11705,0.120017,0.28222,0.0789591,0.0892377,-0.0396303,0.422046,0.174788,0.146335,0.955335,0.05483,0.02825,1.37997,0.228259,0.0431614,0.0631,0.0646273,-0.126006,1.10401,0.133717,-0.161143,1.04293,0.14524,0.190046,0.224184,-0.0824633,-0.00876495,0.941855,-0.121422,0.0836732,1.11462,-0.262218,-0.151039,0.937908,-0.089929,0.27037,0.244696,-0.0181593,-0.148307,0.459485,-0.093784,0.139316,0.953389,-0.00998829,-0.0204544,1.40499,-0.12203,0.100386,0.0843133,-0.0400726,-0.0564616,1.00328,-0.106884,-0.0620594,0.943614,-0.148343,-0.118602,1.16587,0.0609458
843,8.41334,0.0692955,1.4237,0.0479036,0.219036,0.106428,0.136167,0.0160713,0.94674,0.196805,0.00955447,1.03711,0.294427,-0.23015,1.13404,0.110383,0.3006,0.0840212,0.0895958,-0.0240011,0.424263,0.173685,0.147208,0.96039,0.0541574,0.0251038,1.38587,0.228521,0.0628304,0.0631967,0.0644709,-0.130557,1.11712,0.127918,-0.168624,1.05704,0.137368,0.172025,0.215728,-0.080079,-0.00748479,0.946844,-0.121418,0.0954853,1.12465,-0.263409,-0.142103,0.944459,-0.0988136,0.253218,0.229355,-0.0150249,-0.154334,0.467985,-0.0934918,0.140477,0.9584,-0.0106705,-0.015955,1.4103,-0.122037,0.0717537,0.0826926,-0.0402945,-0.0482829,1.01151,-0.113156,-0.0510683,0.951279,-0.154175,-0.11883,1.17089,0.0594123
844,8.42333,0.0702137,1.42822,0.0487639,0.2359,0.110427,0.136793,0.0167559,0.950536,0.1965,-0.00278342,1.04412,0.291863,-0.232604,1.15106,0.101266,0.317953,0.090031,0.0900271,-0.00913172,0.427507,0.172801,0.14756,0.966342,0.0536967,0.0219272,1.39233,0.228487,0.0826757,0.0632752,0.0643948,-0.134104,1.13013,0.121821,-0.175093,1.07145,0.12973,0.152826,0.206512,-0.0780529,-0.00704805,0.951835,-0.121544,0.106638,1.13503,-0.264393,-0.133525,0.951808,-0.106902,0.234616,0.213524,-0.0120365,-0.159354,0.476762,-0.0931309,0.14139,0.964221,-0.0110415,-0.0117793,1.41597,-0.122056,0.0424875,0.0815281,-0.0402532,-0.0398697,1.01992,-0.118642,-0.040853,0.959681,-0.159715,-0.119083,1.17627,0.0577837
845,8.43332,0.0707349,1.4332,0.0495491,0.252012,0.115007,0.137444,0.0168172,0.954781,0.196094,-0.014162,1.05194,0.289368,-0.234215,1.16786,0.0927013,0.334681,0.0971887,0.0905321,0.00507263,0.431426,0.17185,0.147493,0.97295,0.0534425,0.0187595,1.39918,0.228133,0.10276,0.0632802,0.0644263,-0.137127,1.14317,0.115769,-0.180668,1.08604,0.122511,0.132774,0.197125,-0.0761755,-0.00739336,0.956855,-0.121703,0.117031,1.14572,-0.265307,-0.125382,0.959699,-0.114256,0.214664,0.197561,-0.0093817,-0.163469,0.485543,-0.0927237,0.141812,0.970613,-0.0111033,-0.00811663,1.42188,-0.122119,0.0127385,0.0809626,-0.0397959,-0.0317691,1.02857,-0.123582,-0.0314454,0.968519,-0.164965,-0.119134,1.18185,0.0558216
846,8.44331,0.0707745,1.43856,0.0502628,0.267361,0.120132,0.138029,0.0161739,0.959401,0.195586,-0.0245781,1.06029,0.286925,-0.235103,1.18419,0.0846673,0.350931,0.105461,0.0910871,0.0188518,0.435905,0.170753,0.146989,0.980009,0.0534335,0.0156169,1.40629,0.227462,0.122909,0.0632699,0.0645112,-0.139628,1.15608,0.109982,-0.185049,1.1005,0.115539,0.111599,0.187692,-0.074465,-0.00837862,0.961947,-0.121807,0.126827,1.15641,-0.26584,-0.117754,0.967859,-0.120927,0.193437,0.181567,-0.00719102,-0.166554,0.494121,-0.0923299,0.141713,0.977329,-0.0109469,-0.00502854,1.42794,-0.122259,-0.0173767,0.0810875,-0.0387165,-0.0242445,1.03738,-0.128093,-0.0228158,0.977573,-0.1697,-0.118444,1.18796,0.0534597
847,8.45331,0.070446,1.4441,0.0508071,0.281803,0.125819,0.138551,0.0149414,0.964314,0.194911,-0.0341081,1.06896,0.284519,-0.235357,1.19978,0.0771352,0.366231,0.114373,0.091527,0.0321843,0.440926,0.169714,0.14613,0.987326,0.0536326,0.0124925,1.41354,0.22647,0.143026,0.0631417,0.0645251,-0.141638,1.16898,0.105047,-0.188518,1.1145,0.108814,0.089329,0.178088,-0.0725912,-0.00980088,0.967137,-0.121803,0.135978,1.16692,-0.265931,-0.110666,0.97608,-0.126983,0.170633,0.165381,-0.00550272,-0.168517,0.502292,-0.0919386,0.141517,0.984248,-0.0106837,-0.00244097,1.43402,-0.122479,-0.0473856,0.0815578,-0.0368324,-0.0172738,1.04611,-0.132164,-0.0148606,0.986644,-0.173986,-0.11789,1.19455,0.0505944
848,8.4633,0.0699195,1.44961,0.0510426,0.295399,0.131882,0.139035,0.0133122,0.969441,0.194078,-0.0427713,1.0777,0.2822,-0.235069,1.21447,0.0700875,0.380385,0.123675,0.0918238,0.0448888,0.446477,0.168948,0.145046,0.994726,0.0540129,0.00937113,1.42086,0.225161,0.163322,0.0626949,0.064592,-0.143214,1.18142,0.100366,-0.19132,1.12785,0.102397,0.066012,0.168581,-0.0710326,-0.0114462,0.972421,-0.121669,0.144375,1.17712,-0.265664,-0.104124,0.984152,-0.132533,0.146187,0.14906,-0.0043379,-0.169377,0.509801,-0.0917097,0.140915,0.991299,-0.0102318,-0.00018095,1.44002,-0.12275,-0.0774629,0.0828869,-0.0345417,-0.0108786,1.05461,-0.135814,-0.00762217,0.995449,-0.178067,-0.117641,1.20141,0.0472984
849,8.47329,0.0693212,1.45496,0.0509143,0.308176,0.138094,0.139442,0.0114247,0.9746,0.193156,-0.0505937,1.08626,0.279978,-0.234339,1.2281,0.0635001,0.393588,0.133391,0.0920259,0.0569246,0.452335,0.168286,0.14361,1.00215,0.0544459,0.00624755,1.42811,0.223539,0.183377,0.062272,0.0648796,-0.144418,1.19338,0.0963155,-0.193378,1.1403,0.0963213,0.0418415,0.159374,-0.0699371,-0.0131378,0.977771,-0.121408,0.151965,1.18686,-0.265136,-0.0981643,0.991876,-0.137636,0.120505,0.133412,-0.00375484,-0.169136,0.516619,-0.0916288,0.140122,0.998385,-0.0097006,0.00167035,1.4458,-0.123208,-0.10771,0.0856924,-0.0320049,-0.00510226,1.06278,-0.13906,-0.000890748,1.00387,-0.181578,-0.117563,1.20835,0.0437776
850,8.48328,0.0687017,1.46004,0.0504626,0.320158,0.14435,0.139762,0.00935513,0.979578,0.192169,-0.0577095,1.09442,0.277812,-0.233382,1.24045,0.0572712,0.405893,0.143517,0.0921535,0.0682386,0.458235,0.16762,0.141694,1.00939,0.0548712,0.00310877,1.43518,0.221606,0.203072,0.0619385,0.0652671,-0.144858,1.20378,0.0917519,-0.194736,1.15171,0.0906216,0.0170038,0.150741,-0.0692282,-0.0147373,0.983127,-0.121046,0.158723,1.19603,-0.26445,-0.0928258,0.999136,-0.142355,0.093915,0.118791,-0.00361675,-0.16778,0.522668,-0.0916994,0.13912,1.00538,-0.00916708,0.00320005,1.45122,-0.123826,-0.137695,0.0900709,-0.0293647,9.58838e-05,1.07057,-0.141891,0.00532866,1.01176,-0.184428,-0.117527,1.21519,0.0402021
851,8.49328,0.0680935,1.46475,0.0497486,0.331579,0.150656,0.139996,0.00716258,0.98417,0.191151,-0.0641744,1.10204,0.275741,-0.232162,1.2515,0.0514415,0.417326,0.154009,0.0922128,0.0787019,0.464014,0.166934,0.13933,1.01628,0.055182,3.34648e-05,1.44183,0.219413,0.222235,0.0617518,0.0655232,-0.145069,1.21333,0.0877164,-0.195556,1.16207,0.0853048,-0.00835824,0.143016,-0.0688131,-0.0161347,0.988402,-0.120626,0.164659,1.20447,-0.263671,-0.0881411,1.00584,-0.146698,0.0664099,0.105082,-0.00416444,-0.165411,0.527812,-0.0917973,0.137837,1.01209,-0.00866697,0.00448046,1.45613,-0.124543,-0.166898,0.0956154,-0.0263728,0.00464682,1.07795,-0.144339,0.0108221,1.01899,-0.186838,-0.117531,1.22177,0.0367444
852,8.50327,0.0674266,1.46898,0.0488217,0.342583,0.157017,0.14022,0.00490122,0.988205,0.190153,-0.069782,1.10903,0.27396,-0.230738,1.26113,0.0459931,0.427926,0.164702,0.0922377,0.0882382,0.469444,0.166131,0.136704,1.02276,0.0553411,-0.0029973,1.44797,0.217024,0.240713,0.061767,0.0657378,-0.145149,1.22213,0.0845242,-0.195901,1.17115,0.0803549,-0.0340379,0.136488,-0.0686026,-0.0172464,0.993486,-0.120205,0.169917,1.21194,-0.262798,-0.0841934,1.01196,-0.150662,0.0386426,0.0927314,-0.00527247,-0.162166,0.531928,-0.0918068,0.13628,1.01833,-0.00823867,0.00543265,1.46053,-0.1254,-0.194958,0.102183,-0.0227669,0.00834848,1.08454,-0.14665,0.0155436,1.02556,-0.188917,-0.118109,1.22772,0.0337463
853,8.51326,0.066747,1.47264,0.0477318,0.353113,0.163348,0.140534,0.00257287,0.99168,0.189206,-0.0745973,1.1153,0.272341,-0.22915,1.26924,0.0409294,0.437767,0.175483,0.0924505,0.0968156,0.474317,0.165113,0.133923,1.02875,0.0553461,-0.00585363,1.45341,0.214523,0.258518,0.0619127,0.0658955,-0.145036,1.22988,0.0819714,-0.195846,1.1788,0.0758264,-0.0594826,0.131193,-0.0685976,-0.0180166,0.998246,-0.119848,0.174491,1.21832,-0.261918,-0.0810242,1.01745,-0.154216,0.011029,0.081931,-0.00671239,-0.158232,0.534928,-0.0916104,0.134476,1.02396,-0.00791546,0.0061623,1.46427,-0.126337,-0.221501,0.10976,-0.0189622,0.0113687,1.09021,-0.148822,0.0194191,1.03118,-0.19054,-0.119499,1.23289,0.0309466
854,8.52325,0.0660274,1.47562,0.0465058,0.363103,0.169599,0.141004,0.00023156,0.994552,0.188264,-0.0786068,1.12074,0.27087,-0.22745,1.27572,0.0362327,0.446845,0.18627,0.0929299,0.104433,0.478562,0.163896,0.130999,1.03413,0.0552667,-0.00851575,1.45804,0.212017,0.275561,0.0622145,0.0659878,-0.144625,1.23609,0.0794102,-0.195421,1.18495,0.0717748,-0.0839729,0.127075,-0.0688204,-0.0184189,1.00253,-0.119618,0.178387,1.2235,-0.261151,-0.0787149,1.02229,-0.157374,-0.0159252,0.0727588,-0.008281,-0.153746,0.536752,-0.091197,0.132482,1.02888,-0.00769782,0.00667952,1.46725,-0.127327,-0.246037,0.118202,-0.0154992,0.0137781,1.09492,-0.150788,0.0224839,1.03586,-0.191869,-0.121596,1.23735,0.0281511
855,8.53324,0.0653629,1.47788,0.0452083,0.372587,0.175805,0.141553,-0.00209645,0.996779,0.18729,-0.081799,1.12525,0.269652,-0.225711,1.28047,0.0318841,0.455171,0.196958,0.0934971,0.110965,0.482186,0.162596,0.128,1.0387,0.0551145,-0.0109108,1.46172,0.209474,0.292075,0.0627124,0.0659978,-0.14399,1.24066,0.0769228,-0.194673,1.1895,0.0682066,-0.106809,0.124168,-0.0691746,-0.0184574,1.00619,-0.119574,0.181616,1.22738,-0.260557,-0.0772901,1.02642,-0.16016,-0.0414855,0.0653173,-0.00976327,-0.148965,0.537357,-0.0906445,0.130435,1.033,-0.00752873,0.00700686,1.46942,-0.128391,-0.267942,0.127187,-0.0127422,0.0153468,1.09884,-0.152332,0.0246072,1.03956,-0.192876,-0.12357,1.2413,0.0259432
856,8.54324,0.0647531,1.47936,0.0438627,0.38162,0.181935,0.14213,-0.0044421,0.998254,0.1863,-0.0841803,1.12868,0.26875,-0.223974,1.28346,0.0278761,0.462796,0.207561,0.094134,0.116281,0.485086,0.161316,0.124996,1.04222,0.0548907,-0.0130638,1.46442,0.206971,0.308113,0.0635463,0.0658114,-0.143289,1.24372,0.0747456,-0.193687,1.19234,0.0650944,-0.127301,0.122482,-0.0695183,-0.0181675,1.00905,-0.119761,0.184176,1.22989,-0.260197,-0.0767846,1.0298,-0.162546,-0.0647176,0.0597343,-0.0109961,-0.144278,0.536803,-0.0900202,0.128374,1.03613,-0.00743968,0.00718188,1.47069,-0.129546,-0.286765,0.136519,-0.0104052,0.0160794,1.10185,-0.153696,0.0256817,1.04228,-0.193652,-0.125602,1.24423,0.0239969
857,8.55323,0.0642068,1.48001,0.0424448,0.390174,0.188061,0.142668,-0.00678796,0.998945,0.18532,-0.085726,1.13094,0.268173,-0.222308,1.28461,0.0242169,0.469743,0.218183,0.0948531,0.120034,0.486908,0.160459,0.122213,1.0445,0.0545606,-0.0152362,1.46632,0.20459,0.323619,0.064811,0.0654378,-0.142655,1.24529,0.0729517,-0.192663,1.19353,0.0624766,-0.144654,0.121791,-0.0697459,-0.0176159,1.01094,-0.120207,0.186039,1.2309,-0.260126,-0.0772055,1.0325,-0.164328,-0.084635,0.0557363,-0.0118112,-0.140178,0.535232,-0.0893808,0.126422,1.03831,-0.00745406,0.00726015,1.47101,-0.1308,-0.302111,0.145208,-0.00854682,0.0160299,1.10388,-0.154977,0.0257252,1.04406,-0.194313,-0.127584,1.24626,0.0224207
858,8.56322,0.0638133,1.47983,0.0409709,0.39831,0.19414,0.143099,-0.00892651,0.998859,0.184249,-0.0864341,1.13196,0.267905,-0.220772,1.28383,0.0208997,0.476009,0.22882,0.0955845,0.122145,0.487325,0.159969,0.119901,1.04557,0.0541387,-0.0172373,1.46726,0.202355,0.338609,0.0665293,0.0650259,-0.14215,1.24526,0.0714305,-0.191615,1.19296,0.0603512,-0.158154,0.121519,-0.0697749,-0.0169023,1.01168,-0.120914,0.187148,1.23027,-0.26036,-0.0786282,1.03446,-0.165639,-0.100373,0.0528128,-0.012036,-0.137285,0.532811,-0.0887901,0.124632,1.03969,-0.00766761,0.00729666,1.47034,-0.132171,-0.313667,0.152201,-0.00709658,0.0151946,1.105,-0.156076,0.0246746,1.04493,-0.194858,-0.129446,1.24727,0.021041
859,8.57321,0.0636071,1.4788,0.0394467,0.406043,0.200036,0.143402,-0.0108524,0.997913,0.183248,-0.0863408,1.13167,0.267896,-0.21943,1.28106,0.0179436,0.481532,0.239409,0.0963229,0.122566,0.486164,0.159759,0.118201,1.0455,0.0537249,-0.0188851,1.46703,0.200227,0.352884,0.0685786,0.0646538,-0.141383,1.24322,0.0699103,-0.190375,1.19045,0.0586692,-0.167295,0.120773,-0.0693933,-0.0161643,1.01109,-0.121852,0.187572,1.22808,-0.261026,-0.081096,1.03569,-0.166513,-0.111228,0.0501741,-0.0115594,-0.136079,0.529902,-0.0883864,0.122797,1.04026,-0.00816399,0.00732803,1.46864,-0.133715,-0.321291,0.156658,-0.00602957,0.0135633,1.10515,-0.156985,0.0225483,1.04483,-0.195284,-0.130998,1.24699,0.0194427
860,8.5832,0.0635682,1.47686,0.0378515,0.413344,0.205929,0.143906,-0.0125133,0.996148,0.182368,-0.0854861,1.13011,0.268131,-0.218362,1.27626,0.015392,0.48611,0.249939,0.0970658,0.121319,0.483462,0.159844,0.117085,1.04427,0.0533083,-0.0201215,1.46564,0.198227,0.366156,0.0706692,0.0644146,-0.140734,1.23951,0.0687321,-0.189123,1.18612,0.0575236,-0.172069,0.118833,-0.0687421,-0.0155796,1.00905,-0.122957,0.187242,1.22428,-0.262122,-0.0845933,1.03627,-0.167013,-0.116855,0.0473194,-0.0106058,-0.136613,0.527073,-0.0883401,0.121192,1.03973,-0.00883088,0.00744544,1.46588,-0.135579,-0.325049,0.158083,-0.00525945,0.0111354,1.10432,-0.157729,0.0194188,1.04355,-0.195672,-0.131935,1.24526,0.017426
861,8.5932,0.0636483,1.47392,0.0361384,0.420147,0.212047,0.144662,-0.0138806,0.993614,0.18159,-0.0838827,1.12739,0.268618,-0.217583,1.26941,0.0132944,0.489426,0.26037,0.0978571,0.118508,0.479325,0.160176,0.116471,1.04173,0.0527989,-0.0208627,1.46308,0.19645,0.377953,0.0723912,0.064475,-0.139709,1.23392,0.0676589,-0.187885,1.18004,0.0569872,-0.172511,0.115712,-0.0681205,-0.0153434,1.00544,-0.124133,0.185929,1.2188,-0.263479,-0.0890875,1.03629,-0.167137,-0.116874,0.0450623,-0.00968122,-0.138296,0.524605,-0.0884205,0.119899,1.03789,-0.00968783,0.00780317,1.46207,-0.137883,-0.324936,0.155959,-0.00441551,0.00798136,1.10259,-0.158295,0.0152038,1.04125,-0.195874,-0.131853,1.24204,0.0152854
862,8.60319,0.0638734,1.46997,0.0342896,0.426183,0.218149,0.145525,-0.0148166,0.990294,0.180844,-0.0814596,1.12362,0.269359,-0.217145,1.26047,0.0116608,0.49113,0.270655,0.0988314,0.114401,0.473928,0.160557,0.11622,1.03776,0.0521394,-0.0212123,1.45944,0.194916,0.388153,0.0732922,0.0648677,-0.138882,1.2267,0.0668975,-0.186603,1.17223,0.0570601,-0.168289,0.111948,-0.067677,-0.0156064,1.00037,-0.125306,0.183683,1.21169,-0.265073,-0.0944624,1.03582,-0.166794,-0.110752,0.0453207,-0.00910555,-0.140266,0.521969,-0.0881231,0.119013,1.03433,-0.0106263,0.0083005,1.45724,-0.140308,-0.320807,0.149189,-0.0027777,0.0040457,1.09998,-0.158694,0.00998775,1.03813,-0.195838,-0.13061,1.23744,0.0134205
863,8.61318,0.0642195,1.46496,0.0323127,0.431135,0.223924,0.146407,-0.0152707,0.986168,0.180016,-0.0781929,1.11892,0.270363,-0.217029,1.24941,0.0105706,0.491097,0.280285,0.100007,0.109131,0.467449,0.161118,0.116212,1.03229,0.0513708,-0.0210152,1.45467,0.193522,0.397252,0.0730836,0.0655645,-0.138347,1.21794,0.0664913,-0.18512,1.16255,0.0577037,-0.159349,0.107151,-0.0672399,-0.0165594,0.994335,-0.126425,0.180699,1.20317,-0.266974,-0.100685,1.03483,-0.166202,-0.0989169,0.0471382,-0.00857493,-0.141799,0.51829,-0.0876886,0.118477,1.02889,-0.0115895,0.0088825,1.45149,-0.142718,-0.313224,0.137269,-0.000445096,-0.000639587,1.09659,-0.158917,0.00356373,1.03435,-0.195302,-0.128484,1.23173,0.0120196
864,8.62317,0.0645935,1.45891,0.0302178,0.434833,0.229085,0.147322,-0.0154832,0.981187,0.179361,-0.0740525,1.11341,0.271576,-0.217149,1.23628,0.0101387,0.489865,0.288699,0.101141,0.102862,0.460008,0.162029,0.116432,1.02547,0.0505269,-0.0202097,1.44889,0.1921,0.406116,0.0721715,0.0664813,-0.137903,1.2075,0.0664109,-0.183404,1.15104,0.0589733,-0.147371,0.101716,-0.066659,-0.0173277,0.987808,-0.127746,0.177014,1.19332,-0.269136,-0.10773,1.03338,-0.165376,-0.0837071,0.0487662,-0.00807,-0.142809,0.512963,-0.0877629,0.118349,1.02177,-0.0125102,0.00948832,1.44491,-0.145068,-0.303143,0.122119,0.00130675,-0.00609448,1.09252,-0.15896,-0.00372482,1.03003,-0.194892,-0.126061,1.22526,0.0110362
865,8.63316,0.0650594,1.45194,0.0279899,0.437223,0.233515,0.148279,-0.0155111,0.975308,0.178953,-0.06904,1.10719,0.272972,-0.21747,1.22112,0.0104607,0.488095,0.295657,0.101763,0.0957789,0.451796,0.16316,0.116995,1.01763,0.0496334,-0.0189672,1.44219,0.190529,0.414726,0.0722014,0.0677096,-0.137036,1.19534,0.066671,-0.181349,1.13794,0.0609753,-0.134617,0.0975838,-0.0659782,-0.0174326,0.981152,-0.129309,0.172639,1.18224,-0.271454,-0.11548,1.03163,-0.164295,-0.0679284,0.050273,-0.00748375,-0.144125,0.506291,-0.0885111,0.118856,1.01359,-0.0133259,0.0100152,1.43757,-0.147308,-0.292015,0.106929,0.00212124,-0.0121836,1.08794,-0.158817,-0.0116814,1.02501,-0.194486,-0.124012,1.21838,0.0102953
866,8.64316,0.065895,1.44445,0.0256596,0.438244,0.237847,0.149321,-0.0150759,0.968583,0.17859,-0.0630899,1.10039,0.274649,-0.217883,1.20409,0.0116261,0.486021,0.301909,0.101652,0.0880623,0.443202,0.164118,0.118112,1.00904,0.0487498,-0.0173806,1.4352,0.188792,0.421104,0.0747446,0.0694734,-0.136057,1.18174,0.0674616,-0.178961,1.12324,0.0637057,-0.121676,0.0955523,-0.0652278,-0.0165481,0.97451,-0.130948,0.16733,1.17002,-0.273844,-0.123832,1.02981,-0.162812,-0.0521323,0.052373,-0.00705057,-0.146813,0.49962,-0.0899287,0.120281,1.00493,-0.0142371,0.010365,1.42957,-0.149569,-0.280586,0.0932104,0.00223256,-0.018832,1.083,-0.15851,-0.0203312,1.01939,-0.1938,-0.122855,1.21133,0.00959854
867,8.65315,0.0674695,1.43722,0.0232796,0.437395,0.24293,0.150368,-0.0143697,0.961152,0.1786,-0.0559278,1.09313,0.276621,-0.218368,1.18533,0.0136729,0.483026,0.308061,0.101578,0.0798722,0.434634,0.164527,0.12006,0.999829,0.0479415,-0.0156428,1.42835,0.187361,0.423245,0.0792954,0.0717577,-0.134829,1.16663,0.0686752,-0.176181,1.10711,0.0671745,-0.107901,0.0946078,-0.0649467,-0.0148835,0.968027,-0.132732,0.161124,1.15687,-0.276247,-0.132788,1.02818,-0.160862,-0.035327,0.0548572,-0.00722497,-0.151187,0.494988,-0.0921071,0.122796,0.995812,-0.0154124,0.0105221,1.42113,-0.15218,-0.267965,0.0813356,0.00200225,-0.0259817,1.07783,-0.158092,-0.030003,1.01406,-0.192326,-0.12268,1.2041,0.00882294
868,8.66314,0.0698109,1.43073,0.020744,0.434106,0.248566,0.15126,-0.0131771,0.953288,0.178998,-0.0476261,1.08573,0.278474,-0.218829,1.165,0.0167251,0.478742,0.314017,0.101811,0.0709467,0.426505,0.164383,0.122904,0.989719,0.0474854,-0.0136744,1.42171,0.186747,0.421158,0.0846418,0.0741504,-0.133463,1.1505,0.0704679,-0.172941,1.08986,0.0714762,-0.0927267,0.094032,-0.0650376,-0.0123673,0.962227,-0.134407,0.154125,1.14299,-0.278632,-0.142281,1.02686,-0.158522,-0.0172978,0.0570739,-0.00786986,-0.156442,0.493698,-0.0942797,0.12623,0.985692,-0.0163089,0.0105908,1.41266,-0.155463,-0.253057,0.0721802,0.00183699,-0.0335716,1.07252,-0.157384,-0.0403833,1.00891,-0.190383,-0.122929,1.19635,0.00801036
869,8.67313,0.0722774,1.42482,0.0177977,0.428464,0.2539,0.151773,-0.0112109,0.945289,0.179638,-0.0381647,1.07859,0.280188,-0.219171,1.14331,0.0209763,0.473243,0.319176,0.102069,0.0605796,0.419288,0.164285,0.126507,0.978475,0.0481715,-0.0112652,1.41504,0.186888,0.415634,0.0898416,0.0760138,-0.131459,1.13359,0.0728748,-0.169076,1.07197,0.0767843,-0.0759005,0.0939264,-0.0647012,-0.00934175,0.957621,-0.1356,0.146215,1.12867,-0.280895,-0.152264,1.02602,-0.155689,0.00121359,0.0583715,-0.00813275,-0.160906,0.49421,-0.0962277,0.130225,0.974708,-0.0154782,0.0108167,1.40444,-0.159066,-0.235945,0.0666476,0.00200037,-0.0417482,1.0674,-0.155848,-0.0513668,1.00388,-0.188019,-0.122684,1.18751,0.00737761
870,8.68313,0.0738463,1.41953,0.0144185,0.420806,0.258389,0.151847,-0.00835972,0.937573,0.18021,-0.027559,1.0721,0.281826,-0.219015,1.12076,0.0266919,0.466506,0.323165,0.101974,0.0485595,0.41358,0.164683,0.130566,0.966922,0.050802,-0.00887584,1.40851,0.187177,0.40775,0.0940491,0.0775009,-0.128969,1.11662,0.0760569,-0.164305,1.054,0.0832067,-0.0576286,0.0942171,-0.0639468,-0.00596316,0.954263,-0.136331,0.137167,1.11432,-0.282913,-0.162734,1.02586,-0.152238,0.0200944,0.0589879,-0.00801433,-0.163323,0.492925,-0.0985448,0.13468,0.964671,-0.0123445,0.011302,1.39667,-0.162627,-0.21704,0.0642128,0.00242607,-0.0505279,1.06286,-0.153879,-0.0630525,0.999334,-0.185127,-0.121633,1.17751,0.00717326
871,8.69312,0.0737666,1.41558,0.0111145,0.411469,0.261932,0.151639,-0.00525617,0.930669,0.180754,-0.0159378,1.06665,0.283356,-0.217885,1.09811,0.0340631,0.458268,0.325948,0.10139,0.0354947,0.409169,0.165252,0.134992,0.957116,0.0547752,-0.00729439,1.40272,0.186681,0.397564,0.0971764,0.0788163,-0.12566,1.0998,0.0799124,-0.158441,1.03643,0.0907641,-0.0390085,0.0944344,-0.0632653,-0.0024339,0.951831,-0.136821,0.126869,1.10043,-0.284495,-0.173589,1.02669,-0.148046,0.0395177,0.0597394,-0.00796149,-0.163185,0.487761,-0.101378,0.138473,0.95627,-0.00898127,0.0119899,1.38941,-0.165929,-0.198287,0.0627039,0.00287534,-0.0598568,1.05904,-0.151304,-0.0753781,0.995813,-0.181324,-0.120532,1.16752,0.00753297
872,8.70311,0.0723493,1.41337,0.00878532,0.400706,0.264563,0.151337,-0.00242445,0.925096,0.181134,-0.00358099,1.06276,0.285108,-0.215285,1.07623,0.0431066,0.44846,0.327569,0.100348,0.021894,0.405141,0.165524,0.139059,0.949831,0.0580874,-0.00642708,1.3979,0.185237,0.385215,0.0992163,0.0804999,-0.12117,1.0837,0.0847515,-0.151346,1.01968,0.099365,-0.0201639,0.0945267,-0.0628171,0.00108259,0.950118,-0.137201,0.115342,1.08756,-0.285525,-0.184728,1.02893,-0.143072,0.0590782,0.0605494,-0.00786628,-0.160154,0.48011,-0.104512,0.140793,0.949774,-0.00719325,0.0123924,1.38294,-0.168582,-0.179482,0.0616463,0.00298779,-0.0695849,1.05639,-0.148066,-0.0883966,0.993488,-0.176889,-0.119517,1.1593,0.00864497
873,8.7131,0.0705349,1.41192,0.00764694,0.388776,0.266232,0.150966,-0.000197811,0.921175,0.181217,0.0095057,1.06025,0.287051,-0.210811,1.05596,0.053683,0.437412,0.327946,0.0988877,0.00796371,0.401464,0.165482,0.142099,0.944847,0.0589626,-0.00547577,1.39388,0.183695,0.370686,0.100275,0.0826416,-0.115334,1.06857,0.0903734,-0.142815,1.00447,0.108937,-0.00106932,0.0946327,-0.0626308,0.00445516,0.948923,-0.137591,0.102807,1.07618,-0.285895,-0.195956,1.0329,-0.137277,0.0787541,0.0613749,-0.00780726,-0.154139,0.472464,-0.107514,0.142706,0.945986,-0.00702148,0.0117061,1.3777,-0.170319,-0.160331,0.0609747,0.00292396,-0.0795318,1.05517,-0.144066,-0.101809,0.992772,-0.171783,-0.118446,1.1544,0.0106709
874,8.72309,0.0695813,1.41007,0.00705654,0.375901,0.266814,0.150453,0.00161129,0.918915,0.181045,0.0233302,1.05895,0.289561,-0.204675,1.038,0.065477,0.425598,0.326889,0.0970038,-0.00614778,0.398787,0.165409,0.144256,0.941707,0.0575022,-0.00345269,1.39049,0.182399,0.353742,0.100507,0.0848314,-0.108398,1.05511,0.0969527,-0.132881,0.991204,0.119227,0.0180863,0.0949841,-0.0625762,0.00758123,0.948073,-0.138081,0.0896457,1.06634,-0.285586,-0.206886,1.03868,-0.130628,0.0982694,0.0618915,-0.00795449,-0.146314,0.465803,-0.109539,0.145036,0.944549,-0.00808608,0.0100222,1.37377,-0.171355,-0.140813,0.0605758,0.00282343,-0.0896672,1.05562,-0.139424,-0.115341,0.993944,-0.165903,-0.117251,1.15269,0.0134653
875,8.73309,0.0708296,1.40771,0.005999,0.362207,0.266229,0.149765,0.00346277,0.91819,0.180517,0.0378478,1.0588,0.292471,-0.19704,1.02275,0.078094,0.413287,0.324221,0.0948047,-0.020205,0.397543,0.165394,0.146241,0.940298,0.05513,-0.00044774,1.38796,0.181327,0.334611,0.0998073,0.0870379,-0.100438,1.04383,0.104444,-0.121677,0.980112,0.129987,0.0372652,0.095398,-0.0625423,0.0103846,0.947446,-0.138718,0.0761642,1.05793,-0.284612,-0.217261,1.04646,-0.123133,0.117825,0.0623791,-0.00809577,-0.138187,0.460053,-0.11003,0.146487,0.943837,-0.0100323,0.00802692,1.37095,-0.172468,-0.121134,0.0603668,0.00284502,-0.0999024,1.05793,-0.134347,-0.128706,0.997064,-0.159156,-0.115884,1.1527,0.016602
876,8.74308,0.0739276,1.40518,0.00384863,0.347727,0.264452,0.148848,0.00566756,0.918736,0.179637,0.0526655,1.06007,0.295294,-0.188175,1.01036,0.0910657,0.400713,0.319758,0.0924411,-0.034043,0.397925,0.165361,0.14804,0.94037,0.0525252,0.00328739,1.38626,0.180385,0.3134,0.0983186,0.0891673,-0.0915673,1.03489,0.112615,-0.10952,0.971461,0.140976,0.0564715,0.0958012,-0.062565,0.0128132,0.946967,-0.139515,0.0624963,1.05087,-0.283045,-0.226927,1.05622,-0.114846,0.137316,0.062656,-0.00801198,-0.129652,0.455376,-0.109517,0.147374,0.943196,-0.0124951,0.00668263,1.36909,-0.173831,-0.101403,0.0601886,0.00282167,-0.109638,1.06218,-0.128803,-0.141632,1.00212,-0.151542,-0.114321,1.15306,0.0197053
877,8.75307,0.0773034,1.40322,0.000821839,0.332557,0.261477,0.147625,0.00825454,0.920106,0.178641,0.0675511,1.06316,0.298109,-0.178356,1.00085,0.103991,0.387967,0.313393,0.0900551,-0.0475105,0.400027,0.165351,0.149501,0.941359,0.0499234,0.00754953,1.38542,0.179419,0.290259,0.0962381,0.0910127,-0.0818759,1.0285,0.121281,-0.0968182,0.965437,0.152065,0.0757515,0.0962362,-0.0626844,0.0148368,0.946597,-0.140459,0.0486622,1.04542,-0.280971,-0.235685,1.06778,-0.105896,0.157006,0.0629147,-0.00791391,-0.119552,0.451909,-0.10918,0.148786,0.942689,-0.0150387,0.00608695,1.36826,-0.175276,-0.0816481,0.0600046,0.00273649,-0.118764,1.06823,-0.122746,-0.153904,1.00899,-0.14318,-0.112522,1.15323,0.0225455
878,8.76306,0.0795412,1.40295,-0.00241344,0.316738,0.257254,0.146147,0.011032,0.921941,0.177763,0.0824075,1.06809,0.300858,-0.167805,0.994034,0.116647,0.374965,0.305078,0.0877198,-0.0604568,0.403822,0.165411,0.150836,0.94284,0.0478073,0.0120957,1.38557,0.178285,0.265494,0.093631,0.092415,-0.0715244,1.02465,0.130109,-0.083847,0.962024,0.163115,0.0949624,0.0968471,-0.0627581,0.0164443,0.946331,-0.141514,0.0347514,1.04203,-0.278425,-0.243338,1.08081,-0.09648,0.176975,0.0635472,-0.0079783,-0.108162,0.449096,-0.109378,0.150644,0.942527,-0.0171384,0.00551784,1.36849,-0.176545,-0.0618491,0.0598988,0.00266719,-0.127195,1.07591,-0.116245,-0.165295,1.01758,-0.134282,-0.110505,1.15336,0.02481
879,8.77305,0.0800094,1.40485,-0.00507476,0.300307,0.251756,0.144602,0.013785,0.924195,0.177065,0.0971532,1.07466,0.303344,-0.156786,0.989689,0.128923,0.361464,0.294973,0.0854103,-0.0727695,0.409123,0.165525,0.152501,0.944809,0.0465408,0.0164916,1.38691,0.177037,0.239058,0.0907953,0.093537,-0.0607953,1.02304,0.138806,-0.0707094,0.961046,0.173894,0.114188,0.0975232,-0.0627742,0.0176415,0.94619,-0.142631,0.0210709,1.04107,-0.27538,-0.249792,1.09496,-0.0867332,0.197069,0.0645225,-0.00815264,-0.0958213,0.44636,-0.109301,0.152364,0.943224,-0.0184657,0.00442028,1.36989,-0.177513,-0.0420421,0.0598604,0.0026242,-0.134516,1.08495,-0.10937,-0.175602,1.02775,-0.125006,-0.108166,1.15395,0.0261442
880,8.78305,0.0792999,1.40819,-0.00677114,0.283095,0.244847,0.143038,0.0162288,0.927016,0.176496,0.111629,1.08264,0.30541,-0.145512,0.987594,0.140689,0.347133,0.283121,0.0831871,-0.0842497,0.415629,0.165583,0.154469,0.947293,0.0460136,0.0207261,1.38943,0.175762,0.211221,0.087843,0.0944629,-0.0499261,1.02345,0.147206,-0.057467,0.962173,0.184224,0.133494,0.098319,-0.0627381,0.0184483,0.946219,-0.143749,0.00788611,1.04258,-0.2719,-0.255029,1.10988,-0.0767802,0.216758,0.0651867,-0.00822376,-0.0822809,0.444,-0.10852,0.15371,0.945303,-0.0190249,0.00287294,1.3726,-0.178207,-0.0222548,0.0598529,0.00257956,-0.140867,1.0951,-0.102203,-0.184648,1.03933,-0.115472,-0.105656,1.15549,0.026401
881,8.79304,0.0784607,1.41199,-0.00782231,0.265135,0.236745,0.141554,0.0182196,0.930614,0.17598,0.125543,1.09192,0.307139,-0.134051,0.98755,0.151782,0.331755,0.269604,0.0810115,-0.0947458,0.423097,0.165485,0.156516,0.950204,0.0458701,0.0248951,1.39297,0.17448,0.182333,0.0848932,0.0953859,-0.0391072,1.02572,0.155214,-0.0442699,0.965111,0.193972,0.152826,0.0994472,-0.0628152,0.0188966,0.946479,-0.144802,-0.00464922,1.04615,-0.268126,-0.259,1.12531,-0.0667058,0.236414,0.0661972,-0.00814199,-0.0673288,0.442736,-0.107281,0.1551,0.948725,-0.0191269,0.000940139,1.37651,-0.178605,-0.00243586,0.0598699,0.00255525,-0.146292,1.10617,-0.0948649,-0.192474,1.05183,-0.106192,-0.103992,1.15821,0.0259861
882,8.80303,0.0783153,1.41589,-0.00886643,0.24648,0.22763,0.140196,0.0197617,0.935129,0.175387,0.138859,1.10234,0.308405,-0.122689,0.989318,0.162293,0.31531,0.254947,0.0790106,-0.104183,0.431253,0.165286,0.158376,0.953488,0.0458045,0.029052,1.39739,0.173185,0.152537,0.0821128,0.0963015,-0.0284918,1.02951,0.16271,-0.0312782,0.969683,0.202839,0.171918,0.101044,-0.0629552,0.0190275,0.947049,-0.145728,-0.0164078,1.0512,-0.264345,-0.261722,1.14095,-0.0566116,0.256072,0.068284,-0.00823109,-0.0516006,0.442624,-0.106034,0.156512,0.953,-0.0190751,-0.00160885,1.38142,-0.17862,0.0173881,0.059875,0.00253169,-0.150668,1.1178,-0.0876659,-0.199133,1.06493,-0.0972714,-0.102469,1.16197,0.025253
883,8.81302,0.0791398,1.41995,-0.0103477,0.227142,0.217722,0.13881,0.0209185,0.940472,0.174755,0.151612,1.11361,0.309109,-0.111622,0.992599,0.172233,0.29769,0.239427,0.077161,-0.11249,0.439834,0.165097,0.160026,0.957321,0.0456492,0.0330914,1.40253,0.171865,0.122159,0.0794938,0.0968743,-0.0181838,1.03441,0.16945,-0.0188148,0.975532,0.210642,0.190541,0.103203,-0.063161,0.018889,0.948012,-0.146468,-0.0274012,1.05723,-0.260712,-0.263252,1.15654,-0.0465748,0.275114,0.0714749,-0.00852508,-0.0359821,0.443352,-0.104967,0.1578,0.957839,-0.0190922,-0.00477846,1.38706,-0.178167,0.0372396,0.0598144,0.00246257,-0.153973,1.12967,-0.0808937,-0.204655,1.07824,-0.0886869,-0.100952,1.16657,0.0246913
884,8.82301,0.0805802,1.42425,-0.0122409,0.206901,0.207096,0.137547,0.0216718,0.946557,0.174104,0.16381,1.12541,0.309234,-0.100867,0.997121,0.181574,0.278611,0.222996,0.0754332,-0.119634,0.448678,0.164961,0.161335,0.961964,0.0453928,0.0369202,1.40824,0.170526,0.0912014,0.0772834,0.0971195,-0.00822602,1.0404,0.175441,-0.00667431,0.982396,0.217896,0.208504,0.106257,-0.0636661,0.0185334,0.949457,-0.146979,-0.0377806,1.06399,-0.257263,-0.263666,1.17179,-0.036709,0.293575,0.076088,-0.00912962,-0.0208184,0.444984,-0.104061,0.15883,0.963111,-0.0193543,-0.00824518,1.39331,-0.177374,0.0571311,0.0596603,0.00234823,-0.156301,1.14153,-0.0745863,-0.209015,1.09149,-0.0801808,-0.100241,1.17218,0.0247065
885,8.83301,0.0818828,1.42894,-0.0141817,0.185698,0.196012,0.13641,0.0221971,0.953322,0.173396,0.175431,1.13748,0.308778,-0.0904932,1.00262,0.190323,0.258039,0.205896,0.0738482,-0.125557,0.457639,0.164808,0.162222,0.967565,0.0450742,0.040434,1.41435,0.169193,0.0597227,0.0757243,0.0972063,0.00127024,1.04732,0.180955,0.00514409,0.989997,0.224714,0.225487,0.110168,-0.0644815,0.0180156,0.951474,-0.147234,-0.0475367,1.07128,-0.254103,-0.263178,1.18635,-0.0270778,0.311312,0.08216,-0.00976236,-0.00605265,0.447851,-0.10326,0.159529,0.96875,-0.0197574,-0.0117594,1.40008,-0.176369,0.0772029,0.0594673,0.00217804,-0.15796,1.1533,-0.0679917,-0.212221,1.10437,-0.0718011,-0.0999292,1.17855,0.025749
886,8.843,0.0824314,1.43425,-0.0157904,0.163422,0.184763,0.135393,0.0227738,0.960861,0.172525,0.186453,1.1496,0.307789,-0.0805989,1.00884,0.198462,0.236127,0.188686,0.0725526,-0.130201,0.466507,0.164575,0.162683,0.974149,0.0446803,0.0435602,1.42073,0.167933,0.028182,0.0747668,0.0970128,0.0102189,1.05489,0.186059,0.0164577,0.998021,0.230498,0.241213,0.114855,-0.0654757,0.0173913,0.954153,-0.147231,-0.0565926,1.07898,-0.25122,-0.261862,1.19994,-0.0176471,0.328321,0.0896625,-0.010389,0.0080881,0.451888,-0.102637,0.15988,0.974753,-0.0201785,-0.0150865,1.40713,-0.175057,0.0975373,0.0592214,0.00196427,-0.158916,1.16472,-0.0617926,-0.214139,1.11667,-0.06353,-0.0999035,1.18517,0.0282317
887,8.85299,0.0819888,1.44028,-0.0168268,0.140093,0.173546,0.134582,0.0232317,0.968796,0.1717,0.19684,1.16163,0.306316,-0.0712225,1.01554,0.205986,0.212826,0.171565,0.071638,-0.133569,0.475079,0.164322,0.162761,0.981501,0.0442506,0.0462503,1.42727,0.166804,-0.00348591,0.074725,0.0964437,0.0185747,1.06285,0.190653,0.0271398,1.00637,0.235152,0.255952,0.120181,-0.066502,0.0167103,0.957567,-0.146999,-0.0649473,1.08699,-0.248485,-0.25991,1.21241,-0.00839244,0.344508,0.0982845,-0.0110811,0.0212332,0.456695,-0.102345,0.159905,0.981138,-0.020509,-0.018144,1.41434,-0.173523,0.118027,0.0589261,0.00178227,-0.159215,1.17551,-0.0561458,-0.214972,1.12818,-0.0554828,-0.100239,1.19195,0.0318029
888,8.86298,0.0809338,1.44676,-0.0172964,0.115815,0.162561,0.134061,0.0230904,0.97658,0.170914,0.206546,1.17344,0.304388,-0.0623758,1.02256,0.212873,0.188174,0.154583,0.0711584,-0.135632,0.483202,0.164121,0.162501,0.989257,0.0439036,0.0485208,1.43388,0.165887,-0.0352637,0.0759116,0.0955017,0.026317,1.07106,0.194695,0.0369555,1.01515,0.23916,0.269916,0.126242,-0.0674718,0.0160076,0.961744,-0.146592,-0.0725987,1.09521,-0.245921,-0.257412,1.22363,0.000606787,0.359904,0.108104,-0.0116716,0.0335283,0.462024,-0.102399,0.159647,0.98786,-0.0207158,-0.0209429,1.42164,-0.17186,0.138431,0.0586179,0.00181738,-0.158989,1.18557,-0.0508277,-0.215094,1.13874,-0.0478461,-0.10053,1.19888,0.0359971
889,8.87297,0.0798342,1.45329,-0.0173165,0.0907587,0.151998,0.133866,0.023353,0.984451,0.170268,0.215526,1.18488,0.302043,-0.0540923,1.02976,0.219173,0.162715,0.138306,0.0710056,-0.13642,0.490682,0.163914,0.16196,0.99709,0.0436986,0.0504899,1.44046,0.165223,-0.0668833,0.0785791,0.094321,0.0334676,1.07935,0.19819,0.046284,1.02366,0.242491,0.282964,0.132351,-0.068286,0.0153113,0.96667,-0.146086,-0.0794491,1.10352,-0.243594,-0.25443,1.23348,0.00934596,0.374021,0.118555,-0.0122502,0.0451808,0.467838,-0.102648,0.159138,0.994798,-0.0207704,-0.0235367,1.4289,-0.170122,0.158313,0.0581035,0.00198643,-0.15836,1.19489,-0.0458224,-0.214632,1.14826,-0.0407238,-0.10048,1.20575,0.0403842
890,8.88297,0.0789867,1.45954,-0.0170925,0.0652099,0.142086,0.133832,0.0235604,0.991924,0.169705,0.223709,1.19581,0.299278,-0.046394,1.03702,0.224889,0.13617,0.122575,0.0709402,-0.136003,0.497325,0.163574,0.161446,1.00492,0.0436269,0.0521831,1.44697,0.164807,-0.0978653,0.0827277,0.0929785,0.0400385,1.08757,0.201182,0.0548662,1.03208,0.245179,0.295067,0.138468,-0.0690395,0.0147003,0.972492,-0.145634,-0.0853797,1.11175,-0.241662,-0.251067,1.24193,0.0178284,0.38689,0.1295,-0.0127841,0.0562608,0.474068,-0.102936,0.158398,1.00183,-0.0206165,-0.0259731,1.43598,-0.168312,0.178013,0.0575694,0.0016591,-0.157414,1.20326,-0.0411644,-0.213616,1.15673,-0.034191,-0.10028,1.21239,0.0447193
891,8.89296,0.0784322,1.46535,-0.0167744,0.0393905,0.133052,0.133864,0.0235972,0.998781,0.169166,0.231114,1.20613,0.296182,-0.0393475,1.04421,0.22998,0.108645,0.107715,0.0711048,-0.134426,0.50303,0.162992,0.160996,1.01261,0.0436764,0.0534139,1.45321,0.164586,-0.127793,0.0881362,0.0912595,0.0459634,1.09561,0.203717,0.062635,1.04034,0.247314,0.306425,0.144889,-0.0698077,0.0138726,0.978316,-0.145228,-0.090456,1.11975,-0.24001,-0.247387,1.2489,0.0259595,0.398701,0.140909,-0.0133377,0.0665755,0.4805,-0.103126,0.157158,1.00873,-0.0201384,-0.0282102,1.44279,-0.166391,0.197836,0.0567628,0.0010996,-0.156208,1.21048,-0.0367843,-0.212171,1.16404,-0.0282629,-0.100369,1.2187,0.0487664
892,8.90295,0.078137,1.47068,-0.0164681,0.013426,0.125087,0.133979,0.0230688,1.00482,0.168748,0.237812,1.2157,0.292853,-0.0329879,1.05114,0.234336,0.0810524,0.0944413,0.0715893,-0.131755,0.507749,0.162005,0.159486,1.0197,0.0438719,0.0543057,1.4591,0.164534,-0.156285,0.0947026,0.0891791,0.0512787,1.10336,0.205843,0.0696582,1.04818,0.248947,0.317254,0.151703,-0.07044,0.0129992,0.984026,-0.144728,-0.0947539,1.12734,-0.238617,-0.243494,1.25437,0.0337027,0.409407,0.152574,-0.0139812,0.0758888,0.486905,-0.103131,0.155937,1.01531,-0.0194704,-0.0302534,1.44919,-0.164322,0.21667,0.0563931,0.000707021,-0.154709,1.2165,-0.032648,-0.210399,1.17011,-0.0229258,-0.100526,1.22497,0.0519214
893,8.91294,0.0779581,1.47552,-0.0161979,-0.0121966,0.118521,0.134023,0.0224104,1.01009,0.168421,0.243875,1.22438,0.289369,-0.0273125,1.05776,0.237883,0.0539471,0.0830776,0.0725699,-0.128146,0.511425,0.160557,0.157212,1.02617,0.0441528,0.0550475,1.46456,0.164607,-0.182842,0.102397,0.0867857,0.0558876,1.11064,0.207621,0.0759338,1.0554,0.250044,0.327505,0.158566,-0.0712374,0.0120207,0.989443,-0.144168,-0.0982954,1.13437,-0.237499,-0.239455,1.25833,0.0410298,0.41904,0.164413,-0.0146864,0.0841176,0.49307,-0.103007,0.154576,1.02144,-0.0186749,-0.0321079,1.45506,-0.162094,0.234469,0.0566641,0.000439572,-0.152924,1.2217,-0.029291,-0.208374,1.17487,-0.0181451,-0.100316,1.23141,0.0535623
894,8.92294,0.0778064,1.47984,-0.0158774,-0.0367597,0.113642,0.13395,0.0216163,1.0145,0.168107,0.24938,1.23198,0.285854,-0.0224587,1.06401,0.240835,0.0277796,0.0735753,0.0736117,-0.123967,0.513897,0.158952,0.15541,1.03223,0.0444226,0.0556733,1.46946,0.164777,-0.207136,0.110934,0.0840221,0.0599255,1.11731,0.208947,0.08124,1.06209,0.250657,0.337064,0.165242,-0.0722228,0.0108858,0.994436,-0.14356,-0.101167,1.14067,-0.236614,-0.235353,1.26068,0.0478957,0.427707,0.176335,-0.015595,0.091205,0.49875,-0.102838,0.152909,1.02691,-0.0178925,-0.0337205,1.46031,-0.159745,0.251478,0.0574491,0.000160933,-0.15096,1.22562,-0.0261957,-0.206171,1.17828,-0.0138835,-0.0999511,1.23792,0.0538096
895,8.93293,0.0776325,1.48359,-0.0154103,-0.0596667,0.110561,0.133697,0.0206503,1.01802,0.167877,0.254338,1.23826,0.282273,-0.0183365,1.06981,0.243414,0.00309879,0.0661672,0.07451,-0.119386,0.515199,0.157329,0.153749,1.0374,0.0446656,0.0561773,1.47368,0.165022,-0.228831,0.119979,0.080811,0.063372,1.12329,0.209924,0.0856148,1.0681,0.250882,0.346012,0.171731,-0.073415,0.00960882,0.99888,-0.142875,-0.10345,1.14614,-0.235934,-0.231325,1.26143,0.0542736,0.43546,0.188236,-0.0167496,0.0970556,0.5038,-0.102749,0.150952,1.03155,-0.0172,-0.035003,1.46486,-0.157391,0.267921,0.0585698,-0.000143965,-0.149057,1.22814,-0.0231488,-0.203818,1.18026,-0.0101821,-0.100004,1.24365,0.0537228
896,8.94292,0.0774939,1.48669,-0.0147403,-0.0804234,0.109053,0.133174,0.019719,1.02066,0.167924,0.25881,1.2432,0.278871,-0.0148627,1.07507,0.245779,-0.019461,0.0607022,0.0751089,-0.114669,0.515548,0.155839,0.1522,1.04126,0.0449026,0.0566386,1.47712,0.165285,-0.247663,0.129205,0.0772583,0.0662028,1.12845,0.210578,0.0891578,1.07324,0.250711,0.354547,0.177982,-0.0748312,0.00816346,1.00263,-0.142114,-0.105183,1.15065,-0.235435,-0.227302,1.2605,0.0600002,0.442459,0.199916,-0.0181701,0.101655,0.508011,-0.102877,0.148905,1.03539,-0.0166094,-0.035977,1.46864,-0.155067,0.283903,0.0599534,-0.0004445,-0.147326,1.22926,-0.0202751,-0.201379,1.18083,-0.00699826,-0.100501,1.24845,0.0537802
897,8.95291,0.077429,1.48903,-0.0138,-0.0986469,0.10862,0.132273,0.0186671,1.02228,0.168087,0.262756,1.24671,0.27574,-0.0123044,1.07948,0.247448,-0.0392401,0.05691,0.0752583,-0.110246,0.515183,0.154434,0.150603,1.04372,0.0451866,0.0571736,1.47961,0.165529,-0.263284,0.138029,0.0735708,0.0683298,1.13266,0.210974,0.0919989,1.07736,0.250258,0.362775,0.184048,-0.076429,0.00655821,1.00554,-0.141298,-0.106372,1.15411,-0.235109,-0.223318,1.25799,0.0652092,0.448842,0.211308,-0.0199164,0.10499,0.511125,-0.103296,0.146937,1.03843,-0.0161211,-0.0366406,1.47161,-0.152823,0.299405,0.0616005,-0.000784816,-0.145392,1.22904,-0.017693,-0.19888,1.17999,-0.00432614,-0.101191,1.25245,0.0540049
898,8.9629,0.0774519,1.49051,-0.0125903,-0.113822,0.108724,0.130923,0.0173362,1.02279,0.168424,0.266081,1.24869,0.272901,-0.0107324,1.08291,0.248501,-0.0556443,0.0543352,0.0749348,-0.106588,0.514329,0.153019,0.148876,1.04511,0.0455521,0.0578574,1.48106,0.165764,-0.275624,0.145743,0.0698858,0.0697293,1.13585,0.211094,0.0938525,1.08025,0.249494,0.370737,0.190092,-0.0780679,0.00487303,1.00751,-0.140447,-0.107022,1.1565,-0.234985,-0.219596,1.25383,0.0698477,0.454714,0.222484,-0.0219858,0.107104,0.512924,-0.10397,0.14503,1.04064,-0.0157242,-0.0369758,1.47367,-0.150718,0.314544,0.0635032,-0.00131809,-0.143323,1.22752,-0.0155423,-0.196375,1.17769,-0.00220917,-0.101927,1.25542,0.054055
899,8.9729,0.0776058,1.49109,-0.0111813,-0.125193,0.10884,0.129474,0.0162077,1.02224,0.168894,0.268701,1.24908,0.270416,-0.0101104,1.0853,0.249097,-0.0681743,0.0523946,0.0740219,-0.104058,0.513205,0.151432,0.147799,1.04591,0.0459852,0.0586912,1.48149,0.166102,-0.284611,0.151704,0.0663835,0.0703524,1.13797,0.210981,0.0946303,1.08185,0.248394,0.378443,0.196217,-0.0796948,0.00320256,1.00848,-0.139543,-0.107114,1.15782,-0.235069,-0.216212,1.24799,0.0738649,0.460092,0.233469,-0.024235,0.10805,0.513363,-0.104797,0.143253,1.04203,-0.0153865,-0.0370189,1.4748,-0.148795,0.329226,0.0658304,-0.0020994,-0.141887,1.22475,-0.0138285,-0.193904,1.1739,-0.000654515,-0.102668,1.25743,0.0542635
900,8.98289,0.0779081,1.49071,-0.00962548,-0.132555,0.108343,0.127866,0.0151585,1.02063,0.169564,0.270569,1.24779,0.26833,-0.0104646,1.08657,0.249243,-0.0764606,0.0505369,0.0725025,-0.102977,0.511927,0.149828,0.146804,1.0457,0.0464711,0.0596324,1.48086,0.166627,-0.290243,0.155362,0.0631697,0.0701625,1.13891,0.210673,0.0943856,1.08218,0.246987,0.385821,0.202083,-0.0814467,0.00167678,1.00844,-0.138634,-0.106576,1.15808,-0.235335,-0.21318,1.24048,0.0772476,0.464858,0.244164,-0.0266141,0.107749,0.512425,-0.105738,0.141754,1.04276,-0.0151155,-0.0368426,1.47501,-0.147057,0.343136,0.0686822,-0.00272334,-0.140773,1.22068,-0.012663,-0.191459,1.16862,0.000318552,-0.103357,1.25851,0.0548545
901,8.99288,0.078359,1.48931,-0.00798423,-0.136257,0.106659,0.125783,0.0145077,1.01804,0.170313,0.271606,1.24478,0.266668,-0.0118323,1.08669,0.248733,-0.0801988,0.0487964,0.0705101,-0.103318,0.510298,0.148649,0.145965,1.04431,0.047071,0.0607029,1.47907,0.167425,-0.292551,0.156226,0.0600521,0.0691747,1.13864,0.210115,0.0930787,1.0812,0.24531,0.392763,0.207744,-0.0832878,0.000362391,1.00739,-0.137744,-0.105363,1.15731,-0.235795,-0.210533,1.23134,0.0799694,0.468653,0.254508,-0.0291971,0.106166,0.510159,-0.106825,0.140473,1.04282,-0.0148421,-0.0365108,1.47425,-0.145557,0.356466,0.0720199,-0.0033639,-0.139268,1.21486,-0.0114177,-0.189086,1.16188,0.000716556,-0.104059,1.25824,0.0559429
902,9.00287,0.0788993,1.48685,-0.00628628,-0.136462,0.103725,0.123058,0.014126,1.01446,0.171091,0.271791,1.24002,0.265423,-0.0142673,1.08568,0.247489,-0.0788726,0.0481049,0.0683448,-0.104533,0.508053,0.147757,0.145436,1.04176,0.047775,0.0618819,1.47606,0.168558,-0.291673,0.153585,0.056652,0.0673572,1.13719,0.209298,0.0907278,1.07888,0.243449,0.398983,0.21286,-0.085334,-0.00071112,1.00535,-0.136896,-0.103471,1.15551,-0.236433,-0.208357,1.22055,0.0819828,0.471015,0.264473,-0.0320568,0.103421,0.506754,-0.108088,0.139272,1.04195,-0.0144888,-0.0361106,1.47256,-0.144284,0.368949,0.0751995,-0.00449112,-0.137981,1.20779,-0.0107693,-0.186739,1.15371,0.000517922,-0.104694,1.25654,0.057451
903,9.01286,0.0795021,1.48334,-0.00455499,-0.131481,0.100823,0.120691,0.0137888,1.00995,0.171951,0.271133,1.23353,0.264639,-0.0176311,1.08369,0.245771,-0.072063,0.0489116,0.0661837,-0.106294,0.504756,0.146934,0.145207,1.03811,0.0484601,0.0629809,1.47188,0.170105,-0.287597,0.146497,0.0526567,0.064693,1.13468,0.208262,0.087395,1.07531,0.241473,0.404407,0.217577,-0.0874811,-0.00153225,1.00237,-0.136104,-0.100922,1.15267,-0.237215,-0.206671,1.20811,0.0832412,0.471645,0.273878,-0.035065,0.099618,0.502328,-0.109498,0.138179,1.03993,-0.0140473,-0.0357005,1.46989,-0.143162,0.38005,0.0774557,-0.00610977,-0.136793,1.19932,-0.0103798,-0.184368,1.14408,-0.000258715,-0.105262,1.25319,0.059148
904,9.02286,0.0801609,1.47881,-0.00278563,-0.12181,0.0972924,0.118324,0.0144684,1.00496,0.172844,0.269612,1.22534,0.264352,-0.0218051,1.08084,0.243774,-0.0603842,0.050469,0.0638077,-0.108184,0.500348,0.145994,0.145242,1.03329,0.0490603,0.063906,1.4665,0.172044,-0.280028,0.134723,0.04824,0.0612414,1.13118,0.206982,0.083051,1.07073,0.239422,0.408952,0.221937,-0.0895866,-0.00208363,0.998475,-0.135356,-0.0977035,1.14881,-0.238151,-0.205532,1.19407,0.0837093,0.470799,0.282501,-0.0380597,0.0948658,0.496936,-0.11105,0.137354,1.03655,-0.0135409,-0.0353317,1.46623,-0.14208,0.389389,0.078178,-0.00785464,-0.135602,1.18946,-0.0103092,-0.181983,1.13306,-0.00166112,-0.105753,1.24812,0.0608593
905,9.03285,0.0808144,1.47328,-0.000981207,-0.109007,0.0936797,0.116052,0.0160135,0.999591,0.173795,0.26728,1.21551,0.264507,-0.0268662,1.07719,0.241364,-0.0454743,0.0519906,0.0615673,-0.110085,0.495324,0.145056,0.145519,1.02728,0.0494683,0.0646708,1.45994,0.174312,-0.269441,0.11983,0.044217,0.0572123,1.12644,0.205472,0.0776786,1.06523,0.237278,0.412567,0.225826,-0.0918116,-0.00233197,0.993672,-0.134666,-0.0938016,1.14398,-0.239199,-0.204845,1.17853,0.0833452,0.469256,0.290135,-0.0409176,0.0892586,0.490563,-0.112839,0.136996,1.03153,-0.0130198,-0.0350501,1.46156,-0.140927,0.397249,0.0772101,-0.00967193,-0.134445,1.1783,-0.0106229,-0.179519,1.12068,-0.00367533,-0.106138,1.24141,0.0624498
906,9.04284,0.0814451,1.46672,0.000837912,-0.0950511,0.090805,0.113987,0.0172171,0.993616,0.174816,0.264111,1.20414,0.265081,-0.0327772,1.07275,0.238477,-0.0295785,0.0535129,0.0600363,-0.11206,0.490023,0.144119,0.146094,1.02023,0.0495931,0.0653135,1.45221,0.176788,-0.257413,0.104792,0.0413098,0.0526101,1.12052,0.203818,0.0714393,1.05863,0.234952,0.41553,0.229192,-0.094108,-0.00228835,0.988013,-0.134146,-0.089229,1.13823,-0.24032,-0.204357,1.16165,0.0821593,0.467609,0.296389,-0.0431259,0.0828577,0.483272,-0.1148,0.137438,1.02472,-0.0126428,-0.0348598,1.4559,-0.139664,0.404618,0.0751646,-0.011665,-0.133485,1.16584,-0.0113011,-0.176875,1.107,-0.00629673,-0.106329,1.23339,0.0638426
907,9.05283,0.0821177,1.45929,0.00266884,-0.0808074,0.0893711,0.112392,0.0181473,0.987163,0.175813,0.260073,1.19136,0.26606,-0.0394722,1.0676,0.235127,-0.0134093,0.0553773,0.0591767,-0.114275,0.484373,0.143306,0.14726,1.01237,0.0495447,0.0658119,1.44342,0.179404,-0.244862,0.0911841,0.0394379,0.0473931,1.1136,0.20191,0.064335,1.05116,0.23243,0.417737,0.232206,-0.0964171,-0.00202564,0.981507,-0.134028,-0.0840763,1.13167,-0.241522,-0.204271,1.14352,0.0800757,0.465976,0.301169,-0.0443806,0.0756324,0.475218,-0.11658,0.138904,1.01645,-0.0125845,-0.0347348,1.44943,-0.138345,0.411688,0.074326,-0.0143569,-0.132424,1.15224,-0.0124879,-0.174072,1.09213,-0.00956274,-0.106221,1.22467,0.0650366
908,9.06282,0.083139,1.45161,0.00456456,-0.0659595,0.0889972,0.111451,0.0192805,0.980687,0.176726,0.255103,1.17732,0.267358,-0.0468718,1.06181,0.231341,0.00357913,0.057221,0.0589811,-0.117412,0.478761,0.143257,0.149357,1.00385,0.0495503,0.0660221,1.43393,0.182185,-0.231447,0.0798414,0.0381002,0.0413074,1.1059,0.199414,0.0564027,1.04306,0.22966,0.418821,0.235421,-0.0984826,-0.00148725,0.974222,-0.134371,-0.0784347,1.12441,-0.242813,-0.204506,1.12428,0.0769833,0.464291,0.305309,-0.0449616,0.0677085,0.466706,-0.117674,0.141319,1.00729,-0.0128166,-0.0346521,1.44258,-0.137154,0.415891,0.0764225,-0.0179197,-0.131209,1.13759,-0.014258,-0.17117,1.07629,-0.0134778,-0.105766,1.21571,0.0659883
909,9.07282,0.084878,1.44481,0.00661034,-0.0498442,0.0892555,0.110977,0.0213615,0.974426,0.177636,0.249092,1.16224,0.268868,-0.0549199,1.05542,0.227082,0.021586,0.0588647,0.059173,-0.121885,0.474938,0.143744,0.152434,0.994502,0.0496432,0.0657886,1.42458,0.185262,-0.215619,0.0722788,0.0371233,0.0346303,1.09749,0.196606,0.047673,1.03435,0.226429,0.417948,0.239525,-0.100315,-0.000506514,0.96634,-0.135172,-0.0721797,1.11655,-0.244202,-0.204859,1.10407,0.0726275,0.462088,0.309703,-0.0455738,0.0592213,0.458186,-0.117797,0.144443,0.997471,-0.0132651,-0.0344581,1.43577,-0.136437,0.415251,0.0807264,-0.0216793,-0.129965,1.1219,-0.0164732,-0.16812,1.05976,-0.0180891,-0.104955,1.20672,0.0666274
910,9.08281,0.0867877,1.43916,0.00873936,-0.0323522,0.0898787,0.110385,0.0241431,0.968493,0.178274,0.241912,1.14638,0.270521,-0.0635718,1.04849,0.222186,0.0402349,0.0600023,0.0594476,-0.12654,0.473566,0.144823,0.156113,0.984323,0.0490879,0.0653422,1.41603,0.188683,-0.197528,0.0687956,0.0370344,0.0273519,1.08857,0.19342,0.0382008,1.02483,0.222338,0.414617,0.244192,-0.101808,0.00120311,0.958142,-0.136351,-0.0649914,1.10835,-0.245644,-0.205248,1.08314,0.0668937,0.459156,0.314074,-0.0463856,0.0499577,0.450119,-0.117264,0.147998,0.986917,-0.0142257,-0.0337872,1.42924,-0.136497,0.410705,0.085472,-0.0252268,-0.128514,1.10545,-0.0191823,-0.164795,1.04261,-0.0236069,-0.10381,1.19772,0.0669126
911,9.0928,0.0877913,1.43428,0.0108526,-0.0141972,0.0904175,0.109649,0.027246,0.963209,0.178487,0.233487,1.13012,0.272275,-0.0728512,1.04135,0.21674,0.0590838,0.0607042,0.05964,-0.129198,0.472222,0.146757,0.16011,0.97438,0.0467675,0.0654511,1.40801,0.192403,-0.179136,0.0672924,0.0372809,0.0193419,1.07953,0.189657,0.0279382,1.015,0.217386,0.409063,0.24869,-0.102875,0.00378092,0.950056,-0.137819,-0.0567465,1.10028,-0.247044,-0.205573,1.06185,0.0597975,0.455545,0.317649,-0.0471777,0.0395439,0.443151,-0.116887,0.151685,0.975794,-0.016616,-0.0324983,1.423,-0.137257,0.403098,0.089966,-0.0280326,-0.126566,1.08853,-0.0224793,-0.160993,1.02512,-0.0300867,-0.102349,1.18871,0.066787
912,9.10279,0.0872729,1.42985,0.012912,0.00412248,0.090676,0.109026,0.0304114,0.958794,0.17841,0.223729,1.11387,0.274079,-0.0827193,1.03444,0.210429,0.0781406,0.0611737,0.0596269,-0.128422,0.468376,0.14962,0.1641,0.965955,0.0427247,0.0657386,1.4001,0.196361,-0.160798,0.0662702,0.037433,0.0105895,1.07094,0.185227,0.0169629,1.00579,0.212101,0.401691,0.252492,-0.103615,0.00698778,0.942691,-0.139429,-0.0477518,1.09293,-0.248109,-0.205894,1.04056,0.0509364,0.450919,0.320064,-0.04776,0.0280296,0.437903,-0.117068,0.15532,0.965009,-0.0209099,-0.0311325,1.41697,-0.138195,0.393687,0.0934368,-0.030601,-0.123742,1.07144,-0.0263989,-0.156412,1.00765,-0.0375937,-0.100566,1.17989,0.066183
913,9.11278,0.0857615,1.42596,0.0148523,0.0229194,0.090966,0.108639,0.0333727,0.955129,0.178301,0.212569,1.09808,0.275738,-0.0932733,1.02854,0.203185,0.0975991,0.0618383,0.0595595,-0.124661,0.462253,0.152557,0.16725,0.959219,0.0389297,0.0652843,1.39261,0.200254,-0.141923,0.0653918,0.0374713,0.00129609,1.06331,0.180408,0.00517462,0.997452,0.206236,0.392723,0.255347,-0.10423,0.0101513,0.936559,-0.141012,-0.0381007,1.08678,-0.248989,-0.205899,1.01994,0.0400648,0.444741,0.321338,-0.0481475,0.0160319,0.433921,-0.117449,0.158932,0.955956,-0.0254183,-0.030359,1.41117,-0.138578,0.382711,0.0957895,-0.0333205,-0.119872,1.0547,-0.0308741,-0.150748,0.990678,-0.046005,-0.0984031,1.17173,0.0650647
914,9.12278,0.0845747,1.42298,0.0166397,0.0420861,0.0914106,0.108517,0.0360917,0.951939,0.17818,0.20001,1.08321,0.276911,-0.104387,1.02434,0.194884,0.117405,0.0626559,0.0596369,-0.118978,0.455662,0.154786,0.169411,0.954341,0.0370284,0.0637161,1.38614,0.203399,-0.122632,0.0647488,0.0374014,-0.00853166,1.05716,0.175327,-0.00729576,0.990655,0.200075,0.382437,0.25715,-0.10485,0.0123705,0.931714,-0.14237,-0.0276866,1.08208,-0.249941,-0.205091,1.00083,0.0272697,0.43681,0.321538,-0.0482833,0.00393942,0.430301,-0.117579,0.162011,0.949467,-0.027691,-0.0300591,1.40583,-0.138217,0.369789,0.0972576,-0.0361738,-0.114984,1.03908,-0.0359947,-0.14401,0.975082,-0.0549876,-0.095933,1.16493,0.0633637
915,9.13277,0.0846461,1.42059,0.0182759,0.0612053,0.0916535,0.108125,0.0383323,0.949104,0.178075,0.186364,1.06974,0.27772,-0.115935,1.02244,0.185789,0.136977,0.0632161,0.0596208,-0.111482,0.449444,0.156413,0.171294,0.951423,0.0367266,0.0614484,1.38097,0.205217,-0.103183,0.0644611,0.037214,-0.0186939,1.05273,0.169721,-0.0204917,0.985768,0.193512,0.371313,0.258122,-0.10537,0.0137686,0.927934,-0.143141,-0.0163169,1.07875,-0.251257,-0.202957,0.983988,0.013009,0.427511,0.320579,-0.0480722,-0.00826643,0.427253,-0.117598,0.164513,0.94574,-0.0276225,-0.0293767,1.40125,-0.1377,0.354842,0.097833,-0.0392772,-0.109238,1.02544,-0.0419941,-0.136207,0.961534,-0.0646955,-0.0933648,1.15999,0.0610809
916,9.14276,0.085809,1.4179,0.0196667,0.0804629,0.0920164,0.107734,0.0402063,0.946742,0.177822,0.172116,1.05803,0.278291,-0.127531,1.02305,0.175969,0.156284,0.0634558,0.0594153,-0.102083,0.443732,0.157394,0.173206,0.950113,0.0371985,0.059159,1.37712,0.205989,-0.0837486,0.064192,0.0372011,-0.0289874,1.05027,0.163131,-0.0341616,0.983045,0.186457,0.359401,0.258191,-0.105852,0.0151374,0.925661,-0.143327,-0.00385381,1.07656,-0.253235,-0.199157,0.970011,-0.00191982,0.417455,0.3183,-0.0474392,-0.0203474,0.425725,-0.11775,0.166688,0.944305,-0.0267882,-0.0276124,1.39775,-0.13758,0.337926,0.0975966,-0.0426372,-0.102748,1.01442,-0.0490081,-0.127447,0.950639,-0.0751023,-0.0910073,1.1569,0.058318
917,9.15275,0.0876772,1.41503,0.0208161,0.0998732,0.0924729,0.107347,0.0418582,0.944881,0.177584,0.157464,1.04826,0.278613,-0.138956,1.02639,0.165293,0.175862,0.064007,0.0593307,-0.0915305,0.438878,0.15741,0.174959,0.949938,0.0381434,0.057212,1.37443,0.206789,-0.0641773,0.0639191,0.0372777,-0.0391629,1.05011,0.156076,-0.0478472,0.982722,0.178571,0.346721,0.257338,-0.106219,0.0173092,0.925329,-0.142997,0.00963507,1.07565,-0.255947,-0.193627,0.959301,-0.0166537,0.406961,0.31451,-0.0464168,-0.0320752,0.425862,-0.118024,0.168547,0.944047,-0.0257531,-0.0248178,1.39544,-0.13792,0.319115,0.0969,-0.0462718,-0.0954389,1.00635,-0.0569752,-0.117807,0.94287,-0.0859331,-0.0891445,1.15521,0.0552613
918,9.16275,0.0900673,1.41307,0.021848,0.1192,0.0929703,0.107083,0.0434464,0.943547,0.177461,0.142499,1.04056,0.278694,-0.149875,1.03266,0.154107,0.195762,0.0647888,0.0594029,-0.080464,0.43504,0.156693,0.176419,0.950543,0.0391931,0.0556831,1.37283,0.208238,-0.0445004,0.0636367,0.0374499,-0.0490282,1.05229,0.14879,-0.0611943,0.984992,0.169725,0.333375,0.255591,-0.10631,0.0199531,0.926674,-0.142354,0.0239079,1.07644,-0.259258,-0.186583,0.95186,-0.0306713,0.396184,0.309077,-0.0451066,-0.043339,0.427523,-0.118336,0.170273,0.94413,-0.024608,-0.0213844,1.39433,-0.138486,0.298415,0.0958073,-0.0496788,-0.0875712,1.00146,-0.0656844,-0.107417,0.938317,-0.0969094,-0.087726,1.15449,0.052072
919,9.17274,0.0921085,1.41262,0.0229698,0.138516,0.0935993,0.106885,0.0449867,0.942808,0.177492,0.127205,1.03494,0.278543,-0.160027,1.04154,0.14257,0.215563,0.0655683,0.0594118,-0.0687953,0.431984,0.156288,0.177762,0.951652,0.0399008,0.0543485,1.37235,0.209657,-0.0248462,0.0635266,0.0373915,-0.0585455,1.05672,0.141417,-0.0741492,0.989745,0.160532,0.319336,0.25289,-0.106046,0.0221373,0.928194,-0.142097,0.0385519,1.07925,-0.26292,-0.178464,0.947522,-0.0438548,0.385081,0.301954,-0.0436266,-0.0541345,0.430699,-0.118755,0.17222,0.944549,-0.023908,-0.0176151,1.39436,-0.139073,0.276013,0.0944163,-0.0529237,-0.0792123,0.999558,-0.0748025,-0.0968955,0.936726,-0.107927,-0.0866877,1.1546,0.0489713
920,9.18273,0.0928731,1.41358,0.0243295,0.157885,0.0942965,0.10672,0.0465702,0.942737,0.177582,0.111703,1.03149,0.278099,-0.169253,1.05286,0.131064,0.235408,0.0665628,0.0594187,-0.0558423,0.429593,0.156411,0.179355,0.953152,0.0400091,0.0527431,1.37318,0.210503,-0.0050971,0.0635201,0.0371023,-0.0674474,1.0634,0.134064,-0.0864627,0.996891,0.151343,0.304519,0.249149,-0.105469,0.0244582,0.930149,-0.142177,0.0532334,1.08401,-0.26667,-0.169606,0.945937,-0.0563712,0.373466,0.293091,-0.0420968,-0.0643511,0.435285,-0.11926,0.174355,0.945594,-0.0240089,-0.0137383,1.39552,-0.13962,0.252132,0.0926948,-0.0556057,-0.0703907,1.00024,-0.0839371,-0.0858508,0.937614,-0.118405,-0.0860813,1.1557,0.0462478
921,9.19272,0.0926533,1.41582,0.0258725,0.177381,0.0951374,0.106636,0.0483684,0.943438,0.177523,0.0962837,1.03054,0.277239,-0.177471,1.06615,0.119766,0.255182,0.0676555,0.0595156,-0.0415672,0.427994,0.156495,0.18125,0.95495,0.039563,0.0507542,1.37528,0.210966,0.0148362,0.0635167,0.0369078,-0.0755857,1.07205,0.126782,-0.098129,1.00609,0.142399,0.288867,0.244334,-0.104756,0.0260861,0.932304,-0.142568,0.0675955,1.09047,-0.270375,-0.16022,0.9466,-0.068392,0.361075,0.282557,-0.0406691,-0.0738237,0.441035,-0.119802,0.176305,0.947423,-0.0246813,-0.00991406,1.39779,-0.140113,0.226997,0.0907399,-0.0578611,-0.0612585,1.00307,-0.0928517,-0.0743918,0.940488,-0.12823,-0.0858536,1.15793,0.044111
922,9.20271,0.0924171,1.41891,0.0274462,0.196968,0.0962281,0.106588,0.050195,0.944744,0.177406,0.0812247,1.0321,0.276101,-0.184441,1.08089,0.108546,0.274721,0.0688026,0.0594824,-0.0262773,0.427066,0.155883,0.183252,0.956957,0.0387327,0.0484075,1.37857,0.211309,0.034901,0.0635075,0.0367626,-0.0829519,1.0822,0.119678,-0.108973,1.01702,0.13378,0.27245,0.238448,-0.104017,0.027609,0.935444,-0.142828,0.0813175,1.09848,-0.27393,-0.150501,0.949015,-0.0799478,0.347648,0.270516,-0.0393087,-0.0823852,0.447788,-0.120389,0.177869,0.950158,-0.025646,-0.00601093,1.40112,-0.140573,0.200866,0.0885613,-0.0599039,-0.0519222,1.00757,-0.101446,-0.062596,0.945014,-0.137358,-0.0856153,1.16101,0.0424949
923,9.21271,0.0927174,1.42239,0.0288546,0.216373,0.0977873,0.10663,0.0519309,0.946597,0.177284,0.0667385,1.03569,0.274724,-0.190329,1.09656,0.0977477,0.294433,0.0712347,0.0596025,-0.0101809,0.426787,0.154462,0.185134,0.959398,0.0377738,0.0456933,1.383,0.211446,0.0549354,0.0634981,0.0366002,-0.0895214,1.09345,0.112846,-0.118873,1.02942,0.125558,0.255528,0.231701,-0.103236,0.0290652,0.939951,-0.142707,0.094523,1.10783,-0.276966,-0.140642,0.95281,-0.0909738,0.332972,0.257199,-0.0378648,-0.090286,0.455312,-0.121122,0.179168,0.953925,-0.0266591,-0.00177688,1.4054,-0.141049,0.174016,0.0862769,-0.0617867,-0.0426026,1.0134,-0.109724,-0.0507098,0.950873,-0.145824,-0.0854268,1.16482,0.0412419
924,9.2227,0.0937188,1.4261,0.0298775,0.235236,0.100096,0.106835,0.053468,0.949039,0.177116,0.0528973,1.04077,0.272969,-0.195181,1.1128,0.0875329,0.313909,0.0750216,0.0599204,0.00633283,0.427486,0.152586,0.186563,0.962776,0.0369222,0.0426746,1.3884,0.211262,0.074834,0.0634123,0.036476,-0.0951668,1.10548,0.106318,-0.127652,1.04268,0.117623,0.238193,0.224034,-0.102465,0.0297881,0.944923,-0.142651,0.107093,1.11814,-0.279657,-0.130782,0.957783,-0.101407,0.316861,0.242783,-0.0363475,-0.0973151,0.463416,-0.121879,0.180272,0.958697,-0.0275933,0.0028599,1.41042,-0.141544,0.146444,0.0840307,-0.0636211,-0.0335155,1.02049,-0.117608,-0.0392014,0.957653,-0.153824,-0.0862028,1.16949,0.0400517
925,9.23269,0.0951971,1.43001,0.0305027,0.253171,0.103398,0.107255,0.0546866,0.952053,0.176829,0.0397525,1.04701,0.27098,-0.198995,1.12925,0.0779468,0.332481,0.0797325,0.060211,0.0225882,0.429575,0.150745,0.187481,0.967477,0.0362347,0.0395079,1.39452,0.210826,0.09461,0.0632542,0.0364854,-0.0997352,1.11808,0.100189,-0.135352,1.05637,0.110003,0.219914,0.215332,-0.101897,0.0309438,0.950907,-0.142423,0.119082,1.12904,-0.282149,-0.12111,0.963791,-0.111203,0.299248,0.227771,-0.0349056,-0.103405,0.471852,-0.12256,0.181156,0.964299,-0.028364,0.00766019,1.41593,-0.142002,0.118228,0.0819409,-0.06541,-0.0244835,1.02825,-0.124883,-0.0280777,0.965267,-0.161523,-0.0871822,1.17492,0.0387691
926,9.24268,0.0966966,1.43422,0.0309069,0.270064,0.107577,0.107807,0.0554751,0.955535,0.176425,0.027593,1.05405,0.269113,-0.201845,1.14556,0.0690113,0.350333,0.0857039,0.0606015,0.0379322,0.433009,0.149259,0.187656,0.973473,0.0356419,0.0363479,1.40119,0.210133,0.114225,0.0632958,0.0364334,-0.103734,1.13089,0.0944719,-0.142007,1.07025,0.102736,0.200634,0.205964,-0.101724,0.031546,0.957055,-0.142177,0.130768,1.14018,-0.284159,-0.111776,0.970614,-0.120348,0.280339,0.212461,-0.0336567,-0.108537,0.480431,-0.123119,0.181723,0.970498,-0.0289502,0.0122838,1.42173,-0.142386,0.089369,0.0801954,-0.0669272,-0.015521,1.03642,-0.131536,-0.0174914,0.973472,-0.168948,-0.0872391,1.18036,0.0372006
927,9.25267,0.0977467,1.43886,0.031237,0.286036,0.11236,0.10836,0.0556898,0.959491,0.175891,0.0164004,1.06169,0.267359,-0.203867,1.16147,0.0607297,0.367204,0.092789,0.0610521,0.0522716,0.437313,0.147936,0.187417,0.980492,0.0350984,0.0332583,1.40821,0.209137,0.133848,0.0633634,0.0361796,-0.107229,1.14369,0.0891773,-0.147567,1.08408,0.0958181,0.180503,0.196282,-0.101679,0.0318788,0.963482,-0.141954,0.142071,1.15143,-0.285785,-0.102862,0.978014,-0.128867,0.260324,0.196957,-0.0327337,-0.112641,0.488982,-0.12358,0.182016,0.9771,-0.0293965,0.0164306,1.42773,-0.142764,0.0599958,0.0790938,-0.0678376,-0.00690314,1.04487,-0.137741,-0.00764385,0.982145,-0.175647,-0.086643,1.18596,0.0350867
928,9.26267,0.0981375,1.444,0.0315244,0.30111,0.117599,0.108961,0.0553396,0.963873,0.175209,0.00610856,1.0697,0.265647,-0.205185,1.17675,0.0530462,0.383274,0.100982,0.0615603,0.0657743,0.44217,0.146641,0.186676,0.988027,0.034691,0.0301965,1.41546,0.207887,0.153649,0.0633486,0.0359893,-0.110238,1.15634,0.084356,-0.151906,1.09757,0.0891294,0.159505,0.186676,-0.101581,0.0320871,0.970156,-0.141773,0.152866,1.16268,-0.287112,-0.0944018,0.985734,-0.136789,0.239245,0.181288,-0.0323988,-0.115608,0.497263,-0.12394,0.182026,0.98395,-0.0297281,0.0200635,1.43384,-0.143229,0.0302878,0.0787603,-0.0678872,0.00119228,1.05348,-0.143564,0.00159866,0.99107,-0.181837,-0.0867588,1.19248,0.0321521
929,9.27266,0.097987,1.44951,0.031748,0.315377,0.12339,0.109597,0.0544933,0.968632,0.17433,-0.00330434,1.07784,0.263913,-0.205899,1.19121,0.0459223,0.398609,0.110147,0.0621298,0.0787035,0.447465,0.145452,0.185357,0.995623,0.0344156,0.0271576,1.42279,0.20642,0.173588,0.0632948,0.0358425,-0.112724,1.16862,0.0799405,-0.155369,1.11043,0.0828119,0.137529,0.177052,-0.101349,0.032312,0.977072,-0.141691,0.16307,1.17376,-0.287979,-0.0864188,0.9935,-0.144171,0.21685,0.1655,-0.0329258,-0.117425,0.505043,-0.124227,0.181794,0.990913,-0.0300009,0.0232117,1.4399,-0.143716,0.000799436,0.0787304,-0.0669443,0.00882496,1.06206,-0.148948,0.0102864,1.00005,-0.187696,-0.0871405,1.19933,0.028417
930,9.28265,0.0975706,1.45513,0.0318121,0.328887,0.129682,0.110236,0.0531908,0.973674,0.173249,-0.0118272,1.08593,0.262144,-0.206119,1.20471,0.0393356,0.413148,0.120075,0.062721,0.0910527,0.453208,0.144679,0.183617,1.00306,0.0342069,0.0242565,1.43009,0.204641,0.193711,0.0629982,0.0359397,-0.114413,1.17999,0.0757042,-0.158177,1.12254,0.0769731,0.114584,0.167497,-0.101581,0.0325776,0.983974,-0.141806,0.172564,1.18449,-0.28828,-0.0789714,1.00111,-0.15108,0.193427,0.149997,-0.0342182,-0.118164,0.512181,-0.124449,0.181372,0.997833,-0.0302297,0.0258209,1.44584,-0.144357,-0.0287668,0.07972,-0.0655595,0.0158793,1.07045,-0.153892,0.0185302,1.00891,-0.193114,-0.0874737,1.2064,0.0241009
931,9.29264,0.0971119,1.46063,0.0316141,0.341635,0.136194,0.110823,0.0515404,0.978812,0.171964,-0.0195061,1.09387,0.260345,-0.206041,1.21709,0.03326,0.426514,0.130253,0.0631488,0.102691,0.459298,0.144174,0.181609,1.01031,0.0340159,0.0214251,1.43728,0.202597,0.213764,0.0626221,0.0361952,-0.115812,1.19068,0.071933,-0.160385,1.13382,0.0715941,0.0908633,0.158238,-0.102267,0.0328724,0.990715,-0.142098,0.181296,1.19472,-0.288008,-0.0720485,1.00839,-0.15761,0.168922,0.134845,-0.0357371,-0.117753,0.518637,-0.124613,0.18066,1.00468,-0.0303454,0.0280456,1.45161,-0.145189,-0.0582273,0.0822132,-0.0638692,0.0223314,1.07848,-0.158448,0.0264225,1.01744,-0.19765,-0.0877302,1.21358,0.0195864
932,9.30263,0.0967874,1.46583,0.0311199,0.353569,0.142754,0.111306,0.049592,0.983873,0.170563,-0.0263405,1.10155,0.25866,-0.20576,1.2282,0.0276539,0.438771,0.140708,0.0634239,0.11363,0.465456,0.143417,0.179342,1.01734,0.0338031,0.018547,1.44423,0.200383,0.233576,0.0622068,0.0365669,-0.116915,1.20059,0.0686518,-0.161991,1.14404,0.0666885,0.066649,0.149518,-0.103181,0.0326934,0.996921,-0.142413,0.189214,1.20448,-0.287444,-0.0656574,1.01519,-0.163833,0.143725,0.120547,-0.0376138,-0.116093,0.524352,-0.124728,0.179367,1.01147,-0.0303747,0.0299689,1.4571,-0.14616,-0.0872124,0.0860351,-0.0618086,0.028135,1.08606,-0.162603,0.0336723,1.02535,-0.201805,-0.0878002,1.22062,0.0149223
933,9.31263,0.0965678,1.47059,0.0303254,0.364761,0.14931,0.111714,0.0474391,0.988632,0.169146,-0.0321097,1.1089,0.257367,-0.205031,1.23795,0.0224963,0.449949,0.151553,0.063599,0.123695,0.471323,0.14254,0.176922,1.02401,0.0334576,0.0157632,1.45079,0.197998,0.252811,0.0619419,0.0369583,-0.117392,1.20922,0.0654301,-0.163058,1.15306,0.0622228,0.0422097,0.141627,-0.104143,0.0319263,1.00227,-0.142703,0.196341,1.21355,-0.286635,-0.0598776,1.02151,-0.169776,0.118256,0.107286,-0.0398104,-0.113314,0.529169,-0.124753,0.177647,1.01793,-0.0304205,0.0316983,1.46222,-0.147195,-0.115247,0.0910206,-0.0593475,0.0332407,1.09315,-0.166401,0.0402682,1.0326,-0.205556,-0.0880909,1.2272,0.0105767
934,9.32262,0.0964449,1.47481,0.0292845,0.375293,0.155928,0.112076,0.0450833,0.992981,0.167784,-0.0370048,1.11584,0.256275,-0.203948,1.24627,0.0177349,0.460083,0.162704,0.0636719,0.132775,0.476787,0.141593,0.174416,1.03018,0.0329585,0.0132363,1.45674,0.195427,0.271242,0.0619181,0.037222,-0.117718,1.21669,0.0624007,-0.163656,1.16083,0.0581783,0.0179623,0.134786,-0.105014,0.0324009,1.00752,-0.143234,0.202722,1.22172,-0.285622,-0.0548244,1.02734,-0.175345,0.0924046,0.094896,-0.0422207,-0.109692,0.532885,-0.124675,0.17579,1.02388,-0.0305408,0.0333684,1.46685,-0.14822,-0.141907,0.0971397,-0.056642,0.037624,1.09966,-0.170015,0.0461452,1.03918,-0.20878,-0.0890939,1.2331,0.00720574
935,9.33261,0.0963913,1.47839,0.0280458,0.385187,0.162521,0.112415,0.0426216,0.996816,0.16643,-0.0411761,1.1222,0.255297,-0.202867,1.25305,0.0132671,0.469256,0.17401,0.0637242,0.140696,0.481853,0.140557,0.171913,1.0357,0.0323672,0.0109846,1.46201,0.192715,0.288892,0.0620355,0.0373747,-0.117826,1.223,0.059661,-0.163907,1.16729,0.0545122,-0.00558616,0.129216,-0.105701,0.0329504,1.01223,-0.143975,0.208383,1.22884,-0.284518,-0.050587,1.03276,-0.180327,0.0669518,0.083898,-0.0444879,-0.105413,0.535358,-0.124431,0.173867,1.02928,-0.0307137,0.0347999,1.47085,-0.149299,-0.166676,0.104223,-0.0539594,0.0416387,1.10545,-0.17322,0.051191,1.04497,-0.211464,-0.0901697,1.23866,0.00457345
936,9.3426,0.096362,1.48128,0.0266638,0.394559,0.169063,0.112797,0.0401539,1.00006,0.165053,-0.0446224,1.12782,0.254496,-0.201769,1.25824,0.00908378,0.477624,0.185367,0.063911,0.147352,0.486455,0.139423,0.169404,1.04041,0.031782,0.00897886,1.46652,0.189906,0.305709,0.0622797,0.0374835,-0.117872,1.22799,0.0571063,-0.163847,1.17235,0.0512411,-0.0279002,0.124958,-0.106275,0.0329776,1.01615,-0.144781,0.213389,1.23474,-0.283489,-0.047209,1.03766,-0.184847,0.042491,0.0745726,-0.0463278,-0.10049,0.536573,-0.124084,0.17183,1.03398,-0.0309439,0.0360583,1.47407,-0.150416,-0.189204,0.111946,-0.0516221,0.0446664,1.11046,-0.175674,0.0552877,1.04986,-0.213648,-0.0912347,1.24373,0.0024582
937,9.35259,0.0963976,1.48342,0.0251887,0.403612,0.175606,0.113139,0.0376902,1.00267,0.163555,-0.047319,1.13254,0.253873,-0.200636,1.26177,0.00516835,0.485293,0.196696,0.0641663,0.152693,0.490411,0.138214,0.166995,1.04423,0.0312566,0.00726969,1.47018,0.187061,0.321972,0.0627708,0.037514,-0.117821,1.23174,0.0548458,-0.163493,1.17593,0.0483943,-0.0484912,0.121919,-0.106816,0.0305956,1.01796,-0.144728,0.2178,1.23924,-0.282641,-0.0447984,1.04197,-0.18888,0.0195031,0.0669715,-0.0476427,-0.0951269,0.536565,-0.123736,0.169743,1.03784,-0.0311913,0.0372214,1.47644,-0.151584,-0.2093,0.120035,-0.0494405,0.0472681,1.11448,-0.177886,0.0584164,1.05383,-0.2155,-0.092392,1.24803,0.00070967
938,9.36259,0.0965049,1.48476,0.0236609,0.412315,0.182112,0.113491,0.0351627,1.00464,0.161979,-0.0492414,1.13621,0.253411,-0.199509,1.26357,0.00153741,0.492355,0.207953,0.0644703,0.156497,0.493229,0.137275,0.164685,1.04711,0.0307127,0.00578917,1.47299,0.184253,0.337786,0.0636687,0.0373722,-0.117614,1.23412,0.0528596,-0.162935,1.17795,0.0459731,-0.0667936,0.119931,-0.10719,0.0286015,1.01913,-0.145094,0.221559,1.24222,-0.282024,-0.0434196,1.04559,-0.192397,-0.00107342,0.0613623,-0.048563,-0.0897796,0.535449,-0.123388,0.167627,1.0408,-0.0315046,0.0382522,1.47793,-0.152875,-0.226525,0.127853,-0.0475069,0.0490146,1.11766,-0.179973,0.0605053,1.05685,-0.217063,-0.0936134,1.25133,-0.000827675
939,9.37258,0.0966515,1.48524,0.022074,0.420591,0.18865,0.113825,0.032642,1.00585,0.160389,-0.0503791,1.13872,0.253126,-0.198381,1.26355,-0.00175467,0.498823,0.219153,0.0648467,0.158632,0.494596,0.136657,0.162527,1.04906,0.0301448,0.0046029,1.47479,0.181479,0.353075,0.0650935,0.0370126,-0.116883,1.23469,0.0509002,-0.162158,1.17836,0.04401,-0.0820183,0.118738,-0.107116,0.0274795,1.01963,-0.145956,0.22461,1.24356,-0.281665,-0.043079,1.04843,-0.195364,-0.0183545,0.0574147,-0.0490386,-0.0849784,0.533405,-0.122919,0.165572,1.04296,-0.0319313,0.0391891,1.47845,-0.154252,-0.240447,0.134526,-0.0460735,0.0497677,1.1199,-0.181865,0.0614393,1.05889,-0.218315,-0.0947867,1.25349,-0.00237961
940,9.38257,0.0968449,1.48486,0.0203786,0.428473,0.195212,0.114125,0.030313,1.00613,0.158836,-0.0506721,1.13996,0.253028,-0.197204,1.26171,-0.00462959,0.504633,0.230296,0.0652897,0.159114,0.494384,0.136245,0.160592,1.05014,0.0295533,0.00350668,1.47572,0.178806,0.367815,0.0669787,0.0365764,-0.116135,1.23371,0.049226,-0.161164,1.17707,0.0425267,-0.0936796,0.117894,-0.1068,0.0267603,1.01897,-0.146972,0.226879,1.24338,-0.281959,-0.043821,1.05038,-0.197763,-0.0316613,0.0542434,-0.048958,-0.0812941,0.5306,-0.122308,0.163622,1.04439,-0.0325704,0.0399322,1.47793,-0.155861,-0.250793,0.139919,-0.0446524,0.0496072,1.12108,-0.183482,0.0611889,1.05981,-0.219302,-0.0958186,1.25441,-0.00402723
941,9.39256,0.0971133,1.48361,0.0185494,0.435959,0.201694,0.114379,0.0282136,1.0055,0.157387,-0.0500919,1.13992,0.253099,-0.196116,1.25793,-0.00709803,0.509666,0.241323,0.0657603,0.157911,0.492476,0.135955,0.158922,1.05027,0.0289014,0.00271316,1.47555,0.17625,0.381654,0.0691654,0.0361759,-0.115561,1.23124,0.0479121,-0.159945,1.17406,0.0415303,-0.101204,0.116654,-0.106148,0.0262036,1.01704,-0.148006,0.228174,1.24134,-0.28238,-0.0457007,1.05138,-0.19965,-0.0405574,0.0511352,-0.0484263,-0.079212,0.527418,-0.121692,0.161761,1.04493,-0.0333909,0.0405443,1.47633,-0.157755,-0.25718,0.143598,-0.0430996,0.0484874,1.12113,-0.184806,0.0598307,1.05941,-0.220138,-0.0968055,1.25402,-0.00572304
942,9.40256,0.0973949,1.48145,0.0165503,0.442856,0.20808,0.114629,0.0264496,1.00394,0.156061,-0.0486489,1.13863,0.253348,-0.195155,1.25216,-0.00910657,0.513582,0.252248,0.0662354,0.154933,0.488946,0.135691,0.157705,1.04925,0.0282166,0.00218919,1.47428,0.173818,0.394198,0.0712676,0.0359338,-0.114914,1.22708,0.0468318,-0.158499,1.16928,0.0410154,-0.104646,0.114566,-0.105271,0.0257972,1.01388,-0.149056,0.228444,1.23744,-0.283035,-0.0487049,1.05151,-0.201041,-0.0445718,0.0483765,-0.0476168,-0.0788282,0.5245,-0.121265,0.160112,1.0443,-0.0343337,0.0410072,1.47359,-0.160008,-0.259372,0.144895,-0.0414114,0.0463794,1.12003,-0.185857,0.0571121,1.05781,-0.220644,-0.0975776,1.25219,-0.0078514
943,9.41255,0.0976402,1.47836,0.0143431,0.448987,0.214573,0.115044,0.025083,1.00145,0.154905,-0.046329,1.13618,0.253757,-0.194298,1.24443,-0.0105653,0.515911,0.263051,0.0667594,0.150212,0.483952,0.135426,0.156999,1.04683,0.0274982,0.00200781,1.47185,0.171527,0.405192,0.0728029,0.0359938,-0.113711,1.2209,0.0458473,-0.156802,1.16271,0.0409682,-0.103949,0.111672,-0.10426,0.025254,1.00973,-0.150242,0.227648,1.2318,-0.284031,-0.0528072,1.05092,-0.201794,-0.0429631,0.0474321,-0.0467662,-0.0795337,0.521924,-0.120855,0.158928,1.04227,-0.0353236,0.0413856,1.46973,-0.162621,-0.257417,0.142561,-0.0391587,0.0433066,1.11787,-0.186811,0.0532142,1.05512,-0.220888,-0.098258,1.24913,-0.0101741
944,9.42254,0.0978201,1.47432,0.0118906,0.453844,0.220809,0.115293,0.0241568,0.998048,0.153869,-0.0431345,1.13268,0.254306,-0.193534,1.23474,-0.0114293,0.516264,0.27358,0.0674606,0.143923,0.47769,0.135238,0.156853,1.04289,0.0267859,0.00217815,1.46819,0.169393,0.414825,0.073253,0.0362959,-0.112416,1.21308,0.0452309,-0.154823,1.15431,0.0413807,-0.0983026,0.108153,-0.103217,0.0250988,1.0048,-0.151515,0.225761,1.22448,-0.2854,-0.0580006,1.04961,-0.202144,-0.0352707,0.0484238,-0.0459906,-0.0806816,0.519029,-0.120205,0.158432,1.03859,-0.0362649,0.041798,1.46483,-0.165462,-0.251853,0.134893,-0.0365823,0.0393311,1.11467,-0.187497,0.0482639,1.0514,-0.220981,-0.098872,1.24509,-0.0124121
945,9.43253,0.0979497,1.46935,0.00919632,0.457253,0.226635,0.11562,0.0236906,0.993696,0.152931,-0.0391004,1.12825,0.254999,-0.1929,1.22305,-0.0116967,0.514788,0.283369,0.0682424,0.136419,0.470456,0.13517,0.157151,1.03745,0.0260998,0.00267697,1.4633,0.167355,0.42378,0.0725064,0.0367872,-0.111141,1.20371,0.0449558,-0.152488,1.14415,0.0422539,-0.0878001,0.103627,-0.102248,0.0254526,0.999189,-0.15292,0.22285,1.21556,-0.287064,-0.0641794,1.04765,-0.20213,-0.0221936,0.0502169,-0.0451086,-0.0817408,0.515205,-0.11962,0.158689,1.03316,-0.0370954,0.042252,1.45898,-0.16837,-0.242928,0.122225,-0.0341254,0.034532,1.11047,-0.187891,0.0423404,1.04679,-0.220926,-0.0993144,1.24028,-0.0144743
946,9.44252,0.0980186,1.46346,0.0062887,0.459186,0.231797,0.116044,0.023574,0.988361,0.152158,-0.0342707,1.12297,0.255793,-0.192382,1.20937,-0.0113078,0.5122,0.291825,0.0687174,0.128003,0.462407,0.135343,0.157749,1.03068,0.0254613,0.0033164,1.45737,0.165368,0.432582,0.0715989,0.0374649,-0.109714,1.19277,0.0449156,-0.149752,1.13233,0.0436184,-0.0743583,0.0989803,-0.101397,0.0261311,0.993079,-0.1545,0.219078,1.20504,-0.288871,-0.0712544,1.04511,-0.201746,-0.00610033,0.0516342,-0.0442711,-0.0825568,0.510146,-0.119727,0.159583,1.02617,-0.0377669,0.0425138,1.45233,-0.171245,-0.23142,0.107359,-0.032542,0.0290273,1.10539,-0.188041,0.0351292,1.04159,-0.220637,-0.099687,1.2344,-0.0163919
947,9.45252,0.0980723,1.45676,0.00321604,0.459761,0.236313,0.116523,0.023878,0.982062,0.151523,-0.028697,1.11692,0.256613,-0.191927,1.19374,-0.010239,0.509181,0.298803,0.0685987,0.118909,0.453746,0.135712,0.158803,1.02282,0.0249063,0.00397008,1.45065,0.1634,0.440239,0.0727472,0.0386532,-0.108109,1.18027,0.0451985,-0.146602,1.11892,0.0455323,-0.0600335,0.0958925,-0.100676,0.0271266,0.9867,-0.15623,0.214505,1.19304,-0.290701,-0.0791679,1.04206,-0.201038,0.010584,0.0529282,-0.0433912,-0.0837487,0.504105,-0.120682,0.161097,1.01808,-0.0382642,0.0424957,1.44499,-0.174037,-0.218549,0.0939038,-0.0321587,0.0228415,1.09952,-0.187932,0.0269232,1.03516,-0.220223,-0.0998331,1.22717,-0.0182535
948,9.46251,0.0983581,1.44959,0.000125407,0.459052,0.24119,0.117075,0.024624,0.974858,0.151119,-0.0223004,1.11022,0.257521,-0.191375,1.1763,-0.00840851,0.505834,0.30511,0.0680648,0.109308,0.444813,0.135924,0.160523,1.0141,0.0244517,0.00488404,1.4434,0.161441,0.444154,0.0764367,0.0405851,-0.106312,1.16636,0.0459238,-0.143024,1.10403,0.0480506,-0.0453104,0.0946345,-0.100118,0.0287065,0.980271,-0.158054,0.208891,1.17991,-0.292893,-0.0878211,1.03862,-0.200005,0.0274427,0.0545852,-0.0428312,-0.0861764,0.498169,-0.122507,0.163403,1.00941,-0.0387782,0.0422523,1.43694,-0.176781,-0.204666,0.0831418,-0.0325609,0.0160299,1.09301,-0.187536,0.0180112,1.02796,-0.21966,-0.0993315,1.21871,-0.0201431
949,9.4725,0.099154,1.44251,-0.00286997,0.45644,0.246853,0.11767,0.0258724,0.966911,0.150981,-0.0148552,1.10309,0.258508,-0.190657,1.15725,-0.0057776,0.501545,0.311183,0.0675163,0.0994855,0.436123,0.135446,0.163115,1.00457,0.0241629,0.0058043,1.43639,0.159707,0.44336,0.0815482,0.0430742,-0.104257,1.15127,0.0471906,-0.139008,1.08799,0.0513066,-0.0296017,0.0942005,-0.10001,0.0311948,0.973975,-0.15991,0.202304,1.16584,-0.295329,-0.0971199,1.03494,-0.198601,0.0450208,0.0562908,-0.0429502,-0.0899892,0.494124,-0.125099,0.166687,1.00016,-0.03949,0.0418056,1.42829,-0.179766,-0.189393,0.0750947,-0.0327625,0.00835641,1.08609,-0.187098,0.00808746,1.02108,-0.218335,-0.0982088,1.20983,-0.0215562
950,9.48249,0.100358,1.43603,-0.00582394,0.451464,0.252594,0.11811,0.0275762,0.958543,0.151371,-0.00629798,1.09574,0.259265,-0.189754,1.13675,-0.00220431,0.496061,0.31671,0.0671865,0.0889954,0.428021,0.134483,0.166505,0.993931,0.0242531,0.00678969,1.42961,0.158558,0.438666,0.0867615,0.0454614,-0.101903,1.13526,0.0490432,-0.134515,1.07109,0.0553676,-0.0127645,0.094109,-0.10018,0.0344342,0.968358,-0.16163,0.194678,1.15095,-0.297647,-0.107048,1.03121,-0.196692,0.0633673,0.0576263,-0.0434569,-0.0943655,0.492906,-0.127808,0.170615,0.989862,-0.0398757,0.0412033,1.41936,-0.183241,-0.172345,0.0699325,-0.0324232,5.07263e-05,1.07915,-0.18656,-0.00264756,1.01421,-0.216468,-0.0967324,1.20038,-0.0224735
951,9.49248,0.101278,1.43041,-0.00894803,0.444197,0.257613,0.118233,0.0300113,0.950123,0.152097,0.00319996,1.08859,0.259922,-0.18854,1.11515,0.002529,0.489426,0.321192,0.0669533,0.0771635,0.421222,0.133703,0.170394,0.981995,0.0253376,0.00803781,1.42273,0.158178,0.430836,0.091417,0.0469839,-0.0991591,1.11867,0.0514727,-0.129413,1.05366,0.0602529,0.00511236,0.094313,-0.0999757,0.0379684,0.963854,-0.162839,0.185769,1.13551,-0.299522,-0.117618,1.02777,-0.194291,0.0821197,0.0584281,-0.0437221,-0.0977167,0.492753,-0.130447,0.174782,0.978631,-0.0385209,0.0404303,1.41063,-0.187199,-0.153873,0.0673996,-0.0322335,-0.00876918,1.07218,-0.185559,-0.0140112,1.00722,-0.214246,-0.0949504,1.19009,-0.0232975
952,9.50248,0.101071,1.42583,-0.0122016,0.43503,0.261609,0.11807,0.0331161,0.942071,0.152941,0.0135289,1.08187,0.260443,-0.186783,1.09297,0.00866904,0.481663,0.324391,0.0666339,0.0638417,0.416322,0.133487,0.174573,0.969801,0.0280966,0.00921777,1.41581,0.158278,0.42033,0.0952635,0.0477907,-0.0958577,1.10195,0.0544853,-0.123403,1.03615,0.0659734,0.023515,0.0945015,-0.0994627,0.042218,0.960166,-0.163367,0.17586,1.12005,-0.301324,-0.128804,1.02491,-0.191344,0.101255,0.0590203,-0.0437798,-0.0987494,0.490453,-0.133359,0.179193,0.968261,-0.0348561,0.0396752,1.40219,-0.191249,-0.135199,0.0657923,-0.0321877,-0.0183992,1.06551,-0.183492,-0.0260962,1.00041,-0.211549,-0.0929663,1.17959,-0.0234466
953,9.51247,0.0995413,1.4224,-0.015051,0.424353,0.264594,0.117693,0.0364156,0.934926,0.153727,0.0244454,1.07612,0.261104,-0.18405,1.07111,0.0164366,0.472718,0.32627,0.066135,0.0496504,0.412621,0.133522,0.17904,0.959849,0.0319231,0.00989491,1.40929,0.157979,0.407409,0.0982528,0.048481,-0.091533,1.08553,0.0581216,-0.116157,1.01927,0.0725384,0.0421179,0.0945109,-0.0989683,0.0459963,0.956184,-0.16363,0.164834,1.10505,-0.302907,-0.140576,1.02294,-0.187705,0.120779,0.0597275,-0.0437498,-0.0969886,0.484481,-0.1366,0.183146,0.960023,-0.0311856,0.038881,1.39411,-0.194965,-0.116656,0.0641036,-0.0319222,-0.0287416,1.05967,-0.181001,-0.038976,0.994448,-0.208162,-0.0907466,1.16981,-0.0228362
954,9.52246,0.0974202,1.41976,-0.0169919,0.412458,0.266557,0.117231,0.0392269,0.929234,0.154187,0.0359243,1.07164,0.261863,-0.179548,1.05068,0.025792,0.462598,0.326852,0.0653777,0.0352905,0.409131,0.133405,0.183033,0.95331,0.0348249,0.0102982,1.40362,0.156759,0.39219,0.100308,0.0492952,-0.0857865,1.06993,0.0625017,-0.107858,1.00352,0.0799387,0.0610875,0.0945346,-0.0986678,0.0493262,0.951973,-0.163576,0.152565,1.09099,-0.304068,-0.152863,1.02227,-0.18324,0.140274,0.0602389,-0.0436388,-0.0922919,0.476363,-0.140038,0.185559,0.954331,-0.0298193,0.0376388,1.38674,-0.197829,-0.097652,0.0628288,-0.0316913,-0.0396665,1.05502,-0.178156,-0.0525706,0.989772,-0.204065,-0.0883377,1.16172,-0.0214598
955,9.53245,0.0955671,1.41703,-0.0182004,0.399543,0.26732,0.116701,0.0411107,0.925254,0.154085,0.0480593,1.06846,0.262913,-0.173642,1.03242,0.0364071,0.451403,0.325994,0.0643007,0.0209125,0.406035,0.13316,0.185785,0.949806,0.0352417,0.011234,1.39869,0.155206,0.374874,0.101301,0.0502332,-0.0790826,1.05572,0.0676728,-0.0985711,0.989481,0.0881447,0.0802656,0.0945983,-0.0985572,0.0521094,0.947498,-0.163272,0.13915,1.07832,-0.30474,-0.165498,1.02339,-0.177888,0.159642,0.060507,-0.043571,-0.0850294,0.468359,-0.142911,0.187023,0.951256,-0.0303738,0.0355125,1.38059,-0.19956,-0.0783613,0.06195,-0.0315279,-0.0510237,1.05188,-0.174704,-0.0668415,0.986968,-0.19954,-0.0859398,1.156,-0.0193292
956,9.54244,0.0949004,1.41385,-0.0193944,0.385689,0.266745,0.116049,0.042272,0.922786,0.153534,0.0609657,1.06646,0.264521,-0.166484,1.01682,0.0478643,0.439298,0.323558,0.0628701,0.00645474,0.404054,0.132943,0.187185,0.948363,0.0333528,0.0133094,1.39435,0.154117,0.355665,0.101203,0.0512219,-0.071622,1.04379,0.0738325,-0.0883338,0.977677,0.0970305,0.0995736,0.0946944,-0.0984376,0.0542881,0.942828,-0.162806,0.124894,1.06726,-0.304951,-0.178293,1.02675,-0.171631,0.179175,0.060799,-0.0434848,-0.07672,0.461417,-0.144224,0.188342,0.949906,-0.0318939,0.0326429,1.37569,-0.200482,-0.0588493,0.0613318,-0.0314571,-0.0625692,1.05062,-0.170506,-0.0817324,0.986216,-0.194651,-0.0838279,1.15255,-0.0166004
957,9.55244,0.0961264,1.41045,-0.0213686,0.370984,0.264886,0.115187,0.0431792,0.921617,0.152602,0.0746361,1.06576,0.266704,-0.158227,1.00411,0.0597254,0.426443,0.319434,0.0611144,-0.00793528,0.403545,0.132806,0.187355,0.948063,0.0304052,0.0164873,1.39075,0.153539,0.334679,0.100095,0.0521016,-0.0634779,1.03434,0.0808666,-0.0772827,0.968361,0.106412,0.11878,0.094893,-0.0982573,0.055863,0.938138,-0.162268,0.110204,1.05781,-0.304711,-0.190831,1.03268,-0.164478,0.198897,0.0610589,-0.0432977,-0.0686302,0.455426,-0.143909,0.189212,0.949009,-0.0341798,0.029789,1.37186,-0.201337,-0.0392937,0.0609075,-0.0313727,-0.0740857,1.05149,-0.165607,-0.0967992,0.987774,-0.188971,-0.0819349,1.15069,-0.0135043
958,9.56243,0.0985421,1.40713,-0.0241099,0.355529,0.261844,0.114012,0.0441824,0.921612,0.151402,0.0887605,1.06659,0.268982,-0.149162,0.994351,0.0716622,0.413094,0.31351,0.059001,-0.0220049,0.404672,0.132655,0.187169,0.948148,0.0272961,0.0203881,1.38814,0.153019,0.311863,0.0981853,0.0527694,-0.0547374,1.0274,0.0885776,-0.0657106,0.961682,0.116126,0.137762,0.0952423,-0.098075,0.0568659,0.933652,-0.161756,0.0952576,1.04998,-0.304028,-0.202933,1.04128,-0.156486,0.218669,0.0614709,-0.0431415,-0.0599753,0.450526,-0.143218,0.189901,0.948001,-0.0368451,0.0277214,1.36915,-0.202455,-0.0196718,0.0606005,-0.0312859,-0.0854591,1.05461,-0.160249,-0.111682,0.991776,-0.18242,-0.0799808,1.14971,-0.0102615
959,9.57242,0.100869,1.40463,-0.0270567,0.339428,0.257625,0.112552,0.0455247,0.922456,0.150046,0.102784,1.06935,0.271203,-0.139572,0.987361,0.083467,0.399439,0.305656,0.0565196,-0.0356458,0.407433,0.132442,0.187235,0.948204,0.0246082,0.0245453,1.38668,0.152376,0.287183,0.0957734,0.0533895,-0.0454702,1.02291,0.096662,-0.0539463,0.957634,0.126023,0.156776,0.0956588,-0.0979836,0.0573446,0.929621,-0.161368,0.0801059,1.04391,-0.302915,-0.214114,1.0524,-0.147745,0.23825,0.0617423,-0.0429845,-0.0494824,0.446958,-0.143167,0.190922,0.946985,-0.039334,0.0263488,1.3676,-0.203617,3.16267e-05,0.0603419,-0.0312382,-0.096614,1.06006,-0.154712,-0.126235,0.998114,-0.175096,-0.0783618,1.14915,-0.00720416
960,9.58241,0.101835,1.40397,-0.0296485,0.322641,0.252161,0.11084,0.0470953,0.923821,0.14876,0.116575,1.0741,0.2735,-0.129693,0.982877,0.0950279,0.385327,0.295919,0.0538915,-0.0486769,0.411692,0.13217,0.188107,0.948766,0.0227861,0.0286629,1.38645,0.151632,0.260814,0.0929791,0.0539141,-0.0358582,1.02076,0.104798,-0.0421351,0.956048,0.135918,0.175963,0.0961082,-0.0980196,0.0573595,0.9263,-0.161203,0.0647958,1.03988,-0.301347,-0.224189,1.06569,-0.138452,0.258145,0.062342,-0.0430508,-0.0376028,0.444164,-0.143302,0.192217,0.946341,-0.0412345,0.0248641,1.36722,-0.204566,0.0198483,0.0601005,-0.0312482,-0.106892,1.06758,-0.149021,-0.14008,1.00665,-0.16722,-0.0774984,1.14908,-0.00472775
961,9.59241,0.100923,1.40551,-0.0315517,0.305073,0.24534,0.108817,0.048599,0.92567,0.14778,0.130032,1.08065,0.275672,-0.119671,0.980633,0.106266,0.370455,0.284371,0.0511946,-0.0609207,0.41728,0.131839,0.189593,0.950151,0.0221167,0.0325347,1.38755,0.150787,0.23293,0.0899953,0.0543177,-0.0261376,1.02068,0.1128,-0.030324,0.956639,0.145638,0.195372,0.0966689,-0.0980604,0.0569799,0.923938,-0.161344,0.0495117,1.03828,-0.299319,-0.233043,1.08069,-0.128828,0.278325,0.0632522,-0.0432342,-0.0245732,0.441512,-0.143021,0.193191,0.946685,-0.0421891,0.0227587,1.36813,-0.20521,0.0397659,0.0599103,-0.0312929,-0.1162,1.07683,-0.14285,-0.152947,1.01716,-0.159046,-0.0776002,1.1498,-0.00303066
962,9.6024,0.0990829,1.4085,-0.03285,0.286753,0.237381,0.106651,0.0497141,0.928137,0.147183,0.143107,1.08878,0.277426,-0.109442,0.98037,0.116953,0.354644,0.271156,0.0484111,-0.0722332,0.424011,0.131406,0.1912,0.952097,0.0222567,0.0361887,1.38994,0.149842,0.203748,0.0870976,0.0546296,-0.0164514,1.02241,0.120566,-0.0185904,0.959083,0.155063,0.214907,0.0974205,-0.0981686,0.0562792,0.922758,-0.161852,0.0346364,1.03943,-0.296777,-0.240609,1.09688,-0.119075,0.29803,0.0638897,-0.0432135,-0.00994287,0.43934,-0.142398,0.193521,0.948501,-0.0422887,0.020191,1.3705,-0.205554,0.0597667,0.0597767,-0.0313224,-0.124571,1.08754,-0.136286,-0.164635,1.02932,-0.150746,-0.078712,1.15172,-0.00211286
963,9.61239,0.0974398,1.41192,-0.0339309,0.267718,0.228468,0.10441,0.0503605,0.931434,0.146842,0.155714,1.09827,0.278689,-0.0992391,0.981882,0.127114,0.337779,0.256501,0.0455546,-0.0824982,0.431595,0.130927,0.192586,0.954389,0.022519,0.0398069,1.39347,0.148805,0.173593,0.0844035,0.0546927,-0.00688947,1.0257,0.127966,-0.00706337,0.96315,0.164075,0.234423,0.0984283,-0.0982846,0.0553293,0.922936,-0.162764,0.0204912,1.04303,-0.29381,-0.246845,1.11377,-0.109285,0.317884,0.0650942,-0.0432661,0.00620799,0.438357,-0.141644,0.193683,0.951829,-0.0421256,0.0173544,1.37433,-0.205625,0.0798589,0.059621,-0.0313485,-0.131946,1.09934,-0.129479,-0.175017,1.04273,-0.142466,-0.0805211,1.15499,-0.00182869
964,9.62238,0.0967181,1.41539,-0.035192,0.24796,0.218717,0.102069,0.0506635,0.935655,0.146469,0.167529,1.10891,0.279614,-0.0893075,0.985014,0.136828,0.319617,0.240727,0.0426207,-0.0916351,0.439711,0.130473,0.193487,0.957119,0.0225397,0.0435514,1.39791,0.147602,0.142735,0.0820434,0.0545337,0.00243804,1.03035,0.13487,0.00417072,0.968728,0.172432,0.253597,0.0999573,-0.0984792,0.0541953,0.924588,-0.164077,0.00718416,1.04844,-0.290681,-0.251817,1.131,-0.0995228,0.337645,0.0673778,-0.0434606,0.0227578,0.438722,-0.140873,0.193565,0.956084,-0.041976,0.0140878,1.37945,-0.205372,0.0999638,0.0594062,-0.031386,-0.138265,1.11185,-0.122686,-0.184106,1.05694,-0.134247,-0.0823031,1.15927,-0.00157921
965,9.63237,0.0971024,1.41889,-0.0368369,0.22735,0.208249,0.0996651,0.0505365,0.94073,0.146094,0.178757,1.12034,0.280121,-0.0797444,0.989517,0.146023,0.300031,0.224291,0.0395734,-0.0995939,0.448088,0.130065,0.193738,0.960553,0.0222582,0.0469555,1.40313,0.146428,0.111352,0.0800395,0.0542332,0.0113881,1.03615,0.141187,0.0148434,0.975476,0.180041,0.272155,0.102318,-0.0988532,0.0529305,0.927749,-0.16575,-0.00531442,1.05501,-0.287602,-0.255583,1.1482,-0.0898754,0.356557,0.0708385,-0.0436909,0.0392169,0.440155,-0.140016,0.193099,0.960908,-0.0420074,0.010158,1.38552,-0.204704,0.120164,0.0591133,-0.0314262,-0.143575,1.12478,-0.116047,-0.191877,1.07149,-0.126065,-0.083652,1.16436,-0.00107796
966,9.64237,0.0980316,1.42261,-0.0386904,0.205738,0.197231,0.0973274,0.0501572,0.94673,0.145545,0.189486,1.13216,0.280162,-0.0706008,0.995128,0.154688,0.278909,0.207536,0.036494,-0.106421,0.456634,0.129651,0.193362,0.964946,0.0217971,0.0498796,1.40888,0.145329,0.0795614,0.0785383,0.0537378,0.0198385,1.04288,0.146822,0.0250723,0.982987,0.187098,0.289792,0.105677,-0.0994574,0.0515707,0.932352,-0.167685,-0.0169682,1.06239,-0.284827,-0.258235,1.16503,-0.0803744,0.374968,0.0761483,-0.0441174,0.0552535,0.44277,-0.139207,0.192429,0.96628,-0.0423836,0.00575729,1.39228,-0.203654,0.140536,0.0587937,-0.0314793,-0.147975,1.13774,-0.109494,-0.198347,1.08598,-0.117897,-0.0847808,1.17022,-7.29909e-05
967,9.65236,0.0986346,1.42695,-0.0404208,0.183092,0.185968,0.0950344,0.0493338,0.953428,0.14505,0.199688,1.14409,0.279712,-0.0619436,1.00159,0.162769,0.256263,0.190786,0.0334932,-0.112076,0.465254,0.129144,0.192498,0.970468,0.0212697,0.0523301,1.41493,0.144363,0.0475033,0.0775496,0.0528802,0.0277433,1.05008,0.151866,0.0349274,0.991028,0.193338,0.306105,0.11022,-0.100159,0.0501282,0.938205,-0.169723,-0.0279484,1.07034,-0.282247,-0.259923,1.18112,-0.0709637,0.392728,0.0833753,-0.0446985,0.0705521,0.446941,-0.138471,0.191365,0.972055,-0.0430225,0.00125829,1.39949,-0.202302,0.160937,0.0584602,-0.031469,-0.15153,1.15046,-0.103074,-0.20363,1.10002,-0.109695,-0.0859204,1.17673,0.00175073
968,9.66235,0.0979976,1.43224,-0.0416053,0.159376,0.174726,0.0927975,0.0480245,0.960679,0.144535,0.209293,1.15593,0.278777,-0.0538195,1.00863,0.170227,0.232149,0.174125,0.0306298,-0.116597,0.473596,0.128686,0.191169,0.97703,0.0207116,0.0543286,1.42113,0.143573,0.0155436,0.0769968,0.0517742,0.0351038,1.05796,0.156603,0.0442878,0.99966,0.198567,0.321201,0.115802,-0.10098,0.0485863,0.944978,-0.171634,-0.0385459,1.07872,-0.279607,-0.26074,1.19616,-0.0616729,0.409562,0.0923731,-0.0451462,0.084615,0.452494,-0.137762,0.189765,0.978087,-0.0436883,-0.00317638,1.40694,-0.200637,0.181383,0.0580973,-0.0314254,-0.154352,1.16258,-0.0966699,-0.207865,1.11331,-0.101568,-0.08688,1.18368,0.0046115
969,9.67234,0.0960946,1.43841,-0.0420679,0.134622,0.163713,0.090745,0.0463461,0.968347,0.143675,0.218205,1.16755,0.277366,-0.0462202,1.01598,0.177063,0.206597,0.157523,0.0280011,-0.119986,0.481416,0.12831,0.189306,0.98432,0.0201576,0.0559009,1.42741,0.143018,-0.0163178,0.0771546,0.0502309,0.0418188,1.06634,0.160894,0.0530304,1.00853,0.203116,0.335336,0.122223,-0.101988,0.0469013,0.952234,-0.173163,-0.0485462,1.08736,-0.277272,-0.260786,1.20994,-0.052481,0.424977,0.102459,-0.0457853,0.0973284,0.458783,-0.137242,0.187625,0.9844,-0.044247,-0.0075093,1.41447,-0.198642,0.201746,0.0576221,-0.0312936,-0.156502,1.17396,-0.090487,-0.211132,1.12561,-0.0936225,-0.0875171,1.19087,0.00845797
970,9.68233,0.0936998,1.44495,-0.0419201,0.108937,0.153114,0.0890054,0.0448129,0.976213,0.142884,0.22639,1.17883,0.275541,-0.0391858,1.02349,0.183351,0.180034,0.141394,0.0257926,-0.122191,0.488446,0.127919,0.186998,0.992033,0.0197628,0.0570842,1.43366,0.142711,-0.0481629,0.0785406,0.0481062,0.0478666,1.0749,0.164636,0.0609964,1.01746,0.206698,0.348428,0.129174,-0.103058,0.0450062,0.959446,-0.174039,-0.0578787,1.09618,-0.275279,-0.260234,1.22218,-0.0433406,0.439182,0.113679,-0.0465115,0.108978,0.465432,-0.137082,0.185052,0.991071,-0.0445668,-0.0116848,1.42196,-0.196341,0.22186,0.0571481,-0.0312638,-0.158025,1.18477,-0.0851222,-0.213243,1.13688,-0.0858527,-0.0879217,1.19804,0.012949
971,9.69233,0.0914466,1.45131,-0.0413847,0.0824811,0.143118,0.087625,0.0433122,0.983597,0.142236,0.233794,1.18966,0.273342,-0.0327878,1.031,0.189044,0.152761,0.126073,0.024271,-0.123273,0.494622,0.127473,0.18434,0.999945,0.0196213,0.0579401,1.43984,0.142614,-0.0797902,0.0814029,0.0454592,0.0532208,1.0834,0.167834,0.0682351,1.02617,0.209388,0.360341,0.136361,-0.104138,0.0427782,0.965745,-0.173739,-0.0663541,1.10503,-0.273476,-0.25912,1.23277,-0.0342915,0.451939,0.125521,-0.0473177,0.119805,0.472473,-0.137229,0.182179,0.998149,-0.0445183,-0.0156496,1.42923,-0.193761,0.241642,0.0567697,-0.0314472,-0.159009,1.19451,-0.079979,-0.214446,1.14693,-0.0784477,-0.0882355,1.20487,0.0175149
972,9.70232,0.0896094,1.4572,-0.0407262,0.0556162,0.133945,0.0863998,0.0416332,0.990228,0.141842,0.240314,1.19982,0.27082,-0.0271106,1.03835,0.194068,0.124838,0.11166,0.0234437,-0.12338,0.499939,0.126917,0.181397,1.00785,0.0197285,0.0585365,1.4459,0.142685,-0.11072,0.0856974,0.0423932,0.0578576,1.09162,0.170527,0.0747705,1.03449,0.211282,0.371136,0.143464,-0.1052,0.0402254,0.971456,-0.17294,-0.0738947,1.11372,-0.271804,-0.257476,1.24163,-0.0254057,0.463186,0.13778,-0.0482099,0.12969,0.479796,-0.137494,0.179105,1.00546,-0.044132,-0.0193222,1.43622,-0.190945,0.261091,0.0562866,-0.0317781,-0.159527,1.2029,-0.0749647,-0.215108,1.1556,-0.0715942,-0.0884776,1.21143,0.0218258
973,9.71231,0.08816,1.46249,-0.0401047,0.0285525,0.125733,0.0854949,0.0397908,0.996217,0.141583,0.245914,1.20912,0.268007,-0.0222625,1.04546,0.198371,0.0964702,0.0984009,0.0231685,-0.122479,0.504357,0.1261,0.178357,1.0156,0.020043,0.0589854,1.45173,0.142864,-0.140542,0.091382,0.0391854,0.0618715,1.09944,0.172709,0.0804826,1.04224,0.212507,0.38106,0.150653,-0.106447,0.0374218,0.976849,-0.17213,-0.0805523,1.12204,-0.270266,-0.255373,1.24878,-0.0167021,0.473087,0.150501,-0.0492766,0.138424,0.487062,-0.13775,0.175946,1.01265,-0.0434695,-0.022673,1.44281,-0.187961,0.279508,0.056171,-0.032162,-0.159663,1.20996,-0.0701397,-0.215381,1.16283,-0.0653931,-0.0888697,1.21775,0.0254002
974,9.7223,0.0869553,1.46718,-0.039558,0.00156243,0.118686,0.0848466,0.037985,1.00152,0.141248,0.250677,1.21736,0.265035,-0.0183325,1.05221,0.201956,0.0681602,0.0865966,0.0232985,-0.120556,0.507785,0.124896,0.175337,1.02302,0.0205054,0.0592269,1.4571,0.143091,-0.168732,0.0983245,0.0358689,0.0651991,1.10673,0.17434,0.0849814,1.0493,0.213384,0.390182,0.158033,-0.107856,0.0344747,0.981969,-0.171346,-0.0864629,1.1298,-0.268971,-0.252901,1.25414,-0.00825473,0.481689,0.163579,-0.0505406,0.145826,0.493891,-0.137954,0.172703,1.01932,-0.0425838,-0.0256805,1.44885,-0.184888,0.296866,0.0566676,-0.0325806,-0.159541,1.21567,-0.0655798,-0.215333,1.16863,-0.0598676,-0.0897194,1.22388,0.0278826
975,9.73229,0.0858298,1.4712,-0.0390013,-0.0248731,0.113084,0.0842824,0.0359015,1.00593,0.140922,0.254701,1.22426,0.262033,-0.0154904,1.0585,0.204817,0.0404413,0.0763793,0.0238107,-0.118163,0.510343,0.123608,0.171556,1.02954,0.0210262,0.0592958,1.4618,0.143278,-0.194939,0.106307,0.0325057,0.0674251,1.11322,0.175348,0.0882075,1.05569,0.21385,0.398652,0.165587,-0.109355,0.0313875,0.986692,-0.170522,-0.0915891,1.13666,-0.267801,-0.250148,1.2576,-0.000186897,0.489153,0.176867,-0.0520051,0.151803,0.500049,-0.138103,0.169026,1.02518,-0.0415631,-0.0283616,1.4542,-0.181835,0.313287,0.0577492,-0.0330238,-0.159232,1.21996,-0.0613171,-0.215045,1.17286,-0.0549772,-0.0912156,1.22969,0.0292726
976,9.74229,0.0847156,1.47454,-0.0383396,-0.0500071,0.109112,0.0837111,0.0333939,1.00924,0.140616,0.258043,1.22957,0.259182,-0.0138618,1.06419,0.206982,0.0140617,0.0678332,0.0245511,-0.115385,0.511902,0.121964,0.167127,1.03471,0.021488,0.0593376,1.46565,0.143366,-0.218779,0.115021,0.0292277,0.0687188,1.11867,0.176254,0.0902149,1.0612,0.21394,0.406553,0.173164,-0.110863,0.0281494,0.99088,-0.169656,-0.0958655,1.14238,-0.266909,-0.247252,1.25909,0.00742176,0.495615,0.190204,-0.0536021,0.15615,0.505379,-0.138255,0.16519,1.03015,-0.0406513,-0.0307544,1.45872,-0.178892,0.329054,0.0592654,-0.0334759,-0.158426,1.22228,-0.0575632,-0.214511,1.17549,-0.0506841,-0.0932763,1.23502,0.0298483
977,9.75228,0.0835187,1.47721,-0.0374811,-0.0730285,0.106525,0.0832857,0.0305986,1.01138,0.140394,0.260612,1.23309,0.256498,-0.013446,1.0691,0.208472,-0.0106177,0.0608783,0.025391,-0.112376,0.512307,0.120019,0.163463,1.03856,0.0219002,0.0593819,1.4686,0.143358,-0.239782,0.124024,0.0259605,0.0691471,1.12307,0.176844,0.0910198,1.06554,0.213693,0.413891,0.180406,-0.112072,0.0248507,0.994379,-0.168688,-0.0994163,1.14683,-0.266267,-0.24434,1.25858,0.0144897,0.501318,0.203453,-0.0552096,0.158749,0.509649,-0.138507,0.16154,1.03429,-0.0399268,-0.0329181,1.46232,-0.176143,0.344242,0.0612612,-0.033926,-0.157395,1.22305,-0.0541811,-0.21373,1.17637,-0.0469667,-0.0957095,1.23974,0.0299924
978,9.76227,0.082205,1.47917,-0.0363636,-0.0934776,0.104995,0.0828484,0.0277803,1.01238,0.140578,0.262329,1.23476,0.253994,-0.0142393,1.07312,0.209323,-0.0328284,0.0555445,0.0261093,-0.109353,0.511606,0.118166,0.160558,1.04108,0.0223091,0.0594249,1.47058,0.143325,-0.257713,0.132708,0.0228349,0.0686388,1.12635,0.177108,0.090559,1.06854,0.213255,0.421131,0.187711,-0.113199,0.0215612,0.997084,-0.167637,-0.102278,1.14994,-0.265814,-0.241525,1.25605,0.0209239,0.50658,0.216521,-0.0567669,0.159613,0.512512,-0.1389,0.158112,1.03769,-0.0393767,-0.0349149,1.46492,-0.173671,0.35873,0.0638548,-0.0344658,-0.156223,1.22231,-0.0511367,-0.212678,1.17543,-0.0438243,-0.0983222,1.24364,0.0302438
979,9.77226,0.080806,1.48033,-0.0350188,-0.110827,0.104282,0.0821717,0.0251562,1.01246,0.140975,0.263275,1.23446,0.251982,-0.0162297,1.07615,0.209583,-0.0515577,0.051786,0.0263891,-0.106765,0.510141,0.116647,0.157899,1.04251,0.0226993,0.059485,1.47155,0.143375,-0.27243,0.14027,0.0200209,0.0672076,1.12848,0.177033,0.0888226,1.07024,0.212671,0.428396,0.195246,-0.114252,0.0183277,0.998858,-0.166555,-0.104399,1.15167,-0.265606,-0.238762,1.2514,0.0265648,0.51161,0.229342,-0.0582605,0.158837,0.513696,-0.139364,0.154761,1.0404,-0.0389677,-0.0366945,1.4664,-0.171484,0.372453,0.067174,-0.0352994,-0.154922,1.21989,-0.048545,-0.21137,1.17259,-0.0412191,-0.100944,1.24659,0.0308138
980,9.78225,0.0794674,1.48065,-0.0335531,-0.12507,0.103488,0.080985,0.0228017,1.01159,0.141446,0.263388,1.23214,0.250509,-0.0193333,1.07813,0.209302,-0.0663718,0.0495247,0.0260125,-0.10511,0.50814,0.11521,0.155438,1.04291,0.023076,0.0596004,1.47148,0.143637,-0.28397,0.145848,0.0175562,0.0648538,1.12936,0.176681,0.0857999,1.07072,0.211973,0.435581,0.20291,-0.115189,0.0151667,0.999609,-0.165512,-0.105724,1.15208,-0.26566,-0.236107,1.24454,0.0313781,0.516158,0.241911,-0.0596854,0.156579,0.513118,-0.139775,0.151317,1.04216,-0.0386537,-0.0383589,1.46679,-0.169579,0.38522,0.0712505,-0.036364,-0.153602,1.21578,-0.0463748,-0.209779,1.16782,-0.0391717,-0.103402,1.24844,0.0318377
981,9.79225,0.078262,1.48002,-0.0320527,-0.135057,0.102756,0.0794397,0.0208631,1.00965,0.142035,0.262589,1.22783,0.249497,-0.0234534,1.079,0.208532,-0.0766462,0.0484792,0.0248702,-0.104865,0.505882,0.113854,0.153456,1.04209,0.0234259,0.0598014,1.47028,0.144216,-0.292357,0.14863,0.0153507,0.0616041,1.12896,0.17613,0.0815876,1.06987,0.211075,0.442448,0.210444,-0.116017,0.0121646,0.99928,-0.16455,-0.106202,1.15124,-0.265971,-0.233807,1.23565,0.0354912,0.519619,0.254175,-0.0612333,0.152939,0.510848,-0.140135,0.147885,1.04279,-0.0384129,-0.0399561,1.46612,-0.167941,0.396338,0.0752219,-0.0373186,-0.15261,1.21006,-0.0446425,-0.20788,1.16115,-0.0376936,-0.105536,1.24887,0.0334298
982,9.80224,0.0771636,1.47833,-0.0305448,-0.140264,0.101637,0.077652,0.0193629,1.00663,0.142792,0.260861,1.22161,0.248945,-0.028506,1.07876,0.207336,-0.0817904,0.048296,0.0231149,-0.106238,0.503657,0.11279,0.152043,1.0399,0.0237562,0.0600663,1.46786,0.145171,-0.29742,0.147993,0.0132811,0.057503,1.1274,0.175532,0.0764085,1.06746,0.2098,0.448685,0.217557,-0.116858,0.00937142,0.997832,-0.163668,-0.105852,1.14926,-0.26649,-0.231893,1.22473,0.038862,0.521507,0.26601,-0.0629979,0.148044,0.507112,-0.140546,0.144641,1.04223,-0.0382213,-0.0414886,1.46433,-0.166533,0.405555,0.0776567,-0.0382664,-0.152144,1.2029,-0.0434705,-0.205697,1.15266,-0.0367856,-0.107264,1.24732,0.0354481
983,9.81223,0.076167,1.47554,-0.0290245,-0.140353,0.0999333,0.0757498,0.0183077,1.0026,0.143695,0.258194,1.2136,0.248813,-0.0343764,1.07746,0.205745,-0.0814327,0.048955,0.0211033,-0.108935,0.501387,0.112015,0.150766,1.0363,0.0241117,0.0603044,1.46413,0.146564,-0.298667,0.143415,0.011085,0.0526639,1.1247,0.17491,0.0702869,1.06379,0.208229,0.453937,0.224069,-0.117799,0.00686588,0.995253,-0.162851,-0.10467,1.14621,-0.267172,-0.230377,1.21182,0.0413917,0.52206,0.276876,-0.064728,0.142089,0.502183,-0.141125,0.141726,1.04026,-0.0380081,-0.0429447,1.46148,-0.165305,0.413867,0.0783735,-0.039638,-0.151382,1.19429,-0.0428802,-0.20325,1.14244,-0.0364563,-0.108635,1.24376,0.0376526
984,9.82222,0.0752506,1.47165,-0.0274343,-0.135206,0.0976231,0.0740906,0.0176211,0.9976,0.144688,0.254558,1.20396,0.248921,-0.0410024,1.07516,0.203805,-0.0753588,0.0504887,0.0190922,-0.112279,0.498482,0.111341,0.149702,1.03135,0.0244113,0.0605461,1.45895,0.148512,-0.295433,0.1342,0.00852249,0.0472036,1.12071,0.173771,0.0632502,1.05905,0.206428,0.458005,0.22974,-0.118828,0.00465615,0.991548,-0.162102,-0.102717,1.14218,-0.267928,-0.229155,1.19702,0.0430881,0.521833,0.286111,-0.0659279,0.135273,0.496254,-0.142024,0.139465,1.03652,-0.0377368,-0.0442864,1.45764,-0.164191,0.422427,0.078146,-0.0413222,-0.149863,1.18386,-0.0421889,-0.200554,1.13056,-0.0367239,-0.109736,1.23849,0.0398426
985,9.83222,0.0744955,1.46668,-0.0257515,-0.125139,0.0948896,0.0728699,0.0173023,0.991798,0.145832,0.250044,1.1928,0.249401,-0.048338,1.0719,0.201542,-0.0638159,0.0525659,0.0173997,-0.115748,0.494223,0.110874,0.14889,1.02516,0.0245546,0.0609091,1.45235,0.151047,-0.287495,0.120189,0.00590524,0.0409143,1.11554,0.172064,0.0552553,1.05342,0.204409,0.460906,0.234517,-0.120162,0.00271639,0.986764,-0.161461,-0.10003,1.13728,-0.268688,-0.228236,1.18043,0.0438664,0.521039,0.293571,-0.0662526,0.127698,0.489401,-0.143419,0.138332,1.03072,-0.0375382,-0.0454954,1.45295,-0.163078,0.431139,0.0785761,-0.0435906,-0.148567,1.17204,-0.0416334,-0.197585,1.11715,-0.0376551,-0.110616,1.23191,0.0418812
986,9.84221,0.0738586,1.46062,-0.0239628,-0.112079,0.0917344,0.0720036,0.0174684,0.985603,0.147169,0.244669,1.1802,0.250151,-0.0563244,1.06776,0.19899,-0.0486468,0.0545137,0.0163522,-0.119097,0.488372,0.110693,0.148355,1.01792,0.0245032,0.0612707,1.44453,0.153882,-0.276524,0.103637,0.00416414,0.0341419,1.10924,0.170315,0.0463581,1.0469,0.202078,0.462886,0.238795,-0.121512,0.000966867,0.980989,-0.160985,-0.0965891,1.13163,-0.269516,-0.227444,1.16232,0.0437946,0.519511,0.29998,-0.0659048,0.119506,0.481745,-0.145267,0.13826,1.02311,-0.0376775,-0.0464826,1.44742,-0.161866,0.43824,0.0807269,-0.0466691,-0.147486,1.15897,-0.0415468,-0.194366,1.10236,-0.0392714,-0.111157,1.22431,0.0436234
987,9.8522,0.0733744,1.45351,-0.0220651,-0.0977053,0.0896153,0.0712074,0.0181796,0.979248,0.148486,0.238394,1.1663,0.251215,-0.06484,1.06276,0.196146,-0.0319989,0.0564119,0.0157408,-0.122963,0.481764,0.110881,0.148338,1.00986,0.0243413,0.0615693,1.43555,0.15681,-0.264465,0.0884977,0.00355166,0.0268251,1.10201,0.168488,0.0369206,1.03918,0.199383,0.463713,0.243274,-0.122899,-0.000690869,0.974304,-0.160814,-0.0924188,1.12531,-0.270558,-0.226667,1.14283,0.0428404,0.517052,0.305982,-0.0652543,0.110978,0.473545,-0.147206,0.138785,1.01435,-0.0380361,-0.0473063,1.4411,-0.160412,0.442196,0.0842085,-0.0507956,-0.146087,1.14439,-0.0421059,-0.190924,1.08641,-0.0416309,-0.11126,1.21586,0.0447474
988,9.86219,0.0732769,1.44562,-0.0199562,-0.082613,0.0891366,0.070468,0.0196265,0.972884,0.149794,0.231056,1.15129,0.252401,-0.0738694,1.05702,0.192989,-0.0146363,0.0582618,0.0156069,-0.128094,0.476282,0.111887,0.149167,1.00106,0.0242097,0.0617448,1.42544,0.159774,-0.250931,0.0771977,0.00309991,0.0188856,1.09398,0.166318,0.0270578,1.03047,0.19644,0.46292,0.247965,-0.124296,-0.00215213,0.966818,-0.161002,-0.0877666,1.11842,-0.271629,-0.225858,1.12201,0.0407609,0.513686,0.311285,-0.0645311,0.102238,0.464952,-0.148796,0.139709,1.00496,-0.038468,-0.0479899,1.43433,-0.158831,0.442712,0.0880562,-0.0553454,-0.144533,1.12879,-0.043269,-0.187303,1.06959,-0.0447655,-0.11112,1.20711,0.045492
989,9.87218,0.0740549,1.43785,-0.0174551,-0.0663168,0.0895888,0.0699302,0.02142,0.966479,0.151071,0.222672,1.1354,0.25359,-0.0835006,1.05076,0.189435,0.00355529,0.0596707,0.015892,-0.134353,0.473545,0.11381,0.150934,0.991438,0.0239597,0.061721,1.41485,0.162938,-0.234664,0.0705796,0.00235884,0.0103191,1.08533,0.163638,0.0165416,1.02122,0.19313,0.460106,0.252595,-0.125608,-0.00323007,0.95876,-0.161518,-0.0824195,1.11109,-0.272678,-0.224823,1.10023,0.0375981,0.509356,0.315719,-0.0639764,0.0930785,0.456204,-0.149545,0.141125,0.995134,-0.0390784,-0.0484697,1.42756,-0.157517,0.440123,0.0918312,-0.0597251,-0.142876,1.1125,-0.0450417,-0.183497,1.05225,-0.048762,-0.11093,1.19829,0.0457818
990,9.88218,0.0756664,1.43125,-0.0146495,-0.0486692,0.0902679,0.0693373,0.0235185,0.960283,0.152098,0.213185,1.11894,0.254722,-0.0937411,1.04422,0.185397,0.0224931,0.0606607,0.0162449,-0.140046,0.472723,0.11662,0.153316,0.981145,0.0226726,0.0613674,1.40521,0.166639,-0.216445,0.0680608,0.00239226,0.00117459,1.07656,0.160868,0.00522377,1.01176,0.189298,0.454937,0.256906,-0.126717,-0.00368505,0.950493,-0.162311,-0.0761478,1.10358,-0.273605,-0.223611,1.07787,0.0332816,0.503796,0.319329,-0.0637018,0.0828895,0.447748,-0.149466,0.143012,0.984687,-0.0404019,-0.048448,1.42109,-0.156911,0.435107,0.0953005,-0.0639443,-0.140964,1.09582,-0.047477,-0.179419,1.03463,-0.0538655,-0.110678,1.18923,0.0455883
991,9.89217,0.0770219,1.42601,-0.0119378,-0.0305147,0.0906615,0.0687207,0.0260835,0.95485,0.152715,0.202432,1.10232,0.255629,-0.104553,1.03767,0.180637,0.0418759,0.0616239,0.0165191,-0.142908,0.47123,0.120379,0.156056,0.971296,0.019179,0.0608338,1.39712,0.17077,-0.197836,0.0664533,0.00257792,-0.0085395,1.06803,0.157907,-0.00692161,1.00259,0.184916,0.447464,0.260594,-0.12754,-0.00333764,0.942513,-0.163278,-0.0688744,1.09626,-0.274387,-0.22236,1.05548,0.0274501,0.496898,0.322071,-0.0636573,0.0711009,0.440272,-0.149273,0.14511,0.973692,-0.0436653,-0.0476604,1.41496,-0.157118,0.427894,0.0982583,-0.067794,-0.138531,1.07916,-0.0506837,-0.174904,1.01715,-0.06007,-0.110343,1.17989,0.0449992
992,9.90216,0.0764634,1.42178,-0.00962812,-0.012132,0.0908005,0.0679699,0.0286763,0.950381,0.153061,0.190273,1.0861,0.256315,-0.11601,1.03171,0.175137,0.0611353,0.0622647,0.0164926,-0.142007,0.467054,0.124803,0.158723,0.962818,0.0140256,0.0600936,1.3895,0.174843,-0.178962,0.0650451,0.00242726,-0.0189392,1.06005,0.154324,-0.019791,0.994209,0.180057,0.437983,0.2635,-0.128107,-0.00239376,0.935332,-0.164294,-0.0606774,1.08947,-0.275121,-0.220783,1.03402,0.0199511,0.488703,0.32377,-0.0636851,0.0578567,0.434274,-0.149534,0.14727,0.963319,-0.0492362,-0.0464457,1.40901,-0.157771,0.418596,0.100523,-0.0713774,-0.135263,1.0629,-0.0545209,-0.169742,1.00027,-0.0672183,-0.109839,1.17063,0.0440583
993,9.91215,0.0739394,1.41832,-0.00772063,0.00676974,0.0911085,0.0674118,0.030872,0.946872,0.153392,0.176714,1.07084,0.25661,-0.128086,1.02701,0.168822,0.080253,0.0625647,0.0162438,-0.138144,0.460442,0.128809,0.160589,0.955698,0.00977641,0.058574,1.38229,0.178481,-0.159947,0.0641545,0.0021107,-0.0300236,1.05312,0.149938,-0.0333194,0.987086,0.174815,0.426915,0.265713,-0.12851,-0.00135585,0.929315,-0.165219,-0.0515566,1.08355,-0.27606,-0.218788,1.01455,0.0108218,0.479277,0.324434,-0.063527,0.0439793,0.429306,-0.149897,0.149502,0.95479,-0.0546086,-0.0455758,1.40321,-0.15818,0.40712,0.101996,-0.0749281,-0.130846,1.04739,-0.0586513,-0.163769,0.984676,-0.0750595,-0.109072,1.16228,0.0427902
994,9.92214,0.071164,1.41561,-0.0057533,0.0259357,0.091387,0.0670678,0.032432,0.943962,0.153697,0.162198,1.05726,0.256803,-0.140584,1.02426,0.16176,0.0995685,0.0629769,0.0160546,-0.132247,0.453035,0.131782,0.161483,0.95033,0.00817707,0.0561189,1.37652,0.181331,-0.140667,0.0635192,0.0019111,-0.0415342,1.04803,0.145006,-0.0474038,0.981734,0.16911,0.41447,0.267021,-0.128845,-0.000938951,0.924674,-0.165908,-0.0414455,1.07889,-0.277357,-0.216325,0.997695,0.000266681,0.468573,0.323989,-0.0631924,0.0298783,0.4246,-0.149734,0.151512,0.948503,-0.0568071,-0.0452456,1.39787,-0.158018,0.393184,0.102584,-0.078365,-0.125457,1.03345,-0.0634646,-0.157033,0.970997,-0.0835081,-0.108054,1.15583,0.0412243
995,9.93214,0.0699045,1.41354,-0.00328811,0.0451616,0.0916865,0.0669487,0.0333139,0.941401,0.153904,0.147,1.04576,0.256854,-0.153104,1.02398,0.154068,0.119108,0.0636911,0.0159795,-0.124276,0.446101,0.133912,0.161916,0.94719,0.00849214,0.0528223,1.37232,0.183259,-0.121272,0.0633392,0.00216655,-0.0530829,1.04523,0.139462,-0.0618028,0.978588,0.162718,0.400826,0.26734,-0.129117,-0.00117959,0.921655,-0.166205,-0.0302283,1.07571,-0.279077,-0.213016,0.983703,-0.0112874,0.456776,0.322308,-0.0626522,0.0154903,0.420575,-0.149044,0.153,0.944603,-0.0560996,-0.0447623,1.3935,-0.15754,0.37689,0.102537,-0.0818283,-0.11946,1.02186,-0.0691113,-0.149642,0.959808,-0.092567,-0.106951,1.15178,0.039385
996,9.94213,0.0705362,1.41142,-0.000772333,0.0644024,0.0921592,0.0665528,0.0336611,0.939166,0.154123,0.131461,1.03644,0.256779,-0.165372,1.02656,0.145576,0.138781,0.0645651,0.0159559,-0.114564,0.440165,0.135018,0.16233,0.946136,0.00965177,0.0495515,1.36947,0.184758,-0.101802,0.0629676,0.00247064,-0.064392,1.04493,0.133396,-0.0761419,0.977985,0.155472,0.386182,0.266705,-0.129194,-0.000997352,0.920231,-0.165937,-0.0178666,1.074,-0.281252,-0.208643,0.972716,-0.0232521,0.444234,0.319134,-0.0618531,0.000964183,0.418247,-0.148296,0.153984,0.943187,-0.0547373,-0.0432868,1.39046,-0.157158,0.358348,0.102048,-0.0852067,-0.113009,1.01322,-0.0755071,-0.141646,0.951556,-0.102216,-0.106063,1.14978,0.0373519
997,9.95212,0.0721786,1.4092,0.00113665,0.0836733,0.0926896,0.06621,0.0339262,0.937373,0.154448,0.1158,1.02927,0.256529,-0.177117,1.03216,0.136391,0.158648,0.0655075,0.0159093,-0.104404,0.435571,0.135081,0.16343,0.946364,0.0112522,0.0468498,1.3677,0.186418,-0.0822426,0.0627118,0.00217243,-0.0753275,1.04695,0.126913,-0.0903196,0.98011,0.147692,0.370623,0.265139,-0.1289,4.00238e-05,0.92023,-0.165229,-0.00450605,1.07385,-0.283749,-0.203284,0.964962,-0.0351652,0.43105,0.314233,-0.0606575,-0.0134808,0.417937,-0.147672,0.154761,0.943682,-0.0532562,-0.0407598,1.38883,-0.157148,0.337495,0.100965,-0.0883895,-0.1058,1.00767,-0.0826418,-0.13315,0.946448,-0.112217,-0.105554,1.14915,0.0352192
998,9.96211,0.0738308,1.4077,0.00223631,0.103025,0.093219,0.0661305,0.0344103,0.936331,0.154882,0.099997,1.02413,0.25592,-0.188018,1.04086,0.126885,0.178287,0.0661958,0.0158266,-0.0940041,0.432278,0.134603,0.16496,0.947309,0.0128981,0.0447207,1.36694,0.188085,-0.0625237,0.0626498,0.00145198,-0.085875,1.05135,0.120558,-0.104017,0.984957,0.139596,0.354144,0.2627,-0.128166,0.00128503,0.921525,-0.164581,0.009566,1.07556,-0.286465,-0.197011,0.960335,-0.0467798,0.41743,0.307542,-0.0592903,-0.0275609,0.419443,-0.147088,0.155575,0.944969,-0.0515663,-0.0376868,1.38852,-0.157455,0.314277,0.0994417,-0.0910543,-0.0985914,1.00525,-0.0903029,-0.124288,0.944378,-0.122078,-0.105437,1.14952,0.0330982
999,9.9721,0.0748236,1.40781,0.0029403,0.122367,0.093925,0.0662058,0.0351608,0.936224,0.155333,0.0842494,1.02119,0.255323,-0.198034,1.0521,0.117125,0.197759,0.0667134,0.0158237,-0.0825418,0.429718,0.134401,0.166129,0.948832,0.0142528,0.0425405,1.36753,0.189349,-0.0426992,0.0625987,0.00115302,-0.0959502,1.05838,0.114711,-0.117079,0.992315,0.131412,0.3368,0.259417,-0.127123,0.00258994,0.923533,-0.164238,0.0237399,1.07941,-0.289305,-0.190077,0.958419,-0.0581172,0.403337,0.299108,-0.0578098,-0.0410203,0.422746,-0.146409,0.156811,0.946677,-0.0502473,-0.0344534,1.3895,-0.157893,0.28887,0.0977181,-0.09302,-0.0914031,1.00558,-0.0982089,-0.114843,0.944831,-0.131546,-0.105768,1.15077,0.0311511
1000,9.9821,0.0745991,1.40968,0.00392702,0.141785,0.0948594,0.066484,0.0361947,0.937076,0.155775,0.0686798,1.02065,0.254564,-0.207045,1.06539,0.107241,0.217667,0.0675944,0.015951,-0.0694978,0.427645,0.134505,0.167407,0.95119,0.0151262,0.0398087,1.36957,0.190186,-0.0227841,0.062509,0.00111148,-0.104977,1.0672,0.108318,-0.129343,1.0019,0.12331,0.31865,0.255166,-0.125866,0.0040533,0.925951,-0.164047,0.0377577,1.08529,-0.291996,-0.182728,0.958732,-0.0692993,0.38854,0.288952,-0.056331,-0.053855,0.427814,-0.145508,0.158443,0.949015,-0.0497319,-0.0312575,1.39175,-0.158303,0.26155,0.0957983,-0.0942381,-0.0835372,1.00822,-0.105918,-0.104653,0.947285,-0.140346,-0.106302,1.15252,0.0293595
1001,9.99209,0.0732918,1.41303,0.00563514,0.161404,0.0958027,0.0667376,0.0374399,0.938783,0.156213,0.0533815,1.02237,0.253661,-0.214969,1.08031,0.0974398,0.23745,0.0687251,0.0161015,-0.054904,0.426402,0.134098,0.168436,0.954327,0.0153291,0.0365808,1.37293,0.190877,-0.00290048,0.0625424,0.00100104,-0.113084,1.07769,0.102029,-0.140731,1.01329,0.115375,0.299608,0.249598,-0.124259,0.00554897,0.929354,-0.163654,0.0514006,1.09294,-0.294426,-0.175128,0.960825,-0.0803286,0.372651,0.277234,-0.0549241,-0.0661155,0.434408,-0.144333,0.159972,0.952152,-0.049864,-0.0281246,1.39515,-0.158602,0.232737,0.0935493,-0.0946941,-0.0756347,1.01276,-0.113496,-0.09409,0.951334,-0.148555,-0.107228,1.15521,0.0278654
1002,10.0021,0.0715654,1.41726,0.00785228,0.180673,0.0968426,0.0667127,0.0388672,0.941308,0.15657,0.0384717,1.02607,0.252627,-0.221833,1.09659,0.0877861,0.257006,0.0705999,0.0163822,-0.0391043,0.426147,0.132519,0.169306,0.958278,0.0149821,0.032894,1.37746,0.191492,0.0168968,0.0626973,0.000807663,-0.120346,1.08952,0.0961639,-0.151202,1.02622,0.107766,0.279809,0.242769,-0.122524,0.00698228,0.934099,-0.163041,0.0645543,1.10205,-0.296558,-0.16737,0.964348,-0.0911768,0.355416,0.2642,-0.0535351,-0.0777314,0.44225,-0.142894,0.161128,0.956262,-0.0503362,-0.0249723,1.3996,-0.158766,0.202771,0.0910012,-0.0944893,-0.0679693,1.01881,-0.120918,-0.0834063,0.956707,-0.156216,-0.108446,1.15895,0.0265769
1003,10.0121,0.0701526,1.42198,0.0100578,0.199683,0.0985706,0.0668235,0.0402093,0.944546,0.15682,0.0240812,1.03151,0.25134,-0.227642,1.11354,0.0784698,0.276697,0.0737675,0.0169645,-0.0225986,0.426797,0.129893,0.169995,0.963323,0.0144185,0.0287919,1.38307,0.19198,0.0366354,0.06281,0.000591221,-0.126664,1.10226,0.0905862,-0.160624,1.04005,0.100381,0.259256,0.234872,-0.120896,0.00820139,0.93986,-0.162394,0.0771749,1.1123,-0.298169,-0.159573,0.969034,-0.101706,0.336772,0.249974,-0.0522072,-0.0885851,0.451126,-0.141304,0.162011,0.961616,-0.0508788,-0.0218088,1.40493,-0.158836,0.17175,0.0888904,-0.0938798,-0.0605519,1.02595,-0.128059,-0.072686,0.963229,-0.163262,-0.10982,1.16363,0.0252721
1004,10.0221,0.0692662,1.42705,0.0117977,0.218347,0.101188,0.0670484,0.0412659,0.94839,0.156963,0.0103549,1.03842,0.2497,-0.232435,1.1307,0.0695571,0.295674,0.0777631,0.0174591,-0.00603844,0.428593,0.126901,0.170337,0.969596,0.0139433,0.0243986,1.38961,0.192296,0.0561858,0.0629426,0.00048589,-0.132237,1.11538,0.0847655,-0.169034,1.05443,0.0932774,0.237875,0.226161,-0.11932,0.00858149,0.945973,-0.161975,0.0891977,1.12338,-0.299201,-0.15183,0.974729,-0.11175,0.316718,0.234905,-0.0508036,-0.098576,0.460769,-0.13972,0.162566,0.968119,-0.0512525,-0.018722,1.41093,-0.158847,0.139821,0.0871426,-0.09273,-0.0534065,1.03383,-0.1348,-0.0624264,0.970736,-0.169958,-0.111388,1.16903,0.0237543
1005,10.0321,0.0688153,1.43239,0.0129273,0.236019,0.104685,0.0676412,0.0418401,0.952783,0.156984,-0.00246939,1.04652,0.248154,-0.236267,1.14776,0.0610746,0.313652,0.0825511,0.0178925,0.00995579,0.43176,0.124292,0.170213,0.976864,0.0136049,0.0199001,1.39688,0.192358,0.0756399,0.0630602,0.000618584,-0.137187,1.12896,0.0794955,-0.176564,1.06925,0.0866672,0.215485,0.216861,-0.117498,0.00866681,0.952541,-0.161622,0.100569,1.13492,-0.29991,-0.144229,0.9813,-0.121194,0.295236,0.219175,-0.0492768,-0.107371,0.470952,-0.138032,0.162764,0.975384,-0.051426,-0.0159082,1.41733,-0.158727,0.107093,0.0858118,-0.0908078,-0.0465036,1.04224,-0.141139,-0.0528026,0.979021,-0.176462,-0.113116,1.1749,0.0218706
1006,10.042,0.068435,1.43798,0.0136866,0.25246,0.109256,0.0684949,0.0418485,0.957588,0.15683,-0.0143547,1.05539,0.246668,-0.239195,1.16451,0.0530693,0.331037,0.0887396,0.0184382,0.0250595,0.436046,0.122349,0.17007,0.985003,0.0135536,0.0154307,1.40462,0.192098,0.0952291,0.0632323,0.00078612,-0.141465,1.14281,0.0749438,-0.183021,1.08402,0.080401,0.191991,0.207184,-0.115462,0.00966617,0.960345,-0.160894,0.111237,1.14666,-0.300215,-0.136868,0.988507,-0.130009,0.272301,0.203181,-0.0477182,-0.114762,0.481464,-0.136118,0.162658,0.983137,-0.0513933,-0.0135511,1.42397,-0.158529,0.073693,0.0851276,-0.0880742,-0.0391569,1.05082,-0.146742,-0.0438143,0.987771,-0.182785,-0.114618,1.18098,0.0195426
1007,10.052,0.0677573,1.4439,0.0142508,0.267962,0.114457,0.0693808,0.0412746,0.962732,0.156539,-0.0252851,1.06463,0.245158,-0.241249,1.18078,0.0455873,0.347891,0.0964497,0.0191544,0.039369,0.44106,0.120696,0.169294,0.993722,0.0137975,0.0110538,1.4126,0.191516,0.114967,0.0633536,0.000787756,-0.14496,1.15625,0.0703185,-0.188254,1.09854,0.0744052,0.167491,0.197296,-0.113399,0.0100992,0.968236,-0.160204,0.121158,1.15854,-0.300193,-0.129843,0.996138,-0.138207,0.247849,0.186852,-0.0460629,-0.120791,0.491894,-0.134187,0.162263,0.991214,-0.051166,-0.0117288,1.4307,-0.158338,0.0396935,0.0855602,-0.0847435,-0.0327826,1.05973,-0.152203,-0.0354177,0.996687,-0.188833,-0.115105,1.18744,0.0169497
1008,10.062,0.0664881,1.45019,0.0147049,0.282734,0.120049,0.0702132,0.0401558,0.968163,0.15618,-0.0350409,1.07413,0.244005,-0.242534,1.19636,0.0386354,0.363848,0.105068,0.0197996,0.0532116,0.446663,0.118818,0.167784,1.00282,0.0142393,0.00681188,1.42069,0.190662,0.135099,0.0630454,0.000615906,-0.147711,1.16916,0.0657847,-0.192501,1.11274,0.068737,0.142002,0.187318,-0.111127,0.00949809,0.975746,-0.159674,0.130411,1.17042,-0.299976,-0.123181,1.00395,-0.145863,0.221748,0.170032,-0.0442496,-0.125416,0.501967,-0.132352,0.161539,0.999458,-0.0507797,-0.0104564,1.43745,-0.158213,0.00533172,0.0871274,-0.0807666,-0.0266181,1.06861,-0.157123,-0.0275666,1.00577,-0.194415,-0.11561,1.19424,0.0141824
1009,10.072,0.0646853,1.45674,0.0150651,0.296697,0.126168,0.0709688,0.0386469,0.973823,0.155708,-0.0437845,1.08361,0.242923,-0.243153,1.21105,0.0322207,0.378625,0.114337,0.0203082,0.0664957,0.452686,0.117165,0.165633,1.012,0.0147163,0.00270778,1.4288,0.189563,0.155208,0.062767,0.00081056,-0.149862,1.18177,0.0620511,-0.195983,1.12632,0.0634834,0.11562,0.177477,-0.108528,0.00901203,0.983335,-0.159222,0.13891,1.18212,-0.299487,-0.116911,1.01171,-0.152999,0.193982,0.153116,-0.0421694,-0.128548,0.511416,-0.130775,0.160453,1.00769,-0.0503187,-0.00963381,1.44417,-0.158227,-0.0289222,0.0897593,-0.0763788,-0.0206782,1.07734,-0.161506,-0.0201575,1.0149,-0.199564,-0.116392,1.20131,0.0113566
1010,10.082,0.0626262,1.46329,0.0153124,0.309831,0.132626,0.0716074,0.0368648,0.979608,0.155119,-0.0516571,1.09281,0.241772,-0.243216,1.22463,0.0263151,0.392451,0.124318,0.0207488,0.0792123,0.459195,0.115994,0.163026,1.021,0.0151498,-0.00130553,1.43684,0.188192,0.175064,0.0626122,0.00111806,-0.151443,1.19352,0.0584908,-0.198603,1.13889,0.0585384,0.0884499,0.167872,-0.105714,0.00853264,0.990748,-0.15896,0.146581,1.19347,-0.298727,-0.111057,1.01928,-0.159607,0.164965,0.137058,-0.0396916,-0.130087,0.520018,-0.129498,0.158988,1.01579,-0.0498201,-0.00897904,1.45074,-0.158312,-0.0630738,0.0939354,-0.0721187,-0.0151387,1.08584,-0.165431,-0.0132276,1.02379,-0.203876,-0.117333,1.20857,0.00862464
1011,10.092,0.060556,1.46959,0.0154459,0.322166,0.139229,0.072133,0.0348715,0.985376,0.154453,-0.0587099,1.10151,0.240656,-0.242834,1.23699,0.0208912,0.405315,0.13483,0.0210654,0.0911535,0.465922,0.115084,0.1599,1.02954,0.0155038,-0.00510144,1.44457,0.186541,0.194815,0.0622766,0.00133327,-0.152535,1.2043,0.0551103,-0.20034,1.15034,0.0539205,0.0606812,0.158641,-0.102763,0.00785244,0.997724,-0.158653,0.153383,1.20429,-0.297739,-0.105624,1.02655,-0.165741,0.134233,0.121574,-0.0366481,-0.129929,0.527699,-0.12842,0.157216,1.02369,-0.0493369,-0.00854675,1.457,-0.158508,-0.0969168,0.0996456,-0.0683285,-0.0101293,1.09398,-0.168961,-0.00676094,1.03234,-0.207203,-0.118385,1.21592,0.00610379
1012,10.102,0.0586114,1.47545,0.0153936,0.333743,0.145921,0.0725339,0.0327726,0.990924,0.153717,-0.0649615,1.10961,0.239703,-0.2421,1.24802,0.0159104,0.417004,0.145706,0.0211778,0.102345,0.472585,0.114221,0.156494,1.03751,0.0157939,-0.00862403,1.45176,0.184642,0.21416,0.0619787,0.00162753,-0.153234,1.21438,0.0525723,-0.20139,1.16057,0.0496707,0.0325144,0.150168,-0.0996938,0.00691537,1.00408,-0.15837,0.15938,1.21442,-0.296561,-0.1007,1.03345,-0.17143,0.102063,0.107101,-0.0330315,-0.128083,0.534272,-0.127563,0.155087,1.03137,-0.0488507,-0.00830283,1.46286,-0.158816,-0.130032,0.106545,-0.0650268,-0.00563711,1.10173,-0.172116,-0.000851676,1.04025,-0.210148,-0.11952,1.22316,0.00381569
1013,10.112,0.05692,1.48076,0.015124,0.344742,0.152718,0.0728918,0.0304781,0.996123,0.153009,-0.0703583,1.11704,0.238913,-0.241116,1.25761,0.0113508,0.427719,0.15706,0.0212099,0.112873,0.479054,0.113367,0.153007,1.04486,0.015956,-0.0118276,1.4583,0.182628,0.232821,0.0618878,0.00194577,-0.153567,1.2233,0.0502968,-0.201968,1.1697,0.045901,0.00403194,0.142967,-0.0965164,0.00565603,1.00966,-0.15811,0.164656,1.22374,-0.295275,-0.0963016,1.03994,-0.176625,0.0692363,0.0943871,-0.0290453,-0.124731,0.539471,-0.126869,0.152493,1.03868,-0.0482886,-0.00820886,1.46822,-0.159207,-0.161861,0.114564,-0.0619882,-0.00156669,1.10897,-0.174848,0.00449825,1.04748,-0.212845,-0.120806,1.23001,0.00176614
1014,10.122,0.0554908,1.48541,0.0146007,0.355237,0.159546,0.0733363,0.0279813,1.00082,0.152372,-0.0748764,1.1237,0.238266,-0.239976,1.26572,0.00720382,0.437519,0.168659,0.0213304,0.122481,0.485221,0.112532,0.149425,1.05143,0.0159529,-0.0146804,1.46407,0.180578,0.250767,0.0620041,0.00224574,-0.153615,1.23089,0.0481918,-0.20207,1.17745,0.0425549,-0.0242755,0.13723,-0.0933548,0.00391666,1.01439,-0.15782,0.169301,1.23215,-0.293975,-0.0924353,1.046,-0.181341,0.0360658,0.0834044,-0.025151,-0.120167,0.543028,-0.126279,0.149398,1.04525,-0.0477267,-0.00823127,1.473,-0.159673,-0.19208,0.123623,-0.0591789,0.00218952,1.11554,-0.177165,0.00920854,1.0541,-0.21512,-0.12242,1.23616,0.000124017
1015,10.132,0.0542591,1.48935,0.0138064,0.365272,0.166408,0.0739636,0.0252343,1.00492,0.151775,-0.0785346,1.12951,0.237799,-0.238732,1.27229,0.0034304,0.446558,0.180348,0.0217872,0.130992,0.491035,0.1119,0.145822,1.05708,0.0157988,-0.017181,1.46898,0.178541,0.267881,0.0624411,0.00237212,-0.153396,1.23716,0.0463268,-0.201724,1.18372,0.0396114,-0.0518629,0.13297,-0.0907035,0.00213805,1.01835,-0.157501,0.173404,1.23957,-0.292679,-0.0891109,1.05151,-0.185517,0.00401434,0.0750684,-0.0219598,-0.114512,0.544799,-0.125731,0.146199,1.05086,-0.0472716,-0.00837503,1.47714,-0.16017,-0.220312,0.133577,-0.0565241,0.00515459,1.12152,-0.179268,0.013236,1.06013,-0.216928,-0.12419,1.24172,-0.000988853
1016,10.142,0.0531369,1.49252,0.0127722,0.375063,0.173326,0.0748428,0.0222969,1.00843,0.151127,-0.0813465,1.13438,0.237559,-0.237262,1.27727,3.78197e-05,0.454986,0.191999,0.0224643,0.138309,0.496336,0.111596,0.142388,1.06169,0.0155375,-0.019424,1.47302,0.17657,0.284177,0.0632135,0.00256222,-0.152923,1.24212,0.0448463,-0.201065,1.18842,0.0370995,-0.078191,0.130264,-0.0888809,0.000156425,1.02121,-0.157286,0.177006,1.24589,-0.291444,-0.0864368,1.05648,-0.18919,-0.0260713,0.0691302,-0.0196086,-0.108103,0.544966,-0.124935,0.143031,1.05555,-0.046931,-0.00867805,1.48055,-0.160736,-0.245731,0.144777,-0.0537768,0.00744506,1.12683,-0.181168,0.0165381,1.06542,-0.218416,-0.126153,1.2465,-0.00177104
1017,10.152,0.0521588,1.49482,0.0115818,0.384642,0.180165,0.0759618,0.0193041,1.01129,0.150322,-0.0833417,1.13819,0.237552,-0.235806,1.2806,-0.00297126,0.462868,0.203441,0.0232804,0.144329,0.500893,0.111701,0.13925,1.0652,0.0152486,-0.0214068,1.47617,0.174673,0.299848,0.0643799,0.00278109,-0.152289,1.24576,0.0437858,-0.200239,1.19167,0.0351169,-0.102528,0.129161,-0.0878925,-0.00213518,1.02283,-0.157245,0.180149,1.251,-0.29035,-0.0844458,1.06086,-0.192355,-0.0532258,0.0652934,-0.0184126,-0.101831,0.543851,-0.123857,0.139451,1.05936,-0.0467898,-0.00899223,1.4831,-0.161436,-0.267649,0.156578,-0.0507452,0.00923048,1.13132,-0.182867,0.0190449,1.06982,-0.219683,-0.128366,1.25035,-0.00249853
1018,10.162,0.0513522,1.49621,0.0102937,0.393997,0.186825,0.077314,0.0162173,1.01339,0.149435,-0.0844856,1.14087,0.237778,-0.234327,1.2822,-0.00560914,0.470314,0.214565,0.0244261,0.149011,0.504413,0.112206,0.136367,1.06772,0.0149792,-0.0230013,1.47837,0.17283,0.315051,0.0659233,0.0029106,-0.151786,1.24785,0.0429247,-0.199308,1.19338,0.0336409,-0.123702,0.12976,-0.0875538,-0.00456272,1.0232,-0.157345,0.182834,1.25486,-0.289484,-0.0832013,1.06461,-0.195001,-0.0766594,0.0628369,-0.0187643,-0.0969961,0.541812,-0.122531,0.135943,1.06239,-0.0468692,-0.00933087,1.48475,-0.162254,-0.28553,0.167721,-0.0471839,0.0104391,1.13494,-0.184431,0.0206679,1.07334,-0.22079,-0.130707,1.25322,-0.00328587
1019,10.1719,0.0506462,1.49664,0.00890412,0.403102,0.193301,0.0789361,0.0131518,1.01467,0.148639,-0.0847875,1.14238,0.238207,-0.233019,1.282,-0.00790803,0.477403,0.225368,0.0261058,0.152248,0.506561,0.113122,0.13367,1.06932,0.0146388,-0.0243229,1.47961,0.171056,0.329811,0.0678222,0.00316087,-0.151483,1.24835,0.0422563,-0.198278,1.19343,0.0326313,-0.140886,0.130908,-0.0870886,-0.006959,1.02227,-0.157462,0.185001,1.25735,-0.288918,-0.0827591,1.06763,-0.197146,-0.095382,0.061436,-0.0195466,-0.0946154,0.539054,-0.12102,0.132656,1.06455,-0.0472117,-0.0096966,1.48545,-0.163239,-0.299125,0.176684,-0.0432637,0.0110576,1.13764,-0.185783,0.0214251,1.07603,-0.221797,-0.133465,1.25458,-0.00463846
1020,10.1819,0.0500949,1.49613,0.00736885,0.411965,0.199608,0.0809315,0.0102454,1.0151,0.14808,-0.084254,1.14271,0.238843,-0.231814,1.27999,-0.00979918,0.484068,0.235886,0.0283695,0.154009,0.507161,0.114232,0.13128,1.06995,0.014148,-0.0252537,1.47977,0.169338,0.344016,0.0698996,0.00375116,-0.150847,1.24711,0.0416822,-0.197198,1.19182,0.0320862,-0.153458,0.131364,-0.086337,-0.00926321,1.02005,-0.157556,0.186608,1.25826,-0.288576,-0.083152,1.06984,-0.198856,-0.108461,0.0604819,-0.0197554,-0.0951202,0.535731,-0.1194,0.129586,1.06568,-0.0478197,-0.0100859,1.48512,-0.164429,-0.308688,0.182117,-0.0395497,0.0110551,1.13936,-0.18698,0.0212689,1.07779,-0.222706,-0.135733,1.2548,-0.00648662
1021,10.1919,0.0497069,1.49463,0.00567044,0.420512,0.205748,0.0833162,0.00766433,1.01461,0.147561,-0.0829282,1.14185,0.239651,-0.230868,1.2761,-0.0112822,0.490092,0.246071,0.0311547,0.154085,0.506162,0.115489,0.129328,1.06937,0.0135072,-0.025734,1.47884,0.167701,0.35751,0.0719224,0.00466514,-0.150039,1.24413,0.0412531,-0.196088,1.18848,0.0320176,-0.161186,0.130281,-0.0854891,-0.0114108,1.01662,-0.157739,0.187622,1.25754,-0.28855,-0.0843838,1.07117,-0.200186,-0.115718,0.0588107,-0.0196078,-0.0982235,0.532475,-0.117773,0.126592,1.0655,-0.0486904,-0.0105534,1.48368,-0.165869,-0.314604,0.183397,-0.0364676,0.0103699,1.14,-0.188059,0.0202943,1.07827,-0.223576,-0.137392,1.254,-0.00876297
1022,10.2019,0.0494407,1.49215,0.0038086,0.428606,0.211694,0.0860384,0.00556122,1.01322,0.147034,-0.0808097,1.13988,0.240587,-0.230261,1.27024,-0.0123497,0.495205,0.255977,0.0344407,0.152355,0.503461,0.117,0.127921,1.06739,0.0128107,-0.0258857,1.47692,0.166156,0.370211,0.0735995,0.00584331,-0.14956,1.23962,0.041071,-0.194825,1.18335,0.0323759,-0.164139,0.12727,-0.0847019,-0.0130164,1.01232,-0.1582,0.188065,1.25528,-0.289134,-0.0864753,1.07166,-0.201002,-0.117465,0.0558857,-0.0193271,-0.103319,0.530184,-0.116328,0.124551,1.06374,-0.0497457,-0.0110702,1.48113,-0.167623,-0.316657,0.180809,-0.033728,0.00900316,1.13949,-0.189029,0.0184958,1.07741,-0.224386,-0.138692,1.25222,-0.0112634
1023,10.2119,0.0492268,1.48871,0.00176836,0.435915,0.217263,0.0888856,0.00409947,1.01089,0.146656,-0.0778789,1.13691,0.241628,-0.229911,1.2624,-0.0129644,0.499148,0.265553,0.0381963,0.14892,0.499151,0.118775,0.127038,1.0639,0.0120843,-0.0256918,1.47394,0.164636,0.382088,0.0746589,0.00727721,-0.148937,1.23333,0.0409489,-0.193488,1.1766,0.0332061,-0.162532,0.122385,-0.0840243,-0.014348,1.00701,-0.158823,0.187868,1.25148,-0.290419,-0.0894524,1.07116,-0.201519,-0.114066,0.0514384,-0.0193296,-0.109526,0.52833,-0.11487,0.123371,1.05981,-0.050963,-0.0115249,1.47745,-0.169648,-0.314443,0.174879,-0.0307311,0.00694341,1.1378,-0.189916,0.0158004,1.07539,-0.225036,-0.139702,1.24935,-0.0136503
1024,10.2219,0.0490496,1.48434,-0.000420117,0.442056,0.222142,0.0914471,0.00324368,1.00765,0.146424,-0.0741443,1.13306,0.242748,-0.229855,1.25252,-0.0130686,0.501792,0.274587,0.0422808,0.144118,0.493408,0.120726,0.126557,1.05888,0.0113193,-0.0254675,1.47005,0.163147,0.393297,0.0749188,0.00888656,-0.148094,1.22529,0.040897,-0.191892,1.16807,0.0344549,-0.156652,0.116164,-0.0834665,-0.0153765,1.00099,-0.159601,0.186706,1.24586,-0.292023,-0.0933114,1.06965,-0.201811,-0.10573,0.0470213,-0.0195118,-0.115463,0.525198,-0.11378,0.122878,1.05377,-0.0521714,-0.0118088,1.47262,-0.171779,-0.308375,0.165885,-0.027647,0.0041198,1.13496,-0.190704,0.0121687,1.07222,-0.22549,-0.140353,1.24522,-0.0155574
1025,10.2319,0.0488787,1.47905,-0.00272714,0.447177,0.226704,0.0944662,0.00295578,1.00344,0.146279,-0.0696677,1.12841,0.243977,-0.229941,1.24062,-0.0125415,0.503283,0.282789,0.0464479,0.138169,0.48634,0.122931,0.126343,1.05238,0.0105562,-0.0251607,1.46515,0.161566,0.404192,0.0744095,0.0105755,-0.147454,1.21619,0.0414906,-0.189917,1.15777,0.036084,-0.14694,0.109608,-0.082732,-0.0162684,0.99453,-0.160467,0.184477,1.2384,-0.29387,-0.0980198,1.06724,-0.201658,-0.0929945,0.0455711,-0.0189263,-0.119895,0.520104,-0.113475,0.12265,1.04614,-0.0530604,-0.0121297,1.46683,-0.173874,-0.299698,0.153685,-0.0247793,0.000538414,1.13097,-0.191381,0.00743881,1.06786,-0.225616,-0.140498,1.2397,-0.0167071
1026,10.2419,0.0487231,1.47286,-0.00510341,0.451309,0.23074,0.0975582,0.00313226,0.998161,0.146229,-0.064491,1.12302,0.245356,-0.230113,1.22672,-0.0113211,0.503951,0.28988,0.0502611,0.131197,0.47808,0.125457,0.126329,1.04456,0.0098771,-0.0249088,1.45941,0.159857,0.415021,0.0739243,0.0123778,-0.146546,1.20553,0.0423603,-0.187546,1.14571,0.0381515,-0.134919,0.10359,-0.0814662,-0.0169441,0.987979,-0.161141,0.181143,1.2292,-0.296031,-0.103542,1.0639,-0.201229,-0.0782803,0.0462408,-0.0169693,-0.12278,0.513928,-0.11358,0.122477,1.03736,-0.0535459,-0.0125852,1.46011,-0.175884,-0.290572,0.138551,-0.022763,-0.00379264,1.12584,-0.191949,0.0018439,1.06238,-0.225665,-0.140027,1.23282,-0.0170369
1027,10.2519,0.0486183,1.46579,-0.00752428,0.454465,0.234279,0.100492,0.00358984,0.991784,0.146332,-0.058646,1.11688,0.246871,-0.230362,1.21087,-0.00941837,0.504081,0.295883,0.053264,0.123425,0.468804,0.128174,0.126597,1.03561,0.00928283,-0.0246898,1.45295,0.158016,0.424887,0.0749956,0.0147824,-0.144979,1.19262,0.0430428,-0.184776,1.13205,0.0407456,-0.123209,0.0992435,-0.0797825,-0.017468,0.981475,-0.161612,0.17689,1.21851,-0.29873,-0.109862,1.05964,-0.200567,-0.0638194,0.0479316,-0.0147955,-0.124864,0.507891,-0.113593,0.122538,1.02785,-0.0538126,-0.0133236,1.45243,-0.177864,-0.281652,0.122182,-0.021635,-0.00891969,1.11962,-0.192435,-0.00455097,1.05585,-0.225894,-0.138978,1.22483,-0.0167856
1028,10.2619,0.0486064,1.45795,-0.00996021,0.456544,0.238183,0.103248,0.00420937,0.984353,0.146738,-0.0520789,1.11004,0.24843,-0.230483,1.19329,-0.00680051,0.503694,0.30155,0.0554717,0.115173,0.458917,0.13069,0.127349,1.02583,0.00870058,-0.024149,1.44576,0.156041,0.431732,0.077878,0.0183214,-0.1436,1.17849,0.0442743,-0.181653,1.11688,0.0439165,-0.112278,0.0964602,-0.0779851,-0.0177236,0.974919,-0.161925,0.171724,1.20647,-0.301933,-0.116965,1.05454,-0.19963,-0.0497176,0.0504062,-0.0133423,-0.127435,0.501865,-0.11397,0.123211,1.01803,-0.0541373,-0.0143379,1.4438,-0.179907,-0.272753,0.105861,-0.0211196,-0.0147687,1.11237,-0.192811,-0.0119139,1.04798,-0.225847,-0.137606,1.21617,-0.0164817
1029,10.2719,0.0488646,1.4497,-0.012411,0.456945,0.242969,0.105931,0.00512388,0.976023,0.147555,-0.044834,1.10262,0.249943,-0.230381,1.17413,-0.00344671,0.502115,0.307358,0.0572991,0.1066,0.448745,0.132731,0.128902,1.0155,0.00807915,-0.0230898,1.43799,0.154134,0.434601,0.0819946,0.0229249,-0.141996,1.16308,0.0459993,-0.178173,1.10045,0.0477201,-0.10057,0.0950158,-0.076678,-0.0173974,0.968215,-0.162158,0.165646,1.19325,-0.305545,-0.124806,1.04867,-0.198375,-0.0345122,0.0531176,-0.0128722,-0.132471,0.495648,-0.115193,0.125095,1.00815,-0.0547399,-0.0156464,1.43434,-0.182268,-0.262954,0.0905589,-0.0205553,-0.020969,1.10401,-0.192866,-0.0200642,1.03909,-0.22553,-0.136428,1.20752,-0.016966
1030,10.2819,0.0496332,1.4417,-0.0149738,0.454978,0.248424,0.108728,0.00655252,0.967085,0.148807,-0.0368607,1.09476,0.251193,-0.230111,1.15361,0.000670477,0.498873,0.31317,0.0590922,0.0974473,0.438748,0.134081,0.131466,1.00454,0.00757712,-0.0214608,1.43002,0.152721,0.433934,0.086592,0.0281214,-0.140321,1.14665,0.0482749,-0.174357,1.08305,0.0522746,-0.087045,0.0943067,-0.0760971,-0.0160744,0.961639,-0.162294,0.158417,1.1788,-0.309078,-0.133354,1.0421,-0.196785,-0.0177206,0.0555583,-0.0132486,-0.140907,0.491422,-0.116701,0.128345,0.997619,-0.0555609,-0.0172161,1.4244,-0.185106,-0.250356,0.0783074,-0.0192191,-0.0279683,1.09474,-0.192503,-0.0290858,1.02969,-0.224746,-0.135464,1.19826,-0.0177562
1031,10.2919,0.0508254,1.4344,-0.0178759,0.450394,0.253822,0.111327,0.00873229,0.957912,0.150381,-0.0278768,1.08664,0.25212,-0.229541,1.13196,0.00567571,0.493845,0.318534,0.0607957,0.0869197,0.429551,0.13484,0.13497,0.992652,0.007946,-0.0194828,1.42217,0.152262,0.430486,0.0910299,0.0334282,-0.138216,1.12937,0.0510623,-0.170094,1.06503,0.0576831,-0.0716532,0.0940632,-0.0757311,-0.0142857,0.955589,-0.162283,0.149981,1.16335,-0.312381,-0.142618,1.03499,-0.194776,0.000336641,0.0574537,-0.0139013,-0.15034,0.491131,-0.11787,0.132768,0.986251,-0.0554647,-0.0189799,1.41445,-0.188326,-0.234856,0.0701123,-0.0177506,-0.0358501,1.08494,-0.191948,-0.039151,1.02024,-0.223266,-0.134436,1.18776,-0.0179231
1032,10.3018,0.051801,1.42771,-0.02129,0.443451,0.258814,0.113564,0.0115982,0.948815,0.152068,-0.0178397,1.07861,0.253182,-0.228176,1.10951,0.0118131,0.487164,0.323166,0.0622842,0.0742296,0.421852,0.135729,0.1391,0.980279,0.0102638,-0.0173379,1.41429,0.152616,0.424683,0.0949152,0.0385642,-0.135486,1.11175,0.0544479,-0.165168,1.04684,0.0640069,-0.0545636,0.0941714,-0.0751225,-0.0129221,0.950123,-0.162468,0.14035,1.14716,-0.315443,-0.152629,1.02756,-0.192252,0.019208,0.0587219,-0.0143844,-0.156872,0.491636,-0.119184,0.13755,0.975428,-0.0531024,-0.0206962,1.40489,-0.191634,-0.217529,0.0657127,-0.0170384,-0.0444898,1.0748,-0.191037,-0.0499146,1.01015,-0.221405,-0.13319,1.17671,-0.0172053
1033,10.3118,0.051834,1.42175,-0.0249395,0.434569,0.263307,0.115458,0.0147724,0.940165,0.1535,-0.00700937,1.07086,0.254074,-0.225967,1.08702,0.0193784,0.479003,0.326894,0.0633959,0.0599764,0.41577,0.136924,0.14367,0.969042,0.0144608,-0.0153359,1.4065,0.153338,0.416234,0.0983385,0.0431831,-0.131668,1.09412,0.0584031,-0.159258,1.02883,0.0711565,-0.036226,0.0945531,-0.0745162,-0.0122988,0.94445,-0.163472,0.129534,1.13056,-0.318398,-0.163425,1.02012,-0.189058,0.0384984,0.0594411,-0.0146009,-0.159222,0.488348,-0.121281,0.141415,0.966195,-0.0494233,-0.0222909,1.39589,-0.194894,-0.198676,0.0639874,-0.0169671,-0.053922,1.06456,-0.189532,-0.0615113,0.999917,-0.219032,-0.131836,1.16595,-0.0156231
1034,10.3218,0.0507648,1.41732,-0.0278922,0.424031,0.267225,0.117183,0.0173416,0.932514,0.154468,0.00455814,1.06389,0.25496,-0.222699,1.06525,0.0285143,0.469401,0.329673,0.0641327,0.0452048,0.410386,0.138026,0.147676,0.959744,0.018804,-0.0139819,1.39921,0.15385,0.405132,0.101272,0.0476407,-0.1267,1.07677,0.0628756,-0.152122,1.01145,0.0790442,-0.0174779,0.0945832,-0.0741749,-0.0119384,0.938456,-0.165374,0.11735,1.1141,-0.321002,-0.17491,1.01313,-0.184973,0.0578619,0.0598908,-0.0146424,-0.158067,0.481084,-0.123969,0.143684,0.958804,-0.0464315,-0.0238521,1.38747,-0.197941,-0.179712,0.0627815,-0.0167532,-0.0642568,1.0547,-0.187338,-0.0740976,0.990147,-0.216023,-0.130552,1.15647,-0.0130931
1035,10.3318,0.0488885,1.4144,-0.0293222,0.411941,0.27037,0.118776,0.018699,0.926305,0.154973,0.0169343,1.05826,0.256013,-0.218008,1.04501,0.0390557,0.458336,0.331485,0.0645758,0.0302332,0.405149,0.138716,0.150303,0.952451,0.0212802,-0.0129175,1.39273,0.153808,0.391801,0.103479,0.0524526,-0.120672,1.06031,0.0680129,-0.14376,0.995259,0.0876428,0.00135012,0.0945108,-0.0739547,-0.0111657,0.932709,-0.167821,0.103663,1.09836,-0.322994,-0.187257,1.00737,-0.179785,0.077158,0.0603019,-0.0146095,-0.153408,0.472431,-0.126997,0.145388,0.953592,-0.0448274,-0.025875,1.37988,-0.200365,-0.160807,0.0617769,-0.0165384,-0.0754872,1.04589,-0.184299,-0.08766,0.981309,-0.212401,-0.129284,1.1491,-0.00990617
1036,10.3418,0.0467481,1.41172,-0.029332,0.398461,0.272569,0.120245,0.0191392,0.921571,0.155188,0.0300643,1.05425,0.257051,-0.211844,1.02676,0.0506395,0.445932,0.332165,0.0647199,0.0148892,0.400657,0.138953,0.151552,0.947312,0.0211938,-0.0113387,1.38726,0.153435,0.376343,0.104835,0.0574111,-0.113723,1.04558,0.0740179,-0.134191,0.980712,0.0967747,0.0204105,0.0944749,-0.0739883,-0.00953101,0.927839,-0.170408,0.088606,1.0839,-0.324176,-0.200362,1.00377,-0.173402,0.0966363,0.0608245,-0.0148095,-0.14592,0.464132,-0.129697,0.146854,0.950062,-0.0447337,-0.0285639,1.37351,-0.201663,-0.141564,0.0610353,-0.016267,-0.0874509,1.03876,-0.180269,-0.102369,0.974616,-0.208118,-0.127711,1.1441,-0.00637942
1037,10.3518,0.0456936,1.40871,-0.0288901,0.383823,0.273785,0.12157,0.0190725,0.918275,0.155082,0.0437647,1.05202,0.258234,-0.204295,1.01081,0.0628459,0.432564,0.331498,0.0645635,-0.000793051,0.397618,0.138921,0.152462,0.944546,0.0199173,-0.00887165,1.38294,0.153,0.358584,0.105368,0.0621457,-0.105985,1.03319,0.0809155,-0.123442,0.96827,0.106249,0.0395168,0.0946395,-0.074149,-0.00687343,0.924229,-0.172845,0.0725888,1.07124,-0.324504,-0.213942,1.00324,-0.165756,0.116204,0.0612594,-0.0149687,-0.137649,0.456733,-0.131139,0.148417,0.947527,-0.0456049,-0.0312244,1.36846,-0.201732,-0.122097,0.0605217,-0.016229,-0.0998397,1.03394,-0.175205,-0.118069,0.970572,-0.202916,-0.125383,1.14102,-0.00281592
1038,10.3618,0.0469654,1.40574,-0.0292199,0.36832,0.274119,0.122731,0.0189856,0.916495,0.154474,0.0578508,1.05168,0.259527,-0.195586,0.997334,0.0753348,0.418657,0.329255,0.064168,-0.0165957,0.396453,0.138742,0.153578,0.943704,0.0186009,-0.00568353,1.37999,0.152496,0.338768,0.105011,0.0666676,-0.0975869,1.02319,0.0883772,-0.11168,0.958302,0.115888,0.058638,0.0949414,-0.0742911,-0.00324773,0.92203,-0.174947,0.0561994,1.06064,-0.324007,-0.227427,1.00638,-0.156935,0.135691,0.0615886,-0.0149762,-0.129536,0.450892,-0.1311,0.149421,0.945379,-0.0468564,-0.0332105,1.36471,-0.201466,-0.102506,0.0601402,-0.0163294,-0.112321,1.032,-0.169228,-0.134489,0.969473,-0.196635,-0.123034,1.13909,0.000438047
1039,10.3718,0.0497876,1.40302,-0.0309582,0.352057,0.273286,0.123454,0.0191676,0.916238,0.153411,0.0721341,1.05339,0.260798,-0.185951,0.986508,0.087839,0.404582,0.325249,0.0636724,-0.0322965,0.397264,0.138335,0.154353,0.94394,0.0174889,-0.00197141,1.37832,0.151777,0.31674,0.103945,0.0707172,-0.0885462,1.0158,0.0962392,-0.099196,0.951023,0.125598,0.0778262,0.0953391,-0.0743771,0.00113788,0.92124,-0.176597,0.0398757,1.05222,-0.322701,-0.240358,1.01336,-0.147108,0.155345,0.0619667,-0.0149752,-0.1204,0.446899,-0.131044,0.150258,0.943732,-0.0480385,-0.0344614,1.36217,-0.201675,-0.0829048,0.0599413,-0.0163949,-0.124812,1.03328,-0.162542,-0.150885,0.971691,-0.189181,-0.120991,1.13799,0.00317215
1040,10.3818,0.0524789,1.4011,-0.0338495,0.334928,0.270915,0.123573,0.019826,0.917248,0.152051,0.0864983,1.05716,0.26197,-0.175574,0.978419,0.100173,0.390442,0.319336,0.0632208,-0.0476892,0.400012,0.137851,0.154856,0.944567,0.0166946,0.00206135,1.37785,0.150764,0.292546,0.102303,0.0740396,-0.0789127,1.01105,0.1043,-0.0863435,0.946512,0.135338,0.0970856,0.0957199,-0.0745552,0.00596236,0.921744,-0.177738,0.0238039,1.04635,-0.320623,-0.252368,1.02394,-0.136494,0.175288,0.0624465,-0.0151042,-0.109626,0.443852,-0.131852,0.151345,0.942853,-0.0487757,-0.0354243,1.36094,-0.202332,-0.0632722,0.059847,-0.0164044,-0.136997,1.03772,-0.155348,-0.166748,0.977307,-0.180741,-0.119307,1.13772,0.00515676
1041,10.3918,0.0536051,1.40094,-0.0370743,0.31704,0.26702,0.123288,0.020703,0.918997,0.150888,0.100628,1.06283,0.26327,-0.164579,0.973053,0.112156,0.37608,0.311411,0.0628579,-0.0625528,0.404461,0.137317,0.15564,0.94542,0.0165519,0.0061027,1.37853,0.149492,0.266448,0.100217,0.0762738,-0.0688564,1.00874,0.112357,-0.073359,0.944667,0.145014,0.116467,0.0960947,-0.0746011,0.0108297,0.923342,-0.178361,0.00817237,1.04333,-0.317716,-0.263157,1.03756,-0.125337,0.195216,0.0629326,-0.0152953,-0.097941,0.440642,-0.132548,0.152594,0.942943,-0.0489252,-0.0364754,1.36123,-0.203013,-0.043335,0.0596643,-0.0166295,-0.148055,1.04511,-0.14774,-0.181749,0.986063,-0.171657,-0.11823,1.13837,0.00626619
1042,10.4018,0.0528135,1.40289,-0.0395588,0.298695,0.261832,0.122927,0.0214501,0.921385,0.150062,0.114224,1.07021,0.264467,-0.153243,0.970311,0.123734,0.361178,0.301538,0.0625447,-0.0766923,0.410433,0.13666,0.156885,0.946669,0.017035,0.00981636,1.38047,0.148165,0.238855,0.0977297,0.0779942,-0.0585561,1.00867,0.120291,-0.0603757,0.945254,0.154465,0.13587,0.0966133,-0.0745563,0.0153098,0.925775,-0.178502,-0.00685671,1.04289,-0.314064,-0.272535,1.0535,-0.113966,0.214712,0.0631422,-0.0152269,-0.085258,0.437427,-0.132455,0.153563,0.944178,-0.0485097,-0.0377063,1.3632,-0.203402,-0.0234149,0.0595333,-0.0168302,-0.15792,1.05499,-0.139902,-0.195515,0.997398,-0.162058,-0.117649,1.14014,0.00660689
1043,10.4118,0.0510045,1.40622,-0.0407279,0.279746,0.255212,0.122512,0.0219112,0.924519,0.149438,0.127316,1.07908,0.265446,-0.14181,0.969929,0.134821,0.345423,0.289998,0.0623629,-0.0899703,0.417713,0.135862,0.15832,0.948395,0.0176834,0.0133368,1.38345,0.146848,0.209943,0.0949643,0.0793915,-0.0481664,1.01055,0.128021,-0.0474825,0.947903,0.163585,0.155316,0.0973131,-0.0746024,0.0189812,0.92876,-0.17823,-0.0214128,1.04442,-0.310014,-0.280412,1.07105,-0.102715,0.234299,0.063586,-0.0151247,-0.070783,0.435224,-0.131645,0.154333,0.946703,-0.0478809,-0.0392294,1.36666,-0.203321,-0.00351939,0.0594766,-0.016937,-0.166674,1.06683,-0.131948,-0.207734,1.01059,-0.151991,-0.117465,1.14306,0.00650104
1044,10.4217,0.0493349,1.41004,-0.0409199,0.260455,0.247464,0.122061,0.0220209,0.928512,0.148852,0.139897,1.08919,0.266124,-0.130449,0.971544,0.145347,0.328622,0.277,0.0621842,-0.102224,0.426012,0.135148,0.159265,0.950702,0.0180109,0.0166504,1.38738,0.145646,0.179842,0.0921567,0.0804897,-0.0378479,1.014,0.135379,-0.0347587,0.952171,0.172351,0.174799,0.0983463,-0.0747953,0.0214737,0.932018,-0.177641,-0.0353725,1.04762,-0.305561,-0.286851,1.08957,-0.091764,0.254519,0.0648619,-0.0152846,-0.0549393,0.434378,-0.130682,0.154838,0.950366,-0.0474025,-0.0413587,1.37134,-0.202807,0.0163769,0.059478,-0.0170461,-0.174354,1.08009,-0.12405,-0.218276,1.025,-0.14155,-0.117512,1.14686,0.00649122
1045,10.4317,0.0484588,1.41411,-0.0409542,0.240678,0.238673,0.121601,0.0217316,0.933311,0.148248,0.151879,1.10028,0.266448,-0.119306,0.974704,0.155319,0.310749,0.262745,0.061766,-0.113348,0.434994,0.134568,0.159315,0.95387,0.0178939,0.0195609,1.392,0.144502,0.148855,0.0893897,0.0810646,-0.0277441,1.01868,0.142136,-0.0223542,0.957675,0.180706,0.194117,0.0998518,-0.0751342,0.0225108,0.93531,-0.176844,-0.0485475,1.05243,-0.301017,-0.291966,1.1085,-0.0811476,0.274322,0.066436,-0.015401,-0.0384829,0.434449,-0.1297,0.155012,0.954854,-0.0472941,-0.0442267,1.37699,-0.201958,0.036288,0.0594557,-0.017166,-0.180963,1.09428,-0.116314,-0.227242,1.04016,-0.130963,-0.117723,1.15143,0.00691905
1046,10.4417,0.0483356,1.41847,-0.0415085,0.219958,0.228754,0.121048,0.0210104,0.93886,0.147608,0.163184,1.11207,0.266395,-0.108504,0.978989,0.164675,0.291635,0.247359,0.0611333,-0.123287,0.444437,0.134163,0.15919,0.958385,0.0174243,0.021841,1.39727,0.143475,0.117203,0.0867065,0.0810746,-0.0179742,1.02432,0.148219,-0.0104269,0.96423,0.188326,0.212823,0.101632,-0.0754253,0.0219477,0.938463,-0.175957,-0.0609423,1.05853,-0.296508,-0.295825,1.12738,-0.070827,0.293669,0.0692498,-0.0157504,-0.0221487,0.43531,-0.128691,0.155052,0.959967,-0.0475693,-0.0475944,1.38341,-0.20083,0.0562859,0.0593651,-0.0172759,-0.186519,1.10893,-0.108867,-0.234781,1.05572,-0.120466,-0.118194,1.15668,0.00807452
1047,10.4517,0.0485416,1.42311,-0.0425347,0.198073,0.217913,0.120396,0.0202895,0.945527,0.146793,0.173789,1.12433,0.266034,-0.0981108,0.984096,0.173397,0.271158,0.231142,0.0603541,-0.131957,0.45415,0.13378,0.158996,0.964188,0.0167738,0.0235299,1.40305,0.142638,0.084917,0.0843411,0.0806295,-0.00863069,1.03079,0.153872,0.00105903,0.971778,0.194982,0.230893,0.104418,-0.0761546,0.0198062,0.941399,-0.175093,-0.0726545,1.06556,-0.291992,-0.298499,1.14591,-0.0608403,0.312588,0.0738502,-0.016344,-0.0060182,0.437393,-0.12767,0.15484,0.965523,-0.0481174,-0.0511052,1.39039,-0.1994,0.0764685,0.0591878,-0.0173487,-0.191053,1.12368,-0.101792,-0.241075,1.07131,-0.110338,-0.118863,1.16247,0.0099714
1048,10.4617,0.0486498,1.42817,-0.043575,0.175264,0.206603,0.119667,0.0198132,0.95317,0.145646,0.183644,1.13684,0.265462,-0.088169,0.989796,0.181462,0.249291,0.214439,0.0595347,-0.139471,0.463852,0.133508,0.158082,0.970785,0.0160777,0.0248058,1.40919,0.141974,0.0521279,0.0825432,0.0799491,0.000152288,1.03783,0.15908,0.0118854,0.979879,0.200847,0.247994,0.108422,-0.0771769,0.0163265,0.944171,-0.174357,-0.0836877,1.07314,-0.287605,-0.300093,1.16381,-0.0512028,0.330659,0.0802124,-0.0171576,0.00985213,0.44098,-0.126713,0.15367,0.971242,-0.048781,-0.0546066,1.39776,-0.197618,0.0968025,0.05893,-0.0174105,-0.194681,1.13814,-0.0950763,-0.246288,1.08659,-0.100696,-0.119635,1.16879,0.012277
1049,10.4717,0.0482892,1.43381,-0.0442044,0.151475,0.195071,0.118853,0.0191135,0.961269,0.144506,0.192558,1.14936,0.264533,-0.0786596,0.995975,0.188803,0.226021,0.197545,0.0587536,-0.14575,0.473212,0.133283,0.157027,0.978061,0.0153734,0.0257967,1.41552,0.141492,0.0189781,0.0812816,0.0789175,0.00811454,1.04511,0.163719,0.0220444,0.988257,0.206006,0.263767,0.113332,-0.0782172,0.012063,0.947034,-0.173842,-0.0941504,1.08121,-0.283589,-0.300709,1.18081,-0.0419233,0.347982,0.0882457,-0.0179266,0.0249787,0.44591,-0.125893,0.152661,0.977505,-0.0495476,-0.0579999,1.40541,-0.195576,0.117024,0.0586618,-0.0174182,-0.197515,1.15206,-0.0887029,-0.250303,1.10137,-0.0915065,-0.120381,1.1754,0.0148973
1050,10.4817,0.0472301,1.43998,-0.0441891,0.126558,0.18349,0.118028,0.0176515,0.969251,0.143569,0.200594,1.16174,0.263296,-0.0698047,1.00253,0.195504,0.201233,0.180549,0.057957,-0.150898,0.482007,0.133182,0.155368,0.985696,0.0147748,0.0265286,1.42194,0.141195,-0.0141799,0.0804614,0.0773497,0.015405,1.05286,0.167819,0.0316083,0.996785,0.210586,0.278358,0.118846,-0.0792223,0.00792949,0.950471,-0.173608,-0.103922,1.08965,-0.279818,-0.300495,1.19671,-0.0329879,0.36423,0.0974259,-0.0187132,0.0389348,0.45177,-0.125448,0.151816,0.984217,-0.0502623,-0.0612137,1.41322,-0.193386,0.137163,0.0584133,-0.0172313,-0.199604,1.16525,-0.0826605,-0.253248,1.11542,-0.0828887,-0.1211,1.18222,0.017746
1051,10.4917,0.0456487,1.4464,-0.0436018,0.100587,0.172064,0.11728,0.0161916,0.976659,0.14257,0.207579,1.17372,0.261555,-0.0616822,1.00937,0.201564,0.175041,0.163493,0.0571771,-0.154936,0.490156,0.133207,0.153089,0.993541,0.0143359,0.0269738,1.42839,0.141076,-0.047502,0.0805354,0.0755633,0.0221073,1.06096,0.171358,0.0404254,1.0053,0.214283,0.292034,0.124907,-0.0802649,0.00486125,0.954969,-0.173608,-0.112923,1.09836,-0.276227,-0.299546,1.21127,-0.0243908,0.379241,0.107531,-0.0196038,0.0518538,0.458193,-0.125473,0.14972,0.990624,-0.050555,-0.0642125,1.42111,-0.191108,0.157352,0.0580384,-0.0170641,-0.201002,1.17748,-0.0769496,-0.255437,1.12852,-0.0749665,-0.121842,1.18928,0.0206629
1052,10.5017,0.0439028,1.45285,-0.0426787,0.0737002,0.160996,0.116713,0.0143043,0.983319,0.14127,0.213629,1.18518,0.259649,-0.0543756,1.01638,0.206897,0.147429,0.146613,0.0568637,-0.157643,0.497538,0.133098,0.150387,1.00152,0.0140193,0.0271356,1.43481,0.141153,-0.0808747,0.0819755,0.0734204,0.0281053,1.06917,0.174456,0.048232,1.01391,0.216968,0.304825,0.13156,-0.08138,0.00298418,0.96047,-0.173631,-0.121087,1.10722,-0.272923,-0.297974,1.2243,-0.0161335,0.392964,0.118441,-0.0205505,0.0639434,0.464948,-0.125799,0.147606,0.997394,-0.0507218,-0.0670161,1.42891,-0.188741,0.17757,0.0572191,-0.0175195,-0.201805,1.18854,-0.0715217,-0.256998,1.14048,-0.0677334,-0.122711,1.19654,0.0234014
1053,10.5117,0.0422438,1.45914,-0.0416593,0.046208,0.150601,0.116258,0.0119897,0.990474,0.140088,0.218775,1.19602,0.257701,-0.0479611,1.02347,0.211422,0.118824,0.130536,0.0567445,-0.158732,0.504102,0.132489,0.147317,1.00955,0.0138614,0.0270223,1.44115,0.141405,-0.113911,0.0848422,0.0709153,0.0331141,1.07724,0.177173,0.0549907,1.02247,0.21881,0.316645,0.138569,-0.0825755,0.00129879,0.966209,-0.173448,-0.12825,1.11607,-0.270133,-0.295921,1.23565,-0.00821271,0.4054,0.130032,-0.0215298,0.0752695,0.47203,-0.126282,0.144637,1.00429,-0.0503525,-0.0696601,1.43645,-0.186231,0.197534,0.0564662,-0.01812,-0.202105,1.19839,-0.0664147,-0.25794,1.15115,-0.0611688,-0.123655,1.20401,0.0257249
1054,10.5217,0.0407303,1.46512,-0.0406456,0.0183301,0.1411,0.115852,0.00957022,0.997474,0.139243,0.223118,1.20603,0.255699,-0.0425527,1.03052,0.215085,0.0896652,0.115578,0.0568801,-0.158712,0.509704,0.131823,0.143867,1.01746,0.0139249,0.0266239,1.44735,0.1418,-0.146153,0.0892253,0.0680284,0.0372859,1.08503,0.179317,0.0605367,1.03068,0.220281,0.327589,0.145688,-0.0839404,-0.000718478,0.971824,-0.173161,-0.134567,1.12468,-0.267721,-0.293499,1.24516,-0.0006181,0.416625,0.142231,-0.022614,0.0855794,0.479345,-0.126861,0.141452,1.01131,-0.0496318,-0.072151,1.4436,-0.183581,0.217027,0.0560226,-0.0184284,-0.202001,1.20698,-0.0617194,-0.258305,1.16038,-0.0552005,-0.12471,1.21145,0.0274489
1055,10.5317,0.039341,1.47066,-0.0396977,-0.00971831,0.132645,0.115386,0.00735922,1.00385,0.139082,0.22669,1.21506,0.25367,-0.0382628,1.03742,0.217945,0.0602886,0.101863,0.0571653,-0.157646,0.514199,0.131072,0.140302,1.02478,0.0142029,0.0260393,1.45325,0.142278,-0.17707,0.0951565,0.0648348,0.040643,1.09243,0.1809,0.0649853,1.03836,0.221321,0.33771,0.152985,-0.0855195,-0.00304467,0.977274,-0.172828,-0.1401,1.13278,-0.265623,-0.290818,1.25275,0.00668231,0.426509,0.154824,-0.02393,0.0947028,0.486681,-0.127481,0.138216,1.018,-0.04874,-0.0744584,1.45024,-0.180874,0.235438,0.0559992,-0.0187385,-0.201563,1.21418,-0.057411,-0.258201,1.16807,-0.0498158,-0.125987,1.21855,0.0285539
1056,10.5417,0.0380304,1.47565,-0.0388001,-0.0373962,0.12546,0.11476,0.0047453,1.00914,0.138969,0.229552,1.223,0.251767,-0.0351928,1.04401,0.220122,0.0311052,0.089647,0.0575007,-0.155622,0.517527,0.13027,0.137137,1.03085,0.0146327,0.025411,1.45866,0.142758,-0.206045,0.102355,0.0611934,0.043169,1.0993,0.182017,0.0683452,1.04544,0.221969,0.347029,0.160364,-0.0873507,-0.00561459,0.982514,-0.172438,-0.14482,1.1401,-0.263861,-0.287972,1.25833,0.0136554,0.435053,0.167677,-0.0254993,0.102557,0.493749,-0.128003,0.134931,1.024,-0.0478214,-0.0765861,1.45621,-0.178153,0.252861,0.0565329,-0.0192259,-0.20081,1.21988,-0.0534885,-0.257683,1.17406,-0.0450219,-0.127521,1.22507,0.0291908
1057,10.5516,0.0367537,1.48004,-0.0379302,-0.0640599,0.11982,0.113832,0.00202605,1.01331,0.138615,0.231732,1.22965,0.250043,-0.0333808,1.05018,0.221632,0.00266183,0.0791329,0.0576665,-0.152872,0.519635,0.129474,0.134347,1.0356,0.0151757,0.0248269,1.46342,0.14315,-0.232698,0.110557,0.0571759,0.0447271,1.10549,0.182823,0.0704422,1.05175,0.222506,0.355552,0.167798,-0.0893667,-0.00838624,0.987443,-0.171949,-0.148733,1.14643,-0.262459,-0.284947,1.2618,0.0201427,0.442409,0.180688,-0.027429,0.109007,0.500315,-0.128363,0.131596,1.02927,-0.0469263,-0.078519,1.46139,-0.175508,0.269475,0.0575693,-0.0198493,-0.199763,1.224,-0.0500136,-0.25679,1.17827,-0.0408314,-0.129245,1.23088,0.0295707
1058,10.5616,0.0355254,1.48377,-0.0370381,-0.0889942,0.1159,0.112558,-0.000724456,1.01646,0.138281,0.233314,1.23481,0.248584,-0.0328518,1.05579,0.222511,-0.0242563,0.0705869,0.0572773,-0.149579,0.520464,0.128586,0.131473,1.0396,0.0157821,0.0243222,1.46736,0.143408,-0.256709,0.119443,0.0529933,0.0453472,1.11086,0.183319,0.0712378,1.05715,0.222982,0.363251,0.175039,-0.0913657,-0.01136,0.991881,-0.171296,-0.151867,1.15161,-0.26144,-0.281811,1.26313,0.0260569,0.448741,0.193725,-0.029588,0.113869,0.50615,-0.128703,0.128138,1.03382,-0.0460905,-0.0802471,1.46568,-0.173023,0.285474,0.0589469,-0.0205411,-0.198485,1.22651,-0.0470271,-0.255619,1.18066,-0.0372583,-0.131077,1.23595,0.0298982
1059,10.5716,0.0343442,1.48676,-0.0360517,-0.111771,0.113435,0.110957,-0.00380595,1.01862,0.138231,0.234304,1.23831,0.247425,-0.0336042,1.06073,0.222836,-0.0490867,0.0641717,0.0563484,-0.146145,0.520089,0.127707,0.128289,1.04308,0.0163605,0.023835,1.47049,0.143626,-0.277814,0.128548,0.0488132,0.045007,1.11527,0.183512,0.0707885,1.06141,0.223108,0.370594,0.182231,-0.0934924,-0.0145204,0.995668,-0.170519,-0.154236,1.15552,-0.260801,-0.278753,1.26239,0.0314747,0.454284,0.206609,-0.0318738,0.117053,0.510975,-0.129186,0.124537,1.03766,-0.0453018,-0.0817688,1.469,-0.170734,0.300673,0.0608761,-0.0211398,-0.197049,1.22732,-0.0444696,-0.254193,1.18121,-0.0343015,-0.133,1.24039,0.030355
1060,10.5816,0.033192,1.48894,-0.0349319,-0.132133,0.111846,0.108919,-0.00680578,1.01972,0.138424,0.234649,1.24001,0.24662,-0.0356118,1.06488,0.22262,-0.0710916,0.05968,0.0549108,-0.142883,0.518779,0.126836,0.124971,1.04576,0.0168656,0.0234446,1.47267,0.143801,-0.29573,0.137263,0.0448022,0.0436814,1.11864,0.183395,0.0691199,1.06435,0.222836,0.377777,0.1891,-0.0954579,-0.017808,0.998631,-0.169613,-0.155849,1.15812,-0.260531,-0.275777,1.25948,0.0362751,0.459273,0.219244,-0.0342115,0.118592,0.514433,-0.129926,0.120856,1.04069,-0.0445358,-0.0830913,1.47129,-0.168639,0.315313,0.0632244,-0.0219594,-0.195571,1.22643,-0.0422921,-0.252544,1.17986,-0.0319585,-0.135081,1.24433,0.031248
1061,10.5916,0.0321247,1.49023,-0.0336852,-0.149392,0.110826,0.106397,-0.00974901,1.01969,0.138909,0.234308,1.2398,0.246214,-0.0388315,1.06812,0.221924,-0.0896191,0.056454,0.0530014,-0.140175,0.51686,0.125765,0.121823,1.04729,0.0174185,0.0232061,1.47383,0.144028,-0.310126,0.144976,0.041061,0.0414024,1.12088,0.183041,0.066122,1.06615,0.222286,0.384775,0.196103,-0.0973515,-0.0211322,1.00063,-0.168595,-0.156698,1.15945,-0.260634,-0.273004,1.25447,0.0404796,0.463883,0.231588,-0.0366193,0.118517,0.516227,-0.130877,0.117255,1.04285,-0.0438209,-0.0842608,1.47256,-0.166763,0.329447,0.0659597,-0.023142,-0.194327,1.2238,-0.0404117,-0.250723,1.17658,-0.030214,-0.137094,1.24744,0.0327315
1062,10.6016,0.0311387,1.49058,-0.0323681,-0.161882,0.110728,0.104084,-0.0123861,1.01856,0.139628,0.233218,1.23763,0.246227,-0.043231,1.07039,0.220866,-0.104003,0.0537628,0.0505629,-0.13877,0.514672,0.124412,0.11901,1.04764,0.018163,0.0231796,1.47391,0.144445,-0.320818,0.15097,0.0376225,0.038127,1.12198,0.182475,0.0617595,1.06684,0.221489,0.391378,0.203167,-0.0991891,-0.0243785,1.00164,-0.167519,-0.156785,1.15957,-0.261095,-0.270571,1.24736,0.0440305,0.467956,0.243591,-0.0391733,0.116927,0.516237,-0.131835,0.11393,1.04417,-0.0431576,-0.0852435,1.47278,-0.165179,0.342857,0.069275,-0.0243836,-0.193515,1.21952,-0.0389372,-0.248733,1.17142,-0.0290552,-0.139004,1.24952,0.0346459
1063,10.6116,0.0303043,1.48991,-0.0309747,-0.170396,0.109523,0.101124,-0.014634,1.01638,0.140525,0.231303,1.23349,0.246652,-0.0486449,1.07164,0.219408,-0.113803,0.05107,0.0475091,-0.138976,0.512366,0.122808,0.11653,1.04687,0.0190547,0.0233525,1.47289,0.145147,-0.327869,0.154493,0.0345213,0.0338998,1.12193,0.18172,0.0562365,1.06624,0.220298,0.397408,0.209977,-0.101041,-0.0274472,1.00164,-0.166419,-0.156109,1.15857,-0.261841,-0.268525,1.23817,0.0468999,0.471074,0.255182,-0.0419838,0.113962,0.514537,-0.132667,0.110955,1.0448,-0.0425641,-0.0860257,1.472,-0.163924,0.355349,0.0730033,-0.0256,-0.192582,1.21371,-0.0380364,-0.246605,1.16444,-0.0285097,-0.141107,1.25024,0.0363322
1064,10.6216,0.0296294,1.48815,-0.0295135,-0.174942,0.107069,0.0978658,-0.0165128,1.01317,0.14159,0.228516,1.22745,0.247476,-0.0549787,1.0719,0.217549,-0.11873,0.0486725,0.0439593,-0.140545,0.509908,0.121213,0.114408,1.04497,0.0200147,0.023604,1.47076,0.146241,-0.331537,0.154897,0.0316761,0.0288042,1.12071,0.180811,0.0497436,1.06423,0.218891,0.402883,0.216319,-0.102977,-0.0302799,1.00059,-0.165302,-0.154673,1.15649,-0.262834,-0.266793,1.22696,0.0491045,0.472721,0.266258,-0.0450289,0.109676,0.511358,-0.133516,0.108193,1.04462,-0.0419804,-0.0866942,1.47026,-0.163006,0.366303,0.0761796,-0.0268269,-0.191319,1.20628,-0.0375675,-0.244338,1.1557,-0.028574,-0.143062,1.24911,0.0379826
1065,10.6316,0.0291443,1.48528,-0.0280071,-0.175388,0.103828,0.0944853,-0.0182134,1.0089,0.142765,0.224841,1.21966,0.248644,-0.0621508,1.07121,0.21533,-0.118386,0.0477018,0.040209,-0.14287,0.506991,0.11985,0.112634,1.04181,0.0209526,0.0239193,1.46737,0.147722,-0.332013,0.151419,0.0286222,0.0229459,1.11837,0.179694,0.0423309,1.06096,0.217416,0.407665,0.222261,-0.104872,-0.0328347,0.998502,-0.164213,-0.152491,1.15339,-0.263988,-0.265502,1.21376,0.0505825,0.472853,0.276623,-0.0481634,0.104144,0.506975,-0.134604,0.105465,1.04325,-0.0413424,-0.0873298,1.46757,-0.16233,0.375344,0.0777269,-0.0281775,-0.189507,1.19692,-0.0368608,-0.241948,1.14525,-0.0292761,-0.144852,1.24612,0.0395388
1066,10.6416,0.0288427,1.4813,-0.026452,-0.17118,0.100579,0.0912255,-0.0197791,1.00361,0.143964,0.220286,1.21025,0.250121,-0.0700725,1.06965,0.212825,-0.112284,0.0487533,0.03677,-0.14553,0.503085,0.118648,0.111187,1.03731,0.0218286,0.0242334,1.46259,0.14961,-0.329171,0.14294,0.0246636,0.01639,1.11502,0.178382,0.0339397,1.05665,0.215845,0.41158,0.227852,-0.106646,-0.0350764,0.995384,-0.163124,-0.149573,1.14936,-0.265234,-0.264572,1.19867,0.051298,0.471911,0.285945,-0.051042,0.0974904,0.501533,-0.136031,0.102773,1.04048,-0.0406461,-0.087881,1.46396,-0.161731,0.38332,0.0774488,-0.0301367,-0.188297,1.1862,-0.0367203,-0.239405,1.13322,-0.0306486,-0.146517,1.24146,0.0408955
1067,10.6516,0.0287205,1.47622,-0.0248337,-0.162223,0.0973123,0.088616,-0.0208549,0.997621,0.145203,0.214901,1.19935,0.251856,-0.0786804,1.06731,0.210027,-0.101227,0.05077,0.0339011,-0.148245,0.497886,0.117469,0.110029,1.03147,0.0225616,0.0244825,1.45644,0.151907,-0.322473,0.129235,0.0199308,0.00912395,1.1108,0.1769,0.024683,1.05158,0.213953,0.414385,0.2326,-0.108504,-0.037027,0.991273,-0.162115,-0.145901,1.14447,-0.266496,-0.26372,1.1818,0.0512291,0.47032,0.293725,-0.053103,0.0898327,0.49502,-0.137798,0.100419,1.03617,-0.0398662,-0.0883302,1.45937,-0.161045,0.391316,0.0764077,-0.0325185,-0.187331,1.17406,-0.0369892,-0.236688,1.1197,-0.0327205,-0.148034,1.23545,0.0420738
1068,10.6616,0.0287825,1.47001,-0.0231622,-0.15034,0.0935636,0.0864073,-0.0214405,0.991163,0.146701,0.208694,1.18708,0.253823,-0.0879474,1.06432,0.206902,-0.0871052,0.0525253,0.0320491,-0.150682,0.49168,0.116226,0.109073,1.0244,0.0231105,0.0245948,1.44905,0.154491,-0.312559,0.112177,0.0156128,0.00124429,1.1058,0.17527,0.0147527,1.04564,0.211723,0.416277,0.236522,-0.110446,-0.0387903,0.986203,-0.161224,-0.141478,1.1388,-0.267738,-0.263061,1.16324,0.0502615,0.468232,0.299844,-0.0539138,0.0812158,0.487484,-0.139844,0.0988201,1.03004,-0.0390957,-0.0886242,1.45379,-0.160096,0.399102,0.0764866,-0.0356147,-0.185911,1.16045,-0.0377217,-0.233759,1.10477,-0.0355238,-0.149282,1.22837,0.0431116
1069,10.6716,0.0290587,1.46272,-0.0213835,-0.13728,0.0905796,0.0845105,-0.0215733,0.984666,0.148469,0.201633,1.17354,0.25601,-0.0977723,1.06072,0.203311,-0.0715668,0.0545426,0.0314082,-0.153395,0.485219,0.115127,0.1085,1.01642,0.0234587,0.0244943,1.44051,0.157211,-0.301401,0.0950037,0.0126697,-0.00701655,1.09983,0.173419,0.0041563,1.03886,0.209194,0.417331,0.240396,-0.11235,-0.0404407,0.980195,-0.160573,-0.136422,1.13243,-0.268969,-0.262502,1.14314,0.048323,0.465586,0.305,-0.0537135,0.0718313,0.479142,-0.142021,0.0983141,1.02202,-0.0386067,-0.0887815,1.44732,-0.158817,0.404404,0.0787515,-0.0397149,-0.184462,1.14559,-0.0389722,-0.230585,1.08857,-0.0390951,-0.150188,1.22047,0.0439738
1070,10.6815,0.0296541,1.45465,-0.0193818,-0.123504,0.0893435,0.0830765,-0.0213017,0.97816,0.15013,0.193689,1.15885,0.258359,-0.10806,1.05678,0.199444,-0.0550496,0.0569219,0.0313432,-0.157486,0.479421,0.114702,0.108735,1.00778,0.0238025,0.0242477,1.43079,0.159939,-0.289581,0.0801872,0.011147,-0.0157112,1.09309,0.1712,-0.00715864,1.03156,0.206435,0.417081,0.244992,-0.114089,-0.0420043,0.973255,-0.160322,-0.130867,1.12544,-0.270245,-0.261887,1.12168,0.0453576,0.462147,0.309925,-0.0530333,0.0621066,0.470367,-0.143821,0.0988692,1.01272,-0.0384845,-0.0887312,1.44029,-0.157359,0.405862,0.0825145,-0.0448871,-0.183096,1.12962,-0.0407974,-0.227133,1.07129,-0.0434462,-0.150827,1.21226,0.0447332
1071,10.6915,0.0308945,1.44665,-0.0170013,-0.107928,0.0895902,0.0824664,-0.0202075,0.97191,0.151481,0.184857,1.14321,0.26072,-0.118798,1.05263,0.195313,-0.0370946,0.0590129,0.031699,-0.163803,0.47548,0.115013,0.110092,0.998502,0.0243082,0.0237112,1.4205,0.162871,-0.27511,0.0704032,0.0106493,-0.024929,1.08584,0.168593,-0.0189734,1.02396,0.203446,0.414902,0.250193,-0.11563,-0.0433716,0.965475,-0.160495,-0.124759,1.1179,-0.271585,-0.261222,1.09915,0.0413085,0.457863,0.314689,-0.0521909,0.0520212,0.461328,-0.144685,0.100182,1.00275,-0.0385276,-0.0884584,1.43322,-0.156127,0.403979,0.0867021,-0.050865,-0.181599,1.11267,-0.0433055,-0.223387,1.05318,-0.048554,-0.151205,1.20378,0.0453078
1072,10.7015,0.0328159,1.43983,-0.0142591,-0.0906425,0.0901185,0.0818438,-0.0182959,0.965976,0.152461,0.175034,1.12688,0.263021,-0.129905,1.04828,0.190749,-0.0183455,0.0601045,0.0320104,-0.171632,0.474072,0.115638,0.112381,0.988418,0.0244352,0.0229283,1.41098,0.16632,-0.257341,0.0672359,0.0108978,-0.0345802,1.07841,0.165875,-0.031344,1.01607,0.199838,0.410303,0.255433,-0.116884,-0.0442166,0.957133,-0.16104,-0.117783,1.10996,-0.273011,-0.260362,1.07575,0.035852,0.452677,0.318976,-0.0514823,0.0410694,0.452331,-0.144531,0.102031,0.992177,-0.0388006,-0.0878163,1.42648,-0.155641,0.399003,0.0909252,-0.0567026,-0.179778,1.09503,-0.0465239,-0.219291,1.03458,-0.0544983,-0.151312,1.19488,0.0456301
1073,10.7115,0.0345138,1.43422,-0.0115441,-0.072445,0.0906037,0.0813703,-0.0161325,0.96057,0.153022,0.164022,1.11025,0.265099,-0.141407,1.04391,0.185757,0.000946263,0.0610904,0.032456,-0.17848,0.473533,0.117233,0.115132,0.978099,0.0226678,0.0223788,1.40282,0.17025,-0.238564,0.0664692,0.0112968,-0.0445924,1.07097,0.162703,-0.0443342,1.00809,0.195533,0.403114,0.260315,-0.117882,-0.0442174,0.948625,-0.161925,-0.109713,1.10203,-0.274484,-0.259494,1.05197,0.0287682,0.446356,0.322504,-0.0511315,0.0285746,0.44405,-0.144044,0.104206,0.981027,-0.0404127,-0.0865368,1.42014,-0.156075,0.391396,0.0948788,-0.0619047,-0.177448,1.07703,-0.0504153,-0.214698,1.01579,-0.0615548,-0.15112,1.18553,0.0456381
1074,10.7215,0.0348117,1.42924,-0.00906472,-0.0543464,0.090804,0.0810685,-0.0136655,0.956067,0.153151,0.151653,1.0937,0.26684,-0.15332,1.03979,0.180168,0.0199975,0.0619093,0.0326962,-0.181829,0.471025,0.120482,0.117866,0.968789,0.018265,0.0222219,1.39502,0.174368,-0.220209,0.0652052,0.0113933,-0.0551821,1.06397,0.159174,-0.0578828,1.00052,0.190431,0.39357,0.264464,-0.118698,-0.0433496,0.940502,-0.163027,-0.100892,1.09466,-0.275664,-0.258646,1.02848,0.0197772,0.438627,0.325115,-0.0511783,0.0144789,0.437292,-0.143972,0.106466,0.969927,-0.0448544,-0.0847745,1.41408,-0.157053,0.381478,0.0983631,-0.0661404,-0.174358,1.05903,-0.0549042,-0.209387,0.997175,-0.069774,-0.150564,1.17601,0.0452804
1075,10.7315,0.0334156,1.42476,-0.00684051,-0.0358716,0.0909905,0.0807275,-0.0114521,0.95236,0.153197,0.137839,1.07784,0.268094,-0.165597,1.0364,0.173691,0.0390505,0.062506,0.0325926,-0.180843,0.465607,0.124719,0.119828,0.960833,0.0130717,0.0218981,1.38738,0.178343,-0.201624,0.0641087,0.0113474,-0.0662893,1.05793,0.155208,-0.0719416,0.99396,0.184838,0.382116,0.267671,-0.119432,-0.0421258,0.933339,-0.16416,-0.0913997,1.08828,-0.276612,-0.257425,1.00617,0.00878976,0.429362,0.326782,-0.0514058,-0.000477274,0.432033,-0.144176,0.108641,0.959948,-0.051084,-0.0832622,1.40821,-0.157875,0.369464,0.100942,-0.0696464,-0.170198,1.04139,-0.0599701,-0.203145,0.979247,-0.0790694,-0.149537,1.16702,0.0445282
1076,10.7415,0.0314241,1.42118,-0.00469556,-0.0170098,0.0913526,0.0804207,-0.00981762,0.949038,0.153431,0.122995,1.06348,0.269061,-0.178039,1.03444,0.166283,0.0583068,0.0631453,0.0324157,-0.176611,0.458555,0.128813,0.120547,0.954283,0.00971256,0.0205567,1.38074,0.181645,-0.182525,0.0633699,0.0112883,-0.077635,1.05327,0.150352,-0.0864599,0.988901,0.178921,0.369181,0.269896,-0.120192,-0.0413771,0.92746,-0.165137,-0.0811392,1.0832,-0.277575,-0.255442,0.985646,-0.00403705,0.418616,0.327415,-0.0517609,-0.0157,0.427201,-0.144015,0.110325,0.951688,-0.0553907,-0.0823896,1.40268,-0.157942,0.355438,0.102792,-0.0727968,-0.164944,1.02465,-0.0657241,-0.195892,0.962632,-0.0891063,-0.148006,1.15962,0.0434161
1077,10.7515,0.030347,1.41864,-0.00237741,0.00212996,0.091795,0.0803694,-0.00883682,0.945893,0.153781,0.107374,1.05111,0.269747,-0.190357,1.03448,0.158117,0.0777536,0.0637813,0.0323866,-0.169979,0.451196,0.132316,0.120747,0.949603,0.00878707,0.0178829,1.37549,0.183742,-0.163004,0.0629013,0.0112487,-0.0890479,1.05032,0.144886,-0.101255,0.985717,0.172615,0.35517,0.271261,-0.120959,-0.0416859,0.923021,-0.165824,-0.0699831,1.0795,-0.278768,-0.252363,0.967435,-0.0182569,0.406744,0.3269,-0.0521478,-0.0310485,0.422561,-0.143344,0.111444,0.945849,-0.0560911,-0.0816927,1.3978,-0.15738,0.339566,0.103839,-0.0765331,-0.15882,1.00961,-0.072306,-0.18772,0.947986,-0.0998451,-0.146097,1.15456,0.0419735
1078,10.7615,0.0307926,1.41611,-0.000259293,0.0214749,0.0923598,0.080402,-0.00854536,0.943,0.15412,0.0912792,1.04073,0.270169,-0.202432,1.03689,0.149082,0.097399,0.0644385,0.0323901,-0.161356,0.444101,0.13505,0.121327,0.946969,0.00941508,0.0144771,1.37138,0.184893,-0.143216,0.0627853,0.0109968,-0.100384,1.04926,0.139052,-0.116009,0.984709,0.165686,0.340331,0.271665,-0.121747,-0.0420764,0.920002,-0.165883,-0.0577811,1.077,-0.28043,-0.247905,0.951948,-0.0331852,0.394111,0.32505,-0.0524444,-0.0463998,0.419128,-0.142519,0.112378,0.942686,-0.0549557,-0.0803284,1.39388,-0.156793,0.321772,0.10406,-0.080761,-0.15196,0.996932,-0.079922,-0.178734,0.935963,-0.111227,-0.144111,1.15162,0.0402198
1079,10.7715,0.0323987,1.41304,0.00120598,0.0409867,0.0930593,0.0802385,-0.00870522,0.940533,0.154337,0.0749054,1.03208,0.270287,-0.213995,1.04179,0.139473,0.117115,0.0651833,0.032375,-0.15173,0.437775,0.136353,0.122131,0.945881,0.0110333,0.0113659,1.36823,0.186008,-0.123424,0.062729,0.0109014,-0.111652,1.05021,0.13308,-0.130212,0.986079,0.157952,0.324768,0.271128,-0.122465,-0.041299,0.91866,-0.165251,-0.0444827,1.07561,-0.282795,-0.242037,0.939678,-0.048147,0.381034,0.321753,-0.0526192,-0.0616298,0.417601,-0.141714,0.113179,0.941592,-0.0533925,-0.0779438,1.39108,-0.156635,0.30172,0.103658,-0.0846377,-0.144937,0.987045,-0.0886113,-0.16912,0.927018,-0.123081,-0.142416,1.15003,0.0382245
1080,10.7815,0.0344144,1.41009,0.00208237,0.0602911,0.0936127,0.0798887,-0.00908834,0.938512,0.15462,0.0583751,1.02518,0.270132,-0.224781,1.04915,0.129485,0.136764,0.0659748,0.0323318,-0.141975,0.432698,0.13573,0.122595,0.945638,0.013159,0.00926501,1.36593,0.18753,-0.103784,0.0625991,0.0109209,-0.122271,1.05325,0.126807,-0.14409,0.989593,0.14977,0.308549,0.269697,-0.122985,-0.039802,0.91881,-0.164409,-0.0302783,1.07565,-0.285787,-0.234936,0.930783,-0.0626044,0.367628,0.316944,-0.0527088,-0.0765285,0.417947,-0.140848,0.113646,0.941233,-0.0513741,-0.0747689,1.38937,-0.156982,0.279582,0.102739,-0.0880368,-0.137024,0.980278,-0.0977925,-0.159095,0.921344,-0.135147,-0.141209,1.14916,0.0360586
1081,10.7915,0.0362641,1.40857,0.00289758,0.0794171,0.0943437,0.0797325,-0.00935153,0.937153,0.154907,0.0417221,1.02028,0.269712,-0.234597,1.05873,0.119237,0.156239,0.066883,0.0322353,-0.132131,0.428765,0.134689,0.122722,0.945862,0.0150914,0.0079348,1.36456,0.188955,-0.0841169,0.0624375,0.0109725,-0.132127,1.05837,0.120355,-0.15743,0.995213,0.14132,0.291753,0.267374,-0.12329,-0.038947,0.919506,-0.163814,-0.0156398,1.07758,-0.288957,-0.226863,0.925145,-0.0764125,0.353903,0.31056,-0.0527631,-0.0908846,0.420018,-0.139938,0.11411,0.941059,-0.0494022,-0.0711777,1.38871,-0.157633,0.255693,0.101355,-0.0908781,-0.128379,0.976681,-0.107195,-0.148719,0.91879,-0.14702,-0.140607,1.14887,0.0337542
1082,10.8014,0.0370515,1.40856,0.00401606,0.098529,0.0953076,0.0797434,-0.00931643,0.936567,0.155156,0.0250345,1.01767,0.268768,-0.243383,1.07024,0.108826,0.175638,0.0680186,0.0321437,-0.121377,0.425668,0.134462,0.123088,0.946634,0.0163902,0.00650828,1.36444,0.189965,-0.064434,0.0623685,0.0109676,-0.14125,1.06542,0.11389,-0.17001,1.00293,0.132738,0.274281,0.264032,-0.123365,-0.038013,0.920848,-0.163514,-0.00091585,1.08155,-0.292215,-0.21814,0.922453,-0.0897428,0.339692,0.302611,-0.0528347,-0.104706,0.423656,-0.138936,0.115063,0.94141,-0.0482528,-0.0674638,1.38909,-0.158317,0.230262,0.0995371,-0.093038,-0.119412,0.975976,-0.116629,-0.13786,0.918912,-0.158335,-0.140621,1.14917,0.0313251
1083,10.8114,0.0366438,1.40988,0.00561712,0.117663,0.0964099,0.0799034,-0.00891308,0.936692,0.155397,0.00858046,1.01735,0.267615,-0.251082,1.08333,0.09834,0.195478,0.0697363,0.0323929,-0.109323,0.423205,0.134942,0.123852,0.947931,0.0169669,0.0044266,1.36569,0.190666,-0.044771,0.0623989,0.010931,-0.149621,1.07409,0.107407,-0.181748,1.01257,0.124139,0.256098,0.259553,-0.123202,-0.0376127,0.922797,-0.163523,0.0136324,1.08743,-0.295426,-0.208991,0.922257,-0.10276,0.324823,0.293083,-0.0530055,-0.11795,0.428633,-0.137689,0.116121,0.942572,-0.0480319,-0.0638821,1.39056,-0.15883,0.203495,0.0971965,-0.0945072,-0.110604,0.977916,-0.125947,-0.126402,0.921162,-0.168849,-0.141314,1.1504,0.02894
1084,10.8214,0.0356422,1.41218,0.00743876,0.136685,0.0978399,0.0802066,-0.00825189,0.93751,0.155719,-0.00752865,1.01904,0.266283,-0.257729,1.09767,0.087962,0.215142,0.0721116,0.0328748,-0.0961955,0.421383,0.135258,0.124579,0.949501,0.0167148,0.0016732,1.36822,0.191185,-0.025121,0.0624977,0.0108736,-0.157117,1.0839,0.100775,-0.192594,1.02379,0.115589,0.237212,0.253718,-0.122747,-0.0378789,0.925311,-0.163586,0.0277671,1.0949,-0.298312,-0.199571,0.924017,-0.115442,0.309087,0.282161,-0.0532101,-0.130554,0.434768,-0.136237,0.116752,0.944629,-0.0485096,-0.0605433,1.39311,-0.159161,0.175576,0.0944419,-0.0953186,-0.102038,0.982162,-0.135057,-0.114352,0.925028,-0.178433,-0.142525,1.15282,0.026715
1085,10.8314,0.0348428,1.41519,0.00902425,0.1554,0.0997535,0.0806371,-0.00746672,0.939025,0.156053,-0.0233067,1.02239,0.264474,-0.263321,1.11295,0.0778643,0.234168,0.0752221,0.0331526,-0.0820843,0.420368,0.134663,0.124797,0.951428,0.0158287,-0.00169959,1.37191,0.191553,-0.00540616,0.0626353,0.010787,-0.163629,1.09444,0.0940085,-0.202487,1.03617,0.107193,0.217709,0.246823,-0.122273,-0.0388528,0.92837,-0.163509,0.0413157,1.10363,-0.300663,-0.18999,0.927286,-0.127703,0.292364,0.270043,-0.0533861,-0.142519,0.44198,-0.134753,0.117031,0.947703,-0.0494201,-0.05725,1.39667,-0.159424,0.146698,0.0915291,-0.0957752,-0.0935321,0.988141,-0.143764,-0.101834,0.930145,-0.186985,-0.143986,1.15624,0.024671
1086,10.8414,0.0346645,1.41866,0.0101074,0.173652,0.102405,0.0812018,-0.00674437,0.941273,0.156279,-0.0386213,1.02729,0.26212,-0.267905,1.12887,0.0681847,0.253087,0.0793097,0.0335148,-0.0670799,0.420472,0.133355,0.124366,0.954284,0.0147687,-0.00557525,1.37661,0.191732,0.0144199,0.0627743,0.0107277,-0.169511,1.10625,0.0880153,-0.211359,1.04916,0.0990248,0.197744,0.239194,-0.121898,-0.0404624,0.931967,-0.163174,0.0541281,1.11348,-0.302622,-0.180383,0.931784,-0.139408,0.274556,0.256796,-0.0534441,-0.153697,0.450132,-0.133227,0.117065,0.951774,-0.0504555,-0.0537886,1.40111,-0.159767,0.117,0.0884772,-0.0955504,-0.0846493,0.995003,-0.151715,-0.0895961,0.936559,-0.194827,-0.145458,1.1604,0.0227463
1087,10.8514,0.0348614,1.4224,0.0107379,0.191383,0.105764,0.0819002,-0.00636993,0.944227,0.156318,-0.0530773,1.03366,0.259698,-0.271565,1.14506,0.0589807,0.271512,0.0840243,0.0339239,-0.0517044,0.421931,0.132133,0.124067,0.958797,0.0138113,-0.00971934,1.38218,0.191656,0.0343623,0.0628317,0.010761,-0.174866,1.11861,0.0822694,-0.219381,1.06281,0.0912851,0.177059,0.230637,-0.121387,-0.0425417,0.936116,-0.162545,0.06633,1.12414,-0.304093,-0.170874,0.937369,-0.150437,0.255514,0.242286,-0.0534023,-0.163883,0.459023,-0.131517,0.116824,0.956707,-0.0513982,-0.0501748,1.40621,-0.160216,0.0864245,0.0857079,-0.0948384,-0.0757298,1.00259,-0.159028,-0.0779294,0.944149,-0.202172,-0.147284,1.16513,0.0208876
1088,10.8614,0.0351012,1.42663,0.0111634,0.208521,0.109456,0.0827223,-0.00657054,0.947745,0.15621,-0.0665311,1.04127,0.257264,-0.274388,1.16104,0.050195,0.289486,0.0898014,0.0344973,-0.0365947,0.424621,0.131498,0.123622,0.964785,0.0131004,-0.0139807,1.38846,0.191328,0.05438,0.0627955,0.0107359,-0.179576,1.13107,0.0764427,-0.226287,1.07695,0.0838843,0.155451,0.221212,-0.120537,-0.044866,0.940842,-0.161654,0.0779728,1.13532,-0.305145,-0.161642,0.943933,-0.160644,0.235315,0.227104,-0.0532645,-0.173057,0.468289,-0.129748,0.116307,0.96241,-0.0520465,-0.046824,1.41174,-0.160592,0.0549662,0.0835424,-0.0937799,-0.0671746,1.01088,-0.165834,-0.0670355,0.952639,-0.209133,-0.148759,1.1702,0.0190394
1089,10.8714,0.0349168,1.43143,0.0115736,0.224928,0.113633,0.0835403,-0.00753041,0.951757,0.155968,-0.0789941,1.04981,0.25477,-0.276569,1.17676,0.0419065,0.306753,0.0967366,0.0352313,-0.0220979,0.428232,0.131277,0.122519,0.971692,0.0126703,-0.0183031,1.39526,0.190751,0.0744283,0.0627342,0.0109587,-0.183648,1.14351,0.0707103,-0.232245,1.09113,0.0768237,0.133073,0.211362,-0.119771,-0.0471829,0.946164,-0.160579,0.0889895,1.14679,-0.305795,-0.152859,0.951347,-0.169938,0.214105,0.211628,-0.0531811,-0.181003,0.477756,-0.128123,0.115478,0.968685,-0.0523805,-0.0441214,1.41761,-0.160881,0.0227784,0.0818527,-0.0919614,-0.0590511,1.01969,-0.172109,-0.056995,0.9618,-0.215696,-0.150397,1.17558,0.0168371
1090,10.8814,0.0340377,1.43678,0.0120138,0.240566,0.118512,0.0842528,-0.00922916,0.956179,0.155607,-0.0904472,1.05901,0.252303,-0.278236,1.19203,0.0341331,0.32313,0.104672,0.0359747,-0.00820541,0.432592,0.131,0.120798,0.979061,0.0125211,-0.0226435,1.40243,0.189902,0.0944748,0.0629123,0.0110471,-0.187145,1.15621,0.0657357,-0.237432,1.10507,0.0701348,0.10972,0.201157,-0.119216,-0.0492395,0.952089,-0.159428,0.0992697,1.15836,-0.305893,-0.144644,0.959357,-0.178355,0.191767,0.195899,-0.0531456,-0.187718,0.487151,-0.126675,0.114398,0.975313,-0.0524639,-0.0419828,1.42371,-0.161076,-0.00986503,0.0807387,-0.089297,-0.0513734,1.02878,-0.177796,-0.0477925,0.971419,-0.221878,-0.152071,1.18153,0.0142334
1091,10.8914,0.0325517,1.44247,0.0124084,0.25526,0.124016,0.0850336,-0.0115414,0.960924,0.155133,-0.100989,1.06859,0.249896,-0.279389,1.20669,0.0268438,0.338399,0.113294,0.03654,0.0052219,0.43759,0.130527,0.118448,0.986582,0.0127104,-0.0270422,1.40987,0.188798,0.114684,0.0629851,0.0109604,-0.19007,1.16863,0.0610005,-0.241829,1.1186,0.0637819,0.0854391,0.190828,-0.118531,-0.0508104,0.958591,-0.158324,0.108744,1.16997,-0.305629,-0.137045,0.967681,-0.186023,0.167547,0.179521,-0.0527968,-0.193169,0.496207,-0.125533,0.113025,0.982141,-0.0521912,-0.0404255,1.42992,-0.161297,-0.0428943,0.0803096,-0.0859505,-0.0442281,1.03793,-0.182873,-0.0393231,0.981131,-0.227566,-0.153172,1.18809,0.0113868
1092,10.9014,0.030743,1.44826,0.0126858,0.268895,0.130101,0.085797,-0.0143073,0.965918,0.154591,-0.110681,1.07829,0.247587,-0.2799,1.22053,0.0200152,0.352652,0.122745,0.0370378,0.0181189,0.443157,0.129982,0.115579,0.99401,0.0131772,-0.0315464,1.41748,0.187455,0.135206,0.0625021,0.0110622,-0.192505,1.18052,0.0563564,-0.245432,1.13157,0.0577171,0.0602165,0.180553,-0.117434,-0.0517248,0.965608,-0.157385,0.117299,1.18142,-0.305005,-0.130077,0.976036,-0.193072,0.141776,0.163189,-0.0524778,-0.197341,0.504737,-0.124718,0.111143,0.989061,-0.0514832,-0.0394239,1.43615,-0.161736,-0.076239,0.0806559,-0.082214,-0.0376759,1.04696,-0.187421,-0.0315272,0.990707,-0.232623,-0.154027,1.19517,0.00833336
1093,10.9114,0.0288822,1.45397,0.0127636,0.281673,0.136611,0.0863691,-0.0174054,0.971123,0.154049,-0.119437,1.08781,0.245305,-0.280097,1.23344,0.0135878,0.365819,0.13278,0.0373792,0.0302755,0.449191,0.129379,0.112429,1.00124,0.0138044,-0.0360733,1.42507,0.185831,0.155577,0.0619824,0.0113689,-0.194603,1.19179,0.051868,-0.248373,1.14375,0.0519463,0.0339366,0.170008,-0.116046,-0.0518937,0.973023,-0.15671,0.124852,1.19248,-0.304062,-0.123749,0.984191,-0.199601,0.11444,0.146837,-0.0523355,-0.2002,0.512614,-0.124158,0.109309,0.995919,-0.0506046,-0.0386898,1.44219,-0.162331,-0.10946,0.0815042,-0.0782613,-0.0315754,1.05561,-0.191499,-0.024401,0.999958,-0.236894,-0.1549,1.20251,0.00497305
1094,10.9214,0.027066,1.45942,0.012569,0.293603,0.143267,0.0867726,-0.0206619,0.976384,0.15347,-0.127349,1.09691,0.243053,-0.27989,1.24523,0.0075573,0.377932,0.143177,0.0375305,0.0415533,0.455518,0.128613,0.109103,1.00822,0.0145263,-0.040544,1.43248,0.183876,0.175568,0.0616077,0.011779,-0.19638,1.20233,0.0476646,-0.250681,1.155,0.046506,0.00672903,0.159896,-0.114876,-0.051337,0.980658,-0.156361,0.131404,1.20295,-0.302883,-0.118084,0.991973,-0.205501,0.086162,0.131195,-0.052301,-0.201694,0.519671,-0.123813,0.107505,1.00269,-0.0497182,-0.0381472,1.44793,-0.162977,-0.142386,0.0835812,-0.0738469,-0.0260088,1.06379,-0.195089,-0.0179731,1.00875,-0.240365,-0.155895,1.20988,0.00141361
1095,10.9313,0.025285,1.46446,0.0121152,0.30476,0.149964,0.0871179,-0.0239762,0.98142,0.152892,-0.134517,1.10542,0.240886,-0.279499,1.25575,0.00190257,0.389073,0.154044,0.0376611,0.0518979,0.461868,0.127704,0.105675,1.01496,0.0152519,-0.0449935,1.43958,0.181595,0.194799,0.0614261,0.0120997,-0.19756,1.21196,0.0438641,-0.252438,1.16514,0.0413969,-0.0212123,0.150655,-0.113846,-0.0502172,0.988254,-0.156346,0.136997,1.21265,-0.301539,-0.113174,0.999297,-0.210699,0.0572162,0.1166,-0.052406,-0.201925,0.525699,-0.12365,0.105022,1.00916,-0.0488947,-0.0378762,1.45328,-0.163653,-0.175079,0.087355,-0.0689787,-0.0216823,1.07179,-0.197852,-0.0122576,1.01689,-0.243135,-0.157179,1.21704,-0.00208464
1096,10.9413,0.0235114,1.46897,0.0114143,0.315256,0.156613,0.0874908,-0.0273057,0.986054,0.152325,-0.140958,1.11322,0.23885,-0.279017,1.26489,-0.00343626,0.399176,0.165145,0.0378016,0.0613398,0.468039,0.126454,0.102094,1.02139,0.0158418,-0.0495121,1.4463,0.179061,0.212996,0.0614897,0.0123813,-0.198482,1.22046,0.0403085,-0.253682,1.17394,0.0365357,-0.0496245,0.142406,-0.112878,-0.048877,0.995455,-0.156598,0.141684,1.2214,-0.300106,-0.109145,1.00611,-0.215361,0.0271506,0.102712,-0.0527222,-0.201095,0.530568,-0.123631,0.102565,1.0154,-0.0480941,-0.0379928,1.45815,-0.164388,-0.207207,0.0928916,-0.0639165,-0.018334,1.07927,-0.200281,-0.00737791,1.02424,-0.24528,-0.159016,1.22358,-0.00534291
1097,10.9513,0.0217522,1.47285,0.0105306,0.325166,0.163247,0.0878936,-0.0306353,0.990145,0.15178,-0.146686,1.12024,0.237007,-0.278492,1.27254,-0.00844774,0.408321,0.176345,0.0380746,0.0697439,0.473743,0.124882,0.0983665,1.02734,0.01618,-0.0537955,1.45229,0.176238,0.23025,0.0617223,0.0126477,-0.199312,1.22803,0.037419,-0.254504,1.18129,0.0319739,-0.0781923,0.135335,-0.111853,-0.0478434,1.00181,-0.156958,0.145545,1.22904,-0.298727,-0.106043,1.01236,-0.219352,-0.00416119,0.0894926,-0.0531159,-0.199424,0.534246,-0.12362,0.0994837,1.02115,-0.047417,-0.038308,1.46233,-0.165246,-0.238215,0.0999008,-0.0588782,-0.0157605,1.08597,-0.202468,-0.00346081,1.03069,-0.246888,-0.161028,1.22954,-0.00841553
1098,10.9613,0.0200167,1.47606,0.00949348,0.334535,0.169894,0.0883284,-0.0340754,0.993642,0.151287,-0.151682,1.1264,0.235359,-0.277952,1.2786,-0.0131322,0.416614,0.187604,0.0385141,0.077099,0.478808,0.123177,0.0945189,1.03262,0.0163276,-0.0578777,1.45749,0.173283,0.246637,0.0621347,0.0129288,-0.199997,1.23411,0.0345743,-0.255024,1.18719,0.0278147,-0.106478,0.129582,-0.110676,-0.0477392,1.00684,-0.157202,0.14867,1.2354,-0.297558,-0.10391,1.01788,-0.222835,-0.0352693,0.0781191,-0.0534957,-0.197023,0.53671,-0.123488,0.0959207,1.02628,-0.0468702,-0.0388999,1.46573,-0.166184,-0.267543,0.108064,-0.0540536,-0.0140193,1.09178,-0.204334,-0.00061752,1.03613,-0.248087,-0.163231,1.23487,-0.0111709
1099,10.9713,0.0183095,1.4785,0.0082852,0.343435,0.176521,0.0888137,-0.0376978,0.996415,0.150798,-0.155878,1.13159,0.233915,-0.277447,1.28299,-0.0175332,0.424102,0.198893,0.0389827,0.0833518,0.483201,0.121539,0.0906076,1.03707,0.0164072,-0.0616919,1.46179,0.170257,0.262459,0.0628125,0.0130751,-0.200542,1.23862,0.0318018,-0.255358,1.19153,0.0240786,-0.134007,0.125229,-0.109746,-0.0491915,1.01007,-0.157073,0.151064,1.24035,-0.29667,-0.102841,1.02257,-0.225722,-0.0654417,0.06887,-0.0537608,-0.193933,0.537871,-0.123362,0.0925405,1.03073,-0.0463638,-0.0397683,1.46829,-0.167147,-0.294646,0.117205,-0.0495779,-0.0133832,1.09663,-0.205922,0.00107142,1.04055,-0.248968,-0.165724,1.2394,-0.0135228
1100,10.9813,0.0166781,1.48015,0.0069056,0.351878,0.183186,0.0892937,-0.041445,0.998373,0.15017,-0.159255,1.13562,0.232678,-0.277045,1.2856,-0.021643,0.430889,0.210236,0.039448,0.0883253,0.486868,0.120185,0.0866168,1.04062,0.0164986,-0.0652314,1.46519,0.1673,0.277823,0.0640016,0.0128842,-0.201024,1.2419,0.0296795,-0.255536,1.19441,0.0208827,-0.159943,0.122205,-0.109397,-0.0514353,1.01195,-0.156686,0.152606,1.24369,-0.295942,-0.102979,1.02651,-0.227804,-0.0939479,0.061666,-0.0537999,-0.190343,0.537702,-0.123216,0.089354,1.03448,-0.0458962,-0.0408181,1.46997,-0.168146,-0.319054,0.126857,-0.0455954,-0.01408,1.1005,-0.207311,0.00136281,1.04392,-0.249567,-0.168539,1.24299,-0.0154164
1101,10.9913,0.015152,1.48097,0.00540258,0.359959,0.190061,0.0896518,-0.0453571,0.999403,0.149426,-0.161774,1.13833,0.231682,-0.276735,1.28638,-0.0254269,0.437143,0.221728,0.0398268,0.0918744,0.489508,0.119237,0.082543,1.0432,0.016625,-0.0684817,1.46764,0.164493,0.2926,0.0658473,0.0124718,-0.201495,1.24348,0.0277178,-0.255649,1.19545,0.0180819,-0.183325,0.120549,-0.108999,-0.0538202,1.01273,-0.156375,0.153513,1.24535,-0.295613,-0.104358,1.02961,-0.229287,-0.119885,0.0562928,-0.0535471,-0.186772,0.536325,-0.123012,0.0859176,1.03743,-0.0455444,-0.041949,1.47066,-0.169236,-0.340172,0.136387,-0.0421821,-0.0155357,1.10318,-0.208453,0.000391296,1.04619,-0.250128,-0.171621,1.24558,-0.0169109
1102,11.0013,0.0137533,1.48095,0.00379966,0.367879,0.197179,0.0899259,-0.0493477,0.999447,0.148624,-0.163436,1.13962,0.230972,-0.276566,1.28529,-0.0288547,0.44301,0.233301,0.0400979,0.0938672,0.490768,0.118641,0.0785735,1.04475,0.0167864,-0.0714055,1.46901,0.161897,0.306497,0.0681738,0.0120168,-0.201948,1.24324,0.0258507,-0.255686,1.19458,0.0156905,-0.203137,0.119893,-0.108054,-0.056294,1.01231,-0.156465,0.153625,1.24514,-0.295605,-0.107,1.03187,-0.230236,-0.142232,0.052501,-0.0529981,-0.183884,0.533769,-0.122867,0.0823071,1.03947,-0.0452612,-0.0431288,1.47034,-0.170497,-0.357624,0.145218,-0.0393529,-0.0171838,1.10463,-0.209147,-0.00189213,1.0473,-0.25057,-0.174754,1.247,-0.0181561
1103,11.0113,0.0125075,1.48006,0.0020961,0.375796,0.204408,0.0901696,-0.0533021,0.998508,0.147819,-0.164301,1.13944,0.230557,-0.276612,1.28219,-0.0318803,0.448395,0.244641,0.0403405,0.0941864,0.490383,0.118249,0.0749492,1.04524,0.0169846,-0.0739562,1.46925,0.159545,0.319208,0.0705767,0.0116947,-0.202407,1.2412,0.0241933,-0.255648,1.19196,0.0138774,-0.218618,0.119579,-0.106905,-0.0584868,1.01075,-0.156821,0.152903,1.243,-0.295952,-0.110943,1.03337,-0.230677,-0.160083,0.0496112,-0.0520065,-0.182408,0.530297,-0.122616,0.0787521,1.04045,-0.0450196,-0.0441727,1.46887,-0.171935,-0.371161,0.152263,-0.0371409,-0.0197766,1.10495,-0.209646,-0.00554239,1.04724,-0.250799,-0.177699,1.24706,-0.0193531
1104,11.0213,0.0114406,1.47828,0.00034456,0.383463,0.211531,0.0904381,-0.0571007,0.996655,0.147059,-0.164433,1.13782,0.230422,-0.276932,1.27703,-0.0344317,0.452981,0.255618,0.0405879,0.0927755,0.488258,0.117998,0.0718614,1.04453,0.0172303,-0.0761996,1.46828,0.157455,0.330581,0.072481,0.0116859,-0.202877,1.23738,0.0227663,-0.255523,1.18737,0.01255,-0.229437,0.118651,-0.105773,-0.0603274,1.0081,-0.157385,0.151399,1.23892,-0.296719,-0.116116,1.03412,-0.230689,-0.172697,0.0469007,-0.050577,-0.182852,0.526389,-0.122181,0.0755024,1.04013,-0.0448306,-0.0450331,1.4662,-0.173628,-0.380523,0.156554,-0.0355129,-0.0237252,1.10421,-0.210092,-0.0105483,1.04607,-0.250707,-0.180373,1.24557,-0.0204166
1105,11.0313,0.0105251,1.47548,-0.00146931,0.390451,0.218414,0.0907223,-0.0605337,0.993913,0.146326,-0.163822,1.13488,0.230574,-0.277536,1.2698,-0.0364902,0.456357,0.266206,0.0408794,0.0896726,0.484448,0.117864,0.0695018,1.04238,0.0175107,-0.0780905,1.46602,0.155677,0.340734,0.0734254,0.0121543,-0.203609,1.23183,0.0216599,-0.255266,1.18097,0.0117826,-0.235696,0.116538,-0.104676,-0.0618297,1.00434,-0.15815,0.14912,1.23302,-0.297977,-0.12244,1.03409,-0.230391,-0.179528,0.0445551,-0.0490087,-0.185224,0.522882,-0.121696,0.0727673,1.03811,-0.0447682,-0.0456938,1.46229,-0.175637,-0.385576,0.15746,-0.0340337,-0.0285531,1.10238,-0.210377,-0.0166589,1.04371,-0.250468,-0.183014,1.24258,-0.0208315
1106,11.0413,0.00976309,1.47159,-0.00330097,0.396372,0.224857,0.0909883,-0.0635651,0.990381,0.145631,-0.162384,1.13076,0.231011,-0.278421,1.26052,-0.0380196,0.458389,0.276167,0.0411729,0.0849485,0.479055,0.117911,0.067828,1.03862,0.0178085,-0.0795401,1.46243,0.154222,0.350272,0.0733577,0.0129976,-0.204566,1.2246,0.0208919,-0.254861,1.17272,0.011591,-0.237172,0.113318,-0.103532,-0.0630736,0.999457,-0.159149,0.146008,1.22533,-0.299556,-0.129827,1.03329,-0.229814,-0.179676,0.0441516,-0.0477391,-0.188738,0.520064,-0.120999,0.0707815,1.03413,-0.044895,-0.0461878,1.45719,-0.17799,-0.386446,0.153711,-0.0324198,-0.0343567,1.09955,-0.210534,-0.0237753,1.04019,-0.250019,-0.185462,1.23818,-0.0214395
1107,11.0513,0.00918561,1.46658,-0.00515368,0.401109,0.230793,0.0912368,-0.0661923,0.986034,0.145018,-0.160082,1.12559,0.231721,-0.279566,1.24918,-0.0389685,0.459197,0.28521,0.0412177,0.0787812,0.472288,0.118256,0.0666021,1.03328,0.0180554,-0.0804309,1.45751,0.153031,0.359878,0.0730658,0.0139205,-0.205074,1.21543,0.0202703,-0.254338,1.16259,0.0119752,-0.23321,0.108794,-0.102399,-0.0641529,0.993524,-0.160346,0.142061,1.21596,-0.3014,-0.138157,1.03181,-0.228806,-0.172971,0.0457917,-0.0467866,-0.192351,0.517122,-0.119928,0.0695107,1.02836,-0.045189,-0.0464666,1.451,-0.180585,-0.383241,0.144036,-0.0300505,-0.0410809,1.0958,-0.210534,-0.0319566,1.03561,-0.249229,-0.187459,1.23231,-0.0223709
1108,11.0612,0.00871619,1.46039,-0.00706548,0.404587,0.236262,0.0914571,-0.0683229,0.980883,0.144422,-0.156913,1.11943,0.232673,-0.280916,1.23583,-0.0392601,0.458934,0.293239,0.0407197,0.0713787,0.464413,0.118981,0.0656812,1.02647,0.0181439,-0.0809357,1.45137,0.152042,0.369205,0.0743725,0.0150309,-0.205045,1.20432,0.0198061,-0.253605,1.15068,0.0130066,-0.22431,0.103043,-0.101339,-0.0653179,0.986702,-0.161669,0.137214,1.20504,-0.303419,-0.147361,1.02966,-0.227569,-0.160497,0.0480709,-0.0458781,-0.195506,0.512901,-0.119289,0.0686332,1.02115,-0.0454408,-0.0467801,1.44391,-0.183185,-0.376205,0.128741,-0.0276627,-0.0485723,1.09122,-0.210349,-0.0409832,1.0302,-0.248346,-0.188546,1.22488,-0.0237944
1109,11.0712,0.0083177,1.45306,-0.00904265,0.406721,0.241761,0.0915272,-0.0700112,0.974869,0.143877,-0.152848,1.11238,0.233906,-0.282425,1.2205,-0.0388742,0.457869,0.300616,0.0396345,0.0630531,0.455731,0.120078,0.0649808,1.01839,0.0179794,-0.0809379,1.44419,0.151085,0.376561,0.0779137,0.0168055,-0.204644,1.19145,0.0196673,-0.252633,1.13711,0.0147421,-0.212694,0.0977342,-0.100234,-0.066507,0.979498,-0.163002,0.131466,1.19272,-0.305557,-0.15738,1.02704,-0.226178,-0.145206,0.049946,-0.0449428,-0.198355,0.506943,-0.119761,0.0680434,1.01292,-0.0456073,-0.0472114,1.43613,-0.185647,-0.366859,0.11149,-0.0263982,-0.0567814,1.08595,-0.209947,-0.0511628,1.0243,-0.246985,-0.188427,1.2163,-0.0255637
1110,11.0812,0.0081603,1.44486,-0.011086,0.407331,0.247768,0.0914703,-0.0713804,0.967969,0.143621,-0.147845,1.10455,0.235383,-0.284047,1.2033,-0.0377604,0.455794,0.307681,0.0381773,0.0541866,0.446633,0.121286,0.0646619,1.00941,0.0175774,-0.0804399,1.43655,0.150006,0.380668,0.0826431,0.0194268,-0.204402,1.17744,0.0202597,-0.25135,1.12201,0.0172107,-0.200303,0.0947531,-0.0992833,-0.0662925,0.972563,-0.164557,0.124847,1.17915,-0.307797,-0.168164,1.02427,-0.224543,-0.129436,0.0522961,-0.0440117,-0.202107,0.500425,-0.12118,0.0682049,1.00413,-0.0459114,-0.0477568,1.42782,-0.187936,-0.356671,0.0962122,-0.0265175,-0.0656429,1.08007,-0.209271,-0.062269,1.0179,-0.245244,-0.187603,1.20777,-0.0273834
1111,11.0912,0.00868789,1.43655,-0.0132625,0.405829,0.253975,0.0915725,-0.0724809,0.960277,0.143728,-0.14184,1.09618,0.237014,-0.285701,1.18443,-0.0358354,0.452238,0.314391,0.0367094,0.044849,0.437424,0.122172,0.0651147,0.999871,0.0170933,-0.0795637,1.42909,0.148859,0.381145,0.0877728,0.0223431,-0.204246,1.16213,0.0213405,-0.249735,1.10553,0.0204511,-0.187004,0.0935926,-0.0989315,-0.0654196,0.965959,-0.166245,0.117378,1.16452,-0.310086,-0.179578,1.02156,-0.222408,-0.113254,0.0548156,-0.0437608,-0.207742,0.495816,-0.123367,0.0696459,0.994992,-0.0466005,-0.0484456,1.41913,-0.190309,-0.345033,0.0842109,-0.0271828,-0.0750129,1.07374,-0.208243,-0.074073,1.01114,-0.243392,-0.186581,1.19985,-0.0288814
1112,11.1012,0.0102326,1.42909,-0.0157287,0.401749,0.259952,0.0918009,-0.0731001,0.95202,0.144087,-0.134738,1.08747,0.238726,-0.287272,1.16412,-0.0329606,0.446655,0.320463,0.0356713,0.0346626,0.428549,0.122362,0.0665655,0.98964,0.0168281,-0.0785187,1.42194,0.148219,0.378411,0.0928531,0.0251621,-0.203887,1.14564,0.022896,-0.247715,1.08794,0.0245235,-0.171913,0.0930301,-0.0991807,-0.0634827,0.960397,-0.167859,0.108998,1.14896,-0.312321,-0.191545,1.01898,-0.219762,-0.0961731,0.0567824,-0.0441862,-0.214762,0.495054,-0.12577,0.0723466,0.984939,-0.0472636,-0.0493377,1.41026,-0.19318,-0.330521,0.0755013,-0.0274001,-0.0849565,1.06732,-0.206932,-0.0866487,1.00409,-0.241332,-0.185571,1.19217,-0.0295541
1113,11.1112,0.0122163,1.4226,-0.0187041,0.394907,0.265381,0.0918524,-0.0728641,0.943561,0.144587,-0.126447,1.07872,0.240467,-0.288676,1.14259,-0.028958,0.438991,0.325891,0.0349016,0.0228013,0.42053,0.122302,0.0689981,0.978265,0.0176249,-0.077256,1.41487,0.148454,0.372927,0.09759,0.0274765,-0.203037,1.12833,0.0250565,-0.245066,1.06966,0.0295364,-0.155258,0.0929691,-0.0992965,-0.0610566,0.956031,-0.16927,0.099461,1.13266,-0.314223,-0.204144,1.01686,-0.216524,-0.0783045,0.0579782,-0.0446736,-0.221542,0.497101,-0.127765,0.0756939,0.973592,-0.0462772,-0.0500214,1.40148,-0.196553,-0.313624,0.0696668,-0.0270707,-0.0955367,1.06106,-0.205233,-0.100204,0.997492,-0.238571,-0.184459,1.18394,-0.0302212
1114,11.1212,0.0134634,1.41694,-0.0220923,0.385724,0.270217,0.0918265,-0.0718027,0.935412,0.145292,-0.11699,1.07034,0.242267,-0.289713,1.12018,-0.0235707,0.429574,0.330551,0.0342158,0.00887298,0.413805,0.122497,0.0720719,0.965996,0.0206216,-0.0758033,1.40777,0.149249,0.364892,0.101785,0.0294166,-0.20146,1.11063,0.0279188,-0.241565,1.05111,0.0355856,-0.137578,0.0932514,-0.098487,-0.0581612,0.952343,-0.170612,0.0886182,1.11601,-0.315676,-0.217241,1.01539,-0.212716,-0.0597333,0.0586528,-0.0447118,-0.226439,0.498091,-0.12987,0.0793699,0.962481,-0.0422822,-0.050341,1.39319,-0.200182,-0.295586,0.0662403,-0.0267898,-0.106626,1.05509,-0.203002,-0.114574,0.991563,-0.234941,-0.183265,1.17507,-0.0307944
1115,11.1312,0.0129068,1.41263,-0.0252127,0.374713,0.27437,0.0918039,-0.0701816,0.928027,0.14601,-0.106485,1.06292,0.244156,-0.289978,1.09745,-0.0165924,0.418744,0.334217,0.0334984,-0.006431,0.408177,0.122771,0.0755758,0.954837,0.0256341,-0.075162,1.40121,0.149712,0.354416,0.105297,0.0311263,-0.198985,1.09296,0.0315654,-0.236884,1.03265,0.0426548,-0.119212,0.0936487,-0.0973995,-0.0549595,0.949326,-0.171852,0.0766639,1.09978,-0.316975,-0.23077,1.0148,-0.208103,-0.0407473,0.0591124,-0.044541,-0.228444,0.494739,-0.132712,0.0826816,0.953105,-0.0370597,-0.0502191,1.38539,-0.203709,-0.277069,0.0641226,-0.0265494,-0.118354,1.04971,-0.200166,-0.129421,0.986091,-0.230552,-0.182129,1.16589,-0.0310869
1116,11.1412,0.0105713,1.41015,-0.0270444,0.362054,0.277515,0.0916894,-0.0682415,0.921772,0.146427,-0.0951828,1.05705,0.246171,-0.28894,1.07506,-0.00796265,0.406647,0.336756,0.0328453,-0.0223926,0.40298,0.122781,0.0788843,0.946332,0.0306157,-0.0756202,1.39571,0.149006,0.341412,0.108104,0.0326971,-0.195562,1.07579,0.0360621,-0.230849,1.0147,0.0505791,-0.100579,0.093859,-0.0967386,-0.051647,0.946902,-0.172973,0.0634133,1.08465,-0.317874,-0.244656,1.01542,-0.202601,-0.0214632,0.0596768,-0.0443371,-0.227235,0.487347,-0.13629,0.0845231,0.945835,-0.0335935,-0.0501834,1.37844,-0.206671,-0.258389,0.0625577,-0.0262197,-0.130704,1.04547,-0.19627,-0.144781,0.981748,-0.225321,-0.18141,1.15783,-0.0305254
1117,11.1512,0.00757971,1.4086,-0.0274986,0.348111,0.279765,0.0917903,-0.0666395,0.917042,0.146666,-0.0832914,1.05296,0.248344,-0.286402,1.05382,0.00216303,0.393406,0.338123,0.0322881,-0.0387237,0.398189,0.122551,0.0812472,0.940867,0.033141,-0.0760823,1.39121,0.147501,0.326006,0.110147,0.0343883,-0.191201,1.05961,0.0412603,-0.223394,0.997927,0.059288,-0.081726,0.0940193,-0.0965095,-0.0483844,0.944945,-0.173983,0.0489241,1.07112,-0.318069,-0.258728,1.0177,-0.196144,-0.00195369,0.0603436,-0.0441969,-0.222742,0.478677,-0.139908,0.0852749,0.941295,-0.0326387,-0.0509591,1.37287,-0.208468,-0.239309,0.0614974,-0.0259704,-0.14347,1.04299,-0.191743,-0.160677,0.979372,-0.21944,-0.181201,1.15223,-0.0288924
1118,11.1612,0.00558086,1.40677,-0.0275472,0.333131,0.281031,0.092029,-0.0654689,0.914054,0.146633,-0.0708676,1.05037,0.250722,-0.281899,1.03457,0.0135069,0.379361,0.338246,0.0317729,-0.0552353,0.394362,0.122235,0.0825567,0.937865,0.0323489,-0.0753684,1.38748,0.146244,0.308614,0.111245,0.0363301,-0.185804,1.04537,0.0475897,-0.21458,0.983032,0.0688094,-0.0627694,0.0942616,-0.096499,-0.0453001,0.943357,-0.174893,0.033596,1.05958,-0.317448,-0.272709,1.02215,-0.188682,0.0175968,0.0609279,-0.0441743,-0.216128,0.470644,-0.142391,0.0861914,0.939629,-0.0335913,-0.0530456,1.36876,-0.209186,-0.219948,0.0607797,-0.0258601,-0.156316,1.04256,-0.186582,-0.176877,0.979302,-0.212828,-0.181269,1.14951,-0.0264139
1119,11.1712,0.00621158,1.40431,-0.0283771,0.317203,0.281064,0.0920778,-0.0644611,0.912743,0.146271,-0.0578587,1.04911,0.253576,-0.275836,1.01787,0.025605,0.364867,0.336914,0.0312124,-0.0717441,0.392056,0.121969,0.0833422,0.936736,0.0295687,-0.0732418,1.3845,0.145464,0.28938,0.111423,0.0382972,-0.179339,1.03326,0.0549123,-0.204618,0.970466,0.0790331,-0.043719,0.0945701,-0.0964958,-0.0425026,0.94208,-0.175709,0.0179426,1.05003,-0.316074,-0.286034,1.02914,-0.180265,0.0371918,0.061506,-0.0441435,-0.209322,0.463707,-0.142979,0.0873906,0.939433,-0.0357986,-0.0559138,1.36575,-0.209729,-0.200361,0.0603538,-0.0259199,-0.168818,1.0444,-0.180641,-0.19302,0.981722,-0.205369,-0.181319,1.14875,-0.0235035
1120,11.1811,0.00887008,1.40125,-0.0303991,0.300604,0.280047,0.0921645,-0.0631103,0.91286,0.14546,-0.044203,1.04942,0.257204,-0.268579,1.00399,0.0380819,0.350119,0.333887,0.0306907,-0.0880881,0.391698,0.121874,0.0842748,0.937155,0.0262615,-0.0699624,1.38237,0.144801,0.26805,0.110827,0.0400126,-0.171883,1.02354,0.0630021,-0.193802,0.960525,0.0897763,-0.0246947,0.094848,-0.0964273,-0.0400834,0.941085,-0.176437,0.00225559,1.04228,-0.314056,-0.298589,1.03886,-0.170942,0.0568521,0.0622633,-0.0440562,-0.20256,0.458026,-0.142452,0.0877984,0.939268,-0.0388278,-0.0583395,1.3636,-0.210602,-0.180778,0.0600808,-0.0259933,-0.180707,1.04859,-0.173974,-0.208717,0.986654,-0.1971,-0.181143,1.14871,-0.0205486
1121,11.1911,0.011982,1.39829,-0.0332928,0.2834,0.277819,0.0921012,-0.0614149,0.913887,0.144577,-0.0302432,1.05134,0.261056,-0.260358,0.993126,0.050667,0.335261,0.329119,0.0302156,-0.104047,0.393288,0.12186,0.0848108,0.93821,0.0227952,-0.0660927,1.38129,0.144115,0.24494,0.109363,0.0416328,-0.163587,1.01633,0.0716554,-0.182429,0.95336,0.100795,-0.00581044,0.095352,-0.0964165,-0.0381157,0.940362,-0.177078,-0.0133653,1.03635,-0.311509,-0.30999,1.05123,-0.160825,0.0763261,0.0627871,-0.0439444,-0.194272,0.454038,-0.142309,0.0881,0.939051,-0.0421942,-0.0595592,1.36242,-0.211692,-0.161244,0.0598359,-0.0259013,-0.192044,1.05506,-0.166943,-0.223667,0.99405,-0.188079,-0.180583,1.14867,-0.0177335
1122,11.2011,0.0144134,1.39685,-0.0364002,0.265535,0.274086,0.0917768,-0.0594737,0.91541,0.143856,-0.0161937,1.05486,0.264699,-0.251341,0.985262,0.0631904,0.320309,0.322539,0.029771,-0.11952,0.396659,0.121916,0.085005,0.939292,0.019556,-0.0619138,1.38111,0.143416,0.220048,0.10719,0.0427288,-0.154612,1.01163,0.0806394,-0.170754,0.948948,0.111948,0.0132271,0.0959063,-0.0964905,-0.0366537,0.939915,-0.177638,-0.0289245,1.03246,-0.308541,-0.31997,1.06591,-0.150088,0.0959103,0.0633428,-0.0437997,-0.184398,0.451284,-0.142941,0.0885552,0.938963,-0.045241,-0.0600763,1.36223,-0.212751,-0.14164,0.0596727,-0.0256791,-0.202798,1.06366,-0.15988,-0.237631,1.00372,-0.178486,-0.179636,1.14878,-0.0151148
1123,11.2111,0.0151271,1.39769,-0.0388784,0.247203,0.268976,0.0913284,-0.0571866,0.917393,0.143005,-0.00209851,1.05991,0.2681,-0.24171,0.980193,0.0755571,0.305207,0.314131,0.0293514,-0.134284,0.401576,0.122024,0.0858096,0.940836,0.0173641,-0.0576866,1.38178,0.14271,0.193736,0.104292,0.0436591,-0.14511,1.00932,0.089697,-0.158887,0.947082,0.123048,0.0323173,0.0965677,-0.0966155,-0.0357332,0.939763,-0.178118,-0.0443309,1.03079,-0.305226,-0.328384,1.08236,-0.138947,0.115619,0.0639326,-0.0437757,-0.173661,0.448407,-0.143445,0.0895416,0.939306,-0.0472651,-0.0608595,1.36312,-0.213513,-0.121931,0.0595121,-0.0255991,-0.211905,1.07399,-0.152547,-0.250401,1.01538,-0.168578,-0.178483,1.14926,-0.0131216
1124,11.2211,0.0141702,1.40045,-0.0402902,0.228725,0.262811,0.0909034,-0.0550896,0.919813,0.142307,0.0118172,1.06646,0.271466,-0.231675,0.977608,0.0877119,0.289822,0.303884,0.0288968,-0.148214,0.407914,0.122076,0.0873116,0.943123,0.0166082,-0.0537876,1.3836,0.142029,0.165726,0.101309,0.0445821,-0.13527,1.00918,0.0986808,-0.146855,0.947456,0.133882,0.0514902,0.0973579,-0.0967581,-0.0353711,0.939936,-0.178521,-0.0593376,1.03146,-0.301481,-0.335181,1.10005,-0.127578,0.135461,0.0645833,-0.0438171,-0.161649,0.445105,-0.14336,0.0908095,0.940519,-0.0480645,-0.0622606,1.36519,-0.213882,-0.102095,0.0594066,-0.0256351,-0.219686,1.08558,-0.144644,-0.261794,1.02868,-0.158551,-0.177459,1.15059,-0.0120078
1125,11.2311,0.0126407,1.40415,-0.040939,0.209823,0.255497,0.0903446,-0.0534827,0.922825,0.141774,0.0255058,1.07447,0.274586,-0.221444,0.977172,0.099607,0.273896,0.291927,0.0282883,-0.161262,0.415448,0.122032,0.089078,0.945938,0.0167691,-0.0498935,1.38648,0.141226,0.136378,0.0984237,0.0455498,-0.125338,1.01087,0.107469,-0.134704,0.949725,0.144315,0.0709234,0.0981825,-0.0967384,-0.0355662,0.940473,-0.178849,-0.0737483,1.03443,-0.297352,-0.340352,1.11849,-0.116128,0.155503,0.0655407,-0.0438069,-0.147662,0.442465,-0.142911,0.0916125,0.942983,-0.0480888,-0.0642429,1.36852,-0.214055,-0.0821227,0.0593526,-0.0256606,-0.226315,1.09811,-0.13634,-0.2717,1.04325,-0.14854,-0.176153,1.15311,-0.011648
1126,11.2411,0.0115095,1.40811,-0.0415123,0.190336,0.247096,0.0896786,-0.052378,0.926589,0.141401,0.0390188,1.08377,0.277065,-0.211191,0.978532,0.111206,0.257107,0.278553,0.0274889,-0.17336,0.423901,0.121927,0.0907049,0.949074,0.0171232,-0.0460515,1.39029,0.140393,0.106219,0.0953931,0.0466889,-0.115489,1.01409,0.115879,-0.122533,0.953607,0.154267,0.0904213,0.0992334,-0.0965347,-0.0362991,0.941415,-0.179102,-0.0874204,1.03936,-0.293086,-0.343987,1.13727,-0.104715,0.175624,0.0673119,-0.043819,-0.132152,0.441255,-0.142344,0.0922172,0.946919,-0.047768,-0.0667656,1.37306,-0.214052,-0.0621235,0.0592996,-0.0256863,-0.231794,1.11126,-0.127779,-0.280111,1.05865,-0.138649,-0.175029,1.15654,-0.0114902
1127,11.2511,0.0113079,1.41217,-0.042513,0.170384,0.237795,0.0891061,-0.0516973,0.931192,0.14111,0.05228,1.09415,0.278731,-0.201002,0.981388,0.12243,0.239147,0.263923,0.0266133,-0.184267,0.432943,0.121939,0.0919026,0.952596,0.0173529,-0.0423592,1.39497,0.139569,0.0754161,0.0921883,0.0479502,-0.105722,1.01875,0.123797,-0.110439,0.958932,0.163598,0.109601,0.100849,-0.0965648,-0.037532,0.942809,-0.179279,-0.100233,1.04579,-0.289008,-0.346223,1.15603,-0.0934246,0.195465,0.0699932,-0.0438422,-0.116279,0.441183,-0.141667,0.0924133,0.951827,-0.0474816,-0.069885,1.37866,-0.213668,-0.0421896,0.0592113,-0.0257299,-0.236108,1.12521,-0.120113,-0.28711,1.07451,-0.128929,-0.17409,1.16083,-0.0113336
1128,11.2611,0.0119028,1.41633,-0.0439919,0.149704,0.227551,0.0884966,-0.0513791,0.936694,0.140871,0.0650283,1.10543,0.279962,-0.190831,0.985483,0.133063,0.219867,0.248149,0.0256166,-0.193874,0.442317,0.122042,0.0926239,0.956693,0.0173841,-0.0388638,1.4004,0.138702,0.0440524,0.0889865,0.0491005,-0.0961719,1.02465,0.131185,-0.0985142,0.965566,0.172073,0.128196,0.10322,-0.096873,-0.0392106,0.944696,-0.179382,-0.112273,1.05325,-0.285132,-0.347224,1.17442,-0.0822877,0.214195,0.073204,-0.0440168,-0.100636,0.441899,-0.140976,0.0925617,0.957271,-0.0474938,-0.0735457,1.38513,-0.2128,-0.0221358,0.0590751,-0.0257332,-0.23942,1.13914,-0.112496,-0.292767,1.0904,-0.119376,-0.173323,1.16586,-0.010842
1129,11.2711,0.0128173,1.42083,-0.0456138,0.128216,0.216558,0.087841,-0.0514914,0.943045,0.140652,0.0772721,1.11736,0.280703,-0.180853,0.990637,0.143201,0.199215,0.231352,0.0244231,-0.202203,0.45182,0.122145,0.0928968,0.961466,0.0171773,-0.0356362,1.40637,0.13779,0.0119157,0.0865061,0.0503943,-0.0869997,1.03152,0.137948,-0.087092,0.972994,0.17966,0.14598,0.106389,-0.0972829,-0.0412636,0.947117,-0.179408,-0.123679,1.06145,-0.281425,-0.34717,1.1921,-0.071343,0.232248,0.0776336,-0.0443548,-0.0852863,0.443677,-0.140516,0.0925966,0.962991,-0.0478842,-0.0774459,1.39223,-0.211515,-0.00187673,0.0589141,-0.0257467,-0.241849,1.15279,-0.104853,-0.297202,1.10597,-0.109972,-0.172974,1.17158,-0.00958476
1130,11.2811,0.013339,1.42598,-0.0470794,0.105699,0.205118,0.0872904,-0.0517879,0.95021,0.140222,0.0890015,1.12963,0.280874,-0.171206,0.996681,0.152808,0.177277,0.213977,0.0233766,-0.209206,0.461267,0.122199,0.0926692,0.966975,0.0167348,-0.0327696,1.41275,0.136862,-0.0206017,0.0844627,0.0513724,-0.0782579,1.03912,0.144005,-0.076038,0.980877,0.186615,0.162652,0.110369,-0.0979651,-0.0435973,0.950106,-0.179355,-0.13448,1.07026,-0.27797,-0.346221,1.20872,-0.0605963,0.249752,0.0838779,-0.0448796,-0.070419,0.446847,-0.140174,0.0921631,0.968946,-0.0484465,-0.0813472,1.39979,-0.210023,0.0186216,0.0586729,-0.0257949,-0.243432,1.16648,-0.097992,-0.300476,1.12087,-0.100715,-0.17319,1.17794,-0.00729051
1131,11.2911,0.0128859,1.43197,-0.0481194,0.0818921,0.19353,0.0870136,-0.0520172,0.958235,0.139626,0.100178,1.14196,0.280424,-0.161962,1.00338,0.161776,0.154216,0.196721,0.0230995,-0.214929,0.470524,0.122321,0.0920226,0.973312,0.0161993,-0.0302643,1.4194,0.135986,-0.0529535,0.0825939,0.0514227,-0.0700059,1.04734,0.149666,-0.0653668,0.989172,0.192908,0.17818,0.115122,-0.0987292,-0.0460866,0.9537,-0.179217,-0.144738,1.07952,-0.274789,-0.344517,1.22406,-0.0500626,0.266897,0.0919409,-0.0453453,-0.0563148,0.451211,-0.139918,0.0912926,0.975209,-0.0489985,-0.0850532,1.40761,-0.208311,0.0391755,0.058284,-0.0258892,-0.24432,1.17951,-0.0915812,-0.302425,1.135,-0.0915797,-0.173546,1.18466,-0.00413591
1132,11.3011,0.0114301,1.43855,-0.0486206,0.0569683,0.18209,0.0872313,-0.0521893,0.96676,0.139017,0.11073,1.15419,0.279363,-0.153141,1.01061,0.170078,0.130162,0.179743,0.0237717,-0.219282,0.479375,0.122525,0.0911537,0.980564,0.0156779,-0.0280598,1.42625,0.135292,-0.0852718,0.0814411,0.0505088,-0.0622902,1.05596,0.154906,-0.0553895,0.998135,0.198365,0.192882,0.120697,-0.0995914,-0.0485958,0.957911,-0.178991,-0.154434,1.08906,-0.271962,-0.342164,1.238,-0.0397339,0.283434,0.101386,-0.045855,-0.0429786,0.456365,-0.139906,0.0901245,0.981835,-0.0494238,-0.0885178,1.41552,-0.206343,0.0596947,0.0579902,-0.025929,-0.244638,1.19165,-0.0853862,-0.303342,1.14809,-0.0826656,-0.174056,1.19188,-0.000232094
1133,11.311,0.00980408,1.44545,-0.0486273,0.0315088,0.170672,0.0877885,-0.0530591,0.97502,0.138443,0.120615,1.16622,0.277796,-0.144805,1.01831,0.177812,0.10501,0.162644,0.0248042,-0.22229,0.487594,0.122796,0.0901961,0.988559,0.0152645,-0.0262078,1.43313,0.134795,-0.117733,0.0817198,0.0493057,-0.0550454,1.06476,0.159596,-0.0460377,1.0075,0.202986,0.207025,0.126987,-0.100621,-0.0510561,0.96267,-0.178686,-0.163318,1.09871,-0.269433,-0.339229,1.25047,-0.0296226,0.298718,0.111267,-0.0464343,-0.0303774,0.462088,-0.140099,0.0887953,0.98885,-0.0496473,-0.0917207,1.42335,-0.204156,0.0800498,0.0576213,-0.025975,-0.244499,1.20288,-0.0794597,-0.303566,1.15997,-0.0741923,-0.174555,1.19943,0.00414229
1134,11.321,0.00846314,1.45229,-0.0482969,0.0056449,0.159469,0.0886301,-0.0544533,0.982759,0.137931,0.12986,1.17796,0.275823,-0.137013,1.02621,0.184875,0.0786331,0.145629,0.0258391,-0.224046,0.495034,0.122974,0.0889995,0.996965,0.0150663,-0.024885,1.43986,0.134498,-0.150208,0.0837464,0.0482956,-0.048291,1.07355,0.163677,-0.0371989,1.01669,0.207052,0.220103,0.132891,-0.101544,-0.0534445,0.967862,-0.178313,-0.171343,1.10831,-0.26717,-0.335784,1.26139,-0.0197662,0.312612,0.121682,-0.0471709,-0.0184872,0.468323,-0.140319,0.087443,0.996131,-0.0496324,-0.0947015,1.43103,-0.201817,0.0999309,0.0572153,-0.0260245,-0.24396,1.21306,-0.0740166,-0.30321,1.17059,-0.0662808,-0.175061,1.20712,0.00859292
1135,11.331,0.00729333,1.45867,-0.0477839,-0.0207158,0.148813,0.0896474,-0.0551179,0.990537,0.137318,0.138308,1.18922,0.273376,-0.129758,1.03411,0.19122,0.0511043,0.129161,0.027174,-0.224515,0.501644,0.12276,0.0869941,1.00539,0.0151273,-0.0237125,1.44642,0.134431,-0.182277,0.0873893,0.0471214,-0.0420778,1.0822,0.167224,-0.0291151,1.02567,0.210512,0.232137,0.1392,-0.102555,-0.0552081,0.973777,-0.177787,-0.178457,1.11771,-0.265163,-0.331898,1.27069,-0.01021,0.324921,0.132263,-0.0481523,-0.00732189,0.474949,-0.140446,0.0856751,1.00351,-0.0492985,-0.0974589,1.4385,-0.199406,0.119675,0.0566056,-0.0260779,-0.243197,1.2222,-0.0689399,-0.30238,1.17992,-0.0590375,-0.175654,1.21482,0.012759
1136,11.341,0.00630362,1.46451,-0.0472151,-0.0474187,0.139104,0.0905336,-0.0560134,0.997633,0.13676,0.145917,1.19983,0.270488,-0.123066,1.04187,0.196881,0.0229429,0.113858,0.0287928,-0.223873,0.507224,0.122344,0.0847887,1.01383,0.0153876,-0.0228273,1.45271,0.134493,-0.213218,0.0922242,0.0453787,-0.0363723,1.09057,0.170262,-0.0216678,1.03439,0.213301,0.243323,0.14581,-0.103683,-0.0566844,0.979863,-0.177222,-0.184668,1.1267,-0.263428,-0.327712,1.27829,-0.000973938,0.336265,0.143652,-0.0491264,0.00293639,0.481761,-0.140403,0.0834373,1.01067,-0.0485922,-0.0999794,1.44565,-0.196927,0.138738,0.0562418,-0.0263365,-0.242262,1.23015,-0.0641128,-0.30125,1.1879,-0.0525295,-0.176461,1.22238,0.0161979
1137,11.351,0.00560502,1.46997,-0.0467021,-0.0742182,0.130643,0.0912875,-0.0573919,1.0038,0.136228,0.152768,1.20965,0.267261,-0.117011,1.04942,0.20197,-0.00540649,0.100054,0.0305401,-0.222027,0.511659,0.121789,0.0818226,1.02169,0.0158091,-0.0222146,1.45864,0.134596,-0.242471,0.097858,0.0434397,-0.0312724,1.09856,0.172747,-0.014905,1.04257,0.215525,0.253703,0.152511,-0.10489,-0.0582593,0.985668,-0.176649,-0.190122,1.13509,-0.261885,-0.323367,1.28408,0.00788617,0.346393,0.15556,-0.0501272,0.0120138,0.488434,-0.140239,0.0809329,1.01732,-0.0476279,-0.102252,1.45235,-0.194357,0.156871,0.0563362,-0.0266373,-0.240709,1.23613,-0.0593703,-0.299922,1.19446,-0.0467252,-0.177446,1.2297,0.0185656
1138,11.361,0.00488646,1.47494,-0.0462146,-0.100562,0.123604,0.0919094,-0.059207,1.009,0.135715,0.158946,1.21853,0.263813,-0.111647,1.05656,0.206408,-0.0331058,0.0879905,0.0321652,-0.219144,0.514905,0.121192,0.0785203,1.02857,0.0162749,-0.0217337,1.46409,0.134734,-0.269995,0.104474,0.0411193,-0.0268975,1.10603,0.174511,-0.00901414,1.0502,0.217186,0.263414,0.159367,-0.106212,-0.0600855,0.990993,-0.176062,-0.194743,1.14275,-0.260591,-0.31898,1.28792,0.0162727,0.355304,0.167732,-0.0513117,0.0198676,0.494788,-0.139939,0.0782551,1.0232,-0.0465373,-0.104225,1.45846,-0.191764,0.174239,0.0569316,-0.0269334,-0.238945,1.24063,-0.0548303,-0.298478,1.1995,-0.0415023,-0.178677,1.2365,0.0198568
1139,11.371,0.00410912,1.47935,-0.0456529,-0.125883,0.118134,0.0923336,-0.061285,1.01333,0.135473,0.164476,1.22626,0.260306,-0.107066,1.06316,0.210172,-0.0600767,0.0777247,0.0335813,-0.215457,0.516945,0.120551,0.0756415,1.03418,0.0167109,-0.0213157,1.46897,0.134871,-0.295412,0.112078,0.0385761,-0.0231711,1.11281,0.175958,-0.00403833,1.05717,0.218312,0.272488,0.166337,-0.107686,-0.0621306,0.995765,-0.175401,-0.198583,1.14951,-0.259518,-0.31463,1.28987,0.0240491,0.363255,0.180147,-0.0527556,0.0265625,0.500688,-0.139565,0.075539,1.02837,-0.0454644,-0.105872,1.46383,-0.189232,0.190931,0.0579753,-0.0272981,-0.237078,1.24406,-0.0511549,-0.296897,1.20289,-0.036819,-0.180129,1.24255,0.0203516
1140,11.381,0.00332368,1.48316,-0.0449603,-0.149786,0.114209,0.0925425,-0.0634208,1.01679,0.13543,0.1694,1.23261,0.256835,-0.103403,1.06907,0.2133,-0.0858562,0.0692928,0.0346457,-0.211242,0.517802,0.119765,0.0732962,1.03833,0.017225,-0.0209441,1.47311,0.134965,-0.318126,0.120508,0.0363225,-0.0201527,1.11871,0.177588,4.62326e-06,1.06325,0.218992,0.280791,0.17303,-0.109105,-0.0643847,0.999899,-0.174635,-0.2017,1.15521,-0.258621,-0.310363,1.28989,0.0313118,0.370269,0.192678,-0.0544248,0.0319857,0.505923,-0.139211,0.0727137,1.03284,-0.0445405,-0.107209,1.46833,-0.186824,0.207176,0.0592921,-0.0277806,-0.235133,1.24596,-0.0476111,-0.295193,1.20459,-0.0326784,-0.181652,1.2477,0.0204253
1141,11.391,0.00256344,1.48626,-0.0440519,-0.171686,0.111638,0.0922728,-0.0656648,1.01924,0.135519,0.173739,1.23738,0.25347,-0.100774,1.07412,0.21578,-0.109696,0.0627895,0.0352914,-0.206725,0.51751,0.118792,0.0707619,1.04119,0.0178302,-0.0205477,1.47635,0.134966,-0.338029,0.129424,0.0341129,-0.0178605,1.12365,0.178788,0.00300662,1.0682,0.219276,0.288715,0.17962,-0.110626,-0.0668469,1.00328,-0.173753,-0.204154,1.15973,-0.257915,-0.306385,1.28793,0.0379667,0.376442,0.205069,-0.0562243,0.0360449,0.510267,-0.139017,0.0697562,1.03654,-0.0437421,-0.108239,1.47192,-0.184576,0.222739,0.0610083,-0.0282273,-0.233327,1.24623,-0.044233,-0.293425,1.20455,-0.029065,-0.183108,1.25198,0.0203677
1142,11.401,0.00185005,1.48851,-0.0429356,-0.191316,0.109904,0.0912974,-0.0679344,1.02061,0.135832,0.177411,1.24041,0.250331,-0.0991584,1.07821,0.2176,-0.130888,0.0581288,0.0354803,-0.202295,0.516326,0.117774,0.0685992,1.04359,0.0184625,-0.0200807,1.47857,0.134924,-0.354906,0.138084,0.0319534,-0.016356,1.12755,0.179517,0.00497733,1.07191,0.219129,0.296547,0.185854,-0.112008,-0.0694977,1.00577,-0.172777,-0.205965,1.16295,-0.257427,-0.302905,1.28395,0.0439376,0.381969,0.216946,-0.0578553,0.038714,0.513453,-0.139092,0.0667441,1.03956,-0.0430238,-0.109002,1.47456,-0.182479,0.237559,0.0631441,-0.0286487,-0.232034,1.24501,-0.041284,-0.29163,1.20269,-0.0259841,-0.184406,1.25564,0.0205321
1143,11.411,0.0012009,1.48981,-0.0416895,-0.207516,0.109174,0.0904612,-0.070209,1.02082,0.136455,0.180351,1.24165,0.247585,-0.0984332,1.08136,0.218803,-0.148708,0.05495,0.0351986,-0.198583,0.514662,0.116896,0.0666836,1.04541,0.0190832,-0.0194912,1.47977,0.134927,-0.368597,0.145689,0.0298787,-0.0157246,1.13029,0.179899,0.00598994,1.07434,0.2186,0.304286,0.192171,-0.113381,-0.0722391,1.00732,-0.171702,-0.207106,1.16485,-0.257143,-0.29996,1.278,0.0491909,0.387126,0.228532,-0.0595275,0.0400853,0.515313,-0.139527,0.0637985,1.04202,-0.0423767,-0.109535,1.47619,-0.180542,0.251803,0.065727,-0.0293069,-0.231323,1.2422,-0.0386417,-0.289814,1.199,-0.02348,-0.185375,1.2588,0.0214304
1144,11.421,0.000825266,1.49025,-0.0402984,-0.219795,0.108886,0.0895026,-0.0723209,1.01986,0.137342,0.182464,1.241,0.245309,-0.0988816,1.08342,0.219421,-0.16259,0.0526413,0.0343669,-0.19607,0.512782,0.115967,0.0641873,1.0459,0.0197748,-0.0187485,1.47994,0.135075,-0.378997,0.151548,0.0278686,-0.0160286,1.13181,0.180035,0.00566245,1.07545,0.217998,0.311818,0.198564,-0.114791,-0.0750041,1.0079,-0.170561,-0.207551,1.16538,-0.257092,-0.297359,1.27019,0.0537493,0.391739,0.239851,-0.0613526,0.0402281,0.515697,-0.140219,0.0608689,1.04379,-0.0417947,-0.109926,1.4768,-0.178807,0.265463,0.0687711,-0.0300688,-0.230522,1.23778,-0.0364793,-0.288022,1.19346,-0.021539,-0.186056,1.26117,0.0233632
1145,11.4309,0.000602624,1.48963,-0.0388277,-0.228193,0.108125,0.0882256,-0.0738179,1.01791,0.138308,0.183642,1.23837,0.243498,-0.100618,1.08435,0.219565,-0.172185,0.0504211,0.0329442,-0.195084,0.510816,0.114994,0.0626057,1.04546,0.0206045,-0.0177942,1.47905,0.135452,-0.38604,0.155079,0.0259422,-0.0173097,1.13202,0.179928,0.00400165,1.07511,0.217297,0.319006,0.204771,-0.116237,-0.0776727,1.00749,-0.169357,-0.207255,1.16459,-0.257308,-0.295203,1.26043,0.0575441,0.395474,0.250813,-0.063374,0.0391742,0.514583,-0.141058,0.0580026,1.04467,-0.0412205,-0.110264,1.47638,-0.177335,0.278473,0.0722598,-0.0308965,-0.230264,1.23219,-0.0350359,-0.286256,1.18614,-0.0202727,-0.187039,1.26191,0.0248543
1146,11.4409,0.00050375,1.48792,-0.0373408,-0.232887,0.106351,0.0867078,-0.0751135,1.01479,0.139488,0.183802,1.23378,0.242156,-0.103507,1.08414,0.219141,-0.177379,0.0480064,0.031112,-0.195479,0.508762,0.114091,0.0610542,1.04375,0.0215175,-0.0166161,1.47702,0.136124,-0.389746,0.1558,0.0239926,-0.0195406,1.13094,0.179518,0.00112632,1.07337,0.216351,0.325766,0.210633,-0.117777,-0.0801597,1.00614,-0.168129,-0.206155,1.16251,-0.257811,-0.293741,1.24878,0.0605144,0.398031,0.261339,-0.0655838,0.0369602,0.512064,-0.142044,0.0553152,1.04459,-0.0405905,-0.110626,1.47494,-0.17615,0.290444,0.0756951,-0.0321489,-0.230637,1.2254,-0.0342644,-0.284537,1.17709,-0.0197246,-0.188203,1.26081,0.0260201
1147,11.4509,0.000508444,1.48512,-0.0358858,-0.233983,0.103577,0.0849614,-0.0763404,1.01058,0.140839,0.182919,1.2273,0.241299,-0.107459,1.08288,0.218143,-0.177634,0.0467984,0.0294113,-0.196868,0.5064,0.113413,0.0594934,1.04078,0.0224816,-0.0152392,1.47377,0.137152,-0.390313,0.153107,0.0216658,-0.0227013,1.12858,0.178839,-0.00295017,1.0704,0.215193,0.331965,0.216195,-0.119385,-0.082388,1.00384,-0.166914,-0.204268,1.15927,-0.258604,-0.292973,1.2353,0.0626453,0.399308,0.271298,-0.0678622,0.0336244,0.508358,-0.143233,0.0529184,1.04344,-0.0398964,-0.111079,1.47246,-0.175235,0.300991,0.078508,-0.0337469,-0.229393,1.21579,-0.0332764,-0.282805,1.16635,-0.0199041,-0.189181,1.25774,0.0277845
1148,11.4609,0.000587852,1.48123,-0.0344549,-0.230905,0.10024,0.0832069,-0.0769969,1.00566,0.14219,0.181011,1.21906,0.240902,-0.112427,1.0806,0.216634,-0.17241,0.0476562,0.0280527,-0.198934,0.503177,0.112971,0.0582837,1.03665,0.0234368,-0.0137718,1.46919,0.138549,-0.387729,0.146032,0.0185109,-0.0267333,1.12501,0.177909,-0.00812845,1.06614,0.21387,0.337376,0.221369,-0.121055,-0.0843035,1.00062,-0.165687,-0.201649,1.15495,-0.259616,-0.292831,1.22007,0.063922,0.3996,0.280433,-0.0699935,0.029203,0.503601,-0.144689,0.0509717,1.0409,-0.0391536,-0.111666,1.46891,-0.174453,0.309916,0.0792386,-0.0358458,-0.228551,1.20481,-0.0324718,-0.28107,1.15405,-0.0207888,-0.190035,1.25306,0.0299131
1149,11.4709,0.000726975,1.47627,-0.033035,-0.222865,0.0965138,0.0819445,-0.0769502,1.00011,0.14354,0.178088,1.20915,0.240953,-0.118326,1.07738,0.214666,-0.162145,0.0496732,0.0267245,-0.201344,0.49864,0.112698,0.0575948,1.03136,0.0242943,-0.0123713,1.46325,0.140333,-0.381406,0.134035,0.0146231,-0.0316257,1.12034,0.176749,-0.0143696,1.06083,0.212343,0.341868,0.226001,-0.122912,-0.0859187,0.996489,-0.164492,-0.198322,1.14955,-0.260768,-0.293227,1.20318,0.0642669,0.399335,0.288387,-0.0717152,0.0238237,0.497815,-0.14644,0.0496929,1.03653,-0.0384059,-0.112407,1.46431,-0.173641,0.31787,0.0782152,-0.0381125,-0.228774,1.19297,-0.0322062,-0.279282,1.14022,-0.0224147,-0.190819,1.24698,0.0320005
1150,11.4809,0.000887062,1.47028,-0.0316504,-0.211032,0.0930478,0.080843,-0.0764259,0.994012,0.14496,0.174184,1.19772,0.241441,-0.12506,1.07328,0.212266,-0.148238,0.05168,0.0252082,-0.203624,0.492967,0.112567,0.0572169,1.02489,0.0248933,-0.0112563,1.45608,0.142472,-0.371568,0.117985,0.0108618,-0.0372867,1.11468,0.175396,-0.0215392,1.05444,0.21062,0.345606,0.229896,-0.124848,-0.0872471,0.991464,-0.163425,-0.19418,1.1432,-0.262107,-0.294057,1.18476,0.0636218,0.398668,0.294941,-0.0728428,0.0174731,0.490955,-0.148414,0.049331,1.03022,-0.0378646,-0.113234,1.45868,-0.172655,0.325874,0.0766106,-0.0403872,-0.228658,1.1794,-0.0324612,-0.277386,1.12496,-0.024818,-0.19145,1.23981,0.0339645
1151,11.4909,0.000995719,1.46325,-0.0303003,-0.197844,0.0902589,0.0792817,-0.075607,0.987534,0.146411,0.169315,1.1849,0.242297,-0.132525,1.06835,0.209433,-0.132799,0.0536664,0.0240862,-0.205668,0.486764,0.112591,0.0571514,1.01743,0.0251261,-0.0103561,1.44761,0.144771,-0.360588,0.100694,0.00822376,-0.0434616,1.1079,0.17383,-0.0296107,1.04712,0.208627,0.348659,0.233189,-0.126708,-0.0883382,0.985538,-0.162585,-0.189335,1.13604,-0.263572,-0.295241,1.16488,0.0619271,0.397619,0.30014,-0.0731986,0.0102027,0.483096,-0.15045,0.0497118,1.02246,-0.0376251,-0.114042,1.45208,-0.17142,0.333887,0.0761824,-0.04324,-0.227796,1.16409,-0.0332958,-0.275377,1.10842,-0.0279928,-0.191764,1.23187,0.0357551
1152,11.5009,0.00108428,1.4553,-0.0289872,-0.184606,0.0886487,0.0771408,-0.074563,0.9809,0.147909,0.163468,1.17082,0.243496,-0.140664,1.06265,0.206163,-0.11671,0.0560882,0.0234701,-0.208066,0.4806,0.113017,0.057708,1.00926,0.0251219,-0.00975038,1.43792,0.147149,-0.349733,0.0846761,0.00665413,-0.0502248,1.10015,0.171885,-0.0385205,1.03894,0.206226,0.350628,0.236533,-0.128392,-0.089257,0.978711,-0.162142,-0.183888,1.12817,-0.265153,-0.296672,1.14368,0.059165,0.396227,0.304637,-0.073079,0.00228496,0.474542,-0.152163,0.0505753,1.01382,-0.0375632,-0.114708,1.44477,-0.169983,0.339752,0.0778709,-0.0469955,-0.226334,1.14732,-0.0347948,-0.273201,1.09066,-0.0319939,-0.19174,1.22341,0.0370129
1153,11.5109,0.00146808,1.44709,-0.0275873,-0.170319,0.0884962,0.075353,-0.0729869,0.974353,0.149437,0.156605,1.15565,0.245019,-0.149424,1.05631,0.202507,-0.0993612,0.0584874,0.0233759,-0.211762,0.475513,0.114126,0.059337,1.00052,0.0251638,-0.00961074,1.42753,0.149778,-0.337099,0.0723919,0.00538467,-0.0578037,1.09171,0.169413,-0.0481117,1.03009,0.203397,0.35075,0.240658,-0.129936,-0.0898969,0.971037,-0.162129,-0.177784,1.1197,-0.266884,-0.298017,1.12134,0.0553036,0.394139,0.309228,-0.0730664,-0.00606591,0.465623,-0.153019,0.052017,1.0047,-0.0376297,-0.115145,1.43726,-0.168655,0.341453,0.0814335,-0.0511574,-0.225577,1.12984,-0.0369349,-0.270784,1.07189,-0.0368657,-0.191558,1.21491,0.0379474
1154,11.5209,0.00276544,1.44,-0.0258544,-0.15362,0.0891581,0.0742081,-0.0702724,0.968172,0.150689,0.148629,1.13962,0.246784,-0.15879,1.04954,0.198412,-0.0810497,0.0597997,0.0233945,-0.217357,0.47297,0.115771,0.0621734,0.991082,0.025109,-0.00989162,1.41768,0.152975,-0.320507,0.0669843,0.00437839,-0.0659349,1.08271,0.166673,-0.0584014,1.0206,0.199867,0.348359,0.245396,-0.131337,-0.090041,0.962747,-0.162517,-0.170868,1.11078,-0.268681,-0.299538,1.09801,0.0500909,0.391127,0.3138,-0.0733995,-0.0150256,0.456661,-0.152727,0.0542381,0.995104,-0.0380031,-0.11522,1.43006,-0.167953,0.339223,0.0858316,-0.0552315,-0.225144,1.11171,-0.0397011,-0.268028,1.05246,-0.0426412,-0.191278,1.20618,0.0385282
1155,11.5309,0.00461695,1.43448,-0.0237241,-0.134767,0.0899697,0.0736856,-0.0666239,0.962551,0.151518,0.139489,1.12307,0.248538,-0.168744,1.04257,0.193666,-0.0620889,0.0603396,0.0233908,-0.223267,0.472549,0.117807,0.0658259,0.981095,0.0239065,-0.010011,1.40921,0.156748,-0.30116,0.0662889,0.00427661,-0.074637,1.0736,0.163516,-0.0694735,1.01088,0.195605,0.343454,0.250171,-0.132526,-0.0894211,0.954203,-0.163321,-0.163024,1.10177,-0.270351,-0.301182,1.07399,0.0432058,0.38724,0.317876,-0.0741249,-0.0252112,0.448207,-0.151737,0.0571397,0.984764,-0.0393904,-0.114649,1.42335,-0.168215,0.333928,0.090226,-0.0588689,-0.224272,1.09299,-0.0431849,-0.264761,1.03275,-0.0494194,-0.190856,1.19693,0.038717
1156,11.5409,0.00564554,1.42979,-0.0213383,-0.116263,0.0902523,0.0733294,-0.0628083,0.957585,0.151872,0.129125,1.10647,0.250266,-0.179372,1.03601,0.188214,-0.0426124,0.0613613,0.0237899,-0.226729,0.471388,0.120698,0.0698301,0.971526,0.0203066,-0.00957231,1.4013,0.160726,-0.282509,0.0653616,0.00432993,-0.0841247,1.06512,0.159876,-0.0813177,1.00162,0.190764,0.336345,0.254538,-0.133423,-0.0878929,0.945961,-0.164448,-0.154201,1.09317,-0.271817,-0.302513,1.04982,0.0343318,0.382398,0.321142,-0.0749612,-0.0371034,0.441147,-0.150913,0.0603666,0.973802,-0.0430535,-0.113388,1.41705,-0.169158,0.326124,0.0941293,-0.0619838,-0.222487,1.07394,-0.0474661,-0.260777,1.01301,-0.057437,-0.190187,1.18726,0.0385112
1157,11.5509,0.00484024,1.42557,-0.0188016,-0.0975268,0.0904692,0.0731073,-0.0589349,0.953526,0.151965,0.117441,1.0904,0.251847,-0.190686,1.03043,0.18187,-0.0229314,0.062345,0.0239949,-0.226147,0.467394,0.124565,0.0736492,0.963144,0.0149843,-0.00916326,1.39346,0.164769,-0.26368,0.0645748,0.00459846,-0.0943235,1.05765,0.155604,-0.0938551,0.993525,0.185519,0.327323,0.258218,-0.134111,-0.0857769,0.938627,-0.165702,-0.144412,1.08554,-0.273172,-0.303689,1.0262,0.0232871,0.376197,0.323438,-0.0756828,-0.0502706,0.435947,-0.150609,0.0636184,0.963299,-0.0490744,-0.112088,1.411,-0.169999,0.316017,0.0972852,-0.0646162,-0.219581,1.05488,-0.0524784,-0.25584,0.993561,-0.066705,-0.189128,1.17782,0.0379101
1158,11.5608,0.00269474,1.42202,-0.0162923,-0.0785237,0.0907597,0.0729678,-0.0553778,0.95023,0.152188,0.104394,1.07556,0.253027,-0.202561,1.02646,0.17452,-0.00354974,0.0627589,0.0237721,-0.222394,0.461471,0.128593,0.076445,0.955888,0.01044,-0.00981907,1.38643,0.168658,-0.244518,0.0639275,0.00472298,-0.104996,1.05163,0.151026,-0.107122,0.987058,0.179981,0.316708,0.261006,-0.134714,-0.0839283,0.932593,-0.166937,-0.133654,1.07932,-0.274683,-0.30413,1.00392,0.0101533,0.368225,0.324745,-0.0762076,-0.0638749,0.431663,-0.150252,0.0667575,0.954267,-0.0546364,-0.111365,1.4053,-0.170027,0.303753,0.0995343,-0.0670486,-0.215411,1.03632,-0.0582429,-0.249722,0.974897,-0.0769923,-0.187551,1.16976,0.0368786
1159,11.5708,0.000972243,1.41955,-0.0139136,-0.0593203,0.0911358,0.0730194,-0.0526139,0.94731,0.152505,0.0900908,1.06254,0.253643,-0.214777,1.02469,0.166234,0.0158709,0.0633348,0.0237443,-0.216363,0.455142,0.131899,0.0781692,0.950226,0.00836712,-0.0118586,1.38086,0.171811,-0.225067,0.0632532,0.00445286,-0.115949,1.04733,0.145996,-0.121205,0.98242,0.174128,0.304768,0.262829,-0.135299,-0.0830691,0.928036,-0.167967,-0.122199,1.07469,-0.27626,-0.303157,0.983351,-0.00478851,0.358527,0.324959,-0.076426,-0.0776298,0.427422,-0.149415,0.0695475,0.947509,-0.0568617,-0.110947,1.40024,-0.169276,0.289819,0.100875,-0.0700067,-0.210131,1.01908,-0.0648644,-0.242191,0.957739,-0.0879591,-0.1855,1.16403,0.0354508
1160,11.5808,0.00108124,1.41765,-0.0117782,-0.0400053,0.0915571,0.0731136,-0.0505378,0.944817,0.152722,0.0752599,1.05161,0.25418,-0.227093,1.0255,0.15727,0.0353301,0.0640279,0.0238251,-0.208113,0.448874,0.134145,0.0797871,0.946804,0.00819958,-0.014717,1.37666,0.1739,-0.205474,0.0628436,0.00427263,-0.127033,1.04505,0.14028,-0.135676,0.980007,0.167871,0.291775,0.263652,-0.135789,-0.082443,0.924902,-0.16836,-0.109969,1.07133,-0.278098,-0.300425,0.965034,-0.0209046,0.347507,0.323885,-0.0761881,-0.0914772,0.424007,-0.148361,0.0718461,0.943487,-0.0563078,-0.10992,1.39608,-0.168371,0.274005,0.101292,-0.0736806,-0.204084,1.00417,-0.0724362,-0.233273,0.942789,-0.0994698,-0.183253,1.16063,0.0336439
1161,11.5908,0.00294971,1.41529,-0.0100776,-0.0208008,0.0918379,0.0727593,-0.0490445,0.942778,0.15256,0.0602128,1.04254,0.254705,-0.239058,1.02901,0.147901,0.0546402,0.0644583,0.0235095,-0.198445,0.442846,0.135035,0.0817894,0.94554,0.00903702,-0.0177284,1.37358,0.175436,-0.185935,0.0623944,0.00458586,-0.138009,1.04494,0.13404,-0.15004,0.979926,0.160825,0.277942,0.263499,-0.136128,-0.0806584,0.923472,-0.167906,-0.0967821,1.06908,-0.280476,-0.295702,0.949442,-0.0374245,0.335614,0.321382,-0.075412,-0.105227,0.422467,-0.147472,0.0737708,0.942033,-0.0552778,-0.107671,1.39303,-0.167828,0.256143,0.100866,-0.0777454,-0.197424,0.992341,-0.0810288,-0.223105,0.930724,-0.111416,-0.181107,1.15876,0.0315297
1162,11.6008,0.00566741,1.41258,-0.00869928,-0.0014677,0.0922707,0.072337,-0.0479006,0.941334,0.15246,0.0449715,1.03516,0.255175,-0.250392,1.03509,0.137899,0.0744721,0.06531,0.023382,-0.18849,0.437706,0.134518,0.0838014,0.945434,0.0105347,-0.0202666,1.3715,0.177245,-0.166323,0.062353,0.00441617,-0.148643,1.04707,0.127545,-0.163881,0.982229,0.152789,0.263373,0.262449,-0.136212,-0.0785343,0.923548,-0.167225,-0.0825517,1.06821,-0.283544,-0.288966,0.936853,-0.0537196,0.323177,0.317326,-0.0741428,-0.118656,0.422816,-0.146699,0.0754233,0.941988,-0.0539785,-0.104359,1.3911,-0.167757,0.236168,0.0995214,-0.0814549,-0.189913,0.983832,-0.090576,-0.211974,0.922,-0.123536,-0.179194,1.15758,0.0291823
1163,11.6108,0.00833998,1.41083,-0.00737244,0.0180443,0.0928838,0.0720718,-0.0468298,0.940509,0.15254,0.0294545,1.02958,0.25553,-0.260844,1.04361,0.127351,0.0941974,0.0657864,0.0231236,-0.178216,0.433841,0.133342,0.085608,0.945739,0.0121745,-0.0219074,1.37033,0.179228,-0.146553,0.0623683,0.00415354,-0.158676,1.05149,0.120953,-0.177212,0.986866,0.144238,0.248102,0.260467,-0.135917,-0.0762363,0.924824,-0.166685,-0.0675086,1.06912,-0.287167,-0.280741,0.927908,-0.0693454,0.310391,0.311608,-0.0724458,-0.131571,0.424852,-0.145984,0.0768497,0.942299,-0.0522453,-0.100459,1.39022,-0.168014,0.214183,0.0979039,-0.0851669,-0.181521,0.978644,-0.100647,-0.200058,0.916644,-0.135493,-0.177371,1.15683,0.0266987
1164,11.6208,0.0100058,1.41079,-0.0058928,0.0376443,0.0936579,0.0717775,-0.0456492,0.940322,0.152729,0.0136016,1.02603,0.255786,-0.270436,1.05424,0.116507,0.113903,0.0664743,0.022994,-0.167013,0.430898,0.132606,0.0872634,0.946481,0.0134676,-0.0230351,1.37033,0.180793,-0.126685,0.0623966,0.00386333,-0.168049,1.05805,0.114333,-0.190023,0.993617,0.135487,0.232157,0.257481,-0.135179,-0.0734436,0.926998,-0.166267,-0.052068,1.07197,-0.291094,-0.27151,0.922641,-0.0842246,0.297284,0.304094,-0.0704413,-0.143932,0.428462,-0.145394,0.0785241,0.942938,-0.0507968,-0.096356,1.39037,-0.16843,0.19041,0.0962226,-0.0886106,-0.172362,0.976585,-0.110776,-0.187531,0.914481,-0.146859,-0.175515,1.15678,0.0243061
1165,11.6308,0.010234,1.41226,-0.00420566,0.0571044,0.0945487,0.0714889,-0.0443889,0.940734,0.152997,-0.00246549,1.0247,0.255873,-0.279141,1.06668,0.105594,0.133728,0.0676557,0.0228935,-0.154364,0.428568,0.132482,0.0888755,0.947865,0.0143385,-0.0243286,1.37171,0.181899,-0.106893,0.0623254,0.00373226,-0.176786,1.06645,0.107725,-0.202142,1.00232,0.12665,0.215491,0.253467,-0.134078,-0.0709654,0.928944,-0.166028,-0.0366846,1.07676,-0.295065,-0.26161,0.920699,-0.0983912,0.283716,0.294769,-0.0684319,-0.155711,0.433426,-0.144924,0.0806492,0.944236,-0.0501717,-0.0924001,1.39163,-0.168843,0.165,0.0940867,-0.0913494,-0.162746,0.977286,-0.120721,-0.174832,0.915161,-0.157718,-0.174143,1.15781,0.0222414
1166,11.6408,0.00964997,1.41478,-0.00238928,0.0764637,0.09566,0.0712479,-0.0430379,0.941709,0.15337,-0.0184414,1.02562,0.255537,-0.28686,1.08065,0.0947851,0.153667,0.0694046,0.0229308,-0.140493,0.427006,0.132198,0.0901984,0.949867,0.0146334,-0.0261413,1.37441,0.182786,-0.0871291,0.0622266,0.00372064,-0.1848,1.07632,0.101131,-0.213368,1.0129,0.117952,0.198106,0.248346,-0.132758,-0.0695999,0.930171,-0.165904,-0.0216375,1.08338,-0.298813,-0.251278,0.92145,-0.111812,0.269323,0.28381,-0.0664775,-0.1668,0.439489,-0.144593,0.0826245,0.946204,-0.0502819,-0.0887171,1.39402,-0.169142,0.138252,0.0914025,-0.093272,-0.152915,0.980274,-0.130363,-0.162088,0.918182,-0.168017,-0.173394,1.16002,0.0204889
1167,11.6508,0.0094035,1.41801,-0.000673134,0.0957044,0.0970779,0.0710865,-0.0413922,0.943396,0.153653,-0.0340623,1.02856,0.254765,-0.293285,1.096,0.0840391,0.173313,0.0713701,0.02291,-0.125557,0.426263,0.131163,0.0912839,0.95233,0.0143001,-0.0286135,1.37837,0.18349,-0.0674683,0.0621316,0.00386743,-0.191862,1.08736,0.0945875,-0.223694,1.02508,0.109567,0.180054,0.242066,-0.131367,-0.0691355,0.931584,-0.165621,-0.00697736,1.09155,-0.301921,-0.240682,0.924266,-0.124432,0.253925,0.271304,-0.0646342,-0.17707,0.446516,-0.14443,0.084153,0.948835,-0.0508044,-0.0850671,1.39745,-0.169211,0.110505,0.0880964,-0.0943393,-0.142885,0.985084,-0.139462,-0.149384,0.923005,-0.177757,-0.173257,1.16338,0.0190598
1168,11.6608,0.0100149,1.42152,0.000708895,0.114702,0.0989463,0.0710801,-0.0396989,0.945673,0.153934,-0.0491056,1.03324,0.253481,-0.298554,1.11241,0.0737048,0.192451,0.074007,0.0230698,-0.109908,0.426204,0.129508,0.0925239,0.95536,0.0135133,-0.0317244,1.38344,0.183906,-0.0479465,0.0621972,0.0041136,-0.197819,1.09943,0.0883349,-0.233137,1.03851,0.101604,0.16138,0.234642,-0.130026,-0.0692942,0.933771,-0.165092,0.0072151,1.10086,-0.304454,-0.22998,0.928668,-0.136186,0.237323,0.257516,-0.0627789,-0.186327,0.454422,-0.144325,0.0853692,0.952315,-0.0515057,-0.0810468,1.40176,-0.169242,0.0819831,0.0845583,-0.0948172,-0.132733,0.991179,-0.147963,-0.136842,0.929213,-0.186883,-0.173445,1.16748,0.0178446
1169,11.6708,0.0112965,1.42523,0.0016899,0.133255,0.101372,0.0712913,-0.0382413,0.948481,0.154204,-0.063273,1.03955,0.251801,-0.302728,1.12944,0.063956,0.211248,0.0777809,0.0233401,-0.094009,0.427104,0.127718,0.0936557,0.959384,0.0128105,-0.0351972,1.38938,0.184049,-0.0284441,0.0625485,0.00379956,-0.203135,1.11225,0.0823091,-0.241693,1.05283,0.0941513,0.142082,0.226074,-0.128675,-0.0696868,0.937176,-0.164347,0.0207018,1.11114,-0.306793,-0.219353,0.934313,-0.147075,0.219457,0.242509,-0.0609488,-0.194589,0.462936,-0.144247,0.0863715,0.956816,-0.052166,-0.0765665,1.40676,-0.169347,0.0521769,0.0820845,-0.0956189,-0.12292,0.998808,-0.156206,-0.124702,0.936767,-0.195241,-0.173213,1.17186,0.0167152
1170,11.6808,0.0126492,1.42931,0.00248083,0.151205,0.104549,0.0717831,-0.0371283,0.951812,0.154339,-0.0763425,1.04728,0.250087,-0.30588,1.14661,0.0548114,0.229527,0.0825285,0.0236575,-0.0784221,0.429254,0.126245,0.0941248,0.964749,0.0123179,-0.0386347,1.39596,0.183937,-0.00880933,0.0627983,0.0033524,-0.207737,1.12552,0.0765273,-0.249213,1.06759,0.087125,0.121982,0.216657,-0.127304,-0.0699023,0.942037,-0.16351,0.0336636,1.12204,-0.308748,-0.20896,0.941012,-0.157112,0.200249,0.226732,-0.059176,-0.201793,0.471771,-0.144148,0.0872703,0.962306,-0.0527568,-0.071874,1.41223,-0.169422,0.0215222,0.0798097,-0.0958761,-0.113398,1.00714,-0.163855,-0.113184,0.945362,-0.203065,-0.173064,1.17652,0.015497
1171,11.6907,0.0136017,1.43393,0.00331938,0.168386,0.108573,0.0724267,-0.0365494,0.955656,0.154353,-0.0883143,1.05602,0.248301,-0.3081,1.16343,0.0462223,0.247081,0.0881773,0.0239484,-0.0634834,0.432546,0.125192,0.0942083,0.971274,0.0120518,-0.041885,1.40303,0.18357,0.0110765,0.0628043,0.00328422,-0.211559,1.13896,0.0710385,-0.25562,1.08249,0.0804596,0.100932,0.206537,-0.126231,-0.0695934,0.94836,-0.162752,0.0461159,1.13335,-0.310301,-0.198901,0.948547,-0.166352,0.179748,0.210351,-0.0576578,-0.207866,0.480712,-0.144018,0.0879146,0.968462,-0.0531467,-0.0672851,1.41799,-0.169355,-0.00982618,0.078,-0.0956386,-0.104262,1.01587,-0.170953,-0.102086,0.954662,-0.210189,-0.173203,1.18161,0.0140389
1172,11.7007,0.0138955,1.43907,0.00420101,0.184497,0.113236,0.0732382,-0.0365528,0.959906,0.154243,-0.0992129,1.06534,0.246409,-0.309559,1.17984,0.038212,0.264201,0.0951277,0.0244871,-0.0491873,0.436615,0.124316,0.0939393,0.978613,0.0119657,-0.0449826,1.41044,0.182912,0.03108,0.0627573,0.00314115,-0.214666,1.15221,0.065705,-0.26071,1.09732,0.0739839,0.0787329,0.195834,-0.125551,-0.0685378,0.955947,-0.162245,0.0580258,1.14484,-0.311365,-0.189258,0.956678,-0.174868,0.157888,0.193746,-0.0564464,-0.212703,0.489552,-0.14386,0.087882,0.974844,-0.0530299,-0.063128,1.42392,-0.169192,-0.0415409,0.0764906,-0.0945995,-0.0950705,1.02509,-0.177191,-0.0915867,0.964336,-0.216754,-0.173613,1.18727,0.0121687
1173,11.7107,0.0136757,1.4446,0.00504494,0.19973,0.118477,0.0740374,-0.0371715,0.964487,0.154014,-0.109064,1.07488,0.244473,-0.310351,1.19567,0.0307833,0.280682,0.103124,0.02509,-0.0354374,0.441168,0.12341,0.0930653,0.986281,0.0120467,-0.0480227,1.41808,0.181976,0.0510665,0.0628525,0.00325159,-0.217144,1.16512,0.0605754,-0.264787,1.11175,0.0677003,0.0554262,0.184781,-0.124626,-0.066705,0.964428,-0.162099,0.069365,1.15629,-0.311881,-0.180076,0.965122,-0.18276,0.1346,0.177135,-0.0555254,-0.216197,0.498084,-0.143649,0.0875349,0.98145,-0.0526793,-0.0595699,1.42998,-0.169054,-0.073685,0.0755157,-0.0927516,-0.086069,1.03468,-0.182681,-0.0816642,0.974246,-0.222818,-0.174313,1.19343,0.00968817
1174,11.7207,0.0132654,1.45029,0.00568952,0.214414,0.12418,0.0745581,-0.0383587,0.969326,0.153661,-0.117944,1.08443,0.242556,-0.310574,1.21072,0.0239015,0.296124,0.111829,0.0256017,-0.022194,0.446127,0.122503,0.0914801,0.993762,0.0122893,-0.0511259,1.42587,0.180814,0.0712833,0.0627133,0.003511,-0.21905,1.17801,0.0562221,-0.268114,1.12552,0.0616788,0.0312183,0.173882,-0.123481,-0.0643397,0.973278,-0.162303,0.0800281,1.1677,-0.312057,-0.171374,0.973645,-0.190124,0.109781,0.160524,-0.0549768,-0.218318,0.506095,-0.143333,0.0869115,0.988353,-0.0521033,-0.0566258,1.43608,-0.169048,-0.106124,0.0753772,-0.0903459,-0.0778956,1.04421,-0.18786,-0.0721985,0.984015,-0.228266,-0.174504,1.20027,0.00668155
1175,11.7307,0.0128521,1.45591,0.00604895,0.228191,0.130203,0.0750271,-0.040018,0.974351,0.153195,-0.125946,1.09382,0.240677,-0.310334,1.22483,0.0175178,0.310639,0.121293,0.0260867,-0.0094461,0.451598,0.121668,0.0895547,1.00095,0.0127096,-0.0542421,1.43358,0.179389,0.091481,0.0625527,0.00371902,-0.220424,1.19029,0.0521446,-0.2707,1.13844,0.0558919,0.00599623,0.163243,-0.122657,-0.0619948,0.981858,-0.162683,0.0899356,1.17887,-0.311858,-0.163162,0.982077,-0.197028,0.0837261,0.14401,-0.0548756,-0.219161,0.513369,-0.142911,0.0861902,0.9953,-0.051453,-0.0541375,1.4421,-0.169176,-0.138418,0.0761597,-0.0876264,-0.0703734,1.05337,-0.192651,-0.0631859,0.993474,-0.233074,-0.174454,1.20751,0.00322016
1176,11.7407,0.0125088,1.46129,0.00611179,0.24099,0.136446,0.075456,-0.0418902,0.979421,0.152499,-0.133164,1.10282,0.23884,-0.309771,1.23785,0.0115608,0.323899,0.131008,0.026253,0.00284449,0.45764,0.120713,0.0875414,1.00798,0.0132522,-0.0573781,1.44108,0.177724,0.111397,0.0621989,0.00396185,-0.221374,1.20174,0.0482564,-0.272485,1.15058,0.0504172,-0.0200636,0.15311,-0.122187,-0.0604008,0.989551,-0.162933,0.099059,1.18959,-0.311254,-0.155488,0.99025,-0.203506,0.0570626,0.128457,-0.0554864,-0.218692,0.519793,-0.142373,0.085301,1.0021,-0.0507821,-0.0519025,1.44786,-0.169373,-0.170519,0.0786574,-0.0841945,-0.0632912,1.06215,-0.196944,-0.0546796,1.00257,-0.237243,-0.174532,1.21478,-0.000486005
1177,11.7507,0.0122543,1.46631,0.00591308,0.252984,0.142852,0.0757221,-0.0439562,0.9844,0.151695,-0.139623,1.11124,0.237023,-0.308916,1.24969,0.00597639,0.336182,0.141285,0.0261546,0.0142002,0.46393,0.119699,0.0854019,1.01484,0.0138057,-0.0604731,1.44822,0.175791,0.131151,0.0617882,0.00434645,-0.221985,1.21236,0.0446796,-0.27354,1.16169,0.0451557,-0.0466315,0.143862,-0.12188,-0.0603886,0.99587,-0.162631,0.107397,1.19976,-0.310268,-0.148389,0.998084,-0.209576,0.0295065,0.113543,-0.0565011,-0.216916,0.525279,-0.141721,0.0841493,1.00864,-0.050127,-0.049979,1.45335,-0.169683,-0.201911,0.0831016,-0.0808374,-0.0566252,1.07068,-0.200639,-0.0468018,1.01122,-0.24073,-0.174773,1.22177,-0.00413015
1178,11.7607,0.0120322,1.47088,0.00551682,0.264361,0.149474,0.0757829,-0.046212,0.989122,0.150888,-0.145456,1.119,0.235324,-0.307561,1.26026,0.000759942,0.347589,0.152065,0.0258487,0.0244237,0.469974,0.118653,0.083083,1.02137,0.0142505,-0.0634629,1.45487,0.17367,0.150562,0.0614831,0.00460622,-0.222335,1.22221,0.0415289,-0.274082,1.17163,0.0402073,-0.0734409,0.135746,-0.121858,-0.0623488,1.00061,-0.161552,0.115016,1.20922,-0.308976,-0.141909,1.00559,-0.21509,0.00119195,0.0995072,-0.0577537,-0.213891,0.529734,-0.141002,0.0824934,1.01486,-0.0495697,-0.0481297,1.4584,-0.170072,-0.232285,0.089093,-0.0771248,-0.0506557,1.07873,-0.203813,-0.0396317,1.01934,-0.243636,-0.175215,1.22831,-0.00751673
1179,11.7707,0.0118047,1.47495,0.00500636,0.275175,0.156193,0.0757019,-0.0485966,0.993469,0.150138,-0.150602,1.12606,0.233696,-0.306041,1.2695,-0.00412877,0.358027,0.163194,0.025505,0.0336513,0.475597,0.117525,0.0805835,1.02741,0.0144904,-0.0663815,1.46098,0.171448,0.169274,0.0614289,0.00469437,-0.222473,1.23099,0.0387228,-0.274248,1.18032,0.0356452,-0.100005,0.128984,-0.121745,-0.0648073,1.00459,-0.160276,0.121993,1.21781,-0.307468,-0.136129,1.01267,-0.220143,-0.027268,0.0869307,-0.0588964,-0.209881,0.53299,-0.140196,0.0805005,1.02067,-0.0491103,-0.0464145,1.4629,-0.170467,-0.26105,0.0964281,-0.0731184,-0.0453755,1.08614,-0.206603,-0.0331908,1.02685,-0.246116,-0.175802,1.23432,-0.0106103
1180,11.7807,0.0115383,1.47845,0.00445932,0.285487,0.162889,0.075611,-0.0511419,0.997294,0.149414,-0.155046,1.13238,0.232199,-0.304417,1.27733,-0.0086976,0.367608,0.174405,0.0252353,0.0419647,0.480797,0.11628,0.0779487,1.03286,0.0145506,-0.0691987,1.46641,0.169141,0.187127,0.0616027,0.00471335,-0.222119,1.2381,0.0358139,-0.274094,1.18771,0.0315011,-0.125747,0.12375,-0.121411,-0.0654464,1.00936,-0.159972,0.128319,1.22538,-0.305763,-0.131116,1.01929,-0.224591,-0.0552206,0.0762889,-0.0598744,-0.205196,0.534908,-0.139289,0.0783358,1.0259,-0.048736,-0.0449165,1.46681,-0.170871,-0.287716,0.104838,-0.0690651,-0.0406661,1.09282,-0.208999,-0.0275944,1.03364,-0.248255,-0.176469,1.23976,-0.0134682
1181,11.7907,0.011291,1.48132,0.00389055,0.295449,0.169536,0.0755796,-0.0537651,1.00052,0.148603,-0.158843,1.13788,0.230886,-0.302719,1.28364,-0.0129785,0.376476,0.185526,0.0250362,0.0492544,0.485463,0.114951,0.0751488,1.03759,0.0144983,-0.0718672,1.47106,0.166754,0.204011,0.0619827,0.00472773,-0.221684,1.24408,0.0332908,-0.273624,1.19375,0.0277586,-0.150103,0.120057,-0.120932,-0.0657478,1.01341,-0.160257,0.134074,1.23188,-0.304027,-0.126964,1.02525,-0.228547,-0.082014,0.0678236,-0.0605157,-0.200012,0.535431,-0.138323,0.0760611,1.0304,-0.0483954,-0.0437393,1.4701,-0.171323,-0.311922,0.113971,-0.0650876,-0.0365605,1.09868,-0.21101,-0.0228966,1.03964,-0.25007,-0.17735,1.24448,-0.0159705
1182,11.8007,0.0110979,1.48349,0.00331078,0.30509,0.176096,0.0755823,-0.0565598,1.00311,0.147697,-0.162065,1.14248,0.229779,-0.300994,1.28836,-0.0170328,0.384659,0.196472,0.0247932,0.0553322,0.489385,0.113697,0.0721534,1.04142,0.0143512,-0.0743213,1.47479,0.164319,0.220208,0.0626103,0.00470654,-0.221297,1.24891,0.0312018,-0.272924,1.19836,0.0244188,-0.172508,0.117874,-0.120285,-0.0667169,1.01598,-0.160396,0.139338,1.23719,-0.302455,-0.123767,1.03057,-0.23185,-0.106752,0.0615307,-0.0607546,-0.194516,0.534629,-0.13743,0.0736831,1.03407,-0.0481155,-0.0426482,1.47256,-0.171691,-0.33324,0.123576,-0.0609078,-0.0333695,1.10374,-0.212689,-0.0191249,1.04469,-0.251601,-0.17879,1.24836,-0.0177562
1183,11.8106,0.0109601,1.48488,0.00269369,0.314303,0.18249,0.0755725,-0.0593971,1.00497,0.146658,-0.164707,1.14603,0.22887,-0.299256,1.29143,-0.0208817,0.392317,0.207391,0.0245049,0.0599627,0.492322,0.112669,0.069247,1.04428,0.0141378,-0.0765274,1.47753,0.161924,0.235834,0.0635456,0.00453117,-0.220583,1.25204,0.0291078,-0.272072,1.20144,0.0214262,-0.192343,0.117003,-0.11934,-0.0681356,1.01725,-0.160431,0.143912,1.24098,-0.300842,-0.121576,1.03522,-0.234484,-0.128753,0.0572674,-0.0604452,-0.189248,0.532718,-0.136657,0.0712906,1.03697,-0.0479333,-0.0417004,1.47411,-0.172155,-0.351189,0.13277,-0.0573092,-0.0311067,1.10789,-0.214105,-0.0163449,1.04872,-0.252835,-0.180338,1.25145,-0.0192448
1184,11.8206,0.0108943,1.48545,0.00198448,0.323143,0.188802,0.0755362,-0.0621774,1.0059,0.145568,-0.166713,1.1484,0.228159,-0.297394,1.2928,-0.0244707,0.39958,0.218434,0.0241355,0.0630628,0.49398,0.111939,0.0666488,1.04614,0.0139268,-0.0784081,1.47923,0.159627,0.251006,0.0648981,0.00416239,-0.219557,1.25346,0.0270333,-0.271066,1.20282,0.0187298,-0.20876,0.117032,-0.118316,-0.0695937,1.01743,-0.160599,0.147767,1.24312,-0.299283,-0.120371,1.03902,-0.236553,-0.147134,0.0545344,-0.0594644,-0.184946,0.529952,-0.135864,0.069028,1.03926,-0.0478757,-0.040868,1.4747,-0.172807,-0.365573,0.141099,-0.0543138,-0.029535,1.11106,-0.215224,-0.0147012,1.05171,-0.253685,-0.181819,1.25363,-0.0206563
1185,11.8306,0.0109528,1.48512,0.00119778,0.331663,0.195014,0.0755903,-0.0648935,1.00588,0.144573,-0.168056,1.14945,0.227634,-0.295606,1.29235,-0.0277892,0.406091,0.229007,0.0238436,0.0646671,0.494128,0.111456,0.0644721,1.04696,0.0137597,-0.0798383,1.47983,0.157341,0.265809,0.0665491,0.00359719,-0.218643,1.25346,0.0252536,-0.26989,1.20246,0.0163086,-0.221009,0.117117,-0.117055,-0.0708152,1.01651,-0.160945,0.150908,1.24354,-0.297912,-0.120252,1.0419,-0.238279,-0.161158,0.0525645,-0.0578392,-0.182327,0.526716,-0.134956,0.0668574,1.04075,-0.0480461,-0.0401174,1.47427,-0.173691,-0.376176,0.147706,-0.0517922,-0.0287867,1.11321,-0.216063,-0.0142358,1.05359,-0.25425,-0.183227,1.25472,-0.0220869
1186,11.8406,0.0111607,1.48386,0.000250413,0.339896,0.20108,0.075841,-0.0673644,1.00494,0.143674,-0.168726,1.14908,0.227274,-0.293943,1.29002,-0.0308183,0.411791,0.239204,0.0237909,0.0647457,0.492656,0.111157,0.0627691,1.04666,0.0136262,-0.0808675,1.47927,0.155152,0.280094,0.0683626,0.00318036,-0.217333,1.2516,0.0235426,-0.268579,1.2005,0.0143315,-0.228782,0.116385,-0.115374,-0.0717433,1.01443,-0.16147,0.153286,1.24217,-0.296818,-0.121269,1.044,-0.239409,-0.170366,0.0506059,-0.0557223,-0.181772,0.523679,-0.13409,0.0648587,1.04111,-0.0483797,-0.0394156,1.47277,-0.174888,-0.382805,0.151724,-0.0496333,-0.0290485,1.11424,-0.216723,-0.0148767,1.05428,-0.254524,-0.184522,1.25465,-0.0234988
1187,11.8506,0.0114937,1.4816,-0.000870082,0.347583,0.206967,0.076379,-0.0694529,1.00306,0.142809,-0.168711,1.14725,0.227074,-0.292352,1.2858,-0.0335,0.416504,0.249215,0.0239798,0.0632438,0.489597,0.11101,0.0615443,1.04512,0.0134853,-0.0814855,1.47744,0.153154,0.293639,0.0701687,0.00305369,-0.21612,1.24814,0.0220906,-0.267113,1.19672,0.0127549,-0.232224,0.114371,-0.113358,-0.0722969,1.0112,-0.162166,0.154828,1.239,-0.296076,-0.123372,1.04531,-0.239983,-0.174338,0.0487384,-0.053433,-0.182932,0.521332,-0.133269,0.0632018,1.04005,-0.0488609,-0.0385897,1.47007,-0.17641,-0.385327,0.152623,-0.0474119,-0.0302206,1.11418,-0.217139,-0.0166346,1.05377,-0.25445,-0.185595,1.25331,-0.0248709
1188,11.8606,0.0119162,1.47831,-0.0022039,0.354398,0.212662,0.0771337,-0.0711905,1.0003,0.142059,-0.167994,1.14404,0.22703,-0.290909,1.2797,-0.0357882,0.419837,0.259025,0.0244232,0.0601259,0.485117,0.111028,0.0607689,1.04224,0.0133072,-0.0817031,1.47437,0.151399,0.306092,0.0717795,0.00328234,-0.215171,1.24311,0.0209076,-0.265537,1.19104,0.0115716,-0.231686,0.111121,-0.111203,-0.0725147,1.0069,-0.163055,0.155538,1.23399,-0.295684,-0.126501,1.04573,-0.240315,-0.172389,0.0480295,-0.0513049,-0.185068,0.519127,-0.132175,0.0621693,1.03731,-0.0494174,-0.0376794,1.46621,-0.178301,-0.383882,0.149541,-0.0445909,-0.0322683,1.11304,-0.21732,-0.0195405,1.05213,-0.254009,-0.186394,1.2506,-0.0263031
1189,11.8706,0.0123915,1.474,-0.00376471,0.360085,0.218149,0.0780407,-0.072561,0.99664,0.141404,-0.166474,1.13953,0.227164,-0.289702,1.27163,-0.0376712,0.42142,0.268734,0.0252403,0.0555196,0.47937,0.111206,0.060318,1.03795,0.0130601,-0.0816553,1.47014,0.149882,0.317051,0.0728991,0.00392148,-0.214255,1.23644,0.0199463,-0.263816,1.18369,0.0108687,-0.226551,0.106812,-0.109023,-0.0724303,1.00166,-0.164125,0.155372,1.22723,-0.295633,-0.130678,1.04532,-0.240404,-0.164302,0.0486046,-0.0492452,-0.187613,0.51646,-0.130985,0.061848,1.03283,-0.0500329,-0.0366946,1.46129,-0.180508,-0.378703,0.141298,-0.0408092,-0.0351777,1.11086,-0.217262,-0.0236073,1.04947,-0.253282,-0.18692,1.24644,-0.0279579
1190,11.8806,0.0128629,1.46865,-0.00557686,0.36465,0.223623,0.0791806,-0.07356,0.992077,0.140742,-0.164051,1.13387,0.227502,-0.288762,1.26157,-0.0391056,0.421047,0.278181,0.0265071,0.0496606,0.472501,0.111646,0.060119,1.03226,0.0127453,-0.0812819,1.46471,0.14858,0.326382,0.0730305,0.00510411,-0.212719,1.22785,0.0190678,-0.261911,1.17465,0.0106615,-0.216357,0.101666,-0.106706,-0.0720801,0.995699,-0.165384,0.154321,1.21882,-0.295902,-0.135831,1.04429,-0.239977,-0.151158,0.049672,-0.0468155,-0.189966,0.512971,-0.130081,0.0621312,1.02673,-0.0505867,-0.0355721,1.45533,-0.182785,-0.370189,0.127975,-0.0368546,-0.0389003,1.10771,-0.216986,-0.028676,1.04577,-0.252283,-0.187087,1.24087,-0.0299728
1191,11.8906,0.0132625,1.46232,-0.0076048,0.368194,0.228778,0.0801976,-0.0741172,0.98663,0.140028,-0.160682,1.12714,0.228022,-0.288078,1.24953,-0.0400459,0.419086,0.286896,0.027947,0.0427422,0.464691,0.112455,0.0602825,1.02527,0.0124603,-0.0806474,1.45816,0.147473,0.335025,0.071787,0.00658742,-0.211215,1.21767,0.0184513,-0.259761,1.16378,0.0108945,-0.203119,0.097285,-0.104421,-0.0714743,0.989358,-0.166754,0.152392,1.20885,-0.29642,-0.141903,1.04271,-0.239044,-0.135534,0.0508184,-0.0445572,-0.191776,0.508602,-0.129632,0.0628251,1.01933,-0.0508993,-0.0345357,1.44854,-0.185017,-0.359448,0.112125,-0.0337648,-0.0434342,1.10367,-0.216497,-0.0347391,1.04115,-0.251076,-0.186951,1.23417,-0.0320716
1192,11.9006,0.0135772,1.45506,-0.00980543,0.370394,0.233239,0.0812462,-0.0743808,0.980327,0.139544,-0.156404,1.11947,0.228747,-0.287627,1.23551,-0.0404673,0.416364,0.294193,0.0289923,0.0349625,0.456163,0.113593,0.0609881,1.01721,0.0123227,-0.0798601,1.45071,0.146466,0.343779,0.070006,0.00825394,-0.209784,1.20596,0.0181326,-0.25731,1.15113,0.0115864,-0.189776,0.0945725,-0.102345,-0.0706039,0.983113,-0.168141,0.149567,1.19743,-0.297117,-0.148838,1.04053,-0.237819,-0.119685,0.052527,-0.0427847,-0.193567,0.503565,-0.129535,0.0639994,1.01104,-0.0509336,-0.0336973,1.44107,-0.187185,-0.347987,0.0969761,-0.0318142,-0.048719,1.09883,-0.215774,-0.041783,1.03573,-0.249637,-0.186755,1.22678,-0.0338537
1193,11.9106,0.0140434,1.44721,-0.0120641,0.371155,0.236995,0.0823549,-0.074338,0.973146,0.13931,-0.151175,1.11101,0.22969,-0.287328,1.21959,-0.0403114,0.413397,0.299957,0.0294441,0.0264418,0.447224,0.114721,0.0623327,1.00832,0.0123256,-0.0790956,1.44282,0.145541,0.351365,0.0703714,0.00987976,-0.208338,1.19275,0.0181123,-0.254541,1.13682,0.0128144,-0.176466,0.0933661,-0.100665,-0.0689512,0.97699,-0.169613,0.14586,1.18468,-0.297977,-0.156513,1.03788,-0.236269,-0.103533,0.0547966,-0.0416184,-0.196529,0.498341,-0.129844,0.0660239,1.00229,-0.0509054,-0.0330573,1.43297,-0.189375,-0.335869,0.0839508,-0.0305047,-0.0546503,1.09331,-0.214792,-0.0496868,1.02969,-0.247938,-0.186454,1.21871,-0.0356363
1194,11.9206,0.0151111,1.43956,-0.0141679,0.370295,0.241128,0.0833895,-0.0740858,0.965234,0.139542,-0.144916,1.10196,0.230806,-0.287135,1.2019,-0.0395494,0.410152,0.305214,0.0296215,0.0173094,0.438362,0.115317,0.064374,0.998702,0.0124001,-0.0785949,1.43514,0.144844,0.355192,0.0734031,0.0120564,-0.206802,1.17815,0.01843,-0.251469,1.12104,0.0146876,-0.16148,0.0928886,-0.0995798,-0.066247,0.971041,-0.171081,0.141326,1.17078,-0.298958,-0.164837,1.03498,-0.234115,-0.0862218,0.0568379,-0.0412922,-0.201442,0.494373,-0.130706,0.0690852,0.993025,-0.0510494,-0.0326332,1.42437,-0.191813,-0.321723,0.0740919,-0.0292551,-0.0611049,1.08725,-0.213473,-0.0582343,1.02318,-0.246056,-0.185904,1.2097,-0.0379584
1195,11.9306,0.0168857,1.43278,-0.0160865,0.367084,0.246251,0.0842738,-0.0732757,0.956809,0.140067,-0.137484,1.09263,0.231997,-0.287059,1.18255,-0.0380668,0.405895,0.310631,0.0299349,0.00756494,0.430006,0.115109,0.0671984,0.98816,0.0128,-0.0781588,1.42762,0.144626,0.353722,0.078303,0.0141987,-0.205183,1.16238,0.0191794,-0.248123,1.10402,0.0173228,-0.144552,0.0930558,-0.09879,-0.0625765,0.965792,-0.172281,0.135876,1.156,-0.300066,-0.17383,1.03195,-0.231456,-0.0678932,0.0579271,-0.0415538,-0.207615,0.493324,-0.131778,0.0728365,0.982743,-0.0508783,-0.0324484,1.41553,-0.194715,-0.304611,0.0684574,-0.0282807,-0.0681002,1.08085,-0.211751,-0.0674104,1.01646,-0.243946,-0.184782,1.20052,-0.0400141
1196,11.9405,0.0187731,1.42682,-0.0180698,0.361354,0.251709,0.0848813,-0.0716622,0.948337,0.140847,-0.128791,1.08336,0.233209,-0.28714,1.16165,-0.0356749,0.40056,0.315752,0.0303418,-0.00345001,0.422501,0.114808,0.0705609,0.976361,0.0143093,-0.0774213,1.42006,0.145075,0.348225,0.0834796,0.0163521,-0.203335,1.14573,0.0205145,-0.244337,1.08614,0.0208467,-0.126666,0.0936181,-0.0975369,-0.058439,0.961547,-0.173203,0.129366,1.14051,-0.301138,-0.183462,1.02907,-0.228442,-0.0491422,0.0585791,-0.0415482,-0.212843,0.494144,-0.1328,0.0767737,0.971386,-0.0489514,-0.0319951,1.4067,-0.19784,-0.285709,0.0659457,-0.0282146,-0.0760284,1.07447,-0.209799,-0.0778282,1.00959,-0.241133,-0.183325,1.19105,-0.0408339
1197,11.9505,0.0197305,1.42143,-0.020286,0.353574,0.256574,0.08522,-0.0691039,0.940165,0.141541,-0.118853,1.07456,0.234466,-0.287,1.13962,-0.0320555,0.394293,0.319838,0.0306045,-0.0159588,0.416287,0.115013,0.0742429,0.964007,0.0176772,-0.0768045,1.41269,0.145887,0.339551,0.088211,0.0181121,-0.200944,1.12857,0.0224655,-0.239866,1.06777,0.0253821,-0.10857,0.0939039,-0.0963442,-0.0543109,0.957365,-0.173842,0.121586,1.1246,-0.302044,-0.193709,1.0266,-0.224821,-0.030294,0.0590957,-0.0412554,-0.215219,0.493082,-0.134303,0.0809309,0.960469,-0.0446244,-0.0312252,1.39822,-0.201009,-0.267445,0.0639888,-0.0279335,-0.0846797,1.06828,-0.207388,-0.08912,1.00308,-0.237484,-0.18142,1.18105,-0.0411605
1198,11.9605,0.019055,1.417,-0.022415,0.344167,0.260475,0.0854613,-0.0661611,0.932776,0.142259,-0.10782,1.06676,0.235821,-0.286167,1.1171,-0.0269353,0.386865,0.322629,0.0306334,-0.0294977,0.411134,0.115497,0.0784478,0.95334,0.0224029,-0.0767986,1.40598,0.146193,0.328356,0.0920421,0.0196914,-0.197562,1.11113,0.0248108,-0.234481,1.04941,0.0309691,-0.0901326,0.0939751,-0.095662,-0.0493527,0.953517,-0.174239,0.112352,1.10871,-0.302629,-0.204553,1.02491,-0.220409,-0.0112245,0.059596,-0.0408746,-0.214203,0.487775,-0.13675,0.084995,0.951371,-0.0399408,-0.0303173,1.39024,-0.204044,-0.248985,0.0622661,-0.0273945,-0.093811,1.06255,-0.204282,-0.101153,0.997396,-0.232841,-0.178994,1.1715,-0.0410006
1199,11.9705,0.0172109,1.41396,-0.0237881,0.333363,0.263417,0.085747,-0.0633813,0.926592,0.142714,-0.0959235,1.06052,0.237311,-0.284377,1.09489,-0.0201509,0.377904,0.324217,0.0304371,-0.0436062,0.40646,0.11583,0.0826933,0.945714,0.0265166,-0.0772061,1.40025,0.145458,0.314863,0.0948568,0.0215965,-0.193155,1.094,0.0279465,-0.228127,1.03158,0.0375749,-0.0712023,0.0940685,-0.095359,-0.0450888,0.949254,-0.174669,0.101871,1.09353,-0.303114,-0.215899,1.02441,-0.215015,0.00803076,0.0599641,-0.0406329,-0.210009,0.479861,-0.140046,0.0881012,0.944713,-0.0373723,-0.0296159,1.38303,-0.206618,-0.229896,0.0611869,-0.0270536,-0.103419,1.0577,-0.200445,-0.113856,0.992611,-0.227466,-0.176175,1.16347,-0.0401034
1200,11.9805,0.015184,1.41186,-0.0243532,0.3214,0.265419,0.0861426,-0.0613007,0.9219,0.142896,-0.083345,1.05599,0.23905,-0.28134,1.07384,-0.0117538,0.367531,0.324603,0.0299981,-0.0579975,0.402318,0.115819,0.0861933,0.941209,0.0282796,-0.0771635,1.39541,0.144201,0.299234,0.0967107,0.0240111,-0.187737,1.07759,0.0317726,-0.220665,1.01485,0.04519,-0.0520723,0.0942188,-0.0952153,-0.0415481,0.944817,-0.175165,0.0899862,1.07951,-0.303203,-0.227665,1.02548,-0.208655,0.0274136,0.0604494,-0.0405189,-0.202949,0.472174,-0.143334,0.0905061,0.941033,-0.036944,-0.0297235,1.37704,-0.208469,-0.210666,0.0606227,-0.0269669,-0.113684,1.05443,-0.196066,-0.127163,0.989193,-0.221375,-0.173182,1.15768,-0.0383367
1201,11.9905,0.0141103,1.40982,-0.0249231,0.308448,0.266368,0.0865395,-0.0597478,0.918866,0.142829,-0.0701363,1.05293,0.241176,-0.276853,1.05468,-0.00191361,0.356242,0.323646,0.0292567,-0.0724784,0.399232,0.115692,0.0886479,0.939094,0.0275876,-0.0759801,1.39136,0.14316,0.281561,0.0976924,0.0267791,-0.181737,1.06294,0.0367924,-0.211878,0.999893,0.0538186,-0.032762,0.0943945,-0.0951148,-0.0382915,0.94085,-0.175733,0.0770086,1.06717,-0.30282,-0.239599,1.02858,-0.201228,0.046968,0.0609626,-0.0405274,-0.194249,0.46579,-0.145646,0.092805,0.939944,-0.037757,-0.0309158,1.37246,-0.209648,-0.191206,0.0603152,-0.0271225,-0.124397,1.05317,-0.19112,-0.140951,0.987985,-0.214906,-0.17032,1.1541,-0.0358991
1202,12.0005,0.0150509,1.40745,-0.0263112,0.294613,0.266203,0.0867479,-0.0581773,0.917524,0.142401,-0.0563238,1.05123,0.243681,-0.270528,1.03809,0.0090411,0.344378,0.321149,0.0282311,-0.0869312,0.397704,0.115562,0.090337,0.938675,0.0255265,-0.073437,1.38818,0.142478,0.261931,0.0978455,0.0297366,-0.175035,1.05053,0.0429214,-0.20185,0.9872,0.063352,-0.0133849,0.0945974,-0.0950502,-0.035455,0.937368,-0.176424,0.0633137,1.05674,-0.301964,-0.251449,1.03409,-0.192798,0.0666951,0.0615425,-0.0405303,-0.185262,0.460418,-0.146694,0.0944681,0.939805,-0.0393739,-0.0328997,1.36921,-0.21065,-0.171498,0.0601318,-0.0271906,-0.135221,1.0541,-0.185586,-0.155048,0.989221,-0.207712,-0.167906,1.1521,-0.0330994
1203,12.0105,0.0176541,1.40478,-0.0285785,0.279965,0.264935,0.0866838,-0.056248,0.917603,0.141607,-0.0419555,1.05129,0.246667,-0.262877,1.02439,0.0206037,0.332055,0.316973,0.0270135,-0.101144,0.398105,0.115477,0.0916444,0.939378,0.0230578,-0.0699767,1.3862,0.14207,0.240415,0.0972681,0.0327047,-0.166899,1.04053,0.0501451,-0.190871,0.977146,0.0736195,0.00595474,0.0948629,-0.0950142,-0.0330818,0.934497,-0.177255,0.0492268,1.04824,-0.300689,-0.262983,1.04224,-0.183464,0.0864043,0.0620507,-0.0403308,-0.176056,0.455956,-0.14737,0.0956827,0.939773,-0.0413478,-0.0348374,1.36707,-0.211815,-0.151778,0.0599831,-0.0271608,-0.145801,1.05729,-0.179411,-0.169115,0.992896,-0.199746,-0.16586,1.15096,-0.0301785
1204,12.0205,0.0207331,1.40263,-0.0312484,0.264582,0.262575,0.0864097,-0.0538644,0.918595,0.140707,-0.0271332,1.05344,0.250311,-0.254262,1.01372,0.0324016,0.319319,0.310998,0.0257319,-0.114876,0.400446,0.115483,0.092491,0.940288,0.0207123,-0.0657943,1.3853,0.141711,0.21705,0.0961392,0.0353789,-0.157862,1.0332,0.0581883,-0.1793,0.969966,0.0844318,0.0252796,0.0952388,-0.0949886,-0.0311185,0.93241,-0.17821,0.0349114,1.04171,-0.299039,-0.273862,1.05311,-0.173386,0.106071,0.0623832,-0.0401774,-0.165445,0.45253,-0.148531,0.0974975,0.93988,-0.0431997,-0.0362904,1.36597,-0.213098,-0.132053,0.0598449,-0.0270707,-0.155786,1.06253,-0.172347,-0.182826,0.998995,-0.191097,-0.163949,1.15027,-0.0273227
1205,12.0305,0.0230184,1.40225,-0.0338621,0.24833,0.258877,0.0858745,-0.0511581,0.92012,0.139943,-0.0120715,1.05747,0.254168,-0.244924,1.00606,0.044249,0.306164,0.303163,0.0245244,-0.128051,0.404435,0.115478,0.0937184,0.941337,0.0189616,-0.0613297,1.38558,0.141354,0.192068,0.0945251,0.037607,-0.148274,1.02859,0.06677,-0.167389,0.965724,0.0955311,0.0447075,0.0956742,-0.0950347,-0.0295094,0.931225,-0.179257,0.0204613,1.03739,-0.297,-0.28346,1.06642,-0.16272,0.125835,0.0628632,-0.0401439,-0.153512,0.449726,-0.149903,0.0997432,0.940229,-0.0447383,-0.0375039,1.36598,-0.214208,-0.112281,0.0597205,-0.0270616,-0.164997,1.06955,-0.164302,-0.195851,1.00737,-0.181983,-0.162186,1.15012,-0.0247933
1206,12.0405,0.0236174,1.40401,-0.0360829,0.231358,0.253862,0.0852293,-0.0484258,0.922127,0.139343,0.00293977,1.06318,0.257871,-0.235053,1.00123,0.0560834,0.292395,0.293502,0.0234227,-0.140557,0.409916,0.115326,0.095836,0.943046,0.0181015,-0.0568106,1.387,0.140918,0.165825,0.0924592,0.0399327,-0.138322,1.0266,0.0755815,-0.15521,0.964191,0.106632,0.0642746,0.0961523,-0.0952424,-0.0282187,0.930989,-0.180355,0.00596438,1.03559,-0.294689,-0.291695,1.08164,-0.151698,0.145653,0.0633889,-0.0401904,-0.140558,0.447189,-0.150741,0.101752,0.940958,-0.045679,-0.0390824,1.36731,-0.215065,-0.0924055,0.059719,-0.0270699,-0.17351,1.07842,-0.156277,-0.207929,1.01778,-0.172701,-0.161233,1.15081,-0.0228291
1207,12.0505,0.022926,1.40736,-0.0376798,0.214036,0.247844,0.0846724,-0.0460139,0.924759,0.13889,0.0175517,1.07057,0.261541,-0.224826,0.998936,0.0678391,0.277834,0.282183,0.0224299,-0.152331,0.41671,0.115152,0.0984919,0.945393,0.0180752,-0.0523938,1.38966,0.140396,0.138419,0.0901807,0.042367,-0.128139,1.02692,0.0844121,-0.142835,0.965019,0.117489,0.0837589,0.0969359,-0.0950623,-0.0272181,0.931707,-0.181456,-0.00842003,1.03636,-0.292335,-0.298578,1.09823,-0.140465,0.165647,0.0641358,-0.0401434,-0.126248,0.445216,-0.150778,0.103685,0.942615,-0.0459678,-0.0410365,1.36996,-0.21557,-0.0724289,0.05979,-0.0270354,-0.181435,1.08908,-0.14881,-0.218978,1.03013,-0.163506,-0.160789,1.15287,-0.0213537
1208,12.0605,0.0220629,1.41137,-0.0387604,0.196256,0.240708,0.0841305,-0.0439949,0.928254,0.138399,0.0316809,1.07956,0.265089,-0.214414,0.998819,0.0793981,0.262392,0.269431,0.0215247,-0.163226,0.424572,0.115023,0.101336,0.948196,0.0183582,-0.0479935,1.39344,0.139817,0.109771,0.0880442,0.0446717,-0.117905,1.02926,0.0931462,-0.130356,0.967794,0.127899,0.103276,0.0979077,-0.0946391,-0.0264809,0.933351,-0.182508,-0.0223416,1.03939,-0.289893,-0.304097,1.11574,-0.129126,0.185525,0.0651906,-0.039931,-0.110403,0.444244,-0.150253,0.105585,0.945712,-0.0459686,-0.0434731,1.37388,-0.215844,-0.0524502,0.0597094,-0.0271191,-0.188328,1.10147,-0.141877,-0.228877,1.04396,-0.154458,-0.160623,1.15646,-0.0202045
1209,12.0704,0.0219125,1.41552,-0.0397472,0.177834,0.232418,0.0836652,-0.0423422,0.932705,0.13788,0.045379,1.0899,0.268329,-0.204022,1.00054,0.0906839,0.245891,0.255494,0.0206883,-0.172963,0.433187,0.115116,0.104076,0.951503,0.0184976,-0.0434533,1.39812,0.139188,0.0802105,0.086021,0.046699,-0.107737,1.03349,0.101756,-0.117856,0.972227,0.137719,0.122725,0.0992872,-0.094526,-0.025982,0.935864,-0.183458,-0.0356681,1.04414,-0.28747,-0.308227,1.13377,-0.117819,0.205282,0.0668289,-0.0396367,-0.0937608,0.444216,-0.14936,0.10715,0.950121,-0.045948,-0.0463512,1.37889,-0.215794,-0.0324565,0.0596501,-0.0271216,-0.193735,1.11464,-0.134848,-0.237451,1.05862,-0.14546,-0.160299,1.16115,-0.0192639
1210,12.0804,0.0227628,1.41972,-0.0409974,0.158574,0.22296,0.083334,-0.041058,0.938007,0.137431,0.0587306,1.1012,0.271058,-0.193798,1.00382,0.101672,0.227994,0.240454,0.0199512,-0.181505,0.442238,0.115351,0.106079,0.955447,0.018168,-0.0388663,1.40347,0.138491,0.0501344,0.0841868,0.0485913,-0.0978672,1.03907,0.110043,-0.105563,0.978046,0.146985,0.141831,0.101371,-0.0945708,-0.0256993,0.939164,-0.184256,-0.048448,1.05017,-0.285115,-0.311028,1.15193,-0.106651,0.224731,0.0695886,-0.0393604,-0.0771818,0.444993,-0.148144,0.108203,0.955279,-0.0461208,-0.0498025,1.38482,-0.215378,-0.01247,0.0595793,-0.027038,-0.198089,1.12774,-0.12708,-0.244733,1.07371,-0.13653,-0.159637,1.16631,-0.0180835
1211,12.0904,0.0242447,1.42404,-0.0425357,0.138273,0.212559,0.0831276,-0.0398828,0.94418,0.136657,0.071744,1.11316,0.273164,-0.183834,1.00837,0.112325,0.208558,0.224572,0.0192396,-0.188858,0.451524,0.115617,0.107387,0.960179,0.0174804,-0.0343575,1.40929,0.13772,0.0197944,0.0823188,0.0502713,-0.088216,1.04542,0.117642,-0.0936971,0.984907,0.155745,0.160139,0.104067,-0.0944455,-0.025614,0.943151,-0.18486,-0.0608645,1.05716,-0.282735,-0.312676,1.16981,-0.0956028,0.243618,0.0738167,-0.0393583,-0.0610288,0.446815,-0.146611,0.108989,0.960957,-0.0466725,-0.0535041,1.39149,-0.214495,0.00755099,0.0594814,-0.0269637,-0.20164,1.1411,-0.119921,-0.250811,1.08885,-0.127678,-0.1593,1.17194,-0.0165446
1212,12.1004,0.025651,1.42873,-0.0441302,0.116928,0.201881,0.0831133,-0.0389066,0.951106,0.1357,0.084245,1.12547,0.274921,-0.174001,1.01388,0.122454,0.187792,0.208564,0.0190797,-0.194969,0.4608,0.11589,0.108307,0.965901,0.0166253,-0.0301068,1.41551,0.136961,-0.0109006,0.0807396,0.0514665,-0.0789538,1.05267,0.124875,-0.0823342,0.992575,0.16399,0.177248,0.107603,-0.0945365,-0.0257106,0.94771,-0.185234,-0.0727797,1.06493,-0.280678,-0.31329,1.18698,-0.0847589,0.261558,0.0797103,-0.0395478,-0.0454698,0.449932,-0.144986,0.109629,0.967021,-0.0475326,-0.0573127,1.39871,-0.213261,0.0279031,0.0591439,-0.0270138,-0.204449,1.1546,-0.113715,-0.255753,1.10371,-0.118946,-0.159184,1.17801,-0.0144466
1213,12.1104,0.0263833,1.43409,-0.0454673,0.0940801,0.191548,0.0835206,-0.0381741,0.958678,0.134694,0.0962221,1.13791,0.276249,-0.164503,1.02013,0.132134,0.166115,0.193267,0.0204371,-0.199813,0.46984,0.116197,0.108962,0.972661,0.0157098,-0.0262186,1.42198,0.136217,-0.0411821,0.079041,0.0511045,-0.0701367,1.06059,0.131668,-0.0712993,1.00089,0.171507,0.192969,0.111986,-0.0949171,-0.0259769,0.952717,-0.185363,-0.0842113,1.07332,-0.278943,-0.313077,1.20316,-0.0741362,0.278469,0.087121,-0.0399497,-0.0307609,0.454195,-0.143503,0.109967,0.973315,-0.0485014,-0.0611535,1.4063,-0.211817,0.0487738,0.0584618,-0.0271591,-0.206546,1.16755,-0.107558,-0.259683,1.11794,-0.110355,-0.15886,1.18451,-0.011663
1214,12.1204,0.0262047,1.44017,-0.0463994,0.070141,0.181554,0.0846226,-0.0378141,0.966675,0.133853,0.107652,1.15031,0.277018,-0.155454,1.02689,0.1414,0.143567,0.177967,0.023043,-0.203343,0.478459,0.116473,0.109106,0.979952,0.0148083,-0.0227011,1.42855,0.135543,-0.071169,0.0775861,0.0490873,-0.0618338,1.0689,0.137888,-0.0606777,1.00954,0.178444,0.208082,0.117291,-0.0955,-0.0264049,0.958047,-0.185254,-0.0951772,1.08215,-0.27745,-0.312171,1.2181,-0.0637357,0.295134,0.0955737,-0.0406569,-0.0172225,0.459225,-0.142269,0.109866,0.979776,-0.0494108,-0.0647647,1.4141,-0.210178,0.068998,0.058472,-0.0269171,-0.208061,1.17986,-0.101436,-0.26265,1.13137,-0.101944,-0.158612,1.19135,-0.00816679
1215,12.1304,0.0254595,1.44669,-0.0468719,0.046303,0.170886,0.0862599,-0.0377318,0.974864,0.13323,0.118446,1.16254,0.277165,-0.146858,1.03391,0.150193,0.120383,0.161871,0.0255444,-0.205609,0.486504,0.116616,0.108778,0.987479,0.0139779,-0.0195924,1.43513,0.13495,-0.101587,0.0781346,0.0475199,-0.0540172,1.07733,0.143787,-0.0505963,1.01825,0.18496,0.222876,0.123271,-0.0962989,-0.0269914,0.963574,-0.184935,-0.105611,1.09127,-0.276113,-0.310692,1.23166,-0.0535826,0.311231,0.104725,-0.0411066,-0.00466992,0.464717,-0.141439,0.109282,0.986436,-0.0501532,-0.0680675,1.422,-0.208406,0.0891067,0.0582753,-0.026577,-0.209094,1.19145,-0.0955912,-0.264559,1.14391,-0.0937637,-0.158185,1.19862,-0.0041022
1216,12.1404,0.0245143,1.45317,-0.0469293,0.0227543,0.159888,0.0880736,-0.0376427,0.982859,0.132613,0.128553,1.17444,0.276713,-0.138725,1.04103,0.158524,0.0960403,0.145365,0.0273153,-0.206896,0.493896,0.116567,0.108131,0.995088,0.0133843,-0.016882,1.44162,0.134482,-0.132465,0.0814869,0.0473539,-0.0466338,1.08574,0.149297,-0.0412491,1.02687,0.190926,0.23664,0.129339,-0.0970404,-0.0277357,0.969178,-0.18442,-0.115396,1.10051,-0.274863,-0.308729,1.24374,-0.0437028,0.325946,0.114539,-0.0415636,0.00731336,0.470617,-0.140987,0.108419,0.99335,-0.0505769,-0.0711304,1.42991,-0.206553,0.109045,0.0578242,-0.0264912,-0.209718,1.20213,-0.0901652,-0.265659,1.15536,-0.0859982,-0.157608,1.20612,0.000430756
1217,12.1504,0.0238634,1.45944,-0.0468042,-0.00135709,0.149216,0.0898464,-0.0375694,0.990392,0.131835,0.137935,1.18591,0.275728,-0.131025,1.04819,0.16643,0.0702081,0.129056,0.0287206,-0.207254,0.500576,0.116373,0.107311,1.00267,0.013096,-0.0144423,1.44797,0.134159,-0.163065,0.0864497,0.0476367,-0.0397459,1.09395,0.154296,-0.032487,1.03537,0.196217,0.249297,0.135829,-0.0978272,-0.0286339,0.974746,-0.183711,-0.124344,1.10973,-0.27366,-0.306359,1.25423,-0.0341228,0.339612,0.125333,-0.0420479,0.0189292,0.476893,-0.140793,0.10742,1.00041,-0.0506984,-0.074022,1.43762,-0.204567,0.12887,0.0572887,-0.0268641,-0.210002,1.21176,-0.0850266,-0.266237,1.1655,-0.0787622,-0.156976,1.2135,0.00507016
1218,12.1604,0.0235678,1.46533,-0.0466991,-0.0264618,0.139551,0.0914431,-0.0378027,0.997289,0.13128,0.14657,1.19684,0.274309,-0.12383,1.05518,0.173769,0.0435909,0.114011,0.0303955,-0.206402,0.506439,0.116162,0.106403,1.01013,0.0130766,-0.0122671,1.45411,0.133917,-0.192652,0.0920139,0.0472891,-0.0333702,1.10184,0.15869,-0.024245,1.04373,0.200685,0.26115,0.142423,-0.0987206,-0.0296856,0.980209,-0.183079,-0.13228,1.1188,-0.272795,-0.30368,1.26302,-0.0248786,0.352024,0.136504,-0.0426048,0.0299927,0.483433,-0.140746,0.106318,1.00744,-0.0505714,-0.0766771,1.44491,-0.202354,0.148789,0.0564874,-0.0273555,-0.209992,1.22024,-0.0801507,-0.266416,1.17428,-0.0721057,-0.156359,1.22052,0.0092766
1219,12.1704,0.0234981,1.47073,-0.0466987,-0.0520999,0.131414,0.0927868,-0.0383176,1.0035,0.130986,0.154556,1.20706,0.27257,-0.117173,1.06187,0.180447,0.0167052,0.100769,0.0325595,-0.204239,0.51133,0.116073,0.105214,1.0173,0.0132708,-0.0104256,1.45987,0.133685,-0.220805,0.0978866,0.0458227,-0.0275083,1.10931,0.162523,-0.0166343,1.05161,0.204475,0.272198,0.149039,-0.0997164,-0.0309297,0.985446,-0.182452,-0.139221,1.12751,-0.272031,-0.30077,1.27006,-0.0159855,0.362992,0.147825,-0.0432819,0.0400724,0.489936,-0.140863,0.105044,1.01416,-0.0501258,-0.0791556,1.45178,-0.20001,0.167882,0.0560603,-0.0276748,-0.209751,1.22739,-0.0755538,-0.266254,1.18166,-0.0660562,-0.155785,1.22707,0.0124573
1220,12.1804,0.0235316,1.4756,-0.0468111,-0.0774131,0.124832,0.093868,-0.0392026,1.00887,0.130946,0.161989,1.21636,0.270605,-0.111079,1.0682,0.186434,-0.00991333,0.0892228,0.0349831,-0.200811,0.515027,0.116009,0.103187,1.024,0.0136414,-0.00883195,1.46518,0.133469,-0.247115,0.104376,0.0435874,-0.0221981,1.11625,0.165848,-0.00973292,1.05886,0.207659,0.282469,0.155737,-0.100817,-0.0323366,0.990403,-0.181766,-0.145298,1.13564,-0.271294,-0.297744,1.27528,-0.0074841,0.372705,0.159603,-0.0439711,0.0490236,0.496231,-0.141099,0.103132,1.02031,-0.0493709,-0.0814109,1.45815,-0.197607,0.185908,0.056198,-0.0279463,-0.209294,1.23312,-0.071246,-0.265782,1.18758,-0.0605833,-0.155405,1.23311,0.0142655
1221,12.1903,0.0236098,1.47989,-0.0469609,-0.10162,0.119707,0.0946973,-0.0401069,1.01336,0.130797,0.168707,1.22441,0.268228,-0.105639,1.07416,0.191762,-0.0356606,0.0791888,0.0370826,-0.196474,0.517448,0.115941,0.101171,1.03028,0.0140493,-0.0071648,1.46998,0.133283,-0.271209,0.11172,0.0409603,-0.0174653,1.12256,0.168757,-0.00364264,1.06541,0.210266,0.29203,0.162563,-0.102004,-0.0338741,0.995007,-0.181003,-0.150588,1.14296,-0.270617,-0.294669,1.27865,0.000581325,0.381324,0.171694,-0.0447912,0.0566869,0.502181,-0.141429,0.100954,1.02586,-0.0484628,-0.083381,1.46384,-0.195178,0.203188,0.0567857,-0.0282722,-0.208635,1.23741,-0.0670975,-0.265097,1.19194,-0.0555691,-0.15531,1.23866,0.0148468
1222,12.2003,0.0238962,1.48366,-0.0470804,-0.124272,0.115992,0.0952068,-0.0411123,1.01693,0.130698,0.174797,1.23102,0.265598,-0.100968,1.07962,0.19631,-0.0601643,0.0709281,0.0387266,-0.191559,0.518591,0.115699,0.0988405,1.03546,0.0144432,-0.00560938,1.47412,0.133099,-0.292837,0.120002,0.0383142,-0.0133213,1.12817,0.171215,0.00157832,1.07116,0.212349,0.30108,0.1695,-0.10337,-0.0355377,0.999152,-0.180107,-0.155166,1.14929,-0.270004,-0.29159,1.28016,0.0081997,0.389074,0.183892,-0.0458269,0.0627913,0.507584,-0.141821,0.0987435,1.03074,-0.0475188,-0.0850463,1.46875,-0.192759,0.219839,0.0577968,-0.0285947,-0.207763,1.24026,-0.0632486,-0.264232,1.19465,-0.051018,-0.155398,1.24367,0.0145865
1223,12.2103,0.024172,1.48672,-0.0470615,-0.145202,0.113521,0.0953313,-0.0422798,1.0196,0.130765,0.180343,1.23607,0.262939,-0.0971736,1.08457,0.200155,-0.0826329,0.0647058,0.0398487,-0.186399,0.518657,0.115227,0.0971466,1.03952,0.0149762,-0.00411695,1.47745,0.132874,-0.311777,0.128774,0.035736,-0.00991466,1.13301,0.172936,0.00588983,1.07599,0.21395,0.309565,0.176181,-0.104767,-0.0372933,1.00274,-0.179078,-0.159057,1.1545,-0.269449,-0.288562,1.27979,0.0153708,0.396033,0.195954,-0.0470096,0.0671114,0.512051,-0.142286,0.0966074,1.03484,-0.0465791,-0.0864256,1.47276,-0.1904,0.235781,0.0593114,-0.028792,-0.206743,1.24162,-0.0596599,-0.263188,1.19571,-0.0469384,-0.155606,1.24815,0.0139375
1224,12.2203,0.024339,1.48898,-0.0468227,-0.163564,0.112128,0.0951734,-0.0437931,1.02135,0.131288,0.185337,1.23946,0.260396,-0.0942935,1.0888,0.203198,-0.10263,0.0601801,0.0403167,-0.181328,0.517969,0.114696,0.0949885,1.04198,0.0156783,-0.00256602,1.47986,0.132618,-0.327722,0.137296,0.0331874,-0.00716497,1.13687,0.174121,0.0092292,1.07982,0.215121,0.317597,0.182431,-0.106072,-0.0391197,1.00563,-0.177926,-0.162236,1.1585,-0.268985,-0.28566,1.27748,0.0219936,0.402242,0.207832,-0.0482933,0.0695548,0.515195,-0.142782,0.0945963,1.03829,-0.0457038,-0.087528,1.4758,-0.188137,0.251248,0.0611993,-0.0291237,-0.205665,1.2414,-0.0563165,-0.261983,1.1951,-0.0433269,-0.156355,1.25212,0.0134524
1225,12.2303,0.0244593,1.4904,-0.0463315,-0.178601,0.111562,0.0946341,-0.045311,1.02207,0.131993,0.189677,1.24111,0.258001,-0.0922626,1.09228,0.205482,-0.11935,0.0569526,0.040034,-0.176734,0.516821,0.114174,0.0935803,1.04375,0.0164918,-0.000904096,1.48131,0.132388,-0.340301,0.144958,0.0304,-0.00511544,1.13962,0.17516,0.0114715,1.08259,0.215897,0.325397,0.188384,-0.107293,-0.0409634,1.00767,-0.176704,-0.164661,1.16124,-0.268615,-0.28281,1.27315,0.0278502,0.407707,0.219569,-0.0496118,0.0702649,0.516768,-0.143292,0.0926404,1.04115,-0.0448827,-0.0883382,1.47781,-0.185997,0.26633,0.0632163,-0.029723,-0.204687,1.23963,-0.0532521,-0.260629,1.19277,-0.0402499,-0.157374,1.25549,0.0136575
1226,12.2403,0.0245641,1.49096,-0.045605,-0.19018,0.110956,0.0929399,-0.04652,1.02177,0.132619,0.193258,1.24101,0.255775,-0.0913138,1.09488,0.207139,-0.131869,0.0547015,0.0391131,-0.173132,0.5153,0.113547,0.0929919,1.04495,0.0173703,0.000858486,1.48179,0.132224,-0.349296,0.151133,0.0273837,-0.00398013,1.14133,0.176248,0.0126124,1.0841,0.216269,0.332935,0.194556,-0.108577,-0.0427556,1.00883,-0.175468,-0.166271,1.16269,-0.268373,-0.28015,1.26691,0.0329841,0.41253,0.231144,-0.05096,0.0694108,0.51674,-0.1439,0.0906986,1.04329,-0.0440621,-0.0888526,1.47878,-0.184063,0.280576,0.0657092,-0.0301518,-0.203891,1.23625,-0.0505461,-0.259143,1.18867,-0.0378556,-0.158356,1.2583,0.0145851
1227,12.2503,0.0246763,1.49063,-0.0447471,-0.197536,0.110187,0.0913086,-0.0475373,1.02048,0.133556,0.19598,1.23918,0.253735,-0.0915113,1.09651,0.208184,-0.140102,0.0525881,0.0376202,-0.170879,0.513517,0.112844,0.0919706,1.04494,0.0182934,0.00275926,1.48127,0.13219,-0.354762,0.155155,0.0243643,-0.00375399,1.14191,0.176714,0.0126082,1.08431,0.216208,0.339914,0.200906,-0.109921,-0.0444223,1.00902,-0.174231,-0.16699,1.16283,-0.268312,-0.277639,1.25889,0.0374756,0.416553,0.242548,-0.0524631,0.067032,0.515199,-0.144654,0.0888466,1.04455,-0.0432887,-0.0891345,1.47874,-0.182445,0.294106,0.0683318,-0.0309111,-0.202771,1.23113,-0.0481825,-0.257509,1.18284,-0.0360843,-0.159128,1.26009,0.0158461
1228,12.2603,0.0248636,1.48937,-0.0438129,-0.201387,0.108054,0.0891223,-0.0480254,1.01822,0.134495,0.197728,1.23555,0.251894,-0.0928115,1.09715,0.208596,-0.144063,0.0501542,0.0357753,-0.16996,0.511596,0.112227,0.0907925,1.04368,0.0192834,0.00485724,1.47965,0.132346,-0.356823,0.156471,0.021451,-0.00445401,1.14136,0.176528,0.0113225,1.08341,0.215717,0.346132,0.207171,-0.11133,-0.0459337,1.00826,-0.173001,-0.166809,1.16166,-0.268426,-0.275472,1.24899,0.0412162,0.4194,0.253624,-0.0541084,0.0632375,0.512335,-0.145527,0.0871558,1.04482,-0.0425774,-0.0892453,1.4777,-0.181219,0.306777,0.0715036,-0.0317888,-0.201363,1.22443,-0.0464133,-0.255741,1.1753,-0.0349257,-0.159566,1.26056,0.0176361
1229,12.2703,0.0250748,1.48716,-0.0428406,-0.20158,0.104895,0.0869337,-0.0480241,1.01505,0.13542,0.19837,1.23007,0.250308,-0.0951197,1.09688,0.20837,-0.143399,0.0481632,0.033844,-0.169934,0.50931,0.111778,0.0899471,1.04129,0.0202278,0.00709982,1.47692,0.132734,-0.35571,0.154755,0.0185373,-0.00609326,1.13975,0.175926,0.00875261,1.08149,0.214738,0.35156,0.213143,-0.112791,-0.0472702,1.00651,-0.171837,-0.165726,1.15919,-0.268711,-0.273706,1.23723,0.0441426,0.420665,0.264364,-0.0559743,0.0582585,0.508381,-0.146512,0.0855838,1.04391,-0.0418841,-0.0892907,1.4756,-0.180387,0.318176,0.0751113,-0.03289,-0.200342,1.21635,-0.045332,-0.253795,1.16607,-0.0343997,-0.159865,1.25915,0.0200113
1230,12.2803,0.0252829,1.48398,-0.0418553,-0.197718,0.101165,0.0849308,-0.047687,1.01103,0.136391,0.197902,1.22291,0.249197,-0.0983822,1.09581,0.207565,-0.137469,0.0482249,0.0320886,-0.170283,0.506081,0.111396,0.0895365,1.03779,0.0210666,0.0092792,1.47314,0.133446,-0.351458,0.149134,0.0151248,-0.00870154,1.13721,0.175066,0.00508684,1.07837,0.213208,0.356243,0.218925,-0.114244,-0.048398,1.00378,-0.170773,-0.163735,1.15548,-0.269171,-0.272303,1.22367,0.0462844,0.420184,0.274738,-0.0581766,0.0522384,0.503511,-0.147697,0.0842039,1.04157,-0.041222,-0.0893711,1.47241,-0.179822,0.327792,0.0776653,-0.034631,-0.19939,1.20666,-0.0442655,-0.251662,1.15521,-0.0344614,-0.160053,1.25585,0.0226654
1231,12.2903,0.0255468,1.47983,-0.040873,-0.188879,0.0974095,0.0834311,-0.0470515,1.00619,0.137553,0.196376,1.21413,0.248384,-0.102548,1.09402,0.206149,-0.126432,0.0497012,0.0302937,-0.170858,0.501622,0.11117,0.0895267,1.03311,0.0216799,0.0114238,1.46816,0.134455,-0.344107,0.138769,0.0111487,-0.0122428,1.13387,0.173921,0.000510742,1.07422,0.211387,0.359962,0.224445,-0.115924,-0.0493185,1.00004,-0.169806,-0.160845,1.1506,-0.269803,-0.271183,1.2084,0.0476309,0.418402,0.284434,-0.0605885,0.0452581,0.497724,-0.149156,0.0832597,1.03761,-0.0406388,-0.0895569,1.46809,-0.179331,0.335631,0.0780245,-0.0367032,-0.198377,1.19539,-0.0432933,-0.249307,1.14279,-0.0351765,-0.1602,1.2508,0.0252431
1232,12.3003,0.0259058,1.47469,-0.0398854,-0.175925,0.0940476,0.0824155,-0.0460996,1.0007,0.138982,0.193872,1.20375,0.247827,-0.107694,1.09143,0.204066,-0.111848,0.0513376,0.0282401,-0.171372,0.496302,0.111106,0.0898195,1.02717,0.021999,0.0134577,1.46192,0.135745,-0.333847,0.124382,0.00740435,-0.0165126,1.12948,0.172209,-0.00514745,1.06928,0.209232,0.36253,0.229373,-0.117819,-0.0500778,0.995268,-0.168916,-0.15703,1.14464,-0.270545,-0.270374,1.19143,0.0481598,0.416021,0.292669,-0.062739,0.03743,0.490975,-0.150854,0.0830315,1.03193,-0.0402459,-0.0898957,1.46268,-0.178721,0.342671,0.076379,-0.0390326,-0.196903,1.18264,-0.0427836,-0.246721,1.12891,-0.0365462,-0.160298,1.24425,0.0276038
1233,12.3103,0.0262889,1.46851,-0.0389091,-0.161765,0.0907795,0.0807987,-0.0446787,0.994888,0.140368,0.190427,1.19185,0.247568,-0.113697,1.08835,0.201487,-0.0960872,0.0528637,0.0264228,-0.171777,0.490716,0.111095,0.0904146,1.02004,0.0219348,0.0152793,1.45438,0.137308,-0.322173,0.108663,0.00482804,-0.0214205,1.12412,0.17014,-0.0118688,1.06351,0.206563,0.364104,0.233354,-0.119841,-0.0507338,0.989493,-0.168155,-0.15234,1.13776,-0.271351,-0.269755,1.1729,0.0478082,0.413439,0.298814,-0.0642846,0.028845,0.483355,-0.152583,0.0835991,1.02459,-0.0402331,-0.0903263,1.45628,-0.177866,0.349851,0.074973,-0.0414296,-0.195122,1.16856,-0.0428545,-0.24388,1.11365,-0.0386196,-0.160165,1.23645,0.0296914
1234,12.3202,0.0267348,1.46133,-0.0379439,-0.147949,0.0884983,0.0784472,-0.0427109,0.988829,0.141557,0.18605,1.17853,0.247608,-0.120447,1.08479,0.198251,-0.0801778,0.0548705,0.0251033,-0.172473,0.484902,0.111222,0.091505,1.01193,0.0215171,0.0167389,1.44566,0.139153,-0.310219,0.0936199,0.00326729,-0.026975,1.11804,0.167799,-0.0194998,1.05701,0.203431,0.364762,0.236747,-0.121881,-0.0513068,0.982696,-0.167638,-0.146865,1.1301,-0.272244,-0.269247,1.15294,0.0465091,0.41069,0.303732,-0.0652417,0.0196485,0.475015,-0.154196,0.0847778,1.01603,-0.0406068,-0.0907556,1.44908,-0.176735,0.35578,0.0761141,-0.0442092,-0.193516,1.15333,-0.0434526,-0.240757,1.09714,-0.0413958,-0.159525,1.22762,0.0314058
1235,12.3302,0.0275067,1.45343,-0.0368111,-0.133504,0.0881257,0.0762684,-0.0402399,0.982522,0.142883,0.180729,1.16395,0.247888,-0.127909,1.08093,0.194404,-0.063356,0.0571259,0.0244272,-0.174294,0.478912,0.111846,0.0934623,1.00309,0.0209803,0.0177701,1.43589,0.141397,-0.297776,0.080673,0.00205487,-0.0331985,1.11158,0.165267,-0.0279901,1.04998,0.199824,0.363995,0.240565,-0.123992,-0.0517377,0.974945,-0.16753,-0.140656,1.1218,-0.273246,-0.268832,1.13173,0.0441623,0.40751,0.308644,-0.066234,0.0100344,0.46623,-0.155209,0.0864554,1.00666,-0.0412232,-0.0910608,1.4415,-0.175512,0.358247,0.0794594,-0.0478843,-0.191993,1.13708,-0.0446799,-0.237305,1.07958,-0.0449366,-0.158664,1.21855,0.0327883
1236,12.3402,0.029157,1.44566,-0.0351452,-0.117602,0.0888495,0.0745292,-0.036968,0.976047,0.144326,0.174341,1.14833,0.248327,-0.136052,1.07702,0.190106,-0.0452172,0.0590419,0.0243417,-0.178165,0.474245,0.11277,0.0964827,0.99347,0.0204629,0.0183075,1.42561,0.144368,-0.282798,0.0718707,0.000502107,-0.0401257,1.10505,0.162549,-0.0373414,1.04258,0.195548,0.361054,0.245061,-0.126196,-0.051761,0.966456,-0.167822,-0.133552,1.11304,-0.274264,-0.268426,1.10951,0.0406421,0.40348,0.313567,-0.0677983,9.55026e-05,0.457316,-0.155125,0.088761,0.996667,-0.0420474,-0.0910557,1.43404,-0.174624,0.356252,0.0840975,-0.0518282,-0.190281,1.12002,-0.0465066,-0.233476,1.06132,-0.0492836,-0.157656,1.20943,0.0338005
1237,12.3502,0.0318157,1.43892,-0.032717,-0.0998779,0.0899458,0.0730097,-0.0331357,0.96957,0.145621,0.166787,1.13193,0.248802,-0.144766,1.07309,0.185227,-0.0264598,0.0601091,0.0241269,-0.183489,0.472412,0.113836,0.100298,0.982937,0.0194459,0.0185737,1.41581,0.14833,-0.264867,0.0682799,-0.000536709,-0.0476027,1.09823,0.159173,-0.0475666,1.03492,0.190514,0.355701,0.249647,-0.128331,-0.0511909,0.957548,-0.168456,-0.125327,1.10408,-0.275261,-0.267771,1.08667,0.0357756,0.398739,0.318059,-0.0697825,-0.0105198,0.448736,-0.15405,0.0918211,0.985847,-0.0433834,-0.0904473,1.427,-0.174482,0.35055,0.0890105,-0.0553653,-0.188169,1.10239,-0.0489774,-0.229158,1.04268,-0.0545118,-0.156462,1.20017,0.0343989
1238,12.3602,0.0342424,1.43304,-0.0299001,-0.0814973,0.0906088,0.0718762,-0.0288303,0.963558,0.14653,0.157948,1.11513,0.249154,-0.153998,1.0693,0.179704,-0.0075721,0.0607048,0.0237984,-0.187782,0.471513,0.115463,0.104477,0.97213,0.0167545,0.0193055,1.407,0.152829,-0.245992,0.0669159,-0.000843502,-0.0558172,1.09133,0.155039,-0.0585508,1.02743,0.18495,0.348142,0.253775,-0.130209,-0.050249,0.948557,-0.169224,-0.115945,1.09541,-0.27624,-0.266969,1.06358,0.0290016,0.393275,0.321692,-0.0720307,-0.0224442,0.441368,-0.152873,0.0954521,0.97403,-0.0462459,-0.0890627,1.42032,-0.175082,0.342074,0.0934269,-0.0581287,-0.18534,1.0845,-0.0521909,-0.224108,1.02389,-0.0609044,-0.155028,1.19074,0.0345003
1239,12.3702,0.0348308,1.42788,-0.027063,-0.0631404,0.0907427,0.0711784,-0.0240233,0.958463,0.147024,0.147684,1.09844,0.249273,-0.163768,1.066,0.173613,0.01182,0.0614778,0.0237935,-0.188737,0.468543,0.118072,0.108729,0.962355,0.0120249,0.0203718,1.39874,0.15724,-0.227259,0.0655565,-0.000920656,-0.0646775,1.08494,0.150204,-0.0702113,1.02048,0.178918,0.338741,0.257193,-0.13186,-0.049155,0.940117,-0.169914,-0.10566,1.08756,-0.277179,-0.266055,1.0409,0.0202329,0.386679,0.324257,-0.0743112,-0.0359177,0.436032,-0.152302,0.0992353,0.962029,-0.0514396,-0.0873997,1.41384,-0.175759,0.331297,0.0969232,-0.0602937,-0.181485,1.06661,-0.0561673,-0.218139,1.00529,-0.0685091,-0.153315,1.18132,0.0340817
1240,12.3802,0.0332182,1.42362,-0.0245058,-0.0443377,0.0907747,0.0706512,-0.0193228,0.954232,0.14739,0.135949,1.08254,0.249168,-0.173962,1.06346,0.166767,0.0315478,0.0623781,0.0238783,-0.186222,0.462988,0.120995,0.112348,0.954204,0.00699041,0.0206599,1.39096,0.161187,-0.208252,0.0647276,-0.000800601,-0.0739641,1.07946,0.145332,-0.0824649,1.01445,0.172514,0.327804,0.259742,-0.133379,-0.0462374,0.93358,-0.171135,-0.0945683,1.08098,-0.278224,-0.264473,1.01942,0.00956647,0.378552,0.325731,-0.0764664,-0.0500505,0.43213,-0.151988,0.103041,0.951582,-0.0573047,-0.0862963,1.40753,-0.175755,0.318732,0.0992666,-0.062707,-0.176438,1.04909,-0.0609056,-0.211095,0.987386,-0.0772529,-0.151288,1.17242,0.033091
1241,12.3902,0.0308501,1.42047,-0.0223408,-0.0249751,0.0911729,0.0704075,-0.0152513,0.950507,0.147892,0.122743,1.06799,0.248488,-0.184475,1.06208,0.159294,0.0513696,0.0632744,0.023924,-0.181517,0.456479,0.123445,0.114925,0.948029,0.00386113,0.0193607,1.38429,0.164279,-0.188888,0.0642006,-0.000901408,-0.0836943,1.0749,0.140195,-0.0951972,1.00973,0.165843,0.315592,0.261404,-0.13487,-0.0373471,0.93081,-0.174574,-0.0826331,1.07587,-0.279548,-0.261946,0.999562,-0.00290356,0.368923,0.326102,-0.0783223,-0.064297,0.428317,-0.151343,0.106433,0.943905,-0.0606336,-0.0858642,1.40161,-0.174924,0.304516,0.100952,-0.0656487,-0.170271,1.03263,-0.0664721,-0.202979,0.97094,-0.0868953,-0.148961,1.16467,0.0314904
1242,12.4002,0.0296997,1.41825,-0.0202931,-0.00549935,0.0916191,0.0702838,-0.0120001,0.947154,0.148187,0.108592,1.05534,0.247584,-0.195075,1.06212,0.151038,0.0708833,0.0634932,0.0236189,-0.174717,0.449985,0.12539,0.11701,0.944152,0.00295268,0.0168125,1.379,0.166276,-0.169257,0.0638961,-0.0012226,-0.0935091,1.0717,0.134458,-0.10816,1.00663,0.158712,0.302379,0.262109,-0.136324,-0.0259303,0.930412,-0.178841,-0.0697439,1.07206,-0.28132,-0.258129,0.981785,-0.0167126,0.358119,0.325208,-0.0797738,-0.0785729,0.424903,-0.150314,0.109096,0.939326,-0.0608885,-0.0852128,1.39639,-0.173939,0.288152,0.101683,-0.0687181,-0.163226,1.01817,-0.0730408,-0.193911,0.95663,-0.0974709,-0.146472,1.1585,0.029294
1243,12.4102,0.0306052,1.41584,-0.0183896,0.0139095,0.0920459,0.0699745,-0.00952548,0.944332,0.148164,0.0938752,1.04448,0.2466,-0.205512,1.06381,0.141991,0.0903977,0.063833,0.0233212,-0.165666,0.443585,0.126846,0.119213,0.942359,0.00314067,0.0138324,1.3748,0.167598,-0.14961,0.0636049,-0.00124106,-0.103118,1.07012,0.127795,-0.121,1.00535,0.150999,0.288331,0.261876,-0.137669,-0.0352245,0.923629,-0.174902,-0.0558169,1.06938,-0.283744,-0.252705,0.966534,-0.031116,0.346561,0.322868,-0.0807414,-0.0927196,0.42309,-0.149286,0.111296,0.937125,-0.0602509,-0.0834211,1.39217,-0.173461,0.269644,0.10132,-0.071867,-0.155483,1.0063,-0.0807267,-0.184064,0.945035,-0.108909,-0.144052,1.15398,0.0265971
1244,12.4202,0.0328805,1.41265,-0.0168229,0.0333393,0.0925448,0.0693998,-0.00763693,0.942133,0.147981,0.0788606,1.03535,0.245508,-0.215552,1.06737,0.132301,0.109857,0.0643917,0.0231782,-0.155427,0.437711,0.12733,0.121405,0.941958,0.00392599,0.0110895,1.37148,0.169144,-0.129983,0.0633588,-0.000981768,-0.11272,1.07044,0.121029,-0.133414,1.00595,0.1426,0.273552,0.260729,-0.138752,-0.0405874,0.919624,-0.171691,-0.0409641,1.06806,-0.286898,-0.245577,0.954323,-0.0454635,0.334519,0.318962,-0.0811615,-0.106532,0.42322,-0.148403,0.113384,0.936031,-0.0594627,-0.0804274,1.38911,-0.173613,0.249146,0.100294,-0.075344,-0.147037,0.99715,-0.0894136,-0.173574,0.936493,-0.121006,-0.142018,1.151,0.0236534
1245,12.4302,0.0355339,1.40961,-0.0155723,0.0527129,0.0930698,0.0689329,-0.00599688,0.94047,0.147761,0.0636822,1.02804,0.244345,-0.225021,1.07296,0.12221,0.129403,0.0650406,0.0230578,-0.144804,0.433002,0.126762,0.123251,0.942283,0.00516009,0.00909234,1.36903,0.171162,-0.110385,0.0631816,-0.000985856,-0.122204,1.07261,0.114423,-0.145483,1.0085,0.133814,0.258117,0.25866,-0.139486,-0.0389818,0.919391,-0.170897,-0.0255779,1.06862,-0.290449,-0.237111,0.945227,-0.0594512,0.322145,0.313372,-0.081033,-0.119847,0.425167,-0.147648,0.115357,0.935124,-0.0582304,-0.076727,1.38722,-0.174145,0.226728,0.0988957,-0.0789758,-0.138042,0.99085,-0.0989313,-0.162525,0.931024,-0.133412,-0.140447,1.14942,0.0207377
1246,12.4402,0.0377774,1.4082,-0.0143706,0.0720724,0.0936551,0.0686158,-0.00439257,0.939424,0.147614,0.0484808,1.02281,0.243202,-0.233615,1.08057,0.111767,0.149118,0.065737,0.0224456,-0.133742,0.429394,0.126108,0.124571,0.942844,0.00639967,0.00749985,1.36775,0.172986,-0.0907011,0.0630646,-0.0012547,-0.130927,1.07673,0.107619,-0.15701,1.01304,0.124733,0.242096,0.255635,-0.139765,-0.0354475,0.920667,-0.170976,-0.00999367,1.0713,-0.294277,-0.227676,0.939035,-0.0730515,0.309516,0.305977,-0.08052,-0.132539,0.428797,-0.147109,0.117356,0.934459,-0.0569368,-0.0727292,1.3865,-0.174733,0.202515,0.0972278,-0.0825738,-0.12817,0.987418,-0.108713,-0.150829,0.928342,-0.145679,-0.139213,1.14904,0.0179401
1247,12.4501,0.0387471,1.40866,-0.0128765,0.0914627,0.0943471,0.0684081,-0.00275882,0.939176,0.147741,0.0333285,1.01987,0.241958,-0.241243,1.0902,0.101227,0.168748,0.0664106,0.0218207,-0.121645,0.426658,0.12593,0.126008,0.943813,0.00719265,0.00565177,1.36793,0.174249,-0.0710239,0.0629392,-0.00144416,-0.138768,1.08281,0.100754,-0.167743,1.01962,0.115502,0.225505,0.251595,-0.139651,-0.0324996,0.922271,-0.171088,0.00543236,1.07602,-0.298251,-0.217392,0.935516,-0.0864833,0.296479,0.296689,-0.0797277,-0.144363,0.433936,-0.146672,0.119762,0.934724,-0.056237,-0.0686852,1.38698,-0.175207,0.176726,0.0950019,-0.08564,-0.11812,0.986493,-0.118702,-0.138408,0.927985,-0.157425,-0.138116,1.14984,0.0155047
1248,12.4601,0.0384216,1.41063,-0.0109451,0.110886,0.0951453,0.0682266,-0.00108986,0.939626,0.147939,0.0183015,1.01921,0.240765,-0.247784,1.10167,0.0907129,0.188543,0.0674083,0.0220459,-0.108145,0.4247,0.12594,0.127796,0.945392,0.00747221,0.00331604,1.36952,0.175196,-0.0512601,0.0628707,-0.00142603,-0.145814,1.09064,0.0940366,-0.177619,1.02829,0.106523,0.20825,0.246447,-0.139332,-0.0301385,0.924397,-0.171095,0.0203335,1.08264,-0.302179,-0.206559,0.934165,-0.0997578,0.282563,0.285386,-0.0786596,-0.155189,0.440307,-0.146212,0.122128,0.936111,-0.0562201,-0.0647282,1.38868,-0.175547,0.149645,0.092317,-0.0882314,-0.108192,0.988106,-0.12866,-0.125324,0.929557,-0.16843,-0.137072,1.15167,0.0135777
1249,12.4701,0.0376027,1.4135,-0.00879978,0.130346,0.0961025,0.0680331,0.00065597,0.940728,0.148145,0.00364465,1.02076,0.239574,-0.253241,1.11472,0.0803459,0.208519,0.068972,0.0223441,-0.0935414,0.423421,0.125421,0.12987,0.947554,0.00724686,0.000337013,1.37237,0.176066,-0.031435,0.0629016,-0.00130566,-0.152096,1.09995,0.0876459,-0.186573,1.03854,0.0978014,0.190258,0.240141,-0.139005,-0.0278188,0.927596,-0.170934,0.03477,1.09106,-0.30582,-0.195516,0.93461,-0.112761,0.267605,0.272505,-0.0775276,-0.164937,0.447714,-0.145786,0.123971,0.938508,-0.0566121,-0.0607514,1.39159,-0.175779,0.121519,0.0895007,-0.0906714,-0.0986589,0.992027,-0.138481,-0.111756,0.932769,-0.178587,-0.136792,1.1544,0.0120969
1250,12.4801,0.0372177,1.41677,-0.00686304,0.14957,0.0974739,0.0680057,0.00244348,0.942426,0.148383,-0.0105743,1.0243,0.238127,-0.257626,1.12897,0.0702694,0.228114,0.070974,0.0224011,-0.0780743,0.422702,0.123994,0.131799,0.950238,0.00655015,-0.00338652,1.37644,0.176771,-0.0116306,0.0629533,-0.00148523,-0.157474,1.11039,0.0815254,-0.194599,1.04994,0.0894181,0.171665,0.232849,-0.138642,-0.0258712,0.931615,-0.170628,0.0485256,1.10086,-0.309052,-0.184428,0.936664,-0.125301,0.251425,0.258316,-0.0763633,-0.173756,0.456022,-0.145559,0.125377,0.942018,-0.0571994,-0.0565385,1.39558,-0.175982,0.0926811,0.0866174,-0.0928743,-0.0885391,0.997203,-0.147574,-0.0979217,0.937446,-0.18788,-0.137007,1.15777,0.0108699
1251,12.4901,0.037761,1.42036,-0.00544389,0.168477,0.099329,0.0681038,0.0041036,0.944691,0.148638,-0.0241821,1.02956,0.236339,-0.260964,1.14398,0.0605956,0.247202,0.0737096,0.0223717,-0.0619473,0.422806,0.122042,0.133327,0.953673,0.00570254,-0.00767966,1.38162,0.177229,0.0080496,0.0630043,-0.00191229,-0.161672,1.12147,0.0750491,-0.20176,1.06241,0.081622,0.152598,0.22445,-0.138208,-0.023504,0.936508,-0.169937,0.0618087,1.11149,-0.311627,-0.173402,0.940244,-0.137213,0.233872,0.243035,-0.0751555,-0.181492,0.465002,-0.145418,0.126479,0.94674,-0.0578141,-0.0520364,1.40043,-0.176167,0.0630726,0.083851,-0.0948863,-0.0782347,1.00346,-0.15602,-0.0845305,0.943489,-0.196761,-0.137006,1.16161,0.00968751
1252,12.5001,0.0389274,1.4243,-0.00436444,0.186748,0.101842,0.068447,0.00547355,0.947554,0.148833,-0.0367712,1.03627,0.234685,-0.26337,1.15934,0.0514104,0.265852,0.0774682,0.0224709,-0.0456843,0.424163,0.120096,0.134426,0.958283,0.00506021,-0.0122156,1.38769,0.177412,0.0275564,0.0631862,-0.00216763,-0.16536,1.13329,0.069272,-0.208088,1.07564,0.0744513,0.132831,0.215114,-0.13775,-0.0214707,0.942364,-0.169021,0.074603,1.12269,-0.313426,-0.162615,0.945219,-0.148384,0.214876,0.227043,-0.0739592,-0.18805,0.474358,-0.145359,0.127306,0.952426,-0.0584227,-0.0474233,1.40592,-0.176282,0.0326021,0.0812478,-0.0962641,-0.0681785,1.01077,-0.163946,-0.0718837,0.950875,-0.205154,-0.13726,1.16585,0.00823134
1253,12.5101,0.0400345,1.42873,-0.00333723,0.204164,0.10525,0.0690041,0.00644833,0.950994,0.148898,-0.0483799,1.04428,0.233146,-0.264959,1.17465,0.0427146,0.284246,0.0827546,0.0229911,-0.0298621,0.426881,0.11839,0.135233,0.964153,0.00472468,-0.0166791,1.39451,0.17726,0.0470161,0.0634531,-0.00218314,-0.168585,1.14553,0.06417,-0.213395,1.08935,0.0677809,0.11214,0.205206,-0.137383,-0.0221554,0.94822,-0.168477,0.0869432,1.13447,-0.314904,-0.152244,0.951336,-0.15879,0.194601,0.210745,-0.0728917,-0.193287,0.483834,-0.145355,0.127924,0.958768,-0.0589442,-0.0429885,1.41184,-0.176291,0.00174192,0.0793598,-0.0973927,-0.0585315,1.01891,-0.171349,-0.0601874,0.959358,-0.213018,-0.13766,1.17096,0.00617945
1254,12.5201,0.0404926,1.4338,-0.0023024,0.220943,0.109651,0.0695013,0.00689444,0.954937,0.148833,-0.0590316,1.05323,0.231675,-0.265825,1.18961,0.034537,0.301754,0.0890371,0.0235275,-0.0148466,0.430627,0.116994,0.135593,0.970936,0.00461054,-0.0209522,1.40193,0.176687,0.0667439,0.0635022,-0.00207938,-0.171198,1.15765,0.059029,-0.217611,1.10296,0.061352,0.0905187,0.195051,-0.137151,-0.0236041,0.95406,-0.168006,0.0985863,1.14684,-0.316364,-0.142411,0.958361,-0.168451,0.173205,0.194246,-0.0722614,-0.197182,0.493181,-0.14541,0.128307,0.965575,-0.0592244,-0.0389809,1.41809,-0.176251,-0.029501,0.0781265,-0.0980076,-0.0493305,1.02763,-0.178205,-0.0493212,0.968609,-0.220542,-0.138244,1.17705,0.00339805
1255,12.5301,0.0401627,1.43946,-0.0013645,0.236808,0.114541,0.0701813,0.0067521,0.959362,0.148689,-0.0687767,1.06265,0.230259,-0.266112,1.20402,0.0268913,0.318384,0.0964493,0.0240351,-0.00067104,0.435079,0.115822,0.135149,0.978277,0.00474702,-0.0250477,1.40977,0.175736,0.0868431,0.0631829,-0.00228747,-0.17338,1.17004,0.0547582,-0.221012,1.11611,0.0551688,0.0678531,0.184776,-0.136844,-0.0219382,0.961358,-0.168307,0.109605,1.15933,-0.317296,-0.133167,0.966014,-0.177443,0.150571,0.177801,-0.0720124,-0.199745,0.502135,-0.145626,0.128377,0.972693,-0.0593003,-0.0355502,1.42453,-0.176268,-0.0611386,0.0778154,-0.0979693,-0.0406638,1.03669,-0.184481,-0.0391244,0.978206,-0.227536,-0.138982,1.18386,-0.000103868
1256,12.5401,0.0393468,1.4455,-0.000621737,0.251744,0.119956,0.0709016,0.00603684,0.964236,0.148487,-0.0776925,1.07227,0.228949,-0.266089,1.21768,0.019694,0.334317,0.105059,0.0245196,0.0128708,0.440116,0.114812,0.1338,0.986013,0.00499373,-0.0289448,1.4178,0.174563,0.10694,0.0629827,-0.00244401,-0.175106,1.18217,0.0507436,-0.223651,1.12876,0.0493272,0.0442888,0.174457,-0.136445,-0.0160263,0.971533,-0.17056,0.119913,1.17166,-0.317605,-0.124541,0.974006,-0.185857,0.126441,0.161254,-0.072239,-0.200881,0.510474,-0.146025,0.128205,0.97996,-0.0592185,-0.0327107,1.43107,-0.176414,-0.0928847,0.0782965,-0.0968236,-0.0326321,1.04589,-0.190202,-0.0294605,0.987916,-0.233759,-0.139728,1.19095,-0.004181
1257,12.5501,0.0384591,1.45163,-0.000205018,0.265761,0.12595,0.0714452,0.00486326,0.969429,0.148008,-0.085866,1.08193,0.227795,-0.265765,1.23051,0.012929,0.349215,0.114486,0.0247828,0.0261839,0.445844,0.113756,0.131886,0.993935,0.00514277,-0.0327586,1.42589,0.173091,0.126888,0.0628761,-0.00225982,-0.176,1.19323,0.0463559,-0.225554,1.14084,0.0438114,0.0198772,0.164413,-0.136428,-0.0125341,0.981093,-0.17176,0.129444,1.18372,-0.317417,-0.116519,0.982083,-0.19377,0.100647,0.144382,-0.0730148,-0.20065,0.518049,-0.146513,0.12778,0.987303,-0.0589668,-0.0302499,1.43757,-0.17671,-0.124199,0.0798422,-0.0947812,-0.0252057,1.05504,-0.195371,-0.0202825,0.997566,-0.239112,-0.140035,1.19818,-0.00836346
1258,12.5601,0.037755,1.45764,-0.000165557,0.278887,0.132395,0.0717508,0.00342387,0.974778,0.147205,-0.093376,1.09145,0.226792,-0.264889,1.24233,0.00659168,0.362909,0.124554,0.0247497,0.0388331,0.452177,0.112997,0.129721,1.00173,0.00526388,-0.0365471,1.43399,0.171347,0.146663,0.0627483,-0.00186098,-0.17659,1.20373,0.0423331,-0.226792,1.1521,0.0385429,-0.00523118,0.154861,-0.137089,-0.0130659,0.9884,-0.171269,0.138141,1.19536,-0.3168,-0.109111,0.99005,-0.201201,0.0742757,0.128468,-0.0746266,-0.199187,0.524729,-0.146855,0.126967,0.994726,-0.0585475,-0.0280931,1.44389,-0.177116,-0.154936,0.0829242,-0.0925157,-0.0183779,1.06399,-0.199994,-0.0117411,1.00687,-0.24389,-0.140099,1.20542,-0.0123318
1259,12.57,0.0372416,1.46332,-0.000453567,0.291071,0.1391,0.0717866,0.00181412,0.980206,0.14619,-0.100146,1.10062,0.225836,-0.263576,1.253,0.000620698,0.375321,0.135126,0.0243286,0.0504848,0.458763,0.112513,0.127486,1.00919,0.00545836,-0.040314,1.44192,0.169338,0.166597,0.0622725,-0.00154172,-0.177003,1.21367,0.0388434,-0.227442,1.16236,0.0335197,-0.030645,0.146128,-0.137896,-0.0153159,0.994437,-0.170139,0.146012,1.20637,-0.315816,-0.102273,0.997748,-0.208276,0.0478565,0.114081,-0.0765624,-0.196558,0.53033,-0.14694,0.125636,1.00195,-0.0581021,-0.026204,1.44993,-0.177628,-0.184784,0.0875426,-0.0897793,-0.01217,1.0726,-0.204153,-0.00384755,1.01567,-0.248023,-0.140199,1.21259,-0.0158115
1260,12.58,0.0368396,1.46857,-0.000975516,0.302348,0.145987,0.0715822,0.000136576,0.985588,0.145233,-0.106227,1.10929,0.22495,-0.262199,1.26248,-0.00502805,0.386583,0.146309,0.0236078,0.061015,0.465277,0.112027,0.125273,1.01621,0.00560249,-0.0439244,1.44945,0.167082,0.186153,0.061761,-0.00130765,-0.177202,1.22284,0.0357377,-0.227662,1.17169,0.028912,-0.0559676,0.13851,-0.138699,-0.0184489,0.999662,-0.168646,0.153101,1.21663,-0.314523,-0.0959629,1.00507,-0.21518,0.0212786,0.10097,-0.0785234,-0.192822,0.534689,-0.14686,0.12412,1.00872,-0.0578244,-0.0245741,1.45563,-0.178219,-0.213058,0.093357,-0.0867805,-0.00654395,1.08073,-0.20784,0.00346902,1.02385,-0.251529,-0.140401,1.21964,-0.0186307
1261,12.59,0.0364771,1.4733,-0.00168942,0.312854,0.15304,0.0712397,-0.00157198,0.990724,0.144331,-0.111612,1.11734,0.224165,-0.260796,1.27066,-0.0103792,0.396727,0.158042,0.0226983,0.0703883,0.471527,0.111432,0.123157,1.02266,0.00549185,-0.0471477,1.45644,0.164557,0.20482,0.0615366,-0.00113238,-0.177264,1.23108,0.0329748,-0.227417,1.1798,0.0246276,-0.0807184,0.132154,-0.139483,-0.0224415,1.00402,-0.166762,0.159478,1.22597,-0.312988,-0.0902542,1.01177,-0.221475,-0.00517791,0.0890408,-0.0805207,-0.188151,0.537774,-0.146721,0.122478,1.01501,-0.0576749,-0.0232081,1.46087,-0.178826,-0.239532,0.100282,-0.0839013,-0.00157771,1.08827,-0.211156,0.0101995,1.03134,-0.254518,-0.14071,1.22645,-0.0208056
1262,12.6,0.0361259,1.47748,-0.00248707,0.322729,0.16016,0.0708629,-0.00338202,0.995446,0.143482,-0.116276,1.12471,0.22354,-0.259325,1.27744,-0.0154274,0.405778,0.170035,0.0216926,0.0785026,0.477323,0.110722,0.121089,1.0284,0.00509699,-0.0500352,1.46276,0.161832,0.22257,0.0616365,-0.00104484,-0.177258,1.23836,0.0306778,-0.22673,1.18653,0.0206749,-0.104345,0.127185,-0.140212,-0.0261745,1.00785,-0.165085,0.165206,1.23425,-0.311291,-0.0853002,1.01792,-0.227046,-0.0309304,0.0786113,-0.0824807,-0.182878,0.539609,-0.146543,0.12066,1.02073,-0.057637,-0.0220553,1.46553,-0.179423,-0.263829,0.108368,-0.0809873,0.00280045,1.09497,-0.214173,0.016068,1.03801,-0.25681,-0.141253,1.23269,-0.0224733
1263,12.61,0.0358228,1.48105,-0.0033508,0.332111,0.167262,0.0704957,-0.00521841,0.999648,0.14263,-0.120142,1.1313,0.223129,-0.257768,1.28272,-0.0201571,0.413982,0.182151,0.020745,0.0850835,0.482459,0.109915,0.119048,1.03337,0.0045565,-0.0526992,1.46831,0.158986,0.239437,0.0620002,-0.00115096,-0.177151,1.24454,0.0288016,-0.225787,1.192,0.0172334,-0.126296,0.123656,-0.140822,-0.0270304,1.0122,-0.164913,0.170362,1.24137,-0.309516,-0.0811769,1.0236,-0.231919,-0.0552677,0.0701889,-0.0844846,-0.177249,0.540174,-0.146275,0.118669,1.02586,-0.0577249,-0.021128,1.46949,-0.179995,-0.28537,0.117378,-0.07786,0.00622498,1.101,-0.21689,0.0209204,1.04388,-0.258652,-0.142033,1.23834,-0.0236276
1264,12.62,0.0355443,1.48396,-0.00432722,0.3412,0.174413,0.0701615,-0.00719571,1.0033,0.141871,-0.123205,1.13704,0.222966,-0.256173,1.28645,-0.0245422,0.421493,0.19438,0.0199453,0.0900133,0.486801,0.109107,0.11703,1.03755,0.00399086,-0.0551222,1.47298,0.15601,0.255457,0.0626575,-0.00151147,-0.176438,1.24893,0.0267663,-0.224688,1.19621,0.01439,-0.146117,0.121567,-0.141194,-0.0270665,1.01592,-0.165367,0.17496,1.24723,-0.30777,-0.0780422,1.02884,-0.235957,-0.0776628,0.0637301,-0.0859651,-0.171358,0.539454,-0.145921,0.116651,1.03045,-0.0578863,-0.020588,1.47278,-0.180614,-0.303772,0.12667,-0.0751922,0.0082511,1.10631,-0.219389,0.0247699,1.04896,-0.260257,-0.142948,1.24333,-0.0244021
