Time,C7_X,C7_Y,C7_Z,LANK_X,LANK_Y,LANK_Z,LASI_X,LASI_Y,LASI_Z,LELB_X,LELB_Y,LELB_Z,LFIN_X,LFIN_Y,LFIN_Z,LHEE_X,LHEE_Y,LHEE_Z,LKNE_X,LKNE_Y,LKNE_Z,LPSI_X,LPSI_Y,LPSI_Z,LSHO_X,LSHO_Y,LSHO_Z,LTOE_X,LTOE_Y,LTOE_Z,LWRA_X,LWRA_Y,LWRA_Z,LWRB_X,LWRB_Y,LWRB_Z,RANK_X,RANK_Y,RANK_Z,RASI_X,RASI_Y,RASI_Z,RELB_X,RELB_Y,RELB_Z,RFIN_X,RFIN_Y,RFIN_Z,RHEE_X,RHEE_Y,RHEE_Z,RKNE_X,RKNE_Y,RKNE_Z,RPSI_X,RPSI_Y,RPSI_Z,RSHO_X,RSHO_Y,RSHO_Z,RTOE_X,RTOE_Y,RTOE_Z,RWRA_X,RWRA_Y,RWRA_Z,RWRB_X,RWRB_Y,RWRB_Z,STRN_X,STRN_Y,STRN_Z
0.0,4.007574481951049,1.4474758822569596,1.1029164683908477,3.9872803289610785,0.08590896517635423,1.4282319887176635,4.148773920611691,0.9619147596189715,1.2458743450093113,4.206397597693367,1.0620630994200913,1.1245462265951953,4.121951758960552,1.2180965483628705,1.4263254439451487,3.921267358875496,0.047476029128774244,1.4237164355657457,4.07349804048369,0.5086390497603163,1.3290570315421533,3.9837282053857086,0.9876406569355336,1.1578865342315086,4.181192175125037,1.4109090659529018,1.089456973821879,4.065317415453412,0.06381003546991504,1.54412056167807,4.138562402496413,1.1709151666599895,1.349329513944498,4.1538166977558415,1.1361754165106581,1.3663986725851147,3.9779819385455126,0.10409234857132278,1.344190399037861,3.9937315436641905,0.9962106981805412,1.4053263716304165,3.856482177206658,1.1085244806171566,1.301819763913014,4.184727912499002,1.2208870535966618,1.3741738323001809,3.966031658966905,0.06555599653001598,1.2779940535134198,3.9980025526841896,0.529962860910277,1.4540258016199907,3.9112507183265692,1.0072262424681038,1.2375375527084767,3.905919577567182,1.4489604658746107,1.2552211703276994,4.0787375479347,0.059308148845304276,1.4338756702066966,4.104837354328733,1.185190860155106,1.3470195087694814,4.10773265549956,1.1499155873117926,1.3715332570551373,4.058727966233801,1.4169271876211518,1.2146813149040667
0.00999209,4.0077622768358605,1.447409999439013,1.1021969105428788,3.9875092560547403,0.08678284421629902,1.428092038991085,4.1483253821455675,0.9633933781829234,1.2461921652402932,4.207282754674193,1.0621601328688874,1.1251308799268007,4.122310498226131,1.2185022611368643,1.4263270768787728,3.9217786954850786,0.04810630120101582,1.422213229921353,4.0734850228350865,0.5092272440666025,1.3284268827294599,3.982733801174744,0.9877058990851542,1.1583022454175846,4.181397972332426,1.410820530392946,1.089113778176664,4.064458507993806,0.06300757755767122,1.5438851271087988,4.139288329404667,1.1715364550967229,1.3497807302428404,4.154995466212694,1.1370200972508548,1.366798560447435,3.978442466692949,0.10400763664546905,1.344031292002373,3.992813858087516,0.9956457434188479,1.405750585131583,3.856613191522041,1.108657772253641,1.301093448081021,4.185949582722528,1.2205555273762922,1.3721747644984508,3.9663701194590875,0.06528090896085917,1.2778822754918748,3.9986203885366676,0.5294295303557747,1.4538224451264004,3.910172289665521,1.00640424873739,1.2380138058054322,3.906036224700609,1.4494929863312758,1.2541358150965525,4.078640624571979,0.05918987595088667,1.4340248200082804,4.105191201192715,1.1855850109653265,1.346239348042672,4.107848519269491,1.1503067653643007,1.370728306327612,4.059025268304445,1.4168149486303474,1.2138985407602414
0.0199842,4.008368258803584,1.4473643735371682,1.1017707876636578,3.987090170543847,0.08752607876485319,1.4279816998931236,4.148291412711696,0.9637507836947775,1.2467704395676382,4.208131106892416,1.0622594141721897,1.125791749367276,4.124394058360953,1.2199229695869704,1.426592032354689,3.9217777996710628,0.04849555956910666,1.4213538873278153,4.073400044259595,0.5093572309002671,1.3280068749412277,3.982745038709682,0.9880685180739801,1.1587380561568066,4.1816431084646775,1.4107867674666152,1.0891764758939346,4.064129054721847,0.0628960092445025,1.5437748235920095,4.141028796319615,1.1724865966101983,1.3502035889255202,4.156754324186892,1.1380292484268189,1.3673233575848085,3.9787401678931573,0.10365715750839735,1.3438829096874367,3.992531843887785,0.9952617502877367,1.4061112509757303,3.856441787933691,1.10942074487126,1.3004532706944396,4.1859162436710795,1.2207872417475394,1.3711369628814822,3.966779516335379,0.06485761473677433,1.2777788242580437,3.9990046671927333,0.5290680612263908,1.4534648973109952,3.910049698803083,1.0063980870371716,1.2384391961152617,3.9061683882924987,1.4500226212668699,1.2534078809283755,4.078535078580612,0.058775975562008136,1.434059832750431,4.105199832752707,1.1857041795197358,1.3453381826001196,4.107839020617166,1.1505252771157937,1.3699598242661042,4.059222605412728,1.4168487771542226,1.2136385379956636
0.0299763,4.009142902884655,1.4473347763562698,1.1016058402596118,3.986341892090826,0.0880851658910798,1.4279534395093736,4.148554356805962,0.9633816215890818,1.247424858787351,4.209057391540274,1.0624255597843504,1.1263238003241107,4.127417830161975,1.2216904670265483,1.4269189943952219,3.921458403763221,0.048656429382796976,1.4210497493986225,4.073284399514211,0.5092045342979657,1.3279439528322408,3.98336553617258,0.988480824535665,1.1591222925020033,4.181824428756981,1.4108323377940892,1.08935379401494,4.064200530391438,0.06325373734488049,1.5436786519343264,4.14334828275627,1.1735153720574938,1.350514977173082,4.158900710629437,1.1390358401494252,1.3677876621922596,3.978962498930677,0.10323758683030611,1.3437919911664937,3.992697027486113,0.9950399402562673,1.406389261294071,3.856298589755381,1.1104701022923742,1.2997906371820187,4.185515283037157,1.221080291782742,1.3706340515868616,3.9672534917102613,0.06447953579684501,1.2777070325536566,3.9991511359713963,0.528864106985989,1.453231948762644,3.910530912181854,1.0068100126259407,1.2387739030188352,3.9063260404605753,1.4505681285574383,1.2529834829296194,4.078451171473757,0.058214422601517456,1.434066472196353,4.105253390851526,1.1855374599448067,1.344400713808928,4.107947408273578,1.1504947467496394,1.3692178828972141,4.059448355146919,1.416954938431995,1.2137078827056709
0.0399684,4.009651289023655,1.447273595194205,1.1014582088254907,3.985715454315408,0.08849143801349758,1.4280904771400322,4.148877626648022,0.9629684827525749,1.2479671780114796,4.210186963093627,1.0627176459492855,1.1265302225690925,4.130095643792461,1.2229115905882821,1.427038423714964,3.921134306533328,0.04872265590028842,1.4209377637567284,4.073256992445487,0.5090530747423143,1.3281883700688595,3.9839292276457545,0.9886832467203949,1.1594633601544724,4.181790302903246,1.4109442483853203,1.0891233958566162,4.064228854349705,0.06349050548688324,1.5434738016614764,4.145520499438456,1.1743252181637838,1.350679337900075,4.161127093483791,1.1398954722563854,1.3680097436725682,3.979307025160291,0.10298441342047561,1.3437906783851599,3.9929417300179777,0.9948511151484611,1.4066947997472738,3.856345976948807,1.1112825889896647,1.2990589182633834,4.185891211160854,1.220663850166537,1.369698747506816,3.96773871595935,0.06432267355484562,1.2776705940360673,3.9990839656445902,0.5286928648434928,1.4533979218760464,3.9110327522669737,1.0070873630996626,1.239073583789076,3.9065240699061885,1.451144147962199,1.2526044075280272,4.07845412599842,0.05770812222844421,1.4341114225871194,4.105643168630659,1.1851494341940456,1.3434392266513862,4.108251261062031,1.1501844897561029,1.3683755219513383,4.059841509947019,1.4170217564448235,1.213649197477971
0.0499604,4.010017644237836,1.4470879455760384,1.1012539395120304,3.9851981934656977,0.08877291037051603,1.428248092808338,4.149311097280282,0.9625857205121038,1.24848204364129,4.211563353959428,1.0629575848696693,1.1264304742144138,4.132408267517576,1.2239260995319854,1.4267365039072335,3.920878345796283,0.04872240826469736,1.42076008116227,4.073465998666777,0.5088191357831587,1.3283872943604105,3.984521800760182,0.9887598592967873,1.159857392051231,4.181753108665661,1.4110343357566686,1.0888979940462966,4.064094297619362,0.06354603567743022,1.5433291462122183,4.147498451654855,1.1750255950780895,1.3504836826876914,4.1632309596830765,1.1406711044640827,1.3678656208064786,3.979658355878646,0.10261676408214361,1.3437094924779436,3.9933378317797494,0.9946152212582517,1.4070753916383212,3.8560830336904153,1.1119417929015525,1.2987356484285726,4.186353895742069,1.2199265731883773,1.3681029865592034,3.9681980885093466,0.0640196641912734,1.2775488292821664,3.998856756080911,0.5283817855073872,1.4535528460318103,3.911603006666634,1.0072245043518264,1.2394399174787367,3.906840339541051,1.4515921527376872,1.25232362529813,4.078550142062351,0.05725043064338624,1.4340715026096036,4.105878458609013,1.1846258025208203,1.3422186162703893,4.108413730157351,1.1497377769942227,1.367277425685669,4.060263376829482,1.417018670648625,1.213511121105531
0.0599525,4.010346261454561,1.4467248198061473,1.1009818473744066,3.9848110115797586,0.0889828513384805,1.428339429761217,4.149747279574985,0.9622092696108877,1.2490557961894337,4.213270016412599,1.063040606441849,1.1262311165235106,4.13437341772564,1.2249023854122478,1.426135273609749,3.9207293461984123,0.048713738632838885,1.420501664024758,4.073799005414348,0.5085661565463988,1.3285664724674429,3.9851837020054384,0.9888574017731689,1.1602414639866556,4.1817824629718485,1.4110050381533308,1.088950400498171,4.063947212056989,0.06349861473982289,1.5433421052183158,4.149303645241616,1.1756450673659529,1.35001215035719,4.165116402346714,1.1413612585892978,1.3674966731989497,3.979871144130979,0.10202109383491363,1.343581550989344,3.9937211555156096,0.9943307860692915,1.4074751976290065,3.8554159307310907,1.112586435126497,1.2988430916638316,4.186470638735016,1.2194305039452595,1.366095420449298,3.968497651942535,0.06345302250460728,1.2774065847698644,3.99838992881517,0.527938535997136,1.4535609186289404,3.9122180930945123,1.0073597288478253,1.239789918533395,3.9071603133754786,1.4519108854065848,1.252067910399896,4.0787515529609,0.05680265917428793,1.433875526952004,4.105764506473823,1.1842390937019307,1.340747178131025,4.1083232685549,1.1494718994049362,1.3659837968942259,4.060603859360353,1.4169685880337326,1.2133789244735285
0.0699446,4.010623794418049,1.4462021304198984,1.1006560163511612,3.98466153292532,0.08918427861923955,1.4283874344643375,4.149926858952004,0.9618133075690347,1.2497219097891077,4.215398416308894,1.0629983053813756,1.126239803445093,4.135861104900855,1.2256762085615873,1.4256290632987596,3.9207213324803125,0.04878095802855752,1.4203513207469518,4.073917415604603,0.5085199685323691,1.3290957255717744,3.985812420685462,0.9891175457705133,1.1604168162223236,4.181763586250742,1.410799607806232,1.08922380987773,4.064088814372379,0.06345451107865352,1.5434834257972294,4.150908774194286,1.1760992556755285,1.34962727437342,4.166777682587305,1.1418997102635657,1.367249194886758,3.9798532604823693,0.10133917159181008,1.3436461453568727,3.993687995250875,0.9940625591226768,1.4077647385448777,3.854747071250996,1.113287864568894,1.2988952947052212,4.186398828552812,1.2195861546432663,1.3641972554318285,3.9684471852017094,0.06284541340810407,1.2774817093852608,3.9975137925983506,0.5275469000231049,1.4536382241837722,3.912715054757535,1.0076731042631117,1.2398857691423562,3.9072147200163534,1.452266166328864,1.2516211439439262,4.079076347925105,0.05631830782030898,1.4335409337223122,4.105538359633663,1.184343300984559,1.3392789658288715,4.1081661094847135,1.1497399199029403,1.3647319893995224,4.060843248099196,1.416941014600829,1.2132758836815747
0.0799367,4.010793422060134,1.445692875904454,1.1002064285336954,3.984695120746622,0.08932209298573791,1.42850496115919,4.149992006046179,0.9613817311910094,1.2504416292202034,4.2177159262420245,1.063015366848949,1.1263628777832713,4.136879304541015,1.2263958472020131,1.425149177679301,3.9208275830243084,0.048856148842132505,1.4202860502137815,4.0738197338367055,0.5085606512456456,1.3296696958195549,3.986485933768188,0.9895825989671606,1.1604844817743534,4.181738107264109,1.410628407796066,1.0894310222165517,4.064290546829945,0.06331531087807736,1.5436861988915096,4.152221528889228,1.1765605968779147,1.349286948320488,4.1681882455425505,1.1424684336602569,1.367047908544312,3.9797456782651595,0.1007006987631233,1.343889722172843,3.9933658758630854,0.9938254331684485,1.407975930028151,3.854250466727326,1.113936597497038,1.2987419145330408,4.186477122473669,1.2198075776334194,1.3622260136372673,3.9681819600032835,0.06237266937320961,1.277738439122976,3.9964242623176367,0.5272637355953086,1.453702035310125,3.913188340068556,1.0082156211004951,1.2397947165500822,3.9071155650857246,1.4526578720661745,1.2510342070417313,4.0794709612254865,0.05569059582612578,1.4331130444073272,4.105427510967231,1.1845356265969,1.3377450797384849,4.1081101334976236,1.1500850059886396,1.3634072220957933,4.061071849530916,1.417035988773409,1.21310151547233
0.0899288,4.01082337978058,1.4453111063310669,1.0995927563993806,3.9847950320750596,0.0893417034338185,1.428749917000091,4.150158027179396,0.9608658286422452,1.2511290565578796,4.219811016243261,1.0631891583379822,1.1264350882118688,4.137562326677784,1.2274246355048795,1.4244512983305844,3.9209695953006976,0.04885579476186395,1.4202298325568146,4.0736274276119175,0.508508074079508,1.3298794611660407,3.987342315375057,0.9902524739140945,1.160521416300319,4.181785343671221,1.4106519683199987,1.0892578658349819,4.0642674891497315,0.06301042449226599,1.5438825698744694,4.153255129863543,1.1773064093759869,1.3488420578513909,4.169384813131358,1.1433509801273822,1.3667423393031508,3.9797066419834026,0.10011311006129017,1.3442283535791368,3.9929784382964826,0.9935763221331811,1.4081000812105908,3.8539190881303442,1.1144237806290658,1.298460223771094,4.186989042537979,1.2192687248593983,1.3600905988384484,3.9679502883783675,0.06208019823123897,1.2780434838610313,3.9952654361015574,0.5270620919971304,1.453632198121088,3.913813561587336,1.0089868907930084,1.2395733763778713,3.9071113515738465,1.4530195338112577,1.2504760019608507,4.079863502261481,0.05476483204008327,1.4326042488389594,4.105559536975089,1.1842266295186121,1.3361808279602783,4.1081971206530445,1.1498908141793467,1.3620348538043197,4.061417993177468,1.4173278123629978,1.212775308157514
0.0999209,4.010789678874339,1.444864694218323,1.0989475830326547,3.984869430547353,0.08932045865194092,1.4289542691611707,4.150382223840586,0.9601322789567017,1.2516576915887048,4.221196460790261,1.0632454125854043,1.126552629530411,4.138208056021332,1.229287161458597,1.4233828255274303,3.9210099927861912,0.0488259110144226,1.420212147968082,4.073390131510578,0.5084141837255987,1.329812225737656,3.9884580730000545,0.9911133008854054,1.160224864242406,4.181906453182237,1.410621660169826,1.0885729065788483,4.064175767325387,0.06275993476313993,1.5440377040365967,4.154347742966457,1.1785863378778278,1.3483258353867726,4.1705851402783365,1.1448053706198498,1.3664553142562945,3.979678977736125,0.09931985430098082,1.3446700579372945,3.9924098023874026,0.9931907491732399,1.4078560253529,3.8535628423362596,1.1148348875000544,1.298311794506558,4.187898744355398,1.2176347552932398,1.3586810807572327,3.96793618968141,0.06176284085359045,1.2783110325382834,3.9936575888951094,0.5268559763624868,1.4535411129014457,3.9146741614473184,1.0099840053431342,1.238926544650826,3.9073686518175283,1.4533080673281211,1.2501078885331667,4.080167741254056,0.05335029937476577,1.4319489495919386,4.105835556517713,1.1831956422101855,1.335230562418534,4.108188338798753,1.1490292193098586,1.3613617344761073,4.061987999852478,1.4177848007529776,1.2123963943773228
0.109913,4.01082510677626,1.4444138497221417,1.0985033688168713,3.9848743219169664,0.08936484477599174,1.4291243195712182,4.150655553402156,0.9592816010163097,1.2519899011611788,4.222053879211969,1.0631992522438574,1.1268344176880185,4.139092149419425,1.2317639749338716,1.4223097462213077,3.9209925199168327,0.04885754856494484,1.4202443328044776,4.073001431654167,0.5083321164478624,1.3297020565479736,3.9896422241545846,0.9918064788364208,1.159691789061259,4.182245815455322,1.4104809640884715,1.0876617940431896,4.064142199544083,0.06265168053236213,1.5441347709522757,4.155511748810597,1.180417047253899,1.3477622656252986,4.171811015981262,1.146824956185947,1.366174482741863,3.979413781712255,0.09861696502295654,1.3448504283148597,3.991725827981913,0.992765551108274,1.4072414888951987,3.853108724905888,1.1152216529485897,1.2984414656719665,4.1889080819298465,1.215165587381515,1.358029798082927,3.9684577588434564,0.061567907248596294,1.27817922305421,3.991527520213508,0.5267453396480304,1.4531418447987745,3.915571577946076,1.010843968368984,1.2379657442997642,3.907897266321294,1.4535583472403903,1.2498390214740558,4.079147973455159,0.05177815278086117,1.4318831292400256,4.106066205612704,1.1815920563098474,1.334986632345359,4.108003743328757,1.1476044516881536,1.3613903869927206,4.062799983548174,1.4181429472153633,1.211980091289362
0.119905,4.011077695395956,1.4442612191270503,1.0984978826596647,3.984809905915736,0.08955710413914114,1.4294447157540846,4.1510110065687575,0.9586163959099844,1.2521920697023958,4.2231416215257065,1.0633599617125342,1.1273410398205366,4.140335399417714,1.2339506172716503,1.4219520912387058,3.9211131865752185,0.04902945865263994,1.420304881429609,4.0722494156227045,0.5082735916131866,1.3298101278733236,3.9904912779465955,0.991757918633334,1.1594180913549468,4.183038107488214,1.4104037238563374,1.0871118461111622,4.0641792248451045,0.06259951295990766,1.5441727994275445,4.156405797230891,1.1825537892739773,1.3471402960872716,4.172869821332063,1.149120615271745,1.3657336571976935,3.9785475275543987,0.09872994355077733,1.344190501706241,3.9911865509649815,0.9925908090722425,1.4065739202852983,3.8526081681109865,1.1155774966257956,1.2988148917339246,4.189591639277364,1.2125231718886904,1.3571868489671073,3.969782247370841,0.06194289224127073,1.2771646298626658,3.9892062805506865,0.5269707349620737,1.4518738743082822,3.9160982758401244,1.0109771800524827,1.237213311981121,3.9085785791798675,1.4538638143810283,1.2493927114345729,4.07495137141892,0.05076287952410579,1.4336134803881448,4.106050941296205,1.1798177251459943,1.3348673660711097,4.1077576946182495,1.1458456028953272,1.3612854999166275,4.063783074602713,1.4180078805694645,1.2114568685910263
0.129897,4.011509952110526,1.4441997646314353,1.0986715558939277,3.984664506965453,0.08974791475633545,1.4298076823746813,4.151227960694058,0.9580403875377361,1.2523611431011246,4.224262871884799,1.0635421535007594,1.1278602365229886,4.141321820524154,1.2357895483407328,1.421808579119234,3.9212369595166168,0.049153055914559554,1.4203980728429306,4.0712451901789235,0.5082211398216361,1.3300856972898578,3.9910046760027,0.9914014098413739,1.1593199876742217,4.184006671396078,1.4102928499309626,1.0867742050807816,4.064224826303778,0.06260571764787103,1.5441684341201771,4.156977366319623,1.184595001815416,1.3464835734342484,4.173714357499262,1.151334224065693,1.3651989080306017,3.97707122262425,0.09902815386416085,1.3434532429748074,3.990683217134063,0.9925915261221333,1.4060492461355194,3.851913075934681,1.115960628890418,1.2992099105407948,4.190188412303414,1.2093917855121172,1.3557514050601702,3.9707541036477956,0.06255932802520607,1.2760186324557652,3.9870016205745182,0.5273237252800705,1.4504653056319576,3.916345688909504,1.0108499481677389,1.2366764345321932,3.909448638216412,1.454183358600578,1.2490330013700706,4.0698365958342375,0.04983047841615503,1.4356617937280673,4.105913536496895,1.177756443368666,1.334322917129633,4.107437204116469,1.1437193088868747,1.3606385572191932,4.064863892594956,1.4176560708923822,1.2109870325887964
0.139889,4.0120209918480665,1.443969139438705,1.0987010728205826,3.9844615003660384,0.08979007189669813,1.4300484162534053,4.151116001328529,0.9574485023179862,1.2525802038922569,4.225092875778941,1.063509205136629,1.128173696253198,4.1415062635526265,1.2375039830817374,1.4211985791010506,3.921204716212161,0.04905552696312198,1.4205094976391603,4.070282733266659,0.5081947972739982,1.330424108525888,3.9913328836962245,0.9913920937709461,1.1591909691541535,4.184781460135821,1.41003057830963,1.0863602879086371,4.064223289668174,0.06268627496421979,1.5441458805205868,4.157306001273587,1.1862470706788113,1.3458112919982232,4.174376662305499,1.153224367866708,1.3646742160259704,3.97517317682776,0.09874258831854729,1.3434552602217769,3.990100605440553,0.9925902516906551,1.4058113104390055,3.8508881458342548,1.1163927348742664,1.2993577850184201,4.190942192164382,1.205413241417456,1.3538185684517343,3.970111808059417,0.06292109106308567,1.275549903822362,3.98516319438874,0.5275110481496913,1.4497982547631805,3.9165416073488055,1.0111065656933573,1.2362460755944853,3.910517673881443,1.454435644860149,1.2490852941209032,4.066821004802012,0.04856115324069385,1.436237712793412,4.105793656539751,1.175259254605311,1.3331392505135806,4.1069753148684365,1.1411817631502654,1.359413585947586,4.065966390544852,1.4174635781479332,1.2107359747853004
0.149881,4.012556601747065,1.4437482224788891,1.098656271969895,3.98432597131887,0.089797435366588,1.4301924600203786,4.15085286436473,0.957155027433351,1.25286599999131,4.226051896457199,1.063453731959361,1.1283524701234544,4.14134716338471,1.239062649683603,1.4203670153012455,3.9211688070814885,0.048900953268575235,1.4205507537016335,4.0697480864495255,0.5083346591385753,1.3309245570143056,3.9915603538297484,0.9918105834590086,1.1591728480568568,4.1853338967841855,1.4097560987741178,1.0860519535526636,4.06421159929586,0.06278559743349281,1.5441305382002912,4.157476418779038,1.1876564977548572,1.3450979674828212,4.1749237809128825,1.1549120176580032,1.364101143731281,3.973143621892293,0.09827657279784642,1.3436502687579164,3.989725888954154,0.9925625736774429,1.4060122740932204,3.8496587057110037,1.1167325973794824,1.2990777744951505,4.191373441713332,1.2012211307758216,1.352082210540899,3.9679370034858965,0.06298621500046023,1.2753341417428627,3.9838229383835593,0.5275315333396723,1.4496944693372207,3.916704352417881,1.0116566446176163,1.2361037853460937,3.911557953763483,1.4545921861290159,1.2494183269386734,4.0661985747738685,0.0479882398011625,1.4357809578426843,4.105512942165429,1.17267779877189,1.3318874504288312,4.106318906474946,1.1384596238211515,1.3580103458859978,4.067011663815192,1.4173109673114244,1.2106218980811545
0.159873,4.013123110600616,1.443586557065447,1.0986599947115818,3.984270994156705,0.08983937740895932,1.430307032054021,4.150735444743215,0.9571176456089385,1.2531870314319014,4.227006018529902,1.0634053612062806,1.1285524165753733,4.141453746131673,1.2404924120925722,1.4197152460618911,3.9211783858137994,0.048808652152875165,1.4205555913887584,4.069674121682079,0.5085970327156619,1.3315155128480958,3.9919019324223384,0.9925025422834209,1.1593277218106253,4.185808705630161,1.409497493253962,1.0858592290681004,4.064208652181394,0.06287346166751623,1.544160643603955,4.1577072387029705,1.1889668948912429,1.3445078753095387,4.175525249160824,1.1564850160220093,1.3636043801138824,3.9711301686895197,0.09784301866514375,1.3437101226148913,3.989770686093692,0.9924773744665447,1.4065570425827572,3.848304893682615,1.1170131201404492,1.2983914588223247,4.19133313627691,1.1971561590509185,1.3508035325415384,3.9650873996813316,0.06283274463670574,1.2750625859357898,3.9827334100911744,0.5274428398278278,1.4498608700974631,3.9170209865620125,1.012329149459584,1.2362734897650351,3.9125500693265294,1.4547101596456347,1.2498645170625153,4.066777012652851,0.04827140394062132,1.4350584212473834,4.104987714979912,1.1701950939181958,1.3308569312694396,4.105434096644919,1.1357238245758314,1.3566865572934206,4.068070389489885,1.4171649257811498,1.2105847362135944
0.169866,4.013778181947813,1.4433474179385897,1.0988025005830178,3.9841935493685567,0.08988999646600286,1.4304474900986992,4.151062214587359,0.9568947232840707,1.253455755117023,4.227273345112943,1.063201429983699,1.1289417985788863,4.142324039591713,1.2419462154712757,1.4195537966784526,3.921141503477907,0.048780454152640644,1.4206602407659668,4.069718665679371,0.5087513350068437,1.331933902772706,3.9926568235599156,0.9931866894551927,1.1595590744861746,4.1864491448219106,1.409160097157975,1.0855694867004682,4.06420407777663,0.06295555921729089,1.5442649489462181,4.158308857076393,1.1902623190893589,1.3443358014397027,4.176408047024616,1.1579632096666006,1.3634652186784786,3.9691148551798743,0.09727809838652032,1.3437501548792987,3.990276563672893,0.9922844264444581,1.40710111317871,3.846853552876717,1.1174316561513857,1.2975225129921195,4.191142219720606,1.1930721389065893,1.3497166676126475,3.962820348529452,0.06258451511042912,1.2747537768435075,3.9813226215422888,0.5273096317619594,1.4500552465056873,3.9178251068536043,1.013004649269378,1.2365592380133723,3.9137088006619796,1.4548983887266194,1.2503109012374525,4.066536232138051,0.04847132037511718,1.4346843397570315,4.104318256320055,1.167704055515589,1.3299268448245078,4.104349457878739,1.132997538883619,1.3554759081271803,4.069340305720848,1.4171436829929958,1.210619346686145
0.179858,4.014545017030233,1.443072808044016,1.0990174147185283,3.98413022925968,0.0898950625309445,1.430500677476817,4.151688376559916,0.9563937023305321,1.2534683424088355,4.227345299333148,1.0630568228923583,1.1294872309343065,4.143737164441303,1.2437272323435282,1.4194854136129569,3.921114965856294,0.04872518074675264,1.4207210834752866,4.069638316810546,0.5087650789886399,1.3320847738458759,3.993660441869965,0.9937514134903214,1.1596618824320022,4.187306855697322,1.4089230217494433,1.0852480125576769,4.064227237054878,0.06301578025226269,1.5443090110583817,4.159240792901398,1.191754413745307,1.3443219195131169,4.177476512648886,1.1595677566714526,1.363503927563283,3.967098480682775,0.09658631952016808,1.343755024044406,3.9911276709027876,0.9920338125389182,1.4073956177255351,3.845608929150395,1.1178478856249008,1.2967180454140068,4.191106476362676,1.1887628947314917,1.348782210130374,3.961017075121406,0.06233734619365011,1.2743982355186951,3.9794245555054197,0.5271567652184769,1.4499806895069556,3.9189672542924687,1.0136497185746325,1.2367372563932086,3.9150591187002513,1.455051825914307,1.250754921129151,4.0654644042728645,0.048156318162274926,1.4344153676960105,4.103818953487647,1.16490831151668,1.3291232305115082,4.103412225504506,1.1300002286053517,1.354411707551242,4.070792262571467,1.417196834527622,1.2106492782483667
0.18985,4.015373576604218,1.442858930883111,1.0991742226321801,3.984121199214682,0.08983822529965806,1.4304076361132765,4.152315163198963,0.9557473022747481,1.2531080571240119,4.227916046712695,1.0632145713294796,1.1301263603818628,4.1451893428631355,1.2460502221237886,1.419048208715529,3.921152551604298,0.0485946640447692,1.4206267095412224,4.06937618526867,0.5087068430677353,1.3320638689186775,3.994560709387116,0.9941381504584456,1.1595267175559392,4.188279871226748,1.4089539909433604,1.0849972852167689,4.064288251363169,0.06304494894798758,1.5442169245883535,4.160276379596125,1.1936102518136578,1.344128009876932,4.17851591152197,1.1615159025785822,1.3634635658749006,3.965052146383041,0.09586261064878682,1.34369312353547,3.992141827864536,0.9918344241537252,1.4073756619598856,3.844797708203443,1.1180891644300197,1.2961567196149266,4.191335289886741,1.1842479487781574,1.348095346009056,3.959061419601718,0.0621162201347078,1.2740344226657712,3.9770866079769887,0.5269906424182539,1.4494875528899331,3.920090943830627,1.0142218856243221,1.2367147532536649,3.916499643424611,1.4550517092749462,1.2511955303045086,4.064233188074928,0.047350482118232715,1.43383627536345,4.103679818391946,1.1617185174028337,1.3285491642331786,4.102873316308701,1.1266196882065194,1.353564099401911,4.072259661697117,1.4172119361097155,1.210573498574699
0.199842,4.016069800540009,1.4427260384648037,1.0991555057500704,3.9840556112230745,0.08982583489295837,1.4304321419701331,4.1527570816721875,0.9552472093615595,1.2526104284148558,4.228833929786971,1.0635466948636023,1.1309533285755438,4.146277413360475,1.2487311753741024,1.418420687734686,3.921128021501541,0.0485483646471345,1.4206639198437292,4.069229875944005,0.508669064956865,1.33224854168033,3.995063882842109,0.9942312642260186,1.1594014160513249,4.189097485115802,1.4090713508009896,1.0846888537314128,4.0643045314434465,0.06307749628124489,1.5442410953709629,4.161123408396497,1.195726540940764,1.3438581682404467,4.179381973349901,1.1637728813636055,1.363426258474763,3.962849137079883,0.09522407418195081,1.3436593643785228,3.9931397576963286,0.9918262958074288,1.4073251687146415,3.8441342444435347,1.1182888095352452,1.2958214737331557,4.1914788875939575,1.1801681332204876,1.3478077960800516,3.956651692554485,0.06180097765955544,1.2738676273582024,3.9744376102340637,0.526815465177494,1.448872472309033,3.92087221057707,1.0145641331541069,1.2367519318967704,3.9178340900214814,1.454988388883398,1.2515160410788417,4.06295514735688,0.04661462586957652,1.4330568183396193,4.103542983832018,1.158773880884218,1.3283125662900175,4.102383716700558,1.12350877669997,1.353079828855766,4.07349115426533,1.4171177184435406,1.210313585554603
0.209834,4.016591914398371,1.4426044781094458,1.0989391893987421,3.9839620195674836,0.08987916193334913,1.4305675373093742,4.153073316862326,0.9549513585897381,1.2520938894406328,4.229818709188098,1.063845039579879,1.1321046381213429,4.147260400192099,1.2515463287773525,1.4179290717549213,3.921056892594775,0.048629038701233834,1.420834513153211,4.069520654524773,0.5086566808146122,1.3326703002221258,3.995255200138386,0.9940714164602678,1.1593449056912166,4.189720528315478,1.4090752583738844,1.0842250584788784,4.064310412936632,0.06311506722524259,1.5443673106938103,4.161895559818027,1.1979099764289154,1.3437798422194087,4.1802128301636685,1.1661378406692606,1.3636149837787848,3.960564340689594,0.09474270443712084,1.3436317357606626,3.994104841137467,0.991965918776268,1.4073207664939624,3.84354282706391,1.1184827350788455,1.295632133205973,4.191456368704435,1.176777559598906,1.3478434400065342,3.9539272516582735,0.06140180494757115,1.2738776549623578,3.971708188419823,0.5266347944349585,1.4483485832263894,3.9213616753603424,1.0146577091244857,1.236891409338109,3.9190439150327516,1.4549026598529693,1.251705311896381,4.061607880414061,0.04617080151329128,1.4322479359848774,4.103322364633743,1.156314754655262,1.3283328098847431,4.1018723564580615,1.1208897985018176,1.3528649384700804,4.07448611136247,1.416901726155207,1.2098537587600842
0.219826,4.0170533028387645,1.4423659735032706,1.0986069600539847,3.983998413305288,0.08991613715207597,1.430523054735491,4.153543367836746,0.9546628413339192,1.2515124140262621,4.230625447844729,1.063926051705824,1.133679005037497,4.148955142103634,1.2542964439305047,1.4178873374995116,3.921095531509584,0.04872746255899721,1.4208286017875438,4.07045731765741,0.5085800158152133,1.33298628891084,3.995577786845761,0.9938471030561509,1.159185903068634,4.190343121595723,1.4088503444322618,1.0836059863541507,4.064438065138975,0.06312029160631834,1.5443048714651757,4.163068994475154,1.1999301926985124,1.3441952054533584,4.181362222941937,1.1682930783306582,1.3642851678769463,3.958459510358159,0.09442787415261504,1.3434620386964935,3.9951835600835035,0.9920434538883497,1.4071911586077002,3.843202666179945,1.1185685888068897,1.2954778936935958,4.191487474714624,1.1738710419450678,1.3479031385022673,3.9513715746869003,0.06105542322224643,1.2738123152801684,3.969190025469711,0.5264512550464244,1.4479467686974934,3.921969199861101,1.0146355064952288,1.2369175799907843,3.9202749411763658,1.4547554026436607,1.251874465075793,4.060145772927649,0.045845842847436875,1.4315318970720248,4.103249753646332,1.1540880040403592,1.3283507511649681,4.101601625332059,1.1184598581956458,1.3525898330702735,4.07547751638439,1.4166112082869786,1.2092495011442155
0.229818,4.017333226647218,1.4420570517408935,1.098271212739504,3.9839930189609194,0.08991810797282135,1.430446152116418,4.154293210179676,0.954345215536081,1.2509762321559539,4.2311958536305045,1.063937729510902,1.1353713567647428,4.151226233229914,1.2567674544183642,1.4181835170944208,3.9210985705779904,0.04879678357485032,1.4207823622436353,4.071696516117825,0.5083704280256197,1.3331695653160722,3.996210228401735,0.9935370553687405,1.1589946798484756,4.190847611048566,1.4085943346066188,1.083010800223469,4.064508194207559,0.06308154096815859,1.544233918433511,4.164525491294658,1.2016454914954084,1.3449511180751825,4.182651400787686,1.1700429614773755,1.3652647334285724,3.956468101674211,0.09421166824133856,1.3431512569096693,3.9964497038444327,0.9921023386554978,1.4070094894997605,3.842872996515436,1.1185802197778882,1.2952686287507622,4.191314941501815,1.171685811863613,1.3479046122870086,3.9489473503088686,0.06062532566949522,1.2736919613897568,3.966931062294247,0.5262629249462952,1.4475836890248348,3.922851561589372,1.0145156722231166,1.2368697728073512,3.921370772190128,1.4545745926341225,1.2520586162480802,4.058692861931717,0.04589518237003263,1.43086579568241,4.103070401648421,1.1522642292579721,1.3282779739622306,4.101346970245121,1.1164012291762413,1.3521755145601468,4.076346094497154,1.4163228418394007,1.2086162650572636
0.23981,4.017263430453055,1.4417699844808216,1.0979737840506634,3.9837912482907516,0.089893411049786,1.430528931227812,4.155349709106053,0.9540465146598092,1.2505901048555301,4.231564773636285,1.0640723579237672,1.1368881238823898,4.153645963717591,1.2589017710243642,1.4185802216168437,3.9209389937249948,0.04882398218625657,1.4208797315643482,4.072954597513759,0.5080045593470084,1.3333473568830787,3.9971634995069603,0.9930237920436698,1.1588617297591572,4.191022018132506,1.4084976901429225,1.082550947807676,4.0643658818356725,0.06301238191783047,1.5443755172669875,4.165987487650626,1.203065704713854,1.345790247943131,4.1838276903179175,1.171403968399861,1.3662993040469773,3.9544571359059133,0.09398287547660715,1.3427621166099741,3.9979089547924436,0.9922291154951174,1.4068721924338472,3.842248892587486,1.1185748124338462,1.2949267766588253,4.190610210886689,1.1705293336421023,1.3478705417764725,3.9465151256472475,0.05991345838453849,1.2736133636175326,3.9648979514621048,0.5260414119342444,1.4471485071621981,3.923999870355421,1.0142203562615606,1.2368196406527971,3.9221008786323552,1.4543946335287272,1.2522051319869723,4.057345688471904,0.04655138982554887,1.4302216698863761,4.102450973239647,1.1511189550681176,1.3281200933561865,4.100786896122976,1.1150205559089885,1.3516641830733227,4.076867427466863,1.4160655528953707,1.2080121933323715
0.249802,4.01683338240957,1.441510456094765,1.097544865982547,3.9836681662617464,0.08984385273255448,1.4305594148932395,4.1566642120326405,0.9538355643358851,1.2502531800831713,4.231796266198852,1.064255383530374,1.138431304678928,4.15615381298687,1.261061007496605,1.419009758755756,3.9208899997552695,0.048806791077939476,1.4208978387865052,4.074727222238574,0.5075499100075257,1.3336623028364365,3.9983301011544423,0.9921944861480451,1.1586401823214374,4.1907856336376454,1.4083754964873039,1.0819625192370126,4.064281538711167,0.06295932564918329,1.54449886955478,4.167467378187202,1.2044857872381967,1.3467149824255515,4.185069061349665,1.1727909766996667,1.367418390782387,3.952508392000809,0.09361038614666334,1.3423437755122307,3.999479804414793,0.9923243763271068,1.4066419595454536,3.8413635333333462,1.1185049150237458,1.2943862722135513,4.1894365934418145,1.1703371743101618,1.3478272818907742,3.9442837383816083,0.05889524555523048,1.273548718262922,3.9631300850832307,0.5257001210018992,1.446588185271506,3.9252808036136124,1.0135689030890682,1.2366175858983313,3.9224043120817855,1.4541846806426744,1.2521323360125214,4.055932088161201,0.0474652459204071,1.429796555564535,4.101441566423953,1.150669500155708,1.3279163659976154,4.099935987061046,1.1143439279180272,1.351106774761084,4.076966902758467,1.415715148133025,1.2072825825503632
0.259794,4.01605659123167,1.4412870141956435,1.096939288949498,3.9836778447874033,0.08982815843429925,1.4304873320896885,4.158039518225052,0.9537710816481091,1.249884343397831,4.231932618016933,1.0644669751109341,1.1400877348501461,4.158561850598006,1.263265272765652,1.419514668972588,3.920992397042942,0.0488199169183567,1.4207693645404105,4.077060621238739,0.507105766266447,1.3342180267152624,3.999466453504778,0.9910781924241515,1.1583029227989767,4.190135753739228,1.4081683021805285,1.081170723637835,4.0643008747937355,0.0629339558774458,1.5445269995902244,4.168868647240343,1.2059492847416085,1.3477572595722385,4.186330825922581,1.1742828784576351,1.3686531837474076,3.9506002725038023,0.0931689826034048,1.3420724091200793,4.001041173353018,0.992435310867975,1.406298680559161,3.8403154557603782,1.1183418505626914,1.293692562843106,4.188012429823358,1.170662479173209,1.347600972684338,3.9422004661010615,0.05780275656981393,1.273606945433798,3.9616475428770497,0.5253238523078627,1.4460460817645433,3.9264836360068642,1.012595373638619,1.236270122742999,3.9222998887806746,1.4539325743651068,1.2518441851250566,4.054370839119571,0.04833563926494267,1.4296642290238668,4.10021297967596,1.1506083575384,1.3275697022847412,4.098923671990993,1.114068675647968,1.3504148172429302,4.0766428114243,1.415253308619931,1.2063929496901342
0.269786,4.014975026367542,1.4411166370516735,1.0962763049960746,3.983598113543253,0.08993559432166497,1.430474910980765,4.1592080731748835,0.9538721977396302,1.249471282727675,4.232025017727641,1.0647929716721363,1.1417493460623929,4.160509178954756,1.26513959779305,1.4202165518876881,3.9210042283157116,0.04898105092528797,1.4206476506022214,4.079428726901059,0.5067617192704357,1.335026425845173,4.00029194882458,0.9898535202151004,1.1579892522027784,4.189159832345467,1.4080090383956267,1.0803591946579223,4.064196846981961,0.06290644451829211,1.5445987575860396,4.169959811195624,1.2072150406353075,1.3489315412772154,4.187301067445994,1.1755726689721022,1.3699868446440564,3.9485923056313372,0.09291713670593495,1.342191396231177,4.00249951411788,0.9927651419413408,1.4059826239623427,3.8392197785055067,1.1181175973928166,1.2930362269845945,4.1866461687819845,1.1708521602304174,1.346839184821974,3.9399391660942844,0.05703799022916605,1.2740034408871912,3.960448309177017,0.5251532664838283,1.445785467344329,3.927415978165788,1.0115717579057486,1.2359779918445224,3.921884895732672,1.4536659639246448,1.2515346520610993,4.052717210572249,0.04905546211956014,1.4297305544501315,4.098994496716932,1.1504432477304511,1.3268693485357894,4.097945027479409,1.1137136017673734,1.3493973025317376,4.075973210714228,1.4147999284847652,1.205469068060245
0.279778,4.0138542263761865,1.440942709017955,1.095619793122627,3.9834882850972786,0.09002069522170349,1.430437493664238,4.16046328874845,0.9539745639879419,1.2490823094771726,4.232399078997387,1.0653136493729038,1.1434346264650688,4.161854003882861,1.2666586554927177,1.4211657889284004,3.920969050100354,0.04912823426641383,1.4205439769348072,4.081678137957696,0.506403001546499,1.3357551786733397,4.001177040583231,0.9886796610958255,1.1578021537676506,4.188160167511728,1.407960371698658,1.0796222106365245,4.064073071987336,0.06286236452838197,1.544630706309584,4.170759301912634,1.208313535247647,1.3502286833665147,4.188030330794181,1.1766991024277818,1.3714067640421805,3.946569783239477,0.09280597105026886,1.3424144370345088,4.004162567516011,0.9932594546581524,1.4057784474294517,3.8382361952593187,1.1180237512940452,1.2928040618996794,4.185590432941505,1.171280990604761,1.3454684669471026,3.9376913731566825,0.0564451939550295,1.2744904730527788,3.9596161089072703,0.5251405648814756,1.4454711257077464,3.9284704997492383,1.0106826348866338,1.2358428495777207,3.9214217067364894,1.4534714969742974,1.2511552972106725,4.050958355964477,0.04980229066010861,1.4299378715789683,4.097988427352187,1.1505592596184677,1.3258929297987072,4.097205448786577,1.1137224835027972,1.3482246932048216,4.075239424647895,1.414451714466463,1.2045840557644554
0.289771,4.0129048766030655,1.4407400019982786,1.0950236664743278,3.983461601464923,0.08993464952152184,1.4302695654592747,4.162096258130317,0.953910195351126,1.248705487474466,4.233250346307943,1.0660815610530077,1.1451966877306663,4.162625286380756,1.2681731758860775,1.4221935825276364,3.920985954943434,0.04909628843420979,1.4204421847939144,4.0838014353487635,0.5059102517142728,1.3361028181596841,4.002482617007216,0.9876392008201822,1.157716279970317,4.187369662078203,1.4080515621497378,1.07895668940472,4.064080691096739,0.06279886938562966,1.544526788600048,4.171345271200367,1.209520632080835,1.3515328000092661,4.188635275676907,1.1779798747953714,1.3728325028615194,3.9446480428778816,0.09275059172369854,1.342326792454157,4.006288397319321,0.9938106508620755,1.4056497848028457,3.8374674147733407,1.1181769813063207,1.2931849991795303,4.184923458802008,1.1723542733560537,1.343700019031393,3.9357259041329318,0.05584588106925721,1.2746714076156713,3.9592239177748394,0.5251852196804163,1.4447344975883882,3.9300065826942077,1.0100142748427166,1.2358207045822203,3.921139738546422,1.4533952851262557,1.2506795822922705,4.049029188277356,0.050704872750777764,1.4301761885649322,4.09727810649561,1.1513203054152132,1.3248563290998498,4.096791321192255,1.1144849647286814,1.3471553682933688,4.074690781831014,1.414256464769505,1.203769866766349
0.299763,4.011936318573031,1.4406520836128327,1.0945884626775901,3.9834261197678953,0.08980093468488522,1.4301142172317691,4.1637183934666115,0.9537176656683288,1.2480289300762486,4.234107126812081,1.067083892884358,1.1470155057847335,4.163040402303604,1.2705648789844397,1.4226575172170604,3.9209485475899593,0.049045932693753146,1.4204317762405771,4.085702319123693,0.5053961199888549,1.3362558066137713,4.003767462313368,0.9866466034457798,1.1574217671462912,4.1865940992022255,1.4083148533612821,1.078225573090113,4.064089849854464,0.0627230831996177,1.5444323675707161,4.171657644729199,1.2114047852852652,1.3524817569850178,4.188970776580583,1.180018020475335,1.374002157668688,3.9427507677433695,0.09294448871202082,1.3418179907593037,4.008524139201454,0.9944840071745424,1.4053173298237738,3.8368179745721127,1.1183107242813592,1.2936222724654647,4.184341306136662,1.1733232167425311,1.3421590704288389,3.933887644853104,0.0556697897531073,1.2743240582847124,3.959206840482291,0.5253988995514153,1.4438416799514793,3.931599255563236,1.009512240806648,1.2356129360970807,3.920990600854822,1.4533093125653667,1.2504318669497292,4.046824673463748,0.051439145673732076,1.430151196909817,4.09667309286876,1.151983076367605,1.3239963594452835,4.0964696746876434,1.1151413552323548,1.3462511651799225,4.074258150533412,1.414168022626628,1.2030223544047682
0.309755,4.011033678494904,1.4407238642398592,1.0943332278453572,3.9833840840858814,0.08971138902416764,1.430021692493847,4.164997008319763,0.9534165804299672,1.24691742355033,4.234723152520707,1.0682073733622008,1.1488220820094612,4.163439783430989,1.2738566681395058,1.4225341102361206,3.920861580395375,0.04907603773410177,1.4204955808854631,4.08732638238137,0.5049825483800142,1.3363927578546166,4.004712367386681,0.9857225157835284,1.1567467153266202,4.185890515335305,1.4086997629851252,1.0773917351225275,4.06406200000151,0.06263802171687964,1.5444009669013192,4.171883774524286,1.213969425862186,1.3530534569327552,4.189185885413128,1.1827896048427053,1.374884336417124,3.94090470743572,0.09348419763991668,1.341059263414878,4.0105452277818,0.9952955289236258,1.404621454675156,3.8363543146172,1.118273842009651,1.2938092761395885,4.183849768864022,1.1735906468822452,1.3413695568339208,3.9321116395838986,0.05613093194238015,1.2735678758446276,3.959350793711879,0.5258708804650325,1.4430839847310168,3.932921966161122,1.0092050538383572,1.2350465496891117,3.921000432588178,1.453148103115859,1.2504961305183093,4.04448304958083,0.05186749798026481,1.429818168566775,4.096201852799082,1.1520573924654725,1.3236099285351843,4.096194826249464,1.115152577663109,1.345735419693003,4.074005640220073,1.4141602284902532,1.2023644530658888
0.319747,4.010577919266292,1.440860622889226,1.0941745986222784,3.983456928220619,0.08966734992173263,1.4299036816530546,4.165816409127951,0.9529815985088588,1.2454978360997764,4.2352149253262725,1.0692635655321236,1.1505131161924909,4.16420474533947,1.277115513162718,1.4224887583340493,3.9208668628345666,0.049154238522563135,1.4204983246518643,4.088687206751521,0.5047419934616322,1.3365882154946376,4.005295376752802,0.9850092057012809,1.1557448484259945,4.185591854752595,1.4090741264843092,1.0765293514099725,4.06409317385586,0.06254446474714698,1.5443526550609952,4.172444605280138,1.2165920765332956,1.3536052304063952,4.189734478190171,1.1855889787236706,1.3757090652155313,3.9392493066901064,0.09429970555700964,1.340414413863697,4.012197079689741,0.9961754650488223,1.4036016293038902,3.8363022734019068,1.1181125538612804,1.2938319521059303,4.183782809200223,1.1730588668165862,1.3415703089826168,3.9304850669349674,0.057080751438060635,1.2728080013762337,3.9593457590989893,0.5266058148457075,1.4426258120554163,3.9339166517439983,1.009206200787908,1.2341561479290544,3.9212749852791258,1.4529476817160454,1.2506297310338983,4.042350598265584,0.05213414211015931,1.429413214673454,4.096119511585447,1.1516017884324943,1.3239658977617461,4.096145025595534,1.1146254277284275,1.345951124979651,4.074142385011798,1.4142407188517376,1.201837232475606
0.329739,4.0103714318404355,1.4409558104806743,1.0939890486468724,3.9836120781355593,0.08962089303426075,1.429728974153678,4.166309557271619,0.9524852435293637,1.2440082270329047,4.235673145305909,1.0702335563159435,1.1520344503405862,4.165280218038136,1.2799784903310678,1.4226604815485306,3.9209473626745632,0.04921333012860273,1.4204331330115958,4.089851168206909,0.5046152688923704,1.3368660598184958,4.005638157652914,0.9844630168182572,1.154645681317261,4.185468979686962,1.4093732606777247,1.0755483281462497,4.064160985526756,0.06247293736439759,1.5442847442398413,4.173309035964774,1.2189720152188972,1.3542336886111943,4.190602495767751,1.1881093877567828,1.3765431589948534,3.937661684947071,0.09524402115414847,1.3398085044418149,4.013542763974207,0.9970512480095937,1.4024799399097774,3.836491880834792,1.1178890184300978,1.2936644877303805,4.183888802226401,1.1725592804563285,1.3422532086111594,3.928916574946461,0.05824181172073534,1.2720433901583765,3.959189116195404,0.5274477155379245,1.44233821122749,3.9346710458127427,1.009397422395033,1.2331587109231061,3.921533236825045,1.4527569503410662,1.2505811592583058,4.040289803846966,0.05236043195218892,1.4289911414015002,4.096222320634853,1.1512108130732797,1.324662659940165,4.096214782488439,1.114186723077233,1.3465540465010697,4.074445516345552,1.4143792181837895,1.201346062214702
0.339731,4.010073677162324,1.4409654417884277,1.0936958405950516,3.983769291036932,0.08951674788226387,1.4295094693182389,4.1666456166920245,0.9520068351868364,1.2426120607676887,4.236202314823042,1.0712097784700592,1.1533566501536794,4.166352935682848,1.2824875729226413,1.4228894098834497,3.9210259476291465,0.04919088961341877,1.4203635032854083,4.090858135184286,0.5045088419685507,1.3371740049247498,4.005861766832506,0.9839908070626548,1.1536335216125793,4.185182062141672,1.4096261590180883,1.074393200291722,4.064214068499752,0.06244955179725508,1.5442229965927363,4.174226308703232,1.2211006904853343,1.354843646774171,4.191547329326051,1.1903749233174716,1.3773185860154953,3.936008078336434,0.0961770118727099,1.3390735799270566,4.014701753926155,0.9978774959827763,1.4014326274606677,3.8366849833175247,1.11765454270876,1.2933092535174233,4.183857853309397,1.172808313483792,1.342775067410553,3.9273544733911754,0.05937481923803819,1.2711541209498873,3.9589440906850677,0.5282476047916792,1.442023154628192,3.93529243101549,1.0096235460127156,1.2322351149286166,3.921484173642112,1.4526116527825397,1.2502233491969335,4.038046521071925,0.05259797161543551,1.4285860703874151,4.096256046091889,1.1513541838080923,1.3251797815570838,4.096267582107215,1.1143192306665115,1.3470475601978908,4.074616561667719,1.414544634435431,1.2007873805339766
0.349723,4.009688070299688,1.4410170115541199,1.0933721570595307,3.983916731059616,0.08933670361628974,1.4292936118338517,4.1668026909847455,0.9515245871827972,1.2411564122230385,4.236987921855977,1.072365426287849,1.154453819217499,4.166962403421844,1.2850075740831601,1.4229011409606587,3.9210671471653575,0.04907553796120775,1.4203762503402515,4.091619759802823,0.5043978994990587,1.3373171999208933,4.005930040828453,0.9836025370014654,1.1525740985892716,4.184802011560033,1.4100220960391654,1.0733045394094596,4.064275925460329,0.0624520345331364,1.5441670252101682,4.174926913244344,1.2233130324800578,1.3551711011875682,4.192306327380436,1.19275809005157,1.3778241150774262,3.9344490155705873,0.09706349154469554,1.3383347886948438,4.015690413900453,0.9986812167524501,1.4003057456383363,3.8369508903371,1.1174250513063746,1.2930040616749068,4.183952506434099,1.173121088399467,1.343033381943855,3.926077219325211,0.060480861089178724,1.270210846941096,3.9584734447234946,0.5290670793459904,1.4416464299071408,3.9357798676306963,1.0099191265366192,1.2312627492206847,3.9212893900688877,1.45250257253044,1.2497523128847279,4.035653568410322,0.052758606788881925,1.4284096441196148,4.096400135218172,1.151553196429672,1.3255013795742443,4.0964392216284296,1.1145316295965055,1.3473802136339934,4.074693061656351,1.414752735755944,1.2002009865212966
0.359715,4.009357631758923,1.4411434854089435,1.0930824797742276,3.9840895722853906,0.08912650661845688,1.4290846990831676,4.166799874502412,0.9510960501547944,1.2396227044667691,4.237932273285106,1.0736420558371105,1.155268907940833,4.1670581637433255,1.2874671167515457,1.422629327306757,3.921078117757953,0.04895694250179003,1.420483939003804,4.092150098356371,0.5043614542614624,1.3373162550566986,4.005849040560425,0.9833680539782156,1.1514555659319456,4.184567755626029,1.4106015591971373,1.0723813681256587,4.064375351914071,0.06245871409610784,1.5441050333818174,4.175365978878731,1.225548244176946,1.355159654680774,4.192811897107708,1.1951834170278544,1.3780046990614947,3.9330413994624376,0.09794140899588438,1.3376217420103427,4.016521346687424,0.9995107341146282,1.3990703645968299,3.837311761224765,1.1172501933056926,1.2929445388803718,4.184274497862057,1.1731918378328636,1.3432217213268638,3.9252374419415705,0.061622818658713274,1.2692266737407993,3.957725248083047,0.5299840328848148,1.4411719794800901,3.9361455710502895,1.010348948414031,1.2302317614490463,3.921169298062306,1.4524222079019085,1.2492567778903723,4.0330945786125225,0.052847893221387096,1.4285230542153717,4.096708986609591,1.1516032966602439,1.3258391940356062,4.096745472490067,1.1146269571080674,1.3477757731911977,4.074810780790301,1.415037468621492,1.1996428012066946
0.369707,4.009270767295232,1.4412544097484425,1.0928265749395245,3.984350710727134,0.08898226827134474,1.4288455746895763,4.166743585640932,0.9508690013452574,1.2382069170508603,4.23867151662909,1.0747438677457426,1.1557533833064053,4.1670432668231205,1.28934272818227,1.4222817578559717,3.9211008407718713,0.0489950071654108,1.4206090376948353,4.092632627359945,0.5045431242063186,1.3374424986209408,4.005720848813404,0.9833738643784488,1.1504524951125625,4.184763495494352,1.41121912742716,1.0715352948686143,4.064511738346003,0.0624444472354771,1.5440240595316623,4.175712769251349,1.2273239922624688,1.355013805169195,4.193179514233333,1.1971020504282663,1.3780135829646434,3.9316868346609093,0.09887976552090942,1.3368188891355168,4.017212422105262,1.0004084877234947,1.397892221326036,3.8376767919252033,1.1172087641961463,1.2931971358439236,4.184625346693937,1.1734003444549874,1.3437019974332238,3.9247513237048666,0.06284170113300311,1.2681323163904972,3.9567751512474527,0.5310215061593083,1.4405498199524553,3.9364451550260893,1.01094942810348,1.229294697470647,3.921263771955247,1.4523755611337177,1.248644441309207,4.0302916838982314,0.052992730952641176,1.4287738601149553,4.097016723340707,1.1517694698326433,1.3264944400325536,4.097028619681002,1.114894593596542,1.3485903436299582,4.075115788422262,1.4154381656883244,1.1991399180620388
0.379699,4.009282362383489,1.44135293841194,1.0924432269530657,3.9846780441777643,0.08890110439490281,1.4286593574610251,4.166790596455988,0.9508713638442808,1.2371645744843727,4.239298257454781,1.075620497762536,1.1561851304060216,4.16713066916241,1.2907709897895157,1.4222459345506293,3.921144768818967,0.04911250741745581,1.4206435595651183,4.093497631661486,0.5048089220156471,1.337869678513479,4.005800470823657,0.9834803462240604,1.1496829812892377,4.1851968514444255,1.411786707122015,1.0708536704154237,4.064524521279937,0.06228582327745735,1.5439601251522233,4.175861773262126,1.2287422829164252,1.3549460166500824,4.1932596744955735,1.1985990026273372,1.378077631352929,3.930387982093994,0.09972229154490868,1.3359199267969284,4.0177083883915135,1.0012971155807988,1.3969049766184394,3.8379258852129423,1.1172702006057063,1.293535075298809,4.184680661230144,1.1741860378378715,1.344405526988318,3.924259937381791,0.06383807346065899,1.266982294106897,3.955671513399439,0.5319494433921703,1.4398692087003115,3.9368006046642354,1.011558759884798,1.2284682091253225,3.921252401641089,1.4523847222538042,1.247800590707367,4.027512940259203,0.053262243122887666,1.4288974008835125,4.097142480527006,1.1522539607531102,1.3272613975833951,4.097200633738575,1.115484631335215,1.349518853472978,4.075487799051489,1.4159495053239188,1.1985697013234473
0.389691,4.009236906399701,1.4414436805520554,1.0918994691582136,3.9850318251702554,0.08892711759810112,1.4285991119443275,4.167193130811235,0.9509549740492454,1.236696553510742,4.240061867810036,1.0763710260737855,1.1567967272895847,4.166835789763615,1.2919597215201217,1.4224589526987714,3.921242855118195,0.04929220203513892,1.4204997822560501,4.095118033787611,0.5050263712974068,1.3386546728550668,4.006441920435411,0.9836133088253016,1.1491827824946208,4.185624386848621,1.412274092550641,1.0704289929628992,4.064352310406781,0.06202044929112045,1.54394122827794,4.175566643548575,1.2299378441689819,1.3550144026629791,4.1928841175322065,1.1998779323923137,1.3782982105496482,3.9291026336395776,0.10047863924715339,1.3349271491311885,4.018189815769885,1.0020986467678428,1.3962016194948579,3.8379757525124774,1.1173781449281455,1.2937655613530357,4.184389544979855,1.1755048442722373,1.3448944985208746,3.9234249004937762,0.06444084209699895,1.2659057234123228,3.9544851627012942,0.5326971159472617,1.4390175466302042,3.9374894679407535,1.0121453172466983,1.227734946209808,3.9209402842900007,1.4524340958710138,1.2468017534207259,4.025091502929278,0.05397767095568205,1.4287903838963643,4.09701278231115,1.1530624593365277,1.327786707315383,4.097195565661021,1.1163985153006992,1.35018219384874,4.075695133161533,1.4165194981318276,1.197986964336436
0.399684,4.009361779590997,1.4414169199521185,1.0916853414347736,3.98542889582133,0.08934742723692608,1.4285590698627582,4.168378626463487,0.9506664629197996,1.2367794574942041,4.2410469021962065,1.077177124090291,1.1572947284052046,4.1641349199877515,1.292480038462958,1.4214830207673113,3.9215282615304066,0.04996336933120362,1.4201802746987415,4.097396013223592,0.5054079596881315,1.339664901765978,4.0080501000003315,0.984136585583083,1.1488425646640914,4.186246767041325,1.4127270908202407,1.070136420722191,4.064389323191704,0.06222525519444245,1.5439138228630536,4.174571232890951,1.2304040195562758,1.3548731444527855,4.19217752805753,1.2006595101698525,1.3783627621253645,3.9275530469918065,0.10185972484121447,1.3337293542114022,4.0195323473153906,1.0028806943440705,1.3958088870055991,3.837877471490133,1.1175420335106532,1.2941366202243003,4.184556270114239,1.1760086282212059,1.3443299297100542,3.922302152078115,0.06523181037953094,1.265067683605338,3.9533881205678423,0.5339097591587434,1.4372033009993854,3.9390961448743065,1.0132464623758026,1.2271591215493247,3.9210193130985687,1.4523889357376287,1.2462374438933346,4.023101098847933,0.05616372639430588,1.4288984141276073,4.096849329286819,1.1537812910077703,1.3279700312967537,4.096918808396942,1.1174351714849502,1.350833857464723,4.075546433947472,1.4170248786598691,1.1980806988699468
0.409676,4.009644893190959,1.4413501488032863,1.0915957800543612,3.985794962337631,0.09009725638775921,1.4284785009816285,4.1699687934733864,0.9501346254675793,1.2369880107716937,4.2421720336380275,1.0781063364521468,1.1575336618284726,4.159867040363947,1.292539626865264,1.4196751539408445,3.921937442995568,0.05103447276883683,1.4197625199276644,4.099766398339271,0.5058744385789572,1.3405385321248504,4.010042278030487,0.9847195232652907,1.1484818350664792,4.186842778280303,1.413228364807551,1.0698606436750704,4.0646468479085645,0.0628134230631524,1.5438721452793822,4.173131361334631,1.2303843403934307,1.3544939822650963,4.191302159587766,1.2010953308237906,1.3781789724250832,3.926126878047947,0.10355878916576555,1.3324696554180766,4.021439575218695,1.0036488833357577,1.3955383705539754,3.8378059583324564,1.1177074508714404,1.2946052238948842,4.18512046793178,1.1757101177716593,1.3435380358790712,3.9212189081827393,0.06616693366818012,1.2644117053251194,3.9524834861616154,0.5353136461593834,1.4349907835571043,3.941120033172362,1.0144697619355876,1.226643819451508,3.9214344380179065,1.4522398127106306,1.2459591899200853,4.021590502050064,0.058981333927378095,1.4291364063242835,4.096789897897318,1.1542596334730764,1.3281978914692028,4.096537066633701,1.1183481638018578,1.3517277956894802,4.075169537198567,1.4173454308831004,1.1985169273629623
0.419668,4.009790451872007,1.4415081490194825,1.0907142715194005,3.985987535641775,0.09073924180955978,1.4283953754601346,4.170846815266177,0.9500857868961105,1.2366153705959835,4.243184979949878,1.079072101603758,1.1576307257742255,4.157821297325127,1.293037338165034,1.419300555410907,3.922218055145979,0.05185796599683194,1.419377435017138,4.101377861818215,0.50603746879222,1.3407970132717422,4.010973558435044,0.984379043269252,1.1479194414042302,4.186786441811229,1.4138637651914228,1.069540603362049,4.064685922399779,0.06296560838727183,1.543877977778189,4.172001864740808,1.2309111765394918,1.3542473479222767,4.190414957553403,1.201800562976229,1.3779736525051858,3.925807973800935,0.10422394125826638,1.3315419023712292,4.0224351812581745,1.0043129412886662,1.395044728742221,3.838003959058076,1.1177534413490757,1.294768830928807,4.1850534668316675,1.1761547812217723,1.3448604926740146,3.9206548176468625,0.06649132773776305,1.2636750320188475,3.951788781102245,0.5356907575718635,1.4342418201704727,3.9420529259912973,1.01452396075449,1.225959377556556,3.9212869673400683,1.4521145409872702,1.2450410990798382,4.020592658120975,0.05981767303806222,1.4288531687111532,4.096813608198147,1.1546932474979306,1.3292138821696675,4.096441184824616,1.1189234715196392,1.3529687206124155,4.074987493313387,1.4174081068260167,1.197932408263709
0.42966,4.0099239659473715,1.4418308043816588,1.0893514891016547,3.986196553062503,0.09132877391042671,1.4284591233663126,4.171343990786247,0.9504259454598734,1.235890308053573,4.243693060844833,1.0798957560553843,1.1576866182008492,4.157793669241002,1.2938186606664959,1.4199704989240929,3.9224896291546933,0.05260608680102461,1.419060237752633,4.102466583746897,0.5061230971778162,1.340736265846472,4.011264555503643,0.9836768823647112,1.1473641554924534,4.186582226058708,1.4145385290372632,1.06913472319091,4.064540996553971,0.06268514848103442,1.543984851129636,4.171392114743642,1.2317387042383943,1.35426689672839,4.1897414580665595,1.2025668152376277,1.3779395473516407,3.9261513758483706,0.10417158434846056,1.3309368295640087,4.022983166755116,1.00478415563563,1.3945163838496113,3.8383763827842827,1.1176877525207327,1.2945883387540693,4.184511815255236,1.177146076496507,1.3474985556254202,3.9205281308590103,0.0664227663283677,1.262956598343106,3.9514054566149057,0.5354450427848481,1.4342423857822038,3.9423392920706797,1.013965789793982,1.2253510719032834,3.9208626491395586,1.4519526488314471,1.2436324909111518,4.019866260748801,0.05934565032915784,1.4283741796239706,4.096829568018168,1.1550814752302796,1.3307226011813988,4.096475164485605,1.1192808377410548,1.3544332271711723,4.075027158233581,1.4173676216062847,1.1967072581889677
0.439652,4.010272816182103,1.4421384528792156,1.0881709803145916,3.986632396373626,0.0920101706257313,1.428760388373621,4.1721236531179615,0.9507910466515356,1.2353401095341305,4.243567657959133,1.0804285352003542,1.1577351539878478,4.158108064881206,1.2942940094140518,1.4205011077884278,3.922939397319104,0.05358900378826489,1.4187887988442414,4.103482004476417,0.5064704762879462,1.3408202537096054,4.01182472965954,0.9835235609267219,1.1470824167831384,4.186926484324582,1.4151063821283434,1.0686536691538326,4.064394816560358,0.06227170379337768,1.5442010862531965,4.171196131941405,1.2321813951630929,1.3545269943232794,4.189440133328386,1.202913578721024,1.3781530396730546,3.92636382724204,0.10421450385568286,1.3305099633114466,4.023962129975751,1.0050272187754086,1.3942624055751185,3.838727272846652,1.1175983564637897,1.2942173205241012,4.184038374408367,1.177980103492508,1.3497191116783562,3.9205374014873913,0.06645251095601457,1.262461858051565,3.9513510973929185,0.5354137753686857,1.4336864494964512,3.942919980017401,1.0138236467575212,1.2251151428105858,3.9207558887145617,1.4516883405971495,1.2422445252744285,4.019194358624284,0.05917413545987667,1.4282270049863606,4.096766852293855,1.1554155759337137,1.3320893549638486,4.096366328826307,1.1196722408916109,1.3558782359328039,4.075165928334231,1.4174146223641642,1.195739927381893
0.449644,4.010787241424852,1.442352189336681,1.0871908714433842,3.9871365135148,0.09252278401067161,1.42909755435846,4.172870506813142,0.9511606477074838,1.2350964175184636,4.243567929732955,1.0807155588868866,1.1576660593503227,4.158318713247628,1.2940784955981266,1.4210250553068384,3.923456884417717,0.054421123866025836,1.4185113324715082,4.104065681023998,0.5069246146413547,1.340976726905028,4.012470831633716,0.9837726755922686,1.147004255530731,4.187573882042489,1.4155141645659317,1.0682284951701952,4.064203183009759,0.061738647559183936,1.544427789817796,4.171161108380881,1.23203574099001,1.354887248091374,4.189386873507295,1.2027016263164731,1.3784319239149923,3.9265585400932346,0.10433315140214093,1.3302711176716093,4.024846255868169,1.0051437329002282,1.3942332798108032,3.8390189412801705,1.1176210605947492,1.2938473755255822,4.183657887462608,1.1788819109824715,1.3513331875507393,3.9205087955937694,0.06653512293412617,1.2622100832590661,3.9513044386516056,0.5354930496527792,1.4330020694031427,3.943544186457709,1.0140029416856795,1.2250773733097833,3.9208430781580463,1.451486625780135,1.240959706045022,4.01877222693553,0.05917753644060234,1.428213139450036,4.096684875348311,1.155936068306693,1.333100633846679,4.096230554658783,1.1202874449856792,1.3570176593059209,4.075393200595626,1.4175496253345887,1.1950588945140188
0.459636,4.011376061717318,1.4424963574112533,1.0862752121025487,3.987664531937642,0.09271529073031706,1.4294449745159745,4.1733664126917756,0.9515726851102626,1.2351010131851985,4.244158544828956,1.0809148626660594,1.1574346206427977,4.157985695180359,1.2932323264123013,1.4215598744811293,3.924017309383207,0.05493903234344063,1.4182624618518986,4.1041934212012166,0.5073009960713009,1.3410414508773965,4.012945526534318,0.9841777314846811,1.147129149611776,4.1882653925838325,1.4158406373097843,1.067908286820919,4.063867104094664,0.06094624312211516,1.5446445519210754,4.1708794568401055,1.2314362215612404,1.3551050682372798,4.189192841189899,1.2020906919133298,1.3785455578899488,3.9269504779744278,0.10442608750707982,1.3301170456176428,4.025335133714072,1.0051709878573865,1.3943894778011672,3.8392394894143376,1.117746574177325,1.2934918262492912,4.183196063001093,1.1801711142803306,1.3525295155692552,3.9204789091995855,0.06655952722718929,1.2620813836438884,3.9511127443943375,0.5354844004114373,1.432395729194087,3.943925735564512,1.0142555247792044,1.2251884386626868,3.9209593070481032,1.4513897784560903,1.2397670844534752,4.0186554467271165,0.059095384995702244,1.42816629565957,4.096535129344952,1.1568125280857156,1.3337658604539049,4.096107176060765,1.1212198577100787,1.357751148791678,4.07567594347813,1.417730217869281,1.194505473071867
0.469628,4.0119567780881535,1.4426399466534752,1.0852661634248681,3.988347490483277,0.09262885739040289,1.429972049598739,4.173695090844939,0.9520446762193548,1.2351821390461946,4.2453080802349,1.081248623630111,1.1571135125785148,4.156539855319013,1.2922268750888144,1.4217763048565546,3.9247168621213624,0.05532762285130444,1.4181610031873595,4.104332347079798,0.5074892705458693,1.3408581301560771,4.013155802345164,0.9846183591350584,1.1475755039760445,4.188925194556048,1.4162624452698136,1.0676232585578689,4.063301864163437,0.0596904049514959,1.5449083170072904,4.169898260291206,1.2307567160350381,1.3549099360702712,4.188338167879037,1.2014663845181783,1.3783133967451144,3.927635719261562,0.10447224128236043,1.3298385822143215,4.025643176510449,1.0050574166787607,1.3947660808020852,3.8394110045594463,1.1177812256369604,1.2930162845236874,4.182454135635608,1.1820165763180295,1.3535957914879388,3.9206496724980497,0.06647196662779686,1.261876024776516,3.950873501417895,0.5353004495835513,1.4315806610332122,3.944012933621305,1.014426303444616,1.2256063770844974,3.921038802578677,1.4512478903035857,1.238622838222756,4.0186725811679755,0.058881769405481246,1.4281025278468085,4.096190886962954,1.1580515721895486,1.3342777661798693,4.095923134078936,1.1224474192997576,1.358232187158723,4.075938932565628,1.4179125858409685,1.1939065845566015
0.47962,4.012457254021792,1.4424533606120034,1.0842035766796747,3.98912677903982,0.09223447691617982,1.4303898656780554,4.173957917857309,0.952447234665543,1.2353435481228463,4.247039265134584,1.081744807787443,1.1568969876832162,4.154218381128004,1.2911556873099037,1.4216465549191772,3.9253955197600567,0.05548916627592764,1.4181820292430103,4.104629476029281,0.5074663076098395,1.340325018278658,4.013278071291366,0.9852290967544698,1.1482725944676309,4.189597458569576,1.416707345853284,1.0672775122815432,4.062666931060443,0.05816731890330191,1.545032081221496,4.168539234132538,1.230012530299928,1.3545311869741226,4.187164534448449,1.2008776342409422,1.3779747153346351,3.9282717531438522,0.10453001013655924,1.32962173712678,4.0258948376453825,1.0048282762321066,1.3953490331015956,3.8398316240711465,1.117438572397757,1.2927478530244825,4.181990685611387,1.1839999390399856,1.35462822419005,3.920866784121539,0.06642380155566727,1.2617051861264827,3.950646116395913,0.5351174408114479,1.4309877479954491,3.9440806518373015,1.0147236792986372,1.2263007631740737,3.9210608167421372,1.4508388146812459,1.2373952153103351,4.018729554262034,0.0587100728373458,1.428075978958914,4.0960524461790495,1.1593914827409066,1.3349433099387886,4.095984569682755,1.1237987391290345,1.3588979024662118,4.0761449206638325,1.4181292398539518,1.1932939699260001
0.489612,4.012917288173908,1.4417190997795577,1.0832092418347226,3.9898586833995426,0.09162197816408232,1.4303003183280756,4.174237922321712,0.9526000401323101,1.2356315454284057,4.249220653088908,1.0822895711160594,1.1569242966192541,4.151568363116349,1.2898926713271226,1.4214064268070585,3.925821279373693,0.05537648940104313,1.4182393481169182,4.1050329529688385,0.5073318780276309,1.3394621882469602,4.013573087252027,0.986153038850053,1.1490053080813065,4.19036033526882,1.4170215232931833,1.066900624442997,4.062302492606963,0.05694256963404545,1.5447596293002583,4.167315681144478,1.2290807159968071,1.3543220791745767,4.186175002508769,1.2001773318585518,1.3778474845266646,3.9285453775594483,0.10465938115082758,1.3296601826678354,4.026157499430656,1.0045217600269014,1.396029328596002,3.840727770472535,1.1166241403740482,1.2929966115932225,4.1823108153860655,1.1855900033481424,1.355812156156504,3.9209297143169546,0.06655195253344595,1.2617217668658143,3.9504156607669367,0.5351298976311664,1.4310008477052942,3.9444328379487215,1.0153962426175394,1.2270768086115622,3.9210045282972703,1.450076584975238,1.2360205267157662,4.018791562696271,0.058748674235811364,1.428125334032627,4.096494656607525,1.16050577481979,1.3360158175352073,4.096528820423486,1.1250414281307866,1.3601409089483498,4.076311888912498,1.4184085289057176,1.1927874667079321
0.499604,4.01366572790766,1.441044383119868,1.0823710132146882,3.9904271115023504,0.09130609905278636,1.4296225813665795,4.174564589137252,0.9523816775420794,1.2359717617127481,4.25119483812999,1.082633501364576,1.1570259650022217,4.14893956602959,1.288216383905095,1.4215976261379089,3.9259123511077645,0.055465444670541,1.4182709425333193,4.1053922748676,0.5074112219770172,1.3385531925785403,4.014187721653967,0.9872322434133118,1.1494213191483988,4.191242075907945,1.417157914151713,1.0668884873337054,4.062716044238005,0.057048807031199175,1.5439767757562144,4.166260004108768,1.2279298583423457,1.3543242064675851,4.185194420052791,1.199123320664103,1.3779204580100053,3.928782107733191,0.10482680735416725,1.329651096064258,4.026491147380117,1.004108856672407,1.396509695660485,3.8417729720807485,1.1158732031568412,1.2934131683132821,4.182790847667952,1.1867037095165631,1.3578135139257663,3.9209825267603,0.06669211806011971,1.2617845647443215,3.950030742206552,0.5352473013332256,1.4309171413799622,3.9450403525134767,1.0163324718904334,1.2275531334006955,3.9208009587449113,1.4493280889820774,1.234733778559785,4.018871394186218,0.05888214208297181,1.4282088266398332,4.097133207105337,1.1612344119250717,1.337457308026831,4.097106978978985,1.125967392711253,1.361870212077182,4.076554615918409,1.418668527180434,1.1924805369663585
0.509597,4.014704599303453,1.4406529665365426,1.0816832943512258,3.9908786282338773,0.09142959339098487,1.4285682583067811,4.17496278638406,0.951986301261367,1.2362208912145725,4.252618313178601,1.0826085539283872,1.156912529364557,4.14664916444242,1.2858021389947574,1.4223743233279218,3.925827171345707,0.05587548543395258,1.41826684529517,4.10570316102471,0.50775139950567,1.337689437159819,4.015003709914333,0.9882940576117117,1.149495985742347,4.192246148205924,1.417150155342148,1.067327433454393,4.063828117604672,0.058388206000648236,1.5429016618250913,4.1653754246454655,1.2263184260969846,1.35449387248222,4.184217586287747,1.1973993414852562,1.3780648585202362,3.929061650721813,0.10500795093340683,1.329469891486391,4.026920301763069,1.0036552479189382,1.3967252076985956,3.8428242957369827,1.1152597943820246,1.2937000147354547,4.183177990564222,1.1874519270033093,1.3605359242085668,3.921071957483911,0.06677800120682671,1.2617882341012618,3.949465281868212,0.5354004825896991,1.4305457525434309,3.945761861209908,1.017309258608776,1.2277114861925884,3.9204985647388506,1.448691424153612,1.2336415317483105,4.0189445092268175,0.059051912877858444,1.4282813435854946,4.097774071989611,1.1616572501690812,1.3390920587577322,4.097557849788192,1.126596014243895,1.3638208120710282,4.076837884615987,1.4188639271549652,1.1923477858375524
0.519589,4.015651867825283,1.440217715820664,1.0810639507589483,3.9914286325725707,0.09163401056121896,1.4275864070378028,4.175456054985926,0.9518799129483567,1.23621161833408,4.253620225808268,1.0822024119386446,1.1562832461488004,4.14496456969921,1.2823407243190617,1.423408106016868,3.9259270113659968,0.05625334873860916,1.4182629632275479,4.106123900021738,0.5080751349889077,1.3367458734754751,4.0156765694178365,0.9892197167505353,1.149556028972585,4.193348321661819,1.4171022293985527,1.067903446014648,4.064907171887561,0.05960037893510092,1.5420763406069944,4.164717987329591,1.2238576799463807,1.354755027224143,4.183533213169917,1.1947313254869725,1.3781086673713414,3.9291027842015183,0.10520189763808133,1.329286899895138,4.027435076193043,1.003325212680931,1.3968820231790084,3.844033075611017,1.1142906646445292,1.2937676258310213,4.183810324458449,1.1880535853991738,1.3630344442034585,3.921081637630558,0.06689869044124133,1.261739035894051,3.948871404849018,0.5355981809059043,1.4304064783795278,3.946423810713293,1.018083053218881,1.227923294754927,3.920270998426066,1.4479111547845438,1.2326653915145556,4.018946778471627,0.059303686061380846,1.4283181268380267,4.098564886490047,1.1620574577310656,1.34067251576376,4.098147576200079,1.1271675251448587,1.3656609188436528,4.076968568974143,1.4190158403741848,1.1922572124324342
0.529581,4.016476631745991,1.4397880299052808,1.0806063204902463,3.992213012873835,0.09160556551350976,1.4268753899271582,4.176017085466908,0.9519424999626619,1.2360139221513071,4.254426463933628,1.0816876049773183,1.155334634984894,4.143737034512354,1.2784043065880664,1.4245150177420125,3.926259227401845,0.05652822329336312,1.418229781156099,4.106634958807377,0.5083899487718997,1.3360159652516965,4.016272735682593,0.9899784919450803,1.1495538145888111,4.194453879972739,1.4171177259937324,1.0684910811810222,4.065598712409552,0.06022033963221873,1.5418410553804904,4.164264468151241,1.2210101327241036,1.3550517381808362,4.183160793884002,1.1916794982880081,1.3780739330849385,3.928977634477643,0.10536454761691126,1.3292234160912149,4.028062020756778,1.0031070393807109,1.3969516644221995,3.8453672833030548,1.1131069955281234,1.293668576986762,4.1846011561651215,1.1885497873252386,1.3652542213118806,3.9210200850919974,0.06702054773413253,1.2617400607162252,3.9484680313788907,0.5358264260356825,1.430341158643608,3.9470819359001523,1.01868503451927,1.2280943351129237,3.920152007038923,1.4470543803741402,1.2318808626772597,4.018909566076891,0.059553401001534834,1.4283586165252382,4.099458395498801,1.162438049860278,1.3421665125693922,4.098864962204078,1.1276693516140228,1.3673379773795231,4.077001590953913,1.4191688319060909,1.1922565391384816
0.539573,4.017283036602264,1.439513247185982,1.0803649372209003,3.9931473524516408,0.0912064912344702,1.4264573017673807,4.176599200087396,0.9518873771411465,1.2358041540622835,4.255273433141732,1.081374967345554,1.1543932064308187,4.1426581551629855,1.2747279964780773,1.4255905065980548,3.9266172342329133,0.05676678600698591,1.4181653764382602,4.10709624408812,0.5087613334564312,1.335780182270152,4.016972922951964,0.9905622512869422,1.149358587909011,4.195465720870143,1.417266484334784,1.06906209537829,4.065819186548091,0.06029585524796676,1.5422155319228428,4.163942170202977,1.2184296498714888,1.3553259774925754,4.1829807151713485,1.1889565813916194,1.378023837604881,3.928876899176396,0.10546274363222646,1.3292968131643357,4.028778522153919,1.002935620315556,1.3968630384630683,3.8467085574142876,1.1120441112198067,1.2935016961183545,4.1853270377974345,1.1889947325021875,1.3674128272546668,3.9209525757811883,0.06709023710947364,1.261851624928064,3.9484301219138342,0.5360527660327699,1.4300338466569877,3.947828559703955,1.0192113549452995,1.228018572542504,3.9200951936982547,1.4462754297660698,1.2313098929220676,4.018883970777442,0.0596947125183472,1.4284302959768012,4.100327667512524,1.1627851752284675,1.3435848922880418,4.099574642251845,1.1281044700203635,1.3688925086287318,4.077045894348485,1.4193453235659044,1.1923906272868543
0.549565,4.018059924309191,1.4392823350448096,1.0800524146275332,3.9936618984759495,0.09069749770434012,1.4262062915080198,4.1771716798855385,0.9517596845495018,1.235735861121622,4.256327893693848,1.0813108499882065,1.1534867324006368,4.141524116326169,1.2713222198871583,1.426531394798764,3.926528510424572,0.05701168273684646,1.4182308342409056,4.107286273745253,0.5090193742701808,1.3357092779568311,4.0177182979637855,0.9909188761181199,1.1491284471029808,4.196373016794242,1.4175279936969307,1.0695845454611068,4.065704329778744,0.06003991685466827,1.5426154851672234,4.163649165887572,1.2161538385192041,1.355489369102596,4.182862368801493,1.1865852544053264,1.3778796455630042,3.9288283152550294,0.10555272806838668,1.32932192605328,4.029378547661927,1.0028342890288193,1.3967557567250557,3.84796367115337,1.1110964225603701,1.2933228821486966,4.1859891461025525,1.1897172547538648,1.369252793931224,3.920925684931067,0.06717211940534527,1.2618967369193153,3.948733296237701,0.5362292355540694,1.429677486041953,3.948555038313274,1.0195776679159854,1.2278240644646274,3.9200228067031504,1.4455195038080544,1.2306108248608651,4.018847396167978,0.05974032898845269,1.4284460693408407,4.10110867951573,1.1634169453652596,1.3447708248180295,4.100195760708216,1.1288625975332902,1.3702524230711093,4.077021855485798,1.4194818041953785,1.192455001097037
0.559557,4.018766681224432,1.438994501530214,1.0796348376922595,3.9937612674526384,0.09023157150902786,1.425973846818311,4.177782371669389,0.951626926122526,1.2358104446540132,4.257593819759818,1.0814378215391864,1.1526108733445406,4.14029297094819,1.2679803771295088,1.427362320610631,3.9260704920651626,0.057259421353881304,1.418412669962024,4.107284784796522,0.5091288769824454,1.3355558798688592,4.01851458467535,0.9911480185169524,1.1489655575927344,4.19716880371513,1.4178673034779417,1.070088415684706,4.0654834791089085,0.059719500581499066,1.5427694825336529,4.1633325445903955,1.213974539874887,1.3555946882403371,4.1827407772889655,1.1843372390024403,1.3776857484675786,3.9288526253074885,0.10565756191459662,1.3292546379259609,4.029853505883734,1.0027509964336405,1.3967048742458426,3.849107660452206,1.110236262540369,1.2932127543604213,4.18661092939945,1.190791474220658,1.3706194217959067,3.9209673639999534,0.06727289245077174,1.2618494588228006,3.949407071584537,0.5363282209565323,1.4294035672931389,3.949266631265965,1.0198084037607533,1.227629711238014,3.9198438332523304,1.444768386869021,1.2296766863132595,4.018804567469776,0.05973298830908355,1.42842449626677,4.101817200721191,1.1643574430692787,1.3456446157610562,4.1007633967397,1.1299851712519224,1.3713673070762291,4.076890265751103,1.4196078341582716,1.1924492007201786
0.569549,4.019365762654004,1.4386301496213716,1.0794052052671594,3.9941355370105716,0.08974946947809216,1.4256403211998694,4.178531242758062,0.9514990737600001,1.2358696396821562,4.258914385668316,1.0816397123542207,1.1517671773638043,4.139065727797902,1.2644255993697733,1.4282143887180203,3.9259401417017616,0.057441927927637,1.418487690622015,4.1074580526109,0.5092252549864545,1.3352707677740847,4.019460321220853,0.9914933393155437,1.1488381913230366,4.19784276610281,1.4182559274393687,1.0706761095602302,4.065422100109474,0.05957805145401051,1.542879665592474,4.16299316570579,1.2115635349987846,1.3558165843648005,4.18261454537512,1.1818714851215097,1.3776120518090553,3.9289785160453503,0.10574518088644132,1.3292296638793886,4.030412204948989,1.0025485811240953,1.3966608142534405,3.850190481914494,1.1094679784822068,1.293249756867303,4.187174687686683,1.1920033905849494,1.3716110860018156,3.9210771781649156,0.06731626898081794,1.2618765100667473,3.9505266404476385,0.5363516154893004,1.4291617949434596,3.950105589335637,1.0200699010280099,1.227457566471539,3.9194789822779827,1.4440794703925384,1.2287318859110365,4.018797529165225,0.059723381931295595,1.4284996278644229,4.102524596474093,1.1652880668262653,1.3462694553033323,4.101404534675466,1.1311011078607092,1.3722541465292342,4.0766931961948885,1.419852548510399,1.1926281451153775
0.579541,4.019924738397676,1.4382997956051904,1.0793928918802664,3.994905969279035,0.08912947453292362,1.4252841153828943,4.179243261415304,0.9512626955122547,1.2358355166691197,4.260226372060915,1.0818524925796382,1.1508142108599426,4.137774611579503,1.2606293681393044,1.4289023648484904,3.9263183708602867,0.057359256680123163,1.4184200095390525,4.107575345827066,0.5091920131617702,1.3346497720591912,4.020416361953429,0.9918891994342237,1.1486279697425608,4.198461611567519,1.4187027464986512,1.0714538964143279,4.065571543837652,0.059443532903192445,1.5430873512619847,4.162565901848459,1.208881884206385,1.3559639949109572,4.182373255255506,1.1791228364036395,1.377475496225165,3.9290981440392665,0.10579217647108445,1.3291917421115822,4.030896856583738,1.002243443359813,1.3965129659616065,3.8512763384367976,1.1087000797511568,1.2932014160497758,4.187497310129904,1.1936126935382059,1.3726294887510995,3.921168648998378,0.06728220273289828,1.2619167423624396,3.951719567629305,0.5363252608087135,1.428840724545864,3.950940737175416,1.0203731124904576,1.227184460983627,3.919012432364803,1.4434393880325318,1.2279083800757074,4.018796983107753,0.05974399724824932,1.4285761885273096,4.103119649202327,1.1663815803609079,1.3468688469509102,4.102009653997813,1.132358371434342,1.3730845085097882,4.076445395587374,1.4201501320025518,1.1930145391370088
0.589533,4.020512547106273,1.438136786738522,1.0794938212281244,3.9958985455458658,0.08832127846004556,1.4250786220416696,4.179673814155608,0.9508336729828585,1.235676096103033,4.261531757995964,1.082065917468749,1.1496897015745404,4.136386445992899,1.2566939004758546,1.4292985205012612,3.9270861167320126,0.05688977296144892,1.4182970477944257,4.107283159869205,0.5088871627694512,1.3335503553362351,4.021158392724188,0.9921614490680146,1.1482075174623667,4.199092843945703,1.4192232563304394,1.0724675443712275,4.065852018271405,0.059056538051080146,1.543500174672175,4.162042702299149,1.2060438549384267,1.355875326353803,4.181963389682035,1.1761801823136657,1.377118010725199,3.9291143761720826,0.105806401333509,1.329068501433432,4.031038480709653,1.001930091433623,1.3961497674928631,3.852434971308215,1.1078240374725785,1.2928218945523462,4.187463975811888,1.1958342904954309,1.3740246558288527,3.9211698758573785,0.06720719158589969,1.2618710372703463,3.9525991894244563,0.5362910115537644,1.4283873567420657,3.9515359017949945,1.0206508507892937,1.2266563274884632,3.9185714370675244,1.4428035790133897,1.2272678956898635,4.018764089590452,0.05980296034640891,1.4285402771740277,4.103512224037625,1.1678445186011535,1.3476371800949727,4.102463876505805,1.1339461378898026,1.374010012414883,4.076142084932381,1.4203750259465142,1.1935046659563142
0.599525,4.02106060612674,1.4381636590839044,1.0796076983920295,3.996924007980228,0.08754538805095381,1.4251937550208043,4.17976542775106,0.9503746595665983,1.2353731511122878,4.262878694846432,1.0823458197376103,1.1487449579451412,4.135206540849091,1.2527490332648374,1.4298695110585289,3.9280183150759433,0.05630746650855762,1.418283812546609,4.106715280627567,0.5084519742182776,1.3322320710389661,4.021557296730905,0.9922618476140508,1.1475385706956045,4.199701730673963,1.4197998693292873,1.0735907681115537,4.066107126913532,0.05847802773275589,1.5442405510492945,4.161671082261376,1.2031945483633548,1.3559731096192777,4.181648079073253,1.1731860497497066,1.3769362851339202,3.9291462762122578,0.1058665751494181,1.329007717359356,4.030774715628302,1.0017070878229948,1.3955370592084042,3.85373816769486,1.1068170435293143,1.292251948719225,4.187371800474104,1.1981040298322543,1.3756069280708672,3.9211657458353395,0.06720298541770159,1.2618546636212145,3.953353536295764,0.5363034997525499,1.4279828858590804,3.951746422473397,1.0208368067900675,1.2258293861458185,3.918181446655621,1.4421405330232646,1.2268174901440982,4.018733154114885,0.059864139961482404,1.4285431159624837,4.103922201650001,1.1692949960990129,1.3484799441167579,4.102963882187086,1.1354455506215482,1.3749235584654236,4.0757669297644386,1.4205060596963632,1.1939718998455877
0.609517,4.021563503903757,1.4382694531471056,1.079654765561893,3.997810106812805,0.08692952937340491,1.4255926067688671,4.179654932486972,0.9500008442607509,1.2350338997510566,4.2643047577743936,1.0826918614319692,1.148056396896538,4.134474948229405,1.2488717729810528,1.4307508194170497,3.928900647047008,0.0557637299001462,1.418439444195582,4.106029315151942,0.5079943916846588,1.3309190641026123,4.021697680769796,0.9922257171056319,1.146780662112535,4.200285981072863,1.4203719197897209,1.074726841953291,4.06628132771124,0.0578945000681469,1.5451963809151656,4.161634078220214,1.2003836298474377,1.3563891690194705,4.181687053065692,1.1702349078672167,1.3770552419725468,3.929259167761696,0.10597097766772219,1.3290307148621774,4.030264443559375,1.0015770130605277,1.3948259253379742,3.855258489730797,1.1056877716910538,1.2916278462707391,4.187314910622756,1.2004262373738184,1.3773074279132551,3.9212270041928536,0.06727578824070801,1.2618901293804143,3.954166984866476,0.5363397595460969,1.427715916767853,3.95166806209169,1.0209071179744862,1.2248877657128996,3.9177926891366104,1.441415470164581,1.2264104862335556,4.018741228920468,0.059891028016620745,1.4286181111014111,4.104441134106859,1.170737735074302,1.349391027113566,4.1036012645000035,1.1368917904521245,1.375861235758718,4.075329812776014,1.4205625467024876,1.1943569672590273
0.619509,4.0220938061833795,1.4382301512357332,1.079566988916667,3.9984220615379016,0.08642823243148695,1.426006829626291,4.179643201567054,0.9497152756101817,1.234888752781046,4.265840004949132,1.0830103725536568,1.147336781296755,4.134285623088087,1.2451070382540965,1.4315864833242538,3.9295710224486533,0.05517654866034471,1.418680683411665,4.105300783227884,0.5075193957828387,1.3297092987300634,4.021867207374812,0.992140881903711,1.1462745598849713,4.200884500856368,1.4208472884618581,1.0758422139995856,4.066449866938141,0.05755632152101722,1.5460012616247933,4.161993233081399,1.1975820994817241,1.35681155268019,4.1822180929214,1.1673560498767843,1.377185109398157,3.929405125102355,0.106023936619072,1.328989143289112,4.029859456332753,1.001442782121646,1.394340542966253,3.857037832734181,1.1044652898744167,1.291002325217578,4.18708749459743,1.2035118513443432,1.3792565825344256,3.9213583647532673,0.06730823307507866,1.2618660404653999,3.95510650306391,0.5362949281169118,1.4275405334698172,3.951630348602237,1.0208785145953143,1.2242236296496702,3.917298656782352,1.4405894061069178,1.2257522442404196,4.018800249712466,0.05986488710285737,1.428627091912201,4.1049494392431045,1.17266847463099,1.3504901570483856,4.104278566934412,1.1388815959821297,1.377034180744845,4.074863387668443,1.420575543435413,1.194659168011787
0.629502,4.022533123300476,1.437971369069992,1.079187132398749,3.9987449918504994,0.08592025833706697,1.4262283419083566,4.179852609548268,0.9494738842526618,1.2350121850382654,4.267628804004283,1.083200718581766,1.1466264738888143,4.134731146078733,1.241777780014559,1.4321483630050196,3.9300126717171096,0.05439036452661965,1.418894725471666,4.104538493567614,0.5069882896008386,1.3286872021679856,4.022154326500484,0.9919502030535372,1.1461239914801646,4.201394744609738,1.4212269108453985,1.076849183098998,4.066672791436529,0.05759352165670969,1.546454890229016,4.162860422137964,1.1950667842714315,1.3570453355467345,4.182960009390645,1.1645905261452387,1.3771613618903031,3.929487879980275,0.10604195156064053,1.3289164904046133,4.029746876705485,1.001306356385729,1.3941998425648559,3.858868633387841,1.1031923883141304,1.2904441370150062,4.186651280269167,1.207156101099739,1.3811619493071157,3.9214277105377304,0.06729807833861877,1.261817124882113,3.9562892273992483,0.5361499289808589,1.4275823982396052,3.951755654850663,1.0207008740225674,1.2239625456913656,3.916667142223325,1.4396420309183062,1.2247004663363164,4.018817260117637,0.05983944482471682,1.4285931671841354,4.10534388464888,1.1749458536903155,1.351603551370621,4.104878559894026,1.1412806552989476,1.3782954257153006,4.074320114273986,1.4204684639697593,1.1946845978063019
0.639494,4.022771712148324,1.4375228456216784,1.0784263518467803,3.9988003155920766,0.08531639395509884,1.4261646236797423,4.180281328792582,0.9492466028671792,1.2353539295528133,4.269688471806035,1.0832105891542392,1.1460702237471478,4.135700243579257,1.2391912371936729,1.4323452071036833,3.9302503536247326,0.05330878697606597,1.4190105076319766,4.103732563427491,0.5063668036700342,1.327859575465913,4.022520145492605,0.9915757725955051,1.1462861897283148,4.2017135334325895,1.4215021794200624,1.0776349355883896,4.066940142868802,0.05805616242359781,1.546518283997576,4.164173880122807,1.193105604471813,1.3570293021330004,4.183598979641003,1.1620643435796867,1.3769529793871356,3.929471951287872,0.10608235597186792,1.3288794819757426,4.029973447719736,1.00118989044734,1.3943730484480141,3.860482261248211,1.1019498988447007,1.2899920384242203,4.186063971284368,1.2107531728123953,1.3826588143525824,3.921340065389254,0.06729266261253822,1.2618026065382584,3.9578579532298135,0.5359170539657943,1.4279765375260163,3.9520192955269478,1.0203175421594748,1.2240709211699698,3.9159410534344032,1.4386076176278655,1.2232796103942327,4.018725409152027,0.059867648752344696,1.4285742272396726,4.105566658929779,1.1771634300200133,1.3524795773355123,4.1053124488431605,1.143643894780604,1.3793706220091384,4.073660151382073,1.420171953406046,1.1942906651481686
0.649486,4.022995342895366,1.4369954615872784,1.077515862846238,3.9985498824637484,0.08471107921432258,1.4259542097476718,4.180833832464314,0.949100520401692,1.2357373247476933,4.271515824815236,1.0831279215721348,1.1456254505290586,4.136498979380817,1.237214168326565,1.432265127721514,3.930230503347883,0.052088191928425016,1.4191092131079885,4.102901878110731,0.505685950272691,1.3270186854270793,4.022856468723188,0.9910873381025748,1.1466447960665056,4.201936826754609,1.421510011301531,1.078100361924299,4.067075349112435,0.058937633823707085,1.546364498103682,4.165303726670718,1.1915060501140755,1.3568889223010188,4.184299970473242,1.1601148431518256,1.3767044772448755,3.929552483918377,0.1061551673326785,1.3287762041982456,4.030427093558744,1.0010291225191312,1.3947023460052896,3.8617893340222906,1.1009047911675536,1.2895696536255827,4.185400558008544,1.213892462079945,1.3837928125179901,3.9212907399514734,0.06731067891359148,1.2617401590394406,3.959945590016996,0.5355734733373119,1.4286330080138545,3.952283878822196,1.019751074702641,1.2244473836838259,3.915267069660788,1.437647648982287,1.221765599495322,4.01867543977222,0.05990007585137434,1.4284923400594316,4.105653209523399,1.1790890893768884,1.3530728017942262,4.105588291452891,1.145706498263135,1.3801444950047268,4.072977787217422,1.419788952624178,1.1937541937518654
0.659478,4.023287036419505,1.4364427392403303,1.076589282361692,3.997946400674273,0.08417313595422221,1.4256915787802547,4.181512070852145,0.949096783733976,1.236199375168465,4.272778369485395,1.0829675229111455,1.1451890450323081,4.136946862297008,1.2357366376352539,1.4319831927697988,3.929900728868754,0.0508202765638422,1.4193010579551686,4.101972628090649,0.5049813480290263,1.3260353543074548,4.0231952735330605,0.9905916418189908,1.1472394970887516,4.202136658140963,1.4212523281076896,1.0782839468601326,4.067035399464554,0.06027733328698123,1.546060930781074,4.166037510061239,1.1901556879186859,1.3566777062953357,4.185097021349472,1.1587834908281824,1.3764570305442632,3.92979264109494,0.10622943406622593,1.328593788329191,4.031068976763996,1.0008108734421708,1.395215578945176,3.8629228644886044,1.1000764193712784,1.2891442034941583,4.184668405663502,1.2166432673760808,1.384921793381984,3.9213641534670542,0.0673246745785018,1.261624378181475,3.9624859973586966,0.5351169213375123,1.4294109288230854,3.952563948675194,1.0190766474873822,1.2251212957150204,3.9146510764156166,1.4368260661702386,1.2202694969231178,4.018731982656653,0.059883796045123505,1.4283490195948219,4.105659219024429,1.1807788715514733,1.3536418872689335,4.105741983316384,1.1475260174918283,1.380864792524635,4.072323902421121,1.419423489302816,1.193227401340546
0.66947,4.023547294984702,1.4358353602430678,1.0755933979678207,3.996974713430259,0.08369666120992451,1.425369379745887,4.1824213646623605,0.9492609212331258,1.237016342459222,4.27350042109229,1.082652448908754,1.1446513296071157,4.137508635264358,1.2347468127009373,1.4315192618009152,3.929254631720569,0.04947312449964279,1.4196678812466692,4.100781017052987,0.5042813871099052,1.324938780046944,4.023712908435723,0.9901840925613458,1.14826552514987,4.202302815552746,1.420938553425873,1.078357072021372,4.06695494804863,0.06213464044642482,1.5455236332827733,4.166726336310049,1.1891173475234973,1.3563324058596458,4.185776643888554,1.1577410559496102,1.3761051168284963,3.930060441898473,0.10625024303070697,1.3284440218474771,4.03194896426384,1.000598025391533,1.396140284552455,3.8641962938064385,1.0992999891154132,1.2887413498952864,4.1838076238031805,1.2195155134178162,1.3865820895766867,3.921460971009057,0.06727789854682771,1.2615529774345478,3.9651865622053304,0.5345801025188874,1.4301913197442506,3.953037390776795,1.0183955168336045,1.2262476129532316,3.913927896711213,1.436063298202301,1.218665437456809,4.01881390510655,0.05979204147120218,1.4282509105662216,4.105638818448498,1.1825399842729853,1.3546677159970617,4.105819581486891,1.1494423115071868,1.3820699466173794,4.071666081313268,1.4191270748379088,1.1926249263746291
0.679462,4.023680647008335,1.435155932274427,1.0744378460726465,3.995863733490204,0.08322975225489919,1.4249691480241,4.18341900505831,0.9495535576423945,1.2381586188805638,4.274081314397214,1.0822971770915475,1.14410171588431,4.13800241224307,1.2340536136883895,1.430875739088474,3.928511779456219,0.0480625013918181,1.4200467830112236,4.099365036644282,0.5036252352939625,1.3239294487115176,4.024306504570535,0.9897714045625748,1.1495722854308565,4.202327496239485,1.4206268740549481,1.0782840848393478,4.066854195153391,0.06419705936999827,1.5448075948811644,4.1673486309237155,1.1883254119927422,1.3558460422907048,4.186185682142482,1.1568298824965275,1.3756360039187279,3.930291438574702,0.10627562030051117,1.3283130017437588,4.032868711262738,1.0004361915564348,1.3973428601474374,3.8655802019424037,1.098469357915264,1.288249389116081,4.18288463867375,1.2223689353085847,1.3884957441283872,3.921544451050824,0.06726455244814666,1.261485173106983,3.967789904933729,0.5340233353407238,1.431129355682512,3.9535706760290164,1.0176571796261316,1.2276433091499013,3.913061361858113,1.4352623008427166,1.2169048272463672,4.018850377303079,0.059667319044240455,1.4281682261104527,4.105600805920694,1.1842790365950535,1.3558984489188646,4.105850699537727,1.1513327017066117,1.3834802999391693,4.070940409395522,1.418811664648285,1.191839951482478
0.689454,4.023684536660714,1.4344308611898071,1.0731401687135829,3.994930143793129,0.08273004889604384,1.4244672147380903,4.184293054273922,0.9499355629681815,1.2394889807107954,4.274909018103452,1.0820939990781777,1.1436235639165482,4.1379620513013124,1.233426627596284,1.42999150850986,3.9279702138580297,0.0466455186273847,1.4201764692615189,4.097884981749948,0.5030594741481915,1.3231761362722374,4.024799634157428,0.9892567369360263,1.1509106931588475,4.202152290563114,1.420306631988722,1.0780031131664125,4.066686577370116,0.06606604586640805,1.5440520763525527,4.167675503346291,1.1876428111457984,1.355197415476055,4.186299312720744,1.1560538765757074,1.3750500766283869,3.9304679978297097,0.1063771069550349,1.328167257949034,4.033547756788419,1.000331730510242,1.3985780202904796,3.8669064866976024,1.0975818539861955,1.2875672600425012,4.182029673414956,1.2248443267703772,1.3900787530362353,3.9216142236783926,0.067388787092029,1.261369077048203,3.970132450671669,0.5334974616287266,1.4323932574096512,3.9539384899834276,1.0167973769171397,1.229028416468971,3.912131736564267,1.4343964766919572,1.215069533029834,4.018816353694399,0.059560180266213285,1.4280464191768545,4.105566337631156,1.1857661839144562,1.356823505990678,4.1058848376576895,1.152930404279137,1.3845406164808551,4.0701421166603335,1.4184000742764262,1.190884479018662
0.699446,4.023805885476389,1.433790484807341,1.0720646990855898,3.9943939021776074,0.08224417727265583,1.4238305289123572,4.184992818363841,0.9504584183673492,1.2410095630023568,4.275827284968948,1.082171095112057,1.143003855188449,4.137084560721265,1.2327878031235,1.4286509626849255,3.9278306622854298,0.0453230731711008,1.4198584865120598,4.09655928298085,0.5026373020020194,1.3225269750170718,4.025210914880722,0.9888002456187738,1.152249161153153,4.2019965620984605,1.4199985953789895,1.0776848595123782,4.066390669076362,0.0676269989569501,1.5434239944906138,4.167461270646072,1.1869257987054977,1.3542408256903813,4.186353231366226,1.1556046598729004,1.374246156264219,3.93059607780985,0.10650119152812068,1.3281037977117744,4.0338306381179665,1.000208818591439,1.3998053233879526,3.868107572175773,1.0968378336163134,1.2868253054756302,4.181369570930598,1.2269115196459968,1.391045586841331,3.921671452054994,0.06756410119625121,1.2613245475957762,3.9722515823653746,0.5329893135589814,1.4337962329204657,3.954106294322591,1.0159298653297348,1.2303323865572076,3.9113593530192303,1.433657869449302,1.2134864563474925,4.018792145135614,0.05944814231540359,1.4279612286810375,4.1056535873335935,1.1869700819155207,1.357252735827799,4.106048968120084,1.1542352442401813,1.3850938216494846,4.06947566154986,1.418040611922391,1.1901230098048114
0.709438,4.024225140891307,1.433347120768845,1.0713452234860326,3.9942396006781067,0.08186118037456944,1.4229708456256713,4.185495343699154,0.9511724910708483,1.2426470547646,4.276564444513538,1.0823121301942333,1.1422414171360225,4.135654342317985,1.2321616436500424,1.4269934539918983,3.928046373686738,0.0442260055827981,1.419001336823627,4.095472306444361,0.5024406981113639,1.3219683144036158,4.025540013135541,0.9885125430625636,1.1535150046328595,4.202085930491433,1.419719696282449,1.0775775924320723,4.065985986542252,0.06884517467973557,1.5428300046232555,4.166828998012722,1.1861787579568501,1.3530590525505577,4.186297252474749,1.155356063119429,1.3732725514937045,3.930648084421824,0.10655750774281131,1.3281514591230792,4.033667559605445,1.0000527103692365,1.400958991107226,3.86917005238925,1.0963996758736836,1.286121608505758,4.180899687568645,1.2286854670848373,1.3916154585701999,3.921700984512656,0.067656043647739,1.261400604401939,3.974025544657639,0.5324984044081923,1.4350591810087616,3.954069313584798,1.0151405507473508,1.2314770249978677,3.910882816546679,1.433205754494635,1.2122490927895795,4.018789459362863,0.059319865175241814,1.427960125264146,4.105856372015653,1.188012344019078,1.3573881587038419,4.106306309645121,1.1553806890961325,1.3853551183951547,4.069072168032768,1.4178290431117309,1.1896997167033627
0.71943,4.024968263617386,1.4331513986288964,1.0707772070379624,3.9942088423688213,0.08168568639671729,1.4217849327459977,4.185786726234062,0.9520864361467741,1.2441950176002747,4.276900298640678,1.0820024253513,1.1416251892134206,4.13451628825315,1.2316578511129332,1.4255503254442383,3.928313978440542,0.043495119691945236,1.4176689088092753,4.094543598453823,0.5025579837431201,1.321683735395364,4.0257349798102835,0.9883744395470397,1.1545291568503395,4.202557580359122,1.4194763773114654,1.077917446851276,4.06558367763733,0.06972056719267422,1.5419281732626495,4.166291640708445,1.1855714864228057,1.3519973614419014,4.185769837257377,1.1548498057141623,1.372358423635337,3.9305712396503676,0.10646694802938085,1.328232080451962,4.033117693315367,0.9999256072010112,1.4018851829349737,3.870107639684177,1.096321988704045,1.2854728895549985,4.180488531438014,1.2303295040905828,1.3924232437841,3.921679974207322,0.06755039857954197,1.2615248740403933,3.975181072815408,0.532052650790997,1.4359247781998081,3.953826676991273,1.0144313091868058,1.2323167921098017,3.910702607639313,1.4330880619863335,1.211131858788254,4.018726047241476,0.0591925595915349,1.4280263721978588,4.106023091824089,1.189097987083174,1.3577383935897145,4.10644253161525,1.1565509886789824,1.3858114649596245,4.0689201731911995,1.4177412331435797,1.1894277208440485
0.729422,4.025882378799731,1.4331072103118263,1.0702361350925822,3.994161858467601,0.08169652903119241,1.4205668169024237,4.1859464518859015,0.9530386225373297,1.2453368768789623,4.277188998700434,1.0815114705919473,1.1412384979708632,4.1337025108223004,1.2313613909174859,1.4243464534240826,3.9284536128033127,0.04313941969591233,1.4162754488055427,4.093744497932064,0.5028612314983122,1.3215609872755163,4.025853255410663,0.9882407546058256,1.155027577438173,4.203256247653472,1.4192831367561647,1.078501691472268,4.065234896796708,0.07027003749905338,1.5409137628954106,4.165951995205047,1.185181332772801,1.3511135639727556,4.185095439998006,1.1543229923152913,1.3715836328747135,3.930473829845518,0.10637807802745362,1.328284426077838,4.032332244366813,0.9997816523797006,1.402319887031898,3.870811162734074,1.0965042211286344,1.2849540296117201,4.18023435790588,1.2315830077598242,1.393146515584003,3.921683395537062,0.06742525435930383,1.2616231675113527,3.9761058308597583,0.531675850985367,1.436578718552061,3.9534619528203923,1.0137023083525183,1.2326021710195205,3.910727591457251,1.4331457996947832,1.209993171507275,4.0186024149119115,0.05907918007611552,1.4281234400979494,4.106189833126482,1.189985543776494,1.358092127685595,4.1065151771586805,1.1575254215322417,1.3862760644211234,4.0689224989156205,1.4176812137190613,1.1891705519621782
0.739415,4.026781778355334,1.4331094951957264,1.0697094030661303,3.994084872514565,0.08182176113720621,1.419649171102699,4.186048816910043,0.9538606075516101,1.2458851204549053,4.277814273769703,1.0813127279387822,1.1410375774235821,4.132971993620232,1.2313559662425362,1.4232241757290403,3.928440128426339,0.04309032582026338,1.4151987530450907,4.093064993954205,0.5031900972512988,1.3214614406796703,4.025968670626595,0.9879871598243478,1.1548616194302317,4.2039444599500815,1.4191683435677989,1.079039113130007,4.064969394269806,0.07049670590037507,1.5401225507654324,4.165745449782682,1.1850575734164677,1.35034523813055,4.184766699004254,1.1542227776932186,1.3709488319625056,3.930490048715753,0.10645231806963623,1.3282805720443613,4.031427130886488,0.9995539161603132,1.4021046343741317,3.8712186233222328,1.0967731542492005,1.2845344729439674,4.1802562226687385,1.2321851419078533,1.3932379989533354,3.9217999740082194,0.06747914702405566,1.2616541624879647,3.9773122501021723,0.5313734062369203,1.4372740287773689,3.953059402284072,1.0128728781193819,1.2321838928754512,3.9108348630407326,1.433194708146631,1.2088194392480673,4.018461372884101,0.0589914931004565,1.4282249118238832,4.106441362714152,1.1903974719671004,1.3580334416872568,4.1066601921298655,1.158045275269881,1.386353648836012,4.068961644777487,1.4175761905321982,1.1888951516585768
0.749407,4.027632737757693,1.4332330665094857,1.0693675518028234,3.99413753435481,0.08202480158516232,1.4188989975855137,4.18601981152907,0.9546073285038609,1.2461829799108715,4.2784193504234285,1.081312513395895,1.1409274195238008,4.1325097885753985,1.2317614899396085,1.422256251569215,3.928497960552632,0.04324372819332897,1.414213230504873,4.0924623031235035,0.5036026254539908,1.3216121368413805,4.026042236456099,0.9877243413768889,1.1543395186911938,4.204562124857399,1.4191877146298508,1.0796154495014443,4.064845025935443,0.07034455376249724,1.5395004857072239,4.165744697704369,1.1853124191054212,1.3497143635656463,4.18474520282882,1.1545705152630232,1.370451878719688,3.9305906481763375,0.10655817872552505,1.328257167504681,4.030292954827309,0.9992769329959477,1.401546946026976,3.871586299273487,1.0969619470015026,1.2837894881404428,4.180390064990342,1.2324990944521894,1.3929166938482171,3.9220128621030304,0.06754717074533263,1.2616654738683997,3.97869949988031,0.531105128846876,1.4378211528958331,3.952585514670978,1.012060935149017,1.2313562456694953,3.910931373836201,1.433268731473168,1.2078222194706958,4.018340513877558,0.05894582977783545,1.4283561646283374,4.106720464627269,1.1906101432773513,1.3576195458528064,4.106834089667024,1.158337715194563,1.3860414588233405,4.0689752857079196,1.4175155217568174,1.188770349188757
0.759399,4.0284428283950104,1.4334531031682165,1.0692801663655558,3.9942876380186765,0.08228842298337456,1.4182430635266507,4.185883499576698,0.955281965048817,1.246526313857198,4.278918127734158,1.0814472446358174,1.1408104680138667,4.1324490318095775,1.2325867368449923,1.4214013616655998,3.9286377935105485,0.04352046315722539,1.4132086423434613,4.091936646098364,0.5040825454250327,1.3220514950305349,4.026136203494087,0.9875527447014617,1.153746870288074,4.205083181305321,1.4193597803436864,1.0802643553215072,4.064784504442873,0.06986821307599556,1.5390053672330553,4.166028928819137,1.1859545420008222,1.3491605294811835,4.185008268862127,1.1552994017090537,1.3700198388030411,3.9306685067448766,0.106604805645651,1.3282398625919976,4.028954846596195,0.9989569732904633,1.4009269612384594,3.8720576546804426,1.097035805542516,1.282623606281044,4.18054433284454,1.232902622256734,1.3922931191512742,3.922225351977052,0.06752984034432506,1.261677409166184,3.980090101881604,0.5308418175482138,1.438182169708568,3.9521092746000455,1.0113704345022914,1.2304002657455377,3.9109815237431267,1.4333950501591797,1.2070511688170011,4.018223963854032,0.058938628176449265,1.4284893885189267,4.106997723444369,1.1909201150543032,1.3569094224549079,4.107030796808424,1.1586898940070909,1.385385496747955,4.068969909749785,1.4175380903654418,1.1888683242699165
0.769391,4.029231900197187,1.4336032016638813,1.0693563453882047,3.9942659799666145,0.082605635887925,1.4177741091606955,4.185801672927172,0.9557885382054647,1.2470149058672817,4.279681616505513,1.0818096650458164,1.1406288195970313,4.132740714734521,1.2336962920396957,1.4204692113190864,3.9285909976104856,0.04387615028913009,1.4123350721028978,4.091553325351421,0.5044837085561175,1.322527996183503,4.026434586308848,0.9874923469213185,1.1532213935642168,4.205489227213444,1.4196549736203952,1.0808833351618514,4.064566667515697,0.06925948800634936,1.5386944065824222,4.166630530110452,1.186857311857806,1.3485400566234278,4.185640534865192,1.1563289256896374,1.3695279745410112,3.9305770599202727,0.10661571683175643,1.3282312585600349,4.027638652402715,0.9985565955292549,1.4003711180362421,3.872565091717831,1.0971193450464982,1.281417476922699,4.180783295343394,1.2336095719891642,1.3912024001527161,3.9222865444245025,0.06748515364212126,1.2616654136249477,3.9813748777169047,0.5305801966084245,1.4385800393059869,3.9518273667868007,1.0108317125671018,1.2294661834089384,3.9110169364587564,1.4335504593771924,1.2063265477727776,4.018045386938694,0.058945422933819706,1.4285364626953525,4.107311124524971,1.1914939919415113,1.3558750835457563,4.107324181142064,1.1593199243838608,1.3844166541589882,4.069013884111353,1.4175888859787653,1.189101573672422
0.779383,4.029996523220843,1.4336627960804877,1.0695087659285183,3.994058807458632,0.08292862224544868,1.4175056176983019,4.18583278807464,0.9561377426803812,1.2475702183360187,4.280824741823277,1.0824414975007801,1.1405861512285034,4.133124231809617,1.2349270541387432,1.4195884862693364,3.9283508566796637,0.04424262386248197,1.4116411055492764,4.0914275418488035,0.504724236442304,1.3229298812378802,4.026918944695635,0.9874284548961704,1.1527380959084679,4.205819210745994,1.4200632017416477,1.0814555991753958,4.064168798986194,0.06864286144489047,1.538607881703398,4.1673824960931505,1.187914086457788,1.3479905046971425,4.186477130188725,1.1575506255702277,1.3691180460238517,3.9303139436758423,0.10662047617984309,1.3282705792270741,4.026482017930373,0.9981428184272374,1.3998585981006413,3.872996630064417,1.0973640283218686,1.2805089614385496,4.181222871962174,1.2344810185823576,1.3896879596044376,3.922194349097496,0.06745870878212021,1.261667522831612,3.982645329133813,0.5303380534729489,1.43908382957409,3.9517597470374444,1.0103645903252838,1.2285646706834206,3.911113255001404,1.4337638129550232,1.205579873769112,4.017839744203542,0.05897375542042701,1.4285327343009113,4.107720913106232,1.1922423866453031,1.3546248572017745,4.1077488981957,1.1601755348464258,1.3832842099215752,4.069108308632413,1.4176327816971273,1.18938591093667
0.789375,4.030671724370922,1.4336628922293755,1.0696512918534822,3.9937935542194123,0.08323586512866298,1.4173521453816587,4.18595781391159,0.9563568097236511,1.2481189025532178,4.282312941371872,1.0833377205948596,1.1408959238497547,4.133347005187556,1.2361056275124127,1.418979837244814,3.928070474537282,0.04457385796879882,1.411009003004972,4.091601225585626,0.5048154486688187,1.323202089400548,4.027525219636211,0.9873373212445197,1.152242489510975,4.206068067076134,1.4205552587924475,1.081946713581413,4.063655638403697,0.06805522995623997,1.5387055550309645,4.168105358049679,1.18900249373364,1.347731482115466,4.187330031727625,1.1588318784146958,1.3690037137482673,3.929998279395582,0.1066295306003221,1.32839483507673,4.025495435749437,0.9977638405972047,1.3993528741859838,3.873312390808011,1.0978307112105297,1.2800059589981019,4.181974618683133,1.2352498741893052,1.3878827131615465,3.9220349527886644,0.06746314827535323,1.261732510695173,3.983975809915523,0.530130643250821,1.4396282526411561,3.9518703466849994,1.0099703281006753,1.227666365502852,3.9112944869132877,1.4340736619024825,1.2048256049103314,4.017681122268472,0.05900238418802701,1.4285408728726354,4.108288751605865,1.192988980995681,1.3532822073212116,4.108323599983515,1.161079463438387,1.3821106484990444,4.069204235631766,1.4176800353821633,1.1896372138132596
0.799367,4.031052771198028,1.433561510855748,1.069683193181741,3.99361199375897,0.08364540184932931,1.417070965795333,4.186091066473875,0.9563661683915753,1.2488463144527406,4.2840808631586285,1.0844386461794957,1.141411935543471,4.133484915450282,1.2370635709946758,1.4186453714389597,3.927958910547648,0.04492904156486786,1.4100095910588228,4.091830091196127,0.5049380809584023,1.323230256426756,4.028353637163357,0.9876463300368873,1.1518231725691925,4.206022883413775,1.4210136135679061,1.0821406552686412,4.063043647836015,0.06739060502341265,1.538747072928904,4.16887568683324,1.1899176477252267,1.3477941097006052,4.188319844362497,1.1600113068252873,1.369204665097339,3.929885624073542,0.10659785016205663,1.3285751651095574,4.024463782105708,0.9972584758742459,1.3989753930058857,3.873729301156439,1.0982887799693222,1.2794433045737998,4.1830624322918055,1.2357877015964323,1.385856776626802,3.9219303445832407,0.06744470975127677,1.2618428068985719,3.9851009152171795,0.5299361857301962,1.4400009441434598,3.9522191453630118,1.0100344485517363,1.226823238441574,3.9113735490357175,1.434464221140842,1.2041362479748898,4.0176019108407655,0.05887968003925129,1.4285179280944607,4.1090473138408825,1.1936699028072795,1.3518084542660893,4.109079443462669,1.1618824584590046,1.3807667809813613,4.0692100419591375,1.417834387384133,1.1897542566728663
0.809359,4.031229466831043,1.4334182577970922,1.0695487289838026,3.993458925394067,0.08423238137616308,1.4166236028599422,4.18611150361668,0.9564838579237597,1.249726086206484,4.285863302579748,1.085530708791598,1.1419496313535944,4.1337433711008735,1.2378691883549968,1.4184564997041318,3.927999776528705,0.04537356510013128,1.4086290433044766,4.091949453802326,0.5051923331299609,1.3230780380768161,4.029086282230884,0.9882524476068414,1.151606233061825,4.205778197671079,1.4213992002315776,1.0822052863104101,4.062318606327174,0.06677314522168445,1.5387319476571701,4.169744499806294,1.1906704310627865,1.3479965460138792,4.189411048022579,1.1610302121124627,1.3695314097887568,3.9299451638096827,0.10650722212942226,1.3287022851824686,4.023371222210515,0.9967044972187937,1.3987914956710765,3.874225407987453,1.0987176295220098,1.2787037095540983,4.184142620095305,1.236285330256935,1.383839183124692,3.9219534884573664,0.06734875917572654,1.2619492584507155,3.9859502307648045,0.5297258032682378,1.4400736138637023,3.952478971082015,1.0103178676028262,1.2262240491725753,3.9112850774390795,1.4348834779665354,1.2034526693711147,4.017534243719994,0.0586417594551901,1.4285038954799794,4.109833509927086,1.194273092136414,1.350300655330149,4.109873647488653,1.1625795055553403,1.3793600775156438,4.069077046070328,1.4180474057572925,1.189693846922748
0.819351,4.031601307196795,1.4334011146093684,1.0692445874992769,3.9930755506205817,0.08499357976195408,1.4162704175890104,4.185895431278441,0.9574160235809812,1.250434174319037,4.287192078085452,1.0862776304590436,1.142371640827451,4.134366048643521,1.2388216854205516,1.4182168490975575,3.9279249376775756,0.04595945964853673,1.4073819658103672,4.091988165732097,0.505544153602006,1.3230162183399459,4.028966640049057,0.988400630665762,1.151696761646547,4.205773897643854,1.421772901274023,1.0826636525820914,4.061423539079616,0.06653386512762113,1.5389617669144702,4.170667993823376,1.191524964220946,1.3480112683191854,4.190360035303235,1.1619764546533458,1.369647775923636,3.9298363755030543,0.10638366110487076,1.3286213988938032,4.022458760701416,0.9964479936994179,1.398762173556061,3.8744681458031986,1.0993478045133136,1.2781467857313347,4.184594156231611,1.237125883808619,1.3822122563164392,3.9220996234673637,0.06714182329593758,1.2619908001612974,3.9867498259831837,0.5294633455791838,1.4398706859043464,3.951942622228805,1.0098662865367742,1.2261453853281203,3.9111491992271854,1.4352591229484988,1.2025546940685556,4.017330775040308,0.05854469095199097,1.428639190237501,4.11029721196436,1.194796137108215,1.3490481905536729,4.110371513404559,1.1632800089309512,1.3783008604364653,4.0688408873711674,1.4180948356603096,1.1894700700238467
0.829343,4.03191117322732,1.4334162144170082,1.0687233174037265,3.9925187029049156,0.08596883359303013,1.416411045226394,4.185530654908107,0.9588848724557881,1.2507891458160527,4.287866824931132,1.0867723152459228,1.142639957916568,4.135228702024851,1.2397647743565299,1.4180701524996528,3.927745368634979,0.046764199000205876,1.406412927919302,4.092248989356586,0.5059711560269328,1.323134048677716,4.028115976330762,0.988105335492552,1.1519151626463406,4.205831650635481,1.4220699689820333,1.082774236618442,4.060159763686731,0.06613010108719813,1.5394591368795654,4.1715538927116596,1.1925245562030062,1.3480900181535183,4.191351145512427,1.163073074526296,1.369739457374232,3.929784732943108,0.10624686451227579,1.328487358265471,4.0216721936160225,0.9962617175559039,1.3988429680817653,3.874430671587303,1.0998304364213884,1.2775141810898425,4.185035422275941,1.2373277088005683,1.3809099794521411,3.9222752494091115,0.06685101375672832,1.2620004837553047,3.9875884603207647,0.5290526671373439,1.4395680898745848,3.9508282918679543,1.0087938272662047,1.2263667939458085,3.9110063690343826,1.4356125846804375,1.2013155132752975,4.0171151137292815,0.0585368809296726,1.428863012366736,4.110450222306194,1.1950066050912027,1.3482683697180151,4.110416379328642,1.1636437830613393,1.377660064239563,4.068729902706336,1.417998789912262,1.18895600188892
0.839335,4.031848488089335,1.433309598089281,1.0680690304072042,3.9919507548517426,0.0870915279188562,1.4171953741572074,4.185261213609577,0.9601273800979321,1.2508504306912864,4.288024300475744,1.0872275474853708,1.142758201894731,4.136140449000725,1.2404839904982687,1.418161349095612,3.9275641457348422,0.04773926006462434,1.4057079203311034,4.092908030899568,0.506397270887866,1.3234169448560213,4.027226325315259,0.9877742959637357,1.1520672178466056,4.205644203189241,1.4222192156590825,1.081878054471667,4.05856150092704,0.06508312139384627,1.5400795077987994,4.172365808521615,1.1935340494402982,1.348492645163361,4.19259845909584,1.1643739767867256,1.3700430004592197,3.930057030867323,0.1060612640930339,1.3285039786760853,4.0209873212756335,0.9957998890194886,1.399007888164892,3.8742331838786788,1.0998296839042034,1.2764928808191078,4.1860825308415714,1.236011898313492,1.379824814966516,3.9223579349348614,0.06649124050592448,1.2620422646595366,3.98839050109625,0.5284545917084036,1.4393336543922146,3.94986897961015,1.0077595015161274,1.2265584983242221,3.910867912962386,1.4359647373917885,1.199889539155866,4.017051769374728,0.0584302246477036,1.429023274401038,4.110461285267316,1.1946678184161852,1.3479936988561276,4.110071634151574,1.1633067201137326,1.37731748942838,4.068915642042754,1.4178903362931503,1.1881901421175338
0.849328,4.031960968759685,1.4331536396573747,1.0678221031765975,3.9913545508565966,0.08790860910155215,1.4178451711233238,4.185467683626149,0.9604700636277682,1.2511474017524982,4.2883838935139424,1.0875549402162028,1.1427128476331683,4.137268834623464,1.2413029141792125,1.4181188606112571,3.927317189585651,0.048422681459173944,1.405381743917829,4.0933673608701975,0.5065589630326183,1.323829082780667,4.027307374552296,0.9877590406735646,1.152340442043054,4.205484459430168,1.4223285574188052,1.0815010182999223,4.05756256941663,0.06444253186338722,1.5406300450759862,4.173297448653834,1.1942487576383203,1.3486166249581908,4.193739598408471,1.1652449302025387,1.3701464255125835,3.9301608092010354,0.10564293081969799,1.3285462473043308,4.020929576765177,0.9952572196121708,1.3992809311766048,3.8739437545212785,1.0999505141545054,1.2755922988053148,4.1864556388067715,1.2346935894272593,1.3794028429664598,3.922269738913707,0.06595322785270065,1.2621271164621466,3.9888261749309946,0.5278899370587249,1.4390936771592615,3.949881500344091,1.0073560096839436,1.2268223369211457,3.910794135904721,1.436193462704966,1.199104999736991,4.017009501346632,0.058117945792839375,1.4290117881784998,4.1104058448889464,1.1938879376240685,1.34782729917516,4.109772888516231,1.1625337174753905,1.3771202037854868,4.069114451345315,1.4178346905461454,1.187914352721678
0.85932,4.032356843697353,1.4329512595427494,1.068004208721176,3.9907844232387526,0.08829173512473586,1.4181021440152228,4.186069346257953,0.95992506961578,1.2516892311955938,4.289267292586396,1.0877760752002423,1.1426381278124402,4.138571369085594,1.2424134298320777,1.4177955783137182,3.9270670429964007,0.048656317563627996,1.4053832444468883,4.093426161232427,0.5063819950326783,1.3242290121392308,4.028335645228726,0.9880079796290999,1.152658979231865,4.205401649354439,1.4224101734962107,1.0820284572245926,4.057419747537915,0.06451811844238249,1.541057466408426,4.174370098524369,1.1947273142620778,1.3483009516841993,4.194659263587797,1.1656774548619997,1.3699569785366492,3.9299458578117616,0.10499999110356094,1.3285136027020048,4.0214525517384185,0.9947621172577088,1.3995210505507727,3.873569337292443,1.1005061544328851,1.2752817280528501,4.186008679108765,1.234071082958482,1.379386844546454,3.92205493019869,0.06525324644747675,1.2622112345602485,3.988811921286211,0.5274453898984964,1.4388069550912475,3.950767105421001,1.0075432737468895,1.2270717528001707,3.9107911074032002,1.4363128631630362,1.1990530884375628,4.016930566533051,0.05764559645053214,1.4288459555537563,4.1104160717431615,1.192941507945961,1.3474864816709675,4.109776647938268,1.1616948079111806,1.3769132657480134,4.069187511007226,1.4177878778807895,1.1882040742856173
0.869312,4.032484784540503,1.4325820888764256,1.067971514616353,3.990399487121047,0.08857051218239356,1.4184845610313899,4.18646057501818,0.959253323242441,1.251834336266136,4.290410772272948,1.0880925260271639,1.142828592761665,4.139696974067115,1.2437080944143337,1.41743156806858,3.92703188707692,0.04872842281598287,1.40544688634995,4.093500597063505,0.5060613007726849,1.3244016115291584,4.029094903243609,0.9880436944467015,1.152591451630109,4.205086709983571,1.4223337839236225,1.0821227370793916,4.057430255286719,0.06445669421085806,1.5414703961763678,4.175366641561744,1.1954441964587772,1.348078570908437,4.195642178699273,1.1664774437747196,1.3698876291109918,3.929799308646795,0.1043756293011028,1.3284277225126215,4.0217696821571,0.9942505131964097,1.3994195652916837,3.87306047372979,1.1012471835905009,1.2757280713203214,4.186226005102243,1.2333869936310715,1.378662613082963,3.92185793623629,0.06456206119285589,1.262224295944567,3.988596864350927,0.5269971630573792,1.4385257398103635,3.9514165504869005,1.007600750614341,1.2269367746896527,3.91079350350912,1.4365066202909236,1.198856728403401,4.016911185678034,0.05720880730976168,1.4286728084357971,4.1106772376129745,1.192190146648671,1.34692429787724,4.11002311750963,1.161111407579784,1.37655262457384,4.0692625707146926,1.4176043119836919,1.1882513604321965
0.879304,4.032446618160556,1.43204810302472,1.0677094528643873,3.9901539717109893,0.08883000405943345,1.4188793671791253,4.186629411873296,0.9586460332488308,1.2517345043511385,4.291846582217377,1.0884949207526422,1.1433732604866977,4.140554484972927,1.244959976442098,1.41720833233268,3.927107152561412,0.04874946465358981,1.4054662510617608,4.09359856724872,0.5057450216741075,1.3245609170828214,4.029574921424869,0.9878372684652879,1.1521724541628227,4.204657331903135,1.4221055885332767,1.0819613121011453,4.057542993728909,0.06422273559854397,1.5418086084989666,4.176281828477926,1.1962993780408482,1.3480932825069387,4.196661777486775,1.1675132392879382,1.3700536056175612,3.929620625418196,0.10372706173039709,1.3284457070893643,4.021825772051359,0.9937839084042075,1.3990542304484905,3.8724191752052533,1.102027094004396,1.276572445458027,4.18692994942428,1.2327269567592987,1.3772312940890572,3.9214936009388435,0.06381785434156742,1.2623346161793283,3.9881999035078195,0.5265410070654828,1.4382836948855457,3.9517940856762306,1.0074558684327979,1.226448087172119,3.910789765058966,1.4367012118006035,1.198391294553524,4.017008786282697,0.05686231758431676,1.4285258007727244,4.111049301620501,1.1916939016768129,1.3460678616056507,4.1103556685267435,1.1608474798653663,1.3759471251876119,4.069329953891249,1.4172769333298767,1.1880469801042879
0.889296,4.032512194217188,1.431419062128746,1.067440168665499,3.989948022258651,0.08901908060845971,1.419006107638535,4.186799379734385,0.9580222688603378,1.2518479672994467,4.29363775124498,1.0888915804616601,1.144224639451775,4.141172597383977,1.2460692213646476,1.417152161321961,3.927108865708206,0.048735496494004917,1.4054283442482631,4.093601123768476,0.5055084848745238,1.324961792006564,4.030241362050895,0.9876331892515304,1.1516960445967923,4.204344809935267,1.4217999943629092,1.0821843846140098,4.057889393677393,0.06407938485420006,1.5419773207438088,4.177151958092571,1.1970790609539117,1.3482341280589039,4.197549610805046,1.1684220280642073,1.3703666695429488,3.929176102227876,0.10296461146003118,1.3287101726019506,4.021832703439537,0.9934332826151153,1.3986906575165885,3.871696790733376,1.102729661300879,1.2772752491852186,4.187390576896925,1.2323146448410058,1.3755613042300776,3.9207575280301423,0.06296463265226018,1.2627198910100048,3.9875429986319597,0.5261406405771916,1.4381078553076236,3.9522934883296768,1.0073782260542663,1.2258572701611057,3.9107475815057806,1.436755893116461,1.1978909110847429,4.017219773839213,0.05655496120071157,1.428375378244442,4.111316660540098,1.191269053747611,1.3448842082331898,4.110625324274091,1.1607093605261696,1.3750563392215265,4.069331516345307,1.416908695520508,1.1878880793889854
0.899288,4.032387186411675,1.4307682530011279,1.0670674800843265,3.989845459850641,0.08909689772331052,1.4191283799651346,4.186939330599411,0.9574267686816578,1.252265751697719,4.295422680102426,1.0892829378632702,1.1452534919307231,4.14151573763935,1.24747733519644,1.416947187674767,3.927128314319458,0.048732624139268516,1.4053381620395744,4.093691290930462,0.5053041634843095,1.3253119554211925,4.031022018947182,0.9877660158899451,1.1514808562804664,4.204029076579626,1.421471920094883,1.0823216639000794,4.05805820020555,0.06382095722571227,1.542055567752061,4.177793574423103,1.1981513929620697,1.3482900305502767,4.198231301343557,1.1696666830995666,1.3706344710219391,3.928636810788434,0.10231830807968194,1.32912330420121,4.021611912426642,0.9930853927940315,1.3985434852340783,3.871006424925521,1.1031237996384484,1.277542885791955,4.18793502970266,1.231348703634205,1.3737340094108965,3.9199094375784758,0.062336527550810775,1.263215157287521,3.9866443392452395,0.5258595899494635,1.4380438053935898,3.9528537123495058,1.007604432825712,1.225432565743685,3.91048710125259,1.4367434353369295,1.197423634844851,4.01743062996025,0.05614175044384754,1.428188536429346,4.111545026669347,1.1904686256251793,1.3435284618973797,4.110826124303614,1.1601187857431923,1.373919113437628,4.069301794908958,1.4167109229258148,1.1876807073028772
0.90928,4.031954288601122,1.4301227533708774,1.0666077908383453,3.9898734574044163,0.08909724929049274,1.4193721122802565,4.187076054289904,0.9568394001003127,1.2529353412523245,4.296834660276747,1.089583490001106,1.1463404991054547,4.141694617799424,1.249383644561461,1.4164745241636105,3.9272227437145255,0.04876025125959236,1.405221777268579,4.093833806194513,0.5051472105128078,1.3255354981582266,4.031929585997479,0.9883406230550307,1.1515463355411715,4.203655988152093,1.421119007114243,1.0820501796233783,4.057919022044335,0.06340585749809872,1.542134004345978,4.178271857332983,1.1996283323708459,1.3482834017488345,4.198788977970415,1.1713825793666781,1.3708824017764367,3.9281458933272746,0.10179809698523552,1.3297370836076572,4.021153149335986,0.9926762542691971,1.3985925090588542,3.8703294557948427,1.1032159500834107,1.2773052097343771,4.188749839363705,1.2293375940694058,1.372033099836271,3.9191349900506425,0.06204136311343324,1.2638130047264304,3.985587846242316,0.5256992555254838,1.4381671495300694,3.9535193462844265,1.0082177890248483,1.2251906756764965,3.9100739652840764,1.4367793719226425,1.1971433188695038,4.017596336930398,0.05535156762285013,1.4279269394583374,4.111767814891117,1.189002279045457,1.3422431519305005,4.110884348876469,1.1587636474369134,1.3727586723012857,4.069311044082989,1.416797354799627,1.1874205754685643
0.919272,4.031446262347729,1.4294776123495634,1.0662876816336286,3.9899646257721475,0.08913309940557672,1.419583927378656,4.187343781997179,0.9561606828815365,1.2537144800776414,4.29766383353952,1.0896174554558047,1.1473916904368668,4.142017540202843,1.2515467710942714,1.4159519568961696,3.927342905598601,0.048798187127696215,1.405124621087514,4.093687608192691,0.5051351260132412,1.3259228329858683,4.033142036275366,0.9891084250272058,1.151574967200275,4.2033556308227285,1.420691792122422,1.0815145524827523,4.05778926914101,0.06308778245406223,1.5422603911491877,4.178958453165909,1.2011947507588052,1.3484820233324903,4.199452247990854,1.173144644914706,1.3713560628375803,3.92769974236848,0.10113388647748398,1.3307479085835023,4.020709909036102,0.9922601805006991,1.3985578180593432,3.869495019300874,1.1033007061909694,1.2767379086750985,4.1896070537920975,1.2264172978270882,1.371000321607955,3.918485919389185,0.061842300546739594,1.2646947341864105,3.984469840966425,0.5256032372151815,1.4385093660140027,3.9544970248152005,1.0090624633473273,1.2248621945289124,3.909885657728831,1.436963515592587,1.1972990917194934,4.017628486962148,0.05388608837156337,1.4276389291289955,4.111913464685762,1.186848396894116,1.3413133126872416,4.110642563322494,1.1567409002812707,1.3719634427942442,4.069458665250748,1.417100167952913,1.1872792896337572
0.929264,4.0310731382823395,1.4290502984346334,1.0662924789226287,3.989961716982329,0.08922922987922835,1.4197844329489777,4.187660310381459,0.9555600025751372,1.2544560222766588,4.298239273515168,1.0895361562835242,1.148260628454176,4.142807399143537,1.2536071465481546,1.4157076099184698,3.9274486715291936,0.04883188457908583,1.405070176853355,4.093218381313085,0.5051573167662998,1.3264990593489991,4.034246837104099,0.9893934117693269,1.1515729140508113,4.203424619295075,1.4203034788810562,1.0810426314664654,4.057744828806757,0.06295542605299904,1.5423451149574108,4.179770390988042,1.2027725879996554,1.3485826910784335,4.200252203482142,1.1748751379143385,1.3716712607271426,3.9271572718303998,0.10063999150359396,1.3315078504186104,4.020214069635077,0.992010673786574,1.3983106218481989,3.8685470565525764,1.1033943461553337,1.2762687341384715,4.190375519999354,1.2227377861079272,1.3704466603940442,3.9186009476415724,0.06173752739436692,1.2652873704437824,3.9829914100394443,0.5256766563885835,1.4384370089410665,3.9553250549851056,1.009475201300002,1.2244172384815377,3.9100750022904935,1.4372432520599119,1.1977009552398372,4.016105216653195,0.05236769696343431,1.4281748657768407,4.1119264725383715,1.1841020045822546,1.3408448704041303,4.11023646408073,1.1540602768010029,1.3715454376157838,4.069906576622444,1.41724237436039,1.1871840988342248
0.939256,4.030957920225109,1.4289919933540862,1.0666552536939469,3.9897479305935923,0.08935183520541785,1.4200463841567577,4.187865466249918,0.9551978527723769,1.2551116498461252,4.298954686550508,1.0895524812218853,1.148851660911909,4.144066622456024,1.2552765932518535,1.415881825836266,3.9275127685728743,0.04883955601130214,1.405058328216795,4.092543709117219,0.5050743982802426,1.3271732025910168,4.034804296021919,0.9887618001749171,1.1516863039753442,4.2040311395610095,1.420069395486066,1.0808896959590109,4.057719219370478,0.06298046078372435,1.542301463406338,4.1804250795674,1.2043571187495292,1.3482122060100996,4.201061119062877,1.1766179607126406,1.3713964474451108,3.9263800188916425,0.1006385880799104,1.3313954442463927,4.019491224830336,0.9920268444749626,1.3979009149316446,3.867577975470462,1.1034459413216284,1.2762744354108129,4.191064792419971,1.218518942241488,1.3698492113587646,3.919923966281992,0.06180154089773454,1.2650264816735914,3.9809357670681043,0.5259904218175968,1.4374412725668417,3.955521430831062,1.0089928738189111,1.2239693298986212,3.9106174309535375,1.4375226333824553,1.1980447128105816,4.011979578040708,0.05140715310544073,1.430122275673349,4.111812282766745,1.1809903431540454,1.3407054546993598,4.109880670594023,1.1508494461864576,1.3712732545912096,4.070720318205024,1.4169284869929115,1.1870180956940364
0.949248,4.031022901045009,1.4288963646815493,1.0670284693262821,3.9894662955079,0.08943558108616452,1.4202992860965473,4.187912804208051,0.9547778779303574,1.2559334347347142,4.299562593904901,1.0895399138473179,1.1493135772962186,4.144819362862867,1.2566393313185973,1.4158979726445124,3.9275239675622715,0.048765735935324496,1.4050537488152954,4.091734223400203,0.504999177794074,1.3279542834023466,4.035243463029941,0.9881707943799793,1.1519431802150106,4.20469933336757,1.4198469836575265,1.080840291099884,4.057638076411305,0.06306541662863008,1.5422655439928479,4.180784372267993,1.2057563894329741,1.3477151956825963,4.201599306840119,1.1781906070381911,1.3709786393647942,3.925443566664695,0.10052384692224822,1.3312277893235018,4.0185788876762345,0.9920033555981731,1.3976635140535592,3.8664742868238697,1.103666026692978,1.2765928256797177,4.191918211975898,1.2142333721222613,1.3688539676438092,3.9213434090647157,0.06193593967777597,1.2645940645525457,3.978963273237202,0.5262491776669508,1.4364525122314622,3.955617122874039,1.0085510922987961,1.2236642919510927,3.911328549937829,1.4378148404732316,1.1983875789261238,4.007491700897611,0.050125826292767774,1.4319963406343206,4.1117263608362125,1.1779865307432777,1.340324504975667,4.1095572998459,1.1477735179913189,1.3707850307100853,4.071573136221428,1.4165872417592755,1.1869339005147677
0.959241,4.0311358525312,1.4286263830652541,1.0672542469878712,3.989250599580174,0.08946460372657886,1.4205087052911454,4.187710157022284,0.9543257252599403,1.2569799657956209,4.300005867271059,1.0894435128623479,1.1498035914469817,4.144824956939001,1.2579631558932054,1.4155151024686405,3.9275163126476875,0.048617675700732,1.4050574370752478,4.09095707909873,0.5050553873314313,1.328830675618377,4.035686456858079,0.9882058486134562,1.1523300552662599,4.205064019603889,1.4195147994617636,1.0807369165918401,4.0575412399880095,0.06314282922756788,1.5423072740390917,4.180929974426896,1.2070231024928064,1.347322055921377,4.2019004596070495,1.1796741680587848,1.3707071950047038,3.9244357685419167,0.1000775816503074,1.331480653589485,4.017548869782962,0.9918360303097825,1.397837005994305,3.8652134371500066,1.1041251805302006,1.277012507709418,4.192925357206909,1.2102061499010184,1.3674733129609413,3.9218371352021064,0.06206111078203042,1.264447706648929,3.977312836472124,0.5263098538822022,1.4361170188852748,3.955790187862136,1.008681570332062,1.2236041741836687,3.912041170665297,1.438176905789814,1.1989149957949043,4.004612637668678,0.04847629779713802,1.432995276565713,4.111712538055803,1.1754006115105262,1.3395174582986913,4.109247773647937,1.1451792544955208,1.3699484371815405,4.072287251760218,1.4164403533168934,1.1870142329270332
0.969233,4.03115849710941,1.4284698920328687,1.0674855038856852,3.9891469209970136,0.08949016889265343,1.4207100772936905,4.187131057846678,0.9542994593252595,1.2580064178483132,4.300571137469633,1.0893674002917584,1.1504174611651785,4.144937359176529,1.2595975158759825,1.4150843192309777,3.9275609738304222,0.04848642632874801,1.4051092175450461,4.090498191403775,0.5052982091569703,1.3297401195371579,4.035735886105492,0.9886524128622264,1.1528074127817338,4.205076213133292,1.419048561699935,1.0806004107993055,4.0575799606206955,0.06319994859366333,1.5423631090250187,4.181162583903196,1.2085094661626548,1.34697177989624,4.202387496048734,1.1814684223099083,1.3704851228982766,3.923391416919538,0.09973381882715715,1.3318736196032026,4.016483355673737,0.9917355284170574,1.398441169022891,3.863923388583072,1.104653577199104,1.2773868070110785,4.193725472925321,1.2064951436225935,1.3661211879538413,3.920985771208236,0.062152674526340455,1.2644670252024206,3.975536617529874,0.5262983257499012,1.4363451229302198,3.9556130589663328,1.009089519658011,1.22381500897502,3.91265282255817,1.4386694395384814,1.199826384382195,4.003975423968813,0.047661406781325334,1.433636677600413,4.111639305620501,1.1732492286643248,1.3386683243301416,4.108966028943199,1.1428819952177993,1.368953487261377,4.072955326461147,1.4162967542564895,1.1871865333115637
0.979225,4.031069626326658,1.4283085429388596,1.0677199405585043,3.9890854060781904,0.08954546895703606,1.4208518704050173,4.1864913028842645,0.9544537727948069,1.2588647723569104,4.301112431191766,1.0893031533237518,1.1511420201581926,4.145494370317086,1.2613991334498187,1.4149532216242495,3.927593703603843,0.048440177970361334,1.4051176555650726,4.090524058081492,0.5056005279481758,1.330620765521756,4.035647882767835,0.9893046373113547,1.1533087659305736,4.204881066402025,1.4184941716739214,1.0803793748222807,4.057619380903662,0.06323090605414443,1.5423976899745588,4.181612384154644,1.2101245809627403,1.346826558983053,4.203151362855115,1.1834076325654532,1.370423339591078,3.9221978768075063,0.09942871268441203,1.3322929544551565,4.015630301270835,0.9916130665859462,1.3992332992724317,3.862613142143616,1.1050632530058446,1.277528126166726,4.194159134520096,1.2029483647831245,1.3650889194650733,3.919368678969621,0.06209575540728024,1.2645722546395701,3.9736327306710884,0.5262545406647473,1.436762136130642,3.9553654359221513,1.0096255923349224,1.224200697513786,3.9131059212239645,1.439139864342497,1.2008165850769823,4.004408148421271,0.04758084947012205,1.434133741388002,4.111376251677753,1.171269490009624,1.3379951983991432,4.108520207679056,1.140649208671073,1.368031159499495,4.073581686651913,1.4161501768459572,1.1873562089937872
0.989217,4.0309491966685345,1.4279157256969712,1.067903838733503,3.9889910868720326,0.08963365959007234,1.4208868563612702,4.186235908049971,0.95431677800104,1.2594728192480857,4.30129957475175,1.0891789950733377,1.1519446427196247,4.146485241261702,1.2631803299507542,1.4152891840922948,3.927535386437323,0.048501707441545895,1.4050114224593315,4.091006839922297,0.5057931450654122,1.331388740389847,4.035907218284423,0.9900000096983548,1.1537499588365563,4.204721961573434,1.4179234516273036,1.079986814889623,4.0574976516138515,0.0632379075577963,1.5424119206736855,4.182271914403949,1.2116964178944976,1.3470587120412307,4.204077112442476,1.1852187429443166,1.370670094994188,3.920796214803315,0.0989161410731954,1.3327250289634405,4.015269810308632,0.9913092824410276,1.3998998094341004,3.8612833480619257,1.1052636333182124,1.2773992612658915,4.1943079127632075,1.1992809965376836,1.3645260089528053,3.9179160761818244,0.061775909287779235,1.2647296407425048,3.9717127397128826,0.5261849924358579,1.4369508387878498,3.9555729432627103,1.0102387298998774,1.2246102875918712,3.91346613035598,1.4394127756526478,1.20151219656294,4.004306929866849,0.04757811497529939,1.4345760745543599,4.110920071689775,1.1690934562708113,1.337606529778637,4.1077787104197405,1.1382425556787783,1.367396762033886,4.0741894552449445,1.4160835011984416,1.1874528654891918
0.999209,4.030999628024792,1.427433587329109,1.0681067207993942,3.9889515627840133,0.08970050020348287,1.420928577535496,4.186480449622504,0.9539042849917831,1.259768783500719,4.300976579405854,1.0889277460163294,1.1529012359511297,4.1477585975187825,1.2654194881850092,1.4157591623990418,3.927484224147812,0.048597137148561745,1.4049966591168188,4.0915197068133,0.5058672280996934,1.3318902681227753,4.036586113164762,0.9906158628269353,1.1540355328354495,4.2048606494161245,1.4173847140127454,1.0793647769023096,4.057444076689142,0.06324220699893345,1.5424587974463182,4.18300235571088,1.2135475410011265,1.3474752181323661,4.204986833384766,1.1872440085295257,1.371108635800587,3.9195203147025275,0.09826030823974286,1.3331217711854575,4.015504911697112,0.9909657000513733,1.4003156763090816,3.8601135715245727,1.1054718047318,1.2774962779228867,4.194633528696813,1.195114245778241,1.3643766411777944,3.9170666545755615,0.06123521718487003,1.2649253936771845,3.9694459274920235,0.5261581978191341,1.4367536589494045,3.9563051789945014,1.0108627074080887,1.224915340666204,3.9141135410946397,1.4395902085959384,1.2021512617331818,4.003532382132817,0.04751193146942595,1.4352909308680626,4.110638132591469,1.1664553819274817,1.3375913719364099,4.1071311556616115,1.1354321623562045,1.367175760891849,4.075028435535292,1.4161125729581843,1.18750197544954
1.0092,4.031306865144193,1.4270224506381084,1.0683443297796509,3.988985609304187,0.08970777166290271,1.4210008290454013,4.187054801091777,0.9533827383059553,1.2597825557693891,4.300315023221521,1.0885954461123057,1.1539899338079687,4.149045440825608,1.2682160254010597,1.4160063279496835,3.927486248196448,0.048655679026973375,1.4051148237092008,4.091800154287961,0.505858700072571,1.3321331105686824,4.037462896479977,0.9910427836614576,1.154158583335234,4.20536335746612,1.4169330535274172,1.078613271949689,4.057552657059108,0.06323758591195938,1.5425192764325313,4.183638597036174,1.215720871142811,1.347828888580345,4.205708466197715,1.1895639722100564,1.3715505873649194,3.918307798524061,0.09757103278132177,1.3334929944945493,4.0161858909566694,0.9907316263621856,1.4005042664362295,3.8591373160317075,1.105774635436438,1.2778359163913544,4.195154397550725,1.190460410616846,1.3645605354110457,3.9164691171514714,0.06056128570065989,1.2652026747365386,3.9666228436569773,0.5261957626142267,1.436118685243586,3.957312099248048,1.0114009164875502,1.2250914452263855,3.9151899616488652,1.4397581381167648,1.202903321201958,4.002227417319283,0.047326052087079996,1.4362747487058798,4.110578626317378,1.1633482795856278,1.3378786798662918,4.106675988823458,1.1321812902476813,1.3672721638360652,4.076151766750852,1.4161811684897414,1.1875191079953697
1.01919,4.031767281383,1.426753420174372,1.0685341257537686,3.9889931811344583,0.08965867176192951,1.4209947289287306,4.187541090567527,0.9529620403769646,1.2596473536024237,4.299804074142359,1.08834914170648,1.1550629413167974,4.150001371605014,1.27107946546452,1.415801084751465,3.927481570602876,0.048644396202718446,1.405159842898931,4.09191289963469,0.5058187338589851,1.3323517930186697,4.038086870984868,0.9911928910703302,1.1542189012093134,4.206039030259308,1.416618869798522,1.0779893928277235,4.057665289332734,0.06318858280587836,1.5424886073957775,4.184032068197506,1.217827887874219,1.3479232225289661,4.20610862172943,1.1918177082431494,1.3718097042733248,3.916578341126123,0.09692635426723117,1.3339373446499612,4.016912468833133,0.9906726149987695,1.4006168660474403,3.8581853745888366,1.106025097055762,1.2777847313392328,4.195297806950849,1.1858469475726723,1.3650267702403525,3.91502669178563,0.05984767410963375,1.2656744496045755,3.9633165086400006,0.5262461129329,1.43508592681896,3.958096486614286,1.0117355158229597,1.2252317995655946,3.9164543579742808,1.4399068821841847,1.2036961239379453,4.000546492241799,0.04695771765136659,1.437100247532409,4.110339488079857,1.1600757364593433,1.3382343834402626,4.106059541299727,1.128713576384517,1.3673769348015266,4.077315278048981,1.4161657960476015,1.1874788688712414
1.02919,4.032163799193611,1.426518453613523,1.0685942580522199,3.988947189398878,0.08961900808166855,1.420981217401449,4.1877846661721305,0.9526353344947005,1.25943259691897,4.299480072405972,1.088176557462547,1.1561864742815675,4.150621280525167,1.27398636934223,1.4152069245015026,3.9274444660426817,0.04861940669978274,1.4051804778278498,4.092114647809828,0.5057883171989688,1.3328355126838876,4.038342258427628,0.9911071821227208,1.1542488533637698,4.206635700749185,1.4163231169422572,1.0774447650454217,4.057761445700489,0.06314912715794543,1.5424204604684588,4.184186246955339,1.2198661183163835,1.347809911707363,4.206194952469529,1.1940076151207506,1.3719329785317034,3.914447861596075,0.09630113022020009,1.334617895258674,4.017492496653909,0.9906893121795612,1.4006989115918604,3.8573176772452245,1.1061312477253078,1.2774671309684968,4.195030198045061,1.1818052961577497,1.3658093880169704,3.9127606272717297,0.05907758438695608,1.266481171328777,3.959775977447575,0.5262696566888252,1.4339042531849542,3.9585264742324218,1.0118632111193973,1.2253615099150215,3.917620184425972,1.43996906028547,1.204425891823699,3.9988319890952577,0.04648325442836042,1.437801397748972,4.10990361235085,1.1570377213840246,1.3387262402959799,4.105317706950738,1.1254281188031021,1.367567420542632,4.078331635141915,1.4160010854768255,1.1873134070615299
1.03918,4.032288213254826,1.4261821923332152,1.0684817897601278,3.9888730782678126,0.08964966646648581,1.4210541907984766,4.187848132123984,0.9523136207404354,1.2591836014573632,4.299172843483241,1.088033978823341,1.1574801154443193,4.151073452543851,1.2770660351356622,1.4144677768348703,3.927385475239523,0.04865216041329371,1.405281271615974,4.092642442382354,0.5057820170564047,1.333715607532921,4.038370754442926,0.9908935365002355,1.154244359953403,4.206938551848492,1.4159248393587094,1.076811490659455,4.0578762185670225,0.06317344099201341,1.5424032328067978,4.1841930030213215,1.2219799905566062,1.3476746783724174,4.206068479105606,1.1962666790132706,1.372083520720615,3.9123384960240406,0.0956682135684646,1.3356104937376918,4.017913354619068,0.9906573624720874,1.4007375401118913,3.856608029303211,1.1060815945924696,1.2772468835588437,4.194558456722586,1.17866366530503,1.3667867807682048,3.9102387393948415,0.05823084864697481,1.2676609336389624,3.956312485404835,0.5262633628835776,1.4328604326915688,3.958733093060817,1.0118515822480179,1.2254590809777188,3.918474444763958,1.4398992677000717,1.2050139579922987,3.997430254591059,0.04606950818683838,1.4385592270526124,4.109397759639231,1.1545447537640716,1.3393829793528804,4.104618245753442,1.1226693633020863,1.3679162317677354,4.07908713141301,1.4156975031192494,1.186971250568402
1.04917,4.032135985965817,1.42580798278149,1.068266519463853,3.9888259456650617,0.08969499589999927,1.4210674088401989,4.188018395023885,0.9520102713767234,1.258983092685996,4.298844130217132,1.0880852393215636,1.1588819285630423,4.151512835428187,1.280134475061202,1.413914015070901,3.927359596585825,0.04871686002308355,1.4052944136430314,4.093390694211657,0.505747931033686,1.3345675945625715,4.038545484572694,0.990653632250291,1.154211584332077,4.206934305516505,1.4155724344252243,1.0760640297996429,4.057965435742817,0.06316526296928829,1.5423618220746524,4.184175917615214,1.2241183892994862,1.3477188866737126,4.205896962632044,1.1985202383150941,1.3724073560576957,3.9103846796594826,0.09515135543933712,1.3366252929782354,4.01836604635747,0.9906389279066043,1.4007283515876452,3.8557599077297895,1.1060027742596819,1.2769090858715708,4.1938807443017625,1.176105905869821,1.367226416233372,3.907769710890184,0.057446189586217986,1.2689008598498275,3.953115622342985,0.5263095065389324,1.4320002085457124,3.9590465799472194,1.0117969861950602,1.2254858469162688,3.919088445081225,1.43980730872086,1.2054980690928905,3.9963547729164643,0.04592855586360767,1.439213573283871,4.108706758312873,1.1524567152578147,1.3396033968786414,4.103837599885813,1.120300437929577,1.3678238426650882,4.079589118099299,1.4153964023155532,1.1865172647403388
1.05916,4.031690599631892,1.4253978747073808,1.0680169261047723,3.9887999258749907,0.08970466143322639,1.4209651045267142,4.188507224762388,0.951755142656916,1.2588971140023535,4.298470786655258,1.0883745026870304,1.1604867499658436,4.152219329241274,1.2831407001163588,1.4138721331568336,3.927360644532895,0.04877156841629124,1.4051739835469255,4.09438638415851,0.5056063024055059,1.3351794112645725,4.039072094924478,0.9903589433693842,1.154208209086701,4.206607219988455,1.4152820270756201,1.0752373356464933,4.057980782436564,0.06310186462802019,1.5422835779127864,4.18432676821139,1.2262433988483064,1.3482232199371056,4.2058997815986015,1.2007255001739077,1.3731564000037237,3.908451380606954,0.09476725765104531,1.3373558657901514,4.019042267947557,0.9906340031652382,1.40072904756943,3.854605953623732,1.1059602389304966,1.2764029783594668,4.192911505125903,1.1742718946847195,1.3667791153135787,3.9053189673548427,0.056700636168839545,1.269906857436811,3.9503105255768034,0.5263684767304405,1.4312379670685005,3.959659237609153,1.0116515468213854,1.225492765902985,3.919456486408847,1.4397351686862827,1.2058753932765547,3.995388883274887,0.046221305249600386,1.4395678596362016,4.107725699850805,1.1508812303649998,1.3391261284051772,4.102904804458202,1.1184416166305777,1.367041285937025,4.079809070749845,1.415130183946938,1.1860207016539306
1.06915,4.030882098069034,1.4248532248639416,1.067770358289641,3.988722877611054,0.08967314542475491,1.4208609251188014,4.1893639962864935,0.9515732176604895,1.2589424153741147,4.298026992656036,1.0887624970636767,1.1625663995032312,4.1535648805221195,1.2862641625951399,1.4145671992696633,3.9273124924136025,0.04879067729235456,1.405081505043941,4.095880104379181,0.5052790830215452,1.3357445478131609,4.0398822912189,0.9898349869036112,1.1543322271111576,4.205900576081922,1.4148683794372754,1.0744000426487945,4.057902715446188,0.06307755005643811,1.5422670608620563,4.1848754328569955,1.2283890255933338,1.3494817126104892,4.2063084510895505,1.2029395020427884,1.3746363384722537,3.906178259775565,0.09437666630964761,1.3376129292983454,4.020070417078579,0.9905366215366046,1.4008514839564268,3.8532545315363604,1.1058960286161434,1.2759932905115217,4.19155349551388,1.173890774617755,1.365747837400602,3.9025286098333227,0.05576359739446994,1.2705330753482174,3.947961650741478,0.5262538424228878,1.430399669514055,3.960535233977937,1.011203007218253,1.2256242109761197,3.9194299658076663,1.4396035127874356,1.2060908416999245,3.9941394076816845,0.04699821025319999,1.4395063506831813,4.106452616672682,1.1502569085521706,1.3382743103142605,4.101899020912458,1.1175578189331787,1.3659208228595767,4.079660384972271,1.414775151241992,1.18552355430155
1.07915,4.029751757918052,1.424328844071488,1.0675531713422572,3.9886914938074445,0.08967292404763441,1.4208098932365416,4.190538920628445,0.9514985527132507,1.2589719249148612,4.297601643777064,1.0893073941618363,1.1647567419000324,4.155272916939952,1.289468411148221,1.4155577064178206,3.9273114524367605,0.04885909905630554,1.4050274606376596,4.097835628644003,0.504872006292919,1.3364045998364065,4.040876025690566,0.9890680878959883,1.154477742074086,4.204862980375293,1.4144679491798886,1.0735678378958275,4.057834628425122,0.06305565645649956,1.5423244696309033,4.185680566200059,1.230601324625055,1.3510346108370814,4.207019954540495,1.2052389114434765,1.376380645443359,3.9036347255682213,0.09401777820023832,1.3376090552906141,4.0214517886383,0.990424844411412,1.4010025250546405,3.8519882965867,1.1056515552876431,1.2755845195297317,4.190083737824067,1.1743867125475866,1.3645133640550142,3.8994928342217143,0.05476256811693662,1.270942971891252,3.946108960203613,0.5260464112113582,1.429489211061748,3.9616044336891076,1.010470736776093,1.22579843355109,3.9190798474930557,1.4393688190842537,1.2063353999718616,3.992530188118868,0.04801137298112061,1.4392638285459491,4.105146293384228,1.1501960061040963,1.3372969055596386,4.100994209114772,1.1172361505780615,1.36467633407364,4.079198740175243,1.4143486357815418,1.1850388442086168
1.08914,4.028403389500623,1.4239909377218627,1.0673661222523896,3.988796612553882,0.08976683111507554,1.4208028452909212,4.1919008845319,0.9515387187502093,1.258832232876859,4.29733417048622,1.0901026065525563,1.16659222491455,4.15677700916801,1.2925582848475075,1.4162893715331317,3.927450341092265,0.04905719190993748,1.4049466471575844,4.100061387108873,0.5045170239640295,1.3372112753410816,4.041925952466729,0.9881306880390632,1.1545105453205837,4.203597289662776,1.414261411542032,1.0727365017914854,4.057861910052061,0.06296501044175652,1.5424047402898367,4.186427747393685,1.2328563035555236,1.3522737853176696,4.207755912845,1.20762290405306,1.377774523976655,3.9010258947630008,0.09377253211199947,1.337681246776841,4.023088174923223,0.990422016428942,1.4010567354556787,3.8510278556672355,1.105172561121228,1.27515357791171,4.188909058866456,1.1748385807004254,1.363237796155265,3.896436478768323,0.05392103961153125,1.2713994673183204,3.9447005377141804,0.525908430621883,1.428567632439072,3.962762707195842,1.0095877365873782,1.2258906809299521,3.918577740614777,1.4390428193248934,1.206796261035982,3.9906427608783073,0.04894412235261323,1.4391540588790863,4.104114492157,1.15013149300751,1.3363009362294678,4.100371833000716,1.116902152091352,1.3633995744919716,4.078545069364266,1.413913901804402,1.184559566740295
1.09913,4.026928937934865,1.423592662705723,1.067141498451159,3.9888183329764257,0.08985815021996868,1.420744634418424,4.193231536815756,0.9515986256153863,1.2586229472852677,4.297322531010196,1.091007672184952,1.1684212869301598,4.157736444775424,1.2952804524470365,1.4169894013416802,3.9275121784111517,0.04926448354637567,1.4048135263824528,4.102414045796801,0.5041102254407986,1.3380692082029113,4.0428606561100935,0.9870692100930961,1.1545583310909708,4.202181260677739,1.4139965386052173,1.0719203372828263,4.0578082074362545,0.06286017576539037,1.5424167790904175,4.186905263638592,1.2349315204105533,1.353429843712071,4.20826606482214,1.2098597057262852,1.3790810272000231,3.8982004689449092,0.09354072650996782,1.337884534496963,4.024796719199185,0.9904690985519005,1.4011412041451687,3.8501147438993244,1.1048856490983137,1.275537048235823,4.188183991773602,1.1755251798838402,1.361317747427276,3.8931581181101897,0.053124232047539494,1.2719706385947502,3.943407428019312,0.5257879156600503,1.427555194429787,3.963850779703675,1.0086263907859554,1.226035060079567,3.918019711501454,1.438733497034952,1.207226967742186,3.988478777883913,0.04977489950341777,1.4391477526980878,4.103367111417604,1.1503693801057895,1.3351203937276859,4.100077292911784,1.1169946360602492,1.36207790495207,4.077773224703775,1.4134179230994457,1.1840547659079776
1.10912,4.025444949753619,1.423014374603066,1.0668687423133587,3.988730247687565,0.08985317091392232,1.4206053585800147,4.194487457724858,0.9515609456474826,1.2583540010452192,4.29763425903571,1.09201066248385,1.1705422119056863,4.15819859260281,1.2977624951992783,1.4178046217255544,3.927454623722307,0.049372683735858,1.4046714413683363,4.104831563209726,0.5035724212777222,1.338819723330244,4.043692289327293,0.9859461308878607,1.1546304360433566,4.20073900252916,1.4135844763236012,1.0711352170390935,4.057671043397458,0.06277900361089715,1.542345084140924,4.187143694604078,1.236883982934867,1.354705712776554,4.208534825308866,1.211999467676328,1.3805368409720928,3.8952289113441085,0.09336359208774275,1.3380626702640823,4.026538859174229,0.9905393467038487,1.4012622123827152,3.8492432678558886,1.1048638295721858,1.2768439018270776,4.187867148613862,1.1766868161962007,1.3587824784538558,3.889779146072394,0.05242449308162536,1.2724855766857814,3.9422284240288885,0.525687065317356,1.4265020698248227,3.9648904411173382,1.0076745862625665,1.2262386440827675,3.9174579465142996,1.4384372507787855,1.2074764416246406,3.9860301174120494,0.05055355253027892,1.4391695070209045,4.102885373744727,1.1510687107914404,1.3338074559781328,4.100104363315215,1.1177056832370114,1.3608010383409008,4.076986703584324,1.4128574962021307,1.1835224064503511
1.11911,4.024102115856477,1.4224140955938078,1.06663215480396,3.9887935780487274,0.08971356528717676,1.420456080180564,4.195820418131332,0.9513208678615352,1.2578549275096034,4.298262347146778,1.093279710228024,1.1729451602017997,4.158594028004799,1.3005765644943865,1.4185622649102159,3.9275036823447214,0.04934891856383729,1.404629910794227,4.107297948765571,0.5029276946752826,1.3392859231415586,4.044622234505824,0.9848457707583912,1.1545219659516002,4.199460083622682,1.4132427139754642,1.070394405757466,4.057702036599544,0.06270611135711603,1.5422727445764353,4.187409511752808,1.2391329317435273,1.356026551249601,4.208796863643624,1.214465579915508,1.3820881898915147,3.8925095874901756,0.09348763541011697,1.337907397536519,4.028438847993633,0.990696232925421,1.4012122580392483,3.8488084423113493,1.1046495955490265,1.2780904106984017,4.187743940172457,1.1781267597938923,1.3566391425744235,3.8868687657727743,0.05215081830722972,1.2725669519843608,3.9415793070587366,0.5257286519522378,1.425642635423853,3.966092499240413,1.0068515733922057,1.2262858730113027,3.9169272016328622,1.4380099446708339,1.2076474877099137,3.9833088884291774,0.05132902532000926,1.439172424219787,4.1026799512590735,1.1519354074801187,1.332764753824017,4.100399244771351,1.1186114117619468,1.359818546724005,4.076341576220253,1.4123239307231765,1.1830089968345674
1.12911,4.023063553925082,1.4220252171555376,1.066554509474685,3.988890720718901,0.08949423292963149,1.420323199954114,4.196886715358311,0.9509081887906639,1.2569569663525704,4.298785015464724,1.0945560630626916,1.1752840688673902,4.158807303529085,1.3036923401370264,1.4189484258819827,3.927553315307646,0.049229886957529924,1.4046911070204275,4.109347887550883,0.5023012635449887,1.3395098697583376,4.045303716791727,0.9838121014300657,1.1540775674303125,4.198544434111831,1.4130511856311918,1.0697284010395376,4.057814790597393,0.06263471125930932,1.5422018344262147,4.187511947801709,1.2416184458295223,1.3570659826980735,4.208875825503327,1.2171957406047704,1.3833873984325933,3.890030125753681,0.09394976310231856,1.337530687085347,4.0301931754745315,0.9910181885349977,1.4008441772350448,3.8487903133326093,1.1042295305935783,1.2788951224536205,4.187745462412193,1.1789503214377972,1.3556157224763845,3.8843384888249943,0.05241392038644301,1.272285010872303,3.941220940447831,0.5259958786750266,1.425050709414718,3.967120081003384,1.0062469612075455,1.2260287967060535,3.916642095814013,1.437563904112013,1.208012523115426,3.9804596177697324,0.051986098277578024,1.4391012085035106,4.102686034249765,1.1523356185195648,1.3324098843674679,4.100775659335998,1.1189681840691807,1.3594174263542356,4.076020231409945,1.4119181665330776,1.1826177643643554
1.1391,4.0224205037182275,1.42198331439534,1.0667138425914775,3.9888234454909597,0.08927894614724693,1.4201952152310935,4.1973144760209244,0.9504167183542385,1.2556259933272824,4.298825522295723,1.0955081348872635,1.1771648050790218,4.158572803878408,1.3067074792733329,1.4187873067928576,3.9274353299689206,0.04907677435768217,1.4047879751508037,4.110550901870432,0.5018343020011324,1.339669890147905,4.045342723103655,0.9828863895430711,1.153290350048181,4.198087215762056,1.4129906592710966,1.0691495481587814,4.057825950774256,0.06257162490089117,1.5421038070864357,4.187197582241765,1.2440153420951927,1.3575557271973901,4.208554325890425,1.2198527553534593,1.3841231095734825,3.887624567769866,0.09465134520029979,1.3372122040358627,4.031475392844211,0.9915341188883214,1.4001558693053906,3.8489748032593454,1.1038043657233807,1.2793272250083436,4.187893159830944,1.1784718658249038,1.3558641135683056,3.881857294495605,0.05313083587456236,1.2719219175503107,3.940754124680874,0.5264967553449799,1.4246969383949135,3.967580300245004,1.0059091915370106,1.2254729186680866,3.9167847505106006,1.437274219514934,1.208771698604826,3.9776823150531615,0.05241096147500082,1.4389392675442065,4.102825361538549,1.1518594159624695,1.3328882537593834,4.101076018084306,1.1183256970632451,1.3596946790800835,4.076116742930522,1.4117064268839146,1.1824301820583822
1.14909,4.0219958795935105,1.4220029773517167,1.0669841797639115,3.9888267412762253,0.08908482309526654,1.4200265474144083,4.1975412762726885,0.9499080765935035,1.254224822223624,4.298874317061723,1.0963564368236935,1.178630315559928,4.15813961450376,1.30917755950303,1.4185622099999307,3.9273888887539714,0.04891602092706754,1.4048275430402697,4.111409640363345,0.501544216646156,1.339999288723093,4.045179236158083,0.9821580524027084,1.1525136964407208,4.197818773689194,1.412993781321196,1.0685711527034232,4.057858556993214,0.06254443223666555,1.5420028094010674,4.186834740359002,1.2460636021457145,1.3578386970771446,4.2082267151058295,1.2221505351655757,1.3846021594769222,3.885348196121738,0.0954534715942393,1.3370119425308833,4.032672420261095,0.9921023101859452,1.3994768949519354,3.8492911299264647,1.1034238773650267,1.2797452472127777,4.188222197551463,1.1778661920136113,1.3562680422577735,3.8794740209979954,0.05401207912501983,1.271629674498073,3.940445997530374,0.5270836767296975,1.4245121327285932,3.9678898389875417,1.0057991844847596,1.2249699683965896,3.9171072168605052,1.4370482418509998,1.2096257031296977,3.975081088232895,0.05278967852180991,1.438809376575777,4.10310916679169,1.1513695931498458,1.3334807937459265,4.10146440672868,1.1176765987494497,1.3600870970710435,4.076392884048378,1.4116302692500136,1.182355993140455
1.15908,4.021532147341144,1.421900652330081,1.067196612000505,3.9890087610182072,0.0889240667279298,1.4198175473713592,4.19780485400423,0.9494634314681958,1.2529857360978622,4.2992112677255845,1.0973667440838133,1.1799328166210405,4.157720935593199,1.3112218839902534,1.4185371157791722,3.927489139162511,0.04880627213938792,1.4048071700524234,4.11233247032073,0.5014065663449359,1.3405387230678643,4.045071707106916,0.9816664167458348,1.1519473122287376,4.197441631383739,1.413012957461971,1.067907979603954,4.057961724385807,0.06253188922867654,1.5419209986015718,4.186621557133856,1.2478713624404743,1.3582035929558232,4.2080944717025615,1.224206951295902,1.3851225159450256,3.8832014106521973,0.09629797163480212,1.3367987977949727,4.033936527484837,0.9926315028182605,1.3989898934344647,3.8496863164911552,1.10308648762186,1.2802836802024875,4.18856708456153,1.1781608210808034,1.3563521045373412,3.877244018491584,0.05492380679032316,1.2713217239887922,3.9403816899433703,0.527662959359511,1.4244735037013552,3.9682759124994336,1.0058493568064364,1.224701801735997,3.9172340020405674,1.4368121768611393,1.2102006028778654,3.972578111179214,0.053241275518353295,1.4387032119535228,4.103429717816971,1.1515676856036299,1.3338818889268693,4.101942836476702,1.1178159685860956,1.3604086961242283,4.076578211923861,1.4116302685605626,1.1822417286898617
1.16907,4.02079286021279,1.421739072036946,1.0672094869882174,3.989216471448119,0.08881523156101793,1.4196294596368766,4.197902219413094,0.9491911892109012,1.25185944005887,4.29962698769875,1.0986835785421054,1.1814271918739734,4.157332942479464,1.3136029478272564,1.4185238879217577,3.927517707372592,0.04884121415733888,1.404837937848461,4.11334080960529,0.5013801615018803,1.3410783954983172,4.044845561685545,0.9813694218613949,1.1514953950036875,4.196774678017799,1.4130492602998919,1.0671236069460979,4.058022165805312,0.06245529128261005,1.541865734339957,4.186379900503545,1.249940366570223,1.3586839726313502,4.207954622527117,1.2265740323439074,1.3857771686957823,3.8810568296511967,0.09722991248633066,1.3362960633731982,4.034971725007381,0.9931440868053054,1.398597483811094,3.8500997893887368,1.10278058108267,1.2807570924556604,4.188572588542037,1.1795749479453435,1.3567403445129684,3.8751252742977442,0.05597226216508403,1.2706834322241405,3.9402497502990483,0.5282540489175804,1.4246041402968788,3.9685334185877914,1.0059807207711255,1.224541713896458,3.916826791395503,1.4365923952055801,1.2102222898086148,3.9699063531068184,0.0537086098138079,1.4384352364003048,4.103550033715183,1.1525333323820632,1.3345115727706478,4.102259958370988,1.1188218397962217,1.3610916527061423,4.076498936267138,1.411682751849632,1.1819258826606869
1.17907,4.020069525614421,1.4216147274845319,1.0671529461115778,3.989467363999366,0.08873426339374607,1.4194547786932665,4.19791721632844,0.9491435634970949,1.250743778776745,4.300030677969276,1.1001172086218152,1.182930930818983,4.156859429321668,1.3161079601422287,1.4183894754080373,3.927510986377581,0.048967703573837,1.4049351870642128,4.114253781906907,0.5014805780891057,1.3415324880996244,4.044532096828686,0.9812125795917933,1.1510606706035542,4.19617629397628,1.4132061068730417,1.066386415013172,4.058064359562239,0.06234298088736647,1.5418627658321642,4.186017858900573,1.2521104094884847,1.3590792095287525,4.207677523183871,1.229048100224219,1.3863570711295348,3.878857910770844,0.09817765150334773,1.3356395316773173,4.03587016455305,0.9936859126047316,1.3981914559858968,3.850546173623591,1.1026509207680255,1.2813941870593788,4.188572571191908,1.1811550775110813,1.3574594573188885,3.873083365999974,0.05711219747364731,1.2698353662806887,3.9399024020035305,0.5288923153976691,1.4247116905689297,3.9686996102792955,1.006151097946497,1.2243977367436893,3.9163782219592647,1.436466199175832,1.2100086958991005,3.9670499579582725,0.054031745674997265,1.438097396801026,4.10368872150563,1.1536345285084602,1.3354343052303577,4.102549930467391,1.1200328035356302,1.362152678720479,4.076459102923333,1.4118108184714055,1.1815199683729538
1.18906,4.019750796398589,1.4215820609133318,1.0671941453337983,3.9898345137140074,0.08864315412031874,1.419293662992077,4.198044360387514,0.9492793411402805,1.2496608033733778,4.300405713022863,1.1013757163236935,1.1841110721125998,4.156251506395473,1.3181415648786066,1.4181832957892333,3.9276026145839795,0.04907312265620017,1.405039571767911,4.114984355274266,0.5016989108380031,1.3419492306403156,4.0442846370094205,0.9811642556578303,1.150675134311407,4.196086521373134,1.4135667118147062,1.0658950470465505,4.058129496655823,0.06222910612168014,1.5419118557862743,4.185570528763035,1.2539593346149793,1.3592407102765274,4.207268931128693,1.2311346139704409,1.386674917461007,3.876623957451795,0.099062116836342,1.335108528413751,4.03685363188543,0.9942500579520902,1.3977781536869063,3.8510395962706916,1.102790721007481,1.2824229257776558,4.1889697163415,1.1820056627466116,1.358190389813911,3.8711114101518533,0.05826221451784218,1.2690573864574752,3.939347855881916,0.5295944480432969,1.4246604101115132,3.9689239993057526,1.006361297228802,1.2242980586554735,3.916472553323319,1.4364537317273887,1.209954835019811,3.96408839846689,0.05408787131105639,1.4378780612954116,4.104099972179165,1.1542890011104199,1.3364480123213673,4.103014145791818,1.120828791065962,1.3633243018295063,4.076782019094579,1.4120399118224956,1.1812104896325064
1.19905,4.019591573477562,1.4215244993915956,1.067141274308918,3.990240281658812,0.0885372844924908,1.419292399111141,4.198276840488865,0.9493581552966288,1.2490773910241608,4.300718140188203,1.10243986788459,1.185137835956715,4.155872973433509,1.3197100500529433,1.418389443223462,3.9277540729856977,0.04912342112060595,1.4050346758720984,4.116074707653872,0.5018473381937009,1.342568264182756,4.044232264366225,0.9812729580775068,1.1507461920901314,4.196250274135632,1.4139729591792383,1.0655746038155791,4.058053900667746,0.06197384139101489,1.541894528181138,4.185275926418588,1.2554670246276767,1.359579264796322,4.206987451580256,1.2328242542143915,1.3871334789014227,3.8744493058726746,0.10001197222196506,1.3346840460915907,4.0378346853365565,0.994643825198841,1.3977129838510096,3.851463359028657,1.102845790047592,1.2833057484339114,4.189142882784288,1.18342716670014,1.3586941680916145,3.869237610853728,0.05953310333254771,1.2683321131011944,3.938757178330532,0.53031020417779,1.424880593314182,3.9692429675736207,1.0066847816259288,1.2245554461215655,3.916511548650489,1.436310990404986,1.2096657522046697,3.9609086718932955,0.054046818272644404,1.4377554959128576,4.1043303331693854,1.1552827028378625,1.3372179209752628,4.103360594605714,1.1219708900721992,1.3642459242363318,4.077015424540013,1.4123245221991094,1.1809353961731817
1.20904,4.019406964554288,1.4213324984928066,1.0669753141534872,3.990593702598687,0.0885417774806142,1.419314876211179,4.198675624004294,0.9493202867708185,1.2491212787523365,4.301087862869998,1.1033967211134899,1.186189208865069,4.155471590365649,1.3207204246911473,1.4190700409104473,3.927927640137237,0.04927232644773271,1.4048772144368893,4.117702520592245,0.5018835905875247,1.343472515752781,4.044509712261394,0.9813625934441355,1.1512499682397446,4.1963523608799065,1.4142807069798558,1.0653163901059937,4.0579137833657,0.06173462052072406,1.5417704602190676,4.184981274221534,1.2565231849993452,1.360231806010595,4.206753154329049,1.2340503929679265,1.3878602338607808,3.8724336260183088,0.10101738915088289,1.334207114464783,4.038767218266438,0.9950053394832958,1.398041698731855,3.851696502784783,1.1026790002937499,1.2838347192164068,4.188797666840525,1.1857370789892372,1.3588786857757416,3.867472331270242,0.060787106789537394,1.2676113776639735,3.9381391769655902,0.5309923654490031,1.4252565240285928,3.969759152298296,1.0070323653149293,1.2251048801419915,3.9162358136409323,1.4359910232428132,1.20913620350015,3.957760847514059,0.05418576538149739,1.4375715444220243,4.104151886607826,1.1568517060825736,1.337635170286885,4.103408549835897,1.1236832568652253,1.3648187680850214,4.076983524736441,1.4125743467338607,1.1806884034004108
1.21903,4.019264051955775,1.4209763249338496,1.0669581310344471,3.9908379933960623,0.08889724294163052,1.418911430668355,4.199423410071866,0.9493452226372224,1.2493985074199232,4.301799534232155,1.104399047683058,1.1872950707255854,4.153948211151937,1.3208406727081603,1.419599601236961,3.9281342530635794,0.04983292427956741,1.4046318241629454,4.1194323090513745,0.5019872195268386,1.3445123192155073,4.045257326134377,0.9810401318281541,1.151569533081335,4.196233543053756,1.414456128489223,1.065047418459354,4.058092587580823,0.06202587964483965,1.5416317050493091,4.184046994262731,1.2568509993144348,1.3608343590414096,4.206033505529705,1.2346038360259233,1.3884862176899193,3.870641766094082,0.10191065272135275,1.333447742543993,4.0397581298361205,0.9958675502248392,1.3983535583793836,3.8516695225401674,1.1025398212567505,1.284406963141927,4.188345795056054,1.1874845636860756,1.3588355676088641,3.8657937715671453,0.061620900122797403,1.2668888747725646,3.93729382517465,0.5316575251657201,1.4249269159027247,3.970678694926238,1.007165061547161,1.2253800015489835,3.916107102674521,1.4357430399350546,1.208990657337944,3.9553401986930927,0.05486220288164867,1.4371032383003588,4.103815410460233,1.158206852145932,1.3379271110879127,4.103247713337649,1.1251882393046457,1.3653184669647314,4.077015916116027,1.4126809406017846,1.1805946249368768
1.22903,4.019253269119004,1.4206574177927338,1.0669455127747376,3.9910119367095938,0.08941746197712284,1.4185438356817608,4.200496043414516,0.9491293930345687,1.2499485580461285,4.302735595021562,1.105576775576288,1.188253923838945,4.1508960787505425,1.320207940475109,1.419198208273403,3.9283915274779915,0.0505005601400838,1.40432997144326,4.121145021020652,0.5021711543472244,1.3457610829628444,4.046541441914325,0.9808513760611989,1.1517957743908305,4.19618108189567,1.4147134311300265,1.0647643100282242,4.058379618730445,0.0626105983402426,1.5415502678369604,4.182596528123352,1.2567078408528092,1.3611082485252046,4.204861390032908,1.2348364366514786,1.3888629125087018,3.8689771109812456,0.10326062309960368,1.3324820691720785,4.041034146687125,0.9969124776161252,1.3986616419275084,3.8515066130898,1.1024990709152995,1.2850793636519202,4.188195472901185,1.1882855845661744,1.3587719507146272,3.8642266530786786,0.0626702146740935,1.2661852599046939,3.936475395934238,0.5327035748089766,1.4241948216214375,3.9720704053314706,1.0076236808205716,1.2254871413935742,3.9161797254404274,1.4355006400085522,1.2089536471851356,3.9536106652547853,0.05660461396711394,1.4366692853204928,4.103482105920145,1.159169443351695,1.338346991058702,4.102871433505802,1.1264108299050009,1.3660621559248722,4.076806386516718,1.4127348748064545,1.1806991176142934
1.23902,4.019409424166378,1.4205777639900767,1.066623089090338,3.9911830169997407,0.08978702459623653,1.4188204337116244,4.201683068388402,0.9484385294892135,1.2508145835320326,4.303525447840318,1.106855951623068,1.1888228372630176,4.146975278956305,1.319358167309305,1.417659222315259,3.9286920764824473,0.05083408150730924,1.4040090943126133,4.122789105509924,0.5023515054029031,1.3471938612277248,4.0481626154491614,0.9813728136427234,1.1522239696813497,4.1964986860026015,1.4152286580951048,1.0644552743780038,4.058393348348035,0.06294363314405749,1.541559929623317,4.181172834140393,1.2565833315916233,1.3609734458492484,4.203611215917872,1.2352196483674183,1.3889993265246687,3.8674115229259716,0.10543964073391383,1.3315855538530732,4.042655301801653,0.997591946368378,1.399101101694029,3.851409096401129,1.1024828788273329,1.2856795899377105,4.188434268478123,1.188506192094406,1.3591068746301669,3.8628536165158693,0.06455329859829877,1.2655460662624496,3.9360211829415492,0.5343285336180391,1.4238414019526484,3.973731271515682,1.008848329366107,1.2257494906261075,3.91628688550873,1.4350875088233443,1.2084673697153345,3.952224762259561,0.05937432851759866,1.4366408837904394,4.10320991676405,1.1598675038201745,1.3391405773390483,4.102289499702526,1.1275173517959423,1.367278776541003,4.076057052527125,1.4128578988066214,1.1808565221142744
1.24901,4.019572618433642,1.4205237832461624,1.06589542915047,3.991344991651634,0.09006635965966574,1.4191296437167256,4.202571899164988,0.9481654567528169,1.2512165151731134,4.3037425423535485,1.1075662667990835,1.1890420957638033,4.1449274910133775,1.319231500692065,1.416848492496301,3.928944223240243,0.05109940679032142,1.4037946996387909,4.123913700088587,0.5024598603350073,1.348053243353344,4.049209493772877,0.9815485664050089,1.1524685498740193,4.1967495062042115,1.4156192149542666,1.063956726016274,4.058314644894734,0.06289045886917233,1.5416199533154364,4.180228037244758,1.2567281949580478,1.3607948362403344,4.202681209502998,1.2355787287338378,1.3889707776505908,3.866404314245919,0.10684084388624945,1.331104383963171,4.043954552027882,0.9982120775881191,1.3993899510860879,3.851481335150674,1.102314416330859,1.2859855282125885,4.188189234734914,1.1888391259554463,1.36074792680315,3.8618353977242017,0.06592642547694272,1.2650436910745422,3.9356736973096633,0.5354072302616014,1.4239912361478104,3.97485384606934,1.0095236657447366,1.225922041741268,3.9163646773978065,1.4345736723657136,1.207761556276686,3.951169562515277,0.06100275500624461,1.4365621097580805,4.10293232037072,1.1602249156588802,1.3405183914655658,4.101767116573042,1.1280963019245855,1.3688802784867253,4.075707430310061,1.4129109160358764,1.18046635793481
1.259,4.019660690500029,1.4203450306111993,1.0648999882085013,3.99146380569329,0.09033595147845958,1.419212814929761,4.203033388756657,0.9485502164386451,1.2510137270608772,4.303523615155844,1.1076360166981212,1.1889956877222638,4.1455775049269485,1.319866597281905,1.4175356346400267,3.9291062547577713,0.051490984157305575,1.4037541555418402,4.124353865964123,0.5024987755871829,1.3481581490796748,4.04943968264409,0.9810350237819269,1.152450437921552,4.1967037808586785,1.4157406000374264,1.0632519866421442,4.058264500418867,0.06249066125532211,1.541717671971496,4.1800183058288605,1.2570572726917055,1.360880169550733,4.202407677005496,1.2357394911553397,1.3889616693623856,3.866091112049856,0.10688893386396703,1.3310690753750933,4.044646063559167,0.9988616969295865,1.3994891167746308,3.851744601819576,1.1019578632921048,1.2859328370926735,4.187187693532306,1.1897975648133134,1.3635174658732065,3.861238099038123,0.06624699406046286,1.2646977400201826,3.935192923451995,0.535538704489254,1.4244392035699516,3.9752105791209025,1.0092226373454307,1.2259539024225168,3.9163713738951667,1.4340327177288916,1.207010371576017,3.9503919478562706,0.06072879067526798,1.4362367065621715,4.102606216941019,1.1604981330935717,1.3422497785130976,4.101419121311233,1.1283218561146815,1.3705765427418979,4.076040724212889,1.4128364593927112,1.1794874135660336
1.269,4.01974991955735,1.4200947053356803,1.0639885157840994,3.991504111501629,0.09059335368654062,1.4195588102833099,4.203349608319931,0.9487491956663396,1.2510625878919763,4.303698209262971,1.1078736609568238,1.1887573810469085,4.1467517183107665,1.3200862955638994,1.4185392074379461,3.9292336872804574,0.051913385588395464,1.4038415778288063,4.124420783974409,0.5025555393698199,1.3482387059321383,4.049624939972982,0.9807875697932407,1.1526413254079946,4.196604081178695,1.415895415812639,1.0625646373617372,4.058133837758109,0.06189542791472203,1.5418947696586418,4.180497926740261,1.2571304837666217,1.361301322413136,4.202944032792134,1.2356914177192186,1.3892344796788179,3.866071464005741,0.10682089317566322,1.3310995803690744,4.04511836897382,0.9991573257183527,1.399762769982011,3.852132623624316,1.1015805387339401,1.285677162025973,4.186155672802772,1.1915165796795892,1.365794256495202,3.8609729941103,0.06648984066638515,1.264452551106739,3.934555970093995,0.5355736909883839,1.4247487636033416,3.9754492092101796,1.009071400239195,1.226175065496053,3.9162779733148567,1.4334758821384488,1.2061159398163037,3.949714231215407,0.06012947882313938,1.4360084356922722,4.1022524515127445,1.1613542113988091,1.3435899432781815,4.101106427853376,1.1291837236564073,1.3719267609168655,4.076212105747666,1.41274625222695,1.1786749306086048
1.27899,4.019930776547311,1.4198807062610437,1.0632056512359807,3.991569821985208,0.09077618074050131,1.4200941370316833,4.203586353245425,0.948820314461735,1.2514513329614374,4.304415251861674,1.1083119082849884,1.1884833944747684,4.1474405023616026,1.3195865539765825,1.419390384966542,3.9294484230839677,0.052265774922468644,1.4039036652981178,4.124257026848399,0.5026672843032709,1.3484655335334697,4.0498469890367375,0.9808302728758277,1.1530743073930276,4.196622141808909,1.4161555479763175,1.0621639818286706,4.057865457302085,0.06121012120531276,1.5421596985500519,4.180988247025806,1.256733716111751,1.361760556537021,4.203549067002566,1.2352607953900774,1.3895739974961074,3.8662480701956943,0.10685724231008246,1.3310928808028097,4.045421968602313,0.9992020675210318,1.400231333179851,3.852534018321594,1.1012413909653231,1.2853417175741269,4.185237944515608,1.1935932165316028,1.3671778572935986,3.860911994676461,0.06675764256515214,1.264290088537175,3.9340397081089806,0.5356271663905688,1.4247070016987446,3.975611038820798,1.0091280117649806,1.226577462219651,3.916175621437075,1.43294113008985,1.2051920132182226,3.9492204104791218,0.05964014644867391,1.4359097430405459,4.101890543700872,1.162586144249359,1.3443554276106187,4.10085524862539,1.130466652680448,1.372744241846024,4.0761933277316,1.412642210405483,1.1781160848634493
1.28898,4.020240172104275,1.41972823489904,1.0624666336517332,3.9917858064565253,0.09078233905215367,1.4205626187411753,4.203703320500704,0.9491087701703156,1.2518745863952365,4.305464327396412,1.1086416844991949,1.188294287090865,4.147345497136679,1.3184682579230098,1.4200666306338119,3.9298264746256693,0.05247603481639403,1.4038670722377316,4.123940332466406,0.5027972714092946,1.348682398516103,4.049891721524285,0.9808212525594218,1.1535755978171105,4.1968198269478245,1.416439884293121,1.062168162990095,4.0574519101819195,0.060418662779746966,1.5424709329463222,4.18073822272403,1.2557912204482218,1.3619005326010079,4.20333549749181,1.2342543543907336,1.3896336988546325,3.86664726485784,0.1067139159500618,1.3310987394588616,4.045473490673499,0.9992235288542157,1.4007491682506057,3.852873919364096,1.1008793589219206,1.2850548642595827,4.184304938489355,1.195428819759394,1.3681076158719259,3.860933057968699,0.06676101198052228,1.2642004016777943,3.9338633201269526,0.5354697687647556,1.4243670686729983,3.9755143074651316,1.0090203924924799,1.227010573388792,3.916162969013485,1.432407700449041,1.2044274563768214,3.9490501727085174,0.05908193192027185,1.4358087178859986,4.101547148481049,1.163604040075365,1.3448014702324553,4.100733096983912,1.1314487641248194,1.3731629449111926,4.076317879641713,1.4124916532773626,1.1775975063248914
1.29897,4.020529968487077,1.419317836820238,1.0618665076827578,3.992085826001664,0.0904764262491993,1.4212311609522543,4.203754676346214,0.9491044894430589,1.2522665100540304,4.306784456406472,1.1089638160492337,1.1880415727985112,4.1459874400643235,1.3164107304602217,1.4204419263870094,3.930176064831178,0.05253516222365195,1.4041075267935177,4.123702142051239,0.5027674315848905,1.3487953353240585,4.049964517573239,0.9810984272916938,1.1541625734163004,4.197087587141406,1.4166418619816998,1.0621487439623791,4.056928553605849,0.05921232141438218,1.5426870828540158,4.179891294345852,1.2542274276722483,1.3618160009987605,4.202564806300212,1.2327429804163754,1.3895232552714025,3.867076562787653,0.10654662408174832,1.3311097166623007,4.0454493725243825,0.9988989019704049,1.4013018784765259,3.853266114971982,1.1002685841647895,1.2850506918025923,4.183536647979439,1.196705319109975,1.3693264358717545,3.8609932812888332,0.06671463486489987,1.2641261915030417,3.9335377604499993,0.5352522183194095,1.4242155697404029,3.975466077173027,1.009127865644083,1.227521648974342,3.916144404417404,1.4316135601626911,1.2038441419630872,3.949038097684446,0.05865723913232666,1.435678630872711,4.101288286915713,1.16421219537111,1.3455124134375898,4.100611295762308,1.1320560799964068,1.3738694915691163,4.076459874001088,1.4123739419855885,1.1772584210231767
1.30896,4.020758698098261,1.418555748842814,1.0613829149778007,3.99238543384881,0.08987255558915418,1.4221341509721903,4.203746008554558,0.9486686778069704,1.2524810343142796,4.308209562752594,1.1093054472681358,1.187674213015301,4.14349836257517,1.3136119916743645,1.4203392457001653,3.930312825168293,0.05248824587255761,1.4048011471255817,4.12359237925108,0.5025419072201035,1.3486357744696378,4.050076509028808,0.9818221492809366,1.1547792439295848,4.197421926138837,1.4167497223718737,1.0618597723525687,4.056342974898965,0.057530087984158026,1.542753781880652,4.178691458030758,1.2522048854665944,1.3615699362334706,4.201520353274844,1.230942040662606,1.389314300853315,3.8674084693855226,0.10648882749604074,1.3311585191573059,4.045461241530061,0.9982184043281609,1.4018341862139152,3.8537986755273685,1.099335709686651,1.2853358966746513,4.183027353566517,1.1975685598917165,1.3710887059303776,3.861083802186887,0.0667845049580135,1.2640709373989625,3.932891759927936,0.5351408204442913,1.4244137787676123,3.9755748274200813,1.0096681726359173,1.2281071402665134,3.9161059311428117,1.430512286258493,1.2033005980185143,3.949084324142661,0.05847998242217116,1.4355699328584879,4.101119530948662,1.1645775383608026,1.3467752241855324,4.100431321426709,1.1325161977290652,1.3752101845104943,4.07651325698203,1.4123492409604093,1.1770951258092968
1.31896,4.021087160435331,1.4177420140959565,1.060828976484427,3.992612911207684,0.08921097960692782,1.422847306172534,4.203622057783275,0.9483346338268254,1.2522608522226157,4.309414746076892,1.1094821718115628,1.1873250082866622,4.140859754769515,1.3109741231929293,1.4196473252732082,3.930141830937857,0.052434097729852816,1.40571616894343,4.123394872618185,0.502304930911151,1.3479519479443514,4.049935023293684,0.9827298280542336,1.155232278470026,4.197988937907456,1.4168726565832497,1.0614812716559496,4.055783909358093,0.0558154850901525,1.5427363872003808,4.177299813159746,1.2501579466515471,1.3610968100608813,4.2002309178641974,1.22913120873417,1.3889316698186303,3.867667231651291,0.10651822980239539,1.3313228813979716,4.0454801505524305,0.9976947888588656,1.4022139915160663,3.8544739103586085,1.0982600777399751,1.2856093118757084,4.1826675457050735,1.1986309280200138,1.3729832248765619,3.8612141272414773,0.06692551324452438,1.264116890076388,3.932335993872227,0.5352014783923161,1.4245874979438105,3.97559748695606,1.01043609892162,1.2286418822384029,3.9161789860471004,1.4293985592957366,1.2025435694260012,3.949248687340265,0.05844098284891574,1.435588344623784,4.100973157512799,1.1651710749407547,1.34838827135264,4.100281307888237,1.1332143380228874,1.3769265845879446,4.076537385173296,1.4124146994905642,1.1768610952789582
1.32895,4.021738219049835,1.4171256076712344,1.06044974804897,3.9925281520230054,0.08889975888402754,1.4229592772756605,4.203633782014569,0.9479715441161414,1.251985774400763,4.310307685931064,1.1093536679344036,1.186907866398475,4.138865863100003,1.3083517671390859,1.4192674386317028,3.929607074048207,0.05246450726254928,1.4064823411061007,4.123099752328432,0.5021433406826038,1.3468459488813,4.049989791568829,0.98363429809391,1.1554773378906535,4.198744183100011,1.416994325518468,1.0614531475905633,4.055701418328891,0.055398291879356756,1.5424590440417414,4.176250620913274,1.2480875127804818,1.360751149798039,4.199157440801917,1.2270899883786868,1.3886361319891547,3.8678944322915965,0.10661607814066365,1.3314320577003989,4.045675939457193,0.9973295694123014,1.4024577530897886,3.8553068640026145,1.0972523618753744,1.2858253518052425,4.182346785396354,1.1997718552219516,1.375283825969689,3.8613447016118805,0.0670766002286965,1.2641884842378703,3.9318523031197326,0.5353797456488174,1.4245821831163643,3.975813887512562,1.0112949733550616,1.229024285123138,3.916308465131733,1.4284231949635124,1.201901927733324,3.9494415427786573,0.058483393781819576,1.435666129972281,4.100964308469982,1.1657931230478182,1.3501521302173627,4.100219185121158,1.1339389552648393,1.3788117536392022,4.076662224205968,1.4125141631072327,1.1767909347813985
1.33894,4.0227859795322525,1.4168172531126677,1.060531052704054,3.9920137459973812,0.08918390891534791,1.422310802995154,4.204047632174756,0.9473035774450393,1.252132481474078,4.310945220307471,1.108886389523582,1.1862743910237008,4.137854831597718,1.30518040761618,1.4201647748377335,3.9287569498806203,0.052627093217463936,1.4068721863447782,4.122768421799774,0.5021097067415159,1.345629385545784,4.050760559410725,0.9844608919702743,1.1555883518483712,4.199531175494638,1.417057084269503,1.0620946203143127,4.056441577539826,0.05723907968434143,1.5417892922011045,4.175978709178328,1.245797773214783,1.360930861455533,4.198763606308735,1.2245019156027088,1.3887202077755132,3.8681144868561246,0.1067536598641535,1.3312993150280625,4.046220175890171,0.9969122066173408,1.4026636760742097,3.8562785636807555,1.0964501648190565,1.2860833268382765,4.182029056515005,1.2006181962249978,1.3783423560770214,3.861434949637365,0.06717500420713801,1.264183559736759,3.9312947302938634,0.5355786604182085,1.4243987605635837,3.9765629097790978,1.012162621029906,1.2292483378641044,3.916376360132773,1.427622161663479,1.2018034710722076,3.949546177903159,0.058594249461831296,1.4356993079281162,4.101213608794236,1.1660995215792185,1.3519255603663733,4.100247804500454,1.134367074693776,1.3807341886514115,4.0769398302276025,1.4125981695712742,1.1771804646565571
1.34893,4.023708031943663,1.4166244752276458,1.0606630754597688,3.991683421669771,0.08947880011000613,1.4215006521059945,4.204592507644728,0.9469195709470917,1.2522812349021224,4.311405377980101,1.108293393847326,1.1855128767168939,4.13713849651713,1.3016146204620358,1.4216089719883291,3.9279333653340838,0.05284106652288046,1.4073346188446987,4.122281923012455,0.5023560549484796,1.344647580145494,4.05155400266648,0.9852977654397651,1.1557263764177874,4.200230226959788,1.4171174817998486,1.062885884500153,4.057324349811761,0.05945860454435712,1.5412206166545968,4.175886216242914,1.243325161746017,1.3613697455284832,4.198686174918394,1.2217176119048747,1.3889305305253332,3.868276238487643,0.10684162867550925,1.3311590926887011,4.046891485969706,0.996567472928474,1.4029043653262774,3.857210638667418,1.0957356674909973,1.2864381688895852,4.181907763642815,1.2013869794223575,1.3813504105780356,3.8615333954437516,0.06715375050946668,1.2642188854018666,3.930987931569982,0.5357724333428652,1.42406970216107,3.9773413778537234,1.0129416564115488,1.2295566515146414,3.9164255906476577,1.4269801117513412,1.2018991304970648,3.9496563950772567,0.058779138048580086,1.4357969071651557,4.1015055963163345,1.1665647452928332,1.3536668520731145,4.100265319686563,1.1349439708686537,1.3826093135935749,4.07704858231965,1.412731352981887,1.1775895884522982
1.35892,4.024274749403194,1.4164553817058934,1.0606302087585782,3.991875901868981,0.08937973818569998,1.4211004297612075,4.205055550512463,0.9470261362488086,1.2521812558087073,4.311805482812775,1.1077598201653431,1.1846860632177052,4.136334274844088,1.2978958783692045,1.4229702561914803,3.927383872949071,0.05303278483747112,1.408157646089525,4.121712589548411,0.5028478944866834,1.3441184405862743,4.051988804365134,0.986097082435312,1.1558799293906732,4.200818387455549,1.4172496703581552,1.0635070021136346,4.057818682024884,0.06076340571675626,1.541262934657233,4.175649036365305,1.2407454404401554,1.3618283307352128,4.198650721550928,1.218976438565282,1.389086421158143,3.868331955367774,0.10685692340833428,1.3311178754544142,4.047488437918144,0.9963929559578816,1.4031346488167382,3.8580886668418524,1.095014650847459,1.2868416364715662,4.181982953480807,1.2024142532061273,1.3837881074089726,3.861623118061166,0.06703296822462225,1.2643107396366635,3.9311246940177464,0.5359408215345036,1.4235439371571577,3.9778580273065094,1.0135641781471596,1.2299326107257258,3.9164907191185288,1.426439092780986,1.2019249991331138,3.9497806950937626,0.058985573013102637,1.4359519010634516,4.101726398185273,1.1674981770930153,1.3552992743554229,4.100282485152383,1.1359537032092588,1.3843354577227054,4.076873709563659,1.412931222131546,1.1777858008707927
1.36892,4.024796748866364,1.4164196339976636,1.060654055425416,3.9923450554884736,0.08897745467404834,1.421370464160467,4.2054544625313115,0.9471031948362005,1.252063252739166,4.312305568313792,1.1073646099212213,1.183762396557761,4.135739703893892,1.2941574755761733,1.4242582524742267,3.927126498360058,0.05317939612538833,1.4092050468321802,4.121408701828084,0.5032904291152192,1.3440558180581996,4.052425147411818,0.9866100049526846,1.1558135123462896,4.201375929288806,1.417509861551845,1.0641309312162646,4.057901458227221,0.06147768595891301,1.5421992763632653,4.175585368138766,1.2381173350722794,1.362302510756314,4.198740089948306,1.2161849981218662,1.389262866638475,3.868272066465162,0.10688007748522442,1.331010388787416,4.047950901493802,0.9963458159426458,1.403182881884971,3.859135579527916,1.094295769403712,1.2871358257322292,4.181951231860104,1.2039918016342808,1.3858425182260208,3.861590573753837,0.06694478341563434,1.2642997761476018,3.9315821453078,0.5360527609913133,1.4227066686196366,3.9783299382220014,1.0140109234734858,1.2299855700422941,3.916538754744314,1.4258992665532089,1.2019361786865497,3.949773826729479,0.05909355823054414,1.4359652846845354,4.101981825037703,1.168755515880244,1.3566763265705568,4.100466310677959,1.137252777679473,1.3857841505479176,4.0766603191222694,1.4131214618266361,1.178006527201482
1.37891,4.025294084031245,1.4164057104030516,1.0606794603297962,3.9928344583979607,0.08847701447915828,1.4220277930517007,4.205757290732826,0.9470460944185257,1.2520798543957243,4.313015283882345,1.1072202813879337,1.182812498112132,4.1353524077769634,1.2904200872897937,1.4255655810297057,3.9270164023311604,0.05329479909689395,1.4102284881723268,4.121370625802988,0.5035911634276384,1.3442512787857603,4.052887196430645,0.9868801438979569,1.15563369591023,4.20181385626096,1.4178676741122436,1.0647141414360362,4.05763077388711,0.06191801262367766,1.543636169200991,4.1757333061880635,1.2355059255873773,1.362840057810092,4.198999284416209,1.2133985152527464,1.3895168467536436,3.8682028959022827,0.10695448954457769,1.3309079016454877,4.048214764086487,0.9963274315333713,1.4031269800956045,3.8602596123800272,1.0935636764012124,1.2873240747464756,4.181752205947095,1.206066405549645,1.3874751023899767,3.861498836017455,0.06695231444866862,1.264263854665533,3.9322286966777136,0.5361004091973525,1.4220244479408666,3.9787385739187098,1.0143003497950962,1.2298069102834144,3.916445586401791,1.4252767561151136,1.2017668156733468,3.949717037654725,0.05914245670271209,1.4359047773882798,4.102221423754197,1.1702564771449366,1.3577025265555034,4.100720875082818,1.1388217083126788,1.386910234227474,4.076376848099471,1.4132541334944582,1.178238701979164
1.3889,4.025653209723945,1.4162496617289617,1.0605616491111918,3.9931831898560604,0.0880560823135663,1.4226305554623622,4.205922929540754,0.946983304841131,1.252254939830497,4.313935964386863,1.1073856854788744,1.1819153066251709,4.134999380390842,1.2866833880720747,1.4269223003427054,3.9268740780679106,0.05341200675893213,1.4110550963842305,4.121400429186228,0.5037882839209097,1.3443786335657397,4.053234658721285,0.9871285038571975,1.1555678143124233,4.202016559540791,1.4182686990092441,1.0651508456986742,4.057122071418834,0.06230196950207426,1.5449742844553995,4.17594438046841,1.2329663825952968,1.363446585423737,4.199392671308314,1.2107361539984574,1.3898332314429966,3.8682365818352653,0.10707579558635823,1.3309443830000693,4.048247040593969,0.9962379325938959,1.4031302099061185,3.8612791092345216,1.0928124438074653,1.2874984708403967,4.181437975790989,1.2084726888771902,1.3886636474517606,3.8614709983888953,0.06703811106259222,1.2643483470042975,3.932924328624372,0.536098081114393,1.421946802418593,3.978974564951376,1.0145125681201195,1.2296900500676546,3.916095986701629,1.4245456617559236,1.201225928889276,3.9497544606665205,0.05922629782340533,1.4359351666850717,4.102340655212451,1.1719923874883846,1.3584168740716815,4.100863875966262,1.1407106460737142,1.3877946446383598,4.075879367845322,1.4133447859170156,1.1783769579133923
1.39889,4.025935933249131,1.4160681647657996,1.0604493545028917,3.9934892680286387,0.08764959266179682,1.4232067110501412,4.2060002928915345,0.9469284105327063,1.2523929892061858,4.314795613354765,1.1076628307805216,1.1809829366816194,4.134611469035582,1.28313859392978,1.4280521800861086,3.9266944562630814,0.05355866560255263,1.4119115799202773,4.121341985523259,0.5039274886214257,1.344116082081639,4.053514264454991,0.9875723590666867,1.1555576804912067,4.20211262335957,1.4187385292759516,1.0656032514963982,4.056596487790743,0.06273335054325331,1.5461854511317479,4.1760676216893176,1.230546665825386,1.3639093140550227,4.199730022864989,1.2082437768486745,1.3900199801239137,3.8682857817070806,0.10716317686408201,1.330971694457932,4.048139967329894,0.9960645713549974,1.4031412636149045,3.862333383514971,1.0921407386362385,1.2877215996757378,4.180930924807399,1.2113004228017694,1.3899446212069475,3.8614781611027165,0.0670618926477093,1.264442804206844,3.933468418174081,0.5360868999302344,1.4217416311533353,3.9791383499245834,1.014861341401393,1.2296246039891778,3.915573467985302,1.4238498240597017,1.2005126346625434,3.9497830622518912,0.05930454740367887,1.4360058078524194,4.102380472894461,1.1739908633926848,1.3591869733310493,4.100948242901256,1.142885300107565,1.3887599286063754,4.075232595603645,1.4135529024799944,1.1785501365056108
1.40888,4.026218819884807,1.4159589917783806,1.0604817263829527,3.993849979298627,0.08715247615340702,1.4238693311923112,4.20600322252964,0.9468249648173642,1.2523764050542843,4.315486167285186,1.107916835493126,1.1800010039616975,4.134081842786,1.2796867863688473,1.4288945717265245,3.926594406276012,0.05359290516944235,1.4129296167936454,4.121036126811239,0.503951845332544,1.3432667221441241,4.053759444123577,0.9881885171399337,1.1554648849488374,4.202228594478819,1.4193115355665447,1.0662615301304328,4.056172814715348,0.06324279325909037,1.5474269358700967,4.175994087136781,1.2281160664084683,1.3641847996448353,4.199853267710775,1.205757146344983,1.3900453414584482,3.868302117537427,0.1071918155638931,1.3308874964634534,4.0479308440189135,0.9958478545468822,1.4030401374296888,3.8635422895850704,1.0915709029849527,1.2880941810095,4.180183521429527,1.2145997300364602,1.3917513557331302,3.8614860425566313,0.06698855408221806,1.2644489393208556,3.9338223969400423,0.5360829290041327,1.4210784771760403,3.979272873036954,1.015381867485603,1.2294688548505512,3.914977404081009,1.42323849191078,1.1998314009155855,3.9497412800767715,0.05935452063106443,1.4360371749558443,4.102371105967145,1.1762753021327113,1.3603365329753454,4.10100635657086,1.145328965387572,1.390096940319866,4.074512974430251,1.4139125291090888,1.178883251385679
1.41888,4.026540606932392,1.4159119769291335,1.060683449162052,3.994267816581277,0.08649781740900653,1.4246967326968212,4.205874010422669,0.9465735210215106,1.2522542655375388,4.316182510830666,1.1081653564467038,1.1791063050208885,4.1332835411137046,1.2758415892862451,1.4297748146935634,3.926767107135333,0.053191943504694576,1.4140002441596355,4.120329197570067,0.5036851233038675,1.3418295952706782,4.053922518610614,0.9886479258688671,1.1551430563660896,4.202410922643641,1.4199971149396788,1.0672515521269512,4.055803067222528,0.0637838908299537,1.5489030988973511,4.1757101110403285,1.225343793130158,1.3645315282163621,4.199728516244136,1.2028876936575719,1.3901539469126465,3.8683470011643184,0.10723208639646882,1.3307403745471145,4.047547741495513,0.9956710527713819,1.402694076798067,3.86490075618833,1.0909940744331892,1.2887459306554856,4.179232761434143,1.2182654167233766,1.3941675049395905,3.861501061220255,0.06695323357525819,1.2643699721443444,3.9341798899835423,0.5360610053966625,1.4204919930911817,3.9792792883912544,1.0158359168073514,1.2290175207925662,3.914368941093363,1.4225923639568203,1.1992726255823962,3.94969550837974,0.059413437371701364,1.435987733167792,4.102294388422273,1.1788217073354035,1.3619894021731076,4.100988281747564,1.1480376685085834,1.3919352448355395,4.073750073005995,1.4142524761387893,1.179410045158429
1.42887,4.026883077331333,1.415932019694619,1.0609385887608647,3.994570733119128,0.08583386879084827,1.4256460567470848,4.205590796227974,0.9462568258335702,1.2520303705062406,4.31683085201742,1.108322413195033,1.1784535824678424,4.132723028020375,1.2718179728218333,1.4310117385861953,3.927017902220014,0.05253151656574713,1.415082068930829,4.119303651040581,0.5031854189953788,1.3400901391714162,4.053888343830026,0.9888320354566273,1.154615642627948,4.202659019774298,1.4206656193253986,1.0684610587829262,4.055489103825018,0.06420239937695932,1.5504404456093257,4.175579843779662,1.222348773397661,1.3652580933368756,4.19966719769236,1.1996864703236847,1.3906353081157776,3.8684527557389483,0.10731399889913582,1.3306224450745057,4.046956753021912,0.9955773761743038,1.4021472301581452,3.8663625713533567,1.0903494409182175,1.2894775437973194,4.178173045307924,1.2219006768726424,1.3968266579005713,3.861556075349966,0.06699239987054222,1.2642960072846527,3.934655862062076,0.536006320687643,1.4201672190811285,3.97905654604873,1.0160852146834323,1.2283233751156852,3.9138084611334256,1.4219098013433196,1.198880042686272,3.9496883084312358,0.0594714934434785,1.4359477810231733,4.102230554552387,1.1812670583973863,1.363827378911168,4.101003980585828,1.1506109612052697,1.3939209395283492,4.072977651233659,1.4144872189541269,1.1799971298184648
1.43886,4.027216138808605,1.415991885818686,1.0610904502207192,3.9945394447530767,0.08534584659486595,1.4266012877593055,4.205206467391697,0.9460143407288972,1.2517662173012465,4.31730545596544,1.108270471824202,1.1780974252920948,4.1329740135417525,1.2681239906199746,1.432691372958119,3.927001412967616,0.051951733645238224,1.4161714590652932,4.1181363028891615,0.5026139999257091,1.3384388001649477,4.0536067662826225,0.9887780056686488,1.1540704229985175,4.202947831542283,1.4211493900784875,1.0696772677137902,4.055241895452434,0.06438856122484145,1.551714958744523,4.175982304029536,1.219457006898961,1.3664755216141797,4.200009092190056,1.1964475285385292,1.3915919396521068,3.868600408507713,0.10742487799602564,1.3305932604206954,4.046227733762979,0.9955627704559943,1.4016008911984899,3.8678460939933257,1.0896163610409653,1.2899527807033544,4.1770725859616915,1.2251297054659338,1.3992132098594605,3.861659567488245,0.06707010659946551,1.2643042836161096,3.935300661772407,0.5359019677914809,1.4200710130772654,3.9786006837270356,1.0160966339105124,1.2276388688155107,3.9133246713823304,1.4212327563615084,1.1986039308916172,3.9497156797440125,0.05950095132399486,1.4360071753398165,4.102237110256426,1.1832506938020728,1.365387490925767,4.101146452291752,1.1526521437164186,1.3955621634394648,4.072229014191231,1.4145913033330662,1.180464964791984
1.44885,4.027569796481943,1.415909225418503,1.061102104849956,3.99412172673452,0.08493389514275758,1.4274159769758716,4.204951452991049,0.9458167946306125,1.2518369919428392,4.317717641583934,1.1080100138377929,1.1777494279425496,4.133586071720834,1.2648945384504258,1.434146502768184,3.9266360352442753,0.05134691876714416,1.4172071185108746,4.116873105419884,0.5020091734637492,1.3371084640429032,4.053370939741165,0.9885904472185709,1.15392699811653,4.203245513321093,1.4214120044312228,1.0707876206967026,4.054987074813775,0.06458320584636643,1.5526186750636781,4.176610149937348,1.216833887832464,1.367549022296252,4.20052086664919,1.193447974373575,1.3924285179099474,3.868668609784114,0.10749838027025484,1.3305379657009115,4.04570211027485,0.9955487949700053,1.4014489506172838,3.8691867544005105,1.0888108051506031,1.2900169222448374,4.175823954736171,1.2281460237105064,1.401102536058907,3.8616903155145264,0.06712205664711421,1.2642713785977922,3.9361258476888574,0.5356976789413888,1.4202456634849363,3.9782256148600217,1.0159545617374595,1.2273888203273675,3.9128432205553887,1.4205071446461752,1.198158634820393,3.9496806862259333,0.059513003145772965,1.4359993035606666,4.10209212533134,1.1850455626715697,1.3665325833047282,4.10112129756137,1.1545232232894511,1.396801331210693,4.07153331280444,1.4145415192255653,1.18078544548732
1.45884,4.027909435467113,1.415594002069333,1.0609663639286462,3.9934413307977645,0.08448474176320078,1.4280198550161782,4.204910800162379,0.9456413743191626,1.252400495608412,4.31823228619099,1.1076784008205611,1.177309335208944,4.134015677958208,1.262158054293343,1.4349153935518564,3.926064772299615,0.050553377780195495,1.4181235165306048,4.1155547218057595,0.5013786080186844,1.3361333235950403,4.053310551378841,0.9883312838980801,1.1543407910309718,4.203479375516358,1.4214777657899116,1.0717105175692405,4.054668717980774,0.06504658999733191,1.553212315392621,4.177110596019445,1.2145584995311123,1.3680822799622832,4.200919535468896,1.1908843204501385,1.3927961360241474,3.8686751601158287,0.10752141284810232,1.3304195295605612,4.045493669434193,0.9954911392789092,1.401832993179713,3.87023878511861,1.0880327280933608,1.28986908210562,4.1743951503607075,1.2311370822436014,1.4024446318515587,3.861645397126569,0.06713432112774546,1.2641653858019446,3.9371958605541932,0.53536205473271,1.4207058811847781,3.978053885698978,1.0157071463264906,1.227723744089368,3.9123156193643474,1.4197152150127843,1.1974028615604644,3.949589576409076,0.05950250488976683,1.4358793988585588,4.101691502980572,1.1868679401019,1.367307022585739,4.100799084440601,1.1565002966878715,1.3977382301486803,4.0708786086174715,1.4143356348099343,1.1809490253065362
1.46884,4.028107103770339,1.4151330009799976,1.060686723970187,3.9927769985442243,0.08396256918438717,1.4284518388020004,4.2049219839801415,0.9455267102312888,1.2532225811200965,4.318990051293398,1.1075359853694282,1.1770201052995077,4.133973521313452,1.2599253871482576,1.4350738109314718,3.92561377583336,0.049485314060224446,1.4188760463531145,4.1142394444217185,0.5007270629370622,1.3353187740492416,4.05323193441793,0.9879882748408686,1.1550425047258195,4.2035344071625,1.4214125691380841,1.0723867668610543,4.054284299064763,0.06593531014042706,1.5536944414710072,4.177322224426331,1.21265261622658,1.3682426369611023,4.201067993486427,1.188846362624942,1.392898496374453,3.8688346205912327,0.10756199034749292,1.330346495611853,4.045337737726671,0.9954136588768796,1.4024975245391167,3.8709400885283083,1.0874630093735946,1.2900758987635719,4.172906074051037,1.234115408644555,1.403363372739321,3.861702920748293,0.06716269956869847,1.2641243342304815,3.9386347887172204,0.5349015793892115,1.421396210664675,3.977859181084169,1.015322338043248,1.2283750748107576,3.9117545888092597,1.4189168550070888,1.1964635034591025,3.9495992391464774,0.05943390532622471,1.4358279134466287,4.10117440989664,1.1886755940686178,1.3679095371035328,4.100384699416243,1.1585210055591544,1.3985587448523347,4.070203061479288,1.4140048346865968,1.180934967395908
1.47883,4.0281784188824865,1.4146408338010399,1.0603331526013504,3.992040889135364,0.0834294953195006,1.4286967641840265,4.20489427716112,0.945522065872696,1.254095454037743,4.319861316933257,1.1075396322666635,1.1769140586241273,4.133889018983168,1.2583740771751206,1.434954470734836,3.9251443728724853,0.04829318454584346,1.419506314377261,4.112848248773542,0.5000846405079139,1.3344529970358479,4.053012325429694,0.9876044036366018,1.1558572389833224,4.2034190852385205,1.421262300694497,1.0728574653800524,4.053854730402682,0.06715115368769614,1.5539684533223086,4.1775392969211715,1.2112778850574573,1.3682768042908446,4.20123283009454,1.1874258668037094,1.392942768492171,3.8690907874648426,0.10760003957835865,1.3302771260016428,4.0451571276495955,0.9953257786403765,1.4032750904312559,3.871553324128435,1.0870431238328253,1.2905355334418185,4.171436007532829,1.2371313604984475,1.404195218728223,3.8618191028742657,0.06717891984647296,1.2641092407483083,3.9402948031048584,0.5343460826878159,1.4221650817800102,3.9775398256163323,1.0148285916327766,1.2291833087659825,3.911120333193586,1.4181606587295492,1.1954500068695808,3.9496629350377317,0.05931416663661099,1.4358115400071678,4.1006411898723725,1.1905364215925975,1.3685657884148719,4.099972738156113,1.1606155732547858,1.3994538467726987,4.0695083656390265,1.413635510514077,1.1808193107905414
1.48882,4.028237395943771,1.4142054123558137,1.059981503334315,3.9910126480900336,0.08298614155348805,1.4287571341909375,4.204826096503828,0.9456734179718422,1.2549550437593846,4.320605844422318,1.1075184154659587,1.1768643705922426,4.134272017852864,1.2576056931422506,1.434852006409971,3.924350774157211,0.04721014794140651,1.4201281839212374,4.111266179763695,0.49950355704118393,1.3334442114595026,4.0526461437420975,0.9872560647185684,1.1567639801945135,4.203223928881123,1.4210617192346564,1.0732053619459676,4.0534345936650205,0.06849618089643962,1.5538550271876408,4.178090153472821,1.2105326963570637,1.368345986441967,4.201731842397979,1.18664445492726,1.3930305567200998,3.869273346708355,0.1075842680620001,1.3301270876225848,4.044996289195685,0.9952336988913871,1.4041409551287267,3.8724142888889674,1.0866169751104997,1.2908253405344168,4.169974579398827,1.2402580847918117,1.4053011249780694,3.861863869643857,0.06713142345821031,1.2640212552539616,3.941916503616244,0.5337421068002931,1.4228680425741247,3.9771171144421475,1.014293322384232,1.2301337878064824,3.9103759644820273,1.4174740995654853,1.1944032772196067,3.9496588609413386,0.059172352775408624,1.4357144884542243,4.100121211535016,1.192562526496814,1.3694415627340226,4.099554235235037,1.1628547294473668,1.4005482228175523,4.068820439335911,1.4133234415411011,1.18070659669908
1.49881,4.028428664098244,1.4137997965028304,1.0595970487207942,3.9897913828209335,0.08268778659248793,1.4288136249936008,4.204841812832185,0.9460043396101513,1.2561107162659546,4.321132909924738,1.107491551871044,1.1766775113207268,4.134492823385815,1.2571530836132536,1.4344858544639438,3.9233267221323485,0.04630634202872965,1.4209169216105084,4.109558850936718,0.49907246804809496,1.3326365613048474,4.052343639680846,0.987016472349978,1.158007849613458,4.203066066488004,1.4208549252968807,1.073448970880292,4.053159233890987,0.06990966852529124,1.5534995413747876,4.178521546534196,1.210034538825461,1.368233933444944,4.202254353321887,1.1862872009512586,1.392969177858343,3.8693913082592792,0.10754510800914684,1.3299921217384891,4.044886726504306,0.995173832816617,1.4053158502790624,3.8734483098246124,1.0861991418817762,1.29081490831898,4.1683327383120234,1.2434901565538121,1.4066944041129446,3.8618832580219538,0.06706826440959567,1.2639388953355464,3.9433885195456857,0.5331605523508085,1.423560104811032,3.9767373480822465,1.0137897725688516,1.2314182405377623,3.909619871032126,1.4168606714275012,1.1932168984734095,3.949640015016737,0.05902532225694713,1.4356025732495605,4.099520109969659,1.194724256147178,1.3704446484604238,4.099039765541502,1.1651754188208714,1.40171729544211,4.0681250036826135,1.413093538420805,1.1805991032371628
1.50881,4.0286692933746515,1.4134567242026104,1.0590605329969744,3.9885182142902003,0.08250806845252175,1.4288772334352169,4.204885268121453,0.9465112240196041,1.2575992668042375,4.321517262895298,1.107390181128389,1.17645471909056,4.134382674732638,1.2566856163500053,1.4339162739714808,3.9222323764636347,0.045562116577282714,1.4217335237007462,4.107792023353255,0.4988305063819171,1.3322417462152003,4.052088380483701,0.9868182022219295,1.159513086919312,4.202947426089312,1.420691473986524,1.0737510645051194,4.052927287251254,0.07126166136939101,1.5530476425508317,4.1786849137265545,1.209534932006855,1.3679398039199238,4.202412232276083,1.1858584475958636,1.392737334701309,3.869474150118145,0.10750964579639197,1.329931672475595,4.044691268234366,0.9951974042804438,1.4067412595945716,3.8744115453220584,1.0858984595019225,1.2905156990481907,4.166549741195421,1.246730852231245,1.4079717996622751,3.8619099690699827,0.06701696227354678,1.2639211985537058,3.94467327813347,0.5326363703169248,1.424321866260982,3.97634888150019,1.0132741989963483,1.2329272225215278,3.9088675096598866,1.4163825627037159,1.191854825533884,3.9496563858403806,0.05890314484738627,1.4355325414527047,4.098797055834996,1.1969462752724598,1.37127443386734,4.098390505701793,1.1675170255800282,1.4026683971110194,4.067405801776155,1.4128768087725232,1.1803508640193685
1.5188,4.028614290578555,1.4133126658134583,1.0582359125126077,3.98730679164902,0.08233602471337491,1.4286919510358222,4.2046503885636906,0.9471541511465581,1.2589980453073206,4.321977378073068,1.1070167926493595,1.1766321264631707,4.1346315821971755,1.2562266821221828,1.433743016458459,3.9212050852475198,0.04490147128433321,1.4220242303521398,4.106000259981418,0.4987411100334566,1.3321482423714663,4.051538200687198,0.9864450786163672,1.1607269712768187,4.202724627076194,1.4206211725051843,1.0744327166282202,4.05232971448127,0.07229498557529691,1.552550364448179,4.179014546405379,1.2091062063122426,1.3678133489256392,4.201971749546742,1.1846917585418595,1.3925940878799095,3.8695224354344777,0.10747341999476723,1.3299036114915495,4.044084807942472,0.9953451797637769,1.4079333507577887,3.8749944735874298,1.0858783541684387,1.2900379612389634,4.165013241954116,1.249761107687948,1.4083728981513486,3.8619079550927866,0.06694789717735977,1.2639469537771941,3.9457786210633423,0.5321503198040141,1.4251913566048715,3.975636744353454,1.0125775941619786,1.2341163409260578,3.908003414348243,1.416174918239017,1.1904363804206641,3.9496975721166363,0.05884903567106793,1.4354931768521646,4.098029645055737,1.199115131841303,1.3714915430667618,4.097667998076421,1.1698356327784045,1.4030168212538705,4.066667244261934,1.4125353783877146,1.179723014719774
1.52879,4.028594282628895,1.413331392241542,1.057640191454685,3.9863462534665453,0.08220703959113732,1.4282658650002305,4.204253095203349,0.9478651571982766,1.2603393187297023,4.322337282017356,1.1067176272123227,1.1766442602536384,4.134494691073831,1.2556330764817902,1.4333611481867852,3.92042168487613,0.04439592232969151,1.4217177908435379,4.104382105921232,0.4988047077393894,1.332197176925453,4.050926982267504,0.9861460281118859,1.1617200992141625,4.20249029257144,1.420641416805563,1.075186948529188,4.051435589224103,0.0729468266508478,1.5521020153534602,4.179073380381769,1.2086288355927555,1.3675018005637156,4.201385019739597,1.1836007954971548,1.392274135758862,3.8695271647805383,0.10741682019413368,1.3299176296239663,4.0431722959358565,0.9954384407954685,1.4088959911381242,3.875371055332211,1.0860459834301446,1.2893992275970798,4.16375553516553,1.2523303688413747,1.4083891607599615,3.8618933161781626,0.0668559502328733,1.2640186833748037,3.9466612393720855,0.5316936895487063,1.4260797636716485,3.9747933186367255,1.0119111432924903,1.2350225415734541,3.907149670766954,1.4161815172912244,1.1891275206925336,3.9497386171340767,0.05880691150237228,1.435485392372279,4.097312780677723,1.2010415348460914,1.3714338660903806,4.096950917029931,1.1719161749462854,1.4030911462554272,4.065987264537662,1.4123301122654803,1.1793016817301634
1.53878,4.029077147865692,1.4133946355773535,1.0578350557775067,3.9857591982942844,0.082218772598372,1.4277402954320666,4.203986864862421,0.9485902956486313,1.2618061309417372,4.322349911064986,1.106906180327892,1.175778677100966,4.132992470429929,1.254788249625987,1.4319390510720695,3.9199788181670496,0.044156028268264584,1.421047552780204,4.103132917908658,0.49903411050199215,1.3322611317676463,4.0506680606792385,0.9862621765193332,1.162793066800814,4.202413749385586,1.42072320251761,1.0755794395835219,4.050542968966822,0.07332029773319405,1.5517616599630117,4.1782813386039335,1.207978169079823,1.3665253338755687,4.201209457939498,1.1836743284964237,1.391423423342346,3.8694782074973504,0.10732938487311566,1.3300012256882527,4.042264625895967,0.9952814865373742,1.409835078589125,3.8758698118261736,1.0862174017445556,1.2886678986486877,4.16267032722698,1.2542482742161192,1.408938956931687,3.86189628624742,0.06676063158116706,1.2641438969017311,3.947294498883847,0.5312713188901721,1.426879237399143,3.9741884594165557,1.0115563774580316,1.2359197304709817,3.9065028592957276,1.4162561314548903,1.1880789523854287,3.9497425509230957,0.05869426202509576,1.4355196296547164,4.096743314739459,1.2025455088296728,1.3717194910412565,4.096328934410705,1.1735191726931786,1.4034739991304608,4.065453873946546,1.4125666160543957,1.1797559537295903
1.54877,4.029572782113947,1.413464147969832,1.0581705116006088,3.9852565445566346,0.08236859819943207,1.427141076444545,4.203856355097431,0.9493821548831247,1.263115473128534,4.322365019933048,1.1070827312215583,1.1749395648596888,4.13143405876702,1.2540677160287956,1.4304300121560456,3.9195905706784107,0.04410572280938283,1.42026937528462,4.10206990713546,0.49939350308481917,1.3323706380583784,4.0505572409813535,0.9864665267645824,1.1637077804418172,4.202420166383704,1.4208501189607483,1.0760582388821514,4.049715586040382,0.07369497568541988,1.5513563224530882,4.177458673166649,1.2074553863453692,1.3654709083167293,4.200975409305412,1.1838648767075057,1.3905094082792182,3.8693798054801785,0.10726008685008448,1.330119761587427,4.041474678649574,0.9950742860334341,1.4106082576394239,3.876358928785247,1.0864240627393278,1.2882938364488308,4.161933363024378,1.2556222260457852,1.4097959504186397,3.861880064342871,0.06670887962970123,1.2642848432035585,3.9478413933507546,0.5308994652100599,1.4276818213475784,3.97371873893213,1.011227094256392,1.236661510456164,3.9059996257862677,1.4163375208952282,1.1872961856590474,3.949652594712701,0.05854314459018182,1.4356028113790276,4.096398354160242,1.2036577505954282,1.3723205327573929,4.0959030489376955,1.1747048941434366,1.4041513982156746,4.0650318006564,1.4128646667027052,1.180312788306999
1.55877,4.029780196318921,1.4134813346215473,1.058175921728115,3.9846460590466317,0.08258882910535549,1.4265687673342882,4.203766963480996,0.9502217785901161,1.2641653806900968,4.32266735311139,1.107014304725915,1.174809197231856,4.130668464532963,1.2537162785505918,1.4295446511576677,3.9190673418883772,0.04414309229976679,1.4195777890861576,4.100999570977076,0.4998154751104513,1.3326387518338956,4.050389964965093,0.986487070586364,1.1643476317193755,4.202411032728862,1.4209650580026385,1.076856455169215,4.04890461152306,0.07412069094001582,1.5509027646726108,4.177153765440369,1.2072413021599537,1.3648478766822478,4.200472613989107,1.1835590228919743,1.3899707143113005,3.869329436472501,0.10727120880853123,1.3302058956643494,4.040747302105787,0.9949408283570225,1.4111618229557383,3.87665179106871,1.0866881140852178,1.2883688654117242,4.1616243063818885,1.2566365668117268,1.4102986452689306,3.861904985389353,0.06675136027194402,1.2643785290084184,3.9485599880258997,0.5305465435415921,1.4286466216070568,3.973231345349345,1.0107050548415266,1.2371692281797546,3.905535407942458,1.4163810837582296,1.1866247510227297,3.949507646646318,0.058408753034932044,1.4357059728267036,4.09627697237233,1.2044745861904271,1.372799305816762,4.095711597944556,1.1756160670751947,1.404715982813546,4.064629045358047,1.4129404238567513,1.1804481611208153
1.56876,4.029951713529522,1.4133503675458046,1.0580274982644675,3.9839962698120486,0.08276853144583098,1.4262468317781392,4.2035919886058855,0.9509665106711047,1.2652356718270092,4.323231866926795,1.1070994108106595,1.1752108766913687,4.130199486529798,1.2536458687903431,1.4290738360773616,3.9184689222473694,0.044205421309662096,1.41906927041469,4.099855466672126,0.5002126524357223,1.3332293025892097,4.0501660643026804,0.9863518639919853,1.1649274348829053,4.20233594229723,1.4209727253358597,1.0776495858799655,4.047999349542506,0.07428784138615406,1.5507246855867298,4.177096761613112,1.2072235037197188,1.3646834703014978,4.200147950081494,1.1833959700228027,1.3899030994468078,3.8695138229785195,0.10740868246004785,1.3301763100640236,4.039878946243441,0.9947780084821102,1.4116688829527129,3.876659812960634,1.08694691065076,1.2884024788876771,4.16159232249583,1.2574793069926333,1.4096753104991588,3.862152153622324,0.0669171638060102,1.2643520220369218,3.949736359047087,0.5301183244584071,1.4299145118669216,3.9726689221486433,1.0100558735903702,1.2375884440332232,3.905038444761023,1.4163419302977427,1.1857754039738495,3.949466316053835,0.05833826616007893,1.4357551071162316,4.096274904258551,1.205114699492993,1.3724589902717563,4.095694902559651,1.1764061468982343,1.4045030019754596,4.064126489484429,1.4128693657456035,1.1804463066530526
1.57875,4.030148888130844,1.4131541801848153,1.0579788104204657,3.9832753915782284,0.0829784378021919,1.4261657060781028,4.203360622498785,0.9516304518978748,1.2664187267028522,4.3237646047727685,1.1073580531739122,1.1756539962322807,4.12985147251636,1.2538401675957245,1.4286879530739107,3.917745336959357,0.04439977323849172,1.418750810343616,4.0987451432440665,0.5006132446411966,1.3341595442606105,4.049956089522939,0.9861854243004177,1.1655610311645401,4.202180579697526,1.4210248511939585,1.0784364361438192,4.0470731427611595,0.07411976718150161,1.550764866228552,4.177131282292491,1.2074094693956827,1.3646433554563553,4.20004478575919,1.183568899543275,1.3899634925586786,3.8697270697134654,0.1075519419729962,1.3300585447377526,4.038890382038562,0.9945408206081858,1.4122235078945076,3.8765987265352346,1.0871229827686526,1.2883722776291389,4.161630167177259,1.2582748884830397,1.408603003422902,3.862414198263732,0.06705058100158022,1.264252934620306,3.951218619236453,0.5295914732091971,1.4311665605224795,3.9720937447635203,1.0093893153153233,1.2380231291589785,3.904497486625555,1.4162142563409292,1.184892449936315,3.9494558859748694,0.05832988715270738,1.4357277524059433,4.096290616988826,1.2056983570220625,1.3717905308771179,4.095725246818054,1.1771635255022235,1.4039815595221765,4.063527475828041,1.41277767858654,1.1805661693580307
1.58874,4.030335218506329,1.4130427084817265,1.0582175250788806,3.98242457269496,0.08332070268988741,1.4261867567972324,4.203193209267364,0.9522689565930622,1.2676779235917528,4.324002115361699,1.1076363802179197,1.1757331749881672,4.129663382659193,1.254339030007699,1.4281368054888919,3.9168302281823797,0.04482987984042125,1.4185704106527637,4.097820511213838,0.5010523877810767,1.3353037565642796,4.049868842386927,0.986090576371457,1.16626124802639,4.201974582983505,1.421323901278851,1.0793522416951526,4.046274898406215,0.07369226225645807,1.5507852855096784,4.177219587206774,1.2078737132227457,1.3643673333796713,4.199997736301842,1.1839972689441107,1.3897558743761418,3.8696646339507845,0.10755399783928493,1.3299438430837958,4.037936535947565,0.9942451592760193,1.4128384183049438,3.876732000195906,1.0871838412410537,1.28846059193347,4.16160826039829,1.2590325602645545,1.4081498162462578,3.862396842387968,0.0669870967081126,1.2641799200315345,3.9526533506956656,0.5290083714410115,1.4320274672018352,3.971639259137925,1.0087951305937526,1.238505559842766,3.9039819114477874,1.4160436704359747,1.1842918178431758,3.9493285243632252,0.058348368055171865,1.43564957666178,4.096281811983148,1.2062746479414412,1.3716241314777713,4.095710717595053,1.1778816433696226,1.4039388225624885,4.062931005220989,1.4127603842086447,1.1809442535428656
1.59873,4.030616636454625,1.4130187005103563,1.0586321661410698,3.9815374493973006,0.08361863638646265,1.4262174282228852,4.203196617549954,0.9527417147083042,1.268982209324543,4.32431634913673,1.108062307370321,1.1758774626261146,4.129536391854979,1.2551694307159242,1.4275551893152814,3.915867548051495,0.04523218154366233,1.4184302315165263,4.0970307485712,0.5013455867419785,1.3363448994532912,4.050027547270476,0.9859350390507171,1.16695092798248,4.201834064565749,1.4217217283516617,1.0802512373696898,4.045612332504887,0.07307981319837398,1.550755192006063,4.1773723595706675,1.2086234681929564,1.3640882859636112,4.200050847916679,1.1847627126701594,1.3895675283738211,3.8695182928588574,0.10752613242595106,1.3299137795823244,4.0371427006879355,0.993964133074734,1.4134426668764193,3.8768635294335785,1.08727924078906,1.2884946676167137,4.161755819830814,1.2594947428408312,1.4076866875753162,3.8623413293477418,0.0669220301174175,1.2641569672613902,3.9539109212665426,0.5284824101522168,1.4329069249055406,3.971446548844814,1.008236572936568,1.2389387305088562,3.903718784478948,1.4159773884483646,1.1839511663003166,3.9491769388873457,0.058340785682702456,1.4356032495324194,4.096394176753512,1.2066465249960112,1.3714392329609346,4.095813965762013,1.1783637135821687,1.4038512003684416,4.062507690664339,1.412750952978437,1.1814608521458678
1.60873,4.030925001926484,1.4130254698813602,1.0590932195982778,3.9806807971479303,0.08375858481913716,1.426200307369109,4.203308640693615,0.9530010558486751,1.2701978329631265,4.3249139917536334,1.1086957288443577,1.1763039041025949,4.129354162246071,1.2561682592113528,1.4270396478838152,3.91496077993195,0.04543560331841248,1.418215997152367,4.0963219335268555,0.5013914952283164,1.337063079732484,4.050355496866314,0.9856216027482555,1.167483147095371,4.201718723901872,1.4220588943777803,1.0809929440678765,4.044993361831348,0.07231514920950757,1.5507020566600533,4.177548878144755,1.2095402175591505,1.3639456729594437,4.200223057250184,1.1858218161458367,1.3895543274865687,3.869420070790592,0.10758135180582305,1.3299839263062947,4.03647704454696,0.9937448576996541,1.413899288034423,3.8767937176696967,1.0874921840123812,1.2883302533512264,4.162217334892039,1.2595104275210485,1.4066490639060318,3.862411079671672,0.06700745583993732,1.2641677141246432,3.9550571386791917,0.5280641122174872,1.434088397536246,3.9714505947595855,1.0076564739600864,1.2391824063656336,3.903688993096032,1.4160948432091238,1.1837489647745845,3.9490507459248874,0.05832083234285302,1.435637688206585,4.096667021651491,1.206723557843281,1.3707692270556664,4.096080390998104,1.1785297529255947,1.4032559409590613,4.062238566382913,1.4126995496138859,1.1819828010911175
1.61872,4.030938382021177,1.412977826099306,1.0595422661368072,3.97983732204877,0.08382462453106905,1.4261267202170096,4.20326822673209,0.9531733657591067,1.271073464647901,4.325553436556171,1.109393766764867,1.1766732514801184,4.129043167125298,1.2569496840323373,1.4265151661327051,3.9140930704688075,0.045537012022689616,1.4178286056089526,4.095706361002669,0.5012868028454454,1.3374443604138464,4.050541244147977,0.9852167026736309,1.1676712468852584,4.201371679013953,1.4222811418178016,1.0815535380456807,4.0442584442333285,0.07139180532712046,1.550676942294306,4.177633843747242,1.2103603141567387,1.3637659922901422,4.200422962920522,1.1868948230449572,1.389481284358675,3.869275367706001,0.10773503012187381,1.3300837807821169,4.035728740717479,0.9935635925247439,1.4140336212403668,3.8764740411533274,1.0877577220428327,1.287994765402333,4.162857674753326,1.259195517293655,1.4051739051446166,3.862494663856266,0.06720429240816211,1.2641677516714716,3.9563310479411156,0.5276931754039867,1.4354059096740182,3.971345677328777,1.007049049014837,1.2391051875693246,3.9035064741570236,1.4163416362393317,1.1835493669944461,3.9488734683922586,0.05838047411985969,1.435729028453132,4.09691692764669,1.2066530017551402,1.3697093008958112,4.0962978187609895,1.1785359206097734,1.4022521231463525,4.061840279228729,1.4126365799298213,1.1824446100589945
1.62871,4.030783942555407,1.4128764311023903,1.0599416511034148,3.9789898237688868,0.08408247818133162,1.4261344913560718,4.203215720305082,0.9531647479266826,1.2717448437609529,4.325965823282446,1.109908636566166,1.1768540209842964,4.128751219926472,1.2576414002957454,1.4259659782150882,3.913265653965407,0.045812793746151596,1.4174084006498602,4.095209179108321,0.5012096580189225,1.3375655091093375,4.050868750589783,0.9851583418486713,1.1676771854765462,4.200892999427757,1.4224230808543503,1.0821226540459434,4.0435185482589775,0.07046604678656913,1.5508193080363701,4.177668078291504,1.2109947774876866,1.3635118601607914,4.200512042024337,1.1877167263269728,1.3893170691501784,3.869201034124788,0.10783960981448588,1.3301967858294383,4.035022530769001,0.9932253958581693,1.414002020917057,3.8759158418320583,1.088090235915014,1.2876574972690973,4.163126162548632,1.2589590573760303,1.4039201214354347,3.8625995014690973,0.0673508859702294,1.2641662108215301,3.9576918051053336,0.5273081249274911,1.436613487259475,3.971411074353865,1.006792485007145,1.2388864388818495,3.9031569304235108,1.4166269979620123,1.1833802381262088,3.9487093913784443,0.05837595809846053,1.435790533022399,4.096871555376556,1.2066420542751541,1.3687734531120277,4.0961904528484725,1.1786256351349544,1.4013957458050632,4.061322566562856,1.4126308972795882,1.1828485695605586
1.6387,4.030709911172853,1.4127805934776978,1.0602251790553838,3.978163748550638,0.084770629464411,1.426427792041064,4.2032879337182525,0.9530345900673757,1.2723734776494737,4.325964525568421,1.1100493973108332,1.1768522533503418,4.128685628044688,1.2584366523376291,1.4254554578975382,3.9125173056176465,0.04652430998843124,1.417156871200624,4.094879064484586,0.501336661999722,1.3375612122063165,4.0514659256871255,0.9857139929568195,1.1677418380037103,4.20051801202089,1.4225367254622943,1.082809967562075,4.04288898101096,0.06963189189032094,1.5512576728758376,4.177746841273736,1.2114735260873395,1.3632615403921062,4.20045434685687,1.1881820130960237,1.3891488221605823,3.869350059642001,0.10772627194368452,1.330306177050278,4.034471226979791,0.9925794758097921,1.4140352706364603,3.8751978065340147,1.0884992942595495,1.287473527998201,4.162678273334401,1.259072563474235,1.4035217678275345,3.8627882705386765,0.06726107606954744,1.264181718756353,3.9589324071016656,0.5268485568679088,1.4374319415863714,3.9717811245567534,1.0070572737738863,1.2387875263922796,3.9027988911187372,1.4169006652219578,1.1832402384738785,3.9486479581837353,0.058156394971698167,1.4357698493176496,4.096368803390319,1.206825955533424,1.3685143581201231,4.095577663058294,1.1789471758616226,1.4012565249963354,4.06085267042395,1.4127221164538153,1.1831612066596315
1.64869,4.030391534125653,1.4127704379464008,1.0601999200357464,3.977513124947158,0.08566396645300839,1.4271344076565282,4.20271280911855,0.9538929906247176,1.2723750033731893,4.325654949778183,1.1100338623219306,1.1766339324400696,4.128796429182572,1.2586333273556922,1.4251700700153278,3.9119532382481235,0.04752763764822947,1.4169743484707413,4.09482080221381,0.5016893586629536,1.3376199964936437,4.05058417981156,0.9857527787648829,1.1676367482700682,4.200158737045394,1.422566907094456,1.0830047610590057,4.041899874279342,0.06839472645489018,1.5518891209905212,4.177816054037872,1.2118648625706387,1.3631615167148972,4.200670980945017,1.1887020505329309,1.388985306601089,3.869507366638985,0.1074887591087661,1.3302650464872796,4.03338677882371,0.9919938244568632,1.4139157246962202,3.8745352574526097,1.0887856614999925,1.2872670677109124,4.16277140020927,1.2587190691882408,1.403490953928461,3.8630202664945923,0.06689847046378243,1.2641470035098845,3.9598936541700467,0.5262399318388845,1.4375803235099223,3.970771028273518,1.0064390337531144,1.2386966120093152,3.9023507081031434,1.417315383085625,1.1826693469165663,3.9485412938311955,0.05806819742023553,1.435862946864378,4.095807390077592,1.2069851987162916,1.3687950809195029,4.094726811491517,1.1791526012980298,1.4015435920307895,4.06048417281683,1.4127723497230655,1.1830947454307021
1.65869,4.029837445958273,1.4128628191947081,1.0599919373918583,3.9769892033460663,0.08650516492752626,1.4280569581093878,4.201515551008634,0.9555386137067233,1.2718697961524825,4.325158216220074,1.1099843177895872,1.1761973231233394,4.129252609646682,1.258354653600062,1.4251703934122402,3.9116135201964672,0.048460687590737926,1.4167100666695156,4.09487810625255,0.5020317656736479,1.3377832156500893,4.048286159644921,0.9849699255392029,1.1674232585937054,4.199765682515686,1.4225674972028914,1.0827147298825222,4.040563643657761,0.06678696627003607,1.5525665913076234,4.178017014508472,1.2122388169790748,1.3632150415315154,4.2013221221953945,1.1893574201227777,1.388832653529587,3.8695699020977243,0.10719208043582824,1.3300629492081075,4.031861491621861,0.991642332597213,1.413679819465238,3.8739266339783347,1.0890290968008922,1.2870905657646736,4.163579579743533,1.2576766160266515,1.4035858818058737,3.8632734912418427,0.06635123729705471,1.2640581152009926,3.96050796642715,0.5255421345493583,1.4371817479545301,3.9684271091888252,1.004800637615902,1.2386324217120241,3.901901160537049,1.41785160342547,1.1817983118850808,3.948320184538845,0.05815377474116128,1.4360947474027848,4.095413925778034,1.2068474329024554,1.3693857257451172,4.093919506433034,1.1789720945820419,1.4020308329022664,4.0602164552930935,1.4126881361381636,1.1827680006877008
1.66868,4.0296523967777285,1.4129740237276815,1.0601726166870309,3.976257598168946,0.08715026675656275,1.4286101365941837,4.2010500800129105,0.955758240428268,1.2721101568333932,4.324547020444836,1.1097805516405226,1.1756250520706881,4.130528574726,1.2590526641432216,1.4253012393745415,3.911423941333157,0.04883724107021472,1.4162652499266517,4.094555664605149,0.5018731474057737,1.337886027560777,4.047582815533355,0.9846071371578093,1.1676716135047236,4.19943196390368,1.4227515488379734,1.082973831360442,4.03971020156397,0.0657189636264859,1.5531601779485136,4.178756642940141,1.2126513976967135,1.3632206538211122,4.2020567258260915,1.1896451754497415,1.3887250937155686,3.8697065800377297,0.10678313594736703,1.3299126920812718,4.031252473069228,0.9912659196850739,1.4138263987032123,3.8730441544836625,1.0897173024854436,1.287390933424823,4.16337840382266,1.256846605735117,1.4042188162355675,3.8635835685062605,0.06582379985503027,1.2640198101209597,3.960837129480326,0.5249911908770558,1.4368982228364977,3.9676252432068932,1.004161728522897,1.2388901449403162,3.901810266990697,1.4182032382503207,1.1816610956425802,3.9481044770193647,0.057905635872496,1.4361875334612852,4.095003024201306,1.2062109497602782,1.370141559311152,4.093298182371467,1.1784198915806972,1.4028344455558743,4.060005636239018,1.4125035845573632,1.1828994193521007
1.67867,4.029603063815805,1.4129981884351426,1.060697115097603,3.9754843302782192,0.08755645732937056,1.4288452351460983,4.201288402200242,0.9548598244928808,1.2729048100590536,4.324140305336244,1.109629705424073,1.1752283173285776,4.132103509088802,1.2604607754907764,1.4254792477779714,3.9113134118959074,0.0488082123389942,1.4157939212926944,4.093958196664446,0.5014306946749151,1.3380250327340018,4.04829298858525,0.9846907335035856,1.168242497214894,4.1990060898222685,1.4229723387898576,1.0836787328084694,4.039323551022361,0.06518864453798592,1.5536152105358276,4.1797513480205755,1.2131317955092182,1.3632370309677553,4.202740390890773,1.1897863677155935,1.3887453095649105,3.8699576049025866,0.10630831661764177,1.3298355192147149,4.031483222068848,0.9907978568750195,1.4142709261144697,3.871867631075491,1.0906706295309976,1.2881306152145628,4.162579208477033,1.2560439563946177,1.4050196080137864,3.8639563650031388,0.06534822560543017,1.2640121084528981,3.96111670203842,0.5245486397516599,1.4368941236250787,3.968216170833454,1.0043829985323687,1.2393748293940337,3.901828293147545,1.4184044524324724,1.1821671114507035,3.9479641837484953,0.05739786260395486,1.4361592233002745,4.09461001366513,1.205172243883827,1.3708397118252256,4.092848443415303,1.177566427642555,1.4036977946252474,4.059757125687577,1.4122949980007593,1.183430628837012
1.68866,4.029146760213298,1.4128330347547364,1.0611885273524089,3.9749999287095394,0.08776348480610612,1.4291445412227068,4.201484397562942,0.9543056230538192,1.2733871941595738,4.324262666503183,1.1098148672047796,1.1753341940789126,4.1330863718001725,1.2615539697824087,1.425649931617104,3.9112252238964604,0.048794033585009194,1.415537041352896,4.093466473443076,0.5011779881169727,1.3383781762377445,4.0486602146363255,0.9846100275933328,1.168667584194705,4.198293289130444,1.42294046790269,1.0841641161578086,4.038965084232473,0.06470356121950556,1.5539503429875832,4.180428782050963,1.213701118656084,1.3634052744311926,4.20335373319773,1.1903085679956358,1.3889472004097096,3.870245983106687,0.1058521237468246,1.3297448900516065,4.031738744031949,0.9902983431442802,1.4146428033179974,3.8705511644823822,1.0914357533768952,1.2890475859524047,4.162582859277809,1.2546083522775147,1.4052397157549787,3.864343063600287,0.06486269230903896,1.2639562397057096,3.96150864757859,0.5240591830088752,1.4370419168889714,3.9685445489020386,1.004279941861847,1.2398043177717533,3.9015128856383368,1.4186344730285696,1.1826430204752796,3.947908830305654,0.0569913996605111,1.4361597933984627,4.0944056193990175,1.2039580575453654,1.3712192486969994,4.092523554766581,1.1765054277413298,1.404195992431323,4.059402115020455,1.4121135801130476,1.1839004505167168
1.69866,4.0285681644317455,1.4124238416689425,1.061499342547553,3.9745685996094062,0.08791896484615061,1.4296296777141324,4.201548863214178,0.9538528547998655,1.273619701306464,4.324691494231502,1.1101229205333225,1.1758240601100924,4.133505831277362,1.262576698132325,1.4256686271186716,3.9111249809862,0.048775050413164045,1.4154959715497049,4.093079957332767,0.500914125239995,1.338807984049327,4.048738089856315,0.9843812592084806,1.1689377928278504,4.197505267332662,1.4226725069936617,1.0844099281239545,4.038654085000545,0.06413753697463216,1.5542970961778695,4.1807446297680535,1.2144108479577376,1.3635544378304842,4.203737283598836,1.1911556116482014,1.3891730496958083,3.8704000253163326,0.10539452941688954,1.329622300795145,4.031885825024544,0.9897880338965559,1.4148990013709273,3.8691419681384014,1.092112350689606,1.2901957760192584,4.163342281529374,1.2527354743025558,1.4046063131921867,3.864574455878313,0.06435980594463059,1.2638540363378206,3.961548813870685,0.5235732457358271,1.43733972096502,3.9686256662339123,1.0039938808768634,1.2401258541751503,3.901113926822356,1.418803691155875,1.1829286298217263,3.9478681466146597,0.056710703358626886,1.4361164521416172,4.094488567107303,1.2026169407146539,1.3710791867082424,4.092471964815889,1.1753343995245906,1.404185130226765,4.0590683319182705,1.4118459927679754,1.1842000206371934
1.70865,4.028061682446136,1.411809171096908,1.0616827484102398,3.974038112794669,0.08810369327824044,1.4302064137511745,4.2015511746523515,0.9532445364749427,1.2739072808786274,4.325060404884149,1.110270315750958,1.1764263539356392,4.133607526400584,1.2637444348017066,1.425499746328305,3.9109925426135534,0.04869800160503841,1.4155789992835446,4.092735172877916,0.5005536640675475,1.339331100983238,4.0488811886148195,0.9841467649757087,1.1691584424376817,4.196784980255339,1.422245784103292,1.0845712589796284,4.0384604242095925,0.06359016728155023,1.5547151220938658,4.180800032260931,1.2152014719490682,1.3635537718267616,4.203819544736786,1.1920828463337683,1.3892894124627082,3.870406129826534,0.10498708771959446,1.329526414781775,4.031934212360847,0.9893566539507179,1.415122522024289,3.8677494666501793,1.0926766157305348,1.2913555626382272,4.164414228859779,1.2505654728279085,1.403421478218364,3.8646268108011506,0.06394887970228033,1.263761956588394,3.961111867824874,0.5231968214537116,1.4378864626985413,3.9687505508717016,1.0038203339037277,1.2403655789956745,3.9007685626858786,1.4188233005280046,1.183136723355604,3.947880301264885,0.05651588788681588,1.4359942895761895,4.09480933351063,1.2010318369834692,1.3704957350960507,4.092689056165214,1.1739385380484633,1.403758444112129,4.058790078883641,1.4114718829785025,1.1843980853251097
1.71864,4.027423597082013,1.4111401610991214,1.0619843795580317,3.9735637583283214,0.08826994444344846,1.4305915158139273,4.20156665332489,0.9527574580810446,1.2745556677267602,4.325015563893869,1.1100639920452418,1.176832394973893,4.1336419466628636,1.264835226224722,1.4252936197026889,3.9108280217214633,0.048613297371801145,1.4156480901473287,4.092416949325604,0.5003787408616249,1.3402429992467582,4.049251594442083,0.9840213640788129,1.1694404751132246,4.196047211734895,1.421720250241665,1.0848120666934822,4.038361710780996,0.06332211052414694,1.5551243382611255,4.180730757816466,1.2158765758504584,1.3634444537190051,4.203717399616022,1.1928180134529216,1.3892807873006685,3.870486857183689,0.10479765302854332,1.3295932759763647,4.031872645421814,0.989176316696158,1.4154547851552584,3.8665664217503033,1.0927820383762266,1.2918633335473146,4.165327899725318,1.2478391092463246,1.402585046399987,3.86470506972254,0.0638607624456682,1.263781175893888,3.9607227091672588,0.5230314248383117,1.4388444779087264,3.969033486686913,1.0038256784979758,1.2405855382214128,3.900240754663395,1.41871221977587,1.1835746829522453,3.948135162058801,0.05637544164935011,1.4358841508498044,4.0951372267346295,1.1989060652032355,1.36990095432158,4.092888285461252,1.1719020102912656,1.403238885239855,4.058420556426193,1.4111565909953445,1.1846858945481507
1.72863,4.026674555176082,1.4105284970680518,1.0624097432185833,3.9732547176090924,0.08841224875391562,1.430834390784933,4.201687562833023,0.9523714011667238,1.275500481494126,4.324543683768081,1.109537053229036,1.177050175960132,4.133869258465089,1.2659747759946811,1.4251603634709122,3.910715331313889,0.0485901209390457,1.4156441590054167,4.092237389771989,0.5003590920251496,1.3412320460137757,4.049929833704234,0.9841974345792451,1.1698405974827701,4.195386151266748,1.421168880277028,1.0850213483924058,4.038274338326544,0.06320631411023567,1.5554474086887047,4.180690738697705,1.2165549624096323,1.3633278565890037,4.203646613399562,1.1935155738986591,1.3892267359777388,3.8705774830397432,0.10477963291944556,1.3298490984357245,4.031745251082987,0.9891174848191125,1.4158856957600605,3.865428800035689,1.0925232881195808,1.2916274229251887,4.1660977046848,1.2441856727098886,1.4022484603122398,3.8647399923936385,0.06405470402757345,1.2639463230492585,3.9603067146550583,0.5230614273042221,1.439930425931761,3.969556716945851,1.0041294279382853,1.2408214298325941,3.8996224891991607,1.4186296771955416,1.184255164890571,3.948472113535296,0.05613220256430546,1.4358184742068738,4.095334155938446,1.1960554878431209,1.3694521759563643,4.092864982379743,1.1690033258623476,1.402749046095617,4.0580733508507905,1.411029437642543,1.185077921070496
1.73862,4.025993023349442,1.4100233628642398,1.0628324035134002,3.9731422905124463,0.08854680174355066,1.4311338197228967,4.201959638030643,0.9518925403122525,1.2765007001032227,4.323859231089746,1.108837796011383,1.177243238972041,4.13445848356217,1.2673823858846123,1.4251262949359012,3.9107378335946077,0.048665849929425305,1.415583095910369,4.092254063053274,0.5003215244630556,1.3418145947947044,4.050910381049678,0.9848140507119169,1.1703439654788146,4.194973446053032,1.4206571531583445,1.0850198747311564,4.038123845336783,0.06296874463176118,1.5556495033944655,4.180843292247799,1.2174394586837793,1.3633187294816271,4.203828366247696,1.1944439065350545,1.3892512326052444,3.870509718349179,0.10473407339176415,1.3302894021436706,4.031596197193622,0.9889346789473964,1.4163124466141732,3.864061979515878,1.09224375019968,1.290953630224968,4.167017681399012,1.2393802923393402,1.4021321844871892,3.8645867438334838,0.0643233647411799,1.2642709077036889,3.9595045217947034,0.5231935070065515,1.4407572203153145,3.9703516516610766,1.004824876787645,1.2410676728713053,3.899192912948024,1.4187623023934046,1.1850360265089366,3.9486208672531387,0.055545996036069564,1.4357612990698023,4.095394791160446,1.1924710374264647,1.3691231284610361,4.092554095035779,1.1652798759623586,1.4022975522955128,4.057966936013464,1.4111516657778824,1.1854964807638864
1.74862,4.0255610553721555,1.4095531726459098,1.0632177390648392,3.97312761966344,0.0886509585319179,1.4314504836132318,4.202216485501416,0.9512575247358276,1.2775019348854044,4.323249146271859,1.1080444968471255,1.1774260323499701,4.135215098042293,1.2687538704580743,1.4250328281180524,3.910789465455744,0.048734852652109334,1.4155713269973662,4.092041464165021,0.5003395215158806,1.3423033055717848,4.052015716319963,0.9856252404323473,1.1707936676899648,4.194820921062325,1.420190352412078,1.0850034151962267,4.037994133339927,0.06270481947091719,1.5558215971620921,4.181344817796146,1.2183029955253815,1.3634713303129775,4.204306138319139,1.195318134434127,1.3894438797891895,3.8704233708332665,0.10441009046523839,1.3310551667219803,4.03133722574221,0.9886573503243734,1.416641822334249,3.8626122684039874,1.092144086474482,1.2902406932216184,4.168306744238297,1.2339296288443924,1.4021617863567666,3.8644868898705824,0.06448223367968418,1.2648464499539884,3.958378900832446,0.52331464623873,1.4415734860993539,3.9712975546681766,1.0057409269671929,1.2412299719276705,3.89911123598894,1.4190955807737933,1.1859038477893564,3.9487165386261336,0.05436511397476516,1.4355858804256625,4.095562938312073,1.1885100071716808,1.368891556737607,4.092174724453744,1.1612374459814536,1.4019629905176911,4.058084551131928,1.4114441394338013,1.185944528737152
1.75861,4.025391159912815,1.4091801474419121,1.063631707554915,3.9730859782918886,0.08872485486463474,1.431724484923242,4.202313264309142,0.9505858520882812,1.2784476884441853,4.322913854930535,1.1073385036752725,1.177682576443103,4.1359872210521695,1.2699768914525662,1.4249396735838218,3.910815596311985,0.0487249325234408,1.415625328772556,4.09139574726149,0.5004351635246012,1.342954464353319,4.052956709094629,0.9862036100764371,1.1711128813003797,4.194951606113243,1.4198224877333263,1.0851360934453234,4.037936617153906,0.06256329244383187,1.5559804549622622,4.182025493843674,1.2191218935049504,1.3636601836622695,4.204888491301398,1.196099482589066,1.3896889756859763,3.8702228402054386,0.10387525546106469,1.3319337947456502,4.030839132629933,0.9884125818688061,1.4167745422856541,3.8612147096924905,1.0922405470643208,1.289761237625031,4.169845242757212,1.228428871566082,1.4020661641092096,3.864706550647334,0.06441851151674209,1.2655253392395371,3.956964234166447,0.5234377411122582,1.4421344245733185,3.9720865659198012,1.0064765448930382,1.2412244271442487,3.899355920410332,1.4195432592097912,1.1867536306932864,3.948109428232032,0.05291159165701988,1.4356601155627267,4.095856135065637,1.1845657585468063,1.368669641824552,4.091886926211222,1.1572913209320983,1.4016774503776581,4.058415997902196,1.4117161928277813,1.186386132271927
1.7686,4.025260519206831,1.4091559824221636,1.064231328390767,3.9729161467354355,0.08881162627110537,1.431954745713708,4.202218013910647,0.9501792772979943,1.2792506339717014,4.3228759436549,1.1070278037181132,1.1782210335285812,4.136806609469727,1.27137034471307,1.4252452649982275,3.9108952251386935,0.04866266834723509,1.4156136087797278,4.090596230845831,0.500483377693144,1.3436854496215962,4.053392784071127,0.9860746105324623,1.1714083012784422,4.195430824309817,1.4196731081656992,1.085392807340628,4.037903479568057,0.06262316663825378,1.5560083421352127,4.182310299868132,1.2202762735201451,1.363567390384087,4.205160441954674,1.197254273208512,1.3896340605856554,3.8694210976881775,0.10362174814574189,1.3322398553486126,4.029983426302295,0.9883544712778733,1.416644417088313,3.859835867482927,1.092342271156749,1.289547883607275,4.171105286042916,1.2232693264589118,1.4012966542754375,3.8653686019465052,0.06413087521881568,1.2658456654097743,3.955127232714737,0.5237423014898547,1.4414137112850822,3.9722592527115057,1.0064793134947538,1.2410478322841778,3.8996932952053687,1.4199917837566853,1.1873363415916378,3.9451252234525156,0.05221723382528391,1.4369589451078606,4.095913577611293,1.1809040851475507,1.3682911654658616,4.091657813486839,1.1535279805054903,1.401165356076748,4.0590232991408595,1.4117013609210467,1.1867146170382847
1.77859,4.02514041267498,1.4092387861338829,1.064877054040748,3.9726975505209827,0.08890068615722022,1.4321723768716126,4.201957718539929,0.9499557175985,1.280152147332815,4.322923734936243,1.1069476534537386,1.1788993012581188,4.137581660136085,1.2727690927311925,1.4258531751926962,3.911015830416023,0.048567808588069125,1.4155741295341862,4.0898229113235,0.5005207389846975,1.344614493122133,4.053464873478613,0.9856246382449874,1.1719292347452925,4.196007128366965,1.4196076081402231,1.0856224832512014,4.0378978249523,0.06278167700097073,1.555971575216731,4.1823636253383425,1.2215782962090096,1.3634134807819833,4.205317468426736,1.1986300207867526,1.389485826393961,3.8682182405296,0.10350589144603424,1.3322855725338663,4.0289435012042,0.9884411462643193,1.416655826962549,3.85851491231397,1.092410652629886,1.2894350869139197,4.172123125966019,1.2184448636404202,1.4002258896232367,3.866122013964342,0.06376429231688154,1.2659977045859783,3.953076328135042,0.5241246580610881,1.4401195791502384,3.972043572792723,1.0061467400537445,1.2410614710527976,3.9000152454589565,1.4203851706072461,1.1877212272614184,3.9410290943348225,0.05192150817954717,1.438824390672449,4.095800781327823,1.1775483962571005,1.3678296402317662,4.0914029381875965,1.150016518159518,1.400534662992512,4.059741593296449,1.4115377756816794,1.186947322246241
1.78858,4.025097980856148,1.4090422923375587,1.0653088729419342,3.9725757493784157,0.0889662780939973,1.4323986008154943,4.201586855989512,0.9497126883786038,1.2814196520633945,4.322780444547865,1.1067486447815347,1.1794904842952665,4.138219204886404,1.2739482346450999,1.4264477957037545,3.9111190371602107,0.048467158572616756,1.41559500411831,4.089196396335434,0.5006700406033879,1.3458681653058076,4.053541914757505,0.9855861861119827,1.172822966255615,4.196337130704778,1.4193903579886178,1.085631966461944,4.037930294033962,0.0628732479971785,1.5560081714376173,4.182670150214096,1.2227102859570782,1.3636253791865816,4.205806056144915,1.1999166991779635,1.3896762405300704,3.8671559221598497,0.10313510173243132,1.3327736609548002,4.027988661024446,0.9885367174678124,1.4172552897869861,3.8573435259407702,1.0924850688651848,1.289225078574075,4.173205306711263,1.2137433651381762,1.399662309781357,3.866416304307781,0.06348789727544077,1.2664282108133347,3.951074739944781,0.52437876957162,1.439633583160367,3.9719497782785322,1.0062431511814307,1.241596443169307,3.900302919905306,1.4207080356255228,1.1881450141457428,3.938398441956791,0.05117996810929633,1.4400153067377692,4.095798829514197,1.1744037298498633,1.3675172918320944,4.09106013816812,1.1467930493734344,1.4001027827464465,4.0603349772612045,1.411518614436818,1.187156918701441
1.79858,4.025064509637377,1.408824429123418,1.065523653857949,3.9725273036795987,0.0890585851597584,1.4325527938825215,4.2011477513694215,0.9497232332161081,1.2826427246967012,4.322440932705289,1.1065158408237057,1.1802889654300128,4.138940585519242,1.2756628993000532,1.4271066180357284,3.9112117721026096,0.048447847699001914,1.4155312997386906,4.088934280492702,0.5009727130715853,1.3470721964171248,4.053715300668676,0.9859710710608542,1.173553693462056,4.19647948947476,1.4190124248726221,1.0853304927892409,4.037903810805963,0.06290870576149574,1.5560706512677687,4.183117571999542,1.2242631796606112,1.3641131295993691,4.206548771799901,1.2017452971922613,1.3901348543651781,3.8663814170662962,0.10274222934354349,1.333457737621144,4.027071473526819,0.9886135507861861,1.4179538019801363,3.856410234128494,1.0925058393281617,1.2890205998720148,4.1742797994194385,1.2090797589669744,1.3998455499958864,3.8660348753365117,0.06323739777447811,1.2669679902978328,3.9487657615414586,0.5246046710468432,1.4396700803063733,3.971916872091655,1.0066634250686435,1.242034761885375,3.900541859303745,1.4209581918329741,1.188702859271489,3.9376810268935367,0.05071080509269033,1.4410236875427236,4.095932493471023,1.1714796861377008,1.3676067383865864,4.090735588273657,1.1437577768782983,1.4000394308536785,4.0608436278267055,1.4115607501164764,1.1873211051333528
1.80857,4.0248794753094455,1.4086856277682736,1.0656392145958502,3.9724926527003546,0.08920574249122208,1.4326119416224332,4.2007853727784825,0.9500269348240581,1.2835422007502584,4.321950795960916,1.1063569991598068,1.18144259409413,4.139835687138097,1.278211838722474,1.4278775286612566,3.9112791118976524,0.04854964327077192,1.415350590761961,4.089171512108604,0.5013497078592953,1.34801070920847,4.054035253910904,0.9865842768066195,1.173893617361221,4.196433460928771,1.4184962333195532,1.0847610905205545,4.0378019313762525,0.06293077501454795,1.55610669503705,4.183525822402488,1.226461093201458,1.3647237920902966,4.207349626116296,1.2043242813153698,1.3907196212332331,3.8657760531470546,0.10246783218486934,1.3340626546133414,4.026280679137456,0.9886161754563575,1.4184433393019724,3.855592470128236,1.092441086787646,1.2889694793028215,4.1751594423259,1.204609570869008,1.4004678056729567,3.865103271021147,0.06284966760820433,1.2674819221241906,3.9460871593125195,0.5248494425745576,1.439721462034913,3.971949333401701,1.0071643100358405,1.2421081236328144,3.9006632423473073,1.4211213149752895,1.1893923394268948,3.9381636319379054,0.051037935660720436,1.442317051459782,4.096050663602835,1.1688351126362442,1.368016280626477,4.0904314141593385,1.1409119111902546,1.4002268958199784,4.061272241262099,1.4115491960094144,1.1874382779442862
1.81856,4.024333209760438,1.408292845830346,1.0658414919520727,3.97242572052211,0.08937270809035852,1.4326689545505404,4.2007758597111,0.9501746514862977,1.284276216589213,4.321337320515402,1.1062548378017334,1.1827170985352713,4.140696560546615,1.2809351558365223,1.428611814844113,3.9112608782731453,0.04871516721153137,1.4152551361870693,4.089858779604948,0.5015899748270246,1.3488769793174864,4.054585322076352,0.9871924482688302,1.174287502111696,4.196008777960604,1.417836744734521,1.0841174038386157,4.037756745119692,0.062964461192406,1.5561247775976994,4.183831369715151,1.2287159839107546,1.3653860410623628,4.2080280488308865,1.2069599326655165,1.3913580508241512,3.864967732260183,0.1021050395556557,1.3346122296674776,4.02598470644791,0.9884299203455905,1.4189991866554832,3.8544936137857984,1.0923315135386316,1.289157742842735,4.175646747219383,1.2007236462687714,1.4007043625211033,3.86407736204687,0.062122652141620466,1.2680956922421267,3.943562903668231,0.524990521406049,1.4395515836987527,3.972331112099756,1.007620931626742,1.2423641179972598,3.9005491119695113,1.4211659284780296,1.1901243745781307,3.938271797898362,0.05183908724407252,1.443704719954421,4.09586260235599,1.1665208894041779,1.3682199073265298,4.089952190848914,1.1384012160375712,1.4002233201926115,4.061502510385054,1.4114602150056748,1.1875625738866407
1.82855,4.0236421038827395,1.407671925392855,1.066083420502507,3.9723574918683022,0.08948001466365324,1.4327381278643037,4.201150537762547,0.950026335929223,1.284901609654079,4.320695323531819,1.106178628872936,1.184048607155582,4.141357731406141,1.2837851797850184,1.4289750216618786,3.9112069230913584,0.04882999661942127,1.4152788520202269,4.090675700552903,0.5016494048101975,1.3497058979979666,4.055374403858743,0.9876435034364124,1.174806574655085,4.195471591221293,1.4171418222174805,1.083493378088507,4.037795671393089,0.06301005003253678,1.5561448395831812,4.18396312602177,1.2309363755583687,1.36587406787797,4.208377231263194,1.2094791720026195,1.3918900937723884,3.863645690236082,0.10163377172448833,1.335087212380274,4.026236528111165,0.9881669523543689,1.4196226529504943,3.8532192731759043,1.092167076384885,1.289451225904532,4.175720307213708,1.1973821720161404,1.400725125120683,3.862805534559903,0.06114767036204188,1.2687708970601803,3.9411190284552577,0.5250911690586592,1.4389620143252584,3.9730993633078087,1.0080036580265839,1.2428505818964677,3.90042232028416,1.4210981699070013,1.1908393578718761,3.9375767309903202,0.052851920643559876,1.44489233799317,4.095388726393613,1.1643638696231604,1.3683335812643749,4.089317470096315,1.1360411179830574,1.4001355672195583,4.061685628843692,1.411307460221141,1.1876331988829707
1.83854,4.023146214281567,1.4070811003423283,1.0662049030927894,3.9723327707141083,0.08946648950722208,1.432782794266044,4.2017295493515325,0.9497002469929225,1.2853952204493853,4.320148492741132,1.106141891061131,1.185418656886171,4.141740543457589,1.2869529900307526,1.4286842825706298,3.911190992177122,0.048811450820488364,1.4153422170825178,4.091259784785214,0.5016061348000066,1.3504457994795316,4.056279529980214,0.9878673638302824,1.1752889874271795,4.195205255765137,1.4165788020759054,1.0829012551227903,4.037862778587306,0.06305017426720079,1.556176566479328,4.183880875590774,1.2332674015439131,1.3659554504483906,4.208277561877292,1.2119916684150862,1.3921472989850707,3.8616720642966316,0.10116114748790243,1.3354721729080126,4.026825878432239,0.9880458041007889,1.4201584001795986,3.8520998249254346,1.0919374713356456,1.2896391245660714,4.175473729627877,1.1943688934780898,1.4011051422409688,3.8609155936582424,0.060181309325953294,1.2694043525521337,3.9383570643082186,0.5253096126579027,1.4378773822429647,3.974054404816831,1.0083231578731486,1.2433213303348263,3.9005848761286055,1.420970716878301,1.1915204988566435,3.9363797699682954,0.05388576670739975,1.445674837468123,4.094813502744235,1.1621734718200745,1.3687232703312753,4.088664495906641,1.133580693867611,1.4002769706891203,4.062034768959317,1.4111230040760394,1.1875446875884843
1.84854,4.022629113150594,1.4067226875003036,1.0661848927337616,3.9722689341117143,0.0894346933144687,1.432781701498499,4.202141534618841,0.9494672436115899,1.28575158711687,4.319765420822015,1.1063354115102813,1.1865042169860902,4.141939645309182,1.2898955298353871,1.4280609013032894,3.911107404695524,0.04881563891169384,1.4153805199425453,4.0917053444276545,0.5015795557158401,1.3511698173746225,4.056862416580793,0.9879059642193806,1.17570403892227,4.194911423228299,1.4162654984771552,1.082308275479088,4.037863907332907,0.06305585578337287,1.5561751128299124,4.183703130578256,1.2354150656432508,1.3657601637066146,4.208008153204328,1.2142692353489501,1.3921546735951835,3.859378429979633,0.10076729261373686,1.335926182437233,4.0273517773311225,0.9881351925496012,1.4206197526467441,3.851071875081729,1.0917657736217496,1.2897346738336655,4.175014615061439,1.1918794202890652,1.401486617031906,3.858709300651937,0.05940109931238207,1.270088397730018,3.935190884749187,0.5256879829366362,1.4366565531355684,3.9747400035523945,1.0085388025928983,1.2437592648224949,3.9008157962129744,1.420918830061808,1.1922270990606532,3.934873965828239,0.054722269633041984,1.446308557142362,4.094176905007455,1.160233679921603,1.3690876310302458,4.088029266678328,1.1313404242061462,1.4003737356565966,4.062330393597477,1.4109368131920628,1.1873072341307727
1.85853,4.021951402625372,1.4066020000242405,1.0661011037430406,3.9721820834746255,0.08944614273853141,1.4327446427925916,4.2023190104239365,0.949421260122644,1.2859808924306952,4.3195676780750585,1.1068467440655712,1.1873008766233493,4.142129570263611,1.2924352170215925,1.4274641842369926,3.9109739327844717,0.048912216632769304,1.4153766703718822,4.092213302038319,0.5016112782305256,1.351975890873275,4.057019038882064,0.9878076532988266,1.1760884087690147,4.194390955393183,1.4161818810193472,1.0817071372661595,4.037815577091312,0.06302777126224385,1.556139671627591,4.183581631326044,1.23730337490714,1.36555202104191,4.207831945512627,1.2162898047879755,1.3921116719002906,3.857163529130759,0.10049884963207378,1.336577373485614,4.027752013892648,0.9883683353759087,1.4210710924678682,3.8500482837408097,1.091698305484933,1.2898195356139348,4.174479167297975,1.1900194738538503,1.4014135381120159,3.856535306491387,0.058850495735055804,1.2709399132545083,3.9319171020487236,0.5261736456885365,1.4356385545415857,3.9750496481373685,1.0086206509928395,1.2442278988924411,3.900965933472254,1.4209739164971296,1.1930108268320845,3.933313654487574,0.05530857391345849,1.4470398677919312,4.09352984358541,1.1587132147243133,1.3690863454937379,4.087485490696261,1.1295213814026188,1.400117348278532,4.062441508170647,1.4107434082703296,1.1870097873885441
1.86852,4.0212703344800085,1.4064717577103651,1.0661240333135633,3.9722528830499986,0.08944416322528073,1.4327165248311668,4.2026865057680665,0.9493508137857779,1.2861054693747624,4.319502495420836,1.1075445182737589,1.1883536530560683,4.142538416860746,1.29520310257432,1.4270686004808555,3.9110247642798006,0.048965016867718494,1.415374087158301,4.0929459534982975,0.501615309405353,1.3529275073616818,4.057227675322044,0.9875912616271607,1.1765185549934414,4.193823415617392,1.4161339670836894,1.0811422304041214,4.037887176946455,0.06300813961831428,1.556146443528328,4.183647826223769,1.2393402234812136,1.365633702353941,4.207830889035026,1.2184584408672015,1.3923756475343818,3.8552932298190012,0.1003666345255265,1.3374313102532263,4.028503824364502,0.9885487946839521,1.4215804075022773,3.8490426520213212,1.0916225851616443,1.2899775652569487,4.174012366036696,1.188598604295377,1.4006830974133122,3.854513410078238,0.05841867135344668,1.2720210398046403,3.9292230097319054,0.5266281904041871,1.434952514488463,3.975461579931303,1.0085772840967695,1.2448130757138292,3.9011678713331386,1.4209972135084719,1.1938946175746523,3.9320238936208334,0.05583651735353608,1.4479149020803257,4.0929698138692325,1.157431281688876,1.3686035399626097,4.0871684726879085,1.1279314640219729,1.3993963779223548,4.062517596357384,1.410494662228064,1.1868101037057728
1.87851,4.020537129376541,1.406359239418044,1.066379405991401,3.9723292695476085,0.08940912675355368,1.4326795289070648,4.203261373449776,0.9492286210273546,1.2860663876116216,4.319282197687045,1.1082850391107024,1.189660031424545,4.143337523592205,1.298466663737274,1.4268614103857276,3.9111153491682624,0.048959417169489546,1.4153563589324074,4.093667305873718,0.5015486892262978,1.3537352011300003,4.057534806241007,0.9872869053004681,1.176895271749181,4.1931973429421046,1.4161198457460835,1.0806830613503133,4.0379472834527945,0.06295877189589681,1.556171634550926,4.183910617686533,1.2416888413890033,1.3659916851711236,4.207980832229141,1.2208992528024651,1.3929298409500253,3.8535294542665426,0.10046146977303407,1.3383132159702331,4.029617314521335,0.9886806836109306,1.4220541330472476,3.848067178512283,1.0914983863267431,1.2900766574606135,4.173469672982509,1.1875326006141342,1.3997132013896423,3.852375018429121,0.058260160890594694,1.2731089300969942,3.9273140318570143,0.5270325926427314,1.4345877846753061,3.9760261224341438,1.0084381593761067,1.245408161698658,3.901340436385545,1.4210302098236143,1.1949535495947772,3.9307428971394085,0.056261876775950154,1.448727751633653,4.092390333747477,1.1563419487598754,1.367920265619832,4.086906036603271,1.1265193950562955,1.398472204673378,4.062563686341969,1.4102682380944669,1.1868092137416855
1.8885,4.0196195319846035,1.4064057010182807,1.0669022628588622,3.972175314511224,0.0893497991166398,1.4326044390723012,4.203831543374117,0.9491342089812369,1.2857959362772873,4.318635594443886,1.108958645166038,1.1909635626463393,4.1445555579909055,1.3020926328187783,1.42679460908633,3.910986294646832,0.04895105810752796,1.4153046047925402,4.094124759455831,0.5013917119845336,1.3540604809698265,4.057753533989894,0.9869042612272331,1.1770516485918494,4.192409104952421,1.4162065811343318,1.0804055895464884,4.03779761159851,0.0628313204754738,1.5561595092745566,4.1842903840887145,1.2442445215402431,1.3664982426175536,4.2081996256611465,1.2234712477106042,1.3936108162199072,3.8514745667142956,0.10081907340758052,1.3389950879932504,4.03080306766301,0.9888367908393506,1.4223294936888697,3.847118056293975,1.0913519981494442,1.289968437287253,4.172631063119547,1.1868624541634136,1.399039959888003,3.84980295251921,0.05852382597569553,1.2739001465385635,3.92601974314908,0.5274019635888683,1.43439718970252,3.976540807443056,1.0082030850088546,1.2458150203638947,3.901315625742487,1.4211864549297701,1.1962343762083627,3.9289975532409738,0.05644357999204281,1.4492348562619897,4.091626042115843,1.1555297780108285,1.3673973170920029,4.08644824618011,1.1253723639893403,1.3976829248502292,4.062497877416708,1.4101547283619207,1.1870291734506921
1.8985,4.018626425577701,1.4064723430561563,1.067504572201585,3.9720770312800657,0.08927066263674704,1.4325777279730711,4.2043911378325785,0.9490490687668662,1.2853916545499318,4.317917293607723,1.1095754461477232,1.1924717653937758,4.1458166023930305,1.305443488209462,1.427103806019877,3.9109034312545745,0.048928990985904586,1.4153476283986517,4.094965007368229,0.5010846073864683,1.35423122428929,4.057964391700631,0.9863400387772912,1.176995944133682,4.191541931964562,1.416225373452529,1.0803595059580642,4.0377464291800935,0.06274255893433216,1.5561902061493584,4.184660412536918,1.2465580864985004,1.3673637169556045,4.208403603572961,1.2257770005126822,1.3946329267442703,3.8493242300279613,0.1010624147377782,1.3394605908158126,4.0318647511016135,0.9888405121204039,1.4223715630960803,3.8461550882969795,1.0912593323298065,1.2899720895276063,4.17169692611474,1.1867963026393102,1.3981867326827344,3.8471986351516128,0.05866167570437783,1.274465872752762,3.9249803308517577,0.5275752406492912,1.4340107779614422,3.976987261983611,1.0077139710061116,1.2459571376714489,3.901169439800016,1.4213830600734598,1.1975404368586349,3.926951724572602,0.05649033933272643,1.4496213534994895,4.090794623602755,1.1551852452365958,1.3667766742452816,4.08601114437702,1.124692027028975,1.396790624390859,4.062311003545396,1.4099789495581887,1.1873388708588566
1.90849,4.0176287374092166,1.406454895664948,1.0680284622562959,3.972171989214317,0.08918468013903974,1.432620684867135,4.204935642594073,0.9489469840995813,1.284896737778583,4.317417487562193,1.1102024969362376,1.194263640988517,4.146738421238973,1.3081456757666796,1.4278015917544897,3.910999802981152,0.048895293996260684,1.4155043914509295,4.096457422475259,0.5006414186218412,1.3545186217107892,4.058188809603807,0.9855673622334329,1.1767678237304964,4.190665057726109,1.4160983976391068,1.080477578151747,4.037917397102951,0.06274068979560514,1.5562801675202167,4.184872358304149,1.2484037142630198,1.3685859008543177,4.208466659750925,1.2276299741383638,1.3960082833711742,3.8471897276137996,0.1010489557719508,1.3397755676916763,4.032756325746011,0.9886560350517536,1.4222106914349026,3.8451302319704066,1.0912877442128364,1.2904113054308235,4.170919580568809,1.1870952486406545,1.3968742250133597,3.8447316298293845,0.058459018270370006,1.274915459310371,3.9239571626008107,0.5275399621598432,1.4333183242944711,3.977363259257877,1.0069549487743172,1.2458554537292021,3.901013108335001,1.4215333688961551,1.1987619389494613,3.9248415592265156,0.05651328509490894,1.4499683110244737,4.090048521474127,1.1551475817041479,1.3659521925459734,4.085759175359765,1.1243554519627317,1.3957294940649954,4.062031751622606,1.4096391217848654,1.1876058280533968
1.91848,4.016548825153758,1.4063990657900087,1.0684531439685205,3.9721978366643813,0.08911614487326039,1.4326203315457056,4.20540542722746,0.9488234252056434,1.2842168040186885,4.317075981026132,1.1109367640157222,1.196085594046859,4.147134538443128,1.3104543422785073,1.4284900658864044,3.9110297227114548,0.048892223508514736,1.4155880188107535,4.098016173606673,0.5001894695728488,1.3548612435099932,4.058283917116836,0.9847058060236439,1.176390481137779,4.189754093532211,1.415958553481306,1.0805353054858624,4.037990969206052,0.06271691249036825,1.5563081010565147,4.184790878870094,1.2500433831775977,1.3697553736410106,4.2082280181132825,1.229280508664627,1.397341888341914,3.8448480393105298,0.10112114270965772,1.3400527212139457,4.033633155136514,0.9885351868300808,1.421925366155724,3.844011779678982,1.0914525298145468,1.2914048896051322,4.170448293314524,1.1868690408466336,1.395482176554152,3.8419850079269238,0.05842498724220805,1.2752852520370472,3.9229669653302848,0.5275572059227173,1.4326589818854412,3.9776414204494457,1.0061657729743685,1.2456287610797583,3.900904977039133,1.4216139173267401,1.200003652442797,3.9227518842528077,0.05653684550770043,1.4500757858507178,4.0894741781228126,1.1547470696002895,1.365256200689404,4.085607814340194,1.123758794094857,1.3948796797312495,4.061714662947453,1.4092361941635672,1.1877616248424439
1.92847,4.015393325055902,1.4062586787410893,1.0687997001514529,3.9721335823523867,0.08905927758352244,1.4325552909758572,4.205927959984382,0.9486386169297988,1.2833696422715097,4.316678748173333,1.1116820326801318,1.1979648063488977,4.147329446231002,1.31279895898237,1.4291270391230295,3.9109740117780096,0.04890954603600785,1.4155886888320233,4.099579240948781,0.49972764580776247,1.3552079701034765,4.058388009272744,0.9837959886075642,1.1759104926285107,4.188839461721002,1.4157584255415658,1.0804285710828652,4.037950080166964,0.06266937021577089,1.5562607607109125,4.184572653482543,1.2517765206199962,1.370859931473416,4.207842528971405,1.2310265823852404,1.3986155492649153,3.842452353546833,0.10132026277954916,1.3403783908337605,4.034663441659251,0.9885094273967826,1.4215581972075222,3.8430237274403827,1.0915392355216795,1.2926484149968485,4.170238500925991,1.186237370750503,1.3942563840745148,3.8391617836008147,0.05858002448438063,1.2756653991621771,3.922151030675756,0.5276699629515317,1.4320982239998532,3.977985665007251,1.005416712169227,1.245335801282843,3.9007480840393907,1.421528693016176,1.2011606577687657,3.9207012894407405,0.05662002788453638,1.4501296543005737,4.089088278090166,1.1540570918035342,1.364815393512317,4.085552646410928,1.122966814401943,1.394358371534591,4.061386563101619,1.408797758617646,1.187815782392534
1.93847,4.014220464771635,1.4059527312016706,1.069109027259908,3.972096526210136,0.08899020663063828,1.432458862766113,4.206666100833879,0.9483431704708177,1.2824661461912534,4.3160685596221215,1.1122967392804763,1.200002966434881,4.147719890060553,1.3154976436548058,1.429773395148395,3.9109412383810285,0.04890793952125968,1.4155943535985447,4.101377325320998,0.49919537117806534,1.3555999448575038,4.05873339132663,0.982821925561141,1.1753948023795653,4.187955026570678,1.4153758143098756,1.0801410113554344,4.037950589923736,0.06265305454328356,1.5561832532623459,4.184439468489535,1.2537803008430572,1.3720125744023761,4.207547199356462,1.2330625084224167,1.399935739022692,3.840326630010871,0.10149925742245026,1.340789595445726,4.035927866595752,0.9884868015079934,1.421137878527869,3.8424158328482076,1.091308934667857,1.2937297721871714,4.170142723395832,1.18582852112812,1.3932542322787498,3.8367634737008833,0.058645626457356145,1.2761501594805087,3.921614640402305,0.527791663573308,1.4315229176111424,3.9785880144447403,1.0046663306429553,1.2449978185885284,3.9004207703445184,1.4211937286725569,1.2020771708475408,3.9186939087815036,0.0568547006106503,1.450468117095477,4.088848323846564,1.1535354341875526,1.3645712257404121,4.0856222332021375,1.1223876553626997,1.3940688828576502,4.061051100086425,1.4083044813798131,1.1878231441635616
1.94846,4.01306058430599,1.4055293431129032,1.0694195365705392,3.9720591821108093,0.08889276046244951,1.4323223760746764,4.207432876692543,0.947946489026343,1.2816785458759334,4.315627890816088,1.1129454977974853,1.2018057479153847,4.147741828037424,1.318098964766217,1.429916045714648,3.91089520304592,0.04887445208187768,1.4155898217696175,4.103281606861671,0.4986495172967099,1.356337923521979,4.059176993289756,0.9817834890873075,1.1749310635413754,4.187001773699193,1.4148949056745757,1.0796707605808404,4.037976375137987,0.06264519922026754,1.5560509779196237,4.184139814634893,1.2557408247726265,1.3727303880964745,4.207104879336276,1.2351275615668558,1.4008601808905594,3.8384703787815955,0.10162775169414237,1.341200469926331,4.037160818728861,0.9885036831129891,1.4207406797379576,3.8419092141691826,1.090995089358484,1.2948252289587747,4.170077547780683,1.185602102180987,1.392280977475533,3.834806427991256,0.058549283855506604,1.276692414327361,3.9210712267367906,0.5279297977944412,1.4309052412968317,3.97925873319216,1.0039201796879376,1.2446613467581278,3.9000857383940644,1.4207707141601678,1.2029577002755838,3.9168283221269937,0.05735035312671671,1.4509949685129329,4.088645035020567,1.1531843134506818,1.3643522878314205,4.0857222915829166,1.12200685415663,1.393835434170878,4.0606993694371125,1.4077838988832265,1.1878336120050872
1.95845,4.011983358896965,1.4051281134319038,1.069761352926399,3.9720245816083977,0.08876535345395917,1.4321484673199913,4.208040918985901,0.9475113269996133,1.2810603521524646,4.3155075735683095,1.1137341722920506,1.2032711357281065,4.147114000936479,1.3204889714949024,1.4293399070066417,3.910821327991624,0.04882296664276497,1.4155622910847843,4.105093969046013,0.49817065494219137,1.3574657391849922,4.059526587676894,0.980745740982882,1.174558049451783,4.186009611875201,1.4144328969560949,1.0791081404718306,4.038012529870933,0.06260580932521567,1.555860245038022,4.1835347522017825,1.2575997363967701,1.3728255866859713,4.206372727777453,1.237182390440866,1.4012216687790335,3.8367580402158623,0.10178593641289006,1.34152849024493,4.038168532239572,0.9886103429722387,1.42041412653416,3.841385838748538,1.0908057402641804,1.2960365232934206,4.169992392957901,1.1855234565350445,1.3914963951745016,3.833106494236999,0.05845479556602728,1.2771669998710726,3.920394209696789,0.5281188680002696,1.430308957210629,3.979803525614326,1.0032338579381426,1.2443639834389137,3.899871282158868,1.420439206433838,1.2039211244375128,3.9150092924974063,0.057962458000598974,1.4515417038312843,4.088422108918869,1.1530129615490166,1.3642649295033167,4.085770134190211,1.121819305218795,1.3937495758114302,4.06037221112064,1.4073070987555898,1.1878885108748354
1.96844,4.01112807314438,1.4049601446748277,1.0701454640147448,3.9720896008677804,0.08862461347743665,1.4319697423156703,4.208429458404065,0.9471551272581694,1.280473157891506,4.315339388310341,1.1145641870464946,1.2048801355536354,4.146340349752118,1.3232559949520677,1.4285227596015582,3.9107900554779036,0.04879211449670612,1.415538974046993,4.1066502853294775,0.49782552131041874,1.3585544966979868,4.059653783944957,0.9798613725362645,1.1742422094334029,4.185242293138384,1.414075307473656,1.0786710799595658,4.038106277098439,0.06250573337173314,1.5556642913209946,4.18284516293569,1.2597985018668205,1.3727828103284099,4.205550835612369,1.2396226681003861,1.4014700742795925,3.835020852297657,0.10215844398183906,1.3417508444469763,4.038989691529779,0.9888250110049833,1.4201517975724194,3.8411580622986126,1.090726416346377,1.2971272174871178,4.16986912159077,1.185823884644712,1.3916139947046406,3.8313879286420205,0.05877371466385871,1.2774014674006238,3.919835014112946,0.5283919905105705,1.4299077136361238,3.980158601400393,1.0027148533167296,1.2441298462828165,3.8997423894893015,1.420301312766974,1.2048128865620849,3.9128614443530245,0.058183522154590384,1.4519987563171646,4.088230902884638,1.1532169308600178,1.364816823680453,4.085755729741103,1.1220005243149545,1.3942807848303271,4.060181254272982,1.4069863646873262,1.1880130403895859
1.97843,4.01052373211091,1.4049894834670251,1.0705198093611585,3.9722465528632465,0.08846954457099682,1.4317696607965291,4.208527120378679,0.9469195477560913,1.2798527708763758,4.31517361302816,1.1154092692051156,1.2066549303624496,4.145804488004362,1.325968882032195,1.42820424091455,3.9108242831814106,0.048749520034997704,1.4155078129011742,4.107946379591781,0.4975795613222972,1.3594201984112273,4.059409629729361,0.9791396790415362,1.1740278349946682,4.18473131398724,1.4138395489435478,1.0784568263556464,4.038233268166716,0.06239951961938175,1.5554883440069576,4.182366570888248,1.2620389666720244,1.3731034232760215,4.205024258058629,1.2421188980215847,1.4020069877996244,3.833199397173627,0.10271933969207585,1.341972124639258,4.0396629374398945,0.9891194156347785,1.4200092133512756,3.8412926257612763,1.0906795176556354,1.2979479233335818,4.169764816115982,1.1866991749150373,1.3922958352412826,3.8295224210610774,0.05952926093323215,1.2774753799526657,3.9194217031420986,0.528719411427477,1.4298664492126685,3.9802176363620987,1.0023395909838033,1.2440725763321228,3.8996103459218125,1.4202994961810471,1.2054915575446232,3.91046184120916,0.05789962930499328,1.4523237309827184,4.088121314546884,1.1539492232096957,1.3657330775290466,4.0857672803029566,1.122719222144593,1.3951768772233863,4.060095720016831,1.4068095364496038,1.1881730588263144
1.98843,4.01008089843116,1.405035062098557,1.0708506143247551,3.972431924755395,0.08830751847149193,1.4315256603807867,4.208324314183305,0.9467796982212738,1.2792107031483815,4.315292192925867,1.116336561855472,1.2083177525235451,4.145578816761941,1.327732676706342,1.4289335317274792,3.9109084400910525,0.0486594219029536,1.415447159893669,4.109094951957378,0.4973656396623455,1.3601062495651848,4.0587439174941355,0.9785312167683269,1.1739879571479526,4.18433196714852,1.4137265595214326,1.0784584000479498,4.038336806262723,0.06237079401552502,1.5553422865157318,4.182255294859982,1.2636778860506181,1.3740700898634082,4.205059982630849,1.2440186410670682,1.403025590225306,3.831338293712632,0.10331913476655369,1.3423028830294723,4.040237350207447,0.989425529048024,1.4200471511739827,3.8416321253802908,1.0905813967299607,1.2985212943690272,4.169778494706354,1.1881324643806777,1.3926158681074763,3.8275720567702267,0.060482271468259116,1.277565406247197,3.919041028534854,0.529047170959107,1.4302328449065373,3.9799396232297815,1.002035226569056,1.2443083331400913,3.8993952657254884,1.420289412426935,1.2059310629124815,3.9080946122359017,0.05729846089752937,1.4525387495068578,4.088123224358222,1.155173281702165,1.3663265478205706,4.085921480097573,1.123972789560326,1.3958025310984967,4.059998999477404,1.4066974455474779,1.188334259444394
1.99842,4.009542760514756,1.4049892214472066,1.0713310927332405,3.9726478009883524,0.0882279979050816,1.4313240175779922,4.208112803041982,0.9466547665317026,1.2786302401451624,4.315705743913256,1.117543349566053,1.209693960448381,4.144985873943527,1.3285769312634916,1.429972883572695,3.9110134734944424,0.0486594272840874,1.415407113610731,4.110260361772199,0.4972452691542191,1.3608227783105853,4.058069700302049,0.9781428378940619,1.174092972199303,4.1838511108060175,1.4138381771707504,1.0785909469937942,4.038428282029235,0.06240581815370523,1.5552596162257653,4.182003146774665,1.2647026834129371,1.3751898721486278,4.205055261232947,1.2453344340816452,1.4041392902256375,3.829615894276506,0.10387674884709476,1.3425625154924863,4.040849737415191,0.9896299779832596,1.420175394383534,3.841852025470946,1.0904392739404811,1.2992497696081562,4.1699861311726005,1.1894032192212731,1.3921410817969615,3.8259655888089616,0.061395637798676204,1.2775774871062575,3.918675407490728,0.5293842781000423,1.4306338462649806,3.979682278292285,1.0018818936318667,1.2447272531656026,3.899156186295153,1.4201762723820444,1.2064653875306541,3.905662784337761,0.05668158490802883,1.4527602252350411,4.088212869722525,1.156242281671172,1.366372438665415,4.086208885069286,1.1251268443836373,1.3959381021444803,4.059817676995877,1.4066344663865704,1.1886082117537966
2.00841,4.008863270788547,1.4048323119367503,1.0720580598196765,3.9729074804835856,0.08822001198099066,1.4311403381828296,4.208057212380772,0.946576261523015,1.2780975805076615,4.31619820142884,1.1189246387323188,1.2107714713754851,4.1438708541652,1.3290272963894199,1.4306765601842644,3.9110963792821933,0.048778275809533256,1.4154247429607685,4.111422018641751,0.4972703113709455,1.3616296842906939,4.0576276684269486,0.978014650680412,1.1742532372124,4.1832972090590985,1.4141571080319795,1.0787722349714852,4.038526619268509,0.06246320749551927,1.5552380518868452,4.181324378162136,1.265406798210406,1.3759873005024985,4.204591927471169,1.2463355585608034,1.4049621930896858,3.828024762949123,0.10437093872042767,1.3426937297797696,4.041563103489082,0.9897838763765248,1.420296358231811,3.8418565549364834,1.0902914493233287,1.300233048225357,4.170254806496144,1.1901494580876055,1.3913149485372016,3.8247407743002486,0.06218642356191567,1.2774759545960155,3.918285496955506,0.5297643605669907,1.4309313427757466,3.9796627298560163,1.0019185594010134,1.2451886779093224,3.8989345211917232,1.4199867606185854,1.2071942931942656,3.9031741913933735,0.05622054607767363,1.4529920764060873,4.088319427246128,1.1568114143410795,1.366210398004046,4.086523500928166,1.125805100608616,1.39588918670354,4.059663962673875,1.4066768513663372,1.1890261687714498
2.0184,4.008371332729709,1.4046508758223049,1.0728931622818638,3.973214868440115,0.08810801249647095,1.4307847896114108,4.208041331480095,0.9467306304841876,1.27748067433189,4.316351902339925,1.1198998608030821,1.211724788888218,4.143075166857798,1.3298915712802966,1.4310190701724315,3.9111091654254,0.04882743861255292,1.415486740594403,4.112307953929176,0.49742641648787506,1.3623342421489362,4.057264377961519,0.9780620400920237,1.1743674328298461,4.183006101044093,1.4144611788115173,1.078959707743823,4.038631107901188,0.06250011488420408,1.5552175806201616,4.180533686753246,1.2662437732854641,1.3763393294675346,4.2038874977756695,1.2473798073726952,1.405362505211076,3.8262519816821,0.1048717441080199,1.3429189001046884,4.0423144375596936,0.9901621325899577,1.4203890026007664,3.841942300872956,1.090178497394728,1.3009954977336886,4.170200742514311,1.19079318230499,1.3915635913429052,3.823254151159486,0.0630074410911594,1.2774182990558078,3.9177837761193697,0.5302464125714472,1.4314637019931067,3.9797640489882133,1.0020979937196122,1.24562263002347,3.898709989239566,1.419890493279309,1.2077547074795878,3.9009412913509385,0.05591536423010998,1.4530699687799942,4.088333419512731,1.1572197415090302,1.3667569028904496,4.08667252390957,1.1262713230262755,1.3965085553380943,4.059865227336205,1.4069479696232752,1.1894592543103388
2.02839,4.008178355731586,1.404529776340717,1.0737477696916773,3.9735778148823617,0.08796978640216893,1.430614000736021,4.208315980449238,0.9468201460374336,1.277293431593199,4.31625345212419,1.120457463275499,1.212594942030547,4.142225192239594,1.3306782416619949,1.4307834848739716,3.911147014644901,0.04882934743134742,1.4155480298155032,4.113375001304361,0.4976683705382337,1.3633060034509659,4.0573838254386,0.9786151836151004,1.1748131973140734,4.1832541694448,1.414738180649781,1.0791804850564426,4.038695220459927,0.06250949564836869,1.5552071414958935,4.1799244606312005,1.2670271442300072,1.376497955738523,4.203312952249156,1.2484155561014918,1.4056313436952035,3.824226842897206,0.10580366417804715,1.3432007915100226,4.043347141605337,0.9904990509809016,1.420777724632736,3.8421380670857475,1.0900105852760253,1.3015729570868473,4.170182774421284,1.1913675723042252,1.3922478582178461,3.821469494636036,0.06408398234648803,1.2775335935615517,3.9173296755173617,0.5310548732343164,1.432011498413209,3.9802933598643913,1.0027845677937703,1.2463341849896612,3.898674568241804,1.4197605959694182,1.2082747874720658,3.8990037635380337,0.05656279493673519,1.45334133863738,4.0883031055698895,1.1576773138489382,1.3676359193145564,4.086632247810033,1.1268463490988259,1.3975076369401191,4.060097429178055,1.4073379589241006,1.1900354963805235
2.03839,4.008179295262167,1.4044732542987428,1.0745502449361777,3.9739611115447,0.087987306514802,1.431039285505558,4.209161062112619,0.9464256544807129,1.2781104789064108,4.316298205324505,1.120966286504749,1.213339192836122,4.140536734396543,1.3304352413060527,1.429923213077731,3.911325596608138,0.04891620182023124,1.4155591677773072,4.115189917192033,0.4978971137584036,1.3649777799172549,4.058428756016553,0.9798503763616302,1.1759571234249522,4.183979438791522,1.4150513866974204,1.07945147384069,4.038682195042189,0.06251007471635288,1.5552382293466442,4.179617153415989,1.2672991368683113,1.3768434286655782,4.20313900826902,1.2491571923898597,1.4061678477778423,3.822176759139496,0.10742402476921427,1.3433860227912355,4.044859332003509,0.9904158026466074,1.4217676178650833,3.8422802344766738,1.0897063041956747,1.3022837504936209,4.170714247459891,1.1917595540862882,1.391901143646002,3.819783084593445,0.06547770472077302,1.2778394146667493,3.917122251984407,0.5322809901228113,1.4321770855348028,3.981563005604224,1.0042022779900128,1.2475825954872926,3.899000126503329,1.4193916653480105,1.2090528128909324,3.8973009237989045,0.058726868314354655,1.4541833439633083,4.088320303175734,1.1582653443834003,1.3679133834462562,4.086498749011109,1.127746255106524,1.39806152192283,4.0598469933278105,1.4075984162219668,1.1908959927386256
2.04838,4.008055390514681,1.4041930665820943,1.0751088262322197,3.9741428929624862,0.0880592979392131,1.4312221704473373,4.209942031768262,0.9459478405620104,1.279022775107697,4.316749489379736,1.1217180289683595,1.2139650840316842,4.13899687375523,1.3298357215737437,1.429717622015577,3.9114656838146105,0.049057794783730915,1.415525046567603,4.116781441890238,0.49786363603312217,1.3664932954584332,4.0594395946551245,0.9802092152186473,1.1768569543353908,4.183991783118761,1.4151711351519813,1.079574884044302,4.038708914634843,0.06252840622121551,1.5552395960849879,4.179230351731439,1.2672269179589288,1.3773622810200727,4.202973906460284,1.2494702673287428,1.4067485038386325,3.8208326952914877,0.10840385870424687,1.3435972415307513,4.046027861034686,0.9905449765843113,1.4226909851716878,3.8422232089820243,1.0895607921125343,1.3031040976459174,4.17092346304102,1.1924578558068926,1.3913759541682396,3.8185910360288364,0.0664497490779824,1.2780228881512912,3.9168638537170555,0.5330480167659063,1.4324148899946243,3.982710567974951,1.0049088058646278,1.2484698539522556,3.899205533692584,1.4190735074100749,1.209673000902116,3.896161235462084,0.0599022434125463,1.454709266891057,4.088229716492455,1.1590321338861216,1.3679344274020624,4.086386351486242,1.128751521126342,1.3983069687415468,4.059596877820588,1.4075516597266666,1.191519556788265
2.05837,4.0076775134570894,1.4036463888568076,1.0752823961146014,3.9740389153899076,0.0881168530732523,1.4308579449586218,4.210301722842987,0.9456237842021685,1.279447680955567,4.317559274925956,1.1227462642272388,1.2144467945140403,4.138135873330332,1.3294063018536393,1.4306495775328751,3.911491842634304,0.04920290331185795,1.4154372262148043,4.117576535647677,0.49748559364847356,1.36730294771756,4.059853409639622,0.979091834980829,1.177042321343409,4.182872440049826,1.4150818006617905,1.079522952055027,4.038763255662487,0.06248842776360548,1.555203608428413,4.178515814376465,1.2669981117420743,1.3779156483211614,4.202497807475387,1.249367967974968,1.4071703302833682,3.8204999518447433,0.10818141926292825,1.3439245668327975,4.046489684566357,0.9911349651433425,1.423162795290662,3.8419377155881262,1.089663776577328,1.3039510618854697,4.17033558022958,1.1935573855000416,1.3914120226286109,3.8179947849929863,0.06669937079431877,1.2779811730707271,3.9164412505069803,0.5329836635019601,1.4329527511992102,3.983237086016246,1.0043053794907708,1.2485843245379733,3.8990258001707954,1.4188932520106934,1.209866677573365,3.895714597265725,0.05897331500029432,1.454491070548435,4.0879346238075716,1.159824802366912,1.3681016053136175,4.086297658814367,1.1295732287252767,1.3985335232772094,4.059606261166974,1.4071773962110885,1.191605922572187
2.06836,4.0072885857023435,1.403259421935909,1.0750681784878142,3.9738444216498534,0.08824180502348321,1.4308940716196104,4.210638478756688,0.9451455102024756,1.2798612701945766,4.318256414805096,1.1237074209341424,1.2146984756354209,4.137153265688741,1.3288463217382682,1.431502021946433,3.911591069616133,0.04933049839595983,1.4152537249841195,4.118186082610319,0.4969927252744312,1.3678148277151359,4.060229907027359,0.9779898154942052,1.177242500358974,4.181792211576078,1.4151768975550685,1.079589443278655,4.038594381483546,0.062174347153739117,1.555252774771633,4.177641315219797,1.2666006469416673,1.3783343634750167,4.201780134698083,1.249035717397992,1.4075025566574952,3.820651672873477,0.10793597724792325,1.3442997229070446,4.046942086545997,0.9914868970522558,1.4235910284951931,3.8415717483118033,1.089660847371547,1.3047745466987675,4.169602584850589,1.194353950007083,1.3916988846653793,3.8176676054428573,0.066872478259617,1.2780475699733445,3.9161849357937553,0.5328396332065789,1.4333518949225617,3.9836317360127627,1.003686939172011,1.2486774907532858,3.8987781028551898,1.4184642122868345,1.2098667239846617,3.895653263879927,0.05807650668171415,1.454273590620295,4.087526572745992,1.1602265931104707,1.3684144448637208,4.0860655455252965,1.1300094839360708,1.39889256994349,4.059431283687034,1.4066689446586262,1.1914494666787678
2.07835,4.0070367319363465,1.4030905730465226,1.0746671852988325,3.97367280291095,0.08835908269760319,1.4313599519541151,4.210918526112652,0.9446228509780833,1.2803032816418711,4.318480750734777,1.124218234284862,1.2148489151308404,4.1361921229580885,1.3284500521764553,1.431839173064344,3.911758733022265,0.049399332591416795,1.4150408945242774,4.118762079457241,0.49654278570543403,1.3681600336495356,4.0605523400190515,0.9773538026844818,1.177582159023023,4.181234499398774,1.4153687013663534,1.079737199707555,4.038238067498159,0.06165393637409022,1.5553885535413663,4.176861947023666,1.2662708008342918,1.3785766102343615,4.201044026183733,1.2487605785275524,1.4077602787801688,3.8209634535112054,0.10792977980108079,1.3447053460666047,4.047433985717049,0.9915686669566682,1.4240392873448102,3.8413324927286787,1.0894911608976772,1.305431926056715,4.1688791072354325,1.1948551319050242,1.3925415601150546,3.8174929800898507,0.06706865485815854,1.2783069366049666,3.9159016273523135,0.5328885861321927,1.4335186128493793,3.9839236330615058,1.0034310349735749,1.2489219114145993,3.8986240118178523,1.4178542051734027,1.2098096858180802,3.8958608640434385,0.057859892721843435,1.454309824141507,4.087077256770726,1.1603286783948148,1.36913073175778,4.085648776661016,1.1302078134375184,1.3996894225611625,4.059138874512674,1.4062027540446713,1.1912475820543036
2.08835,4.006967554622684,1.402977721436818,1.074353074355894,3.9735565602817577,0.08833518144888308,1.4317416196584687,4.210878584678341,0.9443875975406937,1.2805776756673037,4.31809669207968,1.1240231729516135,1.2150604623453876,4.135924238357652,1.3286298495313984,1.4319432956732825,3.9118823178563384,0.04938488373842077,1.4148998482712665,4.119107162718229,0.4962217509491996,1.368291051544665,4.060493373321855,0.9769064580257958,1.1778223945365676,4.181117833861609,1.4153485599547486,1.079771893957095,4.037867570317823,0.061117584972086504,1.5555486077683507,4.176410526972224,1.2662179358653443,1.3787319736660786,4.20055957065341,1.2486965638677785,1.4079450640967455,3.821299493648287,0.10782746622169474,1.3451302643035659,4.047610718699805,0.9917477378060204,1.4243745508810897,3.8413892340129507,1.0892689315656685,1.3057515723637432,4.167997386183835,1.1954538021697794,1.3944174480625775,3.8174866575909947,0.06706874776646568,1.27863431656599,3.915180976331349,0.5330360090931995,1.43360691336721,3.983872740742716,1.003272579156001,1.2491178902473963,3.898580354613014,1.4173710367161931,1.209754586906576,3.896313348358045,0.05788904220258689,1.4544490188383064,4.086631699862148,1.1604733338539768,1.3705060857574214,4.08512021502654,1.1304377713835303,1.4011338831487847,4.0590706073633545,1.4059006896267414,1.191092997314262
2.09834,4.007049838564858,1.402957280837192,1.0741823492057263,3.973485470442219,0.0882550731148998,1.4320700305917011,4.210659884655047,0.9444240725193097,1.2809468986780324,4.317493284310547,1.1234114257076009,1.2150423843630973,4.136320490254296,1.32848443213884,1.4325184144393606,3.9119864362148924,0.049391225392683966,1.4147758979899643,4.119112141397327,0.4960901148668483,1.3684028309410785,4.060274162326302,0.976693209925068,1.178147520090098,4.1812772620671135,1.4152974652533223,1.0798242823792465,4.037394051378939,0.060464184571233454,1.555764416401211,4.176291101753142,1.2658285551535455,1.3790731291196328,4.200464741749463,1.2482245532161163,1.4082108207687516,3.821552565878801,0.10773116603709046,1.3454131645810048,4.047464686565886,0.9920029686978666,1.4247718112344094,3.8416377304117337,1.0889302622131234,1.3057015910776755,4.167083371610786,1.196009369415205,1.3965898544386597,3.817538238456723,0.06704456468393497,1.2788190874098873,3.914246216038848,0.5332399655392341,1.4336963010601649,3.9836123042833758,1.0032373498355833,1.2493761727446275,3.898627609182375,1.4169697071822425,1.2098203636178222,3.8967433016605444,0.058078016300854775,1.4544923415177045,4.086226769470023,1.1605983803005098,1.371987968235451,4.084642933810691,1.1305474991948063,1.4025904655092347,4.05914873610091,1.4057583191236698,1.1910533326990809
2.10833,4.007202371161478,1.402974645942892,1.0741925361311562,3.9735026246265406,0.08813854062652837,1.4324813024505128,4.210410385412711,0.9445644763370917,1.281652985852574,4.317160159935282,1.122788955225917,1.214684377097678,4.136834503118359,1.3272355405238208,1.4337635024869082,3.912166452063173,0.0494259405953678,1.414662436395686,4.11886026745344,0.4961148601444439,1.3687732878688592,4.060126217924096,0.9767536052175133,1.1787551549029407,4.181539786469671,1.4154048958187286,1.0800807436792845,4.036795237712078,0.05956979116169159,1.556019234675786,4.176310434013369,1.2646326061881752,1.379690208699183,4.2006022184714995,1.2469038537858843,1.408643577475173,3.8217313016672834,0.1077239439431819,1.34550797155637,4.047073760148649,0.992186678049907,1.4253896965109112,3.841965752574332,1.0883899688481873,1.3054237662625603,4.166275518873591,1.1964156013265754,1.3983792900187682,3.817588043778566,0.06711519358880014,1.2788076916621816,3.913338506886189,0.5334361484184122,1.433838277369691,3.98331390855295,1.003361798572286,1.2498303106780313,3.898680180513458,1.4165035037409068,1.2100450466018382,3.8969901965008917,0.058327715340342604,1.4543954442736948,4.085890935238285,1.160623855956832,1.3731263562289207,4.084312343476768,1.1304687529177453,1.4036164024157443,4.0592265921667945,1.4057168559140167,1.191213662902324
2.11832,4.007301561486165,1.4027734959904574,1.0744520074923685,3.9737322466131584,0.08782675663287887,1.4330413257315169,4.210121860318522,0.9445674888679099,1.2826747805222523,4.317492500611616,1.1225062608535572,1.2143249583904838,4.136459189423346,1.3248719673470313,1.4349413772280284,3.9125388495767033,0.04931362170068684,1.414698506777009,4.118672944520046,0.4961373662867749,1.3696486459410133,4.060056160154188,0.976991567187418,1.1796608868183598,4.181759796605648,1.415670644633882,1.0806497666682129,4.036248291340352,0.058402841114512334,1.5561895465289661,4.176073581409522,1.2627375286863385,1.3803177565197662,4.200434802075107,1.244909216513154,1.4091532213486888,3.8219952050596735,0.10768640332215097,1.3455972186028917,4.046510990714741,0.9921273472879609,1.4262117439132473,3.8423642269751346,1.087613730115897,1.305271743744012,4.165616429475676,1.1968437928503641,1.3997160205975478,3.817698794783967,0.0671637914801507,1.2788106707410514,3.912474851790453,0.533511862386157,1.434062566672848,3.98304454986229,1.003582459981258,1.2505023287670252,3.8985815945861466,1.4158259632219596,1.2103136341779999,3.897153621294586,0.05838973320471553,1.4543569346637344,4.085645589666597,1.1606224397552818,1.3739798321149226,4.084087992645673,1.1304397297977278,1.4044238199396732,4.0592190108560295,1.4056903455515364,1.1916657501693524
2.12831,4.0072911471819745,1.4023844745030178,1.0746615086952682,3.974046172663365,0.08732628996806191,1.4337160040005361,4.2097767501195,0.9444606196832036,1.283495237567466,4.318348388573894,1.122665055912417,1.2140692131102309,4.134986061773699,1.3218575037354976,1.4356663203730562,3.912816691890458,0.049140867159466216,1.4150831505477777,4.118568389717557,0.4961197588931055,1.3705229501913176,4.059874110782754,0.9773933447341144,1.1805561100664075,4.181902669374586,1.4160640414517018,1.0812487969338187,4.03573788495594,0.05699792609831712,1.556262920251237,4.175354454229814,1.2604483825751023,1.3807804379202073,4.199779470629235,1.2426565168974888,1.4095822328404564,3.822266636148947,0.10761035047299605,1.345723094733993,4.04591789124657,0.9918535180704618,1.426975904370815,3.842884693743426,1.0866812856140577,1.3055605591204242,4.165148361447844,1.1975576718373944,1.4009808336803897,3.817810638025799,0.06717921338017056,1.2788553493762158,3.911695264863264,0.5334996477209826,1.4342900129472576,3.9827304069854286,1.0038949232360799,1.251203841843076,3.898411140430579,1.41494121858821,1.2105025760086625,3.8972691710057505,0.058271302688451564,1.4543709504431284,4.085510884041991,1.1608536543715873,1.3749387508588218,4.083968285402005,1.130742498220972,1.4054330855547978,4.059009026949067,1.405659787851923,1.1921187040408892
2.13831,4.007217836157931,1.4020110523887477,1.0744883086241617,3.974143287980903,0.08685284162246835,1.4343378614480802,4.209393608025618,0.9443993081103155,1.2835672761321077,4.319276112982031,1.1231389567355676,1.2138530082698642,4.132847764991535,1.3188250659028284,1.4359788735198022,3.912578915929232,0.04913475070042428,1.4158704773384656,4.1183599958952115,0.49612483305904104,1.3705926824368155,4.059422490069594,0.9780059083959985,1.1810569230452514,4.1820067184606255,1.4165368273108565,1.0815417861696082,4.035191515989658,0.05572976604300485,1.5562842664938246,4.1741749554334575,1.258141279818475,1.3810374029976524,4.19876522413767,1.240567092192737,1.4098097404692327,3.822384244867777,0.10756499981240332,1.3458185067402297,4.04546695364872,0.9915089754711642,1.4273869522801885,3.8435886441576974,1.0857309362112835,1.3064180933632685,4.164845521300277,1.1987605888399568,1.4027585665443894,3.817825446066582,0.06721534220076374,1.2788595419314932,3.911060409024109,0.5335094948813228,1.4344048447618654,3.9823004076900106,1.0043488268738934,1.2516950801119389,3.8983247442154094,1.4139596170031807,1.2105574829959111,3.897320520140914,0.05814383340817608,1.454332649638526,4.085485601515691,1.1615556873051534,1.376446863098261,4.083951228672288,1.1315426244724682,1.407032266319686,4.058544143675201,1.4056576012201076,1.1922272063503847
2.1483,4.00735595107717,1.4017338325361575,1.0744794701385492,3.973727272958102,0.08698230185468112,1.4344475231227976,4.209129766619461,0.9443109979332626,1.2835177408151353,4.3199938121608,1.1235273603855376,1.2136656321282229,4.130829121154963,1.3160045376949194,1.4364799204874128,3.9119680172602687,0.04933526358612546,1.4163877499423885,4.117909604413201,0.4962676260797398,1.3698929194551468,4.059163717801321,0.9788621310371495,1.181314227373085,4.18211268018494,1.4170024995542252,1.0820236820112161,4.0348802248973,0.05620694737176128,1.556203646585074,4.173074539539135,1.256095165320086,1.3812672167498232,4.1977500098845555,1.2385845372877675,1.4100073510977975,3.822528564879349,0.10758355521116782,1.3458074808234077,4.045270485326843,0.9911593549572812,1.427643491435308,3.8444316935488825,1.0848471831548474,1.3073515056819205,4.164383396280041,1.200210419122194,1.4053666928657138,3.8178538441223204,0.06724588619746952,1.278857389866044,3.9106018018966604,0.5335597423127236,1.4344327985922238,3.982058272473664,1.0050257443188277,1.2520732605660947,3.8981312675377873,1.4130228094013633,1.210694769264132,3.897317175925225,0.058117113914909105,1.4543497981988274,4.085482092669595,1.162397549189903,1.3783673199201962,4.083893704540637,1.1324737611295717,1.4090498027818412,4.058142523838333,1.4057377463124274,1.192472904133742
2.15829,4.007787637175679,1.4015822088117849,1.0749793433707382,3.972850287142029,0.08772954969710786,1.4339436885297454,4.209089581646909,0.9441723240342744,1.2837324555482157,4.320356667058278,1.123532747738561,1.2134495429542251,4.129437710792494,1.3133635074370869,1.4374910699209682,3.911092748437125,0.04968117395469644,1.4165054867175366,4.117116618693836,0.49662036189286485,1.3687587760502655,4.059354880883425,0.9799750100049356,1.1815336852449791,4.182287932573856,1.4174091600045562,1.0829534994195942,4.034915773408593,0.058687977148509055,1.5559636422539298,4.172403131433055,1.2542902703862928,1.3816324362515402,4.197013237368799,1.2365450188140648,1.4103227715068547,3.822802046588988,0.1076545736649677,1.3456935948086057,4.045341400566096,0.9908201875688399,1.4279350751877324,3.8453775836745736,1.0840383967648322,1.3080146247396296,4.163660348978059,1.2016892820468172,1.4087246146917272,3.8179810103672516,0.06723562454475392,1.2788886994417412,3.9103244541621325,0.533658372723803,1.434336027955229,3.982186924275304,1.005952327361571,1.2524693291968794,3.8977623987957823,1.412242921740783,1.2110603014309016,3.897326512815435,0.05822793208318485,1.4544809666525955,4.085438161840336,1.163183889256757,1.380525622458977,4.083709275673855,1.1333260849338551,1.4112904344120696,4.057976114008604,1.4059588856971794,1.1931595163325364
2.16828,4.008214517094152,1.4015565456402304,1.0756622400073714,3.9720786781843334,0.08812764105434011,1.4333925664080818,4.209227808863898,0.944121861669192,1.2837624914384733,4.320367938559812,1.1231459504668155,1.2130683588220732,4.128610850261716,1.3106605589250915,1.4386883999589073,3.9098022636079466,0.050028289418399645,1.4171781747037224,4.115933625804997,0.49715519886652076,1.3676302369250783,4.059680521737521,0.9813117752874247,1.1817753296204419,4.18262789613525,1.4177729493272087,1.0838960252419494,4.035011459514188,0.0609091528710692,1.5555636541991444,4.172012537111725,1.2523218308888489,1.3821825724128025,4.196619637337407,1.2343431460361987,1.410750998960085,3.8230406966300503,0.10771624067131204,1.3455993105894548,4.045557324823386,0.9904680311796336,1.4282284912304877,3.846435975874595,1.083230115944845,1.3085454089094903,4.163023655837311,1.2032114066177018,1.412239621766875,3.8181546998096794,0.06717362329905796,1.2789489936765728,3.910211859229815,0.5338279202678103,1.433934078961218,3.9825197227661233,1.0070434414632592,1.2529152612813637,3.897471199519921,1.4116712772554305,1.2115750376434336,3.8974748247968085,0.05842202281720282,1.4546182202527371,4.085364722105628,1.1641601114160265,1.382905135576958,4.083458374474462,1.1343474197830974,1.4137302566949528,4.057840553355569,1.4063692702912016,1.193981554647879
2.17828,4.008581486011669,1.4016279031821148,1.0764339148887163,3.971508729561277,0.08793542389875267,1.4331114184958753,4.209372437537788,0.9441394156020939,1.2836464361828395,4.320140786501078,1.1225390240001978,1.2126061441790918,4.12827369573272,1.3078913732876134,1.4401501403054366,3.9082951274000295,0.050228351096267734,1.4183819067933483,4.114480174038396,0.4977121007888743,1.3666734814136177,4.059946902245293,0.9826411684896437,1.1820221092079566,4.183064041436265,1.418114366124117,1.0847956582041738,4.034823242107989,0.06227188767301866,1.5553608677065365,4.171873741305102,1.2502110736920178,1.3830244060966228,4.1965903932936754,1.2320734662389836,1.411392036440909,3.823105416997677,0.10776854328561954,1.3455199989951572,4.045732298583325,0.9901437781972537,1.42849636532532,3.8475393600096974,1.0824603239590815,1.3090694025200376,4.1624147356068475,1.204998385850915,1.4156039110169507,3.8182056243874167,0.06711001534592152,1.2789837144772562,3.9102953674771808,0.5339976107133543,1.4332805755070752,3.9828428180952202,1.0081145934477647,1.2533364975522177,3.8972597724407567,1.4112552555380937,1.2121635621430515,3.897617875216937,0.05861701828389583,1.4546658722694323,4.085228999581716,1.1654764734810756,1.3853228187740312,4.083170768975013,1.135696025675306,1.416194036888294,4.057626008777342,1.4069011997587197,1.1948826756506286
2.18827,4.008997063114821,1.4017353131804413,1.0773258909474173,3.970968110013286,0.08742739899863519,1.4331569515886795,4.209346161393238,0.9441181865875026,1.283738450502281,4.319863057814862,1.1219532651875768,1.2122464331403906,4.128303513875958,1.3051540506526809,1.4421036454500327,3.906977880774862,0.05016616293208773,1.4194764128620279,4.113004481239979,0.498084822504378,1.3658425247179797,4.060115506733472,0.9836707195306675,1.1822381080229933,4.1834549817448305,1.418449453924369,1.0858314253388173,4.034108097956483,0.06334809411366536,1.5557974454487093,4.1720002776725265,1.2481956929220963,1.3842124660586146,4.196863452617605,1.2298847144540048,1.4123313424217574,3.822971652505645,0.10783551003723404,1.3453919039102156,4.04569639879487,0.9899075750287719,1.4287402880499804,3.8485976046256063,1.0817975955502868,1.3096392505415513,4.161582803199092,1.2072707528335425,1.4187035099136227,3.8180123878000654,0.06709998842122486,1.2789427204891464,3.9105879553805134,0.5340611959593538,1.4326023258033842,3.98299555140092,1.0089612704636781,1.2536313998919042,3.8969875300037553,1.4108670376221144,1.2127405117476604,3.897543896117785,0.058738931569582216,1.4545914366580406,4.084997057433603,1.167135037247413,1.387504429613657,4.082859390864156,1.1373878190966495,1.4184245944421043,4.057322160968999,1.4074086349550816,1.1959336760337493
2.19826,4.009478565128376,1.4017615173765974,1.0780916108161345,3.9706025741039332,0.0867364785431616,1.4333615153822816,4.2092702281812375,0.9440775622733606,1.284124536389684,4.31975604344153,1.1214696712440944,1.211939184841971,4.128266280803275,1.302204899142147,1.444135486513101,3.9060450953857644,0.049859474017241105,1.4202983402804181,4.111805023152282,0.49823194591420494,1.3649849217382894,4.0603124586577835,0.9844248874085594,1.182493482709986,4.183830836985665,1.4187867548818116,1.0869361487970528,4.033100816441851,0.06429893727811578,1.5566732151306224,4.172122588332996,1.246083704258497,1.3854121587204031,4.197100834324465,1.2275636903601446,1.413274142660838,3.822953261331239,0.10785684051950874,1.345289584540232,4.045494998148041,0.9897032819166645,1.4290153445129066,3.849674911997659,1.0810878099198875,1.3101702838208498,4.160716508967156,1.2097548658724135,1.4213681209594857,3.817944916969007,0.06705414598323313,1.2789235549644034,3.9108885811042593,0.53403389816797,1.432140269600488,3.983089071779687,1.0095676265618811,1.2538684748930402,3.8967004179511684,1.4103362050771524,1.2131251641546894,3.8975343662723922,0.05880847278134333,1.454549103699177,4.084767823056356,1.1689241651273328,1.389349425652497,4.082584135436931,1.1392380409315987,1.4203384944099298,4.056968342752836,1.407753820066881,1.1969007173406974
2.20825,4.009975788088886,1.4016450362853814,1.0786298887188281,3.9704570245901993,0.08591357770355353,1.4335182912133229,4.2092381556699685,0.9440432935047961,1.2847672404551147,4.319897251176684,1.121089651888806,1.2115947560703673,4.1279801685719635,1.2988948722292732,1.445984203450062,3.9054198951686434,0.049399376153539655,1.420855513721017,4.1109510242909275,0.49818610408853375,1.3639785534222457,4.060580831978889,0.9850310914473482,1.1828861715151717,4.18418737920513,1.419123845230491,1.0880497224075147,4.03203204404608,0.06509432498295792,1.5576087544781332,4.1721157024072175,1.2437328922703674,1.3864327277938708,4.197172897211858,1.2249819945174671,1.4140410615268755,3.823154220356925,0.1078238026507681,1.3452446090244723,4.045223756007382,0.9894711493509676,1.4294033566737334,3.8508157029329544,1.080226518544463,1.3105733195114464,4.159935435695421,1.2122090939778387,1.423595859132231,3.818149105968791,0.06694671743744654,1.2789660178780846,3.9110365444200226,0.5339644053439807,1.431991298786217,3.9832048358986416,1.01001260139312,1.2541865254155184,3.89640404142865,1.4096213930002353,1.2132755449561634,3.8976965750654955,0.058856353644588695,1.454608319945527,4.084583020197625,1.1706890736627844,1.3908782902531738,4.082362772362694,1.1410813750843898,1.4219432773145682,4.0565512438255125,1.40792549043531,1.197675086379386
2.21824,4.010377532314714,1.401431941681082,1.0791801059358268,3.9702897044410674,0.08494949139989673,1.4334731429336707,4.209184661220093,0.9439937019050446,1.2855527839987753,4.320138513161171,1.1207645084262408,1.2111701424681232,4.127763958590429,1.2953595382650056,1.4478830873877422,3.904707767863753,0.04892763359033508,1.4212342606929014,4.110142113904976,0.4980229379864239,1.362799326111612,4.060782930140431,0.9856363014644611,1.1835024996297236,4.184400853491287,1.4194459446177483,1.0892304573930693,4.030929370510479,0.06560424970421541,1.5582446516709973,4.172185877293009,1.2412530271532762,1.3874655586035578,4.19737258057773,1.2222893603174638,1.4147903015831924,3.8232279947121697,0.10783752413231212,1.3451674161084035,4.044966577786669,0.9891959968564329,1.4299954235999364,3.851970143852871,1.0792824050522454,1.3108342231287855,4.159065531240475,1.2146706482851173,1.4256802182228943,3.818234095355004,0.06690441548648016,1.278962869948095,3.911044911076802,0.5338973812836045,1.4320178593605208,3.9832765074057677,1.010438790851233,1.2547466911597063,3.8959669957041294,1.4088892639168762,1.2133966344150007,3.8976794569222757,0.05888947393813246,1.4546339699512405,4.084339077105712,1.1724667212952145,1.392243772384328,4.082124693054095,1.1428882764835546,1.4233391505202466,4.055961037247141,1.4080976663417772,1.1984690026817344
2.22824,4.010660746781312,1.4010880348266297,1.0797876518891685,3.9700491212763636,0.08393831354024006,1.4333691230865477,4.209198046984641,0.9438634101062885,1.2864589785948606,4.320592369501405,1.120590073175305,1.2107720429920057,4.127469610470379,1.2916526567064004,1.4497180279582211,3.9039354604185306,0.04843014061473677,1.4215937232490043,4.109393643271902,0.49771741388200147,1.3615262780647162,4.0610467053147445,0.9861905549180889,1.1842795459277558,4.184448751840115,1.4197536417116996,1.0905135195637954,4.029892636985966,0.06596200653167947,1.5586868157116704,4.1722608714176905,1.23867051442687,1.3884873171451806,4.197615906294748,1.2195526471913716,1.4155324171782289,3.823216169645257,0.1078791328430071,1.3450650868955185,4.0447775393376775,0.9888856810027478,1.43073091998723,3.853092173232808,1.0783275608724783,1.3112269706326622,4.158028471710018,1.2173343642865178,1.4277635687567005,3.818223605446449,0.06690975351284933,1.27891664411814,3.911148204748953,0.5337925354760643,1.4321426775328143,3.983414315939877,1.0108330373828738,1.2554602744860586,3.895370991215272,1.4080966602808949,1.2134515237978258,3.8975382624345887,0.058909255744878763,1.4546272450871762,4.083980711907804,1.1743802146288849,1.393649237794858,4.08180636800254,1.14483848489576,1.4247863403456618,4.055204296459383,1.408238314356865,1.1993188716024412
2.23823,4.0108413125395375,1.4005621341295214,1.0803502018474362,3.9698424959410272,0.08299647241624826,1.4334815721522718,4.209403496841957,0.9435881274952336,1.2874908170953139,4.321424230285054,1.1206830987730805,1.2105493317847906,4.126771396511988,1.2878139063276408,1.4512109453237172,3.9034177799532443,0.0477624377823531,1.4220721970980819,4.108838028865658,0.49719401473519237,1.3602443915995008,4.061575344963076,0.9865290290114728,1.1850560336640572,4.184370228418897,1.4200492867590417,1.0918745863488886,4.02903652529842,0.06641666237798712,1.5592988099326819,4.172141817823258,1.235972472655267,1.3893665603408811,4.197629404100149,1.2167691941071717,1.4161997397921295,3.823365762069637,0.10788104013265018,1.3449992312165153,4.044656540609144,0.9885695707152469,1.4314502969389808,3.8541376448297586,1.0774092614881499,1.3120884582208387,4.156834304309502,1.220365574235657,1.4298204984558078,3.8183605573430253,0.06688260148510825,1.278893670974573,3.911623778247854,0.53357710550033,1.4323878764097213,3.9837594770395914,1.0110809962986171,1.256092762120233,3.894676995294897,1.4071015179489519,1.213295152569855,3.8975477852579834,0.058922846466535166,1.4546622326414818,4.083510375176819,1.1765039560882458,1.3952270529979764,4.081386907640928,1.1471079198091374,1.4265117106395584,4.054347957582393,1.408201528755826,1.2001246175403366
2.24822,4.0108374926801265,1.399983520056992,1.0808010924881324,3.9698179128323448,0.08200481254664754,1.4338021461533415,4.209599856115189,0.943219160427367,1.2885029920033446,4.322224226036684,1.120817114300531,1.2104040064544204,4.126060316073085,1.2840648962938088,1.4525532142389133,3.9033727803104905,0.046685829446933835,1.4225405157425488,4.108086003538873,0.4964598313975656,1.3587714797802093,4.062084503831078,0.9865849264377508,1.1856982693498705,4.184144854572543,1.4203012139538604,1.0931612904593897,4.028260323551749,0.06692850481134509,1.5602051885828596,4.171983925520663,1.2332387899353974,1.3902509396062848,4.197538627495071,1.2139049373182675,1.4169200877156571,3.823557541964383,0.10794350672935636,1.3449503974502974,4.044455185548821,0.9883072332684729,1.4320309672165572,3.855056870221582,1.0764879791745914,1.313217869247675,4.155493121733969,1.2234754536406396,1.4316720766893147,3.818481785075189,0.06693189818156091,1.2788748257810278,3.9123406533824228,0.5332824594734042,1.4329603164128857,3.984041604754093,1.0111141335402227,1.256534048225016,3.8939090071621347,1.405987449403994,1.2130858805516485,3.8976190416553664,0.058970753304220115,1.4546757508491641,4.082989321940306,1.178546436050994,1.396728118963029,4.080973759508249,1.1493282731143075,1.4281955427925037,4.053341336880862,1.408004863455425,1.2008164334304374
2.25821,4.010727068452437,1.3994855538137998,1.0811679571356065,3.9699202536644003,0.08096533003622673,1.434321726246081,4.20962371350216,0.9428403405522703,1.289408743620218,4.322638057555342,1.1207475759488974,1.210262299753236,4.1257259894279334,1.280701632493098,1.4539275748697313,3.903666785007202,0.04527058502736765,1.4230679993285305,4.106868574870729,0.4956157439250211,1.357086955525233,4.062326589782813,0.9864288395774589,1.1862255956503245,4.183881310534032,1.420496969282337,1.0943273786436638,4.027607545600857,0.06739222534355419,1.5613236813592952,4.171957389760015,1.230640528282214,1.3912509890490117,4.1975146002417425,1.2110728310044792,1.417770996990487,3.823678048387234,0.10810415387763617,1.3449061208669322,4.044114308123403,0.9881382610477917,1.4325034428623242,3.855880200895062,1.0755383859474927,1.3142311778470148,4.153915379144701,1.2263988532067314,1.4334839100924868,3.8184748429321536,0.06709932243721707,1.2788474524559579,3.9131411688705935,0.5329569743284889,1.4338556924803527,3.9840626684767013,1.010983316051216,1.2568623817868294,3.8931458639076912,1.4048916593049188,1.212947899093938,3.89765198420649,0.059050089495226325,1.454634033400873,4.082393437638438,1.1802992130675107,1.398128937750645,4.080523833277198,1.1512134943623524,1.429738925544795,4.0522578171847465,1.407746513145939,1.2014213584783395
2.2682,4.01086413939951,1.3991182843947354,1.081592831568168,3.969768737723886,0.08016109009821691,1.4351328160679544,4.209520315315437,0.9425376420722271,1.2902922639914203,4.322676187373904,1.1203674475689744,1.2101859583796593,4.125814385784129,1.2780108392228051,1.455283374203253,3.90367220126285,0.04409638462773456,1.4241131970721628,4.105352371116635,0.4948694914046359,1.3555451141526043,4.062334317446783,0.9862977122878464,1.1868869888282874,4.183897965683021,1.4206680945882433,1.0955424025507616,4.0274042853428895,0.06773864072192011,1.5623551630556538,4.172089749042929,1.228421221429398,1.3922829512645536,4.197611110062931,1.208595975106386,1.4186533916500499,3.8237806758263666,0.1082334640699701,1.344896470565839,4.043775845798284,0.9880555218455085,1.4331228621143355,3.856754754346903,1.0745968380055815,1.3147202207363333,4.151875896239452,1.2291181783691218,1.4359684057117805,3.818478568152614,0.06724259602842624,1.2788434492726666,3.9140052699978902,0.5326276766391179,1.4346698639815385,3.9839219169786273,1.0108973553491964,1.2573938863638292,3.8925564111352835,1.4039281890274924,1.2128075383353372,3.8976841514147456,0.059078710691886624,1.4546063796840916,4.081550196431093,1.1818532778970108,1.3998874852676964,4.079721727419604,1.1528553067292908,1.431591289819374,4.051397370523149,1.407569692078181,1.2020885705191997
2.2782,4.01124984625715,1.398797762357002,1.0819052284745485,3.969278422495178,0.07966792856210471,1.4360631506022898,4.209398148865239,0.9423904660514664,1.2913300992648546,4.3226342671731235,1.1198026052101913,1.210105375042951,4.126018512526769,1.2757612329301191,1.456322464193487,3.903250178149018,0.04331440208844445,1.4254781675913886,4.103877803308605,0.49431025835646486,1.3544802767336328,4.062231645650521,0.9862215948393553,1.1878082735061426,4.184160778079968,1.420806956390263,1.0967697654380715,4.027426566396727,0.0680988270318344,1.563175571695989,4.172249424331816,1.22646478751206,1.3930788830105456,4.197661473117083,1.2063524013476112,1.419328002511455,3.823877437115367,0.10830794284755607,1.3448980342558325,4.043480006667109,0.9880488245595271,1.4340094980553169,3.857578129035509,1.0737472451969796,1.3147849405288348,4.149517758079768,1.231671641427691,1.4387340714485093,3.8185088561442235,0.0673277948374245,1.2788500894284565,3.9149569716544415,0.5322782212869633,1.4353067828724184,3.983714999533948,1.0108418513451516,1.2582346954030226,3.8921239799369536,1.403088282632731,1.2124687858813215,3.897705924754947,0.05905042695894762,1.4545964059372347,4.0805017186169055,1.1832967297053048,1.4017523602543474,4.078628382124932,1.1543651680859777,1.4335255943309828,4.050736085823268,1.407424008235028,1.2026602710296643
2.28819,4.011670406476053,1.398399146066908,1.0818234388900676,3.9686005695048334,0.07937498515521578,1.4368119606376262,4.209346898986238,0.9424406133419932,1.2926850989705867,4.322891897423428,1.1192925860553418,1.2099156084312428,4.125906740322187,1.2735093022615123,1.4566983478822153,3.902640863790042,0.04272565536349359,1.426583871337894,4.102758449537481,0.49391730038849413,1.354088035887489,4.062141930760486,0.9860789271604614,1.1889767862776754,4.184427205598022,1.4208790908373037,1.0978647193733466,4.027144037217567,0.06867907510679212,1.5638213529954046,4.172249877456552,1.2244986049511364,1.3933590749852938,4.1974310468180205,1.2040329922074462,1.4195627306708218,3.823957545622912,0.10836988138107104,1.344863235481396,4.043166134687278,0.9880998082094219,1.4351393782724806,3.858124209811045,1.0730827406960628,1.3147877854895131,4.147197375193515,1.2341042288009787,1.4407871822277183,3.818508784564844,0.06738965818848576,1.2788345130698249,3.9160310112195993,0.5318632509217782,1.4359160029778297,3.9834837624658994,1.0106551630156377,1.2593027615729264,3.891729277949183,1.4023054332564333,1.211750698545406,3.8976903014913145,0.059009038177145,1.454568477438278,4.079426594670848,1.1846808084578004,1.4030768196543575,4.077536237696915,1.1558246641979768,1.4349321466543545,4.050068059451673,1.407160111581572,1.2028638605983293
2.29818,4.012114064934785,1.3979885922619055,1.081546483461162,3.9679263940931135,0.07905229032387533,1.4373540926195154,4.209244069279088,0.9425869596644961,1.2942559879364777,4.323444975029805,1.1189029143869051,1.2097801166655564,4.125466064097398,1.2713828743361035,1.4565426179813377,3.902122190712916,0.04202131673130379,1.4272876296427164,4.101772099806817,0.4935685057387277,1.3541127181813364,4.06199130653405,0.9857541997660746,1.1902309448394628,4.184662453290072,1.4208657975814074,1.0989081155220575,4.026415721940136,0.06943433320430635,1.5644546596701205,4.172103209128529,1.2226210864864386,1.393297216386688,4.197013051527981,1.201851069455602,1.4195325519181967,3.824080599073494,0.10838720645010798,1.344810213836895,4.042691112272914,0.9881519969070127,1.4363474446942721,3.8584216796039126,1.0725958453730449,1.3147123759470631,4.145016528235576,1.2364407438403802,1.442014180736985,3.8185397887114245,0.06738983479067659,1.278821183226567,3.9172319172692016,0.5313295730527251,1.4366921597162974,3.9831275126763677,1.0102464185161928,1.26041122326213,3.891375850335512,1.401605297775367,1.2108361989265053,3.8977117072042446,0.05896632290991834,1.4545399941990644,4.078394776400142,1.1860158386197261,1.4037815937221776,4.076524793781522,1.1572598654442856,1.43574521576587,4.049411436023916,1.4067854571200136,1.2028828074363143
2.30817,4.012581042840249,1.3976634470710743,1.0813264290268614,3.967341582070127,0.07859680711330795,1.4377333317246,4.208947105556161,0.9427516392463714,1.2959131519564382,4.324127502883051,1.1185953625559988,1.2097108991503496,4.124899200317785,1.2694514747875323,1.456127669039704,3.9018005507177107,0.04107670772032111,1.4276660811430175,4.100630865750528,0.4932204375216119,1.3542995118993066,4.061677615938507,0.9852824070243715,1.1914589679398284,4.184863371639085,1.4208070456698014,1.0999902585794255,4.025382279963404,0.07026586169059795,1.5651072497750458,4.171929828482593,1.2208809529153035,1.3931142700060524,4.196593460144674,1.1999048655892877,1.419419434785952,3.824233528856942,0.10834754981282746,1.3447672970091724,4.041941278159025,0.9881787452581796,1.4375185772282717,3.858718513118056,1.0721872478489793,1.3144796907942973,4.142950890349879,1.238709582407848,1.4428644709657008,3.8186082678257747,0.06732364863395995,1.278828834394065,3.918410283975417,0.5307052431810678,1.4376878564974236,3.982553893237175,1.009673995205364,1.2614514860880603,3.8910239335716916,1.4010020836825674,1.2099412965112,3.8977922917010863,0.058919584594747,1.4545171608943122,4.077451646245056,1.1873093024859072,1.4041963131403774,4.075618550127982,1.158661026258654,1.4362746367871382,4.048797800825222,1.406388709743371,1.2029486552560609
2.31816,4.01300663198188,1.397480437303937,1.081284015861832,3.966745958126904,0.07816020835507456,1.4379841514424203,4.20838965080552,0.9429578927682051,1.297602992008251,4.324690940747347,1.1182457176864495,1.2093827353504643,4.124557135884904,1.2674437030823016,1.4557451291245043,3.9014916813284963,0.04011095544302618,1.4279480219578284,4.099197498640402,0.49299402814184684,1.3545943758916161,4.0611531922586375,0.9849267123149745,1.1926963177035357,4.184991432914404,1.4208258523595874,1.1011230569628725,4.0244458167191395,0.07109834729295282,1.5655583888062108,4.171925648487739,1.219085814047829,1.3929156413178705,4.196352444785545,1.197882200658354,1.4192481533544927,3.824264863710351,0.1083023925361933,1.3447495545543966,4.040897996505618,0.9882150586787785,1.43868220503952,3.8594727665212725,1.0716622990055278,1.3140776926857658,4.140901245996474,1.2409362298467945,1.4442489458852508,3.818587990069506,0.0672706815023211,1.278843140307762,3.919209074491524,0.5301445991871622,1.4387179859494303,3.981757759592617,1.0091928298463955,1.2624871714944388,3.8905183047985887,1.4004500831598834,1.209167370013533,3.8978296148250386,0.05885833125115238,1.4544685195987717,4.076650816156566,1.1885705226780208,1.4050155626595604,4.074846349853229,1.1599773113328093,1.437155850366175,4.048183710156317,1.406112518634825,1.2031658170147188
2.32816,4.013402294991702,1.397420083446188,1.081469459853233,3.9661071526527967,0.07783638437700532,1.4381101787490433,4.207704437962026,0.9432309370164461,1.2993079283959867,4.325064162162695,1.1178406563036996,1.208888747373567,4.124514176801381,1.2653177438274215,1.4556349575706433,3.9011020574514843,0.03929833969422722,1.428145504768111,4.0976650276527025,0.49291033495686215,1.3549924579017758,4.060547104501677,0.9847430583980389,1.1939476687088761,4.185082773228744,1.4209547797862767,1.102363708859517,4.023647540662802,0.07184148082962379,1.5657752991316476,4.172092460976696,1.2172106857777338,1.392873322959724,4.196303501132857,1.1957285700857667,1.419168356791462,3.82418678718706,0.10827027156874022,1.3447632749728133,4.039688849490417,0.9882396057651833,1.439846055008716,3.8606257769180017,1.0710080082719238,1.313485588023438,4.139091729544797,1.2428180940199172,1.4460493790617244,3.8184986753884114,0.06724988494976755,1.2788757539534432,3.919660017686107,0.5296718453594618,1.4397618482386627,3.980875945092503,1.0088385888948566,1.263528421734752,3.8898688582359355,1.3999424763455683,1.208525828584792,3.8978093414474717,0.0587911988757772,1.45442366475475,4.076076191047637,1.1896075380022109,1.4061586934556345,4.074258322218836,1.1610177331370168,1.4383122387203184,4.0476021255577646,1.405981600947698,1.203577569101318
2.33815,4.013823485063285,1.3974241596004016,1.0818660672644171,3.9654366441666524,0.07766504232950017,1.4381474723616858,4.207136341722682,0.9435816180900579,1.3009737436462727,4.32528867472521,1.1174259681233372,1.2085641627193362,4.124605711989122,1.2632341379112701,1.455901030649575,3.9006053980061495,0.038760980338697286,1.4281958286679246,4.096397055888207,0.4929126349459621,1.3554909775897248,4.06006835801294,0.9846237705260165,1.1951532404129606,4.18521863174196,1.421142969356005,1.1037468382385291,4.022803523983671,0.07241138169933095,1.5658986616163615,4.1722816405279275,1.2153860967771066,1.393126656897765,4.196322424339758,1.193618571950639,1.4193452046823944,3.824114354752512,0.10824825596560314,1.3448004963510027,4.038544533951759,0.9881911579362983,1.4409618104334851,3.861769931693109,1.0703550988647283,1.3127249614453032,4.137858776011809,1.2439800480566146,1.4475325665297516,3.8184433069890518,0.0672429415953024,1.2789407718915327,3.920091565577256,0.5292110572590025,1.4409031803831052,3.9801105394499485,1.0084796723267841,1.2645189792561697,3.8892209363086785,1.3995119646541907,1.2079905572767509,3.897772663766313,0.05872934281014149,1.4544302016184836,4.075774123054366,1.1901994800529032,1.4070851850127777,4.073882605459047,1.1616001273037866,1.4392430088552282,4.047135932539197,1.4059332291325364,1.2041665732334463
2.34814,4.01427518585989,1.3974834691431492,1.082347545069085,3.9646668249067845,0.07769047769087147,1.4383621860442044,4.20682280585225,0.943986677956153,1.3023359163398436,4.3253432758069605,1.1169380373707292,1.2084275308453394,4.124509827315444,1.2614005950187857,1.4562187312475823,3.899904157578939,0.03861032070235456,1.4284087599601045,4.095511595500073,0.4929536752033981,1.3560133748256378,4.0597427435996405,0.9844389277090346,1.1961343995284002,4.1854414289418385,1.4212776167996861,1.1050763275160214,4.021900171986003,0.07281807369934301,1.5661839070803256,4.172304073005202,1.2138068065399688,1.393440977158036,4.196189951775442,1.191784383997318,1.419590102030587,3.82407446960965,0.1082567985638982,1.3448150777571959,4.037702804632902,0.9880238208721606,1.4418687428912629,3.8626270492393657,1.069868100627998,1.3120336552805207,4.136996580619891,1.2447529344315929,1.4485694934697433,3.8184071280205925,0.06727579082413264,1.278976601652877,3.920891953315695,0.5286721940793834,1.4421361583172454,3.9795251380325545,1.0079706156532462,1.265346069503802,3.8887618154205548,1.3992177022857069,1.2075997047088316,3.89770065634529,0.05863421329374059,1.454419154380028,4.075530346509863,1.1906237476576287,1.4077251270896922,4.073579216685243,1.1620076919654811,1.4398714939428523,4.046820938912949,1.405894506510679,1.2048102749352219
2.35813,4.014697676616052,1.3975733628540217,1.0828518324815257,3.9637132665048216,0.07790422966892814,1.4388513192199894,4.206753034457885,0.9444283142750122,1.303314984247012,4.325205581515689,1.116337047209071,1.2084100106429756,4.124108024916309,1.259943146446012,1.4563518746231816,3.8989151922008904,0.03883068304947833,1.4289391786274737,4.094863299933171,0.49302090160804796,1.3565160473304632,4.059509132270146,0.984153393112843,1.1968618636321786,4.185714747165225,1.4213084828086089,1.1062611693241908,4.020955487538821,0.0730995073156562,1.5666817101414985,4.1720964213230225,1.21256687327925,1.3936346126271675,4.195808842694232,1.1903258651915885,1.4197486482905308,3.8240720862668667,0.10830080380228604,1.3447962767131634,4.037205946055917,0.9877433608049336,1.4425431620729519,3.8631570707557654,1.0695535761905366,1.3116115260552248,4.136231333046247,1.2454074810089566,1.4494130636693667,3.81839055260545,0.06735642400762858,1.2789602299934013,3.922150275256417,0.528035778445321,1.4434618523042788,3.979079393683973,1.007277571071147,1.2660101958772652,3.888510165672904,1.3990291518308227,1.2074192772683063,3.897592902911699,0.058497365373858176,1.45436307521446,4.07519977582882,1.1910396947255253,1.4082926854644675,4.073241767886075,1.1623947466915066,1.440406094882042,4.046605635396277,1.4058270245488385,1.2054483875142157
2.36813,4.014957506102639,1.397621203821933,1.08346002820119,3.9625124491984223,0.07820724853824901,1.4393383038686194,4.2067254087643455,0.9449144853172038,1.3042346399549871,4.32490076708219,1.1156862977799844,1.2084513769588443,4.123660653784381,1.2588205396062049,1.4563950266183279,3.8976261028590287,0.03919980805205365,1.429523623357188,4.094001878202323,0.49315256697571447,1.357045967156198,4.059252072883985,0.9838904314678414,1.1976036849452227,4.185893369577285,1.4213146609908784,1.1074793069139495,4.019962673592311,0.07330133624546231,1.5670697396680662,4.171810893784764,1.2115651671098395,1.3937782277216386,4.195320016583984,1.1891051044567387,1.4198802292597035,3.824115677070096,0.10834957298371818,1.3448018830281168,4.036772927568918,0.9874316858656823,1.4432346404972851,3.8636353955549723,1.069155919687331,1.3114853345346138,4.135438463798762,1.245807682715055,1.4506080474989682,3.8184675982406193,0.06744340295978023,1.2789600465553863,3.923452058008686,0.5273981920985497,1.4449280190648277,3.9786279698621487,1.0065487769956576,1.2667198920584346,3.888196758335001,1.3987618157105475,1.2075087371561801,3.897503506487838,0.05837975860884528,1.4543487693027912,4.0748684842433756,1.1912046938101988,1.409205074295372,4.07289845831727,1.1625132472262174,1.4412815773271577,4.046318055485879,1.4057501370257477,1.2061611264994503
2.37812,4.015044938791427,1.3975635887156854,1.0840654580336622,3.961210947215164,0.07851079644398883,1.4397038219934553,4.206654432054927,0.9454517855698451,1.3053215823549813,4.324702648324624,1.115245679683918,1.2086184485740812,4.123048514841945,1.25794422776676,1.4563153434634035,3.8962392674162762,0.039540700309146894,1.4300134060427074,4.092834963156442,0.49336177823161137,1.3576527405371448,4.05897296196262,0.9836760169442011,1.1984945305797179,4.185888464565456,1.4213383877787584,1.1086950278082832,4.018988727782077,0.07348335536790494,1.5672624535761968,4.171449999472117,1.210798885651194,1.3938686971712528,4.194778646431145,1.188181371118206,1.4199921770771569,3.8242040012672485,0.10838845153552917,1.3447878618647349,4.036245982307805,0.9871381767127778,1.4440549342916513,3.864025584451974,1.0686550965237174,1.3115503100579504,4.134781917769083,1.2459292820402925,1.4517550689146705,3.8186354467038717,0.06750801385115024,1.2789465705572793,3.924606290552852,0.5267884546626824,1.4464327771844363,3.9781331313719193,1.005841532878566,1.2675496113288982,3.887731631325608,1.3983541618878577,1.2076459931587575,3.8974332341662388,0.058301466316598646,1.454357826481413,4.074621629617424,1.1911143755404974,1.4101273553823352,4.072638473246627,1.1623849065805198,1.4421828420007403,4.045860775693116,1.4056438649171865,1.2068632461535855
2.38811,4.015043109754293,1.3973817528616292,1.084492588516851,3.960052329429994,0.07878033468890822,1.439993560179022,4.206572894534197,0.9460484495258612,1.3066719174284216,4.324935502807169,1.1153034488643465,1.2089986721618378,4.121932011875922,1.2572249528829191,1.45594898903407,3.8950333562705053,0.039794553862312544,1.4303929611917197,4.09156236601324,0.4936520070273157,1.3584183440332855,4.0587681900348,0.9834754666850951,1.1995397409405286,4.185684459977969,1.421406707195436,1.1097731228135947,4.018127477334536,0.07366166875975698,1.5673868556173707,4.170898441592636,1.2103210598604008,1.3938032683530102,4.194130088570158,1.187701032112532,1.4200056747240348,3.824319398924044,0.10840881878542766,1.3446716837877741,4.035608955882303,0.9868733075375108,1.4449928216863333,3.8641177550426162,1.0682151831369968,1.3116796317682091,4.134554881178252,1.2458785913283619,1.451998144646961,3.8188265744735457,0.06752413566789736,1.2788530351781116,3.9256611988168424,0.5261764998323852,1.4477613531721356,3.977658554457501,1.0051438994527642,1.2684630146952618,3.8871815742881544,1.3978662363243566,1.2075209121146457,3.8973480721395557,0.05824667871551136,1.4543180463016592,4.074525645783109,1.190954417711996,1.410377889717195,4.072563690162203,1.162241176416126,1.442450679981956,4.045226370768177,1.4054819018108227,1.2074071703328249
2.3981,4.015033857039037,1.3972077686991506,1.0848680912943227,3.959093958668308,0.07915207232349766,1.4403704878573402,4.20661834668657,0.9467194073108448,1.3082049217291096,4.3254023457608515,1.1157142188933364,1.2093825703848708,4.120297733963613,1.256695586971333,1.4550496346964576,3.8940131711532167,0.04020928583593453,1.4307401930931698,4.090492162400612,0.49407298588241494,1.3595700509172148,4.058780476449459,0.9833401296671991,1.200658396147308,4.185376911493551,1.4216300815340817,1.1108473273307353,4.017380367985169,0.07361725938924928,1.5676531329842534,4.170057835509519,1.210095727263326,1.3933434004069096,4.193187463350985,1.1875479792037036,1.4196871001518157,3.824402206186872,0.10836822651930474,1.344534423779205,4.035001537631449,0.9866071495403683,1.445986151052199,3.8639828784985255,1.0680133711684239,1.312003821455559,4.13479133666683,1.2458610595510538,1.4514412971063424,3.8189464811573783,0.06742244973708632,1.2787758723930296,3.926844986160237,0.525530258705976,1.4486461780427229,3.9773604862182435,1.0044913560885875,1.2693952050215345,3.8866711864658887,1.3974725070662053,1.2072972952467294,3.8972434526353377,0.05819138496608719,1.454278183609167,4.074642552487564,1.1908886358928008,1.4101057071697591,4.072691299755443,1.1622815186824764,1.442268043800285,4.044543373000824,1.4053495015225568,1.207904373309884
2.40809,4.015082048302959,1.397122703660368,1.0853422121465768,3.9583071581983225,0.0797021957532079,1.4409298698405606,4.206850270314428,0.947416908268398,1.3098098652518813,4.325783482852913,1.1162192088903196,1.2096161494205062,4.118548098769166,1.2565993514631362,1.4537112546799245,3.8931278937422795,0.0409020177794852,1.4311367746131884,4.0897290843186624,0.49462445216839374,1.361128915787537,4.059069619632927,0.9833369119809278,1.2017844202802574,4.18507307962862,1.4220302318846694,1.1119713268390297,4.0167578963699055,0.07327117044433296,1.568149654850045,4.169092634339162,1.2102127496814556,1.392519954784542,4.192062732542282,1.1877308312500954,1.4190419642858856,3.8243951859999163,0.1082752902236299,1.3444493251001846,4.034524379220973,0.9863234342824225,1.4469817973736947,3.8638659487711333,1.0680476378682195,1.3125129450138846,4.135305204301447,1.2460374033305393,1.450645488356439,3.818952198019576,0.06722635726449464,1.2787672694925523,3.9282114690814076,0.5248768043272702,1.4490978601034064,3.9773294337100515,1.0039648463456483,1.2703066826932514,3.8862674721913395,1.3972524063671867,1.2071593970514414,3.897108199622241,0.058124401890975994,1.4542702268629626,4.074936727355772,1.191024095246234,1.4097420374158305,4.072953046191711,1.1625883648164483,1.4420503050859144,4.0439292719158555,1.4053264894913409,1.2084818027794353
2.41809,4.0152098011950645,1.3970525514293393,1.0859550997369214,3.9575987975229387,0.0803298294834513,1.441599559304804,4.2071512456634785,0.9479934475907075,1.3114052181127618,4.3258252910685275,1.1165950151623885,1.209782240465848,4.1175535627925886,1.2574241475225354,1.4525957688702011,3.8923505467835735,0.04163832406961547,1.4316203836398829,4.089005954588098,0.49519962567400905,1.3627166064184133,4.059533367311179,0.983505216569831,1.202908544289413,4.184832495065291,1.4224428641638194,1.1129446283963913,4.016307661855803,0.07287832198392993,1.5687307612030208,4.168554038186597,1.2109834336516752,1.3918492137717502,4.191383214974806,1.1885631462451676,1.418524278244891,3.824272483222182,0.10823214505951646,1.3444003202635115,4.034138370717606,0.9860441277327101,1.447958664189084,3.864122741624332,1.0680357557327693,1.3128727398289723,4.135694238246119,1.2464437029731437,1.4503948464624115,3.8189025628299107,0.06712066298176055,1.2787353351517894,3.9294665287070587,0.5243304236188832,1.4495975501246188,3.977498872931796,1.0036801449518993,1.2712051620357316,3.88591184051991,1.3970821799449396,1.2071007655200119,3.896912811407401,0.05806127921396076,1.45424660419625,4.075219574711771,1.1913812020368968,1.4097441860049522,4.0731867851461185,1.1630711293931222,1.4421585279106965,4.043410419934639,1.4054232315394346,1.2091635073128004
2.42808,4.015232933473661,1.3969350550809336,1.086626350104046,3.9567892065841,0.08096717933801538,1.4422972759419055,4.2074310203237015,0.9484166328469822,1.3128735647691223,4.325671410186033,1.1169342848699595,1.2100250898767713,4.117138636981043,1.2589238385193986,1.4518078613277856,3.8915199393194118,0.04231638071608571,1.4321169555830773,4.088311064339488,0.49567601130950945,1.3641425838720604,4.060039860824959,0.9837051297641435,1.2039134675271008,4.184502411126108,1.4227327439664426,1.1136526379290366,4.015794231856592,0.0725500914862056,1.56935252395871,4.168365740496476,1.2122610855414278,1.3914428271052088,4.191127966874453,1.1899549816279595,1.4182494128194711,3.8241154608540286,0.10822998782737232,1.3443772432437027,4.033771583803976,0.9857507483566436,1.4488085748398092,3.864438136018188,1.0680446877077938,1.3131739963380933,4.135985879147067,1.2470548911767758,1.4502021907555822,3.818896157631444,0.06709120497942705,1.2786797766153983,3.9306727365129626,0.5238381215739762,1.4503314467850086,3.9777427660786433,1.0034980548696293,1.2719842679208933,3.88551002669798,1.3969616123768585,1.207064835039161,3.8967212797797446,0.058038927425677726,1.4542330682889364,4.075426825128485,1.1919368267529533,1.4097761427957891,4.073366760145894,1.163731904878178,1.4422769076995412,4.042886217930898,1.4055373420778434,1.2098624262972786
2.43807,4.014912233574862,1.3967512852464667,1.0872175133535171,3.955689900353448,0.08161176620691339,1.4429796242292998,4.207622075927484,0.9487140998238819,1.3140954196334746,4.325645106359681,1.1174511355193872,1.2104454402357583,4.116565898438336,1.2604166593615018,1.4510810279439088,3.8904249538648443,0.04298248142976025,1.4325219454143108,4.087791199295883,0.49596328608882945,1.3653605523567756,4.060464378497548,0.9837561005592139,1.2046401278179932,4.183864043656363,1.4228232913135916,1.1140897441687898,4.014907209440861,0.07223113935758908,1.5700406975532657,4.168104511559858,1.2135916279519314,1.3911348025719932,4.190884891070394,1.1915063785901512,1.4180893121507672,3.82405049107404,0.10818370687732018,1.3443823307485823,4.0333298742899295,0.9853856078606583,1.4493982261756893,3.864193060615286,1.0683254142386753,1.313709418110725,4.136438314526139,1.2477602259822165,1.4490569869520107,3.8190097016155105,0.066995791660032,1.2786597819146597,3.9320496500309234,0.5232559385149852,1.451242996526235,3.977925624304926,1.0031946177094666,1.2724942789070468,3.8849883687099878,1.3969801243964397,1.2069986514195297,3.8966322503318707,0.058074898199029897,1.4542789102959164,4.075569138041154,1.192611989697981,1.409192006019763,4.073527717825621,1.1645829305218127,1.4418370081053127,4.042221475378211,1.4055307450648151,1.2104449410830822
2.44806,4.014396529015077,1.3965918356245395,1.0876636744539518,3.9543422090921765,0.08237648735621626,1.4437400682472334,4.207610741496866,0.9487763891796491,1.3150247771924923,4.325638055113217,1.117908360524271,1.210827992826049,4.116060276891516,1.2616523547695442,1.4504553882727365,3.8890809263423174,0.04379664086773852,1.4329215503246961,4.08739673135874,0.49611619574372273,1.3662151738881678,4.060743999475054,0.983845074779289,1.205073757088214,4.183064117423387,1.4227406565822822,1.1143636529568528,4.01391294427293,0.0716905976105717,1.5707266916405653,4.167912002024373,1.2146488562779363,1.390963927836525,4.1907191196474125,1.19278668141908,1.4180501285860398,3.824078891660571,0.10804778358448727,1.344427382417897,4.032690849272676,0.9848642498598706,1.4497420492370652,3.8635566932427334,1.0687629727832837,1.3142253625343143,4.136905365954764,1.2482189151893655,1.4476937261618463,3.819132094632499,0.06680089122548662,1.2786672169492797,3.9332575584641742,0.5226019549918804,1.4522556346783986,3.9780024463196373,1.0029845952072678,1.2727443150755178,3.884445947730281,1.3971773627287067,1.2069648408760214,3.8966033177953996,0.05804471910656713,1.4542850576130646,4.075545397811316,1.1931842266652577,1.4084705041515442,4.073510466772822,1.165329007021263,1.441256597040158,4.041510596216784,1.4054374346158691,1.2108727655024736
2.45805,4.013935367306478,1.3965617917995192,1.0879615232336106,3.952847085570784,0.08329239424279161,1.4446748845770387,4.207270263446585,0.9487144619989041,1.3156261710858128,4.325548485637617,1.1181111972661724,1.2110234700190898,4.116077123084769,1.262652739343548,1.4501193864499917,3.8876048746945293,0.04481399643671659,1.433426706800893,4.086993794721663,0.49619211286746406,1.3667030270024465,4.060672096996187,0.9839712917740224,1.2052487562353587,4.182348666341699,1.422610595634443,1.1146985657930129,4.013036471174532,0.07078855417830579,1.5714599214312233,4.168067817312508,1.21539005312275,1.390997918551068,4.190864934778135,1.1936480783735313,1.4181581818388833,3.8241433708895247,0.1077772466085349,1.3444528704333782,4.031787471320824,0.984243793284595,1.4498601584937658,3.862924784971233,1.069194592281892,1.3144814387114911,4.137011173027098,1.248502999146238,1.4469531903594235,3.819247928409818,0.06645436661125793,1.2786700671395268,3.9339965514597637,0.5219376167280251,1.4531011607971331,3.977756271434701,1.002842612887849,1.2727920206858432,3.883947236229905,1.3974698805818593,1.2069474740334298,3.896549965600704,0.05790151611172803,1.4542324572635028,4.075268773423405,1.193602378757769,1.4081649250841908,4.073193641575703,1.1658773813031644,1.4410531570297198,4.040850699259619,1.4053030835891245,1.211175389302621
2.46805,4.013731508976246,1.3967224973050958,1.0881741415980823,3.9513002435241003,0.08420904534926528,1.4458214678481551,4.206491474317731,0.9490455407791489,1.3158592180327646,4.325475485862156,1.1181511460403497,1.2111401745993124,4.116948963491898,1.263661213418415,1.4503410164060109,3.8861791839322612,0.04586348686550004,1.4340856758408405,4.086416036340012,0.49619082817294374,1.3671160445011057,4.059805178566216,0.9836756776880211,1.2052215214256823,4.181931881834204,1.422656813866821,1.1154122644758349,4.012153555708521,0.0696192523684477,1.5725076157057332,4.168776179133069,1.2161645851579437,1.3912573966025938,4.191580993576302,1.1944211184349127,1.4184115470540004,3.824159920023819,0.10732491137259662,1.3442948218884712,4.030660584271616,0.9838125710644897,1.4497308638240034,3.8626655134736954,1.0695452326194788,1.3145293955951636,4.136288607605475,1.2493729673966716,1.4469971985658432,3.819572341911152,0.0658456034989305,1.2786315744077348,3.9343122668678285,0.5213167096671005,1.4532584650941642,3.9766814677180196,1.0021721822361591,1.2727081086415206,3.8834205184036166,1.3976098138572033,1.2067559073937533,3.896391044989974,0.057787569133663834,1.4542958751250894,4.074747946948852,1.194131482078365,1.408408206961198,4.072621833502671,1.166571040737481,1.4414216560654223,4.040240685716382,1.4051159810977658,1.2114424333395433
2.47804,4.013543664742161,1.396906335372669,1.0883240265663348,3.949852557291909,0.08513128490216432,1.4472157094699603,4.20542058318683,0.9498055006947143,1.315855806861206,4.325284678693797,1.1180933956437265,1.2112182757126417,4.118280376788811,1.2644693225853407,1.4510531007032041,3.8850067696143764,0.0468336414800595,1.4347534795210957,4.085718984511912,0.4962062626673604,1.3675212783223942,4.058227203432101,0.9830072604681666,1.2051551170140944,4.18167476788091,1.4227871520677347,1.1161146663638013,4.011104891163628,0.06825651205577209,1.5737313632701253,4.169707187085243,1.2169432747760471,1.3918029154959433,4.192660854901982,1.1952186429549978,1.4188481309379182,3.8242218630966325,0.10687253114435542,1.3440830284442942,4.029371520503501,0.9835592065522124,1.4495989758658634,3.8626702386672784,1.069644126346992,1.3145239224095053,4.135708109416389,1.2499055135139654,1.447652696931757,3.8200199448666154,0.06522692334592727,1.2785606715144402,3.934388951281257,0.5207509101628442,1.453108230372908,3.974938266326034,1.001035798149823,1.2726569549394648,3.8828659623550217,1.39762792359162,1.20639480534594,3.896150838083676,0.05770375745329725,1.4544664304004318,4.074234290927504,1.1944424369468964,1.4092033892464992,4.071966535025913,1.1669921962674106,1.442271042677364,4.039776527682768,1.4049349384136598,1.2116348148770395
2.48803,4.012976311097166,1.3968720624090318,1.0884496676884643,3.948666628715139,0.08610660836445148,1.4487894247446762,4.204375972534108,0.9506212536899262,1.3158904159598106,4.324768245711164,1.1179653364157964,1.211275967195203,4.119347569559272,1.2648009905574924,1.4519425717520795,3.884241358114253,0.047657740560129926,1.4352060359485033,4.0850367524412095,0.49635517445493177,1.367889925859629,4.0564795647986776,0.9823900764999866,1.2052823807376998,4.181259195796028,1.4227499916068633,1.1162108932410097,4.009861950510948,0.06679079557216076,1.5747659687346842,4.1703159524768845,1.217511704550847,1.392641104851057,4.193625497762052,1.1959833182398214,1.4194884698673742,3.8244743104384344,0.10666570144487462,1.344078221034636,4.028066204558911,0.983296528287397,1.4498243632462786,3.8624862004069893,1.0694167005781203,1.3146613635763869,4.136611752744984,1.2485572927014237,1.4485493066873611,3.820347223952784,0.06498060979605717,1.2784951894353007,3.9344555304652142,0.5202376579402103,1.4534547134832776,3.9731915909595945,0.9999947974352713,1.2728543867538,3.8823337495907118,1.3977360601321318,1.2060769606712507,3.8959139802269105,0.05754453886821987,1.4546062807010183,4.074018808035823,1.1939375663959353,1.4103907183029645,4.071425637389495,1.1664066729758757,1.4433134376907086,4.039540363092512,1.404845276140189,1.2117058727477317
2.49802,4.012355577963451,1.3967642173646406,1.0888055451508045,3.947815698595565,0.08679817517637306,1.449970412133218,4.203650710715414,0.9509560703818494,1.316313130049411,4.32420239236859,1.1177992298450505,1.2115286921002215,4.120230158372211,1.2655660387642458,1.452691634040108,3.8838061013407517,0.048182381482517085,1.4354490981325283,4.0841506680118576,0.4965362626944339,1.3685658635405171,4.055400954751814,0.982156823064962,1.2058117403460125,4.180697425656525,1.4226221730597761,1.1164669888795877,4.0090018492773005,0.06555347117459129,1.5755753436102924,4.170765773939942,1.2181435950498267,1.393389827310082,4.194258764319263,1.1967266868607744,1.420133303685572,3.8247181437886555,0.10651235281265053,1.3441561738839112,4.027261927481313,0.9830942522850031,1.450416141496951,3.861650087856093,1.0695405202211965,1.3150846094584938,4.137393510696737,1.2465987025995806,1.4492928396766798,3.8206317252315616,0.06490303826193947,1.2784548951482022,3.9345967900099743,0.5198574427552378,1.4540230644047711,3.9721606215259646,0.9995619152365873,1.2734504543539276,3.881836770620147,1.398006788882663,1.2062668227248017,3.895702198964391,0.0572447118689015,1.4546494917050992,4.073836066484275,1.1928086717094697,1.4113623169332188,4.070974784293006,1.1652227969449112,1.4441876531673767,4.03922643848147,1.4048110246179693,1.211998271657708
2.50801,4.011873149798727,1.3966660322601359,1.0894913465898897,3.9472269383863345,0.0870821383448877,1.450524907120389,4.203334983546377,0.9506351068910405,1.317148940687294,4.323813203732615,1.117664961724912,1.2120699366351455,4.12101091932124,1.2671871058810282,1.4531487931010865,3.8835695555727177,0.04837696876773074,1.4355395396305157,4.083112558124436,0.4966008421870512,1.3696532111774862,4.055263387904069,0.9822807661615637,1.2066870912726964,4.1800047599080825,1.4224771199569337,1.1173285202705558,4.008760448603883,0.06472453271452099,1.5762133438726351,4.171192516132694,1.2190154241465117,1.3938270182247439,4.194537471341632,1.1975063702013595,1.4206453820619878,3.8248613408598087,0.10621631163442025,1.3441591886944662,4.027152286341229,0.982972712885194,1.451201679942681,3.8600582116745197,1.070300422606285,1.3158273818417434,4.137090257195978,1.2450272204857344,1.4495828729753546,3.8210127834706236,0.06471018754005749,1.2784258785831066,3.934791450098974,0.5195936742018155,1.4544535908145817,3.9720237591590517,0.9997467340983947,1.2743641251165387,3.8813316699463187,1.3983831827422313,1.2070854805656466,3.8955362854193867,0.056835732020433224,1.4546126187960378,4.073513560204574,1.1913524540393867,1.4117373020806618,4.070577557686015,1.1638833150351369,1.4446657223599815,4.038640191280276,1.4047546984586226,1.212674431892309
2.51801,4.011163554576716,1.396382155489673,1.0902492673837767,3.9466374346461546,0.08736366096056766,1.4510108951326868,4.203193655139175,0.9501598784317578,1.3178692697529917,4.3235002088761805,1.117673397845775,1.2126897769512266,4.121405122003615,1.2687208815319952,1.4534400574253963,3.8834194738010206,0.048455672701766296,1.4355133719234174,4.082564972732715,0.4964398470233969,1.3706901010353099,4.055272203611051,0.9822052023552695,1.2074398665208268,4.179056482367552,1.422224977403516,1.1180683224859367,4.008532662342368,0.06411568443303377,1.5767243796709176,4.171351933198717,1.2199043918358945,1.3941765413120681,4.194627214179425,1.198409529340548,1.4210904970452685,3.8251466779332763,0.1057945744843461,1.34406444870994,4.027215142270837,0.9827588667319189,1.4518881550433493,3.8582110007194004,1.0709776222036216,1.316750884206055,4.137190356949265,1.2430407830920671,1.4493157443620375,3.8215686455233935,0.06428588304233171,1.2783482652082896,3.934906291392277,0.5192428435988117,1.4547760731940549,3.9720499508602,0.9997752967782044,1.2751729784567774,3.8807045957893003,1.3986691136671348,1.2079715702692866,3.895463142144285,0.05648556127783177,1.4546090975713764,4.073294863369429,1.1896536495585555,1.4117378582850069,4.0702796923901206,1.1623307019419444,1.4447869310529244,4.037962994842812,1.4045961384846835,1.2134130088800397
2.528,4.010250788380034,1.3959391348869508,1.0910066188648242,3.9460298157703146,0.08769745981634663,1.4514936471532365,4.203129277371906,0.9497283111752983,1.3185127213445227,4.323117924483601,1.117647363624026,1.213211665020651,4.121425254902346,1.2699196170163718,1.4535658535175007,3.883256013435434,0.04850808860001551,1.4354635151990895,4.082494265486609,0.4961511499065362,1.3716081983677382,4.055313971030507,0.9819384133583308,1.208012574506527,4.177980455335722,1.4218388118063154,1.11856260310443,4.008270127597174,0.06367383147008923,1.577126594673023,4.171198663392382,1.2206881794131164,1.3944015785838209,4.1945193019579,1.1993144087727823,1.4213826859321061,3.8255654144162117,0.1053564178314088,1.3439015191913322,4.027223313369759,0.9825351241333368,1.4524593582060894,3.8564004360030846,1.0713747239700129,1.3175540833817945,4.137855798715048,1.2405320964759095,1.448742587272262,3.8222381082184045,0.06378752959889232,1.2782045715617854,3.934813756616899,0.5188901368399469,1.4550965881438458,3.9721017166469945,0.9996215315653261,1.275774790599189,3.8799556078012207,1.3988610531908776,1.208755769558656,3.8954810662546198,0.05623872040178419,1.4546300386991027,4.073211037381789,1.1877558869671276,1.4115227169796933,4.070051699125096,1.1605418694181004,1.444645486319854,4.037321417264694,1.404387418953496,1.2141095849930355
2.53799,4.009402965097016,1.3955213791595158,1.0918142855325261,3.945555576342495,0.0879019159621515,1.4517333104023165,4.203132136679716,0.9492858145882673,1.3194271255715586,4.322517826041518,1.1172950504782189,1.2135534267463688,4.121365011151084,1.271169341509645,1.453488167110051,3.8830321011619953,0.04852844340194694,1.4354851118686835,4.082459812312007,0.495942490884673,1.3726114594324648,4.055709078304236,0.9818664910495927,1.2086036836471585,4.177037134874751,1.4213607240577633,1.1190816394010659,4.00826873781482,0.06342152572769516,1.577424299447528,4.170897733797481,1.221437546595502,1.3943500723722486,4.1941758152051385,1.2000995273755715,1.4214045337634402,3.825935536972941,0.10501800893127036,1.343733372303855,4.027178860663485,0.9825034306539409,1.4530441892398442,3.8547296414861534,1.0716798675087502,1.3179181415846761,4.138322878571187,1.237879038891886,1.4483396243044444,3.822870861234774,0.06347262147012486,1.2780272486064077,3.93439646707122,0.5187732111824233,1.4554853199992126,3.9724259106505806,0.9997520259125369,1.276279353413324,3.8791653269983666,1.3990752600048904,1.2095790011149126,3.895573703508198,0.0560340862356466,1.4545944568060492,4.073137799095079,1.1856651847134874,1.4112189354618958,4.069809427422263,1.158522328918967,1.4443952957036381,4.036767481590735,1.4042630392012747,1.2148241088992504
2.54798,4.008552871867258,1.3952158813700613,1.092540867860245,3.9452775464067855,0.08803990746654768,1.451969546175671,4.203036273685396,0.9488621703125751,1.3203034399787403,4.3215882739662215,1.116762854216909,1.213836421738644,4.121684369780627,1.2729566519742919,1.4534890315599744,3.882907981657681,0.04856527583990583,1.4354913249767836,4.082444701847308,0.4958571641538829,1.3736353309185356,4.05616118103545,0.9820621352569814,1.2090702418537262,4.176237349168411,1.420891687775849,1.1193031436378558,4.008289772709235,0.06317623797275376,1.5776298140548233,4.170784849924838,1.2226116911329383,1.3943387454303384,4.19405488091099,1.2013124137376252,1.421448057999809,3.826217351392414,0.1047046247386595,1.343648739023797,4.026919992320569,0.9825119748939396,1.4534662015440583,3.853371377372202,1.0717741631736717,1.317896959267648,4.138782875545838,1.234841754629991,1.448505527354591,3.823337080799768,0.06322073238155454,1.2779226511138004,3.933526115126265,0.5188212849823471,1.4557204353838522,3.972766710450384,1.0001551755471094,1.2765757569010308,3.8783983073437907,1.3992867683140828,1.2104562660991913,3.8958268556268845,0.055790485786649,1.4545279692399393,4.073085414769552,1.1833257176572283,1.4112121065061574,4.069502518541928,1.1561704865999993,1.4443622463850754,4.036334925281246,1.404299593443304,1.2154736895958036
2.55797,4.007659515694664,1.3950097220143627,1.0931219299647137,3.94516254051932,0.08817766153554939,1.4523746184278556,4.202759553331536,0.9484576832162459,1.3209212620259823,4.320440731895178,1.116215491851552,1.2142018518087,4.122510052252513,1.2752613924889136,1.4537410034698774,3.8829602437257362,0.048631886943833844,1.4354454266383099,4.082401153893147,0.4958706754167379,1.3745428295148265,4.056449445504503,0.9824895900727945,1.209337551663122,4.175575123284824,1.4204915114274572,1.1191493104580639,4.008155859139821,0.06284015254021745,1.5777806133955377,4.170983774584154,1.2242570127030343,1.3945887783757505,4.194356079572262,1.2030589738588855,1.4217182477038695,3.8264009884033245,0.10436649383595546,1.343705647758742,4.026369394508758,0.9824244902107667,1.453635941539677,3.8522885574619776,1.0716608789206419,1.317679456297615,4.139473808245743,1.2313299274557803,1.449132612473513,3.8235848104838963,0.062932751357747,1.2779711940384546,3.9322243001615376,0.5189319057557615,1.4557285534319868,3.972939827071019,1.0007296118247602,1.276631360003801,3.8777172261783357,1.3994964042395661,1.2113472707067243,3.8962050279138003,0.05546642033949599,1.4544874011763496,4.073067699829977,1.1807667338429342,1.4115631696277333,4.069140844893473,1.1535149050985785,1.444596212998042,4.036039026935128,1.4044863484312278,1.2160190969504394
2.56797,4.00688336293093,1.3947683958903228,1.0936911590356038,3.9450643099564937,0.0882669325004789,1.4527670079692487,4.202436711797653,0.9479794475153694,1.3215376216637849,4.319539419808477,1.1156443111019931,1.214709166007667,4.123313450468589,1.2771945010268215,1.4540447699649197,3.883022496885187,0.04865762766876543,1.4354777101941514,4.0820440320893345,0.4959268873514358,1.375235029650186,4.056784459378568,0.983082578695675,1.209614951422252,4.17511950656254,1.4201221471053005,1.1192240939081544,4.008056035958735,0.0625588393396504,1.5779460045212625,4.171181279631238,1.2255663972580462,1.394913019550503,4.194605822911675,1.2044125419353888,1.4220588094440354,3.826454281805008,0.10407175255702772,1.3439091735731339,4.025677774801764,0.9823008868188595,1.4537635509124258,3.8510677865631893,1.0716903898799577,1.317491925311746,4.140253017399754,1.2277963777385477,1.4493185716020247,3.8236759086332075,0.06272029456354906,1.2781801342703545,3.9307640744341716,0.5190946380037724,1.4558232256320012,3.973132686967539,1.0014572230815595,1.276656822687595,3.877182769560769,1.3998102845501685,1.2121848473712276,3.8964290414343994,0.05506949347352981,1.454517772796296,4.073047664655926,1.1781831386254527,1.411665007284562,4.068821168674619,1.1508503308717233,1.4446039094745673,4.035864259189737,1.4046951470578204,1.2165624616521578
2.57796,4.006198950845885,1.3943918086785223,1.0942293947946071,3.944947945059281,0.08831707958455234,1.4530447647068352,4.202095723396902,0.9473809431805896,1.3222975480757468,4.3191148802832755,1.115247868206487,1.215192360501785,4.12363004647897,1.2786439733054458,1.4539059215660002,3.8830027929191515,0.04864953995713356,1.43556508133449,4.081536874398196,0.49601420196646717,1.3759911559322464,4.057201407497609,0.98373894574515,1.2100044193824488,4.174641809071389,1.4197841459564733,1.1195271770932864,4.008031665058378,0.06237650389342127,1.5780877686966759,4.171272286867501,1.226513339763407,1.3950250739003356,4.194672808398194,1.205407499973792,1.4222384356875066,3.826326666744953,0.10360331440780725,1.3444392559868237,4.024962233024144,0.9820846653044928,1.4539829771188335,3.8496662130049395,1.071898880949554,1.3174039156677386,4.141292726416257,1.224317136414267,1.4488078806158997,3.823527560066466,0.062476576308024445,1.278666571462567,3.929232955899672,0.5191810229862516,1.4560843187695078,3.973423570839542,1.0022525013869357,1.2767941738469208,3.8767540536077547,1.4001740447273334,1.2129411970284139,3.896476069119083,0.05421289724254334,1.4544931395220697,4.073149066539905,1.1756216371103638,1.4112843663399264,4.068633782287422,1.1483072211141196,1.4442127822501878,4.035696483822372,1.4048626997226736,1.217095641196973
2.58795,4.005435061652006,1.3938784722249618,1.0946518201888111,3.9448476069391805,0.08838166163049516,1.4532212383200902,4.201696144926106,0.9467115112348209,1.3232202723946163,4.319122820985691,1.1153050875341577,1.2154612987106312,4.1233304346191,1.280094874168814,1.4530167275096595,3.8829088910322547,0.048661069247582935,1.43560127111999,4.08125083454329,0.4961441118835163,1.3772236401067774,4.05756032034609,0.9842970089015914,1.2105372140928756,4.173835787713058,1.4195215567218942,1.1196632880002588,4.008013365054856,0.062263785774416276,1.5781227963332527,4.171323540542855,1.2276420739268092,1.3947420409180975,4.194715167106964,1.2067346082547061,1.422104939918717,3.8258891917046625,0.10272877923296861,1.345444174868535,4.02427248903886,0.9817129309826699,1.454346435014048,3.8483243845784294,1.0720408708589817,1.3173645455681269,4.142806415107378,1.2207230233661668,1.447918619151638,3.8230268053843437,0.0619856959343173,1.2795456115569754,3.927576751217523,0.5190793812365199,1.456311498805692,3.973734772821124,1.0029394588693767,1.2771194015475458,3.8763094578929813,1.4004207738838959,1.2136189087123133,3.896277703288112,0.05264640495735674,1.4543717804217986,4.073491780575212,1.173028623810085,1.4105878956678939,4.068602566202542,1.14584322676217,1.4435719242338034,4.035408775225659,1.404966766704082,1.217534971052715
2.59794,4.004465176301545,1.3935264567570746,1.0951366250265542,3.9447051257765104,0.08848262166882769,1.4534406524571848,4.201323466689885,0.9462834200884714,1.3242701597887003,4.319186217611499,1.1157228670257364,1.2159299040312206,4.1233600714202785,1.2818192057300808,1.452774449419123,3.8828713027909028,0.04866911210715432,1.435668192005763,4.080934431554056,0.49627262972935066,1.3786829830161107,4.057645913761345,0.9844195036079346,1.2113684279927737,4.173073822276032,1.4194230243269566,1.1196823570956655,4.0080455926490455,0.062282982002999455,1.5781290888111614,4.171339179610438,1.2291716381951554,1.3945407597223194,4.194835569479749,1.208485557499556,1.4219892318351048,3.824710389756245,0.1021453990051632,1.3463201497253923,4.023557589234726,0.9815514461592556,1.4548851466395694,3.847240768996748,1.0717537075004235,1.317315203036374,4.143996448739847,1.2172566883662368,1.447153206769733,3.822443239346243,0.06134064752635267,1.280525305174732,3.925835592449492,0.5191754724383697,1.4559363846532911,3.9737627723475084,1.0031655057374933,1.2777170189920675,3.875712162724865,1.400435006871062,1.214198085356916,3.894617674132165,0.052084749204247535,1.4550603825508834,4.073624653654352,1.1705089964850182,1.4100903158031102,4.06850722805071,1.1433336776251628,1.44304360438183,4.0351398808464785,1.404911310421325,1.217854707264188
2.60794,4.003336537911386,1.393440909023541,1.0957260765351298,3.944499379042899,0.08862988694804654,1.4537435147415518,4.201048243086017,0.946245820401482,1.3253861002766545,4.3190294576916095,1.1162366028456452,1.2169057854220462,4.124263824772876,1.28394883582206,1.4538907594599484,3.882947294955872,0.04868198242250746,1.4357837746029112,4.080478681449688,0.496377102764075,1.3800825054067694,4.057435430973455,0.9840510240752184,1.2124901852696157,4.172628976331265,1.4194206711373005,1.119666581689933,4.008132208385139,0.06242744357619971,1.5781585095631558,4.171407203454647,1.231119448112291,1.3948039273943416,4.195128467056134,1.210581828049898,1.4222082178844424,3.822820160557215,0.10215588105985975,1.346714543795765,4.022830742438002,0.9817592395876703,1.4555828041276813,3.846420563000631,1.0710489418602591,1.3173013495439743,4.144496810042587,1.2140729858305903,1.4468057176855584,3.8219868730607485,0.060658762463438695,1.2813484531621158,3.9240230095010644,0.5196261405621929,1.4548379490701917,3.9734373987220586,1.0028648979191197,1.2785590701243812,3.8749895311918072,1.400266890804324,1.2147109662131823,3.891297373994545,0.053165748473693875,1.456791067366175,4.073353145767565,1.168164532910148,1.4100621214623663,4.068231760867063,1.1407941432282993,1.4428425235239866,4.035003877319422,1.4046849391795067,1.218053797030264
2.61793,4.002360907202071,1.39325502194961,1.096114063762004,3.9443198418392647,0.08882462127957091,1.453935132047155,4.2008530873609145,0.9463408640478346,1.3264871064581705,4.3187303538552415,1.1165041513309566,1.218203243072416,4.125336966138308,1.2864604821011927,1.455054662233603,3.8830103904321835,0.04879320066327383,1.43577045632786,4.080332267177151,0.49649705063874333,1.3814006355251829,4.057272432052125,0.9837081435345852,1.2135545568388193,4.172252865027161,1.4191704144754782,1.11953076652134,4.008152433614317,0.06253237172215177,1.5781430151967786,4.1717596955085785,1.233313132058613,1.3954052709453788,4.195678055117878,1.2129494530172753,1.4227927803621423,3.8211767893408797,0.10194759798342819,1.3470692280280216,4.022262456650394,0.9819244881081803,1.45635148030045,3.8455616175805414,1.0706185900116028,1.3175500135600726,4.1451698602102045,1.210975074258759,1.4467032851875345,3.8215541378479423,0.059946260812085476,1.2820191660872833,3.922079558965611,0.5199511738424033,1.4538405273417914,3.9731953921732366,1.0025471948973317,1.279419095859606,3.8744465051476076,1.400213297033791,1.2152943520690584,3.8884401209404933,0.05377045057853847,1.4581942839943418,4.073199168354299,1.166014347818341,1.4101742181636054,4.067964340556803,1.138515559751221,1.4428130156080101,4.034934155228618,1.4044548723753119,1.2181542800412777
2.62792,4.001522714485197,1.3928719553979774,1.096404159459179,3.9442044304494175,0.08902086957255083,1.4540271536866594,4.2007478811266,0.9464979653441096,1.3275541169210123,4.318459785423048,1.116691988676596,1.2197483526784871,4.125963395498798,1.2891705412110468,1.4557900786858706,3.8830361109387277,0.048961972864571775,1.4356569468892142,4.080723883766976,0.49662372453271686,1.3826004628494124,4.057353689301461,0.9836898752208495,1.2144524009289772,4.171673050855957,1.4186312418704345,1.119289208600054,4.008077979741548,0.06259506961822889,1.5781412602441882,4.172110978264279,1.2356378601572462,1.3961364367903677,4.196211430495317,1.2155591180542795,1.4235743920766597,3.820067823830828,0.10147032399295741,1.3474123996960914,4.0218796559205074,0.9818227527355116,1.4571884476350356,3.8444185116261727,1.0706046908527245,1.3182258466037287,4.146235396098937,1.207742698756691,1.4464847812279105,3.820827956832387,0.05922584594354436,1.2824931685053769,3.9201378418518757,0.5199837094106798,1.453299749911235,3.973200971188064,1.0024307363115277,1.280199891196938,3.8740725295295313,1.4003133178818716,1.2161389399036924,3.8871347305399264,0.05384887006356771,1.459007995438806,4.073284953512446,1.1639649370025558,1.410155205346796,4.067822573928765,1.1364278785468558,1.4427167303115345,4.034832552211591,1.4042508152504423,1.2183338174179226
2.63791,4.000578698882272,1.3924255548780953,1.0969538006034782,3.944138911361803,0.08915301995412521,1.454154422749213,4.200767112901275,0.9467550460891782,1.3285762432204633,4.318336639753792,1.1172185999492026,1.2214769253550986,4.1258527529049545,1.2918105719417197,1.4563260010674122,3.883072134944129,0.049067195559467286,1.4355965000968913,4.081601414055379,0.496710571531179,1.383620678448265,4.057711600702684,0.9840343925422878,1.2152507832505763,4.17069723807556,1.4180140255021678,1.1190268797697394,4.007959869819253,0.06271133786804244,1.5782640926102307,4.171944854840893,1.2379986586396887,1.3967803480235668,4.196317375252776,1.2183422823175665,1.4242786555615583,3.819231676444238,0.10121171503177022,1.3474889249817108,4.021627772598818,0.9814548410000771,1.4581138144676757,3.8429109034732076,1.0706968824861904,1.3193148693595562,4.147330816189545,1.2042806072492487,1.4458513866864116,3.819523197334264,0.058548397975762424,1.282715501540714,3.918402228485068,0.5198569954440787,1.4531245852479535,3.973396307865023,1.00248057930318,1.2809078703940926,3.873635094691904,1.4004135986228685,1.2173923236445137,3.8872898580480477,0.05471596195840054,1.4597872199705815,4.073389655125069,1.1618878762024378,1.4098993898085448,4.067808898826818,1.1342426796912142,1.4423669327342852,4.034606854279396,1.4040202636649182,1.2188168423322083
2.6479,3.9994259729775696,1.3920299190524572,1.097781729542624,3.9440791659347756,0.08922498506134792,1.4542398912850727,4.200930077740006,0.9468697601259571,1.3293799627173504,4.31804151687107,1.11791018717258,1.2228310086085512,4.125501044562868,1.2942467127103578,1.4566154214856928,3.8830888600353974,0.0491051415571159,1.435547790984784,4.082548960110104,0.4967248080446608,1.384455381464217,4.058242226955199,0.9845074908758161,1.215915808372757,4.169400582365918,1.4175642567243056,1.1187578078656772,4.007858464252558,0.06282581144245866,1.578389364742468,4.171500678158876,1.2401599582677016,1.3971871623837435,4.196167060701208,1.2209295993339204,1.424726719157714,3.8184486642996505,0.10115428176464429,1.3474310946998755,4.021607824898413,0.9810300216357811,1.4589475776016276,3.8414096377650124,1.0705965452661454,1.3202508033945195,4.148030026754335,1.2009789258768486,1.4452696331402326,3.8181177666013597,0.05798923790802082,1.282853122267375,3.916697962974446,0.5198088026348651,1.4530681682926387,3.973797385423106,1.0026794254513165,1.281531302624133,3.873039220839659,1.4004348926728363,1.2188611106376506,3.887636215816906,0.05598723022944236,1.460554194699574,4.0733156303193025,1.1598114255261813,1.4096625509949583,4.067734808165925,1.1319498505945995,1.4419672230143878,4.0342363857951735,1.403859019508642,1.2195218888950217
2.6579,3.9981648986075595,1.39179827869495,1.0987407642328897,3.9440176924112853,0.08925615094202533,1.4542338864528623,4.201208900159318,0.9467282752911529,1.3298730621794628,4.317338936411521,1.1184757044597526,1.223544490451213,4.125363088211454,1.2964294653521833,1.4566796908331725,3.8830782151365444,0.04910468013306051,1.4354778849465033,4.0832067905206495,0.49668626451229575,1.3851467321035211,4.05882035267391,0.9848714101689829,1.216394080772591,4.168070596085069,1.4174141711565753,1.118514493302414,4.007817978110727,0.06287181285080105,1.5784315873010224,4.17107655903835,1.2419616117855592,1.3973697862695555,4.195958203537497,1.2230255559402885,1.4249247481680984,3.817546392934791,0.10119046204655477,1.3474428118989017,4.021835432813753,0.9807859895004114,1.4595325739026332,3.8401556615507593,1.0702597100975781,1.3206736084535877,4.1481531817295885,1.1980513579905168,1.4451790167753438,3.817007353827752,0.057597540811306816,1.2830831871841624,3.914859593048645,0.5200207675975347,1.4528982492770455,3.9743653414433453,1.0029755902466329,1.282016530239231,3.8724030666942904,1.4004284257269362,1.2203472114884006,3.887186628917264,0.057126902126285746,1.461283007855303,4.0729763078294665,1.157754448063787,1.4096859017300953,4.067450293868959,1.1295815919203114,1.4417430783009797,4.03382707296052,1.4038480649969582,1.2202695142078748
2.66789,3.9971626819129846,1.3918418970314115,1.099577211916429,3.944020884894288,0.08925603782644681,1.4542401689591333,4.201502746911046,0.946582649473235,1.330185117660302,4.316379669023339,1.1187458002068673,1.2241115839717776,4.125414152234625,1.2983837117694534,1.4568042422015957,3.8831060090166516,0.0490886586070407,1.4354651095640976,4.083514892563515,0.4966925386632775,1.3857834928825876,4.059347083837968,0.9850255852875158,1.2166597689043794,4.167201524341984,1.4174766701697603,1.1183933624863673,4.007845907934542,0.06284528104021,1.5784860025459364,4.170682886864359,1.2434492112807052,1.3975886153929375,4.195640774228022,1.2246268122340964,1.4251501938652544,3.816425737425073,0.10132067463113895,1.3476405605808248,4.022105468847534,0.9808856543583514,1.4598657777572999,3.8389416386915727,1.0700658009496873,1.3208756327306195,4.147980396733972,1.19518935891945,1.4455497771761439,3.8160492484233446,0.05736451138307309,1.2834767959384774,3.912960778455072,0.520508453592502,1.4525046716835124,3.9749231545143124,1.003243160049952,1.2822623782291704,3.8721255566066723,1.4006205551875246,1.221819306918403,3.8860722090245505,0.05821698333805094,1.4621338300791058,4.072470917428595,1.155660912282894,1.40998337181613,4.066983997632811,1.1271225529365776,1.441741900762114,4.033654149965043,1.4039577081779424,1.2208736937997893
2.67788,3.9964237945541314,1.3920666778167499,1.1002386830451536,3.9440617692472024,0.08922253074724051,1.45425619080443,4.201772816886758,0.9465216062834364,1.3303619652656749,4.315382622915176,1.1188515986625018,1.2248232239579953,4.12562381449684,1.3002183414918498,1.4571306581594954,3.8831565711463707,0.04905256890271393,1.4354875227783204,4.083644411000583,0.4967197743940464,1.3863614275591576,4.05969555825016,0.9849587862780527,1.2168237343535544,4.166725559489755,1.4176219271864996,1.1183770550261471,4.00789032085815,0.0627827754985609,1.5785539867281568,4.17036471172834,1.2447586490440308,1.3980113701946013,4.1952969907175,1.2259298312689442,1.4255896814344153,3.8151713384126693,0.10152669693559291,1.348008873127266,4.022425060667966,0.9812023333396201,1.4601061173298677,3.8377085773331028,1.0701037796061097,1.3211587287617168,4.147724270749382,1.192503516472088,1.446032872494566,3.815107352492187,0.05727101629016563,1.2840044293064536,3.911282730407774,0.5210908089049051,1.4520502891420528,3.9753470696974675,1.00336869259987,1.2824327373913658,3.872213966864508,1.4010063007494433,1.2233204955514616,3.884602537723436,0.05919328869693705,1.4630906387649503,4.0719304036155615,1.153670637212373,1.4103649994906793,4.066509524996232,1.124742491762923,1.4417987178123588,4.033694726463565,1.4040759898338275,1.2213125021870908
2.68787,3.995694735736919,1.3922569295639133,1.100841071433673,3.9440589615992776,0.08915140961233083,1.4542043346604754,4.202056037848697,0.946479218901453,1.3303539522732628,4.31450825813093,1.1190622169401474,1.22575782948517,4.126032211269809,1.3021493290188562,1.4576606278669852,3.8831665013991215,0.048980585281578067,1.4354598627710597,4.083879279279193,0.4966611618040384,1.3868019059542909,4.05977791640923,0.9847176565234775,1.2170411872964932,4.166214215891906,1.417713638375298,1.1183603742583514,4.007879238846122,0.06273679887394773,1.5785685766949578,4.170213859998781,1.2460989115674483,1.3987058032731134,4.195111039172628,1.2272616580247426,1.4263243987877414,3.8139366381929753,0.10178032228511534,1.348459853128858,4.022975244805763,0.98143849477692,1.4604529971966649,3.8365329840468148,1.0702127177176357,1.3216912413351996,4.147450829045525,1.1903933428772726,1.4462000557589791,3.8140558532272886,0.05729852933204865,1.284590835036439,3.910149976222262,0.5215090684893875,1.451823927719914,3.9756115590504497,1.0032777061976224,1.2828087154645287,3.872389198977277,1.4014093687852138,1.224912189898885,3.883069960001948,0.05988280070544428,1.4640098438634004,4.071444044119746,1.1520308920942135,1.4105731901885115,4.06621807211465,1.122707036558505,1.4416725191615425,4.0337282131203915,1.4040726137513275,1.2216909693941378
2.69786,3.994856767518741,1.3923403962784964,1.1015624610578165,3.9440285573948244,0.08906629746812192,1.454082739006547,4.202504717938457,0.9463661500474164,1.3300466254861603,4.313534583041704,1.1192969257731755,1.226994270969476,4.126851167128354,1.3046595722131389,1.458339271053392,3.883160388817218,0.04889739281725496,1.4353901061576255,4.084343438737544,0.4964735797642348,1.3870320136874394,4.059806565406407,0.9843643160940808,1.2172152213004737,4.165566177247964,1.417653115928378,1.118244468851164,4.007840897162436,0.06271588265962037,1.578537096880446,4.170307427030438,1.247807528789564,1.3996865114978294,4.195187988418655,1.2290006462805414,1.4273590553625692,3.8125673845942023,0.10211069900295763,1.3489960860478574,4.023931636772711,0.9814774706951737,1.4607945958215856,3.835424544808184,1.0702236146193347,1.322226288649551,4.146944937795543,1.1889069838282622,1.4461977160539385,3.812581664321368,0.05743897131145115,1.285263772913419,3.909417831719904,0.5217714720112926,1.4517912198255682,3.9759244692163183,1.003013602647731,1.2832840829292187,3.872489577604832,1.401722339051634,1.2265660588931933,3.8814618489953907,0.060357294588218834,1.4648457775781187,4.070857131767713,1.1507453803312704,1.4106651505830508,4.065936317874949,1.1210265038490632,1.4414412151519571,4.033703675302675,1.4039789969521475,1.2221456646045028
2.70786,3.9938733943565623,1.3923168467046645,1.102477829553711,3.9440179765085945,0.08897910671968515,1.4539295749550882,4.203134241574304,0.9461609490722698,1.329464220654473,4.3124206958662965,1.1195094730452801,1.2285098633838942,4.128008094660949,1.307666649243443,1.4591533400554675,3.8831809949693956,0.04882086747837768,1.4353176971236576,4.085078695107704,0.4961622630775429,1.3870878305926486,4.059914405035914,0.9839421247899882,1.217268106595451,4.164783237793291,1.417453608378723,1.1180967081444528,4.007830187905142,0.06270201660212828,1.578487415894658,4.170576078231361,1.2498309538807197,1.400921010404028,4.195452831504162,1.2310830323241813,1.4286500499023054,3.8109610821839013,0.10249121179191904,1.3496930751854759,4.025229187818209,0.9813377572779075,1.4610241192001365,3.8343490176079262,1.0700784099423333,1.322683831859193,4.146142604424462,1.187845186457006,1.4462548771444521,3.810568501152166,0.05762856781054837,1.2861161663333402,3.9087697657472176,0.5219646902108207,1.4518597428596327,3.9763710063135456,1.0026384938745718,1.283711000948681,3.872440848627488,1.401909420921661,1.2282763663048109,3.8798105501786093,0.0607342222768093,1.465653386811214,4.070096304002901,1.1496883113376912,1.4107895139435003,4.065533264058987,1.119583036724989,1.4412613632867017,4.033589848758172,1.4038442122279844,1.2227470319586458
2.71785,3.9927868781671023,1.3922329316271356,1.1034393539754725,3.944071767428444,0.08886948945139003,1.4538083556977996,4.203668951278144,0.9459717769957786,1.3289047442014703,4.311630597778228,1.1198892716203508,1.230104413474466,4.128846924450902,1.309997982280385,1.4601668084230708,3.8832510059239866,0.048738762811389946,1.435282539473582,4.086065511494234,0.4957840766970057,1.3871940400399176,4.059945709052508,0.9834502727246023,1.2172861859483473,4.1638824368756575,1.4172958175970907,1.1182494124213578,4.0078891234892176,0.06265572362932571,1.578440942686632,4.170702083487887,1.2513890144177904,1.402307417316527,4.195556732815157,1.2326737197542401,1.4300970859067699,3.809273068215743,0.10277273645007165,1.3506894386462038,4.026394696713538,0.9811791871478283,1.4612048065131864,3.83323818354102,1.0699154374636206,1.3234784855030353,4.145390057864664,1.1867814068134084,1.4464240379628601,3.808353296241482,0.057708513817919666,1.2872826540907798,3.9078545219160152,0.5221702350499747,1.4520037857158163,3.9767079252943476,1.0021830329422152,1.2840700647912762,3.872264364207972,1.4020193814817246,1.2301026774395571,3.8783797521821652,0.061080742154662054,1.4665980067628857,4.069360009496375,1.1486466769087997,1.4110735563558434,4.0651464854308506,1.1181827360537213,1.4412474291119857,4.033307024372484,1.4036600841415345,1.2234226061518807
2.72784,3.9916510480562413,1.3920639607547365,1.104280025794749,3.9441395517836133,0.08876421040925268,1.4536937973702309,4.20411357754969,0.9458452326839732,1.328485299642944,4.311192966444387,1.1204265208129636,1.2318114112894376,4.129078640053138,1.3116964560038198,1.4611278527945213,3.8833196222113746,0.04868966548864533,1.43523803128554,4.087338332625444,0.4953655769101243,1.387524005494758,4.05995924341753,0.9828144319973334,1.2172771725764546,4.162948940242415,1.417142984493742,1.1185941975465703,4.007956500675568,0.06257479809005963,1.5783727937603933,4.170487650338155,1.2525029028280243,1.4036683758161734,4.195271749973995,1.2338191546916444,1.4315652078610213,3.8075324471767478,0.10295874892781803,1.3519039491173568,4.027343304507414,0.9811007165006774,1.461333274914827,3.8320583898989242,1.0697955233277388,1.3246876794046694,4.144825322126095,1.1856091216818767,1.4465084297854494,3.8061014670242455,0.05769049672399531,1.2886737874396064,3.9066177515775284,0.5224407462601351,1.4521634926349973,3.976951782414989,1.0016091221371157,1.284301741915001,3.8720407160004284,1.4020333464463937,1.2318898539806675,3.8771379449737653,0.061481814717335076,1.467659436154537,4.06872668684212,1.147545819626411,1.4114074882600918,4.064848322616615,1.1167810160826948,1.441321269350799,4.032898214642025,1.403371715767998,1.2240209700329647
2.73783,3.9905182007105364,1.3917579924254422,1.1048763437485187,3.944138931892015,0.08871695631746972,1.4535259729290126,4.204657783789307,0.9457760645883457,1.3281703252872303,4.310797644132314,1.1209507573672122,1.2337743716100116,4.128847075927652,1.3136134432964108,1.4617028063276873,3.8833158159744774,0.04873769318092721,1.4351118967535905,4.08892545779805,0.4949199815395565,1.3881542482971205,4.060141445440818,0.9819632686072406,1.2172037822904342,4.1620953681474795,1.4168273403556597,1.118754895470435,4.007935241230678,0.06247702929616309,1.5782490092392165,4.169938953059343,1.2537404094845233,1.4048458502599732,4.194591283722423,1.2351458498785584,1.4329374470126044,3.8057067124233273,0.10316581273294367,1.3531515938076821,4.028278670253435,0.9811414289149735,1.461374250121312,3.8308459335834546,1.0696893253019044,1.326060242082196,4.144395059258719,1.184461942480999,1.446264490013147,3.8038440907703612,0.05772155159656452,1.2900827961640908,3.905273739748797,0.522799448972456,1.4522984680387394,3.9772943818547066,1.0008760056937014,1.2843541808469703,3.8718470987940585,1.401899956488562,1.2333750491823479,3.8758916462808632,0.061981181059664145,1.4687088129182582,4.06816663062631,1.1464344144219134,1.4115825247806535,4.064623765683672,1.1154536737964524,1.4413227390894618,4.0324823572208395,1.4029335651300785,1.224387929326649
2.74782,3.989405357253104,1.391406659731337,1.1053126732860443,3.9441736972972348,0.08872672361942512,1.4534049151374444,4.205266407140311,0.9457778428481503,1.327939873271542,4.31025537005948,1.1213343352477745,1.2357799368421618,4.128836997856947,1.315728948690473,1.4623405915879109,3.883328106298257,0.0488731148409803,1.4350183958183504,4.090620745168237,0.49451980923887906,1.388956103329556,4.060410091519412,0.9810799584705353,1.217159480679939,4.161313143809535,1.4163976287762956,1.118758536333059,4.007922215837073,0.06233390082786365,1.5781547700911538,4.169512248810014,1.2551566899304318,1.4060368752286634,4.194028314983596,1.2366239904797285,1.43430529083256,3.8039930318241475,0.10346128291192332,1.354574650142597,4.029252488284618,0.9813238942080088,1.4614476211410037,3.82981434729175,1.0694885903626592,1.327184608185701,4.144022711589948,1.1833663805115446,1.4460514860324134,3.8017255348531043,0.057948045996694196,1.2915759071676451,3.9042259776097055,0.5232337325599589,1.4526082556254538,3.977713466350926,1.0001588481631531,1.2844116710848807,3.871567904803817,1.4016912649370021,1.2346060919802113,3.8747931526164776,0.06235042815744559,1.469819255904391,4.067655267015418,1.145401756760771,1.4117610616809826,4.064370900962622,1.1142614338370898,1.441371462138531,4.0320799099331746,1.4024883719730954,1.2245959565220128
2.75782,3.988313167047295,1.3910805988964186,1.1057259806197404,3.9442982133788633,0.08876155203304802,1.4533711849454196,4.205837287694148,0.9458192091809164,1.3278089326382032,4.309608711411828,1.1216038770170758,1.237589483636463,4.129248513096502,1.3177659701076117,1.4631849646534827,3.8834003585868553,0.0490473637475361,1.4350226298268205,4.0922754282727,0.4941900816337272,1.3898360976318171,4.060656019467864,0.9803162129184732,1.2172374616902168,4.160534619242845,1.4159529726071884,1.1187287101902814,4.007982008880284,0.0621559706924441,1.5781235375562783,4.169376725572424,1.2565852929651407,1.4072573223855118,4.193776859094966,1.2380440552997931,1.4356359247785653,3.802518401778411,0.10382726522985775,1.3561616346204421,4.030207236270647,0.9816006852166602,1.4616532627494598,3.829030599260624,1.0691700653677911,1.3278841051309165,4.143654387979883,1.1824105345312996,1.4459321094090731,3.7998535079493085,0.05837724047349255,1.293117925862923,3.9036355094144404,0.5236845411439446,1.4531503719757353,3.9781329668595586,0.9995881377756343,1.284616653751302,3.8711198024694315,1.4014851474558887,1.2356776188940508,3.873902949026893,0.06244493463145309,1.4709885546990882,4.067165216456797,1.144537713294896,1.411958864773683,4.0640565459504625,1.113272650820552,1.441453401394294,4.031686456171009,1.4021376119283544,1.2247742257531058
2.76781,3.9872418445266344,1.3907423972155553,1.1062272102577753,3.944384136018719,0.08876679693676187,1.4532795777731922,4.206275086963539,0.9457830707121682,1.3278293847277405,4.309228361742122,1.1220251764743356,1.2391151989892912,4.129161724711909,1.3194761076583053,1.4634512139135265,3.88341631766652,0.049185711402166744,1.435007026300326,4.093957907397478,0.4938451929599629,1.3908619260828405,4.060865014057002,0.9796319936095151,1.2174477342622827,4.1596655542649525,1.4155635310259247,1.118733985976357,4.008021227419524,0.062046034199910165,1.5780385133222392,4.168971458391924,1.2577616554859308,1.4080286496860694,4.193213536165921,1.2392494511277048,1.4365754089061469,3.8011655710403134,0.10412679358305145,1.3574659879168258,4.030983517146848,0.9818117656007688,1.4619614419428735,3.8282177264908643,1.068904026622902,1.3284799859813747,4.14329419705636,1.181836946416817,1.4451602240338044,3.798206570232241,0.058779190035658464,1.294357581226902,3.903145352606033,0.5240325763125986,1.453610130513217,3.9784969952209237,0.9990991802078343,1.2849031313945234,3.870590274965059,1.40130514061917,1.2366002885170082,3.8729419930421254,0.062406720260528424,1.4719773155837312,4.066665946972895,1.1439121145849929,1.4117549132575966,4.06381074952764,1.1125778536638198,1.4411892208909929,4.031311575204145,1.4018121959704566,1.2250251935987542
2.7778,3.9862601676412677,1.3904616332700348,1.106827519014643,3.9444503267741395,0.08874121279207524,1.4531342512318155,4.206577492974917,0.9456585921738468,1.3278090436139323,4.309095231973975,1.1226465653927218,1.2404057088190368,4.128449301394212,1.3209027980461516,1.4632291521197354,3.8833908715962973,0.04928351679548889,1.4349875188620014,4.095635578084171,0.49349915136110883,1.3919683281567592,4.0609760040525735,0.9789980254137091,1.2176513104645723,4.158765288930993,1.4152562372026976,1.1187366488023565,4.008056848919132,0.06202846784043635,1.5779140046667348,4.168247918023467,1.258790371125726,1.4083850158208004,4.192343374415299,1.240390732043274,1.4371397556072731,3.7998550699350226,0.10436383952195809,1.358524275648675,4.031639182949871,0.9819152790761644,1.462241919732747,3.8273186996566158,1.068790766160487,1.329150577458084,4.143016530183524,1.1815380128060728,1.4438704642904117,3.7966481036987196,0.059161240373009516,1.2953375357048929,3.9026993700901693,0.5242667859451031,1.4539660657836018,3.978764475879915,0.9986471602913469,1.2851719706009965,3.8701313227656073,1.4012017123590743,1.2374877754875124,3.871840707300481,0.06217605145503641,1.4728033092577557,4.066182223254837,1.1435268420074345,1.4112412481588692,4.063620292147428,1.1121765885064876,1.4406716273606284,4.031001883311164,1.4015244022217581,1.2253740447791028
2.78779,3.98547270283567,1.3903735239076083,1.107465622364521,3.944607661506125,0.08870369799945911,1.453028293900127,4.206767761116434,0.9455153845794709,1.3274246754193917,4.3089317786973815,1.1233444375791737,1.2415929580759084,4.127654121006445,1.322275980575174,1.463218046774026,3.8834234679945903,0.04936350438216173,1.4350572481723989,4.097158571716967,0.4932285866300477,1.39293830936579,4.060868963239842,0.978427214129657,1.217644015940085,4.158005975261815,1.4150515659243386,1.118679257713091,4.008174503270704,0.06205884440057312,1.5778416625134783,4.167567623977427,1.259979117189965,1.408735109982027,4.1916261317717165,1.241740325069736,1.4376267493625725,3.7985506516345446,0.10466347708079608,1.3597180882830269,4.032345027353502,0.9819911374320398,1.4623336445808393,3.8265025668152344,1.068823486223061,1.329861960821269,4.142891716943162,1.1812115276623252,1.442882785082448,3.794995835036403,0.05972703666260624,1.2963733946080807,3.902435029227718,0.5244841939219727,1.4544656216856047,3.978884508507981,0.9982490345636692,1.285335901834784,3.8698804935285684,1.4012283018493539,1.2384790329956399,3.8707022809214635,0.06158590403766279,1.4736604762567604,4.065771893875951,1.1433252000519278,1.4109106744074231,4.063378990063255,1.1119839053710057,1.4403537735161058,4.030825845213271,1.4013585296114786,1.22578154899939
2.79778,3.9848855808866666,1.3904882388586084,1.108094186421964,3.94480124479509,0.0885667412882672,1.4528628320125476,4.206665328640328,0.9453882045826407,1.3266304148771524,4.308762163070773,1.1240623722027183,1.2428000101809362,4.127208919155761,1.3236984603782795,1.4634980921717813,3.8834786956834906,0.049316785672799936,1.4351206860909989,4.09829717664269,0.49299786098567183,1.3933921462412457,4.060355103952724,0.9780078337014947,1.2174236144444888,4.157515620159043,1.41507722942874,1.11877618030374,4.008324939321802,0.06208188366400329,1.5777461798488537,4.167100281887724,1.2612454214300182,1.4092398654606464,4.191084259459775,1.2430763737006976,1.4382325687568627,3.797164799221861,0.1051759271667554,1.3611754416256583,4.032996473549442,0.9822321907670677,1.4622489782029287,3.8260714859061102,1.0688069830019702,1.330290874301647,4.14273079153021,1.1809445795322489,1.4427664124045543,3.793187644527827,0.06066808939785684,1.2975536083826538,3.9021069601884566,0.5248888739541699,1.4554368745065462,3.978721198154798,0.9980596054866065,1.2854086733307593,3.869728331504828,1.4013289094634105,1.2394427534871053,3.8695460288935593,0.06080748057843129,1.4745753821751721,4.0654403360612825,1.1431943140714813,1.4111352097685745,4.063117299252049,1.1118329284525084,1.4405505253610833,4.030819202282639,1.401374050998622,1.2261743787149646
2.80778,3.9844596178297267,1.3907143419984331,1.1087203068967388,3.9449875894889708,0.08830976327747844,1.4525910326685956,4.20624357785859,0.9452864636919034,1.3255455219169525,4.308706102752313,1.124807344751067,1.244074154167832,4.127143593751411,1.3250292662888994,1.4640180457360703,3.883518975028986,0.049121840819287894,1.4351281684677268,4.099021027349076,0.49279788873999497,1.3933154735091238,4.05945569785278,0.9778000696751193,1.2170854478288933,4.157308256399345,1.415339635852682,1.1191246169090385,4.008452873669896,0.06207775826262228,1.577599466636393,4.166852627771342,1.2623862840068896,1.409955091660857,4.190674501856856,1.244176650497697,1.4390484427773826,3.7956140837821413,0.10590279088474991,1.362833288468039,4.0335356732361936,0.9826794726426809,1.4620557445774967,3.8261031881546494,1.0686703936945723,1.3303927977258088,4.142552761854087,1.18078991240183,1.4434054182222982,3.7912282693890758,0.06193312277109889,1.2988540652307483,3.9015722206253125,0.5255442032651977,1.456813862716073,3.978292029652721,0.9981543320613869,1.2854497868785706,3.869584593869418,1.401451393935656,1.240267728788989,3.8683377906389294,0.06007369878980375,1.4754991825346835,4.065245958844061,1.1430635530553284,1.4118565723783805,4.062944759304376,1.11165449109072,1.4412081654238038,4.030935870020589,1.4015624183600217,1.2265466197098236
2.81777,3.9841228285215404,1.390856150745298,1.1094206937093438,3.9452286048289733,0.08808703366469739,1.452363981886751,4.205858230325315,0.9452020604276447,1.3244340528352694,4.3088789967191135,1.1256603188934784,1.2453259292367123,4.12685955236753,1.3257953662660555,1.4648316515433892,3.8835723765236105,0.04898077839906489,1.4352096922306272,4.099695768753278,0.4927217089278781,1.3934161302806534,4.058597033669021,0.9777616932211713,1.2167884681082244,4.157211262289267,1.4155797266648265,1.119467285543377,4.008561567905119,0.06208856276535113,1.5775431132938669,4.166647449203931,1.2632142948398466,1.4108748103592856,4.19046743745427,1.2450942079289138,1.4400241317265747,3.7938786521007533,0.10656356279749339,1.3644246836800007,4.034131161609872,0.9830471947754758,1.4618300837065914,3.826205929605124,1.0686558018657144,1.3307584583062881,4.142844063446759,1.1805639215363728,1.4436416480739602,3.7892009053737374,0.06304481713722247,1.3001648897094444,3.9010876631435343,0.5261980483973215,1.4578154042912106,3.977924765875613,0.998378803888682,1.2855447846570054,3.869514575756119,1.4016018337503988,1.241011776954572,3.8670159662746695,0.05953417265414805,1.4763401159721714,4.065348736296789,1.1429843562806516,1.4123368234318026,4.063021377698401,1.1116079508394872,1.441706460009233,4.031001235854153,1.4018052870322464,1.2270128992626343
2.82776,3.9837014380640867,1.3909146209548588,1.1099954889966737,3.945459194508563,0.08791220769315612,1.452217013792158,4.205602905680791,0.945246768179724,1.3234397579568336,4.309275469827741,1.126718389717648,1.2465105443627094,4.1263816455353295,1.3262582936991765,1.465925092992024,3.883567509459565,0.048914610119367936,1.4353285811290255,4.1005294563373305,0.4926947536583023,1.393809774890526,4.057847479099743,0.9777016401203698,1.2166311757801276,4.156994225695226,1.4158260243546654,1.1197736470030986,4.008564392211797,0.06203047220611639,1.5775354053860358,4.16633794992726,1.2638717359354255,1.4118719473869519,4.19026922589708,1.2459329790639457,1.441039222677127,3.792218799006527,0.10699064266694167,1.3658277024896832,4.034766939974474,0.983293125953799,1.461684632104354,3.8262165512284323,1.0687020749267646,1.3314412742936195,4.143185203209227,1.1807736039934005,1.4434009937119658,3.7873849385865803,0.06379175870436593,1.3013362447547399,3.900789637725906,0.5266759117984993,1.4585299211319505,3.977623529369319,0.9984754523418863,1.2857537792943436,3.8693115255830577,1.4016463956832377,1.2415049469936434,3.8657503550862247,0.05918843033130213,1.4770736913186095,4.065513295245853,1.1432043300001171,1.412480590639386,4.06323692158732,1.1119018327888892,1.4419193004795288,4.030902776801094,1.4020088546661595,1.2273933690891676
2.83775,3.9830739786294336,1.391021472798237,1.1102057879218103,3.945551421035756,0.08773076659585236,1.452106480990247,4.205418272713339,0.9454849080830048,1.322655564401707,4.309802759037077,1.1280491186975605,1.2476478543144032,4.125959575196287,1.32699050700642,1.467045820357672,3.8834110334415497,0.04884389470513477,1.4353499962761653,4.101539030127553,0.49257382093762936,1.39422627766093,4.0571275732677625,0.9774598687682314,1.2166521774374848,4.156535891046492,1.416276062496502,1.1201553591451434,4.008380753741272,0.06182473843714381,1.577438435356865,4.165842393885385,1.2646436545951016,1.4127586278156388,4.1897894907073505,1.2468133645083785,1.4419583164572325,3.790937910036603,0.10724104975842519,1.3670454240061118,4.03535372570911,0.983558900275921,1.461736750543065,3.8261886717685982,1.0685712165831187,1.3321186435199794,4.142811219261596,1.182083967396925,1.4433253872729326,3.78606642461204,0.06427932812739147,1.3022671058123436,3.9006793283370045,0.5269883323717045,1.4594939853216338,3.9772857872931455,0.9983131659946444,1.2860982649364703,3.868758774497731,1.401425116817029,1.2415826415751183,3.8647994849419565,0.05906393873982878,1.4777747560515286,4.065341925166438,1.1439941458424838,1.4126659111722417,4.063309543549617,1.1127127173675593,1.4421329778259515,4.030618730671517,1.4021201395058815,1.2274625535178902
2.84775,3.982732886022981,1.3911699926109544,1.1106959785630819,3.9455932284150452,0.08774830636790436,1.4521124330023814,4.205627599183513,0.9452931635458491,1.322414732491991,4.3103925222594475,1.1295591793267585,1.248872806751822,4.124351518279534,1.3272184580180715,1.4670895930355223,3.8833026933229227,0.04896458126746397,1.4353581035931864,4.102573852825508,0.49254631439644997,1.395024533613075,4.0571237504628845,0.9775372078294468,1.2168435425229218,4.156381452500958,1.4167698179023267,1.1204300259385407,4.008321661274216,0.061912472035727,1.5773983812635888,4.165203116121751,1.2653026119249757,1.4134936067223565,4.189296752809066,1.2478758607424558,1.442794117859235,3.7894993279776408,0.10793911900165419,1.3680947903563696,4.036236598551476,0.9838450583685013,1.4619892025216261,3.826185184053294,1.0684244953658566,1.332908683965034,4.142851547125527,1.1832461252329294,1.4430733921431127,3.7848253486303722,0.06500898347361075,1.3032323272701156,3.90070285763824,0.5276382599982051,1.4599074141131814,3.9776170856831596,0.9986687008695663,1.2865174455391146,3.8686688150880815,1.4012005724848626,1.2420408790105888,3.863954850506293,0.059833833587819844,1.47874746340285,4.06516446233013,1.145048796295205,1.4129066345485881,4.063152051183081,1.1139656670468203,1.4425724201445316,4.030286872228364,1.4021517304532034,1.2279291555705523
2.85774,3.9828610025095146,1.3912955701207255,1.1116113128147045,3.945653547662289,0.08799448610279069,1.4522241150511077,4.206226358671794,0.9444765304357465,1.3226899275415762,4.311038390111432,1.1311442063757828,1.2502214597417798,4.121390453296483,1.3266541938534433,1.4660964993980519,3.8833725936868806,0.04929326060812401,1.4353873484395745,4.103429509407787,0.49265250795838117,1.3962069650321427,4.057917757034844,0.9779704395226252,1.217084298758272,4.156624672750094,1.4171396649725632,1.1205009036947402,4.008509870048041,0.062378225109842984,1.5774874648118844,4.164494507735761,1.2657119350216997,1.4141838176237578,4.188966493757257,1.2490576625057355,1.4436302584624805,3.787804800919086,0.10915501913774811,1.369066211334578,4.037433655025813,0.9841558030036837,1.4623398925267248,3.8261990187294694,1.068419175867037,1.3338707064868303,4.143693452768906,1.1837062778147094,1.4425477288427244,3.7834348617547606,0.06614976423569233,1.3043396792017135,3.9007736075684836,0.528693651514039,1.4596138408356951,3.9787039762538567,0.999672318317046,1.2868807972747216,3.869304257920521,1.4011284002291253,1.2431022931000166,3.8631680739395873,0.06125925030635923,1.479940214423737,4.065159640131088,1.1461246058709864,1.4131574035355234,4.062827386902799,1.1154564601484647,1.4432270208516222,4.030009269546967,1.402099790345425,1.228953785871144
2.86773,3.982749491790225,1.3913100547722597,1.111754544564847,3.945650492946317,0.08804954408803944,1.452209867702301,4.206430966658597,0.943970272704935,1.3226985441226407,4.311831484875346,1.1327801646460758,1.251498198580463,4.119572659230549,1.3265863182057853,1.4665419417254049,3.883464343075289,0.04938461265491094,1.4352649936461543,4.103929154441997,0.49249569448485303,1.3968236077390384,4.058114171857629,0.9776377432133723,1.2170982616885941,4.156208137429519,1.417412394797943,1.1205922815546316,4.008517884373415,0.06239962955741155,1.5774926589589413,4.163764817318502,1.266170997683264,1.41510755390012,4.1884893995804315,1.2499329587398273,1.444590184551589,3.7869649275044854,0.10968945695894133,1.3701630363888178,4.038161290110209,0.9845739083892084,1.4625781164887621,3.8261021192944544,1.0684702281669476,1.3347314170567328,4.143401140141256,1.1851812950457157,1.4425997798140278,3.7823934483017467,0.0670646300376258,1.3051998823852586,3.9007735147541993,0.5292019232384774,1.460297088464635,3.9791106724930367,0.9998373311723665,1.287000277204168,3.869394874414487,1.4009327053077452,1.2434724924480098,3.8629110993104816,0.061205140260442034,1.4805696162696078,4.064846370629428,1.1474067234921457,1.413468260749891,4.062557231195512,1.1169041317847554,1.4437120768254652,4.029725741238403,1.4018970541457763,1.2292386056796074
2.87772,3.982227414989497,1.3911488777258196,1.1111962466715495,3.9456272976037208,0.08789054481271587,1.4521283348241791,4.206177825160604,0.9438857717456663,1.3224697212648928,4.312744689745535,1.1343717589414182,1.2525872604282695,4.118819100569372,1.3268028464221893,1.4683211467783959,3.8835942004102737,0.04922155163137509,1.434991140370404,4.104269964685939,0.49207118059495225,1.3969233582137752,4.057585911664447,0.976601897174519,1.2170157948545597,4.155081815907717,1.41757385892724,1.120772091210107,4.008267208799184,0.06191718207071413,1.5774413639889162,4.16291507619234,1.2664796397527402,1.4161548404592015,4.187750955675104,1.2503109502538423,1.4455755183303514,3.787010436665351,0.10944412397497945,1.371183690275235,4.038327179632975,0.9849699900649587,1.4627651135366486,3.8259329528290333,1.0684477255971754,1.3356128010378858,4.142155353290324,1.1874998668954226,1.4429687280480639,3.7818221353103465,0.06750331621719276,1.305695677493786,3.900576067884924,0.5291011641201783,1.4617134270075203,3.9786968042658284,0.9991222012729742,1.2870118662309964,3.8688175813702297,1.400498407641556,1.2432321500143477,3.863097584794425,0.05990172540347814,1.48058770048157,4.064346784576154,1.148717847808865,1.413713081916342,4.062492225443602,1.1181498509802832,1.4439129159281945,4.029329751132148,1.4015309367690891,1.2288171002725725
2.88771,3.9815988232020314,1.3908025453229695,1.1109189089272906,3.9457146840339767,0.0877831605194717,1.4522190903839522,4.205934981134832,0.9437054854003821,1.3225703430687994,4.313654009181813,1.1357609294305884,1.2534218625294542,4.11732557401241,1.3260962673427963,1.469508349537073,3.883899583480097,0.049100985457249696,1.4346998839091318,4.10484063111648,0.49166828854988126,1.397221914213006,4.057146313231372,0.9757948607083653,1.217206960207613,4.153976116740651,1.4175972966160648,1.1209705145395783,4.007976922627135,0.061442734003126734,1.5775237560333724,4.161840137525968,1.266143783202476,1.4169627902647497,4.186876505963207,1.2502180194836583,1.4463471215206727,3.787149474453386,0.10915851747536874,1.371742049929607,4.038389364590201,0.985103077050879,1.4631308950761936,3.8258582370049457,1.068225370438193,1.3368024249678072,4.141559585474269,1.189191114397403,1.4427633596512401,3.781495848456124,0.06760466543417806,1.305972606909265,3.9000940066461425,0.5290024900052914,1.4623675675686696,3.9783025639151988,0.9985712551187419,1.2872470132700047,3.8683279900972503,1.3998799924328609,1.2434139306959402,3.863256012375693,0.05918705371534659,1.480509433994147,4.064159806660265,1.1496740408751558,1.4137197081767645,4.062654056350808,1.1191651118470611,1.4439820277384192,4.028752111635113,1.4010591839367366,1.2286859118367985
2.89771,3.9810761884326773,1.3904322576360035,1.1109743443327291,3.94593090096794,0.08770661194055293,1.4524081075037851,4.205703934027935,0.943443612286101,1.3227918601908202,4.314448454558189,1.1367798410446066,1.2537692060529542,4.115779884211797,1.324764088126996,1.470115542724246,3.8843337700356475,0.04903232032060713,1.4344362732364389,4.105544567693968,0.49134002479325967,1.3974904701928876,4.056764314028335,0.9754049399417192,1.217598353593955,4.153125096851002,1.4176292173004268,1.1211706591395219,4.0077647913045285,0.060999897598124825,1.5776914647680713,4.160961002842053,1.2653155456664817,1.4174809681837186,4.186226904615257,1.2496936045001257,1.4468371331855587,3.787189316969435,0.10894656099235654,1.3721377720048584,4.038528453922633,0.9850281664740211,1.4636482103601045,3.825987587273069,1.0677669281079516,1.3377459910683203,4.141142379907336,1.1905629171923047,1.4426496339851453,3.781239982062316,0.06760321865565934,1.3062164701070396,3.89945301830691,0.5289898508210968,1.462753414038846,3.9779969284730794,0.9983621131627983,1.2877313852889132,3.867974801874903,1.399172012573334,1.2438343186037832,3.8633797884227743,0.05895728729298592,1.4804939786146882,4.064052910353655,1.1504379570646694,1.413804774231079,4.062767415403257,1.1200584534613671,1.4441962589222062,4.028219419857772,1.4006493642993807,1.2288722022108
2.9077,3.9807496712868677,1.390195757883297,1.11114951817207,3.9461869863243404,0.08762301127755279,1.4525971205072592,4.205386437539366,0.943279706139825,1.3228935480149842,4.314891761327238,1.1372190843176475,1.2535892070413386,4.115219819116757,1.3234369254171445,1.4707870023123908,3.88475908028277,0.04899900396216644,1.434230009518736,4.1061296277684525,0.4911102747361819,1.3974992787332157,4.056251601928781,0.975324047055636,1.218042201677801,4.1525892331175935,1.4177445079580768,1.1213608322105846,4.007618616113819,0.06051787991420358,1.577860060761604,4.16063808140306,1.264308366301304,1.417914086659508,4.186077081362466,1.2488286269963036,1.4471899205580738,3.7871847737763886,0.10874854554215922,1.372641117063685,4.03870187666991,0.984895197397737,1.4642252561060756,3.8263443775882924,1.0671213996436382,1.3380164424631065,4.1402670471119265,1.1920172142326786,1.4433729782412243,3.7809904812209627,0.06764511140023262,1.3065184139050212,3.898801752794647,0.5290017025814209,1.4634175026380152,3.9776258687873467,0.9983586293826561,1.2883593609060973,3.867649027780593,1.3984731583112453,1.244149873792221,3.863559984522076,0.05873500048313042,1.4805440613528358,4.063753881548567,1.1511511167140005,1.4143106611435943,4.062628294491423,1.1208350135042147,1.4447734900690037,4.027923795289401,1.4004156369391465,1.2291397661159371
2.91769,3.9805445985244146,1.3901362621131286,1.1113075372263914,3.946282585119193,0.08762228336112629,1.4528295968800256,4.204980751936661,0.9433604196231301,1.3230342854712163,4.314567421096119,1.1368487627862134,1.2532870411379466,4.115795314753598,1.3224147821708354,1.4721527730101112,3.884999397584441,0.04909760628956454,1.4341296463405264,4.106365366225021,0.4910786782140235,1.3975727761742618,4.055639959034214,0.9753499774997837,1.2185200087027428,4.152393650459279,1.4177994175742805,1.1215183398586595,4.007356380127677,0.060027424174219406,1.578017452327022,4.160796415819269,1.2633237292049528,1.4187340265530872,4.186392787735396,1.2477840038385732,1.44782634102644,3.787285858861314,0.10855486442871867,1.3730738097579842,4.038636382917315,0.9848416905842688,1.46480790270382,3.826833996842997,1.0664356265889465,1.3379256372061037,4.139212829328953,1.1931232521638035,1.4448891373674917,3.7808493758428776,0.06766225803068422,1.3067776960755906,3.898195635447293,0.5290221609142547,1.4638507576424835,3.977095690154188,0.998375382776824,1.288971667389705,3.8673711410551554,1.3978580608152342,1.2444447988328655,3.863794360604214,0.05850042840530459,1.4805868892012894,4.063350590888586,1.1516222757207666,1.4153247215999603,4.0623414392483825,1.1212638120241114,1.4457429492574674,4.027814645818161,1.4003097719123796,1.2293591968569244
2.92768,3.980523416773311,1.3902112102226554,1.1115436813385178,3.9463337920715125,0.08762534006771065,1.453141394275446,4.204567089050802,0.9435163002552246,1.3233240739867411,4.313923358901918,1.1361039646219042,1.2530080498239988,4.116914815104247,1.3212510013870564,1.474128642580377,3.8851647353627112,0.04926897924039557,1.4341242247764898,4.106336636955584,0.49120754390035704,1.397910517534728,4.055135688090071,0.9755580530410105,1.2190504666013642,4.152512319997308,1.4179095287656458,1.1217796669515636,4.006984977098768,0.05939113314398112,1.5780989652083182,4.161268944788737,1.262184575633643,1.4199561165255228,4.187018573725321,1.246459353293425,1.4488019395523803,3.7875292723697758,0.10835521558630805,1.3733565365729141,4.038311131464538,0.984772991822704,1.4653584887883677,3.8274735346536284,1.0657779598592447,1.3377420652578362,4.1382029790614245,1.1940131442652728,1.4468702876687927,3.7808509340616996,0.06761555019537971,1.3069413180462444,3.8975921819033372,0.5290473654569341,1.4638946762654392,3.9765646541955504,0.998514758996338,1.28950847472526,3.867200176123326,1.3973361677817877,1.2447879246780766,3.864074312729095,0.05826704654729841,1.4805794669286845,4.0629699269142705,1.1520020621364477,1.4166616356658783,4.062047025780524,1.1215395605468126,1.446960747248243,4.027829241623677,1.4003570407282173,1.2296827359106373
2.93767,3.9807878141082798,1.3903024426956039,1.1120451187177585,3.9466446287983,0.08744074337838341,1.453553450499709,4.204247307233072,0.9434293775338285,1.3237400042393448,4.313917997405172,1.1358094566986137,1.2527079797709548,4.117549459127474,1.3191592769893754,1.4760613079653178,3.885505308786778,0.049364125654366084,1.43420512351539,4.106316615340411,0.4913679675870733,1.3985021264404847,4.054957336226289,0.9761801772668905,1.2196519830117634,4.152851623641792,1.4183341430401057,1.1223365347234624,4.006639863854507,0.05836069868663933,1.5780367538770408,4.161784593239615,1.2605242718585892,1.4212141347753748,4.187662862491736,1.2446381639693214,1.4498557947341921,3.7878362071982132,0.10815165537033766,1.373531383579681,4.037904717281928,0.9844823294778244,1.4658555134391584,3.8283324359696906,1.065142403808018,1.3376796997889406,4.137348551948267,1.195208449479803,1.4488775408162955,3.7809434140212947,0.06752620826297175,1.307017937260069,3.8969088624300974,0.5290877693158397,1.4637400598979597,3.9762963614159164,0.9990369886540079,1.289999450390279,3.8671834722232727,1.3968553373797106,1.245182826085781,3.864376548182529,0.05804424171490595,1.4805171430927535,4.0627190197259315,1.152654889654784,1.4180241126795887,4.0618704548273445,1.1221177777256055,1.448232481649545,4.02789378105521,1.4006158086385987,1.2303631908394979
2.94767,3.981029956937415,1.3902041604975033,1.1125812707440657,3.9471639517987938,0.08703783951960502,1.4541010469175044,4.203952670187607,0.943268029234624,1.323960992991979,4.314580941890299,1.1361077429086759,1.2526042333047007,4.117025749682683,1.316449314660663,1.4772542053129862,3.88582860324137,0.04944675592595512,1.434616972593949,4.1062863589529695,0.49154983665357505,1.399016482088895,4.05479726598332,0.9771035684770578,1.220250922604398,4.153171492513759,1.418937476174344,1.1230273077082171,4.006285451092251,0.05684659548991649,1.577983337761622,4.161733777245709,1.258469159691538,1.4221434285664194,4.187702914050607,1.242579482133115,1.4506989451857217,3.7880374309919236,0.10803342054381927,1.3736614485481518,4.037500830239154,0.9841089018615039,1.4663086543334178,3.8292525433612705,1.0645033169647955,1.3381627654015535,4.1368162327328575,1.1965986390977892,1.4506940588836432,3.7809855044403915,0.06750980603540378,1.3070522031509164,3.8962100859775597,0.5291979350895863,1.4634870838292329,3.9761193497453515,0.9998416051319129,1.2905068700090052,3.8672162929067118,1.3963045151232634,1.2455518050768324,3.864588663163713,0.057890668063133484,1.480437350357685,4.062608734053693,1.1535223196608169,1.4195171161206221,4.061855966822213,1.1229779359998233,1.4497100054136345,4.027825322751571,1.4009533976832187,1.2310973628860653
2.95766,3.9811192603809644,1.3898723494173015,1.1130776735342471,3.947520460913455,0.08674259329280218,1.454567215209634,4.20367326840919,0.9431910538212869,1.3239360960500244,4.315580717636805,1.1367533849827465,1.252737797871596,4.115422117583189,1.313504069261397,1.4776999186247555,3.885842016366031,0.049632712481301335,1.4352926949577436,4.106145228028372,0.49178201103023944,1.3990703537433264,4.05450492031117,0.9781854585682351,1.2208419633423797,4.153312824007871,1.4195387703942082,1.1238190903035048,4.006011669646478,0.055684883881381174,1.5779624538687922,4.160976821581807,1.256234240743509,1.422671059367425,4.186986683888982,1.2404610996523133,1.4512471970626466,3.7880877489428633,0.10805058071715955,1.3737365351339434,4.037240185819077,0.9837866328411088,1.4668071055587975,3.830082352920598,1.0638445766765052,1.3392387448056218,4.136499109882911,1.1980144023295898,1.4524139151997175,3.780943252586944,0.06761344761496729,1.3070538914164236,3.8956104369553666,0.529380732068294,1.4632748050901723,3.975937199057768,1.0007837621133733,1.2911506697304658,3.867166149649045,1.3956315525954393,1.2459091277590315,3.8646453827413527,0.05785712266837969,1.480375046969866,4.062560042934656,1.1544490925529518,1.4212062610493974,4.061914212578122,1.123964398230554,1.4514627811987824,4.027562689874974,1.4012478329878582,1.2317455573006022
2.96765,3.9814795115450416,1.38960737794423,1.1139751556414896,3.9470309537940187,0.08736404951677539,1.4543095562771213,4.2035950170379515,0.9430554830970758,1.3242567629870223,4.316487836185996,1.1372026823737613,1.2526808239491007,4.113974202558019,1.310180379868352,1.478656437176147,3.885351304628085,0.049990459971893456,1.4355058685595914,4.105811255558958,0.49209763903669057,1.3984161471576846,4.054509540345539,0.979436056370179,1.2215905152351119,4.1533647374764415,1.4201149341612296,1.1251059401109746,4.006227938635248,0.05715389784527283,1.5776428724455798,4.160425149098855,1.2538847011427365,1.4232601510217826,4.186413483651576,1.238020183150606,1.4518125988474868,3.7882145999341357,0.10812750565462871,1.37361303748099,4.037398650305552,0.9834349634358422,1.4675527991107828,3.830837895068141,1.0631695927285758,1.3401524876320172,4.135776616963337,1.1995641154934595,1.4545713913727445,3.781023239542413,0.06770401190778885,1.3069557867075645,3.8952151866663507,0.529525153299376,1.4633397382720656,3.9760331430199893,1.001855401579501,1.292120045299267,3.8669491536758382,1.3949252275676143,1.2464769564586975,3.8646252340023857,0.057945746870005845,1.4803366713569641,4.062392567076065,1.1553684559930293,1.422871188609989,4.061770098126973,1.1249695568353788,1.4532266072513749,4.027328825692964,1.4015174835314148,1.2327806388604936
2.97764,3.9820753689225614,1.389512240866534,1.1151392105268845,3.9461812383993187,0.0882863388198386,1.453565328912749,4.203666090517586,0.9428885173540253,1.3247658864654754,4.31714099062377,1.1372332940644923,1.2524103820561456,4.113227087469748,1.3066625142117019,1.480300103038877,3.8844470497564787,0.05030013369278288,1.4357626540347108,4.105146213840763,0.4925463456582849,1.397447134651147,4.054752837207237,0.9807489256060179,1.2223588911465988,4.153495449682653,1.4206240539915458,1.1267247212837237,4.007042356895222,0.060390035648560964,1.5770283169474988,4.160364835681091,1.2514720900022138,1.4240794796996645,4.186301360145282,1.235289581781799,1.4525238062981451,3.7883849949892285,0.10821297685219756,1.3733821611798802,4.037801302839725,0.9830918992765062,1.46837564207551,3.8316810409364828,1.0624331217205942,1.34067318462279,4.134729884610985,1.201235538316665,1.4572015088773727,3.781187955544419,0.06772944787569933,1.306837370486439,3.8949824861993823,0.5296640697559811,1.4633978547731779,3.9763368649155413,1.0029733705768864,1.2931878157988133,3.866639212682457,1.3942761956800183,1.247205147248638,3.864597716115951,0.05811478847097462,1.4803520696853634,4.062126312402989,1.1563363058499936,1.4245510419871736,4.06145060599098,1.1260033091957202,1.454991284005773,4.0271717822566595,1.401813036512848,1.23407850180736
2.98763,3.9825534717446542,1.3895242606524987,1.1160492822649177,3.9460573862228583,0.08810555816180138,1.4531453451737444,4.203656013657932,0.9428373145647057,1.3248607036724966,4.317576733593395,1.136916319514977,1.2521983547896562,4.113065207541874,1.303328951007531,1.4820131411716038,3.8833799209296704,0.0502226067435997,1.43720898224347,4.104039751821469,0.4931371849066369,1.3968586193237447,4.054826498897686,0.9819378167360677,1.2228510098037915,4.15386528726862,1.4210323970824381,1.1281557087740657,4.008191671895675,0.0625128753383983,1.5764029684317733,4.160529919849616,1.249036532343159,1.425052817227896,4.186444549662671,1.2325207918388248,1.4533466382608973,3.7883877254764777,0.10828768687060424,1.3732748225176066,4.037974268479209,0.9828837301709912,1.468908548571905,3.832831286598432,1.0615673620884922,1.3409896628528457,4.133879890803462,1.2029418429350982,1.459995623798362,3.78123134179204,0.06771922306450516,1.306848993709248,3.894765881386333,0.5299151171964419,1.4629093137533487,3.9765190866048186,1.0040042534150542,1.2939055205013816,3.8663873588278066,1.3937371275304504,1.2478343322427288,3.864596091829075,0.05829405664231042,1.4804459700223929,4.061898189916066,1.157484869349621,1.4264710082132126,4.061169120625651,1.1271589438353484,1.456938702851666,4.026989765649713,1.4021827632586752,1.2351147078344171
2.99763,3.983044166525875,1.3896896315035714,1.1167735004079655,3.9459425896340585,0.08737588540872382,1.4530320660145648,4.203475885870047,0.9428373389830458,1.3249792684816792,4.317709460668367,1.136381448541297,1.251971142847289,4.113324419619372,1.299998612916836,1.484067331439739,3.8821079140416335,0.049951968685422864,1.4389773930936733,4.102756533684733,0.49360935215267093,1.3963552853720722,4.054772008355323,0.9829471728186592,1.2232621605761775,4.154386097263407,1.4214909104914422,1.1295039422712516,4.008891879607354,0.06372370650793106,1.5759641137213258,4.160845133128849,1.2465555753834139,1.426282291440284,4.186793008614172,1.229693154572706,1.454333131789766,3.788277999452944,0.10834012227755102,1.373224333299179,4.037806645665811,0.9828117901102711,1.4693323199035053,3.834283868558964,1.0605973445993744,1.3409460851424075,4.132924972093997,1.204822758941523,1.463101023695316,3.7811835870417565,0.06770857797271251,1.3068754156281497,3.8944809105202984,0.5301948795124286,1.4621775191161714,3.976533270368957,1.0049206822094627,1.2944087660339598,3.866121817629985,1.3932262256287313,1.2482330575178295,3.864570047203836,0.05842536416585593,1.4805111096611951,4.061586128335687,1.15887598592955,1.428619152614785,4.060784651573649,1.1284980457721652,1.4590455230022217,4.026752827746306,1.4025941333630187,1.2360107707246073
3.00762,3.9836412567864246,1.3899413657940765,1.1174792195591765,3.945231969230849,0.08678877315726931,1.4529755028176963,4.203156653483168,0.9428197406994252,1.3255914659778094,4.317518481764749,1.1357346725297939,1.251625072388506,4.113771266725809,1.2965103523846127,1.4865687967020753,3.880703247758941,0.049665352095474485,1.4401081981270087,4.101606940101491,0.4937702506754152,1.39557452999916,4.054709295352346,0.983786502616731,1.2238781471297762,4.154873028536391,1.422035649610943,1.130906576254388,4.008675470415002,0.0648393229136487,1.5758065787637179,4.1612289909729805,1.2440203835608652,1.4277328381729872,4.1872562219673,1.2267756521488038,1.4554410486506688,3.7881941991425343,0.10835730149154783,1.3731471122532777,4.037399474690878,0.9827879382743998,1.4699407947440586,3.8358237967146263,1.059581430905017,1.3405191310080737,4.13155920016403,1.2069523767194734,1.4663872869321921,3.78115064802809,0.06769452937094236,1.3068338945702525,3.8941585784846677,0.5303707564816338,1.4616675544070197,3.9764374335028716,1.005701143655817,1.2950097438637418,3.8657349737875704,1.3926447068207641,1.2483776196179925,3.8645173132275845,0.05849027591434791,1.480496100001941,4.061050806447801,1.1604613745331598,1.4307616221749822,4.0601461074663066,1.1300133419687044,1.4611171789904347,4.026428382724266,1.4029614616555541,1.2369509270904782
3.01761,3.984086835798072,1.389950476970718,1.1181696916309978,3.9446212456359553,0.08608950031987332,1.452810742817943,4.202863013828805,0.9428339027630043,1.3265785141173618,4.317188249745225,1.135006984164058,1.251210928325813,4.1140761955342215,1.2930421252363635,1.4888043460332572,3.8796044362217015,0.04918907122641565,1.4407359999086127,4.100737321603641,0.4937254464183226,1.3946253926126282,4.054631381063757,0.9845182041754514,1.224842471631013,4.1551259128811715,1.4223925613652912,1.1322003830079146,4.007994182105471,0.06593966715816091,1.5758851033316608,4.161477966419117,1.2414605183431735,1.4290235963508946,4.187581613160022,1.2238574752361926,1.456413645342345,3.7882581449847668,0.10832207326984725,1.3731055200299163,4.037022859892984,0.9826381539065157,1.4708921137520994,3.8370089318745757,1.0585784390985074,1.3401409078096453,4.129970988420378,1.2091613619175376,1.4689833442381495,3.7812282242254573,0.0676036377573083,1.3068584604912772,3.8940019841878915,0.5303503345442847,1.4616037767617243,3.9763134625120564,1.006285811889953,1.2959798009378758,3.865193173087779,1.3919480432668765,1.2483777705768317,3.8645683234940216,0.058538013567137344,1.4805294104467641,4.060284900857798,1.1620483884614436,1.4324339695269883,4.059303981806922,1.131602717845293,1.4627989570945557,4.025937173133343,1.4031621649999555,1.2378554267011541
3.0276,3.984354378275401,1.3897456518991695,1.1189294702543129,3.944411062981752,0.08514733707731832,1.4526252069224534,4.202683853906654,0.9428511139243,1.3277093349609017,4.316930131744988,1.134335739955535,1.250751303696452,4.114149071999611,1.289566576643278,1.4906229514670717,3.8789025777696406,0.048544326535068114,1.4411947810606265,4.100128317794423,0.4935578127653308,1.3935346711242984,4.054594264061935,0.9852028238424497,1.2260360414354878,4.155154276664938,1.4225823262605284,1.1334296798414445,4.007196135050952,0.06692756784707064,1.5761992016915602,4.161584448425556,1.2388683722171656,1.4300670857365227,4.187767771901559,1.2209781708399066,1.4571874938932285,3.7884477633237252,0.10825493900017132,1.373075759981991,4.036807951107432,0.982321202170782,1.4720576729304504,3.837775722540091,1.0576935083546704,1.339996697422881,4.128371219951217,1.211348845453671,1.4707542872232429,3.781388277297231,0.0674435104563,1.306935278266063,3.8941038807524473,0.5301594475427753,1.4618332024108442,3.9762499787920977,1.0067334335250742,1.2972216449229748,3.8645848947588624,1.3912503330843855,1.248419475114932,3.864701027264253,0.05858593551343763,1.4806047861384815,4.0594042565427095,1.1635903718041614,1.4335890998317757,4.058386580099761,1.1332226823626788,1.464043999696061,4.025310821920794,1.4032593402853806,1.2387845742691477
3.03759,3.9846051774842492,1.389609179760787,1.1198655675863776,3.9444738601583085,0.08403712487133151,1.4526501514448815,4.202629006116475,0.9427955741712827,1.3287837572922023,4.316923101803307,1.1339189752226275,1.2502467173537124,4.114031482572379,1.285837550487513,1.492340489334625,3.8784227865710075,0.04789554252354251,1.4418056926940754,4.099662724711385,0.49329825659030613,1.392268615015084,4.054698942410181,0.9858615883338349,1.2271899307899776,4.155111785494614,1.4228536039499136,1.1347988604007035,4.006457219767396,0.0676866012469777,1.5767700149457555,4.16164532321199,1.2361640357643178,1.4310175653356427,4.187952879731031,1.218076106017494,1.4578619245803093,3.788639725079334,0.10820454219581035,1.372969346192455,4.036728982260914,0.9819243879043591,1.4731469815959342,3.838343157313779,1.0570323660673813,1.3400444481266458,4.12689556510681,1.2134990267684609,1.472167531398799,3.7815167664795917,0.06728904704067916,1.306936114234403,3.894438608289071,0.5299040853722944,1.461985219149032,3.976314924956137,1.0071600762550077,1.2983943521474783,3.8640508206238247,1.390726553519502,1.2486601583973573,3.864779339576887,0.05862515114222912,1.4806133826971544,4.0585667057669035,1.1651557884842654,1.4345081731076368,4.057523014394096,1.134884212598955,1.465058690304944,4.024643699659294,1.4034188777630956,1.2398795341915851
3.04759,3.984845123264688,1.3895290077463838,1.1207863564820122,3.9447185575452473,0.08293814817353658,1.4528572825099628,4.202678022564408,0.9427261749459724,1.329947894568709,4.3171632983165225,1.1337950236446181,1.249773155688438,4.113410474283559,1.2815054524609037,1.4939628044664963,3.878232413614141,0.0471763222344461,1.4425053422563943,4.099332500091881,0.4929402074594648,1.3910419961341163,4.054958986683766,0.986341193504906,1.2282799782874845,4.15501862794161,1.4232643672121628,1.1363328038565168,4.00591897518115,0.0683787573324892,1.5774837547684586,4.161429316893676,1.2330792731028095,1.4318950858528576,4.187881063565126,1.2148445413260267,1.4584708788277978,3.7887769036045387,0.10820648699779577,1.3727893361902201,4.036607066195665,0.9816075607726756,1.4741547654926668,3.8387083385462453,1.0565177842013134,1.3403037312161572,4.125436058595392,1.2156282138375176,1.4733891271293504,3.7815636579909597,0.06719372291657645,1.3068558786824482,3.8949102461502427,0.5296313819194113,1.4620185147740785,3.9764535189530745,1.0074651265057244,1.2994039455115807,3.863532515036318,1.3902389012676857,1.2488578864566822,3.8647724548653377,0.05867394789563399,1.4805583343240134,4.057701084385183,1.1667289710367135,1.4353199503213592,4.056621661336088,1.1365859088632888,1.4659958297702018,4.023874851545432,1.4035505119882616,1.2409931000854315
3.05758,3.9850537190999455,1.3894296880798642,1.1215792514730176,3.945016889880881,0.0819790502215023,1.4531871455035072,4.202824310339549,0.9426688431946448,1.3312828270506893,4.317563410667974,1.1338899770617161,1.2493959976587117,4.112150034216533,1.2765134901546094,1.4954284230964077,3.878338410800967,0.04628780154232956,1.443213974171675,4.099018657406568,0.49247494694387356,1.3899575085044416,4.055345442642981,0.9865416510114833,1.2293339413427125,4.15488769113107,1.423781171320154,1.1379848490131301,4.005639426922663,0.06914357739860062,1.5782296681987988,4.160803292624226,1.2295303872527996,1.4326903830038646,4.187396062824958,1.2111708415990572,1.459027541301339,3.788885629839841,0.10827097069774709,1.3726148416856683,4.036389024782205,0.9814444817534999,1.4751341122810924,3.8388530434691495,1.0560334305489254,1.3407578449818311,4.12395141861795,1.217613153975424,1.4744877537774643,3.7815608585559244,0.06718270527271283,1.3067702438671132,3.8955168141787664,0.5293446452079913,1.46208134878094,3.9766284423401315,1.0075663313560834,1.3002764855336708,3.863006782407147,1.389647526985008,1.2488796087814202,3.864750662912373,0.058741521216594914,1.4805006254902415,4.05677075373346,1.1681735628947811,1.4360885348014227,4.055635452527168,1.1381964154650872,1.4669340920911682,4.023007410083195,1.4035549881406233,1.2420188799747376
3.06757,3.9852660195248597,1.389307576316862,1.1224646087997743,3.9451458772539914,0.08112622931381461,1.453682788020825,4.2030954644476735,0.9425106430977119,1.332549116661991,4.31798407510572,1.134009199460831,1.2491029863269572,4.11068481847243,1.2713937952535899,1.496768208676578,3.8784738330648967,0.04522453186352499,1.4440606090022086,4.098339318926328,0.4919159876569177,1.3887586275096526,4.055798981026748,0.9865800650184176,1.2303350231340688,4.154805277535961,1.4243236424814332,1.1396957314651404,4.005526668749088,0.06990913747765305,1.5789921112859524,4.160033935022394,1.2258775011657868,1.4334370196973147,4.186784078577725,1.2074323641684963,1.4595562968156635,3.789095128055918,0.10836827211307469,1.3725992224034742,4.036335524160179,0.9813043470752197,1.4760787955546102,3.838888836085211,1.0554986356431784,1.3412693811653074,4.122639195469437,1.2190913455232284,1.475579898607396,3.781642626405044,0.06723987153020841,1.3068188153206683,3.896456615932196,0.5290041434356604,1.4624540627101819,3.976901772561813,1.0075572880420092,1.3011159686697498,3.862631620193439,1.3890027763472146,1.2490362417180492,3.864892110601228,0.05880363520180257,1.480531562954003,4.055929255875866,1.1692102589448614,1.4368758820202834,4.054720953986035,1.139377676615319,1.4678691346522261,4.022251341245129,1.4034822550505166,1.2431101954755464
3.07756,3.9855823386225637,1.389272086754793,1.1234016648102945,3.94496304965299,0.08047900136412983,1.4543236923156393,4.203345337615795,0.9423117851823474,1.333674337801048,4.318180599937807,1.13390788665746,1.2488018491528565,4.109609307156678,1.2667103623705358,1.498102978089856,3.8783842579929004,0.04424570179415217,1.445072147353572,4.097315244354951,0.49139566394754136,1.3876115533648885,4.056163933116898,0.9865864644985154,1.231267095716388,4.154899970680514,1.424862125261429,1.14134782254203,4.005466323447333,0.07060386124775113,1.5797147710350898,4.159464997623331,1.222466407329415,1.4342218406059277,4.186353138353938,1.2038947825937283,1.4601143990466705,3.7892600290094562,0.10847936374870182,1.3726861143181286,4.036357168046228,0.9811933511896618,1.476968181024515,3.839130823532915,1.0548611616382824,1.3415304269399075,4.1212521921166205,1.2201761997225165,1.4772093154551615,3.781695250055226,0.06734809264471181,1.3069350182917403,3.8974717908610157,0.5286730325999812,1.4629984019466014,3.977138635687868,1.007546975532178,1.3019344468287628,3.862443123107744,1.3883886251237707,1.2493453311258218,3.8650497899703717,0.05885507591023537,1.4805903838976018,4.055130658642232,1.1699034899080782,1.437982129686076,4.053838791662029,1.1401169818026406,1.4690241436304232,4.021684942736737,1.4034375723965662,1.2442308106768012
3.08756,3.9861162187236356,1.3894525360137808,1.1241615270611989,3.944485237960644,0.08018780716513879,1.455042338489731,4.203366947842503,0.9422527804848784,1.3347823950329258,4.317946325092446,1.1333983726720778,1.2483923474969219,4.109378456750285,1.2628345748139553,1.4995469998640742,3.877967530850788,0.043695995651558205,1.4461634598227389,4.096316305198009,0.4910873934115336,1.386985656371969,4.056284973739799,0.9866413759951321,1.232152935068884,4.155280651598897,1.425397383806133,1.1428250939421984,4.0053606051451345,0.07120225109765192,1.5803536614625717,4.15935107322183,1.2194987947146845,1.4351218505214909,4.186290125333714,1.200641420972225,1.4607520392884925,3.789121935073465,0.10859144616563732,1.3726896393636179,4.036132911335697,0.9812079859665752,1.477811042517641,3.839911279270636,1.0541110519739645,1.3412630763821543,4.1192992765616845,1.221347602195408,1.4799805701938196,3.781497428506944,0.06748031998819858,1.3069357063254676,3.898097984781939,0.5284473364592288,1.463332968743976,3.977113935032204,1.0075941134579152,1.3026989741704822,3.862369751846642,1.387863745341808,1.24957812567022,3.8649263787037182,0.05890096693958804,1.4805374907012658,4.054191454685929,1.1705851263161033,1.4397493725371848,4.052814494933079,1.140698437681137,1.470699965991556,4.021255381229082,1.4035098428651045,1.2452084590299797
3.09755,3.9867950909976275,1.3896391858054793,1.1247883804699148,3.9441737695326675,0.08003842289433494,1.4558370144202921,4.203385189987692,0.9423427696871244,1.3361420667288644,4.317691898070414,1.1327492184030343,1.2480380147617394,4.109328418460542,1.2593417987359916,1.5008247774262244,3.8777314931721807,0.04330233324981555,1.447185592995746,4.095710622412215,0.4908922791156859,1.386980380294855,4.056397407476047,0.9866157116294425,1.2331789642670765,4.155807513699696,1.4258458685873239,1.144239544075673,4.005224102397149,0.07180538661763287,1.581136271653197,4.159353145496857,1.2167431891130907,1.4359464434739433,4.186274742642252,1.1975599218249013,1.4613406201454229,3.7890409808799874,0.10865937420946123,1.3726711638941542,4.035767609016045,0.9812395967157802,1.4787875735808276,3.840847175464643,1.0533650278988915,1.3410058581745572,4.117037660314636,1.2228446132899018,1.4830052223871029,3.781363158102489,0.0675425818662467,1.3069315564542152,3.8988084117358697,0.5281434039814249,1.4636379357477773,3.977011341680346,1.0075149353974526,1.3035552068850296,3.8623847472750215,1.387313258379222,1.2496744801854982,3.864865243529145,0.058903535786492614,1.4804793422671991,4.053159077834746,1.1714433495296017,1.4417123053999705,4.051709907138837,1.141461790452662,1.4725812762569197,4.020890556894789,1.4035410948575286,1.2460747478085397
3.10754,3.9874711457052334,1.3896450894245211,1.1254243813758054,3.9443274818872367,0.07981842713994387,1.4566588364137683,4.203574161545975,0.9425362780580369,1.337914249943626,4.31778032810396,1.1322595701645637,1.2478429907827944,4.108818438259342,1.2558710348850302,1.5016088884651562,3.8780408446728405,0.04276295362276199,1.447976035715745,4.095570197520342,0.49071230687895856,1.387505970958076,4.05668630690099,0.9864427326062948,1.2344850878589235,4.156280487420919,1.4261559261156462,1.1457241107055047,4.005021717011042,0.07248519489717108,1.5821962609022897,4.1591326829645485,1.214007599644026,1.4364736043447466,4.186024070193234,1.1946133804181587,1.4617221718714875,3.789243488972236,0.10868884444775834,1.3726846366174759,4.035404442122105,0.9811786657034375,1.4800255554664299,3.841531771819369,1.052738528431375,1.3411676353282782,4.114914111549491,1.2246050983398433,1.4853131430838615,3.781476412892301,0.06752885248509763,1.3069996597566378,3.9000083031941126,0.5276235020138127,1.4641945313261846,3.9770044270036946,1.0072037920541446,1.3046314499413052,3.862415489138163,1.386684925296146,1.2496678543760842,3.8650663331427917,0.058855774889628114,1.4804885824847067,4.05217057729544,1.1724685003147535,1.443313532888616,4.050677799456403,1.1425157181421608,1.4742235922506524,4.020521315526074,1.4034219279730795,1.2469372875954907
3.11753,3.9879748497740954,1.3895459752081474,1.126201265747234,3.9446619246000534,0.07955458431139346,1.4573278298086318,4.2037379870432074,0.94279398829756,1.3399458608018628,4.318089480357638,1.1319829556230756,1.2476355803052919,4.108005205118487,1.2527195837016774,1.5017419899871043,3.8786063502031864,0.04212111712216878,1.4483900059064405,4.0954261556884415,0.4906229610519545,1.3883556777453334,4.056990275058922,0.9862966221072231,1.236000359950233,4.156550107059675,1.4263876910054758,1.1472897752404054,4.0045707750896264,0.07317038024582675,1.5833098335306222,4.158754952779879,1.2114739882481862,1.4366020328449656,4.185657316546785,1.1920311025362569,1.4618026633025378,3.789321923608977,0.10879497445260569,1.3726195399673418,4.034987322128538,0.9810506153437061,1.4814297641374885,3.841984737788816,1.0522604307472876,1.3413899218420993,4.113251954950023,1.2261575499721733,1.4867448606777693,3.7814505451747666,0.06763207676409823,1.3069745214065478,3.9013629550505167,0.5270195488776017,1.4651033218341418,3.976985578602499,1.006850013024563,1.3058916766288788,3.862282575427572,1.3861533350376112,1.24965750476015,3.865068328914071,0.0588322982546105,1.4804248752641067,4.051389815877236,1.1733704503952878,1.444345099403947,4.049897438738921,1.1434966021880066,1.4753386512946536,4.020105366416541,1.4032864305864232,1.247895460661957
3.12752,3.988321695214067,1.389470181614868,1.1269580902936533,3.9450669549174746,0.07926719411520151,1.4578344051206842,4.203780473622554,0.9430909037078491,1.3420057990878596,4.318476508612676,1.1316420301177186,1.247326806041895,4.107695010886512,1.2501078653394835,1.5016655340525449,3.879274403069161,0.04143340763214684,1.448537042464446,4.095167666796389,0.4906103966280624,1.3894147140162136,4.057179092817046,0.9861336933000868,1.2375117428581042,4.156691487502638,1.4265995317442508,1.1488724190305488,4.004020393754498,0.07377185243913119,1.5843261939498383,4.158696475362685,1.209272277355932,1.4365575024147677,4.185414562318123,1.1895209778324283,1.4617073375038474,3.789248933193573,0.10893194975904397,1.3725320948354582,4.0344552425043485,0.9809521006378472,1.482831142309873,3.8426090028943687,1.0517829347988232,1.3413778954948632,4.11188339121175,1.2275189149459684,1.4878338555500024,3.7813141584384717,0.06780858253670775,1.306898446801445,3.9025372329088674,0.5264474841060223,1.4662501927407214,3.976858421030114,1.0064623728050397,1.3071498272821562,3.862017747922031,1.3857198134725957,1.2496909830239569,3.864894634544148,0.0588144113807703,1.480329767897327,4.050864971313224,1.1741211111495038,1.4450885771493491,4.049427674801147,1.144283143298646,1.4761230156539888,4.019722577161741,1.4031380693851436,1.2487890609091141
3.13752,3.9886594356145224,1.3895400680599612,1.1274174599654325,3.9455663873394453,0.07897063217866998,1.458311591544092,4.203723303831043,0.9434156248359807,1.343861719977236,4.3188400493019,1.1308646632978987,1.2469265428350895,4.108757208968771,1.2480494482429125,1.5020836891395373,3.880007973915129,0.040756797843582125,1.4487030831055356,4.094968009090259,0.49059527307734746,1.3906286815274436,4.05719901259412,0.9857777548961865,1.2387680158178167,4.156911424212383,1.4268387157398423,1.1503934542912404,4.003699872469658,0.07423011467039836,1.5852065975006273,4.159488026626064,1.2074118501631348,1.4367170254058188,4.18550931850318,1.1865465425792954,1.461675302927326,3.789292231698975,0.10895107164295442,1.3725765252128312,4.033783935379511,0.9809762521338738,1.4840536448023263,3.8438731274061997,1.0511100472937631,1.3410170449083219,4.110373759714847,1.2290387162304428,1.4893500168597003,3.781389904644025,0.0678524183711143,1.3069500924578956,3.903340917828761,0.5259591675830598,1.4673938116673542,3.9765797274651176,1.0059183099610787,1.3081709397253631,3.861796019432562,1.3852666422121227,1.2497615673613964,3.8649207822230744,0.05872269255862003,1.4803606119322932,4.050529434323001,1.1748950772116813,1.4460382748714997,4.049193177377026,1.1449921659403484,1.4770278879648973,4.019507309765231,1.402896593546532,1.2493658147702216
3.14751,3.989020660600266,1.389750886642153,1.1279421176950934,3.9458411804269566,0.07879807524127191,1.4588391739832,4.203593650156892,0.943766835658678,1.3454391738276947,4.319139100053351,1.1300890883389292,1.2464726979052647,4.109983269166964,1.2461457091443788,1.5025840149999126,3.8804650395329845,0.04027113278324029,1.4490142569545976,4.094681934062387,0.4906256611903213,1.3917953279143336,4.057090435831228,0.985418738975646,1.239814468276777,4.157165086326319,1.427155795872631,1.1519482149377713,4.003385858784882,0.07464241344922731,1.5860010507560462,4.160368594763199,1.2056930250807025,1.4369031636022132,4.185695038955303,1.1836896043509826,1.4616324586752696,3.789314787098481,0.10891094085744452,1.3726211810490743,4.033069428966566,0.980958268177478,1.4850817198208184,3.84514344862503,1.0505147747530643,1.3404850302023448,4.108949524726914,1.2304933224595975,1.4907183468340235,3.781470700074723,0.06782347693837845,1.3070076682580853,3.9039710309828237,0.5254774951973885,1.468449036044474,3.9761988794017458,1.0053354830749994,1.309019643927634,3.861584361893011,1.3849136513600904,1.2498332359547344,3.864953452279698,0.05860225178086163,1.4803930051773995,4.0502265614155,1.175656716128131,1.4468676981069697,4.048946283961535,1.1457054964680427,1.4778273477340702,4.019368732166571,1.402728522362452,1.2499995580345222
3.1575,3.989404320496937,1.3900788438110445,1.1289067179875458,3.945691486942687,0.07885317962627993,1.4595177371155301,4.203438980684476,0.9441433925737083,1.346709774408298,4.31930939643335,1.129771218351002,1.2459742104726002,4.110071797821465,1.2439706938883552,1.5026436169869715,3.880417919177075,0.04012888489274786,1.449609531578755,4.094209405328424,0.4907483600386821,1.3927407809057015,4.056901152888827,0.9852588515283608,1.2407648745515736,4.157359454645838,1.4275636087114296,1.153580080007704,4.002971859929709,0.07505773338244799,1.5867900659350969,4.160521062635379,1.2038724469045303,1.436882043872353,4.185690017267829,1.1815332194839452,1.461481652644658,3.7892190417631384,0.10886839895899043,1.3725593267233192,4.032445556901382,0.9807273954092396,1.4859609504922942,3.8458356762770785,1.0502058992692187,1.339976869472241,4.1077610314921404,1.2316294802047292,1.4914903665843307,3.781405095862987,0.06778474284332826,1.3069679588770622,3.904714228052404,0.5249088093515497,1.4693976345829665,3.9757805159138275,1.004838615030935,1.3098362537169657,3.8613443624531194,1.384766814198058,1.249982126529386,3.864825075941584,0.05849792003263836,1.480331482329169,4.049786650019618,1.1763237223018441,1.4473268819434926,4.048474833146506,1.1464160437690547,1.4783341465244921,4.019182838393624,1.402789363135979,1.2510745507642
3.16749,3.9898153783618704,1.3905420362585494,1.1302695964696248,3.945365524675597,0.07910372817867772,1.4605119412138494,4.203341161815936,0.9445360796617018,1.347621866289865,4.319204946982466,1.1298565098315216,1.2453819580414471,4.108938843725159,1.2413719257109679,1.5022726796563397,3.88005516389166,0.04034635115760891,1.450743064920976,4.093737577050603,0.49092554794323956,1.393439011341636,4.056632788622659,0.9852812607937386,1.241658835924012,4.157477712075276,1.4279984025976806,1.155115235214744,4.0029240979157885,0.07533166365262756,1.5876471669852876,4.1598855375671295,1.2018039466936516,1.4366807392165957,4.1854462860207,1.1799488112921963,1.4612885841336243,3.7892386129969924,0.10874705339732772,1.3725138757402986,4.0320413768350845,0.9802778959634385,1.4867404924845522,3.846168782485217,1.0499733514993759,1.3395367907558962,4.10640764508148,1.2324986510272709,1.4923160043781207,3.7814836694239187,0.06763862152039228,1.3069538913383254,3.905757729108481,0.5242215119624737,1.4702437574967666,3.9753605449984373,1.0044101206753464,1.3106992428526112,3.8611632713641395,1.3847524964112563,1.2505004823616992,3.86478079092229,0.05837573122284128,1.4803137024910598,4.049084693095336,1.1768557136137867,1.4478364707865083,4.047753617466082,1.1469667212130579,1.4788682955769779,4.018916458393514,1.4030472165209935,1.2525626807661625
3.17748,3.9902230228980646,1.3911121256698609,1.1317169038432031,3.944958624520021,0.07947195747004239,1.4618111455702147,4.203299880065444,0.9449485797381271,1.3482167662078275,4.318784974795899,1.1299194858328052,1.244849475789548,4.107413800103237,1.2389398751421083,1.501850276433787,3.8794958251266984,0.0408017422484664,1.4523891000624958,4.093167085212074,0.49115384973629866,1.3939495985702695,4.056278017010954,0.9853815294424859,1.242467075465924,4.157617107678912,1.4284368636307372,1.1565946374069032,4.003284688072012,0.07545187297292595,1.5885836747336453,4.158937356187027,1.1998926027257968,1.4364852219216522,4.184993432274137,1.1786920786867758,1.4611473538759117,3.789336260150449,0.10859882745324499,1.3724811897233604,4.031854482701246,0.979754143934664,1.4874454015627336,3.8463102110757648,1.0497557637110653,1.3391895995757213,4.10486454637488,1.2330990320351936,1.493511285931553,3.781686802061527,0.06745980349648678,1.3069425479372254,3.906957794565886,0.5235113302186405,1.4710698066142371,3.97494242090547,1.0039999503666655,1.3115870166534995,3.861059000540314,1.3848111971906694,1.2512903326202176,3.864801342591231,0.058257764502299525,1.4803128342509853,4.048182003244915,1.1772155792386159,1.4486217349764159,4.046840879796782,1.1472815969483776,1.4796218169908888,4.018646621368425,1.403380282157766,1.2541354273192784
3.18748,3.9905969257402845,1.391715338645892,1.132848019713005,3.9444205420635687,0.07985986679690166,1.4632376745387279,4.203262465957867,0.9453931021817913,1.3486510655310986,4.318173100200997,1.129463647337202,1.2446617254964214,4.106656904277881,1.2375730999426837,1.5018682014484546,3.878782482420581,0.04128648316529347,1.4542549285468678,4.092200166395902,0.4914600486270598,1.394392231001685,4.055852926886157,0.9854323926313702,1.2431552017777765,4.157930997521613,1.4288901333207713,1.1582120914306364,4.003708947786095,0.07552567793556922,1.5895492138756406,4.158367919024311,1.198793487898798,1.4365284814974364,4.184412502516663,1.1775366195591948,1.4611442428219008,3.789289501768891,0.10856048855384752,1.3723640240527863,4.031776008947693,0.97936173301651,1.4881027451431699,3.846298896161914,1.0496505740445923,1.3389721395654341,4.103503494322971,1.233376998732772,1.494895461429785,3.781765024941182,0.06743225839709338,1.3068122795522519,3.907985406649718,0.5229329624723442,1.471996553888459,3.97452059204445,1.003559183454044,1.3124327912955742,3.8610087218936116,1.3849207018794631,1.2519830514651613,3.8646712699466486,0.058202082465129305,1.4801931156442842,4.047318683161092,1.177377035108943,1.4495921066287711,4.045899743307588,1.1473807770834097,1.480543127249174,4.018511421375632,1.4036383976022455,1.2553630250547247
3.19747,3.9910666165027853,1.3922578863766428,1.1337751595897938,3.9438377609129502,0.08018891022896313,1.464519310427924,4.20327764565962,0.9458625527344361,1.3492695844347489,4.317865243239893,1.1289868609016496,1.244878953684494,4.106203750859804,1.2366870323379728,1.5020689477804325,3.8780794678939987,0.04166416615961369,1.4559055703307595,4.090904725526097,0.49183288230550226,1.3949031260832776,4.055516962011162,0.9854568046970766,1.2439209201784633,4.158404991071602,1.4293314199932454,1.159902539086958,4.003957420867258,0.07561384309626655,1.59042787241116,4.158058068025038,1.1981202656679257,1.4367279910323878,4.1838430046922825,1.1764986115486125,1.461282489165403,3.7892561272401766,0.10858555857510459,1.3722451551464663,4.031707338323107,0.9790593848576483,1.4888528984449874,3.846137407061186,1.0497265593111285,1.3389928117632117,4.102871178996792,1.2333964386469467,1.4956799042276048,3.7818417863588283,0.06747858411041135,1.3066775264938046,3.908924551491065,0.5224303871381041,1.4730076749847947,3.9741727734153534,1.0031174668102338,1.3133310249803751,3.8611429241659354,1.385099820692085,1.2525960433688343,3.864512010702249,0.05817060311179633,1.4800861444729394,4.046893805923521,1.1773788244601366,1.4501809954553275,4.0453870281736295,1.1473600777438084,1.4811073758690492,4.0185358080046205,1.4038172788092282,1.2563772043659078
3.20746,3.991698055972318,1.392708763955818,1.1347214492778157,3.9432353988167854,0.08047434369221709,1.4654698179151748,4.203378018150889,0.9463472883780167,1.3502600113699688,4.318084373656726,1.1289476844260833,1.2453636297835335,4.105444978153545,1.2356932580997593,1.5020813646282403,3.877430755419966,0.041945938180320504,1.4570671693966635,4.08944474926833,0.4922707188118905,1.3955805269017252,4.0553903498433925,0.9855272818263413,1.2448818288165238,4.158951211147879,1.4297885377595219,1.1615919537892168,4.003924327137514,0.07570677543942786,1.591103112152554,4.1577230984427445,1.1974529653596109,1.4368975971285147,4.183334782882876,1.175657470750838,1.4614676243257303,3.7893671092331767,0.1085992401509378,1.3722004296695443,4.031569827814167,0.9787641678777325,1.4897528958812492,3.845967316519551,1.0499502289832552,1.3392677185634037,4.103152607543839,1.2332930226077201,1.495566217712895,3.782027546086095,0.06748379277544445,1.30664525551395,3.9099461603194814,0.5219160930340803,1.4739737135500552,3.973959453139942,1.0027321440729584,1.3143226054996509,3.861489712262233,1.38533169693028,1.2532133235012146,3.8644544233922655,0.05812589195595984,1.480101962927955,4.047091923972215,1.177303953093582,1.4501732442687438,4.04554350542372,1.1473230086693473,1.4811187712922185,4.018667417605748,1.4039760296840567,1.2574173912161064
3.21745,3.992325075611368,1.393165172015091,1.1357709699308978,3.942433852721978,0.08089069922368282,1.4661298595320449,4.203497495585768,0.9468368760720792,1.351375887462142,4.318291017077497,1.129075095048701,1.2457577189633355,4.104583359068063,1.2350016165181743,1.5018236629871484,3.8765741652603443,0.04236964443700644,1.4578679194639796,4.087932424134592,0.49280722280326933,1.3964297601157143,4.055422827773756,0.9857064386902035,1.2458418993442009,4.159447909600835,1.4304075407982408,1.1633373387112924,4.003692091876508,0.07568870055633337,1.591500807002706,4.157309395930094,1.1970173215748292,1.4368715272582264,4.182742822242613,1.1750790004328744,1.4614834742324692,3.789447058153484,0.10859566178039187,1.3721752402957172,4.031321575198482,0.978481305539406,1.4906202016146364,3.8461960586890083,1.050120136209657,1.3395912941945722,4.103728383254909,1.2332542611225752,1.4955742538365397,3.782157492075823,0.06743769390102565,1.306652466482066,3.911095514247514,0.5213892985027747,1.4746433160363006,3.9738551470647545,1.0024634844274025,1.3152338995465547,3.861783430523328,1.3855094182529857,1.2537867638740736,3.8644223790155774,0.05809565107538133,1.4801325284247135,4.047575974813406,1.1772748194065583,1.4503237803302693,4.0459954283783786,1.1473365278752397,1.481306985574786,4.018783565733218,1.4041945056135672,1.2585447053706216
3.22744,3.992865520255595,1.3936514252517438,1.1368957286555148,3.9413794577250143,0.08141847844005334,1.4666825861076938,4.203602036918447,0.9472401802664864,1.3524900990007271,4.3183314885531665,1.129263467105042,1.2460509839501817,4.103894706410565,1.2349768210561942,1.501461263269197,3.875433341249889,0.042934195277964014,1.4585636187027717,4.086404634841092,0.49335236084490436,1.3973996354736522,4.055549142962269,0.9859228959214289,1.2467353517708886,4.159820404089999,1.431114666532494,1.16498645311894,4.0033935314784985,0.07547358025903315,1.5917184106855158,4.156961042295112,1.1970857291847794,1.4367644597173104,4.1822139847066415,1.1750126938658734,1.4614261491538758,3.789393624735753,0.10858933848539835,1.372188524990176,4.031007967055962,0.9782478962469177,1.4914169360859044,3.846653329727398,1.050258818507197,1.3398981338711153,4.10422760451553,1.2333041660739956,1.4959630280295189,3.7821497432918805,0.06738258450146693,1.3066920503866792,3.9122320593854387,0.5208941805062628,1.4751139503694206,3.973839417476283,1.0023022266411112,1.3160395649174208,3.8619883433916393,1.3856766642834364,1.2543364463160978,3.8643692825100873,0.058081124384373566,1.4801462165133512,4.048035429606501,1.1773387808036793,1.4507934017983153,4.0464096948444785,1.147426549622262,1.48180815566451,4.018867443431169,1.4044551409123114,1.259721959865458
3.23744,3.9933081808116375,1.3940991225610855,1.1379853134059226,3.9401795161818756,0.08189705220770349,1.467354262852982,4.203695809679425,0.9474530079250328,1.3535990749161484,4.318441205579056,1.1296078597189005,1.2465243009678773,4.103571461998388,1.2357727952299016,1.50126933030578,3.8741468295307504,0.043458914338673604,1.4594060322951699,4.0849011279537075,0.4937452413285461,1.398399193444654,4.055706326316279,0.9860293897060147,1.2476146235996939,4.160031363437312,1.431664022609038,1.1662506975616473,4.003180063455843,0.07502502473267707,1.591958258240389,4.15690505597223,1.1978307708744746,1.4368649013072088,4.182070801881476,1.1757585288352703,1.4616064331035377,3.789217020180588,0.10860374920111808,1.3723078517931622,4.030728759795361,0.9780974339478674,1.4922239070635457,3.8467540235298845,1.050539082270228,1.340244484013232,4.104566240744316,1.23337410203189,1.4962391391021646,3.78203993833471,0.06738220281244037,1.3068007403095414,3.9131646055523883,0.5204764709293239,1.475741897368283,3.973894648421749,1.002177034802243,1.3168365244386688,3.862233426325239,1.3859689756708344,1.2549240127399097,3.864295699303699,0.058064309023243645,1.4801923045372751,4.048259183855425,1.1774907562278571,1.4511738815519106,4.046576601727238,1.1476076564324502,1.4822066421732176,4.018969143410026,1.4046666018628138,1.2608418660813259
3.24743,3.9935180104365244,1.3943357718269185,1.1389075202795107,3.939139228721259,0.08236248165721957,1.4680789216988406,4.203790142821011,0.9476619586829096,1.3545845574816078,4.318798611525094,1.1301406048756537,1.2473344680804213,4.103467792444227,1.237140539483033,1.5011577039364752,3.8730177360410076,0.043990968573492197,1.4602609842118128,4.083798519350498,0.49401727757624236,1.399320082582968,4.055818283581722,0.986068551616451,1.2484065456038964,4.160013916028282,1.4319337522719118,1.1671129748547038,4.003178515567384,0.07438716058381611,1.5922362085720387,4.157048470514481,1.199016621230571,1.4371433586339748,4.182161429229885,1.1770436652254084,1.462016070859309,3.7890410167311988,0.10865547771889031,1.3724596288422735,4.030504875476408,0.9779487728117912,1.4929742658814307,3.8464271087393342,1.050840967380944,1.3405874259968593,4.104648940233666,1.2336601844849286,1.4959973709519638,3.7819753812367307,0.06743541400701158,1.306906749572233,3.9141903066071717,0.5200378915170026,1.4766339051587172,3.973948949730146,1.0019990958683607,1.3175905823782548,3.862338899302583,1.3862871582317178,1.2554519706421219,3.8642120533619275,0.05807754047483004,1.4802928318515518,4.048169808437624,1.1778010566302095,1.4511918996482498,4.046435992459571,1.1479965858647898,1.4822875327579872,4.018983553646339,1.4047892255968586,1.261758493642209
3.25742,3.993487363542284,1.3943215238598887,1.139614822661294,3.938376868676516,0.08291678676121804,1.4688237106845352,4.203865462022053,0.9479181283500896,1.3554448567549786,4.319344541963069,1.1307340573953946,1.2484387109709194,4.10348200869883,1.2388869610082769,1.5010322528581403,3.8721687558796813,0.04464087684224898,1.4610132977542054,4.083244639143615,0.49424543497218154,1.4001277210589715,4.055901654158857,0.9862068554733829,1.2491236500280403,4.159790719020111,1.4319195995693914,1.1677088496327126,4.0033775972121814,0.07357717479742878,1.5926077282618571,4.1572898995281795,1.2003897604849114,1.43752192034856,4.182298924680978,1.1785271367475478,1.4625794174259783,3.788977518211997,0.10871723650267684,1.3725694711981065,4.0302958163514315,0.977714188435402,1.4936664306006646,3.845840260795432,1.0510955925279424,1.340856758675959,4.1044033596063825,1.234336207822107,1.495215501921572,3.782056624512945,0.06750321771451065,1.3069399625286846,3.915398646107073,0.5195276178467803,1.4777643746688345,3.974007120214346,1.001864498667648,1.3183192794894036,3.8621982420317176,1.3865677540000276,1.255857548269032,3.8641283158892223,0.058090957474479586,1.4804054005135532,4.047794371210626,1.1783436621716072,1.4508362361791518,4.046030170770987,1.1486884215359012,1.4820763457270847,4.018847007511206,1.4048347077976395,1.2624298844200443
3.26741,3.9935250655800942,1.3943336431707731,1.140224087155485,3.9375373003880734,0.08364558932705463,1.4698177570619446,4.203823205905061,0.9478493199341792,1.35644657749106,4.319604731376202,1.1309998158284802,1.249488469798792,4.1038227067037525,1.241140605544939,1.5010522351965452,3.871285372482936,0.045476413835836504,1.4618405886637922,4.0827368695045845,0.49446123689414595,1.4009299902841916,4.056113362108932,0.9866863077474001,1.2500012787612196,4.1595763264311065,1.4317580788783828,1.1682634388767998,4.003512733496904,0.07250527381683398,1.5933270994895643,4.15772235235605,1.2019146740279243,1.4380496180013749,4.182556581346338,1.1801069907546802,1.463305402701701,3.7890395245751614,0.10868266279648592,1.3726505671654385,4.029987103424044,0.9773801257855991,1.4945017160192406,3.8452800982886437,1.051516348656354,1.341006060930468,4.103857441280128,1.2353226379857682,1.4945411047618715,3.782222619240747,0.06751254905950975,1.3069053769311432,3.91614944176458,0.5190837147295192,1.478992230573867,3.9742127560062337,1.002192923938109,1.3192054244208022,3.862051364687066,1.3869680089607943,1.2562392187645848,3.864047597132102,0.05793439225433428,1.4803899970008008,4.0472893637058265,1.1791312237294707,1.450510694650678,4.045513383220962,1.149646297433058,1.4819220833844902,4.018684288425775,1.4048773836197808,1.2630244477411785
3.27741,3.9935433412625643,1.3943741055561965,1.1406829679125938,3.936699278891378,0.08449308111944664,1.4713021476378236,4.203365474800253,0.9479740587122891,1.3571985719438096,4.319436354224821,1.1308749329155194,1.25032608755878,4.104502493220926,1.2430755114266208,1.501513154174244,3.8704579707911684,0.04644822384106782,1.4628984113166026,4.082254772276,0.49467735182303485,1.4016883759053658,4.055662860627194,0.9870097683749689,1.2507455076207554,4.159447289414691,1.4315265651668574,1.1686728656265861,4.003435066125017,0.0710379719801493,1.5944980264249085,4.158275484008221,1.2032730209284355,1.4388597603498015,4.183045835922246,1.1815291962246994,1.4642027767477286,3.7892152309046665,0.10852958489256594,1.3725931543892895,4.029337364061446,0.9770705639444652,1.4952501008990577,3.844984135895673,1.051945004656581,1.3411952485222738,4.103790215813585,1.236104897950291,1.4941776648284633,3.7825090717673704,0.06735120818273706,1.3067694171046316,3.9163777087754283,0.5186846402872168,1.479862940327547,3.973794468050865,1.0023292969070257,1.320014832010154,3.861903854244583,1.387453676946429,1.2564705678421373,3.8639578318908248,0.05778520480820292,1.4803280813653352,4.046977901183465,1.1799173803432732,1.4504962561010504,4.045144800312328,1.150543337754856,1.481998359687734,4.018591046000592,1.4049505942694909,1.2634634955662043
3.2874,3.9931996845520077,1.3942785608264132,1.140835267305806,3.9362281733329088,0.08529446741688781,1.473353723839631,4.202212240409072,0.9491873017028658,1.3569841545303276,4.319007192767828,1.1305812021611694,1.250978153530955,4.105391132173326,1.2435814218295713,1.5026441652862228,3.870063577905904,0.04739288361789821,1.4641921441114527,4.082080295660236,0.4948688642925918,1.4022631562260024,4.053470242706815,0.9863291070395972,1.2507781053930762,4.159338711103202,1.4312564035506774,1.1686582864252997,4.003143538198003,0.06910989464101146,1.5960309742301735,4.15879308447432,1.2040886254951797,1.4400424042956999,4.183839413395515,1.1825288223191974,1.4652356507552329,3.7894897897880777,0.10830392012077301,1.3722407489631598,4.0281656905828624,0.9769752104107834,1.495435750317392,3.8450127419183877,1.0520508062624687,1.3416922587428701,4.105127718298289,1.2360803735077825,1.4938964407294832,3.783017482817175,0.06692764346081613,1.3064859685876142,3.9164962480421734,0.5182058872690835,1.4798518011011963,3.971700291177534,1.0011193120900166,1.3202774617782986,3.861597991685896,1.387856345561597,1.2563447364585734,3.8638501803495338,0.057981854790625946,1.4804234586062428,4.047167938099074,1.1803345188995529,1.4508366715167413,4.045165405415984,1.1509542939643678,1.482263978614973,4.018590139429026,1.4050243319368745,1.2635260493097367
3.29739,3.9927665633010734,1.394420450570403,1.140841188395643,3.935769006332891,0.0859547665768459,1.4752864299437414,4.201039312831672,0.9501060080339769,1.3565084085233887,4.3184137239683364,1.130242515088709,1.2514445111060335,4.106671581876201,1.2446094748325394,1.5038419170982513,3.8699121142325565,0.04806612284031561,1.4652034481893703,4.081549242353509,0.4948741980495611,1.402735907865297,4.051300765587483,0.985335845854196,1.2505510962046609,4.159155357583869,1.4310727394401932,1.168562026199039,4.002764879937641,0.06713063395981568,1.597619031772401,4.159524200571407,1.2051218694555006,1.4411570554485413,4.184781753912105,1.1836455649838398,1.466196065118823,3.7898949491715377,0.10798666107904116,1.3717951446397967,4.027143336173509,0.97704228562284,1.4953614646481768,3.844751074287442,1.0524393341879292,1.342421171487976,4.106201988181094,1.2360429767339387,1.493526884443976,3.7836790235142956,0.06641888441556865,1.3061563760827337,3.9164681485281294,0.5177922877847535,1.479449771169701,3.9696219397050054,0.9998174920191761,1.3202706547070422,3.861354153145806,1.3882933128142192,1.2563459530426277,3.8637969451349083,0.058059969508802045,1.4804711697149042,4.047385398517914,1.1805313274558333,1.451083741574403,4.045289577890172,1.151199718009038,1.4824996294524095,4.0185457312377695,1.4049502708072399,1.263481512936619
3.30738,3.9924636381194394,1.394948347120003,1.140941970739807,3.935063053490527,0.08642062100224754,1.4765828833160248,4.20034891209725,0.9497072582907561,1.3565678071914113,4.317852119221695,1.129965093560859,1.2517292212550633,4.108278131944048,1.2472139696525073,1.5045933094272121,3.8697960355363015,0.04830590895824854,1.4656202716563653,4.080178614500578,0.4946764433630434,1.4032801247087763,4.0505744946231514,0.9848012562822988,1.2506375498077116,4.158797808433794,1.4310034994869945,1.1687648048692343,4.002444453476552,0.06557199646436103,1.5989800993831276,4.160567348155404,1.2066647985729986,1.441857539834544,4.1856944783977,1.185048991596881,1.4669188876866253,3.790414466571234,0.10757730929186954,1.3714687806595056,4.02669390245025,0.9771477737706242,1.495474596750363,3.843879652140971,1.0534276017524213,1.3432084452427004,4.105859107275935,1.2365371646805374,1.492997630883716,3.784361363029119,0.065987368520903,1.305884881739375,3.916234118827738,0.5175430887707222,1.479230347948134,3.9689128798860933,0.999566318592377,1.3204180893299995,3.8612476691661213,1.388827035910107,1.2568788530091461,3.8638552258025896,0.05766525450418948,1.480308919297488,4.047299361685221,1.1806535995846452,1.450919054093591,4.045308426452124,1.1515258767373573,1.4825320480006297,4.018319497327151,1.404692165574119,1.263646062211874
3.31737,3.991982926850023,1.3952025735331075,1.141309922532165,3.934531609992296,0.08668642141465126,1.477596465989886,4.199644294425432,0.9492544756522447,1.3571389870493489,4.317754154804396,1.129891409143733,1.2518803220127512,4.109455058762879,1.2486349636763736,1.5051448580042353,3.869859248365752,0.04818977306923255,1.4658985863089131,4.0785249624961475,0.4946295069051812,1.404090536591972,4.0500614860119155,0.9845788510876221,1.2511226021534552,4.158179814958021,1.430821543062081,1.169278858417438,4.002270608139859,0.06466604527982074,1.6000409988580422,4.161451359281551,1.2073528605879982,1.4423603340375415,4.186516667049013,1.1856748622348041,1.4674541407648944,3.7909080324968722,0.10715421574091255,1.3712419706388943,4.0261669706895615,0.9771921800426574,1.4959554824964159,3.843107935153417,1.054131810095855,1.343928959161501,4.105740949850527,1.2366680652304456,1.4923725863371824,3.784931524125067,0.06557597024207035,1.3056759138209648,3.916001209858415,0.5172800213950949,1.4792178819367898,3.968361888251189,0.999611390155221,1.3209023708633816,3.860812053301406,1.3892217789428103,1.2576973778019442,3.8639942704759442,0.05721702231183646,1.480142287411392,4.047388413765696,1.1804983970639913,1.4506090685685185,4.0455149587984325,1.1515350273449563,1.4823942032128707,4.017881175600981,1.4045125453328737,1.2640792017840095
3.32737,3.991265262309216,1.3950525776657792,1.1418680066109488,3.934219007060187,0.08692305789393925,1.4785388401107327,4.1988361689376,0.9492011409577301,1.3579729054724894,4.318120092188953,1.130132146088775,1.2521022398530455,4.110110567558691,1.248774446424615,1.5056548414015996,3.870062536073278,0.04802913074350885,1.4661424752190244,4.077230322423914,0.49472550176875246,1.4051209408022314,4.0493371303689925,0.9844784216807744,1.2518257159088197,4.157289140801501,1.4304958381420352,1.169898720925656,4.00216904956504,0.06408434278754288,1.6008422734916656,4.162064124743551,1.2073846283060086,1.4428438902228335,4.187261955996671,1.1858337807119113,1.4679394094102323,3.791342699472696,0.10670318192794344,1.371037736537488,4.025395344703118,0.9771480980974178,1.4966612448617214,3.842431107341481,1.0544420164388106,1.3445579465134139,4.106336522288722,1.2362844739543906,1.4914340103292085,3.785400966314052,0.06508174155588473,1.3054934758396937,3.915747521356498,0.5169540906797332,1.4792045290860316,3.9675650868383974,0.999556791516194,1.3215837253543443,3.8599766111533245,1.3894883737461543,1.2584561416526385,3.8641854687612227,0.05689141426998326,1.4800602274471175,4.047668558710348,1.1801441930966678,1.4501045147392995,4.045854776446731,1.1512810980348014,1.4819865782064072,4.017281071457621,1.4044635238139451,1.264670300334004
3.33736,3.9905040030627568,1.3948421142940082,1.142394974464272,3.9338517769382397,0.08736326718076039,1.4793814978245288,4.198237691182541,0.9491397116037592,1.3587750023312297,4.31857507060641,1.1306924326666428,1.252666956339923,4.110755802089251,1.2497974034066848,1.5061665820893857,3.870205472567399,0.04820277735414626,1.4661469960897902,4.0767677666634,0.4946811439152,1.4061532917807467,4.048883085386363,0.9844020901893202,1.2524369736559722,4.1562096024602155,1.4301581680316058,1.170334011702794,4.001992156313961,0.0632292007529724,1.601479357724175,4.162647218116533,1.2081751816615158,1.4434098546927465,4.188000801897392,1.1868423027998367,1.4685566735271585,3.7917747312492556,0.10614526213109034,1.3707805144830472,4.024688188436337,0.9770502667919558,1.4972527765133143,3.8412923858428947,1.0549163972666218,1.3451738076763635,4.106961460154142,1.2358835851105423,1.4899456173248062,3.785883527714957,0.06441872524257215,1.3052935940412385,3.915265517376724,0.51665327579853,1.4789033943715606,3.9670117620514844,0.9995115572097772,1.322119780263258,3.859047921362328,1.3898253119712183,1.2588990643062141,3.864408321048143,0.0565830120294153,1.4800194981415191,4.047769147832858,1.1798479105365403,1.449206286657082,4.0459995786191545,1.1511423299350236,1.4812279273974767,4.0166346620978075,1.4044129059576294,1.2652373076287609
3.34735,3.989788368619104,1.3945643925705289,1.1430225134585121,3.933566258434398,0.08778333320499175,1.4799670274071979,4.197863086588407,0.9490542265757427,1.3596086807934151,4.318856657166557,1.1311743133876044,1.2535130131914018,4.111711979836046,1.2515968251109277,1.5069556837644318,3.87027065645205,0.04849431641118439,1.4661104613245084,4.076848381964316,0.49461571379784225,1.4071946513151121,4.048830592112637,0.9844329260044411,1.252920074932661,4.155190112325839,1.429758145212761,1.1706530039543295,4.001917864176097,0.06250522541808101,1.6019540561073395,4.1633841026644705,1.2095232078181832,1.4442515919637746,4.188851070485787,1.188375675895279,1.4694551772960802,3.7921852533873435,0.10551495363643823,1.3705326533686741,4.024063456800183,0.9769489466612419,1.4976949575115919,3.8400348655661047,1.0554624415077811,1.3459930829921238,4.107529476446831,1.2351904250849055,1.4889455087957721,3.7863880652101614,0.06367066398902811,1.3051163181249854,3.914550502061103,0.516442656559365,1.4783669955547507,3.966806792857177,0.9995794632567909,1.3224477262689325,3.8582121725242593,1.3901378621379026,1.259370412269142,3.8646308842838772,0.05622036681740722,1.480008696906142,4.047842636323056,1.1793142660638316,1.4486987701484029,4.046046664932569,1.1507782853902948,1.4808670983628467,4.016084225764975,1.4043755435190235,1.2658714918803167
3.35734,3.989126747817265,1.3941309976212846,1.1438423801286883,3.933469157803516,0.08797311253799489,1.4802561482761165,4.197662728415793,0.9489324707916353,1.3605400226568738,4.31885046139106,1.1312348689870204,1.2544658940566507,4.113085697798598,1.2536139324976525,1.50810792812139,3.8702872712503726,0.04863880714033353,1.4662008890193605,4.077085005797357,0.4946205057579166,1.4082283302641658,4.0491482499618305,0.9846295178484694,1.2533407571101067,4.154418439633649,1.4292088179232303,1.1708965518554912,4.002039668926347,0.062275246905221106,1.6022534115253624,4.1643323950162285,1.2109587992363418,1.445387470668555,4.1898627692842725,1.1899009017801,1.4706103127823416,3.7925664481892736,0.1048598384029834,1.3703246362377275,4.02349864256178,0.9768331133807334,1.4980437398243107,3.839051324281247,1.0558651003707258,1.3471127576035664,4.108192717430269,1.23387400639102,1.4891420706606828,3.7869358375045756,0.0629134702002757,1.3049798688131455,3.913626669371749,0.5163345807550509,1.477735988549578,3.9669177891479617,0.9998089251706537,1.3226358581960422,3.8575627123442198,1.3903080047989442,1.260148119076933,3.8648028852496448,0.055795080952367286,1.4800176615017566,4.048094375710876,1.1782676344034322,1.4491243898210393,4.046159951530783,1.1498446953986359,1.4813889057317489,4.01573392022354,1.4043711141876014,1.2666322076889152
3.36733,3.9884418978048575,1.393545048588783,1.1446187071185556,3.9333183277572443,0.08807597113745548,1.4805336617628349,4.197669073160575,0.948488159740718,1.3613947507669353,4.318665030098118,1.1309406576957752,1.255369276670902,4.114669806878101,1.2560071239851196,1.5091560633452192,3.870249758092483,0.048697754600739794,1.466238770170834,4.077419755067019,0.49445295601806494,1.4090477075792422,4.049733787289968,0.984877491016601,1.2537770007326037,4.153832743580236,1.4284849940705018,1.1708140983417825,4.002055753072455,0.06210711849313305,1.6024089559308115,4.165335323482601,1.212623657014337,1.4464219974195447,4.190907973542026,1.1916342710440448,1.4716774979168903,3.792981521555177,0.10416915868941777,1.370047351663443,4.023099817661029,0.9765627057566817,1.498326213557306,3.8381791249336787,1.0561434965549914,1.3483054968501431,4.109145419294802,1.232055435333608,1.4896648083124542,3.7876344578762513,0.062092758145477836,1.3048153198376422,3.912442054024786,0.5162510908566101,1.477100018934776,3.9673165721273134,1.0001498067206083,1.3228193315126255,3.8570903942599646,1.390385276727683,1.2609610102738602,3.8648504367510434,0.05537715905588812,1.4800146299781125,4.04846517333287,1.1768698809829985,1.4498304268297484,4.046336668581849,1.1485125972464982,1.4821536679999472,4.015582155307088,1.4043243348564054,1.2673268442101715
3.37733,3.9877368838100007,1.3928098744335262,1.1452523746676873,3.9331092156407905,0.08819425602883971,1.480889198443235,4.197834121057634,0.9477457336553251,1.3621223606001813,4.318480641906643,1.1305356891261429,1.2562864060974799,4.115868034000177,1.2585800244864709,1.5097373341761098,3.870191378778721,0.04876727520338565,1.4661960578830258,4.077787639457857,0.4941721398578904,1.4097921462948309,4.050456875181947,0.9851540880793622,1.2542384912622078,4.153298755645586,1.4276520369588226,1.1705156880595515,4.001907438111161,0.06183060344838959,1.6025117018767872,4.166125299116327,1.214435582032514,1.447199962031128,4.191712544849648,1.1935586774525544,1.4725531889979997,3.793326890940032,0.10340941486888335,1.3700469050701167,4.022920119309914,0.9761315563218096,1.4985855646220239,3.8372289183590027,1.056444893376826,1.3496398107742817,4.110579082917304,1.2299246329921494,1.489927919856836,3.788261110267129,0.06130412181376534,1.3048913333446397,3.911189652215379,0.5161274618504708,1.4767309100436856,3.9679273880520465,1.0005689073912887,1.3230722559986023,3.8567588017503645,1.3904414586683136,1.2617285569330523,3.8647924103412974,0.05467942141535933,1.4800032102824536,4.049013462318658,1.1752892845449003,1.450378751634091,4.0466390484564005,1.1470306585128835,1.4827844294048536,4.015506281002488,1.4042379920188695,1.267908139598846
3.38732,3.987059000807691,1.3919597013063916,1.1457911853710676,3.9330241128520815,0.08834701647193272,1.4812171680909643,4.198034642521533,0.9470031569467042,1.362815534506327,4.318477888346987,1.130337523248776,1.2573945347391244,4.115998881889946,1.260826099056957,1.5097448580367159,3.8701735540468185,0.04890465879634119,1.4661818682014574,4.07807901951918,0.4940690185661034,1.4108600420962485,4.05116442003854,0.9854743562711686,1.2547078353283831,4.152694469710037,1.4268537842838769,1.1703726990732797,4.001767226626309,0.06158599058180505,1.6026582431978929,4.1664075572669725,1.2161065690565223,1.4477703630671561,4.19196135588968,1.195415372427988,1.4733064637472268,3.7933255615114927,0.10258225351004376,1.3708783540485094,4.02290869995766,0.9756713467274396,1.4988854316508127,3.8361010176553783,1.0569038299790643,1.3513522557237045,4.11255713191704,1.227634642392685,1.489818290032548,3.7884071051593122,0.060728539083746355,1.3056348206097774,3.910194581681058,0.5159578202896804,1.4769096322209099,3.968607359101083,1.0010112326970775,1.3234139067997162,3.8565084221995325,1.390513477562448,1.2625443402438237,3.8646052442817194,0.05336841812091853,1.4800965747102857,4.04983841598288,1.1736213648970364,1.4506902232484633,4.04714787824098,1.1455785359851485,1.483259751920171,4.015347039457703,1.4041582179623544,1.268441018451869
3.39731,3.986247722571964,1.3912354696260703,1.1462624946707218,3.932929132885347,0.0885013155607349,1.481466451747315,4.198169734232572,0.9464033631143766,1.3636420253408288,4.318621876314254,1.1304530643027608,1.258483751983383,4.115619150486597,1.2627129339249568,1.509675810058115,3.870205194245315,0.04898214061841094,1.4661314709634872,4.078177222071291,0.4940678291314478,1.4123315626567412,4.051688221060045,0.9855274716494219,1.255363297158612,4.152152198183745,1.426250812485905,1.1702944193592948,4.001684634215837,0.061499810079745816,1.6027193045327408,4.166160949029809,1.2176913128333557,1.4479360299141595,4.1917281337919965,1.197219782551659,1.4736396375687035,3.792590155009875,0.10193980540052545,1.3719890794996608,4.02276450189143,0.9753486311940507,1.499314459693211,3.8349673430616007,1.0571163926143141,1.3530317820633906,4.114505826436782,1.2250195556500394,1.489547175082988,3.7882852275614054,0.06020391823135383,1.3066813136324278,3.909262792931542,0.5159426553535773,1.4770544386399678,3.969087972864345,1.0011714612484879,1.3238977944956853,3.8562139521901284,1.3904393700103603,1.263245327200556,3.8635699382996993,0.0525968187295259,1.4808330588215,4.050556849134591,1.171748148386893,1.4509505642745963,4.047642873350902,1.1438502416648617,1.4836169233959362,4.015258585054095,1.4039384778849413,1.2687797566809855
3.4073,3.9852522882766728,1.3907765071473566,1.1466941050106185,3.9326980588712606,0.08863578770503974,1.4816416290539747,4.198201033238957,0.9459884563029715,1.364662844253761,4.318715507643273,1.1307199178395997,1.2593718140155883,4.115448367344433,1.2644164819308976,1.5099870700886675,3.8702557554006023,0.04892888201232893,1.4660022053408819,4.078077200559936,0.4940449994784999,1.4140813835335533,4.05195011863987,0.9851419052835937,1.2562827416012599,4.151792805321767,1.4258453722062603,1.1700916143235964,4.001644774952467,0.061602371046673515,1.602617117312704,4.165635861713537,1.2192950600137484,1.4477530865639996,4.1913416204678615,1.1990536719343374,1.4735285562672948,3.7911779307806577,0.10160103182467743,1.3729069445207194,4.022337182029844,0.9752374256285798,1.4999060176981829,3.8340014169451315,1.0568386371938427,1.3542799613826093,4.116036543013106,1.2219793875092033,1.4893616181057152,3.788223378884161,0.05957208342190667,1.3077110013135318,3.908184962504342,0.5161721536755196,1.4768215922499455,3.96923328187795,1.0008916100573721,1.324540074518629,3.855841914769302,1.3901613840872322,1.2637805020968367,3.8614862096896703,0.05302784842465064,1.4824423490452325,4.050927577548404,1.1696050572579324,1.4513093627990288,4.047950826318799,1.1416533236585373,1.4839070852960032,4.015367255430423,1.403520981304766,1.2688735735282903
3.41729,3.984391227079154,1.3903659501014525,1.1471358231544873,3.9324521046536285,0.08878558937552294,1.48181615991052,4.198200761677845,0.945707012704397,1.3656759680038448,4.318408419396634,1.1306025605769616,1.260226517104858,4.115618957851106,1.2661883831945837,1.5106135457272427,3.870255069970086,0.04891799229179593,1.465920982828174,4.078009856068159,0.4940456295152871,1.415799486217142,4.052076362568214,0.9846742852507077,1.257200650125422,4.151527214775184,1.4253130360770656,1.169724485169891,4.001596163808666,0.06174243921522656,1.6025388902215882,4.165415769974764,1.2208804630645782,1.4479599158215117,4.19134413751753,1.2009356181252004,1.4737608742088129,3.7901140668519715,0.10123865056996477,1.3741057475179088,4.02195593123089,0.9751952103618172,1.5005643568440976,3.8331732956214304,1.0565461727208705,1.3552198038672962,4.117605440528959,1.2187699778691756,1.4893429526859092,3.788315411703124,0.05892997820582531,1.3090493405625134,3.9070888309539296,0.5163661303970053,1.4769585070744486,3.9692731728776955,1.000502280371283,1.3252523907108866,3.855590375549301,1.38997528338112,1.26451271521571,3.8597183468057903,0.05328348459125716,1.4842143972394812,4.05135038105501,1.1673868728417922,1.4516572198478905,4.048220125338898,1.1393726109574425,1.484172628094351,4.01551766359545,1.4031649571584357,1.2690208707786481
3.42729,3.9838019169287118,1.3899592275985948,1.1476332151674036,3.9322628992561772,0.08891156754810427,1.4819763694045827,4.198190063261458,0.9455244695414896,1.3666328968879804,4.317892599683052,1.1302338157358762,1.2612748437750234,4.115743547423605,1.2679467223565615,1.5113750927854093,3.8702098209556453,0.04895079022201985,1.46589635417137,4.078145614720179,0.49406030213536656,1.417249549648517,4.052237343906644,0.9844252487376002,1.257998917509501,4.151293767575795,1.4246655324483002,1.1694001200402773,4.00155086605309,0.06183287589471138,1.6025243500329074,4.165379024592003,1.222385827217718,1.4486445102740706,4.191561132243296,1.2028029871013863,1.474467952195353,3.7896850093052525,0.10084273643181428,1.3754329179165528,4.021680446495752,0.9750979107247324,1.5012525110899655,3.8323270383271075,1.0565548644024612,1.3562151256553423,4.119492491417936,1.2155547778226274,1.4892661733003967,3.7882857396595115,0.05834261397369227,1.3104996614942852,3.9059704889831424,0.5164266071517212,1.477593068837303,3.969363219900586,1.0002691362774507,1.3259279511721118,3.8555402425859775,1.3900130864610658,1.265530318878145,3.8591405491593327,0.053264016493127515,1.485690451382691,4.052025169064539,1.1652927318969752,1.4518590660744466,4.0486351458154815,1.1372731247410413,1.4843408915535428,4.015668339929118,1.402950003479834,1.2693672073070754
3.43728,3.983395815256695,1.3896681885100717,1.1482356082230443,3.9321231358888094,0.0889297283211724,1.4820496763449282,4.198163272805809,0.9454174393239292,1.3676071658481368,4.317707311542762,1.1302547354649957,1.2626956903269826,4.115232089132915,1.2694533833746007,1.5120883771999574,3.8701779505128076,0.0488892605054044,1.4658425854793284,4.078539690689665,0.49402456765438235,1.4182911248820336,4.0525903415293065,0.9845471593903653,1.2587240501703882,4.151049528833305,1.4241911325290275,1.1694312260786475,4.0015588124868735,0.06187174935719104,1.602484436846244,4.1649060491560315,1.2238090401233617,1.4493374124130318,4.191328083780399,1.2045995660325104,1.475200502514857,3.7894869093952064,0.10067898555129588,1.376224977614515,4.021361890447279,0.9748787925155801,1.5019912748093924,3.831286038674251,1.0569032554056408,1.357658081069612,4.121654882950712,1.212406667955003,1.4887853382135454,3.787707177712304,0.057820402591724246,1.3114690861218226,3.904752241967784,0.5164444398363327,1.4782533028885096,3.969561977816489,1.0003184808402745,1.3264924017925372,3.8556188917883603,1.3902128183893363,1.2666658282477805,3.859862101240476,0.05399181372454077,1.4867791990881258,4.052877154454294,1.1634700634662942,1.4518416320395133,4.049312720627324,1.1354322701736193,1.484297095297243,4.0158767799114665,1.4027874924896147,1.269891825193683
3.44727,3.982917680662966,1.3894080108728843,1.1490598121659812,3.9319737495928795,0.0889068894143309,1.4821064584682269,4.198282882125308,0.9452808859203558,1.368466074713879,4.317572617585591,1.1306411244888883,1.2643489712661231,4.114548288360903,1.2713198909615075,1.512813716272477,3.8701027937287247,0.04880717165764935,1.4658292607442533,4.079045427284232,0.49393726935636817,1.4188835178245875,4.053132165807239,0.9849532700298316,1.2594318654398617,4.150587151271609,1.4238641199704767,1.169595998675762,4.001547301193209,0.06191168741885931,1.602493544273007,4.164245810774849,1.2255511554207914,1.4500680384324696,4.190884029271966,1.2067107975776057,1.475987182593309,3.7894499151466547,0.10071874158719016,1.376640650696625,4.021291904166037,0.9745673781520987,1.5027750204557875,3.830229888522092,1.057299808647162,1.3592636215090543,4.123668808670534,1.2094828902788908,1.4882752050818624,3.7869690720099247,0.05736679970232493,1.3121371728637385,3.9037685550008425,0.5164502868278381,1.4788275964203106,3.9699755147269062,1.0006075545774327,1.3270966266517168,3.8556081139031715,1.390445386786667,1.267942593372687,3.8610502858255646,0.055258352014081524,1.4876778209921764,4.053681380289137,1.1618622638632894,1.4518502190551672,4.050021979348782,1.1337653654666064,1.4842534474015705,4.016027223416018,1.4027156979172768,1.2706134359341772
3.45726,3.982210024484779,1.3890933941307078,1.1500857059262883,3.9318109320229757,0.08889891167993,1.4821877893176323,4.198667484743014,0.9450668592922759,1.3691684014098566,4.317127061818978,1.1311089286828768,1.265984909325844,4.114343577863103,1.2739904103638142,1.5136353754336782,3.869978362151884,0.0487664731133164,1.4658931284009242,4.0794983720260865,0.4938263586444713,1.4191531947663034,4.053831879146071,0.9854428311201197,1.2601621942168804,4.149848703902413,1.4235810939715265,1.1696154227410491,4.001490654349755,0.06198233815403858,1.6025889895801544,4.163834445350308,1.2278129264753492,1.4509487143076023,4.190659949413943,1.20931093148213,1.4769239922138742,3.7895395261957336,0.1008568037347699,1.3769449546106907,4.02165722598852,0.9742840823790213,1.5035768909475893,3.829367030644585,1.05747319173621,1.3606219007325366,4.125126054562871,1.2069096670954071,1.4881994203316251,3.786535194990637,0.05695122065134855,1.312773397636257,3.903186132335837,0.5165002973418377,1.4792132212929396,3.9706567358387774,1.0010135344377569,1.3278366610016652,3.8553982196120593,1.3906049851098112,1.2693528287105813,3.861835339702703,0.05667214621958948,1.4885735035446759,4.0542283328525315,1.1603653889407968,1.4521411733790612,4.050500951101308,1.132160377300129,1.4844467993620778,4.016044156306744,1.402755388550049,1.2714503376048876
3.46725,3.9814331813705883,1.3887889291079565,1.150971522424569,3.9317732860961683,0.0888316161721035,1.4821729743723895,4.1992137999065955,0.9449048816845689,1.3700090649520904,4.316455590430123,1.131350143950919,1.2673700631601448,4.114843681883643,1.2769224661405552,1.5145075670207202,3.869980748527594,0.048651208021521265,1.4658909666981108,4.079847502797632,0.49373216217576404,1.4195005416155517,4.054707449248613,0.9857575156307841,1.260919864052839,4.14919806049636,1.4233181297410538,1.169496542619232,4.00154425593561,0.06202998131226124,1.6026127850807466,4.163823065023401,1.2300844814244614,1.4518823214190664,4.190788424696581,1.2118159986947927,1.4778813540043156,3.789532097072514,0.10105055569004984,1.3770291355991038,4.022099180280806,0.9742582780279823,1.5043515535280345,3.8286863915667233,1.0574416855057356,1.3615838414868684,4.1259459051477085,1.204666985963076,1.4886475611357466,3.7864009776928444,0.05648123433923654,1.3132742864018692,3.9025220827470237,0.5167453281168475,1.4790752185613443,3.9715024249245654,1.0013692456485128,1.328536497159528,3.8552064700396493,1.390685925907681,1.27069073417699,3.8619704743142114,0.0583772625232964,1.4894407119956419,4.054453101505993,1.158920806204201,1.4527457969379087,4.050686656693202,1.1305584525666308,1.4849092091758689,4.016063363882266,1.402794904103705,1.2720927145302126
3.47725,3.9806568637008146,1.3885987072604828,1.1516762826831295,3.931810318863099,0.08874404975750061,1.4820813354918743,4.199767308985885,0.9448580910373615,1.3709403887825162,4.315667602364259,1.131400374225465,1.2684077509753127,4.115672903178037,1.2795276642409732,1.5153451668905413,3.8700691828118585,0.048500537019575685,1.4658247832724678,4.08009807471456,0.4936818652772061,1.4200564579560968,4.0555500530212605,0.9858315806508698,1.2616735918383428,4.148694834048319,1.4231546908813093,1.1693824121907586,4.00166717844316,0.062063158413691706,1.60256200981856,4.163982526833205,1.2319640895668835,1.4527453075442118,4.191046373415268,1.2138229212328087,1.4787342553529073,3.789294606066815,0.10125670997224995,1.3771786851677736,4.022475227098514,0.9744860909379939,1.5050967744729689,3.8279791871978017,1.0573687826571176,1.3622735480916675,4.126237160807228,1.202713212428737,1.4893158310170904,3.7863196086601887,0.056030819332206085,1.3138380865018047,3.9016548889086318,0.5171664310261128,1.4786373468424483,3.972298724800007,1.001576411908605,1.3291716031459664,3.855120155522644,1.3907876773134136,1.271980563003704,3.861609941526356,0.06009020166316419,1.490393693115993,4.054364292250183,1.1575440922556166,1.4534491357403647,4.05061682154925,1.1289803671986176,1.4854360760405743,4.016105618198204,1.4028070138431676,1.2725388015686565
3.48724,3.9798180891024453,1.3885953969068956,1.1524082751115,3.9317453338048414,0.08876336978102048,1.4820423763483594,4.200204066045594,0.9449077282478476,1.371640679920049,4.31485404691144,1.131567162521156,1.2691333546148216,4.116138842057151,1.2814205652669082,1.5160562686954067,3.8700463673218928,0.04848429248132743,1.4658104844209594,4.080351165055832,0.49367555351875936,1.4207127823785348,4.056037970444598,0.9857573163737211,1.2623728302339743,4.148087318010192,1.423202742730079,1.1694445827206665,4.0016741769805995,0.06213310312229165,1.6025626279343645,4.16389237225685,1.233301346888783,1.4534414105683602,4.191035957596062,1.2152394256486745,1.4794123240242603,3.7888506422502477,0.10143025810762736,1.3779117644358392,4.022899372159202,0.9747572227087261,1.5058418105357951,3.8269424234193608,1.0574531102262124,1.3629716385989321,4.126200249589463,1.2010554018223478,1.4896056873242227,3.78599596283057,0.05577692426083715,1.3148498215258457,3.900850931278471,0.5175914758184833,1.4785315759898077,3.972824117606934,1.0015998170384242,1.3298587689760428,3.8550535257557716,1.391037713174619,1.273404466249988,3.8611333673181067,0.06121805981846068,1.4916343953554942,4.054011204136249,1.1563243617339272,1.4538490268273383,4.050391022080428,1.12752845114835,1.4856454209298557,4.016060991466452,1.402826339803012,1.2730242446593507
3.49723,3.978737831262086,1.3885658893734392,1.1530953714849863,3.9317255897180563,0.08886364033641442,1.4820031900759987,4.200703541010145,0.945015000107398,1.3721880878116652,4.314143661534616,1.1319656726814213,1.269683957141006,4.116516920086732,1.2830358320293092,1.5166464944654214,3.870032538646413,0.04861873053598093,1.4657657532210078,4.0810492344767955,0.49363161860580235,1.4215426444390755,4.056399067662007,0.9855242028430118,1.2630349560134526,4.147137997998784,1.423287048220402,1.1695142669032432,4.001664021542902,0.062168678798214916,1.6025687658578918,4.163775120828925,1.2344253834414802,1.4540507461748178,4.190966733978536,1.2163982196167182,1.4800108766461049,3.7885325363614215,0.10156559978227774,1.3788537166134995,4.023520301752771,0.9749341025519976,1.5065851863679371,3.825572138733671,1.057547234803134,1.363661317443847,4.12582100595323,1.1999439236377625,1.4889957897918173,3.785774415549574,0.05559580398615586,1.316016468682346,3.9003310002807527,0.5179011728383074,1.478745645061884,3.973289611337687,1.0013941864500333,1.3305994493561966,3.854796110204258,1.3912613403497167,1.2747935126805983,3.860578419492235,0.06194254686195892,1.4930490392113287,4.0533953846215605,1.1553909395008923,1.4535894315325921,4.050080429110992,1.1263633647452482,1.48521743277379,4.015789841604392,1.4027311097414026,1.2734536036773303
3.50722,3.9773508069255734,1.3883597349721013,1.1536815730836234,3.9318741271680415,0.08897215434941363,1.4819065714113024,4.201369730102317,0.9451418286136387,1.3726542151026715,4.313515098790639,1.1325214059509705,1.2702986157390754,4.117215276721461,1.2848676861023816,1.5173023279865725,3.8701444980797235,0.04883657477715574,1.465636749927242,4.082362234547268,0.4934839329640065,1.4224645078268245,4.056841563086482,0.9851437538536051,1.2636276910854107,4.145821492983694,1.4232428284264587,1.1694643573113201,4.001740816950672,0.06212226173876062,1.6025345211013917,4.163893651523331,1.2356635037615935,1.454808548600771,4.191085024427874,1.2176100138339712,1.480767426263495,3.788523674295056,0.10168170167745212,1.3796413458905923,4.024356654997483,0.9749802560078058,1.5072561131320796,3.8240336100646446,1.0574888468860246,1.364284833452054,4.125160103976535,1.1993255267453145,1.4875386479842054,3.7858774334896954,0.055364040250345595,1.3170671712487272,3.9001230343594604,0.5180716527747111,1.4791043140840288,3.9738579335739574,1.0009843530775488,1.3313016045496857,3.8542483220420842,1.3913173628751272,1.2760513264515618,3.859935615266324,0.06257727318649775,1.4944920640530286,4.052604063171894,1.1546668377728078,1.4527161271590567,4.049765586587217,1.1254139624263153,1.4841972671103918,4.015259302417003,1.4024681440705362,1.2737509871464887
3.51722,3.9759122166227296,1.3881701993407125,1.1543598663559553,3.932018013727625,0.08903682114949772,1.481823737621382,4.201929212856839,0.9452660496664086,1.3728060808759357,4.312620104532124,1.132925675553979,1.2713428938765383,4.118166591458362,1.2869159311572365,1.518487268098079,3.870250887307956,0.04901595600779638,1.4655756793086212,4.08364488697681,0.4932611220730926,1.4229567889648378,4.057125477020792,0.9847496398164726,1.2639751136809583,4.144533544966599,1.4231463105392164,1.1695099255257022,4.001803238906532,0.062086464814361135,1.6025432660434342,4.16409876943331,1.2369813065270496,1.4561181249687345,4.191245213665146,1.218827334288034,1.4820712182854132,3.788463522316119,0.10182220640700534,1.3806093489709181,4.025141751666392,0.9750144761733448,1.507675705391315,3.822605480696658,1.0573504242124045,1.364930266119161,4.124592273257721,1.1983387209193015,1.4863982333512327,3.785788200758804,0.05519049883980251,1.3182886590110257,3.8998930533280696,0.5182384574187963,1.4795873401800645,3.9742740535910523,1.000547863704686,1.3317784414830076,3.853637102679112,1.3913649783628752,1.2775027858406498,3.8593570496726333,0.0631259571464048,1.4959881351926356,4.0519330503887465,1.1536214901090918,1.4520598714726922,4.049565817784056,1.124088889070162,1.48332699717964,4.0146802975540945,1.402243175671238,1.2741337957408778
3.52721,3.9746219962182177,1.3880693994061584,1.1551314870913378,3.932098948583224,0.08904219063569062,1.4817505597342777,4.202329546783161,0.9453925237468366,1.3727387023825521,4.3116404412584295,1.1331908284024992,1.2727302099067301,4.118977363704748,1.288879213896188,1.5198966649269554,3.8703168498468163,0.04911199304964505,1.4655683784391915,4.0846921653386445,0.4930019848271795,1.4231160257972744,4.057236450461754,0.9843301710629975,1.2641125372868232,4.143478920400516,1.4230664603664755,1.1697338686420242,4.001807790511354,0.06206543742780816,1.6025841639435494,4.164172634470515,1.2381763016418348,1.4577109546074756,4.191229686753077,1.2198902405309124,1.4836859402926823,3.788129326407963,0.10205143829711609,1.3817976996017904,4.0258004763669435,0.975135613899629,1.507894347575182,3.8213117971890687,1.0572444229522517,1.3656539093821531,4.124236481582728,1.196808884307046,1.4857616058453849,3.7852062849832415,0.055215882725624096,1.3196670171361469,3.8994949661928406,0.5184911368196294,1.480225952645018,3.9745032008040706,1.00012517375776,1.3320364003707534,3.8531839786817987,1.3915052185168049,1.2792157226539245,3.8589460428926126,0.0635640045872202,1.4973583450370882,4.051460497738195,1.1521839273265284,1.4517463079842854,4.049518339105323,1.1223082047576602,1.4827156114097262,4.014196897289856,1.4020982250521405,1.274630042830412
3.5372,3.973554253218635,1.3880027694869885,1.1558354626626424,3.9321871281302454,0.08900312444549612,1.4816221731831405,4.2027265550360795,0.9455515287306497,1.3727930017239243,4.311108698190121,1.1335709913109009,1.2740563913688638,4.119192354216938,1.2904071259864813,1.520725906335148,3.870411930693102,0.049152164275753835,1.4654715042354118,4.085727867758238,0.49274353565668505,1.4235020195087966,4.057366694086428,0.983765958294793,1.2642417469457436,4.142635238759563,1.4230310536798316,1.1700770677865242,4.00178864487131,0.061988937541223484,1.6025715259611664,4.16395670746089,1.2390488796400696,1.4588821202573643,4.190876162053301,1.2206688705987707,1.4849630537287917,3.787492760999409,0.10243710329443921,1.3829794363895371,4.02644885022374,0.9753996789798383,1.5081368234240453,3.8199872275261386,1.0572609720394661,1.3664487526154372,4.123950781633428,1.195233914631956,1.4849687216590186,3.7841141653660095,0.05557039839575822,1.320931978451987,3.8990022752408997,0.5188554577393194,1.4810691698255067,3.974719872660185,0.9996404963485919,1.332240269274533,3.853009094372584,1.391744894360647,1.2810043781685398,3.85873140811755,0.06384888009418876,1.498308627203134,4.0510537144167635,1.1507259966570618,1.451295611985646,4.049570531095128,1.1204857743354253,1.4819361904440986,4.013845251056339,1.401927123464254,1.2750971382776422
3.54719,3.97260445250314,1.388042207707793,1.1565015231648021,3.9323035252624954,0.08893286040735537,1.4814982511358443,4.20307280899301,0.9457875616618421,1.372837971363801,4.310675689961437,1.1338982703107274,1.2754528416549955,4.119323119259149,1.2920103306525126,1.5213703235435454,3.8705436412917287,0.04914381104802567,1.465389283357601,4.086603075184809,0.49253121960269164,1.4238660854020475,4.057434206957083,0.9831572523415593,1.2643336462671073,4.141975051317401,1.423031668500415,1.1705657429413234,4.0017921430623105,0.061905926840688096,1.6025568900412237,4.1637046482508735,1.2399913811626915,1.4599222972044947,4.1904439460839615,1.2215028414790567,1.4861410117898632,3.7865792566573493,0.1029721466759381,1.3843315167075712,4.027105130200183,0.9758205206605446,1.5083714227702594,3.8188049971304467,1.057317935095798,1.3671809034787628,4.1236297585527435,1.1939617945704188,1.4842652942188015,3.782525993573732,0.05632115110273864,1.3222065529647236,3.898557127406899,0.5193261624149154,1.4820909972857454,3.974883044750458,0.9991680637648565,1.3323974078332474,3.85291481234062,1.3920445726429407,1.2827697832637788,3.8586903130945407,0.0637554890741447,1.4989866440451063,4.0506429627040275,1.149549318907006,1.4508988764976358,4.049605774087389,1.1189587671898695,1.4812131179894674,4.0135647623642665,1.401789314707414,1.2755623745999882
3.55718,3.971681128948141,1.388247583451438,1.1571985752788017,3.932434998065393,0.08885490600882036,1.4814287854319221,4.203283228066081,0.9461074284443525,1.372734962704959,4.309974344253429,1.1340295813214092,1.277024385881715,4.119896933705885,1.294056052991667,1.5223442847694502,3.870679441466345,0.04911882756368584,1.4654103656582407,4.087187155535002,0.49239652839965486,1.4239505983095138,4.057352015584865,0.9826532224153612,1.2643470101254723,4.141459837679333,1.423075895773074,1.1711812138483209,4.00183219421984,0.0618354033302971,1.602577586014728,4.163683408720319,1.2412868206520755,1.461210016967386,4.19023044702545,1.2226323395185854,1.487529444801565,3.7854448170648642,0.1036221941863937,1.386017656926909,4.027714256552107,0.9764031238763916,1.5085353595493383,3.817929579035231,1.057355770002669,1.3677586930033803,4.123263406802154,1.19309296773328,1.4839751679446636,3.7805537616357268,0.05738429144398937,1.323687872781161,3.8981603855077616,0.5199246297464349,1.4831804224583736,3.974933806103836,0.9988415357557107,1.3324916214990157,3.8527225238338776,1.3923808977789383,1.284452357502339,3.8587730540017486,0.0633405099891023,1.4996460913832175,4.0502296507569335,1.1487593925328208,1.4508142369390054,4.049559428665907,1.1178610465028886,1.480826572257066,4.01330111379866,1.4017836198762197,1.2760809904637715
3.56718,3.970853397306749,1.3885481029668776,1.1579247059256914,3.932538651758521,0.088813485269127,1.4813467340788253,4.203358601609168,0.9464258959606738,1.3726957872701393,4.3092970706635985,1.1342111768534582,1.2784075689388343,4.12070267331843,1.2959570336405588,1.5234520420930817,3.8707555701082654,0.04917233690677983,1.4653992503911653,4.0876871640754295,0.4923320358452422,1.4241174861917518,4.057239564322779,0.9823242102315178,1.2643934045997127,4.141024098209174,1.4232281979695287,1.1717409310717528,4.001849625797979,0.06164493124324653,1.6025353394684891,4.163856067991568,1.242541416958547,1.462516540629223,4.190270571097659,1.2237380364523944,1.4888844378056385,3.784179332476718,0.10434924079051454,1.3878511602931343,4.028151478834179,0.9771607290414985,1.5086999409103694,3.817237422678972,1.0574951590141493,1.3682918477858124,4.123011152163576,1.1923418825243088,1.4838623669498876,3.7785045258626035,0.05840826554855663,1.325410207837343,3.8974761220032628,0.5207433940812503,1.4841116612497691,3.974947388467284,0.9987898199906311,1.3325791482725435,3.8525408047998475,1.3927940435642803,1.2860058634276685,3.8589068481623876,0.06337429577676104,1.5004188766509174,4.049911949706243,1.1481167313483618,1.4509086116300578,4.049526455183442,1.1169724722963577,1.4806592529454312,4.013087504875414,1.40195244203255,1.2766290723302791
3.57717,3.9701094928755363,1.3888160731349821,1.1586300505232998,3.932612996003344,0.0887862003476741,1.4812401719215744,4.2033651711546325,0.9466517635936439,1.3727767492823204,4.308932464941483,1.134680403169208,1.2795356158748645,4.121231559056262,1.2976915625442853,1.5241717600967923,3.8707884759414455,0.049256014539982615,1.4653432676802243,4.088232618970328,0.4922878518907909,1.424633246488638,4.0571742453607085,0.9820457585935499,1.2644785394537181,4.140572909520926,1.4234526154048248,1.172123098376814,4.001872384239575,0.06137007081424892,1.6024170177707098,4.163951247458978,1.2437797210568928,1.4634560729355308,4.190273659901012,1.2249100535149793,1.4898865527453269,3.7829875147576955,0.10504279867750316,1.389637876567138,4.028439188345038,0.978005347528952,1.5088691493136337,3.8166046302815686,1.0577996493419788,1.369129286613628,4.122998905530517,1.1916990689247378,1.4837023233021398,3.776740672232016,0.05920515634730181,1.3272135859484628,3.896500998962938,0.5216852760038092,1.4848400244524076,3.9749842031768012,0.9988849920532391,1.3326496996398463,3.8524803032217823,1.3932222456706709,1.287426403157711,3.8589427732009716,0.06390212668155397,1.5013864442793743,4.049737804647582,1.1476195570647933,1.4511137684081639,4.04958937519423,1.116312953948956,1.4806776765330543,4.012975488362544,1.4021715805302992,1.2771324230285352
3.58716,3.9693587659604557,1.3889426601636337,1.159252997823366,3.9326923080109077,0.08870339242865533,1.4811456909046836,4.203386083132711,0.9467315180941726,1.3728333772630328,4.3089494909523065,1.1355182342411012,1.2806419369394406,4.121014475659873,1.299773215183437,1.5240243214657756,3.870850017061043,0.04922468915882013,1.4653415204185765,4.088824693110136,0.4922011403221465,1.4255080985552981,4.057136055868672,0.9816010055225469,1.2645030427217447,4.140020647611845,1.4236318411261852,1.1722896286970435,4.001983328851532,0.061179494111,1.6022909451289027,4.163642829523037,1.2454019653962427,1.4637455620149442,4.1898303414582045,1.2265692464878573,1.4903484323122889,3.782114693902187,0.10557346002669664,1.391268864857484,4.02872826582601,0.9787870067696294,1.5089780308794598,3.8159823769625514,1.058234469779122,1.3706220833413274,4.123232062776778,1.191406125871271,1.48346537574898,3.775548435376872,0.05980545778914386,1.3288468681812204,3.8955495597209926,0.5225216199799175,1.4855089750603192,3.9750495802663663,0.9988451929629945,1.3326452596417855,3.8525804322622665,1.3935450085622745,1.288757393260417,3.858729898361112,0.0643071896599845,1.502575020200076,4.049670199029189,1.14747893455445,1.451495716575709,4.049754691448327,1.1161017295363276,1.4809776854235344,4.012999348835577,1.4022399710166162,1.2775104778589605
3.59715,3.968614070106828,1.3891264696863592,1.1598406870743516,3.9327783019150706,0.08858469071736673,1.4810159933410636,4.2033166657902035,0.9467880762545648,1.37260853580925,4.308635080341758,1.1362026890333423,1.2817839697768718,4.120836144644849,1.3021467818321004,1.5239608567418057,3.8708905695009648,0.04916197475899254,1.4653468667170495,4.089338224771112,0.49213146468150115,1.4261793664265208,4.05690362694346,0.9812124287471806,1.2644136475643744,4.139486607572155,1.4237345241255621,1.1722400205769377,4.002077907999547,0.06103989810664057,1.6021621437809075,4.1632986924280395,1.2472948789928047,1.4640600814000537,4.189362907784433,1.2284934874793072,1.4908198623832496,3.78150887341625,0.10605338228881495,1.3928655724599925,4.029084640589729,0.9795038925647517,1.5089995459833334,3.8155866535368723,1.0586104124331395,1.3720005942324296,4.123314564312266,1.1914816655368718,1.4838157977650763,3.77468620249146,0.06043509968071834,1.3303730375270857,3.89483879999265,0.5232717313645416,1.4862986031690673,3.9749973884092276,0.9988355419975442,1.3326255447937247,3.8526585478883715,1.3938629483490128,1.2900510843221904,3.858484094091198,0.06440311976976286,1.503842452653688,4.049517719771795,1.1476855610777401,1.4522897733418056,4.049762030730672,1.1162490280032187,1.481701258807006,4.013064040726012,1.4023366854339967,1.277835513591938
3.60714,3.967907198461199,1.3894968103402465,1.1604709375409337,3.932867104722311,0.08845423987907122,1.4808103517462907,4.203089465404646,0.9469267628868127,1.3720142043856496,4.307625058324719,1.1363978375910735,1.2829291099611695,4.121283564693353,1.3043538932048842,1.5247919105112218,3.870869606134085,0.049141164172964075,1.4653086303031746,4.089722616644599,0.49211673021980784,1.4262727482097572,4.056340311187474,0.9810717436226887,1.2642668510899937,4.139067848479492,1.4238030386565848,1.172148525110567,4.0020757673418474,0.06090538223268707,1.602023593598445,4.163231333739481,1.249041943855681,1.4649640051337647,4.1892378068761555,1.2301814285242332,1.4917520411897651,3.780989155730036,0.1065928210782794,1.3946029268168636,4.029562109808244,0.9801841283457606,1.508998978303862,3.81548637080444,1.0588264625182036,1.372721263106193,4.123020707860317,1.1918112364206277,1.4849644016882406,3.7738008386076305,0.061257001669770904,1.3319530017407188,3.8944615273883305,0.5239962631780285,1.4873488691365422,3.974745339635935,0.9990168951484186,1.3327225730333567,3.8525553554514325,1.3942614997387852,1.2913213041779574,3.8584207195990756,0.06421636659873263,1.5050614645572529,4.049182955175199,1.1481013771560407,1.4534691180538175,4.049476605043598,1.116574142899406,1.4827663475661077,4.013048233891777,1.4026150167308822,1.278221542536638
3.61714,3.9672252358229514,1.3897924470753877,1.1612009060303237,3.9329695079137017,0.08827452505653938,1.4805694054485563,4.202867097071436,0.9470729324360929,1.3714014268704102,4.306902751303464,1.1366413473411194,1.2840011248549705,4.121527453677245,1.305561879718327,1.52589251363425,3.870860603604853,0.049033578375136964,1.4652872574453106,4.090180935037069,0.49205372261961094,1.4262627064811049,4.055654008627146,0.9809608426307314,1.2643050397679647,4.138651004041479,1.4239663805890468,1.1725175942990032,4.002095743326858,0.06086222105011432,1.6018934810342433,4.163083087577207,1.250017742651944,1.466026191263469,4.1890411414863955,1.2310775946009351,1.492802687490381,3.780336639003392,0.10710518063481451,1.3965814273362107,4.0302551529599215,0.9807988600857087,1.5091957631204342,3.8152372879541048,1.0590868280169528,1.3736111984835333,4.122802054835752,1.192187896054644,1.485628543113549,3.77272292007161,0.062144640988955155,1.3337006822148971,3.894329462897252,0.5246457168705697,1.4886714494342317,3.9744706253389874,0.9991898466528529,1.3331162101136382,3.852338365995791,1.3946157784924855,1.2924958547952132,3.8584585821750537,0.06387838722604246,1.506267834355833,4.048888493553803,1.1485028564606912,1.4543326726304515,4.049239235989678,1.1169609627147714,1.4835945161196524,4.012879914790735,1.4028727914719563,1.2787486005262536
3.62713,3.9665322728716426,1.3898737270807098,1.1620722467399192,3.933092973635634,0.08803430497056848,1.480310471565634,4.202780691046917,0.9471250366161021,1.3708352220201045,4.306775034717754,1.1372518916233199,1.2850088443621743,4.121088862801026,1.3056964763563517,1.5269046299639204,3.8708500967497415,0.04883517445340707,1.4653203770536192,4.090780671850741,0.49192663873207704,1.4263519665250146,4.0550857306299894,0.9808761602041081,1.264487184378412,4.138158640184529,1.4242789145525683,1.1733320751039358,4.002157156968938,0.06088814675429672,1.601766585526849,4.162644731530007,1.250257804600968,1.4670014170811423,4.188557805007221,1.2312859095401036,1.4937796069903275,3.779428980794024,0.10752315968093906,1.39869738062902,4.031165489781038,0.9812734434515111,1.5095023618241736,3.814743879734118,1.0594271379191984,1.3750967006040864,4.12285611150245,1.1926413215498446,1.485445391999641,3.771428153034603,0.06294017410096574,1.335569739821887,3.8944170757038887,0.5251946287744885,1.4899423841357484,3.9743621766260206,0.9993563605563969,1.3336864071749142,3.852082006274365,1.3948254653827892,1.293578195086335,3.858474642824332,0.06356733232345713,1.50743365493178,4.048726490686923,1.1489198296473067,1.4547639646684605,4.049193181291861,1.1174799085660156,1.4841124792956795,4.0125648862533865,1.4030396112820498,1.2794354739723042
3.63712,3.9657835384959172,1.3897924815231042,1.163070953782007,3.9332387770495956,0.08775951818569458,1.4800389696519987,4.202869623062835,0.9470261044360346,1.370105267418223,4.306823875751194,1.1382231377450591,1.286016357802339,4.120069458037591,1.3054480967609965,1.5278759205594614,3.870754851595677,0.048662701623504195,1.4654079632627424,4.091456387439638,0.49180536761784793,1.4264241542570646,4.05479487823738,0.9809960445048815,1.264535032527237,4.137574417328374,1.4247100642606523,1.1741053836082882,4.002176296097455,0.0608613913274521,1.6016258475201284,4.161949419478691,1.2503984932565178,1.4679097050524004,4.187861817270654,1.231478613676593,1.4947012364135797,3.7782897766367083,0.10782319738303973,1.4006985877769975,4.032188418455972,0.9815309021656117,1.5095938857530335,3.814291054654219,1.059709655139953,1.3770337666023178,4.12303220715024,1.1934261462658233,1.4850811397928056,3.7700344159963923,0.06353251171039272,1.3373656234498292,3.894752201928711,0.5256463025535143,1.49071722297563,3.974521142783957,0.9996804375108863,1.334087947598163,3.8518163401477943,1.3948545600202111,1.2946212291146526,3.85836132873755,0.06341496331347103,1.5084702946258526,4.048638450356638,1.149591074764433,1.455232697923963,4.049259224083181,1.1183236527803584,1.484734640004304,4.012180344860516,1.403203575467318,1.280217140103543
3.64711,3.9649981623710433,1.389789635970033,1.1638974948410072,3.933396433802786,0.08751736376594296,1.479881957081871,4.202973094920803,0.9469922679840143,1.3692456869630283,4.306967360890454,1.1394197829775299,1.286888696215649,4.119098624493438,1.3056440056010123,1.5287518166316425,3.8706280087132297,0.04853750875769939,1.46553003632296,4.092249934823047,0.49169851957558786,1.4265436438037715,4.054553002027769,0.9811337968565308,1.2644210846352038,4.136915135195193,1.4251840109379328,1.1745643897772666,4.0021365633239965,0.06075107994015309,1.6015325786351224,4.161192079561999,1.250895188249815,1.4685910862384988,4.187118211762825,1.23207711007099,1.4954205735053057,3.7772824636646503,0.10797833114555763,1.4024271486551685,4.033092841940311,0.9816636604401748,1.5094934837578835,3.8141821532087814,1.0598860176990421,1.379008497179928,4.122979520052388,1.1947755977227053,1.4852534380089804,3.7688906286190096,0.06401674284916525,1.3387822411842747,3.8952165213380843,0.525943753765447,1.4915005525957294,3.9746634249098065,0.9999399733199537,1.3342744927422834,3.851443219503618,1.3947523822119134,1.295461699800571,3.8581135827250774,0.06311660651913975,1.509346028459185,4.048615502807559,1.1505547385747323,1.4560216996152198,4.049452507974804,1.1194386176692201,1.4856616423014992,4.011849149986195,1.4034187079254927,1.280819996952672
3.6571,3.9643539869721467,1.3900281358880775,1.1645472061434263,3.933570149868914,0.0873997564620983,1.4799039888434813,4.2030365751494765,0.9470501608897177,1.368495262287753,4.307190598741803,1.14064093090812,1.2875618816450602,4.118402105568597,1.3063594137643229,1.529335118102475,3.8705879486329566,0.04849315228652179,1.4656246833866569,4.0931905924335945,0.49162178561280895,1.426867454091206,4.054315885142515,0.9812056679145567,1.2642559083730749,4.136370233147167,1.4256367185311125,1.1746899953249479,4.0020893175185694,0.060658634032505855,1.6015386969599965,4.160615300363471,1.2517269751184914,1.4690556785657378,4.186589942628826,1.233094713394423,1.4959510695378566,3.7766181689727674,0.1081619958343306,1.4038472340383017,4.033809299723551,0.9818203406391967,1.5093722489671595,3.814507211831679,1.0600002792639747,1.3807389700550894,4.122842026088994,1.1964000829121537,1.4860378336601887,3.768212392582552,0.06463806359251986,1.3397371852629696,3.8957102800824956,0.5262018059015505,1.4926055537627516,3.9747246771829534,1.0001209103987427,1.3343421555003399,3.851117893561673,1.3946423899730653,1.296191363285286,3.8578209900287246,0.06262827041789457,1.510166635344353,4.048746615297753,1.1516583704358463,1.457085549466657,4.049772465532568,1.1206638523862393,1.4868485364858768,4.011656809247993,1.4036911574980897,1.281301098631029
3.6671,3.964290207368018,1.3903518865641162,1.1658359329635448,3.933798476261358,0.08751049116456429,1.4799381143488224,4.2033748694319115,0.9466235223885521,1.3683040584712456,4.307342589783482,1.1416529885322275,1.2882783790663763,4.116962738989595,1.305994380893121,1.5292586990732369,3.870770503741219,0.04866051051366099,1.465561598373131,4.0941822494508875,0.4916495810012428,1.4275727890382552,4.054709325057509,0.9816222685014301,1.2642319012783279,4.136438006879942,1.4260645065906226,1.1748259486345587,4.002167009124683,0.06087647898043994,1.60161084313192,4.1604183605941465,1.2520197616735576,1.469818627147163,4.186653910768937,1.2338772002810936,1.4967753425556805,3.775926283607013,0.10894670663041098,1.4051075831154853,4.034699818930753,0.9821271804010068,1.509427273800034,3.814895201555333,1.0602126812668486,1.3824337019461583,4.12391672316084,1.1969758902930214,1.4861452460005322,3.767744015692066,0.06577412486262992,1.3407055788572344,3.8962937403990283,0.5269234117037375,1.4931974474852145,3.975384461776808,1.0009326227064015,1.3344447316890264,3.8515989048699275,1.394726952469164,1.2975858802448366,3.8576966711951575,0.06276897155192906,1.5112605294509784,4.049270748436142,1.1525271305173612,1.4578490445275456,4.050108430122876,1.1218207913857106,1.487908402750188,4.01156614017815,1.4039512305551543,1.2825495302870216
3.67709,3.964491256792917,1.3906522331367095,1.1672946575648113,3.9339658573350387,0.08774463913237307,1.4799430512556493,4.203758263603225,0.9459134552498213,1.3684457562945194,4.30748645142887,1.1425316614447452,1.2889863193348452,4.1150900667319945,1.3045468754546208,1.5291740045904403,3.8710411729636904,0.04894056035945832,1.465394553655603,4.09499635597694,0.49166463272670713,1.4282708838510472,4.055295654126194,0.9820416834168881,1.2643097712829077,4.13665577113273,1.4264521196001725,1.1751019287248208,4.002274551954748,0.061203612933230345,1.6017097833989495,4.160332793519761,1.2516147039367758,1.4708728410685943,4.186949308885738,1.2340458519057536,1.4978318908083,3.7754126448429597,0.10993339673035255,1.4062838278124474,4.035593534144376,0.9825525411823633,1.5096615961110038,3.815254871831415,1.0604818709644328,1.3841675169815049,4.125575327875785,1.1971328348977546,1.4856515577248017,3.7673872334899876,0.06714532896063485,1.3416909936799613,3.8969662352839793,0.5277687482638816,1.4935466843730107,3.976212677108241,1.0019276128947692,1.3346102016098735,3.8524173444628067,1.3948702804679023,1.2992458162958092,3.857905310044117,0.06297212854563214,1.5122920482898057,4.049980287327025,1.1533519757027482,1.4582643375600313,4.050502309254391,1.1230080905346727,1.4886918294829206,4.011444131816076,1.4040803643915387,1.2840877313947485
3.68708,3.964090533075493,1.3908874873261186,1.1675405677921806,3.933875235099617,0.08785437876061142,1.4800174004872904,4.203570040883762,0.9457262327023095,1.3682424515617935,4.307842331897064,1.1435831906750753,1.2893938859233662,4.114140963777042,1.3034203385458007,1.5303441673010494,3.8710954681878285,0.049067942605183074,1.4653165033048876,4.095390449412664,0.4914298881800826,1.4282623403507335,4.0548803451359685,0.9816106085623582,1.2643127453600749,4.135892071901433,1.4267770045443753,1.175432482062285,4.002156932923608,0.06107952145479558,1.6018100471493906,4.159799901581632,1.2510411780309307,1.4717562087753502,4.186626363207449,1.2336186422925002,1.4986081881715163,3.7757059311102896,0.1100281287424011,1.4073373224889805,4.035915437523488,0.9829261744367429,1.5099494238912208,3.815763593505033,1.060576297628788,1.3858332291271842,4.125728138855287,1.198905881361357,1.4858421601308398,3.767221686041174,0.06797518025740738,1.3422829960441593,3.8976101761977744,0.5278034604247336,1.4947443799749807,3.975975492350277,1.001828442601216,1.3347917225855874,3.8521991840904057,1.394678786214287,1.2999242459521616,3.8584909627415223,0.06173728306127226,1.5124874394126195,4.050329577659631,1.1546984143734624,1.4587918076060038,4.0510707717571846,1.1244836419534225,1.4893439119573786,4.011106311784619,1.403960476573139,1.2844558501772507
3.69707,3.963263549118937,1.3909079814379581,1.1673379607332228,3.933704910410785,0.08788731579069808,1.4802339452157292,4.203128271401897,0.94579046699703,1.3681903999611906,4.308287274975004,1.1447335837521118,1.2895905218003818,4.113587856499075,1.30242771072734,1.5319786300650067,3.871101977033714,0.04911005127158091,1.4652943576758537,4.095635998498283,0.49108648700320195,1.4280846957287876,4.054060031069944,0.9808982315609723,1.2645748203784934,4.134515698964812,1.4270656320238526,1.175884265289874,4.001908472754789,0.06063471987460283,1.601934914666732,4.159067312412118,1.250376964815399,1.4724979943789793,4.186041490977343,1.2329511018726238,1.499198178099868,3.776394312861875,0.10957997347975758,1.4080383917419712,4.035885237696428,0.9830874014618107,1.5104766807444308,3.8163139527823935,1.060311357505477,1.387270318261688,4.1249249715219465,1.2012262573190717,1.4867314410086603,3.7671946132529546,0.06817886164184628,1.34256111889725,3.897840369732406,0.5274237013409854,1.4958523924102107,3.97524863038923,1.0012491598596671,1.3352246251378557,3.851322421977447,1.3941280900606834,1.3002104557353746,3.85913820822242,0.060216820148056606,1.5122223608032483,4.050293401492211,1.1560706575670179,1.4596176953854565,4.051445996764067,1.1258810588561663,1.4901762773625276,4.01049862522311,1.4036789412355588,1.2843902169046388
3.70706,3.96244726709629,1.3906963445841962,1.1676594165919332,3.933642678326647,0.0879326302961221,1.4806066771751238,4.202831459058061,0.945710651849518,1.368703189745384,4.308502768086557,1.1456774946173964,1.2897211862313658,4.1128921241666365,1.3012715227238767,1.5331716830912705,3.8712520342063117,0.049181898319030894,1.4652701141264477,4.095876995484423,0.4908555579916802,1.428256633002187,4.053570982231199,0.9806167171189072,1.2653056639448663,4.1332497583831485,1.4273375505576238,1.1764604087575274,4.001669249124609,0.060136102686780005,1.6021153260350103,4.158565027606165,1.2496667659509546,1.473264346774364,4.1857682433236505,1.232396988202201,1.499824156198104,3.7769465950746994,0.10919625005707355,1.408296374290819,4.035861414289015,0.9829790904330372,1.5113294500937577,3.8167667005000334,1.059653496605868,1.3883255887574208,4.124100354076794,1.2027269162466447,1.4880760654222331,3.7672282168630384,0.06798815920863692,1.3427347451599434,3.897512462904738,0.5272054439223155,1.4959509985294468,3.9747885451444014,1.0010357233606981,1.336038717438243,3.850526955190529,1.3933639749953939,1.3008882814724128,3.8595923563547645,0.059651887495881364,1.5120385638047864,4.049970519311173,1.1569418581554554,1.460812922114301,4.051290328115942,1.1268334148888275,1.4914236396959648,4.009711443829071,1.4033864952319877,1.2848489881593075
3.71706,3.9617704248521783,1.390609285601533,1.168128155797433,3.93358651839805,0.08792215297580516,1.4810480026682553,4.202469386357877,0.945723850215961,1.36904532078547,4.308058607377124,1.1459481050492775,1.2897322516510057,4.113039018693941,1.3007224323132507,1.5344774865589128,3.8713931198000875,0.04922341999388926,1.465322355217089,4.0955717448309485,0.4908114063195672,1.4282383101322367,4.052956308993024,0.9805966579486812,1.2660252846622664,4.13232227273452,1.4275582461039824,1.17690064660411,4.001387307957487,0.05956326016577914,1.602355647966511,4.158432960165167,1.2492496675780538,1.4740999193584479,4.18583107345736,1.2320168357934493,1.5004749340327401,3.7774467375300156,0.10883516825255143,1.408476075638186,4.035830362097582,0.9827588178554966,1.5121219905915468,3.8171573878838965,1.0588595614203145,1.388912805153171,4.122814021681176,1.2040107920448595,1.4901331057579048,3.7673041627861417,0.06774006236343999,1.3428780947644356,3.8972191078454834,0.526999591837058,1.495864135776979,3.974229196610664,1.000953289535524,1.3369015955678665,3.849862964167236,1.3925923995354503,1.3016199565909268,3.860024198966872,0.05925562411029537,1.51187536807056,4.049296188065755,1.1576196222430146,1.462423946424823,4.050739249132534,1.1275118163663898,1.4930136364041038,4.009034922771595,1.4032004474430972,1.285431187067088
3.72705,3.9612799543057124,1.3907213425131135,1.168553326725497,3.933549519172982,0.08781252885921188,1.4815419283475548,4.201950365814083,0.9458633416750493,1.369112305088841,4.307230245828335,1.1457247217859365,1.2896549335767866,4.113771016713045,1.30038089722619,1.5360323196853212,3.8714968901057043,0.049213010986384746,1.4655063896941016,4.094812542351171,0.4909116322574901,1.428066666014738,4.052101500319614,0.9807569104743791,1.2666392480564086,4.131728877268569,1.427750454936018,1.1771918245322537,4.00107345585139,0.05884511609747754,1.6025875695319542,4.158508057239964,1.2488672314202827,1.474985960757967,4.186027919602387,1.2315124030086206,1.5011477024169864,3.77793055572508,0.10850520210955411,1.4087243000887995,4.035687368043445,0.98250012839811,1.51277866261544,3.817511163265505,1.058159736444843,1.389201442792794,4.1210230204632525,1.205625519710891,1.492641602362127,3.7673770782524527,0.06760812972416182,1.3430177300967314,3.8971233069562095,0.5267506097664058,1.4960243153595716,3.9734608346859317,1.0009421534928564,1.3377085791012133,3.8492774282002253,1.3919612034715836,1.302177206568381,3.8604412775808195,0.05867700827485813,1.511713542188081,4.048330110087809,1.1585079695481553,1.464243354803054,4.049912171864805,1.1283398753850515,1.4947598292281443,4.008515896438467,1.403179087779191,1.2859796155541618
3.73704,3.9609745150575115,1.3908054266073024,1.169069318068621,3.9336697616451244,0.08756858778900554,1.4821261383044013,4.201365807888035,0.9459075650461096,1.369410788793876,4.306836762929562,1.1457062652571086,1.289610296395316,4.11371511694859,1.2988933415597501,1.5374362355541962,3.8716726120401237,0.04914439856978864,1.4658439237985932,4.094217028224078,0.49102214182890996,1.4282651840822043,4.051307763387352,0.9811965888902632,1.267452953165276,4.131323076336607,1.4279876361532344,1.17755850252943,4.000808960025593,0.05789030451444305,1.6026969184671997,4.15842872303696,1.2478063662840966,1.4758587674045933,4.186060503089855,1.2304024832862783,1.5018609206906115,3.7783245469574176,0.10831207324657983,1.4089392323356207,4.03534248596624,0.9821618562318986,1.5135394411073195,3.81781909215312,1.0576761935016041,1.3895668929791867,4.119224332410345,1.2076929410434916,1.4948809529447737,3.7673863478978578,0.06758465023020567,1.343148322537138,3.8969391125453234,0.5265577351976588,1.4963001751773368,3.972728626449142,1.001210698103437,1.3386219861196538,3.8487341976354057,1.391518911462968,1.3025889969982158,3.860689047099343,0.05819204445269113,1.511625244343163,4.047273017394995,1.159874716138699,1.4658956961893077,4.048889892531214,1.1297530388525576,1.4964410487266695,4.007981462822019,1.4033097764337874,1.286696640707867
3.74703,3.960808270532488,1.3906827316533656,1.1696825530753814,3.933974903332026,0.08694552899226567,1.4826667455627747,4.200796369333675,0.9457210028342136,1.3697103621376503,4.306958715628445,1.145977351926427,1.289634370153181,4.1128843186165085,1.296538837612806,1.5384608142346758,3.871895899157936,0.048752372957792715,1.4663870301059359,4.093509646313505,0.4909976427640924,1.4282530942866896,4.0505780127242845,0.9819343656488745,1.2684719802918747,4.131056255205911,1.4282794308733922,1.1780591889617236,4.000612941764202,0.0565716695900505,1.6026704723653928,4.158113258865089,1.2461967833958858,1.4766136886587276,4.18589459415367,1.2289007716586284,1.502511043041649,3.7786173821543505,0.10818316499158524,1.4090808252701537,4.03502233997582,0.9816531946253433,1.5144228709471588,3.8180441127311076,1.0572793220277024,1.3902261694176128,4.117945346118281,1.2095334046265709,1.4965640645934681,3.7673736754576357,0.06757204980989423,1.3432299870680473,3.8966511085667945,0.5263829752901682,1.4966867801655843,3.972146833117374,1.0017804125845917,1.3397555469772424,3.848373325534107,1.3911135797046577,1.3029385671499758,3.8608586710576067,0.05788377475254568,1.5115468845183666,4.046380379362644,1.1612380244451,1.4673350300208123,4.047993415403177,1.1312296283137233,1.4979718706525904,4.0074726915376395,1.4034628607758717,1.2875280286563786
3.75703,3.960778847182457,1.3903366639116175,1.1703607314237017,3.9342630350224495,0.08603993048503912,1.4830090123137565,4.200305129983084,0.9452782430560628,1.3697998417024841,4.307410797238004,1.1464385819783058,1.2897082253169194,4.111562740161076,1.2939603406781828,1.5390127564060299,3.8720013012193757,0.047986642273394824,1.467144962890897,4.092421421515655,0.4908160535971944,1.4275591924603168,4.049899416983685,0.9828598483730918,1.26956766391659,4.130868730264101,1.4286081263408377,1.1787325885962374,4.000599372622293,0.0554325459881977,1.602555697792246,4.157508474330157,1.2444141009646807,1.4770898387598046,4.185452965451432,1.227327114304477,1.5029311692452665,3.778830468486199,0.10805255659378595,1.4091337303403746,4.034945420976308,0.980987515895125,1.515372651937372,3.8181732322523527,1.056835924314646,1.3911955989707434,4.11722395549849,1.2107783451676732,1.4978885310299992,3.7674021675572065,0.06750986535197576,1.3432383589027286,3.8963136292670217,0.5261906891727469,1.4972871981526605,3.9717564576032625,1.0025376817832785,1.3410985474120398,3.8482174992784275,1.390578075815035,1.303238102806839,3.861040913309191,0.05776254607199945,1.5114359694145465,4.04571878641566,1.1622353593189698,1.4686938817953707,4.047358114833841,1.1323390672192752,1.499426228931401,4.0070640980744985,1.4035182761536387,1.2883782473099221
3.76702,3.9610069941756234,1.3900588244990788,1.1710981479052065,3.9339524002278448,0.08584694799258559,1.483097207952768,4.199932155844216,0.9447290366729801,1.3701394423406772,4.3080453516039565,1.1470971497143174,1.28976410554645,4.109471686298024,1.2912032563458449,1.5391559682756633,3.8716418268570987,0.04748120618855153,1.4680085093438238,4.09146354861384,0.4907377246269961,1.4269002184968111,4.0494835848523625,0.9836586456618397,1.2705804541389567,4.130599255272932,1.4289473985530567,1.179709470981607,4.001135368034667,0.05645581470469096,1.602434933748044,4.156406855917021,1.2426490085113375,1.477056816870186,4.1843689971919735,1.2256443107206954,1.502934478007961,3.7790004559548596,0.10802222098575628,1.4090795204141664,4.035041345327153,0.9804445230694518,1.5163586213886693,3.818275768649843,1.056411701237236,1.3921750272501985,4.116030534330592,1.212393981137264,1.4997179242577678,3.767493559796512,0.0674901512304511,1.343211921310235,3.895902061622243,0.5260712851190477,1.4982962970029703,3.9715553139688002,1.003238256784624,1.3424124037335243,3.84788840089746,1.3898886016661796,1.3033128718159679,3.8611162891917616,0.05785547021188943,1.5114119150146188,4.044904450822181,1.1633913742675477,1.4702020772390085,4.046515083359487,1.1336523568331462,1.501097131295256,4.006713647641314,1.4034804426797833,1.2892819726109959
3.77701,3.9613606860372825,1.3899334274968518,1.1718576524993782,3.9333270443179025,0.08616512662306806,1.4828661904855125,4.199694341456168,0.9443259954317499,1.3707438957742477,4.308561004441305,1.147630959447175,1.2897422381470203,4.107098430177379,1.2881492057993038,1.5393397182572974,3.8708641680847324,0.047285611116965776,1.4690706881186248,4.090689079097079,0.4909355687759208,1.4264774906949098,4.04928498591058,0.984394493561911,1.2715585084871182,4.13028774242138,1.4292524527165842,1.1809485155971935,4.002243821160798,0.05930865673886401,1.6020820904314832,4.155071426939168,1.2407696408142335,1.476834790908994,4.182970279690123,1.2236997571139316,1.5027587894445464,3.7791519988854665,0.10811156807060339,1.4089443963927681,4.035238528308455,0.9800556785009682,1.5173892487630398,3.8185400165614425,1.055904739523982,1.392902157473976,4.114243720607962,1.214648615513728,1.5021714830173505,3.767639933497384,0.06753983621502836,1.343174049581169,3.895533045852693,0.5260555986705344,1.4994444468031998,3.971477636227946,1.0038569463493259,1.3437020527503962,3.8472839381107264,1.389132490040298,1.3032795669691368,3.8611191892955428,0.058093177971527674,1.5114773924568623,4.043870380663034,1.1649369377965084,1.471876233119702,4.0453843209677895,1.1353759868848106,1.502971439437678,4.006280905271937,1.4034523614876513,1.2902265984701407
3.787,3.9615318081649455,1.3898537646883775,1.1725803193432178,3.933306519165301,0.08581075810156222,1.4822935291080466,4.199552690485367,0.944332041793133,1.3712252581492332,4.308612302029573,1.1475392848064856,1.289607442616627,4.105563380230853,1.2846770848255353,1.5402307574194534,3.8700482181901763,0.046914584150194054,1.470540108948454,4.089714840542475,0.4914275789752631,1.425946738747415,4.049021281857606,0.9854175440238954,1.272691432156814,4.130141029944443,1.4294899206818392,1.182264085492863,4.003581285913873,0.06167461651147047,1.6011193039207627,4.154154919308848,1.2384614098002724,1.4771467098286406,4.1821519960620375,1.221345230268613,1.5029542415156676,3.779284175732936,0.10824399740875494,1.408801668714054,4.035452655765144,0.9796440353212056,1.51848658758564,3.819198996342554,1.0551108688994948,1.3932363325640553,4.112608077693003,1.217053795737623,1.5046551822503633,3.7678027394916294,0.06761039788181163,1.3431338906286185,3.8954066299382317,0.5261058807254039,1.5001149472888333,3.9713923240363918,1.0045565316292777,1.3451535107474732,3.8465960239822796,1.3884710433973682,1.3034768896653455,3.8612141738346293,0.05832658008728467,1.5115269461608916,4.042877560790339,1.166718826707953,1.473534609404827,4.044296577783354,1.1372669535892312,1.5047545647349563,4.005597802961046,1.403590421591999,1.2911529801918638
3.79699,3.961678768371975,1.3899664707346773,1.1732927060152818,3.933448626387249,0.08512781672030983,1.4817624322644443,4.199226699769896,0.944609608123908,1.3718156104414567,4.308508149524812,1.1472129548399372,1.2893931908266594,4.10499604426797,1.2810496173211703,1.5417570646870786,3.86922054290492,0.04647722556945078,1.4720977151867747,4.088701346559306,0.49200056707902495,1.425497971047068,4.048592565583,0.9865275110383595,1.2738488539721307,4.130150369473,1.4298045091587401,1.1836614578810245,4.004728799325978,0.06345804053003985,1.6000339980801435,4.153864017700908,1.2359475105794948,1.4779852985285438,4.182068555569517,1.218799250230897,1.5035463142907126,3.779325669029056,0.10835682961074447,1.4087569307265193,4.035296336680176,0.9793717378837106,1.5195794547047645,3.8201449270039296,1.0543076130352755,1.3933416776954342,4.111106835937195,1.2195704058298487,1.5070288872984647,3.7678931847092456,0.0676831191015128,1.3431501410022735,3.8953523581127834,0.5261998186005282,1.500314827916728,3.9710874408828216,1.005312291942008,1.346520280254254,3.845914726004179,1.38798202374449,1.3037932379559094,3.861319449893523,0.05848051098648746,1.5115868298065436,4.042008367440149,1.1686404245821282,1.4751130607079093,4.0433768492212945,1.139237126118909,1.5063920236398156,4.004788898273046,1.403912958564729,1.292112983751523
3.80699,3.961993016454184,1.3903276174885415,1.1740609977628116,3.933210370478656,0.08473869159697828,1.4815395264673803,4.198621717531095,0.9449472686143868,1.3727810625399617,4.3085404893267505,1.147097918319894,1.2891167168142634,4.10504860125613,1.2775179675476414,1.5435767864764935,3.868389085394402,0.046187702126123484,1.4733558195472451,4.08795209054057,0.49245607377635325,1.425271292492909,4.048078817979268,0.987491291878129,1.274933749701063,4.130209960775771,1.4303037543504147,1.1851509589791973,4.005459637427257,0.06524851371646374,1.5993171662428312,4.154072903030242,1.233498774796972,1.4790710090228931,4.182483618644682,1.216293734581104,1.5043415122775434,3.7792532186869208,0.10841957755996912,1.4088368190184168,4.034643217554766,0.9793243539474488,1.5206447208927822,3.8211948463166894,1.0537391497060502,1.3934542408843718,4.109594728690717,1.2221349437080797,1.5093620764114004,3.7678763559703623,0.06774394720636992,1.3432399229551655,3.8952407839932874,0.5262873318243999,1.5002938011116023,3.9705339143068947,1.006042730197686,1.3476477531646214,3.8452819768458193,1.3876269211738697,1.30406219390577,3.861320968513575,0.05854317652110072,1.5116925644106827,4.041289953358094,1.1705435975292635,1.4766408454910909,4.042648309714689,1.1411654918196545,1.5079583473632507,4.004005592085492,1.4043478306664134,1.293174661684419
3.81698,3.962328418778255,1.3905685715752016,1.174959265573773,3.9330246725671865,0.08452709149880835,1.4812805801829614,4.198261689853153,0.9453155799655595,1.3739123604355925,4.3084072745608335,1.146990360845848,1.2887091825127863,4.105177374977419,1.2739769898918827,1.5453847746019793,3.8678340312614394,0.04596158728596566,1.474234407009017,4.087597182964265,0.49282436605313973,1.4248227962732085,4.047794404573751,0.9884812621323716,1.2761973081736688,4.130191044074948,1.4308560370638546,1.1865892183115234,4.006024509676771,0.06717259496994002,1.5987186476244806,4.154307401500096,1.2310236919183533,1.480156175029243,4.182940925120185,1.2137747225614937,1.5051183306797065,3.779210832742877,0.10845839792759991,1.4088653642790585,4.034206045907288,0.9791227008529136,1.5218416352264503,3.8222836176785866,1.053162600829958,1.3937091563462158,4.108326984901807,1.2242202575005046,1.511755928052397,3.767880119118562,0.06776105045107884,1.3432848903344299,3.895352607018425,0.5262437948798098,1.5002891936853875,3.9701763095345877,1.006704382255277,1.3489568138717394,3.844728675909059,1.387189315067886,1.3043897859462377,3.861252808977282,0.05857815969341044,1.511782481398903,4.040788339448885,1.1720753520719174,1.4782326975036717,4.042095974722107,1.1427141622460186,1.509585238298838,4.003208124167856,1.4047415627346689,1.2943379540357554
3.82697,3.9626043663958,1.3905917644972394,1.1760002404404735,3.9331386744521923,0.08423615272510165,1.4808247552386127,4.1982582432270155,0.9457248166033274,1.3751869219764685,4.308213141511355,1.1469026426433444,1.2882835854538193,4.105018595227919,1.2700582028822969,1.547088400374996,3.867624059707737,0.0456740815923379,1.4747599659525057,4.0874876086623555,0.4931380026320247,1.4240276423140614,4.047796622793616,0.9895451135284616,1.2777408480759578,4.130071295685142,1.431421188738389,1.1881436213211845,4.006406219865987,0.06914906211324455,1.5981971953936362,4.154315041211242,1.228275029894516,1.4811635342439513,4.183180766509653,1.2109995989811462,1.5058162209931611,3.779258854498941,0.10847178263412949,1.4087774552265773,4.034129869087453,0.978687179795214,1.5232479340183798,3.823258804453185,1.052578104752444,1.394198197664733,4.107364889480869,1.2258156697644573,1.5140214524449491,3.767955337349431,0.06771269067819215,1.3432519261357803,3.895729045270819,0.5260538303243387,1.5003236658096788,3.9701129925754346,1.007281851736303,1.3505823957619154,3.8442173013880754,1.3866764278980381,1.3048308075331019,3.861184438561553,0.058607350068754754,1.5118198172183486,4.040449019986552,1.173268532383503,1.4797866978021843,4.041647442079658,1.1439476633444963,1.5111970930606295,4.002364109710457,1.405055555937988,1.2955927121269823
3.83696,3.962850180527647,1.3905941047941435,1.1771271257557046,3.9334667281866245,0.08363422266992095,1.4803034877745491,4.19829584654079,0.9461738376909532,1.3767711568340677,4.308394837272798,1.1470562585670157,1.2880584465787952,4.104450084825367,1.2653712849880085,1.5487282050299553,3.8675961921244597,0.045212511971500356,1.475074618360412,4.087252708743589,0.49338791255470177,1.4231108237458787,4.047898534221005,0.9905550745594037,1.2794647087787472,4.129934242770881,1.4320473551837183,1.1901553592476695,4.006374493044464,0.07098466830267278,1.5979646351379462,4.154104329422367,1.225009515936321,1.482131910480501,4.183179125463045,1.2077110870929453,1.5064925425525375,3.7793549022024355,0.10843950796009733,1.408642113738663,4.033978531128802,0.9782665533939969,1.524820248654017,3.8239322349272182,1.0522178011410381,1.3949184625592421,4.106513675748967,1.227383745462672,1.5158132070803672,3.7680611142410494,0.0676054209634389,1.3432034803426782,3.8961236548274076,0.5258224806197864,1.5002589651562954,3.970093766494593,1.0077827657372753,1.3523134233181404,3.8436735342425066,1.386290879737091,1.3053432662824116,3.861183662722281,0.05861159323645922,1.511812399375011,4.0401051998061535,1.1744766624063774,1.4810574610408307,4.041181904438549,1.1452542747713013,1.51257437163453,4.0014867107346115,1.4053567741405308,1.296915535250114
3.84695,3.963123912127031,1.3906719962804197,1.1782368864042647,3.933741593365968,0.08285375567612274,1.4800800564786702,4.19831691776935,0.9465158360383429,1.3785423649292887,4.308576454011013,1.1471639887827523,1.2877623064202959,4.103637979589532,1.2605539618949944,1.550003507840402,3.8675902711732926,0.04452340177787769,1.4757021052204835,4.086619470446657,0.49349339402995657,1.4221127698418212,4.048082552100559,0.9913837371891011,1.2812134116354692,4.129879579736771,1.4326106469884035,1.1921325633403483,4.0063615872504545,0.07267470354074783,1.5979488660725278,4.153724574389796,1.2215625602040436,1.4828765606279415,4.183053967330689,1.2043687649757706,1.5069908431820416,3.7794447373730615,0.10843598367228102,1.4085470016753119,4.033709222072502,0.9780085830453036,1.5264177951388773,3.8245313462710726,1.0519125632889021,1.3954515054294285,4.105414418778166,1.2289828523296078,1.5176058199175644,3.76817155231851,0.06754979317441967,1.3431866976137077,3.8962421198485067,0.5257034067483777,1.5002063102934016,3.9701088384657357,1.0082439497526563,1.353968893906295,3.8431703693850423,1.3859811156342656,1.3058155808335736,3.861222179690163,0.05862521192686344,1.511821930957407,4.0396120452487425,1.1756713034333408,1.4822912915517281,4.040563595982025,1.1465443452152049,1.5139088608525197,4.000651267366324,1.4056385511685219,1.2982309081220726
3.85695,3.963384932417037,1.3908571587994742,1.1792373727408785,3.9338082741835865,0.08210949879776462,1.4802960864179064,4.198385269682923,0.9466716805571401,1.3802572526968935,4.308312888766381,1.1468276476184829,1.2872149079259505,4.103006259669273,1.2564161226604873,1.5508284354674762,3.867569859270655,0.04362590796130769,1.4768515742386203,4.0855538620448195,0.49341276738772005,1.4209744331133296,4.048366219890417,0.9919450205297126,1.2827908276049278,4.129945045368571,1.433033357259427,1.1936728780012642,4.006746339759977,0.07426102018628243,1.5979668175307473,4.153346823162499,1.218400632662727,1.4833391108965035,4.182876939517908,1.2012617752191979,1.507248939887226,3.7795011634917386,0.10852915275741214,1.4085265807434748,4.033447216008373,0.9779644155203836,1.527870153201783,3.825149661545561,1.0514940438110694,1.3955108685039999,4.103867502610496,1.2303495535739541,1.519860763547458,3.768266517917898,0.06763422978915344,1.3432037743640146,3.896079156197095,0.5257537773634746,1.5002850107300554,3.9702156580749226,1.008650327119576,1.3553922018186544,3.8427830770590035,1.385691987615483,1.3062525812342365,3.86126027574486,0.05868179721760206,1.511872701886357,4.038878462747967,1.1765895047028754,1.4837715723825966,4.0396862456237255,1.1474890687601325,1.5154258467712889,3.999940225611958,1.4058633927729716,1.2994289139944697
3.86694,3.963360082802692,1.3911313609820866,1.1800997880530417,3.933915997570637,0.0814842395652723,1.4804038627612686,4.198593437948257,0.946841030001685,1.3816608084609567,4.307743628029143,1.145883847514839,1.2868731420238078,4.103270452201579,1.2532286481037984,1.551886709630831,3.867765427636933,0.04266060165679592,1.4776912480551667,4.084478928903691,0.4932573901549444,1.4196096845644548,4.048687530085071,0.9922430534239862,1.2839546329476428,4.130018226819961,1.433493216588659,1.1953032541503983,4.007189725148774,0.07571159645800798,1.5978545497458447,4.153367802685868,1.2157674868081048,1.4839365551545813,4.182500732304302,1.1976974733832493,1.507602671207231,3.779565243506251,0.10868522195060866,1.408486364646668,4.033328265985372,0.9780603837022653,1.529020749391529,3.8252178602570046,1.0511638232068612,1.3954759736584155,4.102183105246057,1.2308863675235755,1.522254452947649,3.768323597710892,0.06780247350373926,1.3431762038028996,3.896307937018759,0.5257717297444277,1.5004096377863676,3.970397369599441,1.008846243406131,1.3564454175385205,3.84246326343174,1.3855898361612538,1.3069630894787954,3.8613166514234796,0.0587627450803719,1.5118624666729377,4.0379213874357145,1.1768063670090905,1.4854074816755392,4.038533838891393,1.1476748747789502,1.517041949755674,3.9993984919179706,1.4059950286694192,1.300371338770038
3.87693,3.963179036628171,1.391488058622355,1.1808891508145005,3.9341781232812902,0.08103758920859384,1.4803377336996362,4.198913880966375,0.947068822026871,1.3827293413944468,4.3070721765898625,1.1447193949434187,1.2867755388837614,4.103911614267067,1.250477754601188,1.553143996036349,3.868221500601074,0.04178386300489722,1.478060380713989,4.083667762519783,0.4931238333944007,1.4183363228060673,4.049008284508141,0.9923591288564549,1.284740893775692,4.130082195462577,1.4340299686446525,1.1970775060785388,4.007549668756284,0.07698589711298383,1.5977206661303311,4.153536533662142,1.213389650425846,1.4846783175633431,4.181906004685668,1.1938000210684878,1.5080766825635015,3.779655362603654,0.10885566659929077,1.4084618350936904,4.033337044087111,0.9781565334754702,1.529861761543483,3.8246703449289003,1.0510847842797555,1.395540004434811,4.100545328567312,1.2308177302311756,1.5244276996326735,3.7683525833085993,0.06798478901404906,1.3431604629419993,3.8970861289387524,0.5256417978948781,1.500627249511137,3.970603122787241,1.008822876099501,1.3571726553130352,3.8422133715342035,1.3857095839608276,1.3077915001674512,3.8613889304423825,0.0588326876131076,1.5118382485798996,4.036819565928994,1.176568789381996,1.4869778038118824,4.037198770066856,1.1474000455043958,1.5185847264124728,3.9989964022544187,1.406082275440613,1.301160648907146
3.88692,3.9632946570532854,1.3919215876495314,1.1816847488106343,3.9345025119590615,0.08081304588838598,1.480511680816776,4.19920516089752,0.9472426150164727,1.3836426195700202,4.306472530936676,1.144079114087724,1.2865536318542938,4.103487845672271,1.247262679723021,1.5538760409865675,3.868757142886627,0.041132736775189326,1.4784925892883976,4.083163153488583,0.4930636027876732,1.417768669774984,4.049304016545415,0.9924041035154575,1.2854175188532055,4.13021097870277,1.434526530343887,1.198532714172043,4.00792060686062,0.07804846911214978,1.5978708323793234,4.153108870381726,1.2107249851385744,1.4851665082511194,4.181207688140758,1.1905102581640163,1.5083782802384331,3.77975774163647,0.10899890808567253,1.4085802693563256,4.033317152940916,0.978105731218203,1.5305164221060457,3.82399193554002,1.0512951847679572,1.3956444622024164,4.098926616957942,1.2311330503210538,1.5261295590477257,3.7683857497265483,0.06812891158895605,1.3432998956581128,3.89803632049957,0.5253680337712346,1.501099467006031,3.9707505833549264,1.0087004907311474,1.357762247258367,3.8420753381363792,1.3859191975958964,1.3081613906241218,3.8614513593471593,0.058855432947754575,1.5119511526879126,4.035683104023046,1.176709956423176,1.4882262075844659,4.035851673291492,1.1475694482600551,1.5198691245993985,3.998639652634272,1.4062198727849111,1.302040459470745
3.89691,3.963582713969193,1.3923236042411224,1.1821733525302953,3.934665878202238,0.0807582352351024,1.4808802651741095,4.199355892557593,0.9474310892703557,1.3845092326387998,4.3060410271218865,1.1438478382504693,1.286319046437297,4.102396355301055,1.2443890106124795,1.5540090250769532,3.869115323318002,0.04070663622049521,1.4790047417851075,4.082819348114393,0.49306180846888603,1.4179060598832072,4.0494331242478925,0.9923043932787493,1.2860439438373874,4.130350957765832,1.4349369159522811,1.1996306079968997,4.008099999230615,0.07892752036829842,1.598230380533078,4.152310842987878,1.2083724589191778,1.4853060789876973,4.180406865350552,1.1880819358102486,1.5084334249524969,3.779851931366319,0.10912111562685041,1.4086550646155875,4.03313283811591,0.9780064981125571,1.5310916513613593,3.823559913453097,1.0515842880558681,1.3958351258961492,4.097118242639631,1.2324527770893898,1.5273966199274152,3.7684040516771886,0.06825213999236744,1.3434050088993925,3.8990818370377647,0.5249689256587431,1.5017392783371095,3.9707025494180908,1.0084218376942116,1.3582723221669564,3.841917744738827,1.386005503605175,1.3079093298810045,3.8615084892774507,0.05884737487696432,1.512003863566827,4.0345216718289585,1.1776054025980498,1.4891799347455628,4.034559011607936,1.1485839381435792,1.5209438735275387,3.99822319860166,1.406287750081546,1.3027054906830016
3.90691,3.963802031464915,1.3926501595976446,1.1822010685206363,3.934606359264525,0.08082653202965316,1.4812461598895519,4.199309245978702,0.947757549323071,1.3853832435622964,4.305832724377908,1.143759457162708,1.2862762624858965,4.101462200963836,1.24272234416477,1.5537974889237167,3.8692187311242807,0.0404925064684315,1.4793653985487571,4.082597102147036,0.4931202339501661,1.4185470565526075,4.049299040444369,0.992024632505073,1.2865920331720484,4.130428902170752,1.4353006209130004,1.2005551214390735,4.007885717140864,0.0796485480077245,1.5986815303850614,4.15162309034338,1.2069653789145829,1.48520992123967,4.179563071529536,1.1864419802458908,1.5083285371349546,3.77990835493907,0.109212652689714,1.4085468870896654,4.032693118401597,0.9779800783577037,1.5316300078500618,3.823558320582668,1.0517757985212062,1.396163567562535,4.0951219792577715,1.2347175986705088,1.5284587975061843,3.7683732975745547,0.06834503208891697,1.343333519342461,3.900173110002683,0.5244902418053536,1.5023420523431419,3.9703706358525626,1.0079485443710543,1.358689599770347,3.841640036394874,1.3858898730914981,1.3072583722105966,3.861566533234039,0.05882839338350961,1.5118439338292278,4.033416777442578,1.1791318922618719,1.4900188786899147,4.033407558332731,1.1502926739929478,1.521959232130877,3.997708834432156,1.406215001998047,1.3029484101940605
3.9169,3.9639793567014783,1.3930933238118226,1.1823274346246675,3.9347399832629515,0.08106809934656387,1.4814979470517462,4.199105328087504,0.9482951553529931,1.3862581961863885,4.305874664175642,1.1439875407291682,1.2863879740639923,4.1007863532176145,1.2416992703163179,1.5536273731938197,3.8694601582378794,0.04056856204064217,1.4792773581143128,4.082853465740215,0.49333437441835165,1.4195840615463275,4.049017034392924,0.9917860614313742,1.2870287169255996,4.130447975905911,1.4357782468644222,1.2015853807005987,4.007368563482688,0.08017287303520323,1.5993480382041951,4.151207494791508,1.206164374685984,1.4851719305955724,4.1789725631940025,1.1854126550805872,1.5083019333422076,3.77988139796894,0.10918732994005244,1.4085095225154014,4.031994867605011,0.9779772274317308,1.5320452607582549,3.8238339322438994,1.0519948777135506,1.396586149337269,4.093575749045782,1.2366744890992831,1.5297094097818602,3.768272905519056,0.0682788803555975,1.3433520142805189,3.9010298664056333,0.5240341300952329,1.5026660105752596,3.969832286608285,1.007453916490402,1.3589611626156175,3.8413736762229727,1.3858689430185718,1.3069173862309236,3.8616057625864113,0.05877940691638256,1.5117386914421114,4.032700529518105,1.1804606862012017,1.4909970929866785,4.032623951877342,1.1517612709353129,1.5230690307691914,3.9972221275938105,1.4062374905814714,1.3032801064290622
3.92689,3.9641859315831054,1.393692159424575,1.1826772270662211,3.9351995581118353,0.08146173799394063,1.481628055647706,4.1987927639540885,0.9490258294047539,1.3871094558822201,4.30614497573951,1.1445244531795926,1.286526478529054,4.100228585458571,1.240781654867544,1.5535078720658508,3.869979486826585,0.04088934748800374,1.4788327078539132,4.083552875704757,0.49371222638344553,1.4207730815951334,4.048647563152916,0.99170801010434,1.2873920587549552,4.130461443544611,1.4363984175386124,1.2027412637420136,4.006841639664591,0.08054668900670901,1.6001243460438874,4.150986553021168,1.205550378766455,1.4851821090738557,4.1786313964000374,1.1846677448928786,1.5083235087623308,3.7797388412815605,0.10905304922113955,1.4085960768447015,4.031128302390165,0.9779846018923669,1.5323569181250756,3.8241673692398885,1.0523275774634084,1.3970160192979613,4.092561323889202,1.2380329750601995,1.5310240211483641,3.768102762467623,0.06807259702348571,1.343502941391829,3.901522612972831,0.5236739823171285,1.5026693656610473,3.9691690538023012,1.0070515273933964,1.3591409917559916,3.8412031976507097,1.3860510968770747,1.3069720639657687,3.8615871846167673,0.05870220147464643,1.51175139255692,4.032348085164998,1.1814122349486076,1.4919905529064381,4.032176607274866,1.1527836680746177,1.5241273352424136,3.9968229997384106,1.4064317141455054,1.3038143216295903
3.93688,3.9644816424807043,1.3943149304092564,1.1829205893137338,3.935765585121572,0.08191410935359877,1.4817383313878802,4.1984081287521136,0.9498536921901285,1.3879192636213147,4.306589714290796,1.1451649356151437,1.2865242103114969,4.099596658400167,1.2397199217708041,1.553128240419593,3.870586883134582,0.041297353870350315,1.4784993262117603,4.084234568826811,0.49417352654134117,1.4217825935748634,4.048170328791094,0.9917751970034295,1.2877958448864775,4.1305338420780995,1.437064728597007,1.2038276253247957,4.006696625130228,0.0808841815412554,1.6007026755688532,4.150764984502,1.2048325664744697,1.484964258023563,4.178292052958656,1.1838333267539414,1.5081293125832633,3.779475756083067,0.10891008900928219,1.408646896725965,4.0302469763196305,0.9780404099679323,1.5327081021941278,3.8243889622215743,1.0527489855886718,1.397332854529737,4.091547522552614,1.2395494834052716,1.5318797671978972,3.76788601397635,0.06788810295123356,1.3435940131736455,3.901716065015992,0.5234372747126803,1.502521823582306,3.968438123809938,1.006764872097828,1.3593944492973287,3.841109198442631,1.3863042947741482,1.3069029240368846,3.8614686244021286,0.05861905225729452,1.5117246385733496,4.031974308918997,1.1824993127138372,1.492597870005862,4.031769015812736,1.1539299141892778,1.5247917938996818,3.996475156765295,1.4066892151091865,1.3042447755175068
3.94688,3.964823768576273,1.3948993767699644,1.1831338763002976,3.9361331113357045,0.0823978055191962,1.4820772570932466,4.197943297380441,0.950712056052661,1.3887970229584075,4.307219842958916,1.145943753046311,1.2862996834221616,4.0991823964364364,1.2386367975579182,1.552564368215617,3.870962459506945,0.041755084165952625,1.4787018723742813,4.084482620360294,0.49469742425063656,1.422662427279885,4.04757078401962,0.9919594327906702,1.2884111366053055,4.130563293902416,1.4378122854091988,1.2049828019678144,4.006963136771066,0.08117516191481107,1.601122277110632,4.150766595246659,1.2041266942063844,1.484570700708148,4.17818517464167,1.183004719345194,1.5077460699587546,3.7791666943524076,0.10880443624816537,1.4087242346873081,4.0293999838959795,0.9781392093221022,1.5332819870597176,3.8247551581175725,1.0530385362609118,1.3973931680312899,4.090018402222214,1.2417479727532745,1.5325723345096938,3.7676797825655233,0.06778911190585095,1.3436738916561164,3.9018138992017044,0.5232715923686371,1.5024976320786854,3.967653553238003,1.0065841250096552,1.3599173154288067,3.8408948720570923,1.3864489026911564,1.306573511863678,3.861284944941365,0.058519600440006314,1.5117156019801317,4.03128060129343,1.1840782974880304,1.4930638855467124,4.031092967533573,1.1555976756763338,1.5253436599549093,3.9960623000690902,1.4069711309951403,1.304671292465023
3.95687,3.96516838331707,1.3954616103457524,1.1834963660774176,3.93608922772632,0.0828922112757507,1.4827958692553962,4.197382408703249,0.9515418584308164,1.389758526791564,4.307941518066606,1.1468360310422465,1.285888902688408,4.0992206520520424,1.237702271748996,1.5520399702857608,3.8708703474862745,0.042261431735237005,1.479590189085026,4.084061737649128,0.49526165061509886,1.4234783641126685,4.04684342836945,0.9922138024251904,1.2892595996627534,4.130496796517341,1.4386664263441087,1.2063655278179604,4.007443155219685,0.08135443506797627,1.6015357658882003,4.151143238416522,1.2035786947988163,1.4841837092208305,4.17848132959459,1.1823319478509784,1.5073320547905067,3.778898430168346,0.1087499872280809,1.4088966704587946,4.028585340982024,0.9782692723810201,1.53410334507031,3.8255291289698,1.0530513418407295,1.3971287000054664,4.087889844408439,1.244562950699277,1.5335941798409547,3.7675468915278425,0.06778098265355019,1.3438143218648595,3.901954443939517,0.5231262892148147,1.5027837098398107,3.966813785005613,1.0064825844024898,1.3607368411655547,3.8404353771819832,1.386411438734477,1.3060850128116748,3.8610958061494123,0.05839760364796458,1.51179782067339,4.030251361723382,1.1860961106759675,1.4937799229519426,4.030074880366626,1.1577326814242266,1.526171778754283,3.9955392202283018,1.4072901418537351,1.305271933450146
3.96686,3.9655632991926995,1.396126839676395,1.1840295995256471,3.9357094006267466,0.0833375765002495,1.483690995958733,4.196736048639407,0.952283289647768,1.3905020542280342,4.308373706291999,1.1474626870956346,1.2855178767594526,4.09935161878665,1.236848788781888,1.5517350261775869,3.870388475801763,0.04279024213408501,1.4807352981432997,4.083115610209315,0.49578909366461527,1.42399731454249,4.045997491148096,0.9924564932453088,1.2899792160770047,4.13054486923481,1.439507941137738,1.2078707571015053,4.007760328331904,0.08136007726986359,1.6020316331065851,4.15148525873192,1.203026747932031,1.4839608469643497,4.178753915973283,1.1816461034230985,1.507061812177878,3.778709495972737,0.10873753324545793,1.4090358581748856,4.027779234562978,0.9784445837623481,1.5348094701489465,3.8265822796242106,1.0530006894509933,1.3966783936392093,4.086026165794609,1.246845432200083,1.5351038034653026,3.7675289949303274,0.06782689630630105,1.3439108735388758,3.9020127921645855,0.5230225089247328,1.503269535894817,3.9659190338887336,1.006417248685573,1.3614767456337324,3.839933847852578,1.3863998132184814,1.305707335208689,3.8609436896694853,0.05828626146263284,1.5118771410450962,4.029422145146041,1.1877418617998408,1.494856651410906,4.029176792493636,1.1594454579551965,1.5273206835902997,3.995090307175361,1.4077043813972734,1.306013879993037
3.97685,3.9659490913395703,1.3967807161511123,1.1846332255396308,3.9350744457360842,0.08375788687787013,1.4846731059645653,4.196202941760996,0.9529174366735631,1.390999271438302,4.308462901778265,1.1476610043665485,1.2853549446625547,4.09920331274695,1.236019599092294,1.5515624152198761,3.8696373766584764,0.04332459324887241,1.4819910809492147,4.081960105285154,0.49623621670147333,1.4242937830566833,4.0452305828194906,0.9926084573019405,1.29048895750948,4.130734289307652,1.4401727015749974,1.2092958433608145,4.007825376720376,0.08137036933128845,1.6026159335856962,4.151491293907682,1.2024085233325772,1.48385556899619,4.178630884978755,1.1808244314807308,1.5069151970660932,3.7786346257100383,0.10874758326611715,1.409080031369962,4.027134041256918,0.9786045483508894,1.535318522673889,3.8274633241233103,1.0530414325733337,1.3963709157338782,4.0849321510234375,1.2480173538808,1.5367224489086353,3.767638086987786,0.06787549513735099,1.343922345884913,3.90214777650458,0.5229003416014679,1.5038222547753142,3.9651446773810046,1.0062937682917557,1.3620380619684695,3.8395566501691927,1.3864840865404735,1.3055555598900552,3.860841497809709,0.05820832011070599,1.5119247566662153,4.029010598853328,1.1886079316839142,1.4960558853877053,4.028604866468398,1.1603325528752602,1.5285508391048486,3.9947927436137336,1.408112610486958,1.3067719038018868
3.98684,3.96618960433673,1.3971208248851474,1.1851585189137088,3.9342567451093373,0.08423545029784463,1.4858056476260015,4.196081694239087,0.9534533744986873,1.3915146045419322,4.3084714813821465,1.1475642581818644,1.2854415425318841,4.098483750958486,1.235154134796178,1.5511989751463757,3.8687557064292153,0.04384106784841989,1.4835274661833326,4.0809334332664005,0.49660600564712054,1.4247273928038318,4.044859651179756,0.9926334198807385,1.2910187679013267,4.130899153291304,1.4405156829746901,1.2104320982095598,4.007845115912973,0.08171425680451526,1.60324410942339,4.151051438582026,1.2017584441425024,1.4836448278799597,4.177947956696839,1.1798764793969054,1.5067041742213971,3.778689342548106,0.10875659568206418,1.4090563933985103,4.026895099194891,0.9786255779006483,1.5358501850174895,3.8275822910965682,1.0532137165388027,1.3966061169396597,4.0845883023095615,1.248268848205248,1.5376814520487923,3.7678474767189725,0.06787665308047004,1.34388734285954,3.9027376466414347,0.5226337850211564,1.504353582326946,3.9647725632004196,1.0060160080029261,1.3626267786404183,3.839363172447102,1.3865702175848604,1.3055603438725651,3.8607695984286767,0.05817124496568689,1.5119851296193858,4.028854574815435,1.1888273861736889,1.4968877169756607,4.0282525150337545,1.1606139003301028,1.5294380982808669,3.9945776262999693,1.40830377858784,1.3074116899865673
3.99684,3.966409605806942,1.3972334422330956,1.185767040773103,3.9334987224707127,0.08466206438193807,1.4871005236069315,4.1961585102115695,0.9538152781890517,1.3921849818680223,4.308371933776045,1.14752538449184,1.2855367590269087,4.096956159331076,1.2338915149210126,1.5504433691226072,3.868011995969587,0.04418946913247885,1.485248230616063,4.079773195656016,0.49693630916954407,1.4252812368175658,4.044803713784767,0.9927212440358893,1.2916834982369103,4.13102629632943,1.44066046761246,1.21139719082462,4.00796765190987,0.08218071747368284,1.604001791226866,4.150098835026788,1.2008344973813612,1.4832312560377132,4.176996406322277,1.17909204952612,1.5063999636081646,3.778747596173797,0.10875972332408404,1.4089672641770807,4.026785678650792,0.9784696407831156,1.5364456559837376,3.827126305664613,1.0535083293222227,1.3972357950389431,4.084728837225831,1.2481519304712794,1.5377668987971949,3.76805017724468,0.06784263888732418,1.343800183826031,3.903549984789032,0.5222473937996521,1.5049342629168936,3.964676885751774,1.0057870062018346,1.3633010599071953,3.8392534676968193,1.386627363042303,1.3055919365125088,3.8606702014118164,0.058186440233324456,1.5120116059868127,4.028848158150338,1.1887831169879501,1.4971735261366172,4.028097533035577,1.1607010805991518,1.5298364139189955,3.9943201190700677,1.4084007674833097,1.308127124925448
4.00683,3.9667136969724672,1.3973566015632097,1.1866338109502603,3.9330060078810214,0.08492014877345988,1.4884631805612818,4.196114533661204,0.9539745989665829,1.3929909117310244,4.308038644644876,1.1477060950882059,1.285463278245066,4.094875002209161,1.232316474580103,1.5494231377134775,3.8675912423811996,0.04428582474644297,1.4868915465082617,4.078226789432719,0.4972613261055584,1.4258296256540606,4.044818969414977,0.9930139724006423,1.292450652956533,4.131146067345659,1.4408069709439386,1.212375128319656,4.008223082968765,0.08238301740184509,1.6049436208983578,4.148816351422497,1.1996939820579497,1.4827108552251809,4.176130823011102,1.1787392762912812,1.506095905733057,3.7787164607209998,0.10875280681408095,1.4088382282796825,4.026471505968262,0.9781856812355141,1.5370415562341735,3.826487461978013,1.0538845947852826,1.3979130361556569,4.085053721917861,1.2480405564974963,1.5372357914928796,3.7681827959927996,0.06779078244481966,1.3436716536413067,3.904298117834093,0.521808954298848,1.5056325036865894,3.9646023969191124,1.0057889660466235,1.3640053690952354,3.839118203761851,1.3867104808296364,1.3056414257121216,3.8605353932691044,0.058247796267276074,1.5119797575339078,4.028908994189163,1.1887397131348816,1.497033194740999,4.028092256453267,1.1608269486047418,1.5298466630784144,3.993965716869867,1.4085955904579435,1.3091018396408691
4.01682,3.966912884215767,1.3977010583288487,1.1876716703491084,3.9327196832385214,0.08506521991847116,1.4896295366237653,4.195880315324752,0.9540962450542252,1.3936861476733433,4.3074107512925375,1.1476320534016418,1.2854604610473728,4.093546340231632,1.2318039057705819,1.5488843398769712,3.8673449854147943,0.04433022369107865,1.4881082262719298,4.076618602446845,0.4975812430846512,1.426362774994614,4.044669267253213,0.9933347769048869,1.2930721515494552,4.131239946133942,1.4410745610550588,1.2134048463911218,4.008437571945966,0.08205937524176761,1.6059339515894726,4.147910621563726,1.1993317455257675,1.4824941402828082,4.175412221109837,1.178765845554944,1.5060077482663305,3.778715419001575,0.10871540705949517,1.4087732985595915,4.0259840860513405,0.9779383751928358,1.537517193853435,3.8257880757367695,1.0542740418436096,1.3983605537017922,4.085403998892762,1.2475765288976695,1.5369000193109348,3.7683587082709304,0.06769198494575601,1.343592885482398,3.9051563907652405,0.521340265800598,1.5063641895515645,3.9643873568278973,1.0058737075884627,1.3645774165336857,3.8389722752571314,1.3870064056696605,1.3060279497129144,3.8605043575041806,0.058301503602577874,1.5120027839422259,4.028943506857074,1.1884695100295626,1.4969792759208227,4.028037748708941,1.1606515393955292,1.52987795020555,3.9936665878449804,1.4089192090862588,1.3101892201059366
4.02681,3.966931049157465,1.3982334603953213,1.188747190678722,3.9324723022064836,0.08528632575927879,1.490660533386165,4.195484871902882,0.9542175823888415,1.3941482880959295,4.306654507631039,1.1472716616327436,1.2857285107385064,4.09307697453233,1.2326844211501649,1.5488585817031415,3.8670822718353404,0.04454474786398161,1.4890202498594576,4.075063781923524,0.49795531281920435,1.4268166137975746,4.044361147280083,0.9937136175487523,1.2934395647811392,4.131282163840636,1.4414120701622086,1.2144976816236408,4.008628895538721,0.08130407033186501,1.6068774582779415,4.147472116162948,1.1999604594973001,1.482654875653964,4.174777379625179,1.1791929553047276,1.506204716910573,3.7788138760345302,0.10862909765101056,1.4088012826715925,4.0253646872944895,0.9777669642193881,1.537816317895924,3.8250657497513854,1.0546345128326116,1.3984997823404648,4.085740381394952,1.246655412228642,1.5370555180130572,3.76857886022085,0.06755269848697038,1.343577442895415,3.906024379477873,0.5209082476679858,1.5069942780629673,3.964063794546971,1.0060845160096596,1.364934097755105,3.838816092353634,1.387554895722587,1.3068144830475807,3.8605792287961407,0.05825494250237075,1.512062951226862,4.028883443608598,1.1879503915042442,1.497193605110991,4.027826865091582,1.1601118671337558,1.5300751295934492,3.993435950359374,1.409337629024298,1.3112632388983632
4.0368,3.9668470750816245,1.3987255613848117,1.189726036424654,3.932069899869102,0.0858140094392742,1.491891836964846,4.195000799966802,0.9542866855654641,1.3944157348029864,4.30607439724846,1.1470448973328997,1.2863260313407883,4.092424205366268,1.2341107502744688,1.5487176240274472,3.8666593744274143,0.04508315056062639,1.4901250180079237,4.073439702433143,0.49846999070567016,1.4270942109246436,4.044056660073037,0.9943260072271864,1.2936231508086604,4.131257899411881,1.4416583741683864,1.2156646385199226,4.008972047614464,0.08048539210460313,1.6077733991573409,4.146985627941659,1.2009298497548557,1.4829237435067733,4.1741050850997645,1.1800830692664361,1.5065896242697248,3.7789954660791207,0.10850152952081447,1.4088591316863848,4.02462267105662,0.9775974429912139,1.537964824314476,3.824326384228492,1.0549565897928694,1.398435805870013,4.0860778936164515,1.2455377370565601,1.5374173699185174,3.768745975305379,0.06743339349986772,1.3435566456704562,3.906550387076536,0.5206074261740747,1.5074248736748617,3.963756556416913,1.0065738691558443,1.3651058312097757,3.838613076759866,1.388216278493239,1.307750519725328,3.8606252168636375,0.058025888443910774,1.5120289713108794,4.028702481270996,1.1873923673865268,1.4974872728980917,4.027479466923551,1.1594678703161803,1.5302954939331337,3.993138493300542,1.4097696042951042,1.3122632739382276
4.0468,3.966746408566714,1.3992202361847066,1.1905134936283142,3.931602058767832,0.08644927952951266,1.493191142016529,4.1943859307045095,0.9546692516973401,1.3945610543667888,4.3054763151363655,1.146871645550308,1.2870308796534888,4.091759974047064,1.235490919236169,1.5487120108103467,3.8662080437165867,0.04577529534071652,1.4912417837227334,4.071971787132523,0.49897388227643935,1.4273394616445902,4.043378415493746,0.9946643234145898,1.2937529091015239,4.13122291684829,1.4419542535561631,1.2169464102237113,4.009242099643279,0.07958171495593383,1.6087950038812309,4.146446750155811,1.2018800408122823,1.4832582511801857,4.173425713869397,1.1810006025459558,1.5070395725823165,3.7792058697041746,0.10848261695834088,1.4088421820870554,4.023841867450877,0.9775336842476753,1.5380515306437232,3.823660960159662,1.0552471120976938,1.3982557670053315,4.086149654832251,1.244543398624653,1.5377460440943753,3.769010364803836,0.0674751120834476,1.343500183963191,3.9069396271506105,0.5203813687080218,1.5079808556896384,3.963037535988954,1.0066636791490424,1.3652488071853293,3.8382962632376194,1.3887493768036092,1.308495784336134,3.8606349214422244,0.057805361623117835,1.5120004440922745,4.028475225675895,1.186733132410356,1.497743788779916,4.027113627072488,1.1587637193049134,1.5305038924444045,3.9927599341027444,1.4100900973815944,1.313105901498719
4.05679,3.966581255320368,1.3997641626250028,1.1909793788846204,3.9312969752124007,0.08697287702466042,1.4944692568723394,4.193512754858425,0.9556543087350464,1.394612457055224,4.304693025433722,1.1466129190826684,1.2876453193141475,4.091531378591394,1.2365124134874212,1.549212611092273,3.8659672673156806,0.04643833053692975,1.492078757969441,4.071000030114911,0.4993184853691465,1.4278092794036896,4.041908701454747,0.9942287304552571,1.293861870974474,4.131164679125498,1.4423554301974266,1.2181672890785553,4.00922085045414,0.07828720552592054,1.6101271633733243,4.146045187823431,1.202691587934812,1.4837530491560837,4.172907709140864,1.1816546223585762,1.5075344688931525,3.779432205081171,0.10865255988603142,1.4086855607222415,4.022979461223237,0.9776971583324946,1.5381401869027664,3.82318830772642,1.0554802155033924,1.3980146468485029,4.085990515737308,1.2438253920217304,1.537895989855744,3.7694788146191978,0.06771113885463101,1.3433832686643208,3.9073884463394397,0.5201549669575238,1.5088117682085609,3.961485925530036,1.0057856059067205,1.3654270624413805,3.83780237611532,1.3890529860268688,1.3087823345579168,3.860622253012812,0.057771912030540246,1.5120782458624122,4.028300943530763,1.1859919873633447,1.497931530394327,4.026832885044868,1.1580577329879576,1.5306898459132638,3.9923322308809994,1.4102176951518355,1.3136383783820946
4.06678,3.9660048193987185,1.4001549242098477,1.1909047109993602,3.93140894550619,0.08753798184381749,1.4961979672564358,4.192175308521079,0.9569209664878771,1.3944799066025928,4.304091951615385,1.1464821234644562,1.288306232332802,4.091614207826284,1.2372766696068116,1.5500004517409414,3.866142397256716,0.04717165000617138,1.4927659915445668,4.070744963338795,0.4995935876678811,1.4287811991995403,4.039690541224237,0.9932302027412195,1.2937176714470182,4.130849558900897,1.442434854752502,1.2186561920755736,4.00910595267216,0.07602996229755597,1.6118145735327527,4.145906905964411,1.2035190325100742,1.4845938336816764,4.172879591812101,1.1825855075851668,1.508318304471528,3.7797900769015076,0.1087868459946796,1.4084549754890838,4.021630124062443,0.978065466041694,1.5381829896486572,3.822990110397953,1.0555499295597346,1.3977188199680943,4.086586575766371,1.2430902915133932,1.5378894710298299,3.769918237633344,0.0678433366466837,1.3431553737842232,3.907530346702917,0.5199527285059806,1.509262037883725,3.9592609691545206,1.0044637094400402,1.3653820574801907,3.837108575073544,1.38944798540438,1.3086170910648658,3.860526827677118,0.057804766257360335,1.5121369685484614,4.028234429066652,1.1856283148290983,1.4981383154622738,4.026610977664903,1.1576419421870368,1.5307941269718892,3.991870844933343,1.4102204230671442,1.3136040205369555
4.07677,3.9652160160680796,1.4004108571539042,1.190681787947379,3.93163780174007,0.08810485122908912,1.4982221985992616,4.190632652183173,0.9577754056246813,1.3943982319591572,4.303640046674842,1.1464198514024115,1.289111116616582,4.092086254289083,1.2383736447253064,1.5510297538275988,3.8664960290273522,0.04785645835617102,1.49337876520022,4.070772672055674,0.499693268436964,1.4301328558797515,4.037472883050614,0.9921728566475646,1.2935118175588614,4.130338570962478,1.4422096854572677,1.2186891997583338,4.009055520067377,0.0730857113762231,1.613598841649835,4.1461328059868094,1.204568130300853,1.4857910256899005,4.17333510703219,1.1839173854980312,1.5094590524270943,3.780220862550766,0.1087089860869504,1.4081633410408716,4.019990267489598,0.9784622318480362,1.5382782278469347,3.822870044987612,1.0555821072386085,1.397515808535569,4.087641463185973,1.2422978298511966,1.537869964692403,3.7702960354589146,0.06768574774810196,1.342823431811584,3.907232508542782,0.5197567434051514,1.5092369276891757,3.95709440570667,1.0034079579545185,1.365242657212544,3.836349144686236,1.3899356075743714,1.3083844054382106,3.8603919265752915,0.05779787410556184,1.5120931722274478,4.028235073103277,1.185517169900677,1.498400705132069,4.026433515446167,1.1574226101265161,1.5309052948688784,3.991410297787665,1.410155216969625,1.3134047619226297
4.08676,3.96486732382191,1.4007468545222648,1.191140805690847,3.931292974754421,0.08843003430284312,1.4998009681237008,4.189496219086004,0.9574674695729325,1.3948485740297198,4.302944482598503,1.1461126540139686,1.2900663472302218,4.093193348605648,1.2405717518481918,1.5524362616637517,3.866472776314703,0.048184026605391776,1.4938829530464248,4.070165428029838,0.4993801298375385,1.4314334327877978,4.036386821484163,0.9916359671171701,1.2937858844690657,4.129959802458919,1.442113583819153,1.2193540278702522,4.009121108588421,0.07047390192768437,1.6150081698845122,4.146757976776483,1.2059775353767015,1.4871602449198773,4.173937068833989,1.1852703039365078,1.5108025699952445,3.7805183637584876,0.10836435421828725,1.407769651275159,4.0187680792483595,0.9786339600158156,1.5386392679216865,3.822457731960921,1.0558669666070615,1.3976334486000703,4.087719149993497,1.24172122722186,1.538010230930942,3.7707948669685902,0.06723805250834204,1.342452572062305,3.9066689111793873,0.5195100230244417,1.5092412416703684,3.9559735039638224,1.0032008820836105,1.365476212345739,3.83574786056177,1.390193138384474,1.3086727573457784,3.860351699620183,0.05770942914980981,1.511950139489633,4.028187664712406,1.1850454912045771,1.4986680065077884,4.0263096147961255,1.1570031147227682,1.531201737896784,3.990991126075671,1.4100463822336702,1.313921817235253
4.09676,3.964724077046238,1.4009750556077154,1.191885741408679,3.9307843800017723,0.08855247932618313,1.5009850887414116,4.188572126488613,0.956734509863017,1.3956839685435127,4.302399723978456,1.145710808804147,1.291156781165621,4.094408365471428,1.2429918599458272,1.5538391252395194,3.866302388734469,0.0482973212177552,1.49428395289221,4.069014309778393,0.49906516393678035,1.432865588096558,4.03589373872575,0.9914541139262253,1.2943437331336214,4.129650366934717,1.4419337007228574,1.2203716253057018,4.009313518588536,0.06829622281154848,1.6160107052141452,4.147488909933277,1.2073631528975346,1.488469400522617,4.1745271758442515,1.1864768628359752,1.512139456833165,3.7807721549403106,0.10789091066276937,1.407351214185517,4.017744312499545,0.9786921114491649,1.5391682582834072,3.822033167626218,1.0561733649221574,1.397854571454702,4.087222246939718,1.2416141425994969,1.5380374788788258,3.771366568077003,0.0666652643392707,1.3420893402693725,3.90594881138919,0.519276229460054,1.5092592868194423,3.9553740065296683,1.0034208107699487,1.3659200575970811,3.83512611068163,1.3902678041645733,1.3091942386502013,3.860385462634172,0.05753502836854582,1.5117875219450378,4.028070147169711,1.1846578779223118,1.4987633914351937,4.026201822941048,1.1567606526625906,1.531431999291355,3.990554407681569,1.4099176944914285,1.3147570081510662
4.10675,3.9643290173941765,1.4008698932693542,1.1923149638968926,3.9306102903945823,0.08863270407975686,1.5020655945870647,4.1875850759233435,0.9564152828793223,1.3965821402740495,4.3024359068549165,1.1455269927577374,1.2923646122901689,4.095064385818501,1.2447601255655771,1.5547621894671682,3.8663206396835874,0.04844197745823715,1.4945889244286723,4.06791946085556,0.4990716302240748,1.4346176130331867,4.035242515038074,0.9912460375895203,1.294819329203408,4.1291664962008925,1.4413914836219395,1.2211274237786403,4.00956534288158,0.06635236743094554,1.6167545415525524,4.147943967053232,1.208462272759722,1.4894935881191198,4.1749459270027725,1.1876211412233855,1.5132643859801138,3.7811102789475206,0.10740575184714135,1.406982136581902,4.016568878385184,0.9787590533279119,1.5396750957475056,3.821743082970979,1.0563003106847264,1.3980225721571131,4.086924493443607,1.242062956835257,1.5375549801579875,3.7718943394621745,0.0660774505398566,1.3417613463961595,3.905185235314547,0.5190745153023837,1.509097808374615,3.954595408046066,1.0034533237160135,1.366255771253825,3.834252321452114,1.3903248742311882,1.3094576535126876,3.860439298588203,0.057290288727985896,1.511678273068654,4.027836878388823,1.1848919702383145,1.498510914166257,4.026008852989993,1.1571287781842532,1.5313001537713478,3.990012203196614,1.4097457087995162,1.3152852163941007
4.11674,3.9635958888861276,1.4005292612911682,1.1925832000907397,3.9303724048876902,0.08882609937846231,1.503107876689899,4.186860360590713,0.956104530725369,1.3974513691128732,4.302763666935752,1.1457788011724162,1.2936923048123825,4.094967199919868,1.2466725420517193,1.5550540987654689,3.866323587974491,0.04864892129180094,1.4947743812010186,4.067645850826814,0.49886737967001493,1.4362918115323078,4.034837432268871,0.9908606097832834,1.2951972326674022,4.1282370452025186,1.4407089952279184,1.2216106763014993,4.009665906937276,0.06463556187990624,1.6173846851190814,4.147877367375671,1.2098220684450913,1.4900909890345009,4.174862354971878,1.1891573219378568,1.5140521028219016,3.7814570554437617,0.10678651477497014,1.4066049614888254,4.015502806906923,0.9786257056855134,1.5400735316077367,3.820770845913136,1.0566412228018724,1.398562482532442,4.0866159628373895,1.2427668239086749,1.5363315686141286,3.7723446951645214,0.06529421186251141,1.3414665819221494,3.904559091619625,0.5187003970019003,1.5086832562400925,3.9540164303413396,1.00322644962763,1.3664404600243594,3.833169141151738,1.3904319971561627,1.3093794377402692,3.86053858232105,0.05700187823724911,1.5116032243527193,4.027297840803633,1.1854193914673563,1.4978676605781365,4.025529747273039,1.157875650664549,1.5308429149628788,3.9893049737040083,1.409396991879135,1.3156416112945017
4.12673,3.9626116279994346,1.4000723219247813,1.192891382750343,3.9299810655289367,0.08902261898453621,1.5040180706164405,4.186435967258375,0.9556434544816104,1.3984027823429392,4.303187807640392,1.1464218875226517,1.2950626081977854,4.094336157723963,1.2488284335806838,1.5549277807679074,3.8661981127054026,0.04881853579317419,1.4949312572231963,4.068191203059047,0.498340264426385,1.437764122632025,4.034841447729875,0.9903663857102478,1.2955665269869263,4.126927958333752,1.44004807002751,1.2219682244040109,4.009616713227335,0.06323548211875676,1.6179619052297383,4.147410826959455,1.2114444275459573,1.4903734424352602,4.17436069047322,1.1910025766573284,1.514581574750718,3.781788801464937,0.10602382065313729,1.406208359643415,4.014592642315292,0.9783243599896766,1.5404182943735467,3.818906677293014,1.0573036785728447,1.3994732301550303,4.086265016325815,1.2431735576607268,1.5346013992625218,3.7727718466831743,0.06432559453141351,1.3411960583490463,3.904000729284915,0.5181884486170918,1.5080785756924333,3.953786151448154,1.0028807313056944,1.3665405690062589,3.8320001126829086,1.3906120361869885,1.3091268309333466,3.8607307378919082,0.05667171115186837,1.5115196080343793,4.026520461987921,1.1857291049463476,1.4969561924567896,4.024787956593654,1.1584955233808758,1.53018726098259,3.988472235167173,1.408917070682323,1.3160054072982552
4.13672,3.9615653078070894,1.3995767743702507,1.1933510591089556,3.9297344214946888,0.08892174187164048,1.5046250617284338,4.186039511639519,0.9552448897376473,1.3996321660506648,4.303676254237108,1.1471581387216314,1.2963447483579036,4.093667002986224,1.25055589487497,1.554847072493005,3.86600520256109,0.04878938475962825,1.495225274238906,4.068835338160612,0.49786847063687933,1.4392111256737379,4.0350432576973505,0.9899925369359668,1.2960360484511069,4.125620987971654,1.4394285910686957,1.2223670109026825,4.00961695605254,0.06228358586035135,1.618458581356179,4.1469427033089294,1.212793297551334,1.4906511678342877,4.173885156854784,1.1926051849013637,1.515091407277238,3.7821702005034696,0.10523973044410763,1.4058277113506716,4.013644692180349,0.9781177621960535,1.5408477333064199,3.8166800063354778,1.0580242554097403,1.4003188502012571,4.086130830916028,1.2426319948805442,1.5330487360475125,3.7733180368765376,0.06338082982070661,1.3409277610198003,3.9032202666804254,0.5178043128792339,1.507450051007601,3.9537113623086375,1.0026607800680811,1.3666696380060597,3.830904766661555,1.3908406231501154,1.3090237482643707,3.8610414156542796,0.05628070118963433,1.5113903586156954,4.025810185864315,1.1853310689041248,1.496091003107407,4.024013561201781,1.1583885970913597,1.5295528256661977,3.987656989001032,1.4085145920178361,1.3164676569568263
4.14672,3.9605407707702076,1.3990236662409907,1.1939245295590668,3.9295432976714078,0.08872932717494185,1.5050721933369255,4.185875172360874,0.9546936435271169,1.4007624619500059,4.303931351680848,1.1476616437323295,1.2975987183765114,4.092986213005466,1.252385252897638,1.5548163229286878,3.8658140503300773,0.048646418908999754,1.4955161801432617,4.069395701800866,0.49741995357343505,1.4403722299272987,4.035530160482933,0.9898003161547363,1.2964938284954852,4.124516662091817,1.4388335955387652,1.2226502397698327,4.009613364031074,0.06176035596962997,1.6188078706825186,4.146377567798201,1.2142138557497277,1.4909247604771425,4.173312192701113,1.1942568911581801,1.5155814573496411,3.782698852715258,0.10443598952224696,1.4053707586068447,4.0129322232083995,0.977847736274654,1.541210936704569,3.8145089318374072,1.058580380281078,1.4012110945749794,4.086224301020331,1.2411321329655736,1.5324046838019705,3.774204447704904,0.062429818809512025,1.3405728222380804,3.902215973490057,0.5175255254602484,1.5068576969292407,3.9539563950466246,1.0026255893237832,1.3667957880224681,3.8300219306816725,1.390978039016399,1.3091626722139187,3.8612818364341783,0.05584771334534475,1.5112839657513635,4.025185769274293,1.184232937126194,1.495891222451822,4.02320781257816,1.1574995637832943,1.529507355681576,3.9870607736498913,1.4081740903844577,1.3169962551116658
4.15671,3.959630470245044,1.3983944280393594,1.1945166581996127,3.9292901122271022,0.08873310815157939,1.5055261929233819,4.186112938876281,0.9538112962561711,1.4014452210779489,4.303755400330075,1.147751240414923,1.2989275204452353,4.092202549849584,1.2549155190323298,1.554720614791295,3.865690461847777,0.04856061051640327,1.4956204994284032,4.069891097005443,0.49693439845305143,1.4410902258637055,4.03634334358581,0.9898125573452213,1.2968311997681305,4.123701521597815,1.438244654853429,1.2226631207667538,4.009513486856645,0.061533372542321066,1.6189897609292043,4.145611281730894,1.2161328790828234,1.4911681150772287,4.172494926590322,1.1963496935031983,1.5160471750516962,3.7833632455921995,0.10360763627214033,1.4049109934884279,4.012702875798983,0.9773361626057955,1.5413725114330092,3.812648865919333,1.0589206460339888,1.4023381267170028,4.08662309248791,1.2388988222359143,1.532942683055523,3.7754070936519013,0.06148775011688064,1.3401883626563926,3.901138349706229,0.5172558253867443,1.5064572254772652,3.954632115805987,1.0027829104853425,1.3668935985465438,3.8294570959927956,1.3909713783407105,1.309529185816305,3.8612929536839435,0.05526901751713461,1.5112456520825344,4.0246964792804425,1.182629795228756,1.4966524458059975,4.0224183256686405,1.1560169963114233,1.5303433359491598,3.986808311592807,1.4078642789053806,1.3175301595649322
4.1667,3.959039026106909,1.3977654637495036,1.195053265983093,3.929190370457412,0.08889039034968858,1.5058944431850583,4.186345740847192,0.9529520400502661,1.4020031946227773,4.303469553295244,1.1476239942960869,1.300352208229082,4.091423407835249,1.2576729179849526,1.5546392965297948,3.865686662653763,0.04864970286989454,1.495570872270104,4.070257340955548,0.49670692853997916,1.4419205306266891,4.037103934831192,0.9901224523767416,1.2971794134819756,4.123170240704947,1.4376690530928855,1.2225898978788092,4.0093949538234215,0.061350950532748985,1.6191368945317366,4.145014847888613,1.2182673052498059,1.4916079868485643,4.171807175506026,1.198654160152219,1.5167180779709661,3.7838581086362213,0.10285349286858873,1.4050305823957734,4.012645203241607,0.9767935445408523,1.541535999412693,3.8110765827031927,1.0593494489693123,1.4035064623419764,4.087810716489313,1.236055571535145,1.533790741903339,3.776257497521568,0.06090869351878144,1.3402337995578602,3.900187006500039,0.5170234982878119,1.5067182912748784,3.9553466243840862,1.0031983025624969,1.3671012811259486,3.8292415791429564,1.3910893053870679,1.310087678429845,3.861195904487084,0.05413440980008964,1.511169326182,4.024745024822297,1.1806529699631518,1.4975860959262626,4.02202814423054,1.1541497996072232,1.5313372703556436,3.986777040772285,1.4077410016634477,1.3180660786965401
4.17669,3.958743864400727,1.3972905226117223,1.1956289386802923,3.9292459957553127,0.08909699058873848,1.5061754294394027,4.186438606875969,0.9522980039080031,1.4026732607196755,4.303144800718093,1.1474207233022393,1.3017857028784627,4.090851997284663,1.2602719670657425,1.5548197268306356,3.8657999237428147,0.04882955187833691,1.4954579488699147,4.0703390293080695,0.49674897935018153,1.443004925985164,4.037687472430911,0.9905412003892179,1.2976517152778764,4.122978126610658,1.4372262541832985,1.222570787999037,4.009317808818572,0.06116106594793114,1.6193075407825108,4.1445995634724095,1.2203302955717985,1.4922240755316076,4.1713123869028905,1.2008856957561402,1.5175301530556864,3.7838629775592443,0.10228268860597263,1.4056416374046201,4.012489106334744,0.9764113794595675,1.5418142223761455,3.8098027798680696,1.059817758353331,1.40452769313911,4.08961299075931,1.23268666016218,1.5345524094290757,3.7767415005745457,0.060663010502597155,1.3406458101476666,3.899326806244772,0.5169580891895149,1.507423886204942,3.955897863090436,1.0036959892152995,1.3674409852005318,3.829298998929287,1.391350270279324,1.3107300468729113,3.8607580335148866,0.053007370973843074,1.5113119193029332,4.025279971757178,1.1783336776781088,1.498396457334259,4.022101397976057,1.1518977081785307,1.532168977559332,3.98695480374805,1.4077964748620153,1.3186197234056254
4.18669,3.958495440300941,1.3971419802743745,1.1964407634261585,3.929227046119626,0.08925682695208119,1.5064726841033982,4.1865896749143285,0.9517830215117979,1.4034746976361916,4.302556680470841,1.1471690514175152,1.303093247496372,4.090683719610614,1.2626703542233633,1.5555519677305494,3.8659702055139635,0.04887039546944629,1.4953757612674337,4.069999227682775,0.49676833988508023,1.4440099641684583,4.038261499963196,0.9906517273111769,1.2982744978111336,4.123193923779447,1.437082294648955,1.2226129791540379,4.009288179933599,0.0611081614452928,1.6194609941896145,4.144006621328647,1.222223139277971,1.4927616106827606,4.170732915845735,1.2029054923755709,1.5181628900415411,3.7831950627058646,0.10195915348935732,1.4060306353632481,4.0121318789697735,0.9762670162197897,1.542164118735264,3.8088804414701825,1.0599440634680322,1.4052802541955167,4.0912515503821165,1.2288747084336167,1.5354188420709272,3.7774867366088567,0.060327118095257495,1.3408856714984623,3.8983221335417135,0.5172121539758997,1.5077507344425576,3.9563469413929653,1.0039033466231224,1.3677957381827806,3.829460824311217,1.3915177089541861,1.3113144849306329,3.859508632905298,0.05318181609786453,1.5121900744671437,4.025808054208669,1.1756453821081678,1.499361082649331,4.0223514347204485,1.1491121941887912,1.5330175355514972,3.9874300649274823,1.4078496664060318,1.3192009199344636
4.19668,3.9582021000343848,1.3971897750787057,1.1972245358604934,3.929156568043911,0.0894060741127263,1.5066933049157494,4.186774932403714,0.9514117472133221,1.404226951026791,4.301750082564909,1.146909913435408,1.3044515390715061,4.090614998704539,1.2653782153654138,1.5564511522225075,3.8661134737038165,0.04889252163809951,1.4952657805194502,4.069767639671559,0.4967477598913534,1.444957175199278,4.038769315277596,0.9905111331475116,1.2988492662144788,4.123470785376326,1.436978062439371,1.2224765307791519,4.009246477840263,0.06117424284304549,1.6195526827388016,4.143358785793809,1.2243726405128208,1.493337390667329,4.170176502430224,1.2052569325149105,1.518816113713302,3.7824081019784614,0.10168802371808562,1.4063975221052025,4.011747243917212,0.9762051066631734,1.5424588996620805,3.8081526851527463,1.0598969322201675,1.4056454744871105,4.092797448309738,1.2249051086963827,1.5360874703671608,3.7782684050980833,0.05982104640657969,1.3412196343593736,3.897267753381717,0.5175257349489278,1.5078343087728039,3.9566980678554002,1.0038388588626175,1.3680722738289477,3.8296063802636313,1.3916857605653519,1.3119432497016976,3.8581114241542283,0.053863882361290145,1.5134076010489803,4.0263442315591425,1.172829258911726,1.5001040141594577,4.022668622209577,1.1461382423580362,1.5335955951453584,3.9879536464566887,1.4078727787373273,1.3196983007680214
4.20667,3.957852943539208,1.3972717121285423,1.197740044828443,3.92911612228425,0.08958153134408661,1.5067575992276976,4.1869001406193656,0.9511857533060534,1.4047664737391605,4.300883141325204,1.146677381442455,1.305959279086919,4.090302835313807,1.2686857468404318,1.557030467480455,3.8661752484295526,0.049026119204500396,1.495088041706105,4.0700780601824595,0.4967571737809395,1.44594124967385,4.039132380514605,0.9903529598555206,1.2991899569124727,4.123486052432228,1.4366568232510688,1.222001239263607,4.00916252094747,0.0612924595927437,1.6195757137761555,4.142833141409651,1.2270473600036977,1.4940282441358839,4.169787175368772,1.2083093971027228,1.519646769866835,3.7820620980409827,0.1013570495859973,1.407060026708187,4.011510292729173,0.9760738754691953,1.5426231515535749,3.8074223226224424,1.0600030996572465,1.4057097743985292,4.094529349166786,1.2210291189842264,1.536384945335608,3.778614072122317,0.059268049097984186,1.3419709517632377,3.8963473017223187,0.51763183350572,1.5081202572913328,3.9569536158570062,1.0036990640201353,1.368220657779432,3.8297140299960506,1.3920362023689685,1.3127792542493706,3.857470619844302,0.05410886855985839,1.5144027676682728,4.027021392983866,1.1701728790718677,1.5003555749256825,4.02302358254876,1.143373652337465,1.5337260172490346,3.9883129452991817,1.4079025045411533,1.3200536914271577
4.21666,3.9574615315343586,1.397460438554378,1.1982795629475855,3.9290587613389425,0.08968611571735613,1.5068207946837335,4.186942474689738,0.9510220446166209,1.405162604521336,4.300103584173594,1.1464767966300011,1.3071905232688341,4.089834454539095,1.271765132226239,1.5572584546335053,3.8661942383572776,0.049060750657400856,1.4950035539160291,4.07044706754214,0.4967817257202481,1.4468353336974311,4.039453754929968,0.9903386063740187,1.2993696723476076,4.123399625652101,1.4363129099532104,1.221475692376543,4.009141699347517,0.06145364233554252,1.6196120699008258,4.142237616918532,1.2295742309096012,1.4944233502930242,4.16939497952253,1.2112847923005778,1.5201606615707213,3.7819771856371256,0.1013185314349898,1.4076516549186149,4.0113252721529955,0.9759657244758919,1.5427863508976953,3.8066227651720395,1.0603844948519507,1.4060409488692063,4.096299234526471,1.2172672327257321,1.536954229816543,3.7783591703887325,0.05891477028799727,1.3427485165448434,3.8956217316480144,0.5176714101407708,1.508782047890649,3.957174830365519,1.0036968424329982,1.3682698295839268,3.829939718872419,1.3926061598968302,1.3138663247542277,3.8578810162893644,0.05478089122012769,1.515162818713652,4.027703371967761,1.1678360278640079,1.500776944912037,4.023379050323313,1.1408696786065942,1.5339786794297285,3.988726365066522,1.4079667295250866,1.3204583922617463
4.22665,3.956943204748649,1.3977337146415896,1.1990178980396669,3.928954407793696,0.08972815961395901,1.5069228224172666,4.186892406723444,0.9509018187104181,1.4055154568210035,4.299455750304961,1.1464251285498859,1.308036072963782,4.089429299770001,1.2742690737077829,1.557366537101767,3.8661882670256267,0.04897872419799861,1.495028809517394,4.0707252285560065,0.4967986249487903,1.4475403405353673,4.039709239016723,0.9905201426641748,1.2995724508937563,4.123125411695033,1.4360655951317447,1.221151510929392,4.009184913387286,0.061644394625851244,1.6196787293925365,4.141603965833834,1.2316567712629347,1.4945446652696999,4.16901280722778,1.2137957935419526,1.5203308816197358,3.781972019910222,0.10158905890110002,1.4080673602582865,4.0111604814118715,0.975867916228281,1.5430940143616998,3.805663562157141,1.0609849559935096,1.406688269116221,4.097739944619269,1.214167465534047,1.5374830128913035,3.77766505775374,0.05877184468699665,1.3434011495986742,3.8951172736164623,0.5176950130354503,1.5097153473752136,3.9573494062584924,1.0038707260120332,1.3684027233513527,3.8301197057385274,1.3933407117591274,1.3150776641441941,3.858969582312973,0.056017151258386064,1.5158147131736182,4.028132625359715,1.1661581917636539,1.5012343953476561,4.02360988588834,1.1389643285168705,1.5342271939120231,3.989114169214521,1.4080757892204414,1.3210359013934045
4.23665,3.9561500994228047,1.3979572648551033,1.1999051713509923,3.9288228483795726,0.08982209846967647,1.5069641430196565,4.186758628406239,0.9508810748809368,1.405923544770957,4.298855390464144,1.1466791068536013,1.3087688813217544,4.089337951939301,1.2765155514564543,1.5577224682872362,3.866150521283616,0.048981991515875414,1.495024372514216,4.071191631411852,0.4967962252048784,1.4480316592098734,4.039762570527743,0.9908400942451764,1.3000181609784038,4.122345909979506,1.4358836677289601,1.2211319432619194,4.009192205127173,0.061832704395527495,1.6197197698377432,4.141202034275526,1.2335178291244757,1.4948650836135053,4.168841119556533,1.2160158805916412,1.5206454964921552,3.781970498610579,0.10181881240741483,1.4085194217633394,4.011076833975102,0.975668912028206,1.5436490414956598,3.804449169742804,1.0616136646743848,1.407161156491165,4.098445596378713,1.212596178703035,1.5367918540116614,3.7769410896484166,0.05860889322825844,1.344093248873866,3.8947962517190775,0.517635404429717,1.5105611293298007,3.957408463974793,1.0040930895386053,1.3688884735418894,3.8298310135510247,1.3941244528345302,1.3161771813033007,3.8598558625960306,0.05707262939620319,1.5165068395434576,4.028055431707758,1.1655191376033276,1.5008125031981414,4.023560742761012,1.1381565126436177,1.533670325615104,3.9891051557641037,1.4082242538871255,1.3217718517220352
4.24664,3.955228938358808,1.3981509632671605,1.200748291548493,3.928768568073022,0.08992022399519065,1.5069570076520817,4.186661312075098,0.9509836529276774,1.4065075515004648,4.29805771716509,1.1468448611487898,1.3094749650849757,4.089559521636723,1.2787657478779406,1.5582674921684507,3.8661545351394406,0.04904925508734168,1.4950186696090637,4.071706490310147,0.4968028840633666,1.44835600683458,4.039805166792566,0.9911767418597454,1.3006670749740197,4.121426974811619,1.435724913422836,1.221249075365334,4.009255952540957,0.06194961781670493,1.6197338566376023,4.140956927885048,1.2352493519150805,1.495365714720076,4.168735742497134,1.2179450608913993,1.521119455414887,3.781822826948685,0.10201378023083653,1.4088042955489666,4.0110241771740185,0.9755892970528411,1.5443648464899384,3.803172638836747,1.062181505095635,1.4074408706870492,4.098824453886097,1.2116339524319126,1.5353907544665835,3.776344881643707,0.05834044770217349,1.344678200597956,3.8942935986646456,0.517700544309632,1.5108655278879606,3.9574783729717598,1.0043401659757343,1.3695807432791063,3.829325183549476,1.3949102762825314,1.3172428025444693,3.860212659483135,0.05823518574757099,1.5171415262486556,4.027811850038492,1.1651643059581422,1.4998606273953703,4.02348269734355,1.1376466206773121,1.5326097654614015,3.988902683959143,1.4084107977585703,1.322447204181193
4.25663,3.954371913817891,1.398398258073646,1.201400888785344,3.928836941220329,0.08993282978955834,1.5069413670910117,4.186692881624751,0.9511873759719798,1.4072969426722437,4.297011902940061,1.14668434803102,1.3100966981024138,4.089871532488937,1.2809960259627937,1.5587318708137845,3.8662328420884147,0.04907503085360933,1.4950686006950111,4.071998872030583,0.49684020032837384,1.4485613119563243,4.040031173819288,0.991419481019006,1.3013686515340008,4.12078233205788,1.4356502531830018,1.2213535978248127,4.009431636601649,0.06195946327367961,1.6197461535905562,4.140656459923518,1.2367930826677864,1.4957876564825316,4.168450850968227,1.2194837238683067,1.5215292944322636,3.7814999878024884,0.10226274440142988,1.4087357355471288,4.010939438365073,0.9758580537900707,1.545091408609792,3.8020551617147036,1.0626593373387199,1.4076939499205792,4.099382751916594,1.210105606407277,1.5342483670779312,3.7759704515702484,0.057966562221148196,1.3450158191485115,3.8933183590878624,0.5180866678619519,1.5104444558959047,3.9576806984708326,1.0046178530369887,1.3702242230519983,3.8290050435536505,1.3956733752457036,1.318443596101178,3.8601377059284707,0.05993041917048355,1.5176156930360463,4.027796824065595,1.1642450663900847,1.4990815985961434,4.023645786766921,1.136500887442864,1.531661107786751,3.9888343870081586,1.4086304428723777,1.3228835830300383
4.26662,3.9535734806311105,1.3987644639885657,1.2019632223657326,3.9288444859154454,0.08984424339963513,1.5068998791017343,4.186760484508082,0.9513945257166868,1.4080653817867461,4.296312436516579,1.1469211569363775,1.3104342651150216,4.089791919020732,1.282565214427231,1.5587897695281692,3.8662345051475615,0.048994882051077125,1.4951156347948917,4.071942215860893,0.49687157957276057,1.4486265952269912,4.040285597314535,0.9915456778550916,1.301972086571494,4.120212830044798,1.4359717746502316,1.2216161791677107,4.009479965028274,0.0619444198115502,1.619783996092432,4.140142679072813,1.2378750340875428,1.49582803884275,4.167879560589345,1.220485562961074,1.5215933531315706,3.781350251156592,0.10246624960214275,1.4086222934248813,4.010853275170885,0.9763657740593656,1.5457173978305347,3.8010913034044,1.0630455273462172,1.4080126669141284,4.099989497546607,1.2081509787609648,1.5336225285876701,3.7760273933716118,0.057539828193945555,1.345320097136355,3.8921183967087156,0.5186601761801193,1.5098678417204667,3.957913060635759,1.0048840227506677,1.3707370964384056,3.828916810184273,1.3963603567073586,1.3198187637436662,3.860158345703338,0.06177452892039396,1.518066712731628,4.027907207047985,1.1629083541853933,1.498664394514195,4.02393312134121,1.1348646738990749,1.531007581490565,3.9889074611413102,1.408860542860588,1.3232053564862172
4.27661,3.9527362643441517,1.3991761758451724,1.202466759970661,3.928776107362238,0.08970293628424748,1.5068081256707535,4.1868055903547035,0.9515614876828803,1.408656084810165,4.296144603023048,1.1478009482307863,1.3105461619275465,4.089529235852325,1.2836888969151625,1.5585542952606466,3.866172674508511,0.04884427303023156,1.4950965821094628,4.071709630863017,0.4968865318573477,1.4486949133296696,4.04042410148674,0.9915444770351017,1.302454182194088,4.119497846012435,1.436609873895237,1.2219592364453242,4.009384679504979,0.0619273168023039,1.6198189726477932,4.139643175724517,1.2387202837273141,1.4956170737202183,4.167305768860728,1.2212608316367493,1.5214256643987456,3.7814416088087706,0.10262491068461095,1.4086861758478344,4.010846619896696,0.9769482101790855,1.5462484754330568,3.800195631821908,1.0633164713641563,1.4083638784219503,4.100428153137902,1.2063204236517044,1.5331010124467084,3.776372393282063,0.05715501262629569,1.3457621739833692,3.8909766093211227,0.5192585620962339,1.509581188811993,3.9580822842311845,1.0050707873917952,1.371177107804836,3.828913865138908,1.3969300890155867,1.321265360626931,3.860428428262494,0.06345785478081231,1.5185864552950765,4.027971928990037,1.1615645640073826,1.4983065812010308,4.02424307587945,1.1331780128298783,1.5303768855897901,3.9889947107556822,1.4090399243086487,1.3234602563377824
4.28661,3.9517268222613025,1.399463683921604,1.202867968695166,3.928799741551318,0.08960574297885127,1.506651707189525,4.186842556532752,0.9517156710494922,1.4090179180620008,4.296128424752097,1.1488926263204247,1.3107339557734161,4.089981130438234,1.2854507302743148,1.558572697514928,3.8662241973213964,0.048749843166666446,1.4949768118872795,4.07171372039191,0.4969076394115242,1.4490126361601525,4.0403916506166615,0.9914177243256682,1.3028927890207522,4.1185329735835525,1.4370932616508678,1.2220346929774284,4.00937065487997,0.06186258241916848,1.61978046959644,4.139717238846777,1.2400191233512698,1.4957012705138883,4.167333851021464,1.2225070369725273,1.521523172124184,3.781513933224201,0.10286012377427373,1.4089632122162408,4.011026494203781,0.9774560143428063,1.5467691226255575,3.7992639259292744,1.0634304651768343,1.4085921796872711,4.100511851319374,1.205227254228876,1.5319174371477844,3.7765299770113003,0.05693094264390713,1.346389772478884,3.890103601378952,0.5197619790510416,1.5097222486928223,3.9581565028483987,1.0051109029258514,1.3716761535817892,3.828746415675674,1.3973761802192188,1.3226075859504187,3.860665210800475,0.06488421986145354,1.519174056141379,4.0278440088050305,1.160634117248393,1.4974398561769944,4.024532734542594,1.1318989998431261,1.5292428942967484,3.988913490089413,1.4091014307622347,1.3236028089962693
4.2966,3.950610591079095,1.399766595549363,1.203374515972952,3.9288814809702415,0.08960732009555607,1.5064742079510318,4.1869354592949515,0.9519013256624425,1.409041923202206,4.295632670302286,1.1495815215683545,1.310963343623267,4.091550889425058,1.2880714275621112,1.5591789938769178,3.8663114520736435,0.04879844353817671,1.494825426748657,4.072031911129517,0.4969330312574229,1.4492778494386043,4.040284639796213,0.9912722170545515,1.303143521849067,4.117495319157732,1.4373334665808801,1.2217675592338824,4.0093965553282125,0.061791473964505024,1.6197100933536794,4.140504760799794,1.2418376908260964,1.496344997428872,4.1681289359046625,1.224253604153633,1.5221223904904697,3.7814732395107877,0.1031954260285848,1.4093712617423513,4.0114213752504675,0.9778525019187623,1.5471064822040443,3.7983909683381456,1.063409921694315,1.4085116618123128,4.10015977242933,1.2044487095357836,1.530891380102426,3.776391756079165,0.05690934659345162,1.347094749230598,3.8895690120155093,0.5201792050434112,1.510033286662066,3.958210956569826,1.0050739616060693,1.3720654903657,3.8284384940703293,1.3978102989957397,1.3240311652349064,3.860727826595821,0.06598100909077047,1.519778076095553,4.027474060186475,1.159835082696034,1.4966248810015927,4.024617368666792,1.1307116829452308,1.5281277200872305,3.988705317998049,1.4091949391468999,1.3238345705948762
4.30659,3.9494858843825416,1.400225291238343,1.204164459838974,3.928938985774711,0.08968152154161585,1.5063205237640025,4.187124189969236,0.9521275659515023,1.4086810312698845,4.2944508760546425,1.149657874882064,1.3111705861215128,4.09386389867968,1.2911879302761438,1.560244408462972,3.866320068110849,0.04897355620317346,1.4947329843257424,4.072570945756583,0.49691999789870095,1.4491306897050251,4.040204603712184,0.9911595762277242,1.3030652601880772,4.116555355557391,1.4374338691301036,1.2213065955691338,4.0093750295294335,0.06175432009746929,1.6196651835545959,4.141688319207556,1.2439015862545546,1.4974208970873333,4.169369013649057,1.2262312870626138,1.5231199969495837,3.7812969991217535,0.10357778482386457,1.4097990078706375,4.011983782224921,0.9781537209931823,1.5470969002919581,3.797591812692954,1.0633624401524722,1.4081979523302504,4.099495454629441,1.2033722589083127,1.5307666056935376,3.776001054754713,0.05703205186961656,1.3477539922636936,3.8893015575433134,0.5205479318901958,1.5101859021314359,3.958309799448151,1.0050136688714468,1.3721514189957857,3.8281348171895546,1.3983426339775902,1.32577560070131,3.860603852357362,0.06676914470637926,1.5203209553555472,4.026923325038373,1.1587833505573948,1.4964132567067931,4.024422388154146,1.12921369158988,1.5275519485987386,3.9884784041447174,1.4094319093941943,1.3243289787242465
4.31658,3.9483286720499424,1.4006391856087477,1.2050589260964737,3.928994969827497,0.08965221964980162,1.5061778878566063,4.18733717769745,0.9523002311338016,1.4081070905661557,4.293673159340749,1.1500701375851279,1.3115905762758755,4.095185238451053,1.2939482190974148,1.5607467801313741,3.8663257164547424,0.04905148173872349,1.49473171600455,4.073181114573266,0.4967554257938837,1.4486645864613474,4.0401068895334,0.9908862985468527,1.302767021021035,4.115580499847614,1.4375382420341996,1.221044076943964,4.009401155729356,0.061693719126143166,1.6196190625303812,4.142288849204211,1.245777668761177,1.4981557267628725,4.170016914726169,1.2281581671010626,1.5238699617769775,3.780948082571694,0.10387376075284746,1.4101876327527372,4.01256228321499,0.9783825944014859,1.5468775076024648,3.796485859210071,1.0635310177562294,1.4083970637124457,4.099037557122912,1.2020505194139044,1.530383401799981,3.77536699824573,0.057085031184064695,1.3483693685934999,3.889037770680557,0.5208381888751863,1.5100971968778676,3.958376694532149,1.0047997199266647,1.3720035708930485,3.8279793897085375,1.3989449339338165,1.3277979483554707,3.860430574337202,0.06746175162311484,1.520708629627971,4.026428335364782,1.1576105559761607,1.49611262948916,4.02430263722911,1.1276389674718394,1.5269018777107435,3.9882634124748493,1.4095940133750449,1.3249130053473461
