Time,C7_X,C7_Y,C7_Z,LANK_X,LANK_Y,LANK_Z,LASI_X,LASI_Y,LASI_Z,LELB_X,LELB_Y,LELB_Z,LFIN_X,LFIN_Y,LFIN_Z,LHEE_X,LHEE_Y,LHEE_Z,LKNE_X,LKNE_Y,LKNE_Z,LPSI_X,LPSI_Y,LPSI_Z,LSHO_X,LSHO_Y,LSHO_Z,LTOE_X,LTOE_Y,LTOE_Z,LWRA_X,LWRA_Y,LWRA_Z,LWRB_X,LWRB_Y,LWRB_Z,RANK_X,RANK_Y,RANK_Z,RASI_X,RASI_Y,RASI_Z,RELB_X,RELB_Y,RELB_Z,RFIN_X,RFIN_Y,RFIN_Z,RHEE_X,RHEE_Y,RHEE_Z,RKNE_X,RKNE_Y,RKNE_Z,RPSI_X,RPSI_Y,RPSI_Z,RSHO_X,RSHO_Y,RSHO_Z,RTOE_X,RTOE_Y,RTOE_Z,RWRA_X,RWRA_Y,RWRA_Z,RWRB_X,RWRB_Y,RWRB_Z,STRN_X,STRN_Y,STRN_Z
0.0,4.111183311678617,1.3733468396358484,1.2025874222343815,4.039906962472626,0.12619507377748718,1.1651579095235765,4.408766336149865,0.941930053139658,1.3471688344481219,4.440052569881525,1.1152542954070848,1.1092002247321886,4.436092898165028,1.24027256983033,1.4344092612865087,3.978281008266482,0.08582115000553862,1.148376684905848,4.247854982632188,0.5015400397527672,1.250463846261539,4.257355887526838,1.0060575977337505,1.2616405047744124,4.265855900907597,1.4154660098386351,1.1498687582371023,4.121095580301716,0.09403041938767248,1.2728733168778787,4.435721568330331,1.1957200860121762,1.3538478570871384,4.4721324767970465,1.1755672094198484,1.357374424285582,3.8816533600791914,0.13452285602104783,1.3599664101902091,4.248871222861539,0.9526892095860978,1.4955232726927519,4.029134083282681,1.0927882025792486,1.516663431406612,4.3464528304748145,1.243800455487144,1.5561045891954854,3.8582160312639653,0.09049400739736357,1.2999462237220982,4.071951947813158,0.5239306422684059,1.4356755690272445,4.181655620706144,1.009279823288576,1.3373510454063984,4.042735690398913,1.3923469775064952,1.3471244179883317,3.969408427301435,0.08389985732296416,1.4573650761780044,4.270786862746956,1.1935635802053275,1.5449887947976433,4.271331720181215,1.1747163534821892,1.584028795129866,4.191046716667762,1.401683971493205,1.296525406744847
0.00999079,4.113704068931241,1.3729906644717529,1.202879763504358,4.039836078355092,0.12625654923058063,1.16522166692785,4.409572655866203,0.941234934253995,1.3498079040084003,4.4407427216940265,1.114475348474878,1.108630812869747,4.4386765628568945,1.2366854725582141,1.4348800247487556,3.978271020160476,0.08579439993091147,1.1484172536006723,4.246657798665585,0.5020047966312208,1.251260554028396,4.259054156946888,1.006439361652311,1.2639944029163432,4.268832777179176,1.415748617780738,1.1516453565425275,4.121204150622187,0.09401391899067271,1.2729057337986414,4.437479042788677,1.1927419685527634,1.3540086026552216,4.473782216217783,1.1723247891508604,1.3571585859617254,3.881217416680849,0.13393822265571856,1.3596023848410115,4.24908059084667,0.9522225605940448,1.4975764975824104,4.03128987544272,1.0909006008002307,1.5139470049328527,4.345135221590565,1.2477611012245966,1.5584685238958433,3.857562176595251,0.08900242563230143,1.300435728899525,4.0681253636120465,0.5252735192120359,1.4331203737019713,4.183086023826298,1.009783829042244,1.339352882613076,4.043299755851155,1.3916817833716617,1.3461847922062709,3.97027627400134,0.0852865139171165,1.457089704423767,4.270458079268919,1.1962908867293383,1.546108324796787,4.2708859927877665,1.1771428468289178,1.585010392175549,4.1927133725217445,1.4015870909321706,1.297380686175374
0.0199816,4.115642635258654,1.3723936340637157,1.2026523389568842,4.03982363664449,0.12635906959528334,1.1651787951494514,4.410263897078098,0.9406142564848091,1.3526761352077965,4.442071494556727,1.1141027804022916,1.1079595583598858,4.440882239349469,1.2336257441774112,1.435145244234324,3.9782993587368414,0.08585675313685007,1.1483595840395038,4.245865888769892,0.5022057246232794,1.2525523604886832,4.260504334311081,1.0063593614540516,1.2663592249066313,4.271233049533097,1.415756910760618,1.1530670162738872,4.121303314107032,0.09402511108262189,1.2728445919019353,4.439192711702394,1.1902217698015376,1.3540051840942784,4.475412016650577,1.1696135029872667,1.3569145699107783,3.880664897995996,0.13341212803059307,1.359121545280312,4.249104306829177,0.9518337867852235,1.4997713827918742,4.03300037173357,1.08920981944942,1.5115683499954602,4.343096630674411,1.2522831961077736,1.5594560672394555,3.856906002365735,0.08771245814766504,1.3006880267456984,4.064456357213367,0.5264836418559541,1.4309784753339134,4.184231455572881,1.0098529920613926,1.3413285786902271,4.043477790054713,1.390801700696814,1.3448942177600616,3.970935916911165,0.08657177097758924,1.4565723793522094,4.269564855183768,1.1993691577689218,1.5462916348017728,4.270133334614751,1.1800089168775154,1.5850876342230014,4.193827938883372,1.4011405332906237,1.2977480014876637
0.0299724,4.116948970609659,1.371469043027978,1.202093100344569,4.039913833531894,0.12649782432547296,1.1651707674037237,4.411196633926804,0.9399276046325877,1.3555024252960222,4.444502009218591,1.114607815759468,1.1071756124469587,4.440944162662997,1.2310907375300353,1.4353453382472343,3.9783516279865143,0.0860517625140876,1.1483477022826858,4.246113836248053,0.5018751635286473,1.254296141718786,4.261995293672355,1.0057304109910623,1.2685943578923782,4.2729233170105525,1.415552758803266,1.154347431469197,4.121399168798483,0.09407863689459715,1.2728255431451352,4.439689230071194,1.1883030303969537,1.353896849391241,4.475916717910495,1.167711270310511,1.3568452225778138,3.880253474461474,0.13282937771164624,1.3586603454265611,4.249405249323313,0.9512344323640952,1.501939660720666,4.0339382811142634,1.087956785637313,1.5101205915572846,4.34095715171508,1.2563381281640882,1.5587665853421884,3.85641004683054,0.08663738376439192,1.300749215405865,4.061691717610171,0.5272102258512044,1.4294118661218795,4.1854273941464,1.009307917509404,1.3431895727556324,4.0434333011062025,1.3896827888376933,1.3434676469134417,3.9715512540422178,0.08723160409903044,1.4559082936444068,4.268410330012565,1.2021162525359521,1.5454824887563818,4.269318853148859,1.18271472320137,1.5842506423273242,4.194455746824088,1.4002023381689737,1.2977513264029596
0.0399632,4.117753310289756,1.3703962313315963,1.2014851005308547,4.040070077224485,0.1266663829501591,1.1652464364483983,4.412356516194515,0.9391432684902137,1.3579065850226446,4.447943543734851,1.1161543747380556,1.1062722588947913,4.438631257114498,1.2286326407006376,1.4356369669462647,3.9783921801582025,0.08636112190958808,1.1484260971656672,4.24753309421996,0.5009496572922852,1.2562922756492334,4.263493180767681,1.0046569704501058,1.2704387482906792,4.274007188529968,1.4153323889343938,1.1557538116257218,4.121474171179094,0.09418110740811031,1.2728869204510294,4.4387618773873285,1.1866894503351537,1.3537736776545488,4.475090043321426,1.1663170063580837,1.3570094201420242,3.880084548036975,0.13212756328119088,1.3583234725622562,4.250040426708422,0.9503117503622325,1.503779470480673,4.034227181935378,1.0871646699803563,1.509686105421549,4.339348660653568,1.2590912581792668,1.5570015484035407,3.85609326869279,0.0857639750891149,1.30069402340705,4.060175273475679,0.5272602192535435,1.4284618446098043,4.186669816813509,1.00820092106647,1.3447157134516552,4.043276995710628,1.3884529244594395,1.3421717394754722,3.972111943701294,0.08696697835148023,1.4552594069671854,4.267453403631253,1.2039356947443633,1.5441555849578024,4.268794390580857,1.1846077550288163,1.5829513855358863,4.194742008512449,1.3989154723934083,1.2976554574553243
0.049954,4.118350258126222,1.3697107165945486,1.201086095965062,4.040148410783899,0.12685358566690996,1.1652411726185037,4.41314811911011,0.9384538861485128,1.3594248297046252,4.451464714731713,1.1183378292327573,1.1053015457455464,4.436225800096756,1.2253961165444536,1.4361621132259728,3.978365746826141,0.08667917777256882,1.1484345094211221,4.249427699158489,0.4997355349504382,1.2580413333753995,4.264411807596148,1.003488362467416,1.2715256469861547,4.274862545554298,1.4154065508637488,1.157481523386387,4.121471801979184,0.09433510301861943,1.2728634733687458,4.437818426557456,1.1846067429824636,1.3537605075770462,4.474228354962107,1.1644311478702147,1.3572502023636623,3.880006245162733,0.13135752364120043,1.358161102806861,4.250456523627964,0.9492764496449221,1.5048933329899994,4.034559294239224,1.086505114120845,1.5094796334070344,4.338555974950555,1.2604240972890028,1.5558299819799701,3.8557729630747413,0.08514445575266288,1.3005782560723806,4.059693479568982,0.5266877238169688,1.4281152279265068,4.187390340767116,1.0068927977636555,1.3455725498820705,4.042928016718771,1.3874254429863278,1.3412100902943855,3.9723600816152342,0.08578530201407022,1.454775150603334,4.2671078667627915,1.20467042846872,1.5433335222055975,4.26884223364888,1.1852955971112948,1.5820963746405503,4.194835408876022,1.3978024906737578,1.2977905019157134
0.0599448,4.11910226740413,1.3695769533669642,1.2007838198142822,4.040168787307898,0.12692280485592866,1.165198722144822,4.413293306578371,0.937901700117757,1.360111095380736,4.454421663010626,1.1202593743785403,1.1046540585313187,4.4349376263991145,1.221800283073257,1.4369653725795912,3.9783286399549955,0.08681339075267301,1.1484120088034602,4.251246812401182,0.4984211963022917,1.2595394652816705,4.264566244886459,1.00238806397271,1.2718482672762015,4.275950765193673,1.415733290274615,1.1592493249385412,4.121467306150816,0.09444517120523292,1.2727857732168237,4.437548605217396,1.1821751042199007,1.354042193440465,4.473960172099191,1.1620438638688686,1.3576618022551437,3.879806498317474,0.13068029633067368,1.3583120804873694,4.250360361729889,0.9484175923018268,1.5053025358814724,4.03558161109006,1.0856480588592834,1.5087445225507357,4.338409906014859,1.2609874584071754,1.5562270485027947,3.8552161141291683,0.0848304927675814,1.300638053624271,4.0597875789894236,0.5257809991942506,1.4284140296501082,4.187395441306514,1.0056770716954277,1.3457353748762544,4.04254791589142,1.3866890205488043,1.3404849847508384,3.9722773413968224,0.08414360708290014,1.4545236345672299,4.2674405353564016,1.2047650607406575,1.5435130933117527,4.269430277141499,1.1851153102727798,1.5821250873854409,4.195003044221977,1.397102227490863,1.2980886983717186
0.0699355,4.120241202502677,1.3698213292814139,1.200296221806908,4.040216815503951,0.12676473426924936,1.1652492153579546,4.4128257140806975,0.9374132504598969,1.3603075937782478,4.45666227397443,1.1211272599339959,1.1047273947058054,4.434858771588655,1.2188782952234412,1.4379679109374324,3.97836293260781,0.0866492276163463,1.1484727607318659,4.252787342979292,0.4970363632946241,1.2610963747182136,4.264107662567769,1.001335881072226,1.2716115366183596,4.277558148600829,1.4160435641798603,1.1605726706706947,4.121557089183669,0.09441042592799558,1.272767469159656,4.43796216651463,1.1800219614943506,1.354719509828934,4.474294168636671,1.1597745362546297,1.3584108770488694,3.8793535463370454,0.1302251605577086,1.358876051193175,4.249727504029699,0.9479491605643708,1.505259724146492,4.037573305723353,1.0844373606039142,1.5071279291188031,4.33856687915843,1.2615728789110363,1.5582409511192525,3.8542971538327664,0.08479354013618547,1.3011020419690293,4.059998065564897,0.5248575772621628,1.4293499825807172,4.1868088071422465,1.0046868224132044,1.3453622544011585,4.04239943244266,1.3861555997974382,1.3397582910523913,3.9720323667710913,0.08261547156433732,1.454485866970243,4.268275177726931,1.2048137098753187,1.5446166857642714,4.270352575609857,1.1846888190729605,1.5829697991277578,4.195478222909173,1.3967613490387747,1.2982533018288955
0.0799263,4.1213954623471105,1.3699172793820182,1.199538636215091,4.040237645178745,0.12664759796935335,1.165340679278439,4.412121021534517,0.9368640874323462,1.3602485005165277,4.459056335335612,1.1215492644048357,1.1052000797386976,4.434791482159645,1.2170022475587299,1.4388552567641986,3.978394735162986,0.08653606466561142,1.1485293349826193,4.254659065444561,0.4953546634681857,1.263016693380602,4.263435349534733,1.0000921207579745,1.2709791776938295,4.279189191546145,1.4160421137590793,1.1612743296191372,4.121616403405518,0.09432702433536713,1.272758191429265,4.438444525226733,1.1785585632019981,1.3554585165338744,4.474704560344944,1.1582242416634094,1.3593347387532302,3.878901464042938,0.12977985314853382,1.3596005514125427,4.248840545276959,0.9476896435809987,1.504919556838889,4.039661760778839,1.0832973126909284,1.5055474688315909,4.338993390244905,1.261899708286163,1.560240085877592,3.8533630715071228,0.0847247240139257,1.301764404696576,4.060315144711971,0.5238637539074213,1.4305978216332456,4.185990054462636,1.0036669293518556,1.3445745835780911,4.042542585597305,1.3856191661459252,1.33893828721953,3.9719038760054524,0.08125341860023108,1.4545006939637763,4.269307566673436,1.2046957151845281,1.5457189026000548,4.271452998793803,1.1841052323770085,1.5838149158975319,4.196105412709216,1.3963501708622923,1.298045869557652
0.0899171,4.122298929876949,1.3697169556707296,1.1986356022497555,4.040228438031941,0.1267127304223418,1.165436368697953,4.41144726304575,0.9362551850741939,1.3599409303864847,4.4620053224085,1.1221297806314894,1.105746164496126,4.434308456394225,1.2156483906435174,1.4396133297027407,3.978405244880722,0.08666465334671929,1.1485373782616883,4.257176576081777,0.49332925777751585,1.2652484977963319,4.262762373887229,0.998550662397001,1.2699813365728547,4.280553375013325,1.415775760168416,1.1615930066521971,4.1215848875889805,0.09424885247993647,1.2727532521845197,4.438796496837279,1.1775216992627344,1.356123727515451,4.475027503572018,1.157196614513022,1.3602971744919061,3.8786326746565813,0.1292379060054559,1.3602308378176808,4.247958754745272,0.9475003575636197,1.5043034715599217,4.041404247681838,1.0823811373085623,1.5045056716633078,4.3397644025112205,1.2616615772034097,1.5613163602048294,3.852665332446666,0.08449967694796265,1.3023581971196831,4.060832178446111,0.5227516631238983,1.4319007065717173,4.18515477440485,1.0024395013390117,1.3434114748054902,4.042888488783092,1.384985318028645,1.3381569924319432,3.9719749528095405,0.0800100057843608,1.4544376798796306,4.270452027339261,1.2042115198865047,1.5462938489269482,4.272736933550841,1.1832615654409013,1.5841813206205542,4.196705231324626,1.3957020817877375,1.2975351156327872
0.0999079,4.12304121121562,1.3697035205218173,1.197912446024464,4.04029596786947,0.1267966842286972,1.1655767421282954,4.410795877074041,0.9357687622168859,1.359117437193499,4.46491088183342,1.1229588785302536,1.1062953898274768,4.434460470100854,1.213370469318517,1.440705892711433,3.978495337246966,0.08684357501900934,1.148575711602878,4.259952270251815,0.49124631564355736,1.2672637961267665,4.261956505033724,0.9968708648667353,1.268482508383981,4.281899879474404,1.4157489738580211,1.1621884180913413,4.121559723495788,0.09410765920855606,1.2728566154696201,4.439587209796598,1.1758494991003035,1.3569973902444725,4.47576305498737,1.1554614312147953,1.3613188048470055,3.878513191222048,0.12875408375655792,1.3606497919913632,4.247194295320628,0.9474409990381072,1.5032839288680473,4.043350751089981,1.0812780966594904,1.5034908183627838,4.340972555554976,1.2609185553898354,1.5621761037567448,3.8521765822923832,0.08434315578835572,1.3026993219996983,4.061638854577831,0.5216058963389295,1.433249155186829,4.184235073230209,1.001078769352899,1.3418137957028493,4.043211001523188,1.3843505581301436,1.3377742538134056,3.9720416653918744,0.07887693075898691,1.454271503316334,4.271953337358295,1.2033233752677084,1.5466891533180465,4.2743999555755705,1.181996321094911,1.5843418335606065,4.197203462013621,1.3951395117102179,1.2971705896439871
0.109899,4.123698682016696,1.369960842685193,1.1973121281589925,4.040398626370237,0.1268137266827391,1.165727504073375,4.410095324874396,0.9353969566445272,1.3576979196442664,4.467432890505235,1.12373603746338,1.1069797543552347,4.435517203725215,1.2103643361389453,1.442189869236924,3.9786232833343558,0.08693459792454082,1.148637246726014,4.262599214352914,0.4892447733683772,1.268950922735107,4.26096834027737,0.9951909854590736,1.2664924106056814,4.283241332433054,1.4159585939706918,1.1628766395031795,4.121520310093905,0.0938996027118504,1.2730258800862322,4.440919148158854,1.1736188726772838,1.3581749558936238,4.476981235377722,1.1530336523760316,1.3624904878296829,3.878701834908555,0.1283983156695992,1.360976044620867,4.2465462466603965,0.947600213569891,1.5018446401266916,4.0458352470013015,1.079852583999699,1.5021742040708312,4.342342938357567,1.2601636524360769,1.5635138493951137,3.852078699150619,0.0843353544110596,1.3028686780440206,4.0628102163246815,0.5204923286310608,1.4350729404876243,4.1832079984337955,0.9997594071025554,1.3398091128596818,4.043391852057081,1.38370030842297,1.3376444483051166,3.9722617235742166,0.07792762740065,1.4541142561486688,4.273740942432033,1.2023574349925392,1.547346670107816,4.276348693008113,1.1805670584535441,1.5847011615805096,4.197615706038081,1.394778690978368,1.296921581554195
0.11989,4.124305092852455,1.3702833205505744,1.1966246801961429,4.040448841882117,0.12675650979711017,1.1658140006171362,4.409323283970599,0.9350281118237064,1.3558245705192817,4.469548986986231,1.12413568940577,1.107905983228889,4.437039469088678,1.2075770310491445,1.4438100878693911,3.97869136553898,0.08689684606586491,1.1486718502929516,4.264868962831483,0.4873537402566423,1.2705019485745992,4.259874850544765,0.9935854861277064,1.26418111267564,4.284450786359141,1.4161296810335744,1.163147691525032,4.121403587906062,0.09366689203054851,1.27314885377443,4.442483587375843,1.1714689239879454,1.3595339139250182,4.4783816558968095,1.1505907230175818,1.363832335729439,3.879361125402565,0.12820772959279134,1.3613910753301957,4.2460055806385295,0.9480399876532319,1.5001171011033172,4.0488141613646755,1.078213744060159,1.5005627605706082,4.3435296256311755,1.259859413947924,1.5655650493233289,3.85257054738297,0.08448184098777119,1.3030435267536729,4.064362765944572,0.519470322856227,1.437876618452315,4.182147013115622,0.9986355361273308,1.3375465504137225,4.043443416921076,1.3829503676685042,1.3374202793885788,3.9728841641335007,0.07730596599597554,1.4541097308858937,4.2755636831971895,1.2016768694416895,1.5484854836041455,4.278332822691328,1.1793553360016398,1.5854931556882754,4.198006572708787,1.3945493417297856,1.2965303547290767
0.12988,4.124829574290509,1.3704128632139787,1.195976412504776,4.040546367778148,0.12667783111808112,1.1657965609163765,4.408732400704641,0.9346319250247476,1.3539899160967968,4.471651687649052,1.124535023767115,1.108674839951824,4.438004316848277,1.2048460066295703,1.4451657029058143,3.978739958528089,0.08686278929555122,1.148687704549253,4.266907725148424,0.48558606424174755,1.2722058917051644,4.258969457423258,0.991984930392072,1.2619533267977028,4.285519660733434,1.4162151599556667,1.1632754536511252,4.121284829350091,0.09345313697137367,1.2732073421300487,4.443648325761455,1.1693932687882553,1.3606445819390722,4.4793895716008585,1.1482522522365568,1.3649724009838753,3.880185761564081,0.12833452352136135,1.3617965531646057,4.245760747506368,0.9486907021225588,1.4985006842060844,4.051510852815273,1.0766524839965381,1.499309491483135,4.34476204155236,1.259435170357415,1.5671738668564317,3.853383208025131,0.08489805703334685,1.3031707100738505,4.066124754004041,0.5186394101669658,1.4414787630061483,4.181327350116748,0.9975976639530576,1.3354103336176923,4.0435931291706515,1.3820454023837545,1.3371949943029893,3.973621595150468,0.07723883988797255,1.4542228832795565,4.277276553944274,1.2009820406925953,1.5494369441686346,4.280210993703344,1.1782379448873543,1.5861492569494853,4.198436839486931,1.3942447202505976,1.2960557809815816
0.139871,4.125258960146421,1.3703037358354122,1.1953793616885864,4.040791213804573,0.12659758301886398,1.1656910684830488,4.408392552780196,0.934308988079672,1.3524809037687997,4.473877847569666,1.1250489570582582,1.1091746244676166,4.438290081746733,1.2021386358079231,1.4461569492892883,3.978795504930117,0.08692673281316717,1.1487273379024114,4.269032064536404,0.48388370756422705,1.2742141030764458,4.258291005429539,0.9902872230053994,1.2600358494224582,4.286538594220505,1.4162404888217823,1.1634217273089833,4.12120241449678,0.09321852758018824,1.2732219784500203,4.444306595974606,1.1673773570282062,1.3614033821971352,4.479899151908334,1.1460219119727992,1.3658142728788296,3.8808159742922843,0.12875821527905482,1.3620657987542482,4.245778564510858,0.9494178916842109,1.4971849626575913,4.053532819293823,1.0752864731176546,1.498586614849692,4.346076392555636,1.2586515369144287,1.5677200385747312,3.8541538249233724,0.08546411571124643,1.3032040126580282,4.067822765309515,0.518000845997426,1.4454119106399355,4.180754494696892,0.9964431713851599,1.3335908465530593,4.0439166538540094,1.3809879721491019,1.3369505024383512,3.974251525853639,0.07792737629994304,1.4543169337814643,4.278776857067749,1.2001177005862733,1.5497912766963553,4.281878334802121,1.1771453269186247,1.5863093769720424,4.198915374506181,1.3937708155193587,1.295507189677635
0.149862,4.125632870381605,1.3702302317588535,1.194586794039326,4.04119379747604,0.12650835577890865,1.1655954122109475,4.408040264999933,0.9342735510618174,1.3511523215021675,4.475861572388831,1.1252064749360657,1.1098466660463908,4.439179274384814,1.1999574298596227,1.4471426395561016,3.978821619974902,0.0871012620917983,1.1488525829211855,4.271605991187951,0.482119604882174,1.2764242280602425,4.257473651009458,0.9884133384429942,1.2583098876273668,4.287674977070732,1.4162557876269404,1.1633222711885935,4.121101770813215,0.09283576115637938,1.2732355209814357,4.4451808513423705,1.1656111713297452,1.362250261220415,4.480550385302229,1.1439428323233958,1.3667567050720597,3.881034292211854,0.12920431602815005,1.3621369507851477,4.245681090169186,0.9500542284472251,1.4959697021648395,4.055284333347239,1.0739301692232446,1.4976921532383491,4.3470891821544635,1.2580220212587132,1.567847417389479,3.854595910762477,0.08575219972458462,1.3031847074599348,4.069165843186733,0.5174067326527686,1.44910098960014,4.180019218765123,0.9949673922723845,1.3319214934215335,4.044229115233623,1.37986017891501,1.3364019195056311,3.974841460789957,0.07944801038691734,1.4541849244007512,4.280008492779667,1.1993216242419271,1.5498335855867786,4.283260267786422,1.1762134238174968,1.586206123292954,4.199394084744925,1.3932370827334746,1.2947323180454253
0.159853,4.126044542671528,1.3703684913842766,1.1936400168171142,4.041495397048348,0.12685669308679973,1.1657455407815482,4.40774273778355,0.9341890422698894,1.3497420763191355,4.477426219790785,1.1250203832615637,1.1106420374967934,4.4406446016725685,1.1982903262743863,1.4481292174687588,3.9788467476984617,0.08777161374233909,1.1490079005942369,4.2742803903801185,0.4804815625534576,1.2785392207911594,4.256627938433575,0.9865055775592553,1.2566024347722273,4.288805543563036,1.41629511500323,1.162851607486855,4.121031737377693,0.09256333882714748,1.2732694220964138,4.446414727257933,1.16415366356823,1.3631788529296092,4.4815843644896765,1.1421803392093535,1.3677064390303515,3.8812857780372556,0.12983780341802226,1.3620502417431481,4.245633258879524,0.9506232895428175,1.4947616626230904,4.056964025713037,1.0725323021316517,1.4965215702021062,4.348133582650397,1.2570402177127908,1.5681650858072211,3.8549988404849818,0.0861766912785051,1.3031198442988388,4.070609455492241,0.5168048183878635,1.4528160197837616,4.179269695281123,0.9934325889562745,1.3303176922272977,4.044748013653272,1.378788673492514,1.3358195295270623,3.975550708319847,0.08123942075673939,1.4538088747115088,4.281171632664579,1.1982827246713688,1.5499333645468434,4.284464745638925,1.1750299360610408,1.586168438697076,4.200023067321832,1.3926544272356882,1.2938192289209929
0.169843,4.126584722429718,1.3708151569560052,1.192746397642708,4.041429401345544,0.1280480405439159,1.166310822449412,4.40767334247897,0.9336715838692766,1.3480109051901918,4.478545745267128,1.1247718221643919,1.1112837228350312,4.442081753343949,1.1968471143085613,1.4489707803106242,3.978904801904304,0.08926045409202858,1.1491177631799023,4.276438088636789,0.4792864905729479,1.2802001725428924,4.2559827819275275,0.9848113966669377,1.2548173683587693,4.28974284315932,1.4164288023125342,1.1620199796301875,4.121073633729783,0.0927201372270351,1.2733171512170542,4.447828175613095,1.1629634354787712,1.3639767661974767,4.482955467826321,1.1408663683780942,1.3683741520639212,3.8821712346527186,0.13103559953039062,1.3618926209131275,4.246022878441771,0.9512514733989905,1.4935769161151495,4.0585978414191946,1.0711326899440423,1.4953101210234905,4.34975718649943,1.254895833665473,1.5690502883628377,3.8558408512366085,0.08750072815895397,1.302963714550281,4.072849840059235,0.5162259648651493,1.4572353082451261,4.1788242567941385,0.9922448348426948,1.3288272790556943,4.045837226304766,1.3779084480627892,1.3356963223630849,3.976467169177634,0.08261255159267404,1.453309337251519,4.282533779432544,1.1965226810717262,1.5503704748266056,4.285671225620211,1.1730533084045192,1.5864541923027426,4.201005174522026,1.3920373177490368,1.292953387859994
0.179834,4.127218032532922,1.3716508749226455,1.1920171442884808,4.041312767800711,0.12926565397589823,1.166900769810938,4.407570656565521,0.9334648291087122,1.3459969051720269,4.479233974407,1.124515864653781,1.1118846203000177,4.44403023006282,1.1955922329478874,1.449856204724715,3.978887703099956,0.09076707777741794,1.1493082574763773,4.278131399552361,0.47858378893129305,1.2812290342250903,4.255025654350071,0.9834580188178964,1.2532075385376331,4.290749978575555,1.4169023629721578,1.1609466504671748,4.121171509029806,0.09293376306658806,1.2733209089262443,4.449526619777171,1.1619659327339256,1.3647994499516294,4.484607142539715,1.1397301275211769,1.3689748927792151,3.8833541269429195,0.13289543014002647,1.3617015799933307,4.246743711304627,0.9519993634376409,1.492517854149209,4.06019056861184,1.069744577639338,1.4940183000403,4.3515643673276,1.2521583105601932,1.5703199222442343,3.856978686892309,0.0897704231508497,1.3025701139290518,4.0757405608594315,0.5157618275793829,1.4625771424233414,4.178263141034411,0.9912581716074288,1.3277348556808686,4.047420405669562,1.3772931501233365,1.3360135294288054,3.9772499805498924,0.08386754167322798,1.4528741431028014,4.284027890139447,1.1942893170395124,1.5510182163117654,4.28691056892341,1.170575291905428,1.5869379042848282,4.202266365826532,1.3916790457745216,1.2920948777674455
0.189825,4.127845350599938,1.3726596162624394,1.191530005559823,4.0413557171550805,0.12996925371724272,1.167216052076003,4.407284876718603,0.9338680662124488,1.3437026961605276,4.479832283578391,1.1244166001451898,1.1125248394960823,4.446580501329212,1.1946533737961258,1.4508654157446674,3.9787630026056298,0.09173538308181353,1.1495970942574711,4.279481318986285,0.47821359105016265,1.2817097987159958,4.253542035980679,0.982437762720952,1.2518383392240042,4.291869147121408,1.4176767405758317,1.1597745745990393,4.12126255608907,0.09296256177938607,1.2732644935668969,4.451462216561441,1.1612493637917087,1.3657110349405592,4.48642519256129,1.1387945881624282,1.3696610779357619,3.884500333891871,0.135254463580262,1.3615527713597442,4.2476733410168075,0.9528019654393971,1.4915391454227547,4.061711739417013,1.068464617820985,1.4928471466467932,4.353373410885424,1.2492444690342956,1.571732870097327,3.85820712934799,0.09269966748648868,1.3019634329164003,4.079008882437742,0.5154253534111062,1.4685516183901497,4.1773904083002025,0.9903405536283345,1.3270717664696414,4.0492837375193895,1.3768766497399259,1.3365940794827516,3.977706188267705,0.08522588620305883,1.4526119021074324,4.285672231059404,1.1917797592619683,1.5517747896804628,4.28829709210287,1.1678378756699563,1.5875332238651856,4.203639873307712,1.3916406053387365,1.291231464220475
0.199816,4.128343975038888,1.3732331792181731,1.191356860196635,4.041408789136852,0.13044611721201085,1.167287293479152,4.407001422051002,0.934144292182504,1.341016951132293,4.481085675122439,1.124853627940173,1.1131200292525842,4.4487501818007065,1.1942825425701096,1.4518069800982458,3.978647559893763,0.0923595428205283,1.149780364420636,4.280490833449606,0.4778209903663651,1.2820317672226125,4.2520461963726826,0.9816236912835075,1.2504052772969712,4.292690078616891,1.418268682410014,1.158641338151347,4.121327193485658,0.09301005597199316,1.2731992348409022,4.453267197309766,1.161126889102264,1.3665311686484742,4.488214350277707,1.1386242231641435,1.3703357072574318,3.8855986357707804,0.13770380781816705,1.3615923424342473,4.248853919059714,0.9534622745807674,1.4903791533119786,4.06308662816095,1.0674865923460561,1.4923959152570005,4.355627066058967,1.2458905762813102,1.5731169380131538,3.859458647996078,0.0958006041060803,1.3014372364540567,4.082497131163544,0.5151221277071351,1.4743244786025809,4.17663439932542,0.9896176484537798,1.3264412244526802,4.0511744220695185,1.3764205166945582,1.3372355525630986,3.9780210270229803,0.08649282002248126,1.4525021348948217,4.2876960470092405,1.1888991148008778,1.5526718398140538,4.29007929461013,1.1647612298845667,1.5883038129524176,4.204934309557212,1.3915757596443978,1.2904917463565504
0.209807,4.128880361804289,1.373252132027748,1.191674028800145,4.041404855817095,0.13075625826775775,1.1670847791118497,4.407055515850229,0.933867499791613,1.3382590056353587,4.482945935858406,1.1258883006448899,1.113854334031718,4.4496199203075655,1.194448166121895,1.452605956356168,3.978502627817782,0.092665410279835,1.1497838245152092,4.28136734943044,0.47728770901769557,1.282348933332648,4.251279993108042,0.9813258546523691,1.2489864784005333,4.293211608180048,1.418658441194307,1.157662846740158,4.121393539983696,0.09331992381862962,1.2730367376912444,4.454694385333401,1.161601951847065,1.36733729706685,4.489795775671207,1.1393566052583552,1.3711714465282143,3.8864566724783285,0.14028451283227258,1.3619209351678887,4.250450981027607,0.9541227694641037,1.4891610314680843,4.0642462595562305,1.0666033309342604,1.4926096256167987,4.358406708992214,1.242295211338259,1.5738127237069746,3.860741458409879,0.0989699713330053,1.3010595409669052,4.086047201908302,0.5151073327320331,1.4795426005127355,4.176726123487786,0.9896618820278069,1.3258207683469705,4.052920492293227,1.3758473724986673,1.3380335509524717,3.978433482227541,0.08806601782280146,1.4526629016443076,4.289922405789921,1.1860455511554986,1.5532031966162514,4.29201441701294,1.1618359511482816,1.5888162238712695,4.2061117301837205,1.391565716808036,1.2902189332029423
0.219797,4.129597811760526,1.3728980240039212,1.192509707621234,4.041353353003208,0.13083417829083022,1.1666295655954773,4.407649327367947,0.9330378979667819,1.33587603258295,4.484942307675579,1.1273237273294456,1.1149552803860339,4.448997993206682,1.1949989842543882,1.4533389969987645,3.97824906338841,0.09262840092869576,1.149662505358764,4.282295395982658,0.47667657630216836,1.282646402463757,4.251621893859701,0.9817738580265309,1.2478595831895136,4.293571686550848,1.4190185262919925,1.1569167453628135,4.121477972569421,0.0939428663252212,1.2726871020139223,4.455731872288731,1.1624906200945522,1.368323388932798,4.491117851700345,1.1407738115770771,1.3723873284732395,3.886918301090366,0.14302084979873617,1.3625083830116007,4.252543628994354,0.954928214218451,1.488191313716034,4.065169057972834,1.0655229832614328,1.4931094219717027,4.361433013565581,1.2389448827467437,1.57322277876972,3.8620318176228743,0.10211370186292873,1.3007698176877138,4.08945864969773,0.5155709097789066,1.4840083605239722,4.178032927334819,0.9907796664185169,1.325420569756058,4.0544074012116145,1.375173444116725,1.3391289346301432,3.9790885127968307,0.0902780845039884,1.4531470896017902,4.29200813075999,1.1837185879298562,1.552826828194635,4.293739217022409,1.1596288318982382,1.5885654746741136,4.207162224245796,1.3917780495648961,1.2906008153148207
0.229788,4.129854664450162,1.372255693213355,1.1930765622051152,4.041289350803012,0.13084168613361583,1.1663450441293401,4.408183365923052,0.9323369416696062,1.333745735048725,4.486969203018118,1.1287823900522542,1.1161387169473749,4.44910815459751,1.1960315207106478,1.4543271815427141,3.9780553839136976,0.092581480829428,1.1496116512989878,4.282861582205753,0.4761379963280058,1.282885802187968,4.251659862331898,0.9818235257675484,1.2470731747442494,4.293372062771515,1.4190601453650251,1.15638162386238,4.121447511121404,0.09418494672609888,1.2724026048511636,4.456914577895998,1.1636811660689532,1.369460956982698,4.492559877574215,1.14243151122548,1.3736828675587678,3.8874616341028028,0.1447531401848857,1.3629485632511955,4.2546184634404804,0.955195964521157,1.487510494388408,4.065993176704699,1.0646096761643666,1.493924966242573,4.364040698432348,1.2361802149214887,1.5721718403093456,3.863030323657456,0.1042187553043321,1.3006083940773765,4.092395121319032,0.5155983187128926,1.4868679805321068,4.178931473754189,0.9912458174064542,1.325357441604753,4.055541898269924,1.374353981989554,1.340118147252037,3.979715917974934,0.09171679210220068,1.4534027493609913,4.293991761066025,1.1815639751115283,1.5521816019455874,4.2956344043847166,1.1575653012678002,1.5879969029842773,4.207812312739117,1.3916088454235247,1.2907452310636953
0.239779,4.1293466203538,1.371426883677938,1.193019350242226,4.0412587635961925,0.1309142305520684,1.1664540699933392,4.408386287757774,0.9321161447728998,1.331795581221359,4.488854750815139,1.1300640541142406,1.117148643704493,4.450823090102676,1.1976330058311657,1.4555727924834607,3.978015834709845,0.09274664524350988,1.149752763004599,4.28299386800755,0.4757899000733448,1.282988339693708,4.2508072483230155,0.9810876788021139,1.2466080983915324,4.2924242903279,1.418686250386396,1.1559001477455868,4.121303179953959,0.09377967896454799,1.2723148965125048,4.458419497244664,1.1651718373790718,1.3706074044861751,4.494245360256101,1.1442026030561139,1.374794240717244,3.8882164269033748,0.14504354191607022,1.3630583461766075,4.256400265341291,0.9547077306306283,1.4870948689560533,4.066807507267773,1.0640359448272145,1.4950438624708244,4.365955125055683,1.2341349069198837,1.5712133821030847,3.8635619939432124,0.10489630570327335,1.3005684939998587,4.094590477483566,0.5148975129633561,1.4878254967148419,4.178732217210105,0.9904291097992404,1.3256285347236139,4.056331073535162,1.3734175520269658,1.3408417124278844,3.980145902444706,0.09184908811819463,1.4531915739137495,4.295880577361337,1.1794648748553809,1.5516682846384193,4.297826334596248,1.1554060306932599,1.5874132519787172,4.207944540938266,1.3908492595247441,1.2902385041247604
0.24977,4.128544396805565,1.3705673638984452,1.1929107237223566,4.041303749242554,0.1310560284650138,1.1667360176809485,4.408746900665051,0.9319946373580387,1.3302189880474289,4.490226509177849,1.1312845404947356,1.1179584520810837,4.452244366798571,1.1997877039815308,1.4565351805622775,3.9780227203624383,0.09304277448091547,1.1500432077922986,4.283315635179545,0.4756546572733218,1.2828191444311334,4.250303509504303,0.9807338762074195,1.2464160175224688,4.291044924948887,1.418232156006344,1.1551701590671644,4.121280221617939,0.09333330077626535,1.2722586936617917,4.459732455974721,1.1670858579212153,1.3715386392127773,4.495790833443683,1.146484388802137,1.3756991769057585,3.888622421121792,0.1449292165436489,1.3631014896111988,4.258171004506428,0.9542112897527715,1.4869118744617842,4.067560979718487,1.0634752893926993,1.4962416052902665,4.367602600577047,1.232662247267049,1.570006664194829,3.8637544630288447,0.10500245156173711,1.3005376685398107,4.095951417171149,0.5144596191617784,1.4876504383889377,4.178798843772977,0.989980717107909,1.3260780035436253,4.056922108772032,1.3725303225655479,1.3416826219679574,3.9805133993142494,0.09201694588716205,1.452941869627978,4.297506416381917,1.1779124917053547,1.5509302204313213,4.299815630274552,1.1537653113795305,1.5865809671005915,4.207773908584323,1.3901325838279472,1.2897461941368702
0.259761,4.127680058678536,1.3697389987013608,1.1930796297527908,4.04134097052991,0.13118470667856155,1.1670386203590901,4.409443604340393,0.9317318295216166,1.3290220828634198,4.4910960253661525,1.132370275166743,1.1185270394921851,4.45311872150567,1.2025034172702105,1.4569638643564444,3.9779801054580575,0.09333574398126317,1.1504143698260445,4.284016534498119,0.47558341551195105,1.2822092004745453,4.250581296929662,0.9809259999238547,1.2463214681954755,4.289454232100119,1.4177304561538886,1.1541662376902848,4.1213607427918495,0.09296155252037161,1.2721856660766422,4.460863758267478,1.1693898875306024,1.3721183295344161,4.497204622912342,1.1492730516276202,1.37631990294971,3.8888721884496773,0.14490448331553873,1.3630426767653192,4.259991780979343,0.9540341052734809,1.4868180330188523,4.068110558874457,1.0629515391650193,1.4973195542883166,4.369080505943329,1.2313754519942866,1.5686079887396174,3.8638878267412244,0.10500420910745971,1.3004390503772105,4.096556140073486,0.5146066455141002,1.4868936631457703,4.179573281299059,0.9903178364152686,1.3264617297230032,4.05740930007306,1.371911613897477,1.3427342488685223,3.980970722522233,0.09254788219092865,1.452771928861655,4.298824240803578,1.1767061682704119,1.549995551668653,4.30143544943855,1.1524857048304675,1.585571090086436,4.207514775872872,1.3896819941153777,1.289520566210274
0.269751,4.126791692412418,1.3689379028230324,1.1935630335213931,4.041286211562849,0.13122625173872854,1.1673016668164822,4.4103817715718545,0.931255713091488,1.3280872764758398,4.491715354916177,1.1332196803146417,1.118820511345412,4.454135011215769,1.2057313516546615,1.4568849440567608,3.9778652743896936,0.09354366205778171,1.1507933699826058,4.284962248573604,0.47539606234561477,1.2811556577160519,4.251422091690788,0.9812213315293986,1.246155793711892,4.287765254969862,1.417068171357319,1.1530305788440638,4.121403023962705,0.09249282866263704,1.2721452032685334,4.462070856358413,1.1719529943293978,1.3723143488926952,4.498674278162883,1.1523281092191526,1.3765774020692965,3.8894475500608054,0.1449775438282005,1.3627441274807846,4.261778174502763,0.9541404575642476,1.4866723052294013,4.068354323682083,1.0626768426884858,1.4981796945165284,4.370294801109818,1.2299483372584221,1.5672922819358779,3.864201831918883,0.10500592556322925,1.300255957635561,4.096585593502009,0.5151573758720359,1.485852655799098,4.180795638693532,0.9910208416557834,1.3266043323811862,4.057840632874807,1.3717025493072739,1.3438570832690315,3.981595341055963,0.09306702431112229,1.452584118313997,4.299893522729387,1.1753942573250085,1.5491075567441583,4.302778082847351,1.1511004738376691,1.5846109627197877,4.207312725313613,1.3894079507968171,1.2894659192620115
0.279742,4.125910060903619,1.3681471958032954,1.1940554031542363,4.041359245126253,0.13132561987926542,1.1675651846229185,4.411329514305682,0.930655976396103,1.3273335244713738,4.492281802174676,1.1341538352088294,1.1189167965083295,4.455021882654831,1.2091253435228586,1.4565739686428831,3.97786815986064,0.09385657988852868,1.1511232341155002,4.285971839188109,0.4751954767935558,1.2803706873357172,4.2524426575678484,0.9816147661816994,1.2460850282692162,4.286013704316599,1.4164018776269747,1.1518431403176894,4.121454710002143,0.09202598025355735,1.2722175187039375,4.463139446983092,1.1746780197305569,1.372267917036052,4.500016579919403,1.1555872235266402,1.3765755590368427,3.8899569320691856,0.1449078148305056,1.362498134117312,4.263539857231715,0.9543169753902093,1.4866150850551183,4.06854804402016,1.0626263802727884,1.499008265825021,4.371361855390431,1.2288240650287425,1.5660174536125444,3.8644650146711013,0.10491555170997216,1.3000963379345398,4.0962312283868325,0.5158884463999988,1.484592314225182,4.182173686881296,0.9919285505502431,1.326784090785109,4.05824486050807,1.3716365604679979,1.3448352748305796,3.9821930468644515,0.09335618982602985,1.4523433104904553,4.300839923008258,1.1743790532100313,1.5482387101565236,4.303995200562112,1.1500173270690766,1.5836713363383206,4.207115557504121,1.3891897173899643,1.2893755606253685
0.289733,4.125107142458018,1.3673960321420746,1.1944521176780458,4.041633023231418,0.13156260704115835,1.1679236862515712,4.412268137980957,0.9301100017762101,1.3267918863184844,4.492839923475628,1.1353474709292661,1.1189185477009826,4.455648909363556,1.212391764298381,1.4562643776795359,3.9780239295655737,0.09439818452051589,1.1514479339840706,4.2869391210235355,0.4751386628458034,1.2801928744642812,4.253550980795172,0.9822181435122447,1.246239336342121,4.284259478457027,1.4158995947891804,1.1506122286876121,4.121452826588082,0.09161611369649238,1.2724688216000277,4.464019343635037,1.1774576571633424,1.372135392820884,4.501195756829,1.158954839741305,1.3764484006351452,3.890142936307298,0.1446111161937539,1.362485165368533,4.265276662069235,0.9544413417609642,1.4867371776287868,4.068833080811189,1.0626361860662354,1.4998899636241725,4.372327486545158,1.2282547174704015,1.5645647789881487,3.8645317830597214,0.10469563527197727,1.3000373783285533,4.0955885149493465,0.5167212246842011,1.483030060089824,4.18362747016731,0.992993884653527,1.327158303002173,4.058746876897991,1.3715162432762955,1.3456825627190545,3.9826058335077428,0.09335184584079516,1.4520955076421533,4.30168566268828,1.173889671863216,1.547247140957721,4.305141457650782,1.1494737327272697,1.5826100555460456,4.206934011319906,1.3890150330929814,1.2892160746176133
0.299724,4.124512115582432,1.3667811508451622,1.195054588971332,4.041860992960646,0.1318439747180386,1.1684745106919,4.413516305816115,0.9298424392243361,1.3266224979235053,4.49324128742091,1.1366105298465976,1.1189039330379649,4.456438332798531,1.2154298088621949,1.4560213881994406,3.978059407599281,0.09509600868429784,1.1519453572814833,4.287862676971952,0.47535323293485554,1.2801252900739222,4.255106536455245,0.9831378917228373,1.2465739716291042,4.282621061444123,1.4156342484145763,1.1492820870774805,4.121166909404774,0.09113998180483329,1.2728632100627206,4.46505964333414,1.1801624241961168,1.3720126872141476,4.502515148131159,1.162226449371085,1.3762872858074868,3.8902686898654544,0.1443252371675177,1.3625547995530252,4.266947930156921,0.9545939182953479,1.4869582846776173,4.06907167068258,1.0624407373040554,1.5006548468075354,4.373082933356353,1.2279299056855326,1.5626038870377328,3.8645560315624983,0.10446217509913987,1.3000610611202321,4.094620070113195,0.5177977451842457,1.4809794746056817,4.185379193372618,0.9942401853313234,1.3275556663924044,4.059593229497911,1.3714028382357177,1.3467622913156387,3.9828408284544485,0.09317166320235255,1.4519752027224815,4.302305854033849,1.1735877582373395,1.5459306122820355,4.306128225364953,1.149137642116512,1.5812242036210427,4.206934503030278,1.3890343318374363,1.2892385124281072
0.309715,4.124177432939038,1.3663235012915342,1.1958455427043981,4.042011875296509,0.13217488406429775,1.1688169990640866,4.414950787173062,0.9297740912259324,1.326677188721965,4.493540059788421,1.1379467501621539,1.1187162261697272,4.45747568762531,1.218128661293151,1.4557739633540352,3.9777853603975566,0.0959559272653181,1.1526286327474893,4.288448056656846,0.47590551012363175,1.2797032878769963,4.2568785954398445,0.984296375503476,1.2471088809675175,4.281152624078248,1.4155641837139545,1.1480454772704405,4.121206250451151,0.09038243163136138,1.2725641421087548,4.466257942672734,1.1827186302208184,1.3717753152981158,4.503965884673085,1.1652894789829054,1.3759523735515609,3.8904320051449703,0.1442041799495897,1.3625806516274817,4.268622390387156,0.954844769272137,1.4873172413509257,4.0694635970317865,1.062013303923809,1.5012006559297353,4.373891602054301,1.2277540609215118,1.5602445479861948,3.864593766212492,0.10431405822490776,1.3001300377055123,4.09348217847908,0.5191066836846557,1.4786670132805917,4.1873007793383055,0.995666909014002,1.3281024136920045,4.06065999184847,1.3713642323976756,1.3481078344512467,3.9829953923623886,0.09302411763950709,1.4519974280636039,4.302968641401663,1.1733639086321517,1.5442208935063513,4.307149290019311,1.1489239880933122,1.5794810004476683,4.207121538478909,1.3892547197312515,1.2894700241632262
0.319705,4.124109569633799,1.3659850809905731,1.1966732972590817,4.042235381310847,0.13255218169845753,1.168515524315452,4.416315780950542,0.9296981566063843,1.326797402948307,4.493859784691864,1.1394554940187562,1.118141362433841,4.458602413521858,1.2205224928042555,1.4553619674789748,3.977183363361097,0.09701945780394002,1.1534178437568656,4.2884344432336094,0.47678078545209723,1.2787509177745329,4.258488995669956,0.9855278415579033,1.2479238953458551,4.279855787802041,1.4156143823215406,1.1471781565269206,4.12228203424181,0.08910458647443427,1.2708412803692684,4.4673999245975615,1.185166358233193,1.3712185681531541,4.505348954814356,1.1681833253438232,1.3752345795198224,3.890582632773948,0.14428974267508418,1.3625078694519026,4.270418833340076,0.9552161391284256,1.4879445749531277,4.070250972797134,1.0614967829193778,1.501554745198355,4.375064264466154,1.2277619550302665,1.5578029979410213,3.86461890651894,0.10430515454119779,1.300202368360837,4.092388635123208,0.5205479494632242,1.4764357024517791,4.189180699368069,0.9972309196677913,1.3290465513489849,4.061701314085601,1.3714347829400466,1.3495602940404292,3.983167709012362,0.09308292057645182,1.4520886629523915,4.30400275562122,1.1732592122070378,1.542194063857064,4.308440477184988,1.1488939614879699,1.5774923707005877,4.207425513077309,1.389588947922254,1.2898291706376996
0.329696,4.12433927641279,1.3657008793056598,1.197749013213149,4.042779850347249,0.1326538924701607,1.1682554179652238,4.418021735843101,0.9296832902807606,1.327587679020031,4.494044576479471,1.141044472457737,1.1173293614197954,4.459671162056063,1.223281847590301,1.4545853786237113,3.976629544852973,0.09822641027880029,1.1543100079016069,4.28845549016619,0.47779383213130544,1.2779673269692082,4.260566746736251,0.986785174933157,1.2491322765457704,4.278699383358378,1.4158465108616367,1.1466375892784908,4.123345725597794,0.0871716357190456,1.2693837377521209,4.468414160857543,1.1878484903943118,1.3703676906806819,4.50658204492786,1.1712912302563327,1.3742286727244308,3.890617179594974,0.14446166950113798,1.3624322062286474,4.27236753676133,0.9556107518912027,1.488992007224534,4.070929563471117,1.0610750037064247,1.5020290659402946,4.376123896210376,1.227839098993732,1.5552695343020457,3.864594189044228,0.10438708632615776,1.3002470925229632,4.091258782544277,0.5221077894810674,1.4740207189817622,4.191428447872012,0.9987980901163264,1.3302919001295932,4.062955140121487,1.3715547650699194,1.3511137358178256,3.9832663117863087,0.09319284247761972,1.4521483648819402,4.304949404778449,1.1732082002798407,1.5401411755189567,4.309657825886114,1.1489394286025332,1.5754951555388779,4.207927251218007,1.3899752540933679,1.2904332386507995
0.339687,4.124841656978682,1.3653803590976106,1.1991296806377707,4.043728027519188,0.13222842402176252,1.1683233923742815,4.420166046364705,0.9297104506456986,1.3292118235117458,4.494055588507633,1.1425867853920586,1.1164259443411648,4.460706376245121,1.226686597812135,1.453439666475623,3.976376184677827,0.09937170361146713,1.1551474019084607,4.288783421291045,0.47878106979026547,1.2776706182957929,4.263315008559621,0.9880312797914136,1.2507006724036924,4.277662434806817,1.4162003038153015,1.1463132482218452,4.123722898873878,0.08467600737925712,1.2690953715894548,4.4693745607400155,1.1909257974209575,1.3693095851662689,4.507740275816047,1.17481102796569,1.3730453400488918,3.890510554101283,0.14461283885095683,1.3624173911265889,4.274417850914626,0.955926903398625,1.4904311258585525,4.071195112825029,1.0608159084492241,1.502793960246404,4.376769210840318,1.2279424398676941,1.552668392328067,3.864533242378987,0.10448809364529249,1.3002593890877696,4.089970059116515,0.5237570586788697,1.4713766711266048,4.194154794169422,1.0002822631571748,1.3317142633289567,4.064554678607897,1.3716642284263298,1.3527514225909205,3.983251458820329,0.09323483313120492,1.452139734373957,4.305490505183689,1.1732138857680572,1.5382513015515578,4.310541694642495,1.149033654659922,1.5736399212175698,4.208634307333649,1.3903373070173106,1.2913027109430264
0.349678,4.125487448533709,1.3649196864013429,1.2005159196624637,4.044874450643141,0.13127016963694227,1.1680238999662602,4.422145812812166,0.9295360075064959,1.3309052660582907,4.494108702701112,1.1439731257938792,1.1154335751396829,4.461979610670191,1.2302078273851003,1.4522159629621958,3.9763367385572876,0.10009417092792204,1.1555442337568864,4.288835265725904,0.4796776461414797,1.2772806527652736,4.265945330850131,0.9891940042038543,1.252354939310411,4.2767379510536205,1.416391999591396,1.1461059227142274,4.1239685626156115,0.08198726733317896,1.2688102462306996,4.470507249639482,1.1941722271585264,1.368133182325666,4.509076992670958,1.1785289966700228,1.3717023291200428,3.8903687796323414,0.14472341261999863,1.3624230434113045,4.276419763133589,0.956112298240395,1.491950880612357,4.071322154401023,1.0605999830175266,1.5037043394831917,4.377262346945533,1.2281685527950201,1.5502091660918202,3.8645196351386235,0.104547195714854,1.300269990354821,4.088460646951422,0.525410551804109,1.46899749748701,4.196801095232876,1.0016998571873843,1.3332558706817557,4.066294316557149,1.37174339228521,1.3543956054814168,3.983227677674309,0.09327204993650288,1.4521299582417009,4.305823291313391,1.1733974070480675,1.5364899932018374,4.311186292820355,1.1493089624011343,1.57191039725191,4.209386689073022,1.3905751023767556,1.2922401131994172
0.359669,4.126045727967455,1.3644055222598648,1.2018646284539014,4.046063996366883,0.12993823281820585,1.1674325813172621,4.423825508726757,0.9291255792891971,1.3324474071785861,4.494017592614185,1.1450418289718003,1.114407340518144,4.463609312220153,1.2337539765122632,1.4509621843657696,3.976470671698105,0.1003539557201117,1.1555890860466629,4.288585168975872,0.48041243880066703,1.2765271486904022,4.2683034636336235,0.990141996104486,1.2537932502779607,4.275765048198074,1.4163446050486022,1.14584262705722,4.124307469942109,0.07909288292752095,1.2682551461050688,4.471844548796377,1.1974649136174644,1.3668845935337124,4.510615817353098,1.18228369457424,1.3702237152213281,3.890187045869707,0.14483381980960083,1.3624440969627956,4.278106023279593,0.95623381565639,1.493272492797336,4.071367198712788,1.0603847869886038,1.5047549531037714,4.377715100253034,1.2282745139156455,1.5481905268617413,3.8644912513251364,0.10459400336532787,1.3003025613998105,4.086812267397833,0.5269899323243806,1.466989782666905,4.199166981554321,1.0029809158357,1.3345739102246719,4.0680801188267735,1.371823912817846,1.35614234711786,3.983195870446208,0.09336382125721705,1.4521349866138669,4.3060660085561855,1.173534308553393,1.5350254048112681,4.311673004374846,1.149514199850674,1.5704657931577104,4.210069848938955,1.3906939632180861,1.2931488048353117
0.369659,4.126343549549896,1.3639872264628583,1.2032485473913723,4.0471878140724815,0.12854626388513535,1.1670449815693416,4.425399417781619,0.9285931881713785,1.3339573240873746,4.493440786052341,1.1456821571347255,1.1133914307415749,4.465441964442127,1.2373936102836895,1.4495841288938616,3.976768128163256,0.10038921643531534,1.1555858542444364,4.288397023694414,0.48092934172713264,1.2754463013653803,4.270642637514853,0.9907641113543079,1.2548032460680125,4.274575154957295,1.4161325732566585,1.1453654481570024,4.124671450073893,0.07587953297824208,1.2677581010783585,4.473212546083778,1.200698289691351,1.3655714195200557,4.51217640004716,1.1859702315071061,1.3686236212582255,3.8899197814605624,0.1449871891730545,1.3624858135317923,4.279274742633996,0.9563760218531223,1.4942202808852378,4.071224605828958,1.0602200204895065,1.5060217757574574,4.378175935966583,1.2278143028937047,1.546811772674896,3.864345276745099,0.10467566936148467,1.3003598583181317,4.085189789409315,0.5284272543544917,1.4651760634726458,4.20132785170887,1.0040164726110088,1.3352970157717867,4.069898331243776,1.3719410784448327,1.3580657462568142,3.9831095785905655,0.09353497706658967,1.452136204964538,4.306286494065055,1.1732180754395733,1.5340522494716158,4.312069212871791,1.1492158774371042,1.5694903902353878,4.210637176001573,1.3907501591544487,1.294009224805845
0.37965,4.126678325558582,1.3635666216587803,1.2044600913006063,4.0481305075996055,0.1276475365828231,1.166809995094153,4.427009873988038,0.9280530827046237,1.3352931431830404,4.492520849933088,1.1461242862752234,1.1122209220902506,4.466706153382848,1.24052879039873,1.448117068475021,3.977148080056026,0.10067780965710842,1.1554154930126643,4.288552169903948,0.48127275834245675,1.274292844394998,4.272976099030867,0.9911779587436708,1.2555506236252507,4.273371709631635,1.415848083431132,1.1447715900324031,4.124954577885642,0.07288230249228944,1.2672691693960498,4.474160672129618,1.203488965894818,1.364159393842904,4.513407201728856,1.1894819656412843,1.3668407053484,3.8896754771417315,0.14510073431159248,1.3624801924268843,4.280269981116078,0.9563970079459617,1.4948865293541833,4.070836267411323,1.060281348084432,1.5074720287289076,4.37895526983512,1.2264460486217255,1.5456865212093718,3.86421049900891,0.10467720505048467,1.3003875694056397,4.083730147863725,0.529668030159809,1.4633679176376686,4.203382611146083,1.0047911927516588,1.335698120655234,4.071692051597758,1.3720224422388905,1.359692065623572,3.9830340766719887,0.09372288528206751,1.4521334794624279,4.306669913437834,1.1722413147448467,1.5332963849265935,4.312497414887222,1.1482853296111089,1.5687761799160929,4.211158619311077,1.390725056595351,1.294798379527299
0.389641,4.127064473339161,1.3630994043335907,1.205412572990772,4.048949067688913,0.1274428337392766,1.1666247531529104,4.428710143155771,0.9276677580380467,1.3363722707502756,4.491479019881678,1.146315738592363,1.1110291212297898,4.467776094582203,1.2431980117104442,1.446627010259791,3.977614264272924,0.10146247978093116,1.155020887597535,4.289160924460732,0.4815727714514081,1.2732023134480004,4.275228831512111,0.9915402582341175,1.2561892910186059,4.272300699634572,1.4155292215337565,1.1441518224414053,4.125132923200012,0.07041779346954473,1.2667665508081338,4.4749274979123514,1.20585550806384,1.362713552795146,4.514440952179078,1.1925427182096384,1.3650012019235391,3.8895270396621964,0.14514099717838166,1.362403230738483,4.281378894937418,0.956294152330806,1.4954140916979957,4.070170636731751,1.0606843444406004,1.5090488806740088,4.380202258401201,1.2240394546243534,1.5447483858315294,3.864179754433702,0.10456287346490764,1.3003608241156244,4.08257247411342,0.5307362000796876,1.4613586705243264,4.205378157435112,1.0053726680091701,1.3360516179585755,4.073457419538178,1.3721680836833727,1.3609348808597537,3.9829933571101788,0.09387315672088326,1.4521471636870262,4.307278169070296,1.170560955526807,1.5327162062801398,4.312973932082912,1.1466836837210517,1.568289357593555,4.211668127449261,1.3906334459885343,1.2953883143921963
0.399632,4.126954592916763,1.362717191717499,1.2063166074493972,4.049946634838658,0.12749648520409698,1.1665083172179318,4.430435525145162,0.9276465267933829,1.337299429988349,4.490441935456565,1.1456998013159059,1.110434058897821,4.470809347290846,1.2465983216736278,1.4451645414526069,3.978314023891404,0.10251837823521667,1.1545882919527204,4.2900833604455455,0.48203756955439503,1.2720324294740113,4.277296296370915,0.9919737208955588,1.2567080895761613,4.271274714321864,1.4151308794173934,1.1434902147298278,4.1253134402911344,0.06820724560479761,1.2664025876643885,4.476792527396327,1.208499847631476,1.3614481866427588,4.516143349124368,1.1947066551251089,1.3635088349575881,3.8894314807736485,0.14519328144347954,1.3623269468830348,4.2825782903460095,0.9563414157494983,1.4959056155043495,4.0692386881130345,1.061394506154823,1.510707843617322,4.381708416806643,1.2207866510013448,1.5446096257632937,3.8642004593745156,0.10447311449369327,1.3003229573247164,4.081843130112894,0.5317641841614938,1.4589460183661842,4.2072748445905805,1.0059159456390376,1.3363757886271044,4.075283401937412,1.372748053746311,1.3624732712305891,3.9829106382948063,0.09397825004957652,1.4522187664771748,4.307946071345642,1.168328758858364,1.5327787790338812,4.313348575382697,1.144421151515257,1.5683911587330663,4.2121068020704175,1.3905714079234668,1.2955380377886516
0.409622,4.126587345298123,1.362475495775876,1.2073303939863491,4.051105097884589,0.12748507294038303,1.166289400514939,4.432090798738331,0.9278527159719776,1.3380371304054741,4.489244298479954,1.144572373959442,1.1102994350680906,4.4749734456534815,1.2506931000486587,1.443657677278347,3.9791870008930372,0.10353752913463772,1.1540391420897211,4.290966029276957,0.48267901682459946,1.2705666682916343,4.279182415993426,0.9925393905320496,1.2571158756913936,4.270260341539089,1.4146973196807662,1.142825011247859,4.125477700467722,0.06604064985319924,1.266055138709011,4.479306601524416,1.2114421357047374,1.3603234650782623,4.518291837180118,1.1966173366537172,1.3622393286656136,3.8893597821213683,0.1452440396948266,1.3623012261680663,4.2837671441968626,0.9564441094684696,1.4962907669348395,4.068300410960306,1.0622970895279351,1.512469610352588,4.383244799839093,1.217289256870583,1.5452672682024768,3.8642536484727232,0.10440490220158585,1.3003135783839357,4.081351797255879,0.5327669313152755,1.4563043564814957,4.209041565066056,1.0065094481532997,1.3366448869670777,4.077152325284477,1.3736276714375726,1.36429669682446,3.982808504587828,0.0940241323831145,1.4523502487490965,4.308653904455045,1.165911807075957,1.5334769248473217,4.31372190435902,1.1418728866584766,1.56906223829489,4.212519300398234,1.3906231978062351,1.2955834301225928
0.419613,4.126548857010666,1.3623552024224272,1.2085273881185488,4.052284344195401,0.1272185601931901,1.1657777147702035,4.433596410836894,0.9279877327118078,1.3384934643615611,4.487616248153015,1.1435839401760663,1.110125979188558,4.478029357619535,1.2548414280057476,1.4419504132950658,3.9801241327955537,0.10423355008825176,1.1532028245461998,4.291491792026861,0.48336893353432064,1.2686716372866098,4.280954838497033,0.9932174769365205,1.2574229434007447,4.269251263158711,1.4142933443057486,1.14218831317928,4.1255846005060555,0.06379631893565837,1.2655344501960037,4.481188300286292,1.2143603957984135,1.3591489158520196,4.520104434861764,1.1993310522289247,1.360806434504958,3.889296262094189,0.145238038609074,1.362340534268348,4.284837756304562,0.956342660024211,1.4964299169556063,4.067675881076495,1.0632122728196234,1.514320685146767,4.3846288374526345,1.2141657035965385,1.546385032777375,3.8643370367876595,0.10428455898571519,1.3003537479807652,4.080787753880902,0.5336891260561316,1.4537972491603177,4.210668364243198,1.0071589553350975,1.3368082197127757,4.078982710452864,1.3744040418378445,1.3660094184331764,3.9827514217432634,0.09400742137563121,1.452514584695433,4.30945837798451,1.1636555020365387,1.534536106876575,4.314280773389695,1.1394758985253375,1.5700758829488124,4.212998570767723,1.390823108593256,1.2960487455669651
0.429604,4.126604085159495,1.362277801316121,1.2098419157415794,4.05375799403849,0.1266029799375745,1.1652433388787322,4.434988185558464,0.9280312075886209,1.338778858412965,4.4856256818139455,1.1424297208105887,1.1100701872542291,4.480425464190136,1.2595045270359753,1.4398739890770216,3.9814013148950247,0.10452027635122979,1.152300870212112,4.291998943412457,0.4839531859363137,1.2666876306114054,4.28263987273453,0.9938156398951207,1.2575540323577978,4.26815505232028,1.4138087001088635,1.1414184749527367,4.1258639351852056,0.06139783382695016,1.2651506414610936,4.48263429274435,1.2175170222389924,1.3578392228965381,4.521601877343287,1.2026213969819601,1.359239591501808,3.88921575495006,0.14524233117224872,1.3623969918123098,4.285789874440265,0.9561578950813691,1.496355810616097,4.067273856613909,1.0638764457227936,1.515937226572629,4.385836785679514,1.211088340175053,1.5480709717037409,3.864392932996307,0.10417607966755302,1.3004147760063085,4.080196762898472,0.5345274236295366,1.451554861685468,4.212185265146988,1.0077317198908957,1.3367729064984495,4.080737426617898,1.3749961260960664,1.3676684700196333,3.9826854555253,0.09399575293720545,1.4526773684279524,4.3102840132657265,1.1612914351849588,1.5359788621350292,4.31485314265792,1.136959353931062,1.5714695021110112,4.213533537942425,1.3910519657134233,1.2966526804958611
0.439595,4.126487567564447,1.3621139369349955,1.2110805378029361,4.055465388253401,0.12569167107878793,1.1648871042450917,4.436327416976038,0.9280043992924725,1.3390389426000409,4.483452277888413,1.1407913502750424,1.1103160945883774,4.482571149865108,1.2648898015381882,1.437396356950315,3.9829749663950342,0.10436994631520136,1.1515432999487702,4.292550595650055,0.4843862738844679,1.264852492453,4.284253700283306,0.9941837379822656,1.2575354132291356,4.2669409062932075,1.4130912417333477,1.1403660389678796,4.126356941171794,0.05909270832284661,1.2651294891349232,4.483814556197358,1.2210132276398233,1.356391591406798,4.522766677024896,1.2060642868466962,1.3576660791485045,3.88913226921758,0.1452999292044586,1.3624334394206241,4.286688125277199,0.956021123159715,1.4961945534118608,4.066953823457182,1.0642358932301976,1.5172456318229162,4.386948035357644,1.2077567277607748,1.5502294828448906,3.864417578656171,0.10413505338157265,1.3004593580899888,4.079684145381407,0.535279518922219,1.449643155698125,4.213629447945932,1.0081179839459045,1.3365738868519275,4.082401259227877,1.375395803074915,1.3692750535951823,3.982590890243104,0.09401381916516975,1.4528100024306836,4.311091598316599,1.1586328571346571,1.5377229237163799,4.31532132528408,1.13415025412062,1.5731792384529193,4.214054893281068,1.3911597990006779,1.2970309374755271
0.449586,4.126221771429906,1.361685161575315,1.2119317601177995,4.056697686550082,0.12471811502944166,1.1646090248638041,4.437662729073562,0.9278781464725533,1.3393872753093847,4.481331607304039,1.1387546186453652,1.1108051367950593,4.48374817848379,1.2703457217919965,1.4347126569632902,3.984186028704034,0.10376018292503791,1.1509545558380054,4.292548451603508,0.4847920889897076,1.2630578267547428,4.285807471510531,0.9943062037858615,1.2575820527072075,4.265703272070672,1.4120077988541202,1.1390029424935664,4.126735711545107,0.057585329912458426,1.2653514655456315,4.484282646871434,1.2244529970833795,1.354891316234708,4.52322035087784,1.2094400894110608,1.3561964135934594,3.8891148763548418,0.14536575212532296,1.3624555358045887,4.287646780002157,0.9559162165865028,1.496142658295595,4.066678955168277,1.0645868897115072,1.51868598553538,4.38812813574584,1.2043350957192784,1.5522550655482534,3.86450211205652,0.10414518194067396,1.3004608665239652,4.07930733548902,0.5359133582604966,1.448129452875713,4.215026773539381,1.008295442883734,1.3364576254973473,4.083967856944414,1.3755744392029434,1.370574028455228,3.9825424081556955,0.09399477993583057,1.452896690853387,4.3119529837488795,1.155892492238433,1.539395698330349,4.315807582979152,1.131337239452814,1.5748686690924611,4.214447316706274,1.3910146685332354,1.2970386044900224
0.459576,4.12582657881069,1.3609058825782698,1.212427866285042,4.057351637691276,0.1237364582275467,1.1642602340864712,4.438973531916048,0.9275988001121268,1.3398777170619465,4.479701024005986,1.1368238370021555,1.1112712906898297,4.483689876074452,1.2751723569494928,1.4320888058616252,3.984944551216545,0.1026021471624246,1.1504687299855474,4.291882895061663,0.4851506586149966,1.2612851006737507,4.287243245589558,0.9941480670098791,1.2578287914708486,4.264443192016492,1.4105927915011383,1.137581807454222,4.127150052228073,0.05711396074977792,1.265596776997223,4.483992125684787,1.2274227146917223,1.3534356594836192,4.522950182205137,1.2124514185959137,1.3549270943259182,3.889100976660039,0.14539425074995038,1.3624780493524389,4.288671654717303,0.9557277075991867,1.4963160758263725,4.06657907455065,1.0650382611596363,1.5206050549604013,4.389392816151499,1.2014228378442346,1.5534870772568057,3.864579729710856,0.10416414356038604,1.3004435885971541,4.07916534877469,0.5362822616648923,1.4471539488013654,4.21633006933907,1.008187736950291,1.3365783514625613,4.0853483992861985,1.3754676033296898,1.371542682458552,3.9825156832116346,0.09393499514412786,1.452931887153428,4.312935119591568,1.1535280999803983,1.5406039076518845,4.316525507789349,1.1290265641909876,1.5761606725941644,4.214639461710754,1.3905420905909178,1.2967966936770652
0.469567,4.12528954734162,1.3598017167304963,1.212808338615829,4.057686005732214,0.12267378099525393,1.1637377711470178,4.440163184789349,0.9271127382131217,1.3404668560643267,4.4789954135164765,1.1356058454987294,1.1114356563385317,4.482586205175252,1.2788784552591161,1.4298014259702,3.9854886953161035,0.10084134289307718,1.1500004159060235,4.2907576130911735,0.48534354290736914,1.2596245302051365,4.28842010342199,0.9936571836236409,1.258290312989265,4.263092393601999,1.4089732296952282,1.1364377978626143,4.127910089071618,0.057461785590153226,1.2656562568934264,4.483217601636992,1.2296627746096922,1.3521338725823169,4.522230224013817,1.214862535454516,1.3539397006175626,3.8889901750475504,0.14535483246366984,1.3625036924765084,4.289691612243453,0.9553281905534459,1.4967258688021774,4.0667554343579635,1.0656142572195366,1.523201699227554,4.390676420096098,1.1995419433026444,1.553381287060623,3.86452209275509,0.104145135152063,1.3004448287938517,4.079391928870907,0.5361899610391013,1.4468959871355855,4.217420673454364,1.0077010505837616,1.33697165882085,4.086460720818651,1.375064943974232,1.3723338924947541,3.982444297361808,0.09386588928863185,1.4529115851717553,4.31404642828348,1.1519147486054973,1.5410284059980168,4.317631110129982,1.127608109268955,1.5767344855101855,4.2146156325436195,1.3897351001807352,1.2965348988004934
0.479558,4.124543772438234,1.3585918788013536,1.2131922808018285,4.0576332470653,0.12147003777395089,1.1631900601589407,4.441006824920402,0.9264224855899247,1.340864078695181,4.479097606799742,1.1350791460258929,1.1114762054138783,4.480996832406928,1.2817492497538945,1.4280345284535838,3.9856982905204617,0.09874981945502768,1.1495877437050646,4.289167723038374,0.4852824761563508,1.2582849402160643,4.289042043747992,0.9927978756215335,1.258749773650379,4.261587235435464,1.4072057718226854,1.1355061316863724,4.128586422031184,0.05792594128701296,1.2655568050375217,4.4823093627776105,1.2314698613607522,1.3511344433266839,4.521424615496789,1.2169484107219886,1.3532896093002802,3.888901280232825,0.14525897724228806,1.3624713495331224,4.290626749594375,0.9547791231116786,1.497186951891796,4.066762226798919,1.0665865535288896,1.5264393746670193,4.392007475819501,1.1978195523790942,1.5519043974535718,3.8644041714117447,0.10407763042021032,1.3004186726248352,4.080137084237372,0.5355445426330576,1.4474966492859263,4.21808152663872,1.0068406907881842,1.3374867351614548,4.087476096933655,1.3746712995787531,1.373121112590684,3.9823833660386234,0.09376813299232249,1.4528133924834392,4.315093917712136,1.1505147007567713,1.5406427823546327,4.318850042205139,1.126509847652524,1.5765475791656665,4.214457451885928,1.3887134090834483,1.2962540461992476
0.489549,4.123580089756417,1.3574897652625073,1.2135945914019113,4.05729269004645,0.11999610232470811,1.1627777457641826,4.441357166279999,0.9255624423047778,1.3407339380456038,4.479652917049125,1.1349893882411481,1.1115578825040828,4.479463907022332,1.2840557926507403,1.4268026204478808,3.985618763275019,0.09648880224321749,1.1492804854634102,4.287166195545505,0.484925185259954,1.2573268753050382,4.288919974252253,0.9915892784577967,1.2589236114091638,4.259949826488204,1.4053861240368968,1.1346214359895093,4.128919617978833,0.057825099539880215,1.265413716356223,4.481546842642493,1.2330340202166123,1.350481336073017,4.5207947469963194,1.2188287546792664,1.3529480490796175,3.8889428423375634,0.1451554604509402,1.3623603563024242,4.291445336368545,0.9541895593512242,1.497438950866243,4.066401174110954,1.068011770926704,1.5300938126046302,4.393398991182334,1.195564494232306,1.5493585415411877,3.86431654704141,0.10400737310509692,1.3003421709340093,4.081457984192976,0.5343835094546957,1.4489900097207358,4.218180837775066,1.0056768492140753,1.3378882375819083,4.088531567638025,1.374462354455741,1.3739772456242045,3.982394885465556,0.09364842808933128,1.4526383701526207,4.315991209863385,1.1488394215381104,1.5395955965563923,4.320000084759493,1.125182507768812,1.5757151534323008,4.214235892834906,1.3876192484191512,1.295897870963235
0.49954,4.1225107653413975,1.3566163144053673,1.213923422088842,4.057130378633726,0.11803851406954591,1.1625748527565598,4.441243896106691,0.9245976732333406,1.3398019872963485,4.480172764089597,1.1349773650446087,1.1116404416820904,4.478339719765588,1.2857279808853141,1.4258983049070426,3.9856758909229284,0.09392949324070532,1.1491020121853603,4.284985663281635,0.48429484550712,1.256535816846318,4.288103495970009,0.9901371694038777,1.2585463752727928,4.25834336191333,1.4036986806696445,1.1336458392236874,4.129213735372225,0.056765182922015926,1.2653760096113789,4.481063032507794,1.2341527926435172,1.3500418562846654,4.520403346798965,1.220179122768122,1.3527674813327193,3.8891089527745613,0.14512819876463534,1.362239311013994,4.292188798841635,0.9536578134691857,1.4972080609931957,4.066078059887643,1.0695008041689018,1.5337300275340153,4.394794433663939,1.1929646097711089,1.5463825896913626,3.8642838368567447,0.10404586108241919,1.3002623868443537,4.083240071522033,0.5329078091523681,1.4512430152476674,4.217765133592983,1.004342613327076,1.337909037683131,4.089598284548182,1.374284284762304,1.374812809121408,3.982496580520598,0.09357183114709629,1.4524306217267353,4.316892187218557,1.1468742744305191,1.5382040116505544,4.321206741658215,1.123531101427678,1.5745019131484397,4.213969375011258,1.3865774072066757,1.2954291893000873
0.50953,4.121526202208611,1.3560507186139064,1.2141923911222006,4.057130481400926,0.11578187829848711,1.162633743261973,4.440698761528714,0.9236297084413035,1.3381694650819123,4.480362622796686,1.1347415138464894,1.1117636874233243,4.477842681241838,1.2867619802607893,1.4252389629821063,3.985845404064651,0.09122849369014217,1.149155334586381,4.2828281178955585,0.48347870908356533,1.2558279168731419,4.2866888994106755,0.9886188999188024,1.257713483221547,4.257002503762604,1.4022752436245123,1.1326967112676636,4.129546716151474,0.055005689551310286,1.2654770930932835,4.48094431616817,1.2347485121749773,1.349764870085416,4.520329743709656,1.2208971461099358,1.3526597189306362,3.8893163138195876,0.1451732046237306,1.3621513712396973,4.292814912153062,0.9531820716528789,1.496542126612827,4.065946373983868,1.0706983924445435,1.5368319451509256,4.3960828768507,1.190278420173968,1.5437643951539781,3.864260999517837,0.10419132438270788,1.300206767438433,4.085165318051925,0.5313205840141463,1.4539711763180256,4.216900681546568,1.0029765295617867,1.3376109714912645,4.090586525956219,1.374087423183489,1.3756152793598844,3.982653492328112,0.09354445073921991,1.4522072883212416,4.317780479017752,1.1447789378804203,1.5369115164444078,4.322364543731334,1.121665954386026,1.5733311468823457,4.213734867946703,1.3856969846686797,1.29498526844684
0.519521,4.120779606650744,1.3557927672117873,1.2144722781409323,4.056982837557092,0.11367928017451864,1.16291304860247,4.439799184202523,0.9227718355634906,1.3362074930728642,4.480135802450548,1.1340824814248187,1.1119916358675594,4.478032850546767,1.28735315854407,1.4247163248836143,3.9858286032097237,0.0887617761215412,1.1494882313587222,4.280891322068365,0.4825906699326016,1.255247836476244,4.284829774054853,0.9872014317044183,1.2567580155420357,4.256098856466508,1.4011466005140063,1.1319769526501038,4.129818062910983,0.053197772611593405,1.2656053310824882,4.481199713791098,1.2349357076604182,1.3495871552497198,4.520598936808467,1.22109840708812,1.3525607304729266,3.8894782033600164,0.14523605366519976,1.362120409894317,4.293279035899387,0.9527156825996101,1.4957193852570787,4.065939830764256,1.0713927107067363,1.5390193209547998,4.397159462034741,1.187654630698871,1.5421191573140802,3.8642031295092796,0.1043788949237819,1.3001850053814952,4.086886941751035,0.5297914829176885,1.4568607123375612,4.215695525885425,1.001677186070399,1.33727706579411,4.0914098947857465,1.373901693234943,1.376427577351097,3.9828195006752614,0.09352663026846256,1.451979834870717,4.318546639414097,1.1426969035973307,1.5360999577857368,4.323266165653387,1.119717638504908,1.5725914585893042,4.2136176597242665,1.3850280183285015,1.2947287838072237
0.529512,4.120084074062373,1.3556066490638183,1.2147486643879626,4.056601212807604,0.11216344756610934,1.1630192611884895,4.438853009400755,0.9220926147517563,1.3343734482118397,4.479690863621321,1.1330415138902266,1.1122111946044746,4.4786321375500115,1.2882426935435924,1.42371703549492,3.985547669995037,0.0869456232342161,1.1496859773009096,4.279489506471664,0.48169327490173836,1.2549399030111894,4.28285068515384,0.9858316756990314,1.2559944423316927,4.255378025093408,1.4000951727777957,1.1313372783879219,4.129961705038893,0.051860793709085806,1.2653800613026724,4.4816062728198975,1.2351734012440838,1.349125837670257,4.520911393165726,1.221069838905121,1.3523109818169776,3.88968184795564,0.1453081179746335,1.3621834099191308,4.293778531289996,0.9523034532437664,1.4950706265398679,4.065939708410669,1.0717623018009117,1.5406509455506778,4.398079717331891,1.1848148077051928,1.5410077900273145,3.864244416888263,0.1046151788999733,1.3002055071948675,4.088465686831294,0.528386661300969,1.459853867497793,4.214422884991968,1.0003791721354676,1.3371788040338217,4.092123981807604,1.3737130781708824,1.377264135989283,3.983038073280647,0.09346864859427298,1.4518227960578918,4.319232423694004,1.140340807140836,1.5355805299686291,4.3240070903369,1.117445489457446,1.5721175567913657,4.213560990618736,1.3844163633753044,1.2944455721067833
0.539503,4.119491141444424,1.355384640069729,1.2150531055516118,4.05614712204147,0.11135695960921957,1.1626750742077439,4.438072311284738,0.9216127777116088,1.3329214933443112,4.478994794603389,1.1317535176528828,1.1123047581576981,4.479024545537873,1.2892750535205413,1.4223156782799045,3.9851887398441366,0.08589420561534543,1.149371849636508,4.278791424438219,0.4808224208706193,1.2549745338223468,4.281008301522583,0.9844935967364946,1.2555888232934802,4.254687539901685,1.398988275074448,1.1307017774687949,4.129965278109051,0.05118084873298238,1.2646951728825773,4.481792027868396,1.2354051085597957,1.3483954084112155,4.521005177530358,1.2210558186341844,1.3518147741420814,3.8899783560978904,0.14539181090238693,1.3623211949652227,4.294407835365113,0.9518938393209335,1.4947296009872424,4.065968337699217,1.072039471691312,1.5421185335718723,4.399005200894935,1.181705539133989,1.5399101852501047,3.864430834411845,0.10488548088589936,1.3002617758410417,4.090043113643625,0.5270589723416303,1.4628369036629985,4.213262882697794,0.9990327890383285,1.3374247625604578,4.092809700909444,1.3735230946794599,1.378091049627074,3.9833018742629824,0.09334758234373047,1.4517666373179112,4.319949488012334,1.1377096075385638,1.5350756869732753,4.324775163149583,1.1148867573373205,1.5716511558709387,4.213598101806828,1.383834182863519,1.2941526865244142
0.549494,4.119521861047507,1.355321228907923,1.2155063638129002,4.056047095962096,0.11090438428035765,1.1619541694330129,4.437403037686232,0.9212988240823076,1.3317242472262467,4.477581400608022,1.1303700251175468,1.1122514484885986,4.478352914692695,1.2887739016435482,1.4218036428495002,3.9852265497643167,0.08522740347041168,1.1484595995276548,4.278675198043174,0.4799879094643803,1.2552672046863016,4.279350563241508,0.9833130783521761,1.255454406656641,4.254221788124839,1.397936808958037,1.1302457427451256,4.129890740845946,0.05088200879310729,1.2639819721040502,4.48133187341364,1.2346807311623649,1.348132514801137,4.520851133143493,1.2211031492620819,1.3511448222055278,3.890286553408102,0.14548314478354032,1.3624243373488094,4.294989858274559,0.9512630955498972,1.4944843957338123,4.0662844090604375,1.0723621465021227,1.5435278230296186,4.400189304319456,1.1787857678943867,1.538678431209879,3.8645973587041875,0.10510985117441955,1.3003242920841431,4.091701654397649,0.525636381703782,1.46551879331297,4.212160701342315,0.9976789900070681,1.337853597787058,4.093521917307269,1.3733820494514266,1.3788177254672203,3.983491291758212,0.09318989209014136,1.4517458721954302,4.320854181145114,1.135402016432054,1.5344466901182123,4.325764441615867,1.112637397169514,1.5710575474303874,4.213944296903116,1.3835232949551448,1.294339541953301
0.559484,4.11991183451735,1.3555362131761237,1.2159515652634667,4.056245737324059,0.11061878759730845,1.161086310664478,4.436633522863355,0.9211647374777905,1.3304343922705097,4.47577174438439,1.1286292127868822,1.1123808313883505,4.477798520988535,1.287137521775403,1.4220326572214088,3.9856026105096407,0.08469505386356928,1.1472532931332913,4.278950947732865,0.47913337760160074,1.2558128749306272,4.277597907193635,0.9822564946707105,1.255227097476987,4.254165205611987,1.3970506146335342,1.1298998217364367,4.129843552330344,0.050918737405240284,1.2633983854685518,4.480922267631982,1.2331582820349656,1.3483342697350522,4.5208351457910645,1.2205507982387764,1.3506708608818436,3.890536116488774,0.14552454697071968,1.3624654497361122,4.295338012594157,0.9504805015179821,1.4940531822175227,4.0669820016110165,1.0726787896299996,1.5446970094618562,4.4017465125459285,1.176072154650209,1.5378228997987153,3.864688444517626,0.10521378435590843,1.3003725221623965,4.0933375135381045,0.5241263576018995,1.4679099986843607,4.210889472269277,0.9962945953504355,1.338147871227073,4.094239936541303,1.3733913863513192,1.3794698095231503,3.983594343011076,0.09304662463948933,1.4517263534075142,4.322066222383936,1.133397181282496,1.5340352701284554,4.327009498667794,1.1106476527229459,1.5706658868402623,4.214503969298868,1.3834451350769597,1.2946914258235975
0.569475,4.120000813354369,1.356015520420784,1.2161032214038539,4.0563941070518945,0.11048753395274205,1.1603234278150318,4.435555806329191,0.9212255872215374,1.3287184411530568,4.474255519982927,1.12619601814196,1.1130591751691523,4.479101898922846,1.2859806144637396,1.4219791664442727,3.98594130438752,0.0841943238831056,1.1462148782047477,4.279442066427298,0.4781808312774176,1.2566653154866656,4.275414115318894,0.9811994150369905,1.2545188104979708,4.254548202060798,1.3963593875064901,1.129417771568954,4.129936437658687,0.05145949593344454,1.2628850868546608,4.481533815640089,1.2317185565918891,1.3484949038183307,4.521334622683998,1.2187520017248554,1.3507379405792246,3.890692994710725,0.14545967003082944,1.3624780840143904,4.295334770322642,0.9497588998037141,1.493223299924418,4.06799981477813,1.0728838341858875,1.5454115131309358,4.403677759514649,1.1732399354921823,1.5379387772860895,3.8647374837276605,0.10517195273145463,1.3003960898926172,4.094814950205718,0.5226244778002238,1.47022506418179,4.209229959952279,0.9948251004131422,1.33801300686763,4.094921324826211,1.3736183439449343,1.3800980302704584,3.9836644656899844,0.09296551308276912,1.4517042769032589,4.323635950011822,1.13127040405677,1.534276162189841,4.328439800662043,1.1084760155969777,1.570902107333499,4.215013728639537,1.3833776046174586,1.2945014885595112
0.579466,4.11984799368476,1.3564747712886593,1.2159586910687734,4.056364598713083,0.11062294894474685,1.1596539788365217,4.434364536774126,0.9213500492219029,1.3268413877407683,4.472895738587013,1.1236291783392471,1.1138192545358203,4.480420505304861,1.2856623430281948,1.421401574332051,3.986142537585638,0.08374168755992127,1.1454242470893718,4.280147950432175,0.47714734590485436,1.2578546570809386,4.273118419422213,0.9801344136525022,1.2535779060902792,4.254870853358708,1.3956242819783076,1.1285826033390642,4.130205971403932,0.05278887716221317,1.2623968137290484,4.482045887874239,1.2308590130906727,1.3483107280158597,4.52155677210807,1.2171092777373207,1.3507745652584562,3.8908101207237755,0.14539045619584615,1.3624926182130948,4.29511017128814,0.9490278708593175,1.4921889046227075,4.069155240321556,1.0731648728000556,1.5460707833315566,4.405923333263532,1.169943928205707,1.5381747088344164,3.864782095949833,0.10513392767800689,1.3003954892479643,4.09638292777959,0.5210502444307538,1.4726181781972099,4.207433268604001,0.9932960827976178,1.3376331085571613,4.095639971676189,1.373851208030789,1.3805083175414568,3.9836913384315538,0.09292218823253585,1.4516883242938952,4.325433553929504,1.1288447248011815,1.534644157418702,4.329999393647216,1.106044287439601,1.5712918454607405,4.2154457707402715,1.3832047290855984,1.2938546623986813
0.589457,4.119640177310792,1.3567798503813298,1.2156649960224024,4.056192707381062,0.11108942940666947,1.1590245719850274,4.433230244510241,0.921462322510457,1.3251923282058509,4.471519739378104,1.1214715142902696,1.1142128224468377,4.480551819338544,1.2856666299839408,1.420551292166981,3.98625937573723,0.0833870275346799,1.1448337502482178,4.2811123738739845,0.4760960912342811,1.2593455377505112,4.271008321992872,0.979126197119752,1.2527824247619892,4.254839650719892,1.3947798641604756,1.1275057836906373,4.130626062399265,0.055014119676934856,1.261961146957637,4.481790521228059,1.230414711869027,1.3478030429869499,4.521146530352527,1.21628751072097,1.3504259229558817,3.890938563438283,0.1453926830605783,1.3625158645525308,4.294760234224439,0.9482153041056544,1.4912572410755762,4.0702985596719925,1.0736782258387578,1.5469695057572013,4.408276345023114,1.166374684927099,1.5376429488764867,3.8648476791257105,0.10519792668183696,1.3003685002321725,4.0982720423925185,0.5193214911267058,1.4750688261255043,4.205724123381225,0.9917807740276212,1.337316994764146,4.096332412611219,1.3739896143794963,1.3806235301639784,3.983674473361654,0.09287706625086885,1.45167729603807,4.327253737360781,1.1263286390110816,1.534549614747064,4.331621577410652,1.103616428092065,1.5712677407234563,4.2158021860361465,1.3829389573512623,1.2930759855132277
0.599448,4.119456256640233,1.3571497082067874,1.2154796851653564,4.056073746938819,0.11182007569802066,1.1584246957319753,4.4321286020742505,0.9216252723526627,1.3240805633944748,4.470250109976655,1.1198256038017154,1.1142057840004775,4.480818152091975,1.284714224231757,1.420084603584235,3.9864630845798885,0.08318486943233065,1.1443530326073783,4.282376231215962,0.4751117933796714,1.261015878649275,4.269085682032143,0.9782927045040551,1.2524089596661463,4.2547217672431366,1.3941416294910645,1.126785614267276,4.131108887029815,0.05789264741308135,1.2616974267007135,4.481689483092766,1.2293873976743255,1.3474055960452884,4.5209123718507,1.2149389202668686,1.3500771769374484,3.8910809606794152,0.14542668084204818,1.3625206923140054,4.294230336364073,0.9473748309138873,1.4907146175277546,4.071400746461354,1.074397989662315,1.5479569322403945,4.41035675366707,1.163534387448415,1.536091175625286,3.8649350328910343,0.1052979913778737,1.3003044896927412,4.100474904842429,0.5174521365474717,1.477304571246863,4.2041031803061095,0.9903934421645083,1.3373297372724426,4.096690225154352,1.3742356003884713,1.380658484180221,3.983654401945216,0.09280124496440807,1.4516495977981807,4.328876685389719,1.1244032362036835,1.5337602409543647,4.33322860016879,1.1018087515230166,1.5705489684990523,4.216041725193035,1.3827473329587947,1.2925145182035929
0.609438,4.119403995926554,1.3576595300756729,1.2155377631487416,4.056099228219184,0.11275751609183722,1.1577845559815496,4.431308397905058,0.9216867293179573,1.3235489822378432,4.469041641357902,1.118526177195867,1.1139714060018977,4.481194278040175,1.2829407342337265,1.419978297080222,3.9868055124206845,0.0832002604875287,1.1438546123289874,4.2840001248791975,0.4741215996572281,1.2628713250625647,4.267710094168182,0.9775825170003064,1.2522962462151705,4.254655886894488,1.3937524948406141,1.1265347295946326,4.1316631639996295,0.061061926818833635,1.2614705314089816,4.48170824510936,1.2277865667999246,1.3471955968568639,4.5207791111318825,1.2129751798866593,1.3498763981429185,3.891146392634917,0.14541592263369457,1.362516309743556,4.293638748701412,0.946592800810925,1.4904853776403026,4.072621434902874,1.0752795919967317,1.5488459019606393,4.412333789052922,1.1614731873868447,1.5340082897591094,3.8650018708092464,0.10532559100010545,1.30020239997356,4.102501332432696,0.5157135815392899,1.4791469268027404,4.2028963307179765,0.9892211541297122,1.3374510567079398,4.0968129899041354,1.3747559479986657,1.3807308366849862,3.9836250504211335,0.09271603965933967,1.4515970712691373,4.330478407800898,1.123131982969981,1.532555320397416,4.334923522615742,1.1006397493350266,1.5693953037388497,4.216284652608669,1.3826938970338674,1.2922811742663676
0.619429,4.11951769494508,1.3582254162442469,1.2157919762718172,4.056230909046634,0.11383683241903753,1.1570575407054358,4.4310466169305,0.9214635608197725,1.3234074286894333,4.467774801672848,1.1172478234207017,1.1137814858274149,4.480933580738305,1.281261840812789,1.4198350280627143,3.9872207777809776,0.08344729554014887,1.1432807289010316,4.285979449953442,0.4729996164872335,1.2648955509576656,4.267214251073694,0.9767871390869874,1.2520529049889142,4.254678883053703,1.393434581111015,1.1265228324427,4.132344490409712,0.06415709323567184,1.2610304918001063,4.481291328003661,1.2261966468736807,1.3470336810313854,4.520217405273539,1.2110836254453674,1.349782848789394,3.8910752117565472,0.14529061969638773,1.3624934464913108,4.29316173637427,0.9459598425311412,1.4902741647327107,4.074153545404119,1.07618794990372,1.549451439450214,4.414554979016699,1.1597718937906893,1.5322504507496726,3.865047758737768,0.10518227178097347,1.3000506888334662,4.103754233766496,0.5144394554622659,1.4804967579159671,4.202396479976773,0.9882166127414024,1.3372370639903328,4.096950114964834,1.375545336115285,1.3808286563702399,3.9835506348989282,0.09266448683992,1.4515324763944384,4.332353720553519,1.1222166000645177,1.531484730315369,4.336834585459415,1.0997877065015482,1.5683538415252032,4.2166389052758735,1.3827025607965668,1.292279412161621
0.62942,4.119403934202372,1.3586037830660065,1.2158085140266006,4.05622550781945,0.11489571760886037,1.1564860649508075,4.430881170167002,0.921314090063879,1.3232379349704162,4.466592479773196,1.1156547248230069,1.1138280636484956,4.480881885937938,1.2795378519818696,1.4197772531024273,3.9875237615554537,0.08369223045250467,1.1429724604757423,4.287968206734739,0.47186756032893235,1.266574115201159,4.266680606086031,0.9755460404799428,1.2515728441684182,4.254926741614219,1.3929775067365464,1.1266240677067498,4.133105419454287,0.06705845203333216,1.2604163808076407,4.48092026704648,1.2244543711253748,1.3470208300362192,4.519688956818974,1.208994627294073,1.349851712907423,3.891204346729557,0.14508794958209437,1.36224805790899,4.292671359847715,0.945523785219747,1.4899129523413226,4.075802311077128,1.0766057962793347,1.5495822603730274,4.416453303827063,1.1590436778925788,1.5312255675072926,3.865371064937194,0.1048948148201993,1.2997629383238885,4.104542127098926,0.5134957516698326,1.481246304820096,4.201735765255751,0.9868543187405444,1.336712629769089,4.096716554349443,1.3760490027087908,1.3807520943034381,3.983417780203953,0.09263694500404997,1.4515127235203469,4.334125746778537,1.1217695002074017,1.5308396255505508,4.33865479413645,1.0993423552702835,1.567679450008248,4.216670458814889,1.3824461532308758,1.2922370251037372
0.639411,4.118999664575198,1.358637126069211,1.2154270232406978,4.055913082513524,0.11590073567540637,1.1562964228665862,4.430652277416057,0.921382350278189,1.3230138853493045,4.465598198161308,1.11362848626166,1.1140693969890927,4.481394695435189,1.2775711126187559,1.419830708648954,3.9875834123526315,0.08382958017856093,1.143199108820673,4.289774178465706,0.4708268000423847,1.2676835626472907,4.265846731654391,0.9738681270162054,1.2509535075886058,4.255527466150762,1.3923030380220862,1.1268761856587481,4.133918245144842,0.06977944982713578,1.2597656436503555,4.480828242246656,1.2223999736917035,1.34713816851838,4.5194275682209,1.2065213145300433,1.350032717779302,3.8916671347669456,0.14487290521781387,1.3617448463031172,4.292090222729154,0.9453077611420646,1.4894567856158405,4.077275954872579,1.0763500270021844,1.5491460779079933,4.417629449901656,1.1595011205014674,1.5308217944984732,3.8660748730087215,0.10455384373813977,1.2993185933971176,4.105217272944748,0.5127407133855407,1.4814509165702907,4.200661863664713,0.9850652864327456,1.3360047660946746,4.0958283637596296,1.376024516696733,1.380340648284109,3.9832411869421076,0.09261856185464391,1.4515609394149354,4.3354503810520795,1.12184812922275,1.5305442030489291,4.340091298638959,1.0993690220093988,1.5672954065249565,4.216229094339199,1.381843909884751,1.2920964777430555
0.649401,4.118948759899415,1.3583859769381255,1.2150920288037308,4.055344980447628,0.11706615649605862,1.1565312305597368,4.430992718510775,0.9212429234419257,1.323405610886386,4.464710593752174,1.111409486292208,1.114143161208601,4.481374092055041,1.2755408496399072,1.4196548857044007,3.9874219416019785,0.0840689913679448,1.1439086834181431,4.291592429750151,0.4698444102607397,1.2686788776502385,4.26601423421689,0.9724173093070498,1.2504845257376038,4.256539461421642,1.391564499697088,1.1275125072569983,4.134831341123912,0.07245111572638405,1.2592317616023196,4.48041162578467,1.2202151338286442,1.3470844969726787,4.518880273286616,1.2040296411779474,1.3500777900308676,3.8921042275081734,0.14470491468962063,1.3612966297058375,4.291561300317694,0.945298426043567,1.4892465445675205,4.078325330332584,1.0759313924750615,1.5482235464241603,4.418373097459352,1.1602594918344649,1.5303309445617865,3.866827288186894,0.10429004020543607,1.2988345538671668,4.105807405753613,0.5122183847247193,1.4814306967810316,4.200390728442686,0.9837032963415768,1.3352013451432838,4.094475449407118,1.3759615177076103,1.3795993005554905,3.9830687617395215,0.09260885550126775,1.4516296649484193,4.33635458551519,1.122228550819241,1.5300793439611942,4.341087144008411,1.0996999295775005,1.5667526261755358,4.215860238212653,1.381313579921124,1.2922079860062796
0.659392,4.119447915299446,1.3579680596413317,1.2149570187679402,4.054675203501944,0.11847746059349436,1.1568862485592974,4.431967522228481,0.9208758035488058,1.324379747532955,4.463837272920611,1.109152913005811,1.114089041122015,4.480843268775546,1.2734880753824418,1.4193273114062734,3.9871999993365086,0.084498292595239,1.144755798173635,4.293344861569423,0.46903385448453044,1.2696382124828764,4.267330788825784,0.9715128256302654,1.2502558538528388,4.257884209171273,1.3909019972696792,1.1284273586005922,4.135849488346291,0.07531070961455763,1.2587593051829604,4.479694436142356,1.217983163242334,1.3469102770609023,4.518052445256854,1.2015709159576824,1.3500282783220663,3.8924727933722005,0.14459676502921853,1.360955639862959,4.291206033497658,0.9452881524764513,1.489291469685109,4.079077787799654,1.0754334127018965,1.5469687733365405,4.418930591290897,1.1609251248428192,1.529838550729438,3.8676093379282825,0.10410929964148258,1.298352683261032,4.106509616914467,0.5117982319406972,1.4813717077984108,4.201119675343857,0.9829606228490462,1.3344489440229692,4.093081210476074,1.3759182951245852,1.3787446199601379,3.9829081569431235,0.09259493084116477,1.451739995044685,4.337033741040783,1.1226627216279939,1.5295347096710614,4.341797170783624,1.1001129055486305,1.566170828373359,4.215844202016262,1.3809729309181236,1.292578185565101
0.669383,4.1202911375756255,1.357492034305528,1.214944076333274,4.054179713843439,0.12002804724363272,1.1569871245526435,4.433207164065018,0.9206493973705417,1.3254635992377664,4.462912554533854,1.1069169672786456,1.114178295711355,4.480441392004029,1.2714549049546238,1.4191151812249736,3.987180153691743,0.08506643354624735,1.1453406807817639,4.29488150953536,0.468584399681575,1.2704102740228045,4.26906986779444,0.9711815409217734,1.2502253426209404,4.259397911989432,1.39039528862047,1.1292908046512102,4.136915604646659,0.07845066073211733,1.2582889187132549,4.479013574396831,1.2157796237062346,1.3468437655806598,4.517224745262355,1.1990748728411298,1.3500898237330659,3.8929055511430612,0.1445131486292388,1.3605996509833735,4.291051852247792,0.9450280737075439,1.4893932029344021,4.079822901490961,1.0746925969955408,1.5455809576475414,4.419416188503656,1.16158245047715,1.5298315229067532,3.868547665292943,0.10392553711812652,1.2978506202765032,4.107586856643168,0.511271271993325,1.481241187307587,4.202245512459089,0.982540148135742,1.3339061828170098,4.0920368943570224,1.375687285430605,1.3780215842040584,3.9827192814258083,0.09257904644919715,1.4519337342945686,4.337694898015176,1.123011591903577,1.5293290957269605,4.342439539677434,1.1004658386187052,1.565959142369222,4.216159979526178,1.3807439541313848,1.2929675371671683
0.679374,4.121086377659167,1.3569170687178558,1.2150263858038837,4.054407535336633,0.12124455367634585,1.1571570792057935,4.4344109246829095,0.9212158057165366,1.3266172011546578,4.461965147737858,1.1046954050285414,1.114372987310567,4.479658567805544,1.2700079866444303,1.418734110091621,3.98768620449107,0.08558013726284151,1.1458288378666186,4.296679772375859,0.4685274744328284,1.271186205771961,4.270668910217936,0.9714085484486682,1.2504360983097287,4.260945715160758,1.3899672121284692,1.1298894242330506,4.137861244869122,0.08105485612015495,1.2583781113865014,4.477917540506689,1.214035291536034,1.3467351587474699,4.515951332964739,1.1970497059209333,1.3502438474668914,3.893196431898516,0.14434938861163824,1.3602391872028128,4.290846713034616,0.9446720162068025,1.4895412446125533,4.080425722919159,1.0739704299290203,1.5442786553504873,4.419702753852256,1.16258465965559,1.5299562191307152,3.8693281867667504,0.10364285332645093,1.2972940631699037,4.108976616987989,0.5106728700235066,1.480538367157693,4.203208967501346,0.9822912961652442,1.3335900613387808,4.0910184301730945,1.3754284601824838,1.3772021309181652,3.9823869308251454,0.09266909489815102,1.4521141513165463,4.338193070724903,1.1236020533869324,1.5293317546363423,4.342933862721151,1.1010628136011493,1.5659465523305267,4.216483190257207,1.3807500995484108,1.2932299618264027
0.689365,4.121718645600534,1.3563674865189386,1.2151250486160985,4.0552152744232055,0.12201959363735025,1.1575389253206383,4.435574543173734,0.9224347797549878,1.3278961558642917,4.460995220363155,1.1025276613306,1.114554783259622,4.478221111463792,1.2692163850884715,1.4180811579618502,3.9886322581343787,0.08591068772457802,1.1462742220373592,4.298529830065588,0.46882831209521675,1.2718296399715885,4.272133794983465,0.971971728416262,1.250806682358608,4.262492408312902,1.3896251044341847,1.1302604158274874,4.138643615949659,0.08293110852378585,1.2590448638832945,4.476254339124101,1.212807622080686,1.346477284294823,4.514115574048533,1.1956164302724896,1.3503719134465852,3.8932992948519765,0.14402983278472453,1.3598632578502727,4.290565603494979,0.9443976844045331,1.4897397207761733,4.080845452656022,1.0735305795296206,1.5431822431650768,4.419827118179273,1.1638992798994279,1.5300652220983288,3.8698287782801426,0.10317521713550121,1.2967201102691939,4.110347084759804,0.5101563819589147,1.4789314553085502,4.20400121484216,0.9821675383304387,1.3333847256931353,4.090006601081364,1.3753333649524015,1.376257564206482,3.9819008030294603,0.09277422327686813,1.4522258779340698,4.338500335125858,1.1245100848799947,1.529442823055733,4.34325302040209,1.1019831702491338,1.566035835527885,4.216737182036109,1.380960639059453,1.2933564899492658
0.699355,4.122587059065721,1.356270882596703,1.2150644916577158,4.055272115886857,0.1229766844312378,1.157692136012837,4.437122748883967,0.9228270858202674,1.3293013319020595,4.4599262328271045,1.100552987950279,1.1146188703928328,4.476743140214711,1.2681440697939685,1.4175814048339435,3.9892654268160626,0.08610376205026585,1.1463196946710426,4.298909007846166,0.46941660790729695,1.2715488912038695,4.2742716873130995,0.9723594035997531,1.2510331921120799,4.264145042014356,1.3895708547697947,1.1307782874661798,4.139459725823994,0.08524325351674612,1.2592011516719728,4.474691746326088,1.211418341891141,1.346199029106771,4.512437538048516,1.19403822707634,1.3503053996489498,3.893571378878824,0.14356516951959283,1.3593719162912181,4.290668963944862,0.9442340780453601,1.4899341287400263,4.081360449354396,1.07343428655845,1.5422447522512117,4.4201655408097995,1.1647933333409846,1.5306930188882168,3.870430725687172,0.10247034083022544,1.2962773337221813,4.1111078239340575,0.5099487103357403,1.4765970891750215,4.205445668958065,0.9822215585478099,1.3330441562045408,4.089755036217132,1.37546351610725,1.375669838280901,3.9814508825227235,0.092461307962882,1.4523421907491219,4.338909533448027,1.1252224491812999,1.5298484253589117,4.34357039022137,1.1027666588831007,1.566494981162358,4.217359460616425,1.3810183253978463,1.2935124221773187
0.709346,4.123638259323938,1.356478465553017,1.2148906017687113,4.054604253016236,0.12404235330698678,1.1577554805887373,4.439036463031181,0.9225210030124381,1.3306912796259305,4.4588751167586365,1.0988301990375433,1.114505285112993,4.475208183741068,1.2668439433263388,1.4172041055204945,3.9894896859314053,0.08622072800002675,1.146120446488848,4.298068057547378,0.47025066257275977,1.270295341368209,4.27695803789101,0.9726215404404144,1.251178990234871,4.265865287260177,1.3897469467498682,1.1314449633122372,4.140209295050571,0.08766520452995663,1.2589131414003043,4.473206169364426,1.209939748608225,1.3458647304170668,4.510892901831811,1.1924036754168004,1.3500392810608628,3.894050075590849,0.14304199022453554,1.3588012887724386,4.291286989578904,0.9441839647328841,1.490145873354768,4.0817564403642255,1.0736518336361058,1.5415026989675846,4.420475012313133,1.1654357119147702,1.5316092173032982,3.8711851755442854,0.1016519883535853,1.2959349334390557,4.111237437511378,0.510131024257522,1.4738309789782702,4.207498104516726,0.9824626697250061,1.3326867311975519,4.090081437306399,1.375743637398576,1.3753386845712368,3.98108726810939,0.09183561430200196,1.4524664620923036,4.3391950706454026,1.1258559732863291,1.5304248928720117,4.343690268046659,1.1035400976053698,1.5671931078720633,4.218257411728282,1.3809359958184129,1.2937205406323897
0.719337,4.124579033566488,1.3565219050226915,1.214780977451865,4.054080057465182,0.1247526308400328,1.1581578137327806,4.441003190078477,0.9226014430259705,1.3319254090691084,4.458018880442546,1.0973418252494325,1.1141892373887454,4.473303591374925,1.2658887119307998,1.4166607977418795,3.9896492686473013,0.08632159378210444,1.1461056777546499,4.297305113600746,0.4713057143962435,1.268565118772893,4.279501599437925,0.9731394608400668,1.2515699045924222,4.267543314403008,1.3899609926894732,1.132053026934551,4.140649291833399,0.08910826012767314,1.258930568787973,4.471411013852349,1.2088245882438902,1.3453545927964055,4.5090528496380395,1.1912035220613288,1.3496718328739579,3.894542842632981,0.14255921901082527,1.3582647442318296,4.29228055007769,0.9442069790651885,1.4904869993333207,4.081637471172292,1.074032828769627,1.5409715638027544,4.420220749355999,1.1665675219180307,1.5321780445982882,3.871906622442925,0.1009059942755103,1.295566628161535,4.111060008627123,0.5106457595761419,1.4709654577345985,4.2095642681080765,0.9828550044766315,1.3326763072828656,4.090255228962947,1.3760070317482909,1.3748370728837445,3.980758747404449,0.09131114262214887,1.452557254994051,4.3389178263650745,1.1269101416298863,1.5308789999636965,4.343292910808443,1.1047804755325803,1.5677740858896358,4.219047479413003,1.3809518665420637,1.2939242779116922
0.729328,4.125628307601304,1.3564151327400855,1.2147729034154806,4.053687190920333,0.12531955413856533,1.1586223808101253,4.442936060605181,0.9229485882787714,1.3332992092119935,4.457171247952913,1.0960106045757927,1.1136662254920366,4.471640937683882,1.264750219642589,1.4161089962152598,3.9897799657357758,0.08646324352575135,1.1461883302001012,4.296601876376167,0.47253350317374737,1.2667385766833588,4.281870115517032,0.9739157027725959,1.2524748003142203,4.2692554894569215,1.3902939181334404,1.1327388895195325,4.140910066143417,0.09018661516216207,1.2590804986978863,4.46971970919629,1.2076349381759357,1.3447631213274578,4.507276177665818,1.1898630890440978,1.3492319850389134,3.8949640106459165,0.14205832847116112,1.3577631266302297,4.293499259077824,0.9441093332708963,1.4912142253023635,4.0814419072788,1.0741195236883772,1.5402623861708475,4.419619350002789,1.1684255019339707,1.532572787372714,3.8725495050954586,0.1001509048624045,1.2952176307838936,4.110572807338102,0.5112991147181952,1.468268210671246,4.211588953826137,0.983329414592845,1.3332794418778544,4.090283284511994,1.3760731638180448,1.3742677131519987,3.980463675419918,0.09087806704356345,1.45263233467868,4.338414007379534,1.1284275317324826,1.5312254145772666,4.3427253237240535,1.106513938759052,1.5682463610937674,4.219874857093636,1.3810440214279665,1.2942151207471284
0.739319,4.126977178754641,1.3562137834030514,1.214857756795001,4.053303526633799,0.12587984506366104,1.158888045550968,4.444880651268231,0.9232391745116638,1.3350686869808008,4.456345861441065,1.0948191219087708,1.1129877959117584,4.470512570365009,1.2629808114901822,1.4158022963964607,3.989849459112475,0.08661759294467893,1.1462159873942608,4.295596916080619,0.473918975732614,1.2650112129217022,4.284277401113236,0.9749171973583425,1.2539799715803805,4.271118299996646,1.3907797062830383,1.1336980416007307,4.141114051460178,0.09134844399226136,1.2591141353364714,4.468395976402078,1.2060243164565971,1.3442481317137576,4.505805883376034,1.1879634141486788,1.3488203343283522,3.8952974334386976,0.14154291417637194,1.3572719904466595,4.29482022034416,0.9437595436320543,1.4924448030026203,4.081448215881318,1.073741714583023,1.5392344616815379,4.418908656918986,1.1709222301385163,1.5330366597539251,3.8731041345699113,0.09937333182596121,1.294922981722183,4.1099159860570555,0.5119043425715057,1.465870522486946,4.213708344255763,0.9838879145530661,1.3345354166914059,4.0902568674799165,1.3758816109244938,1.3737541667904338,3.9802560770577937,0.09048450943289425,1.4526736239681248,4.337937403794389,1.1303171004204156,1.5315590497573113,4.342212681469541,1.1086419551919204,1.5687182104312916,4.2208748653213375,1.3811466053707617,1.2946883033285375
0.749309,4.1285280873719445,1.3558188231381414,1.2150212484454856,4.053038900271798,0.12614039783950412,1.1590569373983908,4.4469770692537605,0.9233933476499451,1.3372099774386679,4.4560302564443015,1.093869636632339,1.1122855970241057,4.469277139145239,1.2607949545088273,1.4159219317215563,3.9898610057599604,0.08662652738423729,1.1461789828294382,4.2940132861344145,0.4755105634539729,1.2633203675154134,4.287005270207526,0.9762293047768446,1.25590122474703,4.273220069473649,1.3912511587976955,1.1350593782870917,4.141196425991814,0.09198932104612584,1.259100956679532,4.467097119181245,1.2042189023778103,1.3439601821506724,4.50433975069739,1.1858449890070348,1.3486734241860785,3.895591911298379,0.1411759074750329,1.3567853369659117,4.296170954510122,0.9432001944086743,1.4940003256581653,4.081296465283912,1.0733311220315958,1.5383273912552196,4.41800901031256,1.1736961389150486,1.5335526318356465,3.873553119252963,0.0987803454309484,1.294628243063552,4.109602213854602,0.5123526997807543,1.463689766172919,4.216100106180677,0.9846625145030836,1.3361644114365174,4.090060298985055,1.375572488781622,1.3732083050295418,3.9802574773742414,0.09019827400484315,1.4525821893886148,4.337251376703215,1.1324893990998723,1.5319619378747733,4.341478447429718,1.111078012254332,1.569288025119042,4.221915747688298,1.3812463155567523,1.2953778324737741
0.7593,4.130247908318762,1.3552212106371844,1.2153099698586953,4.052893624145658,0.1261264666738635,1.1592081335326143,4.449087831773734,0.9234338343735798,1.3396313860905766,4.4561762569263115,1.093131074958511,1.1116084132291693,4.4679962265751545,1.2583552717552837,1.416362810762834,3.9898249364375853,0.08650929430239021,1.1461465705338096,4.2920086761026015,0.47729977085079484,1.261551015868293,4.289906832732632,0.9778817584352812,1.2582031104875067,4.275554166260732,1.3916770962433491,1.1369314667867243,4.141161294207957,0.09214048683844095,1.2591370437051206,4.465916685292764,1.202303377515866,1.3438837381844855,4.502984071855136,1.1836257779136075,1.3487577727857982,3.895891299117454,0.14083217311401006,1.3563939568197272,4.297493545176074,0.9424113638162882,1.495836802797231,4.081061620297371,1.0728782091717535,1.5375147411661108,4.4169255221724155,1.1768266413203647,1.5342293490145646,3.873880414439391,0.09826770393209144,1.2944173922797284,4.109744771445621,0.5125710276927653,1.4614721485267101,4.218639741558838,0.9856980299120478,1.338149644016029,4.089649824403836,1.3751544521231356,1.3726475793035293,3.980552826637595,0.08990919108286403,1.4523767045358358,4.336395702978379,1.1349679260336127,1.5324963558297224,4.340567327150632,1.1138274866093725,1.569996295136984,4.2229213250769915,1.381349770968948,1.296366795320187
0.769291,4.132118681238909,1.3545011896700354,1.2157562333566203,4.052788819559932,0.12608056207505222,1.1593505836338767,4.450986810417419,0.9234240523060782,1.3422218414001879,4.4563654830219575,1.0924673090726371,1.1109271260007119,4.467097202274198,1.2557350241593424,1.4168499368811085,3.9897667567561577,0.08639507249861726,1.1461846339969477,4.289957462962044,0.4792239449631775,1.2596140058112848,4.292671491890135,0.9797730139337825,1.2608571286215973,4.27802696599468,1.392117740845132,1.1392637238564922,4.1410771084456925,0.09227548420257604,1.2592709273219573,4.465124225453756,1.2002384493357212,1.3438778014911827,4.502006009369151,1.1812445419922855,1.3488519908826833,3.8962233536362305,0.14030361028570768,1.3561779911128844,4.298729302566949,0.9414155882697425,1.4979277828898196,4.081047146241594,1.0721314539829176,1.5364980375872441,4.415725324960726,1.1805503836685909,1.5351932811500895,3.874101226881826,0.09762562741379792,1.2943910496269904,4.1100964801430475,0.5125945816151831,1.4589529941353057,4.221080932494409,0.9869238034532606,1.3405112926664768,4.089077429664212,1.3745795654689361,1.3721287562377085,3.981022969511197,0.08940156353934875,1.4521934893536343,4.33556079705462,1.13778716242212,1.5331798119489954,4.339697951406981,1.1168962128359967,1.5708233792745732,4.223873930084396,1.3814664981319893,1.2976704714677936
0.779282,4.1338984320425345,1.353800667722096,1.216131813098393,4.052714587273656,0.12606162624897774,1.1593683993351882,4.452974449901923,0.923357940260821,1.3449178257695908,4.4563896801558815,1.0917358223563902,1.1101528268028953,4.4660942225410905,1.2529740915515497,1.417245417797856,3.9897679619790174,0.08629491557173326,1.146136224024327,4.287830546696122,0.4811852980985203,1.2576199568901325,4.295655782499333,0.9814348353132232,1.26331156260904,4.28045780491287,1.3925448185957081,1.1413434660951398,4.141020339226295,0.09247884153590208,1.2593534047471637,4.464184997513983,1.1980578471525083,1.3437705524719472,4.50090830512895,1.178783392133473,1.3488029034462528,3.8965797970444407,0.1399825571482748,1.3558655843657124,4.2997901609369285,0.9406773952424126,1.4998084443046649,4.080984663065059,1.0713591886691447,1.5354346673651396,4.414380161385076,1.1843156608359615,1.5361687364837464,3.8743639999483825,0.09723714937744385,1.2942525230172206,4.1101944590544575,0.5128542974000759,1.4562991464222426,4.2236185868576905,0.9880756387959513,1.3424999869866452,4.088527271542361,1.374030270636421,1.3714783357479545,3.980781212935005,0.08859803659168206,1.4522901330535678,4.334570276998727,1.140675466923864,1.533890021328059,4.338678634775035,1.1200081777759054,1.5716647619267303,4.224758999471113,1.3815722446587686,1.2988269321734938
0.789273,4.135528143148438,1.353234301277623,1.216272722018509,4.052667583497721,0.12604976722554856,1.1592439489876927,4.455118479278185,0.9232722298658421,1.3476074429583107,4.456195341790619,1.0909072780414815,1.1092118381376406,4.464607760575906,1.2499536234742754,1.417583410956382,3.989855315296131,0.08616588991148766,1.1459448924565168,4.285440046498855,0.48318469331722347,1.2557287925402314,4.2988708534081095,0.9826978047250123,1.265377542925042,4.282841991527516,1.3929744189497393,1.1428827374534651,4.141018805062069,0.09269748972703495,1.2593330686837256,4.462745461925163,1.1957045317933326,1.3435273327979549,4.499357618684803,1.1762154042103292,1.3485817432657072,3.8968871638654625,0.14005165449464935,1.3553905977507201,4.300728535841113,0.9403961363089127,1.5013786244670717,4.080750338860032,1.07076904405012,1.5343687660180316,4.412931419719849,1.187820756260327,1.5371021640781495,3.8746938364745622,0.09730270897615473,1.2938675332657117,4.109793664904777,0.5135671678425053,1.4538940376342373,4.226268817373887,0.9890501991675147,1.3439284214231924,4.088105163394172,1.3736410077043875,1.370578594082733,3.9798019030297382,0.08766901303671035,1.4526518818228287,4.3333801839552555,1.143521707202955,1.5345780050814302,4.3374246089150725,1.123039730689629,1.5724813421442942,4.225608275021498,1.3816773732403858,1.2996096925044158
0.799263,4.137342010108846,1.3528332131902923,1.216252549173736,4.0526222908514296,0.12598860702525816,1.1591732348467954,4.4568674422865335,0.9232950957921768,1.3500901464524144,4.455898522439485,1.0901495300546609,1.1080890059611062,4.46288432719752,1.246330903261755,1.4181075504403065,3.9899364486448063,0.08594311995946328,1.1458217038675675,4.2825844526682975,0.48537750932101575,1.254071269564188,4.301476509647762,0.9840482964509565,1.2676879836396175,4.285483952167947,1.393529675825,1.14459773463645,4.141016076506674,0.09284521306452309,1.2594049244756123,4.4611484173155995,1.1929521656539794,1.3433511409596262,4.497669652832508,1.1732808307319937,1.3483328963407084,3.8969988436502727,0.14006564654010265,1.3551783434556226,4.301815842919298,0.9401233886394017,1.5033148792530817,4.080729770329752,1.0702170016156556,1.5329580700702454,4.411570028194184,1.1915663758769037,1.5384759362476028,3.8748459965915942,0.09743156342650144,1.2935666875301315,4.109104682164705,0.5144075270839129,1.4522251542803373,4.228557611942082,0.9900955398630296,1.345855707244321,4.087718312745899,1.373349782055821,1.3695176993037685,3.9797982893012613,0.0871088932448359,1.4527716463353797,4.332331344422334,1.1466305932217757,1.535378045571757,4.336221261139081,1.1262624984098224,1.5733797409379418,4.226518832721019,1.3818585523272167,1.300405395239167
0.809254,4.139241880101117,1.3525276852798958,1.2161413433951942,4.052567261121269,0.1259251117578928,1.1591333470841232,4.4582187004834735,0.9233268536155054,1.352416244900004,4.45573908516179,1.089629362798424,1.1068207106857677,4.461073833323921,1.2422296233721868,1.4188091263386657,3.989952416997167,0.0857298683844435,1.1457789969049768,4.2798903879821015,0.48748248202482114,1.2525452431138688,4.303612830000663,0.9854665555582663,1.2700668462014157,4.2882006911868595,1.3941484969700106,1.1465259302242912,4.140995263373587,0.0929671475749298,1.2595149048362762,4.459589875834119,1.1899009266702598,1.3432724775717653,4.496042484462994,1.1700857989594025,1.3481164524020928,3.8970663648586017,0.13995783887341795,1.3551760619263244,4.302811174527768,0.9397501996699378,1.5053905631127498,4.08101676403423,1.069685711341966,1.5313261936418323,4.410242563142824,1.1958503014602904,1.5401786042455319,3.8746792297166808,0.09742765967481434,1.2935528424561473,4.108042555160863,0.5153010511903647,1.450977477116311,4.230488899813289,0.9911976203140781,1.3479926044856443,4.087273789081669,1.373086227908642,1.3683397763659522,3.980865080206378,0.08693817978896859,1.452624738556323,4.331432822052371,1.1501669584771634,1.5362763981710421,4.335129347065718,1.1298824388438753,1.5743600148899584,4.227402604318961,1.3820574969368513,1.301258160162266
0.819245,4.14087422642466,1.3522150657876182,1.2159653980791316,4.052502530486153,0.12594907922022178,1.1589808268528214,4.459497087009979,0.923160481102081,1.354753459574928,4.4559292534227515,1.0894419006693112,1.1054951132766928,4.4593215175510155,1.2380958138153597,1.4195173024194647,3.9898884930372214,0.08569005036466208,1.1457052648769543,4.278259930644502,0.489031420849478,1.2509854030168026,4.305939807872555,0.9865952318745574,1.2718946108876725,4.290553984281114,1.3946802575445516,1.1482294286513728,4.140974973995667,0.09316609106678053,1.2594726940392842,4.458168227417308,1.186875974385536,1.343205216542883,4.4945898625093665,1.1669757464958417,1.347915390862928,3.897357851379777,0.13992037515530356,1.3550387529369672,4.303243317934177,0.939433713341602,1.5068995327139538,4.081482433806536,1.0692306007171684,1.529836634450503,4.408753366114794,1.200696874696201,1.5418226648690023,3.8742358411012368,0.09727804970520136,1.293834480578393,4.106418680882419,0.5163337547687288,1.449490152184844,4.232339472430578,0.99216007830688,1.3493232557125676,4.086701635475275,1.3727813858916034,1.367020991937527,3.98195078675541,0.08689147341394615,1.452526692248019,4.330469499725396,1.1541169037382362,1.537213850206446,4.3340244414675615,1.1339565760299621,1.5753957463057502,4.228079094298538,1.3821466037675405,1.301953293799091
0.829236,4.142283800047082,1.3519467901379407,1.2156426014196209,4.052426443201028,0.1259921736616078,1.1588155307312202,4.460508745610513,0.922882421177233,1.356954178945885,4.45620356305616,1.0894229379817044,1.104281397619909,4.45826822872994,1.2342182301793623,1.420226364063503,3.9897819684132094,0.08570107542216855,1.1456682017916184,4.277104291036038,0.49020269943256256,1.2496933434653692,4.307977852032328,0.9874297713588235,1.2734778198753072,4.292660847881266,1.3952185679179223,1.1496816568814017,4.140977082061914,0.09336357972325393,1.2593705717232186,4.457244786426847,1.1840843245689165,1.3431791877675425,4.493637089429407,1.1640922231363524,1.347696415254822,3.8976646744953185,0.13986856191407743,1.3548283391945568,4.303357219198611,0.9392085046076809,1.5081928723542848,4.082113648823649,1.0687051449559264,1.5282792722551013,4.407112650235561,1.2058262446544092,1.5438980331378802,3.8739612587744356,0.09696684061624897,1.2941091611258881,4.104693486405244,0.5173169542811813,1.4482026763049487,4.233896527231099,0.9929400497085357,1.3503867729751917,4.085971715783564,1.3723364680141876,1.3654402682800502,3.982700896235297,0.08707139466391284,1.4525864365669796,4.32942504720179,1.1582576560883744,1.5384717957370801,4.332800379748099,1.1382174521204986,1.5767388024804891,4.228582277827162,1.382150502521116,1.3024325756808985
0.839227,4.143583543143692,1.3517496460798317,1.2151946713064732,4.0523222891220945,0.1259866694855451,1.1587270686795086,4.461067125494851,0.9225969837231667,1.358933176701082,4.456464784686171,1.0894708357000098,1.103247965016489,4.458273700815359,1.230580989365784,1.4209848518374475,3.989655870078339,0.08563667992932385,1.1457223680652757,4.275790904381562,0.4912205569641493,1.248940395018808,4.309316274035106,0.9880701571372213,1.2751530557352293,4.294712662063736,1.3958224075034724,1.1510544210419156,4.1410020698319014,0.09349334815093112,1.2592996668215715,4.457042639742332,1.1814952816813609,1.3432446313986741,4.493378662837379,1.1613583081679955,1.347468703854418,3.89777424646504,0.1397035157011494,1.3545432890709188,4.303357225707207,0.9390455184066182,1.5096421839880836,4.08287988160536,1.0680943847454263,1.5266011013046115,4.4054605793414385,1.2108494132034888,1.5465038177297281,3.8740273221697707,0.09642895466399345,1.294151499868831,4.1031272910470635,0.5181217327410361,1.4472888422117112,4.234968788536033,0.9935683118339483,1.351729116083702,4.0851313409103955,1.3717713385735446,1.3636419385429202,3.9831653767911295,0.08768478627280257,1.4526795008604212,4.328381847642268,1.1623064457236683,1.5400708238630536,4.331502502855041,1.1423429885993268,1.578388881181078,4.229001112225873,1.3821203002121338,1.302761482958126
0.849217,4.144793989915355,1.3515319432534243,1.214859713637701,4.052155795078104,0.12594693179682176,1.1586654487029866,4.461262586771101,0.9222939654338359,1.3608694409584667,4.457124046633185,1.0897120647473997,1.1022555325301298,4.458966534616217,1.2267457596281655,1.4218435949910448,3.9894882749360776,0.08551181897460185,1.1458101525722384,4.274380308862075,0.492058128410114,1.2487134064263377,4.310231807232028,0.9886096379653254,1.2768444856629528,4.296736365407166,1.3963671997989775,1.1526299334500307,4.1410170890683915,0.09360038884495786,1.2592086488447713,4.457411725716685,1.1787432758543972,1.3434246616538994,4.493674276449607,1.1584369369288308,1.347319046047561,3.897698442956227,0.13944969365160823,1.3539051985362787,4.30302978376456,0.9388724255815883,1.5111267222789644,4.083662739612862,1.0676932626943154,1.5252834282919447,4.4040246236531555,1.2153859008767436,1.5486578895532415,3.8739367020215947,0.09554092547670331,1.294043549787656,4.101341932755702,0.5188520330676484,1.4459618144255355,4.235649202120896,0.9941172953540592,1.353130438744351,4.084327827253782,1.3713109879416066,1.3619863403763313,3.9837133842577668,0.0889061605636412,1.452414404597307,4.327473782446567,1.1660068309331015,1.5414290548081808,4.330408525400839,1.146102641419194,1.5797872930541104,4.2293997582147265,1.3820715370155152,1.3031253330261376
0.859208,4.1458099998579305,1.3512315808255664,1.2146148846480807,4.051999976789521,0.12590556736653563,1.1586020921653706,4.46119278212439,0.9219975279061615,1.3628873061915847,4.458254470528037,1.0901314690014343,1.1012797208005793,4.460091760280988,1.2226473673095395,1.4227446263287498,3.989333644929515,0.08538867149760244,1.1459010179783746,4.273203521995856,0.4926163863834967,1.2490422838020747,4.310866111424529,0.9890195218285123,1.2785336444725357,4.298576138902712,1.3967327295721408,1.1543497464745034,4.141062418462607,0.09370884294067536,1.2590828538969756,4.458219152579447,1.1757175645502194,1.3436961278881931,4.494393723971939,1.1552180689448013,1.3472806270107553,3.897326781313759,0.1392216928812792,1.353204659859935,4.302359324672828,0.9386649886207602,1.5126221847403094,4.084386829781981,1.067493253971642,1.5243882278861742,4.4025465712750576,1.2197505938147803,1.5499905305971662,3.8733103809733023,0.09451035023376887,1.2941344984621164,4.099474486735951,0.5194606050194523,1.4442462871513586,4.236005942758155,0.994548290611593,1.3545026577301211,4.083491590551359,1.3709433225685692,1.3605427248764173,3.98436533643485,0.09054159384551409,1.4518608375701454,4.326573230170733,1.1695009355985135,1.5423014886391735,4.329503903036724,1.14963058874925,1.5806784029905228,4.229671214241767,1.381953451775508,1.3035026620609431
0.869199,4.146489983191692,1.3508323002891198,1.2142563693649058,4.051975400249911,0.12589657832110532,1.1585402627802122,4.460932997650444,0.9217513582583576,1.36501132762797,4.459690680534807,1.0906134052134797,1.1004084618526693,4.461480307915331,1.218588672404789,1.4235664078326877,3.989282369451132,0.08533941921100839,1.1459886115665967,4.272669199336591,0.4927740517132067,1.249980075083844,4.311214463196005,0.9891900507200997,1.2802337164911293,4.300028909003579,1.396847112867836,1.1559407581203947,4.1412032759696205,0.0938163359700863,1.25895145232525,4.45933550285241,1.1725900035449788,1.344012552981365,4.495403669132395,1.151859416643982,1.3473533529518735,3.896504455060821,0.13914071419438317,1.3529782102305068,4.301486026372655,0.9384290325246943,1.5141705153276013,4.0850096845441515,1.0672996285982541,1.52368980465232,4.400561806051865,1.224525138478305,1.5507416689936178,3.871996586363894,0.09370538740702852,1.2947678500278257,4.097977503688556,0.519799575014617,1.4426928563061738,4.236065010471645,0.9947447999678178,1.355870045298462,4.082460042573139,1.3705075906286341,1.3591673730151093,3.9848851591294734,0.09216112225511465,1.4513372803709228,4.3254323949283515,1.173089564958533,1.5428053372098494,4.328580502609893,1.1531993273226582,1.581150925860139,4.229648540600939,1.381683184273946,1.3037314589949687
0.87919,4.146922172499809,1.3503884833592685,1.2137030259994692,4.052051923956288,0.12592661809845085,1.1585096186272767,4.460525835019241,0.9215329577920811,1.3670844084490277,4.4614863533854034,1.0911375682902118,1.0997840603647155,4.462716785585755,1.2151505528921624,1.4242657527818083,3.989315824807793,0.08537047552700258,1.1460484838140976,4.2728607439082325,0.4924685413435163,1.2514411335804905,4.311291608326881,0.9890503184734551,1.281771969469483,4.301241931211854,1.3967861629586862,1.1573353498717682,4.14136105198904,0.0939069818465548,1.2588723932711459,4.4604624239670585,1.1698506260167676,1.3443673305813273,4.4964083585763115,1.148887683013285,1.3475906295658222,3.8953643016189057,0.13909430028408445,1.3528751292257355,4.300454861226353,0.9381311602927029,1.5156269191759493,4.085468924354075,1.067191160267931,1.5232349524611621,4.398326318181636,1.2291822019601957,1.5515260183343857,3.870264178287214,0.09309111334435703,1.2954619847344149,4.096791146199848,0.5198508285828574,1.4411992356874792,4.235840870889852,0.9946243041854083,1.3570699979071434,4.081408564625481,1.3700289415541338,1.3578237957603496,3.985144862053039,0.0934849256561241,1.4506587442307421,4.324151684805066,1.1764750157500505,1.5433859060432475,4.327605132911491,1.1565259955835425,1.581669023426994,4.229461044702482,1.3812428366558003,1.3037442123316894
0.88918,4.14728399262964,1.3499770254166765,1.2129902816480098,4.052161087995369,0.12600060652725825,1.158525687433551,4.460009660381931,0.9213255488370004,1.3688314928929661,4.463683368070411,1.0917682710056793,1.0994179185966768,4.463387266277438,1.2126126578207148,1.4248397332729656,3.9893838475210206,0.08548331097339187,1.1460661575176927,4.273735782540316,0.49171670817241664,1.2531974701212598,4.311127880599711,0.9886309756223425,1.2829095985325574,4.302420683582537,1.3966868418415037,1.158568156339649,4.141465609789321,0.09395938926335135,1.2588647790649274,4.461309447905132,1.1677911277452202,1.3447299778760096,4.497130555584357,1.1466330531730362,1.3479961617535665,3.8941356241773244,0.13893495487058052,1.3526161964954873,4.299318847401167,0.9377451701430967,1.516750248757821,4.085857878052033,1.0672848941237243,1.5231652729929743,4.396307982003552,1.2331978748160592,1.5527997455223446,3.868482006540932,0.09255227701123839,1.2958335988301477,4.095783170669115,0.5196570331685209,1.4396252129041986,4.2353680344281885,0.9942020929580158,1.3578819838528418,4.080561972922072,1.3695606174566728,1.356551372234589,3.9850806899865168,0.0942565843944667,1.4497954359554346,4.323015687857484,1.1793842160985761,1.5444078266474806,4.326746518246627,1.1593576143810818,1.582621358671036,4.229303033160707,1.380696440176929,1.3035820968707124
0.899171,4.147777401731129,1.3496795690370673,1.2122810092361598,4.05225197601295,0.12612982967496386,1.1585661135668202,4.459422492025699,0.9211578086639357,1.3698923300303112,4.466186100649923,1.0926566603358938,1.0990741710846268,4.4632379538849545,1.2105792160422255,1.425316549911678,3.989443226714875,0.08569813643471483,1.1460546418609026,4.275195657040852,0.4906427908587306,1.2548635842164855,4.31076037070288,0.9881096106216626,1.2834080421428373,4.3036908956150475,1.3967119649362298,1.1597447845555815,4.141537438016878,0.0939511319702762,1.2588687092406812,4.461702601516948,1.1661822804407111,1.3450136300749191,4.497421256622071,1.1448779566581204,1.3484624867551835,3.8930492254118803,0.13858732127461165,1.3524929064845306,4.298184082164177,0.9372858519036528,1.5172528402554037,4.086530627865196,1.067617493083905,1.5236193481001803,4.394949345834422,1.236620321508857,1.5545375934178984,3.8669533827028593,0.09205434637470629,1.2960873390427716,4.094959105081505,0.519297601013548,1.4381178437627882,4.234711892955264,0.9936401315557836,1.3580992477438114,4.08004402053853,1.3691139354409434,1.3554570847513414,3.984680312920734,0.09420454526940122,1.4492245022974934,4.322428213829791,1.1818895906083573,1.5459080982959605,4.326411253776195,1.1617722945070261,1.5840525041198006,4.22931873104758,1.3802124115270316,1.3034155044791274
0.909162,4.148395341532146,1.3495910349387377,1.2115536063781993,4.052375100276364,0.12625927717990373,1.1586126711154867,4.458673026480126,0.9210751760520788,1.370333453127547,4.468865832441829,1.093771438273527,1.098673056107139,4.462432738981675,1.2086153927947716,1.4257339038778318,3.9895383958232156,0.08594297188108928,1.146030516808108,4.277105997613096,0.4893393126766952,1.2563605161873115,4.310098797079695,0.9875014566815993,1.2833181026430822,4.305140697166911,1.396927437291065,1.1609383466957408,4.141615822509478,0.09388854986178634,1.2588804111923564,4.461683178491683,1.1646703014000719,1.345222283784615,4.497296341021739,1.143228850780798,1.348944463608733,3.89205341167495,0.13817319875789874,1.3525880554412166,4.296996145484037,0.9368803988942868,1.5172206494719507,4.087481810054689,1.0681515720247134,1.5243533487436987,4.394327244300018,1.2393611104025535,1.55648353292673,3.865588887388236,0.09175855641320921,1.29628168058219,4.094312165773391,0.5188134600016535,1.4370107307237543,4.233799699209926,0.9929920628070836,1.3577742141455154,4.079793095160158,1.3687853334317106,1.354532450834025,3.983881957506897,0.09338406697419292,1.4490146910352903,4.322434798075144,1.1839314453181744,1.5476247882608507,4.326632399528744,1.1636987698519523,1.5856938116450698,4.229484289567257,1.3798686013804897,1.3032364303707402
0.919153,4.148970603335224,1.3497724073099087,1.21068967012662,4.05260470326557,0.12631271853155254,1.1586556795535659,4.457625824087793,0.9211162716627012,1.37047397333401,4.471619442959732,1.0949972119591098,1.0982598084645332,4.461450274339911,1.2064427451374837,1.4261273977572473,3.9897289223278203,0.08611464486095168,1.1460106935876921,4.279310614168701,0.48786517923903394,1.257818633930968,4.309004894747364,0.9867085425392015,1.2828681294778725,4.306742971011565,1.3973020483244651,1.162149908911697,4.14172018775688,0.09379211344032942,1.2589311233216867,4.461497915042161,1.1629801505477857,1.3454169952415016,4.496967262529537,1.1413688841167366,1.34943304343784,3.8909787864525742,0.137881498180901,1.352778205475694,4.2956292669666,0.9366874054138337,1.5169612427810708,4.088477111223073,1.0688249573547142,1.5249815360839922,4.394253924857972,1.2413225804467931,1.5582879870027448,3.864132847040514,0.09184798980242269,1.2963395305648968,4.093829865754922,0.5182066025544871,1.4366436702792642,4.232500007327253,0.9922198691322156,1.357122162335662,4.079635684128155,1.3686964087791158,1.353707034140328,3.982701042466389,0.09211150514717864,1.4489027878314873,4.322828092393436,1.1854317861801025,1.5491775509983845,4.327186761998915,1.1650497843138992,1.5871554552735516,4.229660236925271,1.3796568527344557,1.3029246151892804
0.929144,4.1493225873359885,1.3500821643373984,1.2098055236845233,4.052780310788158,0.1263471347278768,1.1586975769067598,4.456389287860238,0.9212459980471753,1.3702974584704795,4.4745239905385965,1.0964867135079177,1.0978347641917172,4.460844549035599,1.2044138205281913,1.4264995555601119,3.989843856991585,0.08629065618599824,1.1460109073953393,4.281654017258796,0.48627169167243195,1.2592237023644384,4.307561755826437,0.9857212314525089,1.2821091259086745,4.308033427297423,1.3976963405720197,1.163179245467816,4.141744432333346,0.0936481481753513,1.2589928112548265,4.46164499744877,1.161455308421013,1.3455892244907364,4.497029796062862,1.1397589871083689,1.349831501617071,3.890087805852484,0.13755663649972727,1.3529053791910597,4.294202661269148,0.93663674050731,1.5165012416388057,4.08955343319212,1.0696865728825873,1.5257806075349487,4.394568357110599,1.2430358978220832,1.5597938714867918,3.8628942320963757,0.09195842503094988,1.29626729654074,4.093565601492449,0.5174447816912109,1.4368411772125442,4.230899152406563,0.9912867622820998,1.3562224420224749,4.079485083455599,1.3687757846119215,1.353047693078895,3.981701629056733,0.09078150368546546,1.4486753541723523,4.323506977209502,1.186804090857219,1.5505532818718348,4.3280364574213745,1.1662949294585927,1.5884455972669664,4.229733656641425,1.3795195805007505,1.3025011045856267
0.939134,4.149425891861997,1.350397078091547,1.2090121067540978,4.0528097955017515,0.1264101159988355,1.1587420344082315,4.455090899468996,0.9214196375790451,1.3696977410998397,4.477452488995992,1.098158782361748,1.0974215797039515,4.460951101458298,1.2028636209827166,1.426818158730123,3.9898034800257856,0.08651591141921758,1.1460379141066226,4.28398357190794,0.48461850526797323,1.2605679236366034,4.305908414377893,0.9846081765756957,1.281024059770749,4.308755402983393,1.3979872502818333,1.1638077820959905,4.141642400141527,0.09345935654765519,1.259050209705053,4.462405946708052,1.1603763902961097,1.3457185109122847,4.497815658638211,1.1387356574009921,1.3500763434676595,3.8894811071752526,0.13711288838187424,1.3529253652477502,4.29285451079338,0.9366394141080332,1.5157693476812049,4.090839079556463,1.0706469849268967,1.5268553068156558,4.395092434753258,1.2449710971326091,1.5610456321559312,3.862011315023795,0.09184966638990474,1.2961338257027353,4.0934643131474315,0.5165811463813992,1.4373428471047642,4.229142970227475,0.9902318814553442,1.355076404385881,4.0793461195138105,1.3688948369453757,1.352591320573669,3.9811535955093227,0.08967534670138107,1.4482827291558595,4.3243871887178305,1.1883838194940781,1.5518305525976006,4.329146556834414,1.1677863642529778,1.5896439977018089,4.229707284189333,1.3794233646606309,1.3020147149003605
0.949125,4.14951751581815,1.350730593780243,1.2082897970190225,4.052843354355582,0.12646304229037406,1.1587869339373664,4.453767724633692,0.9216213651003683,1.3685953747714235,4.479850099463169,1.0994074564519627,1.0971081027316212,4.461673756360316,1.2017625848568658,1.4270156343511715,3.9898009510034242,0.08669029426696975,1.1460835096218416,4.2861786809920845,0.48297550082563906,1.2619261916725344,4.3041611971919815,0.9835139709928835,1.2795745266740304,4.3092389529532245,1.3981431994688973,1.1639107077943625,4.141533419278518,0.0932690761318005,1.2591391427314298,4.4635444621200895,1.1595911197844602,1.3458048487661818,4.498987468805871,1.1380132256314786,1.3502138990109918,3.8887604927113575,0.13676351883479257,1.3530093879940646,4.291632075755246,0.936693749579481,1.514677932810779,4.092457741819533,1.0713258945798922,1.5276807638642642,4.395613236631851,1.247123692573109,1.5623322547383656,3.8610372517318043,0.09178173409512769,1.2960728185021095,4.093267551161138,0.5158252485740177,1.4380132110224597,4.227362469570251,0.9892099537218207,1.3536258011295512,4.079331382488064,1.368931458253426,1.3522589861960854,3.980539860974724,0.08883429332620801,1.4479303392921536,4.325358010208962,1.1900845955166166,1.5530568396452216,4.330387445560833,1.1693538637276846,1.5907502374797422,4.229760330837393,1.3793982182581197,1.301488773870712
0.959116,4.149538673880897,1.3510568382319437,1.2076850260212137,4.052969959394224,0.1264840191510145,1.1588052998670346,4.452534118464782,0.9219387493843305,1.3670180290022123,4.4816052309832495,1.1001404133337573,1.096944542040033,4.462846001161709,1.2010632132319274,1.4271576046851222,3.989852353150611,0.08684307978436401,1.1461463144220292,4.288498604818212,0.48130475408779133,1.2632519216904103,4.302371064516625,0.9823586379355822,1.2777967296866375,4.309602985016297,1.3982197876160678,1.1636649756835098,4.141424614673069,0.09302298501052089,1.2592446535486608,4.464821852374027,1.1590294625245554,1.345909875968758,4.500260428216955,1.1374604483740738,1.3503407049808949,3.887824332116125,0.1365986467672263,1.3532723206537942,4.290669096701141,0.9367969186990422,1.5132588397507098,4.094203840414635,1.071563385123689,1.5281519494213052,4.396102889632338,1.2490008132905674,1.5637402372651772,3.8598283345174726,0.09185661385443458,1.2962022744156407,4.093086177360527,0.5151904669450476,1.4387822807939903,4.225620379207865,0.988116488697477,1.3519111470593241,4.079426563557521,1.3688606324626404,1.3521340753226039,3.97975567179916,0.08832181796821945,1.4477155317271633,4.326339358380925,1.191485415937331,1.5542725209080857,4.331636071899392,1.1705579988109551,1.5918024159630313,4.229854754635122,1.379404862391107,1.3009616130654482
0.969107,4.1492623673827875,1.3513105514437689,1.207271851682886,4.053199299175526,0.12657247533503818,1.1587903575548744,4.451535473597802,0.9224626245822525,1.365094380264658,4.483030419776225,1.1006987480755683,1.096929980947145,4.464193920374843,1.2008008421717302,1.4273454265869423,3.9898636109803762,0.08719589744465508,1.1462152324966561,4.291349510375396,0.47955986854570076,1.264449949719056,4.300575406222344,0.9810022076139083,1.2758126138399486,4.309748927843057,1.3982780685019522,1.163390947784792,4.141262442774545,0.09266395176806999,1.259316533785329,4.466045431136443,1.1587786692217137,1.3460904109402239,4.501465801131568,1.137199032534285,1.3505381604759115,3.886834023568147,0.13659442016092915,1.353719642979308,4.290108625749568,0.9369032948869525,1.5116454291238808,4.095652723952722,1.0714468441732776,1.5285499325120828,4.396671951099776,1.2499233763124415,1.565110556362556,3.8585216767621366,0.09204995090985965,1.2965599802347954,4.093250672679953,0.5145397574869891,1.4396572241373675,4.223950841240955,0.9867536728640532,1.3500735796217613,4.07955618014659,1.3687316158134664,1.352384959897921,3.9789951937373575,0.08813854412282861,1.4476169201812885,4.327258958701286,1.192092125141452,1.5554615904265643,4.332773650398859,1.1709510104979455,1.5928229978566315,4.229838182762154,1.3793459889799358,1.3004717583058243
0.979098,4.148815729258835,1.3514309808603946,1.2069722211710845,4.053473639064158,0.12730765778379813,1.1589165479239807,4.450756412877462,0.9229419754403896,1.3630606112359143,4.484701457885206,1.1014471069297773,1.0969804348391134,4.4650293034911614,1.2013302714493093,1.4273632701076653,3.9899506693695215,0.0883625361484107,1.146203734174834,4.2944881911497,0.4780431267601945,1.2656564092821156,4.298973047674076,0.9798482931261664,1.273877279813914,4.309517834136441,1.3981287041822426,1.1630465591609749,4.141166907320848,0.09248395515133717,1.2593376420660658,4.467057172750199,1.1592154578100948,1.3461695751190064,4.502548804580361,1.137764951791855,1.3506783906892308,3.8859561441950183,0.13673680837772703,1.3541193000713778,4.289797280954344,0.9368023163370538,1.510020929513688,4.096513931485411,1.0713393550292976,1.529250707828478,4.397412947038946,1.2498937889517991,1.5659326388471497,3.8572895930359676,0.09248610500078608,1.2968838733361456,4.093740013188005,0.5137820934656093,1.4408225963650145,4.222491839165119,0.9854482049282988,1.3483574993684337,4.07984588143542,1.3686014304276524,1.3529604873344347,3.978109450426205,0.08782283222305755,1.4475312104051459,4.327962354615795,1.19209829617032,1.556352758469946,4.333642628789083,1.170809425388014,1.593591371733555,4.229855368531063,1.3791206009951444,1.2999963323168096
0.989088,4.148309627265007,1.35143775565144,1.2066819953679508,4.0537698244968805,0.12883559478912524,1.1592412196515192,4.450104440587281,0.9232365050311634,1.3610850066147482,4.486738227391733,1.1024292913316145,1.0970866056964357,4.465208593558503,1.2025369341139729,1.4272079527699577,3.9901783137040288,0.09045278494680437,1.1460914863350737,4.297721282086281,0.4768265578270876,1.2669966154025079,4.297604245727216,0.979001391966461,1.2721001961579754,4.308905898587569,1.3977047749375962,1.162561124130812,4.1412010045421885,0.09262643516872957,1.2593205100558404,4.467867742961868,1.1602703966988313,1.3461442564379822,4.503542879868763,1.1391210043391948,1.3507608276797436,3.8852891591613568,0.13695561232090528,1.3543002293292046,4.289540293294035,0.9364447150941213,1.5084809433457853,4.096814657184803,1.0713869048236866,1.5302483988930187,4.398297661629099,1.2491983276769867,1.565969441814223,3.8562995782307605,0.09310829339656504,1.2969757830579938,4.09444633652778,0.512881378498134,1.442349349921504,4.221241371867919,0.9843141135329222,1.3468386289166923,4.080261594529639,1.3684609720909897,1.3536615493889665,3.9770563189399812,0.08720752976429924,1.447408858875494,4.328425355589108,1.1917698005023436,1.556762661265237,4.334228750479761,1.170434772408705,1.5939409450879003,4.22994933198118,1.3787051570753008,1.299505624509898
0.999079,4.147647505145429,1.3514873778883023,1.206338696392208,4.054156098512767,0.13030610565849732,1.1595255952505588,4.449453225855885,0.9235759592274051,1.3591487259718367,4.488340730183447,1.1031237626918262,1.0974068125274092,4.4657495757045975,1.2033638571408207,1.42739079850761,3.9904082256664575,0.09250566151395033,1.146013824924185,4.301277397348609,0.47540890144787695,1.2684469279350226,4.296165085358477,0.9777779904623352,1.2702654644130205,4.308215532481825,1.3972838591986323,1.1620046198861003,4.141236287588918,0.09279276000697043,1.2593103708010678,4.4687642591457815,1.160977969614808,1.3464204519766172,4.504577234278321,1.1400496029413176,1.3511023110047917,3.8848016549664695,0.13708837194501244,1.3543338537674818,4.289246335611632,0.936138781874906,1.5069354044099423,4.0970546266258,1.07122412120355,1.5308439679140342,4.399108944360929,1.2482384106046969,1.5656769418152363,3.8556739568720677,0.09348490759310309,1.296918309731713,4.095307216796466,0.5118736321778643,1.4440209128759478,4.219917779223688,0.9828317046005207,1.3452454653812287,4.080407581189111,1.3681918686223218,1.3541609346632142,3.9761578546202077,0.08687468190682897,1.4473346595428935,4.32889390380741,1.1911272875089074,1.5568244418339447,4.334784331992839,1.1697798190764106,1.5939564340003838,4.229845224151206,1.378214778351606,1.29899004853208
1.00907,4.146973979508451,1.351650320329125,1.2059719972275245,4.05459900787237,0.13155344781014186,1.159734531443169,4.448950857161192,0.9239540889508165,1.357143377661545,4.489333689542062,1.103343662146924,1.0979208390951827,4.4669500434972695,1.2039234092146116,1.4277894224992984,3.9905720952187753,0.09431800900592016,1.1460325540979581,4.3050353020680925,0.4737836592922043,1.2699245823389875,4.2948146983125834,0.9762271875048177,1.2683117371055448,4.307682697578798,1.3969537972105663,1.161366476432345,4.141242780950836,0.09292357376010629,1.2593130183612324,4.469864575379477,1.1613527918932633,1.3469285660317263,4.505716324885126,1.1404917606284906,1.3516295404445733,3.8843634267736737,0.13721082149137045,1.354358293142819,4.289084897554924,0.9358492493660459,1.5052889535489868,4.097326472725191,1.0709005960585611,1.530996720256533,4.399891784205462,1.2470166810401866,1.565656651668543,3.8552336160731655,0.09370398356318202,1.2968449112292748,4.096393276556837,0.5107937437317673,1.4458071783822446,4.218698779308513,0.9810358068241438,1.3435106841684314,4.080436952675793,1.367879551929959,1.3544192941996942,3.9754595779478,0.08690799777646423,1.4473074105869805,4.329454867387894,1.190156554984519,1.5569547457424529,4.335349016810914,1.168779645455927,1.5940408083139792,4.229693502947472,1.3777242368074782,1.298432374599695
1.01906,4.146582670458776,1.3519173006390819,1.2056970737656034,4.055000461444517,0.13291710232432555,1.1599909230851893,4.44885094340515,0.9241922213262806,1.3549813687110825,4.490006245705256,1.1032022096257619,1.0984961895000658,4.468507629076446,1.20507452878092,1.427918324898591,3.990679951610002,0.09623721650437476,1.146142637188415,4.30859436324709,0.4723085123609841,1.2713455702672771,4.293951657220197,0.9749134706346911,1.266362950665147,4.307407943488063,1.396650633402402,1.1605794820962312,4.141278656894969,0.09314750227427203,1.259310492247685,4.471132416195196,1.16208403045445,1.3473113978427032,4.506969791974528,1.1412231170667477,1.3520304049684617,3.883809538700224,0.1375462733837503,1.3544813677903251,4.289322987471012,0.9353152653083723,1.5035285438298411,4.0974409431413905,1.0706913408694785,1.5310810204281822,4.4008778052748205,1.245209529303149,1.566439170324746,3.854642958448097,0.09419106361045747,1.2968478761178437,4.097809025898457,0.5096694050407471,1.4478281541483122,4.217996247123465,0.9793641114275731,1.3417928995379045,4.080858091007043,1.3677279761623593,1.3546410840034755,3.9747903942293195,0.0870276761109142,1.4472354827389609,4.330076043898572,1.1887827474150585,1.5576328172048521,4.335818540625568,1.1673237404279189,1.5946796899343312,4.229916048582817,1.3772739870268143,1.2978419840288635
1.02905,4.146519996022932,1.3522632535085015,1.2057184084611625,4.055358809878994,0.13427359427593502,1.1603167422893557,4.4488981405756745,0.9242899157732325,1.3529305092336612,4.490236976088765,1.102811747991086,1.0991784235987125,4.470316801867536,1.2066195870667322,1.428064141980136,3.990782901932535,0.098067938045234,1.146346960975178,4.31165203198993,0.4710606560135121,1.27277581322672,4.293298918965164,0.9738934459291574,1.2647430531133033,4.3072028611527715,1.3964089826881736,1.1596538463701485,4.141390848534349,0.09344994978407313,1.2593273058306675,4.47251470557657,1.1631682712949194,1.3477276248789223,4.5083551242790145,1.142332614944711,1.3523953994019657,3.883121502877967,0.1381193713380111,1.3545153172190663,4.289783560873291,0.934587507850972,1.50198492472324,4.0975243138664945,1.0702399920763466,1.530789764010218,4.402160685306862,1.242431991169004,1.567946628890127,3.853903012847511,0.09494631245774197,1.296744045596476,4.0993540295241,0.508526135888956,1.450130511569177,4.21755987089737,0.9779168430572294,1.3404562557076996,4.081737411134146,1.367722499790388,1.355097899051604,3.974092461206125,0.08732024406396736,1.446960749697794,4.330837586011735,1.1866741670017298,1.5587216521262561,4.336276600370083,1.1650150294895225,1.5956868690816957,4.230558897006488,1.3769408662584544,1.2973915116218784
1.03904,4.146687765005459,1.3526458504629286,1.2060958194394251,4.05566643349307,0.13545222025548603,1.1606599556773938,4.448837433293874,0.9243276147790008,1.3510658976779404,4.4900677620933545,1.1024244068385913,1.0999565357421577,4.472057999864546,1.2081986234959248,1.4284596710300337,3.9908775127770477,0.09959596022920762,1.1466203640797856,4.314031888429484,0.47007223825321387,1.2741318463735092,4.292495620070969,0.9731343606247839,1.2636281573400212,4.3068733657339004,1.3962924271905477,1.1586290744563725,4.141558861434401,0.09378546843122061,1.2593565211522484,4.473812517561816,1.1644267771336592,1.3483026422178706,4.509715557711848,1.1437003031075161,1.3528361727705862,3.8824352233712713,0.1388559490904565,1.3543393114546896,4.290363917949722,0.9337612358587584,1.5008639067380898,4.097593050395121,1.0693778862907124,1.5300221746661948,4.40359154389953,1.2387825970804298,1.5697321616434747,3.85325089073795,0.09586034575664565,1.2963693756300396,4.100991330781906,0.5073508661877808,1.4527127018599881,4.217102150697352,0.9766913953831844,1.3397448459832069,4.082971275922091,1.3677898804490243,1.3558835152476114,3.9733782999537213,0.08780949643414097,1.4464914809153944,4.331673023240978,1.1838481475121503,1.55987701029824,4.336725025995741,1.1618870744063157,1.5967063988200363,4.231496399371219,1.376763208656684,1.2971397072293704
1.04903,4.146870759783951,1.3529958042582464,1.206589368824611,4.055860915515275,0.13645949101131716,1.1608956362240401,4.4487006712389965,0.9244193333160188,1.3489403242987432,4.490039680703345,1.1025165578472236,1.1006223068553305,4.4729542724540226,1.2097502066704244,1.428815775861798,3.9908521279150437,0.10087917490563196,1.1468820239199768,4.315746561209867,0.46943606607080823,1.275007491054982,4.291420152498236,0.9727144365385483,1.2628230086177445,4.306380185067851,1.3963522479119646,1.157561760061872,4.14165694270063,0.0941326747111468,1.2593157729378113,4.474591499572634,1.1657531610517906,1.3488168921553754,4.510594258398244,1.145213145671292,1.353274538062055,3.8820473760637637,0.13962428320065226,1.3541217612996728,4.291333386209102,0.9328393889865024,1.499963260414568,4.097309854920026,1.068603407553282,1.529406306006595,4.404681862317581,1.235238233390708,1.5710330618191133,3.853116550760993,0.09687281648947564,1.2957580472491128,4.103120769605338,0.5060698909870206,1.4555209512372989,4.216642651687953,0.9756862441997141,1.3395719082959885,4.084395232132834,1.367869285805431,1.35674309675949,3.9727139187450966,0.08821889951003062,1.4461545166735443,4.332207521277564,1.181070604388451,1.5607242414782296,4.336929730714359,1.1588789441473135,1.597447283824315,4.232506736335145,1.3766846873597278,1.2968622887848944
1.05902,4.146989785695593,1.353199335280054,1.2071765148779068,4.0560381811697,0.1372856749029257,1.1609675005071363,4.448544840847919,0.9244775632628444,1.3465502975747885,4.490156960293036,1.1030093319984,1.101074637275408,4.473022869368914,1.2111846142672746,1.429016526544015,3.990799164688521,0.10192347282780344,1.1470687768959598,4.317028735145988,0.4689870282053587,1.2755140112557761,4.290163667294141,0.9724990460785494,1.2622738346136768,4.305780281673527,1.3965138082861486,1.1566181704695664,4.141724999876638,0.09444585872631674,1.2592167743997715,4.474788859160686,1.1670323888838725,1.3491572100734046,4.510903736763066,1.1467085015410643,1.3536105477806235,3.881647673798517,0.14046080083554938,1.354064242550816,4.2927679963193235,0.9318607425538438,1.4992615974502022,4.0967456229000305,1.0679356420963575,1.5290449445497232,4.4053348117341,1.232195294550587,1.5714476491906721,3.8531674866364836,0.09805390834907185,1.2950995538956802,4.105635461528564,0.5047505160498329,1.4583957409272479,4.216259649393837,0.9748560984077345,1.3398717291351236,4.0858536027733985,1.3678524540515782,1.3575991399377896,3.972023538129133,0.08862720321126401,1.4459367215051149,4.33243845858912,1.1785959237977819,1.5609828132230021,4.336968237281765,1.1562735423069987,1.597642369196358,4.233461345742587,1.3766030741983963,1.2965855156049217
1.06901,4.1470490717810655,1.353157841421178,1.207996556409818,4.056339932649986,0.13791886680617188,1.1608800514878475,4.448475176328753,0.9242674968473522,1.344197333604268,4.490031091642317,1.1034650544517637,1.1013503068353085,4.47271333179777,1.2124930369668712,1.4290870401374784,3.99088619740604,0.10269705567545753,1.1471571298339387,4.318268632257851,0.46839352869897666,1.2760656957616776,4.289051818721388,0.9722735302556405,1.2619617461167758,4.305128353353736,1.3966331889429013,1.1559332729049059,4.1419005418608394,0.0947269604865896,1.2591163975145312,4.474583050657551,1.1682293382765483,1.3493287399882408,4.510810734876023,1.1481135146060462,1.3537864373811985,3.8806684784868257,0.14151949555788512,1.3543130449041123,4.294564621532411,0.930946162793943,1.498810545892318,4.096225372808928,1.0670622744155427,1.5286684785428968,4.405807663078407,1.2294667719933816,1.5709606019474012,3.8527198538996488,0.09955043474402366,1.2946070288729148,4.10812183621767,0.5035650010580932,1.4611570585771372,4.2161493840834785,0.9742174088649368,1.3405044888448407,4.0872108065148485,1.367651289639862,1.3585364152232295,3.971203070364012,0.08932529463912618,1.4456228241407039,4.332637172100568,1.1762489080347378,1.5605274725445815,4.337103948634621,1.1538217213369504,1.5971356242051309,4.23431284931156,1.3764451526445058,1.2964987498368734
1.07901,4.146900435616372,1.3530028031760373,1.209039918248289,4.056514320688513,0.1384698203877754,1.1606478418184223,4.448851743064311,0.923608843006473,1.3417892765556716,4.489578458750385,1.1038746573937541,1.1016759607252333,4.471417904584596,1.214288698329935,1.4288789791093068,3.990836947076044,0.10329104991565309,1.1472289616344578,4.319872760944462,0.46750711827856706,1.276479501824326,4.288845738131142,0.9722762108494295,1.2613569358921157,4.304167680068322,1.3966967058814708,1.155084159797913,4.14213155376263,0.0953095570964842,1.2589080387702487,4.473839380643496,1.1697608540860989,1.3493745990325305,4.510214432020515,1.1499826588163446,1.3539548955845395,3.879634635384369,0.14287108669075277,1.3547358585671565,4.296624411777392,0.9304422991183418,1.4981733895330318,4.095635464132332,1.066125797232026,1.5284605611438957,4.406474018546062,1.2265557210437474,1.5699567237787289,3.8523204349492546,0.10141053584554066,1.294105113618893,4.110752021524251,0.5026416362549448,1.4639007220644984,4.216982325404646,0.9742489196456187,1.3407582287323159,4.088373575855956,1.3674588661806635,1.3596248490790366,3.9705649026352905,0.09018155310796594,1.4454175610623972,4.332887075160266,1.1739815159419797,1.5596252053780741,4.337240571354243,1.1515084821065742,1.5962501451807407,4.235020579912828,1.3764121318165343,1.2965300692642303
1.089,4.146373512118952,1.3528005634023537,1.2101984841181659,4.05643959668934,0.13900304014166526,1.1604154100712991,4.449645721164353,0.9226523721332657,1.3393071230903881,4.488858291134319,1.1042783393150901,1.1021414951141166,4.469358122189208,1.2167830611801964,1.4284078461212981,3.9905273324503328,0.10382779236378732,1.1474067668694135,4.321825548638205,0.46642217318241197,1.2766296520611864,4.289500116515618,0.9724664930823833,1.2602650868343428,4.302694410070956,1.3966628986333296,1.1539089336610489,4.142329086353602,0.09614077249279002,1.2585881729859747,4.472767340277844,1.1717583923233534,1.3493625256387223,4.509337933160498,1.1524706939854736,1.354170837182076,3.879115099692418,0.14426519140501232,1.3550700370344912,4.298748736224511,0.9303787963913703,1.497162550256941,4.094909416354887,1.06528907948397,1.5286072429426065,4.407390174726398,1.2233053144127366,1.5688099700526004,3.8523844923039836,0.10328299258740657,1.2935226644170252,4.113344626183978,0.5020342867573906,1.466312929368522,4.218605697094924,0.9748503933773802,1.3403543566408715,4.089323440545529,1.3673596446508418,1.3609199973396988,3.970376674602116,0.09099547057540837,1.4453864105429635,4.333188475510267,1.171700460394154,1.5586199940669647,4.337355569322826,1.149230050022217,1.595314137855661,4.235475879230901,1.3764935608292512,1.2965712190718546
1.09899,4.145358745058502,1.3523782398378896,1.2112886410860386,4.056445736224118,0.13943809803251142,1.1605347162456299,4.45002258659329,0.9220795979110983,1.3370614307019224,4.4880088134375375,1.1045769632090248,1.1024978171931452,4.468729654315911,1.2191679294079931,1.4280665439855011,3.9903489393127582,0.10441558716443748,1.1478144492530642,4.323383028590583,0.4655473922436971,1.2768201855182952,4.289341762553467,0.9720855391173897,1.2593628571107505,4.30077221207544,1.396378745744216,1.1530014104427653,4.142451744969519,0.09632623881849506,1.2584190182483692,4.472319160628048,1.173630966043741,1.3493803270534945,4.509088422153514,1.1547206558702592,1.354206549426534,3.879105783280135,0.14496895514103253,1.355004480611914,4.300589033052556,0.9301069884540937,1.4962977865689107,4.094304499776213,1.0644834418891864,1.5290317386770087,4.4080038047953884,1.2203080002029447,1.5676322712865134,3.8523961653335035,0.10422026248947096,1.2931802798104302,4.1148209185520885,0.5016812646398549,1.4672685419394682,4.21920293993902,0.9746803570295421,1.340099048809871,4.090159103816059,1.367090396009513,1.3624609970708914,3.9705674445196433,0.09169031764214289,1.4451209034845356,4.333502672815344,1.1691597738835666,1.5577491814964148,4.3377493735203245,1.1465982705514965,1.5943802694391291,4.235466804685695,1.3761686476811017,1.2966001317810816
1.10898,4.143972412586165,1.3517866908245635,1.2122813005763649,4.056598396913075,0.13978951601964917,1.1609514969398398,4.450029033178566,0.9218971686356523,1.335154596746368,4.487139526299264,1.1049100354652763,1.102780570689065,4.4692302288211705,1.2216185778291129,1.4278512982467975,3.990364643425855,0.1050666356831251,1.1483507703644311,4.324527687336201,0.46496932415249487,1.2769537803409876,4.288478326157273,0.9712836727332794,1.2587260006935042,4.298464429105796,1.3959173044736324,1.1523466857177738,4.142520154947014,0.09587965309843371,1.258390757613152,4.47235770972103,1.1755610548761817,1.3494259050843276,4.509336782942835,1.1569541585769667,1.3540968173281334,3.8793579240104017,0.14503529498065562,1.354695473552408,4.30211623991164,0.9296311728157035,1.4956406579123103,4.093880486572799,1.0637069950777605,1.529648418131782,4.408310996503474,1.2177811635489564,1.5664061341357163,3.852238906228449,0.10434057207592402,1.293097424148354,4.115228906300534,0.5015889929761699,1.4668866450500921,4.218881062758978,0.973870420915556,1.3400537563575226,4.090849889547538,1.366638134158993,1.364126082810593,3.970903934739017,0.09217108042405922,1.4446651141745122,4.3338158256133905,1.1665844565414454,1.5569688565906048,4.338362194787705,1.1438813193239528,1.5934440837944503,4.235071106113993,1.375517824422197,1.2966156895149363
1.11897,4.142472851593253,1.351221414779776,1.2132644978350406,4.0567349955370196,0.14014163339571373,1.161337069770195,4.450335545042217,0.9216151249250262,1.333536017583522,4.486302782810849,1.1055012619644258,1.1031969283794407,4.468915953041901,1.2248549213321853,1.4274818924014823,3.990364347857451,0.10572268430192297,1.1487939298286471,4.325755233373603,0.46451234383754986,1.2766825221850044,4.288272882222801,0.9708054445585641,1.25798873337112,4.2958557337758885,1.3954758263191425,1.1514997111059624,4.142582364067874,0.09546820367517718,1.258300767738308,4.4720413621220025,1.1781391034459174,1.349429534833855,4.509281658135588,1.1600009611556208,1.3540395594683132,3.879541799189035,0.1450594114252825,1.3545774170873268,4.303524945640591,0.9294440681453912,1.494925275550084,4.093545779730879,1.063006868103729,1.530360225892416,4.408701513559242,1.2156057511550216,1.565088003722337,3.8521587401061352,0.1044734016150116,1.2930621463304826,4.1153727594810015,0.5018345081880956,1.4661619425087926,4.219097937616072,0.9735708112939606,1.339733965589885,4.091296756764606,1.3661936039115041,1.3657070354147232,3.971103510852316,0.09237402786091985,1.4443883862094518,4.334135975545295,1.164463644407107,1.5560844761048307,4.338895110487036,1.1417169213073106,1.59248885959915,4.234555132341435,1.3750271775802245,1.29663469698758
1.12896,4.140976635815285,1.3506314622181839,1.2142743198013553,4.0567711800598465,0.1404946712570923,1.1616581045832264,4.450964028750943,0.9211124788367393,1.3323498337080675,4.485414625335085,1.1060125337712505,1.1035622969632655,4.468177212023734,1.2280691949235891,1.4269970628116069,3.990270886029892,0.10633814624071218,1.1491931325954434,4.32698924150523,0.4640808407544804,1.2761437222038179,4.288757381272879,0.9705319843105992,1.2572839646951135,4.293252949640463,1.3949480494845723,1.1505538602956527,4.142602541599443,0.09513832780984464,1.2581530679005217,4.4715542056900235,1.1806860242463308,1.349341133260253,4.509077328059809,1.1631134642822285,1.3539092276826126,3.8796350192699633,0.1450831303419596,1.3546370714414948,4.30481284080581,0.9296566584639768,1.49433031390649,4.093358760868488,1.0623229216592465,1.530940618499306,4.409141103230916,1.2137716070186502,1.5638965786668368,3.8522676079685265,0.1046019048775358,1.293044539235732,4.115068324637034,0.5025372217002241,1.4652724739141654,4.219882546793348,0.9737757534027229,1.339276693933475,4.091603813537046,1.3658458237388638,1.3671766368963478,3.9711271717721464,0.09250799620943266,1.4443274541237616,4.33446579565535,1.16272595631711,1.555198309422802,4.33938856548183,1.1399351949663257,1.591545197619138,4.23395507324561,1.374659525894501,1.296718227940578
1.13895,4.139531487035005,1.3499150995654587,1.2153810295350524,4.056740279152044,0.1408441385000125,1.1619342425339678,4.451759679758083,0.9204329888422561,1.331672458228186,4.484504797883031,1.106277431410037,1.1037082624560905,4.467617864239624,1.2306693231941006,1.426428812644684,3.9901288357702014,0.10690900974354602,1.1496077379779988,4.328135396891105,0.4636360124083667,1.2756040763826892,4.289620028183557,0.9702732760595063,1.2568305738906804,4.290827201459912,1.3942404491923726,1.1497014785639952,4.142596863368417,0.09483364235230068,1.2579987526052572,4.471181405452135,1.1827066260284507,1.3491134299873566,4.508983497572034,1.165707674105161,1.3535783456348878,3.8796897486358577,0.1450345817318542,1.3547227242762234,4.3059929614492605,0.9301478777276291,1.4940442133443412,4.09331629300514,1.0615901862336985,1.531373290811233,4.409478696420304,1.212261028099534,1.5628745526789627,3.8525145775741114,0.1045717154102828,1.2930381385602345,4.114150707777515,0.5036495356213,1.464178268286194,4.22093349397814,0.974232268713369,1.3389529627750956,4.09189947690209,1.365572615222058,1.3686335676604953,3.9710434876779153,0.09272151222087695,1.4443765187326296,4.334768741769662,1.1611887412656767,1.5543818256983137,4.339906482565597,1.138284844764468,1.5906185951625655,4.233285480561633,1.3742862033012633,1.2969307998954949
1.14894,4.138146838724822,1.349033715883497,1.2167330809083738,4.056834113922266,0.14122459089225184,1.1621208461899373,4.4526264567420135,0.9197036651085869,1.331338402386158,4.4838712924594635,1.1067572815039979,1.1037243312656344,4.466882930182678,1.233315831551869,1.4256298532066043,3.9901175069329273,0.10749685273661831,1.1499661723875425,4.329386979062428,0.4631990694201729,1.2752820930019293,4.290705792088104,0.9702142974934523,1.2566988075209093,4.288381674805987,1.3934676684321547,1.1489902799093652,4.142714845050585,0.09466889805063079,1.2578612161664087,4.470798811208148,1.1847602892102909,1.3487022788327252,4.50889780465181,1.168393505615814,1.353108260397853,3.8797174496122415,0.14496088152040776,1.3546993625920252,4.307211040824102,0.9306086590997005,1.4940050753707301,4.093225364121177,1.0607985248779643,1.5320796358828424,4.409610405026318,1.2109795643710122,1.5616087462027952,3.852641783916558,0.10447630230223327,1.2929760815464169,4.113062105139992,0.5048058378553809,1.4629162542288963,4.222184511106354,0.9749173642984628,1.3388982533845988,4.092242090379977,1.3652147533908296,1.3702877976123824,3.9709744155075692,0.0928936635209568,1.4443709088915713,4.334946895556145,1.1597998354442336,1.5534820093034631,4.340360918428358,1.136839113084905,1.5896432331351125,4.2326574896631115,1.3739223070300943,1.297309483348306
1.15893,4.136925669490024,1.3481355806105013,1.2181946932334509,4.057033500328638,0.1416327529465803,1.1623791182878327,4.453495059552667,0.919005449747456,1.331213396393151,4.483429468670041,1.1075134825993047,1.1036271442877799,4.46611791304894,1.2357903727583222,1.4248322038875405,3.9902257666315766,0.10809904553114486,1.150360849671937,4.330599102046323,0.46285334711217013,1.275341580243296,4.291928642864834,0.9704450003588311,1.2567818061538172,4.285986947848097,1.3928132737645882,1.14833163361624,4.142887745397482,0.09461777095608301,1.2578837029766072,4.470472203902513,1.1867621302171687,1.3482241552440106,4.508869320929151,1.171045085696652,1.3525668091153547,3.8797342867868667,0.14491519022779475,1.354598291021726,4.308380867156288,0.9310013821435907,1.4941013851482452,4.093142196348199,1.0599427371765158,1.5329601108345403,4.409626350941074,1.2099323548341288,1.560141355645439,3.8526305441660273,0.10440656689495688,1.2928797698555576,4.111937394747465,0.505950619662276,1.4614495791720283,4.223552555900235,0.9758426826154384,1.3390132259065466,4.092755867862472,1.3647598611177745,1.372066566444598,3.9709559547160693,0.09295434484800484,1.4442928569276352,4.335040847555899,1.1586218862467954,1.5524960258996823,4.340764003319913,1.135654014635647,1.5886127718932257,4.232175309804865,1.3736310344976954,1.2977634311618724
1.16892,4.13598659351127,1.3474563240131927,1.2194803566384984,4.0571652669326,0.1419934638974164,1.1629792028927826,4.454316901841382,0.9183792451948334,1.3311734190246876,4.482879973338637,1.1083392700651196,1.103332811521657,4.465773388450869,1.2373804013816072,1.4243984072127656,3.9902480147269923,0.10868646452140601,1.1510544038201538,4.331426440499315,0.46270823690075746,1.275777977818263,4.293217844840103,0.9709333240685364,1.2568725819621214,4.283867205766246,1.3924499062162172,1.1475865501847775,4.142932422836084,0.09440734033386045,1.2581910979700233,4.470377834143561,1.1882407160757893,1.3478221733940832,4.509035142988572,1.1730971290657308,1.3519635874113571,3.879761338819223,0.14492968999600864,1.3545582255736233,4.309320795962636,0.9314771863376238,1.4942069460502623,4.093267894075177,1.0590246395999254,1.5335719013660214,4.409722912026211,1.209158603521537,1.558745955036566,3.852641829055208,0.10441560032081457,1.2928309899106851,4.110662308392558,0.5072609009736028,1.4597350187695934,4.224928425940345,0.9770024629310035,1.3390757197012295,4.09357977796431,1.3643191948931959,1.373742477795436,3.9709532544565724,0.09291071228905304,1.4442364471872173,4.335180279952835,1.1577320375213216,1.551466515661622,4.341210598768306,1.1347049356367696,1.5874992404879578,4.231896489794742,1.3734810479581705,1.2981365506301326
1.17891,4.135140199359821,1.346957492719516,1.2207130839454055,4.057190150508581,0.1420378173937772,1.163893640131271,4.455068320949054,0.917883073620874,1.330917581496956,4.482477222646812,1.1095394547532638,1.1026563544961947,4.4654289890721355,1.2389234047940954,1.4237664607100962,3.989818539432559,0.10937933072857076,1.1524539941388972,4.331984364390102,0.46278335398354076,1.2759390040751353,4.294377242255226,0.9715758569889387,1.256897618443658,4.281797357673669,1.392313430107078,1.1468391681671901,4.1430138770690705,0.09316319861712258,1.25833121595129,4.470314898181733,1.1897987269535206,1.3471396517491347,4.509215810341869,1.1752166308410659,1.3510741303576008,3.879807491292445,0.1449597883400612,1.354605460279586,4.310346038499342,0.931977019448466,1.4942085882309928,4.093460551684128,1.058085859478846,1.5340048411566285,4.409882286223128,1.2084407896586082,1.5568564143347354,3.8527000461397987,0.10448558646937439,1.2928383886104808,4.109354827022501,0.5087132493730664,1.4580223194566668,4.226242797763526,0.9782677841927517,1.3391168206046098,4.0946351051990195,1.3639822303376568,1.3754797784773778,3.970939645231589,0.09283815428345549,1.444249519841945,4.335366514768556,1.1568835384605465,1.5499732360870409,4.341747380273043,1.1337741899781744,1.5859015610168645,4.231714700469995,1.373441007470472,1.2984401081580375
1.1889,4.134312887571189,1.3465629417098026,1.2220310312494618,4.05727520889598,0.1415467104559156,1.1649767126579704,4.455827084940244,0.917474357787554,1.3303675000142332,4.482278144004495,1.111166839488716,1.1016183357505216,4.464868701528904,1.2411231435977947,1.4225762526585,3.9889411782268223,0.11019836796484851,1.154571759193735,4.332523143611257,0.46298840422910725,1.2755201050438858,4.295448923068789,0.9722769074382602,1.2568192387995716,4.2796128874089385,1.392292785194148,1.1461273289702039,4.1432248389628565,0.09040887452415496,1.258133290489666,4.470177379349234,1.1919164669839062,1.3459978926240694,4.50931670048416,1.1779172030988931,1.3498134439283018,3.879845596552591,0.14498241643965573,1.3547082790490799,4.311630590647586,0.9324058736223562,1.4940480714773683,4.093604594843073,1.0571618269388445,1.5344120230602325,4.410072314150841,1.2076281898502987,1.5542513332485635,3.8527791910295592,0.10456955096747228,1.2928861056976009,4.108021669007783,0.510276917149421,1.456406659891261,4.227569694586966,0.979535397028014,1.3391254963679748,4.095855074272776,1.3637435864881484,1.377362719775293,3.9709009603905243,0.09280819936484372,1.4443458846806472,4.335582010966464,1.1559192619554675,1.547905446611933,4.342366232308179,1.1327492477129586,1.5837395937721745,4.231598121516125,1.3734582197919352,1.2987328013560475
1.1989,4.133810167027024,1.3462857011605678,1.2233510907668403,4.057864088937312,0.1405232615358019,1.1660473939463654,4.456821357998655,0.9169217836080152,1.329956075999682,4.481679351886785,1.1125313640802241,1.1006660430956459,4.464748228660455,1.2434966529953215,1.4213913025446594,3.9883764979010756,0.11089800145400448,1.1566220921410053,4.333257932683501,0.46308719698701434,1.2752381445536656,4.296955025821518,0.9729909036541246,1.2565946297685047,4.277524344363067,1.392329392268836,1.1452812541670805,4.143322946638489,0.08678261752277273,1.2582721642326,4.4702477453242295,1.1941986501116766,1.3448411030216618,4.509578839698454,1.1806897427216225,1.348492726636572,3.8797931400841446,0.14505639098524198,1.3547954030036329,4.312793040884562,0.9327350399127393,1.4937686715291922,4.093832482140773,1.0562583409294901,1.5347533674073526,4.410367611500943,1.2068288136410803,1.5518264143105445,3.8528441918462355,0.10461133416348961,1.2929538666098863,4.106340381215469,0.5120178287356733,1.4545512020709903,4.229197363303279,0.9808178693236288,1.338876567057885,4.0973151268628625,1.3634433894255282,1.379100859651637,3.9708393395226107,0.09284240057134494,1.4445008922846359,4.33585449615034,1.1550255791749444,1.5459837022554355,4.342992218949158,1.131809554043543,1.5817306362843806,4.231733910712299,1.3734970851868065,1.2990556085267257
1.20889,4.133504807153689,1.3460552120379863,1.2245431153993618,4.058850258455905,0.13917661653082758,1.1670493731012275,4.457809543078784,0.9162299557617829,1.329805246202307,4.480942836519039,1.113721960435014,1.0998721449311981,4.464959446368429,1.2456890076109806,1.4204630841759107,3.988232601399842,0.11144222782054566,1.1584196754871383,4.334206337272901,0.462989484906556,1.2753420802708046,4.298589937384772,0.9735702022339463,1.2563218242160146,4.275561345759325,1.3923550370167124,1.1444017570268463,4.143295027756745,0.0829463737863165,1.2588012001582012,4.470465819530083,1.1963922954512798,1.3438432063040007,4.509944601752009,1.183289498720462,1.3472885062565552,3.879663496293627,0.14515773842758528,1.3548194476750426,4.313670939804805,0.9330111175931503,1.4934954784029806,4.094092251764001,1.055493714476366,1.535185400220855,4.41088830656969,1.205786367477318,1.5497199392387333,3.852888331136622,0.10462260765176169,1.2929769800658197,4.104452693675385,0.5137468300049145,1.4527815379631868,4.230831305184436,0.9819912721885095,1.3384817616917737,4.098871323657905,1.3631073208673086,1.380634555912535,3.970735232296131,0.09291791132659302,1.4446356524886035,4.336244176439335,1.1540418781551929,1.5443455892493554,4.343654277341037,1.130776660898844,1.5800033149314638,4.23196945627481,1.3734812023528478,1.2993444084998313
1.21888,4.132985929325055,1.3457716496466168,1.2255075262068444,4.059759731086964,0.13783518101243644,1.167995374185179,4.458302456199978,0.9155701431295484,1.3297547321919754,4.480825384786946,1.1153094694530268,1.0990393699706367,4.464899214865611,1.2476072352240968,1.4197071568971533,3.9881146224988604,0.11198448451587503,1.1602110136902406,4.335254835507786,0.46273159757565746,1.2756170694804632,4.299561420306158,0.9738278928486229,1.2561384152139352,4.273604020352854,1.3923031033237503,1.1437441235135777,4.143294546364634,0.07936429255782274,1.2592558107864298,4.470551530899425,1.1984468118402523,1.3429257036102074,4.510167615552008,1.1857523274309953,1.3462251834566095,3.8795367664272398,0.14520868190976036,1.3547724038326898,4.314298482134694,0.9333198670917215,1.4933506734561621,4.094211221029989,1.0550026048902899,1.5359307417353287,4.4117189772800085,1.2040738531731254,1.5475148030501824,3.852925221199824,0.10464920580966823,1.2928932982245531,4.1028059017486385,0.5151391259687524,1.4517716081752368,4.231857084879263,0.9828601444542167,1.338226382532931,4.100257103609029,1.3628865684619298,1.38211085213128,3.970573314568863,0.09299386004859467,1.44466777686623,4.336800938222844,1.1526004808449364,1.5426839417595437,4.344430498258458,1.1292650082808653,1.5782437524952349,4.231952037566369,1.373332753588782,1.2994938091171047
1.22887,4.1323449803508545,1.3455741562784196,1.2263511021388662,4.060592871004569,0.13672934898645,1.1686967480657862,4.458497546265997,0.9149328408721011,1.32971864762087,4.480803090549303,1.1167747187790258,1.0983411335934457,4.464949836924786,1.2493551449189135,1.4190568331511022,3.9880827369543304,0.11264778487974372,1.1615768196924487,4.3363873492991765,0.4623309863175034,1.2758684735395984,4.300137519146634,0.973793700156452,1.2558168989364056,4.27173913269961,1.3921774636249424,1.1431810896410977,4.143235228961788,0.07601753442584516,1.259446114981403,4.47067299071779,1.2002941256127697,1.3421432591617868,4.510399758088569,1.1879175028149156,1.3453205425528318,3.8794192091542814,0.14522932681178838,1.3547284591262436,4.314532727857274,0.9336614470073263,1.4931652540570353,4.094257951592063,1.0545599763183418,1.5366533892857106,4.41262037720994,1.202014386085994,1.545625798052164,3.8529506217960887,0.10463043362040707,1.2928291998914203,4.101415141318703,0.5162088277938179,1.4511361988704476,4.232448584948056,0.9834351765415482,1.337821343849644,4.10149579129883,1.3627554837769777,1.3835687189680534,3.970456554524385,0.0930938585722111,1.4446944293110293,4.337403731495727,1.1508713381337228,1.5412329362688542,4.345178967268275,1.127448264278655,1.57670084977434,4.231786582677867,1.373138756859973,1.2995976282969426
1.23886,4.131757274673893,1.3455958071283267,1.227236737593326,4.061426965043036,0.13597473060282986,1.1691167134036733,4.458631276447768,0.9142868652716292,1.3296414357647623,4.480291832463281,1.117688739177794,1.097857018828147,4.465460451612266,1.2509734094948477,1.418446044368196,3.9882546555628515,0.1134775979805988,1.1622231841977224,4.337545690261297,0.4618252267965747,1.2760790586563353,4.300648542829938,0.9735774891485701,1.2552215361396333,4.270036403136334,1.3920584634971929,1.142628258286275,4.143002361225798,0.07279352767802004,1.2594290045881178,4.470978241159709,1.2018688642230966,1.3414996740699332,4.510772361668283,1.1896460897330987,1.344524429305261,3.87929738940259,0.14526167455871172,1.3547477814186382,4.314362443638077,0.9340025437757551,1.4928104516637897,4.09427103548994,1.0540139667531447,1.5371148428999593,4.413404522207996,1.1998733790373035,1.5443019349782616,3.8529508406326323,0.10455601182962976,1.2928715961672474,4.100236898789036,0.517034108680766,1.4505523145937627,4.232867734295003,0.9838089405299503,1.3370808001435994,4.1027089826656775,1.362694642040512,1.3850594245442136,3.9704420945017516,0.09323763336120226,1.444784973166312,4.337938204286541,1.1490257498349152,1.5401307698316855,4.345778526684089,1.1254984533553567,1.5755185620211745,4.231652196980369,1.3730080341488498,1.2997955602798066
1.24885,4.131243279536018,1.3458108636926418,1.2282974756009983,4.062196750268572,0.13552259088661137,1.1696163219867406,4.458594821653302,0.9136759899643078,1.329467935057086,4.479386906967516,1.1184523152494201,1.0972704613052366,4.466114261066195,1.2522784697640374,1.4177930925913484,3.9885726166204947,0.11439391234475398,1.1625087763390012,4.338542315982517,0.4613038596395504,1.2765261613820016,4.3008922293704135,0.9733066097219163,1.2546012487461518,4.268410477107122,1.3921200507475184,1.1423064777625531,4.142585213560455,0.06968950545699239,1.2595353650602974,4.471302554426292,1.2031289341374336,1.3408213497010695,4.511133617264989,1.19096696045677,1.3436652014062314,3.8791698932587764,0.1453276644852526,1.3548134357277095,4.314130575372177,0.9343034919507716,1.4924034412665028,4.09409697883243,1.0535631092763782,1.5375903349381512,4.414176963524542,1.1973629485846693,1.5429834955451733,3.8529103718176136,0.10457111489847916,1.2929198924379128,4.099377813786781,0.517611596891833,1.4504419577366305,4.233058760491295,0.9840998304533036,1.3363542314713392,4.104021036627155,1.3628022464313565,1.386718854454139,3.9704318515110333,0.09339639041000396,1.444850131871106,4.338412717618657,1.1469140329681193,1.5390089363052026,4.346287254927383,1.1232474926267006,1.5743038663103632,4.231583309054471,1.372987607518,1.3001819644215507
1.25884,4.130784112198148,1.34620226204352,1.2294986860983144,4.0629665788803155,0.13522870342888044,1.1702401488495715,4.4584031486970845,0.9131784095511033,1.3290180473402085,4.478136795613739,1.1190873072042336,1.0965431029326187,4.466817861405734,1.2533441769731037,1.4170000156560834,3.989014152623814,0.11535889995457861,1.1627001667530683,4.339424108195592,0.46084800435716794,1.2770447771450875,4.300832354635323,0.9730709005846507,1.2539116809585773,4.266877644065874,1.3923685914039325,1.1421717534958085,4.142105920150526,0.06660419240436016,1.259713663094028,4.471578169168329,1.2041183326266613,1.340035954887237,4.511418522554643,1.1919355279909203,1.3426861660151936,3.8790887635846096,0.14543342608337873,1.3549089976799984,4.3139940689084915,0.9346049016659683,1.4918792870281796,4.093849803626106,1.0531898322853757,1.538038591582345,4.414974393892628,1.1945639424355112,1.5416205778847496,3.852895759167747,0.10469215468735017,1.2929519320737068,4.098793111056512,0.5180553695488067,1.450660869279895,4.2330472377875275,0.9843796665963563,1.3356530692001949,4.1054757342444965,1.363084405077577,1.3885539521408603,3.970424219172454,0.09352610142793341,1.4448947557048821,4.338911202044668,1.1445610228362622,1.537794992440509,4.346813042390463,1.1207007777392488,1.5729620638925754,4.231580577791745,1.3730900008208045,1.3006898007017258
1.26883,4.130354851847618,1.3467491938321838,1.2306949405183645,4.0639135914206905,0.13491193305654003,1.170778932396933,4.458206286680056,0.9128710458135342,1.328106754125365,4.476548969099108,1.1193011178388828,1.0959119928675949,4.467628078241368,1.2544407743815522,1.4160271259163382,3.989627557098335,0.11637073510030366,1.1628848471652777,4.3404175809422645,0.46051359414434573,1.2772010919729846,4.300638517366383,0.9729228214481324,1.252908309719581,4.265537065774779,1.3926688101718883,1.1419793655135035,4.141734983498312,0.06340654504364727,1.2597003751419191,4.471802657305966,1.2049529364697393,1.3392120231202238,4.511620264798606,1.1926370232083545,1.3416846570394518,3.879119212381369,0.14557971588041474,1.3550182102651165,4.313930236151986,0.9349862856216948,1.4910568571721468,4.0938177935142175,1.0527503706242742,1.5382484614821983,4.415776728596432,1.1918563792020167,1.540585869869156,3.8530026502805845,0.10484057558499514,1.2930072732764928,4.098331531339976,0.5185471607482135,1.4506420514206215,4.232964437067444,0.9846793234213185,1.3347203660720863,4.107054987459429,1.363467332078441,1.390458423518956,3.9704810276255724,0.09359425034491742,1.4449899393835373,4.339550469721189,1.1421642285946907,1.5366998038293074,4.347469341113372,1.118053356224274,1.5716995759241967,4.231634647629915,1.373298524604965,1.301153613671815
1.27882,4.12998940732039,1.3473000246715272,1.231854013907699,4.065188144191677,0.13452162094086043,1.1712226234632304,4.458169897679313,0.9127167678620705,1.3270447443200004,4.4749386381176635,1.1191547176851344,1.0956856472206262,4.468130177556684,1.255671177466854,1.4151955003520797,3.99059487394289,0.11737910934794583,1.1629219443365324,4.341638323788067,0.4602863682750771,1.2771583012219305,4.3005955220397105,0.9728864535062268,1.2517197693325806,4.264417668386575,1.3928981561178173,1.1416990807516032,4.1413885218824875,0.060275213654736565,1.2598614101755625,4.471758910377774,1.2057713601065425,1.338637710277756,4.511536964490577,1.1932794529937523,1.3410148705435703,3.8791773804498537,0.14579535589201348,1.3550869535044328,4.313932933216863,0.9353901905001085,1.4900320776573064,4.093981768711934,1.0525168879069309,1.5386954128688515,4.416697554995549,1.189363331774424,1.5399210452222465,3.853134041550406,0.10505791283153736,1.2930278590059097,4.0979948441573635,0.5190890568690403,1.4503523641714835,4.2329956207586354,0.9850244987117341,1.3335788837828246,4.108757932089261,1.3639049693591303,1.3923197631679731,3.970515598639497,0.09366784229895221,1.4450807368204281,4.34036028407867,1.1399316214768982,1.5359194902793754,4.3482759993892275,1.1155934441869406,1.5707759995962782,4.231756003851981,1.3735601921777236,1.3015516945683074
1.28881,4.12971231248384,1.3477781218824114,1.2330202997554174,4.066842067963366,0.1341856561321255,1.171641767358422,4.458352504723644,0.912710923142862,1.3261261929986468,4.473579028366409,1.1188749779157376,1.0959436737416597,4.468190944191733,1.2569794331783002,1.4147407495660376,3.992001333753602,0.11850988050964587,1.1627835010666125,4.343268244137728,0.46014957119735467,1.2771050286670689,4.300841691323752,0.9729799348937065,1.2505173628113146,4.263502599036845,1.3930432600539042,1.1414379328278972,4.141002511040315,0.05740719790538968,1.2604155478335983,4.471439342840192,1.2066246528361013,1.338470836343859,4.511174833479029,1.1939729740000946,1.340847393567109,3.879191350581706,0.1460434186722447,1.355092198596482,4.313950645628977,0.9357438475976332,1.4889420584326998,4.094288936270112,1.052655723325449,1.5396967399901718,4.417794366566726,1.1871649164548754,1.5394684589878758,3.853199820600606,0.10531379804862845,1.2929905170813685,4.097772616543796,0.5196364456883485,1.4497856302326544,4.233203290208227,0.9854158555405816,1.3323244748721808,4.110521215149305,1.3643749200731687,1.3941032616726292,3.9704783923062257,0.09377501550136036,1.4451235509752416,4.341320444664652,1.1380207838352132,1.5354556310718295,4.349222766131035,1.1135325310814381,1.5702309020064356,4.231941579545925,1.373858655137917,1.3019551966052507
1.2988,4.129494642286433,1.348329331527202,1.234306196545133,4.068748494017293,0.13427612128688252,1.1721282348410456,4.45859937358277,0.9129755154872613,1.3253132893019006,4.47246573945735,1.1187715214488723,1.0962929423859737,4.468500006751026,1.2581194062648864,1.414508975615868,3.993658383273166,0.12023182165144217,1.1627884207620252,4.345655125316548,0.46012522589693855,1.2769105872431321,4.301166737941673,0.9732247999299375,1.2493265684171415,4.262735102189357,1.393285961714333,1.141424423890714,4.140704916723532,0.05484057959337835,1.2609106888929602,4.471361841062684,1.2073852988018272,1.3384860424964142,4.511050506292207,1.1945666649661062,1.3408466077223808,3.879203191331542,0.1461510813653498,1.355090763032208,4.313832581154636,0.9360338127200436,1.487836796863085,4.094809947321496,1.0528673628584284,1.5408323125825483,4.4189206486277675,1.1854347780133416,1.5389206751366773,3.8532421673044537,0.1053733149844326,1.2929959420144932,4.097533948127435,0.5201688994523507,1.4486648821961727,4.2333846585930965,0.9858098183506662,1.3310223534733652,4.112149034706067,1.3648791591092377,1.3959212733329112,3.9704804269492495,0.09381136928370133,1.4451728676667497,4.342360874647906,1.1364957062883057,1.5349639493992733,4.350290366507308,1.1118869737976105,1.5696675601374788,4.232148797904247,1.374267155080504,1.3025191076344482
1.30879,4.129345328662333,1.3489827938742256,1.235693352888289,4.070697428049366,0.13481326558112847,1.1726874302746793,4.458816753124357,0.9134818757926652,1.3248128818450386,4.471602279894501,1.1189636109962315,1.0965900200617837,4.469262662689952,1.2590210055857918,1.4144359927080037,3.9953629884543767,0.12247361942995627,1.1629999714077974,4.348533663768735,0.4602283322254568,1.276684118739392,4.301478402539473,0.9736046629164445,1.248355261876581,4.26211657596339,1.393682743284656,1.141768811221359,4.140474197311025,0.052650299401635355,1.2612229842087506,4.471690010307139,1.208020609344016,1.3385970963420277,4.511331651533607,1.1950344997524576,1.3408903126470078,3.8791862761284315,0.14611875519537643,1.3550579338605035,4.313480043704618,0.9362738364065076,1.486934289562232,4.095466876952753,1.052971441463084,1.5418559188455985,4.4197910195389,1.1844953493978785,1.5383353050956414,3.8532385314485995,0.1052303413697816,1.293023598337432,4.097187537297003,0.5206706540419702,1.4470877508816224,4.233453387991916,0.9861983316040888,1.3298813837449255,4.113474865742332,1.365372837275657,1.3977722306720275,3.9705108465003125,0.09377738125789019,1.4451966547414514,4.343280358347098,1.1355589432427262,1.5344290037018213,4.351301254737056,1.1108466374948924,1.5690538795265416,4.23233115870176,1.3747842964021355,1.3033204760920427
1.31878,4.129292771999051,1.349657459125859,1.2370447862725817,4.072483520228435,0.13552354155907437,1.1732594720706613,4.45899448894396,0.9140908855362798,1.3249469174588293,4.471023439771799,1.1194150754049512,1.0969083910227435,4.470208748414531,1.2597949761310538,1.4145343014719507,3.9969695025927368,0.12474218435296407,1.1632597956285375,4.3512371919442705,0.46045769796120883,1.2766913499410553,4.301808497221333,0.9740667552918,1.247878672541634,4.26167307399367,1.3941683444794442,1.1424290894402371,4.140190893660901,0.050919028985202536,1.2615365394701281,4.472246850178338,1.2086122001050386,1.338833025581456,4.511851942404015,1.195497698773752,1.3410412364691653,3.8790760762682983,0.14607728091732305,1.354929234290976,4.312883552284685,0.9364937815205935,1.486505431200038,4.09606122223476,1.0529646805868287,1.5427498643753825,4.420118459395474,1.1846165819196512,1.5379760418551836,3.853129414710624,0.10506060088723003,1.2929763940814747,4.096721175610413,0.5211288683896261,1.4454350832186313,4.233445786275379,0.9865934890555454,1.329149583728209,4.114413237996625,1.365792899813462,1.3995400821117936,3.970474372514952,0.09374871813944849,1.445115729107587,4.343833641325129,1.1354183737862362,1.5340595349068182,4.352002580365153,1.1106410355129084,1.5686178310442598,4.232451584465291,1.3753443477184861,1.3043236555262208
1.32878,4.1292784338049415,1.3503069923901203,1.238197680371039,4.074194887625075,0.13622523511052212,1.173824603140059,4.4591929391126195,0.9147945996145991,1.3254250298836028,4.470755046066682,1.1201330700481105,1.0971524033633016,4.471064758220461,1.260650559198419,1.4146396696932264,3.998560082643043,0.12682390323350312,1.1635183736604628,4.353710796564048,0.4607770642202137,1.2768300540860997,4.3021594104774445,0.9745326572794845,1.2476690689303909,4.261290495308584,1.3946750911891737,1.1431336500275304,4.139959255042459,0.04953073196269302,1.2619069950990316,4.4728523238426385,1.2093453755103862,1.3390397201656863,4.512446270532161,1.1961834553091601,1.3411641336932607,3.8789605792527584,0.14603050747917593,1.3548210863137602,4.312227885276869,0.9367210507316585,1.4863334390865635,4.096462041027611,1.0530281996372028,1.5435806534547063,4.420101637761553,1.1852016482667156,1.5375464912973875,3.853004963629232,0.1049096425804731,1.2929376222837463,4.096306858268476,0.521538660383417,1.4438282978849162,4.2334093749351265,0.9869391228053489,1.328647675627631,4.115112615023387,1.366194136363278,1.4010723273360368,3.9704357969388213,0.09367929134181668,1.4450236258455271,4.344082934216744,1.1356683058374264,1.5336563159626537,4.352421866551647,1.1108654077735864,1.568168811487068,4.232519627743305,1.375909818410858,1.3052794148981068
1.33877,4.129256925401574,1.3509136565705526,1.2390598281911085,4.075917799447947,0.13685326365026135,1.1744189264684521,4.459465146473716,0.9155919972958356,1.3258309902564116,4.470790121583154,1.1210991837295519,1.0972692233375687,4.471680718833209,1.2616873318431117,1.4146579570283788,4.000188686991865,0.128707860855859,1.1638674835496774,4.3561011844241735,0.46115068718518404,1.276875759193345,4.302527393948562,0.9749730199167043,1.2474188996036866,4.260901942203795,1.3951811201762119,1.1436816660360405,4.139898103085362,0.04832110149586808,1.2622924148845864,4.473399351602978,1.2103058501566013,1.3391308386718443,4.513009008743485,1.1971814379787447,1.341190712164359,3.878889998581445,0.14598291931965804,1.3548275994622814,4.311695335363729,0.9369549672940569,1.4861156080710038,4.096625855065226,1.0532468206669907,1.5443260462771533,4.4200070940273495,1.1856037494446034,1.536815125231249,3.8529171268108247,0.10480526611571926,1.2929833359969263,4.096078383400921,0.5219133731066016,1.4422558111145387,4.233398116753607,0.9872105096596658,1.328126511256854,4.115701885029117,1.3666108077354098,1.4022788408247844,3.9704339124101664,0.09354188347813794,1.4449995303176248,4.344170653371893,1.1358412016386024,1.5330470634553797,4.352658248915091,1.111043303065965,1.5675374984521468,4.232552754501237,1.3764659869867029,1.3060034090301065
1.34876,4.129267031445283,1.3514937303092986,1.2397002891718785,4.0775552786593945,0.13750340886225318,1.1751539924229326,4.459803723933188,0.9164113374716893,1.3259268582177794,4.471064143235388,1.1222170640607403,1.0974022996550785,4.472143121027775,1.26272833031422,1.414749098510678,4.001719179747788,0.13059159954003058,1.1645813038772144,4.358547104620534,0.4615653216862146,1.2766231970788413,4.302918450991926,0.9754664557639883,1.2470031057601902,4.260620947754302,1.395751802862589,1.1441623895191573,4.140000577458156,0.047155282124212945,1.2625556402613904,4.473920893713143,1.2113186177522937,1.3392738097914265,4.513546234134226,1.1982467288197272,1.3413141758420668,3.8787465267690653,0.1460182668598219,1.3548819054574577,4.311326646974897,0.9371461704950431,1.4857115819053204,4.096640591704353,1.0534049636797975,1.5447571261989343,4.41991136119421,1.1856707708472747,1.5360433998994272,3.8527506972629677,0.1048198484113216,1.293058607416286,4.095971246562741,0.5222961573448889,1.440620723223265,4.2334679418706,0.9874871365260113,1.327484903447445,4.116129742914534,1.3669633205706169,1.403225378414856,3.970359063557721,0.09342355555093808,1.4449819053505568,4.344194332485697,1.135769168442815,1.5323805196871305,4.352770397218418,1.1109928781406968,1.5668714082886,4.232556172586297,1.3770246423698456,1.306583209932409
1.35875,4.129366806949932,1.351994825504928,1.2401190698066906,4.0789314933364755,0.1380825130548993,1.175923690521733,4.460144066029289,0.9171192588585619,1.3258162098956556,4.4715668478990285,1.123335048731462,1.0976087857054835,4.472379716655936,1.2634808709772332,1.4150325156889936,4.002979179654857,0.13229950959726855,1.1655282817302626,4.3607873222508164,0.46193650964826594,1.2761417122398022,4.303287770353004,0.9759299793296745,1.2465074990214464,4.260540259810354,1.396325871265567,1.1446004918101735,4.1401854270672,0.04603424421493497,1.2626357100512877,4.474352126655364,1.2121203687234354,1.3395697028554043,4.513983988785138,1.1990870197169865,1.3416477564136333,3.87854619854062,0.14610760688514632,1.3549671732668314,4.311078474360498,0.9372913882563121,1.4852221820818758,4.096608732904651,1.0533937679714758,1.5448352874723625,4.419776602545654,1.185626584163215,1.535484709677234,3.85252284955222,0.10490745044735388,1.2931560163583584,4.095920891481661,0.522646675236077,1.4391398680982566,4.233585870161449,0.987745019884413,1.3268088412669363,4.116396634159097,1.3671739421532905,1.403913422950571,3.970257405910187,0.09335836634688154,1.4449451480117113,4.344179870027032,1.1355930580742222,1.5318253807644286,4.352789122008192,1.1108493422977466,1.5663355666527443,4.232563494457235,1.3775243569558362,1.3070562428202348
1.36874,4.129592764796436,1.3523195493548412,1.2402638978002924,4.07987650651034,0.13836809125738575,1.1764745949008923,4.460397073215359,0.9175739276278184,1.3258194363285358,4.472307262996621,1.1242888886209168,1.0978458113954095,4.472224022062989,1.2636756252649286,1.4155282668543838,4.003833368687904,0.13340404991897226,1.1662799611206662,4.362326103608626,0.46214665720842935,1.275698116214376,4.303561526508067,0.9761741316755351,1.2461445172419092,4.2606834608783,1.3967501035838343,1.1449436719495594,4.140349169193993,0.04505792454574103,1.2625551092328124,4.474567897133166,1.2124763390789592,1.3400088852005803,4.514203932169472,1.199476753031539,1.342178591227918,3.8784069539017323,0.1461473429994089,1.3551097774798666,4.3108655401882165,0.9374283743135652,1.4848952623878051,4.096616209300271,1.053235634851051,1.544705526114302,4.419518275355003,1.1858652475322995,1.535284421068371,3.8523526861474977,0.1049497670441026,1.2933060141580712,4.095884047209579,0.522875470161655,1.4382191833387163,4.233660317286631,0.9878832197849841,1.3262965637708428,4.116560255406434,1.3671959231353819,1.4042991922144024,3.9702789078605956,0.0933278304038084,1.4449029383578829,4.344109041535023,1.135613372559417,1.5315000595513564,4.352731977914734,1.1109139826000252,1.566043236848077,4.232613499061999,1.377858963296237,1.3073944718591202
1.37873,4.129825745231152,1.352446710746396,1.2401841725286433,4.080493343210162,0.13835956454367446,1.176762427038577,4.460562566229437,0.9178188515976852,1.3259986788024822,4.4731308955961095,1.1250465892529398,1.0980178042776954,4.471823407488427,1.2635284947600252,1.416036754147424,4.00439513557233,0.13387341455680618,1.1667054850309004,4.363159771850346,0.46222502133879007,1.2754115113448692,4.303738011974418,0.976206786785967,1.2459692104192819,4.260893314305518,1.3969811601968938,1.14516013259707,4.140533694387443,0.04427975456470947,1.262393830730961,4.474621102524558,1.2125530704524718,1.3404145745327816,4.514258017433168,1.1995772386450265,1.3427091485741915,3.878313963407951,0.14617365325158224,1.3552632555964612,4.3106798419485495,0.9375839318263137,1.4847858917228014,4.096662040601239,1.0530263051720288,1.5445406465891722,4.419207345719579,1.1862861938404654,1.535306131642894,3.8522335667742924,0.10498789440263494,1.2934640415019663,4.095830869190661,0.5230118251449878,1.437856481186041,4.2336801085430755,0.9878981809224776,1.326000434601219,4.1166573262464965,1.3670778117845515,1.4044517448414637,3.970363957858009,0.09332648940922442,1.444847599271561,4.344018523637915,1.1357765768619268,1.5313361526273876,4.352644432582108,1.1111293433842553,1.5659219031938068,4.232640625977243,1.3780166100824252,1.3075770206864141
1.38872,4.129894912410873,1.3523809680030343,1.2399637053534578,4.080975957106084,0.13813161256882822,1.1768140934889713,4.4606702502236635,0.9179594037025963,1.3263278329007193,4.473828553530313,1.125620366613394,1.0980126219973323,4.471430801089494,1.2634168916801873,1.4162861518892793,4.004860401732953,0.1338102220120825,1.1667761573089734,4.363451007991127,0.4622501398164392,1.2753497941254202,4.303839848010482,0.9761026582489088,1.2459829029948681,4.2609530001256575,1.3970132459999696,1.145225678626439,4.140829572728064,0.04373667690597557,1.2622502045749835,4.474624592183961,1.2126505884734182,1.34055537601536,4.514255404982771,1.1996780766999497,1.3429815978955177,3.878207124752163,0.14627005176128002,1.3553564351578602,4.310539553630334,0.937780804595809,1.4848834108914255,4.096716441248694,1.0528846572161255,1.5445208917412512,4.418967081880937,1.1866222833890263,1.5353205932822278,3.852115920307951,0.10511678430461377,1.2935601577960656,4.095735776053479,0.5231250930091172,1.437911645960266,4.23366145694601,0.9878195770841374,1.3259230727074522,4.116717002928068,1.3668996132694164,1.4044782045673032,3.9703820489377417,0.09335375147746046,1.4447639427888002,4.3439637333977785,1.1359095312236545,1.5312034858975954,4.352581390207596,1.1113167316055346,1.5658376398534866,4.232544483423954,1.3780173309569779,1.307586052294463
