Time,C7_X,C7_Y,C7_Z,LANK_X,LANK_Y,LANK_Z,LASI_X,LASI_Y,LASI_Z,LELB_X,LELB_Y,LELB_Z,LFIN_X,LFIN_Y,LFIN_Z,LHEE_X,LHEE_Y,LHEE_Z,LKNE_X,LKNE_Y,LKNE_Z,LPSI_X,LPSI_Y,LPSI_Z,LSHO_X,LSHO_Y,LSHO_Z,LTOE_X,LTOE_Y,LTOE_Z,LWRA_X,LWRA_Y,LWRA_Z,LWRB_X,LWRB_Y,LWRB_Z,RANK_X,RANK_Y,RANK_Z,RELB_X,RELB_Y,RELB_Z,RFIN_X,RFIN_Y,RFIN_Z,RHEE_X,RHEE_Y,RHEE_Z,RKNE_X,RKNE_Y,RKNE_Z,RPSI_X,RPSI_Y,RPSI_Z,RSHO_X,RSHO_Y,RSHO_Z,RTOE_X,RTOE_Y,RTOE_Z,RWRA_X,RWRA_Y,RWRA_Z,RWRB_X,RWRB_Y,RWRB_Z,STRN_X,STRN_Y,STRN_Z
0.0,0.1126873,1.1097953,0.038192,0.3591048,0.0982953,-0.0898434,0.1554899,0.6572353,-0.0724336,0.4114136,0.8453153,-0.1749506,0.4357606,1.0667053,0.08837,0.3068353,0.0509553,-0.0558594,0.4742613,0.5060753,-0.1410652,-0.0349504,0.6607653,-0.078142,0.219163,1.0870453,-0.0649975,0.4914877,0.0763053,-0.0741783,0.4225332,1.0022153,0.024407,0.462178,0.9944353,0.0199103,0.2122653,0.0868753,0.2697287,0.2368393,0.8312553,0.3620543,0.4173082,1.0437753,0.1454275,0.1752164,0.0428553,0.2167913,0.3296615,0.4784953,0.370394,-0.0687221,0.6584953,0.0342232,0.152236,1.0876753,0.1770565,0.3380006,0.0475353,0.3166863,0.3660074,0.9819553,0.1925962,0.3989514,0.9709153,0.2171162,0.2136992,1.0298353,0.0656214
0.00997596,0.11360426685610725,1.1100709201467882,0.03835718369257656,0.3586584773148341,0.09815287570948462,-0.08950638377561591,0.15440047865775416,0.6577724593600472,-0.07284515982267689,0.4112832395226253,0.8451834368385447,-0.17534916299251246,0.43839122750546305,1.0656970329327702,0.08831318969786821,0.3066601099470893,0.05043147178652711,-0.05566123310040885,0.47369663353167535,0.5055506687094317,-0.14148178074656423,-0.036017681983227405,0.659885980518551,-0.07855597038080973,0.2194482582751401,1.0866269586225894,-0.06482550680137147,0.49119586179274205,0.07676766068490391,-0.07402177209291054,0.4241181315237238,1.0014015965140604,0.024633195295277303,0.46368194659795164,0.9931757553252103,0.02026252113059794,0.2119457648148598,0.08631004519270584,0.2696122623251707,0.23649208510653155,0.8312722885579102,0.36213982918329196,0.41950412005440385,1.0428761637353978,0.14708862288930402,0.17523849805200445,0.04194417964118698,0.2168267454780998,0.32834116054063267,0.4778577448027577,0.3706248964499512,-0.06994955764237239,0.6576396088140328,0.033770968000709244,0.1527223312576358,1.0871750810550063,0.17679228843561665,0.337884068578341,0.04764573772432683,0.3167914186113584,0.36745077100904444,0.9812151136224376,0.19321167942374623,0.40042923442647205,0.9696136324057937,0.217470669092761,0.21359096515356912,1.028966278701531,0.06551097940175675
0.0199519,0.1136794243760483,1.111689299422496,0.038265635704547836,0.35867530555077554,0.09835158336347422,-0.0894623186105847,0.15434417053242927,0.6588920206666755,-0.07297381934536827,0.41121902733253224,0.8458329758687956,-0.17526130177142718,0.43806637520233577,1.0675923431564176,0.08649441799025305,0.30658454289382214,0.05067655156792411,-0.05564432726807671,0.4740194555503751,0.5055118388837776,-0.14164003530051864,-0.036187699684800796,0.6599604985683177,-0.07851600011909082,0.22015670279446994,1.0877320493612703,-0.06400687107529225,0.4912149499371464,0.0766516050597895,-0.07409102561298904,0.4239303804833304,1.0022781159892258,0.02411632654168162,0.4635189037465801,0.9938646286997913,0.02008729751924543,0.21209182358883003,0.08657384224554655,0.26953703829529624,0.23618409284673958,0.8322090108465853,0.3618457862726798,0.41855729106574874,1.0446741122432917,0.14809384664850347,0.1752730505409104,0.04225714756938376,0.2168002784257109,0.3287073854604699,0.47778718014953053,0.37067203715001146,-0.07010443525039299,0.6577400714009319,0.03378985195833677,0.1533936670744331,1.0882949789613334,0.17622785140357533,0.337938386168241,0.04758428698446443,0.3167714507223679,0.3671639791377577,0.9820559680356175,0.19322526148454974,0.40031859205493503,0.970322593708446,0.2172762864870222,0.21298935701578003,1.0298616150037045,0.06529695567861887
0.0299279,0.11351338303375472,1.113882357078596,0.03804800854990483,0.3588612481036861,0.09861783461889823,-0.0895433737517125,0.15471648663655588,0.6603292596127885,-0.07301131358351651,0.41135866141170585,0.8470603836872952,-0.17498380843962544,0.43678661336691976,1.0704765048173763,0.08459564234230195,0.3065878904021346,0.05113169531585427,-0.05567335520346425,0.47447103941362095,0.5057259270695122,-0.1417326122365798,-0.03594497570928779,0.6609128291304747,-0.07834229710664041,0.2210228023225595,1.089622246984743,-0.06307603790049997,0.4913421595964527,0.07641891876701383,-0.07421672540520269,0.4231597283499524,1.0039913902289515,0.023516499504488315,0.46279921482802305,0.9954824945323258,0.019871590686299054,0.21234100074288859,0.0870181714308988,0.26951374619494683,0.23604519485250539,0.8337999132097107,0.36146055195747745,0.4168556204060141,1.0475249102220348,0.14858539650561287,0.17529561184192502,0.04287719231683167,0.21676607015516092,0.3294110826421173,0.47799911263877287,0.3706103126847979,-0.06978153172605304,0.6587332352512053,0.03395150310388497,0.15400216009474052,1.0902540062609525,0.17561167875999076,0.33803723366295296,0.04748437227503588,0.31670184412813124,0.36640214766885343,0.9838138974958957,0.1929874817401349,0.3997373265945124,0.972095600747349,0.21688606464035495,0.2124286627335313,1.0316534593023456,0.06511067067713038
0.0399038,0.11366664257654363,1.1159427269892792,0.03783460041047668,0.35894207100146697,0.09870106169814602,-0.08959200003394936,0.15496138111220828,0.661847876817795,-0.07312819482954598,0.41182572948043705,0.848671233855793,-0.17478857397137137,0.4363662371423626,1.0726062138933634,0.08413587415656568,0.3066448771596181,0.051284371677398105,-0.055623409144469844,0.47436475493427,0.5059702151081524,-0.1419348323301993,-0.0357369913258939,0.6626524939911884,-0.07832303394896381,0.22180328002700114,1.091607768932694,-0.06252020539357958,0.49138746605743355,0.07648400400210754,-0.07424487289906291,0.42288451928836507,1.0057589803851081,0.023431376717967908,0.46252958703335956,0.9970989662875933,0.020056092883527686,0.21236494415987572,0.08705419431209115,0.2695467397300466,0.23619220657336523,0.8357891051661881,0.36125744316344305,0.4165558214179831,1.0499305392898335,0.14870953000575662,0.17528617778737823,0.04296916257697694,0.21676975068447352,0.3292298080993038,0.4782266077252457,0.37051179478016305,-0.06952992157186008,0.6605388268246811,0.03396007773149057,0.15433129434082418,1.092322102644126,0.17518128987114426,0.33806606346202417,0.04746764445588075,0.3166494929168601,0.3662974609484187,0.9858767432497555,0.1928261660488928,0.39969590698913465,0.9740640958184388,0.21662668541826968,0.21239935274837882,1.0335331681785012,0.06507640054962932
0.0498798,0.11421955567601094,1.1178904927221915,0.03775140474281602,0.35888062619698385,0.0986263246941782,-0.089573739844278,0.15510277986611457,0.6635522937466676,-0.07324147391601675,0.4125749879379515,0.850580530922659,-0.17464934015344083,0.43638947403894507,1.0742909634500188,0.08468314522396733,0.30667556357922626,0.05117653459944368,-0.05549430566428752,0.4738770736053653,0.5061437285324136,-0.14221464077761886,-0.035567770978887324,0.6649163643884733,-0.07836287418183982,0.22252151756714675,1.0935804971514997,-0.062260752297286635,0.49131385452405246,0.07669402638970577,-0.0742050819659366,0.4228489775572531,1.0076492244833322,0.023711017331947644,0.46247600052115273,0.9988499772539606,0.020527611619769678,0.21224382443419015,0.08680757187800293,0.2695641819979439,0.2365856363345604,0.8380369009358365,0.36132935879015077,0.4170467581664057,1.0521440870123622,0.14866091370668463,0.17527791472561213,0.04267793436500036,0.21675470028347407,0.3284572612573787,0.47841297532892657,0.3704147930557987,-0.06935126368125134,0.6628755933962692,0.033908860469988526,0.15453977226120755,1.0943794369447846,0.17504270828395518,0.33805125995144575,0.047514797934347784,0.31657888099193093,0.36651032039617243,0.9882530635745512,0.19279723914282562,0.3999192543933442,0.9762940704679927,0.21650954007013623,0.21286727187601825,1.035401371932257,0.0652337988513023
0.0598558,0.11495509873387855,1.1201099623113195,0.037872277094787854,0.35878668854760604,0.09857488296511527,-0.08953396402143254,0.15545314577779193,0.6656726147745413,-0.07315992508122938,0.41344154279385814,0.8527326283809391,-0.1744003263698727,0.4354572313588894,1.076778606208044,0.08487034669690167,0.30660531969222976,0.05114447949638185,-0.05536471918595258,0.47360464245758493,0.5062517990884386,-0.14242373806347514,-0.03521962037615721,0.6673691782063521,-0.07819526588922324,0.2233200806915819,1.095742850995967,-0.06194599346053754,0.4911892425100685,0.07666568411138865,-0.07421418746133067,0.422207681846419,1.0100989266828713,0.023838751255474456,0.46185384165445037,1.001312619485726,0.020899937128159903,0.21224538748523888,0.08674325747370698,0.26948529500782675,0.23706428024038953,0.8404546006187509,0.3616259099594125,0.41648399328466684,1.055181993566786,0.14864097832448214,0.17531772062543854,0.042621725688638756,0.21663891006338842,0.32809687268221527,0.4786180544332627,0.3703466822803148,-0.06897400763629283,0.6653786093443449,0.03406534268500875,0.15494028337528842,1.0966364142779375,0.17517972850811317,0.3380815982271158,0.04753403579180961,0.31642773151692716,0.3660484457330162,0.9911940223166477,0.19281170982163726,0.3995551368881908,0.9792200106671453,0.21638555994757733,0.2134970410445719,1.037531441722392,0.06554858709661682
0.0698317,0.11572998307748272,1.122517737828585,0.03806789100029444,0.3587328449714739,0.09862451714746466,-0.08951327448221005,0.15594388660792918,0.6680346235472056,-0.07293296717874402,0.41422625928137813,0.854900151309431,-0.1741076539598189,0.4341563850154852,1.0796280751386422,0.08476104487771957,0.3065288797422244,0.0512353408403474,-0.055299714664310454,0.4735379310636328,0.5064075251870379,-0.14249707079286314,-0.03476155078498308,0.6698476233327642,-0.07788654372452156,0.22411076691259318,1.0980038867768265,-0.06162981953189485,0.4910989444443667,0.07660134158163742,-0.07425093292485584,0.421298082571089,1.0127624428002842,0.023812083837597992,0.46096951992001783,1.0039981106801323,0.021162305970624018,0.21230420733434097,0.08678989143378689,0.26939842877745795,0.23739085505363305,0.8428525295802034,0.3619954232291071,0.41543558776662576,1.0584686629127242,0.1487470183447514,0.1753651747214298,0.04271577405509116,0.21651230520450426,0.32797154656524874,0.4788131374443077,0.3703807006708768,-0.06848248786150228,0.6678841016490696,0.034361247362218815,0.15546352056476517,1.0990137237037083,0.17542809323530842,0.3381215619754154,0.04751719283264893,0.3162999378935994,0.36521601852030394,0.9942733499508081,0.19291924903107444,0.3988546635929159,0.9822689793390883,0.21629848719658284,0.21413219946129206,1.0398139831447448,0.06591099657465517
0.0798077,0.1164259662659822,1.1250019223227747,0.03824946151865273,0.3587008814652351,0.09875478339510121,-0.08949694828192112,0.15646825144067214,0.6704630162721231,-0.07263040818659777,0.4148789722514857,0.857086081403561,-0.1738328202652568,0.43318833285769376,1.0824020647170223,0.08469934100549066,0.3064864788206908,0.05137810033620623,-0.05528320526435463,0.4735479955696697,0.5066315659727041,-0.1424474262936274,-0.03428379099217595,0.6722878772281504,-0.077527258305664,0.22478567166742683,1.1003029736549377,-0.0613405340276185,0.4910441964608355,0.07668590744931623,-0.07425509694953888,0.42055960083561805,1.0154153680020792,0.02377554382381313,0.4602345801572918,1.006588488390642,0.021404898681391064,0.21232676690491553,0.0868283077033222,0.2693560487478626,0.23752474120756484,0.8452473834496655,0.36239066461046443,0.4146578542486021,1.0615550096813111,0.14901811777750404,0.17538828301881487,0.042792913350771865,0.21643603004244646,0.3277929872151486,0.47897344253084245,0.37055739854339215,-0.06798442082276684,0.6703311020878157,0.034704023973061236,0.15598294312755226,1.1014420843780328,0.17565612222065013,0.338140953960424,0.04751842828676605,0.31623549378345445,0.36446701928484077,0.997262225325118,0.1931792955037136,0.398205430861093,0.9851258012020907,0.2163516812132754,0.21467678620657915,1.0421463169673888,0.06624604005703262
0.0897837,0.11694409937196652,1.1276048350607286,0.038474254078170386,0.3585582153083834,0.09883671749288174,-0.08939409130194631,0.15701780302269389,0.6729558871887943,-0.07225533650601539,0.41558428377335715,0.8596972986508932,-0.1735267211529824,0.4325805432313676,1.0853671500553739,0.08485754478376689,0.30637262043736857,0.051440320772470995,-0.05518609288568951,0.47356862306406555,0.5067632728455788,-0.14237469579681505,-0.033790938822727705,0.6747204638362037,-0.07710811476902686,0.22530927676111723,1.1027493572631928,-0.06090900520199442,0.49089931996248315,0.0768300532131746,-0.07417149397262786,0.42007849611815484,1.0183355724482515,0.023883371094564267,0.45975083596770705,1.009460422108706,0.021719236644473,0.21231873639103918,0.08688093392908817,0.26928891289024404,0.2377548323234449,0.848002845229128,0.36295354418234266,0.41417144158554126,1.0648422136302456,0.14942758036807516,0.1754074408144802,0.04284495891804203,0.21635786073223806,0.3275889163850812,0.4791158404291482,0.3708398788724083,-0.06747594660189672,0.6727467003606875,0.03510212262495801,0.15644593309553395,1.1039923340129387,0.17584794305900844,0.3381710972616708,0.047641717433221424,0.3161149145542118,0.36393138754498927,1.0005082459565906,0.19359121747428937,0.3977336100537611,0.9882790274714479,0.2166360055690655,0.21506364555355306,1.0445982585290923,0.06656548390372001
0.0997596,0.1173371826601293,1.130385586685843,0.0387468748520175,0.3583643623970761,0.0988074701383877,-0.0892445684916289,0.15755655625455278,0.6755700888910947,-0.07183832256562302,0.41629055508649615,0.8626439185421207,-0.17308028039560538,0.43213767612427467,1.0885665735551957,0.08519881781151875,0.3062469677574693,0.0513591248014549,-0.0550238108179636,0.47350514870567456,0.5067948801406537,-0.14234611384853366,-0.03331394806303324,0.6772613335312409,-0.0766458346464611,0.2257270396341984,1.105398869639366,-0.06036721163203734,0.49072865532407534,0.07696259767932243,-0.07406084197220959,0.41973096331242454,1.0214982690184524,0.024179312735940327,0.4594036026686999,1.0125990685546995,0.022174348728510065,0.21232645501931385,0.08685822832517423,0.2692180075261337,0.23813693938120703,0.8511275581041121,0.3635670278100779,0.41377775685548857,1.0683885348551232,0.1497526376388087,0.1754687026466518,0.042779647513813544,0.21629303095659425,0.3273186197035464,0.47922348706924345,0.371123657523888,-0.06697933065477515,0.6752523096810626,0.0355381666330116,0.15685958202194836,1.106736255697441,0.17601346701625487,0.33824721482192643,0.0478027461726598,0.31598769774544117,0.3635308474657419,1.0040100387170303,0.19394746887130337,0.3973880626334575,0.9917505839574274,0.21691048332496682,0.2153336966207578,1.0472198165926048,0.06687556706944209
0.109736,0.11772079415173593,1.13339523411166,0.03903986948107385,0.3582693426691934,0.09867442344118495,-0.08914374313588962,0.1580585226554052,0.6783710833825853,-0.07140864013146227,0.4167999268022508,0.8655554991129056,-0.17238679406961988,0.43161948470138395,1.0918717794710624,0.08558455997168184,0.30623988305914895,0.051149595387601006,-0.05488345733898133,0.4732905407249007,0.5068187134739415,-0.14237464993943102,-0.032874811637900146,0.6800385503462606,-0.07616122487851851,0.22611068826612388,1.1082639680429294,-0.05985938468780039,0.49067942233582895,0.07704418746182129,-0.07402100735857,0.41931698927039923,1.0246912293299018,0.024629998027376965,0.458992232069196,1.0157396766064142,0.022804682045659816,0.21239679727057797,0.08664702039928464,0.26920322404459535,0.23855209352689477,0.8544016877314018,0.3639877561472217,0.413237882814141,1.071995003305924,0.14972761019760414,0.17560811056109873,0.042505796604716706,0.21628144537094401,0.32692443873555405,0.47926751412160146,0.3713073138899243,-0.06651221419073547,0.6779853193494151,0.03599120765781641,0.15725500167751136,1.1097292157690417,0.17618005432039047,0.33838370267814766,0.0478295929072629,0.3159777217070689,0.36309720532591805,1.0075364545055712,0.19398431734368188,0.3970356724104751,0.9952477342008732,0.21681433460456212,0.2155748576344282,1.0500434422949487,0.06718362759919799
0.119712,0.11804094027277097,1.136639725970752,0.03938100620269104,0.3582185693273675,0.09852339689788475,-0.08902279738984015,0.15864697177368303,0.6813335012497013,-0.07089241588148244,0.41704307289760695,0.8684198250469011,-0.17149693190756743,0.43106669881040127,1.0952575292430622,0.08600575712591918,0.30626279805459844,0.0509406721794037,-0.054707242673447454,0.473076311326291,0.5068600898664143,-0.14235990781758187,-0.03235748370393929,0.6830050778982419,-0.07559057800012439,0.22642699673132044,1.111370371983451,-0.059369992986848114,0.49066450488399,0.07704600231227367,-0.07397207017438065,0.4188317985868616,1.0279170154902628,0.025196776517489375,0.45850001516441946,1.0188761066899223,0.023561754013546644,0.21248671973606056,0.08639776858298717,0.2691754073567766,0.2389028240482625,0.8577565096833233,0.36423990694302655,0.4125866284841858,1.075589224234642,0.14946014782499037,0.17575809077519383,0.042224496777758184,0.2162418950936006,0.32656057259151305,0.479277100471288,0.3714794224627686,-0.06596657634497126,0.6808969133830668,0.03652676826780071,0.15761130921264366,1.1129883023346039,0.17640469052650062,0.33851120284043673,0.04773930712389294,0.31599129185746594,0.36260090763715486,1.0110452196136304,0.1937877478936601,0.396642093107179,0.9987078596636294,0.21644231323161806,0.2157682089803276,1.0531276110926195,0.06754049084327021
0.129688,0.11825991226704315,1.1400320867619917,0.03978366985992092,0.35814272521203305,0.09842069124748232,-0.08886150854897404,0.1594378374912318,0.6843684260436098,-0.07024181694759425,0.41708740782643855,0.8713206373516271,-0.17053624876759738,0.4306135220398651,1.0987126280065767,0.08645009016158284,0.30622381489980366,0.05082616655367775,-0.05449380397264833,0.4730250455888921,0.5069108257133197,-0.14223273227282696,-0.03164923893120408,0.6860314434829115,-0.07490322176715274,0.22665339220996772,1.1146634245369547,-0.05886649120881666,0.4905985156288157,0.07696675197805089,-0.07387936748703217,0.41837716931530883,1.031208790851503,0.02581431266944167,0.4580248985035779,1.022057358083104,0.024351371229207552,0.21257580186239086,0.086232632469776,0.26910564283158367,0.23917373931838284,0.8611823611366111,0.3644482139076631,0.41195087400512287,1.0791649362571392,0.1491593061071509,0.1758815421095712,0.042084321194741516,0.2161417070875426,0.32637641245631327,0.4792734218788628,0.37172643097577107,-0.06523964915897236,0.6838571258821149,0.03717640754230912,0.15791997543496664,1.1164430259360247,0.17670515303823,0.3386006951519492,0.04758367036707138,0.31596302186845276,0.36210190307536266,1.0145556001029683,0.19355005735858147,0.3962497339724654,1.0021512753252737,0.2160202625918371,0.21591308397543943,1.0564287521648623,0.06796953462582198
0.139663,0.11844012282046265,1.143361805186269,0.040212449909228946,0.3580420891008869,0.09836592241947058,-0.08878387292693384,0.16045644979070461,0.6873310730257545,-0.06949972851718879,0.4171618622545155,0.8743371241420831,-0.1696729162817833,0.43040535042220196,1.1022106905295126,0.08684403819313213,0.3061266774388615,0.050790591372511976,-0.054388969358881586,0.4732065075795458,0.5069428259643993,-0.14202504793438753,-0.03071612178600822,0.6889429050219632,-0.0741609531016222,0.22682910096754083,1.1179576840924803,-0.05836140849747155,0.4905048026037639,0.07684781738684106,-0.07385285540360985,0.4181281989971022,1.034559519082342,0.02637956521873115,0.4577564619721521,1.0253123414634417,0.025047568943263532,0.21271608172088532,0.08611132322241534,0.2690826528279034,0.23947271847509785,0.8647006944123894,0.36477475180545255,0.4114738236118193,1.0827738960911184,0.149022995431184,0.17603339437255844,0.04201851354657713,0.21607610894727175,0.32640664302279193,0.4792423238812057,0.37204318225119987,-0.06430477994750927,0.6866976833851106,0.037876865701431735,0.1582121763047926,1.119904121214147,0.17702161165525335,0.3387220769401182,0.047389408350021055,0.31596661934085696,0.3617355520646486,1.0181084639044844,0.19347091134098807,0.3959747572347753,1.0056370845852178,0.2157736198505781,0.216081947156083,1.0597320930931167,0.06842979118696992
0.149639,0.11859687877670295,1.1465800320044819,0.04063711046047788,0.3579344055611312,0.09836419703512825,-0.08876987432039492,0.1615828696443926,0.6902115054835772,-0.06871926629919847,0.4174045533169475,0.8775540231721753,-0.16892234303763182,0.4303525430257847,1.1058672829150575,0.08716104138974291,0.3060033739625541,0.050813579884203874,-0.054374266667209216,0.47351628885553554,0.5069921431273382,-0.14174990759533052,-0.02966833771353903,0.6917535974459251,-0.07341507259262849,0.22695162126721058,1.1212077598808068,-0.057872547207216976,0.49040393850510944,0.07674770768883035,-0.07385880894989948,0.4180526056349345,1.0380728025833557,0.026857828418037705,0.45767466133881335,1.028773577761488,0.02562438193090484,0.21288645396262265,0.08603657481421881,0.26909428394097235,0.2398808019233408,0.8683873382382186,0.3652695377343824,0.4111177232491659,1.086580800974511,0.1490943457986362,0.17620144801323823,0.0420045428906409,0.21604122747932264,0.3265360628176468,0.4792246475909655,0.3723905790953637,-0.06327483048250568,0.6894362193965944,0.038576106290315985,0.1584631414592625,1.1233310449578449,0.17730642115724657,0.3388712757342916,0.04721981989509023,0.3159910402706702,0.36149710216845493,1.0218440668811075,0.1935935308608822,0.3958143166093777,1.0093344605385777,0.21575850024063478,0.21627422501497534,1.0629781594414112,0.06889400099877246
0.159615,0.11872298916172062,1.149749745166123,0.04104532740218412,0.35783523929940075,0.09841037443876365,-0.088709756890218,0.1626379391326686,0.693083147799198,-0.06794205156051394,0.41784903603207396,0.8810141559185358,-0.16820077052164412,0.43026182002414776,1.109837125187415,0.08740655502230209,0.30588762295491756,0.050866032309899535,-0.0543268197479216,0.47376153193072856,0.5071131736987542,-0.1414035886039346,-0.028679500097868005,0.6945915612785369,-0.07269162023702086,0.2270029567970939,1.124460486537245,-0.057411618473395785,0.49030228753506505,0.0767095352521555,-0.07378258896949551,0.4180099606928435,1.0418752980467911,0.027265772046035343,0.4576437020016019,1.0325812584310083,0.0261223739021173,0.21302124574659181,0.0860299484414603,0.26906799604898474,0.2404441026992515,0.8723048465471429,0.36589132887826203,0.41075957568008264,1.0907508804987365,0.14931239157358234,0.1763319129330738,0.04204801297749353,0.21597232523063373,0.32658375271467066,0.47927852423317924,0.37271996615660596,-0.06232049363621113,0.6922037959207661,0.03924914199471074,0.1586354181764341,1.1267774311235188,0.1775433250834637,0.338996280298066,0.0471386116458007,0.31597244555779846,0.36130769899955306,1.0259025570023081,0.19385245491312947,0.3957046363389141,1.0134068647254655,0.2159083164098008,0.21645285861076394,1.0662128591505131,0.06935658376770983
0.169591,0.11888858926682096,1.152896330707062,0.04147447835694089,0.3577164641344038,0.09841729110809788,-0.08858929615023706,0.1636100977210779,0.6959584602216954,-0.06715184554876363,0.418396560331844,0.8845629382548604,-0.16747268285571296,0.4302183842401436,1.1140077316983226,0.08756477616764712,0.3057608243771262,0.05086339760716608,-0.054218564320444654,0.4738752634345083,0.5072356073315425,-0.14099667542705085,-0.027774346784253022,0.697492891221455,-0.07196294016098631,0.22704568821709645,1.1277034390614769,-0.05695873889868701,0.49018412358703506,0.07666727729726343,-0.0736434869087968,0.418049745927757,1.0458454902787535,0.027624891974856392,0.4576963836983202,1.036586655874871,0.026557203016969986,0.21310807825774408,0.08601382620661453,0.26901412355384324,0.2411736080213413,0.8763045370499866,0.3665563046257952,0.41046802326891946,1.0951233774505726,0.14963477453530982,0.17642445894399747,0.04207725131729854,0.21588276060040668,0.3265128045432213,0.4793564546504807,0.37302018850997004,-0.06145255894819482,0.6950484886895669,0.039929505712096636,0.15882252824947732,1.1302230396029964,0.17779478402526935,0.33909368306655413,0.047089144138176685,0.31591958812895904,0.3612191934344296,1.030127027476074,0.19419138945631878,0.39570459718404954,1.0176672662397896,0.2161412046170928,0.21666909871580206,1.0694216204780183,0.06984705974812708
0.179567,0.11912958614526892,1.156068712897923,0.04194398793893756,0.35756718919872477,0.09835505509858494,-0.08845092760902078,0.16452152138231402,0.6988685551873471,-0.06633701918568696,0.4189359452742837,0.8880751959024502,-0.16670842289938884,0.4303341127004981,1.1182140928920117,0.0876808258875272,0.30562031827156755,0.050778731714530484,-0.05408743060426429,0.4738556887413332,0.5073284624250096,-0.14055421962478168,-0.026939638009388436,0.7004645673212622,-0.07120020028306306,0.2271388071526264,1.1309504305228855,-0.05647743231161561,0.4900521398456115,0.07659782993467124,-0.0735145675654635,0.418222012590916,1.0498371774777182,0.027981228651440114,0.4578700958995605,1.0406060492454146,0.02696743568135843,0.2131696376430657,0.08595286374790659,0.26897827314180256,0.24197279303967104,0.8802605476137841,0.36720269460410876,0.41032709988971994,1.0994835896620148,0.150043088652474,0.17650670381789757,0.04205509986077797,0.21581717398277764,0.3263532552934428,0.4794380251871349,0.3732969461171726,-0.060644304119336634,0.6979795349298059,0.04064798385080402,0.1590875948194644,1.1336645052277072,0.1780980829722391,0.33918528859717695,0.04703988869235801,0.31587734737465395,0.3612655870544398,1.0343320205716602,0.1945845196710561,0.3958356730796773,1.0218976001452713,0.21642825217215222,0.21694116822626286,1.0726203081462322,0.07037124739416604
0.189543,0.11938642940152215,1.1593679448884693,0.042420287444789,0.35742516639407773,0.09832385873462628,-0.08837735054803053,0.16537600974544714,0.701899407552885,-0.06551887632998936,0.4194042863436245,0.8915760620018225,-0.16586930162965946,0.4306286406611219,1.1223407058926564,0.08790656546525873,0.30551234894587137,0.05070408133699387,-0.054027258068723154,0.4737538560965975,0.5074799001856637,-0.14011341951563433,-0.02616463675991831,0.7035071972415524,-0.07039818271637488,0.22729242057081966,1.134285830772422,-0.05592205148632822,0.48994794501566513,0.07659450124704599,-0.07348497742878593,0.4184880979975169,1.0537885722377665,0.028416602379932508,0.4581308501278088,1.0445454088565347,0.02743887603957745,0.21325882374220587,0.08592503144001945,0.2690173837960438,0.24259291208087133,0.8841903413946813,0.36782891398023654,0.4103530002046952,1.1036932162682316,0.15055210453903908,0.1766239658632146,0.0420368432093948,0.21582743003524268,0.32618039585083897,0.47959081368026063,0.3735645145880388,-0.05987828605511647,0.7009801681042048,0.041403454823539174,0.1593783542606504,1.1371617150273763,0.178412373758935,0.3393088990429327,0.04705231094174248,0.31590788659741975,0.36139044862811753,1.0384342653205634,0.1950542915894942,0.3960023488459788,1.0260045682017338,0.21683611914813003,0.21719126091329127,1.0759028213864037,0.07088141217868035
0.199519,0.11961150497806787,1.1627887713292127,0.042892023333567154,0.3573005028420378,0.09831666108503934,-0.08831010231568222,0.16624367238377458,0.7050332643553041,-0.06468162738847962,0.41983460577383036,0.8951582685574747,-0.16498735911386508,0.4310807778577832,1.1264177027609936,0.0882754309580166,0.3054321448686521,0.05063945793875579,-0.05398237311286272,0.4736512468913436,0.5076582135142695,-0.13963369910094492,-0.02537764872813575,0.7065959463401297,-0.06955265699164954,0.2274649999380917,1.1377363659616626,-0.05530514533889463,0.48986846624342717,0.07661615588651921,-0.07349148604073044,0.41884843883738376,1.057733575971701,0.028948917232190636,0.4584869605733989,1.0484549926567872,0.027990628462704708,0.21337367007697333,0.08590766030107662,0.2690673471679472,0.24300650188041803,0.888143070734854,0.368469752500402,0.4105460739833138,1.10777900401013,0.15120384517901134,0.17676365927967938,0.04201723934772502,0.21585067566539284,0.326070894670669,0.47975031026267106,0.37380591545801717,-0.05908599542579461,0.7040276175662077,0.04220424324145378,0.15964367538004023,1.1407407197750528,0.17873446182879663,0.33945442136235193,0.04707623012851636,0.3159448275672465,0.3615918013895754,1.0424613027058953,0.19564154227972733,0.39620569991491505,1.0300218584291974,0.21740922147508848,0.21739181202777103,1.079299053958325,0.07138300772434708
0.209495,0.11978172902075516,1.1662656539003136,0.043366209883239554,0.3571766682013077,0.09826464787719391,-0.08812821332064938,0.16720635464860925,0.7081962753785397,-0.06379457727172745,0.42029859965678573,0.8989195636201593,-0.16413268290435956,0.4316414856487242,1.1305464638988267,0.08873471271789382,0.3053381253638064,0.05053195616308878,-0.05382751140954348,0.4736110784951485,0.5077723641224063,-0.13904336899031677,-0.024500157634168213,0.709705790334782,-0.06865888596734894,0.22759404613169873,1.1412868459361216,-0.05467607996863775,0.48977837288282966,0.07655436653017181,-0.07340245421842909,0.41932122990027587,1.061746190062204,0.029549590087162545,0.45896244120997576,1.0524500338418608,0.02859277675495473,0.21347317326445278,0.08582896866371094,0.26902015670972346,0.24331807423401627,0.8921667475575417,0.3691729991128536,0.41089088998656037,1.1118514130997315,0.15204758203076857,0.1768752386970395,0.0419601302652204,0.21578409269346832,0.32607424077558733,0.47980112767981353,0.3739874988122321,-0.05819492269793132,0.7071101592465493,0.04306461081707264,0.15984805039388233,1.144400351377825,0.1790889361966749,0.3395800526120075,0.04701444378247533,0.3158737732009741,0.3618956661132126,1.0464909240796498,0.1963871028985473,0.3964999887055871,1.0340385226224578,0.2181645468230104,0.2175579010959388,1.082791771162977,0.0719146167872272
0.219471,0.11991569001801262,1.1698286687096142,0.04384242633472332,0.3570235736153133,0.09821692812947323,-0.08790934251845482,0.16817193898193128,0.711421947329143,-0.0628935957150452,0.42074098472554244,0.902803917375364,-0.16331058669934026,0.43224034027504166,1.1346846651730822,0.08926723324379124,0.30520675120979657,0.05043270357704129,-0.05363660743906308,0.4735283792640096,0.5078991776815173,-0.13839222353534694,-0.02362698296294521,0.7128937622544463,-0.06771455699827762,0.2276777033081346,1.1449452986568374,-0.054055653200182956,0.48965675458357993,0.07647989189335819,-0.07328728627629534,0.41984644952356304,1.0657922179854347,0.0302019561593129,0.4594886628749901,1.0564909411352514,0.02922883369767858,0.2135308649455931,0.08576555761364214,0.26897466208339244,0.24344870992791318,0.89624525617118,0.3699441567383334,0.4113304588955288,1.1158785817204184,0.15308525979224605,0.17693371706120856,0.041920188612325555,0.2157272583569261,0.32612533718945674,0.47986507483484836,0.37410629256064404,-0.05728809575696139,0.7102782360924307,0.04398368783682968,0.15998632290993575,1.148148194861384,0.17947616992280452,0.3396641716791975,0.046958010034188986,0.315795354436065,0.36224505090673587,1.0504947902981179,0.19728588127546753,0.3968224575769447,1.0380143650153093,0.219098689345682,0.21770108041425512,1.0863867469840796,0.07247130858821918
0.229447,0.12006554636117726,1.173488679985196,0.04431976500487221,0.35684487159837563,0.09821747651773602,-0.08774732626105165,0.1690768684836338,0.7147420230073153,-0.06201282642287031,0.4211292771763323,0.9067276917754757,-0.16252143515263798,0.43287923462561945,1.1387536572863308,0.08986736652562013,0.3050534492663574,0.05038056164233233,-0.0535019402937578,0.4733359595187103,0.5081080255599243,-0.13774438862833677,-0.022819469323392773,0.7161964177597151,-0.06673698496458078,0.22775744248508525,1.1486951720996688,-0.05345196483886662,0.48951763611959087,0.0764621243533073,-0.07323756442946842,0.4204088023371085,1.0698053251862303,0.03089258824155903,0.46004455389755505,1.060493857380294,0.029889746588726646,0.21356563161402123,0.08576964110128511,0.2690010089300523,0.2433769092071105,0.9003335664629214,0.3707623268395367,0.41186430107054217,1.1197974962399053,0.1542805408853199,0.1769628458930454,0.041925230162557316,0.21575048215175627,0.32618132560701946,0.4800360050492205,0.3741506818240932,-0.05642374761718926,0.71356227558318,0.04494048052459032,0.16009989570829825,1.151969438333408,0.1798897174420418,0.3397279268218078,0.04698317505338055,0.3157873874468629,0.3626322965013167,1.054418403078101,0.1983053707744467,0.39715623030818475,1.0418848466503172,0.22017902422140379,0.2178571261092235,1.0900653804724527,0.07303772076752069
0.239423,0.1203135747941704,1.1771745037597614,0.044801800149974216,0.35670439005146165,0.0982410000928197,-0.0876561432454463,0.16999167193298434,0.7181292173120014,-0.06114738132482393,0.42153225803064454,0.9106398390616681,-0.16178554058506225,0.4336895705745572,1.1426879988966707,0.09053545574645114,0.3049459598024223,0.05034088743162509,-0.053439358042006384,0.47311493151067185,0.5083683267028528,-0.13712281324633477,-0.021997189254185857,0.719570771831308,-0.06577288901310124,0.2279119420683708,1.1524655525017726,-0.052863501165981326,0.48942253138626446,0.07647547372717896,-0.07327273595790504,0.42110385982237186,1.073721859612561,0.03161140491206354,0.4607318701157064,1.064380942208395,0.03057555143116187,0.2136602228724045,0.0857762036995533,0.2690156596976731,0.243268951893289,0.9043706754220048,0.3715844754605449,0.41260478116829064,1.1235667284882347,0.15555758029478187,0.1770505047237816,0.041912254088523775,0.21577141864996943,0.3262920566239216,0.48023790737600125,0.3740829153265807,-0.05554183161608081,0.7169237281565191,0.045889976824935244,0.16028800566840348,1.1558063670509873,0.18032548248721597,0.339849152701568,0.04704353194213092,0.3157797504458021,0.36317048614539316,1.0582200485885715,0.1993915766525785,0.3976172238637224,1.0456129386755033,0.22133584537452827,0.21809928333049056,1.0937555122163707,0.07360461289212934
0.249399,0.120622472400844,1.180844941477506,0.04531078906458959,0.35657316536028044,0.09828195694694478,-0.08757136393163159,0.17089353549902972,0.721557856284697,-0.06027127079049927,0.4219444766010576,0.9145222666457771,-0.16104999390717173,0.4346635629498366,1.1464628784058384,0.09134023450444868,0.304848693179222,0.050315599309203984,-0.053385608305413286,0.4728696614108015,0.5086571921617499,-0.1364981596393933,-0.02118261151107526,0.722961751894058,-0.06480845585412509,0.22810117383961828,1.1562109479350582,-0.05225704178279703,0.4893356314460851,0.07650322838221452,-0.073310491170678,0.4218959052781528,1.077528901039074,0.03240973990612091,0.46151411303300827,1.0681330378498308,0.03133468541257958,0.21377130306985248,0.08576593362986851,0.2689995553138939,0.24314238581939593,0.9083293357900551,0.3724080895313025,0.4135377213298302,1.1271819460406807,0.15689837036668236,0.1771573973775693,0.04187710079991608,0.21576766663638108,0.32642729977211615,0.48043360139519314,0.3739403810340697,-0.05466881413858476,0.7203027193561403,0.04684271801286024,0.16051453115796938,1.1596259878015451,0.18080316590706014,0.3399831064961407,0.047111103279119416,0.315760226012684,0.3638284804079113,1.0619148769125946,0.2005413968327723,0.39818224753415615,1.0492115806753426,0.22256605766363724,0.21838755416505903,1.0974160233155474,0.07418912619761392
0.259375,0.12088202419714807,1.1844947326906234,0.045869184079912806,0.35637169571993055,0.09836001631297966,-0.08742084894219262,0.17169158350315783,0.7250175282755668,-0.05936053392795662,0.42229823934766914,0.9183721442147774,-0.1602356528291132,0.43568326136841035,1.1500867942527746,0.09235512179145944,0.3046718253326858,0.050339119863721915,-0.05326904201468138,0.47254099393856897,0.5089791632879078,-0.13583425722323172,-0.020473469252375722,0.7263229772642099,-0.06380217485590316,0.22821385237829128,1.1599155078639236,-0.051598088339148314,0.4891706506873867,0.07655300780609434,-0.0732531052770209,0.42266089905529847,1.0812464393794643,0.033349332155235036,0.4622608968225868,1.0717701006267046,0.032221859939475836,0.21378869421651592,0.08576756692674971,0.26898931466336,0.24290236416768582,0.9122055300093991,0.37324953904449915,0.4145491727416668,1.1306641845486674,0.1583219917562431,0.17717509750743912,0.041863822431631476,0.21577036035357366,0.3265036325419366,0.4806393581461278,0.3737959859145032,-0.05389467013954526,0.7236446799796115,0.047834393678801324,0.16066097514673877,1.1634174395109422,0.18134600638282905,0.34002092164323505,0.0471908343133671,0.31576395100045684,0.36447800964183585,1.0655437673417276,0.20177887335855113,0.3987313640523391,1.0527163892971652,0.2239007056156525,0.2186115613066891,1.10103740931339,0.0748108697059049
0.269351,0.12107417423195611,1.1881521835546784,0.04643521056642091,0.3561343845087204,0.0985182009907468,-0.08734649247803138,0.17235509112701344,0.728542753900836,-0.058461807252810555,0.4225330388992293,0.9221536747343394,-0.15940782170130782,0.4366522572814452,1.1535867005757157,0.0934332703354519,0.30445665392949406,0.05044226489815412,-0.05323250002654283,0.472097177388953,0.5094044639566879,-0.13523409546457169,-0.01990460126927861,0.729663359771432,-0.06280791865017407,0.22823832772088032,1.163593637446497,-0.050955932849061594,0.4889670811719195,0.07668100349319933,-0.07326663515604748,0.42336531703399566,1.084870871210892,0.03432298544021123,0.46293526525144035,1.0752909457581152,0.03315183415018363,0.21375903349055983,0.08583155181074281,0.2689993348648979,0.24252071076560097,0.9159793974431422,0.37406217223316873,0.415544944703235,1.1340306950425625,0.15980292311392738,0.17714511798670848,0.04190176656665661,0.21579479647364133,0.3265055945693797,0.48092402841711174,0.3736134899011907,-0.053257789500505276,0.7269711666894552,0.04881298678395585,0.1607226456206118,1.1671710653665603,0.18190985282848052,0.3400083208998207,0.047332932057493886,0.3157898206814879,0.36508933317714537,1.069071483110705,0.2030674657638599,0.3992311434695788,1.0561024748438457,0.22528163729886322,0.2187452869075094,1.104630051614645,0.07540921168200271
0.279327,0.12123089814414774,1.1918256901315885,0.04698783722925476,0.3559207192812663,0.09873954604798742,-0.08741130559771813,0.17293966494997295,0.732133840153283,-0.05758923968164642,0.4226707961409738,0.9258529885408379,-0.15860636242435633,0.4375474744030536,1.1569993103640204,0.09447653990781278,0.3042689543428891,0.050601873755722296,-0.05333840002251252,0.47157435749333576,0.509927572751838,-0.13475167777854993,-0.019419978650781045,0.7329809497205074,-0.0618491289981138,0.22821987515268366,1.1672541292001393,-0.05037098043721378,0.48879242580868204,0.07687938697086635,-0.07343292911334186,0.4240310436537511,1.088409420464886,0.035266057967268574,0.4635639330683455,1.078713719037267,0.03407272092196977,0.21375707242274827,0.08595878886421224,0.2690426183594586,0.2420345186438562,0.919646028695057,0.37482999455445315,0.4165121133189766,1.1373019448202892,0.1613432238814587,0.17714208500198123,0.04198406261582784,0.21585250319783061,0.3264701399273378,0.48129782501150853,0.37339117114981857,-0.05270657712871135,0.7302890076835359,0.0497568379530633,0.16074371937626242,1.1708795199413267,0.18247101359103407,0.3400218335045416,0.047539131321904536,0.3158404040372693,0.3656925265497918,1.0724790205247143,0.2043933615445828,0.3997103652195569,1.0593608425311127,0.22668599351075128,0.2188228227073872,1.1082046428813421,0.07595773194888243
0.289303,0.12141794105279441,1.1954734353655083,0.04757592761995249,0.35576760906386184,0.09889218343870243,-0.08742660826962646,0.17361640228265027,0.7357090264779423,-0.05666396545811955,0.42286932136709493,0.9295160061502485,-0.15775015357035363,0.4384604074772518,1.160369876516035,0.09559091773479127,0.3041413501394368,0.05070458372877906,-0.053394203408962865,0.47110883056317543,0.5103772960463032,-0.13428092645406048,-0.01884179088612376,0.7362288594936522,-0.06084635842251013,0.22824468276250465,1.1708827794488577,-0.04977776806913927,0.4886895788895554,0.07700442877723257,-0.073545371019805,0.424725582467708,1.091903627862104,0.036278751668584124,0.46423135811051425,1.082103626408657,0.03506536409200165,0.2138151655209066,0.08605336642368965,0.2691385525141596,0.24155663071986133,0.9232391284851442,0.3756235960846663,0.41756619118004595,1.1405100992821218,0.1630144694702684,0.17721016163189104,0.04204972583556133,0.2159536956742352,0.32648411994647786,0.48164061773838024,0.37324410919977996,-0.05206317631855626,0.7335413997385617,0.05074295431384502,0.16078836172712854,1.1745420722777258,0.18307708782572202,0.340101179990244,0.0477030418175175,0.3159413065241114,0.3663662216601191,1.0758212891271943,0.205813500983552,0.40025688948828514,1.0625475037087821,0.22819890218261313,0.21893446040824718,1.1117645315500824,0.07653225770462027
0.299279,0.12160754179903342,1.199119705533623,0.048193386448197005,0.35563586063028124,0.09896127530795479,-0.08737534678883283,0.1744229720255028,0.7392670136993116,-0.05569108553067544,0.42312649342388203,0.9332056960078267,-0.15684586388462946,0.4393820221041581,1.16374926062232,0.09677743788958729,0.3040318065675196,0.05073422039070566,-0.05337633147979544,0.47070881281737353,0.5107220524523773,-0.13381773736008973,-0.01813205808593409,0.7394417439989049,-0.059810643667307546,0.2282842796902998,1.1745198582140328,-0.04917837745424527,0.48861257063447416,0.07703455947184548,-0.07357762699232831,0.4254421677509904,1.0954097120653423,0.037360499315290764,0.46492725658159234,1.0855165458079887,0.03612241538816077,0.21386743973455008,0.0861020035393165,0.2692452663916385,0.2411133440267918,0.9268241853711691,0.37644215755686883,0.41869470868609304,1.143738007032689,0.1647943393926453,0.17728009571390813,0.042092081781805256,0.2160505419801708,0.326512715771204,0.4819168372479084,0.3731773965748795,-0.051294096477646794,0.7367523854015369,0.05176063727649869,0.16083373938861312,1.1781992685373932,0.18372261420872854,0.34017853530052794,0.04779967502959037,0.31605262027936387,0.36710557675339134,1.0791794321277512,0.2073128150973254,0.40086739554692546,1.0657503303283928,0.22980753077989222,0.21907081628032624,1.115352865518197,0.07713493825705431
0.309255,0.12172205792677128,1.2028229773055366,0.048798723963474684,0.3554592204089583,0.0990182762044195,-0.08737753979669725,0.17529784846905666,0.7428560745377715,-0.05473477294373834,0.42333025513707023,0.9369645751632374,-0.15595821777067706,0.4402389942429006,1.1671683826032897,0.09796077149327241,0.3038753611344698,0.05074634288515448,-0.053400307884801525,0.47029416091439546,0.5110408636829108,-0.1334376609136114,-0.01735587804377151,0.7426979548926784,-0.05881257103875006,0.22824847746404267,1.1782282330450977,-0.04861982430651723,0.4884835132923741,0.07704447245175271,-0.07365338348187779,0.4261264312875607,1.0989655511851717,0.038439514146933196,0.4655819271732584,1.0889735390962412,0.0371779351312714,0.2138158733163801,0.08615201799076007,0.2693038951797201,0.24067096534884808,0.9304628475362354,0.3772341630435256,0.4197973257852983,1.1470747269893231,0.16659631358281643,0.17724136581789482,0.042141802846033964,0.216083935544648,0.32645050860036867,0.48216633504691225,0.3731233638496739,-0.050469523196331176,0.7399935546148648,0.052741434570337954,0.16081246722320494,1.1819042161362794,0.18436597070160585,0.34014777976033317,0.047872273346204905,0.31611358529643185,0.36784964456836106,1.082623165414107,0.2088264924585399,0.40147757161434167,1.0690480999025402,0.23142816145612216,0.2191623250869417,1.1190232866008636,0.07771701110427509
0.319231,0.12180948388559121,1.206536754907005,0.04941497083679199,0.355319805068556,0.09906539571350233,-0.08746894334256963,0.17624784419260292,0.7464273953203523,-0.053791027514306526,0.42349386595327776,0.9406932811595078,-0.15505248229723873,0.4410726214122761,1.1705414883172054,0.09917458385613817,0.303765916756745,0.05074155310112694,-0.05351628455107197,0.46987989245575773,0.5113562065427946,-0.13315295071943833,-0.016502094748342713,0.7459608210959453,-0.05782784551064852,0.22819824966266877,1.1819641924310644,-0.04806865760186639,0.4883969271196189,0.07706053993284738,-0.07382768344962692,0.4267920001809896,1.1024761837462904,0.03954617133052418,0.466218681070006,1.0923786110418436,0.03826913254003576,0.21376240802398103,0.08619375674504641,0.2694088070448057,0.24026187199353427,0.9340918521379424,0.37800693065646795,0.42088272277825167,1.1504502840739923,0.1684049870364591,0.17720149423217174,0.042183771115161035,0.21616077732619668,0.3263298203007563,0.48242403312034016,0.3731242601724319,-0.04956711796595911,0.7432355162389962,0.053708260279860566,0.16077857528962755,1.1856166148840825,0.18501954007732133,0.34011041991941127,0.04794487836680825,0.3162207940708031,0.36859989678337446,1.086095414886919,0.21034895854097996,0.4020952426164846,1.0723790547640035,0.23304663279259133,0.21924697027172635,1.1227257168629905,0.07830258841451006
0.329207,0.12190649201492673,1.2102299214726955,0.05006897874288165,0.3552586419142807,0.09909059881471016,-0.08761188959669859,0.17727708352339244,0.7499410012356054,-0.05284230973910884,0.4236297745365821,0.9443202583257999,-0.15408186178478223,0.4419148032684188,1.1738058040699588,0.10046360651911199,0.3037479105949864,0.05071223648440998,-0.05369391886430393,0.46947686219666757,0.5116642808821312,-0.13293176760014394,-0.015564565561989029,0.7492004082147968,-0.05682310537846624,0.2281860414828186,1.185693721950404,-0.04748469638329547,0.48840113934470303,0.07708114257285208,-0.07406856318288019,0.4274446006151776,1.1058760103027485,0.04072076267596033,0.46684871427667735,1.0956661654804385,0.03943889029088252,0.21377445741813098,0.08621227706517753,0.26960966594346364,0.23989721224159807,0.9376713479906964,0.3787833685620676,0.4219673706325877,1.153790977669103,0.17021379463091085,0.17723787689109238,0.04220219715229179,0.2163359638757871,0.3261716324533714,0.4827014164128842,0.3732194276411563,-0.04857333501189889,0.7464567199717066,0.054692909536600186,0.16078019983733027,1.1893060461491767,0.18569906292514088,0.34013787399311496,0.048023975563520685,0.31642823316556884,0.3693522236350297,1.089541773264789,0.21188108228761768,0.40272132618798173,1.075682145711672,0.2346645351062752,0.21935239859752093,1.1264244493392452,0.07892169062406591
0.339183,0.12195895669070371,1.2139622089593882,0.050752269817161896,0.3551582860967125,0.09909747406911686,-0.08768841598573197,0.17834692682762207,0.7534311430844578,-0.05188929027346815,0.42367832537953776,0.9479093761957169,-0.15304161501554234,0.4427149461039962,1.1770120839437794,0.10182165060705853,0.3036863119039728,0.05066868655911637,-0.05379855383122373,0.46903427685230364,0.5119480168616186,-0.13270319030050398,-0.014588568507913008,0.7524683382883641,-0.055807472157022336,0.22816317760291369,1.1894645705479223,-0.04686766402121514,0.48836284037283784,0.0770835441933912,-0.07422995495227415,0.4280384321408425,1.109232542954819,0.041956137000765156,0.46740998467098427,1.0988969092220127,0.040673953291061014,0.21374292099994863,0.08621795298246242,0.26978310814103884,0.23951271484662356,0.9412788161664705,0.37957632192645596,0.42302047847255225,1.1571095312177664,0.1719858621574385,0.17724842554760678,0.04220827783784903,0.2164710857603631,0.32589888734178335,0.4829721321107071,0.37337432793033337,-0.047542564011625134,0.7497111998344409,0.05568649956093888,0.160785843990303,1.1930172080109342,0.18639098324734338,0.3401284052202736,0.04809725466792028,0.31661817057315955,0.3700593641449448,1.0929864929445867,0.2133959921836788,0.40330508028247786,1.0789804782208496,0.23626711804683348,0.21942787322601356,1.1301721623341758,0.07956790708343935
0.349159,0.12200333145219193,1.217778874473006,0.05139502929216408,0.35502152584365054,0.09909547105749715,-0.08769174970025206,0.1794861550187564,0.7569208845428655,-0.05097485184182967,0.42366238192528116,0.9515103490090231,-0.15200967567514748,0.4434871640603426,1.1802309455230506,0.10314317329521161,0.3035826611907662,0.050619520738681145,-0.053815101406154364,0.468562551531602,0.5122130273807141,-0.13248947221564464,-0.013544164211834738,0.7558177228917569,-0.054832118907384576,0.22816608863756227,1.1933245352966912,-0.046286780838427626,0.488281652307567,0.07707539980573293,-0.0742926208349481,0.42859715517058505,1.1125999209579673,0.04317010497942598,0.4679297551139554,1.1021309717755807,0.04188196565624878,0.21368050103688824,0.08623272276195433,0.2698473371526626,0.23912049472438482,0.944977926203731,0.38033440728049606,0.4240709139503804,1.1604085033682412,0.17362049780702096,0.17724514419692364,0.04222285433720335,0.21648563456477038,0.3255293460430404,0.48324999142275693,0.37351881183613334,-0.046449499402014045,0.7530572840022689,0.05663890789783287,0.160827585116923,1.196809793780522,0.18703155206441124,0.3400951823361899,0.048185609027110075,0.31671166868320616,0.37075630616844857,1.0964349447799357,0.2148009167943377,0.40387528529319977,1.082294802394744,0.2377764438250828,0.21951335893876311,1.1340157933265018,0.08017535127983492
0.359135,0.12212682342528959,1.221691790383839,0.05191658511211152,0.354942707550243,0.099093416236579,-0.08769809531606207,0.18076077246039568,0.7604124823356064,-0.05014988978346941,0.42366138142649545,0.9551489729891215,-0.15109177071610608,0.444287580029608,1.183526183244487,0.10429376679057138,0.30354239165076013,0.050568513701008136,-0.053822515112045916,0.46811506870921216,0.5124804573606669,-0.1323616410623543,-0.012358600718858477,0.7592774993498487,-0.05395093271096162,0.2282772012356233,1.197300716772542,-0.045827131961885835,0.48825966496506845,0.07708186788108132,-0.07433872060185241,0.4291866661404341,1.1160070436707956,0.04425956256147754,0.46849044505542203,1.105412464427569,0.042950098282281635,0.21368671062371886,0.0862768010367159,0.26980449441520726,0.23878410260843863,0.948801986026699,0.38099176448560357,0.4251784836922208,1.1636753671384878,0.175009063109466,0.17732156080344166,0.04226337155304666,0.21639571385710207,0.3251466072924027,0.48357461664034224,0.37359118297145427,-0.04521983924620417,0.7565298462455318,0.057496709533351696,0.16096900190601962,1.2007283666117545,0.18754985358933057,0.3401326553775988,0.04832490907070672,0.3167111197534753,0.3715231937932096,1.0998720216449753,0.21599443483596337,0.4045070980952682,1.0856316644567834,0.23910103734681773,0.219698643082559,1.1379762580601371,0.08066801204578354
0.369111,0.12226335991229838,1.2256426265145817,0.05241610510525486,0.3549194678103401,0.09908005798387216,-0.0877163548086931,0.18213138080801403,0.7638815383897863,-0.04934156640470897,0.42367327690719175,0.9588487834992323,-0.1502161766794165,0.4450842789674846,1.1868971634385501,0.10537561201357068,0.3035607734906002,0.050509695927910325,-0.05384380450987479,0.4676862005806127,0.5127518611891477,-0.13224070201762025,-0.011071853734336659,0.7627837536163672,-0.053078705796084175,0.22841899104861058,1.2013513295399112,-0.04538823571299104,0.48829544012236253,0.07708337029110561,-0.07439786397654047,0.4297807265008353,1.1194694098425826,0.04530045113661129,0.469057223912922,1.1087637372295973,0.04395954558018276,0.21372528518439404,0.08632565964773464,0.2698369467173585,0.23848286315377684,0.9527390303339374,0.3816672238730443,0.4262950466250991,1.1669017932815855,0.17625019920365445,0.1774385213368007,0.042302630601602054,0.21638631586731769,0.32473796219934,0.483935621161859,0.3736852153177037,-0.04388624539439059,0.7600602849607851,0.05834007952265842,0.1611375914776132,1.2047126888657147,0.18803077405149143,0.34020095597616923,0.048482766723392696,0.31679771783602684,0.3723143389663345,1.1032913381576748,0.21708852853400964,0.4051634026742939,1.0889731968994611,0.24033183340221984,0.2199206668469068,1.1420050513299331,0.08114530132564367
0.379087,0.12233515335055806,1.229585002490042,0.052973152226299204,0.35491395922596886,0.09904536916813678,-0.08775741294424584,0.1835608437864789,0.7673205352465545,-0.04849900743923889,0.42369752355900425,0.9626453267122891,-0.14931700038658807,0.4458386700368682,1.1903362221211617,0.10650773461720321,0.30359154728315796,0.05043844231779535,-0.05390096253445763,0.4672757923917702,0.5130138769253084,-0.13206677378065695,-0.009725188529894563,0.7662703861814176,-0.05215638643778153,0.22851019623567298,1.2054397496776625,-0.04488285656957891,0.48834653745347395,0.0770481213866082,-0.0744886518604127,0.43034458956933,1.1230073073165372,0.04637487483367574,0.4695891754153928,1.1122054188281998,0.04499992485122758,0.2137405915413927,0.08635205045370146,0.27002449232972175,0.23819778156247326,0.9567750182074154,0.38245035275190287,0.4273680742984607,1.1700961437157862,0.17741739484023555,0.17753282841422077,0.0423158044505749,0.21653650841207214,0.32429907756670023,0.48429599574990023,0.37385576699151246,-0.0424846898160136,0.7635724627155512,0.05922770709243985,0.16125683937593968,1.2087032286631287,0.18854041507798416,0.3402405892063507,0.048609984294559316,0.3170486378846028,0.3730738684949313,1.1067044773451307,0.21816945201126742,0.40579702049188643,1.0923186226970454,0.24153867538628118,0.22010443853414646,1.146059298079619,0.08168367971448696
0.389063,0.1223426542605003,1.233541076613272,0.053519242438718265,0.35488506150054416,0.09899643401046082,-0.08787289187213468,0.18508295553179485,0.7707726399180925,-0.0476885858174004,0.42378765007250174,0.966595896304866,-0.14844940308236307,0.44655721864622394,1.1938615186174388,0.10769190857326767,0.30358269051202974,0.0503612234060361,-0.05404350073156912,0.4669309645403943,0.5132404505728867,-0.13190714811178364,-0.008290798930103167,0.7697291561877488,-0.051260061485669584,0.22856630341469317,1.2095830549873592,-0.04436444609615686,0.48836173609528877,0.07695312166800321,-0.07463758261696843,0.43088761836736467,1.1266563864097088,0.04746461855048439,0.4701094344520588,1.1157664453728118,0.04605536250457746,0.2137291920522407,0.08635412818512486,0.27014396150688613,0.23796668618436392,0.9609193250553892,0.38326017076043634,0.42840686806090605,1.1732948601082969,0.17840972430665228,0.1775832367997804,0.04231299865574233,0.21662311308461007,0.32390200863286783,0.48460390028795336,0.37398776150460755,-0.040989932271733885,0.7670452081212847,0.06009498893956241,0.16133170373053002,1.212709614503894,0.18901420269941288,0.3402433015941297,0.048672348070955,0.31723582587731514,0.3738082104373352,1.1101505119250943,0.21914312125621718,0.40641458168976224,1.0957133806394765,0.24263893093652478,0.2202516730405009,1.1501519933534128,0.08220790056051246
0.399038,0.12234020223317452,1.237553382540722,0.054059631961605806,0.35484851661231503,0.098973671253035,-0.08799445011306918,0.18671638418700393,0.774298689623386,-0.046905524554608974,0.42397285759994363,0.9707108277771225,-0.14761509307503198,0.4472737724378363,1.1974730402421228,0.10893061301653284,0.3035493903937256,0.05032393680244932,-0.05419528112386545,0.46667271352637874,0.5134696615772776,-0.1317271517222963,-0.006749926598032831,0.7732141062394758,-0.05039533658575417,0.22863566993095102,1.2138033831494195,-0.04383576410739843,0.48835992507172055,0.07684304801711135,-0.07477842217744585,0.43144734701926973,1.1304176487702509,0.04857364088584762,0.47065375130445897,1.1194452507381802,0.047130083700931934,0.21373167942122204,0.08637042235211617,0.27014995243427253,0.2378156324052574,0.9651701504979044,0.3840821904227936,0.4294460261244362,1.1765056535796066,0.1792303456902842,0.17762867146044134,0.042338744677688375,0.21659902343538381,0.32358279988146516,0.48489425600435565,0.3740430951801969,-0.0393917291171707,0.7705338139670354,0.06093491452510244,0.1614104868191674,1.2167689976856797,0.1894692384255469,0.34025437860272634,0.04870942160914925,0.3173044565306467,0.3745534364510233,1.1136375339639095,0.22000450804121663,0.40704957269358966,1.0991612235504349,0.24362631542816932,0.22040446411648726,1.154317875185647,0.08271794407208255
0.409014,0.12239893266483697,1.2416537917628472,0.05465639290934108,0.3548525625392784,0.09902346986850112,-0.08799378205845583,0.18844615113331536,0.777944446462126,-0.046093434076499774,0.4242419416469383,0.9749455043985005,-0.1467805019498942,0.44802813875060926,1.201134064397377,0.1102269977305345,0.3035473786983788,0.050378946274885705,-0.054219301446007895,0.4664838671820328,0.5137717750780196,-0.13142547332332932,-0.0051135761912928625,0.7767977604539661,-0.049514310740640215,0.22876753565134264,1.2181039970284564,-0.04325899416614664,0.488400308097627,0.07679499891415678,-0.07480559067766387,0.4320643771437764,1.1342464539996937,0.04971891461755907,0.47124948299194064,1.1231970816103252,0.04823986435513534,0.21379882258498625,0.08645106290602984,0.2701588780001245,0.23774428125079805,0.9694983932593824,0.3849561214810415,0.43051921188021375,1.1796984949275788,0.17996662528961052,0.1777305849876904,0.0424400917343652,0.2165792952316231,0.3233277049042973,0.48525438931331244,0.374054053440531,-0.03771057149121464,0.7741206199594124,0.06178466491383211,0.1615504286608146,1.2209101859432498,0.18998196579082569,0.3403341406941588,0.04879776177880276,0.31736151670450696,0.3753465405024697,1.1171331582853161,0.22082268213246584,0.4077366753354512,1.102616674741088,0.24455695587047097,0.22061426240488308,1.1585801432688552,0.08327208083183182
0.41899,0.12248266241958052,1.2457535966185225,0.05527282091572557,0.3548670207041335,0.0990863393553251,-0.08797127917110938,0.1901770612546179,0.7816153662269808,-0.045295755017168954,0.42450258782603106,0.9791704941653633,-0.14602319444432452,0.448792982075961,1.2046970405956496,0.11152149674685312,0.303550138292525,0.050445518027976116,-0.05422061628874134,0.4662835273365865,0.5140996017690866,-0.1310598635533858,-0.003479714362802308,0.7803988697558133,-0.04866522304098781,0.22892075715287472,1.222383130220428,-0.042676489607249915,0.4884442327375387,0.07676613040693812,-0.07481547666441996,0.43269314259016767,1.1380063995544556,0.05083513379847868,0.47185540669006115,1.1268768563510252,0.04931696060396888,0.21386877649679578,0.08654348585305563,0.2702123612382392,0.2376929050618351,0.9737807612602627,0.3858285809360361,0.43157321818571026,1.1827756814938843,0.18060572390178461,0.1778273525091234,0.04254401827046299,0.21661393399971302,0.323055862394185,0.4856611332018438,0.3740022882000806,-0.03603711398054162,0.7777160322234975,0.06259844729375354,0.16170738563340528,1.225022598741044,0.19051774764269064,0.34041388811041723,0.048894353585741526,0.31745786689446304,0.3761293670246229,1.120531642070048,0.22157547942671535,0.40842500258183356,1.1059710165203425,0.24540337634775583,0.22084381225369817,1.1628239299327467,0.08382936556058423
0.428966,0.12255055452587865,1.2497944126149285,0.055862403372829605,0.3548612210152048,0.09912151998035146,-0.08803977135336193,0.1918437163788487,0.7852424804647128,-0.04456021026372712,0.4246838624399459,0.9833093963799342,-0.14541342266183915,0.4495515480812878,1.2080682300586614,0.11276146001142702,0.30353521008753787,0.05046410449539171,-0.05431801306938551,0.46601077769057603,0.5144194577890066,-0.1307057239655162,-0.0019145765518370887,0.7839582691324196,-0.04789636836685222,0.22905299650020913,1.2265845041146495,-0.04213509017051241,0.48845909164602047,0.07672654118936958,-0.07491720674023199,0.43330027346267724,1.141609806122808,0.05186614793875374,0.4724431330459955,1.130390747611674,0.050305238346714104,0.21388384679696734,0.08660559985033132,0.27031054082379347,0.23762063276997303,0.9779416698379803,0.386637041651397,0.4325693778434865,1.1857004234577977,0.18113405934368404,0.1778628273422285,0.042594827019738914,0.2167083385404041,0.32270745868219397,0.48608543583804087,0.3738612864704937,-0.03443346720411906,0.7812565829427562,0.0633318924035295,0.1618327299608331,1.2290351082596807,0.1910317512835959,0.34043190025764747,0.04896552465716663,0.31760380476584593,0.37685990605799713,1.1237861123938795,0.22223420384620038,0.4090749603909008,1.1091739160751655,0.246137552688621,0.2210532148938216,1.1669780350488694,0.0843450364582994
0.438942,0.12262485364133807,1.2538566722126716,0.05642775733751852,0.3548574117897716,0.09919400553856739,-0.08817757656693248,0.1934942646816258,0.7888993096681628,-0.04387390024719305,0.4248131853685033,0.9874460015345722,-0.1449287278279563,0.45035248153600793,1.211334083855932,0.11395271738215158,0.3035435379357884,0.05050467916062809,-0.05448921972370104,0.46568856477768966,0.5148005618632339,-0.13036219440394034,-0.00036262302515023776,0.7875614169597038,-0.04718896196017085,0.22918112502259666,1.2308095976764113,-0.041634285054018685,0.4884902868722026,0.07674953206542157,-0.07510315758015744,0.43393428498580905,1.1451265132809085,0.052831935657975594,0.473055312061696,1.1338129608057417,0.05123017936262119,0.21387184834676273,0.0866833340441383,0.27042317369834157,0.2375647385498002,0.9820622214178433,0.3873662116642977,0.4335558231892422,1.1886006344719569,0.18160442958731476,0.17787600031667947,0.0426501822735738,0.21682449901660525,0.32231029751979484,0.48655922868853263,0.3736250708364423,-0.03285684966462775,0.7848433907945755,0.06400179648200557,0.1619378037572892,1.2330466910865148,0.19153522801451772,0.34042836843004987,0.04907428974281737,0.31776832222556156,0.3775920135577136,1.1270139021574506,0.2228203974950731,0.40972731977339005,1.112332256999111,0.2467879666174308,0.221257681756858,1.171148198346585,0.08483537002608935
0.448918,0.12271652575112416,1.2579758249802808,0.05698997357323343,0.3548784635029092,0.09929587884012245,-0.08830576742170142,0.19517828546934066,0.7926107696528362,-0.04320913899175827,0.4249333000736078,0.9916287690544175,-0.14450956078106286,0.45121954933713265,1.2145492393294501,0.11514308221480694,0.30359059758919416,0.0505696560580782,-0.054653406185105426,0.4653536150188113,0.5152297913434761,-0.12997908158754182,0.0012264157131909711,0.7912343782119282,-0.046502572072688576,0.22932745505031263,1.235097673422929,-0.0411483834049726,0.48855787671258666,0.07681923221899191,-0.07528422075299399,0.4346239879863666,1.1486087843215125,0.05378640152674779,0.4737152626569031,1.1371911981100873,0.052145724435670775,0.2138689999696631,0.08676831931590656,0.2705143807725707,0.23756425009126725,0.9861956404274996,0.38803297723151975,0.4345604620491657,1.1915596208402817,0.18204434526988128,0.17790743567437242,0.04271088217892492,0.21691682688095712,0.3218973421437099,0.4870620237272335,0.3733109738907284,-0.03125198747814972,0.7885056111220657,0.06465008372520081,0.16203598739802333,1.2371113230777497,0.19204577458040564,0.34044220028909455,0.04921197244106941,0.317913007397507,0.3783599285610303,1.1302868909291992,0.22336332169162298,0.4104168683241521,1.1155252314540125,0.24738399577702577,0.22147504241747895,1.1753828886264688,0.0853251306735475
0.458894,0.12281489344380825,1.2621306983191978,0.05757199667073088,0.35493021813690556,0.09935497057183316,-0.08833975615693329,0.19692126264088203,0.7963431474369732,-0.04253998065644958,0.4250754864376454,0.9958557202663387,-0.1440917695760141,0.4521398889277142,1.2177216142460505,0.11639057150368029,0.30365666404759334,0.050597086994307025,-0.05472355162969605,0.46503002359332396,0.5156247215256201,-0.129491005256426,0.0028734493454135672,0.7949402100675651,-0.04579855840467197,0.22950152221790893,1.239419680121469,-0.04064407912436443,0.48864497543842444,0.07684469690874045,-0.07534958505327508,0.43536221304222283,1.1520731855868864,0.05478591794551218,0.47441427985966955,1.1405329612302426,0.05310335182686892,0.2138952999144248,0.08680389048346306,0.27055418277957205,0.23764219917698645,0.9903480014942844,0.3886648628245239,0.43557607764140444,1.1946053487531767,0.18245262571074783,0.1779746093820484,0.042723372101782696,0.21694894490113217,0.3214834631531821,0.4875314435443434,0.3729456579830969,-0.029581209223831166,0.7921987803951114,0.0653189930457852,0.16212958143315034,1.2412221080043495,0.192573739643189,0.3404874187691464,0.04930725071462645,0.3180063028784382,0.3791616371302021,1.1336217562848792,0.22388505384227245,0.41115288957070073,1.1187878104310807,0.24794283269760395,0.22171163629067211,1.179661497950904,0.0858334821285731
0.46887,0.12287888700472455,1.2662783168431808,0.05814820434806112,0.35495184487048637,0.09934784453978793,-0.08835634576243695,0.1986735922617181,0.8000490501299053,-0.04188502925148002,0.4251917011468608,1.0001039736421533,-0.14370742332578879,0.4530526175062341,1.220853680242514,0.11764531626039644,0.30368373735845083,0.05056150885664242,-0.05477355378912366,0.4646551286863646,0.5159665480255504,-0.12893733703163363,0.00453144711118654,0.7986560452694191,-0.04511170530265963,0.22965051247604795,1.2437520575596137,-0.04013741667589906,0.48869453996801127,0.076799043470832,-0.07538546606982621,0.43608245944707175,1.1555117767813772,0.05578423469496028,0.4750982263489708,1.1438443987223597,0.05405355019086913,0.21389047095314823,0.08677251437674818,0.27055457790015996,0.23776961456710513,0.9944855300580405,0.38922376150615023,0.43654612870126114,1.1977639731591516,0.18282652068630117,0.17801441402887155,0.04266630179190591,0.21694645325313544,0.3210093497283696,0.487955398700498,0.3725094173226656,-0.027903043504210547,0.7959044254360221,0.06596921402457372,0.16218441511646026,1.2453447732530913,0.19309168091199558,0.3405048503208368,0.049335499317972265,0.3180659830357684,0.3799418820278102,1.1370378420467435,0.22436037844590054,0.4118778069372616,1.1221307098891566,0.2484424278500211,0.22192951980236778,1.1839523465332977,0.08634360115419898
0.478846,0.12289194649489991,1.2704068455225164,0.05870539917198152,0.35492139221402486,0.09929853682543943,-0.08843602397983273,0.2003899163584002,0.8037216437860767,-0.04125802926418154,0.42523734031674176,1.0043651049214766,-0.14339332832130078,0.4539129198164229,1.223958152011112,0.11885366786291848,0.3036614907880018,0.05047863585095078,-0.05488635487764247,0.46418042235011425,0.516289921203928,-0.1283657460861816,0.006157421638883205,0.8023876032426089,-0.044463842736014655,0.2297409501178339,1.2480956932167342,-0.03964187296913527,0.48869476547688373,0.0767157545446604,-0.07548890892066744,0.43673899301476693,1.158926606094845,0.05673283717506088,0.4757278019472602,1.1471398636106955,0.05494875888144787,0.21381997597775995,0.08669169344743716,0.270549875354447,0.2379278151922174,0.9985857340069227,0.3896788669219793,0.43743464756154876,1.2010647445390048,0.18317694353106137,0.1779915042302999,0.04255127962802857,0.2169520767844075,0.32043593366202533,0.48836061353992216,0.3719924435096044,-0.026267120557390007,0.799630862252524,0.06657608933732105,0.16218597349065186,1.2494672748868154,0.19358959787047364,0.3404606944896104,0.04932131721394766,0.3181317267535154,0.3806655438237838,1.1405590829881675,0.22477686756583679,0.41255421505951967,1.1255681914253663,0.24887280180694366,0.22210740134627469,1.1882443586050089,0.08684630137950493
0.488822,0.12290874782069294,1.274580244639176,0.05928968735167675,0.35494069526018357,0.09928963056422305,-0.08854812660678567,0.2020869382748569,0.807443092882452,-0.04063088822384984,0.42523100759516524,1.008671034282271,-0.14312591636778915,0.45474444536662945,1.2270684074630689,0.12003312590799936,0.30370010778518813,0.05041934099932681,-0.055044452841064725,0.4636484089224719,0.5166883652938552,-0.12776428061075462,0.007764689639101664,0.8061851690502277,-0.043798313418011915,0.2298231000369455,1.2524939242874926,-0.039130518546992454,0.48875103662673525,0.07670090937352059,-0.07563380079182239,0.4373710985343272,1.1623542267584306,0.057652760680971984,0.4763268769510675,1.1504476213032029,0.055817823227567266,0.21375725009398355,0.08661992207144033,0.2705866486765911,0.23815442292103398,1.0026750127064326,0.39006170853097555,0.4382835290888469,1.2045398092625974,0.18354372810958017,0.17798263432934158,0.0424319980679122,0.21699611023016616,0.31981813270724513,0.4888135889330236,0.3714378846164711,-0.024636837961741827,0.8034188957652691,0.06720271137376552,0.1621850951082491,1.2536392710612485,0.1941192144185811,0.3404234013589345,0.049352231993346436,0.3182491032295208,0.3813763958456016,1.1442127367672161,0.22518258135803326,0.41323294301588537,1.1291350137981941,0.249277286851126,0.22228924475703818,1.192573249106723,0.08737326040655528
0.498798,0.12295295690823461,1.2787895552162967,0.059909497008455395,0.35500681686628277,0.09933004425029116,-0.08863462704121182,0.203766159832886,0.8112119925101301,-0.03998778854232403,0.42516631091860535,1.0129809219321386,-0.1428763443886437,0.4555849065175311,1.2301503966816332,0.12120947273256397,0.303793112341143,0.05039742124436883,-0.055187352720478235,0.46307633733357134,0.5171583524802568,-0.1271108898725416,0.009351024873812468,0.8100322278881731,-0.04309431195633138,0.22991467705403343,1.2569313821041996,-0.0385948196329928,0.4888603979903855,0.0767580334348733,-0.07575357381825129,0.43800416920690605,1.1657687752092352,0.05855918236348394,0.476916061438817,1.1537348012340551,0.05667135905543141,0.213704190215768,0.08656322256675872,0.27063590900270035,0.2384381304442245,1.0067319357296585,0.39038755988538854,0.4391299210609585,1.2081547264053196,0.18396340837627098,0.17798984268220153,0.042319784397661056,0.21704474163372278,0.31917607706846285,0.489306800950769,0.3708580440831381,-0.023010317566473093,0.8072533712071702,0.06787177667419604,0.16219472950013392,1.2578489716016572,0.19469366082976527,0.3403970531349273,0.04942732064710171,0.31838441737013035,0.3820973415539751,1.1479694657590482,0.22561653832540884,0.4139279813627936,1.1328011097865438,0.2496955215289199,0.22249083759009758,1.1969229637689702,0.08793504736090578
0.508774,0.12301177307925193,1.282967026048252,0.06053709264948174,0.35502989418483194,0.09936864736622787,-0.08863638980683054,0.20541042738815052,0.8149584782275037,-0.039328795611654956,0.4250145247809893,1.017201574277684,-0.14262057997945685,0.4564667255540719,1.2331329443103154,0.12239403032708653,0.30383820242636433,0.05037886889314112,-0.055241507913061996,0.4624528312936243,0.5176217183931989,-0.12638556783054367,0.010896840122223042,0.8138591292392138,-0.042367899524430944,0.22999702428447322,1.2613457642094996,-0.038046636478958236,0.4889299316585442,0.07680769975422513,-0.07577350245508832,0.43864027040103565,1.1691032772773016,0.059450999444395185,0.4775042098091296,1.1569311596496217,0.05749637513577782,0.21360465572457074,0.08648529191739521,0.27061476687060143,0.23872340116439825,1.0107015274906594,0.3906541686008408,0.4399883234698159,1.2118324013567336,0.18446491230298484,0.17795332490819596,0.04219071103167672,0.21702132460751167,0.31849535784144695,0.4897760884982229,0.37023467167066315,-0.021420248402592077,0.8110754595301402,0.06856512410822868,0.16219053355009266,1.2620341601471274,0.19528692822591895,0.34033191120365186,0.04947463998302607,0.31844792927239135,0.3828218655056188,1.1517630130424321,0.22610135170170478,0.4146138699864963,1.1364920157665501,0.2501561729399002,0.22269482644551514,1.2012370023276202,0.08851849382883918
0.51875,0.1230648065126072,1.2871235265201246,0.06116494476464048,0.3550283768697157,0.0994183699888504,-0.08855523576013881,0.20701175917540707,0.8186979224142126,-0.03865659504503998,0.42478514061753114,1.0213320548971025,-0.142350320959313,0.4573646492920758,1.2360850636621483,0.12351873202449114,0.30384817745994624,0.05037820230464317,-0.05521142421912927,0.4617875258262652,0.518098800091329,-0.12559300348145683,0.012397212397852618,0.8176565576092194,-0.04161596996301936,0.23006024654558382,1.2657285375667546,-0.03749634232338752,0.48897139722627125,0.07685771623940926,-0.07569774105172558,0.43927178885515106,1.1723916364806861,0.06030755728214151,0.4780893744571775,1.1600691934733371,0.058285031834750124,0.2134989569732318,0.08639757482304102,0.2705199220006832,0.2389834323799035,1.014608703624665,0.3908804247044875,0.4408167729300627,1.2155885368231463,0.18506851960186896,0.17790654393662023,0.04205889264068755,0.2169188490857155,0.31779861087544203,0.490230859161476,0.36956338337821454,-0.01986763612717766,0.8148785940275618,0.06928964717547341,0.16216683153725484,1.2661924233194615,0.19588230808350943,0.3402590969426749,0.049500703233344184,0.31843179548855227,0.3835300541978641,1.1556027227504009,0.22664956207912307,0.4152806591071523,1.1402184180781374,0.2506774754853897,0.22287729025943492,1.205517674229813,0.0891066517090404
0.528726,0.12309747695267025,1.291295382409983,0.06179330645957871,0.35504445857679306,0.09950390105651671,-0.08843352856617973,0.20857105423058037,0.8224720259868655,-0.037972626432344586,0.4245002353973141,1.025408663451923,-0.14206010200864957,0.4582529259875386,1.2390892764358732,0.12453400393943265,0.3038688767703205,0.05041606412605801,-0.05514554729903858,0.46108344101868265,0.5186300108122235,-0.1247476662461219,0.013857016327595938,0.8214463585517768,-0.04083372446377944,0.23010830407372015,1.2700997508208784,-0.03694236933598712,0.4890260218866953,0.07693714426061925,-0.07557679862949501,0.43989370779247594,1.1756905855054727,0.06111594505770737,0.4786660518589086,1.163203252826226,0.05903772690257799,0.2134356233604683,0.08631908734335887,0.2703885737957843,0.2392026805653618,1.0184943710969054,0.39109073544249506,0.44158207834601176,1.2194470861486437,0.1857859117315446,0.17789408612012814,0.041939572156781804,0.21677564535197066,0.317105698219081,0.490703852022211,0.3688392301447814,-0.01834403148231128,0.8186810673057299,0.07005005311589352,0.1621309029743916,1.2703440995116104,0.1964774264031051,0.3402209045354397,0.049530145566798855,0.31837219906351477,0.3842015501793745,1.1595066769069569,0.22726774764268445,0.4159194056687452,1.1440029000323542,0.2512680306987853,0.22302434580706848,1.2097927857780157,0.08968901009019485
0.538702,0.1231130176530992,1.2955099986554555,0.0624219391150945,0.35508400529751827,0.09962281075890608,-0.08834953451889357,0.21010008631064622,0.8263096717329586,-0.03727392670530241,0.4241780160641048,1.0294735844002847,-0.14174017400573682,0.4591477800177816,1.2421468895531032,0.12548963127285398,0.3039233327485327,0.05048645225497521,-0.05512157044685074,0.4603121070970457,0.5192192160183402,-0.12386597587619215,0.015289683616433741,0.8252679978279088,-0.0400286796299538,0.23016619135769922,1.274496409254762,-0.036360907006738004,0.48911308575585394,0.077049262108872,-0.0754950965764926,0.4405121269675822,1.1790257942740097,0.06189320683183725,0.4792284325584278,1.1663539789926487,0.0597663388707087,0.21340342765001377,0.0862468402406279,0.2702802619310108,0.23936676388953088,1.022371331724689,0.3913041312749424,0.44231193397905505,1.223375630161265,0.18661412742666725,0.17790929867992425,0.04182015645054454,0.21666998187033473,0.3164001211131767,0.4912182423006874,0.3680451334156798,-0.016846628263653376,0.8225121423777749,0.07082647086380543,0.16210194952955068,1.2745102697576056,0.19709110203915156,0.34021799203875386,0.04956349208939111,0.3183332901096025,0.38482475088166435,1.1634518737622777,0.22795537067966143,0.41651031604650657,1.1478262458565038,0.25192247357161396,0.22314778710679614,1.214097139685295,0.09027053068791022
0.548678,0.12312024163633863,1.299768745304069,0.06303753380044638,0.3551296146761634,0.09975005922648951,-0.08829517333518058,0.21159643641612846,0.8302062729406737,-0.03655589801494395,0.423821011447925,1.0335377363234926,-0.1414133300384673,0.46003307515439185,1.2452507781764592,0.12639527075265053,0.3039900684905493,0.05056598575282999,-0.05512313720779275,0.459443869023487,0.5198425170337252,-0.12296287096035569,0.01669319802524988,0.8291312411816473,-0.039210246658924086,0.23023567337561684,1.27891908475703,-0.035765421001785556,0.489213812558583,0.07716318799463179,-0.07544201813100682,0.44110564552896675,1.182404574476914,0.06262545340607086,0.4797572203035634,1.1695394929502752,0.06044925860519069,0.2133718986014933,0.08617507506391699,0.27021498796607796,0.23946700406302288,1.026258068370282,0.39153157363008567,0.44300611772385123,1.2273238112287648,0.18750093827308847,0.17792338998642937,0.04169279121394969,0.21662275753772425,0.31565332764899506,0.49177063858901504,0.3671773200525275,-0.01538350210490905,0.8263804747765475,0.0716130783587209,0.16208693387684206,1.278698787952519,0.19771143487648069,0.340221762944093,0.04959249163917485,0.31833657114429953,0.385389404026049,1.1674110026776456,0.22868084769373093,0.4170350648211219,1.1516662456067424,0.2526174736431576,0.2232536163594358,1.2184382245065222,0.09084100076394935
0.558654,0.12313173650046953,1.3040523548674137,0.063618581073015,0.35515708438057964,0.09985178797815239,-0.0881956487840842,0.21305128201336096,0.8341341433340987,-0.03581638759186839,0.42342665967799153,1.0375912849736826,-0.14113026461165756,0.46086658785922574,1.2483982306382482,0.12721744231023052,0.3040248848499761,0.05062683258021051,-0.05506449861617254,0.45846087508109806,0.5204644456995683,-0.1220530618649639,0.018057591463655022,0.833021664486805,-0.03838685814396797,0.23029901805792344,1.2833397532782982,-0.035203646155737366,0.48929060015270537,0.0772314219493791,-0.07533493135262798,0.4416370833967592,1.1858249514168335,0.06327225351864157,0.4802288656690109,1.1727796741658123,0.06103940536942114,0.21331126466876876,0.08610045793279562,0.2701701566520842,0.23950399227594343,1.0301784151045075,0.39177809094194066,0.44364250050699033,1.2312379570165815,0.18836208581777447,0.17790431434138512,0.04156045863236395,0.21659630161195106,0.3148410079679019,0.49233988552185554,0.3662418142348604,-0.01396390039430493,0.8302791667326427,0.07241614588037976,0.16208456607252605,1.2829069541062066,0.19830326352319722,0.34019535341197393,0.049605807124437906,0.31835427001085126,0.38589138071208284,1.1713611512346396,0.22939273920900136,0.41748512207694244,1.155503880452294,0.25331795560774983,0.2233458224604093,1.2228013665411364,0.09137721300291199
0.56863,0.12316506747308537,1.3083528322042486,0.0641649704864972,0.3552014350102251,0.099944413748988,-0.08807035183027702,0.21450197434677667,0.83809954971721,-0.03507347211673961,0.4230439136527552,1.0416737047450497,-0.14092911484382206,0.46165518456864124,1.2516006065161676,0.12795291679008183,0.3040722314153961,0.050689545040962715,-0.054975009311921993,0.45739959437099836,0.5211045367617103,-0.12115920568152005,0.019414976827880716,0.8369535779867947,-0.03755957388479767,0.2303626569007748,1.287768766271515,-0.0347103734440272,0.4893834612052254,0.07727359511717549,-0.07519932587715773,0.4421316207063697,1.1893065896704256,0.06382338420075927,0.48066707732750014,1.1760944351899312,0.06152697817283398,0.21325737752490465,0.08603341200076609,0.27009868487293587,0.23950355779139085,1.0341374355609871,0.39205312012306653,0.4442623756061226,1.235101500864047,0.18917815254659834,0.17788376197673644,0.04144534530594085,0.21654205437245377,0.3140033646305673,0.4929356106886385,0.36522260852516975,-0.012549325233269593,0.834227690417942,0.07322074041775901,0.16211889303717916,1.2871411241610575,0.1988737712374658,0.34018101685549573,0.049603967004274205,0.31831513196952393,0.38636195839179305,1.1752996820111106,0.23008391842504378,0.41789471000197675,1.1593256086763009,0.2540059692178429,0.22346587388435302,1.2271922871926533,0.0918715110537475
0.578606,0.12322691261126459,1.3126742482101486,0.06468502772141721,0.3552724955945089,0.10004003811601242,-0.08794798128698368,0.2159726968298591,0.8421115907231487,-0.034330731370106095,0.42270185608025035,1.0458209760055168,-0.14082796531510386,0.4623999500505859,1.254856122489338,0.12861616374896892,0.30415346316745984,0.050766621378718645,-0.0548902379450406,0.45626970961832475,0.5217772177257642,-0.12028717016531164,0.020786573813635547,0.840947746739905,-0.03671751796965995,0.23043045534262438,1.2922241100818352,-0.0342931063292908,0.489505328671311,0.07730988459439796,-0.07506878218422477,0.4426055623742738,1.192854269150405,0.06428588421141179,0.4810847946741395,1.1794844799752255,0.06192331425754613,0.213232936164529,0.08598002099955704,0.2699778320098399,0.23947877041328014,1.0381428023710324,0.3923712799325122,0.4448947036893714,1.2389034936219774,0.1899437731660225,0.17788047197620577,0.04136081022042646,0.21643787143483997,0.3131609756074475,0.4935676026847313,0.3641159880205706,-0.011114436655401263,0.8382463827364156,0.07402570245583907,0.16220413607609951,1.2914131105062012,0.1994379132135543,0.34020850466506863,0.04958872808076586,0.31818193926980176,0.3868194062059665,1.179217468815353,0.23075500538489288,0.41828910951057025,1.1631163618480576,0.25466835322535836,0.2236402786223348,1.2316253261946868,0.09233075271993973
0.588582,0.12329581092379446,1.3170369055493287,0.06518832296414243,0.35527913619116536,0.10010159652044257,-0.08780021137658875,0.21742126033402634,0.8461575219023469,-0.03354381003786961,0.4223449079215854,1.0500218768769722,-0.14081193236722012,0.46304938644839344,1.2581259497330524,0.12923317839148754,0.30416893293121555,0.05081485134561906,-0.05476512550441629,0.4549809761129926,0.5224420059514226,-0.11939984707979066,0.02213577144646693,0.8450138780160957,-0.0358298596875594,0.23047991911786472,1.2967085788334645,-0.0339109456818282,0.48954925864240545,0.07730746093401959,-0.07490582529606991,0.44300558579019955,1.1964248132454955,0.0646789941112576,0.48143375732336424,1.1829110590764584,0.062254636440288086,0.21317991749987106,0.085926309971465,0.2698574478775015,0.2393959769845063,1.0422235210733048,0.39275429621050667,0.44548772131462216,1.2426186980011107,0.19063161896170405,0.1778345619329545,0.04128618199125832,0.21632739685933475,0.3122403624126777,0.49422091308909344,0.362964125180707,-0.009700994231158127,0.8423346038673233,0.07487766834046174,0.16231127882110216,1.2957387086678662,0.19999279242678009,0.3402166069116927,0.0495552416741993,0.31802653894678495,0.38722486292337277,1.1830776526136018,0.2313873598440631,0.41863940873706296,1.166856021195396,0.2552885377753877,0.22383175182119297,1.23611574237413,0.09278037783256171
0.598558,0.12335602211922853,1.321445089692269,0.06569300227648758,0.35523237554420695,0.10014598275520821,-0.08765158188118179,0.2188417584482765,0.8502407479610461,-0.03269518001026419,0.4219768967714885,1.054312576949633,-0.14087937233878176,0.46359371391220966,1.261452523480707,0.12979685369805372,0.30412625068610205,0.05084755635570612,-0.054624433792365736,0.45354450360972876,0.523113419682441,-0.11848578666888077,0.023463957161802964,0.849144273518343,-0.0348794016567633,0.2304906476769579,1.3012358408108753,-0.03354149913289529,0.489530728760731,0.07727820171272255,-0.07473527091741357,0.4433329173754657,1.2000503190425063,0.06501171965685683,0.4817150225861408,1.186407804560513,0.06253405754355294,0.21310932331666688,0.08587969202235103,0.26976589251095395,0.23927462362398697,1.0464023153724804,0.39321064693148505,0.4459976212848983,1.2463063164549741,0.19124571526805792,0.17775917173421915,0.04122965386732635,0.21624019490632196,0.31123973310391384,0.49490260690392907,0.36180319261213945,-0.008306258452941494,0.8464819244940864,0.0758012004445147,0.162413852982178,1.3001260012009017,0.20055003891707768,0.3402093335864114,0.04951131047160633,0.3178816858730864,0.38756634193782863,1.18691598927793,0.23198064692814074,0.41894023263498764,1.1705823373644957,0.2558598040520965,0.22402339110369873,1.240663901709932,0.09323391146765019
0.608534,0.12340110523534767,1.3258878555547695,0.06621958526077411,0.35523133408794216,0.10023383572419158,-0.08757201336390748,0.2202667486206004,0.8543769322086502,-0.03179601520155035,0.4216562358125501,1.0587666274366536,-0.14104099240304563,0.464064511978383,1.26493871272841,0.13027650388427622,0.30412737659384786,0.050925915839620806,-0.05455509041065421,0.45205962333595107,0.5238508570467986,-0.11756169158752215,0.024808605323459337,0.8533180619019096,-0.033865920716856436,0.2304486046725151,1.3058260791701526,-0.033185517135609265,0.48957002744143674,0.07727077805439521,-0.07463585974487065,0.443638975848043,1.2038206429125617,0.06528411725713455,0.48197594013585787,1.190062951371981,0.0627626372588236,0.21308797013908,0.0858627113230404,0.26970286544234806,0.23918054344875955,1.050689422517996,0.3937332840565823,0.4464058841820445,1.25008492286329,0.1918137094911538,0.17772635531264835,0.04122182676776534,0.2161820437721326,0.31021958511307945,0.4956357843485415,0.36065465326791496,-0.006886259696430427,0.8506726498412643,0.07679205660144832,0.16249536945331478,1.3045748906005075,0.20113130935542836,0.34024651113092574,0.04947121591417038,0.31773357116769557,0.38786296636723344,1.1908234538866949,0.2325483714738546,0.4192134759429759,1.174374687529899,0.25638262005064366,0.22422170073061817,1.2452577926888468,0.0936916645586514
0.61851,0.12342686726183173,1.3303655123602247,0.06675464010340647,0.35524950449989934,0.10034543758158383,-0.08756119481609105,0.22170444911201836,0.8585468959466174,-0.030841988661882005,0.4213685161081826,1.063377334010375,-0.14128121242999678,0.464466409111874,1.26856188515304,0.13069619904757887,0.3041419063216798,0.05103614914460394,-0.054560890263682056,0.45050621366842764,0.5246298060180188,-0.11663604709799856,0.02616496941677268,0.8575248304471572,-0.032799580467052995,0.23034624274728446,1.310464852118546,-0.0328416287891949,0.4896329623109086,0.07726097342762928,-0.07460334432453201,0.4439151539228439,1.2077096424192821,0.06550974582923316,0.48221662714306907,1.193852668194885,0.06295446018270535,0.2130648802594473,0.08585196199857947,0.26967239885219435,0.23912247963818542,1.0550709941045293,0.3943013123592173,0.446740682006833,1.2539406311103252,0.19231066757282475,0.177688094854061,0.04123807125587105,0.21614497590294912,0.3091367465982769,0.4963958578946739,0.3595199374878017,-0.00545237182148985,0.8548985717509705,0.07783324250800264,0.16255221031264072,1.3090824245119794,0.20172214532143273,0.34028410326188674,0.04941092805134134,0.31759261599209004,0.38812575182419357,1.1947906994643827,0.2330685585256487,0.41947077327151877,1.178231255766857,0.25684227517335634,0.2244097017555585,1.249895698203954,0.09415579987802385
0.628486,0.12343759090977299,1.3348870253176175,0.06728970380623811,0.3552376634656178,0.1004543764439412,-0.08758807386370149,0.22316121387312352,0.8627356530627369,-0.029817678601533306,0.4210966930223956,1.0681205331040846,-0.14156863283593896,0.46480378372787556,1.2722788685257729,0.1310988047967587,0.3041185894735823,0.051155989444729676,-0.05460725764606459,0.44884556317477947,0.5254192617192309,-0.11570405303714185,0.027529859785062692,0.8617697310741648,-0.03167862266726644,0.2301914170168527,1.3151412514106846,-0.032497580260921595,0.4896592101288371,0.07722311657801063,-0.07460038073048912,0.44414915401557625,1.211678109114372,0.0657141658766966,0.4824307093050925,1.1977404968501215,0.06313125718079554,0.21298265417419288,0.08582967060876154,0.2696794452946204,0.23909782975612995,1.0595341893930073,0.3948970638181484,0.4470354244112263,1.2578410523479502,0.19271685029840915,0.1775905874992098,0.04125619023451505,0.2161257763611676,0.3079360454995258,0.49716197730012496,0.3584075091283594,-0.004017109005797309,0.859162838846024,0.0789213101254853,0.16259015242871724,1.3136500822879726,0.20231435098123696,0.34027238581655395,0.04931448055723822,0.31747559027828703,0.38836433568617607,1.1987986844815903,0.23352644678272688,0.4197196308027163,1.182142183865913,0.2572340181634412,0.22457706328974458,1.2545841748450917,0.09463681458434345
0.638462,0.12345462805184496,1.339469136978628,0.06785636163769507,0.35520883838544814,0.10059039282294445,-0.08761594548243294,0.22466124159893033,0.8669673591114708,-0.028698460869406,0.42088269984384996,1.0730022936546193,-0.14186057349807404,0.4651052626456347,1.2761120996236919,0.13151823006026084,0.30407873555257414,0.05131035461430962,-0.05464885253557626,0.4471046343184145,0.5262479606394873,-0.11473997623113001,0.028941375526807107,0.8660828371999845,-0.030467227318276068,0.23002106429911973,1.3198815485673314,-0.03212056490300033,0.4896687788946468,0.07719339659836305,-0.07459020976007634,0.4443745585900384,1.2157602410679662,0.0659360796721443,0.4826400992408022,1.2017607092138345,0.06331873886487352,0.21287524870119445,0.0858308686663236,0.2697251754024627,0.2391292591093014,1.064088058864073,0.3955215522569821,0.447294327431083,1.261829924652983,0.1930713920588627,0.17747491290463446,0.041307795915969205,0.21614188673291643,0.30662895759353426,0.4979634417845436,0.3573573865215701,-0.002545828500202825,0.8634871594627312,0.080092570444625,0.16262498409397208,1.3182908314240378,0.20294512820999067,0.3402423481737796,0.04921832330819309,0.317389671236239,0.38859294313337056,1.2028952345632362,0.23395512814552222,0.41996772050197395,1.186150799954562,0.2575890041855283,0.224750050215703,1.25933823543985,0.0951610595042846
0.648438,0.12348035886181706,1.3440915752640752,0.06844680689136282,0.3551720089262569,0.10075069973054937,-0.0876377157456069,0.22621018594177075,0.8712215949445056,-0.027496231266324247,0.4207310520775484,1.0779823948041327,-0.1421466919402843,0.46538599026798083,1.2800665099284236,0.13192684372698968,0.30403431244431056,0.051488562909864616,-0.054680348353573244,0.4452927078474582,0.5271102704924523,-0.11375158658907782,0.030411511108996724,0.870464918039108,-0.029177911368138857,0.22984986625862436,1.324666470210984,-0.031720387408070004,0.4896708428461214,0.07718558349115487,-0.07456618349875453,0.444607124956175,1.21995224298355,0.06616432906808525,0.48285839537758135,1.2059078970936954,0.06350586900485594,0.21276063104156082,0.08585293330379277,0.2697877101882053,0.23921886683790458,1.068709333666164,0.39616253131121026,0.4475098469497967,1.265925456015363,0.19339467209809477,0.17736429780079777,0.04138451814093228,0.21617192335067129,0.30522375455816686,0.4987952222739612,0.3563642019944434,-0.0010249003832713275,0.8678739747181359,0.08133991810113299,0.1626592367428229,1.3229950995321245,0.20361574294001158,0.34021078319998826,0.0491446893656796,0.3173183916163433,0.38881471853624655,1.2070841382670257,0.23436658877722846,0.42021510123170924,1.1902567882115866,0.2579178719284149,0.2249430091045086,1.2641490392877806,0.09572575214505458
0.658413,0.12349856853610429,1.3487072914186535,0.06901843852568218,0.35512569658802223,0.10089946517283956,-0.08766969960259895,0.2277959417743788,0.875441859303225,-0.026254111471821724,0.420605844497404,1.0829832087532258,-0.14244475141218338,0.46564631245545035,1.2841193412095617,0.13225543039845317,0.30398222155247784,0.051646737805472354,-0.05472741941542593,0.4433944690288847,0.5279665218842888,-0.1127760434417874,0.03192388363880987,0.8748893756574501,-0.027864499027954306,0.22966940052593204,1.3294395229095175,-0.031340825149861584,0.489657473466966,0.07718736841642228,-0.0745450944856637,0.4448399562486242,1.2242078020251403,0.06634819808431734,0.48308592832521924,1.2101317864484011,0.06365364658845209,0.2126326643529318,0.08585874618418879,0.26983558798935214,0.23934941492746772,1.0733500091706425,0.3967968334794047,0.44767531558452833,1.270111185604959,0.19368390154451057,0.1772549782751546,0.04144166407240687,0.21617011626510807,0.3037179728767612,0.4996225558836251,0.3553824514019286,0.0005353178567974301,0.8723074585021698,0.08261684839784769,0.16268465546283709,1.3277344968602078,0.20429212164439126,0.3401730136954396,0.0490965420436034,0.3172354436838749,0.38902534701079694,1.2113256324992505,0.23475021137976904,0.4204585706081885,1.194418799569206,0.258210755012152,0.2251533786325835,1.2689892629559454,0.09630253167531595
0.668389,0.12350616287189844,1.3533377691807191,0.06958496759509315,0.3550811197007664,0.10103970347989169,-0.08769025074556551,0.2294244349117701,0.8796545081327192,-0.024980312435745264,0.4204951544991744,1.0880050059303012,-0.14274312166007228,0.4658966665517017,1.2882400080845957,0.13254133074732533,0.3039443262166881,0.05179004567480962,-0.054757623675286186,0.44140219229520467,0.5288247557400686,-0.11181242374917671,0.03347933117962252,0.8793614432076194,-0.026515488542361517,0.22948611444152006,1.334224548419736,-0.030961471314855053,0.48964876443606314,0.07721227405614006,-0.07450831869524274,0.4450717002454625,1.2285115248628922,0.06650349515300238,0.4833144531050714,1.2144059992046774,0.06377472953391787,0.21250977065013396,0.08586937663736133,0.26991530401957164,0.23952928217527406,1.078027112042395,0.39743031352701896,0.44783705285781716,1.2743771425726034,0.19395575300528536,0.17716386087278527,0.04149636209010565,0.21619277344647914,0.30211731657091895,0.5004772961979924,0.35441679258837755,0.002143558307721321,0.8767942990444607,0.08392892406942325,0.16271464411065953,1.3325139933311,0.20497638213151897,0.3401454544608395,0.04908720247586151,0.31718924030673407,0.3892455319004857,1.2156359352192239,0.23512340963715206,0.4207215638151657,1.1986530881862407,0.2584850432756389,0.22537621348488673,1.2738726375060467,0.09689368056739965
0.678365,0.12350757199994572,1.3580062410744023,0.07015595599815978,0.35504377480805777,0.10118009843489684,-0.087678131446206,0.23110095524957322,0.8838927384120396,-0.023683617085647944,0.42039719337655973,1.0930511478595104,-0.14303070599561477,0.4661616144657456,1.2923872408648387,0.1328326279642146,0.3039346570003997,0.05193110322133306,-0.054739219724146145,0.43931730325309115,0.5296956174711498,-0.11086040734412674,0.03508211594759144,0.883880215157182,-0.025121469639537954,0.22931326429503895,1.3390455108043968,-0.030565035413573173,0.4896598776865961,0.07727064321802483,-0.07443524477484051,0.4453125279812299,1.2328439547827914,0.06665548961676794,0.4835464282887822,1.218702726773866,0.06388922463893841,0.21241109084873272,0.08590668092412274,0.27005495066997326,0.23977173716180755,1.0827590570908634,0.398059719441017,0.4480478692696391,1.2787168506388902,0.1942294992365036,0.17710625068616304,0.041570050715241835,0.2162835332201679,0.30043504488521966,0.5013865491141084,0.353465407870976,0.0038071588556261053,0.8813310157709818,0.08527884892014617,0.1627602468598608,1.3373364684779063,0.20566568800761412,0.34014781858845555,0.04912093791863171,0.31720626455601636,0.38950630544314985,1.2200325030187749,0.23550277397013739,0.4210322553212143,1.2029773587330033,0.25876031347061096,0.22560625115764738,1.2788049984182606,0.09749597643810903
0.688341,0.12351133512717768,1.36268052159855,0.07067813099918016,0.354994768785508,0.10130513111675359,-0.08765110654461834,0.23281312082994446,0.888132390893132,-0.022406440667414214,0.42030974344701166,1.098063731633935,-0.14332519593088297,0.4664871710063623,1.2965064130087518,0.1331025138259152,0.30392599090218514,0.05205294108953316,-0.0546994953244121,0.437151475801417,0.5305512898587861,-0.10995685157323198,0.03672825494786727,0.888405019597023,-0.02373920458531263,0.22916482648126293,1.343855739096961,-0.03020188921691981,0.4896685432714652,0.0773398361590896,-0.07433632561663542,0.4455925590861043,1.237150850911116,0.0667890971295514,0.48381598781196666,1.2229716876178203,0.06398664708524954,0.212332797779902,0.0859381197132424,0.2701673355511592,0.24007463880282015,1.087511218620909,0.39863493665981353,0.4483249438262815,1.283126826503256,0.19451083746398629,0.17707275832422822,0.04163453182619041,0.2163602790401027,0.2986907855283585,0.5023037401671663,0.3524616796096253,0.005512625314875731,0.8858740604505791,0.086614091867763,0.16280612378128947,1.3421733484805394,0.206311400183668,0.34018592562313615,0.049169799652037896,0.31719260037599695,0.3898376506690868,1.2244846001016776,0.23587590467567723,0.42140352389724617,1.207359898014545,0.2590349999247818,0.22583867838944233,1.283740642992661,0.09806447817323327
0.698317,0.12351015877827812,1.3673689331929773,0.07113542864338541,0.35495894944078665,0.10140924371292091,-0.08764524985163404,0.23454881880723497,0.8923975361352192,-0.021170073514315296,0.42022824657802743,1.1030222853690066,-0.14359870889820422,0.46686275381897935,1.3005736555670322,0.13337913033933116,0.30393722977547627,0.05215046612030601,-0.054678470143439385,0.4348847892192292,0.531392396661122,-0.10912248298919347,0.03840063026666711,0.8929296119456429,-0.022393418513584094,0.22904797370134328,1.348653397341491,-0.029876058479922064,0.489694622970333,0.0774049103836764,-0.07424704753358631,0.4459017885029391,1.2414103108517671,0.06693149025238801,0.4841135274237462,1.227181562223165,0.06409814339654939,0.21226776531416966,0.08594596293286612,0.27024845044955514,0.24038925193319197,1.0922847336052075,0.3991609860974991,0.44866771249363624,1.2875469069084202,0.1947909644913437,0.17705557906892272,0.04167176326488279,0.2164118095948045,0.29686178059745094,0.5032186052622067,0.3513687453927694,0.007245382099786346,0.8904165229095264,0.0879158761231359,0.16284514932091557,1.3470164519535204,0.2068939332699804,0.3402480673850876,0.0492103132374274,0.31714677174153766,0.3902274026862865,1.2289457162186646,0.23623537960000365,0.42181758694789423,1.211748830503,0.2593104392269097,0.22605398917559624,1.2886784615433038,0.09857955876903918
0.708293,0.12347846754863366,1.3721142327139817,0.07155266317083571,0.35499647771365034,0.10150315044548372,-0.08769946665374767,0.23630187275483938,0.8967547692578578,-0.019967769373876922,0.4201434555305745,1.1079461296493152,-0.14378497307923446,0.46722217945444544,1.3045960884356262,0.13374303610150323,0.30402615463367316,0.05223868623645657,-0.05471152882068313,0.4324833380358565,0.5322508407518088,-0.10835293487875632,0.04007652228363997,0.8974756386979869,-0.021069215719806866,0.22895298728754954,1.3534808790490966,-0.029548512578301704,0.4897934899099978,0.07746460974607768,-0.07421354107704232,0.4461903261285161,1.2456343844367161,0.06714803522473001,0.4843850620152291,1.2313250869395078,0.06429174263262871,0.2122097032738643,0.08593641870371085,0.27037571096279817,0.24062768344757504,1.0971051461691945,0.39968841531972066,0.44906039562935995,1.291882655999637,0.19506711748475683,0.1770510543109274,0.04168459741124411,0.21650053224098822,0.29489840585510163,0.50416135385134,0.35019220437675125,0.008995516670144402,0.8949811230888565,0.08920322868494512,0.16287066748812928,1.3518761859630077,0.20742955179058206,0.34030951290083455,0.04922942218497903,0.3171568315833467,0.39062494590244146,1.2333687199617858,0.23659189752797136,0.4222302347084749,1.2160885129240109,0.2596007483130284,0.22621957734792847,1.293656847233695,0.09905277999909154
0.718269,0.12337787177086018,1.3768650495728867,0.07191867676429682,0.3550886561780324,0.10161621300115711,-0.08778809578407212,0.2380865064735399,0.9011773456642586,-0.01877905635502971,0.42002989816555125,1.1128108981488583,-0.14389249251960504,0.46752510961992805,1.3085698953549125,0.1341859930804476,0.3041631275637007,0.052358799582028354,-0.05477633632344161,0.43003999293273765,0.5331405027365,-0.10762003414896247,0.04177489842432239,0.901982790845126,-0.019765071478625842,0.22880329614953276,1.3583081715105578,-0.02926713446206883,0.48994087788783247,0.07752556237905132,-0.07421707848650069,0.4464281314715267,1.2498123831148615,0.06743861437495778,0.4846019625435551,1.2354071619293547,0.06457496996154904,0.21215729406987333,0.08592373228424854,0.2705043266046328,0.24073507166528132,1.101870751827267,0.40015936945650915,0.4494685138923842,1.296189940597387,0.1954599001247524,0.17704847443870284,0.041699169618373395,0.21658570376369715,0.29285967760916404,0.5051187616383921,0.3489599991998946,0.010770896806523904,0.8995052694857033,0.09046899947001925,0.1627987224632749,1.3567202338451636,0.20793588940540972,0.3403614223127705,0.04922234427048362,0.3171762455196001,0.3910019285542969,1.2377594095632398,0.23701562056349346,0.42260950758200166,1.2203831825196658,0.25996533603952166,0.22631348411235794,1.2986306166407846,0.09949480146295536
0.728245,0.12319916067279911,1.3815696584275499,0.07223078141025688,0.3551883213519832,0.10175535094972209,-0.08786056794084447,0.23992885128404842,0.9056166571299474,-0.017591492516787256,0.4198565715946614,1.117575449292279,-0.14394976124414258,0.46776835109411613,1.3124783862302036,0.1346674931410324,0.30429813491832647,0.05252247551561185,-0.05482161688292689,0.4276206235360132,0.5340469699750424,-0.10690217542462577,0.04353156819829968,0.9064098070245056,-0.018481121230051474,0.22855649545316292,1.3631021412054414,-0.029077159923306877,0.490089464874084,0.0775920518856923,-0.07421193798523762,0.4466098719124903,1.253919321935627,0.0677757705030428,0.484760720092467,1.239420397206852,0.0649214952375882,0.21211183679368753,0.08591125676363681,0.2705743761826498,0.2406881243705806,1.1064819521532012,0.400525352628919,0.4498792704208084,1.3005079642851245,0.19607255210189756,0.17704642197196088,0.041724964278160866,0.21661321538564565,0.2907970729979411,0.5060668633273637,0.3476867737859279,0.012595452718663266,0.9039483566848775,0.09170557922512253,0.1625839540378359,1.3615188368267943,0.20843663383684824,0.3404084194235969,0.04919310211221588,0.3171423448947549,0.39135533058333594,1.242110620373974,0.2375666311173367,0.4229462617466096,1.2246244574744525,0.2604575122539967,0.22634439313198398,1.3035630961632168,0.0999189152624267
0.738221,0.1230158827859281,1.3862712445383072,0.0725442121310013,0.35526135032018424,0.10185545238604461,-0.08787400316419869,0.241862543489482,0.9100658928196311,-0.01642545223699935,0.41959577169466705,1.1222045590652574,-0.143957991460539,0.4680107788306204,1.3162863513234258,0.13515941372998613,0.30442236191553507,0.05264490050889792,-0.054787159643211014,0.4250979322352862,0.5349073704989429,-0.10621727740284802,0.045379930288591504,0.9108447606412172,-0.01720737269621973,0.22831963032289734,1.3678965706686361,-0.028927712736267423,0.49021869323352607,0.07765488876997939,-0.07415557214965166,0.4467687707421206,1.2579204873468215,0.06813226069593857,0.4848915781009596,1.243316521813403,0.06528463806814802,0.21207559555671443,0.08586888981064016,0.2706166123692921,0.24050699001255785,1.1109743030787753,0.4008710965997334,0.4503502926290904,1.304684383028113,0.19684044665615824,0.17707245832776558,0.04170899166264762,0.21660463827921833,0.28863351266671783,0.5070013903717621,0.34633391352173126,0.014513382545426005,0.9084095201400626,0.09293132764783735,0.16235281559338266,1.366292062213957,0.20896917085129446,0.3404704589115297,0.04915846185935744,0.31709348216224204,0.3917198283009764,1.246331960370626,0.23822014395549812,0.4232737609081963,1.2287146051401803,0.26106904610815684,0.22638389091682523,1.3085230532588392,0.1003461048529409
0.748197,0.12285490637788443,1.3909636948792916,0.07287320450159143,0.3553076637084377,0.10189983381926421,-0.08786487312964315,0.24388690201326124,0.9144857366927638,-0.015303392157287014,0.4192348492879043,1.1266889906656872,-0.14395056111897644,0.46828266958593995,1.319979369474703,0.1356160263370143,0.3045410328648536,0.052706064729594514,-0.05470935103585801,0.42244494374032965,0.535704940196771,-0.10558269689954826,0.047322269853301915,0.9153031117615054,-0.01596234819925248,0.22812801795955764,1.3726919187636253,-0.028798983085819397,0.49032984482927083,0.07770024349305565,-0.07408518841457504,0.4469218675446652,1.2618046770302238,0.06846513160505334,0.4850087504294988,1.2470712718261485,0.06562018843933023,0.21203937250246294,0.08578426268215,0.2706514989281803,0.24022744281850866,1.1153506938726958,0.4012108781936935,0.45089505709228245,1.3086898784717558,0.19772742190814474,0.17711865828810003,0.04164017797916279,0.21658259760986306,0.28635218288582226,0.5079208610534511,0.34488028886246197,0.01653048076139511,0.9129057697353652,0.09413218029667846,0.16215809164888664,1.37103449644756,0.20953469441447348,0.3405376910404904,0.049108839462361005,0.3170531495091846,0.3921139136991163,1.2504082856690475,0.2389558570363254,0.42361333603074974,1.2326377699743394,0.2617765529031351,0.2264639169470181,1.3135085298089608,0.10076991737264544
0.758173,0.12268215830955938,1.3955884289093619,0.07318854246139511,0.35535414232935375,0.10192460115214734,-0.08792729997489333,0.24596739776087537,0.9188055057042167,-0.014239030631273918,0.4187747533901239,1.1310487470405457,-0.14398237129348762,0.46857223327616193,1.323564758307293,0.1359959714535676,0.3046647237250376,0.052755698817718744,-0.05469899192190504,0.4197479013953616,0.5364708022509072,-0.10499723236774167,0.049330396152796226,0.9197178578987472,-0.014783217834446836,0.227924342324089,1.377451314819826,-0.0287107464875551,0.49043922816923924,0.0777143633136058,-0.07409693696111494,0.44705933197231507,1.2655874243214118,0.0687330409158796,0.485101205025443,1.2506964697005862,0.06590081827969305,0.21198489634800793,0.08566630839224831,0.27067625112133603,0.23988579197269927,1.1195773776931657,0.40148463031959614,0.4514776577790835,1.3126291506740417,0.1987417320423729,0.17714365430340134,0.041552095065846034,0.21655779140561968,0.2840046543175281,0.508822097946838,0.3433313721268252,0.018613269518239158,0.9173625765099621,0.0952689405760452,0.1619551055911734,1.3757156233839585,0.21010064896059444,0.34057483208423545,0.049012537809484634,0.3170155821242958,0.3925296966279008,1.254406294390796,0.2397694493802689,0.42396154341805,1.2364674884423013,0.26255485998851846,0.22656264789873665,1.3184446662053262,0.10116310964372541
0.768149,0.1224635491365391,1.4001777115606941,0.07351481769047942,0.3553865999391356,0.10190855726909953,-0.08799867859557901,0.2480872349565998,0.9230142125729279,-0.013206439006464295,0.4182072160024856,1.1353281548549878,-0.14399860527871283,0.4688471722293918,1.3270324229592585,0.13642731926131269,0.3047862491666474,0.05276049352140319,-0.054685489039938334,0.4169530072742166,0.5371870670474508,-0.10437804951891705,0.05138357089770904,0.92410832636335,-0.01362233451260573,0.22768267164503317,1.3821893785324584,-0.028631117322604063,0.4905411966151806,0.0777023920249277,-0.07413140195928156,0.4471422130053638,1.269291735113556,0.06901811880460201,0.4851337113832188,1.2542387163568836,0.06617667845303432,0.2119136303022932,0.0855089277690946,0.27069922972473054,0.239458098399216,1.1237468644934099,0.40176391375027065,0.4521108896715211,1.3164511802614574,0.19981361835750186,0.17715845706363145,0.041421299289046705,0.21653342188973926,0.28154722559728784,0.5096918750099764,0.341694523016202,0.0207514011977419,0.9218078756574762,0.0963873905602201,0.16173530399980296,1.3803667074828696,0.21067302767068025,0.3405991333908366,0.04888603053271949,0.31698834043451046,0.39293259115279205,1.2583336424141134,0.24064280911246663,0.42427427596796086,1.2402167325220719,0.2634070750263561,0.2266362294671866,1.3233697619448586,0.10155800694774254
0.778125,0.12217693691386837,1.4047641177088532,0.07387373559947767,0.35538640775514935,0.10183242633257963,-0.08801244246639248,0.2502390072244707,0.9271218543701708,-0.012178000288043618,0.4175366746959268,1.1395573281947662,-0.14393508573994232,0.4690767936266706,1.3303777500346903,0.13702248323366947,0.3048965135682261,0.052683205160528525,-0.0545977243458488,0.4140053123292556,0.5378310704122808,-0.10364704668950771,0.05347077953317946,0.9284969305370657,-0.012431590377651647,0.22739459650672084,1.3869178800568414,-0.0285298993011073,0.4906277639000916,0.0776812405585507,-0.07412237451879072,0.44714178912991887,1.2729329268970155,0.06940156124528453,0.4850813400203482,1.257735238388886,0.06650354363628667,0.21182880689118896,0.08530589950062212,0.2707328136357511,0.2389122870403305,1.127951385658683,0.40213136883812756,0.45279792495518256,1.3200851712800998,0.20087894626770056,0.1771817190953926,0.041220077391919074,0.2165134462729565,0.2789327546798459,0.5105189656608469,0.33997766168637494,0.022940151073902203,0.9262691276770618,0.09753353017293623,0.1614987052196583,1.3850154351371857,0.2112576767193495,0.3406305401182306,0.04875234152407472,0.31698270693464303,0.3932871830009959,1.262175290814903,0.24155642494778856,0.42451043021532825,1.2438738991649139,0.2643352540382127,0.2266479826234463,1.328323935485282,0.1019837713857358
0.788101,0.12182794382553791,1.4092802540004963,0.07422024374551216,0.3553698937377071,0.1017468466888252,-0.08806332999416008,0.25241884029714384,0.9311261556361515,-0.011163669832219406,0.41681017553075295,1.14370619261134,-0.1438247640828089,0.4692551528170434,1.333630968223175,0.13766980438446474,0.3050010852397155,0.05257117747087504,-0.054561937981915117,0.4110051600989328,0.5384244984008201,-0.10282629797351518,0.05559644327819775,0.9328170562965508,-0.011254110197325447,0.22705716866201497,1.3915845108831486,-0.02843871334398728,0.49070949167963235,0.07767671020078652,-0.07415646825686781,0.4470858277285168,1.2765007503135077,0.06982756622500146,0.48497046174908975,1.2611637194733136,0.06686769135150544,0.2117166916534497,0.08506847546046249,0.2707862176769708,0.23826249697463728,1.1321431775504038,0.4025512149447777,0.4534620747734091,1.3235875358270643,0.2019748867280572,0.1771929476177113,0.0409746026589746,0.21651124898540527,0.2762126473141554,0.5113084066099952,0.33819015941904956,0.02516253032363937,0.9306578313600423,0.09866116822132755,0.16122293295450446,1.3896125381116238,0.21181788450026975,0.34063795157975196,0.04859788433032676,0.31700329721923387,0.3935841619130578,1.2659276081468533,0.24250328301512444,0.4246801388965985,1.2474361272311196,0.26530796023409564,0.22660156918829474,1.3332262191869406,0.10239686085526414
0.798077,0.12142507302415538,1.4136943102478943,0.07455473606939714,0.3553539359790979,0.1016912318947131,-0.08816622461834382,0.25463676891460146,0.9350458568189012,-0.010145362490385803,0.4160545335092009,1.147782877530102,-0.1436973683052801,0.4693829037944171,1.3368377719831253,0.13829719012243724,0.3051014683409078,0.052477478380690994,-0.05460830307734714,0.40803135903069665,0.539002257118612,-0.10192531181915664,0.05776898311838784,0.937046943177371,-0.010096025013271857,0.22665420856108706,1.3961757653504092,-0.02836105983899524,0.4907905325242187,0.07769870259089158,-0.07424033268204337,0.4469933750668091,1.2800112006984956,0.0702558021695592,0.4848171873382433,1.2645230763654853,0.06725826109186171,0.21157801372679752,0.08481438198556389,0.2708658828167209,0.23755009799918106,1.1362970939845245,0.40301485995579495,0.4540438102314786,1.3270320398882776,0.2031174389696984,0.17717912914372416,0.04071489377998832,0.21653692138230876,0.27342761583549163,0.5120704593281933,0.3363606228093185,0.027416953437949445,0.9349390122605068,0.09976534788763908,0.16088666085282985,1.3941388279494178,0.21236146067621184,0.34061247098098213,0.04842069665480641,0.31705055895008033,0.393821839398172,1.2696100100117413,0.24348103606064353,0.424798838066346,1.2509266004660082,0.2663009780163429,0.2265124949266904,1.3380434013330587,0.1027977797851428
0.808053,0.12097376406278992,1.41802675027204,0.07493095525650995,0.3553463144637503,0.10167722020177401,-0.0882350337667432,0.2569144553244536,0.9389187323285336,-0.009076875557344802,0.41526406495171475,1.1518412071809192,-0.143567092126947,0.4694623441292845,1.3400433659326156,0.1389096450901667,0.30519118938326545,0.052437869696465376,-0.05464367036244576,0.40510513217994226,0.5395974064159106,-0.10092388754707335,0.059997699819356765,0.9412224861591142,-0.008916355173623818,0.22616088607079252,1.4007270079430096,-0.02826192210912544,0.49086428628884915,0.07773809390852218,-0.07428112413386544,0.4468623799891221,1.2835045191359764,0.07068243659953667,0.4846171814412164,1.2678400842507112,0.0676733490509886,0.21143065434625907,0.08456238091549985,0.2709736974758286,0.2368348201133289,1.1404312304749589,0.40355283711138923,0.4545174362518233,1.3304855321990525,0.20427862711074204,0.17714380268438693,0.04046216090775622,0.2165935328308909,0.27058816329306074,0.5128162595011938,0.33452565677180923,0.029718079435192394,0.9391498328581867,0.10089157729581676,0.1604762701163487,1.3986157518750886,0.21294321443383885,0.34057613620182875,0.04823489597193375,0.3171204547226844,0.39400103848351103,1.2732639213011074,0.2444838155971457,0.4248761629997851,1.2543941989213292,0.26729946466932364,0.22639866504720016,1.3428090446473049,0.10323838567132063
0.818029,0.12046908983328762,1.4222815979999939,0.07535905254999234,0.35532755395009924,0.10168692415574423,-0.08826169464818046,0.25925541312463324,0.9427442705323951,-0.007969149277141634,0.41440501918185496,1.1558995874324496,-0.14347897901888876,0.46948733940231135,1.3432136352458,0.13949338388287605,0.30525514537796156,0.052422522494908946,-0.054659435639065376,0.40218582245278495,0.5401827038250756,-0.09980545789696722,0.062286406997293715,0.9453444508905368,-0.007727959088863721,0.22559763383578266,1.4052517166631504,-0.02811847230978448,0.490918144682544,0.07778073904531124,-0.0742652495073845,0.4466739404827927,1.2869642504105356,0.07108198558032448,0.4843593925995133,1.2711078190784093,0.06806917261715124,0.21128506842904002,0.08431050747964426,0.27109602945451755,0.23615710827916195,1.144532412958368,0.40412600459742704,0.45487306973804226,1.333987318128579,0.205398268881822,0.1771050872606534,0.040210306072593904,0.21667013247719094,0.2676885249376039,0.513543127099412,0.33263435894057614,0.03206510477039187,0.9432977635935942,0.10202216324497781,0.1599984344503474,1.4030344379850124,0.21356507346308473,0.34054236522444287,0.04803719543742353,0.31720030423863654,0.39411425378270987,1.276927459151194,0.24545991786507176,0.4249017478871138,1.257884953224517,0.2682602531837217,0.22625388698558913,1.3475261658001618,0.10371600632821702
0.828005,0.11990053945570724,1.4264535876106905,0.07583466167654403,0.3552806117675305,0.10169843563595815,-0.08827134795066499,0.2616400486522952,0.9465093734870905,-0.006848315161306932,0.41345887577308865,1.1599709517719001,-0.14346624710499264,0.46944645951755404,1.3462967356248994,0.14004822849530893,0.3052874387441324,0.052392765522265704,-0.054681200567166716,0.3992160394597333,0.5407253745763583,-0.09856412846279093,0.06462066627288225,0.949402519195272,-0.006554304283088905,0.22499526733004274,1.4097487131815662,-0.0279012198240408,0.4909471236863568,0.0778167531208,-0.07421531183585395,0.4464081564151064,1.2903593446200767,0.07144305103618759,0.4840298637280545,1.274310623139706,0.06841529479314067,0.21114437546014286,0.0840496484440851,0.2712235250235807,0.23553706166267854,1.1485944416206766,0.4047004217131287,0.4551027892390095,1.3375457024332953,0.20641220529018542,0.17707795270812668,0.03994475239310153,0.21676171792565813,0.26470996761512144,0.5142466646427564,0.33062335508799573,0.03443943040403642,0.9473765169049854,0.10312857040369364,0.15946614260293868,1.4073806298776215,0.21421165029459743,0.3405183104511975,0.04782269452053953,0.3172841880604796,0.3941462178200167,1.280623002247175,0.24635807699705184,0.42485838693085454,1.2614270431098946,0.26914115469604305,0.22606116427625259,1.3521841585447696,0.1042177295065694
0.837981,0.11925584991466494,1.4305342265426844,0.07636751181168935,0.3552255586354068,0.10171229919246427,-0.08827993860535926,0.26401098123451,0.9502128575977833,-0.005712816831635485,0.41247899152046735,1.1640950440463111,-0.14349425448139336,0.4693256829960396,1.3492871454196569,0.1406342902355959,0.3053151892018887,0.05236221781351897,-0.054719153184312586,0.3961648003757847,0.5412479379775572,-0.09721823846583941,0.06694561545965408,0.9534004799973413,-0.005381819330430543,0.22435946141018384,1.414205159146711,-0.02754946316395847,0.49097196585766356,0.0778524313106629,-0.07415120979298108,0.44606263491115294,1.2936876087479103,0.07181728416825968,0.4836155998415221,1.2774505568271821,0.06876472871132266,0.21100214071320167,0.08377652467943204,0.27137515667293927,0.23496487067283756,1.1526678987421841,0.4053387046427886,0.45518894652794223,1.341118348850147,0.20728197195486428,0.17705306343643262,0.039660409250466294,0.2168936943034803,0.26161840206186404,0.5149338204137097,0.32850004339046274,0.03679563647580812,0.9513814954632344,0.10422974115721903,0.15888637514188278,1.4116628159380715,0.21488487820649946,0.3405062321578277,0.04760342357354063,0.3173928138508029,0.39407280985703935,1.2843353917305003,0.24718147218205233,0.42473512151866405,1.2650053100888785,0.26993649646934764,0.22580437514728352,1.356775076505372,0.10476888330861898
0.847957,0.11855260066288667,1.4344939768199068,0.07692732133384059,0.3551603554699702,0.10173088279352413,-0.08829803708223889,0.2663564166352104,0.9538365478440589,-0.004576431681384823,0.4115269894290397,1.1682361809869288,-0.1435457300216507,0.46915166533809444,1.3521905698236159,0.1412499381185884,0.30533503416729507,0.052339527643458957,-0.05477874425273497,0.3930427790674824,0.5417553971973418,-0.09583519582057093,0.0692498132227444,0.9573175931559055,-0.004212876173910283,0.22371910256782052,1.4185771869351051,-0.02708319680376125,0.49098683327982084,0.07789516334196603,-0.07408437194532527,0.44567792410744284,1.2969403671833308,0.07220608978497635,0.4831568109416066,1.280524830436556,0.0691254641205068,0.2108590143238168,0.08350029813765207,0.27154282666849716,0.23444442333779272,1.156779438578681,0.4060703692328838,0.4551600505480152,1.344658282226621,0.20799522107853036,0.17702747456631726,0.03936523879515806,0.21705197536266546,0.2584267494752222,0.5156021033644214,0.3262936572381009,0.03912680852445984,0.9552904162923828,0.10532551503151562,0.15828185518083995,1.415867514525091,0.21554994287437304,0.3405057053814428,0.04738850733346413,0.31751353017271033,0.39392052011184964,1.2880269060969505,0.24792529022947718,0.4245559788127697,1.2685859248245512,0.27064486460194215,0.2254994944882185,1.361270883070777,0.10535630713986285
0.857933,0.11783938712814901,1.4382875595437732,0.07744702724170824,0.3550559770227309,0.10175618796988137,-0.08832607169050621,0.2687197676311716,0.9573451355878465,-0.003467122247473737,0.41065610746449616,1.1722805833526182,-0.14362997697457092,0.4689929929102773,1.3550144991613955,0.14182294533628703,0.30530957717534796,0.052321568846658104,-0.05485652687671754,0.38990023400419244,0.5422282559816196,-0.09451784656868058,0.07157523559974807,0.9611095653361201,-0.0030678952372739966,0.22312865351237965,1.4227966489877941,-0.026604634460005442,0.4909571205129448,0.07795182557987893,-0.0740111920103209,0.44533378649916894,1.3000967621038175,0.07255361684975198,0.4827456704983542,1.2835201152399964,0.06944903588767226,0.21072262621013255,0.08324329191401185,0.27169244392302605,0.23399541962422965,1.1609124231114594,0.4068706513330926,0.4550911906307079,1.34812643609063,0.20857393986185552,0.1770071700782306,0.03908205043277433,0.21718521433339616,0.25519665978414385,0.51624124111843,0.3240484502462434,0.041472156941781864,0.9590666297583303,0.10639312456500757,0.15769003279877805,1.4199569946905906,0.21614104133546858,0.34051296502284545,0.04718386054492785,0.3176029563680471,0.3937656928122307,1.291645727704005,0.2485768583141694,0.42437767673327603,1.2721234924373863,0.2712704820900703,0.22519437827550837,1.3656270306736777,0.1059274660996481
0.867909,0.11715056411291835,1.4419197656953933,0.07793072859499257,0.35491248300331135,0.10180300159790771,-0.08831980553582795,0.2711338922775308,0.9607302737852151,-0.002355983523060912,0.4098862964856677,1.1761831506314828,-0.14372137127219614,0.4688959650771911,1.3577507118700025,0.14233915436145797,0.30524065304323206,0.052328590285457714,-0.05490006902777299,0.3867788994146707,0.5426817994525462,-0.09326557299860268,0.07395401971334363,0.9647756313818239,-0.001921759516949516,0.22261004742950863,1.4268518255147036,-0.02612919382432818,0.4908851061889495,0.07803838395025996,-0.07388085964349234,0.445075987093906,1.303136880835586,0.07287166979258039,0.48242945149553673,1.286407834075347,0.06974551185987145,0.21058199711552572,0.08303255037708367,0.2718551160492758,0.23360346432927367,1.1649984864415486,0.40770974630910073,0.4550154248978501,1.3515125801803602,0.20911851314842272,0.1769798069141207,0.038850964774088344,0.2173273455017311,0.2519493303573399,0.5168753317033496,0.32183842066775575,0.043865076766703585,0.9627130222441868,0.10746119365230766,0.15712162976412555,1.4239225357944847,0.2166846392474437,0.34051460428403457,0.04701809242262442,0.3176966016285839,0.3936319345744859,1.2951683704290085,0.24920385486023508,0.42422396151683095,1.2755801831659719,0.2718744546975556,0.22491425271820772,1.3698434428998567,0.10650176993577874
0.877885,0.11650180478307316,1.4454131646614319,0.07839882216933448,0.35475249860078656,0.10188878618072553,-0.08826144158833914,0.2736105366374968,0.9640036122942982,-0.0012180841711894696,0.4092048924571472,1.1799396043112385,-0.1438131271178616,0.46888543366466096,1.3603663131364312,0.14280500097194349,0.30515502828161645,0.0523839107628302,-0.054886130872927284,0.38369762458490136,0.5431405967233495,-0.09205484451470519,0.0763969021699198,0.9683304306246562,-0.0007539280477523824,0.22216107054767611,1.4307551890177426,-0.025647676077173973,0.49079673861091727,0.0781650545309628,-0.07367667960214733,0.4449185070480028,1.3060328601999585,0.07317676714001167,0.4822179218226096,1.289148584811067,0.07002637611570299,0.2104264833684441,0.08288489272307514,0.27204811267478707,0.23323550101152501,1.1689567530195137,0.40854752216778,0.45494519537097844,1.3548049554620847,0.20971442352842856,0.17693549567200564,0.03869780653618947,0.21750509882346192,0.24868730710959844,0.5175280786173171,0.31969727469132725,0.04632075156640188,0.9662449286356558,0.10855517794064382,0.15657225258397245,1.4277642363502896,0.21722623858596604,0.34050292120064135,0.04691690836300186,0.3178192713747422,0.39351490946622153,1.2985765597321637,0.24986725806286067,0.42409530176513466,1.2789185858642145,0.2725065433659951,0.22466501271072511,1.3739345814431638,0.107104614772973
0.887861,0.11587676618485625,1.4487750336950571,0.07882616019148092,0.35462121139340486,0.10202174922365881,-0.08825725960218411,0.2761198604530392,0.967195969912901,-0.00010968896340685781,0.4085514935902919,1.1835666510050074,-0.14399314798348117,0.46895768484246286,1.3627816765325642,0.14320756457255937,0.3050953933773098,0.05248893768033498,-0.0549283586169096,0.38062556269378567,0.5436091905354944,-0.09092898949772102,0.07887139297878633,0.971774742834308,0.0003873174192214016,0.22175514388814765,1.4345132505561347,-0.025195741202577313,0.49073375938538255,0.07831480741155822,-0.0735296148604665,0.4448333036893502,1.308734101133891,0.0734120816500191,0.48207753769503375,1.2916926412427012,0.07023222615961684,0.21026997360883712,0.08278419809806038,0.27217068973042596,0.23285097056936988,1.1727350670053798,0.4093206092794718,0.45489103467957587,1.3579517621016548,0.2103111545463819,0.17689405856250526,0.03858886243815666,0.21761949419501894,0.24541566433841128,0.5181787937791967,0.3175140746903811,0.048814168418859806,0.9696614292377292,0.1096277742006953,0.1560299819697774,1.4314687589641668,0.21774704900047115,0.3404974465305253,0.04686924540393895,0.3178686044797415,0.3934024203328056,1.3018299452514568,0.2505098727065949,0.42397128024080494,1.2820924148364437,0.27311572984102156,0.22442952154882131,1.3778979948412275,0.10768688278564965
0.897837,0.11524536716945201,1.4520036861570897,0.07922659384512346,0.3545270208813434,0.10219471602513229,-0.08829387884026958,0.2786242081650885,0.9703123161015991,0.0009730902008909365,0.40788677614887936,1.187078390243921,-0.1442707318140326,0.4691026930922767,1.3649550701751862,0.14357512967534097,0.3050689814197702,0.05263805367180345,-0.05501291540395815,0.3775331826767959,0.5440829632298994,-0.08986417924715884,0.08134201027074058,0.9751074684937808,0.0015151154517949602,0.2213537375156725,1.4381296961614438,-0.024760455438988156,0.49070411516922224,0.0784714229468626,-0.07343893551392737,0.4447989377060647,1.3112219576198871,0.07358794727986995,0.4819797950776827,1.2940185848916064,0.0703714862246163,0.21012017242006956,0.08272270041377075,0.2722269003175816,0.23240956962390535,1.1763078862545344,0.41003236599722565,0.4548360305476355,1.3608979459571686,0.2108959116235064,0.1768570337099982,0.03850779685110082,0.21767624045207118,0.24213736780689488,0.5188174242463126,0.3152541364041026,0.051310803716064134,0.9729637147134816,0.11068832546707259,0.15546995625062085,1.4350310356220473,0.21826329023846536,0.3405071646724036,0.04686222688195986,0.3178390690802837,0.3932707160559104,1.304890300207129,0.25112379353470776,0.4238217779900879,1.28506158831207,0.2736954369052358,0.22418205011317907,1.3817312568221896,0.10825444903218762
0.907813,0.1145755502142062,1.455089453938523,0.0796519301949266,0.3544386812693405,0.10238757971997503,-0.08822632915946123,0.2810924320675488,0.9733254565296053,0.002103493181676381,0.4072084044580575,1.190475523906105,-0.1445583719318607,0.4693100144778332,1.366899787524115,0.1439715838768143,0.305045429632242,0.05282284026992785,-0.05498393852454429,0.3744089268402846,0.5445522013748532,-0.08876535018339936,0.08378444771799665,0.9783294510870244,0.0027100710353318543,0.2209180098632871,1.4416051289503495,-0.02428248579805846,0.49067940942895566,0.07862640971892174,-0.07325434529441183,0.4448099793084038,1.3135153175930478,0.07379052080382643,0.48191281463286806,1.296136497885333,0.0705309302794158,0.20997782293796044,0.082707751273227,0.27233839727452624,0.2318753122559821,1.1796738465231216,0.4107520357056668,0.4547412946610517,1.363591828862004,0.2115116420306513,0.17680637004940444,0.038469618061029415,0.21779938118016698,0.23886203477215817,0.519453281742193,0.31298448901515247,0.05378113027723073,0.9761581015296431,0.11181105448813373,0.15486036093997899,1.4384583252555316,0.21882972098124487,0.3405288468911055,0.046887339221675615,0.317837582687314,0.3930900432399803,1.3077246305511312,0.2517676749056897,0.4236157919214371,1.2877914251584466,0.27429649057225364,0.2238992468766012,1.3854363178285847,0.10887452647413834
0.917788,0.11389247729379971,1.4580156965846953,0.08003828032367007,0.35437299288081664,0.10260055632061414,-0.08812230343756071,0.28354995369171887,0.9762130537741044,0.0032442324023120696,0.4065454692284614,1.193708214650259,-0.1448472788892249,0.46957841459313204,1.368654621878228,0.14434691352895637,0.3050366635269566,0.05304163984118795,-0.054904914141857684,0.37129529519529003,0.5450176006998454,-0.08767338941806618,0.08622250341272479,0.9814518442475565,0.003935091096835429,0.22047518643540692,1.4449314213927018,-0.02383571468951798,0.49066850651548477,0.07878330775404553,-0.07303932677231068,0.444864592791765,1.3156104589278108,0.07399619152783514,0.4818849565271739,1.2980376238545444,0.07070515885236468,0.209880754244396,0.08274150394152935,0.27244478553176504,0.23123252044140422,1.1828293790447941,0.41144111372327,0.4546350791167672,1.3659759781367347,0.21209917754852803,0.17677677693462318,0.03849124113553773,0.2179259213754732,0.2356739530359298,0.5200861317074112,0.31067734882721637,0.056257375973781894,0.9792473855041957,0.11296832534473233,0.15421774984560224,1.4417606523235778,0.2193966556746534,0.34059775410779425,0.046930537593735694,0.31780505952401267,0.3928737679284828,1.310288458694672,0.2524075804753113,0.423369369711392,1.2902211914218706,0.27487464754456636,0.2236172315819324,1.3890230314273757,0.10949671631642312
0.927764,0.11323884576305047,1.4607673180309357,0.08031243098443928,0.3543440389629069,0.10283462619999774,-0.08808386898066284,0.28602750188528686,0.9789498863893699,0.004346240163508686,0.40591425645325235,1.1967008734613296,-0.14513344584784604,0.4699066126177627,1.3702244156607502,0.14466377297415747,0.30505345391899674,0.05329052752153776,-0.054879406293505406,0.3682374903517079,0.5454751166606495,-0.08664008273173748,0.08868442106190068,0.9844788822230727,0.00513577298638725,0.22007245407532955,1.4480958848441354,-0.023507639662618166,0.49068117898915764,0.07894007556407907,-0.07289382569666226,0.44495830790869006,1.3174809649444583,0.07417663170965744,0.48189937068797584,1.2996922718971615,0.07087924140144362,0.2098439360197091,0.08282497214003483,0.2724718620255195,0.23046559850780177,1.1857610211642478,0.41204236676348066,0.4545721773577858,1.3679798719913523,0.2126040676066568,0.17678874956985033,0.03858112716387566,0.2179790618425139,0.23264565489544298,0.5207112386483606,0.30831074637225075,0.05877552974374712,0.9822303807277835,0.11411560357528815,0.15358023464845932,1.444938233530969,0.21990110179200772,0.3407264528572867,0.0469812588347852,0.3176778976452843,0.39265031997504357,1.3125259726132221,0.2529980146504837,0.42310774195035883,1.2922777536966832,0.2753799485851368,0.22338201987240336,1.3924957235616207,0.11005517544946371
0.93774,0.1126317584887615,1.463339438482702,0.08053179268413649,0.35429352853465124,0.10306534227696697,-0.08801854108594641,0.2884935837815237,0.9814914265898875,0.005476678982520927,0.40525638383501406,1.1993696677602423,-0.14531633295467605,0.4702822808446032,1.371485510751694,0.14507318298039365,0.3050463344565422,0.05354994809070542,-0.054822891548490044,0.36522291148331226,0.5458932007981301,-0.08556464323223514,0.0911453526704562,0.9873780599769536,0.006367845376712972,0.21972620967964734,1.451081208681398,-0.023243324915306226,0.49067925970055115,0.07906453417042505,-0.07272666488484358,0.4450767418713318,1.3190667298638978,0.07443999866443606,0.481920134525223,1.3010369388795433,0.07113762433911773,0.20977058753686678,0.08296388028803024,0.2725544974558139,0.22953473869734795,1.1884283668183868,0.412592550762225,0.4545923180320126,1.3695015083539004,0.21312338093902297,0.17675350464586254,0.03872364145012241,0.21809761158959728,0.22972332193243783,0.5213246340875487,0.30601315220380715,0.06129778806982626,0.9850957850400066,0.11529833636911783,0.15298319437972271,1.4479569626328965,0.2203838310038322,0.34081380172798476,0.047046901059771766,0.31760609695220837,0.39243394588756614,1.3143623165038345,0.2535873976855672,0.42282065052447265,1.2938857542140514,0.2758758312096384,0.22318916111353274,1.3958286201019543,0.1106006898646384
0.947716,0.11210857778320754,1.46575112354938,0.08073253436347369,0.35424888850910996,0.10329743284625907,-0.08792362580032415,0.29096203928614883,0.9838390699292193,0.00662858683113165,0.40453164627995175,1.2017015628474048,-0.1453905669366662,0.47075046639615575,1.3723408140398667,0.14563177289497084,0.30504731870183377,0.05381327323965731,-0.054740169667057616,0.36229712521217966,0.5462705582583953,-0.08443818769672767,0.09362076856810292,0.9901398365211096,0.007621007173251451,0.2194726707573958,1.4539052836882809,-0.023010856056555715,0.4906925296332464,0.07917397154175562,-0.07254040916014513,0.44524731652007593,1.3203250005192595,0.07480377207152603,0.48196619353580594,1.302029024429428,0.07147600664705246,0.20967731842748166,0.08316171893340063,0.27267903022791884,0.22845303123918093,1.190809789811481,0.41308394159473366,0.4547675962453323,1.3704665072554114,0.21367515826481123,0.17669292494410707,0.03891379260248739,0.2182651932525462,0.22694585857581773,0.5219278402920944,0.30378943196687797,0.06383010381005493,0.9878358324092349,0.11649863992997195,0.1524790542865169,1.4508050942050603,0.22085907695962248,0.34087373546168137,0.047145382189662854,0.3175854519756346,0.39227080019275345,1.3157450021002401,0.2541727537692797,0.422540180540252,1.2949942050532355,0.27637641404146596,0.2230588055429793,1.399014517975929,0.11114739619319376
0.957692,0.11171875657636159,1.4680403671070537,0.08090412984179932,0.35432054669077495,0.10356555669195472,-0.08791397291109689,0.29349214297233805,0.9860444015878861,0.00770203200769587,0.4037262554928507,1.203757097552187,-0.14546788071851954,0.47140668055812807,1.3727563299998764,0.14625186648127186,0.3051638304546369,0.054088128243275815,-0.05475017708166046,0.3595639334297588,0.5466386938504361,-0.0833661264341316,0.09616387153193078,0.9927796582770246,0.008799831754624805,0.21936055167809235,1.4566181964416447,-0.022827424468991504,0.49081149270913166,0.07933415184640584,-0.07245612631991179,0.445530813759176,1.3212426533682213,0.0751620703234298,0.48210783676645314,1.3026563239498898,0.071778967513318,0.20970080787825016,0.08341700150500066,0.2726536600212507,0.22728372547528067,1.1929125143395702,0.41345376085090846,0.4551881113779599,1.370841451848087,0.21417056853089958,0.1767453297888447,0.039161476778313435,0.21827980637527503,0.22445878761363805,0.5225267503484152,0.3014981631407811,0.06642432755463348,0.9904432143344928,0.11762104943969083,0.15212388948179825,1.4534990003195536,0.22129508195094683,0.3410417994800006,0.04729799391392232,0.3174269590456981,0.3922277168991902,1.316652536329493,0.2546857769322877,0.42233504549298717,1.295582645771817,0.27682732387546044,0.22303310140847726,1.4020667193462981,0.11164966702766375
0.967668,0.11137439590865868,1.4701942949103748,0.0810781861183591,0.35436157313174355,0.10382938431549804,-0.08788284844147362,0.29598280812077665,0.988104674772558,0.008739675253310824,0.40274270120681344,1.2055168671824092,-0.1455500222687808,0.47219621195567507,1.3727460639045361,0.1468831351656752,0.30524484228622234,0.054349811674070096,-0.05473790367733208,0.3569488545527682,0.5469641731551841,-0.08225541568935262,0.09866767303863282,0.9952418284063987,0.00992864319099733,0.21930022663826684,1.4591962530327145,-0.02265084326045334,0.49089740722552555,0.07948690003728233,-0.07234938173395251,0.44584758409694264,1.3218299146786108,0.07549385161335027,0.4822483816853311,1.3029022013997065,0.07203457099435379,0.20969386603811058,0.08371689576085867,0.2725951250137582,0.2259562397324607,1.1947601028555965,0.41377172302199994,0.4557588024697002,1.3706154577713108,0.2146553081592629,0.17676558465692532,0.039456460155774205,0.21826108140293196,0.2221804288749887,0.5231131624614025,0.29922725578725884,0.06897113831294556,0.9928685282261852,0.11869157482469408,0.15183677240709528,1.4560193750835793,0.22171298475583961,0.3411632112423702,0.047484373171345386,0.31725699218265585,0.3922138759285093,1.3170758107813587,0.25517225608566524,0.4221113953818816,1.2956484611924413,0.27727567766926003,0.22301505590503096,1.4049443211818138,0.11212019667510446
0.977644,0.11099014653264769,1.4721814074066513,0.08127188720658363,0.35424184054751406,0.10404169463787362,-0.08772960309488438,0.29834754817359843,0.9900011441552816,0.009796890086633833,0.40150663405665965,1.2069481272640648,-0.14563680801090284,0.4730601744930714,1.3723425418377202,0.1474567125271588,0.3051590242960933,0.054571517401101166,-0.05459793111840489,0.3543836787365049,0.5472079768544641,-0.0810072737752114,0.10104093438339397,0.9974707399096888,0.011045289221484867,0.21920304195654378,1.4615955202392437,-0.02245625496514522,0.4908337866526582,0.07956405728740526,-0.07210319611559325,0.4461247254946354,1.3220961790158237,0.0757748689075235,0.4822975947887547,1.302753836702933,0.07222971994414881,0.20951921399389623,0.08404637526406113,0.2726490358861821,0.22440441534429081,1.1963818660139587,0.41412190941139543,0.4563794351942913,1.3697903329873662,0.21519775879005562,0.17661725094876482,0.03978093661419583,0.21836003593118933,0.2200301532692499,0.5236755908537031,0.2970937560955305,0.07137847468548775,0.9950685570042521,0.11975044046839048,0.15154028159051866,1.4583425396187826,0.22212763292716556,0.34109450958752363,0.04767459183052339,0.3172284832286083,0.39214832363933144,1.3170141889209905,0.255697031332284,0.4217854658632458,1.295198493037862,0.27778223844870736,0.22292012153187318,1.4076072887247524,0.1125692378294374
0.98762,0.11068336558778342,1.4739898416098758,0.08139754842551085,0.35424984675441806,0.1042440109199875,-0.08769353387084608,0.30077231313776776,0.9917494582992715,0.010756413060388017,0.4001319056389656,1.2080984602947642,-0.14588630484810947,0.474143372378573,1.3715671466691566,0.14778880657895854,0.3052029021543876,0.054767251800804634,-0.054592145065213434,0.3520747023423685,0.5474094996688769,-0.0797965700608461,0.10346760663124396,0.9995147083352227,0.012051005560324207,0.21918014953352527,1.4638206910897853,-0.02235681565433318,0.4908966236973204,0.07964801293109124,-0.07197882868416666,0.44651000640969785,1.3220164929856506,0.07584383975502176,0.4824244320550623,1.302217487951847,0.07219443680672709,0.20947892612870284,0.08439991534310236,0.2725935817675491,0.22276809667448272,1.197802716857852,0.41443786043754355,0.4571991562332889,1.3683744751300277,0.21573275611471177,0.17659869538103992,0.04012515754781149,0.2183484677696655,0.2182598530869367,0.5242135116255132,0.2949629224309066,0.07383592867266757,0.9970785943049238,0.12070136561897916,0.15136098182575955,1.4604851990198833,0.2224575277243986,0.3411448890582327,0.04787045520969131,0.3171100021485017,0.392203762863452,1.316475590593833,0.256213361499975,0.421536003184559,1.2942430594010286,0.2782982475888675,0.22289859589478725,1.4100969977509203,0.11291343350783345
0.997596,0.110447755401497,1.4756003850932151,0.08144082623772873,0.35439005768040066,0.1044313047576449,-0.08778642727990478,0.30326291681590595,0.9933405293472681,0.011595999915617517,0.3986340398704136,1.208966760804415,-0.14632274429172168,0.4754397451298331,1.3703831964680895,0.14787148559497604,0.30537989841172886,0.054927293745929855,-0.054737233864438434,0.35004116453111245,0.5475636252429916,-0.07864328533699474,0.10595903399798515,1.0013921919961764,0.01294442231411554,0.21922888687219919,1.4658577645748192,-0.022376339665697097,0.4910805741585535,0.0797376845693772,-0.07199997723686169,0.4470079820118602,1.3215447248060292,0.07569460573891257,0.48264438458753967,1.3012651313670827,0.07191381959288845,0.20958630562338026,0.08477304664874091,0.272419996059214,0.22105521746543685,1.1990421686439452,0.4147342462804831,0.4582464686809312,1.3663192808118607,0.21626231664020973,0.17671730897187476,0.04048571270589234,0.21821958509737416,0.21690131266474338,0.5247260179635682,0.2928510287008099,0.07635818619806549,0.9989188704303955,0.12154347541750958,0.1512901262910016,1.4624505951755042,0.22269348750530135,0.34132504594655,0.048062755831163415,0.31689274703932485,0.39240916302128503,1.3154310098521371,0.2567374660822913,0.42139262778005293,1.2927529227714896,0.2788414638612319,0.22296196151519573,1.4124238547560257,0.11315186526033265
1.00757,0.11010487827558671,1.4769854732195604,0.08148448200986547,0.3542963732298403,0.10453798826538978,-0.087720575496403,0.3055817217678866,0.9947379140927984,0.012422903783355742,0.3968877675472299,1.2094853662137366,-0.14679371415423925,0.47673704695961105,1.3686956084708704,0.14791157321590806,0.3053116712348233,0.05501495995587672,-0.054725788196745125,0.3480604363935331,0.5476098386273698,-0.07735960455409009,0.10828910975738752,1.003068442618616,0.013846358630231469,0.21918507072828927,1.4676655496162276,-0.022418569614560683,0.491018939258712,0.07972081820524299,-0.07187117981266208,0.44742407093359,1.320623337467488,0.0755157958502848,0.4827540266407366,1.2998316714313056,0.07157414538004818,0.2094744098630515,0.08516072280540855,0.27240751770986465,0.2190999116677066,1.2001072666330939,0.41512977007777535,0.459370058835519,1.3635176358473429,0.21687308318380724,0.17659966559092044,0.04086456035325202,0.21826450008228734,0.21569204597098368,0.5252105304208895,0.2909750113157815,0.07871898369459339,1.0005753329626044,0.12239663887368901,0.1511327655924898,1.4642174738485363,0.2229216674740589,0.3412536861322683,0.04822684169333577,0.31686810462013665,0.3925904964321696,1.3138114686263875,0.25736066797305557,0.4211739061849216,1.2906567554214825,0.27950670354444135,0.22292505928008255,1.414549113500079,0.11338597722750376
1.01755,0.10965466309985966,1.4781619411366627,0.08149172195880133,0.35413592709850555,0.10462551847159027,-0.0876216722982582,0.3077773353960637,0.9959930351505516,0.013153312545473066,0.394922826650631,1.2096695954758583,-0.147309393661678,0.47799609214266153,1.3664779976827655,0.14793221245274754,0.30516779390047505,0.05508305263596748,-0.05468667087778645,0.34627246207415624,0.5476179882507984,-0.07608219551815344,0.1104975352153583,1.0045610733564128,0.014668569173404979,0.2190482585658726,1.469258650294961,-0.022537402312017445,0.49087969871029563,0.07967450748717993,-0.07171779660707385,0.44774798057063725,1.3192454734637433,0.0753116088467505,0.4827424354736404,1.2979174418054467,0.07119401959881043,0.20931474886211993,0.0855612395293766,0.27241936354018104,0.21698601285763244,1.2009487070326168,0.4155181689435509,0.46059352886683697,1.3599493818931356,0.21743649975111795,0.1764197519715349,0.0412610160155916,0.21833512375697295,0.21473557798216206,0.5256760924356709,0.2892387328241117,0.08096381176450743,1.0020484129668883,0.12317967618450207,0.1508745918826787,1.4657743797156837,0.22312049761537525,0.34111235292332376,0.048379279327408174,0.31688546911032384,0.39279203104263943,1.3115952622729306,0.2579627420991718,0.42091874679622066,1.2879283863226947,0.28016176103116064,0.2227887985896498,1.4164908695179008,0.11357134110704946
1.02752,0.1091433604680849,1.4791515480566564,0.08141196620205528,0.35418190982354,0.10476855181852635,-0.08768919278993603,0.3099643727653143,0.9971623718282089,0.013681946356129642,0.3927961518115991,1.2095406859130176,-0.147905285446045,0.47923052747283357,1.3637258825540088,0.14790544391903906,0.3052286421102743,0.05518977191242795,-0.05482706726758175,0.344877450161132,0.5476720956363599,-0.07500630164224707,0.11268595092282219,1.0058987539382933,0.015295120217398744,0.21886311857435772,1.4706585670549575,-0.02280817325126876,0.49093838039804544,0.07970982397841071,-0.0717400994972312,0.4480178958703972,1.317409301180195,0.07504313912245482,0.4826472626462748,1.2955254318876905,0.07075383380260884,0.20938239453369306,0.0859640962030548,0.2722416186055469,0.2148548971605357,1.201493819534984,0.41574544707960687,0.46196230739828886,1.3556389994672564,0.2177971098097973,0.17645956612593827,0.041660261317669554,0.21820348235842585,0.2141908247151801,0.5261245012167662,0.2874881924385664,0.08320022321461604,1.0033446060558593,0.12378226665266823,0.1505606281340675,1.4671134983380119,0.223255819315668,0.3411914961738289,0.04854560310897089,0.3167143174640095,0.39309975550486104,1.308777600336144,0.25838807587028,0.420715436475471,1.284559217893481,0.2806327921196586,0.22260517472586772,1.418277798431372,0.11364399328902475
1.0375,0.1084642449724348,1.479936392003436,0.08134353886162426,0.35417869528193974,0.10488339522830323,-0.08768761136805477,0.3120256204462579,0.9981964723749541,0.014150528611389171,0.3903730903038561,1.2090071400682558,-0.14843737876944513,0.480348696552239,1.360361236093312,0.14794714607576134,0.30523694893559405,0.05527132591673733,-0.05489663054530571,0.3436608728401062,0.5476950991256482,-0.07397503580381935,0.11474381642013062,1.0070770146517665,0.015866094367171263,0.21854443179650515,1.4718391618504942,-0.023133195899223708,0.4909452342304077,0.07974097756700509,-0.07169309520517309,0.4481248225225069,1.3150310115863608,0.07483632556704597,0.4823406674463101,1.2925379877973224,0.07038594834317467,0.20940714914003553,0.08633215378426648,0.2720877412831816,0.21259871722375095,1.2016947329326686,0.4158711867098831,0.4633218625076441,1.3505608804337845,0.218062312672294,0.17645526539241493,0.042014337214939676,0.2180976627545323,0.21378780728893204,0.5265234349557781,0.2858686356412615,0.08531479507205754,1.0044814277651688,0.12433293083166581,0.15011993829077647,1.4682396382169396,0.22343023987828764,0.3412143819292951,0.048715833904818234,0.316583869422687,0.39337807644036726,1.3052998005944914,0.2587121842686452,0.4204437662653515,1.28048528658252,0.28098282235352,0.2222774805133057,1.419902949040832,0.11371429875444623
1.04748,0.10759027868587051,1.480510707810837,0.08131030318440985,0.3540378628241782,0.10494088787078189,-0.08756782704239685,0.3139339428149223,0.9990854605547973,0.014611657930135882,0.3876138498716804,1.2080515353914092,-0.14888098895768354,0.48137468483043167,1.356330724383212,0.14806346568071097,0.3051071829015446,0.05530059878974428,-0.05484290733171681,0.34253872566271215,0.5476628425688695,-0.07296373424384558,0.11664690487518863,1.0081047614680698,0.016424252120076047,0.21805984034073236,1.472788935214847,-0.023487515253667095,0.4908218746862211,0.0797459969316283,-0.07152491645650277,0.44807577326487036,1.3120595511728308,0.07471141023738379,0.48181879527014393,1.288889467978121,0.07010361262442305,0.20928759284594187,0.08664441587994352,0.2720143705853904,0.21020269480534534,1.201538189964028,0.41590900451973717,0.4646510547635023,1.344706290095229,0.21830435138479423,0.17631064072216684,0.04229520523748513,0.2180798113518489,0.21340080258801394,0.5268526176351112,0.28441171032117524,0.08727411246123819,1.0054748728424976,0.12487037581272957,0.1495456802413214,1.4691562252692134,0.22367520870525132,0.34108084043987974,0.048882919449563286,0.31655360963422735,0.3936091018748863,1.301140603676861,0.25898187185019583,0.4200833682823766,1.2756815522649196,0.28125298714635216,0.2217818285302823,1.4213674252247472,0.11380983639401762
1.05745,0.10661709953495357,1.4808970972708422,0.08122331667384053,0.3539755320344263,0.10500734937134693,-0.08757765265773107,0.3158266536143325,0.9998913437058303,0.01497116500135434,0.3846183876210555,1.2067705252178358,-0.14938923969223417,0.4824897922685593,1.3516059445857276,0.14811125989450258,0.3050648616039365,0.05531830866490173,-0.05492840607926855,0.341657107641636,0.547644264185588,-0.0721589242904792,0.11852759957779438,1.0090192168152639,0.016855465188479732,0.21746624560497382,1.4735327179430708,-0.02396272776284752,0.49079643187176475,0.0798146629153639,-0.07148959730625956,0.44804128922681924,1.3084890594590242,0.07453416578091747,0.4812539256555611,1.2845907101726908,0.06975026461790373,0.20923431821101832,0.0869073055988515,0.2718154213301845,0.2077936971743616,1.2010566976344224,0.4157866564586458,0.4661257261994091,1.33808262932149,0.21851317587158278,0.1762398975366056,0.0425086533521406,0.21793335026965402,0.21316240746578982,0.5271168025951507,0.28295320146156416,0.08919701136066709,1.006342526401587,0.12528820243055036,0.14892259678267705,1.4698719775442222,0.22391477451146016,0.3410160763946276,0.04905069610922231,0.3163993365116242,0.3939533298464772,1.296329157744064,0.2591782201343806,0.4197671270544471,1.2701760679010616,0.28142959130176154,0.22120947661542004,1.4226983455864575,0.11383176484572224
1.06743,0.10554163470989689,1.4811048748086,0.08112707056336982,0.3539533579848502,0.10505672463715138,-0.0876309402143941,0.3177332811200489,1.000605516562349,0.0153090945141214,0.38134566315476637,1.20520599821642,-0.14997968704723422,0.48372792954110577,1.3460232696196839,0.1481335538297342,0.30506991963522706,0.05530147680091663,-0.055065606932028395,0.34095671734102373,0.5476102876252817,-0.07147158721284576,0.1204234386836166,1.009834002335086,0.01723498066877241,0.2167572137235352,1.474091876692229,-0.02451446876259042,0.49082194494113546,0.079911315548686,-0.07149347883962462,0.44804245074181914,1.3042213511392102,0.07432016824969911,0.4806653155685889,1.279562575865245,0.06930965241483436,0.20921666733562613,0.08711957789117325,0.27158384781116224,0.20528302556620276,1.2003223091448267,0.4156104896321993,0.4677333365755062,1.3306705625299473,0.21887197684424714,0.17621432689654493,0.04265384780212324,0.2177578127066181,0.21303367006095467,0.5273185000556343,0.2815411156760026,0.09111754727225699,1.0070994979057581,0.1256564121994264,0.14820561751171524,1.4704226205558795,0.2241864361032458,0.340989966177834,0.04920625077322985,0.31622039572267313,0.39438308089076296,1.2908878305598321,0.25948115009269074,0.41945694142518636,1.2640124035521947,0.281728574380542,0.22055941863162415,1.42391440139623,0.11383244324373347
1.0774,0.10434870298053754,1.4811468638885235,0.08109490747350173,0.35384688037997286,0.1050374753586253,-0.08756700532779323,0.3196298943234464,1.001199597695991,0.01573122302536575,0.37772634047105275,1.2033862012372207,-0.1506302953001228,0.48503117465067636,1.3394568160057025,0.14820382043561903,0.30499244687489074,0.055214950781589105,-0.05508317454392101,0.34030907141200223,0.5475091497400754,-0.07076669919932332,0.12231980553845939,1.0105521086036375,0.017673933363901592,0.2159218745264259,1.4744881472792424,-0.025066482111987393,0.49076121146322865,0.07996356704315245,-0.07136500183109615,0.4480197495784132,1.2991897469550404,0.07411291987173628,0.4799956732019887,1.2737594444016977,0.06879717165090705,0.20912526844478654,0.0872737973208314,0.2714721680404341,0.20252260116201823,1.199395966411735,0.41549811098621015,0.4693620553403631,1.3224902325209185,0.2195765279210362,0.1761263328225038,0.04272619859052918,0.21771484311846978,0.21290339128869556,0.5274558740884764,0.2802693611993891,0.09302384017583443,1.007758615319011,0.12607869921246787,0.1473350081545566,1.4708464764462919,0.2245496412053372,0.3408889627061668,0.04933544535132241,0.3161813501509525,0.3947820378704054,1.284863405988659,0.26008022070634756,0.4190359382009535,1.257264982188928,0.28237417332178927,0.21981204167747076,1.425025008091362,0.11389666643527671
1.08738,0.10313691303834985,1.4810771809122405,0.08105935590445107,0.3537085288264965,0.10498046337478438,-0.08756689795352635,0.32155751484897793,1.001721880269498,0.016132388562939234,0.37378022567785263,1.2013658257540256,-0.1514446868794209,0.4863366994651649,1.3320092940300612,0.14817337752147966,0.3048871837722517,0.055096364562455695,-0.05515245934341467,0.33971322785281427,0.5473872430700062,-0.07022016163588078,0.12424886603198797,1.0112023715567655,0.018079508553448156,0.21503402897163182,1.474766670733476,-0.025687156549868997,0.4906757334396077,0.08000289895701318,-0.07128627462210671,0.447922593137295,1.2934949269009806,0.07378016814628706,0.4792038409498562,1.2672922001002018,0.06807424593206945,0.20902976313934804,0.08736367642431289,0.2713007989085836,0.19949356864846485,1.1982291131482605,0.4152979014686701,0.4709509383863974,1.3135765818806044,0.22054311966828716,0.17604908970297256,0.04272725294741076,0.21761367008269705,0.21273787179795647,0.5275247472457416,0.278980744558829,0.0949539725274128,1.0083461958426776,0.12647003013313307,0.14641214936289024,1.471158893029946,0.22494237366174544,0.34078808597383203,0.04945274879717668,0.3160912275588243,0.3950913304330499,1.278281975896572,0.26086794556724885,0.41842968841181755,1.2499557327949407,0.28323926873382355,0.21903870411628396,1.4260533291544812,0.11395164946307224
1.09736,0.10197702228283914,1.4809226068790802,0.08099983936119426,0.35358996274255966,0.10491395388389302,-0.08766833731737007,0.32349411192998234,1.002193006907735,0.016487491520397763,0.3695694705609969,1.1991695150867676,-0.1524135566324417,0.48762562678663185,1.3237234062829113,0.14800485866699545,0.3048101874548317,0.05496502344932902,-0.05531243715061973,0.3392255423149753,0.5472751520770545,-0.06988568730292694,0.12618208350616802,1.0117805142555374,0.018426633535920757,0.21415038949090648,1.4749347975090026,-0.026380952429603036,0.4906171304866457,0.08006974861112949,-0.07129996029776912,0.44775693882757794,1.2871637303309156,0.07330491334938556,0.4782895031384415,1.260183376933214,0.06713867827611042,0.2089793794949114,0.08739445774722901,0.27103201424186696,0.19624159199946967,1.1967725390164712,0.41491757173185373,0.4724820821419112,1.3039191908776948,0.22170761078797402,0.17603399555154398,0.042656526699605526,0.2174129343294036,0.21254375045253815,0.5275313430881484,0.27768833604905613,0.09687873575618701,1.008852124407862,0.12680746237930693,0.14550198133580808,1.4713495504357301,0.22535266260389425,0.3407458100075695,0.04958399242835356,0.315905134947339,0.3953072989532126,1.271120847119904,0.26176454922798154,0.41762507094166695,1.2420458610644645,0.28421310669147887,0.21828928995420088,1.4269893091758425,0.11398412530650692
1.10733,0.1008599391546723,1.48067123970343,0.0809787877014701,0.3534942736423428,0.10484123768679701,-0.08766312962914216,0.32533564601412057,1.0025879565261873,0.016914538026577407,0.36516068012008523,1.1967773382922693,-0.15336574784104862,0.4889376129338378,1.314484949001335,0.14785453012370453,0.30476764062383666,0.05480280139471205,-0.05536944816719272,0.33891288425240407,0.5471591129750281,-0.0695888686852261,0.12801644673796303,1.0122460551411248,0.018818083625386065,0.21327059856692787,1.47495622061021,-0.027053059073632292,0.4905729539640102,0.0801804801669479,-0.07120462404516606,0.44758932440981225,1.2800874003505485,0.07284764365263668,0.4772921897597008,1.2523073410808245,0.06617533141382642,0.208951113495846,0.08738701758344229,0.27086828663680107,0.19284360308033005,1.1950123943494835,0.4143988166026364,0.47398128252666266,1.293412047905117,0.22307399405142228,0.17605623291791928,0.04251559617469642,0.21732472411704887,0.21235019564055152,0.5274975589746782,0.276640183192527,0.09868631396364758,1.0092306507944835,0.12718531706775119,0.14457306882485987,1.4713908438418628,0.22585051213982038,0.34074898736405385,0.04975530435823672,0.31582782977010454,0.3954746063676209,1.2632952217900952,0.26278456179445275,0.416663308661093,1.233431166061778,0.28528747330241594,0.21755013655795238,1.4277906393072766,0.1140806413297928
1.11731,0.09968749229977675,1.4803653760710551,0.08094260897892626,0.3534076955191763,0.1047596894431204,-0.0875706188849894,0.3270376305117716,1.0029376494609126,0.017395180740396667,0.36050973344453363,1.1942392635451173,-0.15424191076230115,0.49027074190333747,1.3042002409854816,0.14782355483162973,0.3047299051602305,0.05463534262456623,-0.05534943069565675,0.33860026327542564,0.5470374200128503,-0.06925915611988032,0.12970749837379905,1.012640180323333,0.01923909180242843,0.21230275080690644,1.4748677919783038,-0.027765016855967946,0.49052777806698894,0.08026809065887394,-0.07102761834799,0.44740016836509966,1.2723397865848605,0.07243909421354464,0.4761994885745776,1.2437818769057254,0.06513944316968343,0.20892337706121886,0.08736376498661348,0.27077970783990424,0.18931350376807507,1.1930340388033578,0.4136853903473251,0.4754218422379404,1.2819348903546999,0.22437250367379669,0.17607671134845249,0.042355979429078976,0.2173115182316771,0.21210749214551064,0.527452714232104,0.2757143365092173,0.10033223633444346,1.009534694448598,0.1275858763723537,0.14354869050994296,1.4713185833262534,0.2263747262314899,0.34076972105774,0.04992461051023045,0.3158113452039711,0.395549642156475,1.2548903084705054,0.2637721235171546,0.4154743558683866,1.2242414638214498,0.2863635875828694,0.21672044707982366,1.4284884740856236,0.11417507292548058
1.12728,0.09838514641417354,1.4800454911358047,0.08081347177557324,0.3533240233901202,0.10466909980033641,-0.08749966184546103,0.32860437852898294,1.0032787258815357,0.017859382286814846,0.3555725636198962,1.1916078491882065,-0.1550429791293922,0.49167415056996305,1.2928870854343877,0.14784849049625212,0.3046782523200896,0.054493612342463985,-0.05535756838837139,0.3381082742467039,0.5469165160658939,-0.06891096011901082,0.131260614081089,1.0130259987205776,0.01963252680563898,0.21117278411039006,1.474722524289488,-0.02861326323680051,0.4904845210083351,0.08027929590637235,-0.07088253719299425,0.4472076858285049,1.2640498025256617,0.07199621988570613,0.4750318079822627,1.2347678438882372,0.0638889015827304,0.20888973515241327,0.08733835530101981,0.27065330963679823,0.1856565682942273,1.190935797223003,0.41269990082604324,0.476755860610504,1.2695129623634869,0.22542629275365392,0.17607618568198516,0.04222476757804535,0.2172490374218001,0.21176096289231508,0.5274155402716624,0.2747066021893903,0.10182874923149067,1.0098417514713418,0.12795619207291345,0.14237645811319963,1.4711937944906244,0.22683822574206128,0.3407941092667696,0.05004920362831768,0.31572225960285566,0.3954896509540366,1.2460484779677006,0.264615479776353,0.41400134217449347,1.2146695735492392,0.28737823341542423,0.21573085233110814,1.4291402893459266,0.11416620362172857
1.13726,0.09707535773220284,1.4796406905614483,0.08064707229480415,0.35328278809862823,0.10458280105128215,-0.08742193277962713,0.3301247374483048,1.0035721221595826,0.018335239471553074,0.3503998781893395,1.1887649209878564,-0.15577296866388862,0.4934699020154484,1.280647189133859,0.14744981237679408,0.3046845568692986,0.054341309357917436,-0.055345829847110624,0.3376598728921578,0.546800235842251,-0.06861812586091788,0.13277128210585276,1.0133997829658314,0.020033794984870644,0.20999794500226404,1.4744924959378685,-0.029536151427986247,0.49050162855581864,0.08034990659672737,-0.07073126626562708,0.447305027292852,1.2550207173290244,0.07130505083717656,0.47398738326148243,1.2249375635427002,0.06236570368663728,0.20888094585715505,0.08729494929437503,0.2705380344464669,0.18188679515395803,1.188647780465209,0.41147052118199706,0.477995908195707,1.2564072636438517,0.2268768406649743,0.1761156952096921,0.04206442704925636,0.21719650330561555,0.2113753954563616,0.5273585346919297,0.27379787610635703,0.10328330583666466,1.0101393731054613,0.1283475791869809,0.14112894404843407,1.4710453189240222,0.2273202066947644,0.34087082510506916,0.050207248360021994,0.3156198953374512,0.39541665374599944,1.23660893219243,0.2656779380764657,0.41240584498464133,1.2044948468771237,0.28857932225906074,0.2147403961994152,1.429772832284736,0.11412036904043575
1.14724,0.09577675939477046,1.4791274873963924,0.08048088534537799,0.3532735913719096,0.10450607946265784,-0.08731397194785492,0.3316563806011381,1.003828123151125,0.018865475499784647,0.34510524595371495,1.1858082738491735,-0.15647138457718862,0.4957617039588467,1.2673892306713341,0.14644199629909554,0.30474671806992054,0.05416432078565831,-0.05529594216198378,0.33731638403629083,0.5466814542708303,-0.06834402921483963,0.13429375011006953,1.0137515791540226,0.02048677708033222,0.20885051180595265,1.474195836511033,-0.030427254618746683,0.49057185005064136,0.0805136397875039,-0.0705470721869387,0.44779854585221873,1.2450794389063067,0.07028270933291483,0.4731527721375674,1.2141122290586421,0.06051218302830965,0.20888376792003155,0.08723815278259883,0.2704626378018907,0.1780437334253763,1.1862139775686427,0.4100760589278281,0.47913450713832384,1.2426435814282897,0.22903761911095685,0.1761857066105685,0.04186598719433007,0.21719718757711648,0.21097666934053005,0.5272827936412158,0.2730504538295869,0.10475304977596803,1.0104128198219606,0.12880409053869968,0.1398244385288777,1.4708776316713312,0.22784819525629754,0.340989317413438,0.050424612220815804,0.31554322741993374,0.3953729215968909,1.2264484649356593,0.267154602212419,0.41074113023568776,1.1935976094129306,0.290142239847087,0.2137754336446548,1.430389513131607,0.1140951727964218
1.15721,0.09432945084137064,1.4785710067238833,0.0802971259277231,0.35321925608296006,0.1044316504701864,-0.0871947966079209,0.33319821325040583,1.0041352745652286,0.019477840878146892,0.33982950871549755,1.1831253421641141,-0.1572197976261798,0.49830592713327015,1.2527318070884461,0.14510966430194047,0.30475450735047754,0.053994902853010375,-0.05526556626507708,0.33683554156639645,0.5465422836747426,-0.06790914298659555,0.13581127151008607,1.0140870110946982,0.021015475799059827,0.2076873269413181,1.473928133774772,-0.031180906453726103,0.4905988733799015,0.08063023679856662,-0.07035592323419558,0.44848568921485943,1.2341522658195363,0.06903755639827595,0.4724195218144175,1.2024047929180939,0.05824397146305917,0.20882919850844955,0.08720559123555424,0.27038628521341157,0.17418085196081937,1.1838479426260724,0.40862464956754185,0.4801217974368394,1.22784606735575,0.23159351265602848,0.17617777173082366,0.04170772618751021,0.21722161421311015,0.2105136320131249,0.5272363291289602,0.27227308772307085,0.10621172288284524,1.0106735350987777,0.12932826773669304,0.13838325433750695,1.4706741125612945,0.22834840484110228,0.341057169238277,0.05062995942371877,0.3154526871264429,0.3952538173632802,1.2155394815596259,0.26890460715401976,0.40886034610149086,1.1820582478551689,0.29206837381058814,0.2126437725190824,1.430978679427501,0.11409027251021402
1.16719,0.09274429723720391,1.4780057118441472,0.08013257948443542,0.3531567819750727,0.10437303537121698,-0.08707052415497239,0.33472708202314144,1.0044945940276409,0.020111547172250242,0.3346458855566971,1.1808233272505786,-0.15802342097728117,0.5009582134363745,1.2366175402488475,0.14342064275030872,0.304735585922481,0.05385939223280754,-0.05526066546366507,0.336181051482609,0.5463981860127626,-0.06732698550796883,0.13730993294115004,1.0144455790429263,0.021574035820562013,0.2064769279124643,1.4737375502509285,-0.03181021964380504,0.4906104271075795,0.08067677568796541,-0.07015221755896475,0.44930571615872017,1.2222931860537427,0.06752115010251315,0.47174585949390174,1.1899241997448846,0.055476636054247325,0.2087672772463884,0.08721714387848527,0.2702882131723765,0.17034739648913752,1.1815997871425235,0.4071773783824153,0.4808464714288361,1.211891770541104,0.23446400345615376,0.17613578030093496,0.04162275259225379,0.21723094889607375,0.21001380732019814,0.527236440662851,0.2714015901009654,0.10764714878554098,1.0109619887789245,0.12987606719413655,0.13684602265191834,1.4704428684935051,0.2288432553843011,0.34110817086821055,0.050792686992446705,0.31532289418053566,0.39498617623099963,1.2038647903993454,0.27091029675986195,0.4066961865319467,1.1699146141997214,0.29439022244869145,0.21137261578526975,1.4315668441626033,0.11409930190809565
1.17716,0.09118536285621287,1.4774264509742934,0.08004291452279078,0.35314843829461884,0.10433306232838564,-0.08693686382930704,0.3362285511083386,1.004831665397836,0.02069531908164971,0.3295687037524263,1.1788247246913828,-0.15883112543334627,0.5036225623205873,1.2193035485007853,0.14115944854364126,0.3047589331315157,0.05375423152573145,-0.055254027399532876,0.33544952106312204,0.5462646581267999,-0.06672955699507309,0.13879786372961192,1.0148797826942602,0.022107211786292037,0.20522900903744096,1.473634655833934,-0.032397482875318774,0.490667613688027,0.08069612704376729,-0.06991254733248502,0.4502494833519204,1.209670682638257,0.06560418323695692,0.4711245702555898,1.1768310563351407,0.05213795773563117,0.20877021624434844,0.08725751986582221,0.2701773513890378,0.16659222287934058,1.1794170101219135,0.40571738605349,0.48118588793989353,1.1949465581913954,0.2377285803511184,0.17614931369441356,0.04158928570740594,0.2172065710201873,0.20950877140393415,0.5272626426750783,0.2704941825918131,0.10907025803280712,1.0113269302898584,0.1304031118293446,0.1353288693138048,1.470211486208463,0.22939338874020193,0.3412121966115931,0.050913180279034874,0.3151592462661461,0.3945231685843996,1.1914928340986721,0.27321492135661185,0.40423479388366773,1.1572361120883532,0.2971160187184709,0.21015359630674002,1.4321945693868101,0.11414136007469812
1.18714,0.08994895618014932,1.4767526080622162,0.08003199836541536,0.3531180896934587,0.10423749077848078,-0.08678213772674534,0.33778368102071965,1.0050026435572395,0.021300040948367658,0.32442733447537775,1.1769383711714048,-0.15956878243637146,0.5061935493193395,1.2010967625008855,0.13811445980819187,0.30476049658796756,0.05359007702264787,-0.05521425693938789,0.3347448257089271,0.5460907592227042,-0.06625363635029913,0.1403738099963033,1.0154293675296724,0.02266801832965682,0.2040282682730448,1.4735967589594212,-0.03304852259969182,0.49070096572103283,0.08071174953552794,-0.06961640277414569,0.4511931262977392,1.196345932829534,0.06317247977561004,0.4704975427744448,1.163223544674313,0.048134791447438784,0.20875355841365367,0.08723138180558664,0.27011311666666277,0.16288599164240522,1.1771797566234887,0.40402455355143746,0.4811065577117089,1.1772631634948756,0.24154011055621474,0.17616286320017063,0.041495247176917646,0.21720583925463627,0.20887640126262527,0.5272314634429436,0.2697297011537449,0.1105625189206693,1.0117974501242024,0.13095720946257133,0.1339288713651989,1.4700187784846432,0.23000393621962356,0.34131489176739654,0.05101133716220972,0.31503060069553923,0.39382344288411886,1.178512242889549,0.27583140127307393,0.4014201799382611,1.1440327972216806,0.30013887368652203,0.20925859648017917,1.432887721739573,0.11432199381234871
1.19712,0.08897505343012597,1.476040955140077,0.08002164623974836,0.35305186175985825,0.10409501911299912,-0.08663906005157561,0.33928982914238504,1.005044490358941,0.02190512356659267,0.31933225102336404,1.1752046947007853,-0.16020038006908216,0.5084875503080033,1.1819866895536582,0.13429340960022793,0.30472702542310376,0.05337985285766272,-0.05517928464737373,0.3340463659373002,0.5458797362798876,-0.0658953212925251,0.14190809689724557,1.0159859956440083,0.023223646974766168,0.2029513546967032,1.4736050317319,-0.033708016520963606,0.49070306556779153,0.08071397589212774,-0.06931842112140586,0.4520195797347966,1.1823869847033412,0.06022939095246477,0.4697775351498244,1.1492356287177676,0.04344172805273098,0.20869568155458923,0.08713554865010477,0.270085794236712,0.15933989140528101,1.1749794600421213,0.4020324250289621,0.4804969285846466,1.1589429886685922,0.24558161475735954,0.17615281942085384,0.041343735079894466,0.21722424591470588,0.20811262349313284,0.5271485320264707,0.26912648815201295,0.11200465819584322,1.0122685357469856,0.13150392474386519,0.13269202413405343,1.469879056693604,0.23057640011451364,0.3413930240507549,0.051084316583654775,0.31493262427411306,0.3928286815462749,1.1651031196711077,0.2785189170062158,0.39822405101419245,1.13055395937259,0.3032738423988501,0.2085813488541076,1.4335697414750688,0.11455600136484197
1.20709,0.08774083468630478,1.47551740996191,0.07986208228612512,0.35304840122308817,0.10403138603680442,-0.08658303405087645,0.3404222159254333,1.0052241299871965,0.022349567211768884,0.3147478121543541,1.1739489813581239,-0.16073464987695205,0.5102676663533958,1.1615185666325032,0.12994557903909096,0.30474338532270934,0.0532773537017565,-0.05525741096079767,0.333189585163898,0.5457158140173775,-0.06547568013290377,0.14300080121012407,1.016285299981664,0.02361794917224714,0.20202761755803797,1.473656850978618,-0.03412967678936762,0.49077584093565957,0.08066204188987211,-0.06914673554708649,0.45267139703926934,1.1678434136783375,0.05690661683588262,0.46886164028952076,1.134989941534755,0.03811844783938885,0.20869400610710262,0.0871005335029775,0.26999625530161714,0.15622407563554544,1.173150462205301,0.3999138463042312,0.4791446699067062,1.1398074347113243,0.24903277177099584,0.17617472595414224,0.041298533687870814,0.2171714450251468,0.20739822149271772,0.5271424538052946,0.26847508413773663,0.11304358795336594,1.012497668388363,0.13189453290585448,0.13158342537843187,1.4697707658295913,0.23092270641186488,0.34149673814082315,0.051101922738923146,0.3147640064923384,0.39146860584323967,1.1514735243327021,0.2808007661019963,0.394660441482244,1.1172619364477383,0.3063219969864002,0.20755078667940063,1.4340607718878735,0.11452154317319498
1.21707,0.08640534566145881,1.4750425918939964,0.07965442118273429,0.3530809035848009,0.10399213446880912,-0.08650020335445668,0.3413285786423672,1.0054298274478262,0.02269529925167518,0.310579500811712,1.1729859487528072,-0.16099964176792464,0.5116485682504598,1.140039514197535,0.12484080536292859,0.3047940346568931,0.0532106885170741,-0.055309506083768625,0.3323128639019431,0.5455684132684804,-0.06502163654439995,0.14383685645027997,1.016454092063235,0.023915176325949986,0.2012089705795248,1.4737715462308905,-0.03438247152096517,0.4908864486362677,0.08059325081782198,-0.06896542741316898,0.45320601559846435,1.1527565338754713,0.05313467729620764,0.4677621686077344,1.1204514825698013,0.032217780693486506,0.20872396701115706,0.0871047916125775,0.26994308821397633,0.1534589423241851,1.1715063030739807,0.3976142377669142,0.4771003528210568,1.1199754546158733,0.2524780241167654,0.17621659488213037,0.04130413928001099,0.21716106605800792,0.20672942410304088,0.5271756601582673,0.2678681592831763,0.11384390187704524,1.0126120428945602,0.13219567094910795,0.1304799216372393,1.46969290537397,0.23117314062962627,0.34161796940253797,0.051117156522477655,0.3146404803762352,0.38980371856119594,1.1375118198627632,0.28308543827048954,0.3907649668814053,1.1039394347365603,0.30954172878597763,0.2063824546688608,1.4344632076392652,0.11437160458653968
1.22704,0.08535211287983968,1.4743744486342083,0.0795574489508767,0.35307157201666356,0.10386472604577196,-0.08627604226970126,0.3422978118272259,1.0054343027508272,0.023058059314946654,0.30657605792587383,1.1719935135004957,-0.16081998314840829,0.5128071501480924,1.118267579817165,0.11860276391871213,0.30481735873418886,0.053036680267717615,-0.05518294309860951,0.33163877151521975,0.5453673232417096,-0.06464216121608585,0.1447788483968762,1.016742631362647,0.024229694697567652,0.20041000095261322,1.4739706537487505,-0.034668892286098756,0.4909475190812729,0.0805631294521154,-0.06861646597809465,0.45368223390209567,1.1372385423649995,0.04876495819842179,0.4665248824835956,1.10562319904638,0.025776385783283222,0.2087120603216778,0.08706930094735964,0.2700317353175456,0.15086913046609096,1.1697153428532905,0.39501434618285663,0.4744815264367852,1.0997972560104134,0.2568867509123934,0.17623554144589526,0.04123321045342092,0.21730939700775714,0.20603268821038245,0.5271534290884297,0.26746145962866874,0.11472293504657956,1.0128541959020512,0.1325187500726128,0.12925457930597287,1.4696440518391065,0.23153139320490065,0.3417209758708467,0.05119658972279182,0.31468674885351006,0.3879069395103435,1.1230887512540368,0.2860034623706538,0.38657165061970067,1.0902309632541773,0.31326834023434774,0.2055388627732233,1.434959682781997,0.1143987466087404
1.23702,0.08428117754061082,1.473659349350109,0.07941296138253534,0.35303375243793544,0.10371184611898314,-0.08617651642168846,0.34315476070784195,1.0054055239153037,0.023284314327029133,0.3030103404408767,1.1712130771731777,-0.16038686145227268,0.5134597641789178,1.096034172093443,0.11122906310267364,0.30480828636974217,0.052835132421285666,-0.05518497287764693,0.33103400632904334,0.5451426516199295,-0.06428129871398039,0.14561869905078428,1.0170290191962679,0.024400333006240307,0.19954422132942115,1.4742428133995382,-0.035003196575017326,0.49097081267455517,0.08052828070039114,-0.06839982926679082,0.45395493692570615,1.1213059624615211,0.043709714220721785,0.46505381377741306,1.090609448667268,0.018664842380031483,0.20867711154582055,0.08703880574621091,0.26998169720937537,0.14860232603867066,1.1679803440042609,0.3922091306703234,0.4710545707333585,1.0793227534858856,0.2617595996762323,0.1762292941434189,0.04117082476279415,0.217321062122889,0.20537260838788754,0.5271334688732134,0.26697751787019847,0.11547980218394249,1.0131104716856218,0.1326925471985744,0.127907633000973,1.4695726606164627,0.2318125860487217,0.3418041260575877,0.05128352576651259,0.3146073459417715,0.3855928216581923,1.1083284017277766,0.2892027559929681,0.3819810123875733,1.0763756785789504,0.31726045728744967,0.20467089905651623,1.4354412442158373,0.11439296532776397
1.247,0.08304235137920886,1.4729972245317808,0.07916720919486235,0.35300157773820195,0.10358293126136218,-0.08624240482550868,0.3438225506452963,1.0054406429040994,0.023370065682641283,0.300143044234719,1.1707834214642474,-0.15977932186216773,0.5134138348912569,1.0733301600904284,0.10280541781709022,0.30479969707542415,0.052654891989931396,-0.05538026256941611,0.33045902284367434,0.5449166364919621,-0.06380486017405282,0.1462610215941161,1.0172400041599425,0.024433520206118234,0.19862181362976447,1.4745368606186695,-0.035322089808530306,0.49099846157356297,0.08048108412125891,-0.06838589589129902,0.45393000456420773,1.1050425940915023,0.037979484766032585,0.46328939270426617,1.0755401175162893,0.010881573487552724,0.2086590014897767,0.08704229921642839,0.2697431783146071,0.14683096849256375,1.166471959594379,0.38936346641896247,0.4667063401699467,1.058665626088407,0.26680030165918706,0.17622710906641215,0.04116035054186148,0.21714223991485493,0.20483882555806285,0.5271500102149413,0.2663375082517321,0.11603555426173982,1.013310781791335,0.13272410773370708,0.1264834382447217,1.4694497332851155,0.2319564686077548,0.3418915302166429,0.05135636110025282,0.31435109263427036,0.382767667504807,1.0933872582073374,0.29249332476618556,0.3769505626360901,1.062594637174806,0.32139310924398284,0.20359290147962816,1.435834233906676,0.11427180881593423
1.25697,0.08189030151263868,1.4723056536133128,0.07899798833923453,0.35300098377699546,0.10345339225701981,-0.08612327212421296,0.3444940668538852,1.0054206930626668,0.02357675179578756,0.2980018648359544,1.170527927532057,-0.15881405675517926,0.5127356776831137,1.0505367614806589,0.0933959012837226,0.3048476783244927,0.052435500154573704,-0.05539477254748855,0.33009405947689624,0.5446695401299456,-0.06305646547113958,0.14693089553254,1.017475832077748,0.024624654087019356,0.1977681192185926,1.4747705761791523,-0.035528921792840944,0.49107360048068505,0.08048677346608672,-0.06822296476785335,0.4536309488183742,1.088591701114713,0.031679995273801075,0.461253532321837,1.0604996487269038,0.002611742283057697,0.20868936765029628,0.08704617457854646,0.26966654871094203,0.14562704036798393,1.1651392162510996,0.38662883284832505,0.46157359568261846,1.038018585153256,0.27243288979747016,0.1762786815124678,0.04112337393645482,0.21714066729316922,0.2044933115808642,0.5271560957678304,0.265843669930873,0.11662600532604661,1.0135467414013046,0.13292485448417385,0.12504147319301306,1.4692948470513052,0.2321805515927081,0.3420220930295703,0.051471301950982346,0.3142935362753763,0.3795230520465077,1.0783251926908926,0.29619323523230884,0.37153381823531095,1.04885274065955,0.3258787778968843,0.2025821371003438,1.4362031904803363,0.1142663549573423
1.26695,0.08092928632537896,1.4715849960176188,0.07893772187014089,0.3529680624287788,0.10330047637743583,-0.08593777147496073,0.3451607605622606,1.0053005845464507,0.023843186880126686,0.29633377192821664,1.170393471987729,-0.157400201425363,0.5112552278436305,1.0280243635366202,0.08304240090140715,0.30488047458142986,0.052167249883566115,-0.055337432923651335,0.32991987285188107,0.5443973011789834,-0.06226491861071801,0.14762311502187703,1.0177003779631846,0.02491049969935135,0.1969351733292079,1.475003183763511,-0.035678254005275224,0.4911276174404068,0.08052623072475372,-0.06803284778813158,0.45285649569450587,1.072236432174395,0.02486744710401045,0.45887274706623593,1.0458503680873992,-0.006114222685205689,0.2087101529910182,0.08700294310732903,0.2696338406875291,0.14487906066518177,1.163943094292652,0.3838320802382371,0.4555778790909337,1.0175596288635615,0.27860930142835316,0.17631886727513174,0.041021425925379267,0.2171935401301812,0.20424105079942254,0.5271025311239308,0.2654719356574926,0.11723679217518572,1.013780808240117,0.1332287981535974,0.12362904090008743,1.4691413244070624,0.23248400865801777,0.34211980367652617,0.05157709989012582,0.3143121288887176,0.375772392551467,1.0633127334631944,0.30019650763134925,0.3657177394292618,1.035391487432424,0.33067874084440346,0.2017398504793693,1.4365547135110985,0.11436585245379534
1.27692,0.08015891651189537,1.4709099709781996,0.07894400577635588,0.3528422683059333,0.10310975022964886,-0.08595932710857121,0.34571370267665297,1.0051045784008474,0.023987056214331434,0.29485108819418493,1.170386739497919,-0.1555232898122302,0.5087413040352041,1.0062095918659477,0.07186337302479792,0.30481355489791795,0.05186632541077965,-0.055483025292163216,0.3298609901270846,0.5441033204142688,-0.06173830658765742,0.14820740456315254,1.0177812125780246,0.025083163292525294,0.19605247263933936,1.475329932902964,-0.03585129178702647,0.4910829609472042,0.08054374359571725,-0.06809322042918264,0.45136394984824835,1.0563704875142041,0.017630213550754857,0.4560579622083275,1.0320856626799977,-0.015248800503353154,0.20865805078886018,0.08687493411735325,0.26937114237956766,0.14443047842512718,1.162873941213368,0.3807412077455069,0.44857312626771717,0.9975399159045394,0.28502023460020537,0.17627172466295224,0.04084467122070766,0.21701300419832165,0.2039696686771506,0.5269573879849153,0.2650830787941399,0.11772213261094801,1.0138803415947404,0.13341526973720425,0.12232451824022718,1.4690148067909536,0.23276279880422734,0.3421012994208887,0.05159848815694077,0.3141184651107617,0.3713871203311079,1.0486360437817892,0.30420535148691913,0.3594897557569113,1.0226127694655112,0.33561040828872946,0.2010399303073724,1.4368400503878824,0.11445089263867068
1.2869,0.07956215473279708,1.4703978251353493,0.07904982789735052,0.352766453415756,0.10287747416186899,-0.0859456733899933,0.34617408048598036,1.0049117552571796,0.02413108268556443,0.29366095916089474,1.1704096477424866,-0.1531754789076591,0.5052626243688981,0.9851974549428606,0.06005071333905365,0.3047956109377275,0.051509807136709045,-0.05559662305215031,0.3300957195844013,0.5437710697975908,-0.06121971981804552,0.14866508518361832,1.0175658413183604,0.02523573700180781,0.195337781752644,1.4756724300523207,-0.035899967377488254,0.49107162751067607,0.08054488291112198,-0.068154811528195,0.44924850477755923,1.0410862270674306,0.010130141253423312,0.45282538307067505,1.019196431785522,-0.024532156703807557,0.20864261238226456,0.0866792245158609,0.2691107898679193,0.14431554722253792,1.1619358296079452,0.37753870502098796,0.4405307370248614,0.978009085095362,0.29168948438576414,0.17627323448062152,0.04057963095106984,0.21683781778078193,0.20382930820254208,0.5267422166611301,0.264873278058811,0.11806452124260164,1.0136797486254392,0.13357157983662424,0.12130932398046652,1.468887839149173,0.23305977624772362,0.3421086983075705,0.05161949480728653,0.3139635696427204,0.3664104951033539,1.034371367333991,0.3083175089127306,0.35285523815561626,1.0105227403317716,0.34067951639431515,0.20042542120922233,1.4369664604342762,0.11458072796626484
1.29688,0.0791260059773414,1.470028507452557,0.07922617451786833,0.3527892395417523,0.10260137529188469,-0.08578714048074203,0.3465588418788407,1.004723516833229,0.024375143122298912,0.29280576689140986,1.1703901481115735,-0.15043722995511624,0.5008181371842229,0.9651884204619805,0.047803307057884104,0.30487716944729015,0.05109292234172079,-0.05557605924863523,0.3306675722996382,0.5433973749369745,-0.06058607215873338,0.1490092807070294,1.017057526856178,0.025443247046473022,0.19487195363470472,1.4759635258170503,-0.03578559032250937,0.49113906138958013,0.08052871486246295,-0.06809554396123277,0.4465171014915024,1.026499643144087,0.0024903892728876083,0.4491448191330492,1.0071906591578481,-0.03375208793549796,0.20869070079473456,0.08641714779098741,0.2689685520078309,0.14448155517401404,1.1611365103356246,0.3743391660759055,0.4314517061438374,0.9592104323649444,0.29853126134318675,0.1763587431664733,0.04021814257994077,0.2167911393595957,0.20385038439819625,0.5264567947680536,0.2649210950096061,0.11826800594863786,1.0131765064331277,0.13377180254639293,0.120559063665825,1.4687688278681128,0.2333711539704342,0.34218648977544236,0.0516643373043425,0.31396331679939793,0.3608282482478735,1.0206682911227776,0.312504405047013,0.34577642574855366,0.9991588512275548,0.3457545985621955,0.19988204993158162,1.4369184919154425,0.11478476780779787
1.30685,0.07884540858086686,1.4695794062384857,0.07934313025411291,0.3527704004554473,0.10227899944227961,-0.0857154537129809,0.34684942344874714,1.004421814899175,0.024687426173685734,0.29210684948625476,1.1703261155730944,-0.14750448962529308,0.4952393016619596,0.9464986682688179,0.035251513148328584,0.3049058256937674,0.05064744342242481,-0.05565819768571485,0.3313579477366435,0.5430035420916739,-0.06006917098595996,0.14927249268616866,1.0164823258383724,0.025661080445365216,0.1944611118716043,1.476209710224782,-0.0356859455537913,0.4911514506201632,0.08046938121699557,-0.06813049217187443,0.4429640315367137,1.0127705417546764,-0.005283426224726445,0.444888714074001,0.9961788177099397,-0.04288419009302992,0.20866819426817,0.08605509473396497,0.2687420041944133,0.1447003007392323,1.1604741770085703,0.37102943926287474,0.42132760303055483,0.9415970012115055,0.3052513884727635,0.1763654987643096,0.039764015817455936,0.21667249478791512,0.2038247491360704,0.5260594993446708,0.2650362610469365,0.11833929101551884,1.0126054601832961,0.13397464732122172,0.11974965355785372,1.4687263748201294,0.2335926539393016,0.34218105315728276,0.05162892875406551,0.3138797822673458,0.3544851468826673,1.0077542292172839,0.3164785204711215,0.33812892748163326,0.988645652706368,0.35050231479407196,0.19946362216737312,1.4368041465583254,0.11499737668943827
1.31683,0.07873914800879557,1.4689846178678811,0.0794303880184159,0.3527492777969551,0.10192954592283941,-0.08570061937828598,0.34714664245321436,1.0040184040420455,0.025073693496866434,0.291545622427989,1.1701819825589828,-0.14454356842773994,0.48880652362400534,0.9294208199690429,0.022560385004951822,0.3049230931166555,0.050187685060342005,-0.055804418418931405,0.33216726106622224,0.542608938862112,-0.059625735020752246,0.14956639571537372,1.0159470020794559,0.025920000577787976,0.194191786265261,1.4763874071517324,-0.035558805976377374,0.49115496214524057,0.08039427098015357,-0.06821046291276278,0.4387330710654725,1.0000463104680823,-0.013174588292616167,0.4401190129202427,0.9861592542586796,-0.0518868808444857,0.20862513677525066,0.08562822352146027,0.26846882344089995,0.14494423785051144,1.1599064350656862,0.3677757581071838,0.41035410403899863,0.925351017754817,0.3118690396727783,0.17633658864524548,0.039256913708377306,0.2165173080105982,0.2038128730777254,0.525597790950237,0.2652171589710327,0.1184086108370518,1.0120771394839774,0.13420909714430726,0.11900133110082099,1.468735410122504,0.2337832334154359,0.34214351580944435,0.05153381127676996,0.3137395428251487,0.3474410314356259,0.9956846928915786,0.3203364050139711,0.32992741205927323,0.9789218947310073,0.35495289031023036,0.19923351372521936,1.4366730669399297,0.11524209615797998
1.3268,0.07882963425298001,1.4682917973433631,0.07959499588389522,0.3528170244878057,0.10158115242230333,-0.0855994114108085,0.3475787119823408,1.0035951182962743,0.025560490660105538,0.29112060878780466,1.169891199494212,-0.14173385386001094,0.48203205136927485,0.9142845091616134,0.009987144402395455,0.3050271921541946,0.04972009931103811,-0.055858920286853325,0.3331844775039448,0.5422306538843955,-0.05909706171353168,0.15000585484478987,1.0154682159137027,0.026284545168211625,0.19427443391208482,1.4764541533232916,-0.03526674860708946,0.4912447749442594,0.08034815585983732,-0.06817539893943197,0.4341526283343771,0.9885346607707428,-0.021110380559508417,0.4350063051131438,0.9771370363120926,-0.06066108286141119,0.208665020723022,0.08520185061651131,0.26829221804577014,0.14521953018356734,1.1593545769430231,0.36486607963986156,0.398887800824353,0.9106014070098352,0.3184821648735009,0.17638207563395522,0.03874808283680813,0.21646256238889536,0.20397667480934684,0.5251554149002895,0.26556006513331826,0.11863166048936426,1.0116086371881268,0.134539673178568,0.1186343976578384,1.4687197148996072,0.2340783085833667,0.3421893356118054,0.05146065960462292,0.3136858633174771,0.33989821579759855,0.9845129758027945,0.32430504785985353,0.32130474045821744,0.9699172573844915,0.3592734729722518,0.19923771938972035,1.4365278486709603,0.11557933156147113
1.33678,0.07909544900433264,1.4675642494207997,0.07985131818136698,0.35281158929806933,0.10123696271880926,-0.08550734092476545,0.34810260042879215,1.0031669159468108,0.026151652801202033,0.29046896031258473,1.1693585873968084,-0.13931618402032306,0.4750777668799836,0.9011697571411528,-0.002286326833831927,0.30504706978162055,0.04925680326762559,-0.055925147229467134,0.33429854591763003,0.5418760147168162,-0.05857716714657565,0.1505457599577041,1.0150245220904865,0.026757604590883142,0.1946802035000039,1.476385227025506,-0.03485801596986299,0.4912538150952176,0.08031209377993423,-0.06812090025461409,0.42929994046787173,0.9783641601569357,-0.029058684080259824,0.4295579483817898,0.9691483002625356,-0.06920172805007274,0.2086383499777773,0.08477925041050337,0.2681343759504138,0.14516950641751686,1.1586796843254046,0.36227497438024336,0.38714355268759154,0.8975008702281737,0.32489842022240994,0.17635381537484215,0.03823904155401227,0.21642101417816503,0.20419606747313704,0.5247280173074146,0.26604937400123974,0.11897705938311451,1.011180789558224,0.13498782906004234,0.11862170587546411,1.4686376009921414,0.23451142962738175,0.34216806440002884,0.05140850019879877,0.31362390387458744,0.3318995820087261,0.9743721194092219,0.3282714261394878,0.31229593461000804,0.961711033214701,0.3633907602374418,0.19943953865988934,1.436347939830396,0.11599178386942385
1.34675,0.07956637378242762,1.466846440610113,0.08021075988053981,0.35269374714947754,0.10091136908086881,-0.08548733656736339,0.3486975990705974,1.002735938235809,0.026870274791617087,0.28937287048849747,1.1685849168708422,-0.1374453939839708,0.4681740995916048,0.8900858699631198,-0.014130959952567376,0.304942303446364,0.04881842657175075,-0.056064999813787667,0.33542352380961216,0.541562888191231,-0.058141981704314415,0.15116726949676101,1.0146150861099839,0.027373431954920126,0.1953729242827542,1.4762039715792956,-0.03436690594987153,0.4911402431094453,0.08027952261147647,-0.06812293491748525,0.4243412922677449,0.9696243382512768,-0.03698077390061169,0.4238788618385628,0.9622401251605784,-0.07751523315148826,0.2085128633495083,0.08435963995073546,0.2679577836836112,0.14452955183106012,1.157822263449025,0.3600005448621914,0.3754095860812811,0.8861753449954014,0.3310105235219836,0.1762226873775742,0.03772973785495105,0.2163533214808435,0.20438552398745183,0.5243030134133411,0.2666510875731361,0.11943243977823849,1.0107952126908515,0.1355939177427948,0.11890394265645877,1.4684844211404409,0.23509738538729552,0.34205119246275395,0.05137147404035945,0.3135096249973265,0.3236108090029439,0.9654239412027886,0.3321847309399884,0.30302993393056826,0.9544197938867249,0.36726920159300963,0.19985321306053602,1.4361401488963423,0.11649790521944454
1.35673,0.08035310764189912,1.4661408251747539,0.0807152631868171,0.3526726813112252,0.10063561267513488,-0.08547140647990964,0.3494297846820429,1.0023017592807446,0.02777557906351317,0.2879423486516639,1.167713917127726,-0.1360984591966604,0.4616762535355403,0.880866252742521,-0.025600368388646946,0.3049378218748237,0.048427246197681156,-0.05619247960347626,0.3365781507754795,0.541318470337748,-0.05774558438868746,0.15193999040306846,1.0142773887540215,0.028228662232084815,0.19638436730970457,1.4759947220815306,-0.03373903237927317,0.49111812087396994,0.08027978282313403,-0.06813766097538114,0.41958767833285443,0.9622487078833275,-0.044897783149462564,0.4181985716687204,0.9563648410891109,-0.08568067557637599,0.20849666982306259,0.08395108330492618,0.26785447785157107,0.14330002188438154,1.156853078919029,0.35814887829943853,0.36398434965050575,0.8765379760597073,0.33700348227664795,0.17620430194830622,0.03722802403439756,0.21636168568643274,0.20460052132653483,0.5238812298717933,0.267349519717665,0.12006983001814142,1.0104909063507106,0.13643658924309082,0.11948813002486176,1.4682955432341198,0.23586250720622468,0.34206056072614127,0.05136159058464783,0.31344985196700575,0.31532783355948174,0.9577113986071084,0.3362395119528595,0.29369700326538295,0.9480562693122357,0.37105531026096217,0.20058671224238864,1.4359549310327522,0.11719543123640516
1.36671,0.08140602201897314,1.4654422701038377,0.08139021716410326,0.35266145971054336,0.10038417062381023,-0.08544399116931416,0.35020860349704125,1.0018331176442126,0.028839640580449397,0.28617133770085484,1.1668315038163277,-0.13526630531199055,0.45565753036198875,0.8733460688238426,-0.03660159273821985,0.3049529946886346,0.04806371428266058,-0.0562960605098294,0.3375864260012292,0.5411043192503459,-0.05736447319142322,0.15277407350869054,1.0140445551634305,0.029281406005403132,0.19762110212518408,1.475794455336587,-0.032958702286223905,0.4911109074394933,0.08028524062069432,-0.06814178916323183,0.4150744047794594,0.9561312585062629,-0.052735269823820714,0.4125420248455559,0.9514357729918246,-0.09364656992344765,0.208508715699987,0.08353341100895866,0.26782251678026,0.14146406277058343,1.1558207207483462,0.35672696027907386,0.35298545144865534,0.8684331227227504,0.3428975440350919,0.17622195995154014,0.03672306674511995,0.21643311190278042,0.20473701866642974,0.5234534053880262,0.26813054935913216,0.12079363299236728,1.0102947051381654,0.13747274054069286,0.12027379792054467,1.4680843309826057,0.23680968714826608,0.34210816205629274,0.05134512282317358,0.31343782630107064,0.30712252066365514,0.9511389510544979,0.3404443097261074,0.2843625321272697,0.9425429969425796,0.374782694771302,0.2015910238524587,1.4358047028852823,0.11810334546730916
1.37668,0.08259938808180531,1.4647627450188225,0.08224515100239155,0.3524795635645539,0.10011953067755751,-0.08542116176193819,0.35090888827265426,1.0013133942565615,0.029994810962467283,0.28401561783751583,1.1659892275285588,-0.13493176031778387,0.45003030860934656,0.8673311600276667,-0.04699358806477551,0.30480307970045284,0.04770339345741822,-0.05640603094653048,0.3382524724209455,0.5408699191082084,-0.05699040601417371,0.15354264612319735,1.013928986909908,0.030420181597119976,0.198944369855662,1.4756099914885277,-0.03203946769380524,0.4909465029273034,0.08025362130268412,-0.06812706826439854,0.4106927569566018,0.9511318281579042,-0.060373850024746746,0.40686373164846007,0.9473534844352115,-0.1013023772534863,0.20837357551196278,0.08308807951019123,0.26780712724539996,0.1390447885176512,1.1547592665698565,0.35568227366922134,0.3424115106317941,0.8616355326023265,0.3486087572688579,0.17610079838318682,0.0362075380170602,0.21649324358916658,0.2046721685619804,0.523016612534337,0.26897960746386346,0.1214642818000588,1.010208256827787,0.13859837012090426,0.12113891164200964,1.4678502619605807,0.23793194274314564,0.3420047165990526,0.05128341566904816,0.3134045136834852,0.2989544456295873,0.9455147752444057,0.3446833321502243,0.27505396921297315,0.9377517356415581,0.37841867268566,0.20274222455891763,1.4356799037320398,0.11918467095790818
1.38666,0.08392774033101108,1.4641946901734868,0.08327646061540642,0.35236527327144734,0.09990369390412271,-0.08538617284081343,0.3516742647366298,1.0008602310334382,0.031242109606879127,0.28163395947251757,1.1652796357145065,-0.13499710427193573,0.4448469201051909,0.8625741007306562,-0.0567757989158567,0.3047080212549402,0.04740955249348926,-0.05650044812683342,0.3387976373731048,0.5406845184297056,-0.05659720153403628,0.15438572856210195,1.0138851691060515,0.03161961689385475,0.2003644546516227,1.4754608351686995,-0.03099427589106041,0.4908518650864059,0.08023421832690666,-0.06806881253321695,0.40651394565228605,0.9471206433120175,-0.06772518785185114,0.4014034692249642,0.944106146831329,-0.10859734070903465,0.20831311807429395,0.08267663410414917,0.267809140565448,0.13630665317425786,1.1537307794540008,0.3550194799782448,0.3323163362828917,0.8558751541081255,0.3540789684527073,0.17605731209763978,0.03573825707440396,0.21654443095640769,0.20463046222213152,0.5226223930151205,0.2698793986458383,0.12220294600409785,1.0101771298491349,0.13978300719317222,0.12216081488410183,1.467601719847733,0.23924461173238096,0.3419847158191894,0.05123555762484615,0.3133517587145143,0.2909699392831142,0.94066691107984,0.348848971827204,0.26601906960712995,0.9336189854503572,0.3819657428010037,0.20403605750152126,1.4355899770461755,0.12039706885782449
1.39663,0.08533021437684313,1.4637567720649487,0.08442829873085347,0.35239443560865497,0.0997604056923681,-0.0853422297877308,0.35256275492037226,1.000517710560181,0.03258159209487492,0.27918891963606507,1.1647507804328556,-0.135301082165486,0.43995927936400564,0.8587257184341739,-0.0660603711686752,0.30473539385504,0.04720124073023868,-0.056581151903047994,0.33932910470549477,0.5405725431080666,-0.056167007059774864,0.15535507217420633,1.0138736013026743,0.03285937226493113,0.2018315145937639,1.4753545575355937,-0.029857365914245353,0.49089983595594777,0.08024557658133258,-0.06796906420702907,0.402491546644622,0.9438686822379792,-0.07478114548872508,0.39620543450281204,0.941563011989379,-0.11555151627346184,0.20838986854148508,0.08232832247620844,0.26783289712602515,0.1334761709618439,1.1528196681351024,0.3546735017846993,0.32264719371987544,0.8509187385669369,0.35928194348761905,0.17615087008194774,0.03534159412814715,0.2166012370808393,0.20469694701809948,0.5222916293117951,0.2708171161040009,0.12305086931613561,1.0101640464745583,0.14099969557376044,0.12333211276061362,1.4673696170136306,0.24067681679480046,0.34211234437480814,0.05122370494382766,0.3132971790671741,0.28321862655530594,0.9364537535511968,0.35287257821014056,0.257343497530943,0.9300757814578109,0.3854022994482296,0.20541248656254743,1.4355324824732798,0.12167303018430752
1.40661,0.08664310649810633,1.463327457710904,0.08558841340171792,0.35226318816106805,0.09962050125287626,-0.08533102142430726,0.35342522228525336,1.000170946507807,0.03400134082335109,0.27674631068467814,1.1643616307533964,-0.1356329638617422,0.43484544834725813,0.8552805457998938,-0.07515674706083245,0.30459398019911094,0.046999736443794946,-0.056702172075215176,0.3396485276651091,0.5404492315843583,-0.05569695706460081,0.15629336807946728,1.0138867768267916,0.03411086892236747,0.20318054759559048,1.4752751034258746,-0.028678907961759408,0.49080230087185434,0.080229853946792,-0.06787284178823705,0.39831242914780374,0.9409717271993564,-0.08170898133358714,0.3908782067792689,0.9393626281003107,-0.12233461520200474,0.20829894954579428,0.08199221049767075,0.267868920655669,0.13059937366232832,1.1521113300425696,0.35445597102363946,0.31308366000459115,0.8465488928602636,0.3642916372518758,0.17607952155204332,0.03497159243557472,0.21666914668282516,0.20463514422245813,0.5219771458906642,0.27179784184453304,0.12385321844972662,1.0101784818846584,0.1422158398682986,0.12446332842609513,1.4672067472146515,0.242046748076302,0.3420600514789725,0.05118189641990446,0.3132558261468907,0.2754658948197049,0.9327223615105333,0.35678953007525194,0.248706900583073,0.9269760650941498,0.38869989820053813,0.20670713523757503,1.4354804918729194,0.12292948538960269
1.41659,0.08787303714615044,1.462918098174695,0.08673945589919724,0.3520616658859981,0.0994960163253827,-0.08533821133263954,0.3543395493704458,0.9998375212078134,0.03550979461013776,0.27439318280718644,1.1641165297511562,-0.1360031958396631,0.42960110439198096,0.8522067773653778,-0.08392348051028836,0.30438439917751553,0.046816443871915484,-0.05684716116093554,0.33983761724852185,0.5403260391160218,-0.05518156090841528,0.15727801753766033,1.0139347457275245,0.03538865595655157,0.20447153834725687,1.4752255227003288,-0.027442394884651465,0.4906431624617246,0.08020533524153392,-0.06777634211787165,0.3940656834647632,0.9384032016165722,-0.08841241215603796,0.3855024750116535,0.9374583657107958,-0.12885553996456336,0.2081147883047604,0.08167750158415435,0.2679355723716418,0.12772721231067016,1.1515592887924766,0.35436144060395736,0.3037458759073774,0.8426929332996865,0.36915232723082175,0.17592332251068574,0.03463760255313793,0.2167666641772365,0.20453006414263833,0.5216873094297783,0.27282206153473365,0.12467838004838297,1.0102248244897272,0.14344527471318588,0.1255282286134807,1.4670862710845884,0.24336616975518519,0.3419071139527062,0.05112559835335299,0.31325525405983573,0.2678349736869823,0.9294190356451603,0.3606294023944638,0.240192478858731,0.9242449552845746,0.3918657704230639,0.2079172347768563,1.435435562727643,0.12417931199257062
1.42656,0.08909984800571699,1.4626108079032296,0.08791585333914606,0.3520481914482698,0.09943824115294167,-0.08532159832188753,0.35546102598360646,0.9996000801985496,0.03710987816751137,0.27219837289195187,1.1640388492949842,-0.13653330985304982,0.4246350116294221,0.849715025444286,-0.09202404023906441,0.3043679665689902,0.046707436310713876,-0.05696290779488654,0.34008708061708726,0.5402632566380918,-0.05462428990859033,0.15846882024013928,1.0140344851195031,0.03671744334247334,0.20584227808514724,1.4752161133390844,-0.0261147002412161,0.49066202063368364,0.08021957605281324,-0.06765438446599435,0.3900372234041456,0.9363298241348051,-0.0946811954450347,0.3804003963703376,0.9359724905392028,-0.13491176166022595,0.2080782453222536,0.08142476444956626,0.2680533768276655,0.12490346901731786,1.1510606706661237,0.3544811237471929,0.2949287000233025,0.8393407084628571,0.37387731326418655,0.17592565510213592,0.03437644938598692,0.21690604467305463,0.204599119680874,0.5214589234765188,0.2738669874419353,0.12567676249210766,1.010304597790806,0.14471572706743874,0.12658072132038162,1.4669480909071364,0.24474415207264244,0.34191164831359794,0.0511083355242768,0.3133130495113974,0.2605946555574451,0.9265344283211897,0.364408066129695,0.23207313264922083,0.9218537296310797,0.39492962310645296,0.2091138545574208,1.435417064626866,0.12547491344896014
1.43654,0.09021440542422665,1.4623929864312408,0.0890905114440972,0.3520283955876571,0.09942211685084645,-0.08528432377470127,0.35660421313869495,0.9994195672017567,0.038719514372696356,0.2700948771190737,1.1640953639970533,-0.13719582194729651,0.41992585406245764,0.8477389934231169,-0.09951025190910597,0.3043334644257978,0.04665014533734387,-0.05704565121000144,0.34020964518474894,0.5402395560326912,-0.054076758665085246,0.1596835692892592,1.0141924806994334,0.03804008731655573,0.20711191310011204,1.475231871097501,-0.0247812040722167,0.49065800140446336,0.08021900685244185,-0.06753505192867379,0.38620409508984455,0.934688051256992,-0.1005356831446544,0.37555009913692694,0.9348473957397146,-0.1405281097446924,0.20801143589113852,0.08122637886318071,0.26817506520646417,0.12210554645634392,1.1506441775787561,0.35479038244213046,0.2864677655302684,0.8363989960608068,0.378420921765092,0.1758928415062089,0.03417625114060893,0.2170378547854442,0.20466820980022557,0.5212836386866307,0.2748273264787826,0.1266890013039581,1.0104326060673512,0.14597981873204635,0.12751669443399205,1.4668162725921634,0.24613546352417207,0.3418842140849565,0.051101380925552393,0.31337373586137607,0.2536378411076495,0.9240099378427774,0.3680989705501437,0.22428176730364424,0.9197859047723543,0.39789254217732944,0.21020455928104068,1.435435865043485,0.12676308553206697
1.44651,0.0911478993825075,1.4622424039702826,0.09024507404213462,0.35188306919223894,0.0994262760774689,-0.08523339857022652,0.35761243416326544,0.9992664285606511,0.04026216987251145,0.2680704554136472,1.1642603141886905,-0.1379215636789022,0.4154276353532804,0.8461672005172082,-0.10647131007821792,0.3041546941676716,0.046629130015838856,-0.05709623515420653,0.3401000911082684,0.5402372345800373,-0.0535745811265243,0.16076310362426743,1.0143931732287068,0.039314488009729705,0.20814774600288974,1.4752611444683035,-0.02350600033751833,0.4905155600723534,0.08017328763506552,-0.06743685538854531,0.3825341743243386,0.9333842082610571,-0.10601548494579592,0.37093924994958266,0.9340136027602624,-0.1457558638553395,0.20780897358305614,0.08107028463925992,0.26826498322658765,0.11936917680183787,1.1503448425785505,0.355275069328562,0.2782713642630242,0.8337947858931941,0.3827546300450619,0.1757088866947883,0.03402050421539196,0.21712936264276422,0.20463762863889276,0.5211462452188194,0.27563688069270464,0.12758110685220705,1.0106032347870253,0.14720078874129264,0.12828071724711043,1.4667104366102426,0.24749521814208844,0.3417113597512706,0.05108653535260491,0.3133981787947289,0.2469106827764176,0.9217955621421834,0.37167939802020533,0.2168028179794991,0.9180262092350472,0.400769733949857,0.21113061963501972,1.4354906896341513,0.12800560178315618
1.45649,0.09198223388795294,1.4621583059264753,0.09141409490185348,0.35178832471967797,0.09946611597135738,-0.08516431259933972,0.3585247369450667,0.9991728971780668,0.04172527386448198,0.2662235866470432,1.1645435408228164,-0.13864764846552138,0.4111736705606165,0.8449116151857784,-0.11297969960258872,0.30402362169522407,0.046669958587007225,-0.05710589836090144,0.33993371996355676,0.5402765492969825,-0.05310084440534563,0.16173668091479576,1.014592990276489,0.04056837357745045,0.20903677218990194,1.4753085277413263,-0.022253803396746263,0.4904248037121337,0.08012919965051073,-0.06734174070832984,0.37906004133043614,0.9323554017524235,-0.111162143541695,0.3666503205583992,0.9334450338800809,-0.15065795174873492,0.20764160534952456,0.08095468113063561,0.26833565645518737,0.11680942460086347,1.1501476700527125,0.3559876930714341,0.27044424688352003,0.8314859125585244,0.3869566316556875,0.1755500567771314,0.03390346960566099,0.21720124890059012,0.20467815148247032,0.52103766000485,0.2763387369625508,0.1283945118952986,1.0107748147103781,0.1484022031192072,0.1289667010155414,1.4666066639342688,0.24885859865697965,0.3415728425332792,0.051093860449491595,0.31340436948592554,0.24050895105566145,0.9198449812537335,0.3751966475106235,0.2097424802952501,0.9165313384961147,0.4036462691164338,0.21196296102444367,1.4355642308496208,0.12924480071430375
1.46647,0.09274056842578625,1.462144818693598,0.09262591823000237,0.3517897168523268,0.09955306866698697,-0.08509052500795145,0.359341108868534,0.9991548915384111,0.0431156831043742,0.2645665519909145,1.1649558122266297,-0.13935650134687586,0.40715925311672746,0.8439511491278429,-0.11902806233117266,0.3039919484223554,0.04677278270130249,-0.057097061171032755,0.33979530253690576,0.5403631616103263,-0.05262668895371205,0.16259973766594626,1.014762387141767,0.041788276757110894,0.20982934043885262,1.4753834662446343,-0.02097467379552895,0.4904324264745032,0.08011519712824125,-0.06725670077054617,0.3757829524569977,0.9315877210036863,-0.11596642194951848,0.3627050767017657,0.9331386573554238,-0.15524174452552258,0.20754248727982977,0.08087649932857302,0.2684067467695386,0.11444533103520274,1.1500271138381994,0.3569623289164211,0.2630022683190755,0.8294334951769512,0.39111911641352737,0.17545511653016152,0.033826385793241966,0.21727538262748194,0.20483703339573608,0.5209565999755146,0.27700042034653743,0.12912156470642255,1.0109130889174862,0.14957843854616562,0.1296095397848491,1.4664782562181373,0.25025190328595887,0.34150063703369804,0.051124601737382834,0.31341825977498816,0.23444291644620208,0.9181174113773818,0.3787307347330434,0.2031104990119455,0.9152584732252096,0.4066062233186528,0.21271604470667035,1.435634125719343,0.1304976749920259
1.47644,0.0934057817794134,1.4621967679424241,0.09390042683102706,0.3518236608721277,0.09968339746521665,-0.0850380901788867,0.3600274656518968,0.9992003096856529,0.04443713087484965,0.2630352167339085,1.1655006435783988,-0.14006810776405407,0.4033486971601362,0.843297130236789,-0.12460815771692267,0.3039944673754994,0.04691432908870605,-0.057108526904993455,0.33968356969854585,0.5404836412103666,-0.052134505994449534,0.16331916158737772,1.0148866489937134,0.04293520606886667,0.2105306361328692,1.4754935175381152,-0.01962824513566657,0.4904690198936797,0.08013116982748326,-0.06720651524233966,0.3726739061546872,0.9310893798445169,-0.12042611876704164,0.359056978596333,0.9330930568652228,-0.15951032245867022,0.20743484996230696,0.08082666147189656,0.2684891757520271,0.11222409903581439,1.1499512361290742,0.3582049359310273,0.25587736591074484,0.8275897845190462,0.39532265072786793,0.17534995619801869,0.03378899094123643,0.21735989384393511,0.2050536467546825,0.5209010638075551,0.27767808833563623,0.12972110606149187,1.0109992423530396,0.1507021443114193,0.1302015470224294,1.4662998413191668,0.2516885480669815,0.34140999779100023,0.05115243638415109,0.3134557601496715,0.22864577054030819,0.916566591956048,0.38236077287821113,0.19682593600616993,0.9141585866040195,0.40970867904630437,0.21337136152308434,1.4356777738937634,0.13176252666967303
1.48642,0.09398852850122463,1.4622645682231818,0.09524635553816191,0.3518178405915934,0.09981135056407582,-0.08503163871195839,0.36055845179955665,0.9992442697181695,0.04562938473758211,0.26153611250686004,1.1661597932155658,-0.14082798083990214,0.39974050559007945,0.8429313935731775,-0.12987219054932925,0.3039581899925956,0.04705727756846975,-0.057155487499030905,0.3395654921441695,0.5405966332372761,-0.05167754412589354,0.16387620635514016,1.0149645756011836,0.04398859823301242,0.21110666401380157,1.475629106689435,-0.018238671911551145,0.49046630106686795,0.08012954427643101,-0.06721067795448533,0.36971181385622576,0.9308459740611037,-0.12466782763654234,0.35560884011529253,0.9332718356709743,-0.16356622217359937,0.20724489284661507,0.08077912516289103,0.26854861716257594,0.11010747318779808,1.1498828648457082,0.35967624020977623,0.24901601770585888,0.8258929507200855,0.39955553995313037,0.17515463666751352,0.03376965392535222,0.21741489900069538,0.2052371110460219,0.5208471135641689,0.2783317682943595,0.1301873672437837,1.0110473890022404,0.15174431282646722,0.13075531706033786,1.4660488705449075,0.25316512715083955,0.34122367063943754,0.051130267195696376,0.3134825491480337,0.2230615032138656,0.9151297072335455,0.38606283668690317,0.19079322055712286,0.9131663342899556,0.41291081017758846,0.21395700262134137,1.4356816378425397,0.1330437884320674
1.49639,0.09451643727893007,1.462330977358677,0.0966555701357149,0.35179133883453645,0.09990639583463216,-0.08504609265520834,0.3609495090056479,0.9992483554600431,0.046673633153880865,0.26005712031763534,1.166907254251091,-0.1416368408977316,0.3963368481833564,0.8428025194201577,-0.13491268288851924,0.3038991874477042,0.047177018708503375,-0.05721032682235324,0.3394614403576286,0.5406743970582546,-0.051250858637797256,0.16428947834599214,1.0150007206042082,0.0449478121233248,0.2115731249956035,1.475778766741121,-0.016825959554823994,0.4904430603450553,0.08008548136577058,-0.06724297247968031,0.3668962972048605,0.930812657877489,-0.12875425088392803,0.3523351178795148,0.9336298684909602,-0.1674636783366666,0.2070100696913301,0.08071865347542258,0.26858101573875687,0.10811116089034524,1.1498132857888232,0.36132853528337444,0.24242917930248792,0.8243148976529864,0.40375587624971043,0.1749052981465148,0.033746843533044246,0.2174341147366742,0.20537208767125428,0.520780527443535,0.27894760656119477,0.13054062716185377,1.0110672074372757,0.1526946989872747,0.13128558965711157,1.4657341427550223,0.25467229531383423,0.3409798972257396,0.05105299435832162,0.3134914834666917,0.21770435316247808,0.9137838833608163,0.3897723329952324,0.18502555563061943,0.9122617473538758,0.4161615365554348,0.21450321541696254,1.4356451811763704,0.1343462425971405
1.50637,0.09503478378392402,1.4624488948120196,0.098111906021137,0.3518960572380202,0.09998158572426352,-0.08498527516091149,0.3612752884288843,0.9992390157948529,0.04765462977338795,0.258700904641558,1.1677189620642645,-0.1424237732500334,0.3930855263483672,0.842815064079208,-0.1397195014984418,0.30396279730493647,0.04727637312650737,-0.057195073136948923,0.33947492091293024,0.5407237580907441,-0.050727586615219235,0.16462990377306386,1.0150033409232626,0.04584713612294547,0.21204152494273348,1.4759353951361411,-0.015363726722625731,0.4905405772857805,0.08002947656314004,-0.06721432253752854,0.3642168604188729,0.9309030217251558,-0.13264213527123475,0.34929633669449567,0.9341229405998007,-0.1711851393390018,0.20692298703845682,0.08065348350032135,0.2686467668499774,0.10629761185311948,1.1497799980130916,0.3631350320621609,0.23613964953961142,0.8228691756930767,0.4078727639401393,0.17480493092161015,0.033708553367912536,0.21748247850287303,0.2055665659126358,0.5207105786866567,0.2795971874402877,0.13082642455606133,1.0110481037395564,0.1535854149001295,0.13180572056010514,1.4654094498543315,0.25621371580071023,0.3408775975474526,0.050988840914182536,0.3135369398766581,0.21262384646471905,0.9125604078706865,0.39344812101274407,0.17963497528961897,0.9114919076725011,0.41947502957915006,0.21502695238217737,1.4355842080369572,0.13568461592344355
1.51635,0.09552143295893771,1.462628833003045,0.09958309494960199,0.3520145851083513,0.1000341805216316,-0.08488730819686302,0.361471035147018,0.9992164771483106,0.04856086923234913,0.2574004435081248,1.1685399189511945,-0.14316860432616946,0.38992429824558955,0.8429112067390759,-0.14429378521447384,0.3040401785377871,0.04734392804026853,-0.057152364738484535,0.33949275054120676,0.5407357724187916,-0.050118576385859905,0.16484020011260517,1.0149672414875035,0.04668687464570865,0.21249048274968088,1.4760717589693986,-0.013895582454879934,0.4906456462309101,0.0799581536497889,-0.06716745059789524,0.3616096696053397,0.9310596321960759,-0.13633169646412863,0.3464095310002451,0.9346870844194981,-0.174730822813457,0.20686574678737668,0.08057804893222156,0.2687290449491544,0.10460929702712378,1.1497941873241644,0.36504331130810075,0.23012801741216343,0.8215831746331862,0.41188363953969664,0.174745535937379,0.033647651908278606,0.2175497957257477,0.20572469319365688,0.5206283675228058,0.2802532751201632,0.13098793163587583,1.0109878314554406,0.1544236647034718,0.1322958899064887,1.4650951774658403,0.257762985641681,0.3408116306830358,0.05094669140106158,0.31360162057209917,0.20778280970014137,0.9114773616051319,0.3970575237653901,0.17457648423013478,0.9108726355065219,0.4228113401462261,0.2154992019273077,1.435498559362128,0.13703000653088193
1.52632,0.09594231922529607,1.462851804614681,0.10105029252441856,0.35193889101519144,0.10005757958143675,-0.08484656493751744,0.3614333688230171,0.999168394793412,0.04934226077598847,0.2560143392433274,1.1693122088062138,-0.14387237660036317,0.3868185254968117,0.8430714787018236,-0.14864787417824732,0.3039378591976436,0.047367471273058494,-0.05717211822794694,0.33933070324557973,0.5406997018326114,-0.04950106577895903,0.1648272677980117,1.0148895554523563,0.047460069862528646,0.2128408175364469,1.4761612476659813,-0.012483397978660007,0.49056189729806754,0.07985858095961097,-0.06719527736933435,0.3590123599570509,0.9312583206628843,-0.13985120120706152,0.34353487973566826,0.9352629980333498,-0.1781095763670011,0.20660642649763003,0.08048277696042556,0.26877972826303287,0.10294795990845107,1.1498448397374776,0.36699392535331005,0.22437659093241286,0.8204773383821574,0.41578167266750043,0.17450003641770193,0.03356289328177143,0.2175932656992743,0.20568431170947823,0.5205206529820119,0.28084633437194656,0.1309475332875093,1.0108974322643738,0.15521091939905143,0.13274429482961694,1.4647906699781699,0.2592972960425107,0.34056183856253125,0.050903880845760405,0.31363905633301764,0.203121628559533,0.9105336221548327,0.4005759604620413,0.16973428256673276,0.9103847390349694,0.4260961747616157,0.21589477436155596,1.4353845783159715,0.13835089312436724
1.5363,0.09641660170189033,1.4631201557843274,0.10259018112507631,0.3519233634964212,0.10008738184809218,-0.08477283825237412,0.36132488636967397,0.999125197803552,0.05009318323557016,0.2546380405838692,1.1700547150187042,-0.1444468098403361,0.3838963690118208,0.8433201391178475,-0.15273547488767017,0.30390402766555075,0.04738066411894605,-0.05716800988547516,0.3391787158622351,0.5406531562784679,-0.0487890321305122,0.1647400186240048,1.0148181480301164,0.04823264829614868,0.2131887139968804,1.476240834184365,-0.011052578624734261,0.49053961697062387,0.07979465207101952,-0.06719010140139865,0.35655081557520246,0.9315222682374342,-0.1431528864739919,0.340773832350015,0.9358715996429057,-0.18125943782051845,0.20640698522367976,0.08038934436391718,0.2688676370453409,0.10143421325835775,1.1499188836362337,0.3689716869570724,0.21906275404848072,0.8195272174497724,0.4195119242557005,0.17431834548823222,0.033466085896344096,0.217676983345128,0.20564743922852383,0.5204172679652921,0.2814431658296765,0.13084933810862684,1.0108133884679427,0.15600288362893147,0.13326975810155312,1.4645201715416607,0.26089400055606715,0.3403797210267411,0.0509023548831669,0.313711504992214,0.19880247635915568,0.9097133973698098,0.4039661573107756,0.16524117298691574,0.9099810892513921,0.42926560594038105,0.2163357434565502,1.4352759691671146,0.13973063682800738
1.54627,0.09699328509113556,1.4634268269824058,0.10422659180822672,0.3520610162589959,0.10013393472153842,-0.08462786270554597,0.36121776686262125,0.9990850221257979,0.05088107815256344,0.2533032673894963,1.1707493746469817,-0.14483077520462462,0.3811839217183806,0.8436300772470732,-0.15649187614167173,0.3040256285234341,0.047396876692305606,-0.05710317714302922,0.33911742343244017,0.5406102003206812,-0.0479449026048358,0.1646449994935039,1.0147742654449576,0.04903522741716992,0.21357942115480025,1.4763195151944286,-0.009578745211472329,0.49066737379286857,0.07978450201183508,-0.06710721176059223,0.3542493436346406,0.9318264417062613,-0.14616971778529103,0.33815011821129026,0.9364886553242493,-0.18410927090847953,0.2063627140694182,0.08029860117898584,0.2690214923862347,0.10011651860356949,1.149994139887782,0.37093980366079893,0.21425733676817024,0.8186957982571742,0.4230179432039548,0.17428901220873172,0.033355997214459046,0.21782504883556295,0.2056989248665283,0.5203216342037484,0.28208631853861765,0.1307437740308707,1.0107504034973005,0.15681958644088306,0.13391049988876255,1.464284881415312,0.2625794341905765,0.3403526957947276,0.050945832979434585,0.3138413024278306,0.19489509255069995,0.9089903960071574,0.40717879054285233,0.16116223580043637,0.9096220972074632,0.4322601875917497,0.2168729779912487,1.435179634308265,0.14119809770275932
1.55625,0.09754625293709732,1.463744227664029,0.10587297631623747,0.3519882642907991,0.10015001851092768,-0.08453774191078742,0.36092293386294555,0.9989780729275507,0.051672646665301296,0.2518236444725298,1.1712950494361387,-0.14505464060612308,0.37844202651347836,0.8438763986546158,-0.15990010831318324,0.3039426153791214,0.04737752793585933,-0.05709813667170074,0.3388902536500351,0.5405262409315724,-0.04707483826494818,0.16437073842991565,1.0147097072486746,0.04981810457002749,0.21390580160247877,1.4763340929201818,-0.00816156627575739,0.49058432691489456,0.07973981284680225,-0.06709230464879364,0.3518630503808622,0.9320516861186654,-0.1488792620952261,0.3354299111164642,0.9369907062468462,-0.18664495596114836,0.2060891935324555,0.08016403297872302,0.26915298379560737,0.09881876011694023,1.1500362936655741,0.3728316642554662,0.20971599204389918,0.8179353197237151,0.42630680122869224,0.1740374774567812,0.033204266524760495,0.2179495083220217,0.20557983423760043,0.5201753680042132,0.282724179412129,0.1304359866950725,1.0106730593395785,0.1576096653682027,0.13452664732746406,1.4640348756436263,0.2642711786997491,0.3401027201416978,0.05094941046385745,0.3139380406044795,0.19117663343355323,0.9083187139002309,0.41019223085731676,0.15729599566844926,0.9092888583492447,0.43506349684317686,0.21738234598343956,1.4350414091004793,0.14265804074993216
1.56623,0.09808963716380086,1.4640796687735524,0.10751285916205884,0.35183007720044535,0.10015429267466548,-0.08448940283521984,0.3605059926458626,0.9988402288174345,0.05248316966905192,0.2502756142218744,1.171681081600185,-0.1450938700079752,0.3757220395740309,0.8440299612818469,-0.162944837283966,0.3037814520372843,0.04733671203291424,-0.05713941445664717,0.33860399844170297,0.5404194500145448,-0.04618701995864473,0.16397333598757452,1.014582780701917,0.05058977786277349,0.21423249047625834,1.4762786912034997,-0.006795208962121824,0.4904236297042686,0.07968607729988574,-0.06713740535875441,0.34945882650398563,0.9321717057222204,-0.1512594883521573,0.3326939738904625,0.9373610316704262,-0.18884949805628914,0.20573368933862782,0.07999286693751355,0.2692458340609344,0.09764162918877997,1.1500361204345502,0.37462663864604534,0.205530011033865,0.817225268109237,0.42934072991019784,0.1737141884142881,0.03301407535602711,0.21803678247978037,0.20540270632512064,0.5199838560286871,0.2833584684969754,0.12999349957486483,1.0105427922417982,0.15838801714006273,0.13516547886005686,1.4637669216282683,0.2659573362830816,0.33977336963261695,0.05092558883488311,0.31398773551654263,0.18774253614190828,0.9076822797093547,0.4129822764495541,0.15374905402443248,0.9089691395940245,0.4376737398333134,0.21787108855916834,1.4348541399013552,0.14408913246132835
1.5762,0.09870986372546268,1.4644504860456125,0.1091865355384114,0.35194162170623844,0.10019427239611668,-0.08437763551548416,0.36015629107798003,0.9987539390198715,0.05336598671362342,0.24885057151103374,1.1719537829988802,-0.14489723141444313,0.373199973247358,0.8441198032433889,-0.1656255388399892,0.3038947383715272,0.047314808291060384,-0.05712462631730225,0.33853103400378015,0.5403381381691226,-0.04522386586347273,0.1636200175066315,1.0143742255448054,0.05140653275058368,0.214692193028716,1.4761842524124,-0.005403681181833874,0.4905464706122429,0.07969906419517632,-0.06713049630252747,0.3472425865820837,0.9322185777008178,-0.15330303877039042,0.33014716701687796,0.937643661647694,-0.19071201991772807,0.20569130849536538,0.07982109919942791,0.26933948789036094,0.09679770594102645,1.1500034925400828,0.37635051763670735,0.2019276645245887,0.8165647902554518,0.4321018260104277,0.17371179913745377,0.03280701071027983,0.21812725060641108,0.20544545548341886,0.5197886801331411,0.2840361036869638,0.12961151489096878,1.010336746912542,0.15921885147218726,0.1359538279350682,1.4635076637412312,0.267680056996912,0.3397512515624315,0.05093673317790486,0.31403575740290385,0.1848191008486242,0.9070858230159926,0.4155623735795029,0.15074237973304813,0.9086571966721292,0.4401217046456142,0.21841837034179828,1.4346427003967535,0.14553128185849434
1.58618,0.09930316210674822,1.4647972434814718,0.1109143670628388,0.351979354553595,0.10021441732392226,-0.0841888872096889,0.3597076744126614,0.9986457665091952,0.05435017026677449,0.24734337229836753,1.172086161311788,-0.1444925557499685,0.37060728568282514,0.8440902458438617,-0.1679779480255144,0.30392807357509183,0.04728224707590006,-0.05703801121582577,0.3384007267241536,0.5402435489671924,-0.04420171904990767,0.1631610604541168,1.0141218738073514,0.05231872893361704,0.21511447444260876,1.4760361163265994,-0.003990117671739211,0.4905903803326955,0.07967732891431034,-0.06705281567623697,0.3449656644791476,0.9321508034683635,-0.15504818351001937,0.3274697413208131,0.9377698001183256,-0.19224458106890574,0.20559175448504502,0.079624405167966,0.26945113160789835,0.09604662675176974,1.1499472738388883,0.3780611758036731,0.1986123625608945,0.8159580592283106,0.43479260803009484,0.17365926660530823,0.03257635037221863,0.21822505612556087,0.20541243257387634,0.5195672696439394,0.28479937202196953,0.12912722557235062,1.0100967250136648,0.16014377775551344,0.13670772150675783,1.4632519324093591,0.26944791336744817,0.3396731145692108,0.05092422903917169,0.31410861669829715,0.18213451276644285,0.9065316680708543,0.4181008383125704,0.14796819243038706,0.9083648696566742,0.4425216529860185,0.21894044110612285,1.4344037283180857,0.14700866597800047
1.59615,0.09982028400132319,1.4650914806847868,0.11267232509697261,0.3517745112020778,0.10018985679146102,-0.08398123555502589,0.35908733198848564,0.9984675921119307,0.055415189159316,0.24566885694675772,1.1720779960513112,-0.14393123203890212,0.3677656271349317,0.8439027808622799,-0.170046094873405,0.3037108102076229,0.047224541347829246,-0.05693446181573101,0.3380823102364281,0.5401185046753937,-0.04318307358961994,0.16253730258973997,1.01385081658989,0.05332213464933272,0.21543134270493142,1.47583132476404,-0.0025820752128882926,0.49037800137972404,0.079575939230998,-0.06695969302795875,0.3424638643349621,0.9319392875340793,-0.15653557406647903,0.32450009750649395,0.9377133778334559,-0.19348979803231323,0.20523738222370155,0.07938483710962488,0.26955302042771284,0.09526200624643252,1.1498621716052284,0.37975984684120795,0.1954093090124112,0.815388487837141,0.4374909296519147,0.173359569188228,0.03231885851450497,0.21829361285303153,0.20514434200934065,0.5193033978655647,0.2856425896775167,0.1284724517326189,1.0098496363619889,0.16115276291344952,0.1373361834343776,1.4629851107830938,0.27123339957636744,0.3393473655006638,0.05085370099991064,0.3141790704819752,0.17953514190325098,0.9060036025152585,0.42063922314561075,0.1452716069398322,0.9080922109893976,0.44490318078551194,0.21939655678654957,1.4341303510213341,0.14850548629809826
1.60613,0.10039919282954195,1.4653963588357284,0.11439620856453239,0.35178260059240746,0.10019558316043328,-0.08387608496433134,0.3585417040641332,0.9982877741271297,0.05648605673149358,0.24411329739205226,1.1720086824136826,-0.14325659872600988,0.3648339863629546,0.8435884541158437,-0.1718928420363991,0.30371545253680743,0.04718470688726085,-0.05693363313811362,0.3379348458611396,0.5400216514926592,-0.042252224209347794,0.16198506314909775,1.0135343907085825,0.05434037595658129,0.21589347906534825,1.4756049291089446,-0.001189065805894705,0.4903857658511729,0.07952809682905429,-0.06697373436375163,0.33990809696395136,0.9316100373723604,-0.15780428927205262,0.32156194541226496,0.9375743914943342,-0.19454360805757845,0.20508460602081377,0.07912214399237333,0.26956372625847,0.09471529846468447,1.1497218577435449,0.3813655356856439,0.1925604084765003,0.8147996638751335,0.44000499936790505,0.17327152610701876,0.03204742220034089,0.21825694804550994,0.20498451411396496,0.5190199749513073,0.2864985443233402,0.12790135142859926,1.0095630926423607,0.1621772338309712,0.1380609451150978,1.4626900057939838,0.2729892927288071,0.3392271891817797,0.05078979490359166,0.3141498767238795,0.17727076113116855,0.9054528222269056,0.42297561534693506,0.1429705073456504,0.9078101075301596,0.44715351110418483,0.21989998155097057,1.4338206417088128,0.1499684627814397
1.61611,0.10099977386130535,1.4656909630901784,0.11609778358286449,0.3519348359797006,0.1002155965160537,-0.08380329166026858,0.3580439969494319,0.9980977140604349,0.057599474773674914,0.24266758345877357,1.171858102411081,-0.14244125705324842,0.36179497646412007,0.8431266996331315,-0.17345613489079617,0.3038763672390052,0.047148451639110946,-0.05695381412403423,0.3379065144215576,0.5399407692856727,-0.041368945216125615,0.16147755096354416,1.013175955385509,0.0554233176543581,0.21646969493588017,1.4753332173520477,0.0002146636351040976,0.4905483771281328,0.07951761718888413,-0.06701423235697623,0.33727215252740766,0.9311372848548863,-0.15880488486458608,0.31864761023418364,0.9373340368268221,-0.19536614503929023,0.20508972642124718,0.07883272582705968,0.26957520583502914,0.09437689442743732,1.1495540751017355,0.38295380963382697,0.1900375858216566,0.81423384130902,0.442500379752069,0.17334970198641583,0.031752957251562616,0.2182137410596913,0.2049001399251571,0.5187136042211619,0.28744808528703986,0.12739413406495212,1.009234412834653,0.16327303223157638,0.13885781334906824,1.4623642187974621,0.2747229311515323,0.33926622497484854,0.050729751846049984,0.31411665387031873,0.17529675704266662,0.904913150026192,0.42524971464526046,0.14100688943436523,0.9075478570521361,0.449402643751841,0.22040926450408277,1.4334666291757927,0.15142180593927623
1.62608,0.10148677511110966,1.465898656503107,0.11782560344058048,0.35185065581245706,0.10018002933089055,-0.08361343001800689,0.35740078934942243,0.997838632370189,0.05883920896413982,0.24113238839114434,1.1715519655909659,-0.1414416961222088,0.3585201001928111,0.8424718480669797,-0.17463716482654196,0.3038038860774131,0.04707077152641716,-0.056832042755169294,0.33770013527235865,0.5398237281483919,-0.04044559469048901,0.16082867168857534,1.0128014888883767,0.05667385080249807,0.21694931277472393,1.4749645932027242,0.0016547858714582686,0.4904745539727437,0.0794360528139643,-0.06691757182439362,0.33441494406282146,0.930474976964332,-0.15947186185771267,0.31553153280643204,0.9369023903837673,-0.19586346341711858,0.20490633230003724,0.07849716408941193,0.26973588090966616,0.09402330539994201,1.1494071036052433,0.38466667580262703,0.187635130644388,0.8137760852248566,0.4453148388311458,0.1732443559281558,0.03141463886219349,0.21831667931967438,0.20462787223074316,0.5183619506757721,0.28862320948558207,0.126761675172598,1.0088851781866648,0.1645451818714804,0.13954848716287865,1.4620128240667387,0.27646602978070034,0.3391168208124317,0.05062522322912378,0.3142433441568,0.1733852033350057,0.9044550847502738,0.42777516059837367,0.1390850812384109,0.9073556035999509,0.45188347195233447,0.22080692486915093,1.4330611238973292,0.15292418334028854
1.63606,0.101962179110069,1.4660042918149656,0.11950562622855017,0.35174243263708793,0.10011974027302492,-0.08347834305732417,0.3567097822014354,0.9975273228692826,0.06009290449942135,0.2395957353447903,1.1711347977715494,-0.14038329171023547,0.3551168255560835,0.8416626574076878,-0.17558016030750642,0.3036991606267078,0.0469835417023802,-0.056750965439163074,0.33748021100301434,0.5397068273568355,-0.039624428485106444,0.16013404032415401,1.01242125679629,0.057970742335735403,0.21737588334106658,1.4745356628420232,0.0030278126410756144,0.49037086692133786,0.07932822622139954,-0.06686570547045388,0.33148301596923263,0.9296799096259902,-0.1599513028880055,0.3123209113021134,0.9363124982904281,-0.19616227975814313,0.2047512832073368,0.0781180245801179,0.2698342459228671,0.09372586492953061,1.1492294114405284,0.38636698710841233,0.1854419478423275,0.8133597928403363,0.44822695772771565,0.1731763751585787,0.031040584535170713,0.21834767303696856,0.20431715275571694,0.5179611632613415,0.28985275048044606,0.126097533886765,1.0085272048943619,0.16586779646315966,0.14019674381489908,1.4616250410629357,0.27815112487798066,0.3389957666644689,0.05048491422575073,0.31431601385688973,0.17165018640657312,0.9040265159225471,0.43037915287976597,0.13730750322513074,0.9071702367721824,0.4543928587194504,0.22120922250838657,1.4326246683290484,0.15439884057490155
1.64603,0.102505003207251,1.4660320076138076,0.12111527662518548,0.35177977993725706,0.10007203728596976,-0.08348284631645941,0.35606487760563577,0.9971930830519957,0.061304024326246355,0.2381566831954714,1.1706600339000597,-0.13932466785925085,0.351717675400373,0.8407558161702408,-0.17637184344286416,0.3037309588405713,0.046917994772051594,-0.05680456791247535,0.3373844499968348,0.5396235551817964,-0.03896924466089313,0.1594870962781823,1.012043323989695,0.059241226522124164,0.21780731757544705,1.4740841000059617,0.004296129318401084,0.4904058771329221,0.07924560186825959,-0.06695148421279577,0.3286221910513124,0.9288157843617117,-0.16032074074134578,0.3091694769504168,0.9356305883082914,-0.19634358526357637,0.20478405875528705,0.07771057847925061,0.26976575139185194,0.09359373401110496,1.1489966482354108,0.38799074945051965,0.18357392202009842,0.8129435398833561,0.4510767025335462,0.17330623577278825,0.030646143902500467,0.21819886983620748,0.20409420249343274,0.5175237046416223,0.291040766384693,0.12548758970367213,1.0081681910848739,0.167162011732126,0.1408849768782319,1.461204488982911,0.2797608183071128,0.33906066490710607,0.05033372955893408,0.3142231583502732,0.17022620668153787,0.9035989548365834,0.43293622909609497,0.13582196862296964,0.9069633803139245,0.45681832140623235,0.22169672341766442,1.432176992288524,0.15580754337657696
1.65601,0.1030352771513053,1.4660424391448452,0.12280545023190843,0.3517440814508728,0.10003089118302852,-0.08339418465515287,0.3553909648930224,0.9968430667451698,0.06262850178061798,0.23676064708250072,1.1701276475461264,-0.13810776810166167,0.3483307494534282,0.8397834565875534,-0.17688343815909313,0.303698290653726,0.04686228549307255,-0.05675427401617976,0.33725709882233823,0.5395540786096397,-0.03827924391696071,0.15881977816852474,1.011675690617004,0.060627649857386896,0.2181963784514748,1.4735979908028627,0.005619115152624762,0.49036540787380356,0.07916788218557362,-0.06693525451751278,0.32578821420934806,0.9278933597947783,-0.16043441458410254,0.3060934724467766,0.934906262935018,-0.19629631864920596,0.20476576977684574,0.07729561964025765,0.26979728014971893,0.09364110168361313,1.1487796584294752,0.38976410082235924,0.1820115340802176,0.8126013439802429,0.45413218918607745,0.17338790984562685,0.030239557510984658,0.2181446216560138,0.20382275052456672,0.5170753328270642,0.29239106845362434,0.12484703538121024,1.0078096618349408,0.1685659020571134,0.14160696651924276,1.4607827663377564,0.28143681460993974,0.33906766196993815,0.0501919577955493,0.3142263846817284,0.16908141132569823,0.9032411633616416,0.43568396175427426,0.13462302769778578,0.9068207813840019,0.4594567063797715,0.22217093807319965,1.4317167705253464,0.15726747157098234
1.66599,0.10354913077682913,1.466054774649512,0.12459918870682447,0.35161681158962194,0.0999970930156533,-0.08321930302761268,0.3546927962402163,0.9964890520171436,0.06405401460298332,0.23540165165283614,1.1695373650716634,-0.1367112766528808,0.3449982463517805,0.8387569974952758,-0.17708901564671048,0.3035791953436167,0.04681757600094655,-0.056606021002230104,0.33708074924670883,0.5394981374253347,-0.037548751885382536,0.15813576023195758,1.0113279266502768,0.062110457789289704,0.21852626213007653,1.4730897324980188,0.00700369858016233,0.49022984495178906,0.07909024906832171,-0.06682917156649786,0.3230147226509421,0.9269226074630282,-0.16026889697488003,0.3031271707128932,0.9341484705397383,-0.1959944998674172,0.20467427500102794,0.07688317699803127,0.26992165568690607,0.09390006368353984,1.1485623194049324,0.3916748467772649,0.18081575881940817,0.8123064412528488,0.4573044929914048,0.1733955806111874,0.029832571528153478,0.2181832917538668,0.20349177772776122,0.5166259306192607,0.29386383432833724,0.1241797406267383,1.007458578706877,0.17006377378915016,0.1423709553784202,1.4603640884970397,0.28320535183066087,0.3389951838691576,0.05006371508588636,0.3143202354968906,0.16827031327954545,0.9029276243172071,0.4385533018319692,0.13377743654399973,0.9067143273936505,0.4622498262259616,0.22263794811013768,1.4312560065334812,0.1587887927435004
1.67596,0.10410155726490658,1.4660588433907509,0.1264316424223727,0.3515342927937934,0.09997858155959531,-0.08312471533742267,0.3540310720686367,0.9961462194370885,0.06545287906270691,0.23410898470404656,1.168892934249262,-0.13521035119327943,0.341785603824066,0.8376818671854956,-0.17706000388871015,0.30349352262240964,0.046795941524125466,-0.05652996749951794,0.3369438206087492,0.5394704418401902,-0.036902924667356694,0.15748897218624988,1.011009139988035,0.06356145604194567,0.21880925405915777,1.4725867463171276,0.008354331409258156,0.4901312782400055,0.07902230840103726,-0.06681063639433055,0.32038744396947444,0.9259191839118562,-0.15990436072336484,0.3003112776299584,0.9333438507650815,-0.1954884295210411,0.20465014121174632,0.07647582235895858,0.26994845590891736,0.09440963589180779,1.148271356079371,0.3935522165056408,0.18008642664179272,0.8119649944549832,0.4602786263815185,0.1734693945685719,0.029437542519143416,0.21812747772885105,0.2031879866591877,0.5161740365790802,0.29525696649639754,0.12355058542063646,1.0071253330662993,0.17153502701685758,0.14319696820901057,1.4599339662654396,0.28501409350254747,0.33898859700802986,0.049943668999366954,0.31432028945115625,0.16789296582959623,0.90257143984702,0.4412805319635485,0.1333829166049055,0.9065416577269785,0.46490840717547777,0.22317700986512398,1.4308148703685368,0.16031031348702476
1.68594,0.10468120667281117,1.4660702513601145,0.1283431415084675,0.3514831070833445,0.09997612522168417,-0.0830308719096549,0.3533791755460759,0.9958232889499553,0.0668389446124399,0.23285654685944462,1.1682001591721343,-0.13355858609734184,0.33872971720530676,0.8366090181305228,-0.17685546587315115,0.3034340701239253,0.04679789730890425,-0.05644818098371263,0.3368168208280024,0.5394655904518258,-0.03627612824437457,0.1568518567404318,1.0107244559146622,0.06500346658290164,0.21903797777665335,1.4720828089489737,0.009712922617506456,0.49005949636306173,0.07895852492900717,-0.06678655113153185,0.3179094154852199,0.9249152176990151,-0.15936817947841164,0.29763006722009466,0.932521037287412,-0.19479661599506948,0.20465685080270096,0.07608612490967599,0.2699685382317137,0.09514542294399791,1.147919793786777,0.3954460248590805,0.17978759479055154,0.8115840562682645,0.4631169504127827,0.1735711734458869,0.029057602112687896,0.21807100150464367,0.2029028550419719,0.5157315985897372,0.296598454760881,0.1229278624533066,1.006817927769811,0.17299830604629685,0.14406761680050426,1.4595042230133157,0.2869089469311022,0.33901441555033696,0.04984082456966905,0.31431897970796374,0.16790661536871374,0.9021828464085766,0.44392109202641233,0.13338254432556085,0.906312208239975,0.4674862514688537,0.2237572286296115,1.4303994027569997,0.1618723585105449
1.69591,0.10525802871591917,1.466100277363032,0.1303626861321989,0.3514269725086268,0.09998749578965471,-0.08288499535945713,0.3526943813068145,0.9955191603733028,0.06821679747400064,0.23162302406544963,1.1674585841468992,-0.13171985559578503,0.3358663483494124,0.835570745152588,-0.17648764903020198,0.30337234574283733,0.04681633971835986,-0.05631566871389784,0.3366574687188703,0.5394720420245432,-0.03561295105811059,0.15618044966258882,1.010464073078671,0.06645129338329613,0.21919994623226907,1.471569057852139,0.011119200772564581,0.48998283583140473,0.07889697002889852,-0.06669550210369697,0.31557851108438606,0.9239257805302759,-0.15865784336548214,0.29508272563047583,0.9316993928745455,-0.19392133749613777,0.20463599388936238,0.07571686894398306,0.27005460219901845,0.0960602108935152,1.147521316451646,0.3973947513003462,0.17985708291352612,0.8111691719282178,0.4658528053431501,0.17364193150467405,0.028688124339495705,0.2180875815050826,0.20261972832021363,0.5153027475598693,0.2979091473151664,0.12227018157423805,1.0065325351456056,0.17446614478485586,0.14495721303314124,1.4590775124593893,0.28891787540412506,0.3390147074975485,0.049757872773961126,0.3143883581340213,0.1682408341121702,0.9017677481675919,0.4465016984434193,0.1337021547288321,0.9060313592740292,0.47001899990277374,0.22433044077448033,1.4300011654391933,0.1635041702016341
1.70589,0.10581527922882822,1.4661380627500324,0.1324627823001171,0.3513751457285351,0.10000925709548758,-0.08281703599523517,0.3519480716301103,0.9952148287492374,0.069512834793267,0.23041115572389825,1.1666498137863035,-0.12972784394582484,0.33320822403042727,0.8345295043151849,-0.1758921750845663,0.30331506741004177,0.04683757229797367,-0.056281404152050844,0.3364680842664226,0.5394789606179108,-0.03497457387986885,0.15544180919070621,1.010192763571779,0.06783897727575701,0.21928849152068788,1.4710462811722749,0.012547887385964034,0.4899129760366034,0.07884980448945084,-0.06668166727576605,0.31340021162719706,0.9229169898330964,-0.15774311654010284,0.2926916954574787,0.9308492280152315,-0.19284635163428115,0.2045942074240435,0.07534384241513872,0.270088832151149,0.0971094750216913,1.1470387099533288,0.3993158585488925,0.1802583353629444,0.8106635036218958,0.46829452416802325,0.1736914534957695,0.028312059851286153,0.2180558798656329,0.20235878055449782,0.5148655995005303,0.2990855692206496,0.12156735065763044,1.0062439103992102,0.17588043080272123,0.1458582588376064,1.4586207513949352,0.2910038567531268,0.3389932178743764,0.04967709510961279,0.3144083548349294,0.16885559307416073,0.9012665067299567,0.44885353959569424,0.13432162301382358,0.9056328057907456,0.47234937059070076,0.22488930772071222,1.429590248007,0.16517712060149434
1.71587,0.10636217302390365,1.4661899039337158,0.1346331461812217,0.35134787956762237,0.1000420820598552,-0.08279587859886667,0.35114503456073853,0.9949093304210107,0.07071341304281434,0.22921881989234352,1.1658196507693996,-0.12763057094294894,0.33082597721423607,0.8335384647341275,-0.17507975626636912,0.3032808930501142,0.04686272249424161,-0.056305339468678765,0.3362656957412221,0.5394847231270883,-0.0343310986694983,0.15464777142356687,1.0099419050135023,0.0691553601999324,0.21930402343213728,1.4705431825852426,0.013996255927917778,0.4898684664998034,0.07881753631388386,-0.06670551554188546,0.31142104293333944,0.9219471224888004,-0.15664163008147908,0.29046586776465727,0.9300006346267694,-0.19157435226324668,0.2045665540971811,0.07498226151667409,0.2700770405931407,0.09824582535815256,1.146481520507641,0.40119295323557824,0.18097897708134467,0.8100826274267733,0.47043371585941085,0.17375231462572424,0.02794329140746108,0.2179806646295695,0.20213505466811002,0.5144376063042195,0.3001167271575766,0.12083008208711186,1.005982715453525,0.177228755494698,0.1467715881354617,1.4581430309467425,0.2931475542915319,0.3389834367395982,0.04960064210204068,0.31438651475197993,0.16971991020191352,0.9006920896087043,0.45095552620847595,0.13519349481409543,0.9051193717611762,0.47443579120345464,0.22544410723265776,1.429185605888252,0.16688592109049039
1.72584,0.10692444107654402,1.4662750954799058,0.1368808086273773,0.3513622484475489,0.10008946605798466,-0.08269211718385956,0.3503140052470278,0.9946153599930833,0.07184777491212681,0.22803992904489326,1.1650496924863984,-0.12547644766696542,0.3288101116832869,0.8327017782814252,-0.17410651138020614,0.30328620406406276,0.04690332390998485,-0.05623377214492149,0.33607011718785856,0.5394943335576233,-0.033600217753362825,0.15383859757650342,1.009777980890242,0.07042878656001358,0.2192549523358348,1.470101624277875,0.01548084976847075,0.4898624167922271,0.07879150891683889,-0.06661737448782207,0.3097013355017469,0.9211228592155456,-0.1554000447498424,0.288398423362331,0.9292178386879991,-0.1901183996656315,0.20459112847215424,0.07467072594655673,0.2701114524261198,0.09943781555765009,1.145894769319149,0.40306687139642483,0.1820254817380535,0.8094921166367116,0.4723950046726205,0.17385596056616254,0.02761438460759238,0.21795519625305879,0.2019542474628703,0.5140594244652966,0.3010585017565325,0.1200832293671808,1.0058090623780453,0.17853294648245485,0.14771514536582364,1.45768317702382,0.2953478754715007,0.3390223638383151,0.049541201318088285,0.3144201062807495,0.17081722927291224,0.9001080320877679,0.4529018434793764,0.1362609900029162,0.9045431099712458,0.47633223444968503,0.22601616019201232,1.4288335745835914,0.16864116566016366
1.73582,0.10750681911687857,1.4664006083003753,0.1391870558031498,0.3513966275859753,0.10015257778266597,-0.0826075550489924,0.34948307729760153,0.9943380827762791,0.0728697246368218,0.2268925371845323,1.164345112848479,-0.12330561063465315,0.32714900833460747,0.8320002658895234,-0.17292056876153572,0.30330490953035205,0.04696143781216116,-0.05618352428202491,0.3358773418626136,0.5395098274490436,-0.03285769269743269,0.15302954001808824,1.0096706869380192,0.07161452907044177,0.2191603636501287,1.4697288274540765,0.016982124681851965,0.48987359844437417,0.07877072588578626,-0.06653870138238654,0.3082416553094395,0.9204170846992882,-0.15400937772539264,0.2865006304172458,0.9284858039165664,-0.18846302882420513,0.20463680978074,0.07440087649998038,0.2701402538778243,0.10074105712113664,1.145295453819758,0.4049274966412114,0.18342416860313496,0.8088952374347048,0.4741035384722799,0.17396670187823496,0.02732750774750741,0.2179281224852732,0.20181572989861415,0.513725209544237,0.30186142711666414,0.11935932878318573,1.005702722591618,0.1797559554154798,0.14875923887623435,1.4572499849280085,0.2975767140718282,0.3390731337447963,0.04947733600762191,0.31446275829961157,0.17218620699124254,0.8995164160107801,0.4546562798796275,0.13755898145889717,0.9038964518540689,0.4779928805807318,0.22662384856263576,1.428518516781171,0.1703981948800858
1.74579,0.10810139654881543,1.4665943783950464,0.14153089100037552,0.35142657522491016,0.10024621463665226,-0.08262933101606165,0.348659973330306,0.994100145667249,0.07373528718016965,0.2258026344554908,1.1637153814684602,-0.12114118243725644,0.32578920037075854,0.8314030732552465,-0.1714527419268048,0.30330990177153144,0.04705372751240578,-0.05625196149021707,0.33567630119701175,0.5395451173631196,-0.03217004089043776,0.15221700013614323,1.0095877831016384,0.07266824575609851,0.21903353826461397,1.469440329870086,0.018477766576234206,0.4898809539861601,0.0787617325776754,-0.06657228139872985,0.30701164615985377,0.919800100256966,-0.15242726975192045,0.2848115287445291,0.9278032367471873,-0.18659748830964773,0.20466379851556155,0.07417538775147925,0.2701252079591795,0.10222811493404012,1.1447121375605491,0.4067549171559617,0.1851801551662148,0.8082853707816297,0.47543253878909036,0.17404548645344897,0.027095369634508603,0.21785897906766166,0.20171370369540795,0.5134395775804548,0.3024927456606083,0.11866753413993981,1.0056377580784805,0.18085950127878908,0.14995936132189902,1.456858463780199,0.2998000903873692,0.33909316074464524,0.04940150432266768,0.31447707945573716,0.17385495998120848,0.8989159613051151,0.45612818885023393,0.13915853447884358,0.9031956055857078,0.4793795447797696,0.2272599687722979,1.428230465762401,0.17210462810524887
1.75577,0.10869756610525735,1.4669300305348418,0.14393239044950143,0.3514488746719245,0.10041117676649636,-0.08267402094199743,0.3478058069388885,0.9939559519035558,0.07446564165361771,0.22478183884186587,1.1632145569828451,-0.11895121340561,0.3246409370518149,0.8309233199702747,-0.16965216912499512,0.3033006177127639,0.04722869565563144,-0.05633397413279768,0.3354560049358862,0.5396368612335175,-0.03148095463666878,0.15136858802419215,1.0095503091158415,0.07360800458228828,0.21886951162561002,1.469282237408779,0.01998236628588109,0.4898869236230828,0.0787794470424988,-0.06661923028675322,0.3059423965292639,0.9193095522748995,-0.15056561200604507,0.2833867910458821,0.9272333213361577,-0.18451582380180478,0.20466163740283272,0.07404096937301495,0.27014026430492105,0.10396607448596544,1.1442028776863185,0.40856705014928607,0.1872637506756474,0.8076671680739109,0.47630629141936487,0.174091718430562,0.026963531137613548,0.21781421725679218,0.2016348136451296,0.5132488728185823,0.30302722177747543,0.11796022336380219,1.005624241575552,0.18185599831099913,0.15132435980450548,1.4565464238540888,0.30201860312677864,0.33907742874532454,0.049351226657377505,0.3145293965932654,0.1758164526028919,0.89832843122003,0.45723179852266405,0.14115863827976857,0.9025281339160525,0.48055346171692154,0.2278802953274738,1.4280023956464547,0.17375162804838543
1.76575,0.10929482750445563,1.467406712518359,0.14637376921186607,0.3515017615522071,0.10064230940563201,-0.08271092066332451,0.34693969782777545,0.993906673644025,0.07506926581570522,0.2238592139595073,1.1628692926526503,-0.11674722117693324,0.32370939729170584,0.8305711982659726,-0.16747570009270507,0.3033128923673736,0.04748021569769938,-0.05640038034334041,0.33523381882618264,0.5397808346483508,-0.030792639868245437,0.15050157301023234,1.0095539587415898,0.07444162702263993,0.2186725816735053,1.4692696532758989,0.021494875179395582,0.4899273372055489,0.07882093517654831,-0.06665538391414375,0.30505362889790605,0.9189689521801876,-0.1483865266622255,0.28229551018490834,0.926815625708895,-0.18221484152692438,0.20466857903977353,0.0739964556980318,0.2701801012264253,0.10597517334683561,1.1437807080192306,0.41036025430315676,0.18964538723056454,0.8070347291438076,0.476688720785164,0.17414063789560913,0.026934156569981695,0.21778674815741095,0.2015787383247202,0.5131512151077284,0.30349861036896875,0.11724074190258571,1.005651783149803,0.18274369485225475,0.1528589777758755,1.456313875175078,0.3042066098204692,0.33906183040091376,0.04932733967309843,0.31461473847200433,0.17807927178897637,0.8977574585459306,0.457938065237106,0.14360858359198855,0.9019194606510402,0.48153961861772643,0.22847875107692767,1.4278297774909696,0.1753314155645063
1.77572,0.10989532097705189,1.4679689164307095,0.14881673825526007,0.35162826041631556,0.10090119029694611,-0.08275366569108264,0.34610260241109375,0.993911743883408,0.07555055152918082,0.22305246657656144,1.162676171719487,-0.11455908384588866,0.32306027767525614,0.830351339608327,-0.1648792669344115,0.3033865157946824,0.047762381548813786,-0.05648387819542862,0.3350279252149417,0.5399427914815645,-0.03014767152099451,0.1496491025720375,1.009574356070939,0.07517326478789656,0.21844726745942153,1.4693908749373603,0.02300692695492781,0.49003852462853936,0.07887251279362292,-0.06671694769838817,0.3044140192329248,0.918781867115955,-0.14588697940555354,0.2815844569777216,0.9265570246453565,-0.17967985491888383,0.2047303680675952,0.07400400007930218,0.2701869529563922,0.10822704870229656,1.1434274840716656,0.4121193414020655,0.1922911756748887,0.8063875197739852,0.4766031055534106,0.17422778754586504,0.02697585664987274,0.21772116679820014,0.20153598895832164,0.513108485124228,0.30391456686465446,0.11653556936699729,1.0056958134594105,0.18351913588900792,0.15455887897569984,1.456136549211556,0.30632588730864996,0.3390856759432012,0.0493040013983289,0.31468000732365287,0.18064736449822938,0.897200992367371,0.4582843519925701,0.14649009601444593,0.9013500413700157,0.48233813025188066,0.22907316502381958,1.4276800870306205,0.17684038587639178
1.7857,0.11046362109758061,1.4686179291183359,0.15127139116052407,0.3517300205115548,0.1011855359492885,-0.08273853005090487,0.3451879800897584,0.993960977174743,0.07596444927261901,0.2222536492505709,1.1626258689038014,-0.11232499929690265,0.32267639748423316,0.8302851098072732,-0.16179546597102523,0.3034398037434539,0.048071606593051014,-0.05651592398320119,0.3347415884244002,0.5401185700577962,-0.029497661146049663,0.14870978299503465,1.0096191988140661,0.07584641470400898,0.21815094364386425,1.469649596047419,0.024539461096371805,0.49012896397570327,0.07894565561471989,-0.06673705333093856,0.3039714019165788,0.9187534346397564,-0.1430179329426386,0.2811645236912121,0.9264387724157306,-0.1768413348912735,0.20473778910118803,0.07406559729130018,0.2702233039429393,0.11062705535678428,1.1431784255225637,0.4138569750827078,0.19511606515760807,0.8058108995018748,0.47620820921785123,0.1742548291798454,0.027089258278415122,0.21767726222162073,0.20139127755836994,0.5131258783056993,0.3043644259933901,0.1157542044109286,1.005765149267293,0.18423892085874682,0.15635785376816727,1.456043200813272,0.30837438260575545,0.3390492358459853,0.049296468061918446,0.31477658875014997,0.18340602488886326,0.8967239237622725,0.4583858137542915,0.1496519197099839,0.9008756039339638,0.4829996511307231,0.22961726588661932,1.42756101423813,0.17829145618753642
1.79567,0.11100849124174975,1.469350991803075,0.15373834054493826,0.3517700358626937,0.10151199209457118,-0.08265307473076265,0.3441479690031536,0.9940530258465501,0.07633496274021839,0.2213877224778465,1.1627333021881465,-0.11003606149293364,0.3225768399109924,0.8304289620423579,-0.1582585452393484,0.30344326022325474,0.048422843596811774,-0.05647517323584463,0.3343288858852494,0.54032538344933,-0.028834255737494676,0.14764419618146682,1.009723834735248,0.07647982929284063,0.21776772982509643,1.4700652296650123,0.026097785043070008,0.4901639680590125,0.07906311094916771,-0.06669401197735614,0.3037051620927303,0.9189273284160064,-0.13980911513373181,0.2809739452628285,0.9264762738495338,-0.17370750986009156,0.20464418031179907,0.07419109076859975,0.2702897659505169,0.11310247768140347,1.143053398652378,0.4155448447401519,0.1980581555696675,0.8053636151141849,0.47560015610672224,0.1741838550685037,0.027279838035525982,0.21765491657619698,0.2010854477893657,0.5132111643700643,0.3048669244457423,0.11486209863566794,1.0058943678159808,0.18492824827524776,0.15820665359364813,1.4560630394364082,0.3103508606115235,0.33891805803129155,0.04932739391744265,0.31489337410595447,0.18625803942890018,0.8963710919556029,0.45829825457382994,0.15295627922715233,0.900526699000391,0.4835141745397603,0.2301173068506785,1.427497652478554,0.17969210641951644
1.80565,0.11165373057188586,1.4701282281806665,0.15620506270889042,0.3519169920788863,0.1019109937166828,-0.08262817735398695,0.34312928146071137,0.9941825810039434,0.0766037511404161,0.22050832806609408,1.1630574657130945,-0.10780947161452589,0.32289267193109844,0.8308890150699336,-0.15446639281933724,0.3035423851207284,0.04884078629758953,-0.05649210394612994,0.33390945587617316,0.5406016518447829,-0.02827157087432114,0.14660506486793684,1.0099540241929192,0.07703312623410259,0.21735805504373823,1.470676576956587,0.02766074167247961,0.49029738513887944,0.07925126075756651,-0.06671507406096831,0.3037227315646931,0.9194137940556372,-0.1364291022029932,0.2810776575147353,0.9267588099679838,-0.17042700587607593,0.20461937510139958,0.07437834735345757,0.27019913963367126,0.11569522938487001,1.1430043393194107,0.4170872502322148,0.20116612801272113,0.8049895269451016,0.4746718514106142,0.1741756916820564,0.02754101605866677,0.21747253920507556,0.20073249718003008,0.5133478248694919,0.305262399619929,0.11399673586391244,1.0061446336707665,0.18552823746749972,0.16015434473526982,1.4561888306824273,0.31226311900991793,0.33886780010632095,0.049404698529349436,0.3148416037812369,0.18924999189118627,0.8960981903792367,0.4579239577721665,0.15641455517829733,0.9002296497133945,0.483739277512121,0.23072768392838922,1.4275188103486733,0.1810506826167036
1.81563,0.1124083251552581,1.4709222699253042,0.15871777351162164,0.3521288693257255,0.10235067693415266,-0.0825979123486596,0.3421395655741178,0.994322069147161,0.07683235694145832,0.21952406259618812,1.1635420706633512,-0.10560282161310869,0.32357541285976305,0.8316288530761563,-0.15038444776642462,0.3036979104257416,0.049298320891329565,-0.056499538995420116,0.33345990645667273,0.5409225800622265,-0.027760657186567513,0.14560475050366073,1.010304668207305,0.07758098790809169,0.21690588825582782,1.4714414780085912,0.029252785464451665,0.49049090991773514,0.0794818788175214,-0.06673305647826722,0.30397625256080313,0.9201768050261872,-0.1328614067784564,0.2813635671993813,0.927224335397926,-0.16693799866021647,0.2046332623016176,0.07460177033598434,0.27004571026144925,0.11835294934424806,1.1430272275087148,0.4185389073727438,0.2043371131087685,0.8046898068439928,0.4735720554745856,0.17419536447348447,0.02784339975839544,0.2172315635535567,0.20032304246811566,0.51351666816606,0.3055850610883407,0.11317602813100773,1.0065126998876641,0.1861187703056881,0.16222527273328605,1.4564077724806377,0.3141569361278397,0.33886234175559754,0.049505398695120884,0.3147156762272608,0.1922950540236093,0.8959001614481971,0.457389461901598,0.1599034090270422,0.8999767649173408,0.4837604627871575,0.23146598710953467,1.4276131405982146,0.18240551023676405
1.8256,0.11319164659194593,1.4717274396606383,0.16135444297478088,0.3522215688338576,0.1027671422676037,-0.08238605477558159,0.34107555568474607,0.9944400573465195,0.07714209579026315,0.21823923627410502,1.164065483039271,-0.10327515080502342,0.3244520201468918,0.83253174101303,-0.14583036605073746,0.30374746840378664,0.04974248505604799,-0.056318245886139824,0.33286478748988185,0.5412284115510032,-0.02715685478470272,0.14454239106376893,1.0107156995721802,0.07825265870814374,0.2163381471337643,1.4722701748090852,0.030924139762976963,0.4905770549760447,0.07969746513546153,-0.06657096862580761,0.30430493583545126,0.9210925533156602,-0.1289658809952077,0.28161095084174614,0.9277269531602111,-0.16305046397704342,0.20452091267731082,0.07482722363442383,0.2700990673797376,0.12097011278441117,1.1431486966546582,0.4200462700804649,0.20738153922537322,0.8045038768992612,0.47258608959498055,0.17407749312906312,0.028149034387452282,0.21720802932763658,0.19977220635736334,0.5137030902792497,0.3059938443351143,0.11232111087007955,1.0069437086404533,0.18685065365183118,0.16442340446747608,1.4567045812451036,0.31609156363847724,0.33872515968204214,0.049592861496365506,0.31478488892658646,0.19522861553246412,0.895799046908176,0.45694176200464154,0.163234702038758,0.8998100407564061,0.4838015989014541,0.2322382525151048,1.4277403063717924,0.18380081029979062
1.83558,0.11402095779209395,1.4725697837471459,0.1640585635440975,0.35231805973121944,0.10321251857416187,-0.08219808041943312,0.33998879883539224,0.9945834326521039,0.07737816705650795,0.21663387337527354,1.1647073388972982,-0.10098069013112758,0.32556995529205646,0.8337323174184882,-0.1410086000356663,0.3038035001879269,0.05021935636391312,-0.05614897438944608,0.33225860488114295,0.541569407297904,-0.026619880908360347,0.14346455500988095,1.011171781301294,0.07890543226356589,0.2156670810461793,1.4731955047286394,0.03262220967476497,0.490671034320619,0.07993343105589738,-0.0664279721795045,0.30472702858076034,0.9222738160137195,-0.12488887231748355,0.2818982232535486,0.9284046881448009,-0.15895208622705653,0.20442152494820237,0.07507481981841249,0.2701862669500802,0.12361739006561899,1.1433271879378393,0.42150348162747125,0.21035800508978614,0.804361907512238,0.4714590569352466,0.17395546223956848,0.028470397648561765,0.21722932601172318,0.19924714868832535,0.5139164931298035,0.3063307825399478,0.11148171245030199,1.0074137184682947,0.18756861746587175,0.1667892163191723,1.4570588773067008,0.3180036420156438,0.33860491060445647,0.04969020014758889,0.31487066599103464,0.19811861649548831,0.8957427010161821,0.4563659819243388,0.16652626499173387,0.8996884062683473,0.483708171556665,0.2330490054635289,1.4278914569010694,0.1851571337204296
1.84555,0.11491142529165087,1.4734602374076862,0.1667596519032692,0.3525150245963393,0.10371995638401801,-0.082181808712881,0.33894407286880723,0.9947905510803796,0.07742348271359899,0.21473043210771386,1.1655212319034194,-0.09886594026673266,0.32700504748311227,0.8353335497074508,-0.13609103220598212,0.30394821947866296,0.050759915633434266,-0.05613398239263835,0.331758293537773,0.5419792339216275,-0.026267909143941438,0.1424285649172299,1.0116584614627804,0.07942514265380396,0.21492695739003073,1.4742320836470424,0.03429182727200197,0.4908593077168774,0.0802052488793758,-0.06644872419852892,0.30528844624940316,0.9238076056326635,-0.12076616417974914,0.2823146437760873,0.9293566400527117,-0.15481074334758993,0.2044552860852573,0.07535742669852365,0.27014304227465735,0.12635104220980048,1.1435290974096308,0.4228242306013696,0.2133598528569975,0.8042187591313312,0.46998872212814025,0.17394807652312763,0.028814137115424368,0.21713182514625284,0.19888838821373947,0.5141572935545821,0.30645876201045413,0.1107118853538403,1.007901042444834,0.18814656485984763,0.169335111329183,1.457450920108292,0.3198234954444422,0.33863002577961326,0.04981292747451565,0.314805205277563,0.20104226214867066,0.8956974874815976,0.45549016151926613,0.16988908141672704,0.8995753171330549,0.4833452486500437,0.23390435595909992,1.4280562578690008,0.18640394617312
1.85553,0.11581687437459809,1.474368963206757,0.16949151318745423,0.3526438906308377,0.1042101913481445,-0.08210157467660407,0.33790719904129235,0.9950295736564192,0.07743236461812657,0.21249445936798345,1.1663779616262133,-0.09682331194350349,0.32875081818435414,0.8372171220489554,-0.13084744962461245,0.30401330880825783,0.05130232865223406,-0.056032425802134155,0.33126235172894825,0.5423863057556536,-0.025916587632445563,0.14139329666728448,1.0121378268085746,0.07995307029989314,0.2141274946944263,1.4752855415148725,0.035969648873189895,0.49097525261258596,0.08042798213759225,-0.06640499168701004,0.30597098008064133,0.9255808147263391,-0.11645469469744729,0.28276951670675216,0.93041706717041,-0.1504344340192022,0.2044898622313631,0.07563904813726757,0.27013444377024776,0.12911310934267484,1.1437862665409368,0.4241588466009889,0.2164193104975401,0.8041520152789647,0.46843589983646605,0.17393385534662453,0.02914486615816422,0.217084954406487,0.19859894629223607,0.5143946105217174,0.3065111858872641,0.10997090476181103,1.0083732162489996,0.1887400186746554,0.17202250184627835,1.4578705537531043,0.32158197686357193,0.3386590277439972,0.049921672605847164,0.31475813268888875,0.203975018528086,0.8957168739158561,0.45454009311790877,0.17325541337981715,0.8994989907011959,0.4828791885805805,0.2347555565386321,1.4282015157464951,0.18759495951782643
1.8655,0.11673238973984876,1.4752707099359224,0.17225446092442165,0.3526823614017105,0.10466270265579469,-0.0819210592438225,0.33686826555387966,0.995284195832598,0.07743505611384459,0.20997003661723762,1.167256543798186,-0.09485993387934866,0.3308367341505491,0.8393940483315477,-0.1252599578803343,0.30398188020366845,0.05182435608979643,-0.0558145235151129,0.33076700682290383,0.5427701554398165,-0.02554248114155086,0.14034904744354415,1.0125932218262435,0.0805094834908284,0.21329424722793133,1.4763230984558824,0.03767730732528939,0.4909955584107835,0.08058791548903227,-0.06625813932567837,0.3067895776008743,0.927589220226754,-0.11194394563652682,0.28330682232124166,0.9315837790353574,-0.14581626041034965,0.20450651521163427,0.07590476070454436,0.2702080278091643,0.13189342960359338,1.1440891870882886,0.4255520817342569,0.21957363283996228,0.8041626384696254,0.466792803462169,0.1738946653086463,0.02945048870582881,0.21713684179179277,0.19837321376349648,0.514619186102982,0.30653938544279596,0.10924768896704144,1.0088153100317594,0.18937327885018343,0.17480025657249318,1.4583042873676297,0.3232853542828067,0.33867213919272054,0.05001392479366185,0.3147810413611606,0.2069397471142151,0.8957952979319872,0.45351947105546864,0.17664273244896492,0.8994433191299465,0.4823150347177109,0.23559625748821375,1.42831394651781,0.1887534884436818
1.87548,0.11769036683543974,1.476157661632921,0.17502612623375624,0.35274011674596084,0.10511700140613227,-0.08179427250156736,0.3358334554094033,0.9955591118451746,0.0773445914477177,0.2072428309805254,1.1682377831346866,-0.09307908124398806,0.33331567366920273,0.8419977738745258,-0.11947889298491549,0.30396968380940786,0.05234752977481319,-0.055648488571217354,0.3303559066893779,0.5431628985872566,-0.025265865609836798,0.13930599974714888,1.013025859433513,0.08100454330231302,0.21246103830234153,1.4773739389706273,0.03942171048847008,0.4910261378575169,0.08073950482779704,-0.06615366286509768,0.3077789320315765,0.9299351169782795,-0.10732568690554274,0.2840716128165106,0.9330039051485269,-0.1410991602931408,0.2045948005591415,0.07616272179795903,0.27028572910422316,0.13474129579723798,1.144394756287655,0.42694966499997666,0.22287338008190985,0.8041831100726949,0.46480586765511867,0.17391369633142795,0.029742406129947045,0.2172054527779837,0.19828856233068573,0.5148414352931306,0.3065116747452045,0.10854967110893371,1.009225025746752,0.18995039813905606,0.17763366663134655,1.4587373979135423,0.32491776095948616,0.3387655263788083,0.050119147552158606,0.314798769714206,0.2100102908334426,0.8958770757180242,0.45222631982114125,0.18016175909666646,0.8993571815035427,0.48151105717159226,0.23645405825821691,1.428395013187733,0.18986986534869646
1.88546,0.1186501065033424,1.4770302962659223,0.17775359975318586,0.35278536510986946,0.10557133192160495,-0.08174062377530858,0.334769707598194,0.9958473453593533,0.07718681386329207,0.20431829590928693,1.1692931566467692,-0.09150499599469283,0.33606004611577445,0.8449911913580429,-0.11356690243349041,0.30394134274156814,0.05286389934328198,-0.05555473284473935,0.3300161695324928,0.5435591085056016,-0.02505989668763498,0.13822153068218485,1.0133964327361262,0.08145191264061359,0.2116529544287215,1.478398320507597,0.0411756272285756,0.4910386119282015,0.08090065705967743,-0.06612023480329479,0.308849163408424,0.9325796243208144,-0.10265405750883899,0.2849839244479859,0.9346511214568207,-0.13635214126858614,0.20474179928883515,0.07640498597269345,0.27035809905446767,0.13760490783134255,1.1447013568118662,0.4283363518946209,0.2262339413259242,0.804213916878735,0.46251175260531124,0.17399250531682695,0.03000911654158987,0.2172744918958638,0.19831038000614276,0.5150463950033513,0.3064928590598803,0.10782064553321911,1.009556335403602,0.19048459586356906,0.180483929848653,1.4591507309118357,0.32643627235301304,0.33892588641236315,0.05022751895696795,0.31480772321629,0.21311172187915065,0.895966086763651,0.45067757369767614,0.18375981328095556,0.899253446388275,0.4804962062795685,0.23726542477620885,1.4284110053810706,0.19091581800269744
1.89543,0.1195450110803209,1.47788860098248,0.1803963680649839,0.35277533319529886,0.10601490937947224,-0.0817221889878405,0.33365191191129673,0.9961516103881978,0.07700505855263622,0.2011945113659546,1.1703774138157435,-0.09011664719823662,0.33889544204019,0.8482954056191192,-0.10755153844640473,0.30385334480841686,0.05336199415930858,-0.05549725014991971,0.32974005009573193,0.5439440272099105,-0.024855415221085145,0.13705793322598248,1.0136553187741386,0.08188534239201498,0.21087459557965296,1.4793558415494676,0.04291707973177541,0.4909968922097667,0.08107320297518357,-0.06613324010023083,0.3098808581177959,0.9354510813424429,-0.09794584363305925,0.28592306449907484,0.936473369057626,-0.13159992994105407,0.2049192687668942,0.0766304986561395,0.2704407919359202,0.1404517476803051,1.145002433824062,0.42969400037745553,0.22958889920122677,0.8042559922132478,0.4599708328133566,0.17411236732912647,0.030247245283656233,0.21735538243863098,0.19841847974423457,0.515225419485499,0.30656033477856065,0.10701564078175697,1.0097604645939928,0.19100806571179213,0.18330369214469222,1.4595236120638686,0.3278082074350408,0.33912080709632825,0.05033155127159325,0.31482655436835205,0.21618418584979507,0.8960665328860506,0.44890882986043595,0.18740972958254581,0.8991493097621257,0.4793161602281236,0.23794674637664318,1.4283320980797116,0.1918676876562894
1.90541,0.12031481307149744,1.478724618993103,0.18296411301003468,0.3527537305452836,0.10644972899787655,-0.08168833444505445,0.33250285591438417,0.99650221744901,0.07678867665705416,0.1979075253949592,1.1714970094154313,-0.08886123031640213,0.34169410647078324,0.8518852924206399,-0.10145285821119593,0.30376204207948454,0.05384530521888778,-0.05543791395321444,0.3296048516454286,0.5443127862667886,-0.024612982115500052,0.13583048460708771,1.0137646150986261,0.08229986400688635,0.2100926044757261,1.4802592424491734,0.04466077515717429,0.490952682422251,0.08125462193669884,-0.06615060017137443,0.31079040963748594,0.9385261723267572,-0.09316892592581588,0.2868555272150301,0.9385031646430521,-0.12683034069029342,0.20514688492396035,0.0768640182191738,0.27054609933456936,0.14336821542564032,1.1452509399428288,0.43096735505750317,0.23301161851504446,0.8042602717708858,0.4570665563987427,0.17427640051316204,0.030486619751503956,0.21746411824884748,0.1987100435825629,0.5154014673287843,0.30673958259900597,0.10616481814289568,1.0098177705940634,0.19150827007368476,0.1860376486267309,1.4598366819411401,0.3290415135222221,0.33936355423044395,0.05045812827335684,0.3148627057079514,0.2193119023575584,0.8961385285488365,0.4468231772459871,0.1912601426107753,0.8990222164134994,0.477916177257087,0.23844649266466914,1.4281637009482502,0.1927240659231788
1.91538,0.12098710854798721,1.4795020469922888,0.18545651757192833,0.3527514108965419,0.10685667810974273,-0.08162600445808738,0.3313828912779504,0.9968706615105715,0.07649889644872353,0.1944485080883853,1.17265341699609,-0.08769666532730835,0.34437611680290037,0.8557618642230426,-0.09536844638680755,0.3037115520068537,0.054292395279046675,-0.05534645747072534,0.32963854313984,0.5446540581861196,-0.024369385679542766,0.1346193616689053,1.0137515199781073,0.08269257246867082,0.20926228172658404,1.4811251951816107,0.046387345337268335,0.49094356437862213,0.08144874010016252,-0.06617248774502611,0.31152762590562927,0.9418052872317417,-0.0883839401072508,0.2877035315652841,0.9407498831712021,-0.12208016386262867,0.20542523336628815,0.07709723692582443,0.2706508812015804,0.14637387091734994,1.1454426167295888,0.4321081035529092,0.236456855915665,0.8042214204631949,0.45380431411022926,0.17448062206459586,0.030718307149399333,0.21758405394100977,0.19922957373718225,0.5155667025657754,0.30698658932809203,0.10536138605143291,1.0097578996597194,0.19198974835100402,0.1887114676930725,1.4600945764950461,0.3301325379359496,0.3396524988207999,0.05060613888116574,0.314900881855306,0.2224686039742217,0.896172496898927,0.4444170359504433,0.19526971431395726,0.8988667366972732,0.47627449278812767,0.23881238457775233,1.4279287434236574,0.19347259154099802
1.92536,0.12165968763643863,1.4801789299504242,0.18788421302899388,0.35277182293130227,0.10720710460765111,-0.0815479194446144,0.3303614431672509,0.9971877085100734,0.0760848978974687,0.19074528512336464,1.173845348151307,-0.08658069376848214,0.34693766425867567,0.859972841275762,-0.08940439325423595,0.30371510132013535,0.05467056373783023,-0.05519697580939949,0.3298123183655769,0.5449576083373217,-0.02421035552212835,0.13352979029776144,1.0136946829386408,0.08307165883428111,0.20833290145591174,1.4819750586606883,0.04806276299734384,0.49097725349139787,0.08166408316682855,-0.06623187705937172,0.3120934997169498,0.9453324694729021,-0.08368694839115809,0.2883814603561839,0.9432210102360505,-0.11739007484376683,0.2057310772825312,0.07730017794236971,0.27071524256240376,0.14944530764838004,1.1456127577179536,0.433094777076603,0.23980246254970444,0.8041742744590368,0.45029099273310325,0.1747077527257383,0.030907367226905822,0.21768158761757928,0.19995283626263025,0.5156932036584149,0.3072164906829822,0.10472365526513974,1.0096495559092882,0.19247899243631497,0.19143496140347502,1.4603237286887931,0.33107875433047124,0.33996427837851717,0.050748129062291515,0.3149174322487466,0.22555650366869193,0.8961907556218844,0.44176784110510847,0.19927158681229945,0.8986987032896407,0.4744072947150338,0.23916536576978079,1.4276605512382228,0.19410025524122618
1.93534,0.12234498930413659,1.4807837973106195,0.1902814166454942,0.3527844217558183,0.10751537910332909,-0.08141357489000062,0.32945131362139646,0.9974571342399745,0.07554858850845071,0.18678044615530992,1.175060995839172,-0.0854552590617739,0.3494655422789705,0.8645601805469814,-0.08360373233238311,0.30374032938391704,0.054999319868427245,-0.054950243890509155,0.33008756208849055,0.5452425433017232,-0.02413861720680387,0.13256694183119924,1.0136339627833386,0.08345273437099804,0.20729265045295056,1.4828279926636139,0.049685313873541456,0.4910214343633146,0.08189115354562936,-0.06631896619212017,0.3125950073041675,0.9491629431540998,-0.07909587004480942,0.28900707720415114,0.9459910918980342,-0.11277650780739781,0.20602314206969202,0.07749620127110751,0.2707807436930533,0.15259436932808715,1.1457636078148834,0.4339398434797279,0.2430266382175173,0.8041250889027838,0.44661130748661054,0.17490658768549458,0.031081558942598318,0.21779366037412765,0.2007932179179454,0.5158105577987684,0.3074274933164394,0.10427592725167252,1.0095476576591849,0.1929859114770248,0.19424321396721955,1.460537466579512,0.3319121651337368,0.3402454211922227,0.050866622551338704,0.314950413618722,0.2285839279679066,0.8962099493640294,0.4389511341975206,0.20329249529262147,0.8985479958057854,0.47238208542978805,0.2395293493144398,1.427393223425748,0.19462113227527003
1.94531,0.12304280094172958,1.4813559795863789,0.19264083425865425,0.3527700150628289,0.10780434970424767,-0.0812019657197324,0.3286382319924528,0.997692888200346,0.07492494952731107,0.18257339371758394,1.1762834590184787,-0.08429100097652126,0.35206258413815,0.8695604108900975,-0.07796164266773449,0.30376061475905264,0.05530682154029507,-0.05459489845977634,0.33044403796366384,0.545529518740764,-0.024134238430409106,0.13170807073793425,1.0135888987504396,0.08386497167687122,0.20616919630356695,1.4836946380517944,0.05124514221686333,0.49104781899566696,0.08211852314390772,-0.06643315190496459,0.3131327691433947,0.9533314536108027,-0.0746080893433541,0.28968154734732793,0.9490925951026189,-0.10822785689877767,0.2062821602248586,0.07770744015596133,0.2708597848869756,0.15582178683404735,1.1458872905972552,0.43463442972122107,0.24623339896719845,0.8040934852176743,0.44282435207382365,0.17505198987336132,0.03127261626136431,0.21792111370831785,0.2016806810726926,0.5159446324599928,0.3076324033010151,0.10400321767020172,1.009487607005689,0.19352881895543556,0.19713095568846442,1.4607456223225614,0.3326405246732754,0.3404698853272617,0.05095385903990462,0.315005051824669,0.2316341640465315,0.8962536918575,0.43601882990270474,0.2073915915933629,0.8984325747143812,0.47022494906202256,0.23990895429315076,1.4271542523051048,0.19503991086325798
1.95529,0.12379634388029587,1.4818990738552136,0.19484907246316066,0.3527592957351268,0.10807949335186097,-0.08097327255876666,0.3278961557924595,0.9978716336010756,0.07427527332180452,0.17816489846957295,1.177493159201284,-0.08313202922377871,0.3547933788081607,0.8750148996335163,-0.07242626873153128,0.30379722511533297,0.05559701622822222,-0.05418553604382879,0.33090953618933505,0.5458190608969099,-0.02419604466533317,0.13095185004437562,1.0135667618635158,0.08436101758462056,0.20504041679036575,1.484568462090859,0.052688517741469945,0.49106826989739805,0.08234569286064752,-0.06662467504571612,0.31370599934517107,0.9578293379964334,-0.07024359354543387,0.29030437876200266,0.9524222009432122,-0.10369455180163953,0.20655025891925305,0.07791015484949887,0.2708394591734536,0.15907404579831533,1.145982098468564,0.4350987156896046,0.2497110243307378,0.8041524724571002,0.4389503109253596,0.17520182795832986,0.03146944063496162,0.21793396215643893,0.20263126060796072,0.51606667742484,0.30780922384341947,0.1038839880631341,1.009474046630961,0.1941587186025246,0.2000681536484498,1.4609617922756486,0.33319265214380483,0.34069383923338786,0.05101436177326229,0.31497011900822935,0.23486318235960865,0.896366922050771,0.4329734580019345,0.2115398503462554,0.8983352448783471,0.46783205864790994,0.2403477216734205,1.4269559935462908,0.1953192951122674
1.96526,0.12463489047289332,1.4823918557599707,0.19687280092162232,0.35274145348025115,0.10833989209428119,-0.08068596227786255,0.3272094344379121,0.9979992014591761,0.07363527395368472,0.17346329600569407,1.17864938163698,-0.08197845305583479,0.35765561040874255,0.8809847370789098,-0.06711308722463524,0.30384160082668,0.0558760582585595,-0.05367790776619163,0.33148873256960065,0.5461205344330765,-0.024293046501058912,0.13028701107368582,1.0135721325730949,0.08496911109123573,0.2039258855021816,1.4854270228929982,0.05397934986547794,0.4910798893228067,0.08257310089606973,-0.06682500154253684,0.3142807270569713,0.9626854784305018,-0.06611322334591824,0.2908066364246839,0.9559778632658453,-0.09924740250203093,0.20684152624071855,0.07809877311970376,0.2707310958846498,0.16223646775540645,1.1460632000651372,0.4353602516898052,0.2535258356151068,0.8043614211476974,0.4350565782463593,0.1753794885015347,0.031666961968802,0.21784128438219066,0.2036170916132926,0.5161707598994904,0.30797247632064845,0.10390079469266807,1.009514466801265,0.19491105305612366,0.2029886562675818,1.4612067764694523,0.333587948271432,0.3409294278122964,0.05105177393790983,0.31486708290791504,0.23830340265341146,0.8965997763145405,0.4298982891007104,0.21567188042455954,0.8982769643246096,0.4652384482611818,0.24089267584933513,1.426810791501416,0.19547316506594078
1.97524,0.12557013939104822,1.482807716020588,0.19877059198927668,0.35267515461775567,0.10858580480330901,-0.080222462522376,0.32656751292259834,0.9981144973124183,0.07299585380092599,0.16825469002753754,1.1796995459025041,-0.08078306527416455,0.3606067724811177,0.8875688189120287,-0.062205672002524484,0.3038635313751478,0.05615739926597402,-0.05295343760595547,0.332158887135232,0.5464531817104646,-0.02438266903299539,0.12968711980114517,1.013607412523527,0.08568365027518476,0.2027986841002614,1.4862320471106911,0.05510750656518741,0.491068715147811,0.08280314031547256,-0.06689305607612567,0.3148040047214218,0.9679799012068391,-0.062330824148108054,0.29118074876840544,0.9598708790372386,-0.09500444641617027,0.20714042989283246,0.07829066853442454,0.2706455317485293,0.16520851018520094,1.1461492655422876,0.4355411236533202,0.2575612988016556,0.8047437519893452,0.43119026970442675,0.17556917500053035,0.031873322046879926,0.2177639375879825,0.2045887624627831,0.5162781694157712,0.3081556012364728,0.1040427192191186,1.0096166772097501,0.19579295355051926,0.20583860839905588,1.461495633667064,0.3339255241651924,0.3411430952081506,0.05106909964877656,0.31482305380449577,0.2418962052903162,0.8969862136589611,0.42688643592070014,0.2197563661471353,0.8983000472316099,0.4625672686481179,0.2415793806991544,1.426724659617921,0.19555354508968503
1.98522,0.12657777975121093,1.4831724126729378,0.20051413172839397,0.35260632255498875,0.10883314309840676,-0.07965099407421602,0.3259626214431563,0.998255625354236,0.07227173606616248,0.16257842906040562,1.1805737260519975,-0.07957539527082874,0.36356419535590123,0.8946999775360448,-0.05760851783305085,0.30390417347072374,0.056452675969989964,-0.05207154352240971,0.33287229744047897,0.5468157155585737,-0.02453214829955944,0.12914562308934124,1.0136685821422438,0.08642104767843381,0.2017745048390862,1.4868800933491428,0.05601365760133638,0.49106641425897485,0.08304120897310059,-0.06694700830906919,0.3151879783993277,0.97362186017904,-0.05875771447364703,0.291431104782426,0.9640533462974382,-0.09089836299023794,0.2074412905986295,0.07849520238796957,0.27050438065427734,0.1681134317190927,1.1461841687595293,0.43565487623167604,0.26179415858101596,0.8052159086887888,0.42717936559589714,0.17576537002332446,0.0321003796036564,0.21761882707971875,0.20562997208973008,0.5163996268600614,0.3082647428682119,0.10431722527618388,1.0097513119237145,0.19671708243548508,0.20867246219965363,1.4617583959012126,0.3341897122427892,0.3413215627264809,0.05107655590762572,0.3147727364741008,0.24560990151027778,0.8974404981459096,0.42375439211184174,0.22389263391767117,0.8983390340448544,0.45972066598505257,0.2423587058927107,1.4266634050466385,0.1955091502284509
1.99519,0.12762207896881475,1.4835027403910603,0.20205628830703237,0.3525950364146251,0.10908096780074791,-0.07901984115919618,0.3253950123069981,0.9984324405567281,0.07140204346209786,0.15655458179821874,1.1812218086488522,-0.07841743867399871,0.36644770994180365,0.9022813019123734,-0.05324102939827524,0.3040226557216266,0.05675703205403038,-0.0510660729807309,0.3336039674231171,0.5471941781430084,-0.02479119900277457,0.12867318176766757,1.0137606553194236,0.08712497565397208,0.20092849351470793,1.4872994418739807,0.056644372670398395,0.49111860096878146,0.08328040978339525,-0.06708862848537116,0.31536040223865663,0.9794882498197599,-0.05532205608963339,0.2915062396784491,0.9683877902087369,-0.086854619472708,0.20774422560293238,0.07870793248884721,0.2702525428158715,0.17106869465554547,1.1461206214482196,0.43568588254106433,0.26625841146704304,0.8057177797563443,0.42291404283274553,0.17597132790463624,0.032340571751419515,0.2173448264012949,0.20679206902161007,0.5165365298241438,0.3082175498344114,0.1047399377440441,1.009906138200034,0.197617979972109,0.2115313379546786,1.4619406656462783,0.3343395574212742,0.34146914213406826,0.051086471987315175,0.31465802053676767,0.24944713196916313,0.8978909415425116,0.42039249314069954,0.22812898693125314,0.8983218676351619,0.45662262508054297,0.24318016510164844,1.4266070373775233,0.19528899586713247
2.00517,0.12867461088738777,1.4837519634661245,0.20338485076992555,0.35265518155483805,0.10927819309938591,-0.07816707966649873,0.32487828010904896,0.9985960786128169,0.07044225995728487,0.1502557496653955,1.181650113305943,-0.07737268933043422,0.3692159401716095,0.9102992685272128,-0.0493005217215849,0.30425464980417016,0.05703179940212837,-0.04975345631630912,0.3344001025445889,0.5475658103954059,-0.025077221565779587,0.12829859955220652,1.0139122262216147,0.08786622820081394,0.20012049816188432,1.4875431185174972,0.05699970211149555,0.4912602640756773,0.08348424696414329,-0.06715766385645407,0.3153129660316923,0.9855374124248041,-0.05231696485555525,0.291226723453982,0.9726866859620082,-0.08294654000559024,0.20805274660394527,0.0789023697031708,0.2700497230766633,0.17398657027308026,1.1459939410861621,0.435648017110783,0.2710320033936176,0.8063324771826682,0.41860440515207215,0.1761991398169388,0.03254235069026842,0.21710580081073513,0.20794207253263172,0.516680085257437,0.3080668706026178,0.10532825965157747,1.010136746917381,0.198560275715604,0.21433648663962943,1.4620943328446454,0.3343781372517242,0.3416097499874036,0.0511089078050893,0.3146031788654226,0.2534638186987749,0.8984001230383509,0.4170858124769627,0.23229579281863946,0.898256477784863,0.45343223838799956,0.2440632077026346,1.4266010473021549,0.19493017458803757
2.01514,0.12972608375341557,1.4839517193628087,0.2045197439986015,0.3527679350039908,0.10941669637217812,-0.07698175758854119,0.32435724504511615,0.9987783353328807,0.06939104707866789,0.1438257180494028,1.1818474548818505,-0.07642336661523184,0.37178428026878835,0.918573854368202,-0.045861621991575376,0.3045897945466856,0.05727745936886758,-0.0480001956099307,0.33524466286486554,0.5479363387287814,-0.025368005816146053,0.12795711782714905,1.014083925823995,0.0886495149222498,0.1992568935220407,1.4876282276463297,0.05707990650027356,0.4914696052099183,0.08363613552163086,-0.06708545618629852,0.31505379926557836,0.9916453857190982,-0.049797178028640275,0.29064548802702767,0.9768854394064416,-0.07925700207517677,0.20835933882018887,0.07908552155264503,0.26993216776042434,0.17683824275353854,1.145795822193812,0.4355542716481806,0.2760699399718123,0.8070452196051697,0.41427440749332706,0.1764340946076692,0.03271627149115761,0.21694639079987418,0.2090520506046853,0.5168381631185475,0.30783439618657665,0.1060194192132918,1.010400891193171,0.19954935861289533,0.21709035505735122,1.4622070803877325,0.3343229050577978,0.3417457248770711,0.0511406042765713,0.3146218646046383,0.2576519265398758,0.8989605246481719,0.4138505653757809,0.23641861998746805,0.8981540461197253,0.4501802347589305,0.244973989208747,1.4266395005871952,0.19443689298695796
2.02512,0.13079540288854655,1.4841986665595057,0.20550711739964406,0.35290009519132853,0.10953407161189276,-0.0754298863130865,0.3237221869316885,0.9990725138720684,0.06817902832162782,0.1374228886797896,1.1817946558953152,-0.07547877211648545,0.3740472927217739,0.9268330784188421,-0.04281118079034158,0.3049906975398205,0.057533307755732566,-0.04575337643764697,0.336067828777468,0.5483370966878853,-0.025713288022073746,0.12751506252460104,1.0141910436413155,0.08942215015465518,0.19829802325357526,1.4875366363370546,0.05688207287939449,0.4916874027439953,0.08375060103063615,-0.06691668156741025,0.31459705719001646,0.9976565668816063,-0.04753816792183405,0.2900249230694033,0.9810697824247877,-0.07583326546882575,0.20864979412583798,0.07929474760503465,0.26980672699304786,0.17970838021196595,1.1454808550244855,0.43540408633788846,0.2812375664471148,0.8077494540195209,0.4097024418377687,0.17663795102577703,0.03292803122252689,0.21678428060887459,0.21022495734130953,0.5170313096447979,0.30749991405306143,0.10670447922297094,1.0105837744218704,0.20054071786926558,0.21988788677532256,1.4622160907888342,0.33419533092098974,0.34185961280468286,0.051166582326703874,0.3146143261482508,0.2619622473974974,0.8994972167118921,0.4103918124553211,0.24074031373370575,0.8980232731753999,0.4467299068602628,0.24584707890665636,1.4266716957845091,0.19377059772760663
2.0351,0.13191269243619022,1.4844585691116683,0.2063205550575454,0.35308346256791845,0.10964467006666136,-0.07352902149578247,0.322975527849523,0.9994137264999269,0.06680152817954677,0.1311710191143819,1.181552866059041,-0.07453744778376646,0.3759116432343101,0.9348623647301445,-0.04003913448950736,0.30549502625602315,0.05780405650389698,-0.04305993571685409,0.33685242528503384,0.5487612857218284,-0.02612596060616516,0.12700639814129916,1.0142859541177465,0.09023469167454773,0.1971295123667273,1.4873364728214378,0.056408045975246984,0.4919448486393971,0.08388320315576833,-0.0666360546345086,0.31395231652330186,1.003451333343017,-0.045461643198156314,0.2894541014435189,0.9852563017840003,-0.07277793310489648,0.20892027144775296,0.07952740483554543,0.2696996314298449,0.18271018028062533,1.1451100978947264,0.4351429583718559,0.2863501659297542,0.8084373992401128,0.40474591561293444,0.17678084827546006,0.033168191149850895,0.21665679334557805,0.21153865891836388,0.5172427140535979,0.3070886946591706,0.10743817623647553,1.0107492317834748,0.2015905660518618,0.22266190190200055,1.4622094654657116,0.3339901469094388,0.34194789491187,0.05117509151676551,0.3145888364721372,0.2662946937897924,0.900018283459729,0.40658667752317723,0.24528334649803446,0.8979087671027896,0.44303512922187155,0.24675107805547314,1.4267306182552366,0.1929153360296103
2.04507,0.13306996184536155,1.4847045116873767,0.20693310844963478,0.3533796372017918,0.10978362273749531,-0.07115882222860202,0.3221144834488376,0.9997820805548356,0.06530649239298005,0.12514262740043033,1.1812133714615645,-0.07363238895894754,0.37728922436390955,0.942501769164523,-0.03752541074356662,0.3062069144840149,0.05813900724301131,-0.039739519043861596,0.33758813310804303,0.5492438082029972,-0.026600645432924706,0.1264694786458086,1.014468071793641,0.09121684902282273,0.1956591481873094,1.4871123662974521,0.05570275835361737,0.49230172361217633,0.08407930899710182,-0.06619732146874359,0.31309630807314154,1.0089411099008605,-0.04359997878103447,0.28886978000638197,0.98938943869846,-0.07017141715635156,0.20917123650450634,0.07977760647508912,0.26965704399316487,0.18592103140549013,1.1447554362794952,0.43470313514040954,0.29129998003875035,0.8091380273763906,0.3993940770899892,0.17684866702797053,0.033421763008873825,0.21661964395658945,0.21302594861987764,0.5174619683155841,0.30662727995188754,0.10828725621789302,1.0109866634609261,0.20282935134880214,0.225342616341399,1.4622914684206518,0.3337036524879683,0.34202013569431944,0.05116016796371849,0.3145662100288049,0.2705815186281618,0.9005540325570347,0.40244383611850654,0.24998141485546163,0.8978518435094037,0.4391116406233623,0.24772822050332982,1.4268766753665387,0.19187693538484804
2.05505,0.1341646542481971,1.4850466163656404,0.20738178326931514,0.3538552301787771,0.11005155460060623,-0.06785102888762175,0.3210216839099207,1.0004023483447786,0.06379474248990653,0.11932372837718987,1.1808575681388258,-0.07279103616927812,0.3780851907695498,0.9496570117665539,-0.03545567519467396,0.3073076152981075,0.05871476916652795,-0.03502417734089334,0.3382278137381424,0.5499433773316621,-0.02712340332622551,0.12579864361208645,1.0148116355841308,0.09257475532635864,0.19391854234839673,1.4869018993926606,0.05489995111346111,0.4927961884764095,0.08432378876695769,-0.06554321979747577,0.3119286232175794,1.0140691796104198,-0.04210024803423055,0.28802037330676583,0.9933122146870178,-0.06799475713585541,0.20940253818586596,0.0800697950431088,0.26965651914201105,0.1893154186622109,1.1444125751118155,0.43403505346315774,0.29620034051647415,0.8098695573847184,0.3938538343414666,0.17685423638300998,0.03373164778712676,0.2166558063500879,0.21464508104504745,0.5177282292571918,0.3060997329016619,0.10919623822383406,1.0112758466578835,0.20445510079906642,0.22800884391575357,1.4624595272965357,0.3333561101656445,0.3421011977308561,0.051126324818382515,0.3144938533133938,0.27487598066368824,0.9011058664147581,0.3981017229398657,0.2547760550558792,0.8978515098425452,0.4350248145935461,0.24863736062597214,1.42715208035264,0.19068509132110387
2.06502,0.13518841730196796,1.4854758773438115,0.20769747637416883,0.35445141966716287,0.11038853835915917,-0.06385948083452032,0.3197343986012989,1.0012028748971598,0.062241693807173155,0.11371766062090771,1.180512961113145,-0.0720138074504707,0.3782135126913293,0.9561366612987265,-0.03394737625806828,0.30871313515905774,0.05942325424668776,-0.029310765541859223,0.33869421477956185,0.5507417486769497,-0.027598456645146634,0.1250246289997676,1.0152339291254866,0.09420009328411005,0.1920240856118459,1.486693356448024,0.05405617720502827,0.49336442350951537,0.0846122763839653,-0.06471980734120727,0.31035493009591864,1.0186860725643896,-0.04101150218659796,0.2867224942597104,0.9968415628530497,-0.06622392182862644,0.20960095854727792,0.08040675789128301,0.2696757110436069,0.19289643759705144,1.144078994012302,0.4331353060607304,0.30104781900574756,0.8105999164273768,0.38824480242856385,0.17679756434372004,0.03410132655754949,0.21673403980490252,0.21638001069306984,0.5180490342553904,0.3054933527165331,0.11016931183320323,1.011584342722011,0.2063465182627041,0.2307342321878992,1.462663662827,0.3328941158336077,0.34218129403668235,0.05108979124681894,0.3143697883946452,0.27915928441010474,0.9016420948695407,0.39363630540372224,0.2595968005750312,0.8978808253358077,0.43082121019732744,0.24944443968191576,1.4275080081637097,0.18934152342108013
2.075,0.13623415012199955,1.4858668977231986,0.20789745046162128,0.35501618283384967,0.11059903681508323,-0.06005728990693781,0.31842491616792695,1.0018393665811063,0.06050411156367151,0.10830696432656328,1.1801568858107203,-0.07127339492669238,0.3776211228298616,0.9617309771650925,-0.032994591369860944,0.310122177406771,0.05991540237910562,-0.023997492061274057,0.33890674971675466,0.5512886339128199,-0.027879344194957537,0.12430486790834058,1.0155339648098223,0.09573223941587962,0.19012391816335403,1.486438058996702,0.05313945173076256,0.49387315235357016,0.08495713585892639,-0.06386159808183425,0.30830703112199137,1.0226166786649227,-0.04026870620618937,0.2849016636833067,0.9998401414747109,-0.06483800463490824,0.20975150423413583,0.0807683663573713,0.2697029094985841,0.196732074527634,1.1437631320356507,0.4320388721388154,0.3057472765010292,0.811263321838001,0.3825386069942221,0.17667169156192872,0.03449193155386019,0.21682410028085697,0.21825522278008638,0.518396062016679,0.3048098946518447,0.11128329744791002,1.011886102960776,0.2081292991875835,0.23357851016067965,1.4628374942929159,0.3322009437527095,0.3422247795525522,0.05107322559567787,0.3142449583594548,0.2833731492288979,0.902115340253842,0.38902262347141753,0.264410029214975,0.897900536884198,0.4264982132436982,0.250239755954738,1.427826974696463,0.18781616585942473
2.08498,0.13729761993023099,1.4862104091100343,0.2079821240019326,0.35557630060410866,0.11068423934888148,-0.056567625441765315,0.31710577288199887,1.0022923669446075,0.058609907652334294,0.10308218472675013,1.179796305348983,-0.07057884854762954,0.3763653926619312,0.9663913349872948,-0.03253227865842253,0.3115343009666559,0.06019241883053689,-0.01922792767002759,0.33888878075671397,0.5515824439124769,-0.027981551913277957,0.12364833077595633,1.0157089678779723,0.09718544005026587,0.18823989838694272,1.486131891119449,0.05216426554598508,0.4943460589476617,0.08533971767785188,-0.06304180722123603,0.3058481595402543,1.0258550718436688,-0.039885321793992394,0.2826365882272127,1.00232295554083,-0.06390346957205263,0.20989868870316045,0.08113551095525985,0.2697316820695838,0.200836759440513,1.1434821502284849,0.4307905469278883,0.31028038668726227,0.8118464603507881,0.3768231501497764,0.17653216783715914,0.03487787194741039,0.216924654723571,0.22023095586707608,0.5187409156814398,0.30411654920230957,0.11253749935351513,1.012156935366983,0.20980745079660176,0.23652567968580826,1.4630050845495546,0.33126555136242236,0.34226056356495177,0.05107692096306017,0.3141253669557862,0.287531380372503,0.9025311680178372,0.3843494615087674,0.26923313472539595,0.8979196015168963,0.42213508123099375,0.2510127932922437,1.4280982319152449,0.1861431993988079
2.09495,0.13835805325096856,1.48653267228572,0.20795760407513772,0.3561719043557334,0.11070267735912145,-0.05325408114094532,0.3157380446319806,1.0026419326628515,0.056648645132951245,0.09801043230576835,1.1794533898343669,-0.06992354081933495,0.37453035318485495,0.9701601843474276,-0.03256919862522149,0.3130004167814989,0.06036069713858429,-0.01473112770649896,0.33865780055401834,0.5517308486592387,-0.027975216239947483,0.12302248722828302,1.015833204204885,0.098691768692136,0.1863414942325546,1.485795761699619,0.051166845327589,0.4948211776208772,0.08572762066758839,-0.06227496980160436,0.3030540811484813,1.0284624040953456,-0.039924715735119104,0.28000214454320843,1.00434640699105,-0.06349700693315098,0.21006958736662082,0.08148539827013311,0.269763808899775,0.20519200192484843,1.1432448050281179,0.4294067986234964,0.31471486334490234,0.8123759598187394,0.3711648169915077,0.17641734625951874,0.03523896687341065,0.21704289910320407,0.22223285358938852,0.5190592885691091,0.30347834209037733,0.11390935349883742,1.012393810897826,0.21150895530116354,0.23953886249504694,1.463208969512917,0.3301303604614372,0.3423123215935551,0.05108997822154044,0.31400167633945747,0.2917024006250293,0.9029190231522879,0.37969388425244893,0.27410578841899713,0.8979582903106867,0.4177830172310732,0.2517424114245882,1.428353669155552,0.1843649152742605
2.10493,0.13945417285806477,1.4868266752271235,0.2078578403743673,0.356696380785976,0.1106493186971041,-0.050126208486657865,0.31432140200570297,1.0028747796001498,0.05468018926510851,0.09299748212677462,1.1791551842581927,-0.06922684271239629,0.3721427253200958,0.9731217953555096,-0.033355187298686494,0.31439145030980636,0.060420936567489446,-0.010526479915966527,0.3381113320397863,0.5517464829494098,-0.02789621415879136,0.1224466320749455,1.015960889775262,0.10028422662939565,0.1843976847875737,1.4854637815930811,0.05018496173813291,0.49521412598909526,0.08608808489782203,-0.06150071027126254,0.2998938731302383,1.030480953599143,-0.0404950756540538,0.27690924305281206,1.0059103643896659,-0.0636442092707035,0.21019157233177718,0.08178611112875489,0.2698160778703002,0.2097632246593053,1.143032419048269,0.4278247702797407,0.3192386039819061,0.8129182169028785,0.36545533475163383,0.176262047464707,0.035554775608055304,0.21717883651412856,0.2241739805398153,0.5193364814555399,0.30289056774591316,0.11540481833403005,1.012640361968469,0.21327323921187158,0.24260877012156887,1.4634453757688988,0.32885308175549177,0.34232731016156753,0.05109699442081017,0.31387376553617025,0.29600938360100687,0.9033109202638352,0.3749841370034571,0.27907460434605297,0.8980164068494497,0.41334134517728854,0.2524833255846051,1.4286174212511689,0.18247560415824923
2.1149,0.14058641345711795,1.4871186825258276,0.20771581396055055,0.35712052146870216,0.11053093353367285,-0.04723034399552302,0.3128518039578224,1.0030284026768914,0.05271994140856564,0.08798092174669687,1.1789129684059598,-0.06843487597361231,0.3692249071074744,0.9753365214868739,-0.0350374474365503,0.3156670149305489,0.0603875630353926,-0.006662646737211026,0.3372245064840679,0.5516435677585168,-0.027760153720213048,0.1219101055559803,1.0160595707326803,0.10195841092672114,0.18238596356803793,1.4851428929437571,0.04924532302382529,0.4955099197755116,0.08641087130847228,-0.060741897225593276,0.29636652034084954,1.0319695314821085,-0.0416589744475387,0.27334317688315934,1.0070783132773535,-0.06441134832769362,0.2102586171097351,0.08204845543740025,0.26989609444210816,0.21458710403196338,1.1428445144249477,0.4260201118721193,0.3238685836820101,0.8134715345172621,0.3596095635453349,0.1760443509303041,0.03584276560251606,0.21734405284645766,0.22607239635952464,0.5195823313305347,0.30236308824182695,0.1170018659118812,1.0128658901792655,0.21508818071715968,0.24576563932681417,1.4636996485910547,0.3274249261859783,0.34230606163806804,0.05108161466823248,0.3137331860727236,0.30046617527968283,0.9037069194822768,0.3701304426570431,0.2842197888178438,0.8981046273803005,0.4087536601255939,0.25320412517970514,1.4288673842884891,0.180485725761285
2.12488,0.1417286113896058,1.487460306833046,0.20754622249106222,0.35751807703425437,0.11036955382564252,-0.044588265716264355,0.3113163517857178,1.0031911801606426,0.05072949774150049,0.08290758632482677,1.1787150250051013,-0.06752609643273552,0.36578048569589333,0.9768431757766268,-0.037621221966486006,0.31691392758149894,0.06029662131629205,-0.0031273922927924575,0.3360622612044587,0.5514468229026077,-0.027572167152863272,0.12137613088396594,1.0160370672404826,0.10369321195654752,0.18028403389486156,1.4848113403979228,0.04834418175392292,0.4957809527347363,0.08671111262341855,-0.060099207731469255,0.29248713813064364,1.0330027324858928,-0.04342867315600003,0.26935023085945553,1.0079656954209824,-0.06588946576467289,0.21033843313910267,0.08232317757947273,0.2700025813208317,0.21979205565393434,1.1426996022047538,0.42400062649920206,0.3284914909041545,0.813975293311938,0.3535561500740784,0.17579756504092114,0.036152902639477145,0.2175623861645735,0.22805245576326652,0.519827935444047,0.30191750649122057,0.118668899817341,1.0129810573550468,0.2169140913884117,0.24908157484127666,1.4639606209868798,0.32576768282315544,0.3423063586073077,0.05103163141699444,0.31356678284927936,0.3050209627611482,0.9040843307056304,0.36502622991619244,0.28967604622432286,0.8982463356627088,0.4039940263566396,0.2538107063235118,1.42905037535983,0.1784059893669019
2.13486,0.14293412602676767,1.4877909366922855,0.20727949290871087,0.35794341578369543,0.11014545872976869,-0.04214296259389773,0.30979556084741056,1.0033322776969589,0.04870052221976197,0.07781276185294662,1.1785248775105843,-0.0664811261797607,0.3617998471981671,0.9775582964697297,-0.041053981779457405,0.31819913608698114,0.060120763500157014,0.00014821897329299571,0.33467263323823215,0.5511398632269864,-0.027374750382880595,0.12092816180964731,1.0159672983210868,0.10541064257994243,0.17813199943728686,1.4844739289010345,0.04740721517685196,0.4960624284605832,0.08699879319670796,-0.059595090524855336,0.28825527022557923,1.0335013788121818,-0.0457991378786665,0.26489483589151447,1.0084424970018135,-0.06799093527627971,0.21042798594125786,0.08260876688622527,0.27014963547329424,0.22533930355295015,1.142603833751405,0.42174108608757904,0.3331383362176079,0.8144476195055549,0.3473279636503902,0.17553355624878744,0.036473565118060894,0.21784461155738732,0.23010248878139802,0.5200719569469475,0.30151678280960564,0.12044238833273428,1.0130472565767386,0.2186791908059391,0.25247929443667005,1.46425388884951,0.32388533697699295,0.3423259092803892,0.05096535209228486,0.3134050830129072,0.3097249019583205,0.9044655237323727,0.3597118711986471,0.295415949384171,0.8984507304947515,0.39905273588473616,0.25441445937668994,1.4291984167879292,0.17620165310642433
2.14483,0.14424294192859352,1.4880435093527273,0.20685867809988273,0.3584082742715173,0.10982910230960102,-0.03976922381802973,0.30834950724845617,1.0034037451025173,0.0466195246980871,0.07277326225145929,1.1783183727765039,-0.06530174527822179,0.3572538634103706,0.977367355347041,-0.04524780909236526,0.3195733701221336,0.05983052232695663,0.003332413326495319,0.33306833223480614,0.5507014895157313,-0.027191597444292875,0.12063944972592082,1.0159559140656913,0.10703645340533297,0.17598862866911968,1.484143205167116,0.04638130663673158,0.49634440742311536,0.08726733373320042,-0.05920695230555678,0.28365635761457464,1.0333459383360994,-0.048731692115793326,0.2599196013380326,1.0083337739925546,-0.07057751965923127,0.21050288821675062,0.08289288525096865,0.2703445363810648,0.23113475352700005,1.142554946317359,0.41922542787777267,0.33786988358738074,0.8149158976099472,0.34101563069770124,0.17525832732038513,0.03678301254220792,0.21818625028197128,0.23215880040985093,0.5203122078825243,0.30109968303203416,0.12235174502821332,1.0131607621685201,0.2203165196634715,0.2558588139155682,1.4646048787671468,0.3218209166405143,0.3423470700125963,0.05091783229104221,0.3132796920926197,0.3146276843814401,0.9048694551264064,0.354288167726886,0.3013461864144257,0.8987068535786732,0.3939590890763924,0.2551358024936922,1.4293655077078349,0.17385788454937595
2.15481,0.14557767820178735,1.4882556121324828,0.2063443700138747,0.35884303757730496,0.10941303175167484,-0.03727387905832419,0.3068914866516473,1.0034432890043141,0.044428546525717615,0.06787738154995145,1.1781273074453096,-0.06403957434967726,0.3520703828747242,0.9761944867399057,-0.05010067403128981,0.32106496662879846,0.05945922444391883,0.006753362445605277,0.33119712688782155,0.5501426605401013,-0.026961549800745086,0.12043222492606648,1.0160065173643655,0.10856415399067028,0.1738932032701367,1.483821341541335,0.0453384099732702,0.4965491639389061,0.08747542618060945,-0.05888865824696399,0.2786530630098678,1.0324713808055193,-0.052133120141119156,0.2543959177489302,1.0076087817994561,-0.07358900490957496,0.21056588523372258,0.08319289468246889,0.2705605697026376,0.2371340972526954,1.1425458068549674,0.4164934921790762,0.3426627602286874,0.8153457153836383,0.3347422670307356,0.17498941658930564,0.03710059685012469,0.2185593802072696,0.23417744179685476,0.5205787399211967,0.30060864778787827,0.12433800067618028,1.0133397073024202,0.221802583631695,0.2592250797435444,1.4650003863259804,0.31961912746124843,0.3423819862207764,0.05093194277989859,0.31317652921492667,0.3196654735763227,0.9052592425513314,0.3488476889689848,0.3073894625744398,0.8989721129840579,0.3888221320888453,0.25589626956868305,1.429567008100801,0.17145545248096836
2.16478,0.14691208789024818,1.4884643972277798,0.20574848449975508,0.35920168926849383,0.10896314154520953,-0.03490261257099466,0.3054600015153718,1.0034787237296285,0.04216333756242724,0.06319615504126705,1.1779576007570176,-0.0627319758407632,0.3462744719691213,0.9740862965479067,-0.05559911487040722,0.3224772761147682,0.0590661319830772,0.010026237703087382,0.3291836623315648,0.5495285437475276,-0.02671496270719748,0.12030374405851202,1.016096529056185,0.10996023889624804,0.17189468008234796,1.4835052450593251,0.04428861612247929,0.49667172458096176,0.08760738879528177,-0.058605993921853436,0.27326204234478196,1.0308951949966219,-0.055977174920103255,0.24835820200796246,1.0062883360681685,-0.07700133147867984,0.21066929413282967,0.0835064909896224,0.270756305624494,0.2433212966725774,1.1426022622734275,0.4135913313366092,0.3475332261546358,0.8157673362184835,0.3285984580367251,0.17477317350256225,0.03742523852690119,0.21892346854655845,0.23612351826579392,0.5208703234374137,0.30000631453290005,0.126369012401291,1.0135623009459422,0.22311070240993117,0.2625776743898279,1.4654368189545308,0.31727573319518226,0.342477017115227,0.05100094460641074,0.31304241504666014,0.32481391665720494,0.9056531177770026,0.34346736599225297,0.3135374013969439,0.8992680387114892,0.3837280610089811,0.2566531127208642,1.4297923868271065,0.16903471577082696
2.17476,0.1482886979624823,1.4886877574727102,0.20502124496565868,0.3594768381114553,0.1085961320041134,-0.033255291622473725,0.3042081571927568,1.0035171463208772,0.0399356455562327,0.05873793552205889,1.1777778442826885,-0.06137956644516416,0.3399388287196804,0.9711864313305346,-0.06184844936490488,0.3234495254162357,0.058714883947168846,0.012181599197245953,0.32728421037769023,0.5489576084695535,-0.026571763146935996,0.12033499560393932,1.0161952834546173,0.11118037821199263,0.17002457553150999,1.4831846078853672,0.04316384346700393,0.49678502102467964,0.08767975299420588,-0.05833848710569699,0.2675118105019001,1.0286995938883294,-0.06033194746194613,0.24184873604711268,1.0044206759306338,-0.08083735696935879,0.21088973304251193,0.08381151100500626,0.270903748323243,0.249741633377796,1.1427791822784208,0.41053847193338144,0.3526022591823421,0.8162898525765172,0.32257091282846956,0.17466277458190388,0.03773377125954658,0.2192528357332254,0.2379861741625214,0.5211549314927414,0.29928538490684126,0.1284649792807549,1.0137817885888871,0.22422645610697362,0.2659127957293958,1.4659297177884427,0.31473038082673044,0.34269006680557296,0.05107122952646974,0.31281706750397836,0.330155866228764,0.9061370937260571,0.33815192061009147,0.319903971770619,0.8996860246648157,0.37867306245991394,0.2574280883812702,1.430014589371088,0.1665647691213566
2.18474,0.14963454596688744,1.4889173214897387,0.2042076922071103,0.3596380579057191,0.10829361160581073,-0.03225237488405874,0.3030919341395262,1.003588938862271,0.03778797650341833,0.05452304262634035,1.177561782208827,-0.05996686117073414,0.3330349164165406,0.9675345756575514,-0.06880781713704925,0.32401540990501093,0.05840235140749936,0.013387432982732029,0.32541310439470716,0.5484325292878346,-0.026521068385620045,0.12047971229869693,1.0162876556857574,0.11228598214104568,0.1682296295164176,1.482845909585854,0.042015242116427355,0.4968811789706609,0.08769347506540573,-0.0580691657659482,0.26141015741773593,1.025931463342813,-0.06515378485986648,0.23488682489491364,1.0020797244163424,-0.08508137187127773,0.2111327833820428,0.08410662026086749,0.271127998031437,0.2563350788743111,1.1430859786081997,0.407360617596246,0.35802970822397073,0.8169994022630112,0.31659222451855806,0.1745743503394813,0.03802587844784748,0.21967145860730916,0.23975140046642368,0.521435257726586,0.29853954246805453,0.13058689032141702,1.0139689966206866,0.22520159743083845,0.2691467062324901,1.4664882484898434,0.3120335112273247,0.3429369485406855,0.05113416884113849,0.31263650703594575,0.3357830627159693,0.9067770153366096,0.3328498407199811,0.3265863886741576,0.9002813655891357,0.3736073691601728,0.25815434305689194,1.4302240173185794,0.16407572897564543
2.19471,0.15087701076060808,1.489133321543299,0.20335947683221062,0.3596769196631997,0.1079987130169577,-0.031602419903066385,0.3020175584382862,1.0037060278542362,0.03569384167248751,0.05059126899689014,1.1773012536375085,-0.05851823052500929,0.32549149500375996,0.9631190303636513,-0.07640192458899396,0.3243605069118619,0.05810241522839215,0.014154714101990365,0.3234161658446061,0.5479223210362503,-0.02653294875220765,0.12066541045910817,1.0163804603814506,0.11332038403162141,0.16644263862521305,1.4824922420489333,0.040906091241519935,0.49693699170478317,0.08765776927343918,-0.057819301495749036,0.2549524442970006,1.022615653318324,-0.07040056502572863,0.22747472519175657,0.9993293151653754,-0.08972497912309027,0.21130753266282193,0.08439293988571937,0.2715013424106385,0.26301163624249624,1.1434997982532773,0.40406945526902477,0.36393461926805487,0.8179252128032545,0.3106106822557367,0.17443534992516788,0.038305755416544615,0.22024522671233637,0.2414102510631704,0.5217194239647988,0.2978237857566228,0.13268904073703433,1.014125230993552,0.22606502529643535,0.27220371455294,1.467109295991515,0.30926039135758243,0.3431349750844434,0.051192794537501925,0.31260420255750737,0.3417711859157012,0.9075966510224209,0.32751668410162743,0.3336378450435716,0.9010641614187435,0.3684879366956079,0.25877363291306477,1.4304283380909097,0.16158885130704476
2.20469,0.15207672129464692,1.48931565639349,0.20243413915116742,0.3596665615391559,0.10771215398800911,-0.031265896933606534,0.30099723040931387,1.003806068383819,0.03353577871844603,0.047025856432901546,1.177025406184759,-0.05717580594228417,0.31724093269635006,0.9579064353673932,-0.08464275569352354,0.32459679550339204,0.057806290670564246,0.014543080132879612,0.32135851418707134,0.5474200067306463,-0.02667996255918176,0.12090440517525994,1.0165189984013752,0.11415816157186925,0.1646587675720385,1.482172375765044,0.03979267026388671,0.4969837334474982,0.0876198348327702,-0.057702055602216584,0.24812566602392763,1.0187532499190746,-0.07616701953876648,0.21959566337673195,0.9961703457525329,-0.09482495796866484,0.21152658733207144,0.08465362285462927,0.27179087776324,0.2697271710289653,1.143970372890398,0.4006321456034758,0.3702928654009684,0.818981971203204,0.30467851916505645,0.17435769302817614,0.03856255975584644,0.22072537345661422,0.24296828272424478,0.5219890508761078,0.2969820298522281,0.13477882511395584,1.0143087180926722,0.22670995272329633,0.27511601835822097,1.4677668345848456,0.30642014878562956,0.3433667447217668,0.05122698016641268,0.3125202203807358,0.3481494078188876,0.9085393548878575,0.32219187537747174,0.3410231466748728,0.9019750220621884,0.36334162581385127,0.2593518584363578,1.4306589061734751,0.15903225005572805
2.21466,0.15322885597053829,1.489459724147663,0.201444424698333,0.3596200902299264,0.10742564898275807,-0.0311188956796094,0.30007369473204754,1.003865462169671,0.03131179310578022,0.0439562802603334,1.17671766483526,-0.05600107021479492,0.3083896001763331,0.9519728507164138,-0.09331900354431104,0.324756203709387,0.057506903868281035,0.014695625118798277,0.31927607811656883,0.5469112076668959,-0.026920894590830552,0.12123306189043515,1.0167259899025187,0.11477518197956513,0.16287896365245003,1.4819049370929152,0.03868388838351747,0.49701042897659803,0.08757240643197499,-0.057680428573972625,0.2410415524702539,1.0143887031004593,-0.08232478410846132,0.21138304461872584,0.9926301894669107,-0.10023118650727039,0.21180797741591145,0.08489554565969783,0.27195351715457,0.2764418794493778,1.1444771746686455,0.39707146479075145,0.3770275859795446,0.8201100101414333,0.2989022153573732,0.17436270361600295,0.038811769118091866,0.2210589237790699,0.24441273252172,0.5222502677143166,0.29599520092305337,0.1368762520568393,1.0145502737230339,0.2271186944476119,0.2778915824679897,1.468432337259937,0.30353774997645705,0.3436385245856809,0.05122827165126659,0.31236385642528514,0.3548594485165055,0.9095609791811305,0.3169593916308035,0.3486564987785009,0.9029737270597679,0.35824946144265213,0.25989636046222975,1.4309342452105156,0.15641901394840854
2.22464,0.1542562745830353,1.4895761983664737,0.20045014239604336,0.35948581627851034,0.10711077240541143,-0.030941275969432563,0.2992944927648597,1.0039116197827536,0.029117208631267082,0.04150741517279209,1.1763082714765465,-0.0549550464152976,0.2991269195208146,0.945449932549711,-0.102065240508632,0.3248117656042599,0.057192702207441264,0.014881042023653977,0.3171270776738699,0.5463691702750855,-0.027110799005162774,0.12169882181746848,1.0169946517138309,0.11526825115572241,0.1610831259894966,1.481666805616234,0.03763478240444497,0.4969650692140234,0.08745440823822945,-0.05757599048497706,0.2338609234472858,1.0095714336564647,-0.08856476468280408,0.20303698137869647,0.9887370845412436,-0.10563507597317257,0.2120526018831211,0.08515196348667464,0.2721727200986068,0.28316145718883484,1.1450388000009513,0.39342928104724245,0.38406237066881815,0.8213017009661024,0.29334796515653105,0.17435742828634748,0.0390945120613165,0.22143025874054514,0.24573122364149147,0.5225375266035308,0.2949932211068304,0.13902221981953097,1.0148441493304627,0.2273765781247504,0.28052027725658385,1.4690878542769488,0.3006300883961326,0.3438648879920498,0.05120667286626804,0.31232217061246764,0.3617990441789975,0.9106490112582365,0.31186624791510126,0.35646535866176293,0.904057264815499,0.3532695408372376,0.26034509365202724,1.431256655234949,0.15382772209200463
2.23462,0.155162059960381,1.4896519670049464,0.19935758613361887,0.35931948841308303,0.10675753869519763,-0.03083458004520505,0.29870561158981085,1.0039364399548807,0.02687335077459991,0.03969776772124774,1.1757678763586885,-0.054144540935138534,0.28943129949075813,0.9383311187979253,-0.11071879609353714,0.32482667577465296,0.056848677757411405,0.015005469267690447,0.314955081687242,0.5458014131992974,-0.02737325722080525,0.12233185753266125,1.0173203933377366,0.11554116244191508,0.15925322835717662,1.4814480299760906,0.036556885593703646,0.49689851303933097,0.08729483802175131,-0.05749482255039179,0.2265632757257179,1.0042724845301734,-0.09481357085418815,0.1945605050141812,0.9844469496288106,-0.1109517409505496,0.2123015177781413,0.08541980392909876,0.27237270174498773,0.28979351876361725,1.1456582712952135,0.3896206787576598,0.3911255928049611,0.8225097646456825,0.2878891149032172,0.1743737067150872,0.03939317779498883,0.2217716283271299,0.24697296438885796,0.5228453223696088,0.29389504943989536,0.1412362315981126,1.0151937987029223,0.2273969977562994,0.2829920683262819,1.4697397994070016,0.2976351826107877,0.3440924377587799,0.05118301574174489,0.3122957975914723,0.36874371592218486,0.9117572479880997,0.30680165419960453,0.3642608148320397,0.9051931385221793,0.34829864694357215,0.2607131241250037,1.4316253847319413,0.15119509964395855
2.24459,0.1559666769983656,1.4896790003885045,0.19808486405799172,0.3591682253243308,0.10636496438700536,-0.030916198308258945,0.2983052139054913,1.0039303453571513,0.0244937673714212,0.03848826451316424,1.1750655161685597,-0.053648477004542755,0.2792173594829283,0.9305791198555895,-0.11917738877789533,0.3248498716522665,0.05646571324581006,0.014944402715451275,0.31279281572390544,0.545217730182678,-0.027841430453725117,0.12310949965547043,1.0176809411648382,0.11549502218523235,0.15737033061983724,1.481228224093817,0.035357842416302014,0.4968574207090198,0.08713515605745326,-0.057550095008660936,0.21907418697192754,0.9984523773389345,-0.1010362705110674,0.18589339813942674,0.9797177580909503,-0.1161409033293463,0.2125873014706065,0.08569020262715678,0.27245630358689366,0.29622867780928686,1.146318184703913,0.3855465006134841,0.39793613959578183,0.8236875103963651,0.28231256469403193,0.17443214146198932,0.03968264060601063,0.22199765264675222,0.24817838316538482,0.5231589727556684,0.29261581832749767,0.14349171757658688,1.0155840113394299,0.22709507726127795,0.28529295667370375,1.4703953442224371,0.2945095297167438,0.3443584426269965,0.051177767022398145,0.3121599809938334,0.3754756422820016,0.9128429560491091,0.30159105913028317,0.3718398780024858,0.9063394817280823,0.3431655737218435,0.26101477948337126,1.4320246132230423,0.14845269756524607
2.25457,0.15663460621481679,1.4896915635175894,0.19676831670889067,0.3589247938546885,0.10593283139171844,-0.030954875966363316,0.2979712305543085,1.0039252559069525,0.02208869080122405,0.03783069426440456,1.174113943056446,-0.05329601473921075,0.26849073139426627,0.9222423661791534,-0.1272392086629747,0.32478181388709565,0.0560545955174377,0.014933614955596017,0.3105399965064429,0.5445923791239987,-0.028345167530973905,0.12389375867464925,1.0180036350900252,0.11526014603184317,0.15541252935398245,1.4809423326078837,0.034111871598499655,0.4967524878496177,0.08693788560725496,-0.05752443159695046,0.21140290430840258,0.9921363394573649,-0.10700276278820547,0.1770552930505324,0.9745989738687154,-0.12099792294550202,0.21274675232778914,0.08598395087244748,0.2725933912433385,0.30242903021723005,1.1469687507386521,0.38122497317951193,0.4044252537938686,0.824841349665283,0.27641521422346593,0.17436974748397147,0.039990184460564286,0.22229111937416784,0.24928974207142127,0.5234890849027536,0.29132277523276273,0.1456669193308956,1.0159375042091152,0.22660005625576057,0.2873939550705625,1.4710342385750177,0.291354093293045,0.3445130630495928,0.05119792494672044,0.31207949864946366,0.38194003881175687,0.9139158258407143,0.29608586987014307,0.3791018669081582,0.9074681993518776,0.3377181471557178,0.26116537446420646,1.4324018880618854,0.14569427674063076
2.26454,0.15721769769148322,1.4897040804479476,0.1954318847598822,0.3586430247185212,0.10548071998156855,-0.030925867018938,0.29766883128091653,1.0039334609639916,0.019701036308518063,0.03771237687899728,1.1729267930627196,-0.05306761963824337,0.2573463302879157,0.913499845883235,-0.13478829292882752,0.3246838128863436,0.05563419681102503,0.014996024595307281,0.30823616574591006,0.5439349253252349,-0.02886161370693983,0.12464513548104003,1.0182510007397036,0.11489384502736627,0.15343402554014612,1.4805781445460726,0.03283434684786493,0.4966289509133135,0.08671730671085538,-0.05741404643811172,0.20361492994765773,0.9854583978787922,-0.11262658678180615,0.16813874645203497,0.9692207663450719,-0.1254458088775865,0.21280638584083697,0.08629850569911629,0.2727752608621603,0.308407783292731,1.1475862769047613,0.37667940064701927,0.41061433434517297,0.8259821543691506,0.2701278498094254,0.17421530764480186,0.04031662079064119,0.22263862882319216,0.25036659421183316,0.5238258683454168,0.2900623238632144,0.1477260351884236,1.0162145490715617,0.22596970592288035,0.2893404425163844,1.4716468355210202,0.28819556806038443,0.34458251972609044,0.051243029951661516,0.31204741628611843,0.3881584692877322,0.9149862779573956,0.29023789835337843,0.38603926277475553,0.9085648241421783,0.3319035902764148,0.2611959557649424,1.4327304284096594,0.1429283760789695
2.27452,0.15785638216602887,1.4897012877763651,0.19394411041135273,0.3585324362524653,0.10503657661453913,-0.03104903886916021,0.29746069552826115,1.0039335044799405,0.01725735819519065,0.03813596694335186,1.1716250911773136,-0.05313172270770475,0.24584721140522015,0.9045779284330305,-0.1418795312278631,0.3247718150692949,0.05521821513736512,0.014904910723981533,0.3060473786954272,0.5432858160469256,-0.029554530511777054,0.1254424675564828,1.0184385766945852,0.11434209718463074,0.15153487890144604,1.480179841966649,0.03145229475487015,0.49666016409387376,0.08654051206037103,-0.05746304026658825,0.19573730128633204,0.9785993361718415,-0.11804604383158934,0.15920429806110745,0.9637405676272115,-0.12961130371289648,0.21299263669594756,0.08660437206428256,0.2727859567936087,0.3142618684959579,1.1481866607678344,0.37188957155137176,0.4166155721580281,0.8271226619404818,0.26348088569435496,0.1741957765212846,0.040629182539174774,0.22280323041313513,0.2515866630502563,0.5241379435699367,0.2887141734667876,0.1497465210690724,1.016432879890478,0.2251525173574618,0.2912619744856479,1.472242241595871,0.284938579165298,0.3447765533670988,0.05130398326080529,0.31185387833924544,0.39423808689351475,0.9160626335929147,0.2840618023543899,0.3927736280511259,0.9096372360644299,0.3257345364389711,0.26126183018079235,1.4330198859657648,0.14003915926914565
2.2845,0.15849019862224706,1.4896697522831903,0.19235466632111897,0.3584087672283166,0.10455434788032306,-0.031144504349092942,0.2972622044563215,1.0038730095179804,0.014825978629068585,0.03895395632819238,1.1702764158171801,-0.053468031295252974,0.23395245571375098,0.8956696260692787,-0.14841759932006804,0.32485727788752133,0.05476910196156002,0.014864205879831553,0.30388153438649007,0.5426133086007159,-0.03028227403933869,0.12620687113461948,1.018592541506527,0.11366863307219632,0.14965045972235416,1.479728089515989,0.03005029998114975,0.496658278309151,0.08633542652624254,-0.057510331333155376,0.1876949055562956,0.9717128424336384,-0.12318059433386169,0.15019521894736254,0.9583321659544126,-0.13350271138011505,0.21314400885899823,0.08688693684567225,0.27272669645532926,0.3199458765369009,1.1487730777360259,0.36694036385229906,0.4223012549996512,0.828244530755907,0.2565678992422615,0.17415293183465327,0.040917902575940655,0.22288143923755985,0.2528039694343591,0.5244161679504632,0.2873716213320939,0.15164433214144565,1.01661562790568,0.22421424566616074,0.29312062458190885,1.4727968234366542,0.2816242981501876,0.34492100984118146,0.05134823755381526,0.3116292256698077,0.40005472730384567,0.9171285762677316,0.2776335509395296,0.39924042804109405,0.9106868606978431,0.31929920074143997,0.2613244395408302,1.4332602589455208,0.13712151516944637
2.29447,0.1590459110524646,1.4896034888892662,0.19075592723111903,0.35809164278629885,0.1039997479268835,-0.031001709390710567,0.2970098549354409,1.003734250099519,0.012457122752923523,0.04000971578880251,1.168922057601389,-0.05401754185637971,0.22165574754610565,0.886971230146707,-0.15435590272517916,0.3247546093523772,0.054265522381070845,0.015104951689503756,0.30165483064206344,0.5418867413528752,-0.030886458098457685,0.12687659568380902,1.0187309342530373,0.11292619403443512,0.14772120603682695,1.4791946203194384,0.028716437492758155,0.49645131551461,0.0860322764835594,-0.057359663902814495,0.17943748194457096,0.9649505922662626,-0.1279477407967965,0.1410714176788214,0.9531672234694497,-0.13713537113514124,0.21309817452920338,0.08714876990452379,0.2727169407095119,0.32543774149094407,1.149358936504323,0.3619179300249184,0.4275450828757602,0.8293333098835253,0.24947799518792782,0.1739277689128434,0.041191040498636596,0.2229962917719045,0.25387212419304034,0.5246682857051695,0.2861168008118493,0.15335981084189632,1.016777995537435,0.22321090188953183,0.2948631076153041,1.4732981934707277,0.27831898889745754,0.344847095606553,0.05136029894885202,0.3115195702022352,0.40548832680705366,0.9181731163769942,0.2710285647765216,0.4053895600336219,0.9117257981808022,0.3126845564991781,0.2613243308767987,1.4334483148819812,0.13428908597360587
2.30445,0.1596800003418645,1.4895123160974297,0.1891140104815596,0.3579294006775582,0.10346684382994945,-0.03085962818465404,0.2968950217897034,1.0036312733896249,0.00996297443628615,0.041321118722481544,1.1676072556005799,-0.05487435997244061,0.20918075009673406,0.8787446416094067,-0.15996815054473132,0.32481797043053523,0.05379632111804308,0.015358704000525953,0.29965045258374184,0.5411742240310952,-0.031571909056980554,0.127646813109524,1.0188381284350068,0.11197550056816002,0.14592048830395402,1.478611916498857,0.027340287987390736,0.4963845386561707,0.0857508175271316,-0.057258947211094056,0.1711152370198659,0.9585038145133712,-0.13254501273820238,0.13199347711805628,0.9483979970709949,-0.14069609806295755,0.21320155488980927,0.08741795655486932,0.27250365025210505,0.3309577863799593,1.1500030703634032,0.35677660960215457,0.432527864873421,0.8304232742981081,0.24221726630275917,0.17386679065225616,0.041474145227653525,0.22289886354467028,0.25506784627467416,0.5249171192073946,0.28471524236080464,0.15511162987837898,1.01690871142499,0.22201073102358476,0.2966130696366094,1.4738065636333577,0.27497636971199607,0.3449055483311314,0.051401093009360826,0.3112623428277488,0.4107225756592093,0.9192293992963467,0.2642501886139918,0.41144473990120095,0.9128023311868096,0.3058847779870569,0.26140255345902536,1.4336257186983181,0.1314291519117037
2.31442,0.1604378596530888,1.4894026796379314,0.18748104370312732,0.3579484669481664,0.10297832203824252,-0.030783542103581554,0.29693899890438874,1.0035877605357137,0.007293654334701286,0.04269367121551109,1.1663836519525717,-0.05598291457463533,0.1965832817086649,0.8712344265371631,-0.16534478896088942,0.32506891982457226,0.05338048281442203,0.015548417299919525,0.2979237776825104,0.5404982327334713,-0.032418985972242256,0.12854962176336915,1.0189177592107035,0.11079134028445256,0.1443156780173826,1.477992639600015,0.025929957155818494,0.49648262910019914,0.0855149639269096,-0.05726251174851331,0.1626932432139982,0.9525555993157078,-0.13701169853888315,0.12293250732854706,0.9441403632019639,-0.1441532462195612,0.21344374373818747,0.08770146342071057,0.2721054750890313,0.33654196410836185,1.1507059295037418,0.35160054464118856,0.4372856093881443,0.8315010581027759,0.2349352160867647,0.17395582476259985,0.0417632606432445,0.2226197663686484,0.2564210057034073,0.5251629790619156,0.2831047939810035,0.15694708146851408,1.0169999349678824,0.22058565598240037,0.29842821252593454,1.4743246524662668,0.2716222191152218,0.34509258820287786,0.05148557448809366,0.31085695046205597,0.4157835634100868,0.9202780921868612,0.25744944852535945,0.4174188902140781,0.9138962381528773,0.2990467028310123,0.2615841679217178,1.433800259626476,0.12854747400730207
2.3244,0.1612225567121351,1.4892757423572456,0.1859967204997734,0.3577703604048385,0.1024600495425509,-0.0305849662614901,0.2969516444624502,1.003512973166512,0.0045650570917176855,0.04371571503543007,1.1653037338620282,-0.05712309583854111,0.183622435009676,0.8645751394619626,-0.1703688283099595,0.32511237061529213,0.05294491487213083,0.015877843125873623,0.2962286932720869,0.5398140018619875,-0.03332535134014866,0.1294161338076178,1.0189977306278906,0.1094928711997366,0.14281228750970454,1.4773194314714369,0.024638118760549083,0.4963705692111007,0.08522094808979058,-0.05715020910531821,0.15386475091813984,0.947216621026787,-0.1412099509536403,0.11357604814238827,0.9404411995308968,-0.14726753639546045,0.21338603026764053,0.08798223253316528,0.2718737402941527,0.3420565598049298,1.1514072387176333,0.346568370516896,0.44169872628291934,0.8325106340630664,0.22784144742749204,0.17374716601017381,0.042024243560018666,0.22253067646669925,0.25765735708530546,0.525383432418362,0.2814445721496173,0.15870656185113052,1.0170524827228402,0.21903945609836906,0.3002892453962407,1.4747875352092727,0.26833226081282757,0.3449768291891749,0.051569634748001615,0.310631133558646,0.4205316306857725,0.9212526615011368,0.2508450716491114,0.42312684889186425,0.9149264625894459,0.2923921326883554,0.2617483472640272,1.433936351073042,0.12578576433207278
2.33438,0.1621433542533151,1.489153668286967,0.18462844472040735,0.3576098036488132,0.1019685697124468,-0.0303812771880713,0.2970385431747701,1.0034530956977672,0.001757270694748166,0.04438428887291034,1.1644737827544827,-0.05832247929937441,0.1705581062467666,0.8589120301548719,-0.1750327206857173,0.32515172306357354,0.05253695144394008,0.016209128705154122,0.2947519768906818,0.539172978341565,-0.03440596400916139,0.13032691620290152,1.0190597799609034,0.10806640629073724,0.14151053641548753,1.4766599657015655,0.023466564108214006,0.4962699600812171,0.08495380531069581,-0.057013919771611986,0.14481909119807826,0.9426471933560557,-0.14513940561123256,0.10411240900318798,0.9374628996990715,-0.15015493066647184,0.21326600682573033,0.08826566999565029,0.27173094179596985,0.3476746372410269,1.1521226150290769,0.3415975537144791,0.44584771778278276,0.8334889565242142,0.2207230085659381,0.17347060493356917,0.04225938340151225,0.22256067882112535,0.25893530022117617,0.5255864825283036,0.2796743077438547,0.16046735057164385,1.0170521797480219,0.21736485174086362,0.30231799897310296,1.475196785920657,0.2649916006125017,0.34480805007628257,0.051679931179907344,0.31048427366603476,0.42503971161803095,0.9221832036733071,0.24423524055607887,0.42871642347504063,0.9159327159315617,0.28570274688581676,0.26199342246897345,1.4340219415096385,0.12313532820108807
2.34435,0.16331858188200007,1.4890531750878204,0.18329685533131898,0.35775090413681615,0.10158577757194252,-0.030339515635209084,0.2973270813459573,1.003465866612345,-0.0011758775307355877,0.04478852576398432,1.163980061600946,-0.059641981040527724,0.1577252839137672,0.854321573497969,-0.17933341758725727,0.325466302143938,0.05222804752922866,0.016348298665271255,0.2937039713811096,0.5386404314841697,-0.03577982303321383,0.1313894014592082,1.0191039347633943,0.10647051670578829,0.14051698587892986,1.4761002756862562,0.02236523478636,0.49647406158720087,0.0848286516499121,-0.057006551371708764,0.13583359461359404,0.9389570312999902,-0.14882355588573817,0.0948156583959217,0.9353288841279336,-0.1529679368064209,0.21342684099118417,0.08856291566526464,0.2714860703839147,0.35355385335364775,1.1528728768709524,0.3365625600680167,0.4498202290364067,0.8344841883682518,0.21330774133305783,0.1734621728503534,0.04248949193358057,0.2225152247314503,0.26046935603171567,0.5257868731837244,0.277704837592189,0.16233408585389753,1.0170154381334024,0.2155317271464742,0.30459624487554343,1.4755737976965182,0.2614981491639437,0.3449357386390444,0.05184442980694083,0.31020618053776194,0.4294160937827483,0.9231239282397695,0.2373575209479517,0.4343461732920492,0.9169705863056208,0.2786985307740324,0.26244389039298976,1.4340690703872683,0.12053517801563476
2.35433,0.16459587745662782,1.488946322549171,0.18203970687057136,0.3578222014135656,0.10127755113955991,-0.030322632603733544,0.2975823442533361,1.0034442469962706,-0.00415218094235524,0.044690672567955655,1.1637829960059334,-0.060881639672053726,0.14497128469927395,0.8506892428899645,-0.1830975913129482,0.3256899103146263,0.051984828533516686,0.016439012043986654,0.2927451810307773,0.5381834701170193,-0.037262259731072125,0.1324263133472666,1.0192471990403111,0.10477905219292984,0.13968006278420833,1.4756593521422674,0.021360954734825136,0.49662221653280075,0.08477505300324298,-0.05699921892404556,0.1267357852294274,0.9360587976682613,-0.15213757221212562,0.08549937056008478,0.9339042103588368,-0.1554438314257374,0.2135404102168052,0.08886815589082099,0.27124746698264535,0.35936092819688026,1.1535825799073773,0.33159326022949226,0.45342268486857124,0.8354419308850051,0.20575761858565206,0.17338696382605054,0.04273445915235368,0.22249011496344304,0.2620097154950466,0.525974128158296,0.2756866178036295,0.1641430263205687,1.0170654026670953,0.213608364163651,0.3068893001810182,1.4758974859040654,0.25806017520745583,0.3450147243104621,0.05199278263181314,0.309896930854492,0.43354990669583415,0.9240572947877602,0.2303770419586419,0.43971518611846544,0.9179658854074016,0.2715516528218122,0.2629841574625191,1.4341214800823363,0.11800103023385283
2.3643,0.16589280973756074,1.4888364849218076,0.18088026159811865,0.35770437182597353,0.10101254390499423,-0.030228753274795697,0.297734245709151,1.0033684119084376,-0.007119913142002921,0.04404565934855168,1.1638750614890578,-0.06194972081648423,0.1323184595579923,0.8479219699976002,-0.1862330605168312,0.32571147384635213,0.05177894997360846,0.016597194709254286,0.2917545736695599,0.5377753288178905,-0.03873105484355779,0.13338441620705874,1.0195150142948222,0.10304409226503958,0.1389520559876576,1.4753609100438074,0.02048332983069012,0.49659482778907565,0.08476478889248101,-0.056895307630566404,0.11752789697841348,0.9338869974538951,-0.15500969917824728,0.07615174584910683,0.9330966141157403,-0.15745450809682868,0.21351133412530268,0.08917950978647475,0.271091355397579,0.3649155382562383,1.154201216497803,0.3267361412942527,0.45660224489340656,0.8363436097828314,0.19816899876558575,0.17315567507086932,0.04300011252881922,0.22255138819014514,0.2634778946301857,0.5261516583918461,0.27371222949870605,0.16585256713760038,1.0172244583150927,0.21164416744594802,0.3090945543405727,1.4761598812808565,0.2547926354521911,0.3449417174263987,0.0521063925405593,0.3096445896394288,0.43740261584737694,0.9249638449086189,0.2233946642370686,0.4446634094075487,0.9188651411670004,0.26437798272679003,0.2635546105797898,1.4341964056892296,0.11556991852847312
2.37428,0.16727545255070725,1.4887717998701355,0.17978922577293158,0.3576855488597372,0.10078660057911708,-0.03007523898408272,0.29796959962844977,1.0033490780264724,-0.010122012839963371,0.04309080928823767,1.164305422181933,-0.06294052272795166,0.11996659402612139,0.8459577827696839,-0.18881637996077816,0.32582967290646214,0.051609499710865855,0.01681990300887182,0.2909480501030782,0.5374134671417591,-0.04022063127218344,0.13441358932733435,1.0198070400168961,0.10124755667644672,0.13844416393779754,1.4752431769270853,0.019732828839186818,0.4966673158739526,0.08485053588996032,-0.05671245778346889,0.10841815100297164,0.9324127124943479,-0.15748929363082415,0.06696779841544723,0.9329046383346006,-0.15914146684763683,0.21362970971795162,0.08950937232815592,0.27098179109878895,0.3703669118139742,1.154734766903887,0.3218430778549164,0.45954950735266753,0.837235873297311,0.19040939853430264,0.17307543253304464,0.04328403473891032,0.22265894063278915,0.2650841452884012,0.526347047126503,0.27173144451135567,0.16762382909992227,1.0173821350685157,0.2096222699715581,0.3113438435496287,1.4763774254462072,0.25160683224551295,0.3450123459192214,0.05224429144680611,0.3094441962210319,0.44109099945014363,0.9258432756789835,0.2162847727492417,0.44934313769290724,0.9196790094202051,0.25706524210678056,0.26421114229859327,1.434275995985404,0.11325785968465046
2.38425,0.16876474742781308,1.48879150192156,0.17875777759538822,0.35776858249279403,0.10061184097535085,-0.02998105630614548,0.2983121913904565,1.0034264799474277,-0.013212960135078779,0.04192746556109437,1.1650684931975297,-0.06385763526356007,0.1080324010246101,0.8447432739641948,-0.19091195003367348,0.32605254218964275,0.05148624233468783,0.01698588619490469,0.29027882260955057,0.5370982307948503,-0.04178744896582262,0.13553091223195676,1.0200792162619123,0.09934793536401063,0.13816916816347366,1.4753326980258639,0.019060902112318496,0.49683243444966835,0.08501170110577991,-0.0565961730624944,0.0995396932446117,0.9315841211118215,-0.1595705607234575,0.05807476411917126,0.9333180681454293,-0.1606109067085871,0.21387576565350255,0.08989431388514414,0.2708243542498237,0.3757387434795615,1.1551828823001271,0.3168398123271669,0.4622871343603396,0.8380907020400585,0.18249252751275738,0.1731233894884349,0.04363182598387058,0.22270784673508745,0.26678640546017157,0.5265905392166889,0.26967235954352214,0.16946587330406546,1.0175054869361806,0.207494893951029,0.3136598648799168,1.4765368015648892,0.24847965445767586,0.34519503082082315,0.05241123738770862,0.3092177309326119,0.4445739640411353,0.9266678529511422,0.20901536754261893,0.45384882177618857,0.9204330836591659,0.2495594649480708,0.264942503777186,1.4343642020840306,0.11104168137103862
2.39423,0.17038529178716574,1.4889094126648836,0.17782098889180925,0.35782034730693696,0.10049269682067086,-0.030014527931475302,0.2987043162833851,1.0035898760090456,-0.01641651950002349,0.04054539861504921,1.1661531052693843,-0.06461721937330663,0.09647428938034663,0.8442451327623892,-0.19257831017066782,0.3262483586027136,0.05141332069380895,0.0170230336283171,0.2896052785020306,0.5368234892207144,-0.04344161672218296,0.13669590461869333,1.0203329165375843,0.09733615879533584,0.13808588695635812,1.475655341185024,0.01846407488076061,0.4969488064672594,0.08519464509689825,-0.056645369250789016,0.09087150703719811,0.9313620617359161,-0.16124311274875894,0.049444470111046426,0.9343181466932675,-0.1618766325885025,0.21409464062750755,0.09037066711007957,0.27057696204336296,0.3810161366258072,1.1555392403065257,0.31171547538215455,0.46480239822044145,0.8388693831108618,0.1744825632980614,0.17313459892651575,0.044093175238283544,0.2226522622436469,0.268451894825982,0.5269045066589315,0.2675170384318655,0.17133567969012117,1.017610479137776,0.20524541814846464,0.31604297664039327,1.4766222618794866,0.24543566553941112,0.34532144429128037,0.05259447714250816,0.3089301614139881,0.447798994079411,0.9274114279362798,0.20161336729689633,0.458235582734484,0.9211459573847095,0.24186325720701463,0.2657323993427757,1.434478715977304,0.10890343297598197
2.40421,0.1722218926105486,1.4890809807699714,0.17713115137650856,0.357766499113749,0.10039370751240125,-0.02995659147845287,0.29910665398573943,1.0037926741044019,-0.019591690327956223,0.038850490867243966,1.1676079372704027,-0.06500916716548542,0.08517883237323892,0.8445202128034415,-0.19384084378136535,0.32633803041271486,0.05136832485647967,0.01716544877030249,0.2889443844093777,0.5365697725090902,-0.04500536299438259,0.13789069012216768,1.0206046605993304,0.09536629269111213,0.13816323647114856,1.4762544049941395,0.01815890845032208,0.49693294886705025,0.08536265190787544,-0.05664375160892515,0.08225580379616391,0.9318127084029738,-0.16252936825061284,0.04089889167218535,0.9358844762038296,-0.16272183510541569,0.21422544337444446,0.09093085727547345,0.2704321716587899,0.3861712502191178,1.1557841399803288,0.3066254996571045,0.46719068581106726,0.8396009510261919,0.16652105919803942,0.17305234538518133,0.044650239529042464,0.22270627991645647,0.2700468710201833,0.527281007423907,0.2654699326518296,0.17324164023412042,1.017729246975686,0.20303298633069838,0.31856112124139685,1.4766535031493853,0.24259237815581494,0.3453406951694142,0.0528130385559044,0.3087777174389,0.4508559687510316,0.9280784534706337,0.19427314286716663,0.4624580410285164,0.9217825121535945,0.2341971808203812,0.2666453178664264,1.4346405630892218,0.10694509023132834
2.41418,0.17430501743431456,1.4892801284826216,0.17672252786824455,0.35766331330317697,0.10031540079663241,-0.029824755218919242,0.29955027710715243,1.0040206088687995,-0.022699740008747568,0.036848782319752464,1.169479476960389,-0.06503187895539334,0.0741351840048421,0.8456374102236638,-0.19490446960442845,0.32637364663797597,0.05135730551498701,0.017397327998839505,0.2883854012184684,0.5363490506590181,-0.04646983639425414,0.13913805452020292,1.0209135600127865,0.09345863639247111,0.13840899709763962,1.477148056810471,0.0182205039152912,0.4968461199969822,0.08552112218984952,-0.056598744930368865,0.07368011085309172,0.9330056606021737,-0.16359614088661048,0.03241494581908429,0.9380557870700227,-0.16321368394988495,0.21434488859082418,0.09155942995523475,0.27038839294876793,0.3912671800093211,1.1559408580008474,0.30160082746863986,0.4696469970428754,0.8403289004183165,0.15866431498450237,0.1729523740376525,0.04529101559871527,0.2228658641318015,0.271603972106127,0.5277164073057624,0.26356790564877774,0.17519920103823436,1.017887785811219,0.2008812151095529,0.3212398072265977,1.4766502022905195,0.23996385981900892,0.3453363694534417,0.05305671203874328,0.30874565090629175,0.4539389340416477,0.9287124676087499,0.18705171767402265,0.46662801814023125,0.9223717653895506,0.2266344311102036,0.26770836658260216,1.4348551510705148,0.1051720187426658
2.42416,0.17658602606674817,1.4895183925567628,0.17647312176875588,0.35768030385043087,0.10030667707206446,-0.02993859558706168,0.3001257670170851,1.0043037301260511,-0.025848623298831024,0.03465750732038272,1.171798922123046,-0.06492527172307525,0.06342633059046586,0.8476567559821352,-0.1961519166217089,0.32652273525490566,0.0514231131151898,0.017382445851474512,0.2880424576037847,0.5362093297736421,-0.04804655181368127,0.14048880457474452,1.0212519688037849,0.09145567563387537,0.1388589433803387,1.4783242065365672,0.018522249397500953,0.49687812185192565,0.08571631075439837,-0.05681256268268096,0.06529090372818229,0.9349885295299972,-0.16473754010107733,0.024142758444243396,0.9409367442954449,-0.1637631391972088,0.21464040097823014,0.09224505944791087,0.2701958027178833,0.39646168463823084,1.156081967204751,0.2964949586471702,0.472431963212143,0.8410991233021462,0.1508427592874551,0.17301177839733964,0.04602710924895169,0.22284866114551824,0.273194646027489,0.5282192558086777,0.26161370313792537,0.17721203123938356,1.0181010226429217,0.19863113938740445,0.32404037000930436,1.4766240711423455,0.23742530298360637,0.345492863680642,0.053277728663319035,0.3085548938390922,0.4573045868607046,0.9293931144525917,0.17980744990890318,0.47104050951849,0.9230250556085807,0.2190260744733345,0.26888050307057026,1.4351107414975266,0.10345753797842117
2.43413,0.17896548660869227,1.4898110965259432,0.17639101194741538,0.3577084814347542,0.10037290983748383,-0.03014925650425792,0.3007172934852773,1.0046325587052811,-0.028925437977896512,0.032193797552967286,1.1745386145375105,-0.06457514057696506,0.052961383056181116,0.85053482961333,-0.19753104258858303,0.32667181252962735,0.05156956532243281,0.017270476798047534,0.28780917070127193,0.5361533787490637,-0.04965257974891384,0.14181840893266495,1.021627030688252,0.08945326384187292,0.13938228368028568,1.4797707027336664,0.0191156631707204,0.4969222132233992,0.08593218376039725,-0.05713169906765596,0.056994644948000224,0.9377191741816314,-0.16588077362187328,0.015982909202054103,0.9444801806500193,-0.1642921348730061,0.21498893991676685,0.09298682665282572,0.269985208607552,0.40162580283033905,1.156226805521827,0.29140039750845736,0.47548246133601724,0.8419466540477382,0.14314304269671876,0.17310528815367812,0.04685457521394005,0.22279293340750028,0.27468876852615537,0.5287821801716189,0.259649790050608,0.17916172318805798,1.0183803050422162,0.1963862091874076,0.32688260253611995,1.4765931550369538,0.2349849451240306,0.34568317594971437,0.05347003241510106,0.3083375688282451,0.46086813365968743,0.9301485085103995,0.17264363792816992,0.4756141073519534,0.9237674731086472,0.21148347147418872,0.2700568414470062,1.4354112966635748,0.10183038623607117
2.44411,0.18139527130543345,1.4901660324204076,0.17651169390018825,0.35759820423499744,0.10050053507381804,-0.03019758345629022,0.30118534227375027,1.0049772790136167,-0.0318119367430225,0.029327040431685696,1.1776431640156553,-0.06375637217561674,0.04259225033887596,0.8542137281832242,-0.19892264948994792,0.3266699045784533,0.05178475490991055,0.01732928398567935,0.28753298143351963,0.5361624157572826,-0.05114823361438267,0.1430079581887364,1.0220600350988487,0.08758827835759396,0.1398370759518637,1.4814645311005328,0.020083606665246546,0.4968256238379339,0.086146531290681,-0.05729756663770011,0.048628214110419773,0.9411447890426121,-0.166893297353187,0.007763372693190006,0.9486037705233018,-0.16460252351049806,0.21521349657028357,0.09378605533758039,0.26996002488322873,0.40660364045357744,1.1563672324827112,0.2864308376949218,0.47865113192844844,0.8428864061075696,0.13563249980365785,0.173061696480886,0.04775660092529427,0.22292592959490795,0.27596804858417545,0.5293887248135699,0.2577582993995472,0.18096261326026197,1.0187416086790821,0.19428692946952125,0.3297365630872256,1.4765703296528208,0.23266173410331467,0.3457287640842379,0.05365282417748246,0.3083141993924244,0.4644634753062597,0.9309728361282864,0.16567821832591703,0.48017701351489367,0.9245781117961545,0.2041346421331445,0.2711711293300538,1.4357653120612297,0.1003393828326453
2.45409,0.1840092983671376,1.4905593886678514,0.17673623638485753,0.3575316895592812,0.1006913917187155,-0.030261873011860417,0.3016421104602125,1.005306949151579,-0.03467302912665287,0.026163381978899825,1.1810100258570913,-0.062497986195438546,0.03252256502801392,0.8587047399471954,-0.2006833913685352,0.32670896924571213,0.0520720382125061,0.017381576172784546,0.2872830377146471,0.5362294642106962,-0.05267664804558617,0.14421136964381914,1.0225811932990279,0.08574527152592873,0.14030891381065758,1.4833181428440447,0.02129159381576772,0.4967806615795514,0.0864168153331808,-0.05748192674442242,0.040402361900871826,0.9452720747139607,-0.16803221456448797,-0.0003093099283588072,0.9532974412164292,-0.16493025258660443,0.2154723146143752,0.09461938957134049,0.26991744413834257,0.41151092563677677,1.1564959985798955,0.28147789260533884,0.48199290414945256,0.8438717271749805,0.12822524827505508,0.1730611029181327,0.048687425068523325,0.22304831708640005,0.27724458798950036,0.5300098133148381,0.2557811255683266,0.1827822879763349,1.0192136882797667,0.19219956117941484,0.33272653828813725,1.4765415095339913,0.2303377740552733,0.3457975098018494,0.05384824464388586,0.3082971561819585,0.4681515920370067,0.9318260797493859,0.15881969087318942,0.4848005097122722,0.9254247938585356,0.19688558527674296,0.2723481579233181,1.4361622096638007,0.0988718552384541
2.46406,0.1868493352438571,1.4909736590788665,0.1769957386782204,0.3575864700329836,0.10094174054500175,-0.03043038321081014,0.30213296447932975,1.005621028740896,-0.03757316601005657,0.022832521736624062,1.1845370248578377,-0.060852805029267876,0.023006788304805185,0.863925309156009,-0.20292314737258788,0.32686662356418156,0.05242490697365897,0.017334228441856555,0.28710509092173386,0.5363473284973019,-0.05428788602115446,0.14550294914949735,1.0231821296164874,0.08389868004525736,0.14086948748585043,1.4852464884494851,0.02264818915887861,0.49686566769619395,0.08674829926719509,-0.0577687672725813,0.032529658885819386,0.9500291397988392,-0.16940365700449803,-0.008026344391608995,0.9584750314846204,-0.16540780480078415,0.21582050975077088,0.09547597138495326,0.2697665127494057,0.4163870650374626,1.1565851906342113,0.27651459917057314,0.4855436484338851,0.8449180397855587,0.12079394033690843,0.17316173270024532,0.04963205126800486,0.2230654012776046,0.2786326751232908,0.5306315150806663,0.2536653445364201,0.1847122118460156,1.0197805633565005,0.19008750352881498,0.3359001827414266,1.4764865847810962,0.22797933718837987,0.34594610698493006,0.05406567154666365,0.3081944876340877,0.4719619551607584,0.9327107126851109,0.1519658801330435,0.4895008050345829,0.9262990319064931,0.18963454064327398,0.27366418070674425,1.4365837633041278,0.0974006902851675
2.47404,0.18980677922681605,1.4914045247989216,0.17728215903735844,0.35763736800094625,0.10123735265689249,-0.03057969788539754,0.3025571232165908,1.0059547389509647,-0.04039826890853694,0.019409603327662072,1.188136357407511,-0.05883350929156368,0.014236789811333521,0.8696698410424166,-0.2053501751771893,0.32700307345627466,0.05282309673288794,0.01730120043555623,0.28696350918805813,0.5365065330511682,-0.055855971122427475,0.1467936700331242,1.023809037822931,0.08218540286085561,0.14150612032242516,1.4871851673530723,0.02416659772436716,0.4969425019355816,0.08706663210682601,-0.05803131591188426,0.025100047277784643,0.9552442795220317,-0.17084855103326987,-0.01530131706896892,0.9639425790664334,-0.16592526402535646,0.2161182478797435,0.09636757496563773,0.26964649630662085,0.4211253796915852,1.1565824077952915,0.2716458726649094,0.489245471857151,0.8461218947072341,0.11318208694565052,0.17320096376158772,0.050621224150200074,0.223109552526949,0.28005217161678736,0.5312634074195505,0.2515384609409735,0.18669152698145558,1.020374333008632,0.18808967759930292,0.33918089561345166,1.4763875665901642,0.22567493903219513,0.3460236016607344,0.05429766838973648,0.30812612001902784,0.4758227991257873,0.9336834109598501,0.14503529531613568,0.49415463805275894,0.9272138040852915,0.18231137985181095,0.27509204531841436,1.4370106947260082,0.0960238328236855
2.48401,0.19279479328460286,1.4918109195678262,0.17747725391479782,0.35766814560162075,0.1015573323754436,-0.030684752038143134,0.3028137220004202,1.0063097525869826,-0.043138950985716976,0.015843461454003036,1.1916356395042491,-0.05646366168752639,0.006258014551187871,0.8756645559639292,-0.20785787443731638,0.32708773296907817,0.05325568073109221,0.017302746153119778,0.2868568452995952,0.536699327952468,-0.05732501344859147,0.14801085840876693,1.0244379979024603,0.08065655656351277,0.14210003086867018,1.4890245007094305,0.02577297709722471,0.49699228660997813,0.08734268923098537,-0.058204446942673634,0.018097555395465325,0.9607103179105303,-0.17237386862205564,-0.02215007316947448,0.969398686535621,-0.16633227059200895,0.21638834924575315,0.09728851936930902,0.26958678829044175,0.4256705933928137,1.1564518690479948,0.26685622729169345,0.4927692389913299,0.8474354825987316,0.10527434389191316,0.17320073235448621,0.0516568727026138,0.2232066909929316,0.2814946365422399,0.5319097062734823,0.24947122251566667,0.18867471098994806,1.0209767312499642,0.18625223104211405,0.3425050069543135,1.4762558629806142,0.22340396347473965,0.34604997970871393,0.05453086930910367,0.30811398366221127,0.4795211664911773,0.9347043415856959,0.13794382521559745,0.49843894554888707,0.9280566903349465,0.17489062248292825,0.2766178562146624,1.4374453846081652,0.09466069654030865
2.49399,0.19577491548882747,1.4921477152238913,0.1774516179862015,0.35771970225439886,0.10188219109338624,-0.03079310959065892,0.30284007137711333,1.0066605989261437,-0.04586394285784037,0.012039587681611105,1.194879862785498,-0.053756931054917696,-0.0009557777337832334,0.8817694095154576,-0.2105823834716034,0.3271497585771803,0.05371258323815722,0.01728944481848529,0.28681106177495486,0.5369204050238894,-0.05872874236958257,0.14913403068601902,1.0250775554604425,0.07929292065305228,0.14251579334342968,1.4906889138605062,0.0273927103857611,0.4970567542105757,0.08757601360689775,-0.05828880074073307,0.01144580328095601,0.9663147002578126,-0.17411801137923738,-0.02862275876086092,0.9745846728755864,-0.16651774359147672,0.21672104330485834,0.09822778247010336,0.2695432068175568,0.43005274035487157,1.1561632446712622,0.262048966593395,0.4958533033161279,0.8487802052688913,0.09695564634158511,0.173255826666347,0.05272383765075832,0.22331461107567813,0.2830031924315408,0.5325669918767992,0.24746645383634944,0.19067047489243094,1.0216071600726702,0.18454431509756775,0.3458497392036553,1.4761054182159061,0.22109127542410134,0.3461162289062029,0.05475465145378295,0.3081149606430531,0.4829071422406193,0.9357005181226941,0.13060055219555167,0.50211841099641,0.9286938754800617,0.16733531929952083,0.2782433698022435,1.4379113186792822,0.09316296486449716
2.50397,0.19874356275231012,1.4924126521595658,0.17723317449154258,0.3578053223233446,0.10220038387894656,-0.030988842568670356,0.3026730032926575,1.0069487920553089,-0.048627804814111296,0.008058360970805457,1.1978375837453759,-0.050722631514664634,-0.0072211962689741616,0.8882447002963416,-0.21401607567758715,0.3271958412647698,0.054159616344174155,0.017173992887231156,0.28687443649370237,0.5371649331792933,-0.06021218497402212,0.15023557013058275,1.0257687627852732,0.07805272187104634,0.1427269293399643,1.4922491529874051,0.029074639378039713,0.49714166348523553,0.08776539317347337,-0.05836140684335569,0.005214521407434432,0.9721771314920361,-0.17628819471450075,-0.034549968088697855,0.9794325459644195,-0.16653390657231254,0.21711395645795326,0.09916884570141939,0.2694535130638802,0.4343635863297359,1.1556747394156885,0.2572010234294861,0.49882662597282795,0.8502060946143637,0.08822185858068779,0.1733517700569683,0.05378341616454078,0.22338048108979544,0.28460811514577683,0.5332044371708159,0.24547526262629074,0.192772709482937,1.0223001937539211,0.18291144341632287,0.3492130291047571,1.4759098212967654,0.2187410050637835,0.34622219907285695,0.054970679598239904,0.30807174439925183,0.4861774657005137,0.9366415848731907,0.12306419025855828,0.5054675874567285,0.929122778467967,0.15966972745777358,0.2799520500287514,1.438450948749637,0.0915193938649723
2.51394,0.20171480138230788,1.4926231109711865,0.176891648660369,0.35789370747092975,0.10249339078662291,-0.03125278773362346,0.3023358823745939,1.0071566897480466,-0.051427175798201594,0.004037307285302196,1.2005113562619831,-0.047464648957624825,-0.012519180743808395,0.8951158232669284,-0.21820531744925745,0.32720711245127565,0.05457045824366134,0.01698019536107191,0.2870305411551647,0.5374124075363613,-0.06178450083980712,0.15134047667925182,1.0264826948651393,0.07692752407768552,0.14279305069001752,1.4937148525080644,0.030818341103353297,0.4972204788419199,0.08791775499404929,-0.05841759190064685,-0.0004739349630355845,0.9782379959463391,-0.17881367978708732,-0.03976946584697835,0.9839725579969538,-0.16653797773862586,0.217515647877014,0.10009583186837405,0.26937091843080935,0.43864715368257756,1.1549948341065774,0.2523294671009088,0.5017912835532364,0.8516779470396633,0.07923876059912206,0.17343961619972903,0.05481024039952608,0.22345731722515833,0.2862825797201886,0.533805758149951,0.24352736180607681,0.19500435019665827,1.0230204305812527,0.18133988223300573,0.35260142109246173,1.475631416786316,0.21635893755206487,0.34632911699750707,0.05519119303797308,0.30803775139008777,0.4893601218196393,0.9374882367994662,0.11545547688367754,0.5086731896662608,0.9293846042972402,0.1519447214166548,0.2816882624415253,1.439028895955957,0.08976813887879283
2.52392,0.20471995239461863,1.4928057329042652,0.1764939759866886,0.35791739711674364,0.10273576104435765,-0.03145048182544712,0.3018112090729062,1.0073268728699771,-0.05420593211947801,0.00015376979902008775,1.2029287983948307,-0.044204212456950415,-0.017107425981019116,0.9020389228112246,-0.22257751452308974,0.3271497413810183,0.05493748302614465,0.016855735124162653,0.28719029877213537,0.5376262503290274,-0.06327627467054164,0.15239830080757452,1.0270997723844484,0.07594745247122649,0.1428535534355437,1.494988973729591,0.0325295846665107,0.49724643386841255,0.08804932377629436,-0.058355602210395055,-0.005500534499197418,0.9841874400621982,-0.18129442726815342,-0.044220397714105554,0.9883264768718115,-0.16677579731614645,0.2178506796923719,0.10099591045632206,0.2694672121822235,0.44288252457964683,1.1541966941483865,0.2474623248432061,0.5044455579191793,0.853034008720045,0.07031439441768751,0.17346764749504828,0.05580268307479689,0.22370328513456567,0.28794799840736485,0.5343791523211511,0.24173939548970982,0.19729029673511816,1.0236452131187663,0.17986148432442722,0.3560328010177647,1.4752326558516322,0.2139184151268301,0.3463842803577565,0.055434962104270576,0.3081782548967852,0.4922155173452549,0.9381888061942288,0.10790125329031888,0.511693136140121,0.9295421438262547,0.14420447871375017,0.28336332671053366,1.4395142152832932,0.08795990530222372
2.53389,0.2077494420773909,1.4929408369291128,0.1759851490930567,0.35794153255744265,0.1029358452851557,-0.03170847633424121,0.30113493519006707,1.0074839568653575,-0.05701424309340569,-0.003486989042980954,1.2052012879105203,-0.04119861802702018,-0.021243976182730103,0.908886423148691,-0.22694933380893736,0.32710668042087515,0.055262483595263596,0.016667087952756544,0.2874195631604242,0.5378046528848809,-0.06474058211085157,0.15343739983850646,1.0275673149467086,0.07505853700956902,0.14302749803548523,1.4960606232819194,0.03409913576008505,0.49728439863556395,0.08816087696550955,-0.05835435346819365,-0.009950567623919668,0.9899767015540635,-0.18372393133565135,-0.048071452102248564,0.992660399636952,-0.1674566834733682,0.21817293298374496,0.1018404471852194,0.26957223228595734,0.44707754066447736,1.153347511594593,0.24254714738928357,0.5068932148368795,0.8542506679461344,0.06153794156709234,0.1735010109819198,0.05673521976015162,0.223940612248864,0.2896585695408109,0.5349025966862897,0.23999819903763664,0.19965426696736946,1.0241061860500489,0.17841127850275115,0.3594917206133689,1.474724665247777,0.21132915082993192,0.3464430427992,0.055678070815183174,0.30831963619839287,0.4948599741732175,0.9387765921840541,0.10040119441990046,0.5146356650229387,0.92966219768825,0.1364559287037353,0.28496297339630144,1.439861153326146,0.08605599002021881
2.54387,0.21078306791175924,1.4930016032948752,0.17530642119870024,0.35803791028678533,0.10310796745204989,-0.03214906430667978,0.30035941649255476,1.0076317157092831,-0.05990574194980465,-0.006854528403183354,1.2074800038763844,-0.038658090868335215,-0.025131332478040287,0.9156768155224363,-0.23135031396728023,0.3271570305407961,0.055545326986570526,0.016281535968193303,0.28780946439626776,0.5379513974860929,-0.06627131183373328,0.15450109546203525,1.027882017340035,0.07419696765313594,0.14339565726729503,1.4969757853436794,0.03546204816540478,0.49739646522046344,0.0882388915892871,-0.05858556559463803,-0.013999635865862366,0.9957093640564721,-0.18627019938635025,-0.05158873996006781,0.997154153054513,-0.16871769814571114,0.2185604071228423,0.10261549034446148,0.2694670348663708,0.4512480347112312,1.1524940972036493,0.23752290982015586,0.509402172533356,0.85536818229662,0.05289948876095874,0.1736207593424866,0.05759398602464672,0.22394661141614808,0.2915237317087318,0.5353540628012504,0.23816362156653748,0.2021337405174761,1.0243873180972711,0.17691889602826513,0.3629533407697752,1.4741378903623616,0.20852320919687237,0.3465689774907003,0.05589300557298913,0.3082570782257977,0.49754121746668745,0.939314516384037,0.09291492745170242,0.5176628237636643,0.9298020714818956,0.12869973714709002,0.2865025645801889,1.4400765963428692,0.0840147726355954
2.55385,0.2137710165078944,1.493019545113712,0.1746202016717236,0.3580522451813035,0.10321803034774804,-0.03238298240905542,0.29950202628278455,1.0077404925093945,-0.06267736757680273,-0.009938441549888686,1.2098371123900826,-0.036656535267713994,-0.02870550467370235,0.9223063235301706,-0.2356250920051323,0.3271519811684278,0.055756310276896766,0.016102940548455506,0.28823664633769613,0.5380186657885947,-0.06763315320488818,0.15550364348723442,1.0280584167012612,0.07344795830533676,0.14395400722648055,1.4977688029581,0.03667827446895883,0.49742755070877925,0.08824949412793061,-0.05867099452132524,-0.017627459266978666,1.0013423249939122,-0.1888587934952796,-0.054844122148683665,1.0018535217986089,-0.17052075486670937,0.21892284166447948,0.10336424502204566,0.2694111871566655,0.4552751553271146,1.1516527891305588,0.23256530740203757,0.511924818144449,0.856338366433425,0.044688093757891595,0.17374482329035307,0.05842753776984127,0.2239740260982589,0.293545392031549,0.5357567067345812,0.23648068141293901,0.20456354970915933,1.0245240806022133,0.17551453717184015,0.3663426042820478,1.4734878812856793,0.20567974464461067,0.34665141279866574,0.056113492224232536,0.3083149746192394,0.5001866424285283,0.9397894176124634,0.08568198735699933,0.5207356622501607,0.9299773101311072,0.12116682764645693,0.2879168467427127,1.4401646385337914,0.0819941057116714
2.56382,0.21672156300971893,1.4929967691239379,0.17396617536741435,0.3579665131786225,0.10326534982253295,-0.03234989876045063,0.2986145237355769,1.0077910332619664,-0.0652830118888864,-0.01268247476509021,1.2122740620492383,-0.03522295059409409,-0.03184253228428208,0.9286677256008572,-0.23970582379598726,0.327072373537421,0.05589916940564105,0.016198498084459702,0.288651281535218,0.5380042819998526,-0.06880493707153248,0.1564472630292692,1.0281393146493676,0.072788115081312,0.14468651486954917,1.498463284060068,0.03778451261225733,0.497355284209251,0.08820617838565031,-0.05855545329378526,-0.020759044678571238,1.0067993729213063,-0.1914522363354745,-0.05780696895322727,1.0067198183807446,-0.17280955706204507,0.21925440258861795,0.10410190264505095,0.269428144064395,0.45916052599652585,1.1508393352238173,0.2276681159081082,0.5143578345073457,0.8571354177695504,0.036913714224919285,0.17386617888497222,0.05926071080613549,0.22404814421434074,0.29574491820090487,0.5361154025302926,0.2349622214735525,0.2068991049492569,1.0245756730419227,0.174199589660227,0.36965622720464913,1.4727960497029715,0.20284003393236594,0.34667100202686973,0.056333296271727,0.3085382039479779,0.5027333377923745,0.9401915448097952,0.07871051274601447,0.5237880783669109,0.9301722708887458,0.1138631390910417,0.28922411436058404,1.4401505824547656,0.08002403859248643
2.5738,0.21972080723165183,1.4928856077794899,0.17317605808305514,0.35798516463750113,0.10330211070713925,-0.03251420470494112,0.29779058693532484,1.00778724350503,-0.06793922002952378,-0.014987460911932251,1.214732643787535,-0.03435528851882687,-0.034438792754046016,0.9347058459347429,-0.24369175491259543,0.32711356011990417,0.05602670233390892,0.016095268887115897,0.2891509131798339,0.5379742256079453,-0.0701107749372198,0.15746972286973526,1.0281932706972992,0.07202498110241969,0.1455864436624787,1.4990747104065936,0.038756303981314646,0.4973739950119021,0.08818084907995585,-0.05870825740201257,-0.023326298178467247,1.012021180371588,-0.1941265861050348,-0.06038465968623439,1.0116517490646544,-0.1755456649267367,0.21969126707400013,0.10479708816677595,0.26914491841748744,0.4630835065941391,1.1500702003759333,0.2225415242177263,0.5166231343458352,0.8577949532704234,0.029149420742375424,0.17410529669051322,0.060073906268715664,0.22381019598357704,0.2981923996953952,0.5364017234686702,0.2332401244822158,0.20929466225584162,1.0246103528723507,0.17276622193447969,0.3729888799054313,1.4720901083829063,0.19981703069229817,0.34676162563317386,0.056484623831787796,0.3085062314474666,0.5052176724094527,0.940538967103704,0.07164268212560873,0.5267752256346262,0.9303447686587424,0.10645066954668894,0.290564387299002,1.4400844281498637,0.07792851112801141
2.58377,0.22269741689402875,1.4927068916493869,0.17230104132175925,0.3580686700814443,0.10332556154704081,-0.0327232728183211,0.2970109526587094,1.0077318071367887,-0.07058944943851678,-0.016949824896454434,1.2172152765128104,-0.03395029018652211,-0.0365887546707109,0.9404305932082018,-0.2475488910809501,0.32722899121721416,0.05615046513720979,0.015956943778628378,0.2896916094028027,0.5379218480328878,-0.07149160247844676,0.15849487588001304,1.0282258600131648,0.07116878675357065,0.14662630566813217,1.499639802078056,0.03961007949428211,0.4974491133914775,0.08814205843408356,-0.05894673573669722,-0.02546045510747465,1.0170098482656669,-0.19683096103819184,-0.06263512357394452,1.0165371259411544,-0.1785151833892295,0.22016813434688173,0.10547554183898779,0.26875882811011437,0.46691137407962807,1.1493113593724362,0.2173000371479711,0.5186781757655891,0.8584023870800604,0.02137240743954479,0.17438026173412996,0.060881068534923075,0.22347088152977856,0.30080745999275765,0.5366241485699278,0.23138443161805802,0.21163848539084343,1.024624918763781,0.17124520544317584,0.3762298612949201,1.4713625439823474,0.19677280303352804,0.34686755891854415,0.056590006267990434,0.3083965633839886,0.507561518049303,0.940859220937171,0.06452913214871905,0.5295763996685683,0.930480526821289,0.09900203072061695,0.2919180101577572,1.4399797983173546,0.07580608212105297
2.59375,0.2255580627791423,1.4925157015035437,0.17146835475805272,0.3580877943235997,0.10331755335456592,-0.03264043932375746,0.29621297924964735,1.0076431269460084,-0.07309751506927013,-0.01871001136253354,1.2197312982632782,-0.03387217512352922,-0.03842290750661143,0.9458586818208027,-0.25119597931307425,0.3272858883105441,0.056263636607869885,0.01613474858973417,0.2901836514401013,0.5378176264136484,-0.07276061242976646,0.15938110013006304,1.0282066282624376,0.07030713289467215,0.14777714942010114,1.500194386478527,0.04036401731624116,0.4974604611112598,0.08803471748710771,-0.05890298368965308,-0.027317534879609136,1.0217734704490762,-0.19946725329787043,-0.0646357050848148,1.0212640053285758,-0.18147243502470276,0.22056142201354928,0.10618633705897515,0.2686146049803862,0.47043765254550346,1.1485096500403205,0.2121408639399512,0.5204638790836164,0.8590291332543891,0.013667497964261392,0.17455321900309476,0.06171547160588119,0.2233840989173537,0.3034887295286802,0.5368084656641715,0.22959878115644652,0.2137465387111658,1.0245761591904974,0.16975147372122326,0.3792446407270745,1.470587009377242,0.19393240581030216,0.34687599296860866,0.05670545430198187,0.3085482763776041,0.509628847285603,0.9411682720745231,0.057510904194201753,0.5320611991244664,0.930579120367744,0.09166245093670514,0.2932107213517622,1.4398256699628205,0.07383407931469317
2.60373,0.2283805811138392,1.4923463767310308,0.17062653521434684,0.3581144626387596,0.1033213242663313,-0.032578371699850964,0.2954336604541749,1.007599217246399,-0.07555971780640192,-0.02011079663062904,1.2221248476921587,-0.034088750991765004,-0.039744751104434796,0.9507600514739385,-0.25457535712470264,0.32735911253385536,0.05638039808845996,0.016300095604948717,0.29066621145285837,0.5377065027292771,-0.0740583171747519,0.16017705309440902,1.028107780183448,0.06939254503783854,0.14902427427366263,1.500713013533304,0.04093087797105271,0.49747260734385185,0.08793522699735384,-0.05892378750188339,-0.028683255996338843,1.0260930518106628,-0.20197361171426742,-0.06616195089592414,1.0256133610123919,-0.1843438860417212,0.2209529561194746,0.10692252774091017,0.2683932225021496,0.4737446819706949,1.147665561839641,0.2068403581137919,0.5217438312510688,0.8595907865469935,0.005833079766943586,0.17470493026204836,0.0625844631951081,0.2232274199249096,0.3063047884676095,0.5369561094693239,0.22767631868964516,0.21567935333463295,1.0244251871661503,0.16822847124324017,0.38215347230855357,1.4697608216210454,0.19109343518682714,0.34687050761015564,0.0568124990043362,0.3086152680352169,0.5112638673582165,0.9414182299874879,0.05036546776693478,0.5341468381542255,0.9306253142017602,0.08415954742441153,0.2944781319143232,1.439603281287702,0.07194378298744333
2.6137,0.23122836601072186,1.4922217692457787,0.169767760076113,0.358172359733712,0.10335479743828836,-0.032644293901799425,0.2947086999526368,1.0076189288294624,-0.07798804625685571,-0.02104103776871797,1.2243350856259612,-0.03455423930890015,-0.04047474851023289,0.9550601012166845,-0.2576653887458294,0.3274811552626711,0.05650174183516585,0.016336160576899152,0.29115643040956063,0.5376133149334492,-0.07537697823217744,0.16093933627460164,1.0279505562164102,0.06843807186417157,0.15035896959331044,1.5012092706234323,0.041340239600592146,0.4975044807423584,0.08789725717614602,-0.059137241107087776,-0.02945992529596176,1.0298949667019393,-0.20431899803517642,-0.06710897859210098,1.0295100113168574,-0.18708297745189775,0.22139730646515038,0.10769257926076384,0.26797272147315554,0.4768835635975309,1.1467904402402973,0.20134003930263708,0.5224439246280831,0.8600377649472076,-0.0021415245507027227,0.17489100283083636,0.06350532907438282,0.22287804524671906,0.3093122299019555,0.537078759657481,0.22555183010836694,0.21750694498029408,1.0242050775415303,0.16668288828679978,0.3850472230810903,1.4689017822447499,0.18818554342817323,0.3469067004494723,0.05691622742041883,0.3084588756492445,0.512432581810062,0.9415810177046955,0.04305992098473158,0.5358198640596904,0.9306052328485833,0.07644685424615373,0.29576583574289744,1.4393334624518863,0.0701102736281648
2.62368,0.23410047456389854,1.4921541317276281,0.1689828454467553,0.3581665451291354,0.1033855261698824,-0.03250005699909593,0.29403398831394983,1.0076274250032236,-0.08022809678698083,-0.0215405285347508,1.2264769084997578,-0.03518636692923045,-0.040787500970199085,0.9589629395246746,-0.2604941771761344,0.3275709135666506,0.05660580611254979,0.016588327635135347,0.2916039078614944,0.5375143760308624,-0.07643167527383053,0.16167334225724694,1.0278154788079108,0.0675676133458121,0.15178010399953845,1.5017637339552214,0.04179156688111638,0.49746461593019387,0.08790434779793072,-0.05919177948098226,-0.029813430494531824,1.03336576218728,-0.20651282233181031,-0.06762143563746739,1.0331063268416834,-0.18964439706495628,0.2218551644177114,0.10854186239456713,0.26766773415606754,0.47979206524294477,1.1458968980520126,0.1958980016751588,0.5227589557090792,0.8604118774624021,-0.009954364348760956,0.1750713427508729,0.06451790616639556,0.222655676339136,0.31251099902359813,0.5372082673651914,0.22345580566112414,0.2192373421064972,1.0240358790596347,0.16524503940355406,0.38790553129997024,1.4680462986777427,0.18541980065900798,0.34694597683031764,0.057070800052814466,0.3083977832819793,0.5132717544335048,0.9416758811978018,0.03589256562732046,0.5371536905641175,0.9305164311393856,0.06886940168408073,0.2971003081633883,1.4390867655598512,0.06842544793847637
2.63365,0.2370102276584045,1.4921459193638067,0.16821215779237847,0.3581047096999943,0.10341655418617043,-0.03220749707635138,0.29334581446040414,1.0076149055501968,-0.0822958082092954,-0.021616451878630184,1.2285494314170362,-0.036008121867637105,-0.04079907785899846,0.9624802030818835,-0.2631080547649844,0.32763540613430897,0.056687623215812735,0.016985589158540305,0.29197375137180204,0.5374121998155652,-0.07720407137769741,0.16233322450613014,1.0277121501459758,0.06678160490264735,0.1532805557506475,1.5023857763539927,0.04223664831628259,0.49736125869118464,0.08795786277698381,-0.059169938641275024,-0.02981522740128496,1.0365198543842034,-0.20860730047059498,-0.06777152734304376,1.0364367814344164,-0.192088951073989,0.2223472914324283,0.10947614372789596,0.2673930111754157,0.48253907399749735,1.1450500281642093,0.1904939056261347,0.5227998158493793,0.8607028375604615,-0.01750948742309146,0.17526686751560513,0.06564291150360568,0.22246256054666297,0.31593477084688104,0.5373605534847604,0.22140660482649394,0.22084591649603094,1.0239325102067043,0.1639124369124209,0.39072185332660353,1.4672302853283103,0.18274198705833344,0.3470002134695593,0.057261335360088574,0.30834209426072207,0.5138818391461805,0.9417264776887034,0.028907164265683464,0.538267093206551,0.930412636372572,0.06146328806473595,0.298485047407279,1.4388684314808433,0.06682012629595505
2.64363,0.2399790084939019,1.492196931896425,0.16735498192785955,0.35803981256730966,0.10347143938643595,-0.03197869567056895,0.292555408063159,1.0076070599171976,-0.08428267697206981,-0.021274332076458916,1.230508264113425,-0.03706113295555055,-0.04057547314424895,0.9655595551160345,-0.2655480873114221,0.32772201270473006,0.05675957839950471,0.017306464538751384,0.29224403479064254,0.537325352026874,-0.07780188780352451,0.16286294582236133,1.027618453012043,0.06603721289139364,0.15485300951710962,1.5030527478885836,0.04253993043084545,0.49724457153622836,0.08806811867389945,-0.0593155953682262,-0.02948882258423054,1.039311191660304,-0.21065059572996905,-0.06759341811376007,1.0394889015360822,-0.19449900100345727,0.22292004484513864,0.11050822659015411,0.2669342316473996,0.48525332377517477,1.1443269031591037,0.18497975197356603,0.5226647803311232,0.8608957984328356,-0.02484738526674494,0.17551256792731823,0.06692104694168798,0.22207116463269122,0.31967049315004226,0.5375537565241431,0.21933079244434886,0.22231030717782715,1.0238657449439823,0.16262817332526086,0.3935068379551701,1.4664827449051732,0.17999205138148944,0.3470968290963577,0.05745073724002238,0.3080607879800978,0.5143622287990112,0.9417615594808885,0.022011833517471113,0.5393045519467644,0.9303655256198545,0.05410943076138837,0.29991189506085236,1.4386579996376148,0.0651737368963147
2.65361,0.24294095690936185,1.4923175421477153,0.16651818347591704,0.3579522793016466,0.10356374665513833,-0.03165485307670104,0.29162308166667117,1.0076049772186353,-0.08610781334482268,-0.02059527427828421,1.2323694225926223,-0.0382084484951016,-0.04015867990350687,0.9682696035564804,-0.26773300889059926,0.3278166466089112,0.056854721897522505,0.017734172655506187,0.2923858377338355,0.5372698015453687,-0.07815407634148769,0.16325258067496964,1.0275612800794185,0.06543619964567063,0.1564654810217479,1.5037730745978894,0.04279159859367737,0.49708871172065366,0.088228566508903,-0.05945774833528202,-0.028918501384515505,1.0417920958938487,-0.21253529282161984,-0.06716463280104358,1.0422733528439214,-0.1967432731202232,0.22355720345012473,0.11174236020332949,0.2665362994775132,0.48790662192872125,1.1437583688710773,0.1795308074491521,0.5226170321288014,0.8610735881158965,-0.03181089079626447,0.17574485955255728,0.06848060114396337,0.2217467246803193,0.32382963588736796,0.5378469163397587,0.21737493062422383,0.22363172449322824,1.0238875579158406,0.16147646726721676,0.3962114267917269,1.465833059308542,0.17730809191868258,0.34719658264014974,0.05767159075714232,0.3077537469893419,0.5148891463010845,0.9418226000996334,0.015404815895998632,0.5403842606485939,0.9303947429135369,0.047044301586702954,0.3013409441123226,1.43849494993995,0.06358504558532276
2.66358,0.24586055338316531,1.4924957022464476,0.16577514988540337,0.3578330871954566,0.10370749846493206,-0.031187315707434923,0.2905393750383047,1.0076104118236509,-0.08775814933078091,-0.019643423271614398,1.234171328091596,-0.0393911385236119,-0.03963271112995418,0.9707301796354494,-0.2696903573620224,0.3279088982218895,0.057004385300999424,0.018333707259615372,0.2924088918646474,0.5372636928618335,-0.07828422501354139,0.16352550896837334,1.0275840663828337,0.0650057153282608,0.15809289026015608,1.50456338978024,0.0430704641152005,0.4968892322828505,0.08843831184598437,-0.059519297985195056,-0.028208780125869148,1.04405793768408,-0.21425754517304926,-0.06657657978312122,1.044850274221017,-0.19878642937708516,0.22423606486706749,0.11323053132027122,0.26635858580649235,0.4904861146031032,1.1433296353933784,0.17426523158878057,0.5228193235706428,0.8612388261212741,-0.038281736826049545,0.17592096733750837,0.07038440571718788,0.221661494950624,0.32846045839238763,0.5382761247160223,0.2156529643309122,0.22484582868152672,1.0240353567768827,0.16046894227948932,0.39881325826282804,1.4652767681719403,0.17478412183496844,0.3472855554523137,0.057938463874423356,0.30752761325950717,0.5155784278298504,0.9418901243681044,0.009224204952813947,0.5415787616424648,0.9304624034448723,0.04044091088131723,0.3027472911882879,1.4384131262524038,0.062117161116718306
2.67356,0.24877877419228708,1.4926925173325178,0.16509246058323976,0.3577119739998491,0.10392058382421983,-0.030786491939631126,0.28931608287318483,1.007632844963995,-0.08937077993978244,-0.01842884169516815,1.2359580790408786,-0.04070321223336114,-0.03913117492180779,0.9730801924364335,-0.27162117709543104,0.32801136507620215,0.05723166205604906,0.018886658341359986,0.29237347793446344,0.5373287854124277,-0.07839016783658384,0.16372408124018276,1.0277346633469182,0.0646176438603612,0.15973013419008342,1.505442821663505,0.04336956567650043,0.4966933791523388,0.08870279059232289,-0.059674598702480396,-0.027456885036695952,1.0462223495175318,-0.21599294421520432,-0.06591163075271846,1.0473302698112508,-0.2007808321829674,0.22496061482947202,0.11496305907503303,0.26630912511123345,0.4930525686939193,1.1429791674152194,0.1691107603756443,0.5232296762628356,0.8612614122071577,-0.04427815922897961,0.17605305193830761,0.07263376920894607,0.22172477049650735,0.33354807983446466,0.5388586112102687,0.21415334875946407,0.2260143171442493,1.024317154980058,0.1594684729004761,0.40135588714287035,1.4647647949751508,0.17235687784464093,0.3474047654968792,0.05822254888697505,0.30722139051043984,0.5164269199405509,0.941863662417433,0.003417208316435301,0.5428958530236953,0.930473478652311,0.0342523502866602,0.3041426607641733,1.4384244960212718,0.06071555525353015
2.68353,0.2517095170863767,1.4929516260359605,0.16455229520406517,0.3576208894217245,0.10421182937158424,-0.030460261126972494,0.28794275019785137,1.0076659535665469,-0.09101525330273058,-0.016966750193806786,1.2376675410579334,-0.042011555870838366,-0.03862418932984238,0.9752762452880918,-0.27345975840114967,0.3281065780472091,0.05756303654196019,0.019354667886726466,0.2922742216250253,0.537479151801186,-0.07847093005716742,0.16375122468892267,1.028022209140708,0.06413373644077296,0.16134801053643485,1.506415387996182,0.04372988375141489,0.4965141527034497,0.08893881709607529,-0.05988681833889312,-0.026628983690363876,1.0482533965773242,-0.21767409052811837,-0.06513625171215551,1.0496484639767014,-0.20263023543199596,0.22587547330075905,0.11733233473844547,0.2665298448113597,0.49560797316215266,1.1426798482227898,0.16409854080485056,0.5237227823847755,0.8611629515945332,-0.04985714344986234,0.17607326548193905,0.0758026794896168,0.2221836343351786,0.3392942668028348,0.5398826831899081,0.2128280687006504,0.22701455273131388,1.024922289194463,0.15837056193074245,0.4039098301276918,1.4642966652323843,0.17006217028992493,0.347557500913491,0.058542275866242034,0.30676480866080175,0.5173332827638104,0.9417528064032129,-0.002038539886925668,0.5442250491534499,0.9304136727393688,0.02844278051592325,0.3055533470293467,1.4386010776182518,0.05941537891549715
2.69351,0.25466587791728157,1.4933224830117344,0.16423642841656994,0.3575798760615029,0.10457675764897588,-0.030111553614278648,0.2864277265841092,1.0077014184737967,-0.09265601948418259,-0.015270426859830844,1.239210587363412,-0.043135691816884494,-0.03795872718662648,0.9772188666115371,-0.2750618783260609,0.328172875650367,0.058007880648189854,0.019809349147589743,0.2921014369948338,0.5377144808210057,-0.07843570089362704,0.16351880495941754,1.028416237227569,0.06352442644265187,0.1629371751010392,1.5074568839606355,0.044194822135372965,0.49634642454784694,0.08906088338536147,-0.06002607552122105,-0.0256042975750235,1.0500712657288285,-0.2191607524169366,-0.06414067260519327,1.0516899780707971,-0.20418579537109507,0.2270961920002723,0.12063281831803248,0.2671731625685402,0.4981253255562358,1.1424262195516066,0.1592588867906355,0.5241426743305685,0.8610156760597547,-0.05510597021845842,0.17593192488988038,0.0803207372126413,0.22327707757297663,0.34578784127634254,0.5415538353708663,0.21164168823053264,0.2277213337499358,1.025976763328024,0.15718404906876263,0.4065413889570416,1.4638912018540768,0.1679311790677257,0.3477218705396158,0.058924135065487,0.3061869235933062,0.5181602292902914,0.9416027126603779,-0.007179051541323195,0.5454251773782672,0.9303034632487837,0.02295412672440706,0.3070052204618178,1.4389774830871085,0.058268016959852
2.70349,0.25765194960700344,1.4936783604477528,0.16396158844522946,0.3575688937680696,0.1049759091903537,-0.02976722664116106,0.2849381999328742,1.0077600786315448,-0.0939998728286062,-0.013359157915176728,1.2405912672210329,-0.04422592514450031,-0.036916657580096365,0.9789519119163266,-0.2765730403422268,0.3282424637293829,0.058495357854193054,0.0202600627792067,0.291987802509239,0.5379962956607731,-0.07833718009020603,0.1632878129991216,1.0288220432008504,0.06317376490155947,0.16457597665975085,1.5084477179201514,0.0446838007215039,0.496209018634108,0.08917036154565935,-0.06013473725253911,-0.02425541923341468,1.0516915740550188,-0.22057602126927467,-0.06281164528059972,1.0534931202717082,-0.20564561602513404,0.22829284165552044,0.12381543890069699,0.26785366231677465,0.5005448781787795,1.1422170631547977,0.154492573760997,0.5243624436871209,0.8607136449576072,-0.05999733669352239,0.17583550589416208,0.08469592634483815,0.2243944049377992,0.3520470745506809,0.5431292856704262,0.2107058454856075,0.22839227222112637,1.0269429512315078,0.1562693728335033,0.4091805502699948,1.463534950336999,0.16579232121182622,0.34787398271126574,0.059301897472080436,0.30564388971127715,0.5188160062081194,0.9413289891524417,-0.012035091230891286,0.5464626577063953,0.930100610244172,0.0177507320448691,0.3084573146385701,1.4393069747080187,0.05719942846872262
2.71346,0.2606722684419424,1.493946609122299,0.16361875230773457,0.3575670172293098,0.10537202738476151,-0.029464903605384663,0.2835880950759278,1.007856745773319,-0.09487405211540147,-0.011244335069142984,1.2418119479952554,-0.04538146402264172,-0.035372941864503224,0.9804717992144245,-0.2780608480069798,0.3283292026371941,0.05897315197694736,0.0206906039300128,0.2919969953586951,0.5382904046790496,-0.0782253428466351,0.16321954226005123,1.02916865886686,0.06330800076600293,0.1663266869551349,1.5093010112647844,0.04513480322845608,0.4961037520242506,0.08930564247768319,-0.060270324270943025,-0.022502569283653052,1.0530959968222322,-0.22197050479298264,-0.061084309041596244,1.055069572891122,-0.2071246449073478,0.22924485062986527,0.12619222938385305,0.2682700866123383,0.5028270553657518,1.1420401714980102,0.14974490968030746,0.5242972217586864,0.8602068348035978,-0.0645478408776034,0.1759009298619821,0.08794758549606677,0.22509549188086603,0.35735272855615813,0.5441441136792076,0.21000448291079596,0.22918219548340313,1.0274981018581983,0.15583797894270263,0.41179576411495006,1.4632075904026238,0.16357027396465243,0.3480112350096706,0.059639050551599675,0.3051870522661971,0.5192329803701263,0.9408957308939855,-0.016645474710678784,0.5473079138944712,0.9297903600047251,0.012780270393624511,0.30989942446684865,1.4394346716757374,0.05617327020935651
2.72344,0.2637402471172522,1.494190806381745,0.16329774969807292,0.35756747156514684,0.10574552429903492,-0.02921345486400376,0.2823641178343201,1.0079860680445714,-0.0953747655798214,-0.008917697910595527,1.2428432336604844,-0.046515699436402276,-0.03337322898633945,0.9816641787617433,-0.2793850284693003,0.3284031039049949,0.05944527857578582,0.02107139283474352,0.2920487449587299,0.5385844259496119,-0.07810019424367556,0.16322007165704164,1.029448357772311,0.06377774450272969,0.16820014136278824,1.5100129943049438,0.04556053874917457,0.4960019718649541,0.08935589696017371,-0.060448349587836396,-0.020346591920423842,1.0541912364918276,-0.22320622957160327,-0.058972017834769415,1.0563462814664544,-0.2084996686548634,0.23003775252434802,0.12806403356239293,0.2684462541620951,0.504983302652702,1.1418697027890887,0.14506069439275557,0.5239177669882688,0.8595887319166082,-0.06888185850920757,0.1760197806301389,0.09050086580922602,0.22549957807073315,0.36174503774952227,0.544861398706978,0.20930156473361783,0.22997688411916004,1.027861730063413,0.15575947132850346,0.4144615726945824,1.4628924644657546,0.16139381636790062,0.34815833837368176,0.05997460997584691,0.3046812622855297,0.5193705770474453,0.9403824702430766,-0.02107051764784091,0.5479083804043584,0.9294211321276549,0.007951546462346623,0.3113922262300831,1.4394388173541395,0.05524861430346537
2.73341,0.2668452093095309,1.494406721757025,0.1630483874732893,0.357576943686357,0.1060878134599649,-0.029019235908020625,0.2813648939898958,1.008126344576055,-0.09561697296681307,-0.006384119509233036,1.2436810579333561,-0.047581827756863204,-0.031160541752051497,0.9825106309170393,-0.28048197977165845,0.3284563528899961,0.059908815064007734,0.021387274678988474,0.2921473001582975,0.5388775699487599,-0.07802375756938348,0.16336058890213256,1.0297074133494084,0.06442977113591206,0.17018994355350994,1.5105790864925595,0.046002002042645096,0.4959102066884867,0.08931480466030163,-0.06064202287765213,-0.017959112203224253,1.0549702325417187,-0.22424433434605076,-0.056631607511599395,1.0573319556836869,-0.20969585916026176,0.23060496720930174,0.12950446779457475,0.26852606298811554,0.5070864869558078,1.1417243951412905,0.14046594368777,0.5232588419870483,0.8589606720423626,-0.07307407564245925,0.1760437132351114,0.09244752992395573,0.22580838988917037,0.3651146825409107,0.5453580997788915,0.2085829435617485,0.23083826326960116,1.0281574142524428,0.15590163874143464,0.41720014704700625,1.4626032511008125,0.15934276427259772,0.3482840161035478,0.060328102156965505,0.3041431348320532,0.519278889873438,0.9398715694230966,-0.025369304144170747,0.5483065627108765,0.929062782050017,0.003200048579492812,0.31298028205521,1.4393847783709735,0.05445245607899922
2.74339,0.2699704630687276,1.494553998070172,0.1628854081641413,0.35760445759828685,0.10639841504522127,-0.02888352272927069,0.28072409264977166,1.0082569256508702,-0.09570154715291984,-0.003660568297322086,1.2443338267881638,-0.04856039171836179,-0.029028521490542008,0.9830718400432699,-0.2813635952840531,0.32849820417743686,0.06035776875649946,0.021639926636642163,0.2923452606768262,0.539173434889694,-0.07808960659613155,0.16379686670917337,1.0300006030606155,0.06515663651628634,0.17228134875380482,1.5109861731535252,0.04651327500083106,0.49584780156142616,0.08923615990411535,-0.06081570556625247,-0.015567349147043778,1.0554919243579166,-0.22512090611354027,-0.05426764903791936,1.0580957542130067,-0.21069905302463668,0.23081314298625252,0.13043581033033666,0.2686917107750175,0.5092357493177877,1.1416442809136087,0.1359725599857073,0.5223990954651555,0.8584052235658857,-0.07715541587346102,0.17583564859095652,0.09366453253477512,0.22623458135654456,0.36730887478378715,0.5455766094204584,0.20794036946238786,0.23192734892906933,1.0284068728003462,0.1561665682410505,0.4200090745918572,1.4623688136275805,0.157439846380442,0.3483365813930927,0.06069099464894177,0.30366414355285953,0.5190586303504998,0.9394324528890835,-0.029584894451242193,0.5485965534151667,0.928780699032588,-0.0015039625908983055,0.31469141072939827,1.4393084847127307,0.05378956394132785
2.75337,0.27304787842161443,1.4946371687740219,0.16283205284780333,0.3576381431070604,0.10667449761232997,-0.02879557769431714,0.28044525894106936,1.0083934888365946,-0.095666590146109,-0.0008441042647874536,1.2447621745331112,-0.049372287768146714,-0.027075568597918338,0.9834280781024831,-0.2820703479897535,0.32853961836638557,0.06078860284327195,0.021847696611792197,0.2926465015966251,0.5394602690679101,-0.07835420557826507,0.16455761575079886,1.0302881303357934,0.06595220141647552,0.17440419494852008,1.511187211408288,0.04713203135165528,0.4957952249430941,0.08912236667608835,-0.060989381684698994,-0.013275646941168895,1.0558170909080464,-0.22584962164538597,-0.05199609502871322,1.0586901904164334,-0.21152727484204323,0.23068007047124592,0.1308877850527797,0.2690380543865071,0.5114296125601512,1.1416451319981133,0.13173663618446835,0.5214552814030681,0.8579578335071193,-0.08100464169863766,0.17535501817604054,0.09421140241806437,0.2269271210859639,0.3683998204333156,0.5455128544590441,0.20731395314714576,0.2332824492749051,1.0285650032625808,0.15653013753382414,0.4228607199975103,1.4622122680725544,0.15570616057535352,0.3483235308602695,0.060998291800184595,0.30323409893629205,0.518788574222383,0.9391136271771777,-0.0335782840028586,0.5488205308365334,0.9285929671239116,-0.005989006409332762,0.3164967725564583,1.4392079243934421,0.05330049145650018
2.76334,0.2760390834536715,1.4946668547573396,0.1628964989551295,0.35767704130463585,0.10691375995304772,-0.028766193620827694,0.28043970694618287,1.0085444411431383,-0.09551324510846149,0.001939946245817651,1.2449651346885586,-0.04992077261066778,-0.025365738069031352,0.9836715536626134,-0.2826016863592575,0.32858892357715574,0.06119603070146369,0.022000828745997965,0.29302229073246655,0.5397292546640242,-0.07879278520047475,0.16557932786332438,1.0305378637964944,0.0668425599349681,0.17649103694197282,1.5111804545451237,0.04788508617712889,0.49574706217493625,0.08897180186006737,-0.061188145438139635,-0.011177970717961788,1.0560193829119284,-0.22640039009164017,-0.04991307697416323,1.0591648288993845,-0.21215182909543948,0.2302597127118369,0.13089362752275996,0.269582520476518,0.5136689658788453,1.141724657795316,0.12782899185865917,0.5205707712648566,0.8576547714061147,-0.08459742140424277,0.17461457111440518,0.09415132466317283,0.2279319577316785,0.3684842319700608,0.5451767252286506,0.2066536239717438,0.23485559232855505,1.0286045347876767,0.15699930180956964,0.42571196256480176,1.4621316715890469,0.15412278416180622,0.3482783130337528,0.061206377630894565,0.3028042247439795,0.5185666968102169,0.9389456899237891,-0.037300539003911115,0.5490596283004952,0.9285234507460739,-0.010192921154310162,0.3183404688353859,1.43907123412057,0.05298832470871377
2.77332,0.2789723261411525,1.4946441499447576,0.16306309588166626,0.3577442443869118,0.10711417908540213,-0.028836247963374237,0.28053880573904,1.008691880804121,-0.09520938040522078,0.004559128129047857,1.2450162974961605,-0.0501118580037121,-0.02397557407498083,0.9839033651629329,-0.28289376792065946,0.3286506229555712,0.061569695740648994,0.022047038699458153,0.2934147578209602,0.5399793355520995,-0.07927928362172623,0.16671752916474047,1.0307607879219447,0.0678666639519613,0.178506662269298,1.511037030632376,0.0487895018077298,0.4957340061681145,0.08879438041077364,-0.06141899150484236,-0.009387784685287108,1.056189819231177,-0.22669436479649963,-0.04810958935968971,1.0595721957916053,-0.2124727114216089,0.22960107224948686,0.1304517939821758,0.2702657049728156,0.5159971978173302,1.1418633621550376,0.12414595328764425,0.5199096219720134,0.8575496867857857,-0.08810337715188563,0.17366909980456163,0.093485509728588,0.2291713133672569,0.3676085356066942,0.5445778656397273,0.2059805012462921,0.2365249173049095,1.0285461292963411,0.157603120776601,0.4285127279031892,1.4620900194932376,0.1526191305467796,0.34824591750217915,0.061323348781114055,0.30231601867944297,0.5185248547371151,0.9389407464957087,-0.04089785610114807,0.5494687628055944,0.9286201753044963,-0.014283425889457947,0.3201554601923105,1.4388837310153297,0.0527924875743973
2.78329,0.28182633358326303,1.4945558583968783,0.163331693617515,0.35785530778415314,0.10725486545976363,-0.028956129841515837,0.2806743303127387,1.008795026055417,-0.09474020313051378,0.006871517013560026,1.2449855190917132,-0.04994263693626797,-0.022906921986785102,0.9842136587294166,-0.28300421025366046,0.32873664816581305,0.061874199498001624,0.022012906670665234,0.2937705028428463,0.5401746542963117,-0.0797574456992357,0.1679042510829225,1.0309148929914083,0.06904571925540555,0.18044442097446955,1.51074697669367,0.04983756091448019,0.4957851005216096,0.0885862914847859,-0.06162519710705877,-0.007932747297842659,1.056414088484469,-0.22676640640688783,-0.04662268074595576,1.0599833812338686,-0.21253399123507635,0.22876581587572045,0.1296295381388675,0.27109479624115657,0.5184070960344475,1.142044440670152,0.12077051328174929,0.5195976542681694,0.8576742357303572,-0.09149849633295447,0.1725842212599715,0.09232118753100106,0.23062695676234524,0.3659118704885118,0.5437592453408262,0.20531644345584973,0.23823250412837138,1.0283763359471625,0.1583691770541421,0.4312215620473206,1.4620554737892941,0.15125313727591963,0.3482115325625667,0.06133551881933439,0.3018423991960145,0.5187593753652732,0.9391141317856393,-0.044321743689927556,0.5501391482402674,0.9288937473661982,-0.018200051849363453,0.32192289250884976,1.4386166895686354,0.052723438635183625
2.79327,0.2845768916167546,1.4943702355998283,0.1636904990630765,0.35800744554671615,0.10732011278410324,-0.029047622015707573,0.2808573662401564,1.008813942458041,-0.09407923783408315,0.008821138594103889,1.2449323551571787,-0.04947167801741428,-0.02208504049377354,0.9846541116885785,-0.2830157450961937,0.32885344349933904,0.06207560350164588,0.021959311512134004,0.29406266002764986,0.5402799010108539,-0.08021746560945366,0.16917621443489458,1.0309607385695385,0.07043191816367952,0.18235463259261503,1.510269695128209,0.05101215445187106,0.4959120565548282,0.08835325657856463,-0.06174094053270992,-0.006754449019547162,1.0567449794607138,-0.22668717317750295,-0.04541638139386848,1.0604567488703418,-0.21242866641188465,0.22776124611324405,0.12843995696328134,0.2721423650792984,0.5208680761620347,1.1422587715146015,0.11782343746845608,0.5196893635680855,0.8580199749344847,-0.0946794302235277,0.17137423867414237,0.09068451912087412,0.23237189262660563,0.3635292796972777,0.542692697732649,0.20470910389494315,0.24002531445089528,1.0280222573059998,0.15934678289250404,0.43382127364754514,1.4620065063749363,0.15009949907830764,0.34813854203635874,0.06122274389033776,0.3014912713636878,0.5193089519891801,0.9394634089224735,-0.04746038037754869,0.551095532986368,0.9293229754699588,-0.021808516530130467,0.3236625077624655,1.438220561293408,0.05280740186618236
2.80325,0.28724422367333124,1.4940183802401243,0.16403136829570528,0.35814670215842703,0.10735846108342673,-0.029158252253365335,0.2811352687646897,1.008762356114262,-0.09311361180849342,0.010644058985408862,1.2448981455944799,-0.04876325129930845,-0.021365652825492455,0.9851433104429129,-0.2827735962121273,0.32896287913788014,0.06219952637024333,0.021868522373354373,0.294341404030049,0.5403473474537902,-0.08061873705066179,0.17073668202498976,1.0310102722158014,0.07221486365173378,0.18438715418015048,1.5096743426595034,0.05229298676196721,0.4960687063009442,0.08818227543294396,-0.061819621440466745,-0.005728575824890863,1.0571138013763122,-0.22635631292001934,-0.04435328791170594,1.0609379424598508,-0.21204653388267164,0.22636683157376036,0.12651348969824677,0.27352812192224013,0.5233263130736376,1.1425122247975417,0.11516161555780384,0.5200711591132315,0.8584799901142659,-0.09766656182815188,0.1698606708047861,0.0880182310520759,0.23461932548993336,0.3603614469104178,0.5410030265217984,0.20434134780276098,0.24213528592482503,1.0272782800311995,0.16065850164072853,0.4362857248799293,1.4619431629883335,0.14899975039696736,0.348062114045557,0.061004348059089324,0.30118001104390274,0.5200778032544575,0.9399011565772537,-0.050390415113999075,0.5522611692981768,0.9298570037554184,-0.02520098743452786,0.3253674645015912,1.4376066593588592,0.052941039226517515
2.81322,0.2898873463718987,1.493515513830929,0.16436866311495868,0.3582395142036423,0.1073875447618665,-0.029332707573455727,0.28144669665604133,1.0086556856783404,-0.09193272011103176,0.012454650716364967,1.2448748657580142,-0.04780868727288943,-0.02067664180111918,0.9856147055442228,-0.28219106901289265,0.329024855053433,0.06226697643444358,0.02170222790691844,0.29459823916663946,0.5404053550257865,-0.0809444159907717,0.1725049995620973,1.0311099860786228,0.07428285231815375,0.1865493426577231,1.509052112632662,0.05367209012169912,0.4962144971113198,0.08808580478979185,-0.061894759427161446,-0.0047786915251821814,1.0574603838834338,-0.22570829952882634,-0.043348786063266635,1.0613603415554635,-0.21130305359145493,0.22472788212685174,0.1240497082672131,0.2750953722156224,0.5257602377039476,1.1427474243265445,0.11267427942028288,0.5205452452429661,0.8589751647066468,-0.10054142211759426,0.1681715350426064,0.08460333004047303,0.237150521382497,0.35673933314650075,0.5388569801015889,0.2042177111798134,0.24447776849507255,1.026260486625726,0.1621897750803484,0.4386630353849508,1.4618368645670945,0.14792566723419412,0.34801024368819183,0.0607048498672745,0.30081499933844624,0.5209208898117488,0.9403512032333645,-0.0532031036776316,0.5534957557292148,0.9304162568526053,-0.028480189997926043,0.32706402356229114,1.4368392472509006,0.05309588658105108
2.8232,0.2926033267286048,1.4930140265577116,0.16493288220322944,0.35830564947396404,0.1073562033767292,-0.02955928184828789,0.2815654514051805,1.0084925493249526,-0.09094200493810418,0.014081773612034242,1.2447858942440988,-0.0464873003172066,-0.02007902991895684,0.9860694465018336,-0.281363831459847,0.32901927159177746,0.06227061301947151,0.0214276714092738,0.29471402070664937,0.5404147577551475,-0.08122095794982667,0.17393624966239662,1.031153272028221,0.07604902635845485,0.18860571428448228,1.5084790731322952,0.05516375168549945,0.4963431544216937,0.08793703833402676,-0.06192424484279422,-0.003924356277788649,1.057779919139915,-0.2247874507366193,-0.04243462440036944,1.061680658748504,-0.21022379760349286,0.22359301433504877,0.12220328741480158,0.2762832400499948,0.5282099007034097,1.1428164018965798,0.11040184764640389,0.5208676861687191,0.8595135636985578,-0.10342658565537549,0.16694041306163634,0.08213434184735642,0.2390872689036195,0.353685981815254,0.537324856337767,0.204035416800571,0.24645142660029787,1.0255935935109404,0.16346671112765607,0.44111190494439073,1.4616138612812244,0.14712829735004646,0.34797212063486654,0.06034232604828513,0.3003678144525251,0.5216825670204724,0.9407952837321562,-0.055937961223692705,0.5546153446492027,0.9309003530866528,-0.03167704882719265,0.32883668561392027,1.4362159830263,0.053406172770040373
2.83317,0.29536627309917235,1.4925721289952687,0.16575249468003878,0.35837272476456555,0.1072863485133338,-0.02980340768787307,0.2815002181067281,1.0083081635949371,-0.09015172749368784,0.01560846765671552,1.2445798236293424,-0.04479732206332126,-0.019537136780317182,0.9863825249280734,-0.2801855523952225,0.3289896127161257,0.06224558391254234,0.021098437470687546,0.29472052260096865,0.5404051708363949,-0.08139026241549256,0.17501826612342564,1.0311647007515072,0.07750317230386515,0.19051645771373513,1.5079925014335425,0.05675174805087688,0.49646891493445755,0.08773843281264428,-0.06191328482934537,-0.003122145491362952,1.0579740676769576,-0.22351812506564048,-0.04156121761924572,1.0618152540839052,-0.208741620765937,0.22300094457669353,0.1211006678471005,0.2770697016359507,0.5306712094423992,1.1427467538902802,0.10833820278726289,0.520988722530384,0.8601244582532495,-0.10632959900333352,0.16620377883852722,0.08076403538696593,0.24038115408398353,0.35142171083834195,0.5364965077069427,0.20381143767821822,0.24804963169406805,1.0253380157655723,0.16447657414782768,0.4436194983784401,1.4613103230515676,0.14663321093797974,0.34795634108272044,0.0599710267562924,0.2998867428364447,0.5223241417664763,0.9412669673822214,-0.05860376153691614,0.5555787644128055,0.9313378581798515,-0.03480064060175467,0.3306701760045031,1.4357913024886275,0.053901610438264316
2.84315,0.29808114654754925,1.492171203175904,0.16672958943113506,0.358455064048556,0.10723751698811904,-0.030026270520913844,0.28138811209129744,1.0081498916465332,-0.08933082326721874,0.01724449276921677,1.2442284017159688,-0.04280866726997673,-0.018976078738364467,0.9863683381897911,-0.27844680631101604,0.32899585203647963,0.06224393365742784,0.020807713915386883,0.2947186766313854,0.5404373840518497,-0.08137746220235345,0.17606018120790395,1.0312362491716007,0.07898889804953295,0.192364275987064,1.507587208558438,0.05841389431290946,0.49660306237809476,0.08756905094236289,-0.061898769811612,-0.002304620517041878,1.0578948275345361,-0.2217626851280913,-0.04064962364845861,1.0616663625452223,-0.20674713415167936,0.22254614606733536,0.12021684761014995,0.27775692984655465,0.5331034541499533,1.1426688414572463,0.10642374562603873,0.5209350502825877,0.8608459162035853,-0.10921026623247562,0.16561855765976619,0.07968130181691628,0.24148951946453331,0.3496304278696203,0.5358456186541333,0.20374814922245985,0.2496256132792017,1.0251946047869667,0.16549073056232957,0.4460737401235054,1.4610187426351453,0.1463244850302685,0.3479680325809063,0.05965043681459847,0.2994516477594978,0.5228412576641417,0.9418243944882327,-0.06121205828475633,0.5564012286501162,0.9318304726051606,-0.03787397487233294,0.33248861842675964,1.4354557114254591,0.054544005572762545
2.85313,0.3006310087741,1.4917833461646755,0.16783620780873568,0.3585006794379393,0.10720605981977556,-0.03021460636805272,0.2812030387514423,1.0080139882691619,-0.08845183131348779,0.01889602009122898,1.243717119125645,-0.040574505550960274,-0.0184789429246587,0.9859460431489259,-0.2761466870488256,0.3289942808918263,0.06226181181586848,0.020582209485172896,0.2946461129237965,0.5404928913839865,-0.08127617967373496,0.17706726654461424,1.0313357101712286,0.0805460099071191,0.19407358073155503,1.5072025526887867,0.06014597631901222,0.49669199382667206,0.08743740133224728,-0.061898177768918886,-0.0015311054512035416,1.0574543597403334,-0.21951915469321986,-0.03978350282031083,1.0611880401580385,-0.20427789101959348,0.22213204716608267,0.1194655275890014,0.2783612637637213,0.5353745660615218,1.1426276354358138,0.10461431126524166,0.5204940112569371,0.8616973614226645,-0.11206861975952855,0.1650852954851233,0.07877327096145133,0.24244455669642628,0.3482569556779255,0.5352767852436345,0.20385924411019235,0.2511866498750493,1.0250819661407498,0.16655194304806925,0.44837660819570785,1.4607555304405455,0.1462172341512284,0.34793577948114,0.059370046043244584,0.2990896036317301,0.5230237031262596,0.9424833340239497,-0.06377243811790716,0.556892482843056,0.932404778091178,-0.040919964697160346,0.33419996510139366,1.435169699651443,0.05533218907495062
2.8631,0.3029326296828502,1.4913983200244543,0.1690575998110146,0.3584980008210581,0.1071718809168275,-0.03036521153228505,0.2808977487793686,1.0078788674088952,-0.08751269075033025,0.02044225006437498,1.243043727459364,-0.03812481846199934,-0.01809811255782921,0.9851015764821588,-0.27334050358090617,0.32897190979480395,0.062271660130235405,0.02041765784801496,0.294449733907462,0.5405419458709302,-0.08111288931152466,0.1779871174325238,1.0314201005851156,0.08216849251951669,0.19557358268298025,1.5067999429495058,0.0619242236889642,0.4967249406968596,0.08733061624697713,-0.06191363027108593,-0.000856828784946703,1.056636454038274,-0.2168335475505631,-0.0390304519665174,1.0603682948280482,-0.20138727431556755,0.2217720080523338,0.11884551344369429,0.27884029667228694,0.5374266462657927,1.1426429438499766,0.10290078853489852,0.5196958331139699,0.8627063887894537,-0.11491610986690577,0.1646189277335504,0.07804857918072815,0.24318837477244276,0.3472908716402292,0.5347927814217802,0.20412039614101443,0.2526733249966564,1.0249858491229478,0.16766721683344074,0.4504589230736835,1.4605161802666244,0.146346986190462,0.3478464572459179,0.059121624200193956,0.29880678545850925,0.5228760480174377,0.9432656681015918,-0.06628909852731378,0.557051577337776,0.9330854470497277,-0.04393330812478805,0.3357480456513943,1.434918156932742,0.056262963866199986
2.87308,0.30497143789788195,1.4910347122570997,0.17037503148517477,0.3585232875962948,0.10711734405234644,-0.030480773746695233,0.28045941455700546,1.0077190412911747,-0.0864620969285704,0.021857382425914538,1.2422193214043018,-0.03546066376488058,-0.01776612565642706,0.9838767225641576,-0.27007720921349465,0.3290039042691273,0.062235621329847626,0.020289174655631032,0.2941598395960709,0.540572746469886,-0.08074000841204836,0.1788039822532109,1.0314823626425154,0.0839104117018985,0.1968712100872867,1.506398743876903,0.0636912598165672,0.4967819852762341,0.08723279984969425,-0.061933065219308185,-0.0002674217198007908,1.0555049692433962,-0.21376253613270071,-0.03835632315602907,1.059225315204403,-0.19809010905067256,0.22151506825907225,0.11830442383898114,0.27918730521776103,0.5393539119385321,1.1427302111387785,0.10131987616285415,0.5190288570711912,0.8639159209549208,-0.11776224046653277,0.16430326659964573,0.07741293861630309,0.24370999224038634,0.34667723656885524,0.5343693770919378,0.20453354702775878,0.25406776103320877,1.0249047557600828,0.1688869141851405,0.4522935583159589,1.4602935451762518,0.14672490310230685,0.3478050153575857,0.058930374310445094,0.29860170231011507,0.5228061228824733,0.9442166945984058,-0.0687579478264575,0.5572459561705632,0.9339239549482045,-0.04686947030989577,0.3371411090971135,1.4346927528744746,0.05731827431002788
2.88305,0.3067588994767357,1.4906758714471535,0.1717893701044263,0.35857541537509535,0.1070473201262854,-0.03057105526776634,0.27986708926908205,1.0075498252226258,-0.08526285402968883,0.02317256280720479,1.2412830213010264,-0.0326957014371221,-0.017395634785022557,0.9822954291758892,-0.2664585481413164,0.3290829511299298,0.06216722940167918,0.020180780174859983,0.2937919107861695,0.5405945847250962,-0.08012883731568123,0.17945720153440692,1.03150546919184,0.08579620157885333,0.19796795463155212,1.5060063886953887,0.0654117578938299,0.49686115561866867,0.08713794874666733,-0.061971300535468433,0.00034619589899381764,1.0540614014045937,-0.21038737408322244,-0.037669761000413325,1.0578089201626464,-0.1945302730345003,0.22131546839269212,0.11782779217775645,0.2794763525285955,0.5411214949155745,1.1428898003566677,0.09988103219157804,0.5185270189523615,0.8652472295362541,-0.12051005315620052,0.16409500326232718,0.07684041755271667,0.24409759339690384,0.34630759110019305,0.5340141206762888,0.20514373920310444,0.25530569460348157,1.024827621433759,0.17024388188468534,0.4538450613993831,1.4600623780651985,0.1473252606450266,0.3477990457061097,0.05881723023232381,0.29851448783863355,0.5228162240202007,0.9452843872668049,-0.07111342567897357,0.5575145416312214,0.9349058596066263,-0.049696199577690205,0.3383557844101863,1.4344623981624796,0.0584972132158603
2.89303,0.30831978003726573,1.49028933204448,0.1733168138970221,0.35860389470125414,0.10697894807009731,-0.03065456803250958,0.2791123036210597,1.0074047270537023,-0.08390153914432444,0.02444469537537845,1.2402770420484726,-0.029972312143853812,-0.016930987251659604,0.9803652986799773,-0.26258381112537854,0.32914844732387927,0.06210578321517074,0.020077381557694268,0.2933575061029187,0.540626340468356,-0.07934887025096811,0.17989287666206047,1.0314721229326558,0.08782139251382831,0.1988656462066872,1.505616582806769,0.06708460935908335,0.496910401057337,0.08704649343464683,-0.06205386799912991,0.0010990304693207402,1.0522753078926699,-0.20678008463603226,-0.03688729481357585,1.0561713808076005,-0.19087494259471133,0.2210887841944824,0.11741829559921171,0.27980154021656917,0.5426399298524831,1.1431135274130104,0.09856914000953539,0.5179573983321387,0.8665821741673624,-0.12304536143444277,0.16388922280490623,0.0763436253193532,0.24446772329755312,0.3460554646981445,0.5337430608184633,0.20599235930339752,0.2563275684219772,1.024739973532555,0.17174673549379232,0.4550945322339633,1.4597963659722233,0.1481149588081247,0.3477528695449995,0.05878495386455958,0.298586980507898,0.5226821266111746,0.9463810845651078,-0.07328682760433307,0.5576988261997011,0.9359837431416108,-0.052404550037361546,0.3393643757212209,1.4341945881141476,0.05981175999151848
2.903,0.3096098878227111,1.4899001441274322,0.17493466643340688,0.3585992514191537,0.10691773821523673,-0.030763720865252423,0.27829112684997104,1.00727837717007,-0.08244946226555584,0.025650278557678305,1.2392051738959766,-0.0273022347715636,-0.016492556698416348,0.9781357629003712,-0.2584941464754144,0.32917894468918046,0.06204696270948829,0.019940599225255224,0.29292883217504767,0.5406692047004741,-0.07850631498129541,0.1802051591764137,1.0314018632793474,0.0899006098863579,0.19956259661105805,1.5052287972419187,0.06872243461550004,0.49692923464266003,0.08695979226872408,-0.062167063112242106,0.0018462947687627688,1.0502272060885236,-0.20300771658433184,-0.036126641512127355,1.0543294178049079,-0.18710775589151532,0.22088547494186134,0.11704397946736339,0.28009980272674445,0.5439470826211453,1.1433964495722024,0.0974095146928319,0.5174363720020311,0.867958717024573,-0.1254021572978008,0.16372397483831247,0.07589136898532038,0.24475838387209947,0.3458854762778845,0.5335207044885786,0.2069674894981361,0.2571990990735461,1.0246474854099226,0.17332039246817543,0.4560714974240454,1.4595259617695524,0.1491184069032193,0.3477015412637067,0.0587853238170054,0.29874777720411905,0.5225233109322864,0.9475295607294906,-0.0752948723203255,0.5578606161408932,0.9371422745069131,-0.05494017988385953,0.34018712351978253,1.4339287967896457,0.06123763796060085
2.91298,0.3106109343560993,1.4895338632977166,0.1766461721038452,0.35857891959635324,0.10686385928335382,-0.030891173647976437,0.2775090519169752,1.0071725824801554,-0.08095117250666617,0.026787774248686377,1.2380582181589412,-0.02466094222735065,-0.016133404726053683,0.975617859106519,-0.25417168138885565,0.32918676183281664,0.06198569133764437,0.019778694324046803,0.29258587077440495,0.5407270058021963,-0.0776760726240179,0.180489005117177,1.0312989719147916,0.09198049447697215,0.20007162537269346,1.5048447590766905,0.07035560989126256,0.496935346061051,0.08688102087983146,-0.06227463540591131,0.002503301136450491,1.0479636075467476,-0.19908961304875253,-0.03544945538802183,1.0522682587808665,-0.18317236771171128,0.22075480856377314,0.11669191727413704,0.28034195302920195,0.5450901725188915,1.1437314294321617,0.09642552336237865,0.5170576538123073,0.8694112126047925,-0.1276194960043871,0.16364433279872967,0.0754676353536896,0.2449451896078929,0.34578460908470754,0.5333298965488347,0.20800690389330764,0.25799634844311486,1.0245435668395864,0.1749227145771868,0.4568186097099532,1.459270368104769,0.15037738610341553,0.3476856183489597,0.05878393020186357,0.2989672676149576,0.5224437041412038,0.9487526725845032,-0.07715978938848503,0.5580523268953799,0.9383750317225338,-0.05727190821638471,0.3408633374574946,1.4336957522014497,0.06278372012402031
2.92296,0.31135923451219366,1.4891941925681054,0.17849355004238812,0.35858278185207265,0.10681466463073988,-0.030961729330454643,0.27684266192529217,1.0071184943792162,-0.07938601282357148,0.027912705996677206,1.2368340590126257,-0.02205855280345606,-0.015721295722090863,0.9727657562705817,-0.24958086835510918,0.32921832778305465,0.061935624530963095,0.019682807236672022,0.29239268491138365,0.5408140447784898,-0.07687210226872185,0.1807656221212131,1.0311285422060708,0.09407297569229006,0.2004188319193917,1.5044707944190123,0.07201488270547131,0.49695014585752156,0.08681556076709226,-0.06232575421851612,0.003193545336446089,1.045446677516408,-0.19501566916332327,-0.03474267570608658,1.0499582401225278,-0.17907850288354712,0.2206820265628472,0.11639862077820379,0.2806164605123064,0.5460553244290125,1.1441038695787578,0.09563060151746491,0.5167233971783082,0.8708838494999411,-0.12965241231678076,0.16364045362850527,0.07510574744838396,0.2451360966838226,0.3457365544491225,0.5332078742337842,0.20918418011032183,0.25874141209358514,1.0243957687359353,0.17658434321637573,0.45736247499776644,1.4590081098559742,0.15192196387575935,0.34770163718296515,0.058791556880523205,0.29932649945068857,0.522364341079894,0.9500117236589934,-0.07885279880932686,0.5582077903422585,0.9396634781978417,-0.05940011758729109,0.34142766282994996,1.4334825065463181,0.06450969436552884
2.93293,0.3118363674780869,1.4888777223912546,0.1804571059375826,0.35860489158362235,0.10676722533639173,-0.030988951840053756,0.2762933828352974,1.0071147670679266,-0.07776809417905721,0.029043653937872893,1.2355206327588752,-0.019557253246601056,-0.015177395581394568,0.969580707240039,-0.24480650749123786,0.3292697948466872,0.06189679143478723,0.019638098177787045,0.2923345046907195,0.5409209380992375,-0.0760918335234948,0.1810262427416164,1.0308955381979386,0.09616271555370302,0.2005867801051257,1.5041004431506488,0.07367527788578374,0.49696438170702895,0.08674847117481811,-0.06235399132442437,0.003980971361267797,1.0426726462919211,-0.19085753385980453,-0.033942315865422686,1.0473942596165944,-0.17491041396432616,0.22062628113372396,0.11615477529214109,0.2808985367934449,0.546816423158888,1.1445082365847645,0.09500717976312854,0.5163862821322465,0.8723740131051312,-0.1315175809532913,0.16366942713592172,0.07480646454777042,0.24530922268624566,0.3457043978916825,0.533147085447011,0.21046175916231497,0.2594245567622181,1.0242128753948156,0.17829016102002737,0.4576943942204596,1.4587363166530187,0.15372621133622968,0.34771673124887104,0.058795666684511444,0.29976157526149955,0.5222365968055622,0.9513020638010216,-0.08039388342784196,0.5582966584006486,0.9410001522952001,-0.06135206213500213,0.3418647100024761,1.4332922650145574,0.06639377924386908
2.94291,0.31199597719032557,1.4885836737200488,0.18248847202084906,0.35861767409060863,0.10672300821708093,-0.031028234113284356,0.27582153906345713,1.0071361382662922,-0.07611420766937028,0.030171975903428364,1.2341044825828134,-0.017223219490808676,-0.014475005906903511,0.9660887431832031,-0.23996273013430958,0.3293101904211856,0.06186203725645881,0.01957759214924374,0.29235792106922415,0.5410309537275227,-0.07531045557583341,0.18124797304313411,1.0306355290167726,0.09823195528852591,0.20053888529419256,1.5037239730864709,0.07528851587743711,0.49695805139920207,0.08666150312695642,-0.062423267221862935,0.004876738279439809,1.0396587456443083,-0.18670099532703516,-0.03303109333502885,1.0445864707543893,-0.17075744912600777,0.2205515126241051,0.11592098932108533,0.2811115362831205,0.547352368517612,1.1449480696378809,0.09453415577443966,0.5160488190881162,0.8739128961056077,-0.1332527875631098,0.16368903715750702,0.07454351651322033,0.24538032943033716,0.34564049808576036,0.5331146098233677,0.21176243302882528,0.2600180932972002,1.0240348605599512,0.18001541419590383,0.457789647983904,1.4584673800117092,0.15574596268675764,0.3476990854234448,0.058772224053524114,0.30014806991427734,0.5220500963609108,0.9526430944583018,-0.08181588620753175,0.558324330752604,0.9423911143154288,-0.06315418953352922,0.3421362796070927,1.4331395001053568,0.06837594030334589
2.95288,0.3118559986105464,1.488343694007554,0.18458561812134297,0.35864920040649634,0.10670383845801157,-0.0310187255148273,0.2754418261399634,1.007162340450177,-0.07435020446644497,0.0312844955009668,1.232623198195746,-0.015025123745945843,-0.013603122872578872,0.9623182333937021,-0.23498899764360376,0.3293569259820341,0.0618417131186699,0.01956411234785639,0.29248174572795976,0.5411710910070575,-0.07445050654274667,0.18141383537987413,1.0303866339511645,0.10032436447089373,0.2002969090730758,1.5033651556310146,0.07685230996034846,0.4969616975858556,0.0865882111123418,-0.06246000350328009,0.005896474147142247,1.0364323801099697,-0.18249652518775789,-0.03200397986250309,1.041577603602362,-0.16658579301736093,0.22050668148835287,0.11568781117082874,0.28133942361252096,0.5476760864002154,1.1454287134077072,0.09427725028725228,0.5157211430848705,0.8754602359488167,-0.13474047626692937,0.16374718600204172,0.07429256865197933,0.24543865577674942,0.34551382380430995,0.5331235109885736,0.21320479040731502,0.260488987010031,1.0239051608432648,0.18183132638181657,0.45765860629244903,1.458214539935117,0.15799518747068209,0.34770122864385977,0.058733946564027285,0.30057810476631625,0.5218149700917197,0.9540120278699621,-0.08301567477649661,0.5583047175717365,0.9438404788736243,-0.06472487824177448,0.342255860892338,1.4330266875630786,0.07046621768309978
2.96286,0.31145425162550566,1.4881750117091201,0.18674313723019575,0.35871036418483077,0.10672170801929909,-0.030957979493775642,0.2751849172387293,1.007185314763316,-0.07243047305181385,0.03239823819442981,1.2310950959872557,-0.012948428681345128,-0.01250024621372969,0.9582805556446111,-0.22984943038634806,0.3294147387352207,0.06183733178567293,0.019593441917939866,0.29272235974057115,0.5413619184359331,-0.07348075541560121,0.1815231915137533,1.030170290157472,0.102461833140503,0.19989721557725257,1.5030320218566673,0.07836288634301429,0.4969869945276348,0.08655703566723674,-0.062449145342099326,0.0070967832534758,1.0330036580414577,-0.17821749016491906,-0.030813333096135053,1.038384044959099,-0.16238197945471508,0.2205174552841822,0.1154406471331996,0.2816184829960485,0.5478095991677069,1.1459450629680876,0.09428123168718254,0.5154115607052054,0.8769960442554715,-0.13592394850631534,0.16387414519511567,0.07402673770377255,0.24552344328749348,0.345300269600543,0.5331786614518051,0.21487755871329353,0.2608208614495825,1.0238397241739323,0.18378206369312278,0.4573315893777581,1.4579767528586383,0.1604741885864373,0.3477530813009105,0.05868393251599995,0.3010953352696973,0.5215481397884514,0.9553940459183399,-0.0839370331516221,0.5582514931966933,0.9453443485282014,-0.06601903592895163,0.34225012629268564,1.4329484197875042,0.07266974651702864
2.97284,0.31083300460345464,1.4880590250681671,0.18890734192822084,0.35875458480100847,0.10676201147748746,-0.03098783602300507,0.27508790187243276,1.007215306493084,-0.07041862622418035,0.033569712525922134,1.2295015935892066,-0.011074861592864813,-0.011029442518674458,0.9540067410929328,-0.22468846393026945,0.3294412902935395,0.06182769911387515,0.019497738266413267,0.29305671539419637,0.541589691282082,-0.07247785088928083,0.1815979407199307,1.0299804348256745,0.10457844943719205,0.19937737697417565,1.5026960530144133,0.0797768277776325,0.49698865048377217,0.0865619105600633,-0.06252914306455513,0.008583619164727354,1.02939102856554,-0.1739861414297693,-0.029351563013828606,1.0350030926495322,-0.15827094211130174,0.2205291940619811,0.11514609098189967,0.2818298969324058,0.5477700594371557,1.1464692387281539,0.09452094302737461,0.5151242735493373,0.8785500704774117,-0.13689931568335514,0.16402509784673514,0.07371891934065126,0.24551060525476953,0.3449817287013887,0.5332491332444723,0.2167110646889573,0.2610220492287308,1.0238076289553397,0.18580232046924225,0.4568565672223349,1.4577338480507125,0.16310957148292735,0.34780517628155566,0.058592340537363036,0.3015572534056277,0.5212693474112491,0.9567919271736123,-0.08464808988847672,0.5581726746231437,0.9468698031444943,-0.0670805460301467,0.3421422149585318,1.4328936259023668,0.07492954157930086
2.98281,0.3100671755228764,1.4880057329780718,0.1911002832442739,0.3587413786945815,0.10681252412676769,-0.031039665343674857,0.27519653533871113,1.007262212483998,-0.06829582332073525,0.03483248278254074,1.2278887484965715,-0.009366921391538498,-0.009199480009850092,0.949624760921289,-0.21953904901658092,0.32939028363429224,0.061806603517595766,0.01935078713716578,0.29348439375120733,0.5418415819219184,-0.07140248247215798,0.1816529098951786,1.0298044502423112,0.1066851240895412,0.19882084924319599,1.5023711621111917,0.08112027233774523,0.49693524772270037,0.08658413108800231,-0.06261484094937564,0.010353001207270642,1.0256983687883228,-0.1698115228928927,-0.02762719684973431,1.0315453856484813,-0.15426800186293857,0.2205084162908656,0.11480409165240127,0.2820016112278002,0.5475951354220912,1.1469971790848474,0.0950397680879579,0.514840386706868,0.8801136619788499,-0.13761437782235,0.1641636303672484,0.07337391989413652,0.245429007281929,0.3445553332829376,0.5333214165244584,0.21873541926910314,0.26109678302384837,1.0237863597801258,0.18791604683976224,0.4562879691652705,1.4575059009276075,0.165888280606017,0.34783031807785825,0.058453614278056024,0.30197121528622844,0.5209740886532574,0.9581921816549865,-0.08509445885295164,0.5580584968445924,0.948395364757168,-0.06784759527595698,0.3419803389660255,1.4328567606893903,0.07726807403032644
2.99279,0.3092359911464299,1.4880445182122546,0.19337967934002215,0.3586585648937479,0.10686606798077201,-0.03095371109624112,0.27555353798861737,1.0073341390305017,-0.06599621773602879,0.03619837177747517,1.2263190355630542,-0.007717273317762667,-0.007089733857285891,0.9452986172941443,-0.2143845546474742,0.3292390455611539,0.06177739223381386,0.019332150948364477,0.2940292036423097,0.5421105158620163,-0.07016089188365504,0.18170474293741634,1.0296278406756896,0.10884064488782853,0.19831367737089176,1.5020861279462716,0.08245121727445094,0.49682469189277423,0.08660315065959713,-0.06252608317254217,0.012346113025405723,1.0220601649504923,-0.16564687486043164,-0.02570493064079164,1.0281614653977236,-0.15033259899893392,0.22044692847539418,0.11443736961939593,0.2822378420431938,0.547329430973328,1.1475404996617313,0.09591579792444968,0.5145344644012909,0.8816678245541432,-0.13794821391024062,0.16427114383069616,0.0730158319911882,0.2453884352935523,0.3440346520107642,0.53339751282047,0.221031535452781,0.26105792731184935,1.0237626486224436,0.1901959827912938,0.4556748661867623,1.4573360111243767,0.16883326731604043,0.34782469855374726,0.05828370409503619,0.3024304635071891,0.5206465229322703,0.9595837925102831,-0.08516473101523636,0.557891306639586,0.9499169819293022,-0.06821137692198259,0.3418193056490952,1.4328373127537548,0.07974838343129917
3.00276,0.3083455246945081,1.4881842532419653,0.19565591926801987,0.35858549619017477,0.10692050848778685,-0.03091401142907814,0.2761542062188533,1.0074373994466426,-0.06359327789483687,0.03764725456852539,1.2247259617871458,-0.006159878595736001,-0.004621886715127967,0.941113320224762,-0.20950869725386873,0.3290737114550755,0.06172941550718219,0.019234767326448857,0.29472698964997274,0.5423963376304207,-0.06885914029124274,0.18180988299504372,1.0294430043130847,0.11099793219161141,0.19780879905662774,1.5017866978569543,0.08370334921302088,0.49672547837139713,0.08662031828390972,-0.062456252120191645,0.0146065135440588,1.0185295669050447,-0.16169415359302308,-0.023527425810841364,1.0248549059214036,-0.14665280963974056,0.22035443588911593,0.11406070322528364,0.2824402171031913,0.5469841896744566,1.1480852944489182,0.09711568135647196,0.5142322814015611,0.8832671856551653,-0.13801319856698796,0.16435449717770464,0.07265586869371882,0.2452986207598653,0.34346884599353966,0.5334781574044156,0.22348231809288907,0.26098217064212587,1.023721306770269,0.19256110881079333,0.4550376425636668,1.457233783454696,0.17185281223299306,0.34778929700200656,0.05810728079728907,0.3028447160473256,0.5203069694497247,0.9610049750552595,-0.08494175721402662,0.5576779805188018,0.9514363820403142,-0.06822951267386401,0.34166196935107546,1.4328375099119726,0.08228787538780186
3.01274,0.30739026745577397,1.4884290151884698,0.19789458727466822,0.3585722634476406,0.10698786818883574,-0.03101425570775562,0.2769685315695608,1.007582658884116,-0.06111765497241362,0.03914993501456675,1.223075873010265,-0.004675263636306745,-0.001739413705966558,0.9371486770848327,-0.20508215444606293,0.32895206821417805,0.06167068637409623,0.01895593327625236,0.2955876894281496,0.5427096014481536,-0.06753306214483491,0.18198775160242667,1.029254753585914,0.11314994582880178,0.19727424396782026,1.5014502739042916,0.08485714481107236,0.4966784301350122,0.08664320530309469,-0.06251288720425927,0.01716997605662595,1.015158285763957,-0.1580606298940594,-0.021055259087756507,1.0216496708863874,-0.1433349847226777,0.22022973278406083,0.11369600701135837,0.2825742293783701,0.5465612870985661,1.1486322573913346,0.09862768026644882,0.5139044400036301,0.8849592154526797,-0.13786844377392973,0.1644098148752021,0.07231427586866988,0.2451326023101714,0.34288341863424443,0.5335710507975087,0.22599957790865893,0.260906360142506,1.0236688514293346,0.19497801439604054,0.45437496503239566,1.4572126886564583,0.1749120281715894,0.347717603279581,0.05794402409987601,0.3031792414066945,0.519929435538269,0.96249305765106,-0.08446786982473503,0.5573949114479663,0.9529759300144449,-0.06794497987275275,0.34149762444025616,1.432864342480356,0.08485352726095449
3.02272,0.30639259069422564,1.4887826572052385,0.2002005075859118,0.35857172416230654,0.1070995502604585,-0.03101836623772922,0.27794380647646133,1.0077845076716812,-0.0584838462544447,0.04065961155762867,1.2214774889770337,-0.0031000014529294455,0.0014604554032645264,0.9335644891602369,-0.20098474270057312,0.32882809281733716,0.061647319390808315,0.018769886927846643,0.29656211521379444,0.5430709530049161,-0.06601084065277023,0.18217530130113882,1.0290907315809075,0.11538498675574656,0.19677857446372293,1.501154923796903,0.08601983675416475,0.4966411286019708,0.08667766139953582,-0.062466007405549605,0.019973399376302117,1.0120796717145943,-0.15461224095687318,-0.01837270413479678,1.0187169581207156,-0.14026817112873385,0.22004754541459054,0.11338307330199357,0.28281182851743697,0.5460709635958972,1.1492158842888847,0.10051805141155983,0.513411774911593,0.886720483697567,-0.1373591618577697,0.16440365787604036,0.0720348242099324,0.24507073385033856,0.34225081671356283,0.5336947630482696,0.22862091603639292,0.2607690082923744,1.023653274881879,0.1975444768883375,0.45367093472951064,1.457311801705681,0.17809534196877408,0.34759154342730547,0.05780094505491479,0.30357835505937925,0.5194020952385032,0.9640408682223681,-0.08361862080740579,0.5569623861814884,0.9545703450475019,-0.0672873598903258,0.34132384018224626,1.4329326053637887,0.08753760134046198
3.03269,0.3053672981148492,1.489224637265168,0.20252753682646846,0.35857552868940934,0.10724568196221176,-0.03091107063052392,0.279076855776233,1.008002592661586,-0.05569785451180677,0.04212030474168056,1.2199700920080796,-0.0013841248488026898,0.004846273068337612,0.9304408588326859,-0.1972428375641534,0.32869480267975176,0.06165483072258344,0.01869582631253218,0.2976176140728689,0.5434691673682882,-0.06425984094821434,0.18239982515151926,1.029006267614086,0.11769467865707513,0.19634150351035393,1.5009192732077867,0.08718849516777957,0.4966054700373611,0.08671346484773362,-0.06230283770858869,0.022894642472323545,1.0093761107013506,-0.15137637978551075,-0.015580720318892323,1.0160955901621493,-0.13740259994100248,0.2198383797038691,0.11310368305265976,0.28312252943703825,0.545579970141086,1.1498786959881224,0.10273830768185248,0.5128037099329659,0.8885362324394154,-0.13646400278843474,0.164364005944893,0.07180041762978072,0.2450860672899323,0.341566646304343,0.5338451881122762,0.23134650424553796,0.2606035863443788,1.0237350985753626,0.20024362037571083,0.4529356317256214,1.457554471401098,0.18137953586291936,0.3474505464881547,0.05766453827590133,0.3039874056731923,0.518797894881752,0.9656491257386015,-0.0824024748362616,0.5564395069477136,0.9562090361028218,-0.06625092763373625,0.34118465155793026,1.4330640223269115,0.09027856226634787
3.04267,0.30431706670586123,1.4897238625838933,0.20474689096449658,0.35860257075053836,0.10739626338481104,-0.030830968089467784,0.2803949114775255,1.008177710721045,-0.05281826210215792,0.04348963776975065,1.2185260138267282,0.0004273909526231896,0.008289820304565234,0.9277498770056494,-0.19394462689699077,0.32857201077793186,0.061661400372904795,0.01857521378005647,0.2987398237271401,0.5438801929774589,-0.062351470523941147,0.1827410654079338,1.0290594212399558,0.12001685559648549,0.19594404683863795,1.5007111462506253,0.08828396109887862,0.49658646841866294,0.08673585345854357,-0.06216198723598153,0.025798925316515578,1.0070438577336793,-0.14845933606782208,-0.012770462273024287,1.013700423898018,-0.13472189922433545,0.21965723525596412,0.11281043522035089,0.283352854032093,0.5451777089911125,1.1506596262150068,0.10518605715899822,0.5122613853040052,0.8904137424280202,-0.13525912941795235,0.16434734574498402,0.07156267379797782,0.24502488799820202,0.34084237027117087,0.5340077181062881,0.23415677932859588,0.2604991379786401,1.0239654894242625,0.20299411109358856,0.4521920402078062,1.4579492703506307,0.18468729197396894,0.34735752052200425,0.057517868408160915,0.30423835400222754,0.5183080883836886,0.9673331550925139,-0.0809118098743692,0.5559778278528343,0.9578619767559148,-0.06487012204175044,0.34114377101876453,1.4332792327409536,0.09293730660734784
3.05264,0.30324322949952887,1.4902776638500879,0.20689666207307172,0.35862330571226936,0.1075794213836957,-0.030726547450865956,0.2818580763906354,1.0083578505350645,-0.04982914273009148,0.04479258992483683,1.2171287457730042,0.002270815216456745,0.011679608317830409,0.9253109176883582,-0.19088476823315317,0.3284282703223001,0.06170248959870304,0.018471380429278744,0.29989846976104717,0.5443307647165286,-0.06030379145740609,0.1831643306848297,1.0292290127808963,0.1223790172841515,0.19560487484838301,1.500513009379867,0.08929154644808784,0.49655339056119085,0.08676555512900283,-0.061991351141565565,0.028613624041637264,1.0049218360333216,-0.14571501855024016,-0.01002479749454593,1.0114296675716228,-0.13210759843756292,0.21946813419389063,0.11253850804192193,0.28357027684378133,0.5448681633689001,1.1515510249910206,0.1079027570659229,0.511881260543688,0.8923742025340847,-0.13374344116382436,0.1643129653114483,0.07135720796296396,0.24495947880928895,0.3400735195860693,0.5342010578541286,0.23707271349687453,0.26043065153179545,1.024317639302496,0.20582426991997263,0.45143813119873166,1.4584937172592731,0.1880611390490573,0.3472766723961445,0.05739980096886457,0.3044065711723079,0.5179971354897922,0.969103034231922,-0.07912180540278486,0.5556560401604363,0.9595464607714681,-0.06311888890064692,0.3411948136781643,1.4335677921862322,0.09556282875382902
3.06262,0.30214281012380934,1.4908822158353738,0.2090266513335765,0.3586167281350027,0.10780929344325625,-0.030543435141320317,0.28342510230831336,1.0085815257503417,-0.04671300244914154,0.04606191469824951,1.2157576551363733,0.004095677616325042,0.014921739363387905,0.9229631197668233,-0.18787390544712498,0.32824606524618266,0.061795294269128075,0.018448609174153783,0.30106315499821346,0.5448308527898361,-0.05811280709996098,0.18362277109185401,1.0294732966936762,0.12480859550877443,0.19533682403703287,1.5003068697000785,0.09019923944429444,0.49648869793034983,0.08681492927014005,-0.06174079682232118,0.031286981803176614,1.002858938487604,-0.14299749413362386,-0.007411158931966079,1.0092001550712393,-0.12946629946102728,0.2192295616403627,0.11231244732271338,0.28384867005527337,0.5446219005817108,1.1525263551679066,0.11093675042988646,0.5117236300755718,0.8944097375358485,-0.13189933600834639,0.1642210258387862,0.07120424527527996,0.2449636967321094,0.3392423347812103,0.5344350509735158,0.24011365703592946,0.26035646173012533,1.0247473074111133,0.20876290442536088,0.4506642561637566,1.4591674050772132,0.19154955740920476,0.34716702803468835,0.05734287112113089,0.30457765860613367,0.517888670598739,0.9709365529777603,-0.07699235798263829,0.5555137798038963,0.9612651215298418,-0.06097037228656594,0.34131664403384515,1.4339127342312967,0.09821643072839997
3.0726,0.3010182979728249,1.4915105194787086,0.21108674772617453,0.358606406987497,0.10804157850270246,-0.03033200658400697,0.2850717104031227,1.0088083288124554,-0.04352920678438204,0.04728912887707089,1.2143989077948951,0.005862272780939211,0.017903844553318702,0.920699620231323,-0.1849545575228448,0.3280652396032369,0.06188755453448646,0.018447895096380576,0.30220055004884877,0.545327496073118,-0.055792233015790886,0.18410623166801715,1.0297565815576186,0.12725258512472024,0.19512643719749295,1.5000698661522622,0.09095155387894724,0.49642645924524875,0.08686241670266062,-0.061474296174054976,0.03373687083625391,1.0008400413609448,-0.14033848179195335,-0.005006308489008945,1.0070040090686725,-0.12684205217014477,0.21894438949041642,0.1120954439829117,0.2841460710261785,0.5444018571871972,1.1535417708766984,0.11423919830422219,0.511837434491362,0.8964285031322833,-0.1297359377509821,0.16408906512053356,0.07105308317609427,0.24498728785182436,0.33832652664045576,0.5346833978458938,0.2432380007279299,0.26026951373504886,1.0252185800142233,0.21174223425506772,0.4498689939693758,1.4599190465164387,0.1951029442317413,0.34703530352215045,0.057338097289459516,0.30471706208037114,0.5180086683792487,0.972737017724488,-0.07453960949204977,0.5555673171220068,0.9629494222310605,-0.05844816766109498,0.34149947460743174,1.434298984714119,0.10084370414698916
3.08257,0.2998623998875121,1.4921635402755276,0.21305716967095661,0.35863344067380637,0.10827611986160095,-0.03012901835965137,0.2867509594256313,1.0090281660680167,-0.04032993934255691,0.04845755401374393,1.2130911548178975,0.007530079361098579,0.02053888373591952,0.9184935428050025,-0.1820727860861633,0.3279306585695902,0.0619772998814392,0.018435183172009158,0.3033149910928461,0.5458083967162086,-0.053387826187589395,0.1845817257292092,1.0300526369634015,0.1296747671137725,0.19498539288248595,1.499814477902379,0.0915328697456517,0.4964079997133607,0.08691940560653134,-0.06123082938368556,0.03592130670086538,0.9988562897863188,-0.13771854743939935,-0.0028582837349870253,1.0048741093913847,-0.12425352969098642,0.21862203023347207,0.11188099069843167,0.2844515085257832,0.5441892005131463,1.1545839929162742,0.1178347408379498,0.5122759616002482,0.8983704659147772,-0.1271930189596097,0.16393409244097343,0.0708965773552346,0.2450099183652302,0.3373262215424406,0.534944223885093,0.24643064593034628,0.2601483992741469,1.0256989788401039,0.21471032883713234,0.44902820959568535,1.4607303805603882,0.198703699023511,0.346887285838894,0.05738011983496214,0.30483754702950105,0.5183781171992125,0.9744740356733951,-0.07172854308282296,0.5558596724936614,0.9645987133301323,-0.05554027935609154,0.34171455249494226,1.4347042581971026,0.10343340391449647
3.09255,0.2986510356420747,1.4928600970933599,0.21495224556152587,0.358728663891103,0.10854362107707209,-0.029944354535028923,0.2884038237255873,1.0092565396381585,-0.03713707200617019,0.04954640598340975,1.2119044317208674,0.009067882982579123,0.022776561167495265,0.9163082973772666,-0.17910866014394608,0.3278659668947742,0.062099155397643865,0.018410559371556567,0.3044343775153267,0.5462942347811897,-0.05095252716614373,0.184995164040126,1.0303431990290541,0.13206712848757324,0.1949356036108369,1.4995790034314052,0.09196432612201738,0.4964559912499186,0.08701314639053156,-0.061015695385030884,0.03783213742371305,0.9969051259023487,-0.13507995739801124,-0.0009888505619158427,1.0028665815783242,-0.12169233204360194,0.2182651937601876,0.11168538025408328,0.2847828894553688,0.5439738635381939,1.1556603040925202,0.12181052067031567,0.5130728716405136,0.9002229331414817,-0.12417519708028983,0.16376028799645642,0.07076006218471313,0.24504078617097133,0.3362490228733346,0.5352323728550752,0.24970687909845798,0.25995026599374155,1.0261634292997117,0.2176511305725765,0.4480932182831251,1.4616037280577374,0.2023781531309054,0.34671601137742913,0.0574661706237785,0.3049896283060583,0.5190007291773232,0.976176020456645,-0.06849063538601984,0.556431267188435,0.966263227011731,-0.05220483641081575,0.34191826285062393,1.4351032157835837,0.10601908745017409
3.10252,0.29733827018286535,1.4935764419032767,0.21676189694758627,0.35882156229286494,0.10882669550050104,-0.029755768836042456,0.289975941962668,1.0094803155361025,-0.033940129765835395,0.050509644891606385,1.2108848459794053,0.010470750300696694,0.024603947104569306,0.914239735740051,-0.17613912738569756,0.3277959764161106,0.062242183404462297,0.01839419641541273,0.30553652871271436,0.5467757755737228,-0.04850267054205942,0.18528380206136683,1.030609340596566,0.13441933671281875,0.194941276579186,1.4993950385302488,0.09226931428040237,0.4964938086311434,0.08710538788357086,-0.0608170224074874,0.039427474967845974,0.9950826132645771,-0.13249530504064588,0.0005628440355422404,1.0010620412972127,-0.11921829375894458,0.21784372059276533,0.11149745956599019,0.2851254727814641,0.5437181958700974,1.1567339838671182,0.12616572157126743,0.5141269635269591,0.9020157486785887,-0.12074848986327556,0.16353841689762053,0.07063287571774951,0.2450654688485317,0.33507036363881376,0.5355300451681037,0.25304500810272723,0.2595992087443829,1.0266047194152832,0.2205710590392387,0.44700113927249124,1.4624854691536417,0.2061391575776436,0.34647847183268726,0.05757245528126604,0.3051739166576004,0.519802176034099,0.9778437038491778,-0.0648727932608417,0.5571842717149598,0.9679223394180104,-0.04847270068310832,0.3420670428192117,1.4354764120003358,0.10859406732292358
3.1125,0.29590190304494024,1.4942938249587858,0.21848272520402887,0.35889257836831046,0.10911567587361404,-0.02953515986365238,0.29147273548258434,1.0096896309684724,-0.03071611383719894,0.05135961036538198,1.2100044970669803,0.011728069324254284,0.026119445730626387,0.9122724124267984,-0.17319746522089624,0.32770032402372445,0.06240347227069293,0.0184156951389881,0.30664342774622033,0.5472519040429084,-0.046045336961206586,0.18544538883888148,1.030843897036496,0.13674235335004484,0.19496790944356737,1.499256438118647,0.09245960379073007,0.4965001019629265,0.08716509798020157,-0.06061264681291563,0.040762814995903264,0.9933790748653917,-0.12999682547991018,0.001857162442088588,0.9994175471358051,-0.11684324548576554,0.21739110056191535,0.1113136697155777,0.28546056508852724,0.5434022576681341,1.1577693997322485,0.13091526510207074,0.515348732540085,0.9038136727236745,-0.1169901668390543,0.16330115006801185,0.07051347873956448,0.24506638534952213,0.33382307057767374,0.5358269209082388,0.2564235112816375,0.2590817809971414,1.0270292757676047,0.2234898892070429,0.445729489254617,1.4633490490118002,0.20999425243103628,0.3461998646747105,0.057675701606004603,0.30537656606171965,0.5207263266809723,0.979501222056946,-0.06091594772889111,0.5580306316357465,0.9695661262033349,-0.04436048562258605,0.34214966164872407,1.4358227443213254,0.11115284462669367
3.12248,0.2943922894838036,1.4950185107750034,0.22011438143962275,0.3590682801588882,0.10943839553613934,-0.02926701582523297,0.2929836891420928,1.0098942640139508,-0.02748177063998153,0.05221533577069503,1.2091330567627228,0.012786101607945615,0.02757357526331027,0.9101485224147638,-0.17016781256576324,0.32771237683406984,0.0626179933605736,0.018508322368945496,0.3078666599513888,0.5477463715327331,-0.043624085062868585,0.1855868809542594,1.031058724464598,0.1390538806169764,0.19502073050908866,1.4990971153752686,0.09251992007973965,0.49660660415240604,0.08721203869779552,-0.06037663771211814,0.042066047412421044,0.9915667397896781,-0.12750450580475362,0.0031213980690787645,0.9976839434051559,-0.11448828290626423,0.2170744550160505,0.11116281886383343,0.28577754044429593,0.5430564703985956,1.1587449607217573,0.13609888604394846,0.5167327649183393,0.9056928064229693,-0.11294244918210572,0.16320852931705676,0.07044027239656944,0.24503453976412962,0.33267361079021535,0.5361412504914878,0.2598001172787763,0.25851977696427403,1.0274518999335827,0.22639814326875277,0.4443511632139482,1.4642388758157932,0.213900663357613,0.346046749200896,0.057764859515519615,0.305584303006619,0.5217828962834696,0.9812067915315414,-0.05662484246372632,0.5589697294587547,0.9712208268226414,-0.03986050562841275,0.3422121877434014,1.4361661319686705,0.11368335189157547
3.13245,0.292817644834391,1.4957336179975347,0.2216475709542245,0.3592834921379348,0.10976818772755675,-0.028972444237048343,0.2944936429103558,1.0100807718242208,-0.024294290207894104,0.053082287597210405,1.2083014309610378,0.013641887803438895,0.029020412712579404,0.9079927845012037,-0.16719336560836404,0.32776949514423176,0.06285592683759433,0.018656436446895276,0.30913611170470945,0.5482345231411916,-0.041279604510811134,0.18569879120954733,1.0312584236969535,0.14129644769091515,0.19513118822543313,1.4989364751735972,0.09245435378267194,0.4967430127891255,0.08723565604913475,-0.060136770937159884,0.04337060879886958,0.9897362256347549,-0.12510680100489435,0.004387291098617659,0.9959386182702465,-0.11223588812632154,0.21684348181905183,0.11104501684099331,0.28606263031986556,0.5426525091440001,1.159623742202945,0.14166971114535873,0.5181407485606266,0.9076251609292375,-0.10864846607997851,0.16319285260702826,0.07042441846506935,0.24496422168023244,0.3316119832827167,0.5364584864301649,0.26312448909881864,0.25790637559493057,1.027869186933358,0.2292357774818131,0.4428792065150021,1.4651376334766197,0.21781495753129193,0.3459610579603169,0.057822501739255495,0.30577875243436725,0.5228654379543608,0.9829176037185376,-0.05202546169473935,0.5598901559181089,0.9728124896478094,-0.034993456040927066,0.3422643954119986,1.4365060747654637,0.1161750331994665
3.14243,0.29115737034819555,1.4964142743122217,0.2230747035928092,0.35936513051081326,0.11004702584894499,-0.028692716647349816,0.2959256296398111,1.0102209494562955,-0.021207099040954493,0.0538896887663286,1.2076416937384673,0.014345494862742633,0.0303969777296076,0.9061638378677236,-0.1645532093722244,0.32769809429864993,0.06304748590222663,0.01881098230730111,0.310278910964939,0.5486639080369826,-0.03902712191818567,0.185694626233678,1.0314389000396493,0.14338611397549408,0.19534499358430588,1.498848521246675,0.09228452011031645,0.49672628294289506,0.08721011782372828,-0.05995116845573223,0.04459145798907583,0.988178071166131,-0.12297612306039203,0.00556616856699497,0.9944654883351207,-0.11025469341033255,0.2165183156993615,0.11093837884876905,0.2863147029966145,0.5421306577182621,1.1603686379926292,0.14756017767042323,0.5193597757437762,0.9095151322095298,-0.1041091317086403,0.16305507739537112,0.07045045551375573,0.244867220090621,0.33050898934535894,0.5367444032938725,0.26636840727759725,0.257144993327451,1.0282666286404718,0.23193741276137314,0.44128018681929254,1.4659926077858354,0.22171391942400634,0.34575337795239947,0.05783310484166934,0.3059513728319913,0.5238020416404929,0.9845308770171937,-0.047124556623619814,0.5606194981086589,0.9742177027666649,-0.02977023250487005,0.3422928700223863,1.436823570745976,0.11863065861713004
3.1524,0.28948321802986254,1.4970901971920407,0.2244104545833537,0.35944904044991366,0.11029439034145698,-0.02843237215789515,0.2973337323780309,1.0103137773070785,-0.01816097363782547,0.05468283657934412,1.2070990815146725,0.01497782436412324,0.03190557033246974,0.9045536808332537,-0.16212765969054607,0.3276420683571764,0.06320036405196792,0.01895231036323519,0.31136936252270814,0.5490439677370745,-0.03682065279965277,0.1856279532449509,1.0315873707418304,0.1453806169396559,0.1956872516427934,1.4988059815428294,0.09203331927237117,0.49670536954345956,0.0871818262975031,-0.059812951224474414,0.045904699048694424,0.9868138422845093,-0.12100226668923592,0.006823164620651974,0.9931831073557738,-0.1084789761060865,0.21622488348912644,0.11084414044975564,0.2866103983764938,0.5415471402524191,1.1609985169255992,0.15385873315708318,0.520359077662195,0.9113220381102303,-0.0991713040765675,0.16292905850980605,0.07049727561297148,0.24483830373893717,0.329438820152415,0.5370079190547998,0.2695821298108592,0.25629031516287026,1.0286450646504615,0.23455760293472955,0.43960569426381807,1.4668436557915905,0.22558578973200283,0.34556247192257183,0.05782297230477902,0.30616254702189605,0.5245777957943529,0.9860413660078395,-0.04181490805454441,0.5611572655377987,0.9754659579369621,-0.0241186833843077,0.34234292574768344,1.4371120354044924,0.12106804760338555
3.16238,0.28781338551206126,1.497786671218208,0.22566015958461758,0.3596333628179342,0.1105405283155317,-0.028195147628563233,0.2987431848136248,1.0103654642280537,-0.015082054094623302,0.0554596219438136,1.206584450862672,0.015605197633471261,0.03372029348910822,0.9030166858646936,-0.15981247612081026,0.3277042646449799,0.063338989365277,0.01906648285539104,0.31247571504549093,0.5493988231461899,-0.034611568391914524,0.18552101044060065,1.0316974817906561,0.1473579578706617,0.1961101325697903,1.4987608859783323,0.09172785691375966,0.49679178109868616,0.087184220839426,-0.05970783982911162,0.04745415302824299,0.9855271707493781,-0.1190975362995124,0.008296349121081093,0.991958339749574,-0.10683795930699405,0.21606484107128382,0.11075757931698098,0.28698693615910115,0.5409086838981144,1.1615321897903244,0.1606691616187281,0.5210815668803203,0.9130418545132646,-0.09370659565239665,0.16292270224030272,0.07054629490996665,0.24492076093372106,0.32845724953367444,0.5372537871960676,0.27280040628722296,0.2553667015464784,1.0290071106273668,0.2371699652089806,0.4378664980108606,1.4677308137553124,0.2294440265939042,0.34550221432039185,0.05780107975379577,0.3064308787012779,0.5251474408297602,0.9874740268383393,-0.03600071660962461,0.5614735809204661,0.9766101997219714,-0.017972292858867624,0.3424192105144949,1.4373679056105186,0.12350123712708633
3.17236,0.2860297560773392,1.4984778593068886,0.22677941734387505,0.3597472953126654,0.11078308799395689,-0.028009070959158038,0.30002422599992684,1.0103778236442802,-0.011981503725795482,0.05604200453933597,1.2060774539459767,0.01623926819511139,0.03577193608668203,0.9016651688837386,-0.1578217771881488,0.32770760880731226,0.06346808512241083,0.019130960239219053,0.3134836998687303,0.5497355247440131,-0.03241451713295369,0.18524895106054873,1.0317784060470638,0.14931560296891996,0.19644224065382268,1.4986952137526988,0.09140388985562067,0.49681426520010635,0.08718008627621847,-0.059650458860162875,0.04913732231535165,0.9843926799743057,-0.117424586725918,0.009892609374915064,0.9908205604212544,-0.1054278716848483,0.21590302080303195,0.11065014434487695,0.2873536291555315,0.5400630124163223,1.1619442468487886,0.16794309424088782,0.521300729186655,0.9146822369563968,-0.08779684241602559,0.16288491898278162,0.07058740071258908,0.24500825145293084,0.3274701908739122,0.537448368976875,0.2759365888469079,0.25425531661473083,1.0293439233501973,0.23977148485039454,0.43596430879846493,1.4686230358644894,0.2332924954378357,0.3454325915416378,0.05771806809138839,0.30665059114802923,0.5253056998973537,0.9888291075184702,-0.029749624471221727,0.5613730632286174,0.9776339513434309,-0.01140079180516726,0.34241281756993347,1.437581899154381,0.12589572079059105
3.18233,0.2841486959100859,1.4991814734435056,0.22776204022124752,0.3597859346808289,0.11102953694404737,-0.027868273537223535,0.3011818547308522,1.0103666560318065,-0.008853867413076078,0.05635250521067421,1.205648752544107,0.016939071382026313,0.03810877323091684,0.9006359885369473,-0.15622185022872465,0.32762855553366255,0.06360086629684354,0.019152157880124438,0.3144016900665947,0.5500624794426628,-0.030221679165731357,0.18480806971279246,1.0318317070003584,0.15124798791426614,0.19670150004663586,1.498646215623323,0.09106645563702226,0.49675728115185647,0.08716604165969115,-0.059631184971646906,0.05096999322388773,0.9835314479467455,-0.11601417723380839,0.011626537316126118,0.9898823336602507,-0.1042983978448026,0.21574286259261047,0.11052716584299377,0.28769518198976973,0.5389895237302523,1.1622404958424413,0.17565831981370508,0.5210890895454239,0.9162673139916331,-0.08148328220191575,0.16282433123231405,0.07062182457931147,0.24508557258250477,0.32648786508335775,0.5375923366151556,0.27897343434274335,0.2529404670286796,1.0296550866290415,0.24235933577953753,0.43390185330828585,1.4695065152228666,0.2371412381766311,0.34535696071289057,0.05758002278575941,0.3068141995543577,0.5251030742591267,0.9901263727238201,-0.023096173956603225,0.560903907334977,0.9785641192148622,-0.004437453907232716,0.3423217805832972,1.4377588686969258,0.12824937642553214
3.19231,0.28228908340250314,1.499946138437345,0.2286311627916556,0.35987870077647305,0.11129317709449224,-0.027739751975702706,0.3023323173627336,1.010358202443842,-0.005678972135564846,0.056403141847152984,1.2053972077544877,0.01782072491137901,0.04091812048981454,0.9000400735336773,-0.15493529764759725,0.32757789986518476,0.06375223726337301,0.01915952234088699,0.3153399000186895,0.5503872436062681,-0.028003656642119856,0.1842929837428557,1.0318489700976519,0.15315116891744676,0.1970386859389826,1.4986733930735079,0.09069498936290352,0.49673707660404887,0.08716767012943145,-0.059621536208221325,0.05309561672678282,0.9830573876641908,-0.11476467776330873,0.013631250755845623,0.9892664980497995,-0.10342381142375942,0.21569563261294689,0.11041701586766274,0.2880620214030923,0.5377674350767052,1.1624499704865878,0.18383831829641598,0.5207248025899294,0.9178306953751852,-0.07474729617700143,0.16287281987591298,0.07065767302634067,0.2452147384823575,0.3255919423406195,0.5377158062206037,0.28195873207471056,0.2514936453546982,1.029943866938899,0.24493534254727709,0.43176118054417345,1.4703923338237805,0.24099854345042526,0.34539215918437377,0.057437716507128284,0.30699345403569334,0.5247679271653585,0.991397778836194,-0.01602090382489159,0.5602840479002215,0.9794560402335775,0.0029397801343771703,0.34222874966142425,1.4379101086680328,0.13058541641874755
3.20228,0.28048209787230627,1.5007508140599708,0.22935481393361865,0.3599902275912976,0.11155267011489828,-0.02761107201055554,0.30348421270139053,1.0103708145620933,-0.0025362300202419925,0.056141769299756235,1.2052079277313943,0.019051849207706036,0.04442731337695303,0.8998886845727261,-0.15396573364549584,0.32755346231814475,0.0638952194396617,0.0191725728825701,0.31629362820755225,0.5506919563470466,-0.025790169375045545,0.18371742038593938,1.0318103933662552,0.15496532297927618,0.19740016804917895,1.498724411578102,0.0902802518636598,0.49673158413982366,0.08717714809746978,-0.059615024064201744,0.05564361736737614,0.9829494777111183,-0.11360775078736714,0.016034440552669383,0.9888777186182202,-0.1026848118570629,0.21570667477737765,0.11030992354896096,0.28844528765468974,0.5363623077463687,1.1625605433937538,0.1923977920016235,0.5201755918199809,0.9193618843440531,-0.06767215886407048,0.1629716851521842,0.07069310389278952,0.24538246179481546,0.3247182295526942,0.5378314042294007,0.2848595272159058,0.24994549189513957,1.030184289111893,0.2474368776047996,0.42958179171047983,1.4712936171523712,0.24475895282371385,0.34548767207271014,0.057306325379383544,0.3071768456530083,0.5242655954476183,0.9926178871520587,-0.008585123189816394,0.5594816756579828,0.9802718761627064,0.010673360558868358,0.34213440280187984,1.4380128224712139,0.13284939122820333
3.21226,0.2786836253852336,1.5015811419601899,0.2299024546597776,0.36006812925529197,0.11178815077382581,-0.027480943332992624,0.30463095649118116,1.0104113251232871,0.0005175371307325078,0.0554725209562115,1.2049557329294927,0.02076573243748567,0.04877454002800581,0.9001934261215145,-0.15333369996678864,0.32752016309818016,0.06400532557339955,0.019196288597928587,0.3172307869167152,0.5509595836109163,-0.02360691052494955,0.18308115992992904,1.0317067223524272,0.1566448609446583,0.19772170953132895,1.4987198834176938,0.08975987768296824,0.4966961936072292,0.08717501015028284,-0.05960790819699438,0.05865480162229076,0.9831845299439153,-0.11250619155521804,0.01888033059980929,0.9886168902336337,-0.10198054950368315,0.21570182479592473,0.11019881878339932,0.2888262174028487,0.5347035521430795,1.1625432053914682,0.20131794639551032,0.5194071599359509,0.9208865443133071,-0.06032643959458219,0.16304699591225277,0.0707238782342213,0.2455581519632658,0.32378867937500566,0.537944995494891,0.28765162565845,0.2483074574863164,1.0303573755397493,0.2498158001799631,0.4273514972716897,1.4722046679821381,0.24835153511261646,0.3455710755103325,0.05718981644145784,0.3073500333113915,0.5235481448441999,0.9937709358520013,-0.0008090916524242127,0.5584385868001064,0.9809715034396452,0.01876169866693755,0.342003428480344,1.438048253938639,0.1350222921243589
3.22224,0.27678654619132737,1.5024707567754632,0.2302726269565945,0.3601402703207505,0.11200341408460543,-0.02735848367247466,0.3057969038903097,1.0104688314063837,0.003499374514020167,0.054262002335713266,1.2046467006227035,0.02297395155839696,0.05385434137822824,0.9010450149545519,-0.15305424466407833,0.32745861367019374,0.06409033649647274,0.019212434478709517,0.31813480649528875,0.5511888276573301,-0.021460435130671127,0.1824223005986307,1.0315578070862137,0.15818924919348656,0.19806000492472942,1.4986032945488243,0.08896150482129492,0.49663975383453535,0.08714322164318654,-0.0595876321543921,0.06197650087450623,0.9838336921369928,-0.11147713167781731,0.022026961307268975,0.988533877109228,-0.10131831339258032,0.2156860659980987,0.11010933239365364,0.289203565624968,0.5327439336336064,1.1623645535958183,0.21067443742647873,0.5186043234543253,0.9225149942060666,-0.052770591494553216,0.16312724765758824,0.07074827324010485,0.24572876149033857,0.3228150234097969,0.53805896715959,0.2903470325534914,0.2466046143379124,1.0304755184431544,0.25206601927413447,0.42501260097623345,1.4730711785208903,0.2518054547178852,0.34564407067700315,0.05709500625769754,0.3075473941769334,0.5227300008037685,0.9948854000812398,0.007328132441091207,0.5572264437964588,0.9815641136306843,0.027269416527910345,0.3417898214540841,1.4380276284521112,0.13717584917222983
3.23221,0.2747299594181581,1.5033849803901111,0.2304401651607513,0.3602197341848148,0.11220352626058142,-0.027262356115847396,0.30702824231104897,1.0105369739049181,0.006467349973393941,0.052460429328991726,1.204280935336152,0.025654054710648338,0.05970360189657394,0.9025974588475765,-0.15318701835749612,0.3273727350284679,0.06415845393383557,0.01919301181513211,0.3190428697391655,0.5513928338040797,-0.019348751134569356,0.18179973419161116,1.0313773856650832,0.1596538402200253,0.19851779565276054,1.4983280713326181,0.08774743172143741,0.4965814171731453,0.08709103845952848,-0.059560629434165784,0.06560590514592445,0.9849729730941792,-0.110519405631909,0.025500937554836033,0.9886265556554771,-0.10061319744391559,0.2156836995168055,0.11004245650364111,0.28958487418287737,0.5304052280686677,1.1620547377825343,0.22051258300625226,0.517901410882081,0.9243830774371077,-0.04502618890899476,0.16323096779607385,0.07078007268960478,0.2459004584037441,0.32185583451209193,0.5381646770269549,0.2929983391460899,0.2448976094823287,1.030557426694902,0.2542373250068051,0.42249216888137814,1.473901097992888,0.2552164320815526,0.3457272978893388,0.05699847228064521,0.30775969485601534,0.5218810322228034,0.9960220588267826,0.015864777494749436,0.555868089849288,0.9820720865507687,0.0362683942695694,0.34150299320379995,1.4379565804413383,0.13930912132403336
3.24219,0.2724935653877227,1.5042296601427338,0.2303657599077909,0.36029728652858345,0.11238961499597053,-0.027215906962776832,0.3083705824233113,1.010609681480458,0.009501088630207322,0.05008181539268969,1.2038591714666589,0.028731073989411108,0.06651027450674876,0.9049959070643429,-0.15375582649065825,0.3272797038219684,0.06421205911207493,0.019109303146659342,0.32001904186467267,0.5515907582360143,-0.017268017324618936,0.1812653463887216,1.0311705419184127,0.16112452664493634,0.1992046054541332,1.4978541726437835,0.08604217026294556,0.4965383666532205,0.08704577706663542,-0.059545135956841154,0.06969660823955282,0.9866540579640802,-0.1095940181177588,0.029492557792843162,0.9888469564017586,-0.09972462784504621,0.21571718746262217,0.10997295382038307,0.2899746572505403,0.5276049491014067,1.1616893198219191,0.2308326247427002,0.5173200995027795,0.9265714645090602,-0.03704932733057846,0.16335337104511322,0.0708351000450026,0.2460834641633503,0.3209814324106535,0.5382427763582603,0.2956862999833647,0.24325013691681044,1.030620412481781,0.2564148516364405,0.4197128064737746,1.474746981656126,0.258707245931324,0.345841769651947,0.056859169410538445,0.30793627287477937,0.5209869262871673,0.9972321063241729,0.02485070508539413,0.5543176973965789,0.9825107958015233,0.0458193870071609,0.341190434532723,1.4378321547182953,0.14136434036088694
3.25216,0.27006669289367424,1.5049169488176406,0.23006505549305892,0.3603563602826774,0.11254549476949507,-0.02723015496011214,0.30975508736560536,1.0106484115863132,0.012591967295416694,0.047122874449947325,1.2035007842938985,0.03186247026297203,0.07434187539932778,0.9080305087352658,-0.15435208250466864,0.3271703127587969,0.06423753852001428,0.018962795554138146,0.32101129980108706,0.5517722840515414,-0.015272918484233183,0.18076655281888288,1.0309453860380007,0.16259112250337157,0.2001076009788642,1.497152602235338,0.083918682267317,0.49650044223992146,0.08700689858443146,-0.059529477788891706,0.07436060552142888,0.9887901521710053,-0.10858676582522774,0.03410860659777587,0.9892222543649519,-0.09872148968720863,0.21575274706654007,0.10986772916127262,0.2903215724386716,0.5244541534131192,1.1612995245979492,0.2413843150923422,0.5166394680122411,0.9287400277200295,-0.028766172062508696,0.1634658246417665,0.07086690697252654,0.24622557681784854,0.3201744420437609,0.5382632242518454,0.2984268976951785,0.24161370716184247,1.0306620594547982,0.25859907351778755,0.41667062741879646,1.4755674722700445,0.26222912174919155,0.34596181993483166,0.056686270416735234,0.3080294149920188,0.5198928507543286,0.9983628743928495,0.034168355163019304,0.552488929153363,0.9828155687747886,0.05574092904552999,0.3408469359600044,1.4376510999454981,0.1433300907662547
3.26214,0.2674547517433328,1.5054106544372836,0.22961060040833695,0.3603953555613678,0.11266555256284047,-0.027283711084924302,0.3111099561505095,1.0106315149099978,0.015718436730179964,0.04362860547631149,1.2032942222988148,0.034721185656381846,0.08304450863993157,0.9113997870835215,-0.15452098551512677,0.3270423657052903,0.06423118709646744,0.018785108103273582,0.3219601724414263,0.5519288168711268,-0.013383400498371346,0.18024774956151202,1.0307111851057724,0.16403926416989967,0.20116797510046774,1.4961935640551811,0.08153641193234767,0.49645586751651655,0.08696961180972584,-0.05949467923168183,0.07954114663416369,0.9912206126182805,-0.10736281032979211,0.03929582119535879,0.9897343196803442,-0.09761914735963577,0.21575257582355958,0.10970916456541772,0.29061810274561056,0.5210849027645144,1.1609170856418602,0.25200059762878296,0.5157353319540753,0.9305764658261386,-0.02006715122488485,0.16353955887933425,0.0708393144764685,0.24632159474832746,0.31938748042012366,0.5382093752003994,0.30121215380854577,0.23993550625850432,1.0306730872439087,0.260778482889981,0.41340241068688394,1.476325001993378,0.265741003417327,0.34605393116190253,0.05649308512539951,0.30804768073727506,0.5185321505103762,0.9992801056593309,0.04375616985199381,0.5503740026566335,0.9829386265782519,0.06592231506705706,0.34043956404604325,1.4374157001718533,0.14524751440596972
3.27212,0.2647247797012906,1.5057645168576872,0.22914999123424842,0.3604458753148276,0.11277443930467879,-0.02730113935157879,0.31242542250680805,1.0105953060458388,0.01885257767770739,0.03980384329773024,1.2031822313521183,0.037162605246290246,0.09199168211540415,0.9148313858129818,-0.15403070047556244,0.3269289062621249,0.06421845762446511,0.018646534986796522,0.32286405346969543,0.5520730176788512,-0.011537183711718245,0.1797323260005991,1.0304766143899173,0.16549307624693324,0.2023089840236804,1.4949511858662585,0.07915056841218668,0.4964098933203321,0.08694235307391719,-0.0594327526400007,0.08480651190107019,0.9937014330671149,-0.10581377764374057,0.044672107685396895,0.9902112594183394,-0.09618726792705111,0.21571312924848415,0.10951799796441425,0.2909788073442113,0.5175663842130748,1.1606113059272853,0.26271453852992266,0.5148641119498326,0.9321053090652143,-0.010914739559076245,0.16356319968854488,0.07078233794955796,0.24650193632279319,0.3185906591392183,0.5380993231146317,0.30399261808842254,0.23825989823309887,1.0306416012329362,0.2629462555576306,0.41001576436176684,1.4770463355920882,0.2692877910852277,0.34610333713200553,0.05626719729706582,0.30810742448090034,0.5171287655009321,1.0000179387389685,0.05365629500459478,0.5481744165736561,0.9829183322023133,0.07643215157302369,0.33992232417321,1.4371402336297874,0.1471979245787457
3.28209,0.26194567081218256,1.5059884190909465,0.2287074704992888,0.3604930860553293,0.11285117859061669,-0.027301953627585338,0.31374250879077653,1.0105519827452798,0.021954792668479897,0.03595406574202987,1.2031591451991022,0.03896102661065369,0.1007158984816541,0.9179975457752588,-0.15278215011999272,0.3268433963638312,0.06416834128678219,0.018537274856719563,0.32373596724814335,0.5521858613861613,-0.009771862957067952,0.17924469836393692,1.0301821674629195,0.1669121563193584,0.20344420806675648,1.4935023692243732,0.07691440057096155,0.49635896078346514,0.08694225302050128,-0.05940420253233377,0.08993470005266399,0.9959392448730807,-0.10384766643830957,0.04997430346016777,0.9905453060499243,-0.09441382556294703,0.2156563113733887,0.10929610027684598,0.2913858788908173,0.5138648496206616,1.1603973711283273,0.273354641247482,0.5140554902366926,0.9332884333169554,-0.00144088569572913,0.1635651417894939,0.0706989640803498,0.24674128931554495,0.31781331346645403,0.537939213542656,0.30671917179413904,0.23660700605118104,1.0305205457484108,0.2650595010984432,0.40657154532288986,1.4777100377685588,0.2727688577393545,0.3461377429298896,0.05601681981904596,0.3082052231174517,0.515653420202465,1.0005098175655203,0.0637668408661876,0.5459020803989538,0.9827261706936227,0.08714652053713008,0.3392662512551801,1.4368041171971677,0.14915041879700464
3.29207,0.2591706407043394,1.506056845928342,0.22822056406454155,0.36049284225652123,0.112844331463112,-0.02737021155447688,0.31512452646511635,1.0104897903572907,0.024995249804436594,0.03241202124129209,1.2032797005590297,0.03983308597359686,0.10899260047399438,0.9205089645318419,-0.15071422915886024,0.32678148355564124,0.06401478698444654,0.018391121844219226,0.3245947193120448,0.5522255395684891,-0.008191017878037828,0.1787882922803812,1.029722075903301,0.1682157761958536,0.20448581022280243,1.4920026934534434,0.07489452489172674,0.49629588448964945,0.08698275609495014,-0.059501968706200364,0.09493420376061176,0.9976304046563796,-0.10139083362826373,0.05509066075068244,0.9907042791883641,-0.09249377882055229,0.21561587028844895,0.10902742611943353,0.2917227376653754,0.5098852426461798,1.160252280946103,0.28364424862187937,0.513104121094695,0.9339502715552538,0.008217307026773596,0.16359699884858053,0.07056513205037301,0.24689865636434186,0.3171220752413192,0.5377210093357728,0.30936670613322365,0.23495131524193621,1.0302379437561158,0.2670617684152246,0.40307533527154876,1.478257952051844,0.2759987801978456,0.3462066653556409,0.05576595519381297,0.3082503744076255,0.5138660146179149,1.000583146480175,0.07394259197772267,0.5434199459888254,0.9822716145812095,0.09785693776034955,0.3384516204034665,1.4363615667653107,0.15100409426502323
3.30204,0.256450519696902,1.5060244552665223,0.22781810346156048,0.36049115790254066,0.11278007470169969,-0.027440017572595427,0.31651839042211843,1.0104219402276418,0.02799637576038381,0.029338674678513137,1.20358385238919,0.039679864290091266,0.11669984979699753,0.9218632167759145,-0.14749525751093936,0.3267607899965553,0.0638002956946347,0.01825420696763127,0.325439641502338,0.5521938809371274,-0.006744311545615734,0.17830093905823022,1.02907983165637,0.1694199861560491,0.20535158139485024,1.4905734154178778,0.0732866601854596,0.4962501287615113,0.08701943336732529,-0.05966210879442753,0.09972028289146463,0.9985681016946831,-0.09845877025449806,0.059849970844824914,0.9906572686670732,-0.09057964843449573,0.2155877783054009,0.10871992260230964,0.2920531568652907,0.5057433276570772,1.160236897638012,0.29367452561130925,0.511876610437699,0.9336507870169001,0.018520842795506375,0.16365275592586498,0.07038547614822299,0.24704740710624995,0.3165210901753334,0.53744379528916,0.3119676275231108,0.23322385914813684,1.0297611164762892,0.26896655962331345,0.3995705777575227,1.4786983300597336,0.2790392094957705,0.34627994393063466,0.055512634328598,0.30833147570878777,0.5118317240848466,1.0000773885902123,0.08439191804637278,0.5408895434453679,0.9815144902922842,0.10875732162605088,0.33743252913265387,1.435816420281529,0.15281825486136283
3.31202,0.2538153213359125,1.5059326501904229,0.22760433934692875,0.3605261719732625,0.11269038110117695,-0.027449234203877602,0.31787672800710054,1.0103396325632523,0.030993334644428914,0.026849529617665076,1.2040177138258097,0.03855910095383544,0.12377311974444942,0.9217478518757568,-0.14298034996320927,0.3267855604570694,0.06356514792512194,0.018164322373820548,0.3262511792999227,0.5521011403872629,-0.0053568804699897915,0.1777451289558055,1.0282902260153215,0.170560674337244,0.20595796859441468,1.489303134290691,0.07222938385984025,0.49623745544365494,0.0870224599705388,-0.059811079516022346,0.10422764280823134,0.9986284307748077,-0.09513018432623259,0.06417027363426699,0.9903189263805844,-0.08874920902079209,0.21555487553024813,0.10837179748204898,0.2924274486704512,0.5015222893006099,1.1603703537309653,0.3035989225433507,0.5103100803643799,0.9320998159454529,0.029852913443899967,0.16371189359296281,0.07015796908004232,0.24724842137481085,0.3159631712520045,0.5371018102452645,0.3145541356556473,0.23138446269119217,1.029109237674063,0.27080281257422334,0.39611293689869137,1.4790452104032878,0.2819577529657558,0.3463198083829119,0.055242103242752943,0.3085141138584438,0.5096553310078086,0.9988927110907295,0.09532757759600427,0.5384183370045287,0.9803848764081038,0.12009505312075651,0.33620469806081843,1.4352001214729038,0.15464002355455284
3.322,0.2512895390981221,1.5057315672693934,0.22748653159125,0.360548816598307,0.11255865818641671,-0.027461026498741506,0.3192382928932424,1.0101692333857373,0.03396183665562877,0.025143928122175807,1.2043358672766074,0.03671450111434755,0.13007404370065026,0.9203220377737097,-0.13768209527497993,0.3268155847333511,0.06326307025340998,0.018056172516521446,0.32697486312762175,0.5519420292989714,-0.004047207004037322,0.17719585385748113,1.0274369247504895,0.17161867092779995,0.20620431619126856,1.4882577167541509,0.07165864933071096,0.49621757130719457,0.08703729812572124,-0.059976075048754365,0.10843556404372169,0.9977709580991031,-0.09158890634293132,0.06813583969874709,0.9894863561537347,-0.0869829662471341,0.21550309794557876,0.10794717591044836,0.29272063102701623,0.4971269879395895,1.1605189909043339,0.31326407905634507,0.5084607302094344,0.9295417677951183,0.04180902426264598,0.16376821801378835,0.06984752822033628,0.24736523445191327,0.3153541499813529,0.5366781075377698,0.3170730933579583,0.2295140206739136,1.0283884631355127,0.2725467891784592,0.3928008050255861,1.4792667269861144,0.2845987726424347,0.3463348390321329,0.05493719144368819,0.3086725171110283,0.5073168031598027,0.9970570885165964,0.10654087432350023,0.5358034439468927,0.9787241804275078,0.13175456819879086,0.3348869472604446,1.4345722369283642,0.15634033666796207
3.33197,0.24884475077017115,1.505437848851362,0.2274758656723182,0.3605661524803657,0.11238967061051088,-0.027472247949650606,0.3206608976406692,1.009897609154099,0.036872079336719675,0.024335173168834982,1.2043676170947966,0.03435743606853438,0.1354001060356631,0.9176745746804176,-0.1319713773842064,0.326854411807024,0.06291228297567304,0.017948015239736832,0.32762945711254426,0.5517426179460907,-0.002821424422909491,0.17671718519457238,1.0266186869411376,0.17255205009462768,0.20608510297845992,1.4874569157662683,0.07151740615399434,0.4962002466917498,0.08706362225492677,-0.0601349891243743,0.11223134796163986,0.9959521867171639,-0.08797025159398647,0.07170511319957197,0.987996552395636,-0.08524007089314688,0.21543661884313903,0.10746253746223787,0.292923571206102,0.49250858987076995,1.1606533820820093,0.322647885953731,0.506617350614573,0.9262651771405217,0.05418833799854198,0.16381919239349102,0.06947647236718832,0.24739086105854327,0.3146956576701587,0.5361933104933087,0.3194733916082174,0.2276724457203499,1.027701717847742,0.27416137656678174,0.3896342363721237,1.47939100266198,0.28701900788429124,0.346332142824689,0.05459459144898157,0.3087898271796554,0.5049783266779911,0.9946902530472053,0.11796975864248879,0.5330997087890833,0.9765669983563533,0.14373659423651824,0.33354265876442757,1.4340040796835947,0.1579483914137781
3.34195,0.24640567008612138,1.505130739969986,0.22768256343563656,0.36063317717389864,0.11221436984459841,-0.027422846166060028,0.32218517357513266,1.0095788675500998,0.039699537022481274,0.024451281733240668,1.2040338449695371,0.03162462098614815,0.1395440556086361,0.9137662459822398,-0.1259730826698172,0.3269412658720637,0.06259121580889067,0.017923769058154786,0.32828017464872006,0.5515539073009821,-0.0016662197095522325,0.17632903106894554,1.025920188205035,0.17331458114270498,0.20569001950543375,1.4868662072963619,0.07175982214936927,0.496234250066322,0.08706118372428857,-0.06023130188190129,0.11545316935296454,0.9931094680390871,-0.08432368217386974,0.07473905407592253,0.9857398733210377,-0.0834681462662848,0.2153679621133718,0.1069812352994514,0.2931312808751338,0.48766901063314516,1.1608478421200792,0.33185018813202316,0.505144799218585,0.9224716016391421,0.06707394616442315,0.16385901477515072,0.0691144067853093,0.24743633739849782,0.3140693437647181,0.535698765332328,0.32171212697308404,0.22586997454991534,1.027117671105814,0.2756100414375212,0.38652166408129995,1.479497041721297,0.289461903750408,0.3463094154002083,0.05422937514002595,0.308948387244412,0.5028850367182043,0.9919373658777165,0.12972230895729675,0.5305511796168246,0.9740984482110591,0.15616443294462873,0.3321598173950921,1.4335585042124837,0.15963802085305562
3.35192,0.24394820755388044,1.5048414370568872,0.22809112370701215,0.36071947148033356,0.11207243155471333,-0.027368085818806086,0.32367746621364235,1.0092986677983777,0.042381455841295025,0.02553209184994926,1.203257837179123,0.02858896900005432,0.1424919991669568,0.9086196647758453,-0.11973538241397717,0.32705486854451865,0.06233007549085314,0.017928200846756552,0.32883167103561894,0.5513983943975179,-0.0006097129258390793,0.17593725419605755,1.0253115426074104,0.17390395421940724,0.20515868727182138,1.4863703129141137,0.07220659871019768,0.49628602315649323,0.0870566534228231,-0.060343931562435595,0.11811962165751544,0.9892113155663832,-0.08060570091126892,0.07727010056497342,0.9826692520647093,-0.08162497061352723,0.21526349132359834,0.1065467479887761,0.2932960265000051,0.4826273454080104,1.1611104212875758,0.34057669808089247,0.5037130709443411,0.9180857617345441,0.08028828819427497,0.1638517429281581,0.06878433295670891,0.24746564425469675,0.3134899145156305,0.5352273664182893,0.32367684868264024,0.22405995417964344,1.0265957339431877,0.2768662287662816,0.38345249293268513,1.4796067931292296,0.2919186944157323,0.34625081992584333,0.05389697547454211,0.30908436945315176,0.5007343049891285,0.9887524108449144,0.14157456280361377,0.527947855578235,0.9713386297961246,0.1687407329635399,0.33069851105263826,1.433214364250593,0.16142217014727034
3.3619,0.24144838294538487,1.5045682614476468,0.22864441565011412,0.36079693391594686,0.11197771264146542,-0.027338527764582076,0.32502256192389395,1.0091116497647714,0.04489443051096157,0.027577360312231496,1.2019678906054396,0.025359319731976904,0.14433196887154862,0.902393129776755,-0.11342838615954974,0.3271781516217486,0.06212428790516111,0.01792440947245625,0.3292136843729969,0.5512769975011131,0.00033516293267341567,0.17546207408029157,1.024734426338749,0.17435616631891998,0.2045851778392699,1.485849248623461,0.0726952620722887,0.4963293972509593,0.0870800276246436,-0.060515154621435384,0.12029844185146077,0.9843259445489312,-0.07684380527772143,0.07937689988207508,0.9788157469775692,-0.07972744438729198,0.215107603290405,0.10617195832138834,0.2933866910943727,0.4774063207791079,1.1614488418010271,0.34860179040089906,0.501972665325973,0.9130285453552205,0.09373311054516989,0.163786885346625,0.06847963593732297,0.24745470299472286,0.312960053269315,0.5347922821354106,0.3253191367532606,0.2222020101237227,1.0260752291585788,0.2779433504457935,0.3804130053294832,1.479738294525471,0.29431830021060756,0.34615989971974276,0.053641950448403974,0.30915691820635266,0.49822644256650683,0.9850813329398124,0.15338678292625996,0.5250416298865638,0.9682614492488035,0.18127642216583092,0.32912649804779576,1.4329275449097638,0.16327624625182646
3.37188,0.23887698076030348,1.5042844091444347,0.2292972276314893,0.36091388571507554,0.11188432404960962,-0.02721707275910839,0.3262695512227951,1.0089828614445522,0.0472922019439321,0.030473469097283882,1.2001178187461745,0.022218021557398767,0.14516417418169983,0.895558646349459,-0.10763338637636775,0.327352041412025,0.06194082466127966,0.018030144192906435,0.32953978844866133,0.5511715403740496,0.0012065263470192923,0.1749562707546029,1.024175523061653,0.17474324956611875,0.20392822890753537,1.485252006616214,0.07321172701886113,0.49642304637959034,0.08711069483790083,-0.060593668156997134,0.12197046585961757,0.978770681667673,-0.07335331452386815,0.08105205450612894,0.9743771799503284,-0.0779399051745252,0.21496396989222424,0.10582680692720692,0.29352442000220114,0.47209333708930795,1.1619211209985951,0.35605359577897927,0.500142693819332,0.9075033419816028,0.10751690849381328,0.16373392837701076,0.06817470580353105,0.24752690652498235,0.3125215311845503,0.5343860782138755,0.3267590089743576,0.22034327178032906,1.0255521692396286,0.2789135779709595,0.3773605734558269,1.4799464747266007,0.29663343115523344,0.3460930389659461,0.05345440018731828,0.3092946446660102,0.495566643656807,0.9810579663254766,0.1653114725095617,0.5219283415314476,0.9649206723913863,0.1939912388522022,0.3274720362241601,1.4326808360908119,0.1652043916013001
3.38185,0.23623234085282951,1.5040035257997766,0.23000911849307176,0.3610737038033056,0.11180966083443988,-0.027051368644755536,0.32741437726469375,1.0089018083882835,0.04959267098140396,0.03404887678193086,1.1977757101782387,0.019365266791579752,0.1451839348823655,0.8884924144583936,-0.10256155312458702,0.3275579818378906,0.06180599104828441,0.018194557673795173,0.32987780271731987,0.551107196675971,0.0020026816834791275,0.17442318842629295,1.0236562807058547,0.17509052201891137,0.20317484125994276,1.484594213895146,0.07374324179511585,0.49656602638630376,0.08713297187866928,-0.06059521247890531,0.12321194260804895,0.9728665555383411,-0.07029722886623535,0.0823587389033746,0.9695846105474735,-0.07630433629176783,0.21484101475524411,0.10550122907178007,0.29367267529941954,0.4666295366468011,1.1624755355295757,0.36302092477153425,0.49831001223284144,0.9016147661411004,0.12170374923333607,0.1636973319440714,0.0678766401375407,0.24763473250247914,0.3121599486914686,0.5340011145480807,0.328047938103702,0.21848721596423498,1.0250468482775192,0.27981010124047656,0.3742863807150189,1.480230164824677,0.298887147912973,0.3460449294193217,0.05329889350740096,0.3094536024797149,0.4928386863055476,0.9767516957191368,0.17741424850120982,0.518625553272823,0.9613547300269428,0.20698476124467746,0.3257527649072842,1.432479869083652,0.16719217861253
3.39183,0.23353428058292575,1.5037716329819473,0.23075129401349315,0.3612325486616338,0.11182086942987873,-0.027010482469958397,0.32840382183856576,1.0088834768667796,0.05179799042268054,0.038108704883127245,1.1950920920744152,0.016893459591370102,0.1446581987505512,0.8814166450649539,-0.09805631507439849,0.32772348989688055,0.06178703508018067,0.018239812850565498,0.33023114181472996,0.5511374122805541,0.0027046881574459974,0.17381767211788843,1.0232128218285383,0.17539651926201563,0.20235617050808902,1.483927573366007,0.07426224108185231,0.4966991538897963,0.08714088607112301,-0.06066802590467108,0.12418496598146357,0.9668714901367975,-0.06765960807398189,0.08342183106936306,0.9646483652494005,-0.07473858623378203,0.2146932826924094,0.10520771416274853,0.29367289197815194,0.4608329962837026,1.162975244530637,0.3695407642986227,0.4963843386226829,0.8953523855096142,0.13633155228405855,0.1636216590495517,0.06761891578024387,0.24759967173944603,0.3118158431748031,0.5336325351222279,0.329180168510339,0.21659505422104725,1.024588241928334,0.2806421186073026,0.371207316578504,1.4805374701049254,0.30114498818775165,0.3459579877726958,0.053134606051813534,0.3094560167945449,0.48996679614011307,0.9721539629269702,0.18969297319079928,0.5150467454759534,0.9575777715778239,0.22024507560869402,0.32397028162433456,1.4323423301305116,0.16921884513764063
3.4018,0.2308260970295492,1.5035833125095437,0.23153136317549303,0.3613751563645004,0.11187422742919927,-0.026933656397205998,0.32930655567627864,1.0088837939544515,0.05404406702098934,0.042459145208540876,1.1921455281172835,0.014902482328378713,0.1437841910731675,0.874577926845698,-0.0942712878990949,0.32783245556253093,0.06183464133198746,0.018310986398595172,0.33061643852765854,0.5512208831765876,0.0034494041640310575,0.1732043319861795,1.0228139457068854,0.17579315881424262,0.20151998251058514,1.4832075996542526,0.07475023106920588,0.4968165935228984,0.08711801856701415,-0.06064549408732301,0.12494549581837457,0.9609734223486401,-0.06549362585623175,0.08425284355026197,0.9597064921838627,-0.073258057873701,0.21453223132751928,0.10495197529762536,0.29365651348577143,0.45478581638107635,1.1634258833171416,0.375726630595118,0.4944558763853855,0.8889387196734967,0.1514046960704439,0.1635274502680431,0.0673969554605114,0.24755115288838675,0.31151646239867226,0.5332841192184358,0.3303161312911925,0.21473153440456905,1.0241725896045866,0.28153279819192534,0.36814041997405395,1.4808528734589916,0.3034330509783314,0.34585618655354144,0.052994424241986915,0.3094415639643469,0.487069837753212,0.967404361403942,0.20222378287227255,0.5112741793332211,0.9536905373584189,0.2338364496051473,0.3221761622522603,1.4322507441959826,0.17131423436129506
3.41178,0.2281377735101792,1.5034149446932887,0.23232852557003475,0.36151003929783426,0.11192508090109439,-0.026708187137446313,0.3302075819244594,1.0088710289560119,0.05640223035288611,0.04694801323507871,1.188991283155838,0.013401866046628965,0.14270928101943264,0.8681343395941616,-0.09135217816383197,0.32790300625708674,0.06189624339415132,0.018512067359356756,0.33106264273537095,0.5513179582321738,0.004300249584116799,0.17266323047095689,1.0224213326479292,0.17635008284238313,0.2006880035220797,1.4823811494180108,0.07517916985420106,0.4969394402810017,0.08706229268982703,-0.060418545505440326,0.1255353346837141,0.955281604810118,-0.06383964636708127,0.08486908974361022,0.9548549438461571,-0.07192952238252998,0.21438491817834462,0.10473568647840868,0.2937311181575276,0.4486021941479479,1.1638677034370926,0.381678055000941,0.49263163049808495,0.8826050368866383,0.16690659077170328,0.16344879596408,0.0672029503282299,0.24759780238152715,0.3112907792817184,0.5329614705828724,0.33155101966717815,0.2129781741619252,1.0237853431809827,0.28254517861380374,0.3650849385693974,1.4811723919588482,0.3057493676496828,0.3457757625336399,0.052908884782002,0.30952334740682397,0.4842685276429325,0.9626618066318988,0.21506039237765395,0.5074133098179486,0.9498210534441522,0.2477910837457236,0.3204146902084572,1.4321817524399252,0.17347735878098255
3.42175,0.2254941018565183,1.503252202569357,0.23301539724044645,0.36166755177863064,0.11202627300829275,-0.026627139440758344,0.3310994251535839,1.0088955776034783,0.058639030306729366,0.05144740534610512,1.1857460423242516,0.012222941752660926,0.14154049382508024,0.86212817843403,-0.08919833262593187,0.3279739863361992,0.062016798309375884,0.018563218638436747,0.3316026947562082,0.5514767632339169,0.005004649505056192,0.1722172491991104,1.0220498361127692,0.17686916502907385,0.19982163822936244,1.481476294852603,0.07548589659760754,0.4970955159983636,0.08701358254335846,-0.06029099509298533,0.1260455252190426,0.9498838006667195,-0.0626764911937557,0.08538739690640273,0.9502377738689196,-0.07086591563637812,0.2142614119905381,0.10456285007065375,0.2936898697966345,0.44232792677345256,1.1642806504497307,0.3872855613671941,0.49091812761299286,0.8764919356037472,0.1825524803289638,0.1633797999781591,0.067060784421798,0.24752530818156906,0.3110963900098456,0.5326732434858188,0.33266332780849184,0.21138933389861506,1.0234253072435986,0.2834881903830282,0.362053144955256,1.4814787969903616,0.30802777072678517,0.34570543570719553,0.05283949783404985,0.30946938237951876,0.48155369363982103,0.9580690056031526,0.22792439017411129,0.5035265523651822,0.9461420850742346,0.26177075678163747,0.31869763431643877,1.4321333452199083,0.17555763444010516
3.43173,0.22292188855378073,1.503083541549177,0.23359320050104324,0.36180007909783596,0.11216542492558301,-0.02667585764303238,0.33195718684110004,1.008963563733409,0.06070814237962919,0.055829289319201884,1.1825082344566933,0.011331726458253708,0.14037823431040056,0.8566157999765415,-0.0876622922487962,0.3280004047132546,0.06218082194944858,0.01847894959781013,0.3321844695063747,0.5516834678977117,0.005576069993754645,0.17185672349915426,1.0217221304893176,0.17732112888905383,0.19888662012956043,1.4805216517547048,0.07570655984058496,0.49723756965623805,0.08697362715948473,-0.060249285622693445,0.12652379810082534,0.9448596698376791,-0.06191405129204451,0.08585599677363744,0.9459342726315187,-0.07003124473076482,0.21412254002463454,0.10443977899681073,0.2935697877783089,0.43599824269230253,1.1646430228476943,0.3925795113516362,0.48928863598665556,0.8706838202876157,0.19825646036116726,0.16328003821502746,0.06698220493117009,0.24737139123415047,0.3108890350157004,0.5324366523476639,0.3336614556274131,0.20996643507613355,1.0231095112340844,0.28433081618415434,0.3590726936536496,1.4817549431674202,0.3102820036638543,0.34560286113101946,0.052781139148979514,0.3093178222639181,0.47891501384815116,0.9536951018192261,0.24075785738896813,0.49961505534926665,0.9427214491887963,0.275691296443543,0.317039514531453,1.4321144455694883,0.17751119914343302
3.44171,0.22047337777497714,1.5029032940843685,0.23417969625752455,0.36181187275512383,0.11227066881668682,-0.02655382900548084,0.33275532159511007,1.0090371764865502,0.06274010385983257,0.059944948491266574,1.1793775828973458,0.01082255975609707,0.13934286104772758,0.8517193499265558,-0.086611705864375,0.3278862029794454,0.06231662347147638,0.0185467686341284,0.3326949987153497,0.5518668248954032,0.006267768403588678,0.1715604070185906,1.0214594452174772,0.1778448911144373,0.19787875222417325,1.4795466256646468,0.07596055944926855,0.4972729584567289,0.08691383746361799,-0.05998727273503543,0.12698499357316317,0.9403208264021884,-0.061427933283995435,0.08626601072255273,0.9419956642823386,-0.06928014075156741,0.2139128780333759,0.1043736105981701,0.2936267676603952,0.42970450731219034,1.164941792525477,0.39768653114391106,0.4876931115117578,0.8652598567931249,0.21401805669366814,0.16310776988407466,0.06696430342475342,0.24739830156286483,0.3106525016456337,0.5322737120071793,0.3347665976672392,0.20868523902086236,1.0228662363045529,0.285199591756835,0.3562120320209807,1.4819872385937267,0.3125730702514038,0.3454277749396974,0.05276489712112032,0.3093502174678658,0.4763611239311443,0.9495731885387341,0.25363250302314533,0.49565065813778203,0.9395503282916862,0.2896224390983221,0.3154755615125721,1.4321386159103089,0.1793905244248029
3.45168,0.2182185276761365,1.5027267952800765,0.23477182749205483,0.3618168073615959,0.11239066534061563,-0.026420932165824997,0.3335339752380659,1.0091495446884309,0.06465984963276647,0.06375337547458679,1.1764783110318762,0.010539867878430524,0.13863466867424942,0.8474896538973502,-0.08596063804027203,0.3277584472572038,0.062464770507570794,0.01861392639363024,0.3331940890057023,0.5520624815341952,0.0069504716835262275,0.17136213527761066,1.0212537765105085,0.1783814708816921,0.19686549203675205,1.4786143215266416,0.07626320224519594,0.4973039389859457,0.08688650884011627,-0.05968216890043737,0.1275769799359539,0.9363478466223089,-0.061183674237850504,0.08679159299226634,0.9385151523202726,-0.06868619787862851,0.21376204508571486,0.10435473595702956,0.2937034847892273,0.42360395413327334,1.16519654517404,0.40256132311121645,0.4859632765172367,0.8602357794680755,0.22964223782415571,0.16299188051791216,0.06700670353642377,0.24743063371835278,0.3104891782817156,0.5321710266545843,0.33589025425033014,0.20758461229108335,1.0226749995789601,0.2860438364226344,0.353570388356174,1.4821878381288327,0.3148147497599584,0.3453036736715024,0.05277834906724993,0.30939913417211096,0.47377804807349577,0.9457269532662869,0.26638417203371384,0.49157596580169516,0.936645298765342,0.3033621609074857,0.3140435456054985,1.4321966757507334,0.18116309503826097
3.46166,0.21618030629860674,1.5025688799417694,0.23535746910685962,0.3619002427503076,0.11257996705420599,-0.02646433200010995,0.33431659191647295,1.009324875225193,0.06639481684128788,0.06722557232423157,1.1739148655460399,0.010317112617211438,0.1383745785563297,0.8439157427196213,-0.08554932303231536,0.3277141231260169,0.06267630725222105,0.01850428670185247,0.3337511946770912,0.5523166926719328,0.007459283237239359,0.1712709537970829,1.021087415817224,0.17885650009141596,0.1959089793067741,1.4777808479308545,0.07661801467941046,0.4974072077174612,0.08692988616632924,-0.05954338661950508,0.12840232543540736,0.932970993326602,-0.06109559383094116,0.0875713029089416,0.9355567328813609,-0.0682948114292267,0.21374947464239796,0.10436882308088635,0.2936349483293365,0.41775891123720954,1.1654324305470756,0.4071867787304737,0.48390325430574943,0.855601401195942,0.24499106707178,0.16300759480865343,0.0671068680176895,0.247289842720459,0.31045594485015243,0.5321028582200372,0.33693584069577115,0.2066728186216198,1.0225048826647476,0.28680062791741273,0.3511770668518315,1.4823680034341111,0.31694678639822715,0.34530034424692135,0.05279368201031623,0.30928708142551387,0.4710054061056192,0.942169877516566,0.27888135749509163,0.48730043610416957,0.9340249379494854,0.316743375779542,0.31274353435351954,1.4322696634242567,0.18281578926392592
3.47163,0.21427957525721184,1.5024253419992708,0.23601520792229974,0.36188086645490264,0.11278672748242888,-0.026483705165195586,0.3350186266692261,1.0094954611930154,0.06806097021092897,0.07022176548581814,1.17175006825382,0.010208125574818167,0.1384238860205622,0.8409527479730263,-0.08500950354035532,0.3275680830544565,0.06291411899116729,0.01841918531996969,0.33428695874355846,0.5525925925151873,0.007915552305883493,0.17118784075799068,1.0209489430678351,0.17934804966249726,0.19500589169288862,1.4770632125844616,0.07709716183224827,0.49741349849789457,0.08697073690890764,-0.059384177790300655,0.1293195686050895,0.9301709458987434,-0.060874429121698166,0.08847360556585424,0.9331073129941363,-0.06787765234549988,0.21366262246091441,0.10440630257404684,0.29364086287396685,0.4120134442020434,1.165653302420687,0.41172711983102284,0.4813919395691847,0.8513969975268787,0.26008013821949216,0.16294414136355712,0.06725270415514932,0.24721722271573393,0.3103928318369857,0.5320498551279114,0.3380779956275335,0.20583686454748173,1.0223490045086296,0.28754356743239023,0.34889669919946836,1.4825093278523267,0.3190881710811741,0.34520837460621345,0.052790389780019126,0.30925107353001513,0.46792664857795463,0.9389377328247713,0.2911614225829649,0.4827336307397439,0.9317139139379499,0.3297990826062862,0.31150188011836116,1.4323366378857048,0.1844476381830247
3.48161,0.2125206024679425,1.5023027730828435,0.23674366188735457,0.3617856243461057,0.1129821017614714,-0.02642632963315382,0.3356776334696594,1.0096472117873654,0.06966603396189175,0.07277012463826009,1.170018247675218,0.010177985232762544,0.13873113350129251,0.8385608038107939,-0.08422039217160128,0.32734487855183353,0.06314672527502904,0.018410331482122812,0.3348316142253904,0.5528606725539409,0.008361108080673007,0.17112164780748917,1.020811856513125,0.17983284037676123,0.1942594281168775,1.476487070223727,0.07767419751678394,0.49734775610382265,0.08699732309948768,-0.059163967073663726,0.1302881096409996,0.9279190846806978,-0.0604337147591505,0.08945438406827386,0.931144763168458,-0.06737617477003813,0.2135083118445004,0.10445634185274678,0.2937474982501791,0.4063353030168422,1.1658466954070632,0.41622496724923214,0.4784590691608949,0.847602764339468,0.2748864368998961,0.16281156557997745,0.06742483613013191,0.2472490090846572,0.31029149388866684,0.532009835150361,0.3393151603603214,0.20506402556320036,1.0221866765829604,0.2882522129600647,0.3466956134619806,1.4825823446140463,0.3212607881050423,0.34503776343149595,0.052769233687232416,0.30931863851590247,0.4645660899866982,0.9360127548818237,0.3032170921823861,0.47792173691188905,0.9296966192012154,0.34252569963997703,0.3103331581633866,1.4323808924647492,0.18610223505090923
3.49159,0.2110026741335598,1.5022179746572557,0.23745721583798116,0.36184122253110745,0.11317289507231526,-0.026423745949268596,0.3364331153252864,1.009824281072432,0.07108074177157218,0.07503409920886803,1.1687414089801955,0.01009267794155644,0.13935273442286017,0.8367283336293183,-0.08333073817899818,0.32727367439583716,0.06336246615089028,0.01834736136823985,0.33551147635415585,0.553110533313856,0.00871946093135211,0.1711818952890224,1.0206458271717178,0.1801742102727934,0.193858582866674,1.4760943022829058,0.07822838122851156,0.49742019265822035,0.08706084697455099,-0.05902400749421981,0.1313823048302518,0.9262029513336648,-0.05990795160265066,0.09057537568943151,0.9296627518906648,-0.06692147258395544,0.2135085801170122,0.10450804943497327,0.29376398484576516,0.4008676942152492,1.1659895606438022,0.42055618802847355,0.47527005857705945,0.8441699085659972,0.2892309367715762,0.16283462608261426,0.06759975142815099,0.2471891686199534,0.31029569816849195,0.5319945217220841,0.3404466209769442,0.20444614003017791,1.0219905092100658,0.2887998502207782,0.34466397300392293,1.4825585241984198,0.323364720649327,0.3450123250151032,0.05274897965426153,0.3092837687764206,0.461081482116653,0.9333500413851926,0.3148980795332864,0.4730529586675464,0.9279355626557626,0.35477457788746036,0.30934411590488703,1.4323952095105823,0.18774061072061685
3.50156,0.20969286677809632,1.5021559644654865,0.2381704102018083,0.3619354793672707,0.11335203504000466,-0.026454080692884418,0.3372100681235361,1.010014466037406,0.07226782098406903,0.0770019862650988,1.167887220387517,0.009969008497688817,0.14020981062078033,0.8353966622612758,-0.08238791069069169,0.32724540541698843,0.06356710283694916,0.018268264513473405,0.33623213559102083,0.5533398757315539,0.008972956800859237,0.17130882917613133,1.0204959391621364,0.18034032344382103,0.1937312609426466,1.4758973577650794,0.0787651449634559,0.4975221764963557,0.08710760070051156,-0.05892723850140865,0.1325628392880374,0.9249718375567009,-0.05932801307113054,0.09178662984959253,0.9286043968922989,-0.0664698871897423,0.2135454032694602,0.10456491096494018,0.2937401670194018,0.39557475154763494,1.1660887303694245,0.42472021385863373,0.471837663301713,0.8410854426298607,0.3030875107549524,0.16289220799033977,0.0677722279011365,0.24709121064120296,0.3103208296779681,0.5319959866701878,0.3414592501734433,0.20392973239758574,1.0217979716502108,0.2891604538865441,0.34274733768515114,1.4824692463848521,0.3254315701784661,0.3450191996713198,0.05273292590643831,0.30920789906731017,0.45746603772627764,0.9309328668832045,0.3262050485904328,0.46811581010851394,0.9263981383368679,0.36655405623813236,0.30852232001200086,1.4324092666492665,0.18934271854100723
3.51154,0.20852557701330768,1.502099229861239,0.23890080578496345,0.36191037493533434,0.11350765443843978,-0.02646822472620956,0.33791774636899036,1.0101878023335924,0.07324819015567878,0.07866866965721951,1.1673932702763843,0.009833578937715486,0.14123990159159505,0.8344881786657683,-0.08141212288932563,0.32710209321089456,0.06376405507277619,0.01822772266759665,0.33687578037296634,0.5535449475068451,0.009140326417946277,0.17142834282329514,1.0204071786586588,0.18035070215460472,0.193770476466675,1.4758840209071937,0.07930661748033883,0.4975054258015386,0.08708151366666024,-0.058806253811290315,0.13379769589360505,0.9241555391711735,-0.05870861351337387,0.09305278622240819,0.9278975611531917,-0.06598110986251601,0.21346655839631204,0.1046276818552299,0.2937817544773232,0.3903650258391298,1.1661625115632321,0.42877197909455345,0.46816058005811223,0.8383421354079044,0.31652903651500386,0.16283295265161302,0.06793540009025432,0.24706783473860225,0.31024255343656826,0.5320050247313675,0.3423982356530322,0.2034451346514388,1.0216529335768247,0.2893557798132556,0.34086699598309395,1.4823509414571816,0.32750761421399105,0.34491186695620607,0.052719698337693285,0.3092172846165229,0.4536919106946113,0.9287555596531902,0.3372198957974897,0.4630507832912968,0.9250612287955433,0.3779605417769164,0.30782427095074055,1.4324498568679713,0.1908983553057835
3.52151,0.20750885880848177,1.502057960061326,0.23955872151029997,0.3618546620526525,0.11363071393055911,-0.026516002162170264,0.3386439884149263,1.0103299821007514,0.07407295423145781,0.08021175389845281,1.1671863390431614,0.009579134004776859,0.142552007236554,0.8339410820570177,-0.08048600110366882,0.326925912592761,0.06393189103924167,0.01814101297736343,0.3374925636697043,0.5537090401360417,0.009261358855401103,0.17160824163127358,1.0203475286627426,0.18023710957058675,0.1940551856785407,1.4760139518230875,0.07977686429714216,0.4974620820794025,0.08703210223803566,-0.0587118770581845,0.13518030069617054,0.9236875152859445,-0.05814898502949468,0.09447914000597385,0.927496027211456,-0.06561818124890725,0.21339750726605777,0.10467492381101476,0.2938723232730299,0.3852611342602461,1.1662243857097019,0.43272016425729415,0.4644060826354895,0.8359397563043037,0.32955170712751,0.16279828316575323,0.06805800573516713,0.24710830415368606,0.31008296395225726,0.5320300907188976,0.34323933439718896,0.20304238623872456,1.0215491712662723,0.28941357484533736,0.339060106139905,1.4821919113603037,0.32951179773231304,0.3448196125502074,0.05271303685557808,0.30930930394174644,0.4498959397542012,0.9268337647184841,0.3479344634547645,0.45794803345283924,0.923933920343755,0.3890060290036763,0.3072651589669657,1.4324988789472621,0.19238101224025733
3.53149,0.20663260283698098,1.502037221487044,0.24010697749041365,0.36183678802354946,0.1137283019747061,-0.026614816406227707,0.33942887515871256,1.0104453512387788,0.07477245568817918,0.08173656590838393,1.1672364223067027,0.009154634386154919,0.14415194241461604,0.8337274573785804,-0.0797023907557748,0.32678241977598377,0.06406394625442947,0.01798003814090974,0.3381306074038482,0.553834541211928,0.009355384447678116,0.17187047261241115,1.0203012689948197,0.18001302058231974,0.19458756771148694,1.476279178247722,0.08016480079761419,0.49745965384370805,0.08699185644873424,-0.05865681543673878,0.1367391152621514,0.9235373576081656,-0.057726399982172744,0.09610288496939298,0.927397094290456,-0.0655004912415937,0.21342335763213555,0.10469461561868243,0.2939791986495839,0.3802331551146363,1.1662634352260346,0.43654174276510904,0.46064265378249325,0.8338431690381759,0.34213351961156874,0.16287376571845882,0.06813438449299998,0.24717248959610477,0.30987374678669094,0.532075100858178,0.34398213112817977,0.20272881382693822,1.0214759776450046,0.28934782655934754,0.3373246656797445,1.4819872321682013,0.33143113897162557,0.3448311973076301,0.052707461616165394,0.30943925139837186,0.44611931837681595,0.9251453988711565,0.3583180539898141,0.45281360632173645,0.922992866339407,0.39967083002881515,0.3068428609484664,1.4325531785392853,0.1937876202628465
3.54147,0.20586732227125407,1.502033478338262,0.24058266267098763,0.36185432469673273,0.1138189417069049,-0.026730748445235104,0.3402293371302054,1.0105525939660764,0.07535088606764093,0.0832294995953118,1.167558202135715,0.008596557354195612,0.1458975339510919,0.8338514386938697,-0.07914475255820407,0.32667211586311723,0.06417064804738072,0.01779784209968459,0.3387887913217097,0.5539411060774231,0.009422023316198546,0.17216602642436715,1.0202821654560628,0.17967793990618203,0.19526842682840842,1.4767041618620103,0.08053999257463273,0.49749264171624963,0.08695770925297515,-0.05859643295780586,0.13839797454025493,0.9237103110413245,-0.057475948314252706,0.09784968300916935,0.9276335948506494,-0.06565619941432049,0.21352955983515992,0.10468814210052815,0.29407483351986596,0.37522071871767476,1.1662439130468463,0.4401705436570515,0.4568250175398143,0.8319977338995441,0.35415663558804494,0.163028545519037,0.0681860712791181,0.24721522744307514,0.3096243251037097,0.5321347267955614,0.3446521976293188,0.20245229265448672,1.0214277015037543,0.28916314134948384,0.3356215173104025,1.481744547599239,0.33332860951602017,0.3449346572809361,0.05268821872506368,0.30954558880540567,0.442300299821912,0.923640618139051,0.3682597142145705,0.4475824214871695,0.9221847953992952,0.4098408931668301,0.3065322584524724,1.4326287533157016,0.19513678887985914
3.55144,0.20520353540002004,1.5020488786220947,0.2410774779321612,0.3618332292645404,0.1138945544386506,-0.02682026776068643,0.3410091977355662,1.0106612968915194,0.07586424178765619,0.08466527140162038,1.1681325768476567,0.007982933657778243,0.14761974856790475,0.8342721022326949,-0.07877444071961184,0.3265237802383045,0.06425646388163825,0.01764203640714291,0.3393602968850655,0.5540256627876451,0.009503603314708077,0.17245175062031548,1.0203005847292026,0.1792778468690311,0.19606706864563883,1.4772758377276078,0.08098118242563837,0.4974939140536667,0.08691891402780536,-0.05849008777956642,0.1400346654315367,0.9241664188057102,-0.05736027238392651,0.09959280826623006,0.9281684234408343,-0.06599850399437186,0.21360740872564238,0.1046601347087022,0.2941514166095337,0.3701794184435945,1.1661322790354407,0.4436364985322417,0.45281795701762073,0.8303329701276995,0.36560396651633054,0.16315171684604454,0.06821878624315958,0.24723108647916092,0.30927749330479254,0.5321928227140796,0.34525370029120434,0.20216656857319848,1.0214032619757494,0.2889124698885216,0.33396664061026454,1.4814481787844813,0.3352710235079937,0.3450140781700178,0.0526480628297259,0.3096124908322165,0.43833187143285696,0.9222614404938715,0.3777450121922194,0.4421948777472426,0.9214517486337903,0.41949274330829994,0.3063051704820158,1.432718482137794,0.19649314113545796
3.56142,0.20465175167000954,1.5020802872425991,0.2416706574486129,0.3617429425263681,0.1139415673358274,-0.02686202258973752,0.34177694870386205,1.0107715588356228,0.07636708186917611,0.0860557928183303,1.1689091297672394,0.007382849730672259,0.1492416471467332,0.834928453032674,-0.07854236894451413,0.3263110316142936,0.06431810441780234,0.01753161512206756,0.3397766699643691,0.5540792286934311,0.009634426022718407,0.17272527326464307,1.0203570205694839,0.17885301435663756,0.1970038587585025,1.477959387489478,0.08153883540303113,0.4974412066663255,0.08687321963792194,-0.05832317147829521,0.14158963968965393,0.9248442000942432,-0.05734325492176792,0.10125789847319178,0.928924798578556,-0.06641422614927307,0.21359131660632788,0.10461193057661745,0.2942105281965932,0.36507804373844066,1.1659134240616078,0.4469989937464757,0.44853629627217934,0.8287985081051483,0.3765116607852282,0.1631802550076557,0.06822669872091972,0.24723412166923,0.3088121052960502,0.532233162568106,0.3457924110371309,0.20186287579652828,1.0213975437589562,0.2886405008659595,0.33239199568749944,1.4810850944602543,0.3373035486763321,0.3449996013033131,0.052585508590430104,0.30964052595247804,0.4341476950685707,0.9209659877711779,0.3868200803446392,0.4365993280328834,0.9207470087242255,0.42866957557143626,0.3061570861631351,1.4328089169879534,0.19791846984940903
3.57139,0.2042547713197349,1.5021041245912055,0.2423450736363028,0.3617360895648428,0.11396162831249394,-0.026897727951363835,0.34263132905343896,1.0108685491953613,0.07684550064146917,0.08749691191793459,1.169788765385702,0.006806905887396399,0.15092218406455515,0.8357517249645138,-0.07850835565748306,0.3261956851447292,0.06433935253089289,0.017425050649249447,0.34017380167238515,0.5541028677768868,0.009778848753428148,0.17307246198400061,1.0204319143885534,0.17838162183532436,0.198134929899588,1.4787001519000535,0.08217792937803493,0.49748704568843555,0.0868463437765739,-0.05814121323880261,0.14318886953848095,0.9256710746321333,-0.057469154627315784,0.10293601085831267,0.9297956874207512,-0.06684228893145906,0.213621212711847,0.10453453778685436,0.2942566838215368,0.35995655509568836,1.1656168067655295,0.45024360773147054,0.44415804528742087,0.8274273556006823,0.38680789709839897,0.1632516911910337,0.06819415085176112,0.24724475189520334,0.3083733790796227,0.5322507683778157,0.3462978505469637,0.20161965724026312,1.0213912141833168,0.28831978200211617,0.3309244342480473,1.4806787335163543,0.33939168574556366,0.3450448197535045,0.05250550599471469,0.30962157580376526,0.42987239607214744,0.9197743300677663,0.39546763422411096,0.4308157446266091,0.9200630958126634,0.43737069628131003,0.3061458102515697,1.4328958384620367,0.1993997819826345
3.58137,0.20397705513270797,1.5021070954100364,0.24305865372978186,0.36179796360526456,0.11395171394833052,-0.026929101456922473,0.3435598595712956,1.0109365998160817,0.07728678757301644,0.08901220257067578,1.1707039088762852,0.006233986929593608,0.15270431308254828,0.8366635476992182,-0.07865061508942824,0.3261610984302323,0.06431482521780207,0.01732116640150586,0.34056633931789704,0.5540923922862624,0.009919948919999304,0.17348211741411176,1.0205235647233895,0.17784461642348257,0.1994145855055421,1.4794637314684294,0.08284784337719933,0.4976068860588588,0.08683099428474164,-0.05795408784341528,0.14486727447626757,0.926574961431543,-0.05773059542999081,0.10465991476165101,0.9307055097654735,-0.06727753476498713,0.21369205876301325,0.10443514609654009,0.29432668275165935,0.3547717386112232,1.1652349451094313,0.45333863124866164,0.4396027815928483,0.8261641376778328,0.3964830897951881,0.16335589964100217,0.06813568524306478,0.24730105295935456,0.30796742029210056,0.5322544040432089,0.34681930441996645,0.20142295638456675,1.021391299799859,0.2879299531324426,0.32954040904182574,1.480223837915564,0.34149813197256823,0.34514466757172213,0.052407361405640826,0.30958599787662267,0.4254315750047959,0.918641212071753,0.40367701359539854,0.42476125808562354,0.9193548878673119,0.4455823912898209,0.30624768623606297,1.432972458624273,0.20089536383383794
3.59135,0.2037133463549697,1.502090794961198,0.24375102737755375,0.3617430078453878,0.11390311982622625,-0.026918904693051776,0.3444316834391104,1.010965367107635,0.07768409851512387,0.09054465937561412,1.1716178813339193,0.005618456259746566,0.15448970989851343,0.8375733175401477,-0.07886131372465999,0.3260097671226849,0.0642516283441959,0.01725735582974137,0.34083422324818297,0.5540386839611319,0.010064879072834373,0.17383994616376353,1.0206418332403278,0.17723772399955318,0.2006966199242163,1.4802303020439846,0.08348879809264687,0.4975988857659393,0.08678717520142104,-0.05773669674117752,0.14655116018609424,0.9274810280212503,-0.058063847621148634,0.10638837162453692,0.9316095132897172,-0.06776784737011794,0.2136456622822424,0.10433747994529234,0.29447298888419143,0.3494415173216758,1.1647244010424485,0.45622142617485634,0.4345604413286251,0.8248747248392195,0.4055253547020723,0.1633291093163713,0.06809335714290558,0.24744159692861864,0.3074586243526673,0.5322629391182188,0.34740632401331145,0.20116444796901878,1.021422946760823,0.28746983365942375,0.328184457579868,1.4796851866323262,0.34357430615587686,0.34512565352169394,0.05228767423237563,0.3095895246378907,0.42058584740868205,0.9174654790665274,0.4113855299912277,0.4183131902736364,0.9185498327601541,0.4532186560824213,0.3063552699546738,1.43302561549395,0.20233687315186757
3.60132,0.20347585073859872,1.5020607725299457,0.24433918899763724,0.3616772975890473,0.11382348973421176,-0.026940496422222678,0.34528401920960317,1.0109771747035412,0.07800645945790333,0.09220354805003018,1.1724595867424767,0.004876131385833804,0.15645095239939588,0.8384096744436377,-0.07917310878702523,0.3258494443588851,0.06414935843690132,0.01715400889018799,0.34110525321401647,0.5539527661374892,0.010169763682004422,0.1741686982207941,1.0207197156717671,0.17653850945499844,0.2020038731782329,1.4809443457873634,0.0840235760693252,0.4975740859830683,0.08672785744955852,-0.05755344335599063,0.14841298154289356,0.9283203068549074,-0.05850261901878843,0.10830245718050882,0.9324509671725294,-0.06840053060764197,0.21360087161259467,0.10424254114139006,0.2946164147811063,0.3440427464341895,1.1641099074409336,0.4588391358173422,0.4291482456902191,0.8235624874287741,0.4139026726507561,0.16329830507303417,0.06806045307244979,0.24757875598611165,0.3069499757231594,0.5322772645775435,0.34801618080074215,0.20086460224447217,1.0214188714822072,0.2869145361293673,0.32686734883553853,1.4790572921649798,0.34553128430040836,0.3451102069932677,0.052171414639879246,0.30956115396667044,0.41544439186666543,0.9162549712773058,0.41853721434158114,0.4116219908443046,0.9176788784906683,0.4602354394872263,0.3064613325760293,1.4330326249740095,0.20367716840193986
3.6113,0.20328824626259004,1.5020150797197922,0.24477506010683248,0.361727030562438,0.11371539198082305,-0.027038961563155932,0.3461661809843549,1.010986560950434,0.07825181376167786,0.09409618643362982,1.1731655379834005,0.003949975463005912,0.15875686556035817,0.839119379383956,-0.07962151705624453,0.3258105752520137,0.06400033393307673,0.016961896553886264,0.3415043276309858,0.5538394719833324,0.010218891442391569,0.17450407105634666,1.0206862999411976,0.17575467687328475,0.2033936665682569,1.4815506552583526,0.08440427770377969,0.4976691329874475,0.08666947467613435,-0.05743843399664222,0.1506140390623607,0.9290359811417632,-0.05906841559203113,0.11056852903903414,0.9331795627666509,-0.06922758971453699,0.21367673792057218,0.10414235672495122,0.29470833799637913,0.3386721718303016,1.1634417660528953,0.4611905238222049,0.4235607805121335,0.8222744136140164,0.4216209344175979,0.1633922772791017,0.06801530332039678,0.2476601084318305,0.30655081373542675,0.5322874430454826,0.3486186029436729,0.200558859302501,1.0213083789672814,0.2862692710576927,0.3255893813657632,1.4783503673283327,0.34731301070101506,0.34522535037990326,0.05207724957838906,0.30946560840360304,0.4101666958599338,0.9150525454897489,0.42512362231383133,0.40487317995090993,0.9168017299166608,0.46664728115015197,0.3065747023260349,1.4329678039684781,0.20490630064808835
3.62127,0.20306542751399756,1.5019287734553395,0.2451215481606465,0.36171980131861403,0.11355028776050795,-0.02705522018520274,0.3469455036660154,1.0109496385239802,0.07851613207405207,0.09610191216286612,1.173727763111389,0.0029071545397815804,0.16121218518518982,0.8396665802097761,-0.08007684899567749,0.32571633932251964,0.06378970813182605,0.016850174147312616,0.34184557433847607,0.5536653149796386,0.010327438916608252,0.17474600115087377,1.0205535119714104,0.1750010136289465,0.20479250821176487,1.4820319881331447,0.08467474670838898,0.49771039654880467,0.08657427602966733,-0.05724381036906043,0.152964246629758,0.9295892400818209,-0.059629619088492944,0.11302076640078312,0.933770111925908,-0.07015672493986005,0.2136592896144626,0.10403459869185641,0.2949308400498024,0.33335336719664627,1.1627623200330102,0.46336652788948907,0.41774573560494344,0.8210205345196591,0.42871368742206767,0.163394492416831,0.06795700548313008,0.24786913703873584,0.3061044902225545,0.5322771858590144,0.34931395139500093,0.20017007383138216,1.0211241951912213,0.2856512872787701,0.32425979562164203,1.4775876316351975,0.3489743387067818,0.34525275278836437,0.05197504546972662,0.3095088430670077,0.40468782226748284,0.913875361940906,0.43116940681096705,0.39809938736976314,0.9159395079203116,0.472490119799888,0.306623822260087,1.432810356562119,0.20606890026099986
3.63125,0.20280213390361393,1.5017901406800087,0.24537671287955684,0.36165835883338066,0.11333284836371926,-0.02702437519649095,0.34760776891809453,1.0108576759344672,0.07874270314363242,0.09816482981249697,1.1741857829958973,0.0017253325283867252,0.16373561145705615,0.8400783245276295,-0.08055852697653891,0.32557232110271883,0.06353098061935394,0.01679015519787789,0.3420908507100588,0.5534352492077397,0.010437222042631523,0.17489727219414627,1.020365489297377,0.17423761478238847,0.2061673603279868,1.4824195047918882,0.08483670875963742,0.4976976567849939,0.08643599968072105,-0.05700618119381385,0.15538020827772117,0.9300068789155375,-0.06022064572008539,0.11556655203844815,0.9342383256324813,-0.07118341958016537,0.21353067183010568,0.10392635634624911,0.2952373246884766,0.3281273679461432,1.1620865974421528,0.4653659278789018,0.4117380096146245,0.8198035499338391,0.4351343474096979,0.1632841501153804,0.06789637146564062,0.2481644666737853,0.30559942606860446,0.532250435983935,0.3500399271325327,0.19971459172981135,1.020910177923573,0.28501945160320497,0.3228661993275999,1.4767927062312936,0.350509686585952,0.34516511966952723,0.051858627986269105,0.30965903800926303,0.3990487372258789,0.912729649968222,0.4366491820130375,0.3913324909700954,0.9150849398071257,0.47774686029472824,0.30662209623488024,1.4325843372012816,0.2071337922568982
3.64123,0.20259247807818234,1.5016090605043748,0.2454660913888798,0.36175427121129783,0.11310219985402652,-0.027182055363405993,0.3482755807985642,1.0107459898007776,0.07872400402937776,0.10031794070545864,1.1746111529507055,0.0002938824826007971,0.1663990679625881,0.840435531802034,-0.08123915159728122,0.32560065033249896,0.06326372845935553,0.016547923650565607,0.3423942743943601,0.5531963851493356,0.010319650081911798,0.1750773526351461,1.0201782855758157,0.17327643814131047,0.2075419908409082,1.4827795295207993,0.08484374919165741,0.4978395031599768,0.08628522362088062,-0.05695058697042577,0.15792443485551835,0.9303725835383868,-0.06104210521376417,0.11822506220714418,0.9346340328024753,-0.07239668753146256,0.2135121257821714,0.10383314671985543,0.2953401164968535,0.32310045079709737,1.1614071793360037,0.4670779084058845,0.40573077153829806,0.8186297804279596,0.44072372836957846,0.16328120213679168,0.0678514078062485,0.24826518073260534,0.305208589525735,0.5322318822691963,0.3505673998638546,0.199315923808197,1.020699690866339,0.28417910724504114,0.3215035408241248,1.4759886874524357,0.3518325499410477,0.3451728155468155,0.05175481319069573,0.3096321568394291,0.39346169570473455,0.9116191385985903,0.441456242800805,0.38467364538739995,0.9142148120995417,0.4823193880428237,0.3066756723960616,1.4323542324332457,0.2079929352877751
3.6512,0.20244812862031097,1.5014117718597415,0.245489858713418,0.36191385033173457,0.11282788989707816,-0.0273712663518773,0.3489106780836222,1.0106059646854328,0.07854419708852295,0.10252523707885763,1.1750371329497207,-0.0013025263180390552,0.16911573616315786,0.8407631203086382,-0.08199691920139936,0.32569827392047623,0.06296621771964171,0.016291316875946118,0.3427141155212164,0.5529301621943992,0.010097956846979539,0.17525433335943155,1.019979239167205,0.1722073873412177,0.20893390828085082,1.4831259340184977,0.0847871125052588,0.4980403241959117,0.08608669790881776,-0.056917326062158095,0.1605176724885237,0.9307154838747946,-0.0619808030103523,0.12092832817491321,0.9349988257438449,-0.07370967926271926,0.21352554141530952,0.1037568515190171,0.2953768154456281,0.31829196646634617,1.1607226472599608,0.4686045056309415,0.3996841724279673,0.8174633920215113,0.44564150131152724,0.16330591857834742,0.06782237736584666,0.24830176046969601,0.30488651383487597,0.5322248222622261,0.35099140986915617,0.19894558531577228,1.0204892997290123,0.28321916704445577,0.3202139348857869,1.4751639727200683,0.35301296031688884,0.34520386928402563,0.051664813989568785,0.30956472713490085,0.3878994018723096,0.9105101442236163,0.44572699819161343,0.3781207656692683,0.913315053490661,0.48635196951640164,0.30677275514213564,1.4321146828794131,0.20874272997471943
3.66118,0.20235118731447732,1.5012233037158025,0.24556179551464744,0.3619865882919903,0.11248441111124495,-0.027409011606579218,0.3494477083279772,1.0104292450401966,0.07834711928170311,0.10474944090914826,1.1754856929007365,-0.002960094463788948,0.17175646369761582,0.8410677090372121,-0.08268766353289894,0.325703999728542,0.06261703248930814,0.016209031221857812,0.342963705332546,0.5526129738054573,0.009944262712411622,0.17536705872012057,1.0197422075466112,0.17117050769495715,0.21036654947771055,1.4834526164463775,0.08476952135798207,0.49815064483270194,0.08581162205625074,-0.056725654856035757,0.1630564053241185,0.9310467863554237,-0.06288370341874565,0.12360410495592855,0.9353748113914118,-0.07504684863491462,0.21343060464465313,0.10369098254213426,0.29553930064353723,0.31366699188498326,1.1600368271482167,0.47008892042636347,0.39347292957759966,0.8162640016060205,0.4501059837277864,0.16321971877404182,0.06779975887934549,0.2484568866406695,0.3045364083839589,0.5322207451418862,0.35144838893864516,0.19854288156013764,1.0202612919703775,0.2822826895432524,0.3190039587836329,1.4743034521568026,0.3541542187273071,0.3451267512246878,0.051576922548509326,0.30964513558034235,0.3822460829659175,0.909368459547989,0.4496343710198852,0.3716228139234805,0.912379712635026,0.490027261535976,0.3068708220635907,1.431839067304855,0.2095153374378124
3.67115,0.20231424172663048,1.5010477142982956,0.24560602586627153,0.3620667899996787,0.11215327182154426,-0.027548068627808564,0.3499532087954219,1.010268187010639,0.07806345681535727,0.1070161083464499,1.1759924655350122,-0.004755833210221763,0.1742564882374377,0.8413765046184234,-0.08348101373095881,0.3257242548547604,0.06227845058492154,0.016028790156080493,0.3431912662886997,0.5522965717772615,0.009711199015032396,0.17547223368814732,1.0194945640971034,0.17009423582711578,0.21187284223903208,1.4837634422823582,0.08474790637791522,0.4982720231579056,0.08553702682283877,-0.05663606133613445,0.16552935369281735,0.9313970838096332,-0.06388677906031959,0.12625354331927127,0.9358128159995118,-0.07657537788308491,0.2133132349734465,0.1036246430471099,0.2956142062223013,0.3092122625951596,1.1593673127007513,0.47149192047269906,0.3871205111228714,0.8150478489527121,0.4540313077121237,0.16311960187555746,0.06777034297220572,0.24852025496853244,0.30421460909673637,0.5322073233881884,0.35176235837864755,0.19816311123146088,1.0200077736004916,0.2813032341182313,0.3178702942439674,1.4734369493112234,0.35523288484841015,0.34502159994297055,0.05147990656467095,0.3096564254652943,0.3765281310277939,0.9082200454234421,0.45309148222069956,0.36520883383167724,0.9114243366046563,0.49327665320074215,0.30699723681756186,1.4315371739661957,0.2102670737786529
3.68113,0.20231476951134988,1.5008686563645217,0.24558079664612456,0.36222726809763944,0.11185393684750494,-0.0278411086853627,0.3504618446602537,1.0101351835606314,0.07768442121960185,0.10933824750635679,1.1765574271529426,-0.0067241107861581995,0.17660941494117438,0.8417021716343046,-0.08448225865611958,0.3258342077367947,0.061965877515078246,0.01569080724766315,0.3434280956350644,0.5519943115968683,0.009373514890602968,0.17559766010020292,1.0192435505624506,0.16895882347658164,0.21343999239190975,1.4840551016702928,0.0847041035320123,0.4984798228439455,0.08528417549835612,-0.0567031142420351,0.16793620739501333,0.9317720865965732,-0.06507676668845387,0.12887139013045526,0.9363191887487744,-0.07835971473531454,0.21323189646936547,0.10354565691840195,0.29556488325149555,0.30488739165212503,1.158729968657397,0.472798173120207,0.3806888731732384,0.8138511059701657,0.4574480424160485,0.16306350124223143,0.06772041600367813,0.24846234497207387,0.3039618819398453,0.5321753462005158,0.3518841614843044,0.19782507047446318,1.0197291854836115,0.2802607168143944,0.3167624423691917,1.4725885431876025,0.3562371571046552,0.34494610663837993,0.05137048932966776,0.30956618872250163,0.37078441293192005,0.9070964346630356,0.4561217681105373,0.3588798463249488,0.9104781200710542,0.49612320877759875,0.30715267377416894,1.4312178396096513,0.21097180226952472
3.69111,0.20228875529215906,1.5006588003160901,0.24550631450537946,0.36245852273872503,0.11152658816590376,-0.028058812730238955,0.35093890576230746,1.009993533412895,0.0772941768458409,0.11168289418856592,1.1771400659228068,-0.00881633082728065,0.17883992984395045,0.8420369976815667,-0.08566549239474491,0.32601243622532794,0.061635946429858895,0.015435418710127675,0.3436537975112529,0.5516700890986143,0.009083067369800177,0.17571033606700434,1.01897113062219,0.16783549526245817,0.2149926542032884,1.4843153064843373,0.08466174432731836,0.4987599062753756,0.08499974911728339,-0.05669420670399632,0.170253233009102,0.9321475153249793,-0.06642835898426366,0.13141440916951713,0.9368511715148442,-0.08030713051638347,0.21316686233395554,0.10344556493294953,0.29559767374314233,0.3006598297761545,1.1581379033457846,0.4740237924489389,0.37429706742542296,0.8127234429622846,0.46050701363755425,0.1630178392097035,0.0676399584017674,0.24849758585801793,0.3037710958997439,0.5321228586391562,0.35193862291771005,0.19748427536233712,1.0194371785343948,0.27922045177899685,0.31559548484668554,1.4717726416981214,0.3571735427163409,0.3448867427361545,0.05125542422739422,0.3095920549095549,0.36508324119013624,0.9060281388263615,0.4588593252521059,0.3526488146249386,0.9095824104742,0.4986832675310053,0.30729369441628845,1.4308858996328502,0.2116390561247676
3.70108,0.2022046414468471,1.5004431615882756,0.2452912022172146,0.3626840920601898,0.11119015594633114,-0.028238253403628316,0.3513308726524442,1.0098631670086535,0.07681517826429178,0.11401431780832216,1.1777547279691931,-0.01111056833510974,0.18096329462992794,0.8423962169047967,-0.08708969545019116,0.32617741807134376,0.061312223215097474,0.015225770210349775,0.34382004891765694,0.5513406361797455,0.00877558070809589,0.17575004190804452,1.01870908193676,0.16664500364733376,0.21648596213754326,1.484562461961343,0.08452036592036498,0.49902915616059673,0.08469200814863426,-0.05664795221838965,0.17248346118118482,0.9325397224587046,-0.06799139228466547,0.13388847925053532,0.9374198668549395,-0.08248480941055535,0.2130766126496766,0.10334551404470746,0.2956169553400979,0.29653681747510685,1.1575747273000734,0.4750276929493282,0.3679859635124113,0.811650211288634,0.4630610625151292,0.16294223223332985,0.06754519820196325,0.24852795164854466,0.30361536470422146,0.5320705878662996,0.35181695694896437,0.19708189525271272,1.019156300663867,0.2781122840332602,0.314345240772026,1.4709923787026393,0.35796321377924656,0.34479625398800345,0.05114363067332208,0.3096297154352912,0.359460001410667,0.9050058515444904,0.4611552015200615,0.34657382491314703,0.9087225661469901,0.5008196809304211,0.30738637167409877,1.4305612807578558,0.21217679233554565
3.71106,0.20207268569690587,1.5002574632053665,0.2448588542531546,0.36285204916495706,0.11088226143457233,-0.028467829679441753,0.3516240523732944,1.0097771662204065,0.07617044973445394,0.11632245798544977,1.1784285501946847,-0.013674712403327606,0.1829860267572759,0.8427911957567555,-0.08879051941479535,0.3262778028152986,0.061028230555450536,0.014969899923267525,0.34390511593468787,0.5510333019834256,0.008359823373114675,0.17569274658463452,1.01848738507571,0.16530714235969476,0.21792388268924875,1.4848166905183566,0.08419189174051084,0.4992325768307854,0.08438746543087315,-0.05665519537411128,0.17464297339453283,0.9329690196675606,-0.06979764874914653,0.13632554136835676,0.938050490443745,-0.0849688344957439,0.21294775526594154,0.10326666455318836,0.295498679497374,0.2925555043946052,1.1570136135101288,0.4756794707664405,0.3617908922717108,0.8105963465248821,0.46491902671986113,0.16282965408284608,0.06745259295757881,0.2484268439043902,0.3034821977565564,0.5320385663233856,0.35139998566886355,0.1965939466638177,1.0189000289481127,0.276864912579459,0.31303604891916575,1.4702433415414393,0.35854475193622165,0.3446566444459839,0.051040778021179276,0.30954269359457115,0.35396079192786783,0.9040062287543335,0.46282398494623356,0.3407415584898959,0.9078654542076945,0.5023644227718147,0.30742467538227725,1.4302567081060615,0.21251234102727318
3.72103,0.20197603402973427,1.5000986019380784,0.2443342750568248,0.36306028438518384,0.11058508178745984,-0.02859970997532642,0.3519336369947552,1.0097265208097885,0.07551692570878218,0.11864081414227959,1.1791395332135535,-0.016339727281090725,0.18487871832525568,0.8431855235431216,-0.09059396150721373,0.3264182889792615,0.06075479148030315,0.014817534451707826,0.34399466381027705,0.5507345248433143,0.00797717349077859,0.17564958379043585,1.0182651800169926,0.1639645360169549,0.21938456310372906,1.4850577816664838,0.08379728820791503,0.49947680492114194,0.08407913295577386,-0.05656888044508056,0.17671880795431746,0.9334048706572199,-0.07169735220826105,0.13872999312876108,0.9387239667781253,-0.08760256876390875,0.2128699439674184,0.1031916025450196,0.29546383838637275,0.2888324550333779,1.1564451383885646,0.47608491885012344,0.3559183977732246,0.8095706522630844,0.46615313163203803,0.16276921184763302,0.06734569265530406,0.24842610047201732,0.3034235970997705,0.532015163836903,0.3508719206068172,0.19611575133208578,1.0186378585218576,0.2756076177963954,0.31176093198957255,1.4695238706040394,0.3590145592828017,0.34457260611190466,0.0509422704033341,0.30955595327535007,0.34877646502328435,0.9030328577860978,0.46394682319527336,0.3353297482724316,0.9070130139606003,0.5033918122113205,0.3074651913267939,1.429948159430433,0.21276241478428642
3.73101,0.20196413603672067,1.499975405646522,0.24375476092493437,0.36329209458468437,0.110303651067116,-0.028663562977326498,0.35231127110040433,1.0097052754072084,0.07489134906811663,0.12096216030295674,1.179884533695731,-0.019044205024381033,0.18659610201920762,0.8435787830736269,-0.0924552164630944,0.3265801696441575,0.060496750994645666,0.014734743523861065,0.34411389024871886,0.5504532905410376,0.007631725614208586,0.17567583829443598,1.0180473718053316,0.1626460465844251,0.2209075281962048,1.485282751485377,0.08336844195901003,0.49974722987413756,0.08376675183246682,-0.056417167434919965,0.1786723984693759,0.9338470095369328,-0.0736567062300799,0.14105442588316972,0.9394336706441853,-0.09032086162136369,0.21283239415363991,0.10311903522641534,0.2955292216427315,0.2853822098634248,1.1558691728238832,0.47628030382926867,0.35046667226043265,0.808586470547081,0.4667895736771109,0.16274347093643193,0.06723581765152711,0.24853888582286957,0.3034283199887265,0.5319972354005592,0.35028863220783335,0.1957008130841615,1.0183783421554409,0.274366773545561,0.31057831069578046,1.468838234719664,0.3593982310430009,0.3445297989261364,0.05084038871236319,0.30967950144570977,0.343983412754856,0.9020959409442989,0.46456327932636504,0.3303577047880465,0.9061633542236394,0.5039296735967281,0.30755258120935075,1.4296411695013527,0.21295155360616233
3.74099,0.20203556100073128,1.499915512706391,0.24303289314296794,0.36339069977107286,0.11007630140687338,-0.028899288033662825,0.352711941360065,1.00971901214427,0.07416519871536928,0.12321224381611125,1.1806807176525815,-0.021860459807232453,0.18808241697764116,0.8440125065189266,-0.09448494420996228,0.3265949922734925,0.06030498447408857,0.014471258358459822,0.34420668793100806,0.5502287402795905,0.0071510761992436495,0.17573837825715816,1.0178998433300628,0.161230792224055,0.2224625910374279,1.4855127766815182,0.08280849244796162,0.4998793638552737,0.0834640456318953,-0.056437480928826514,0.1804381320178775,0.9343307994342921,-0.07577588974046195,0.14319360982212936,0.9401864217335248,-0.09317152340846255,0.21270864785556073,0.1030728072621655,0.2954454726195604,0.2821233487452725,1.1552977044530115,0.4761854393064131,0.34541612825806745,0.80766032948318,0.46675598650724665,0.1626164876219726,0.06716809310981985,0.24849517849932518,0.3034128949502136,0.5319983447224308,0.34952547760388764,0.1953353062608062,1.0181794497664498,0.27303344736455487,0.30950624661547005,1.4682012487598868,0.35961506176169356,0.34437735394812613,0.05072951399549768,0.30964369927650903,0.33953517820159507,0.9012140445336593,0.4646172853610478,0.3256964682324204,0.9053114162643925,0.5039112457901298,0.3077042969827128,1.4293798952983343,0.21297113802530926
3.75096,0.20221578602158205,1.4999055811750985,0.24222387612007307,0.3634320011060094,0.1098754258697561,-0.02915625565786022,0.3531575603746211,1.0097600402092037,0.07337818700647357,0.12539927274136461,1.1814925035985868,-0.024688333288662608,0.18942479851689706,0.8444689573217627,-0.09657804988888695,0.32653890050657314,0.060150049723814665,0.014184632431887756,0.34432761524660976,0.550036666498561,0.0066195544860846054,0.17585038855658858,1.017807196268413,0.15976326457600618,0.22405198359000789,1.4857478711361545,0.08216451209725062,0.49994840498106896,0.08315426488214069,-0.056472434677522866,0.182074663904377,0.9348330502032964,-0.07794689160315477,0.14519115530371354,0.940947477339287,-0.0960187362378101,0.21256620936435014,0.10305446371757192,0.29535005851212326,0.2790396852702294,1.1547428811276106,0.47588637076086243,0.3407012573200615,0.8067943248558352,0.46618641210112843,0.1624710904608433,0.06713216006752518,0.24843700242774422,0.30341801604084,0.5320299391848977,0.34871361244442073,0.19503093481648767,1.0180321636446272,0.27164499793948976,0.3085944087478327,1.4676099827045146,0.35970907652073125,0.3442006384336722,0.050626473388444226,0.3095903076727482,0.3353593252379545,0.9003878842548637,0.4642349384311071,0.32129371225318215,0.9044642267732156,0.5034579137566558,0.30794151809045417,1.4291540289580935,0.21286201364829252
3.76094,0.20250845962233008,1.499916187696419,0.24139995608430784,0.36353093927032,0.10965942551435166,-0.029239248082111813,0.3536672349824618,1.0098140311961228,0.07258760176664239,0.12754524745754653,1.182285225285347,-0.027424089057758973,0.19072508396017096,0.8449226491070588,-0.0986123828385181,0.326533072605829,0.05998522198816875,0.014082485210514164,0.3445361926143698,0.5498406028310623,0.006139989319613476,0.17601767173568392,1.0177321335707548,0.158295206954615,0.2256698521217577,1.485983995095213,0.08150241529023333,0.5000711573438749,0.08281911226733811,-0.05632147974024084,0.18365464339440538,0.935324640576751,-0.08004821544649665,0.14712173954029056,0.9416869134093581,-0.09873802288760782,0.21250757599024692,0.10305037432024178,0.29542376743997645,0.27610355886660987,1.1541998455786384,0.4754786640975348,0.33621924278060983,0.8059722393794553,0.46523072119691744,0.16242523959581776,0.06709739964478693,0.24855602261045512,0.3034850483419013,0.5320935122252282,0.3480005944545867,0.1947799631627735,1.017905657538213,0.27024433352729,0.3078564218797687,1.467043876246683,0.3597406840216679,0.344127979044271,0.050549920633882854,0.3097081477370545,0.33135581810947273,0.8995981901271843,0.46354671074008647,0.31709840551986573,0.9036205702111006,0.502700429486407,0.3082616319300651,1.4289355918481184,0.2126897659668049
3.77091,0.20280645650652337,1.4999317397975234,0.2404769648174463,0.36356737252734106,0.10944685437900518,-0.02940235785353714,0.3541405209503194,1.009866857660271,0.07165593287102105,0.12956009370133548,1.183094368446907,-0.030178684812549386,0.191903748363263,0.8454085591950613,-0.10071424239437973,0.3264643932734592,0.0598354621404179,0.013913748235888966,0.34473757735694477,0.5496648652240627,0.005490750571950804,0.17614796184791828,1.0176966312997788,0.15666757523882346,0.22721345151342534,1.4862346236299433,0.080732799244042,0.5001255620561744,0.0824852780066174,-0.0562468475471578,0.18508957427003003,0.9358402357101941,-0.08220366217227328,0.14890619153309081,0.9424403664207658,-0.10147773087743266,0.21244820559218167,0.10303738858716287,0.295392543823766,0.2731895975836121,1.1536218069632551,0.47484091770345116,0.3318740599433477,0.8051561282177675,0.4637908810811263,0.16237405069599103,0.06705779006331966,0.24856901180558494,0.3034714252046402,0.532165381844933,0.34720756143917686,0.1944785890561173,1.0178077795674112,0.26868656295121723,0.30716058926593004,1.4664646674031432,0.3596285983287298,0.34406117812022463,0.05049250958224122,0.30970495092517014,0.32742435353124627,0.8988040526572043,0.4624334620693939,0.3129953924110744,0.9027481959535992,0.501526911222186,0.3085804289048151,1.428729581955385,0.21236739802180263
3.78089,0.20305350937265823,1.49994345516851,0.239437121929599,0.36352001862023947,0.1092450694864978,-0.02966690239328255,0.3545332275623376,1.0099139314191299,0.07057308903914201,0.13140148914567729,1.183912786013904,-0.032955830459677135,0.19293744021945738,0.8459228464001842,-0.10288255701354589,0.3263156955360465,0.05970701813465864,0.013655925735314791,0.34491749605885075,0.5495127829848346,0.004649513758487937,0.1762001546928893,1.017689800129942,0.15486765635162572,0.22863406294099547,1.4864942742505174,0.07983923028540314,0.5000892232517349,0.08216380584500654,-0.05628155063897121,0.18635827028567029,0.9363777686491035,-0.0844118815280738,0.15052692140681923,0.943204653394584,-0.10425410612241584,0.21237069380168241,0.10301738223823463,0.29520598524652486,0.27027233123989,1.152992930111132,0.47395643152558614,0.32768362420684466,0.8043339445347719,0.46190168025329564,0.16229587907745896,0.06701537177399794,0.24842181003678968,0.30334337722953486,0.5322425448432324,0.34633659772738146,0.19408363843804954,1.01772718854476,0.26696430972495905,0.3064336879963921,1.4658563815579835,0.35935929394174265,0.34397808133270696,0.050451675440765106,0.309526601109277,0.32358322175247944,0.8979927592097415,0.46090572886555436,0.30899802191239834,0.9018392686115949,0.4999538562171514,0.308843654971849,1.4285275702153521,0.21188518876487117
3.79087,0.2032766406003447,1.4999479149703387,0.23837016966318297,0.3635241740715335,0.10903900868365779,-0.029724105153157574,0.3548885527754136,1.0099602245573933,0.0695084022842668,0.1330899915281171,1.1846693781853948,-0.03558334955980151,0.19389459532092762,0.8464066882944153,-0.10492203911787858,0.32622351042226366,0.059572092941145786,0.013613493050447303,0.34518011346132954,0.5493548844302539,0.0038717566591905286,0.1762130597706396,1.0176552997320325,0.15309153241751092,0.22995608509732643,1.4867333526990283,0.07891779454579699,0.5000982051768806,0.08184390586061398,-0.05613073228552823,0.1875361158741665,0.9368813654071179,-0.0864798824649961,0.15205084220095091,0.9439179291233094,-0.10686954842194112,0.21236768289181573,0.1030202538972277,0.2951432347367948,0.267488095725741,1.1523436274399081,0.4729620889462339,0.3238258745734964,0.8035315525351013,0.45979397177481385,0.1623036029465604,0.0669771693014357,0.24839951828142848,0.30322544695365633,0.5323486344313771,0.3456493731473345,0.19364573871392174,1.0176268542637916,0.2652636086199047,0.3057126058377152,1.4652365859509295,0.3590174029592764,0.34398441419645975,0.050435326776517166,0.30946809001867726,0.3200150769456668,0.8971924526479663,0.4591672402732592,0.30530837079120776,0.9009252806374684,0.49818693958038046,0.3090520878137069,1.4283032562697406,0.21134473749521993
3.80084,0.20349314194468346,1.499944766556889,0.23722541601991795,0.36357392931376303,0.10883930025857771,-0.029745416121231914,0.3552165751853147,1.009997762203172,0.06839754929555218,0.1346260415803499,1.1853859027862754,-0.03812381569451304,0.1947852866583346,0.8468875088200651,-0.10693921269520093,0.3261823801162888,0.0594340322074394,0.013608423718080753,0.34551994204918013,0.549203656670781,0.003043539172714898,0.17619744036741558,1.0176009803168262,0.15127359828434425,0.23119805427544216,1.4869654949231679,0.07791245654177398,0.5001492954413087,0.08155305788819894,-0.055970293171612576,0.18862480418767183,0.9373787567954693,-0.08851383178659239,0.15346788460281144,0.9446037469454192,-0.10940664961551726,0.2124063117862936,0.10303643228259686,0.2950932769666826,0.2649079326593658,1.1516545404835237,0.47175917835336906,0.3203436211886623,0.8027260745088675,0.45742393235535594,0.16235767859743205,0.06695427855525497,0.2483881715304526,0.30310929626536426,0.532476313066404,0.34505508215461567,0.1931799025040979,1.0175164390554992,0.26351881168003416,0.30503130948894214,1.4646006443450854,0.35854425463900236,0.3440426043717662,0.05043556142113658,0.30940249532791947,0.31677607322294044,0.8963860657270097,0.45717402860527706,0.30196907572947806,0.8999954785003346,0.49617194943771226,0.30923103841760624,1.428065383826828,0.21068116408928017
3.81082,0.20372465022151318,1.499934653357108,0.23592907366060878,0.3636070613331548,0.10865365650603805,-0.029978879859046362,0.35552362705213925,1.0100123783599393,0.06713275065519377,0.13600993301212272,1.1861100269820257,-0.04069135067799415,0.19560904392245337,0.8474150595927045,-0.10909219620341813,0.3261293831128701,0.05930116275778431,0.013387934542005644,0.34589589646199387,0.5490752843989426,0.0019834544714040407,0.17616222015751742,1.0175518510063781,0.14929419685288942,0.23238252088069158,1.4872155597460883,0.07674505544106147,0.5001823041416571,0.08131042511662664,-0.056043722667467405,0.18960975487432818,0.9379190842794054,-0.09067461825046755,0.15475160834375862,0.9453076574410139,-0.11200396327327185,0.2124129801916738,0.10304928346539335,0.2948836745929681,0.2625560127508472,1.150899967833484,0.47021962317314564,0.31719189260655395,0.8018847203303142,0.454717851778987,0.16236961219086957,0.06695532381373281,0.24821214458156407,0.3029403804725384,0.532610274896406,0.3443874696367254,0.1926939009287983,1.0174192994126008,0.2616138207923328,0.30442580097302374,1.4639383468166842,0.3578597818728101,0.34406761425912713,0.050440288826169084,0.309141808924121,0.31383777047922956,0.895545356647373,0.4548520056757826,0.2989271625684902,0.8990312213005723,0.49382225080661823,0.30942020780097557,1.4278294132557532,0.2098050127236787
3.82079,0.20402571170263234,1.4999174121935666,0.2345814423601849,0.3636244877487718,0.10844183302364306,-0.030127128948705457,0.35586039485773385,1.0099922886383923,0.06586958545078601,0.13726070103735094,1.1868086358912953,-0.04314277655637195,0.1964224562997068,0.8479610852048017,-0.11118142177491643,0.3260633042547039,0.059147481691003284,0.013253431001470825,0.34633541165160875,0.548930940015184,0.0009176347244579203,0.17616223721295862,1.0174818792050213,0.14732038256695762,0.23354495213934243,1.4874699498709167,0.07553133521256754,0.5001954176375912,0.08105194309708777,-0.05603873611431613,0.19053803319802323,0.9384747165421683,-0.09277904137561153,0.1559372378382126,0.9459948737456606,-0.11448155947542991,0.21239638407006334,0.10308437789130738,0.2947928757808075,0.260461368800064,1.1501267200759882,0.46852568238003717,0.3143253970305644,0.8010350877872788,0.4519911715961774,0.16235246387077104,0.0669756026816165,0.24816008643293894,0.3027479764755329,0.5327599347161206,0.3438300085904694,0.19224392863122117,1.0173267164748614,0.25971222391868354,0.30396065955646784,1.4632691273939653,0.3570588691076955,0.3440653753797265,0.05045028142551213,0.30900164487036913,0.31116529941494697,0.8946934441846908,0.45246811715869595,0.2961448273114718,0.8980721058276824,0.491404249024816,0.3096672453441116,1.4275784774793132,0.20883200312456654
3.83077,0.20441207287670368,1.499904644501493,0.23320780028353164,0.363641834118713,0.10820333356463221,-0.030122903733541175,0.35625283797933077,1.0099468321855805,0.06465369735303354,0.13839661352002455,1.187474791462249,-0.045437641483228396,0.19727125223048492,0.8485171978515668,-0.1131334774474733,0.3259982648199023,0.05897619666145432,0.013278888345087187,0.3468453079973315,0.5487652041036926,-8.762435864896904e-05,0.17622265596725947,1.0173883762351315,0.145401986202503,0.2347090960479265,1.4877266567221565,0.07430112972997478,0.5002057300135497,0.08075889893338918,-0.05587868025591227,0.19144656009518393,0.9390366343046392,-0.09475591357486676,0.15706603003032735,0.9466556853156362,-0.1167787290869207,0.2123885860784985,0.10314785018973192,0.2948655915520831,0.258620569978884,1.1493733852722792,0.46675239507048455,0.3117098284988248,0.8002036688315349,0.4493990181064369,0.1623456263551118,0.06701265918028641,0.2482741842798698,0.30256960765747937,0.5329296116208858,0.34339949512918283,0.19185616982278048,1.0172363997858833,0.25786193399721796,0.30364837526102206,1.4626167350203478,0.3561706394118131,0.34406692762062496,0.05046878949363278,0.30904186420874824,0.3087303733954817,0.893855471679451,0.4501463997030294,0.29360117779554595,0.8971524125867193,0.4890448851300069,0.30998133952970697,1.4273183076184075,0.20780605317124376
3.84075,0.20483854228328663,1.4999198610538207,0.23172717577583377,0.36367381788845543,0.10799436465492539,-0.030274979075904644,0.35667912330636825,1.0099075142873934,0.06336470534182467,0.13941460871487144,1.188140030007466,-0.04768306786577273,0.19815648571666594,0.8491056789377898,-0.115072124585427,0.3259498436520676,0.058831179405564815,0.01316143529231217,0.3473842896218703,0.5486240056334514,-0.0012239689746051875,0.17631916610789755,1.0173062857737398,0.143416439194877,0.23586707861111011,1.4880004456430915,0.07295894614293708,0.5002352824601386,0.08048710526050899,-0.055874422171940434,0.1923302161600292,0.9396253669352677,-0.0967135860683359,0.15815279202161703,0.947317292800814,-0.1190138778122272,0.2124243038049151,0.10321282344693507,0.29478831079322826,0.2570033659667108,1.1486577350202383,0.4648026017625923,0.3093512095035188,0.7994099141260813,0.446851309298829,0.1623893004628837,0.06706744128527545,0.2482218098340675,0.3024311513446433,0.5331087591962126,0.3428565580373216,0.19151103250949528,1.0171604504252802,0.2559412930915703,0.3034314389254039,1.4620078219973507,0.35512432325587207,0.34410629025442024,0.05049765937226643,0.30892802572148026,0.30653796092063285,0.8930552498521599,0.4477963854743534,0.29131315676576164,0.8962953648447531,0.48665729299979804,0.3103180159732453,1.4270878975103618,0.20665688725026057
3.85072,0.20524336847583238,1.4999584454915755,0.23022221005870777,0.36370274739535347,0.10781228193763374,-0.03050225217718417,0.3570902908732702,1.0098724798117193,0.06210193689444818,0.14027738578249127,1.1887678415515972,-0.04979615689722643,0.1989928438363545,0.8496736622092869,-0.11686202139649265,0.3259053232847681,0.05870621458245545,0.012971062657471673,0.34789463903841433,0.5485071033878893,-0.0023952336033573537,0.1764166403779484,1.0172292790279887,0.14147907354207975,0.23698285333937055,1.4882627626743143,0.07157818540137709,0.500268459064611,0.08024893690899951,-0.055952531092064814,0.1931341245772317,0.9401939267658816,-0.09853256156792112,0.15914323266016972,0.9479369477895903,-0.1210815087400493,0.21247980658316268,0.10326906339437203,0.29463450548140724,0.2555353437549918,1.1480002109243985,0.4627875372692683,0.3072497621524706,0.7986861847234159,0.44449188193857425,0.16245778918314366,0.06711809562235707,0.24808357870990594,0.30233089500280075,0.53327648586624,0.342252211321269,0.1911841479998568,1.0170899510250904,0.25406502969301836,0.3032296014291058,1.4614577129475617,0.3540145270850463,0.34416268226107244,0.050527107998450435,0.30874763844682124,0.30457665374525567,0.8923257589787279,0.44556532993720593,0.28924525837899234,0.8955343562298904,0.4843836818039808,0.31061911102062073,1.4268803839629405,0.20547072631812546
3.8607,0.2055758973071193,1.4999995967284052,0.22882341748665835,0.363710546937127,0.1076336420712213,-0.03060971669274113,0.35744368908433694,1.0098268281630443,0.061020119241682776,0.14095807856562756,1.1893026756352674,-0.05164328056238597,0.19970067425075638,0.8501547069817986,-0.1183267024995455,0.3258517357600121,0.05857820704032779,0.012889899839807305,0.34832897380107125,0.5483959991879841,-0.0034228274937500446,0.17648942932671216,1.0171415481853543,0.13976925229914164,0.23800977571275792,1.4884769664340052,0.07028687779987444,0.500286424932807,0.0800388814656501,-0.05592525938261994,0.19381190903421247,0.9406814182933061,-0.1000534578955387,0.15998299409787828,0.9484575116352597,-0.12283071693309595,0.21251742431683754,0.10331242914242603,0.29459595563427715,0.2541651189569794,1.1474169459716017,0.46087814327347665,0.30541110781923103,0.7980582841384436,0.4425189563158504,0.16251029619427715,0.06713850222206241,0.2480661015873343,0.30225644266295293,0.5334121638791632,0.34172833284345117,0.19086319664341292,1.0170142988800575,0.25241075362974086,0.30298746825366635,1.4609753594014392,0.3529783487758459,0.3442013666106108,0.05054381122562664,0.3087158382471233,0.3028399382875534,0.8916917821510117,0.443654016593568,0.2873625646730505,0.8948943814892307,0.48241772574417097,0.31084643200630774,1.4266763183118585,0.20437372470950668
3.87067,0.20583702958851252,1.5000191944287662,0.22754800248705276,0.36373155340198793,0.10747600304781299,-0.03073100767993491,0.357751642316106,1.0097732117932137,0.06007990006026969,0.1415081838478799,1.1897391990514086,-0.0532374677697648,0.20034755536193322,0.8505616408938229,-0.1195922157644338,0.32582317165232416,0.058460469028074565,0.012793747298012942,0.34868883016598823,0.5482985870313795,-0.004360718449515159,0.17655343720399472,1.0170714405601584,0.13827717842185488,0.23889720317192217,1.4886520689091833,0.06910861570672258,0.50032297092316,0.07987799211845868,-0.05592595936367873,0.1944129399109445,0.9410921747944802,-0.10136852751084502,0.16071813845467542,0.9488898859031553,-0.1243351106553596,0.2125526728153387,0.10332634260928508,0.2945552662493682,0.2530032021858854,1.1469117610984374,0.4590948303567502,0.30389686337520744,0.7975177092865028,0.4409135713751185,0.16256749302007778,0.0671273395381701,0.2480451983508491,0.30220751899070053,0.5335099015408857,0.34120983199291377,0.19058128465654522,1.0169552116745577,0.2509653709741021,0.3027616637776784,1.4605753650395414,0.3520154157639396,0.3442347282060748,0.05054245185383642,0.3087056184014987,0.30139109569624345,0.8911455229707995,0.44203959517302044,0.2857488538925548,0.8943645076191459,0.4807381668315999,0.31103859122728794,1.4264994567584375,0.2033604923247017
3.88065,0.20603260239760918,1.5000104441187934,0.22643120532759728,0.36377787722664817,0.10735271745330256,-0.03093366412888773,0.3580144809238365,1.009718870789147,0.059262890668470715,0.14195655524440656,1.1900803596436402,-0.054565865374082645,0.20096632023810082,0.8509113582497776,-0.12071543244421554,0.3258308095809766,0.05836609660792079,0.012619651367223613,0.3489798766569296,0.5482221716156933,-0.005221228328041892,0.1766156232401461,1.0170382784444083,0.13700809079851867,0.23960830101308603,1.4887999399858616,0.06807665031380171,0.5003860894578607,0.07976904221693548,-0.05602265986375533,0.1949538309258347,0.9414353210581616,-0.10251144899347839,0.16136316218566402,0.94924466967787,-0.12561659660532967,0.21259402076624795,0.1033111450230774,0.29444584351782416,0.2521188784321252,1.1464856467131832,0.4574824213781593,0.3027448761605815,0.7970613207437143,0.4396586329346225,0.16263693347064692,0.06709509746118157,0.24794792970008403,0.30218417883978177,0.5335729631153763,0.34067600925260094,0.19035884637797318,1.0169275668071924,0.24973283743169902,0.3025898615340486,1.4602640638714979,0.35114854538249674,0.3442712783020253,0.05052878556388312,0.30863502827673306,0.3002674007459134,0.8906832658516681,0.4407141566949315,0.2844545193961808,0.8939337386859388,0.47933909478255815,0.3112149475911202,1.4263706951231947,0.20244715297922403
3.89063,0.2061586219617452,1.4999897003114695,0.22557398090118605,0.3638187520612247,0.10726239570127845,-0.031111428408409827,0.35819941936510413,1.009672841612301,0.058638492362475314,0.14227622641655419,1.190322164675443,-0.05552731670886429,0.2014995535674731,0.8512010782201921,-0.12157081654986779,0.32584397976142104,0.058299437690904614,0.01246602941422526,0.34919666090069035,0.5481672830638507,-0.005892046054797874,0.17665976152973464,1.0170387187516967,0.1360514670701908,0.24011641888388735,1.4889223537671807,0.06727576684778874,0.5004360643143115,0.07968568596052018,-0.05611376332377196,0.19537742679297052,0.9417048976961028,-0.10336020896711427,0.16185772636872509,0.9495097410643238,-0.1265555259863342,0.2126264160847409,0.10329224356501879,0.29434915923036586,0.2514969428795901,1.1461441811729005,0.4561742721084929,0.3019628646254298,0.7967073921817237,0.43881323643981535,0.16269239215810144,0.06706108968808613,0.24785550222775105,0.30218427856464347,0.533611594009246,0.34023906575625334,0.19019067961462802,1.016929446287854,0.24880390161016538,0.30245782139001265,1.4600396047194737,0.3504761940744221,0.344301738636291,0.05052081446902281,0.3085712136811738,0.29946868434251367,0.8903206346368586,0.4397644544954864,0.28347147784162957,0.893605858287452,0.47830805722726955,0.3113476799715604,1.4262975773205016,0.20172225212744677
