Time,C7_X,C7_Y,C7_Z,LANK_X,LANK_Y,LANK_Z,LASI_X,LASI_Y,LASI_Z,LELB_X,LELB_Y,LELB_Z,LFIN_X,LFIN_Y,LFIN_Z,LHEE_X,LHEE_Y,LHEE_Z,LKNE_X,LKNE_Y,LKNE_Z,LPSI_X,LPSI_Y,LPSI_Z,LSHO_X,LSHO_Y,LSHO_Z,LTOE_X,LTOE_Y,LTOE_Z,LWRA_X,LWRA_Y,LWRA_Z,LWRB_X,LWRB_Y,LWRB_Z,RANK_X,RANK_Y,RANK_Z,RASI_X,RASI_Y,RASI_Z,RELB_X,RELB_Y,RELB_Z,RFIN_X,RFIN_Y,RFIN_Z,RHEE_X,RHEE_Y,RHEE_Z,RKNE_X,RKNE_Y,RKNE_Z,RPSI_X,RPSI_Y,RPSI_Z,RSHO_X,RSHO_Y,RSHO_Z,RTOE_X,RTOE_Y,RTOE_Z,RWRA_X,RWRA_Y,RWRA_Z,RWRB_X,RWRB_Y,RWRB_Z,STRN_X,STRN_Y,STRN_Z
0.0,0.5129177569844433,1.609284781163284,1.9169564117619158,0.4626078618219585,0.4838550633306842,1.5693970875165584,0.6211209283288335,1.0984168184097063,1.9385613107638215,0.7904942957386516,1.2852125954234113,1.7962246122156111,0.6373121406790109,1.0929715797858044,2.056170896830308,0.41036731113733704,0.5157354565311165,1.5220226910498278,0.6376996138936135,0.6459496784295177,1.934832630355622,0.530850849103727,1.1592938550444538,1.7890807247726028,0.6835095556685016,1.5833863161650759,1.949575568340422,0.45316895611760477,0.34506647051339173,1.5976282060402471,0.6717571175574851,1.1389091328367893,1.982600842087237,0.7005267204998297,1.1110130756607088,1.9713336634707037,0.29271897965723614,0.2885740187540169,1.8319380790333608,0.4159043643041895,1.1179809266871876,1.9984418394474879,0.22067979533087337,1.2796970729740125,1.9245793478991235,0.47083018580272995,1.2181857392619477,2.1739783328860534,0.29331426927881366,0.25406305967153325,1.7609987531423004,0.37292328168691075,0.6704888704112261,2.0310411310711625,0.4287036783066229,1.1703276053507548,1.8233216646327857,0.38557076339903484,1.574289039507715,2.0156181561700652,0.34231824768081576,0.22498564116249203,1.9485864753877358,0.41114080542116344,1.2264736208859703,2.1028313143727955,0.3888609750642687,1.1906545956474317,2.111959909244837,0.5400782116087967,1.5388332676648577,2.016245191043029
0.00999079,0.5120017184283144,1.6033047588933438,1.9316969415718828,0.47356996968747833,0.4767560778313627,1.60290500659682,0.6225836812621924,1.093573798486466,1.9529992023262728,0.790801858263146,1.2862159985537895,1.799388752904042,0.6461225833067912,1.0823259122703193,2.0550541172124692,0.421409169132711,0.5068167423648612,1.5541965922718002,0.6453630273405337,0.6441442202438051,1.9666638831168812,0.5330513021893533,1.1530867717054403,1.8028772117805996,0.6833489940682438,1.5787497248521911,1.9624833001028406,0.4660127148374296,0.33877514536273895,1.6346638391441506,0.6784216290877011,1.1313044172723192,1.9825293120441658,0.7073074121787181,1.1042847255851216,1.969635702133291,0.2906067952472062,0.2869203519713224,1.8323066631024763,0.4169408768459122,1.1122189273824197,2.0118579176261786,0.22798227944695498,1.2651054461337654,1.9503001110057618,0.48363620837379884,1.2262453400798985,2.1983135373503404,0.29137173818152867,0.2529725879183149,1.76104313903209,0.3717746574021677,0.6635952002678903,2.040161088795398,0.43060680729945183,1.1642569623965018,1.8365010014541878,0.3859565919524129,1.566302870323676,2.031300201474062,0.33965200810945256,0.2227466088946594,1.9486948387362126,0.423069524164667,1.2285177050871439,2.1275031784172005,0.402447661788457,1.1922963722173634,2.138648403025393,0.5405838185520121,1.5328134276929672,2.030556500631022
0.0199816,0.5108470464623633,1.6000449918586555,1.946878925762867,0.4831361195260526,0.4714061545993166,1.6341592238167872,0.6243368017779989,1.091414753816338,1.9667014602128263,0.7903386338585148,1.2908391588645147,1.801195290662613,0.6542546902450851,1.0759461422648808,2.0526011566737017,0.43092541245321003,0.4994826828488646,1.5842887223813813,0.6523679126986153,0.6454266105058831,1.9953270247004506,0.5351736181522856,1.1497902300546747,1.816238921297222,0.6830472698409558,1.576984818599874,1.97491142719403,0.4775469250532567,0.3344360737882873,1.6697385075278055,0.6843929448980769,1.127747220214869,1.9810882424429,0.7132438007361791,1.1015385919588074,1.9665486630221165,0.2883565634556824,0.28656894444436076,1.8317816151016755,0.41843279974510245,1.1089483874533534,2.024986404050695,0.23620617308846178,1.2530415297792106,1.978794366879162,0.49887923771285025,1.236770126957182,2.2214899934739556,0.2893211880988823,0.2532730652729719,1.760161818738117,0.37024909160099506,0.6590465522902391,2.0465834600711164,0.4325171458116258,1.1610077551083262,1.8494729523305562,0.3868488406277313,1.5607128149654677,2.0480812211679837,0.33712040408464783,0.22156822610449786,1.9477126794712183,0.43704026382528544,1.2330088786014897,2.151939666085203,0.41828972690797844,1.196499636109519,2.1652236803805613,0.5414341173576973,1.5293101151436408,2.044993869638518
0.0299724,0.5112512197632317,1.5998761786055493,1.9619833450594877,0.4910194852039502,0.4660478708913785,1.6651047610176972,0.6267004763965196,1.0922748958233248,1.9806493865780748,0.7897716822116075,1.2981610483405837,1.8022880937585095,0.6615958887623334,1.076462564422298,2.051719105476979,0.43859306244608154,0.4918253605908176,1.61420704043756,0.6584926800321563,0.6496688142204845,2.02199467248464,0.5374275378510482,1.1495867308217838,1.8301538813803535,0.6841565769017873,1.5779528986822966,1.9865911590949294,0.4874522610664558,0.33043182070988814,1.7051953259787749,0.6897163380932073,1.1298741617023862,1.9806058530732376,0.7181749054292661,1.1040837823968435,1.9646380859182133,0.28624985358091104,0.2876511792297551,1.8317089628991143,0.4207616242289374,1.1086022760065912,2.0389450723165625,0.24564654912301978,1.245706680029698,2.009502575461789,0.5153597916385383,1.2513405471370875,2.244252991377369,0.2874339227167346,0.2551588645378395,1.7596817277598016,0.3686383087952305,0.6573058389636767,2.0513519256036923,0.4346862331230576,1.1608438741923834,1.8632953667771457,0.3897837649750868,1.5589690879709284,2.065423700545272,0.3349949395873244,0.22140306782561864,1.946908270455254,0.45224224964672816,1.2416293488022618,2.176580226418361,0.4353860640448451,1.205066305353555,2.1921007077110954,0.544021247075022,1.528997877139867,2.059360509046998
0.0399632,0.511735138319806,1.6025173109793254,1.9773004510560226,0.49681278035636717,0.45933468160546587,1.696274935459309,0.6283901303358548,1.0957918491968912,1.9951573951819865,0.7877776826913501,1.3074056437303565,1.804282982106055,0.6677329002888786,1.080594991861155,2.0528366537389586,0.44398691782092076,0.4823428925120116,1.6444355893997424,0.6627910392883679,0.656386012780191,2.046969886914233,0.5386986490880694,1.1521760417793068,1.8448816094859668,0.685181703925574,1.5814049170002553,1.9983598033466434,0.4955307642844149,0.3254979663404254,1.741699663527331,0.6937166913702305,1.1351421957298296,1.9818310045635048,0.7215914561788853,1.1096303332974338,1.9644682784322618,0.28341902912902606,0.2901225754560141,1.8321232980477284,0.42260469875268286,1.1109037482637476,2.0539262247429457,0.25417034528505816,1.2431500995568394,2.0395430059911366,0.5300765299907388,1.2680550846555496,2.2652120600613994,0.2848264067607708,0.2585757112199039,1.7596400300800583,0.3660990810925795,0.6582275695429828,2.0547706059890674,0.4359971529824431,1.163487136032038,1.878157414084332,0.3927698036865714,1.5606754402350576,2.0830485069774873,0.33237726382236604,0.22224486523464604,1.9463484811838625,0.4658439348580772,1.2530469727912217,2.199689516256518,0.4507825779570219,1.216583229805758,2.2172233095804215,0.5465586219366098,1.531592834769055,2.0740161051381714
0.049954,0.5124369330246354,1.607777184753636,1.992481132072375,0.5015302602271863,0.44902061045034336,1.7295909588573988,0.6295815028050937,1.1017238406521632,2.0102835674052395,0.7840648219649299,1.3180470396713375,1.8067758272807468,0.6735517305074845,1.0869529173743415,2.0555199091200116,0.44804495204769235,0.4684320139450418,1.6769723859819032,0.6657160014161484,0.665256174591121,2.070428439727735,0.5391440882008381,1.157253260304606,1.8604824601808048,0.6862344946645386,1.5871211280138995,2.009660090373534,0.5031547385859484,0.3177693574254653,1.7816062410642004,0.6969323149012265,1.1424178305978154,1.984365836310776,0.724017860355498,1.1171219511060135,1.9655089040721945,0.2800905903618659,0.29370002711656196,1.8332649164387917,0.42415249477471545,1.115550772751287,2.07000306076914,0.2618435787876988,1.245298684283482,2.0686867566402274,0.54393418079717,1.2858448613375808,2.2835595834545757,0.28175033436521346,0.26329600505641965,1.760270353228253,0.3629289515402111,0.6617301358431448,2.056861856320056,0.43662173831198453,1.1686182381528072,1.8941354128244812,0.3960997567736531,1.5657352288096615,2.1007818815242745,0.329426608226681,0.2236809399296085,1.9462229063197287,0.47845766176347027,1.2664695941500945,2.2206024183568203,0.46511013207434787,1.2301978925348291,2.2398554160293678,0.5492906313131319,1.536916815987083,2.08858861171777
0.0599448,0.514924409977361,1.6153946886782073,2.0068254433037733,0.5072692977686566,0.4330200313258042,1.76740492124829,0.6317619445413137,1.1098126189531945,2.0258670223783892,0.7796125825809602,1.3298876830197066,1.8079696606651015,0.6807470262149585,1.0963709779610218,2.0589498687349277,0.4527978787324613,0.44768566933998444,1.7143372828246446,0.6688841353230758,0.6759169152069391,2.0924052060798704,0.540096965044744,1.1644163181825509,1.8768328935657,0.6888349148476723,1.5948120648014061,2.019126761069055,0.5126870780956859,0.3056257102965192,1.8276629152354467,0.7008375792459534,1.1522345856571243,1.987164840755513,0.7267776707459522,1.1269752392244103,1.9667195348799156,0.2774516127552261,0.2979323078253889,1.8355348399025735,0.42694001567789197,1.1221320163867488,2.087114305809488,0.27076221225434055,1.251706893276447,2.0988917750035005,0.5607244813402453,1.304606537646884,2.29947267752109,0.27944694687935817,0.26897999855963417,1.7619607057623445,0.360421357935272,0.6676934396752476,2.057570040260844,0.4379117153429862,1.1757943236115682,1.9111757306338697,0.4019577592292408,1.5740935682618657,2.1185837240094894,0.3272316421336855,0.2250064370032013,1.9468050403275938,0.4933836145442985,1.2816828621322374,2.239913602700345,0.4817989282682597,1.24566582591452,2.260744106199642,0.5541592143534364,1.544727355153997,2.102293682101378
0.0699355,0.5180740437780262,1.6237217685650367,2.021619650669393,0.5147415377133011,0.4154244698148686,1.80601977610258,0.6351017423691407,1.1185302331193268,2.0413481811721383,0.7759034419160233,1.3434278985724482,1.8094896064773827,0.6885238916368819,1.1083259238254224,2.0629022135730812,0.4592808040164409,0.4251887741503285,1.752846455766855,0.6726864938178126,0.686612532884108,2.1121480752808615,0.5419999213694381,1.1723532510440706,1.8932625002234822,0.6919064113789424,1.6035283624299388,2.0289922445300625,0.5239154957837575,0.292453999064248,1.8745002465866862,0.7053411101805371,1.1643230945432836,1.990418994563859,0.7300649814777377,1.1390298061031185,1.9685248944295144,0.27560952112014614,0.3025377062815657,1.838208315531213,0.4310204054588747,1.1291996639268187,2.10436523263959,0.28135957729549954,1.2587947669820057,2.128990710268223,0.5788311729462705,1.3229096377974532,2.3142651897864983,0.27802242960078816,0.2753816695368364,1.764001870266627,0.3587563131844241,0.6749710579777493,2.0573706321799117,0.4402252041967948,1.1836606905969176,1.9284257840620973,0.4087663316066867,1.5829553627446218,2.1368234318983883,0.32579966493475965,0.2260208154686063,1.947317748994321,0.509688620413358,1.2967686889032637,2.2583069029611704,0.4999908471554611,1.2609600539967436,2.280478760010689,0.5598266348109334,1.5531170942018602,2.1162855972188246
0.0799263,0.5205742280290356,1.6310943748264093,2.03739572624807,0.5235151428339914,0.3998522908221361,1.8414487108964661,0.6388545908952936,1.1262512982526387,2.056110617668107,0.7734649650890449,1.3578767952195725,1.8129161502340927,0.6953567270202236,1.1210805408948614,2.06740275862842,0.46740014174765976,0.40545375265940686,1.7884083441128122,0.6763617723525945,0.6955039852011298,2.1288609150147737,0.5444675182056925,1.1796552230751387,1.9089833482340695,0.694192911828019,1.6119071928721158,2.0407753201328953,0.5354928345479797,0.28117446878629154,1.9167118080927852,0.7095415552902147,1.1772138961727323,1.9945203763665238,0.7332282715211295,1.1519127144132586,1.971495384839722,0.2741288231560243,0.3071437781263789,1.8404020515654964,0.43549246692304694,1.1353116771376779,2.120711142224827,0.29295125103178377,1.2637561106488424,2.1571089620809425,0.5953822841804373,1.3396085835702807,2.328827152412825,0.2770564165934263,0.2821008524690097,1.7655482569439853,0.357424903631397,0.6822223699641361,2.0567570097851546,0.4430783849961558,1.1908126600037305,1.9448731375590442,0.41455387933732224,1.5899358298258723,2.155134753401532,0.32455208786686757,0.22655963510959148,1.9469258032993948,0.5252092138657405,1.3101926605146907,2.2759979366038525,0.517475116866298,1.2745132039706262,2.2992106079617143,0.5645797704291596,1.560254383720288,2.131106171134998
0.0899171,0.5229842577940644,1.6370371065631297,2.051458978330361,0.5318618822719136,0.3839108349389499,1.8741232550675613,0.6414691204578685,1.1322745023635858,2.0697664573419443,0.7704209131158726,1.3692121316078572,1.8168920017951522,0.7002854492645222,1.1315654643630009,2.0725326282955927,0.4754688278870685,0.38568532490723084,1.821225401677329,0.6777692198484296,0.7018268183537216,2.1423696059738084,0.5461354917744365,1.1855347608971323,1.9234334821724006,0.69625189764083,1.6183332856065455,2.0515074992515197,0.5457813979521945,0.2696672141621173,1.9555618273571493,0.7121661795869241,1.1876653671867752,1.9992741823788158,0.734806747686871,1.1622636996218751,1.975308163736997,0.2723401633613677,0.3111093256964606,1.8418608534599323,0.4387081500267331,1.1399736921309291,2.1355083036829714,0.3038752426252738,1.2680991066807585,2.1824802091245163,0.6093668760797141,1.3552937489107744,2.3422265505122057,0.2759695735445527,0.2883893724904376,1.7664070892334989,0.3554179888524415,0.6886075246625758,2.055846938875064,0.44506616016742734,1.1965679285151332,1.959854708850471,0.4196755563856974,1.5958648668874595,2.1712820969290356,0.3225961974144604,0.22619397760941198,1.9455780057907681,0.5387142492621879,1.3226897416309624,2.292153494254247,0.532755092396849,1.2872518374785231,2.316309750260053,0.5686745173572894,1.5659257191898008,2.1444106643994822
0.0999079,0.5260496420922878,1.642561125008613,2.0635008196171087,0.5394369918475531,0.36868074886717855,1.9049934513687456,0.6434802514629091,1.1376439499249813,2.0825719957748645,0.7669909334584765,1.3778132647171462,1.8210569238891325,0.7043766281924315,1.1403035605816791,2.078456517295792,0.48306107229117673,0.3668903833909242,1.852168070483735,0.6774962972848347,0.706907530354487,2.153947130746175,0.5474762675491154,1.1909012308272553,1.936866678201652,0.698888000103013,1.623675268331967,2.060647672336179,0.5545450322831968,0.2589192008520797,1.992253702157513,0.7140436882427734,1.1961796996038478,2.0047437142392095,0.7356089494618333,1.1705933220818678,1.9799586517330203,0.27056825011685964,0.31539934481797555,1.8431508027496386,0.44119476095754484,1.1442366937701667,2.149082048328163,0.3139063440899273,1.2732313643996758,2.2048046932559133,0.6213465592620802,1.369947889544791,2.3543260488016626,0.2750061552476308,0.29505738611234594,1.7671898283921166,0.35332338144520603,0.6949388708295074,2.055327450038633,0.44667268401557864,1.2018532716525785,1.9736557539806336,0.4249070887294072,1.6019942445866968,2.185222869879666,0.3203364786215027,0.22616558966780956,1.943975213506682,0.5504879697405676,1.3346185240173962,2.306599099238014,0.5459648525654957,1.29950259253941,2.3315789053128686,0.5729277797561345,1.5712786596422572,2.155961398848591
0.109899,0.5302410395494751,1.649338129171637,2.075549562862351,0.547319173637059,0.3578913066501177,1.935572609297575,0.6469815541011992,1.1443051134251092,2.0953638483773367,0.7652087966305109,1.38757497375038,1.8262717947305245,0.7099358649056292,1.1505200427896354,2.085478628787326,0.4911005789169895,0.35301641424160124,1.882852487835441,0.678336861982149,0.7132254980716225,2.165939175650438,0.5503465307506422,1.1975553399957133,1.9502533614133315,0.7026711158099759,1.6304349000945009,2.0701765106596595,0.562977372197089,0.25235041493702026,2.027959783179045,0.7174603757948105,1.206113933023397,2.0113404587204964,0.7380840455960195,1.1803786521204889,1.9858882019668036,0.26985391190847663,0.3218630993555686,1.845372657905551,0.4451085282857803,1.1498819486024952,2.162577676932554,0.32402508795237045,1.2796339884175782,2.224446359271778,0.6328410686033559,1.3828766235121028,2.366015658287934,0.27500477008629665,0.30379204384412123,1.7690196842321466,0.35285828063624036,0.7029287412834491,2.056277024853544,0.44980052851238683,1.2084082562923264,1.9873687025393503,0.43092375151956824,1.6091867229763175,2.198938607556432,0.3191418020389101,0.22861968686430922,1.9432719275728991,0.5618515892177579,1.3456787206054739,2.320054396578001,0.5584300883108234,1.3107519103197662,2.345538340285531,0.5781767802785804,1.5779768153877773,2.167599287741444
0.11989,0.5347447841425599,1.6556108824282314,2.087955268103638,0.5564672014498228,0.34726192095802666,1.9712414190912242,0.6512004510481094,1.1505807524812623,2.109055155293309,0.7645163617591919,1.3965512959704318,1.8329637362189761,0.7158447089616489,1.1606560365835423,2.0943168016941747,0.500401187010491,0.33893818948225835,1.9189351233153267,0.6801070852854879,0.7193381919377253,2.1795471533527095,0.5539467061045578,1.2036561330093005,1.964502955022602,0.706744545245929,1.6368886289696856,2.080323456120806,0.5728565053915192,0.24685859515999295,2.0690828481550483,0.7214690883003547,1.2157803567760261,2.019686324203904,0.7412816423073725,1.1898527114874335,1.9937697528695897,0.2698257319498323,0.32849431743692725,1.848739911631691,0.449710520750738,1.1551709518781268,2.176979455749671,0.33371913716673646,1.286022407568014,2.2440204669449755,0.6437805789749242,1.3940112087616778,2.378563183635769,0.27566667910924153,0.31258888009539965,1.7721078915748998,0.3532488489377543,0.7108577689520139,2.058666895422165,0.45365221115525967,1.2144237552939436,2.001924310095064,0.4372077965090805,1.6160295599791636,2.212955087448539,0.3187124588452758,0.23160378395231349,1.9437513208256822,0.5726267902214365,1.3554157006915863,2.3341620535706653,0.5701016662675629,1.3206577048018133,2.360033320428071,0.5837371480645719,1.5844100599234738,2.1797449632125154
0.12988,0.5388342566357645,1.6594463546302733,2.1005501922065375,0.5670340491205517,0.332871401625588,2.0145463470060405,0.6551433382831938,1.1544983400325861,2.1239644056564675,0.7637160225949357,1.402354478417815,1.8408933175325974,0.7208743694762585,1.1682136803559882,2.104678172755254,0.5110350540556672,0.320180901307251,1.9631504214790236,0.6819379893640504,0.7231782230112493,2.194575724172957,0.5572834438927677,1.2072019371588376,1.979929168500175,0.710342271208806,1.6409559718669497,2.090696883312757,0.5848713371948041,0.23931354415118494,2.1188111429910954,0.7248529463726886,1.2227151944717525,2.0294982237802524,0.7439171968242515,1.1965266866602604,2.0032619490696817,0.2699241703545662,0.3332651217818527,1.852965589986719,0.45402521845838806,1.158141560099686,2.192619662730149,0.3427161715671092,1.2908888593309014,2.2653534770941226,0.6541139025064745,1.4034104372515992,2.3923800783462728,0.276504064277448,0.3194945167555805,1.7761466496087226,0.35363157951919805,0.7167031388959026,2.0623696308854456,0.4572308911383456,1.2179221938784737,2.0176421414793535,0.44330172279374147,1.6209370355942179,2.2272902685097913,0.3184410487803777,0.23299646558803838,1.9451087947789452,0.5827303850844291,1.3634204148641542,2.349717332789544,0.5810632144727975,1.328933783530475,2.37605351406847,0.5889761452536618,1.5887143955349576,2.1922426465046674
0.139871,0.543051730233715,1.6614556787200085,2.113513891532902,0.5775525513829742,0.3184297191557165,2.0585460091366876,0.6597787954227332,1.156537435083715,2.1390686378995962,0.7624676652382388,1.406639276157324,1.8488052347000437,0.7264848201868225,1.1727996244318575,2.113802750682524,0.521586896523058,0.3014478422336905,2.008407028856321,0.6840178500975246,0.7246663253242133,2.2087683760867254,0.5612080794364908,1.2089532757304138,1.9956182225303687,0.7140944909378767,1.6433948776378016,2.101108603285659,0.5968702857852669,0.23209672910739487,2.1688417678726237,0.7285822963685623,1.2271213013308866,2.0384227033578863,0.7468984621224036,1.2008619268916698,2.011705986180625,0.27038565166716283,0.33738803812441875,1.8574310618346592,0.4590307759797994,1.1593496204028164,2.2085649069600026,0.3525248244391228,1.293730895089613,2.286646722877722,0.6651557926801112,1.4108576294480966,2.4057316027530526,0.2775909395455428,0.3258175885099514,1.780476136604446,0.3550630469417001,0.7207211012060032,2.067969622476488,0.46140925834283,1.2195917644482954,2.0336657124268296,0.449868868285799,1.623877175509358,2.242125962529018,0.3184739922012557,0.23379628468716296,1.946501214274814,0.5935399178480665,1.3694963647497604,2.364916380032604,0.5928327442907434,1.3352497233713994,2.391627359215786,0.5946467748830702,1.5912635076162058,2.2049377857193417
0.149862,0.54760359044218,1.6621109631328719,2.1271268010293394,0.5875219635870942,0.30570059354844437,2.0999116637441784,0.6653347955714692,1.1571331120024237,2.1542111346617214,0.7610771455135135,1.4098756561033257,1.857011077324741,0.7336124952915036,1.1751229607778793,2.1221924555340204,0.5315842374481854,0.2849878233930171,2.0512576724537555,0.6863663816648491,0.724025480777451,2.221428683175815,0.5659515391958095,1.2094332148575684,2.0114092512272492,0.7182260892584024,1.644668516016588,2.111918587740726,0.6080741344605028,0.2262277801815126,2.215206559403255,0.7334014606493104,1.2296314010960692,2.046920693792563,0.7509715674000463,1.2034940338364137,2.019558471412957,0.2712900669283183,0.34144590691977994,1.8619717365344786,0.46495462522484077,1.159260192852901,2.2246373275658007,0.3630837224339211,1.294679685828764,2.3070912066862546,0.6768545159361615,1.4159290614171065,2.4183528558950096,0.2789729962074765,0.3321722659065708,1.7849156599943112,0.357782600909343,0.7232788842542756,2.0755389635690804,0.46641719548383903,1.2199423848423343,2.0498399527259052,0.4569099740383449,1.6251018095716214,2.2576071671867557,0.31882748704428204,0.23449555960299837,1.9476932012099137,0.6049936911026274,1.3733877118636293,2.379340192031423,0.6052823456254286,1.3392910762055632,2.4062695636987286,0.6008477403758172,1.5924273358206251,2.218077039991115
0.159853,0.5524396506584586,1.6614753291901143,2.1416782985028333,0.597451400338584,0.2937969623268961,2.139807267755029,0.6712986282047465,1.1563926271656775,2.1701193041614153,0.7604597249793721,1.4110545485992798,1.8672105584374046,0.7422644352880654,1.1764838898790968,2.133268981620241,0.5415121214736508,0.2697546102363864,2.0928293125221016,0.6888075591749715,0.7215236130211989,2.233471596568635,0.5711172119195779,1.2086448479484049,2.027924078028795,0.722634577674134,1.6446344467265368,2.1238965512144135,0.6192229618310714,0.2208790243657004,2.2593376275991908,0.7395328398045791,1.2308671423264492,2.0579625630746663,0.7564172492225347,1.2047957809877183,2.0300726546331846,0.2725480318953194,0.3451451487751156,1.8669464701958178,0.47127367159052674,1.1579724073238196,2.2414483523712327,0.3728567966061343,1.294357073733442,2.327151092202778,0.6879774187552077,1.417943330908687,2.431537774962677,0.28066776955318123,0.33826086772989605,1.789836431379468,0.3612430788089613,0.7245218357661247,2.0848234609943828,0.4718360940509066,1.2190249397868338,2.0667417229654186,0.46393034283625356,1.6249665171721595,2.2738104796449776,0.31934551830963975,0.23480397673266917,1.9490869419922623,0.6157476646720184,1.3746986661077865,2.3941014831010037,0.6168096203468559,1.340690664709875,2.4211474710171874,0.6071418467908639,1.5923107764881903,2.2322103279122008
0.169843,0.5588602179490517,1.659909607916398,2.157170512465988,0.6071791104511127,0.2828405006114378,2.1785686855675426,0.6784143650200799,1.1546026842502592,2.186860880695342,0.7622391412153772,1.4100924588289636,1.8797845259713868,0.7518675488690595,1.1771221190736114,2.1476329946461234,0.5511040668378876,0.2559157875829892,2.1334700962580317,0.6917674512383359,0.7175367284042662,2.24506087711068,0.5774770031170783,1.2069472518331366,2.045242941174387,0.7286348770628878,1.6433696031846932,2.1373053235451507,0.6302079930566378,0.21610513889516958,2.3016538201891406,0.7470171365797549,1.2310080965881076,2.072068244881847,0.7633174519139784,1.2048477807413147,2.043888567039712,0.27456249294993007,0.3489906097679782,1.8730410033738556,0.4787116354183359,1.1558516522741524,2.259062603681735,0.3816702647188023,1.293540390400029,2.346482245463619,0.6989541374486083,1.4155878494752938,2.4459574289888844,0.283126541876637,0.34475013372582736,1.7959514428148589,0.36628963587146474,0.7243886062712261,2.0970631228542356,0.4784351272588075,1.2172037553429873,2.0844309179978477,0.4720757082241007,1.6240530329739884,2.2906923560495205,0.3201630853084617,0.23500989324290555,1.9510722217133742,0.6259917658760802,1.3726660249832454,2.4096486048282286,0.6273319483160941,1.338612023700082,2.4366349119547572,0.6146485590994307,1.591178368857949,2.247406160952265
0.179834,0.5671577963010153,1.6577592987468737,2.1725537582910803,0.6159540366874374,0.2733051475357606,2.214938275452515,0.6868253552429006,1.1520686425436322,2.2034907838305227,0.7665936471569974,1.4072310527364853,1.8935930443889537,0.7614020978243905,1.1767534231884762,2.1637489068294276,0.5595348565573909,0.24408004941325462,2.171861808812146,0.6952494766942177,0.7125644236569513,2.25570649856452,0.585145210119525,1.2046944309236132,2.062472363798772,0.7365547455064411,1.641101801689992,2.1510897158783187,0.6402549781077648,0.21211835754353547,2.3408576814838264,0.7551854114188659,1.229950901456344,2.087790149684332,0.7710150673898969,1.203561473510514,2.059543280614034,0.2774794501646704,0.3533416098494803,1.8798164483763433,0.48741035311747716,1.1532201739351629,2.276594886859948,0.3894850811060047,1.2927515587472438,2.3641667394756167,0.7098350585191259,1.4091274983374373,2.460930502771651,0.2864931121369675,0.3520362304382216,1.8028371286472245,0.37324057531205385,0.7229139748141289,2.112044735944379,0.4863388346573643,1.2148250581234215,2.102030423949825,0.4816829166728689,1.6228202653260428,2.3072551692739878,0.32133117713483383,0.23544417977839585,1.9531007674839194,0.6357388953094971,1.3676257995419314,2.4252649815089766,0.6368232821665274,1.3333784034163871,2.4520103243748395,0.6236859621778803,1.5893607567136843,2.2626153325081795
0.189825,0.5742462196043265,1.6550666022452523,2.1847708202269747,0.6223985026558527,0.2654908884574242,2.245069976785523,0.6942574720643767,1.1489754557191008,2.217463802785362,0.7699468811066872,1.4026192773637662,1.9053612774399635,0.7693932958697434,1.1748677446327251,2.177902542321967,0.565492721481343,0.23467239736483061,2.203898256739413,0.6978344172434431,0.707292486795424,2.2642239060774347,0.5917735390927061,1.2019077843916024,2.077099124072194,0.7433280712949168,1.6381885356082146,2.161799893565263,0.6479650500262374,0.20867580586205184,2.3729842608843756,0.7619929519329087,1.227355698973204,2.1015491162818156,0.7774292533728956,1.200730693037767,2.0732884797539355,0.2804428504471872,0.3575103231721478,1.884135114221309,0.4951435728867362,1.1500647036785014,2.2915962927223834,0.39539216990634257,1.2918079412865853,2.378802714917743,0.7184206247094278,1.4028210289082281,2.473406822565484,0.2898501007873605,0.3590385461747586,1.8073315080297672,0.38001886145824043,0.7205333296983393,2.1250673293684925,0.49321995878842073,1.211912078795298,2.117100493589435,0.48989496441499736,1.6212519246584016,2.3205626916875,0.32246453750726733,0.23600832810608674,1.9526518062786822,0.6433045723860495,1.3626311482234161,2.4383155246947057,0.6440845424810929,1.3282522162838402,2.46489890901998,0.6314641120931349,1.5871823791717858,2.274806219111576
0.199816,0.5796821929119157,1.6519691983455511,2.194199993075206,0.6274484625231251,0.25930480650581034,2.2697825860443706,0.7003395030575953,1.1455725934187868,2.2289119862561515,0.7719714563761108,1.396880034783761,1.9150927068532853,0.7764700671355882,1.1714713331096267,2.189639086671191,0.5700014969652616,0.22741654357847732,2.2303398230156173,0.6998143343034876,0.7022399984521551,2.2715533679765683,0.5969814481760939,1.1987432598324201,2.089253993203094,0.7484923782542764,1.634893068240354,2.1697122187777476,0.6543483802932908,0.20583753517994755,2.399003206882662,0.7677946427777157,1.2233855271581904,2.1130066827136575,0.7829170537738227,1.1966161586950133,2.0846901468929886,0.28312373231282606,0.36120737000844183,1.8859992421136633,0.5015508368570324,1.1465056736776522,2.304196415785583,0.40003587856609707,1.2904978475916962,2.3910573081123223,0.7251434757542213,1.3975156784250076,2.4833338471444932,0.2928264936388372,0.3652010692773321,1.8094084954908705,0.385847991143915,0.717822555493939,2.1350121642681623,0.49869695653062707,1.2086217866583329,2.1297783436341535,0.49636241019792227,1.6193191722834575,2.331026066371376,0.3235473170723665,0.23674736128955726,1.9502141234703407,0.6492179601649611,1.3582696906391207,2.448893638250336,0.6497978743755963,1.3238487168362165,2.4754213372407654,0.6376155624143149,1.5847578321977889,2.2842906259342306
0.209807,0.5855947637705229,1.6487116437593958,2.2042220434085573,0.6337454297489367,0.2543000299326832,2.293712007544464,0.7065997629904022,1.1421453317752068,2.2403341685377125,0.7753805125852994,1.3909334030851952,1.9257209133343107,0.7848824996623264,1.1671204225820009,2.201574688140003,0.5757716756992146,0.2214696409034277,2.255957167873592,0.7029559811709376,0.6976612943609972,2.2802087705925667,0.6023370043992597,1.1954961630285725,2.1014160058365206,0.7541313204096876,1.631371187031737,2.178368153499979,0.662198340938753,0.20385394859678102,2.4239028344713605,0.7749431209092185,1.2186857514375373,2.124836386654404,0.789861187298183,1.1918900720506984,2.096425235660796,0.2858170864551315,0.36468001811826534,1.8883572657084902,0.5081392302090426,1.1428073195083093,2.3168192786305553,0.4053075974337934,1.2887124716654361,2.4032933910873107,0.7327591300929288,1.3906935835074181,2.493400905023988,0.2957083654830384,0.37073741292513757,1.8119954716277726,0.39147171373723416,0.7152858985792119,2.144557569831501,0.5043206914616325,1.205244688172648,2.1424934704662313,0.5031916864637661,1.617051539336982,2.3419885610840248,0.32492301637349297,0.23786663114607937,1.9488863071210953,0.655909116251636,1.3527202665712639,2.459553474170148,0.6561936543705381,1.3181987694263402,2.4859375569329036,0.6441462920473909,1.5820344305335619,2.2943036101249814
0.219797,0.5917451849873485,1.645388560140307,2.2149910143022917,0.640383063867565,0.24998967764469382,2.3156196744831345,0.7131718519840587,1.1387198300944197,2.251857477958941,0.7795418782138757,1.3846749990661158,1.9373222975467979,0.7941884157694395,1.162566126213606,2.2144255594556266,0.5818340400866072,0.21643486516356492,2.2794952880269572,0.7069340039369186,0.6932951760240976,2.289394426637695,0.6078985793314791,1.1922590642674682,2.113757748592993,0.7600161710973012,1.6277717211357436,2.1876806530125514,0.6706833246117523,0.20199012334550367,2.4463975379639065,0.7829350923650531,1.2137441260248425,2.1375927173256266,0.7976960302368961,1.1869360743781208,2.109106600165913,0.28876560579550836,0.3683045954721312,1.8917470209452496,0.5150822514569842,1.139061219131569,2.329680373861797,0.4109801035116002,1.2865728045878557,2.415835989314067,0.7410980910134816,1.3823141572762379,2.503733493783843,0.29877375711289156,0.37634480845930063,1.815645707507993,0.3974504129377868,0.712481683270669,2.1551891675128765,0.5101706606569885,1.2018448951924217,2.155463476580348,0.5103486706818845,1.6145227780009752,2.353706872551646,0.32663146100749296,0.23936776553493605,1.9486257472936541,0.6631817368573921,1.3459565009107306,2.4704958382472255,0.663074967350817,1.3112898075177934,2.4966694818668476,0.6509808963678336,1.5791503703899186,2.3049243320731545
0.229788,0.5974394375455176,1.6420212838009616,2.225856839690032,0.6459974901127655,0.2459987521821589,2.3331355083731604,0.7198104398667478,1.1352473217788712,2.2629651894245635,0.7831554636277702,1.3780824946578092,1.9490461260009304,0.8033409221697839,1.158416426817528,2.227813697299218,0.5867740223321642,0.21209292637753616,2.298504125832458,0.7111345277716669,0.6888917273334902,2.2979276287582295,0.6133241993903692,1.1890310071058001,2.1258275737535435,0.7654607224398089,1.6242031250228688,2.1967800788804857,0.6784478302366479,0.199455077595885,2.4639841977585224,0.7906522034960004,1.2089762363809724,2.150782381689492,0.8052320073357724,1.1820869826612452,2.1222734137001553,0.29186715631084126,0.3725098044346263,1.895822534466369,0.5222017620282863,1.135258018369139,2.342394618157623,0.4161859465733651,1.2841461484664716,2.428039472335058,0.7490576559499343,1.3726915409647713,2.513739190799165,0.301936244331966,0.38278040094738597,1.8200435904250556,0.4039983141738256,0.7089379577250006,2.167485102611629,0.515936883983163,1.1983931713783897,2.1683091603062157,0.5172652429266447,1.6117453519426836,2.3656106681029803,0.3283734420348084,0.24134090733348756,1.9484550564942278,0.6700136443669732,1.338196813457325,2.4811340058561395,0.6694366015781671,1.3033643195835511,2.5070581184947462,0.6575688206113781,1.5762135095778613,2.3154761764260643
0.239779,0.6031386886117809,1.638607349904581,2.237267497166187,0.6513650662175547,0.24224393458255414,2.346671883018555,0.726702234600381,1.131747155586888,2.273850753796209,0.78650040779341,1.3722031654447402,1.9605726568245065,0.8123586655886409,1.1547897630966526,2.2406911164290713,0.5914619470381902,0.20822841109784462,2.3133110968383703,0.716173102276733,0.6846810187374329,2.3067225569461662,0.618765408456453,1.1857899472831406,2.1378646889538238,0.7708804159892756,1.6206835796657362,2.206314666827575,0.6861868234296725,0.19622981172240778,2.477111399958597,0.798184257033496,1.2047728221397986,2.1635337377706523,0.8125536163528734,1.1778105944893638,2.134985974948383,0.2943293095670385,0.37772549495766267,1.900464433337021,0.529753423059124,1.1313275716500582,2.3552283166710795,0.42057061324767925,1.281201116185793,2.438959456074703,0.7561322295711833,1.3607392674855505,2.5235447905692796,0.3043391565691639,0.3905010569190893,1.8251008895641456,0.410752687906564,0.7049634151453491,2.181112202180524,0.5217909004674378,1.1948622530117474,2.1813134875558164,0.5241453927125427,1.6085746052401149,2.378049851193752,0.3293901356226213,0.24425399408601475,1.948168086941899,0.6759461136002686,1.3286240625279666,2.4912627223584147,0.674697316677323,1.293509316038968,2.516751793837236,0.6642064237894089,1.5731000325855067,2.326430723890172
0.24977,0.6092376648329928,1.6352257348463233,2.2489408694611566,0.6563482938084307,0.23873330860846428,2.356878426820603,0.7339514758013859,1.1283189097550939,2.284677957724721,0.790200055362465,1.366817778031723,1.9720045351198923,0.8212403723494769,1.1516548378022586,2.253361818771533,0.5958088084413293,0.2047998349030987,2.3245085574350837,0.7220045007006416,0.6807827900592428,2.316097992318466,0.6243952855243012,1.1826188526237016,2.1499813159181316,0.776668210640731,1.617165342598566,2.2161544096917516,0.6935534913919975,0.19244731165227735,2.486525807087526,0.8057003167666831,1.2010585497595045,2.1760909379122197,0.819873107897818,1.1740036846927704,2.147534416118976,0.2962817843763638,0.3839704460204706,1.9057030541187014,0.5378037453523077,1.1273857485889422,2.3682401958860693,0.42492924648690017,1.2780699142966154,2.449196270023699,0.7630300860362399,1.34781846570625,2.5331069262570765,0.3061402827155549,0.3994212354113652,1.8308582624731693,0.4176353853555309,0.700858163654694,2.1956730026238396,0.5278866490370305,1.1913596913507603,2.1945349016684252,0.5313187699111118,1.6052897719547965,2.3907485021514385,0.3298280546000112,0.24826281108625917,1.9480010642438206,0.6817314955708305,1.3183154124954988,2.5010086082064005,0.6797182708292214,1.282873528871623,2.525981069049581,0.6711912346156377,1.5699647978257292,2.3376241023672386
0.259761,0.6158975724112233,1.6320182056192347,2.259963989075731,0.6598456619173413,0.23552733876259907,2.3642758375153097,0.7415273392525308,1.1251069930091824,2.2954771088026065,0.7949274206107486,1.3606200478075872,1.983744909406486,0.8298477941861532,1.1489403652105616,2.267293928843097,0.5987033823367974,0.20191645243197273,2.3325957517986793,0.7279077529782421,0.6771555728706604,2.3256042232154406,0.6303312581870432,1.1796793161588333,2.162079114763979,0.7830255846303088,1.6135766123184987,2.225437151584154,0.6991700487205328,0.18830150102614093,2.492873559454039,0.8132854777629486,1.19741716859588,2.1896445027316713,0.8273494308014508,1.1701253581351838,2.1612547717033315,0.2987012852619709,0.3909037780276249,1.9115702783845365,0.5461965290932981,1.1236924736066323,2.3812180664756264,0.4307303530173586,1.2755367285208443,2.460517055474456,0.7712213259489269,1.3369156493520318,2.54220585127783,0.30842948170110446,0.4090241327864731,1.8373357144950995,0.4248597942201775,0.6968180788908568,2.210754425491604,0.5342926832660171,1.1880925990215008,2.2077456578229864,0.5390866638375887,1.6024844666285523,2.4028915150227004,0.33065058365692657,0.25318963530876126,1.9483693055694244,0.688860159224265,1.3096173652234753,2.510725196991473,0.6862497056272856,1.2740085834364092,2.535398293311662,0.6786863331026715,1.5671827402744347,2.3483092202853952
0.269751,0.6232081003782235,1.6290069434632979,2.2708217730621034,0.6620560329233588,0.2327119056352173,2.369553463641278,0.7494241417299626,1.122109086072002,2.3062381912310452,0.8009481710410892,1.3540289424798906,1.9960057215607467,0.8382266860129363,1.1468047190312896,2.282552319228068,0.6003667978211807,0.19958515639068405,2.3382966616921284,0.7339609822284867,0.6738181455086755,2.3353598278197607,0.6366396779569937,1.176972860238227,2.174106075810882,0.7900353657208551,1.610013200216121,2.2347104628000602,0.7032360458659753,0.18411587518046757,2.4969271175908885,0.8210638748326925,1.1940782451513092,2.2042888153792006,0.8351370434437456,1.1664431661464032,2.176237838650039,0.30173634963244766,0.3984063677163651,1.917401691753755,0.5548951795299868,1.1202355967721436,2.3940695197568584,0.4371756488227438,1.2735660628861516,2.472452845184672,0.7801545064788521,1.3252337471884361,2.5511694342461246,0.31137783419848003,0.4190998656244767,1.8438436057674301,0.43226562177236016,0.6931030574647944,2.2254605673491046,0.5410656378687556,1.1850794552758201,2.220853301984043,0.5474818883827368,1.6000318209330258,2.4148563250332558,0.3321023340893827,0.2589669283161264,1.9488069433428845,0.6966371949836456,1.3005138595543297,2.5205281052293707,0.6932881134825174,1.2648290167171767,2.5449811770005066,0.6867346846053213,1.5646283162666397,2.3589067275211155
0.279742,0.6314452405040205,1.6262754591985333,2.2825516930272864,0.6636201465839696,0.23048566957785202,2.3733351930642463,0.7579421030255284,1.1193703831979018,2.317303385833771,0.8083619431009771,1.3477202059384648,2.0092418301576247,0.8468861312767468,1.1454795095226642,2.299184928543798,0.6014615903570681,0.19790154830374554,2.342283418537129,0.740676645617569,0.6708539869771455,2.345822710638629,0.6436309240970602,1.1745467606329856,2.186405583911032,0.7979538929153255,1.6066717265455885,2.2449252013094387,0.7065046371504851,0.18029092270177283,2.49934599454561,0.8294466008788929,1.1913979060448396,2.220182648169965,0.8436320384745127,1.163377999986819,2.1925925536502695,0.3054890596269446,0.40658489515399526,1.9235582018888497,0.5642175464767119,1.1170648842474333,2.4071508011576515,0.44362497552990265,1.2719109535275088,2.4844355637610356,0.7892787702617376,1.3101473504263157,2.5604930811169315,0.3150797075185851,0.42974371816384954,1.8507324206589104,0.44005898873909133,0.689810181059179,2.2401200817003066,0.5485236732809375,1.18237274812255,2.2342131746132883,0.5567557225382227,1.5977218763964198,2.427607239638863,0.3342771755197198,0.26568411496883326,1.949693879113074,0.7044306687755018,1.2890761922483016,2.5306230538114134,0.699939539131894,1.2532956530254542,2.5547439195050776,0.6956332303461223,1.5621963986581409,2.370303270882328
0.289733,0.6413336377120178,1.624130392410071,2.29605502675998,0.6649347551755262,0.2292616389121664,2.375900612065145,0.7679776929112507,1.117154574632852,2.3297634375510006,0.8172327252192212,1.341313526847936,2.024557030804216,0.8571570770663848,1.1451013693674328,2.3184193806469815,0.6023753383805974,0.19723828585360828,2.344865616894772,0.7487465220394778,0.6684147927460768,2.357612262327963,0.6521449891830621,1.172677199434684,2.200086176129562,0.8075006030573909,1.6037818075521793,2.256560881246125,0.7094808809520294,0.17727321951043118,2.5003823730997343,0.8394062844117135,1.1893754070371436,2.23856462332851,0.85372945703936,1.1609040555246737,2.2115405540031627,0.3107080121939483,0.41579364425217463,1.9332725387951706,0.5750975780606226,1.1145980122669616,2.421634522318293,0.45181065800069714,1.270609508903844,2.4976638155865314,0.79982842918008,1.2947847767987135,2.5704977118880428,0.32029067855676907,0.4413926004708713,1.8612657502338656,0.44957231831048267,0.6865799102580138,2.2581810182136692,0.5575170779929303,1.180254243185999,2.248980412563276,0.5678532079640902,1.5958122558079646,2.4422347960551183,0.3375878380440312,0.2736272456408678,1.9540649166975699,0.713689045899477,1.2776195473363994,2.541585628763524,0.7080205601982558,1.241775566590936,2.565355875458576,0.7063152511131303,1.5602626850001353,2.3832732148522124
0.299724,0.6527671011695799,1.6220735796447305,2.3098790265452305,0.6654557337374091,0.2287539554279926,2.376993281617764,0.7785709305577903,1.114995590060104,2.342552252278178,0.8272566838407501,1.3337023900000389,2.0409700185015183,0.868581001061611,1.1445918848621053,2.3392544256001067,0.6025813525729458,0.19722968997072518,2.345831658111309,0.7573104329598387,0.666090647765608,2.3697904055262398,0.6612440968312695,1.1709387761967476,2.214086375480298,0.8185440873968974,1.6004389542069688,2.2683610360665454,0.7115915345566995,0.17502889579974656,2.499904442739693,0.8505065855309144,1.1869448597859675,2.258446246216567,0.8649709743788208,1.1579438744091723,2.232087629401595,0.317335266701205,0.4251610782874974,1.9460171443462817,0.5865517108020071,1.1124287514424382,2.4364598899838974,0.46108326295556706,1.269832484028467,2.5112668617796294,0.810841990686359,1.2809269361041231,2.5805015811492558,0.32693475942266326,0.453077953893941,1.8748549185338959,0.4603547832134334,0.6827182224342631,2.2790513495356928,0.5671006632475335,1.1783143362473407,2.2640902676053214,0.5804816949685281,1.594195565589423,2.4572594248804083,0.3420244868404243,0.2819620470457782,1.9616633909345864,0.7236030638193156,1.2674615235764342,2.5527055608271607,0.7168619067111932,1.2316459003168296,2.5762130117076363,0.718469650349812,1.5583289583518243,2.396513350049842
0.309715,0.6647022931204478,1.619030720040615,2.3210496315101437,0.6640530610579118,0.22810315961602326,2.3762549376844797,0.7872980062561815,1.111919314049895,2.3531433226105896,0.8378403350422048,1.3235692913477084,2.056143715063033,0.8792081526812602,1.142160535324416,2.3591520524931213,0.600997654090143,0.19689576548441048,2.344874836100828,0.7643003614960692,0.6630723525604475,2.3804093591688953,0.6686173992748975,1.1683837236066403,2.2258346106242572,0.8300341790427408,1.5950641021686065,2.2781177496256033,0.7115578364964147,0.17314144573098525,2.4978187192328845,0.8611512985662422,1.1824737060672919,2.277314370012744,0.8758082973193948,1.1528858166570273,2.2517226776613963,0.3246786927168917,0.4327940707986537,1.9582063132911214,0.5960650110333042,1.1095406178887677,2.4489933543421896,0.46848706260589634,1.2697032785869602,2.522516599251244,0.8192666549429205,1.268012159549985,2.589322713525655,0.3342913452805291,0.4626483023530561,1.887772414346676,0.4704469356462589,0.6774539889411457,2.298781362989443,0.5749313334574933,1.1756238855118717,2.2769024070972868,0.5930195176132602,1.5924052883659112,2.4694540138118186,0.3473164578261137,0.28891390273401624,1.9695909333105468,0.7311802831773765,1.2581727880064077,2.5624028436940205,0.7232923649486451,1.2225049991409773,2.5857685118321707,0.7305192680280663,1.555266373376584,2.407424039008281
0.319705,0.6756637005118924,1.61544111569014,2.331379261892451,0.6614809525111337,0.22731116685948502,2.3757101047029408,0.7944472170037042,1.1084307437722125,2.363754794488089,0.8487941764465206,1.3118133358326831,2.07262106924079,0.8894078945403422,1.1389297446178228,2.380668030963853,0.5984287860625251,0.19615944327174778,2.344005987387726,0.7697300337999727,0.65954487464716,2.3908965099568134,0.6746973304795154,1.165285297670009,2.2372829956774996,0.8407440024980564,1.5888411764570691,2.287914395179474,0.7100712329738528,0.17176810836119874,2.4963093525238254,0.8715857927309568,1.177005572032704,2.2977260327816666,0.8865808118908898,1.146837882707334,2.273014276425177,0.3335828815660961,0.438107367055437,1.9726337981731783,0.6037999407016219,1.1064603226777907,2.4611643929480396,0.47323996796041523,1.2694686499086751,2.5312551737502718,0.8239203806715908,1.2539969201091574,2.5986642744556328,0.3432786613207483,0.46943034521801197,1.9027628990953798,0.4803328686869226,0.6711927912727836,2.319850726870047,0.5813627960741986,1.172429344903096,2.2892224254438336,0.6036541171358975,1.590361632480417,2.480508890933212,0.35443892199424065,0.29383293530631005,1.9808816138463652,0.7353590217171646,1.2481311952734886,2.571865956603114,0.7260124500253173,1.2126520938984533,2.594953923469562,0.7410896451222891,1.5517728929375887,2.4179345939223307
0.329696,0.6848838740400872,1.61175872469629,2.3431314206555105,0.6588737905420562,0.22650331236330398,2.3771184814670594,0.8011386853653178,1.1050170401903148,2.376819351252978,0.8599928580710309,1.2994550041604085,2.09288521650971,0.8997278068302877,1.1363228679229511,2.4063545144829264,0.5960234537282815,0.19513242460207642,2.344975783103233,0.7744595601381661,0.655734121692014,2.403058373527206,0.6806368937177582,1.161932378202683,2.2506982237824147,0.850057419215804,1.5829904204753031,2.2998525160825825,0.7082874041905594,0.1710057546429858,2.497172148566306,0.882203262163149,1.1718339303698782,2.322225982127552,0.8977290310930401,1.1411274280947739,2.2985318361340297,0.3449371029689921,0.4411983438972302,1.9925695466092628,0.6108283902528555,1.1036945645097986,2.4752658554103957,0.47615672865784975,1.2682979457806256,2.5387338326305393,0.8255245841205616,1.237459609945758,2.6098034254488858,0.35482114732796244,0.4735473072098952,1.9230918147932115,0.4911432488042399,0.6643775922872523,2.34544039548191,0.5875097536668851,1.1689898343351732,2.3032497501152926,0.6117336507496772,1.5879541057333513,2.4927390230974766,0.3642737904843713,0.2967054358516847,1.9987584640928362,0.7368746305884741,1.2361280019313694,2.582340285756978,0.7257103311214285,1.2008248794608474,2.604859346990029,0.7497526371318449,1.5485396050414522,2.4302217238192836
0.339687,0.693620331573937,1.6070512042118354,2.3550728504781517,0.6564518589053848,0.2252720681004969,2.3793627200804774,0.8078183806616795,1.1007341693403792,2.3907416249678652,0.8711001313243563,1.2857429956392579,2.114650012224958,0.9089286625864208,1.1336982330012837,2.433901034036178,0.5939293452356209,0.1935096191348554,2.346730140694507,0.7793063638328995,0.6510285805906325,2.4163433769431664,0.6866334563322574,1.1575061060759146,2.264758063462675,0.8589224548508279,1.5762191070313951,2.3120339137590196,0.7065549015048539,0.17026014124315958,2.499139807786413,0.8919983061032529,1.1663063791812562,2.3485023818478576,0.9081457257699352,1.1350283091018147,2.3260063463343212,0.3582105645529325,0.44251404485695245,2.0162396697272404,0.6177586537477558,1.1002494283215936,2.490073434281685,0.47959818010758487,1.2660222851431844,2.5469456258218672,0.8273268011576054,1.2197555224418608,2.6203464686149944,0.36823847381346625,0.47557134355011527,1.9469954316137579,0.503121666246542,0.6564650062165818,2.374144442051819,0.5936676113272784,1.164493430876754,2.3178487758735757,0.6194225115618843,1.5846387621257056,2.50522237334461,0.37624465302802534,0.2979338174732099,2.0211651636284644,0.7386902460165992,1.2229964773699102,2.592592226782797,0.7257831781777482,1.1879591213524732,2.6145965533699496,0.7580389394894725,1.544516704931389,2.442745650842605
0.349678,0.7026752469001578,1.6010887786148942,2.366781453231374,0.6541401291396671,0.22346028701643764,2.3816426579890675,0.8145242599994347,1.0952782220221748,2.404511935453613,0.882733730427215,1.2707019139612283,2.13715815106547,0.917024457087697,1.1304897550637227,2.4622638601448483,0.5919930477047228,0.19127166828319528,2.348504096770596,0.7844037740132589,0.6452367323678683,2.429960241862131,0.6926557079230219,1.1518337674627739,2.2786049152913654,0.8680956480596572,1.5680830942357264,2.3241510579539963,0.7047994354847439,0.16915225660572517,2.5012991838600005,0.9011155286032262,1.1600275631837424,2.3755680965112442,0.9179473159549604,1.1281645633422368,2.354418409815083,0.3720858860682691,0.4427344564991258,2.0419575954921023,0.6247086742305387,1.095792236618647,2.5047428863148014,0.48373532160867616,1.2628481764969608,2.555807909743276,0.8293811246111732,1.2015431449485097,2.630272737671533,0.38215437058410906,0.47625304703618376,1.9728019310190341,0.5156200034038269,0.6477062533087365,2.4043710280346757,0.599846676232652,1.158784904939782,2.3322406907784075,0.6274900851255255,1.5802676343273598,2.517414759248912,0.3889383869970229,0.2981510565981723,2.0462359981626586,0.7409052805361611,1.2092370852787646,2.602578286126163,0.7263755529159718,1.1745944683690157,2.624165469727876,0.766600364007916,1.539260396053625,2.4550519264453903
0.359669,0.7121276972720739,1.5945058649045438,2.379007384678124,0.6517491682411514,0.2212607135989457,2.3839484642920152,0.8210675410428019,1.089177323447226,2.4183328026834086,0.8962167030012899,1.255256349040526,2.1617275217632157,0.9252304896223456,1.1268360257021892,2.4923522979781145,0.5899580034544553,0.18875606265239966,2.3502852674791908,0.7892837819720223,0.6387187318926182,2.4433530825639234,0.6986501120688253,1.1455213105795539,2.2924083565577447,0.8778951903064913,1.559287060369444,2.3377782946647843,0.7027115619266066,0.16764346444759676,2.503586750363657,0.9107507998792426,1.153338962121617,2.404419835599342,0.9283790086732656,1.120970979705574,2.384704126694067,0.38492646364968097,0.4425454049338303,2.0690942615768466,0.6314610322161588,1.0908614239899563,2.5193699549685933,0.4866929330056396,1.2593003244542027,2.5634603613104634,0.8288191249692136,1.1828471916404923,2.642038029139913,0.39497347493841695,0.4762602920798283,1.9998880635849292,0.5274577949347906,0.6392183353064704,2.4352126184388325,0.6059638331703164,1.1524931173200161,2.3465345192970357,0.6350981249497905,1.5751978873338344,2.5295634922594097,0.4006138260965688,0.2979950468411979,2.07334360277948,0.7409884068956526,1.1950484815074651,2.61359478338164,0.7246394372056535,1.1608812107471096,2.6345959019287863,0.7750431635577367,1.5332074138842382,2.4681306996886545
0.369659,0.7221622047168849,1.5877709831936155,2.3916793499901625,0.6493727813850398,0.21904430824468082,2.3866927562324505,0.8277634971200623,1.0829414703729174,2.432789303778325,0.9111706842643413,1.2395620492563582,2.188954530550364,0.9329040072530452,1.125044243470032,2.52515091294058,0.5878798989440467,0.18640642013009626,2.35248471385887,0.79389906287136,0.631954974523052,2.4568306185875795,0.7049876855162848,1.1390739611051741,2.3067018441413194,0.8884795345871056,1.5502322358812137,2.352831941631755,0.7003953244668744,0.16588747140628962,2.506336069428813,0.9202878154746368,1.1479097908170945,2.435964472993815,0.9387680907212446,1.1149945929091987,2.4180227203965785,0.3967225419346525,0.44151236579802833,2.098630318417895,0.6383192033455684,1.0860317955090286,2.5344549133160523,0.48872487926820246,1.256194369674021,2.570441849215876,0.8265326197507729,1.1666089564905853,2.655615750597882,0.40662670153667857,0.4750067062739601,2.0291669342235727,0.5388647058590812,0.6317454448614687,2.467122205298788,0.6123856698848738,1.1461483845888532,2.3612238572008155,0.6425045068055691,1.5701365249026065,2.541630366876949,0.4113827673920966,0.29705458255404954,2.1037641734709247,0.7396796829713597,1.1826952499747563,2.62573558866332,0.7215783088598835,1.1490164192060122,2.646096641427524,0.7836258580890628,1.527020242706091,2.4819648428000036
0.37965,0.7324132962060137,1.5811328116737786,2.404879818143207,0.6468163508476988,0.2171820378861279,2.3898537450053707,0.8345127062945316,1.0767831852281455,2.4479682523072257,0.9260214174551211,1.224034991118396,2.2181312064661616,0.9391532812553397,1.126631894446329,2.560028623039814,0.5855462031097025,0.18465806105297228,2.3550493923346445,0.7981116981558257,0.6252530514112474,2.4706748893463395,0.7115528823530258,1.132758153823613,2.3216045493750435,0.8993243810390896,1.5412252250814535,2.36879888812984,0.6976623616817076,0.1640366901946165,2.5094370853044623,0.9286380976988833,1.144918339196984,2.469574391705793,0.947922802197817,1.1113380384652454,2.4538320492731405,0.40702335409519635,0.43944645847486513,2.1303512087077046,0.6452099732601839,1.0815144008125246,2.550091115300657,0.4906919461203894,1.253613312784267,2.578091800799102,0.8243357327487276,1.1542321305308163,2.66979372277495,0.41657262911596227,0.47224365685307024,2.0603896697910336,0.5496638658002098,0.625532306765511,2.4996830439981315,0.6190143017048455,1.1400369367024357,2.3764344247495846,0.6499327304888091,1.5653011503125542,2.5539784104344414,0.4208865398409825,0.2951702980402801,2.1373943100988857,0.7385082374358396,1.173148966194697,2.6384275131834927,0.719022731255901,1.13991299631207,2.6582451694703826,0.7923162625042054,1.5209868155187896,2.496417124969864
0.389641,0.7411099695879053,1.574546183620526,2.419820761815449,0.6429791190735314,0.21588127376827318,2.392002021221825,0.8397831110307714,1.0703031051454928,2.4624301344522403,0.9381109110326243,1.2104974760396352,2.246231238919859,0.9443086403024631,1.1292135158272578,2.5925460696815468,0.5818575329526925,0.18382460301745232,2.3564548098008427,0.8011624279484855,0.6184476639870948,2.4841996976889655,0.7167115209924911,1.1264390170579512,2.3359156238214207,0.9084599804923432,1.5327200196481554,2.3857785097587727,0.6932905183717198,0.16207947338638887,2.5113807230862113,0.9353864866059118,1.1431554542894824,2.5011591598362983,0.9553231326957706,1.1090353365128978,2.487437127772394,0.41289393915117223,0.43777327944278116,2.15976665989405,0.6506937481461786,1.0766955683051944,2.56502625598964,0.4927374050335445,1.2497036133226955,2.587168530230055,0.822440412688047,1.1407174870192092,2.6830132421069885,0.4218143050521716,0.4696772450705939,2.0891808568379546,0.5574551677532276,0.620056570379514,2.5291744731728283,0.624256868418854,1.1340227867899582,2.391054315673116,0.6564115140863943,1.5594838253939087,2.5681463678486582,0.4260045189721678,0.29374431509962534,2.169147496948033,0.7375764127689081,1.162387641097866,2.6506841725286248,0.7168900564587024,1.1295275057882843,2.669907510678255,0.7997422579512946,1.5143734575730359,2.51203583995083
0.399632,0.7479305108480968,1.5686861944150525,2.4360349727308277,0.6382753153818979,0.21518767883226378,2.3921915742742335,0.8437279760913665,1.0641567530139118,2.475044939635116,0.9477848092608446,1.2002387193410555,2.2718219326877684,0.9481155735596112,1.132206884233833,2.620918853655562,0.5771993612215764,0.1838614675469055,2.3558794279793456,0.8031114865187137,0.612063304471256,2.4954161664643264,0.7205408184017996,1.120825487291253,2.348586342575967,0.9156189366476168,1.525693697482411,2.4032994103484437,0.6878823997107054,0.16023645564307512,2.511226221680951,0.9404923190136111,1.142575957053626,2.5289778079210947,0.9609681254202599,1.1081349403745506,2.516943320858788,0.41566650769026187,0.4363504892589482,2.1860573708531934,0.6549172437867604,1.0720155939768332,2.57817396097574,0.49446951305874554,1.244793078850237,2.596235077922988,0.8199020236787575,1.1244361396299563,2.693960533009386,0.423669170699325,0.4672489651477892,2.1147854081753614,0.5635448767178655,0.6154874181732422,2.5546986705780874,0.6281836823116645,1.1286745025811142,2.4040507118004917,0.6616154490166183,1.5530232232922312,2.5836722426623036,0.42816541442123346,0.29264565746552706,2.1979854530797573,0.736062465355001,1.1493746057424834,2.6611566384859224,0.7141521814094517,1.1168343924592903,2.6795543050789212,0.805617261080382,1.507759803390217,2.528272544560649
0.409622,0.7540978199460082,1.5647630671662205,2.451364034568376,0.6344286436998245,0.2150485820579709,2.3903616958520986,0.8480582012393704,1.0598904345955154,2.485441354495753,0.9579913454923774,1.1934756601492922,2.295540064806815,0.9496004083171666,1.1371016800929896,2.646600436958755,0.5732497225502541,0.1844607640024804,2.3535582372572423,0.8047681271977493,0.607219866367136,2.501840976471814,0.7247266890167074,1.1172852335023506,2.359143042815157,0.9222815149178853,1.5212964345331057,2.4202811972627902,0.6835867812002046,0.1589512489984133,2.5090017894949836,0.9440654132577638,1.1443404366766556,2.554214618441268,0.9651123616537018,1.1096929299690994,2.543897302254928,0.4203809853510984,0.43349298557238486,2.2124135971902943,0.6594943297310129,1.068898631365435,2.589053320149696,0.49508527908960975,1.241518010432909,2.602232079204119,0.8150013859262666,1.1081600288561144,2.7020234804667216,0.4272036013033599,0.4631126420875906,2.1403831472714083,0.5723953665193827,0.6127114063595015,2.578506765984344,0.6324341837880402,1.1251420845340465,2.414891459234893,0.6660075118868842,1.5478624126057061,2.59810866834327,0.43277899148775084,0.2902469505831941,2.22736329324557,0.7325367130730905,1.1368069882501604,2.6686268216319546,0.709253875390014,1.1045740231789547,2.6858442860664518,0.8108362387626199,1.5029398262553544,2.5435197287911593
0.419613,0.7601694160903804,1.5624968293358528,2.4646308327866135,0.6309769169934044,0.2156616802429212,2.387757802156204,0.8523229498204464,1.0574028481427622,2.4947668974145274,0.9681202481419053,1.1881902050303748,2.319022761871377,0.9480810623817612,1.1434321899317363,2.671349317768439,0.5696059301066208,0.1858066839773743,2.350658569011234,0.8059088318601653,0.6039698446942793,2.5053556825163144,0.7288753527762508,1.115596712095067,2.368651928433794,0.928904751536335,1.518518037371554,2.435997862801245,0.6797709397333803,0.1584524559894064,2.5060451411652394,0.9454220509543438,1.1476005264751776,2.578634774798544,0.9669616339639829,1.1127394125951353,2.5702059673620568,0.4261458308042574,0.42918997203430165,2.240297544393231,0.663994440079241,1.0675375382523504,2.598809620461659,0.49387863945008964,1.241550690544605,2.6052404895983656,0.8069241042814379,1.0953354054470337,2.7093067077625066,0.4315418131081956,0.45709997558546767,2.167409763834299,0.5828325004082203,0.6120575714127238,2.6019524528815863,0.6366465446992846,1.1233699753551067,2.424653185005737,0.669864208175178,1.5449904723681285,2.6102004321739267,0.4390045679412977,0.2866215794773593,2.2590416143143277,0.7262220979519175,1.1275583901948643,2.674741968297707,0.7014891992492153,1.0956987558487237,2.6906027303882767,0.8156793677580236,1.500100937163398,2.557072069980287
0.429604,0.7661335021934176,1.5615940708801237,2.475951398808172,0.6272049776231179,0.21721910710286557,2.385710878456732,0.8557648670819967,1.0563933353656472,2.5043989105066946,0.9767738369327643,1.1832867850168831,2.3430829628423546,0.9436915842847372,1.150504835539478,2.695811358031656,0.5656228577392781,0.18815612402567322,2.3483462675632314,0.8060759051843948,0.6022584818662277,2.508389223112956,0.7322835972214107,1.1153706796941543,2.378433837978619,0.9353286241922599,1.5166205022864683,2.4504931552873015,0.6754068573647837,0.15879009811482847,2.5037426613726295,0.9442686008653208,1.1515641913053918,2.6029721037175797,0.9660917702910418,1.1164285619744707,2.596541071371974,0.4308712103685896,0.4240908557841993,2.2697957030734996,0.6677027433169385,1.0679010103517752,2.6088268681165414,0.4908191525261715,1.245403806768744,2.6064784827065917,0.7959097622303132,1.087999480483963,2.7177805785905678,0.4346754332676676,0.449810849712436,2.1959665991928454,0.5924228330340486,0.6137057273392014,2.6253847418399094,0.6401526793615585,1.123175226394046,2.434666828681011,0.6732213627364795,1.5447326788579971,2.6201014135735186,0.4446582106687095,0.28247323075936454,2.2931775643081416,0.7172868572578294,1.1232039499124904,2.6813178746518056,0.6911478053217925,1.0918089084602758,2.6958012991595504,0.8200673538070187,1.4991070373125128,2.56919514946166
0.439595,0.771363362170706,1.5631802203655387,2.4874983127429435,0.6239946389245796,0.2196394809242598,2.3844702403735556,0.8591005430953906,1.057708377303667,2.5147823418315616,0.9843232343112124,1.1819742473113137,2.3657133770652794,0.9382337019352106,1.1590948370611462,2.717868563933562,0.5621720586968951,0.19143597984083036,2.3468736682629263,0.8053199610688113,0.6028184979853799,2.5103463097647674,0.7356343719982633,1.1173789621883374,2.38891191092308,0.9410226668376181,1.5176064776820457,2.465278406033501,0.671324133080898,0.15979847415618556,2.50230863895906,0.9420656959079848,1.1575887486436436,2.6251041497547836,0.9640427440697896,1.1222338744128122,2.6204757994869468,0.4356327155329926,0.4186885628083171,2.2996122195301405,0.6713126592094937,1.0706370669014909,2.61946960028569,0.48739050611558254,1.2518388680735184,2.6067338219973495,0.7837774251083969,1.0842321967076987,2.726415512112705,0.4379248604973804,0.44193076006365145,2.22488274101779,0.6014523085951228,0.618020414527111,2.6477957841162274,0.6435996532241399,1.125248704352134,2.445296167713689,0.6757856072108056,1.5467994930925921,2.6300824365012456,0.450703493804283,0.2782557945944341,2.32799444300522,0.7074799943930826,1.1221121124214464,2.6877353771161148,0.6800234563453467,1.0911422065597074,2.700629308223111,0.8237420211005404,1.5006405952591697,2.5815442193034746
0.449586,0.7761093870911125,1.567102711819123,2.499889157356879,0.6217583075679411,0.22271674147345852,2.383776064644785,0.8628528767408177,1.0611564104038442,2.5258732738601584,0.9914743012156357,1.1845027885227,2.3866780862208734,0.9333781152402005,1.1694658570138592,2.7374988955768553,0.5596526487168846,0.19544868708809437,2.3459997837817093,0.8040313447098069,0.6055353760557762,2.5109158541592307,0.7393997896112309,1.1214494837169848,2.400085278621869,0.9462031422711138,1.5215230210977448,2.4806591230812707,0.6679691625069901,0.1612588204603909,2.501447080731345,0.9402297542474274,1.1659075445214413,2.6449700451235922,0.9622808777865287,1.130417999630409,2.641899403182118,0.441585995803272,0.41283963238409654,2.3296144856578636,0.6753405874732754,1.0754325463730712,2.630716824521361,0.48455303105253594,1.2601622112936888,2.606585715539303,0.7711220372032458,1.0818402789442396,2.7342359047826688,0.4424989250179671,0.4333652512691467,2.2540819466782094,0.6106711647944089,0.624554303580389,2.6690732602044562,0.6474514079102697,1.1293560721975477,2.456551086455064,0.678042585360214,1.5506941550585982,2.6408918259542156,0.4583232545204864,0.27387189384507993,2.3632069356999326,0.6974707450373796,1.122554092085626,2.693402821969727,0.6687146411816249,1.092041628301741,2.704454050264336,0.8271047702058048,1.5044033008697981,2.594549710600985
0.459576,0.7813677432882058,1.5718429764311506,2.5120247476098823,0.6201990098440581,0.226194467981619,2.383109267845042,0.8670552008048386,1.0654335350168747,2.537287303868006,0.9989080974930987,1.1878603973013833,2.4077739795915973,0.9301644261614952,1.181312673245237,2.756939478079898,0.5577697138362544,0.1999504045241419,2.345206095344642,0.8027762935812873,0.6094007567672081,2.5105854083508694,0.7435737999634651,1.1263759290755497,2.4116511230871107,0.9517011736889438,1.5262677313496233,2.4956650691588553,0.665122323032611,0.16296123815793953,2.5006102531096364,0.9396661687034559,1.1755111802429792,2.664764318426228,0.9617084274327865,1.139903296732827,2.66324262861158,0.4493480552267145,0.4059355137628801,2.360771044735615,0.6798302536713414,1.08100878525916,2.642297441210067,0.48252428397952074,1.2702465576775197,2.6065245281234177,0.7575038962826828,1.0793764073173318,2.740988477047409,0.44888454667912636,0.42340759734224803,2.2845100769266344,0.6206883982942484,0.632102480177336,2.6900485585121463,0.6517251191451706,1.1342947307129043,2.468204396524265,0.6810574007897997,1.5557775515993268,2.6515544253578316,0.4682679064036314,0.26883600826441545,2.3999818668955886,0.6869400200047058,1.123426706231456,2.698292007905384,0.6567880046109781,1.0936313746019444,2.7074184169603135,0.8310340511977882,1.5090870908032443,2.6073277423874686
0.469567,0.7866011125718857,1.5767886804980042,2.5238781637075034,0.6190521991710084,0.23004448396470287,2.382545607368411,0.8712673945575315,1.069948813244518,2.5487150994031884,1.0066891562228077,1.1914907499277074,2.4296363848313365,0.9279715296243716,1.1954699794205985,2.7766505538219532,0.5563021626185072,0.20489472095728278,2.3445109280597416,0.8015255302501216,0.6139311967226692,2.510203825510486,0.7477798474235758,1.1315683178076044,2.423237902222841,0.9570648065043609,1.5313038378891015,2.5104066727253977,0.6625701409328432,0.16489588731943272,2.499811352741976,0.9399316959096661,1.1868310038019771,2.6850173726267874,0.9619352327262903,1.1511571972994,2.6852300837011325,0.45861448308628644,0.3983714230965231,2.3922180362935226,0.6842860700297457,1.0867919284454532,2.6538359406014065,0.4816054078549035,1.2803208134383304,2.607409183089555,0.7453918123622875,1.0782198826612588,2.747856301872693,0.4568752911087609,0.4125787582839836,2.315324160520761,0.6308132088719736,0.6400511085759384,2.7104841050256927,0.6560189175564705,1.1395025339072653,2.4798517120019694,0.6841951406488559,1.5612354807529463,2.661962616204479,0.4801245610908173,0.26351567424844985,2.437239900447591,0.6778184708733909,1.1252244465531742,2.7034957133788087,0.6464679781078402,1.0961533463978428,2.710839256625534,0.834981188770069,1.514065255145077,2.6198623853513836
0.479558,0.7912693926407088,1.5816113656219497,2.5360821138473777,0.6182489591066999,0.23412829587597297,2.382557294045661,0.8752194596590118,1.074332818410036,2.5603813370787836,1.0147252035480288,1.1955581906656105,2.4523191938764803,0.9259219175124156,1.212019227164141,2.796382974767513,0.5552186281311012,0.21014446564231964,2.344322876996301,0.800197654152416,0.6187601320746483,2.51074310782342,0.7518262938612297,1.1365989249957418,2.434961282694325,0.9618564299594139,1.536503031492069,2.525609354371406,0.6602409136522686,0.16689869511221417,2.4994619897969104,0.9403638144528892,1.1999490930984318,2.7055451851031442,0.9623260996284887,1.1643043162373474,2.7077298618045362,0.4693069257131708,0.39010721404936016,2.423933698431516,0.6883774294496543,1.0924473670304087,2.6654393875836355,0.48200135294447943,1.2888113038201972,2.6099605259348952,0.7370385108723814,1.0796987316393312,2.756035355516519,0.46651253161977707,0.40087281048471757,2.3465315372110966,0.6404968818604622,0.6480628755332378,2.73049792399922,0.660104395389985,1.144583569831316,2.491547163523829,0.6867962400541288,1.5663311833410312,2.672634822181245,0.49373389948307805,0.2579361876578768,2.474873062407558,0.6718609822068589,1.1284769411585869,2.710080805389229,0.6397798165992827,1.0998471045859626,2.7159057309857815,0.8383968743331434,1.5189148846479024,2.632731855981648
0.489549,0.7963989320909229,1.585721284531435,2.549674456597565,0.6181240276911595,0.2378265934941888,2.3839333954447066,0.879513751395262,1.078007358679726,2.573692081432445,1.0231478838965793,1.1993663213652423,2.4757032126833316,0.9241780318690278,1.2280830753126402,2.81604573934192,0.554834142958117,0.21516441021474778,2.3454127432413756,0.7991966449617944,0.6232551401909399,2.5131017160041003,0.7563214868782093,1.1407928892021975,2.448159734599438,0.9669897177417196,1.5410766192079872,2.5422930694798103,0.6583625148431764,0.16824406299368191,2.500327894194021,0.9411121522537439,1.2126268087013772,2.726194436114828,0.9629363931744559,1.1770539883375344,2.7303519847268776,0.48274234094294144,0.3790402835218878,2.459777475957928,0.6927067150046416,1.097485910227659,2.6784652169864205,0.483554425590361,1.2963423831215448,2.6141777687596877,0.7311562458673689,1.0821846267954758,2.7653130373883132,0.47904228768576174,0.38577357003081697,2.381994459399754,0.650813569720263,0.6558450665192478,2.752129246910492,0.6645789955736208,1.1488820843666456,2.5046145958953203,0.689884955018416,1.570717109089793,2.6846287124486214,0.5106483379363037,0.2504349666988409,2.517386732301009,0.6680517072309294,1.1322138150998566,2.7179242296657513,0.6355019354703648,1.103857333121248,2.7223274678559792,0.8421933091020537,1.5230052958951745,2.6469844731938696
0.49954,0.8021007398368212,1.5890334966367887,2.5641604328915037,0.6186928190997807,0.24110032579978133,2.3864696831721863,0.8843513180872801,1.080847323720709,2.5886064233650012,1.0314346268812282,1.2026096753417748,2.4986996048779284,0.9229960104251865,1.2428277204495288,2.8347834333034254,0.5551322968959769,0.22003308254097398,2.347609017159092,0.7988636816042759,0.62723071627295,2.517151214622458,0.7613799073687296,1.1440454376081786,2.4629117945104997,0.9725767180816945,1.5448338982516279,2.559596443395399,0.6568858642090365,0.16874952334726548,2.502121808249291,0.9422258566890332,1.2241859849663528,2.7460572044862626,0.9637728177280233,1.1886989351963033,2.7520739079712007,0.4980227674103101,0.3647964997046702,2.4996485010320217,0.69758729149573,1.1017249782380019,2.6930130394118392,0.4860367342831562,1.3032242935296188,2.620113231226566,0.7273839612772923,1.0849540220808667,2.775286762023965,0.4934765496485811,0.36692959454606766,2.421673499379287,0.6612558258508345,0.662906535881472,2.7745344995219305,0.6696154607635423,1.152293387827534,2.519205015593997,0.6938272008753856,1.5744847197605967,2.697690192966531,0.5300412176213557,0.2406995200772195,2.564513944610512,0.6660362029458647,1.1359882397663774,2.72672923833182,0.6331644888555233,1.107802460354439,2.729860576434793,0.846661958519108,1.5263327003390152,2.6621043841790084
0.50953,0.8073197242092033,1.5918794434075652,2.5777549886328552,0.6195510403534017,0.2444206419636228,2.3890582137746423,0.8893012085591636,1.0831028328323207,2.6036743661813877,1.0384820410327837,1.2054477115542728,2.5196133470956332,0.922420473958931,1.2575972086050824,2.8512430930854293,0.5556894162560624,0.22532946399316506,2.3498612716417524,0.7992586744034588,0.6308744132451231,2.521926692223581,0.766441411092482,1.146728207778655,2.4780105817306755,0.9776978300879564,1.548172754672361,2.575190368038469,0.655394078112958,0.16876111452662176,2.5036117839638115,0.9434498700786579,1.2356191486560597,2.76375646474223,0.9646128030813622,1.2002421468681568,2.7715614913263726,0.5120949137990005,0.34893739968147036,2.5392945907327973,0.7027610632989757,1.1052291033175623,2.7078892808370845,0.4890965339327659,1.3090625074792523,2.6277775976619813,0.7262974133882483,1.0882715106313527,2.7855649778118665,0.5067056438665398,0.34639829879420747,2.461423542912874,0.6696292441984132,0.6685423600939993,2.7941796163506925,0.6747532388730065,1.1551761003897152,2.5342326565979474,0.6979427569134993,1.5779495519692952,2.710376421296722,0.5486930787272636,0.22993098424374706,2.611001571255485,0.6661326829133642,1.139839715326808,2.736156334369465,0.6331091168054587,1.1117004586391943,2.7384004455907545,0.8511436387173217,1.5293977442828577,2.6762637668804956
0.519521,0.8110701710333686,1.5936533870261582,2.5909479413795657,0.6200788026529704,0.24720705939408533,2.3916579680775287,0.8933396980089968,1.0842204638693536,2.61914256055969,1.044010748778352,1.2075852948810397,2.539178862895134,0.9215112741148092,1.271283807011809,2.8661663516158105,0.5559740237438521,0.23037193873632825,2.3520493481028213,0.7994782822208159,0.6335393009912372,2.5278104835796293,0.7706276330884727,1.1482473331634004,2.493535904089785,0.9814019604287426,1.5506575439636514,2.590113471390711,0.6532021943644533,0.16786670971367154,2.504805744210425,0.9440186054086117,1.2460333358043743,2.7800015131650517,0.9647451899296937,1.2108116373514515,2.7894896300565577,0.5240708344473471,0.33202923587493416,2.5777869548134356,0.7070757013718157,1.1074602374894102,2.723148531788265,0.49164499178253274,1.3131768504916845,2.635773522551632,0.7246776214878318,1.0897321258568968,2.795664392280166,0.5179440423482251,0.32496204389847294,2.500299576169476,0.6749407146276272,0.6720193486070976,2.8112396494602856,0.6790431886006606,1.156952640777404,2.549675862265395,0.7007804188166694,1.5803273507349997,2.722821824498496,0.5654099856902018,0.2184850590704908,2.6556439849468094,0.6657211014430422,1.1419068745733287,2.7455264679081908,0.6325538710766055,1.1138522560329496,2.746909310222577,0.854362156636269,1.5315744402706883,2.6900502239012782
0.529512,0.8135065996750701,1.5943045771839397,2.605191324529768,0.620355438575139,0.24951688484902937,2.3946899887004682,0.8962505921046537,1.0842345885908562,2.6357563569848645,1.0487600837824964,1.2091937250266689,2.558941738164105,0.9199660895150408,1.2826403372104225,2.881110881352906,0.5561498364208516,0.23508976144811292,2.354519227079947,0.799402022615949,0.6351091153254302,2.53572790649781,0.7739024023919412,1.1485667370503343,2.510004112962854,0.9838108318492031,1.5522721444386838,2.6064817390850394,0.6503880552402793,0.16633302941427058,2.506171462119907,0.9439051350637409,1.2545769259365134,2.796286673592981,0.9641875433107013,1.2195493404745246,2.8072758494382133,0.5347205579022809,0.31488002502995477,2.615672231986917,0.7101333860375366,1.1084939736645731,2.7392776702765507,0.49314406717402687,1.316021030127034,2.6431654493649037,0.7200039473713855,1.0883410104614748,2.8056876410758123,0.5280636387828298,0.3034885037804961,2.5387929189491465,0.6776549963678277,0.6735065148179012,2.8271568741520947,0.6823492969053427,1.1575900373700179,2.5659207955949235,0.7019786777187454,1.5813845541965699,2.7360058558253204,0.5807101149085412,0.20705739354437833,2.699024521457213,0.6628283340699047,1.1416442600638597,2.7547285361960983,0.629398020100927,1.1138369362643183,2.754920716567732,0.8560590216866649,1.5326232936135553,2.7049608517598775
0.539503,0.8174272601542576,1.5960858072394104,2.6218193604689923,0.6223493495044045,0.25402781797463336,2.3985428316158157,0.9003622701862913,1.0854244778700795,2.653655688729274,1.0550514982434396,1.212027429962492,2.5798836294192435,0.9200377015070158,1.2927568042532875,2.8974184232873608,0.5581472415772528,0.24218327551163354,2.3577386978536157,0.8017691709262615,0.6376143734232068,2.546453136007216,0.7785705296650348,1.1499952997930354,2.5276057315920157,0.9876356439088517,1.5548752155516432,2.6254318758909934,0.6491293375582331,0.1668435390648597,2.5079611104322024,0.9453850260329342,1.2625441221443885,2.813831071176923,0.9652152947270057,1.2276693530170157,2.8260547150518716,0.5465364868755649,0.29993519395979035,2.6535381607460122,0.7142671285610745,1.1105046541886674,2.756466574122685,0.49516456878975124,1.3210302329228185,2.6515952928998816,0.7154533280892206,1.0893266266690453,2.8172602416528165,0.5394947171770313,0.28440153937612206,2.577469939705429,0.6804830877378878,0.6753756720994495,2.8425349315604795,0.6869846946053895,1.1593372128800765,2.5831908937240486,0.7045751531250475,1.5833570486510429,2.751238911335849,0.5971054173581385,0.19805601687376656,2.741763770955276,0.660150670481445,1.1436748352391133,2.7653837721076124,0.6264935066313906,1.1161143556943176,2.7643362908453297,0.8590446702170219,1.5344132265528523,2.722107408375816
0.549494,0.8233630534210158,1.5988863700157596,2.6399535708982476,0.6262763559348897,0.26066315305931204,2.4029131156953336,0.9060586062920523,1.0877636853024832,2.6724640554412935,1.0631232741064403,1.215654175954994,2.6020915273381564,0.9222817589147795,1.3023858729582871,2.915134667375397,0.562166541119138,0.25151173530456056,2.3614704639207647,0.8067935769360456,0.6410473076662754,2.559290589715127,0.7850008301187447,1.1525251931487912,2.5459684103938214,0.9933784611710016,1.5582360581911878,2.6460351911335707,0.6497631283122342,0.16945496941249408,2.5099201451151654,0.9489379900299053,1.2703878866197582,2.8327271916508003,0.9683150194121312,1.235645769701723,2.8460197191078,0.5602920945900907,0.2874827016210425,2.691694930881256,0.7198362647492739,1.113484775953428,2.774331913912521,0.49816629852335503,1.3283429405806473,2.6610220812819416,0.7120083430459334,1.0937278300930493,2.830664107338318,0.5530445615684967,0.2679628891943303,2.6166187397413796,0.6843066594948968,0.6779159519539244,2.8577670943137394,0.6933189959366165,1.1621558225887985,2.601113830125569,0.7091771775506601,1.5864533854182135,2.7677313176540173,0.6152509852830634,0.19174248803547636,2.784286224421594,0.6585128666198324,1.1487573025077948,2.77770319781069,0.6247196411968002,1.1213902126842505,2.7755260050528445,0.8638796591700659,1.5370208393600153,2.74070323639448
0.559484,0.829314877128041,1.600189215756655,2.656925649863135,0.6304497846126094,0.2664999899609782,2.406937113237548,0.9115751600909344,1.0888450443143949,2.6914221771174818,1.0710190396148982,1.2175555063303605,2.624774240107405,0.9252532075257676,1.3114434877000702,2.933092289497932,0.5665384710742162,0.259999988525066,2.3648835717863825,0.8119504615211931,0.6432714845977257,2.572295438638789,0.7914377423914885,1.1537443173275896,2.5642706381395546,0.9990887888299725,1.5600486229284412,2.6657825934985935,0.6506155731105404,0.1714923449629936,2.5114058665249797,0.9529925169378689,1.277379042415132,2.8519858556968205,0.971931798870508,1.2428576391648951,2.866416900611257,0.5748321058537617,0.27558571553074435,2.730129009697957,0.7250150030863087,1.11517256086335,2.792034805745513,0.5012784626638846,1.3345915654633418,2.6696566244614623,0.7079700148363888,1.0977604680320276,2.844694948520349,0.5676916138058337,0.2522233553850876,2.6561985799711567,0.6879236339024895,0.6791891588479295,2.87305813929106,0.6995803422866121,1.1636413838048747,2.6188254068693526,0.7136272134683266,1.5886400561060758,2.782953615994891,0.6337348221672607,0.18614815826374667,2.826746026160099,0.6564625622710903,1.1532886016387163,2.7903632939002643,0.622550130186392,1.126139380461412,2.7871173282551527,0.8685741181283715,1.5385940322920544,2.758447000307763
0.569475,0.8348566367307952,1.6002122678683013,2.673326377809346,0.6345962894615556,0.27144671666970627,2.4107690521129115,0.9169526365875337,1.0886970345219804,2.7101467968274413,1.078191764316881,1.2181070664912648,2.64683084546897,0.9285827202825946,1.319053756203227,2.950737807064789,0.5709395298731847,0.2675805198430775,2.368198387049603,0.8169233656436046,0.6443176965765651,2.585192432732898,0.797811349976905,1.1537024600601444,2.582247367219664,1.0044501748325125,1.5606057209448654,2.6848725841160124,0.6515326859605967,0.17276594765459782,2.5124605358250705,0.9571274703902336,1.282982050798128,2.8708694178192085,0.9756289353669072,1.2486779602795488,2.88634307609838,0.5898139760293376,0.26408484152419437,2.7686371001718633,0.7299416807878661,1.115572910820295,2.8093535685212383,0.5046717742246625,1.3389357202945957,2.6784602510032816,0.7050141648157837,1.1010002913592714,2.8591330584746224,0.5830537804107654,0.2370478143913291,2.6959875090860757,0.691228528982027,0.6791170830930874,2.887887293103547,0.7057374241166123,1.163835907565248,2.63613667414509,0.7177112582168219,1.5895454999563026,2.797674838652506,0.6522863390316397,0.18105407025957307,2.868894191924668,0.6552853083573195,1.1567329118643175,2.803395680185153,0.6213408878392469,1.1297077727743716,2.799221678384161,0.8729152825565335,1.5390369847159648,2.7756664558162463
0.579466,0.8399277990761265,1.600070647682279,2.6902610740680446,0.6388309185547502,0.27630861030136983,2.414781126699886,0.9226490483003503,1.0882151305939183,2.7283803335049117,1.0846946331766372,1.2187210599225249,2.6669927148159998,0.9324520514221655,1.3244748265771809,2.967645678599861,0.575418149851157,0.27509738721508586,2.3718695356253097,0.8219751591350055,0.6450471927256063,2.5980224769846325,0.8044050143199258,1.1533248414573352,2.599831567117469,1.0094926582829122,1.5611173012264878,2.7038100210333362,0.6527857521902539,0.17395247543450362,2.5133232768869727,0.9615025163905017,1.2870244077983615,2.8886757186046204,0.9795978537110202,1.2528247390184153,2.904845920091565,0.6050458435041978,0.25353576401742517,2.8065653457841218,0.7352317060488641,1.1154939526941223,2.8263012569248955,0.5084689427561437,1.341696735727094,2.6892462164963233,0.7052082385566939,1.1041615752307894,2.8741322807503242,0.5988420409153297,0.22308411538844866,2.735288116996124,0.6943945179710861,0.6782728710337482,2.9014559378596276,0.7121435440915725,1.1636459739211014,2.6531080853359037,0.7217811087163702,1.5896216498155842,2.8132782098373226,0.6708488560239434,0.17682559466237063,2.909934754854014,0.6565164319097416,1.1596860505189277,2.8173265424245937,0.6226933123476239,1.1325697235416803,2.812510213113676,0.877170390296582,1.5390194135267268,2.7930999785412713
0.589457,0.8436356236441754,1.6000623347498972,2.7065797508096834,0.6426570397531771,0.2809737744561627,2.4187792399267236,0.9281570381385096,1.0877278834861064,2.745798506457611,1.090508150416024,1.2201669570258908,2.68397994107061,0.9371455412634612,1.3281479035275352,2.98304691459818,0.5794453792736912,0.28232472212023924,2.375784214296442,0.8263566156932411,0.6459627845873072,2.60980943291477,0.8105134543438435,1.152961427687684,2.6168674214939847,1.0132998024693558,1.5621762751308264,2.72096242791576,0.6539980212537411,0.1751074148628432,2.5139792873381928,0.9663877566837512,1.2899971927756826,2.9045393411720184,0.9842856469742249,1.2558543487211689,2.921046061520268,0.6197909305135028,0.24425642464507447,2.842408314450749,0.7405078874625949,1.115208501937533,2.84282550466647,0.5115319278701298,1.343254687355636,2.702857971821336,0.7078049342778326,1.1069883550390949,2.8896568753317866,0.6142694445138608,0.2108628931436785,2.7724828037220046,0.6970476380250016,0.6767618899756181,2.9131018922014795,0.7181791998092824,1.1633951548100836,2.6697062921220933,0.7254201870173749,1.589487084848214,2.8290749987523416,0.6886227903866184,0.17331094382935022,2.948223363530951,0.659249048587937,1.1620947929010097,2.8323770567904285,0.6255943323901229,1.1347619240789992,2.827352469363633,0.8808166157016105,1.5391359799591766,2.8096669159321723
0.599448,0.8464868294534217,1.599880697002767,2.7217946562923228,0.6460140315923768,0.2852503431431668,2.4226341548735313,0.9335726331318233,1.0870225569222653,2.7624859904368995,1.0962096126666787,1.2220081603578312,2.6989012032306756,0.9419596822631192,1.3309461545655732,2.996994444687363,0.5829593495615949,0.2889977787452505,2.3797931110806756,0.8300904024519932,0.6469641582337667,2.620313314238081,0.8162331175049424,1.1524106223930548,2.6334380900873753,1.0162701559730805,1.5634097232987207,2.736284851803838,0.6550903206339735,0.17616723220438568,2.514496085107212,0.9714165520874843,1.292402249096891,2.9188030419626947,0.9892626876821363,1.2583406329133966,2.935525956754781,0.6340164475225576,0.2363204664871155,2.8761034393277654,0.7458705711497681,1.1145494768877688,2.8590319170138714,0.513926390134502,1.3440725197860017,2.7179997263563505,0.7114144295286209,1.1092460070713681,2.9052226625481667,0.6292806287267028,0.20046091862650514,2.8074657116977315,0.6995177507120115,0.674575251625051,2.9233884763098885,0.7239424647682424,1.1628803341854546,2.6860275290265965,0.7288396751231496,1.5892192270366527,2.8443545316571233,0.7054771333552478,0.17049890607066726,2.9838103051104707,0.6624888229831601,1.163903763588232,2.8478617187719717,0.6289695038321179,1.1363400118959088,2.842927868684944,0.8840971504011916,1.5392597102261691,2.825075762365792
0.609438,0.8502456568254851,1.598825698725398,2.736410001959116,0.6493265199544581,0.28904448712248454,2.4263979168663323,0.939576492335661,1.0855066321454572,2.778903308461887,1.1027643302273182,1.2228490783829673,2.7148536922727833,0.9453976193164619,1.3336693451980863,3.010419971107221,0.5864136274950509,0.2950325641265205,2.383829294865464,0.8340408271380808,0.6474264748453475,2.630252557925938,0.8224444856559989,1.151079184644021,2.649836285421492,1.0200167984311397,1.5636951563265806,2.7514867007031647,0.656323388772559,0.17705674006335842,2.5150480473040644,0.9756748183380066,1.294457345113324,2.9329393966152804,0.9933343394347092,1.2605383059310455,2.950135959010554,0.648269229802628,0.22957586030848243,2.9088261039141816,0.7518807962850214,1.1130543463500928,2.8751487407264644,0.5169515225658196,1.3445665775537392,2.731734081764042,0.714587879877745,1.110852609691285,2.9200727028907063,0.6444211783597987,0.19152965691955917,2.8414355921711634,0.7027247131898305,0.6716750693153678,2.9338817226025524,0.730230401442483,1.1615361563591584,2.7022664937470333,0.7328272611548884,1.5883617498405607,2.858770977879559,0.7218489740520309,0.16852359697511823,3.0182095819207357,0.6655906307637346,1.1651188638764003,2.8624393885383705,0.632154726669437,1.1373948372931157,2.8575142854646036,0.8879629242559262,1.5386329443312636,2.840052422030631
0.619429,0.8543109830565528,1.5969112641727845,2.7504601640028334,0.6525327490083975,0.29247772959297147,2.4302700421400703,0.9454317026598561,1.083222073203726,2.795094436717731,1.1094165015108675,1.2226392310447536,2.7314230168671245,0.9477384527334127,1.3348081636226596,3.0240259720801475,0.5897997129765321,0.3006661551361066,2.3880195294097835,0.8381690574996709,0.6470382105842434,2.6405228439735007,0.8285329250526575,1.1489907672932538,2.665988467744825,1.023971870937004,1.562997677099362,2.7665285768380126,0.6574204335089933,0.177770743834589,2.5156642609806936,0.9791921711245257,1.2950726668759767,2.9473376656170243,0.9966446845146091,1.2613010463691445,2.9650301564029102,0.6614009111878781,0.2237916567806703,2.9389376105875957,0.7577009506616774,1.110782108060321,2.891046975616671,0.52031134547989,1.3442834360417517,2.7441382517498645,0.7169198689316223,1.1115209746783747,2.934608057478833,0.6585446229739409,0.1839100222206708,2.872663451721617,0.7059540999176704,0.6681107435030321,2.9443899319773656,0.7363817189677848,1.1594296559738357,2.7182659134920035,0.7367424453545695,1.5868574162622355,2.8723217481393286,0.736431459982382,0.16691209729027767,3.0498695559717492,0.6681881278250762,1.1654405331896343,2.8764573516929812,0.6348046168594168,1.137618016056112,2.8714287586204925,0.8918217226612611,1.5372584865101004,2.854606864879858
0.62942,0.8577939575987402,1.5945126251460024,2.7637304470509,0.6555494583233855,0.2957883068925734,2.434302758208694,0.9503921656436779,1.080535274138819,2.8107903986084546,1.115325271586665,1.2218540159801963,2.746895597681978,0.9501684678329497,1.3329780530603317,3.037911694555025,0.5930700117888372,0.3062066545873552,2.3923746045337464,0.8422518945691102,0.6458539670139185,2.6515329865798294,0.8338149114311784,1.1464823358556226,2.681549299954816,1.0273167351740178,1.561721354153182,2.7806930779476473,0.6581938100117826,0.17845057241651371,2.516250322225053,0.9826514069844023,1.2933918535738045,2.961620527306125,1.0000638081420683,1.2597004762359676,2.9794917527281313,0.6725118700929837,0.21884892490999436,2.9647445869120146,0.7625152522541453,1.1080925518332554,2.906341968907872,0.5233146224273296,1.3430968115867636,2.7561506924901615,0.7184900959621355,1.1114193868965905,2.9493357925927097,0.6707595031043527,0.17757393279100114,2.899377541207978,0.7085271219309159,0.6641419734768474,2.9542926052800853,0.7416855864218594,1.156930278220817,2.7336203853723533,0.7400176388315357,1.5849623014098373,2.885049036335775,0.7482439528442493,0.16530486572621655,3.077110616821164,0.6701365539407098,1.1649939414661066,2.890566052927398,0.6367929302709877,1.1371033543321725,2.885429544384545,0.8950597770181855,1.5354755404284572,2.8684067518026635
0.639411,0.8617110136489596,1.5921069257049816,2.7759854228509933,0.6588012066981287,0.299288673071488,2.4380341517854656,0.9552767799134955,1.0779071080366402,2.825445887507469,1.1213350437841778,1.2207826780084932,2.760301561537739,0.9541114155225056,1.3296660832981193,3.0509808427046137,0.5966157047145512,0.3118174347335099,2.396416640791015,0.846645931972452,0.6444717245519064,2.662351136420091,0.8391146360859933,1.1439775937627836,2.6959396343831123,1.0310305631351853,1.5601551182147202,2.793606023583228,0.6592852734733221,0.1795328330649002,2.5165624053967863,0.987272008993897,1.2905890356270673,2.9747616527300482,1.0047362550787808,1.2569029065247748,2.992577337910447,0.6832071979968769,0.21496749620343392,2.9876046576116333,0.7671264045717316,1.105505174260154,2.9204420940194513,0.5260913470832737,1.342601367155648,2.767544655223322,0.7195081883950238,1.1120614526811001,2.963774208183278,0.6826893380026607,0.1725750600950882,2.923015462388308,0.71166826684953,0.6604478406616796,2.963888551470507,0.7469441103269778,1.1544500302967866,2.747730512299301,0.743837168466012,1.5832380165096227,2.8967926797877976,0.7590624782121976,0.16428098211753303,3.1014032999508725,0.6716038395804327,1.1652721704241797,2.9043279871008654,0.6382622535470662,1.1373531938230883,2.899140392323361,0.8987141629413403,1.533601779053488,2.8811351265420977
0.649401,0.8658873200872031,1.5897959557971264,2.7877534343360217,0.6625753530425127,0.303364373052637,2.4413725155202632,0.9603690334905309,1.0754034917380455,2.8392222057706684,1.1274632564268867,1.2197252386718236,2.772479985947551,0.9586723822027371,1.3261053101618505,3.063184082036353,0.6007280803813135,0.31796042670622926,2.400061181492854,0.8518194508652389,0.6428524604570252,2.673250579887619,0.8447168663829847,1.1415499444042305,2.7093118640020206,1.0350070551991766,1.5585729532743788,2.8058993598311446,0.6609472100674447,0.18133322096591237,2.5163855453302597,0.9923704529675076,1.2876216981919475,2.9869329279602264,1.0099009959442655,1.253911911271909,3.004627629342014,0.6934904894570011,0.21193253469033593,3.0080279644789547,0.771827928066024,1.103053666240314,2.9334900361096627,0.5288234081404471,1.3422611749582876,2.778833930752129,0.7211303770266704,1.113318090030676,2.977914382215395,0.6942407320225803,0.16865375409005084,2.94408173213302,0.7157046666204147,0.6571954285149715,2.9737071359860496,0.7524323585768314,1.1520396730046805,2.760745568390316,0.7480057432955728,1.5814917023900545,2.908063552053472,0.7689705885495723,0.16361888344182976,3.123246765113316,0.6735049891691827,1.166020044336495,2.9178211206477247,0.6401896025832283,1.138025481446488,2.9126939465471757,0.9026444325060945,1.5316820854753144,2.893275979133366
0.659392,0.8689524131623725,1.5873118429667465,2.800231527206055,0.6669355635707133,0.30848760864035124,2.444745490417125,0.9652101108972067,1.0727149556547346,2.852986913172335,1.1327223174730092,1.21886886506767,2.7856892371513764,0.9611135755079393,1.322659995085138,3.075689241167091,0.6055216669235887,0.32543553365084243,2.40377263253184,0.8582467650008478,0.6402758021263847,2.6859036177012583,0.8501636078561216,1.138939804442633,2.722551109653272,1.0380377512385934,1.5571447756515184,2.819017320023447,0.6629172369696237,0.18404159595180994,2.5156258904422852,0.9956708465977244,1.2847645069777331,2.99953151557959,1.0132474626692087,1.2510742678268265,3.0171913996974165,0.7014765811387956,0.20907206509870657,3.0251327096359875,0.7761934101000767,1.1003064787059138,2.9463642423761627,0.5316591197491555,1.3395689018876369,2.7913040429565603,0.7251364090663746,1.1134107798691248,2.9923065063582452,0.7033216150226766,0.16525393306065148,2.9615806140899195,0.719810242974012,0.6539957046288662,2.984283215736583,0.7576981654593312,1.1494207579981892,2.773563851033084,0.7509825040518875,1.578876515059862,2.919991382949029,0.7760435060678585,0.1621923132620369,3.141605961202796,0.6772318522602203,1.1652832105520712,2.9317295260032483,0.6440948538913588,1.1370139254017346,2.9268138252439195,0.9055416264898837,1.529500556973628,2.9060169314954347
0.669383,0.8722417772652661,1.5847012382493597,2.813580012502613,0.6719793595016886,0.3152729589617956,2.448871911618515,0.9699373723046815,1.0699448717956104,2.8669546771558774,1.1371808975217925,1.2172938804901832,2.799567685901513,0.9632508183486826,1.3188728854262854,3.0889956100150178,0.6111149300445768,0.33501186057933197,2.4083718979262416,0.8662850682876813,0.6366092806534592,2.7012510028593324,0.855549661013454,1.136257538692261,2.735943164129594,1.041362750214691,1.5552766152012167,2.8330069959572874,0.6651803441980033,0.1882068768049852,2.51465796759352,0.9984723305882744,1.2815023459003492,3.012864940978675,1.016049039182415,1.24780465022947,3.030467897524588,0.7068286538676509,0.2061393254360844,3.0380847435417584,0.7804203628935497,1.097365534097897,2.959377886633778,0.5350960520188465,1.3360442582774552,2.8047343865083834,0.7307841196558905,1.1127595901769896,3.0066979114441312,0.7094804625749854,0.16217219707725872,2.9746235130186665,0.7239561482847874,0.6508572289919184,2.9955317462470554,0.762866331413227,1.1467408487546158,2.786520649934679,0.7540935803614567,1.575925380659453,2.932792891308346,0.7800399381657991,0.15957388102698722,3.15552534951226,0.6823282973196308,1.1637735766814734,2.9458304613307633,0.6494112107849899,1.1351863447353008,2.941201641717624,0.908586874527871,1.5270116576033317,2.9195210384982158
0.679374,0.8771799753571025,1.5821990085749176,2.8275550175046087,0.6776415939658496,0.3239842669019444,2.4543914935609337,0.9748125411636571,1.0673693102665338,2.8809433884734514,1.1411956406671522,1.2144252142256777,2.8125574104228033,0.9670916734564741,1.3144751568702269,3.1024187785317876,0.6174307363509224,0.34691887336095883,2.414603488842052,0.875871628122846,0.6321684522401515,2.719267341034758,0.8610766133249766,1.1337678262545052,2.7493842714476995,1.0462894269135408,1.552581002737123,2.8473724463113865,0.6677272877367174,0.19421315293713576,2.5140970373276073,1.002323200540625,1.2775441609325193,3.026063946054415,1.0198156515032923,1.2437245402455204,3.0434711925621136,0.7100894128527157,0.20318969784839525,3.0466829859779025,0.7848201579610857,1.094542641307399,2.9724603023534892,0.5392662206790737,1.3339965078227618,2.818608388461777,0.7365564533620339,1.1124555559534335,3.0207920707612965,0.713230474148939,0.15943819159069336,2.9830172198352582,0.7283822388232315,0.6479761272622315,3.0071111281590372,0.7681685573529853,1.1442949080802947,2.799559329479211,0.7588945739824453,1.5734178688216072,2.9463455355193715,0.7816708381185806,0.15588240536840917,3.1647356672957763,0.68766060858409,1.1628985308831008,2.9598043922806463,0.6548601248049812,1.1341377706620708,2.955463949230304,0.9131258115989522,1.5243340285798712,2.9335195204677307
0.689365,0.8822999736448744,1.5801485567519127,2.842056701048445,0.6834190681028861,0.3338171394268716,2.4614526973074047,0.9797079731547407,1.0652265458381518,2.894538793824222,1.1446376161510734,1.2118223490925129,2.823119479762485,0.9699505472410651,1.310470736301201,3.113161301688999,0.6239046943173367,0.3600335208897182,2.4226473055612834,0.8860104495732422,0.6277213438459608,2.738365101620747,0.8665627686087086,1.1316972459860255,2.7624938735901687,1.051472841382281,1.550065828892628,2.86183566441804,0.6702974374557552,0.201598995565031,2.514680091017048,1.005336003143347,1.273964747614728,3.0366249140955337,1.0225918066017705,1.2399394591364874,3.0538401901709515,0.7122170594745362,0.20056422095677118,3.0522137091909376,0.7892564161599922,1.0920689075441028,2.9852407836844113,0.542998244266779,1.3330561235678529,2.833380195693169,0.7418867548862622,1.112725577680699,3.035120439269506,0.7156086560487767,0.1572786614993471,2.9881437690832313,0.7330697906271982,0.6455583800023512,3.0187404997273557,0.773425996911924,1.1422600205979239,2.812298872825698,0.7642064868576688,1.5711769303188163,2.9606862100100333,0.7820878897005297,0.1518214702689978,3.1705509681297253,0.6925205085796501,1.1627246538595397,2.9741417306145386,0.6597775060436514,1.133849343640885,2.9701522303445462,0.9180443444561409,1.5218145442751765,2.9478127120573667
0.699355,0.8867747609090492,1.5787485837133326,2.8566903870399285,0.6898244659402628,0.3441296637154316,2.470734159878954,0.9847185958058312,1.0637730026739418,2.9080920510814754,1.1480136979665558,1.2105518762296907,2.8319581356223478,0.9715964340857806,1.3050354042616648,3.1224349165579692,0.6309950867555785,0.3733644162756463,2.4330175682686037,0.8965173192476372,0.6237632764312053,2.7583896070837985,0.8721231784474639,1.130201012065171,2.7755480664934544,1.0561527074824515,1.5485236461575953,2.876296695737926,0.6737764485930816,0.20992793821767092,2.5176759883234134,1.0075629522833558,1.2696992452271627,3.0455531521125625,1.0246496575867572,1.2354080093711952,3.062360748812161,0.7140089738547822,0.19872469821164995,3.0554271963130724,0.7937937132736924,1.0902552891570438,2.998012768917601,0.5464492286629359,1.3316648208716284,2.8493134077304396,0.7479442329656796,1.1132685621028202,3.050384142675628,0.717435539815192,0.1560342534871524,2.9908342421203105,0.7383484393452727,0.643849718226084,3.0309104003862255,0.7787321130745103,1.1407911627241356,2.82498578246341,0.7690316736117467,1.5691716310861683,2.975280421261979,0.782172909219915,0.14821734525444677,3.173804120905041,0.6978520545067461,1.162642619560306,2.989468643201876,0.6652236939084263,1.133579007375687,2.985957546467591,0.9225500237115734,1.5199825796092516,2.962150283241542
0.709346,0.8909806344579646,1.577868629260173,2.87081198121804,0.6982643951684226,0.3546322194474152,2.483219458452158,0.9901913320131579,1.0630956193007626,2.92258064644881,1.1524270661162292,1.210559136708953,2.841768495561735,0.9748401265280731,1.293959742204438,3.1351876263090697,0.6400775305547542,0.3863460718650583,2.4463818647306166,0.9081284851332249,0.6202662720570034,2.7806505764436418,0.8781931691432817,1.1292046109940526,2.7893677837610924,1.0606655981901554,1.5480459109281335,2.890763535056528,0.6799729663336388,0.21891548200188987,2.524484675239755,1.0113796440414138,1.2617177426561477,3.057133453047404,1.0288088829783681,1.2271082453635436,3.072793371647873,0.7159693346134669,0.19801709609309728,3.0563725672687396,0.7987376802045419,1.0892980442169624,3.0116167668883507,0.5512163890766774,1.327710779799017,2.8663009454398534,0.7571853211802193,1.1134243126112924,3.0672544866849423,0.719173657121182,0.15592848429697478,2.9911983778300075,0.7448332463866507,0.6429469154942865,3.044676375868554,0.7844847778857809,1.1398702617806011,2.8383935780802174,0.773167853852109,1.5675171170588806,2.9891197766235416,0.7824180542236348,0.14575067473507475,3.174672456063132,0.7059294573649572,1.1616511023442573,3.0063544725385545,0.6736093395273931,1.132212821222611,3.0034929124790333,0.9266948091703244,1.519253771717078,2.976237974171331
0.719337,0.8954230518304016,1.5762539995803289,2.8843839592987024,0.7082030124713564,0.3649595522505423,2.49736135062853,0.996073654644835,1.0618722715742186,2.937272883764268,1.157766507489286,1.21015820198641,2.8523352465504415,0.9796688441848133,1.2792193371686174,3.149781799922023,0.6506383899138167,0.39874289349065206,2.46119677052251,0.9207724854179684,0.6160995070301427,2.8039757741841993,0.8847359018494041,1.1274794132817774,2.803260428389641,1.065433586358224,1.5470660258252302,2.9048800167590945,0.6881993461024737,0.22809793184029176,2.5334909157894057,1.0166874942202637,1.2510132142204136,3.0702221446362072,1.0347770933608738,1.2161339132008122,3.084384557808,0.7182329768170943,0.1973795423684441,3.0560139752554236,0.8040107631924759,1.087851683519575,3.0253099073855214,0.5574189138190917,1.3209013787421287,2.8841887524993877,0.7691522644980419,1.1129232941743286,3.0858635755949955,0.7210122364120747,0.15570825525016452,2.9903418820752274,0.7521726756485898,0.6415796955121428,3.059264960850845,0.7906502857071019,1.1382549977850243,2.851819876825999,0.777325617483682,1.5650656535803056,3.002332001476075,0.7831267788901878,0.1438428231448282,3.1742751540194667,0.7164129746131302,1.1594485727956565,3.024873183259699,0.6845568901221897,1.1295057685311523,3.022860122747516,0.9310609964038616,1.5181037982430368,2.989897362997652
0.729328,0.9004086969499333,1.572731357974905,2.8977439555578264,0.719139692170406,0.37448179417593375,2.511725919892205,1.0022151974021212,1.0588170837153759,2.951234953429262,1.1634586847349202,1.2077466487218753,2.8626176048241905,0.985199456361675,1.2639365637765996,3.1631702829696344,0.6621809950933161,0.41009127170176896,2.4761120357134354,0.9343855140568007,0.6102047623114026,2.827059158960415,0.8915750227380105,1.123846304477873,2.8163876163988646,1.0707062668182943,1.5440468857995138,2.918541054045249,0.6977575178685218,0.2367292170842757,2.543128538063331,1.022605084381953,1.2394173665634416,3.0824311950774037,1.0413266061393305,1.2043938135814205,3.0952607469445192,0.7208013004703223,0.19564124811246897,3.055494072376198,0.8094651414672451,1.0845347918458854,3.038205579954704,0.564556248772639,1.3118117483552116,2.9024527799844035,0.7821006536704145,1.1116358781766282,3.1058701942322515,0.7230371631763187,0.15407444781324203,2.98951752707168,0.7597916305014327,0.6384547263436319,3.0736333776358387,0.7970752347181819,1.1347248221957387,2.8644386522033694,0.7821290846383263,1.5606344011223658,3.015459212426563,0.7844757735538127,0.14165489963866681,3.1738561334444406,0.7278519808769197,1.1560550914450591,3.044608955340819,0.6965228843312735,1.1255827628354456,3.043580389828423,0.9360803492953252,1.5149074849919606,3.003227794292614
0.739319,0.9056342445447444,1.567639037853355,2.9114770585422987,0.7329241575966294,0.38197259208101897,2.528099876385111,1.008678121831666,1.0543744354322353,2.965016016398355,1.169167986016731,1.203790281321361,2.8728830706055293,0.9917084341095593,1.246899692760109,3.176446007470839,0.6764515378096376,0.41895682852400706,2.492823180891571,0.9498615229545898,0.6029808946024808,2.8511702631320714,0.8987279216504109,1.118594759591747,2.8293074717415574,1.076236635524213,1.5394271504335229,2.9327056582694238,0.7108265844338129,0.24353182599595236,2.555447358711463,1.0291994564756224,1.2261653334588118,3.0945765267312617,1.0485357685097287,1.1910309224793605,3.1059963014861114,0.723733927409618,0.19298616335744156,3.0553055256223183,0.81521677007686,1.0796684058286845,3.05089918340198,0.5723047600973437,1.3011272393536473,2.9196846983469094,0.7944379278812806,1.109354969769757,3.126339074894663,0.7253564941255652,0.1513299914951841,2.9891491101963408,0.7676659562309782,0.6338110276139933,3.088186163560715,0.8038026101211575,1.1295399806013489,2.8768322096814685,0.7869594906653106,1.5544350434711411,3.0287707912862807,0.7864992296801562,0.13912504212415563,3.173838122573395,0.7390452283165554,1.1515146746154883,3.0644640839549226,0.7082762874634424,1.120520984020143,3.064282513695674,0.9412191866931551,1.5100341751219737,3.0169015580618104
0.749309,0.9108117131378124,1.5613298444174508,2.9258580559807257,0.7498072798100438,0.38622911071884264,2.546972831916979,1.015338125523142,1.0488901510626143,2.9789604250473776,1.174766023165433,1.1988594244634743,2.882881586689204,0.9991373841263186,1.226816571404677,3.18966826896904,0.6936512602100243,0.4239482926204664,2.511655007290602,0.9666995774108825,0.5949209485402269,2.87644339916755,0.9061006261441902,1.1120401812746397,2.842311912470813,1.0817681009843747,1.5336149782019455,2.947744285868732,0.72789526863946,0.24727920364571884,2.571331956057378,1.0363940961843143,1.2104456144890763,3.1065916857279814,1.0563935883135138,1.1752084264456488,3.1163213001633525,0.7270121744924054,0.18966467345325663,3.0556774860770615,0.8211346164972247,1.0735951054663377,3.063670586080681,0.5805364633721246,1.288843227718567,2.936325759166461,0.8066031390257851,1.1066756834232854,3.1473374153479132,0.7280112547838169,0.14787450001274957,2.989383816329338,0.7757441150217964,0.6279643714446206,3.1032398809414152,0.8107229673255049,1.1229958549398973,2.889265358967511,0.7914730505618338,1.5467254498494953,3.042433406183861,0.7890782904811348,0.13616454079440393,3.174371672935247,0.7503192799608503,1.146251369605635,3.084568816748522,0.7202127073012644,1.114697372497276,3.0851528338717844,0.9461293011041364,1.503826003258261,3.0312125231155207
0.7593,0.9157966557795404,1.5538906655899676,2.9408025881565516,0.7679851074649326,0.3864880536920381,2.567206463371196,1.0218907965026567,1.04231017756726,2.9930073729932243,1.1803138856172948,1.1932167910146738,2.8918784172332472,1.0069640051376723,1.2033543382607956,3.20141722480977,0.712003689320977,0.4242470736936207,2.531314375686276,0.9830180269842768,0.5863155974462102,2.9017011900524863,0.9134770565388213,1.104253978549732,2.855260698151567,1.0871410121754412,1.526645364722521,2.963258348855075,0.7471592719101979,0.24719567290251362,2.5899997962470676,1.0438634457170395,1.1920529560348005,3.1172495376199887,1.0646257461111734,1.1567970989326204,3.125009567240812,0.7305339423135125,0.18577058420715095,3.056725448128667,0.8268501611847322,1.0663812708671434,3.07631962375403,0.5892586583733902,1.2744001485019005,2.9545045554932745,0.8205856071757385,1.1045078951038116,3.169758300399202,0.730965464840009,0.14392351182688548,2.9902800794591795,0.7838851821327419,0.6210375606772817,3.1188509951370156,0.8175738061798768,1.115159091870907,2.9015333716879526,0.795826149564099,1.5375788055827349,3.0565589349510054,0.7919821182313649,0.13256985720306247,3.1755212062980727,0.763131136739562,1.1407569761496894,3.1061153481749577,0.7338927741315284,1.1085271086900543,3.107730219911535,0.9508411890316896,1.496265946929088,3.0459848236083125
0.769291,0.9205651751779976,1.545334659820366,2.9563216801318326,0.7862516636077505,0.3842367084101239,2.5901290174344918,1.0284431960222222,1.0347018068988814,3.007634326420124,1.1859147639793242,1.1867525051017471,2.9013600420498005,1.015406793411106,1.178267805930421,3.212971262775301,0.7303280348610348,0.4216167167378687,2.5534033907586506,0.9990490123220049,0.5771508320240281,2.928410811813891,0.9208564804043515,1.0952488616619147,2.8687303859559927,1.0923184632755631,1.5186526082342253,2.9792048528355384,0.7670755293445342,0.24470840629572657,2.6123275799175216,1.0518086100475592,1.172263674518085,3.1279419011178167,1.0734149051321733,1.1371429493118048,3.1336714221190736,0.7342710114805214,0.18150045116631566,3.0589686456961442,0.8325340744908408,1.058136669763291,3.0895147076935543,0.5981279416639818,1.2588139820245465,2.9728710157835128,0.833818968209522,1.0996255089248044,3.1917719346277655,0.73416962316029,0.13967638501608232,2.9923538604847937,0.792201797874539,0.6131473072519081,3.135702263753157,0.8244111543213809,1.1060927006814691,2.9142976602131156,0.8000319892838443,1.5271923688625009,3.07126729030186,0.7951768797183835,0.12853208963874987,3.1778020791444006,0.7754221274813986,1.133058929930851,3.1274069599245364,0.7469126102315462,1.1002884781170361,3.1299092115401135,0.9554207495465659,1.4875398285702148,3.061291544600753
0.779282,0.9251872117628115,1.535760530452287,2.9720006496145492,0.803834278359198,0.38099076542699434,2.6171353986003982,1.0351699966792036,1.0262663598414539,3.0232989397872365,1.1914564111903558,1.179254693050387,2.912479414236247,1.0246905963675725,1.1534615260209493,3.225571378843613,0.7478698564645512,0.41784757982353754,2.5796262276049995,1.0153633887010205,0.5674922703051658,2.9580655542193677,0.9282764129626366,1.0851575051170208,2.883310193846386,1.097377710306577,1.5098285822231556,2.995168530267432,0.7865092914315572,0.24129523873762518,2.639214612658525,1.0603572494015505,1.1524388442023912,3.1399355193444913,1.0828204757248188,1.1176235712962412,3.1437756203315637,0.7381376330239189,0.1769761429489069,3.062732201218327,0.8384552974433246,1.049068921680089,3.1039476273536146,0.6069414163537572,1.243137408334431,2.9903723863689016,0.8444254876466916,1.0906412300085213,3.2123969495232503,0.7375024690274966,0.13522002396706026,2.995944856423261,0.8006763595159394,0.6044134053535352,3.1540811996447085,0.8313472231087584,1.0959820973124814,2.9282503508340483,0.8041825774001126,1.5160324577737323,3.0862834915623814,0.7986115590284922,0.12424657907078775,3.1815506139753342,0.7857084304942461,1.1224800587918657,3.1474577322446438,0.7575654639246066,1.0894817440900335,3.150455563504238,0.9600013898356228,1.4780692682551346,3.076864949731638
0.789273,0.9298367118631019,1.5255777412854261,2.9862240224519034,0.8202716807084532,0.37571744660233275,2.646696083013018,1.0419128754223423,1.0173960505018023,3.039707054742205,1.1962358859296882,1.1706979278329086,2.9228689679752593,1.0341265681832774,1.12880436752508,3.2370687914340053,0.764175919338361,0.4117916796345902,2.608346059757324,1.0308219746616973,0.5579703069769549,2.9889467014827975,0.9356034179812042,1.0744968209082781,2.8987093486136386,1.1025451118985934,1.5003881048867498,3.0093519243976594,0.8049583226719831,0.23600101904689716,2.669471905130366,1.0687903358394368,1.1324410824645124,3.150993864376024,1.0920074541448939,1.0979918979826073,3.1529975493055526,0.7417954693230895,0.17200818775199073,3.067311741737306,0.8444740707869112,1.0395803500615364,3.119272737515721,0.6162733529163478,1.2266400745159245,3.0108786924012554,0.8577589675388898,1.0858428478293303,3.236060724271056,0.7406578418250865,0.13037245316367563,3.000346426415021,0.8086367340208656,0.5949716078683375,3.1724528646998573,0.8382451455979855,1.0853371752639782,2.9430707632184494,0.8087564265522004,1.505099330108117,3.100316961015534,0.8019383467580795,0.1194560245059848,3.186057985874509,0.7981953103926359,1.1146237789998512,3.1705425903986995,0.770685995261969,1.0813066530320432,3.1747134191081106,0.9648567272441857,1.4686220644874182,3.0912601882363555
0.799263,0.9344727106629978,1.515338526238231,2.999669759990887,0.8351448673705937,0.36881650176817604,2.676335435909738,1.0483670684092343,1.008430920064731,3.0560247726578735,1.2003414975889222,1.161817648960551,2.93214681864883,1.0427653000166444,1.1041181752712435,3.2465239692641092,0.7788710794416243,0.4038640182570895,2.6370433330172482,1.0446122847385138,0.5490253622589436,3.018934123829583,0.9426221541678285,1.0638687718195161,2.914098986150032,1.1077315593753763,1.490727031929286,3.022592749611227,0.8219147171823123,0.22923683610674953,2.700576107161801,1.0764237937682017,1.1123004006226336,3.1602642093235125,1.1002666327918122,1.078235561355987,3.1604453768746867,0.7448292286929954,0.16693146729154704,3.0715040357342054,0.8502598044057821,1.0300054871791269,3.134569838016676,0.6260791551907985,1.209529084115968,3.0345321003220675,0.8747357456427471,1.0872068713300558,3.2626716980885697,0.7432568153908556,0.12554331573998667,3.004307153480915,0.8156558487282987,0.5851856272412244,3.189624297069044,0.844864122718198,1.0747219488271889,2.957896923406779,0.8135995126246928,1.4945380125513528,3.113806807698077,0.8046423037715971,0.11429754726343085,3.190090873156769,0.8135886066642068,1.110943983098228,3.196603633027466,0.7871934560130796,1.0770798095298098,3.2027355854537323,0.9697834662124389,1.4593063124400447,3.1049762425065204
0.809254,0.9388748350568686,1.5056485318160409,3.0152239411701522,0.8480397108669451,0.36238481728399696,2.7034850365009686,1.054180956171428,0.9996265959351254,3.0711223341621077,1.204686111120204,1.1539614955592625,2.942342995376111,1.0498304672502585,1.079737209035085,3.25486472742109,0.7916145092567859,0.396360116994826,2.6632410397441446,1.0565959506815943,0.5407820193450297,3.0463079972799787,0.9490856028102518,1.0538555265814513,2.9283823719467525,1.1125703943167753,1.4813886200945703,3.0382351896208775,0.8367856256742523,0.22303333158867972,2.7294229959693017,1.082937720745918,1.0925980937227862,3.1689032415779024,1.1073446989317206,1.0589769111831997,3.1673394808763815,0.7468331859969616,0.1625989021420572,3.073962037517944,0.8554140538599582,1.020587839763548,3.1486590009739466,0.6355948513946654,1.1932755111225,3.056922905788685,0.8905890768355972,1.088625082884531,3.2868254601774525,0.7449145637872587,0.12170388768277283,3.006400849440513,0.8216824001780414,0.5756241032801054,3.205142975338061,0.8509303493823185,1.0646721138568036,2.9716276572958966,0.8179542166079966,1.4836400560849303,3.1288925470443703,0.8061597442392396,0.10935932042927185,3.192253562350095,0.8281192472089588,1.1075885620998294,3.2204541636573176,0.8029376860677959,1.073190140726338,3.228270476630001,0.9741785695627234,1.4495861827092782,3.120409959353763
0.819245,0.9433602947552303,1.4968049174074105,3.0318777457586497,0.8586076085962013,0.35606164333147666,2.728514860353122,1.0593718292343763,0.9913232482339913,3.084983982612633,1.2090688012144284,1.147127746157403,2.9524777534496787,1.0566857151907019,1.0575104460566245,3.2624485512551193,0.80204541961145,0.3888958032203769,2.6873296874565162,1.0666272142165723,0.5333554789186418,3.071135106462212,0.9549218514123942,1.044756197481539,2.941600491248814,1.1173794555791585,1.4726038692395096,3.0549230437629404,0.849194372236143,0.2170813526448297,2.7565022572018183,1.0892649718730947,1.0746897323189062,3.176981513244203,1.1141183245558364,1.041513773901855,3.1737930820461733,0.747747131595659,0.15904829006300572,3.0749172862526075,0.8600113440643522,1.011740652810002,3.1616418439480687,0.6447580715779773,1.1787678550490044,3.0766890020673308,0.9041063395521278,1.0882714798535449,3.307583153142386,0.7455359605215467,0.11884443677727786,3.006900935730224,0.8265581971218939,0.5665810975439339,3.2187580184152917,0.8564095727726512,1.0555473021036852,2.9843604239706387,0.8222236769757734,1.47306004308724,3.1448772492035135,0.8065129838073998,0.10478120769120564,3.19277853941864,0.8408461728784661,1.1034968299042824,3.2410308551090634,0.8167080197571454,1.0686804105866239,3.2500181011132225,0.9785166385044034,1.4399995491833266,3.1366288421376676
0.829236,0.947911289569858,1.4888413233326514,3.0476160575345586,0.867635980824969,0.34909035035626157,2.7533413612806115,1.0641496492508506,0.9838216922890426,3.0979974987374286,1.212875635860196,1.141087886768537,2.960814969314024,1.0648495028568248,1.038913244142529,3.2691417609277393,0.8109163125735199,0.3806362272895458,2.711218461476409,1.0753756390007934,0.527061354344795,3.0948699568791946,0.9602100843785243,1.036624314426778,2.9541669908561117,1.1222568434708742,1.4645695318457361,3.0700877510805147,0.8599844564853271,0.21067033578486083,2.7839218186052754,1.0963391238647706,1.0595925584042367,3.184012206541805,1.1214701599239303,1.0268141439209395,3.1793056794680865,0.7478689387431672,0.15606705156965084,3.0752274882638657,0.8643247663838849,1.0037670771319467,3.174029948472563,0.6540105383277889,1.1657126698871552,3.095008748107569,0.9165998150360655,1.087436104524714,3.32663218257272,0.745384709070232,0.11662818566937931,3.006746309349203,0.8303151984903184,0.5581797707004037,3.2306018157553162,0.8614181077023118,1.0474591583004988,2.996558907574543,0.8267852984751471,1.4635012505665141,3.160373742449307,0.8061421126217192,0.10062688421068634,3.192574293816413,0.852860448909338,1.0994813966120276,3.259896862429413,0.8296050608801694,1.0643423402751158,3.269835568436429,0.9831895695858306,1.4312860525079807,3.1518596224402295
0.839227,0.9509798869407285,1.481500396953632,3.0626258416752763,0.878798424483046,0.3427109923764719,2.780379460062879,1.0687777901806175,0.9772352735372806,3.110265906619451,1.2157976721480739,1.1367015501824511,2.967412957140485,1.0736519825081583,1.022653789866204,3.2743139591909953,0.8219077674461516,0.37286677775193944,2.7373338527244195,1.0856751982508273,0.5227564393942675,3.120443341798556,0.9652075484953729,1.029232422482275,2.9661029361994102,1.1258863990131935,1.4577956408812478,3.083812706561878,0.8729341175357279,0.20493152381850596,2.8136739127173276,1.103588304693037,1.0465471356495046,3.1894713871588727,1.1289428551037892,1.0142146879407772,3.183223002134964,0.7480160972776666,0.15380415440979944,3.0754923804430216,0.868570720855819,0.9964932439000149,3.185867479992244,0.6642145030073765,1.1515468503269721,3.115831132584254,0.9313960883726197,1.090033994569995,3.3468608059183023,0.7453139419223149,0.11508317728270652,3.0065721581614016,0.8336265901478453,0.5504548743506459,3.241608750617455,0.866171499047725,1.0401014472353756,3.0082059468505506,0.8305244100405805,1.4541371253393436,3.175719035427981,0.8058710640270568,0.0973276234982701,3.1923592382476236,0.8669145141242836,1.0976690316180628,3.280251120012339,0.8449580282245341,1.0621451846527543,3.291546461463982,0.9870533228134284,1.4234060706838103,3.1662653306335846
0.849217,0.9525613992911306,1.4754750534741812,3.077292655011417,0.892802539105528,0.336323864478408,2.810524218969836,1.0732991478013663,0.9723117538137656,3.122484958604202,1.2176768832595353,1.1347629090804876,2.9722172217442426,1.0830342403898732,1.0092165442384047,3.277992665918008,0.8356331375111241,0.3646628956793087,2.766524684649656,1.0978461455903934,0.5212807886551651,3.148146303728109,0.9699018311184235,1.023218589804549,2.9780999720170707,1.1282296255524444,1.452960645544945,3.0963349299613085,0.8892083936876336,0.19943944613056688,2.847058366150831,1.1109350817111485,1.0361087627943628,3.193353543820894,1.1364254093641093,1.0042455802502532,3.1854860370523497,0.7483055911784259,0.15244781301111143,3.0762723345782854,0.8728261589373946,0.9905849738332828,3.197882712580223,0.6753377071003059,1.1373348428907728,3.141129422207808,0.9491801792102801,1.0985238170886302,3.368996229410197,0.7454682922645557,0.11440089197947,3.0069303768506312,0.8364647486797911,0.5439420830738951,3.2520272072445455,0.8706653367673259,1.0340874439499734,3.0200120231147007,0.8336685194225851,1.4458951011635175,3.191438206090761,0.805874087062559,0.09505456942173898,3.1926681440554328,0.8834999151447369,1.1000960990397628,3.3031596604758273,0.8634120868298645,1.0641732017029264,3.316433551018767,0.9901869670520084,1.417142839077964,3.180237913370771
0.859208,0.9544186273550225,1.4722557439607142,3.091859565938019,0.906768463571726,0.327555232360774,2.8428110108608124,1.077518991752573,0.9702490158699351,3.1357918511909535,1.2185353256645142,1.1356718598327997,2.974900372097233,1.093906300634467,1.0009488749286233,3.280922131403866,0.8490545265715197,0.35305568939341675,2.7977342530939366,1.1092654250410343,0.5231510824655302,3.175395526745899,0.973994059199714,1.0199508046869765,2.9913850358971583,1.130732670228746,1.4506768188592314,3.107719104584802,0.9065640518541191,0.1922468713993025,2.8842627618960495,1.119067591183375,1.0301370966394598,3.196193160530044,1.1444177611358615,0.9986177468455745,3.1866672484853646,0.7480621827574787,0.15212668309975536,3.0779379897270953,0.8770137545650352,0.9874220244153038,3.2113501888478657,0.6864305372134829,1.127766342638784,3.1699871476199006,0.9675551990914911,1.1127560669832748,3.391208451424536,0.7451728675047837,0.11483008933164571,3.0081499083038694,0.8380462830501376,0.539546670578079,3.261246078179017,0.8746651674848791,1.030836355879916,3.033285088634646,0.8379216711817331,1.4413894206540674,3.207893960940857,0.805581588499342,0.09363272398727922,3.1937055842417603,0.90050454899974,1.1078795558648287,3.3270177127010707,0.8824655402055928,1.0718032737113496,3.34258642214773,0.9940643605887484,1.413973557483374,3.1940892281758795
0.869199,0.9566056071927627,1.4710268955391899,3.1069064430680706,0.9195234840074816,0.31885140051522726,2.8755156355526355,1.0813487765639882,0.970094390125446,3.1492587241302155,1.2189234627273473,1.1389416024294008,2.976545732789401,1.1062637832729185,0.9955602117889666,3.2830536822789473,0.8612656736186118,0.34112935529844907,2.8293132500129863,1.1190923605797682,0.5273474707210324,3.2019338299143425,0.977509815628882,1.0187022877988312,3.0050268226127805,1.1333756792283483,1.45010714383644,3.1191629225952386,0.9229305372321049,0.1855450235666785,2.922566612198163,1.1281711191999735,1.0268817286678389,3.1982123179784665,1.1532198960078783,0.9957151695841112,3.186916783815978,0.7472105786197081,0.15270855096957267,3.0793831732092727,0.8809599539038517,0.9861059017835747,3.2252497850907695,0.6976408494422028,1.1214521361899221,3.199977797155496,0.9856835536479877,1.1287041438750514,3.4120102365768377,0.7443123847460431,0.11620652372534308,3.0091354181223418,0.8386308340418849,0.5366775354320917,3.2689902803686977,0.8781610048265136,1.0296021724295379,3.047043508904101,0.8428067401248798,1.4391835179972914,3.2250409753067295,0.8047730668140036,0.09297307542918215,3.1944410079451133,0.9173164805941368,1.117779638974216,3.3500818633234046,0.9013426665510178,1.0817499445505572,3.367874911771957,0.9982941116661108,1.4126581286128064,3.208311236362262
0.87919,0.9589311395819785,1.4707493346772227,3.12300013279579,0.9313804085982752,0.3124602883383125,2.908322185229574,1.0849082869285862,0.9707755837026092,3.1621745914994674,1.2193647381811827,1.1438533829164124,2.9786502583925345,1.119682962728462,0.9905225754273862,3.2846380750443256,0.8728247114068679,0.33173208293663553,2.8610785322003918,1.1276486928199196,0.5329364180878987,3.2286757243930775,0.9806950578175306,1.0185094237858585,3.018279141305161,1.135975684911562,1.450377373177208,3.1317694322629417,0.9377909881597027,0.18137176491760335,2.9605825741099494,1.1380919854074936,1.024332447281454,3.199943817506588,1.1628076590617507,0.9936558780542087,3.186734904040244,0.7459254822170611,0.15404261170101505,3.0799000452427556,0.8846919304872841,0.9855737988352775,3.2387632333554404,0.7096404635656398,1.1161355738469727,3.2299332154855045,1.0038337466532106,1.1435437722090216,3.431203898591705,0.7430356585561882,0.11834242415547343,3.0091880760711818,0.8387256488378529,0.5346838969815813,3.2754235174734245,0.8813575804781499,1.0294126237375991,3.0604796836714807,0.8477375396693634,1.4375342650084046,3.242914673897396,0.8034659219572436,0.09298828844706446,3.1942521428619144,0.9343112088925433,1.1271808906360226,3.3719048598370445,0.9204096036104851,1.091306928821993,3.3916555815178357,1.0024092143460894,1.411844959909491,3.223395816962492
0.88918,0.9627631993971849,1.4727126680081668,3.1401951978181213,0.9442643964381244,0.30400281977256594,2.9454448681621583,1.0887289554628887,0.9736121128015076,3.1769878302757926,1.2196600607301573,1.1501634712918598,2.982008708982334,1.1337784425778317,0.9885844755727717,3.2877208497323496,0.8853134638409482,0.31944118549395634,2.8973226173159268,1.1359561118490753,0.5410941521927368,3.256541812652726,0.9839668266415587,1.0204355287160478,3.0335899238101898,1.1398116271872505,1.452332943880586,3.1449239713902633,0.9543364655125107,0.17611404563347394,3.0039608017159405,1.1484150749640372,1.0243798035365492,3.203136369444582,1.1725501310765274,0.9940817422544161,3.1880885906818803,0.7442607349378652,0.15625265733478175,3.0816680466406865,0.8888839410366743,0.9872106845797817,3.254479280600937,0.7230593586904247,1.115033038102072,3.2636918562104382,1.0230754608555745,1.1623414292006917,3.451433430480583,0.7414578443337934,0.12150763089333173,3.010424779391943,0.8381556263041219,0.5346524571800912,3.281391775865509,0.8847430269645572,1.03144200443103,3.0761159901726427,0.8546201825368624,1.439033472894062,3.2622164531424684,0.801840746968804,0.09347169748253127,3.1951209698752283,0.9524534924734531,1.1405122207273106,3.3954812025871552,0.9407188050286827,1.1050823284884153,3.417304119285161,1.0081304688520438,1.413326582888914,3.2395609085451027
0.899171,0.9683124307610761,1.4774153927856821,3.157706085634252,0.9581190402715174,0.29260344933394977,2.9866134215559903,1.0931139785466508,0.9790514162671675,3.194246488684419,1.2198792509633904,1.1581089600396413,2.9864303895035285,1.147594388632528,0.9906280399190016,3.2922105985099637,0.8986182276808283,0.30332039080779394,2.937845840452383,1.1438384666136001,0.55158994024441,3.2845749448757764,0.9876714314671716,1.0249248826575303,3.0514510458370547,1.1450845432347665,1.456560826143952,3.1579066181141515,0.9725904902753312,0.1689505439912841,3.0524938901688117,1.1584699301401886,1.0277359352253237,3.207666104326048,1.181759956486586,0.9976373549917521,3.1909652110000337,0.7423247961467397,0.15943523029114037,3.0850975461072028,0.8938351018660726,0.991512464708405,3.2728513329860944,0.7377724288393225,1.1192722258205152,3.3007150596272483,1.0429392578452175,1.1861912004463222,3.4728603955093194,0.7397238804388089,0.12586414128478332,3.0132423286470464,0.8369362988514256,0.5371329699839626,3.2867268477964813,0.8886676567467696,1.0361464102037037,3.094407779675987,0.8636829801493828,1.4445938838406724,3.282263367197139,0.8000421383988313,0.09438209317615195,3.197372618752601,0.9713824430486968,1.1588536806624496,3.4207972766734893,0.9618493580069472,1.1241555564261454,3.4448018146069863,1.0157326166660108,1.4179229397698243,3.2561845048206504
0.909162,0.9742355625709148,1.4840246275812847,3.1742593192500603,0.9705620338697256,0.28212553931220463,3.0263064088510863,1.0979715162147718,0.9861178512738981,3.211993170706083,1.2203588251571285,1.1682958377430546,2.9909580044096518,1.1596819745150715,0.9945281476458552,3.295591717515183,0.9106976380282659,0.2884779595303498,2.9771822788735878,1.1497611514534294,0.5623533701936416,3.310088063589388,0.9919653653385117,1.031318944339749,3.0697866051003198,1.1505571245153785,1.4629598155826602,3.170451396120821,0.9886527551168828,0.16287135016552673,3.0988832588715858,1.1673983605777085,1.0330875909208443,3.211368831967135,1.189819839971746,1.0032086323358214,3.1931297867514066,0.7402493721458872,0.16351907552507605,3.088277894372697,0.8992544642435548,0.9975209678469701,3.2915464573318944,0.7528223444969588,1.1265691625541674,3.3351883325596194,1.061234875639132,1.2103698290768707,3.4927879806012023,0.7379667018536146,0.13129532107296413,3.015777989808537,0.8353041407005668,0.5417315454380142,3.290096511868834,0.8932018929796163,1.0427597914520066,3.1131043062331094,0.8728926571996655,1.4524217924109102,3.301104939480563,0.7980960813323792,0.09577028119818495,3.199169110581412,0.989253392221202,1.1782727728914892,3.4443089513339533,0.9817234014221468,1.1443424257704886,3.470094317877849,1.0235267694024202,1.4247198761147262,3.272075749369494
0.919153,0.9795291703449399,1.4917343279241855,3.1913861181476917,0.9808193026259788,0.27288380172553445,3.0640924920941686,1.1027643125503712,0.9939512613418985,3.2301033050865624,1.2201082132893586,1.1807649716891147,2.996194782700757,1.1698429894718703,0.9988927555210928,3.2977652324691205,0.9208470476000133,0.27560455754469565,3.014821231679502,1.153122362962912,0.5724380031170152,3.3333935016540472,0.9964235676336931,1.0388164095334604,3.0884080687638056,1.1553922558305971,1.470915333144509,3.1842133843789857,1.0012669924468167,0.15777127370065772,3.142327927965801,1.1747660717615214,1.0394596132666587,3.214317947877075,1.1962933905348245,1.0099560655863136,3.194467949353492,0.7376869334888149,0.16779681419309325,3.090949910692955,0.9045203551711843,1.0043782346912715,3.310298133743185,0.7673555438334446,1.1344780300515294,3.36596383426847,1.0770621170125088,1.231367258204428,3.5121950642862503,0.7359117596320379,0.13716509294558593,3.017763348920673,0.8325426577402933,0.5479892921677064,3.2909828776158885,0.8978860571438338,1.05048642507677,3.131936297348014,0.8809877255406181,1.4607844509971828,3.32003647764298,0.7956584317704493,0.09679926878022824,3.20014952169455,1.0051792639842174,1.1955970965961558,3.4664088321586206,0.999314050767575,1.162238284113221,3.4933673176571056,1.0304359001394714,1.4324981638539143,3.2885722357539175
0.929144,0.984024105848593,1.5003904615309613,3.2099950433030515,0.9892409430354367,0.26432779136217627,3.100785629193698,1.1072221886035751,1.0024395510729835,3.2488200388835082,1.218443036518888,1.195153585137782,3.002675356846157,1.1783676929904388,1.0041575528251916,3.299915112605859,0.9293395546931533,0.2641245939619634,3.051466178435628,1.1543096780115083,0.5819626382556276,3.3551984058118296,1.0007948296158,1.0472307872410278,3.1075208443164364,1.1595169850040765,1.4800966092530479,3.1998870645764628,1.010847048648008,0.1529022571451623,3.183861151857681,1.1805351867047196,1.0470562627094622,3.217550339947713,1.2010617340723073,1.0180363716881629,3.196002634839236,0.7345740301254661,0.17217326255077184,3.093625216794503,0.9093389150832096,1.011947678498414,3.329318085850844,0.7808301499427354,1.1422832165975514,3.393783398343573,1.0905938696666002,1.2484803518955667,3.53234527433781,0.7335541097000046,0.14348095841463954,3.0197006700572104,0.8283199695184481,0.5560509937480527,3.2894930390577297,0.9024601862201137,1.059159650471318,3.151088214690811,0.8878306654603638,1.4693152831672052,3.34008287423424,0.7926734757728309,0.09719875427512274,3.200673527668057,1.0191202248530058,1.2100989599327776,3.488230128550281,1.0145343004123781,1.1770244163076737,3.515824261256943,1.0363453338003732,1.4409071272573126,3.3064797007217206
0.939134,0.9892797154714211,1.5114481777770796,3.2257355988927077,0.9970282921089006,0.2583262846178309,3.133849291198118,1.1123414138672962,1.0132234121379389,3.266892413821519,1.217241864447804,1.2107237518168286,3.0087304642267525,1.1852631810402963,1.014538811891596,3.3034771915979393,0.9372695062817672,0.25596531978360454,3.0845615892276443,1.1551325389915112,0.5923661479758644,3.373380819892382,1.0060218349130892,1.058115159858891,3.1258385836181053,1.1643259846835736,1.4915166238582085,3.213174080655091,1.0187403646949205,0.1499271641577347,3.220876416138658,1.1852110914483982,1.0586771794162606,3.221743783424193,1.2046649902686213,1.0298050440283428,3.199005289486429,0.7322371460558832,0.17900050818199548,3.0966545244921866,0.9146912058102642,1.0217917031479462,3.347317611742345,0.7933732730030333,1.1539099023893051,3.418292049979699,1.1031635546465468,1.2667062711511738,3.5504296213235156,0.7321428375299648,0.152624997217676,3.0220083397198207,0.8246029169198356,0.567664783315209,3.286387624178077,0.9078580375235364,1.0702388866954602,3.1692902437454196,0.8952081408135348,1.4810569403270746,3.3573502017384733,0.7903336445298225,0.09936706620416298,3.2010393503845234,1.0320259382245516,1.2263848686659418,3.5077051654569704,1.028413181645609,1.1935625920318869,3.5358044160316147,1.042845568754879,1.4521851047964316,3.321932762847061
0.949125,0.9954216019677,1.5240058635439655,3.2385890587314097,1.0043093451804128,0.25386541453405187,3.164889927417384,1.1182781044416843,1.0255001088685045,3.28397726538822,1.217477720082408,1.2265123213545952,3.0145904172652553,1.190841916603818,1.0297488051166932,3.3092497040154716,0.9446160217278202,0.24972719758298254,3.115822793059591,1.1564238142693026,0.6032121850900826,3.388118835236427,1.0121094463249967,1.0706160279204122,3.143107241708638,1.1699220678159719,1.5042913311423096,3.224027204039284,1.0256244271978825,0.14832500185681113,3.255532936754051,1.1893025484516493,1.073834868888566,3.2275454782292017,1.2077225018486646,1.0447162789755944,3.204250805294681,0.7312630221673068,0.18851616089076673,3.1001859937784855,0.9207580245408623,1.0331163254139863,3.3641446664762196,0.8048607834207449,1.168738511405478,3.4406310188688924,1.1149386198318396,1.2866511360749948,3.566511451390878,0.732189423558452,0.16483531018242617,3.0248729392319578,0.8226159417812081,0.5817411170373699,3.2837891797824534,0.9140957237435071,1.0828276262717762,3.186373550833636,0.9033875610704127,1.4951884175621548,3.371814121876381,0.789015613281499,0.10368895378577818,3.2014018337191223,1.0440009039302796,1.2446985673597795,3.525219448784305,1.041168353527094,1.2122078160172605,3.5538712442682785,1.0501118315349631,1.4654361682467858,3.3348751868718773
0.959116,1.0008699753641705,1.5344817047769934,3.2537673361655304,1.01021859594466,0.2466538317852946,3.200101263110906,1.1241548482582597,1.0356709574948546,3.300978673468554,1.2186083562359853,1.2412811570627589,3.0227262787771987,1.1959194404429694,1.0441133013164823,3.317244763216831,0.9503597043657067,0.24028360020117573,3.151647004825746,1.1577528908173234,0.6118842406989963,3.4024337935327353,1.0179518071606348,1.081121730917373,3.1604373919348347,1.1748876891476676,1.5153526575072518,3.23745320038255,1.031553576606904,0.14498184945518586,3.295189105113783,1.1932902491934518,1.0881124459738953,3.2355536657386823,1.2108618738143684,1.0587639877604529,3.2118627210924773,0.7311727220959977,0.19823507453303255,3.104170971562173,0.9267335413378915,1.0424262923161536,3.3811166802631596,0.8150098509292719,1.1807245734374379,3.463583702778062,1.1248837079272607,1.3034422245816402,3.584216690932489,0.7331614488092445,0.17759175074178274,3.0282418241668885,0.8223151240374014,0.5940224445684725,3.2848628069628747,0.9201004156323338,1.093347187845832,3.2035962928068633,0.9108185057769437,1.5063991952654645,3.388186972676791,0.7880249453704269,0.10791272802099405,3.2017721298770114,1.054310441705676,1.259912419253267,3.5441339706404134,1.0521919871052592,1.227731289065523,3.5732615941473607,1.056653822621303,1.476156051336033,3.3498554821650357
0.969107,1.0060905983436623,1.5417424186236364,3.271002687787875,1.016962569105609,0.23600596524386047,3.239857961572348,1.1304287038233947,1.042667319983,3.318300083435602,1.2202093776826528,1.2531484733776108,3.032943887318387,1.202130649201169,1.0555985152890663,3.327370905002384,0.9568398182860446,0.22665231787493467,3.192361731895096,1.1596456656374174,0.6174078044452792,3.416939415094507,1.0239282202958373,1.088501272798037,3.1782590234196957,1.1796373583425175,1.523485920464439,3.252714395157321,1.0391008079707957,0.13955553984509628,3.3402250968162366,1.198261425079167,1.0995354897717602,3.2457153372077854,1.2151037799179518,1.0700264541451723,3.2216593278783043,0.7318354789016528,0.20691584476679842,3.1085770289866126,0.9331733829626627,1.048638379070175,3.398750484777209,0.8256094165599324,1.188854691254136,3.4879456005587066,1.1347234732711047,1.3171131960024027,3.6034054678221574,0.7348216167884647,0.18950191541348457,3.03212094235399,0.8238372651061426,0.6031386028982811,3.289855763323935,0.9262764119134944,1.1006709260214584,3.2214721650494216,0.9181840684625374,1.5137961338013723,3.4064602982308716,0.7874260839596752,0.11112843351650772,3.202208578323464,1.0647220668344368,1.2718234016330734,3.564512697137737,1.063385554556192,1.2399772341049418,3.594100437578386,1.0631437278751097,1.4834260907168506,3.366580752278625
0.979098,1.0119642126882729,1.5462503679252835,3.288025562238467,1.026821082056407,0.22347489994781455,3.281478123479324,1.1376954330235094,1.0469967921536494,3.3358665422352436,1.2219643589237574,1.2613086846760493,3.0438038668814973,1.2104243761583264,1.0642754193141917,3.3387820259283676,0.9665367867508017,0.21055164896534198,3.235134051697667,1.1626709587947568,0.6200526449695756,3.431040838884309,1.0306806174290584,1.093202062724416,3.196429824179088,1.1849507704007733,1.5289047265534752,3.267271971462538,1.0504211113407063,0.13328698345022844,3.387350991667071,1.2048201656234654,1.1079377899065326,3.2570902223691975,1.220950305527235,1.078284446425174,3.2326974695225292,0.7331662056957619,0.21427473499892588,3.1133593968822506,0.9407299807004799,1.0522100345791339,3.416888172221893,0.8381648080495175,1.1944660890911545,3.5129569739607844,1.1462217077138426,1.3294142882951943,3.6222125172662842,0.7369943835332102,0.20008022723469474,3.0365143801434566,0.8270812117039079,0.6095239720928546,3.2974623156677185,0.9332688797812329,1.1052444289271472,3.239860459178633,0.9264951892441334,1.5186536788678904,3.4247575188980717,0.7874537624044934,0.11338081964195526,3.202808102331556,1.0769073913897145,1.2821020322863093,3.5847476060594965,1.0765065697371394,1.2506666205681238,3.6148475218748644,1.0705697694927423,1.488217424206202,3.3830132768554058
0.989088,1.0177102958428226,1.5494808156984916,3.304567662497612,1.0381200698882467,0.21182580276666954,3.3217693685530962,1.145098510566957,1.0500109320371602,3.352998800899418,1.223595221509275,1.2687437381050284,3.05407271322687,1.2187926517220302,1.070900614629832,3.348639956163016,0.9777851485368878,0.19545389207695216,3.276670256896984,1.1661490344425203,0.6212201592799056,3.4441305149073718,1.0375392982452756,1.0965895148261509,3.214186847631919,1.1901027572801492,1.5331833536149821,3.281481108585395,1.0631058723320297,0.12795514994367185,3.432637339632698,1.2114219515119533,1.1146831656767873,3.267144850836455,1.226938887151365,1.0850554298872206,3.242296859048266,0.7346757483093418,0.2208581572583467,3.118375886231733,0.9484535164963837,1.054507103046875,3.4346315685520623,0.850644826986248,1.1984298320665796,3.5362756502321173,1.1575312844064478,1.3400180045697978,3.639174873042059,0.7392187023007964,0.20968488288698992,3.0412978340296055,0.830954040684168,0.6145972609582594,3.30595719580989,0.9403629115086986,1.108457967607545,3.257859529084317,0.9346054639342601,1.52213326988496,3.4425397292610795,0.7877394146213966,0.11540486321525323,3.2036711827240922,1.0889137746435875,1.2907617604552606,3.6031292438330227,1.0895450741653665,1.2596646604826018,3.63361756597646,1.0778323832937842,1.4917680372970468,3.398946454460412
0.999079,1.0229549205773476,1.5516564218455218,3.319776814302197,1.0492613204234216,0.20162131687715257,3.3588089748743686,1.1520143784144172,1.0518928220519208,3.3687081351146797,1.2248151579405495,1.2756894180069867,3.062891088195283,1.2263120550277984,1.0754975010760042,3.3558675936005953,0.9889475973817722,0.1822398639669059,3.3150241330888996,1.1692629317827183,0.6210847647731986,3.4552561288761674,1.0439708078848435,1.0988441478974595,3.230482409223963,1.1947561854486297,1.536410414688443,3.2946957575854365,1.0752570254527989,0.12367565818966554,3.4739041955058485,1.2173037171684495,1.1198466515530376,3.274835241973997,1.2323060336968357,1.0904065357004997,3.2494163025167593,0.7361109846819076,0.22652523375466957,3.1226872533346945,0.9556560705826255,1.0557553543229155,3.4508693284322884,0.8620658629516033,1.2011276880265838,3.556863442373871,1.168017918188967,1.3486143764511902,3.652922621390421,0.7412956107629903,0.21814462110062255,3.045520328659326,0.8347664022601635,0.6185578669640832,3.3138410586785474,0.9470026577415804,1.110530588745835,3.2743459229363276,0.9420272485604833,1.524471281052028,3.458833401871851,0.7880325998248104,0.11703838239121964,3.2039357586508035,1.099959954491591,1.2976521103987355,3.618398731555378,1.101691432016416,1.2668282364466956,3.649143107827053,1.0844131718101824,1.494192384624113,3.41356136968548
1.00907,1.028097392388752,1.5515984849857674,3.33209403461287,1.0596486495238293,0.1910199929928059,3.3925086199266334,1.1584221517036242,1.0515465147684886,3.382026885924379,1.2254792401835737,1.2790084535930604,3.0699892913690654,1.23390544101238,1.0774042477691488,3.361843745085021,0.9993755127889995,0.16885071257924697,3.3501613134870136,1.1714378274460928,0.6184729594782657,3.4634447392754435,1.0499125292134406,1.098837011915494,3.2443258927576695,1.1992962402934684,1.5370112733799672,3.3049761012848666,1.0865805449907129,0.11889555868026525,3.511352538654683,1.2230852990385215,1.122076846701488,3.2812108091672294,1.2375647761035597,1.092775225533361,3.2552941538871987,0.737576475000061,0.2304005005486842,3.1247615898165115,0.9623152192123743,1.0549118294397035,3.4646508421552222,0.8732109651967408,1.2025285196758115,3.575485767069132,1.1789702800473525,1.3552521997693252,3.6624933775616935,0.7433814783922984,0.22471165276137472,3.047612335122226,0.8385236156012844,0.6202431680918151,3.320204973465389,0.9531367453091761,1.1103768025533989,3.288351640827152,0.9493867416690587,1.5250160738477712,3.472230039061829,0.7883483106823937,0.11719859003325837,3.201961399901228,1.1111583639133698,1.3027317880249991,3.6301079889721626,1.1140666945312585,1.2723078537436854,3.6611765073097464,1.0908299396701917,1.494475595817831,3.425333584201591
1.01906,1.0333307099614906,1.5500280003338214,3.342977318892297,1.0696486445773978,0.18099665974443369,3.4251988906166524,1.1646664791065118,1.0497088718410055,3.394087601573837,1.2267125073781413,1.2798843750397835,3.0767643808547205,1.2425766770555295,1.0783013094853804,3.368270294431457,1.009401548086145,0.1561803979711375,3.3844601591056875,1.17327662611434,0.6144837909160104,3.470746663225394,1.0557229327509348,1.0973007098381329,3.2568653902910953,1.203915325921514,1.5359173752192241,3.313957234091696,1.097600087035988,0.11476610695421889,3.5473992335954563,1.2298346561336209,1.1228965928066448,3.287880799657865,1.2438736791567913,1.0936629314610613,3.2616101416516723,0.7392257701800745,0.23338666063974065,3.125478642004754,0.9687705010951836,1.0526900324420407,3.477144448746753,0.8837401376705408,1.2030242314299702,3.592951852702433,1.1901625494311923,1.3593712897797918,3.6700555877850873,0.745620369139849,0.2302735620171793,3.0484288226236274,0.8424999708483875,0.6203615095019772,3.326149558312644,0.9591179413439251,1.1087295437079694,3.3010322078692482,0.9567298546853846,1.5242979087564068,3.4840770361062074,0.7887632826526354,0.11676443066257525,3.198690495670033,1.1222353785462904,1.3056837895212365,3.6400871542269706,1.1262125002938188,1.2757096121773586,3.6714967442805,1.0972168415189196,1.493287454914851,3.43574541558325
1.02905,1.0386728638123601,1.5481836558334596,3.3543866941945026,1.0797661841953572,0.17320916178019077,3.4583941528398365,1.171080543804697,1.0476194628380018,3.406368528534466,1.2295247402392377,1.280564085726117,3.0847146253009265,1.2525574135878248,1.0799699884785143,3.376343916103407,1.0195095401817293,0.1459504839095411,3.419404723127866,1.175674702674334,0.6107254814653491,3.4794386126200223,1.0617518692552326,1.0954909606518841,3.269607860037447,1.2086529098197298,1.534689924930889,3.3238780135098827,1.108856979197432,0.11280792354796317,3.5834744978935427,1.2380194097429513,1.12420298568055,3.2960678417676967,1.2518108731746125,1.0950125001719466,3.2695892246257134,0.7411479654708623,0.23675274219461387,3.1264321425947466,0.9753569583966514,1.0502764672232157,3.489863595344684,0.8930746297787842,1.2031645477486241,3.6098746439550347,1.2008025565740972,1.3607851661153536,3.6783438002227964,0.7480700796927026,0.23603237314878972,3.0495416584235575,0.8469735636955624,0.6200886963154439,3.3332036094884248,0.9652911226220402,1.1068214991487222,3.3139025808130222,0.9638626520031989,1.5232021856959113,3.496191209165911,0.7893179800986225,0.11705289763382438,3.1958299513114254,1.1324728613162505,1.3065362209617577,3.6505155428242935,1.137224929873406,1.276925403046843,3.682173882781706,1.103514744897827,1.4917861440710232,3.4467687479912845
1.03904,1.0439837334202908,1.5460839162548874,3.365551855388036,1.0896727913247373,0.16723834140188631,3.4881722192243747,1.1775098588796997,1.045353433067304,3.418463444707395,1.2328900950884905,1.2801937008783304,3.0933977866001547,1.2619235534083186,1.0812488802038194,3.3855654659615633,1.029360729234768,0.13798631728732683,3.4508385570992792,1.1787683237222693,0.6070569524858771,3.488319175259188,1.0677846907990192,1.0935145592112265,3.282163486844053,1.213430841821833,1.5331445024847967,3.3337369510514945,1.1199600911922012,0.11179284893887692,3.615409647582336,1.2459051420567933,1.124947850618853,3.305286359593783,1.259533612411783,1.095739336693497,3.2787295560682335,0.7432049731162679,0.2403264666888029,3.1279064773297782,0.9819515284835496,1.0477134334861167,3.5024210373535456,0.90161143526893,1.2033207153394692,3.6263541424578576,1.2106908554637488,1.361196428084785,3.6874505004472247,0.7505816107653251,0.24180560718409566,3.051202432652949,0.8519100720250214,0.6192847420037418,3.341395979729559,0.9714641271147779,1.1047294452109955,3.3266104567540893,0.9707785725337269,1.5219399257160844,3.507940202885716,0.7898854348542985,0.11788230471912188,3.1936772665951674,1.1419131640781228,1.30665574111253,3.661500602529304,1.147223713345,1.2773937382946952,3.6933963364957623,1.10971172532328,1.4901338728428868,3.4576232609669804
1.04903,1.0493049682256095,1.5437036533192932,3.3762033177032538,1.0995889525160187,0.1624182662586418,3.5133554549663697,1.1839024426380895,1.042876010495075,3.4300427730088803,1.2364025210319047,1.2784023027665115,3.1026001837965707,1.2697412622882231,1.0816467371279492,3.395750105812077,1.0391714998945576,0.13162547815334769,3.477546786941,1.1825765985077175,0.6032696184834739,3.4965529673295235,1.0737286120124676,1.091333116821338,3.2942256457750743,1.218328527359596,1.5311362570584262,3.34316984158891,1.1311618143767057,0.11090521374321649,3.6420548078710047,1.2526577259255989,1.1246861659579195,3.3153440259114277,1.2661540007814716,1.0953719750562065,3.2888306014404383,0.7452101193209489,0.24385773354640372,3.1298156284817837,0.9885376303340742,1.0449305821224164,3.514531253998317,0.9096785803399049,1.2032159599984418,3.6419852386832683,1.2198200895209736,1.3611369146540617,3.6971552706288824,0.7529447516211271,0.2473293454548881,3.053303241606665,0.8571080948862562,0.6179852270164604,3.350147588082981,0.9775597430345709,1.102400414841502,3.3388806393413573,0.9775177959710818,1.5204294053919232,3.519123722447176,0.7903725993529415,0.118997100655159,3.192179135611284,1.1506866287341897,1.3063906891248391,3.6727464850911034,1.1564112594790052,1.2774421949212045,3.7048586005408035,1.1158589397606136,1.488261766305374,3.4680118416280417
1.05902,1.054923607887933,1.541203011920807,3.3871052220534676,1.1103266479624694,0.15826481356103148,3.5366241611507454,1.1904246399627612,1.0402592563543014,3.441261134474954,1.2407454929218404,1.2759038082806204,3.1127257546335367,1.2766857767546917,1.0819038620872476,3.4073484864784382,1.0497548563754602,0.12611586267720212,3.5023985988962405,1.187134400870236,0.5994440981972677,3.5044706666423524,1.079747745623821,1.0889804020635983,3.3059784725167543,1.223634119332605,1.528889168075617,3.35309052040158,1.143409649987382,0.11029214111256412,3.6664223355033068,1.2589420949999437,1.1241398543751313,3.3266726064284753,1.2723840177575876,1.094639287466258,3.300323472300706,0.7469999231528459,0.2473640979985264,3.1319263684271914,0.9953118454741217,1.0419669845646868,3.5264174428718587,0.9172717321476275,1.2020016236499655,3.6559674383129512,1.2282804852308662,1.3594778587869512,3.7073795973816437,0.754962265186387,0.25261298884453565,3.055606195577077,0.862297685699495,0.6166311439582259,3.3586668934022685,0.9837446494674229,1.099875228913587,3.3509146304761557,0.9841630137180727,1.5184414679517246,3.5304501193535476,0.7907599074986199,0.12040604410595132,3.191140304383052,1.1588467286006077,1.3047257905995713,3.683922474729284,1.1648462398586206,1.2759030518756664,3.716094280271889,1.1220919768905724,1.4860647612661082,3.4786639645253
1.06901,1.0611409961887848,1.5385918430177157,3.3980865633934774,1.1209366059855213,0.15457470288982803,3.5569797881345635,1.1972265319011115,1.0375067580811326,3.4522963415540446,1.246172492729901,1.2724286059834922,3.1237640947636645,1.2835283161601352,1.0814836596618234,3.4201557431348046,1.0601639546014294,0.12135304011395204,3.5242234438712643,1.1924239738961833,0.5956837865083731,3.512540994585659,1.0859907291975022,1.0864978161542684,3.3176003425909113,1.2296488783957364,1.5262964997417143,3.3633143627868036,1.1556759962107923,0.10938818304664956,3.687463475355678,1.265394991894244,1.1228528339026398,3.3391313656898363,1.2788423300786267,1.0931293392433037,3.3130217455821582,0.7486715564350256,0.2513263764132897,3.1340814301721425,1.002425306135355,1.038873526428758,3.5382620093691797,0.9239955852074867,1.1999790956311267,3.6681827090948325,1.236153452433106,1.3558251348915085,3.717681627409578,0.7567676618572923,0.2583044097391165,3.057967687341905,0.8676947571540113,0.6150787197993928,3.367614376947376,0.9901759539418292,1.0972206456369349,3.362901287997124,0.9910194639005787,1.5161619899360355,3.5418004684013957,0.7910223498827246,0.12242006501825885,3.190132477819582,1.166286821793455,1.3014241323864535,3.6947134772134063,1.1723797844394768,1.27254141460602,3.7268040887972944,1.1287183146643205,1.4836323365264559,3.489445152816607
1.07901,1.068074645650078,1.5358506834268353,3.4085380754886914,1.130085874302505,0.15127565914548435,3.572927633135435,1.2043225232778032,1.0346291872941171,3.4632389266706216,1.2524599411393755,1.2675201630454547,3.135321110124138,1.2907731011275747,1.0797215359510746,3.433577685990316,1.0690707281503011,0.11742473785479139,3.5413043673033706,1.198237583396398,0.5920781548014414,3.5210862176374182,1.092480272578171,1.0839445628628175,3.3291646888147475,1.2364621376213594,1.523197269518326,3.3731187618795206,1.1664640730315443,0.10765254455804883,3.703576939214255,1.2723414769939971,1.120229540186208,3.352197691664072,1.2858023796277493,1.0902812448675057,3.3263543737412316,0.750475651649,0.2561177310681308,3.136177245716098,1.0098717008003706,1.0357175219788668,3.550112916080638,0.9296909656387361,1.197940948898385,3.679004053211258,1.243671228133215,1.3506285261308222,3.727337004540817,0.758677884210917,0.2649367618755073,3.06030061142867,0.8735748751910196,0.6130769672710057,3.377734055746776,0.9968800718180133,1.0945191964622434,3.3749056801832737,0.9983467977453728,1.5139534262434318,3.5526618593760015,0.7912506666398452,0.12525593091628892,3.1887996360859154,1.17308529986371,1.2969796436307046,3.704740212743692,1.1790972047767256,1.2679480644194157,3.7367008811699507,1.135938771742546,1.481145530331152,3.499797530318654
1.089,1.0752740818202928,1.5331173866912582,3.4179566766168548,1.1377990811502834,0.1483125844700594,3.586866975210983,1.2113428310990926,1.031777430270005,3.4738739702616908,1.2586760927398946,1.2616964023573844,3.146480142058967,1.298110512075221,1.077486555155834,3.4468019338903,1.0765110313410253,0.11408347107774242,3.5561886107855645,1.2038767078257953,0.5886866448906071,3.5298550798637423,1.0988869382307982,1.0814405629251373,3.3404271965917025,1.2435148573039763,1.5197913362389115,3.381851538691709,1.1756891792378321,0.10568850145229,3.7174466731090887,1.279333560061879,1.1170398423093064,3.36503850735103,1.2927688915915636,1.0868257567746369,3.3394932054879884,0.7527189017200999,0.2611589273510907,3.1381459802013647,1.017237485892855,1.0326225306370944,3.561665336240308,0.9353554779142566,1.1964266346417844,3.68917108613581,1.2514698561304565,1.3455909959551091,3.7353152511759324,0.7610517027745698,0.27181704880291857,3.06253629403791,0.8796694592163508,0.6109237123187801,3.387926715831642,1.0035073368411473,1.0918846419024242,3.386627989030122,1.0059237924001088,1.512093041944707,3.5625888235136696,0.791864537949865,0.1284509830803997,3.1873219296916724,1.1800234495957433,1.2927785275354546,3.713388222489648,1.1859856990411948,1.263649409880328,3.7452579837003466,1.1433742999722925,1.4787820141549086,3.5092078710185133
1.09899,1.0825993984378808,1.5305218147226485,3.4272159359020264,1.1440940581220582,0.1455716404108435,3.599399256559083,1.2183263392712904,1.029020127078407,3.484237455646251,1.2647144966836863,1.2559765149555038,3.1572901903474113,1.3056777333776122,1.0756076516257151,3.4597121177642323,1.082489915095988,0.11116433408973682,3.569525109845981,1.2093235521664631,0.5855160141533557,3.5387956670703757,1.1052288821912004,1.079061750727902,3.3514437575423788,1.2506177152674003,1.5164191835669427,3.390276172868121,1.1833743662149943,0.10352941875573535,3.7297483296879563,1.2864628624365733,1.1141458194159448,3.3775679847702644,1.2998583578976943,1.083650412797204,3.3523270701809005,0.7552743030796923,0.26654035307434015,3.1402516287995095,1.024571902586175,1.029632443682442,3.572971355575168,0.9413323463401195,1.1950553880484323,3.6992175795651843,1.2598710267758757,1.3402768738684327,3.742113848488804,0.7637733554816215,0.2790504649915302,3.0649521108837763,0.8859503173378955,0.6086908510037072,3.3982373547518825,1.010073868975764,1.089374654947834,3.398126010873,1.0137245839739342,1.5103639546967975,3.572412075079951,0.7926728900355027,0.13207543403355404,3.1859048857805288,1.187434559522875,1.288411424314086,3.721125072525736,1.1933946763244645,1.2592026880657516,3.752907866930602,1.1509497139432558,1.4764737143397646,3.5184019345644093
1.10898,1.090317536290268,1.5281542572741447,3.438299368538189,1.1487028501271448,0.14291040799810883,3.6084064623175762,1.2257570870359231,1.0263343717593745,3.494626301160152,1.2713918094629708,1.2515010118627934,3.1688048159870057,1.3141079433918865,1.0744496903095602,3.472916973760527,1.0867061867061691,0.10869017750260182,3.5790598209235616,1.215312777342685,0.5825449913828062,3.548105558924815,1.1119051469528405,1.0768393442544277,3.362577874069987,1.2580707336418249,1.5134498584493477,3.400334254684089,1.189352332728081,0.10042618823340045,3.738141424620886,1.2944167552358363,1.1120974184445482,3.3904842276420846,1.307847958304763,1.0814015813061053,3.3654969272707573,0.7576182919274733,0.27315541832119633,3.1430528606359824,1.03242630214332,1.0267209567469362,3.584454326069677,0.946969451794579,1.1927008813901165,3.7092471473043314,1.2686994300378478,1.3319061278377093,3.7497582980532718,0.7662891883621735,0.28771658904343883,3.068137124359822,0.8927230495994809,0.6061299008403102,3.4101411752191555,1.0170002880269458,1.0869978762261108,3.4098302719675586,1.02197913136358,1.508152541072514,3.583992542436919,0.7928897170441717,0.13683266541494205,3.184666793155887,1.1949580877944859,1.2815596435661454,3.7294679299079734,1.2007297036851168,1.2520781010593076,3.7610172793076755,1.1589808382902689,1.473956427859547,3.5291241787953385
1.11897,1.0983474877817978,1.5260171502917128,3.449718849716361,1.1518551810132005,0.140402181239206,3.6142495758165682,1.233474397298491,1.023859342114597,3.504998706324412,1.2782013928228593,1.2471059707575145,3.180622419392033,1.3226989133559481,1.0735759938865075,3.4864753531252823,1.0894200636792575,0.10667040947102437,3.5851755629564184,1.2216016598106145,0.5798218596833351,3.5574729698978977,1.118760076770972,1.0748577849026169,3.3737685027863,1.2657889411464975,1.5106412842732575,3.4105908236258067,1.1938024334986124,0.09661670541688712,3.743047289973262,1.3025327851783766,1.110288901007559,3.403749999655282,1.316013643807143,1.0793938880002787,3.37904222424308,0.7603072036208107,0.2805877937301363,3.1464893036555903,1.0406293092564691,1.02401513712085,3.596041431708358,0.9520040763555887,1.1904173758636771,3.718915720552872,1.2777465955855343,1.3209791157913813,3.7580165462280077,0.7691578989467364,0.2973545892310031,3.072043668882754,0.9000148998633494,0.6034127050130532,3.423054344704856,1.024138520156478,1.084839033242087,3.421665496007825,1.0306057661528958,1.5060874700856925,3.5959782142198673,0.7932932934225495,0.1424302811432428,3.183649044345514,1.2023640576154049,1.272856319155881,3.738172490800613,1.20764486369225,1.2429759585202367,3.7694115897362903,1.1673613382291472,1.4716030046130586,3.5401072388551045
1.12896,1.1063988025158307,1.5240817008852896,3.4595805974031397,1.1540189358896815,0.13823969561837865,3.6182434051015235,1.2411227105769944,1.0217474667948145,3.5152617857812953,1.2843849775135563,1.241435927927712,3.1921086093402447,1.330729533508177,1.0726066586073155,3.500304514308755,1.0911547428558017,0.10513749719923597,3.589268736218709,1.2277793899621938,0.577439062171944,3.5666841928161666,1.1254703407795075,1.073182954619205,3.38488456235624,1.2734708771987684,1.507711985572168,3.419187948825216,1.1971219576422918,0.09274628764718335,3.745934314516591,1.3100697051080727,1.1080999036102697,3.4171690757693423,1.3235416830993645,1.0769069042967518,3.3928551023721063,0.7639362372050184,0.2880628885781021,3.1504224243334082,1.048797920549257,1.021649434698541,3.607576527323564,0.9565964053100514,1.1893760214388773,3.7279459726916118,1.2867228300938154,1.3094210123367405,3.7662420731868784,0.7729583115033533,0.30702043021357095,3.0765118569609538,0.9076285759249365,0.600850903927141,3.435876917981653,1.0311657155818843,1.0829741180018124,3.4334695714598804,1.039328643995633,1.5048692124145426,3.6066448252884493,0.7948311537082466,0.14831584740765028,3.1830911846878633,1.2095400091655195,1.2640192381547126,3.746697455430871,1.2140470223925817,1.233759288812952,3.7776663041174574,1.175792676574513,1.469844871484542,3.5497161455662916
1.13895,1.114112514516308,1.5223514656587342,3.469854655233352,1.1556129450955344,0.13665329408850754,3.6207076892731207,1.2487512017614453,1.0199502090709218,3.5256738916147254,1.2904434409436447,1.2358869676671844,3.2041092275295036,1.3393514377568,1.0724359460257065,3.514757106272745,1.0923641115316587,0.10422471797856353,3.5916739332268666,1.234403492845054,0.5755119968701137,3.576546098288733,1.1320642993587087,1.071747014630685,3.3962150840521055,1.2807890336044003,1.5051428543755145,3.42796018493306,1.1998243569182692,0.08917646453262262,3.7471207281234573,1.3180256426501769,1.106496299419746,3.4311971314813654,1.3315490397845473,1.0750037402796961,3.4073214114565253,0.7676695173720033,0.2957129400159449,3.155402242050824,1.057019497667441,1.0195561979361552,3.6193916502564427,0.9614889272176317,1.1879180268035163,3.7368474022301985,1.2951147054261996,1.2984074330367594,3.775900003723075,0.7767382010814196,0.316665086447075,3.0820011705401167,0.9151702147174898,0.5985190436884528,3.449098296359467,1.0381108715287486,1.0813399729274396,3.4455711771110358,1.047778746158394,1.503601539631791,3.6178486820767723,0.7966813382517582,0.15466270880209723,3.1839032287427633,1.2164714517846622,1.2555371738967342,3.756213451593121,1.220145668449951,1.224877215505973,3.7868822438651217,1.1840582415734122,1.4683582942636457,3.559629083719368
1.14894,1.12153334361033,1.5208688363594982,3.4814778004569393,1.1567220611713394,0.13585728343459166,3.6216517037034377,1.256816914804518,1.0184548387466517,3.536222534333144,1.297459515301185,1.231483939922169,3.217046709507686,1.3485869753959991,1.0736962025516197,3.53017257288418,1.0931743777349001,0.1040194947308919,3.5924070357064357,1.241823320155347,0.574021606725447,3.58715377177002,1.139037656024909,1.0705252379246426,3.407687843312468,1.2879192713115788,1.503303450421755,3.438058736235437,1.2020680894479279,0.08637261900174888,3.7466844606103042,1.326715787048412,1.1061784170557665,3.446145868051273,1.3404724842077067,1.0744228713534054,3.4227687219734415,0.7720023219319309,0.30395389054606997,3.1620757216321373,1.0657211255658467,1.0177630990774362,3.6314193795949268,0.9667994924636139,1.1852298133970653,3.7455079134726628,1.3026537862821883,1.2883213791690311,3.786996700696893,0.7810443430375431,0.32682347835474174,3.0891998118328954,0.9233759120029903,0.5959541388092608,3.464013961858692,1.0454360197867982,1.0798830612399155,3.4578647276255094,1.0558332614499535,1.5018053866749501,3.6303287653609835,0.7990874120550572,0.1618034456595264,3.1864936624409803,1.2230414295250907,1.247494239479279,3.7666953993995764,1.2259588423449828,1.2163969817157902,3.7969985776734934,1.1921589173476244,1.4670065878505334,3.570708073423933
1.15893,1.1291650853548039,1.5195880547326825,3.4934336455278188,1.157012559613582,0.13592276881870946,3.621185342844901,1.2659383869024063,1.0172153165795321,3.546727049801324,1.3066130998545387,1.2278290682635944,3.2307358028042574,1.3569449387005843,1.076180315371065,3.546951695487448,1.0933039917579037,0.10443167574857053,3.5915895045764454,1.2498179532156037,0.5727035179251366,3.5978465762767557,1.147119868877922,1.0694560289802701,3.4189585625876386,1.2955537494594567,1.502032940758002,3.4490356023911595,1.2035251771216742,0.0848368667474707,3.7449119332036327,1.3353545874546247,1.106909273452998,3.4622171025782964,1.3495789035097945,1.0748525606491506,3.4395369251873187,0.7789181081986329,0.3130988360460598,3.1711762669501833,1.0754108611750721,1.0163386358828583,3.643267951021793,0.9717990653363554,1.182131368252694,3.753238400822208,1.3094302797899982,1.2785985028792115,3.797801887648324,0.7880919073178535,0.33819767378937765,3.099014516210746,0.933956061178864,0.5921760099130976,3.482402199652246,1.053807293012421,1.078495990978604,3.4698870923768856,1.063699341270036,1.4998106475964028,3.6428853036299707,0.8036224164203347,0.1698936278810621,3.1908325339512373,1.2290061700735098,1.2396447214892248,3.776748460717291,1.2311926007442422,1.2081275320815763,3.80667134699054,1.2003238130596463,1.4659150549546116,3.5822267920008577
1.16892,1.1372189385545544,1.5174107887254016,3.5057129442163966,1.1558796409181011,0.135959984765428,3.621488922305001,1.2747952897044152,1.0151931589709202,3.5589156238002295,1.3164513507715014,1.2213924459656196,3.2468122168812674,1.364910072905299,1.0776187252471374,3.5669233498206094,1.0921908841697923,0.10453481967047283,3.59141368256145,1.257251820607818,0.5706264474556761,3.610558489534616,1.1550181214867528,1.0675063636533162,3.4317464802766997,1.3036622602327488,1.4992583495294498,3.460627383768487,1.203541390796559,0.08383427099848018,3.7440803756427368,1.3439179294427446,1.1061819530419414,3.481302584986226,1.3586443591647732,1.0737158807844736,3.4595374441204707,0.7870296334710524,0.32146757940072673,3.1844476662336545,1.0847809151733527,1.0143850037410231,3.6566756406685403,0.9759438868000974,1.1795173587213725,3.7621131473148877,1.3156885702716503,1.2672531632789579,3.8103927419002233,0.7963849994669004,0.34875808548042825,3.1130345757954716,0.9452173517708482,0.5867793748458997,3.504995693573513,1.0619609418464409,1.0762787740881414,3.4833775158762226,1.0717269499051714,1.4976436707536933,3.655757792105743,0.8091727334796941,0.17737654200973696,3.1994063819527443,1.2342565149066802,1.2307516375451193,3.7885083237772577,1.2353996852911047,1.1989183211447592,3.818130245992611,1.2086826447896477,1.464167680747423,3.5943513255108
1.17891,1.1458464698305588,1.5131218826628023,3.518881578414894,1.1531110439280092,0.134896274594998,3.6242122252186224,1.2820589801221847,1.011171061103651,3.573881409084717,1.3256956460186484,1.2092931860851308,3.266696907068915,1.373930052766365,1.0758356234556343,3.5912777410929713,1.0896346856554602,0.10328695540229776,3.5935539866934554,1.2632834913645117,0.5667696546890801,3.6267750339254823,1.1613791760006036,1.0635152294148502,3.4472233474714424,1.3121253011736715,1.4930198160244235,3.472980292178042,1.2018529214956917,0.08230052762410162,3.7458811214283267,1.3531380393411985,1.1017032373620586,3.504758528050961,1.3682434899396265,1.0687326522996763,3.4840559751628803,0.7944236323848675,0.32732095728968197,3.202614036372936,1.0925558518026728,1.010732518576714,3.672842472816284,0.9793248711676462,1.1771515071793555,3.7739181800540127,1.3218258727487087,1.2520809651751021,3.826946398336263,0.8038250687060801,0.35631763537823863,3.131774913617744,0.9551227601726067,0.5795089478266784,3.5312471944068,1.068592308341574,1.0721853487014081,3.4995791836041725,1.080261060157299,1.4946718047554934,3.6697443251498996,0.8141988871790832,0.18267147246855145,3.213891164372214,1.2390364335910613,1.2191537527395744,3.804057101013134,1.238565840473168,1.1871315080196942,3.833471527285929,1.217392586631274,1.4604784506775426,3.6076215653471246
1.1889,1.1554756785097131,1.5067388941107203,3.533519511809823,1.1500033318295109,0.13254446513295862,3.6264250736276047,1.2892231130729004,1.004902133782506,3.5880617110203445,1.3374133073456218,1.195064696922711,3.2884401408394113,1.3851971160540006,1.0719167773272005,3.6172252954084967,1.0868667685151083,0.10054773157959535,3.5951409785347277,1.2692117581460014,0.560842606655372,3.642795693904216,1.1676505687006073,1.0574071128136593,3.4619226334201656,1.32164818949314,1.4844877887071406,3.487012748201768,1.1997686645261734,0.08003871507514283,3.7473883059119544,1.364705969749358,1.0950909641252213,3.529864644700882,1.3803949560702211,1.0617588622825225,3.510221854754148,0.8027112434224638,0.3316671459472439,3.221964863995792,1.1002130370066467,1.0048813438322028,3.6882545248484697,0.9835250222200914,1.1715754081802014,3.7854846356375544,1.3284583420247866,1.2323428675514483,3.844178219975488,0.8121301040180331,0.36224780617304064,3.1516465885967624,0.96568453054944,0.569714503712938,3.5584431847028575,1.0751161221442196,1.0659405638065313,3.5150344195049747,1.0894313120433001,1.4888995591322653,3.6849762111554036,0.8199682157365055,0.18663046541240183,3.2298979035061555,1.2443870348594974,1.2034633347243222,3.820007405028121,1.2421190810421021,1.171180072018619,3.8490351324126935,1.2268384632380247,1.4540757967352316,3.622207562728565
1.1989,1.1659309562374336,1.4992727301019557,3.548835834059775,1.1469333126998478,0.12939949033750894,3.62719154801796,1.2965341684777987,0.9973641790305411,3.600558029019817,1.3520119308276848,1.180987370423171,3.310746641587318,1.397535982690497,1.0669520940890025,3.6431723276697827,1.0841996608318014,0.09694399711292949,3.595257201626753,1.2749313566584082,0.5535649778464703,3.656901617782855,1.17417093086282,1.0501605616000935,3.474855244493347,1.332185536157896,1.4750580775406867,3.5023855347491444,1.1974917704302734,0.0773510704130123,3.747694869795907,1.3778330495195141,1.0877260855974402,3.5550317763593444,1.3943604255226016,1.054217432149749,3.5364079763183094,0.8126569328065889,0.3348718587141043,3.242008125191237,1.1079260407416518,0.9978683573813816,3.7018695132051413,0.9883400551559787,1.1633551923589849,3.795211105651505,1.3348926033668034,1.2104296229101137,3.859747504038113,0.8222119858275608,0.36689891978850725,3.1721842659149857,0.9772887261987271,0.5585034032972389,3.5859777089055456,1.0818306376733784,1.0585103747717928,3.528663506767599,1.0987987928624714,1.481106975416268,3.7004486714740135,0.8272351388860796,0.1895826953049385,3.2469608593618298,1.2498242902301127,1.1855838658193523,3.834199755684568,1.2458424231396767,1.1529765765157458,3.8626488039847544,1.236714403343178,1.4459612745441046,3.6374174130983707
1.20889,1.1762823476824937,1.4925162155317155,3.562565802887644,1.1429876916293673,0.12649495203697633,3.628688001206025,1.3023075630540726,0.9906236297352193,3.614202951219542,1.3659436430851049,1.166590033021513,3.333593042261553,1.4073522776663583,1.0613962881907737,3.669523676295969,1.0806695562286162,0.09371456212902338,3.596061538660631,1.2784435618463426,0.5465941960550973,3.670564308200233,1.1794741715309733,1.04363784878817,3.488588193785322,1.3426365803476088,1.4656825309984876,3.5171216636136493,1.1937741314944272,0.07490740634142755,3.749024919889017,1.3888705600552067,1.0799264964624693,3.5806239217656413,1.40613070964612,1.0462042838632837,3.563075734589274,0.8232178069865942,0.33616636544002626,3.2661392935759275,1.1139090787428745,0.9921784473637602,3.7162188951315835,0.9914291420166074,1.158008440346696,3.8043569249976685,1.3391717351901464,1.1916379726735224,3.8734772366076435,0.8331268426737019,0.36895266225592854,3.1966316209522323,0.9876709972938303,0.5488967387171084,3.615593379916209,1.0872483876308852,1.052002875997196,3.5428689804231244,1.1074212693557035,1.475288826591696,3.714129654557495,0.8354630047002125,0.1908780335538115,3.269539706363445,1.2532171684124496,1.1707676758704866,3.846972976340827,1.2476085482373438,1.1380455475194182,3.8749832103737005,1.2459383919705573,1.4388950110315524,3.651658038596906
1.21888,1.1863009379867981,1.4868217924097609,3.5745433419763857,1.1384524406315724,0.12404101944045866,3.6304191483783774,1.306876119727077,0.9850430128238149,3.6278859032656205,1.3781470650786825,1.1525554562873945,3.3555065152353274,1.414663369166302,1.0562987769218704,3.694849417874876,1.0764889937894966,0.09104128095759488,3.5972097410326063,1.2803102244311684,0.540339141465804,3.682727153848043,1.183705152223885,1.0382312766005781,3.502212167102637,1.3526043501575458,1.4568581713029467,3.530266873762716,1.1892431353375075,0.07295568443101577,3.7507563309360368,1.39754861840171,1.072586940350601,3.6052303766404084,1.41538139465696,1.0385792041940174,3.588800416026552,0.8338086348455057,0.3370601867677223,3.2902593089794667,1.1186111750797312,0.9879092839071905,3.730447044637096,0.9935863355493082,1.1555166182217464,3.813339223959418,1.3426250326507057,1.17593595018357,3.8840642627221804,0.8441319523710317,0.3703020794077179,3.220843628237327,0.9968757425432283,0.5410219809316905,3.6444256027614417,1.0915815353222826,1.0467324427757203,3.556869661893172,1.1158316011587914,1.4714832121530614,3.726175156237892,0.8440706041965657,0.19163463832666075,3.2929919981637643,1.2557369512955203,1.1589271296072197,3.857411157716352,1.2487475379952762,1.1262405932179558,3.8851546237264354,1.2547074068582498,1.433127321291476,3.6643699694147873
1.22887,1.1964214366124086,1.4817720305664324,3.587246119916698,1.1344849511988029,0.12194367032497273,3.632593239115963,1.3117920110082737,0.9801686639209267,3.6416820624523876,1.389804575638968,1.1396601100227257,3.377631390621673,1.4210502342996916,1.0533818794673078,3.7202950841307914,1.0727836015131504,0.0888283234168251,3.5989373253752803,1.2824960553214042,0.5344910889214723,3.694119517147015,1.1881675475379445,1.0334285171512139,3.5160037224528145,1.3625213062750985,1.448801999284206,3.543752071343912,1.185265913563669,0.07135941959545045,3.7529921860131545,1.405332223434749,1.0670580154398428,3.6300054699684328,1.423687106614442,1.0327182065679035,3.6148288357840612,0.8459329588510593,0.33511887911862925,3.3164072697947176,1.123733524190094,0.9844273026415236,3.7449118796751595,0.9960698412819845,1.1537153758940055,3.8229675057413397,1.346316672418601,1.1605202114213007,3.8932968896599407,0.8561975345671036,0.3680819850605337,3.2465279120520707,1.0073853166594033,0.534126811958041,3.673481003535168,1.0961843542473,1.0420648452339913,3.5710920460306275,1.1248866401899533,1.4681606543092522,3.7391222107249202,0.8551359758182729,0.18952648877556272,3.3204750591715992,1.2585399153183412,1.1474324779430733,3.8669259492001427,1.2503490022114792,1.1147439283505207,3.8943565608167368,1.2638116482185229,1.4278892911988614,3.6775449333615318
1.23886,1.2079769606075985,1.4768639533958763,3.607685836302197,1.132848874975633,0.12045916774212162,3.641607273404906,1.3190475603180254,0.9757332533448039,3.665279676146593,1.4047267508906442,1.1269216765410206,3.411106301553888,1.4272116563219113,1.0553513606089706,3.757525445357873,1.0714410196490995,0.08775611849342149,3.6070565488116832,1.287111531735964,0.5285310746942197,3.7146730729043256,1.1950327962996141,1.0282977497061767,3.5391600562664878,1.3741774773993227,1.4414939118420966,3.5663290400172665,1.1824346366574945,0.06948984246036351,3.762336641090693,1.413610958276178,1.0650222906601592,3.666496975447305,1.4325446113109512,1.0302075637689867,3.653291724514957,0.8663395996371754,0.31315559108895036,3.3758129379949913,1.1311953057615045,0.9825666451157549,3.768844642596666,0.9966991148228979,1.1527387418949002,3.8366825003197755,1.3456050102934278,1.1424991571617313,3.913870847414962,0.874835864918756,0.34092621519586747,3.3036082788612298,1.0251664012007102,0.5292614121828986,3.7220853492296846,1.1031044423627716,1.0373145794419785,3.5945159768472075,1.1342095795709322,1.4652995061686191,3.7591789735085195,0.8783837856377763,0.16969527142070376,3.3915233990980025,1.2577425968072298,1.1343146680798426,3.885818321583062,1.2475412744257415,1.1015320842707785,3.912410117254626,1.2738693972794823,1.4232538585217744,3.6990632554354197
1.24885,1.2203656659950621,1.4731601082995232,3.634110242308218,1.1329572482012753,0.11977065728685982,3.654808806968167,1.328211565940196,0.9725483123451166,3.6957860749852793,1.4220532538095483,1.115525946333155,3.4538443204064504,1.43331558892896,1.0631359848860953,3.8040592674011715,1.0716893651319461,0.0880759901716336,3.619180668125648,1.2932328123707204,0.5232238326516772,3.7401597216600067,1.2037174543641922,1.0240545223724722,3.569175130890492,1.3870663179685983,1.4360395626032207,3.596113900032085,1.18060498525738,0.06731908543688862,3.775836237508549,1.422279292963068,1.067554090632836,3.7123398498205846,1.4418090082103645,1.0321754393791842,3.7017345634206227,0.8922714472829746,0.27694608866991277,3.4593778184616437,1.1407299856604272,0.9826992281855863,3.7996800638785397,0.9953193722146666,1.1532117900791476,3.8523486556628606,1.3402912226002472,1.1231451236277163,3.9431554083714895,0.8976326422225539,0.2957959476925647,3.3836983475253963,1.048297031542498,0.5272723554613347,3.7835114608865243,1.1118678281727543,1.0335759450292203,3.624784831965956,1.1431875665242182,1.4636273204938448,3.7845883662548143,0.9104269061676159,0.1377855165297821,3.494100862431247,1.2531608468707938,1.1206876564266792,3.9115962917877205,1.2402163832016992,1.0877275538156932,3.9368098265158302,1.2843404031062777,1.4201134499290755,3.727066332730162
1.25884,1.2306614807142113,1.4732645400859867,3.654429112402912,1.131544093329624,0.11993182551565187,3.658923212099169,1.3360228314925544,0.9724256770355671,3.7150920303016632,1.4353317122658695,1.1092014113647093,3.487463021470161,1.438983195826783,1.0752277525606322,3.8400558578915476,1.0697643034262796,0.08940077507036936,3.623282536803669,1.2966136216325008,0.5207049041795692,3.7498882712647608,1.210423393576215,1.024127249029601,3.5893191144535903,1.397849333177389,1.4346293287054541,3.6184192719205894,1.1788907221389366,0.06565773331728722,3.7793702341416475,1.4295261132790422,1.0747168378852643,3.748069678911258,1.4494815724815382,1.0389260434916747,3.739769461176835,0.9095868071029557,0.25969116133455505,3.5093829597363553,1.1494964750971934,0.9843506841744878,3.8205407534899605,0.9946162096669561,1.1557239322076398,3.8614465312010156,1.3360946238127567,1.1080787803826133,3.9599861091143844,0.9126322750432364,0.2735718510366872,3.432085206666395,1.0655330021746752,0.5282723873778505,3.820039193198449,1.1190448022462807,1.033716242147931,3.6457454238151827,1.151147510755978,1.4642741037168365,3.8042996319537594,0.9320582191281842,0.12367277289862015,3.554172806854718,1.2495865815211298,1.11071162144851,3.9263673601776463,1.2345689744962678,1.0775451302717616,3.950213281292081,1.2934018143455708,1.4199451061202895,3.748052654813429
1.26883,1.2379484263665033,1.476528170597769,3.668187918336493,1.1280630843069643,0.12134380038465048,3.6561308780350084,1.341076932116703,0.9748929330665088,3.7247249210332103,1.4440141313349226,1.107408295371926,3.5114320740151155,1.4429226910493524,1.0896972272241165,3.8650350156493105,1.0654585479763425,0.0918800444244732,3.6211382462918187,1.296420524769603,0.5210790537506005,3.747737800718919,1.214207834374735,1.027725675055211,3.6004982048312058,1.405520121265631,1.4365625190083338,3.6330779998079112,1.1761854080537588,0.06527023564288213,3.7755100835969837,1.434332829134223,1.0849092187873426,3.7731341830459466,1.4546051499675832,1.0488953883164216,3.766747229820838,0.9159590278021617,0.2612976038914665,3.5291626288805835,1.15578441179033,0.9875206647997906,3.8323064202683197,0.99371453907829,1.160015316092994,3.864033997149842,1.3318986823085055,1.0966708398845342,3.965547199571419,0.9176514985544205,0.2742106314137942,3.4518233133387346,1.0747869685761573,0.5317845127771267,3.8358877774341247,1.1235060633445435,1.0371707809623767,3.6579965633194322,1.1569217141327286,1.4670159955790605,3.817824536408157,0.9401827887424039,0.1265767226944082,3.5754102775138676,1.2459612756565805,1.1038755232573254,3.931067399762656,1.2294052185974513,1.070532779911751,3.9535630661300596,1.2999656218296767,1.42237905031933,3.761807249386314
1.27882,1.2424509224319018,1.4808319525649518,3.679556273440791,1.123344312124647,0.12419876037789894,3.653738112690251,1.3432360759296582,0.9783745803686048,3.7331634736684394,1.4500977260636803,1.1076200694843077,3.5323747645704557,1.4437594467276778,1.1048006843775164,3.8862599600579593,1.0601570427545386,0.09562259003016245,3.6191244993634437,1.293761474236065,0.5232669647787588,3.7459979328700097,1.21560234848285,1.0322979372139665,3.6100235468008175,1.4103749289284646,1.439804675465852,3.6456054649108354,1.171788596597098,0.06643676208794215,3.772305567548237,1.4362255656093055,1.0960576718226653,3.7945745299762565,1.4568281198449216,1.0599368141369927,3.79000559776821,0.9151764671058066,0.26783364275836163,3.545109419324324,1.1589678930703067,0.9919715150831467,3.8423206230125517,0.9904289187075006,1.1654006451540804,3.8634852259442396,1.3241762804696824,1.0861861727075421,3.969321692183705,0.9157394763969108,0.28072324713433566,3.4677952879230913,1.0787734133664144,0.5367588241066465,3.8503693782481485,1.1254437849968448,1.0418103464171766,3.668316375793795,1.159605943337192,1.4708101273236185,3.828862713730124,0.9398611840096761,0.1332243212076939,3.5911886225825356,1.2391547793221043,1.0980225769215173,3.9336485480479073,1.2209418570162,1.064567032506405,3.9546293150246252,1.3036354435853466,1.4260278641499586,3.7733119420916403
1.28881,1.2445459814957323,1.4847925410654335,3.687808638629199,1.1179351814498653,0.12750594410339874,3.6497127375845735,1.3430849644106606,0.9815911636646746,3.7382058757891503,1.453656182382607,1.108135867549794,3.5495288336697692,1.4412741985046285,1.1198029541820207,3.902963083721482,1.0542892855193045,0.09972488826346891,3.615336980959304,1.2900418117992276,0.5258726478147516,3.742916896754323,1.2149074971220328,1.036697347725954,3.6160582326428825,1.4128084439017528,1.4428647671772155,3.6551329211008667,1.1665087563804586,0.06811752915031319,3.7675688357827704,1.435033397328046,1.1071572535768108,3.8116651990969257,1.4558870462913136,1.0709700497993333,3.8089510030860945,0.9102532654681869,0.27748111641541284,3.5545894743066513,1.1597397606571493,0.9959489937872514,3.848762685070353,0.9844180231639856,1.1712122823655091,3.859419806914775,1.3132617087335186,1.0775556551404937,3.9696919894377682,0.9098275553108093,0.291217672060097,3.4774271178113865,1.0797493594113765,0.5412740903429654,3.860812249048324,1.1252390877129952,1.0462509744572226,3.675059374569192,1.1598780644051143,1.4742724350012397,3.836656701781661,0.9345108636507825,0.14216774201789947,3.599002042053034,1.2293137712811901,1.093501290562274,3.932815235371149,1.2096038650920509,1.0599499751547323,3.9522546598425565,1.304878098584943,1.4293426631010169,3.781710830884085
1.2988,1.2449864211056347,1.4878520812138045,3.693894001808375,1.112098130775917,0.13065855943564514,3.6436623824373875,1.3413018792324078,0.9839989752556543,3.7398499452059397,1.4550617974369489,1.1079633394963446,3.5641808199407383,1.4365632588658672,1.134409830944103,3.9163921106337916,1.0480267168455748,0.10361313881953928,3.609504508697641,1.286040072678014,0.5280813304931851,3.7380954476014168,1.2126141780516324,1.0404200325445494,3.6187830216293486,1.413539669873851,1.4450018624111387,3.6623538120813692,1.1608679572538683,0.06971896516976452,3.7607809125622764,1.431635105377051,1.1177693884506141,3.8257057058324735,1.452604905032976,1.0815277841256852,3.8249055895907507,0.9034868838971009,0.2895669575363211,3.5574802315178156,1.1588403826564977,0.9987154496716829,3.8518427441973504,0.9767693668955648,1.1768137925728763,3.853396879542417,1.3006775862157658,1.0705427753704964,3.966953728213765,0.9022268779605339,0.3048914256436946,3.480692625424623,1.0793432978662982,0.544596946901767,3.866812745288156,1.1234278237226016,1.04988647138372,3.6785130416606044,1.1587498134289278,1.4767168673715394,3.842246292652169,0.9266721991356287,0.15315040056964,3.5988564853251295,1.2178310328002617,1.0899498982456328,3.9291773664587653,1.1969057172424047,1.0563248135647105,3.9471279117770712,1.3045243987750856,1.4315704325562009,3.787789496497689
1.30879,1.24498113521399,1.490391053033564,3.7015510155529223,1.105978994347226,0.13379485082112916,3.6391069690048576,1.338640262417061,0.9859946029980596,3.7429809993240197,1.455644740236603,1.1070001893055053,3.581346312175231,1.431852511190626,1.1487191206819831,3.9316212089241622,1.0416051619566262,0.10736632440199141,3.605024046700392,1.2817448236210494,0.5299862939013736,3.735599599935131,1.209625372376882,1.043545236930567,3.6227005504178593,1.4137108965673575,1.4464183582522985,3.671046245010881,1.1548241384832953,0.0714864440817762,3.7555933780470068,1.428008771482148,1.1280099721622874,3.8417639269873787,1.4490018777430027,1.0917564324018494,3.84287647577325,0.8968500684844347,0.30164622242135886,3.5631672806093224,1.156884532167971,1.0012026536872918,3.856095846307964,0.9697445994949474,1.1818450337060216,3.8497950502675162,1.2883904115842009,1.0631703783538742,3.966039998583499,0.8948837613751576,0.3183781238244036,3.4867429238889036,1.0787158471936487,0.5477149039828192,3.875413484832708,1.1208159613056867,1.052989855779044,3.683011649013523,1.1572767589129225,1.478560507029667,3.849467720659876,0.9186757158038624,0.16428530645172074,3.6019100300307976,1.2067468149302785,1.0859913297474484,3.927506725573111,1.1846289286788432,1.0523913040054858,3.9439695437193465,1.3036700012718927,1.4331212349505356,3.7953456702403225
1.31878,1.2459728239807064,1.49364045075975,3.710672218771373,1.1011545261901692,0.13698080243279187,3.6366810247434076,1.336970353952233,0.9888913005505291,3.7492832491412678,1.4578535459074238,1.1070193697348603,3.601178987698524,1.4274797950274942,1.1635859122354446,3.9487285385199553,1.0365863365971504,0.11111912147068075,3.602544326523722,1.2775738957256373,0.5327108422942385,3.734752225475132,1.2078843320024921,1.047256179080998,3.629312397091158,1.4148502084922272,1.4486186335186315,3.681822079275127,1.14960047426712,0.07346482916930687,3.752846670080442,1.4250604812494245,1.138954729741988,3.8598499069064913,1.446040239948929,1.1027752897132992,3.8629135435103397,0.8954686731899668,0.3088028078199754,3.5765885925106113,1.1555841731584477,1.0048388893196014,3.862907542508271,0.9643289578042215,1.1880511837682592,3.8489388293264635,1.277494103896341,1.0584156669698583,3.968689968979503,0.892882618525322,0.32575059561163516,3.5002697193490153,1.080670021605898,0.5520599386263221,3.8885386299912392,1.1192652366551048,1.0567031556092905,3.689901542895564,1.1565752700842264,1.4816374440978288,3.8579659909827257,0.9168959445781181,0.17133320392859241,3.6149217998257193,1.1971692579592008,1.0842131056546969,3.929170919159923,1.1739212821983946,1.0507240633862815,3.944261821282444,1.3035807796442915,1.4356688704916702,3.8046659511208034
1.32878,1.2489871668895214,1.4985213564026925,3.719918615810094,1.099020180946443,0.14027087784630618,3.635586773766603,1.3378005775542787,0.9936643473406773,3.758408739563866,1.4636946150939076,1.1096760318124765,3.6221146171403293,1.4232227679732083,1.1795390944771345,3.9660967486762857,1.0343029681607787,0.11503377456387143,3.601334877955493,1.2740433145392416,0.5372115518155445,3.7334567333932482,1.208900641107125,1.0525596375345325,3.638274425827653,1.418081981134882,1.4528559525542923,3.6940770414508033,1.1463659042151126,0.075609333817778,3.751840999628441,1.42317157200993,1.1513796535265461,3.878271773550816,1.4441373954316645,1.115386318258069,3.8833608634860783,0.9033283411807537,0.30756221883010715,3.5989670869961197,1.1563679497297745,1.0105130851403967,3.871820144488959,0.9605131341137022,1.1971532570315608,3.849210152126999,1.2680760212673114,1.0595790329157433,3.974536372868381,0.9001471010807279,0.32293448011004544,3.5223709397485328,1.0874617455884321,0.5586245336952641,3.9054269321771935,1.12025502308098,1.0619242300486544,3.6987751087159104,1.1573502168938743,1.4873732894888385,3.866058603498176,0.9263497865511088,0.17126862436911808,3.640127056078434,1.189201212474899,1.087382265329425,3.933483995108513,1.1650066901583342,1.0540390681453158,3.9474047632951246,1.3051031330311345,1.4404877304010348,3.814754330279013
1.33877,1.253383858658931,1.5036973380966572,3.7304890092366607,1.098124884554891,0.1438434109575137,3.6355994806651566,1.339732013213131,0.9988380521530411,3.769262016595843,1.4720419174263661,1.1133372391866256,3.6452461045506386,1.4202391181088092,1.1948533686914193,3.9850761583023453,1.0332807946887748,0.11930096708923847,3.6011592515917505,1.271227389756433,0.5423375902627258,3.733251242213989,1.2112071245612475,1.0581710228487453,3.648698239037004,1.422659375212507,1.4575962439697892,3.708699971818373,1.144060459576572,0.07797667722352321,3.7520223081387547,1.4228931486391332,1.1635961827621282,3.898373810047521,1.4438056495764304,1.127856792338036,3.9054080802268496,0.9157334058106832,0.30268802263439004,3.6279030699278927,1.1580135551886213,1.0167754438954968,3.882077257729233,0.9573889289222437,1.2073874022978865,3.849756309553636,1.2586231287073038,1.0628567751576459,3.9822092398092064,0.9118818204467749,0.3154438849228905,3.5508860900804633,1.0969089282295899,0.5664474629931256,3.9257855706708895,1.1224087596242642,1.067455086084474,3.708917404695739,1.158920808184969,1.493733356780566,3.8748736356472504,0.9412762920180773,0.16841470273285356,3.6736955812238614,1.181449926204448,1.092355929722642,3.9392273578038237,1.1563588157497244,1.05917377953751,3.951909630880577,1.307513142470121,1.4456835324706026,3.8264723878304485
1.34876,1.2579335334219532,1.5082079231264318,3.742887025660519,1.0975791088168452,0.1475425177984777,3.6367645801936614,1.3417772828298387,1.0032951788148616,3.7813044854298594,1.481228829912049,1.1170499058046346,3.670400266887992,1.4181339409856155,1.2090991700041256,4.005481981900309,1.0326287105812681,0.1238260322820106,3.602022547152,1.269173535475882,0.5470910802827977,3.735337468712585,1.2137322071476782,1.0630162305868276,3.660195332646072,1.4273123647441237,1.4619560479307017,3.7255276650846056,1.1419352206897595,0.08023906566421769,3.753216620085474,1.42350154674214,1.1750362959683909,3.920024716109472,1.4443007566972659,1.1396110122970629,3.9289037477587323,0.9287148217138284,0.2969317222300352,3.6613989008516152,1.1596975486858152,1.0224738626445196,3.893376411507349,0.9543981166996452,1.217039293837655,3.850736713054615,1.2487120665217382,1.0654332066325753,3.990626629500622,0.9241033262827979,0.3065364721725435,3.5840034620294197,1.1066673417922421,0.5745792136593697,3.948773264061711,1.1247319768165762,1.0722827039897258,3.720066425046638,1.1604261469388595,1.499172660680008,3.8851552635569333,0.9570252964388697,0.16527924979453512,3.7126016280005287,1.1734156348024651,1.0967033117279437,3.9456461474161872,1.1474472056346658,1.0636777497862926,3.9569393693608106,1.309858034804865,1.450036874821948,3.839996573070923
1.35875,1.2612796423293196,1.5121065273786403,3.756129561720021,1.097801333838732,0.15083942764457722,3.639261213028898,1.3441189214732223,1.0069787922519084,3.7947827627995347,1.4897299297336963,1.1213640411774621,3.695298845710294,1.4146082544674465,1.2237521130323312,4.024688683390725,1.0327780241647002,0.1282105629910278,3.604058190727816,1.2679584063804732,0.5512231188450997,3.739570433317373,1.2165804626345074,1.0668847269228012,3.6730456517502854,1.4307617035859344,1.4664325226350354,3.7427811997910356,1.1401320262982313,0.08166363763168429,3.755613708210921,1.422918644559057,1.1869053449025064,3.9406952598103047,1.443555340031337,1.151896965736547,3.951478587857969,0.9413963136278781,0.28871446908192955,3.6986627173583635,1.16168312363411,1.0274230438736647,3.9059694560077376,0.9516834359604928,1.225407803311083,3.853248385619481,1.2396456628256962,1.0675364279221493,3.999320117346541,0.9360328844617044,0.2945346553859258,3.6209693949928923,1.1153423332152967,0.5825522246076102,3.9726836352771966,1.1273604843062022,1.0761837324111532,3.732514170843249,1.1612463963426318,1.5036465397632373,3.8964435891511457,0.9729984286356967,0.16048545937497083,3.756076287437934,1.1660754986310797,1.100404032628972,3.95266471261303,1.1393994575124438,1.067503380011819,3.9626448197846824,1.3114158355739334,1.4539101304502478,3.854211408230462
1.36874,1.2639771121284653,1.5156603736136973,3.769649050489409,1.0983716599695377,0.15400587109981106,3.6426751769694325,1.3465457830499918,1.0102267655241113,3.8096154796781474,1.49675392681879,1.1256990706914067,3.7197111919855197,1.4103606618271889,1.2388168231344765,4.04260869987664,1.0332898452356756,0.132754137879839,3.606897583629253,1.267088025453985,0.5551074771576148,3.745366425324176,1.219552554644773,1.0702150640440442,3.687223135677462,1.4335277296717146,1.4707883357400255,3.7597731899366265,1.1382949965968034,0.08248534479040727,3.7587223669250305,1.421379689275243,1.19907337458189,3.960315521903447,1.4417315141093296,1.1645291166953782,3.973024818202166,0.9539534074293562,0.27795542611822655,3.738449510619578,1.163792318574155,1.031960774413446,3.919825213495189,0.9496284867541478,1.233141234069987,3.857235258746664,1.2321225330630934,1.070195637325532,4.008225576486843,0.9478858553862626,0.2794266733683818,3.660624897087841,1.1224960608894996,0.5901467717524868,3.9960407212700186,1.1301276653675396,1.0796283355503788,3.7462562714237175,1.1619302728004934,1.507826459477432,3.9083063150934843,0.9894687638590838,0.15407247882947747,3.8026495475299726,1.1600554385526283,1.1043433094224988,3.960198814781046,1.1328665602180208,1.0715169952206827,3.969008997993064,1.3127172622057652,1.4576515460874762,3.8686053581794866
1.37873,1.2669491162970747,1.5188379549539568,3.7834309801467683,1.0987198363158082,0.1572994465718108,3.6463641853382467,1.3488491305600285,1.0130966075007608,3.8254624613275654,1.5022843240232284,1.1291854566208999,3.744069674859623,1.4069522515698523,1.2529079998773336,4.060243642899339,1.0335732815083074,0.1376717354689823,3.6099714954209823,1.2661711991005367,0.5588787106184946,3.7521857314959473,1.2224759277780635,1.0732211083498011,3.7024309468126457,1.436505627902687,1.4744444273185282,3.7767443404090004,1.1360821153669511,0.08303306690785144,3.7617986959662346,1.4199797762624082,1.2103134955132486,3.9797641547969875,1.4398815897867454,1.1761927619421366,3.99425101156055,0.9670082122328847,0.2652616638565742,3.7793472624223816,1.1658029813159263,1.0361371543720832,3.934652392447933,0.9485728670050834,1.240491436263711,3.8621100640120867,1.2262279271894523,1.0736993722077959,4.017655481910811,0.9603036289336975,0.26200113302836947,3.70165415017665,1.128364291990546,0.596888326538652,4.017816542530002,1.1328721086985554,1.08284058233713,3.7610114845296496,1.163017299060731,1.5119267495135467,3.9205615642747618,1.0069653528682618,0.14666712767663387,3.8505325558995533,1.155540300813953,1.1087706618569217,3.9683162427282896,1.1279927466225406,1.0759531237492128,3.9760459404695814,1.3143803790210211,1.4611357627175552,3.8832584221904614
1.38872,1.2691699422320266,1.5204687710211593,3.7983402119327736,1.0993193576038454,0.15963445098784995,3.6499703488418116,1.3515946318330774,1.014278909624896,3.8418029833213323,1.5075378018831211,1.132062740469696,3.7673351872177947,1.403582478495412,1.2629755553791886,4.077605688078756,1.0341289963196785,0.14179307457510343,3.6129309417599793,1.2660856779584186,0.5610275446101294,3.7602232929777135,1.2258822546816583,1.074488588491564,3.718107699175806,1.438853055227257,1.4771173060729779,3.7948620585880266,1.134104744456858,0.08234893166893091,3.764470358523735,1.4186059368951596,1.218397657862534,3.9986304169424045,1.4380823197645303,1.1846373240504884,4.014509770973271,0.9811670878290916,0.2505305573124478,3.820305059935054,1.1681929651460443,1.0383960116961235,3.9498799781394283,0.9484009231977086,1.2444605962162816,3.867620260266976,1.2213002302748743,1.075097828777865,4.028494357875015,0.9739522202443632,0.24235220040452715,3.7430401201790837,1.133813401415031,0.6011958944970098,4.037923266756858,1.1360635984963374,1.0842716650397206,3.776188500619238,1.1631796664271836,1.5137801122537895,3.933634990695362,1.0258017087226614,0.13805047438822543,3.898335611806108,1.1520647265698545,1.110793025578618,3.9776424819178766,1.1242884615094313,1.0779036137535316,3.98424458622923,1.3153115824817045,1.4629875051410792,3.8989643601718775
