Time,C7_X,C7_Y,C7_Z,LANK_X,LANK_Y,LANK_Z,LASI_X,LASI_Y,LASI_Z,LELB_X,LELB_Y,LELB_Z,LFIN_X,LFIN_Y,LFIN_Z,LHEE_X,LHEE_Y,LHEE_Z,LKNE_X,LKNE_Y,LKNE_Z,LPSI_X,LPSI_Y,LPSI_Z,LSHO_X,LSHO_Y,LSHO_Z,LTOE_X,LTOE_Y,LTOE_Z,LWRA_X,LWRA_Y,LWRA_Z,LWRB_X,LWRB_Y,LWRB_Z,RANK_X,RANK_Y,RANK_Z,RELB_X,RELB_Y,RELB_Z,RFIN_X,RFIN_Y,RFIN_Z,RHEE_X,RHEE_Y,RHEE_Z,RKNE_X,RKNE_Y,RKNE_Z,RPSI_X,RPSI_Y,RPSI_Z,RSHO_X,RSHO_Y,RSHO_Z,RTOE_X,RTOE_Y,RTOE_Z,RWRA_X,RWRA_Y,RWRA_Z,RWRB_X,RWRB_Y,RWRB_Z,STRN_X,STRN_Y,STRN_Z
2.33531,0.11433290765800859,1.1590251873338746,0.09055346693623524,0.3960490722278937,0.09596559206383537,-0.05497322826608687,0.18643143667452913,0.7098456676019328,-0.04716992484449838,0.4108933316708855,0.9151863839144281,-0.14262116222901478,0.4128025699908502,1.0633573505238025,0.16682843701872724,0.34112073861003284,0.046655342077398056,-0.030052128752355786,0.4986915226180776,0.512725620744198,-0.08165398832155679,0.00016777565634063844,0.7196655156868073,-0.08045699062734386,0.23295681718457326,1.1464655117286653,0.003356145105970552,0.5258125960524628,0.07511630822170387,-0.022521929734385524,0.4040057140863245,1.0187970216082411,0.08718940499196226,0.4436169655701903,1.0117266281956443,0.08392438102535238,0.18655729233268328,0.08213570860208434,0.28425493325167484,0.15522119633495296,0.885216433537228,0.44004872174048343,0.3886820649957455,1.032306077236861,0.21995252932342643,0.17070800459304297,0.0350855340153434,0.22388013870406448,0.2560247233039726,0.48023570247997316,0.4125535297406926,-0.050429195156139806,0.7108054959351586,0.02407344862839241,0.137552933902773,1.129125532490999,0.22716611506087606,0.28852457719161,0.051466302550524104,0.3731684843213234,0.32290228489143313,0.9890262072480102,0.2693508761848714,0.3503585963682555,0.979695761719119,0.29998415763306363,0.21140613836673167,1.0820851730400112,0.12479633955410907
2.34529,0.11498403085014627,1.1584493861669019,0.09103583244423405,0.3957529427664767,0.09529906896157771,-0.05542065465350538,0.18554018409772233,0.7098723724845744,-0.047382331313358485,0.4126047312579235,0.9158388128065871,-0.14140710934760167,0.4140465888816817,1.0666693661988664,0.16628028977114517,0.34104304678201336,0.0456341449490406,-0.03064673044161683,0.4981100489765077,0.5120312599798111,-0.08174887000343316,-0.00070817149459603,0.7190762572622421,-0.08049826994872424,0.2320206994734706,1.1461297111299464,0.0027895042150734807,0.5255810417208872,0.07537757928617557,-0.022338978273065937,0.4055996786905347,1.0208526129171072,0.0877828002748836,0.4450945279941269,1.0128445421911905,0.08552197213851541,0.18612785340541346,0.08161901713027016,0.28407544245914346,0.15588170636239496,0.8861752282107357,0.44095960758435243,0.38937102275593555,1.0337370436604596,0.22193263274018613,0.17041861923074195,0.03435322916078771,0.223835969095658,0.2559296611913119,0.4796619118423436,0.41226814373189835,-0.05127731632263457,0.7102352953692241,0.024070834272697846,0.13755765035700285,1.1288209094785029,0.22719692232106403,0.2884561537265586,0.05165250938312226,0.3728053276325632,0.3240825723175374,0.9899381570471122,0.2708457535683662,0.3520413042924672,0.979778560142941,0.30081536449841867,0.2118815243923523,1.0812246956526157,0.12465627290704237
2.35527,0.11542283118835411,1.1604333307395085,0.09120994335449409,0.3958345780290788,0.09544767310310426,-0.05536893052659455,0.18579117805646425,0.7115491406523464,-0.04740259460723325,0.4123910195545862,0.9165595701909897,-0.14167324660018477,0.4142788763884274,1.070171235638942,0.1637452140199057,0.34108191846384855,0.04579610028142354,-0.03059537905777778,0.4983134162285506,0.5120554094512594,-0.08203994445973642,-0.0005507461197379304,0.7199692554938191,-0.08055608233762507,0.23281747885557375,1.1476151771352936,0.003311054694476928,0.5257277016982795,0.07530045184396161,-0.02249351645032897,0.40570832302419446,1.022684863040153,0.0865530758707219,0.4450890011215791,1.0138382372486205,0.08494460088604812,0.18616305845446812,0.08171647062606788,0.2842197566847027,0.15543893851926482,0.8875129409207004,0.4409335704275282,0.3873668601513934,1.0371740564317615,0.22274817478822423,0.1704052110369269,0.034532612750706924,0.2239441205887972,0.25553645847851775,0.47968734049926154,0.41252227186018,-0.051143844911659665,0.7112448651409972,0.023974771007273757,0.13812819790808967,1.1303200152753812,0.22718628563236107,0.2883727235814727,0.05140722084127089,0.37302249874555016,0.3230111737381117,0.9918760723863578,0.2710560938193247,0.3513644373661245,0.9812963278031464,0.3006041748078351,0.21185527396588605,1.082648004210726,0.12453332593795831
2.36525,0.11570036936360271,1.1636549752507201,0.0911816630091651,0.3960295291224224,0.09579917870208056,-0.055205202216071156,0.18656394266885026,0.7140074916434934,-0.047247834695355706,0.4115285530697312,0.9176375185951173,-0.14220268149039816,0.41481753808035443,1.0736544152320313,0.1611847570142516,0.3411818321181976,0.04625781951871619,-0.03038210010056527,0.49861955397084573,0.5123408412563952,-0.08244883757300735,0.00010457786065278058,0.7219247580341613,-0.08046072915325951,0.2340906517337207,1.1502207813555057,0.004064258090102323,0.5259749793154326,0.07516539156872167,-0.022755325746005646,0.4057323227315719,1.0247504827082639,0.08506170193460295,0.4449872863409645,1.015155614401716,0.08380758854686525,0.18632552642613456,0.08194463827660778,0.2844533013451568,0.15475809307166769,0.8894401459652292,0.4405263316869291,0.3853564948474467,1.041163467300961,0.22323813165940237,0.17047469783908617,0.034915446875944216,0.2241029002217349,0.25485886892372495,0.4799311695847135,0.4129412077242409,-0.050505079022065705,0.7133545024717811,0.02401991741607335,0.1388455898335629,1.1329586223280856,0.22709333897593345,0.28828480977363946,0.05105354701160623,0.3733969232790981,0.32171405523014823,0.9944537046980534,0.2709401227070967,0.3502816699911061,0.9836000658559415,0.3002578827324163,0.21170319906337354,1.0853648492112005,0.12441697828574264
2.37523,0.11588304612980237,1.1668941417408907,0.09106289234633716,0.3960976654692083,0.09579710170635036,-0.05527976569119771,0.18729066539584396,0.7164590172198283,-0.04693648038685806,0.4111721784834207,0.9193389254249793,-0.14192076184774363,0.4168296075941476,1.076921567673008,0.1603511520907478,0.34128992458046636,0.04621842728321285,-0.03044437187997218,0.498418854137906,0.5124686374369227,-0.0828909125868556,0.0007669081724079997,0.7245393969903582,-0.08006406009150488,0.2347028700309726,1.1532890186385165,0.004273539471747171,0.5260709154855825,0.07521908497945214,-0.02291280284458624,0.4069234790489778,1.0274507047580101,0.08470425864722698,0.4460287930589878,1.0171885431365817,0.08356206566683388,0.1863063798673815,0.08186656410706668,0.2845661206252661,0.15461589719049493,0.8921339773129099,0.44025422481998344,0.3857523346849151,1.044380266141029,0.22417127986172947,0.17045059932466328,0.03486328307429941,0.2242196698939551,0.2539264796188394,0.4800474350379308,0.4131820962186006,-0.04979950070150132,0.7161051691487975,0.024412312744257834,0.13933496079843058,1.1361073538687227,0.22689220135877422,0.2882020937709547,0.05088152294624624,0.37354513703530606,0.3220132760146867,0.9973069988872065,0.27137278834106926,0.3505559590094106,0.986084226260707,0.30059932494652686,0.21178067184894903,1.0884494174367179,0.12430314056894766
2.38521,0.11621971631880289,1.1701422641671486,0.09103734322199503,0.3960880975425999,0.0955479479584087,-0.05550462023709906,0.1880299093333804,0.7190676848783336,-0.04650252777882449,0.4110315095675533,0.9216613126407227,-0.14144463608977806,0.4196852752112629,1.0799086430099467,0.1605070615139256,0.34138495126221935,0.04585845654552907,-0.030666042344955333,0.4979635727318226,0.5124755369317114,-0.08320704517491527,0.001475604807153278,0.7276046804973154,-0.07947421987862201,0.23493401652918036,1.1566812368213155,0.004126300733602703,0.5260684834735273,0.07530645071831887,-0.022975752909466178,0.40876288712503345,1.0305269102317818,0.08490323765358009,0.4476986671155795,1.0196624560148297,0.0837062849631931,0.18613576197983606,0.08159806195566274,0.2846410733237273,0.15473678268949098,0.8953738310278417,0.4401651045132692,0.3877017789376204,1.047029459368638,0.22548144374953208,0.17035389702086912,0.03456774569647744,0.22430948965216002,0.2529571986766968,0.48010473441877444,0.41328092024073576,-0.0490158094393195,0.7192836104567283,0.025017598998000573,0.1397462234364434,1.1395513469411809,0.22673522306899202,0.28812424768744793,0.050787790596536105,0.37355479770780614,0.3233056355511324,1.0003358681107173,0.27223853776676027,0.35168187444663607,0.9886600630434277,0.30144680413055064,0.212199954204257,1.091742298204387,0.12426421321388646
2.39519,0.11700881544546957,1.1739459300234245,0.09127678246830322,0.39617560746049507,0.0954480711593683,-0.055595305820793035,0.18909036826081085,0.7223971141719324,-0.04600155937820623,0.41029685621590295,0.9244178889600356,-0.1419936585695877,0.4218757573582975,1.082806974203483,0.15981772024021726,0.34147130017569105,0.04577339471576977,-0.030695867249997694,0.49781069704440783,0.5126120897257864,-0.0832615583507347,0.002480137897985643,0.7310733777438667,-0.07891608575650824,0.23573199111008944,1.1604945261120185,0.00424852343079689,0.5261565312851856,0.0751371078156684,-0.02305736717212101,0.4099269910050036,1.033539686910454,0.084251209061138,0.44869419121309667,1.0221334796422865,0.08294498635357955,0.1860083957996158,0.08148905217405024,0.28486769073875995,0.1544644412669096,0.898774774656292,0.44010709203694204,0.38881144199891915,1.05014232154934,0.22665812488567824,0.17029761372301455,0.034557623102426514,0.22443433512096644,0.2521723423372012,0.4803571599494248,0.4134099823048728,-0.047967920752715575,0.7228656282449043,0.02555120087932465,0.140475056079787,1.143296727224147,0.22683819926215096,0.28804776293597334,0.05052342844348549,0.3737149517693611,0.3238785061529982,1.0036435305392415,0.27293859129610043,0.3521266265005059,0.9915694068900401,0.30212106180974346,0.21294438604105012,1.09546213862631,0.1244127242544457
2.40517,0.11826090815199677,1.1778848855985724,0.09171103114821641,0.3962757161335034,0.09530797671142939,-0.05563592555176949,0.19013241352550317,0.7260990962385809,-0.04553437878488469,0.40989361097048505,0.9273870484263996,-0.1427278189483873,0.42311218361912184,1.0864884066037168,0.1586198668609184,0.34157316653495134,0.045634019470566396,-0.030701038921041986,0.49746332968788737,0.5127851416144713,-0.08321438526124708,0.003474721739202202,0.7350346822689989,-0.07840537726427461,0.2369849983090721,1.1644050510031014,0.004484718235660147,0.5262642414142675,0.07494090757960478,-0.02310217915847544,0.4105410819477347,1.0370708985912371,0.0832231655781355,0.44918543901296637,1.025242087836847,0.08195833001263088,0.1858856776809434,0.08137001794335072,0.28508949569966113,0.1543953933968116,0.9023435308742532,0.4403613336837661,0.3891250110525562,1.0540319725816905,0.22761035874329336,0.17024303591062823,0.03452301145194849,0.22456025193437013,0.25130612220014986,0.48070878072537226,0.4132893371711094,-0.04695407612647743,0.7269408086072812,0.026025648420036858,0.1415176326265521,1.1471469811061388,0.22719860175014917,0.2879827624248876,0.05029504024926742,0.37387897334680564,0.3239708795861096,1.0074559696189997,0.27354865216169716,0.35222348375881213,0.9950205722889758,0.302597430542161,0.2141174970858428,1.0993268271111278,0.12481915893083408
2.41515,0.11982920742348269,1.1817045108300197,0.09223260017346173,0.39632158192614403,0.09505081346050065,-0.05571055637361504,0.19108187406895438,0.7298727445636612,-0.04509617920444171,0.4102720224611887,0.9304173881976647,-0.14303938644621012,0.42380929192870526,1.0911816247656623,0.15739720950072708,0.3416748865917581,0.04530000171265031,-0.03080346066439476,0.49678407668585706,0.5129153134283572,-0.08321794486306577,0.004396969712997439,0.739391517495162,-0.07787620017307222,0.23842773242803647,1.1682445231575826,0.004668173237378622,0.5263246449324157,0.07486270581714918,-0.02308985867056862,0.4110481817743543,1.0413646887375592,0.08228167331939874,0.4496038779418062,1.0291800028754672,0.08127074821910524,0.18572915051849112,0.08116532871628364,0.2852167897828597,0.15479765739513587,0.9060856925554585,0.44101269880045224,0.38924965493355934,1.0585085746838407,0.22856297828725314,0.1701397810997524,0.034316054168310225,0.22466675838708466,0.25032110846094285,0.4810582371116502,0.412880382808196,-0.04601489047165953,0.7313963914338075,0.026531755813702942,0.14277408552550797,1.151011783853703,0.22774733826982843,0.28793008104435014,0.05021258833929748,0.373941079615324,0.3240762104346693,1.0117483961912481,0.27431227633809485,0.35243864443416434,0.9989146320699767,0.3031048231183963,0.21566326994870585,1.1031925970104228,0.12544294778476936
2.42513,0.12144114888015335,1.1857932861981908,0.09277781754210933,0.39637455489020174,0.09499112519725661,-0.05575160971593821,0.19249593177756114,0.7338632536000801,-0.04451730827106013,0.4104720206754475,0.9335075578323406,-0.14350545175840265,0.4249152638505641,1.0958634280596975,0.15599914369510867,0.34169665918637565,0.045266864097715326,-0.030844771835568264,0.4965665644995877,0.513080357153491,-0.0832915922644327,0.0057468584112384,0.7437260856644664,-0.07723654369775423,0.2399823627232889,1.1722571154204893,0.00493368642028204,0.5263796309435685,0.07471596861281822,-0.023111945085948687,0.4117625847065192,1.0457414620183059,0.08112613646951095,0.4501609077025332,1.0330332563949738,0.08038700156877925,0.185593613284936,0.08113910795907381,0.2853937196860546,0.15495815923786602,0.9098576192286671,0.44167160212415696,0.38964547951666023,1.0629286026658353,0.23000847910521188,0.16998776304934196,0.03435474079946703,0.22478857907324243,0.24968710089739268,0.48143981705375716,0.41267225867922824,-0.044637342260830826,0.7357858071311852,0.02714529265687149,0.14414952437965625,1.1550454033218212,0.22839747636193708,0.28787319911833675,0.05006583137863953,0.3740288909443332,0.3242793617794,1.0160791219819547,0.2754242998581961,0.3526846241281366,1.0027231026021772,0.3039614849821352,0.21723007918997572,1.107323550995334,0.12609145933796123
2.43511,0.12290490739093919,1.190226735881755,0.09332721515854925,0.396396442621306,0.0950367737299207,-0.05571752226368426,0.1941553059193284,0.7381008858509263,-0.04390684104332657,0.4104018871294822,0.9369612501453045,-0.1441838951074087,0.426374733857552,1.1002028702594657,0.15471901420857515,0.34165257834047114,0.04539600786950783,-0.030766751434223475,0.49659672064676896,0.5132533430059807,-0.08346643481277008,0.007310071585254733,0.7480203309142015,-0.07660572899798247,0.2414503930574483,1.176539467337114,0.0053338333636476064,0.5264021233477759,0.07456730697646918,-0.02307771998155399,0.41260004036811526,1.0500119549844835,0.07995754374297809,0.4507746676839375,1.0366447561906305,0.07944718009665888,0.18547720270211923,0.0812253601634058,0.2855581453748284,0.15496315215229473,0.9137084042601765,0.4421932981614373,0.3904030995777458,1.0672399841844238,0.23168908331392507,0.16985583403867757,0.03453446362721934,0.22488240570883594,0.2491420097259999,0.48186729894700775,0.41258503752173903,-0.0430463020907998,0.740100049263667,0.027739969290609942,0.1454466035689918,1.1592716853350116,0.22903652534615207,0.2878345419480369,0.04993646164509171,0.3741044409951317,0.32465285763610185,1.020418919807927,0.2766484589331141,0.35302598838293464,1.0064798703120712,0.30496613328672123,0.21859155062539554,1.111699291269717,0.12666929747115704
2.44509,0.12414943391533767,1.1948448348201508,0.09387543307658205,0.39630731111642115,0.09490722752091517,-0.05562503280356733,0.19553295927301004,0.7424973081267233,-0.04345272993396044,0.41053684363006837,0.9410837278602939,-0.14473960153488832,0.4275953109229942,1.1043793376795534,0.15404525496879384,0.3415995958792648,0.04524876623138768,-0.030630511915842724,0.4962202102193611,0.5133557864911991,-0.08372507537106251,0.008598343409389161,0.7524674674375957,-0.07613744469121077,0.2426477620461355,1.181052627994868,0.005835330684587263,0.5263331059338203,0.07459440452476762,-0.022846895421715276,0.41330994050894143,1.0543149543151455,0.07924931149736725,0.45126019022872477,1.0403330067114283,0.07896571669594171,0.18534222370133677,0.0812043779043499,0.28555479629286756,0.15531084889850966,0.9178255417182095,0.4426579826616029,0.39137310066143693,1.0717167043876925,0.23301861205890695,0.16981088615779497,0.034505253778463876,0.22487563664749574,0.24818073430654827,0.4823213191646676,0.412269755815426,-0.041748529647648094,0.7445610070150255,0.02816513208909363,0.14647980519135131,1.1636432058209902,0.22956856400861067,0.28784066164954775,0.050034857443043146,0.37404733581855953,0.3252463344586244,1.0249648983212851,0.2776056572725831,0.3535999736413269,1.0105149841138625,0.30571525017616813,0.21969639386178527,1.116147235666268,0.1271810426129317
2.45507,0.12534990906607676,1.1995522566943488,0.09436213410564444,0.3961682189591005,0.09478734561541949,-0.055622101778098655,0.19717767568809796,0.7469070852039335,-0.042840274413877596,0.41090272945590856,0.9453570302673496,-0.1449678176927334,0.42871789447662484,1.1084297057295738,0.15385755987473618,0.34149167846884365,0.04509227471399667,-0.030640709794809935,0.4960361279316617,0.5134308223914738,-0.08378000447711355,0.010146824437133614,0.7569296937496545,-0.07552264871681551,0.24384254545580908,1.1857126470498651,0.006354722604453762,0.5262038451259501,0.07463674427620293,-0.022617803981248057,0.4140422512368892,1.0585382974762954,0.07899464411820084,0.45177603867218297,1.0439808280566474,0.07895920347254862,0.1851859325660895,0.08123639453865142,0.2854838712071105,0.15570581774095912,0.9223893283159147,0.4432724827747835,0.3924094729814778,1.0762050588242618,0.23423349765219584,0.16972881523056654,0.0345173117880333,0.22480893181169084,0.2474881052949359,0.48273672878894924,0.4119997657316039,-0.04019570572922689,0.7490312004588926,0.02873799066226865,0.14740708840278474,1.168245473243647,0.23003592399424988,0.2878205887662233,0.050199709670511336,0.37392192363182686,0.3259426905832669,1.0295854247461453,0.2785302506528842,0.3542740916570925,1.014693103158835,0.3064556449614829,0.22079753457306425,1.1207683830938069,0.12773569545828417
2.46505,0.12658997975925035,1.2043139875057303,0.0947535804626785,0.3960466160227672,0.09481114246814504,-0.05572589269927694,0.1993685841741753,0.7512600503433017,-0.041936661685514624,0.4113595875871086,0.9494670361012372,-0.14490642607124948,0.42983812608714395,1.1123921683809235,0.15389718202111335,0.3413238539467704,0.04513210230649882,-0.030811046356608175,0.49637680878386375,0.5135262643157996,-0.08353964755928066,0.012223955076053662,0.7612953203119385,-0.07462247485507816,0.2451725382562534,1.190473154675902,0.00682725284652593,0.5260648241231087,0.07458488298657591,-0.022498515291217047,0.4148389204236854,1.0626284769115972,0.079007143614477,0.4523622077416113,1.0475157292762416,0.07923989996626746,0.18504471400397007,0.08142701722431403,0.2854223598362798,0.15591294599908817,0.9273476533168507,0.4440532908877964,0.3933975861500041,1.0805751096518632,0.23547893617170193,0.16957547126105482,0.034738560132442926,0.22472098908734092,0.24745837923959257,0.483105248669692,0.4119158016384927,-0.038102010822018556,0.7534059555549207,0.029600745067783995,0.14835338492029443,1.1730692777408045,0.230466615672691,0.28775668706431595,0.050319327702994084,0.3737981334923369,0.32662212043162886,1.0341525434593095,0.2795372605616707,0.3549141128376305,1.018858492800443,0.3073029753202243,0.22200635498479382,1.1256058714790624,0.12835073249604523
2.47503,0.12771086602822226,1.2091633320546848,0.09508472885845931,0.39595449864471705,0.09483374626367701,-0.05570146929181712,0.20150087256265367,0.7556306283143205,-0.04110315194824805,0.41171631206345427,0.9537684978158759,-0.14489633916573672,0.43067257988397173,1.1163634787988064,0.15397392519421804,0.34119586228859494,0.045172917127007814,-0.030807413398903485,0.4966170088450995,0.5136459911458464,-0.08332913093541967,0.014240727196322493,0.7656401798968964,-0.07375805022386597,0.2463823894007714,1.195364235956919,0.007244713191185588,0.525953828058919,0.07455745775167186,-0.02231499303803447,0.4154098609701275,1.0667297569105298,0.07904699534361741,0.4527340146540706,1.0511188043064856,0.07953675249206033,0.1849949855006083,0.08163087395126276,0.28530265987400555,0.15614556401943905,0.9322977425547115,0.4446724962301094,0.3942831173739057,1.0849294990170397,0.23641375363468242,0.16953143957109695,0.03494804161465846,0.22459995060747773,0.2475153479002877,0.483524102068172,0.41168740159444694,-0.03604667771513859,0.7577894826045773,0.030426636685478996,0.14924773108816933,1.1779067588638785,0.2308099865103841,0.28775402742741285,0.05051658670323765,0.3736720145494404,0.3272450137886407,1.0386962138126645,0.2802991189684576,0.3555115861579924,1.0230343240790565,0.30789664454218196,0.2230874343335909,1.1304953338537067,0.1288614864753574
2.48501,0.12874160104478496,1.2141269382307502,0.09540123300988242,0.3958535472853121,0.09483549105245358,-0.0555659723014695,0.203381807621656,0.7600540912148165,-0.04037761714982156,0.4120373963637392,0.9582816190922624,-0.14482655404255607,0.43120003860210177,1.1203106873948714,0.1542567985206267,0.34110317079869484,0.04516621136872677,-0.030650235485934006,0.49654858031028476,0.5138196083805278,-0.08318003018214361,0.01600039315336663,0.7700156145538273,-0.07296538502042951,0.24745424175218106,1.200366617725631,0.0076576185093936095,0.5258509372192207,0.07461315191950921,-0.022081604196038034,0.4157468310508733,1.0708449321466678,0.07924949996093622,0.45287856117898945,1.0547877629579319,0.07998174395941232,0.18500228616021366,0.0817823485912735,0.28513476325079323,0.15660143478046437,0.9371802339620373,0.445081460599008,0.39516822045890937,1.0894191122932178,0.23703062741194633,0.1695650986192511,0.03506369995377662,0.22446543501650754,0.247459412627793,0.4839922430042807,0.41125435124853227,-0.03422440243457892,0.762233343214647,0.031188603510227147,0.1501283817391315,1.1827508199307628,0.23108212096425446,0.28782037380841685,0.05077859708114947,0.37351975416914146,0.32792391204370575,1.043325866142038,0.2807825610402635,0.3561867122114738,1.0273255023817074,0.3082006454686507,0.22402767877554533,1.1353809046465055,0.1292705761147353
2.49499,0.12982028271679477,1.219210776793058,0.0957574713821427,0.3956965734680428,0.09488482459829992,-0.05549022464906206,0.2051642300042007,0.764532278273432,-0.03957479423447959,0.41250011616627247,0.9628316262079445,-0.1443926346132695,0.4316096895294473,1.1241443960643318,0.15502639777893273,0.3409811255162248,0.045178734813107906,-0.030578010052919217,0.4963199043707126,0.514080829666941,-0.08291736244683569,0.017642697673620228,0.7744420032851712,-0.07208356744559316,0.24852262767053007,1.2054428477064802,0.008142320146176064,0.525713586484079,0.07474467324010282,-0.02192672905550758,0.41604293387976643,1.0749013161026353,0.07988714186785614,0.45298064383758196,1.0584186525566577,0.08085701355033903,0.1849708309177701,0.08189518014355879,0.2849853890896073,0.157385726551089,0.9421382609383337,0.4454213814557272,0.3962149270079106,1.0941596633764399,0.23756019383148477,0.16951655196181484,0.035130789985062326,0.22435934088456758,0.24740706972852308,0.4844493619040447,0.41075665282817736,-0.032500830222897105,0.7667384449405316,0.03206040130411732,0.15109969262867007,1.1877124753791428,0.23135568860908332,0.2878939492747144,0.05100261395368402,0.3733245015093285,0.32882240625135667,1.0481443231842227,0.28116854383209233,0.3570922803172566,1.0318286711564681,0.30841176834081846,0.22496889484524,1.140296870187078,0.1296919016252824
2.50497,0.13092360020535124,1.2243702242008223,0.09623192042096491,0.39553412348455014,0.0949764659792656,-0.05548069222743087,0.20700997192207912,0.7690804127505815,-0.03865502855361533,0.4129857475542235,0.9675935322312307,-0.14389891093031845,0.4321067028631804,1.127937610928768,0.1559830960603816,0.340848136510796,0.0452218528286521,-0.030608380306751826,0.49609988818848844,0.5143910524785485,-0.08247232394561177,0.019344162251768222,0.7789317430168209,-0.07108610973697078,0.24955679354502552,1.210646625525344,0.008725337707893101,0.5255714795560973,0.0749030378315179,-0.021825980603067452,0.4164218528224107,1.078980618671412,0.08068099580437273,0.45317216542862465,1.0620903632054133,0.08185692420609525,0.18488489402460143,0.08201637499778516,0.2848924273208099,0.15837255461071723,0.9470607998148131,0.4457187834313326,0.39738969468741214,1.099032837764572,0.23812269102338432,0.16937034151849412,0.03521879729641139,0.22431069921773647,0.2474381096644631,0.48490384362774663,0.4102560279633264,-0.0307159783608779,0.771303127407661,0.03305174221246698,0.1521677818828202,1.1927544333963171,0.23172495445196784,0.2879393473454804,0.051171442162171794,0.3731387987031784,0.3298883329830188,1.053029995607522,0.2815563899504392,0.35816870443397697,1.0364078959037493,0.3086250763890435,0.22595706630652676,1.1452834275732524,0.13016644216222759
2.51495,0.13200055297703742,1.2295667847953153,0.09682785937028246,0.39541076852396534,0.09507645250810419,-0.055490312659188946,0.20898147016737698,0.7737026896622624,-0.03762790162825003,0.4133577929417865,0.972667867507576,-0.14363222397523304,0.4328182802960494,1.1317403701066238,0.1568405588600411,0.34073889837329674,0.04526959420410426,-0.030683776469996257,0.49593985948049274,0.5147090775695633,-0.08185607311686167,0.02117868111193082,0.783492034388356,-0.06999030637595205,0.25050673219828923,1.2159970378555924,0.009368403355284018,0.5254596799025683,0.07504771651866622,-0.02173260967289133,0.4169411264811658,1.0831442183000282,0.08135196779823907,0.45351407372036473,1.065864816409579,0.08267294835524759,0.1847859377332372,0.08215456862173968,0.28484899511660233,0.15933489936130835,0.9518969631657571,0.4459809506907958,0.39862527164024353,1.1038728910814846,0.23879522334048583,0.16920054279509622,0.03534062662683765,0.2243094312429088,0.24752865501874777,0.4853664465108226,0.40977043092701215,-0.028806996918994885,0.7759243589376497,0.03412970363481124,0.15328181541677993,1.1978485931833187,0.23220883431862818,0.2879625099455554,0.05129679325508991,0.37300570565757346,0.3310043742908431,1.057864312160591,0.28202258401188496,0.35928333547987623,1.040926961706657,0.308915931110678,0.22698689898789892,1.1503600040040016,0.1306881959077588
2.52493,0.13303162206430566,1.234795837810052,0.09741895297157847,0.3953152107909141,0.09513887780536125,-0.055465383322676164,0.21098249976822034,0.7783778063389905,-0.03651392049981801,0.4136052473941858,0.9778725738814084,-0.14354712697769992,0.4337286625703287,1.135504279019467,0.15761729914546332,0.34067359025150956,0.045262645614422864,-0.030731234992196984,0.49569663878648074,0.5150214835372002,-0.08116249022236909,0.023043605223670872,0.7881245114787971,-0.06882011935769485,0.2513707060104387,1.221415735329472,0.009956337739030912,0.5253866920218132,0.07516938677624083,-0.02163678891327467,0.4175816107807007,1.0873564696526372,0.08189402645687713,0.45397612293283984,1.0697005650584648,0.08328647126000308,0.18476451509911546,0.0822417964163435,0.2847919656459229,0.1600210599768719,0.956812750073099,0.4462405354658815,0.39989241541083886,1.1085630090237706,0.2396182334026973,0.16915037319198917,0.03540843633715921,0.22429029377611118,0.24751173888058867,0.4858187286768044,0.4092843762558655,-0.026873562682089683,0.7805980466894882,0.03527048171571943,0.15434853487578248,1.2030492691323706,0.2326972125761298,0.28801955928506506,0.05139519260800495,0.3729199860094459,0.3320587445374662,1.0626479223188778,0.28263095966989676,0.36029816354223126,1.0453702377645244,0.3093597220041535,0.2280163289780273,1.1555115276895567,0.13121090290782195
2.53491,0.13402970121226243,1.2400566823105308,0.09798984949610122,0.39523029524983105,0.09513762172812656,-0.055433783375116896,0.2130499911119547,0.7830793784955136,-0.03529839648280579,0.4139478843452414,0.9831172380094412,-0.14334483405944548,0.4347428917318744,1.139394579033933,0.15850026703787906,0.3406329518850273,0.04518075904386654,-0.030773633678800396,0.4953612182405491,0.5152966037828441,-0.08047072920544668,0.024976412293199576,0.7928280242615231,-0.06755795023833443,0.25218414315194887,1.2268689275656393,0.010494798652265313,0.5253354525722544,0.07523535230979433,-0.02156652753577025,0.41833620754353185,1.091707932076051,0.08252325650443278,0.4545573145330671,1.0737009677833549,0.08396058811341814,0.18478142481746562,0.08224753558239109,0.2847303428753845,0.1607088870001449,0.9619187626209005,0.4465696281392779,0.40121181464769684,1.113264331507204,0.24040312574205952,0.16917891414534167,0.035397759219153745,0.22425001170870312,0.24737868651907094,0.4862310603177948,0.40881295755493774,-0.024879863958818502,0.7853271775935898,0.03649311020736981,0.1553752402563465,1.2083725604652673,0.23318081183936812,0.288077111803284,0.05143652738212895,0.3728734372223088,0.3331401016892884,1.0675178999984847,0.28326031899475196,0.36133131597678536,1.0499005845727847,0.3098189983191212,0.22905565243993659,1.160755495155231,0.13174428243488984
2.54489,0.13503519239964992,1.2453475623842327,0.09861697302435489,0.3951419663396356,0.09507863708294612,-0.055459177217865294,0.21526586850724316,0.7877921092442222,-0.03397757806937264,0.41463127665856864,0.9884029989771429,-0.14273709540294444,0.4357385581158303,1.1436021617568095,0.1596731016520567,0.3405816880177626,0.04504724218452997,-0.03087469311481145,0.4949947717402557,0.5155180763254735,-0.0798547629639794,0.027064637729091047,0.7976035964618173,-0.06619442416679036,0.25300316800330996,1.232359496546495,0.011069782870829608,0.5252804211780131,0.0752253962786917,-0.021556511421144835,0.4191899033549244,1.0962963795693,0.08347365706881958,0.4552565644617531,1.0779812277173348,0.08499306232971125,0.18473228710032924,0.08218527249294158,0.28471399078567194,0.1618955672106953,0.9671886778506833,0.4470176944715612,0.40260163202957183,1.11818791216563,0.24084499233832143,0.16914636297651944,0.03533798039342419,0.22422807930807379,0.2472182898895568,0.48659534073272953,0.4083547960145293,-0.022742167829192184,0.7901221220331375,0.03781050466997535,0.1564388674038363,1.2137762713060347,0.23373043159324383,0.2880637137602757,0.05139011203248312,0.37285732795221455,0.33441015003965996,1.0725832511162101,0.28368552516404927,0.3626021190178434,1.0546649683365723,0.31003563200195194,0.2301492968351686,1.166105986127588,0.13233358757270794
2.55487,0.1361176780904173,1.250660384220173,0.09939279158463814,0.3950516477767832,0.09504428747467011,-0.05550304292265654,0.217440303103683,0.7925588001456618,-0.03271140467606072,0.41531879892856927,0.9937610333148953,-0.1421882238660777,0.4366800999985944,1.1477210728417524,0.16086139188290202,0.34053421192277006,0.044945018538731556,-0.030970585898002365,0.4944847912547329,0.5158044563839413,-0.07943656035739864,0.029118962328698296,0.8024693274647656,-0.06489075042092195,0.2538729008018941,1.2378824517340026,0.01171742175808624,0.5252316208643198,0.07525888554556956,-0.021562007974120855,0.4200308554366917,1.1008195872064956,0.08443509734546108,0.45595160690064446,1.0822159099481823,0.08602745120358479,0.18465041250351832,0.08212195668644998,0.28472801167198447,0.1633594944298401,0.9722296640535049,0.44741607678323575,0.40392114907683646,1.1228971284775222,0.2408413405196858,0.16907954060613486,0.0352658612030341,0.2242405192681721,0.24700652602533366,0.4870259269717427,0.4077274872761449,-0.020644078210380452,0.7950035308261043,0.039075080205252535,0.15759339408133444,1.2191059820561643,0.2344132775640949,0.2880386718818878,0.05137242119981142,0.3728551684124669,0.3357187964083722,1.0774300129709429,0.28380545697691795,0.3639625851829078,1.0592081268803744,0.3098936824947764,0.23131583804146813,1.1714479485070082,0.13299216820161658
2.56485,0.13731291842912108,1.2560251761582775,0.10033291845282269,0.394970359638016,0.09506427698410953,-0.05554123462673186,0.21949364687212247,0.7974171561208016,-0.03154108001694525,0.4157952084231041,0.9991858023198104,-0.1419585538039946,0.4376156351209708,1.1515082635374,0.16190421837411373,0.3405076238218728,0.04489946968961915,-0.031033396127649545,0.49377021464499193,0.5162080927600022,-0.07921583748716021,0.031059980520803426,0.807454112781548,-0.06369230404061381,0.2548397342462768,1.2434459070740482,0.01245273061428625,0.5252035306577311,0.07537930444322025,-0.021556907248246868,0.4208307061601858,1.1050942388989358,0.08522584699665765,0.4566045563030526,1.086202269742594,0.08684678628682829,0.1845751886534695,0.08206763459636972,0.28475104995460454,0.16471686730050286,0.9769882054120231,0.44774793478718794,0.4050671927754668,1.127148876475205,0.24056924517682604,0.1690205104530435,0.03517396016740178,0.22428565846180762,0.2467359946693902,0.48755452572868946,0.4068441759763008,-0.018664819231134826,0.8000005002277653,0.04024063696232413,0.158822983898041,1.2243583283962345,0.235241748430307,0.2880473373388224,0.05141831623425138,0.37285693039936585,0.3368943265807949,1.0818672522364738,0.28374769110129866,0.36521041109857066,1.063317587343424,0.30954343499922926,0.23255442734742987,1.1767579295427324,0.1337398278680538
2.57483,0.13858265142037426,1.261533648153359,0.10131961711810501,0.39491668918436484,0.09504489065645054,-0.05562133721725162,0.22165702538681592,0.8023672728734567,-0.030239354376818378,0.4163209156435073,1.0046021699466237,-0.1416155108750889,0.43869071817893235,1.1552765383055785,0.16304555844639965,0.3404992281116694,0.04481299024343734,-0.03115387580103654,0.49295961420644013,0.5166070283474828,-0.07897053670185132,0.03312044056984858,0.8125924417118295,-0.062376995569083,0.2559487387156427,1.2490845366312426,0.013276731618830494,0.5252000674314249,0.07543889462363494,-0.02158208533136386,0.4217454120704956,1.1093292543988476,0.08613359835356438,0.4573746976119329,1.0901549036252878,0.08777343243860261,0.1844907585613918,0.08191842075255301,0.28478199577148017,0.16568868108192275,0.9821264731346232,0.44833782404230454,0.4060887563733015,1.131328528979716,0.24055143439051185,0.16895716433824465,0.034984890957747414,0.22434266783527212,0.24647905497537914,0.48802332502782564,0.40586416533375563,-0.01658431468903512,0.8051476273036453,0.04150095016182402,0.16001044208101356,1.2298248748374152,0.23613919677127157,0.28804916528984487,0.05136281859787307,0.37286676160646615,0.3378949039723084,1.0863195008675537,0.28394126507230494,0.36624751426373264,1.0674649200570838,0.309486896315886,0.23384277369979148,1.1822220527189862,0.13461817409716317
2.58481,0.13986956118323965,1.2671739548375518,0.10232870638924087,0.39488836705847513,0.09496131708437018,-0.05574027952742745,0.22396920255160865,0.80740364907339,-0.02882080998687713,0.4168734252064343,1.0100429646091342,-0.14113464187031627,0.43998546398906674,1.1590702852831043,0.1643031081313435,0.3405075364668672,0.04466433925282893,-0.03133233813684669,0.4920865208567596,0.5169683306146463,-0.07866815280648853,0.03533090212967011,0.8178528778400284,-0.060955832361201015,0.2571186476580729,1.2548275204607124,0.014153361362750342,0.5252146446752763,0.07540867356715528,-0.02161895185863973,0.4228233380517319,1.1135943941932103,0.087168022639492,0.4583038081407813,1.094129578943392,0.08880431642213922,0.18441464896060183,0.08171488943030827,0.2848094855717669,0.16642721036387506,0.987605589856201,0.44911691094151274,0.4071621970443142,1.1354754404849012,0.24077907866834622,0.16890698506138604,0.03475568913534981,0.22438463965805888,0.24623360596019428,0.4884618890029964,0.4048355925272003,-0.014364948082659238,0.810421810187978,0.04285094180780915,0.161144521024743,1.2355026424767737,0.23707528999366814,0.28804237955539247,0.05123142734497024,0.3728774414984836,0.33886821474430856,1.0908348496474753,0.28435843897523483,0.3672136889877302,1.071680824351693,0.3096904920839318,0.2351474410549864,1.1878540555549986,0.13559422197870633
2.59479,0.14111569351114236,1.2728726430410062,0.1034096395399154,0.3948698181675284,0.09484232202366276,-0.05585646805850296,0.2263117935161494,0.8125267122914032,-0.027468202263922405,0.41722286874350656,1.01560304878383,-0.1407970728596603,0.4415103096399765,1.1627559541573949,0.16549573979302323,0.3405318391166126,0.044489084160562235,-0.031503078392916536,0.49110903863373623,0.517332174306599,-0.07841777289208489,0.03756110532444383,0.8231707234997291,-0.059601210160931915,0.25820613218361316,1.2606890351412203,0.01503436259483443,0.5252348786827008,0.0753514980356122,-0.02160673885648165,0.4240151174300829,1.1178496566576235,0.08811503907198205,0.45932975771230716,1.0980617613276975,0.08968643369879123,0.18438095098239304,0.08158029574554933,0.2848196625679162,0.16731358219682854,0.9929048930094615,0.44975923953467456,0.4084664619857474,1.1394070526810374,0.24089769518937934,0.16890257447215637,0.03460870355197428,0.22439424380354284,0.24594273217888177,0.4890188928447329,0.4037025403359336,-0.012118337769188275,0.815767959295179,0.04414499324544534,0.1622874989533943,1.2411831964965327,0.23806369185773943,0.28805316544701054,0.05117185311946679,0.37287988949865597,0.3400235556417238,1.0951996215055093,0.28467533954895163,0.3683465129433022,1.0756964262403825,0.30977088628149557,0.23642960551777567,1.193543620969379,0.13658929091778887
2.60477,0.14230005603765797,1.278642474449648,0.10459005157858675,0.3948570724262895,0.09468957352115802,-0.05594607679891321,0.22859711822829426,0.8177702815302831,-0.02623160952412976,0.4173007873299608,1.0212745106725616,-0.1406791747104611,0.44320699197797886,1.1664746907064805,0.1664276227083216,0.34056422420344645,0.04428554141991822,-0.03164154386356102,0.48994889994094354,0.5177163542561385,-0.07826580835892538,0.03972819942511443,0.8285524393227776,-0.05835143920247651,0.2592084740255855,1.2666413605124867,0.01593563611056013,0.5252536205519659,0.07528806655382665,-0.02151409381648757,0.4252460596133034,1.1221519345283328,0.08882743824200397,0.4603744911408581,1.1020102514534322,0.09029709922904458,0.18436866878078634,0.08149245814862881,0.28482868893279295,0.1683623713949649,0.9978930217006537,0.4501981819223908,0.409813059338643,1.1432997847700597,0.24087215024076045,0.16892787480692906,0.03448961902667018,0.22441237974015918,0.2455757095921004,0.4896948506812482,0.40238823505060617,-0.009926268146951456,0.8211801386536285,0.045342747833026685,0.16344861512229994,1.246805600199717,0.23913425489948154,0.2880766632468714,0.05118401045722831,0.3728995924599013,0.34125754589397267,1.0994735103950508,0.2848481144670202,0.369565765547456,1.0795827192019962,0.30966062893199137,0.23765661691331907,1.1992614757199587,0.13757364566354402
2.61475,0.1434484566279158,1.28448411901169,0.10583414784701473,0.39484769576591056,0.09450856240862164,-0.056008262937456706,0.2308711023545833,0.8231454765008427,-0.02504002538768482,0.41723650479628,1.0269776846028214,-0.14063097356094603,0.44494778818014924,1.1704627674199914,0.1671043594901269,0.34059651377060396,0.04405616584971621,-0.03175064477885261,0.48863556762474675,0.5181147184985536,-0.07815628899037157,0.041878948926429654,0.8340064115941394,-0.05713189613660617,0.2601780542345951,1.272652058248937,0.0168535218121945,0.5252721166090286,0.07521372346906913,-0.02136442666647079,0.4264682189220971,1.1266297331417723,0.08935039217817069,0.46139160061633305,1.106115976461398,0.09074032204276737,0.18435735775661127,0.08139080625953284,0.2848503992161849,0.16947143752665977,1.002730741893701,0.45053629890681346,0.4110314142158501,1.1474676860254098,0.24089105735667138,0.1689594054439997,0.034329912405093775,0.22446231738929584,0.24517267878976362,0.4904134010362976,0.40090252887263506,-0.0077449602746445115,0.8266531029606549,0.04651088734290121,0.16460905855697583,1.2524263531299185,0.2402745739541439,0.2881004286220772,0.05119222679183314,0.3729508317214326,0.3424441865122605,1.103881639768816,0.2850214525633484,0.370754642698395,1.0835847551579836,0.3095044794617057,0.23885553600467022,1.205029660410126,0.1385657792862466
2.62473,0.14464512469822557,1.2903354463846153,0.10701577552267204,0.39483516750278,0.09432600935635962,-0.056070957016855515,0.23337224002838372,0.8286078263211513,-0.023697609483779296,0.4173911154028257,1.0325672797508585,-0.14024570786510857,0.4465326341256832,1.1749405335819512,0.16787343599191093,0.3406243306137948,0.043829159822387644,-0.031857560575876194,0.4873864533717594,0.5184958792616879,-0.07790006850232692,0.04423777944199894,0.8395060070544514,-0.05575717070456293,0.26118649551773465,1.2787000006888745,0.017722681938537016,0.525301810399391,0.07510818486443353,-0.021255399735008753,0.4276903332293263,1.1314571657739094,0.09001077913295309,0.4623941725446186,1.110567611990059,0.09142150259815499,0.1843551083220782,0.08122834015602987,0.2848780238405141,0.17052390188082642,1.007850637621951,0.45101778436107903,0.41217837064306584,1.152226673939984,0.2413392192270415,0.16898651247818838,0.03412916161741784,0.2245078481181242,0.2448694235917475,0.4910519857661693,0.39940508899055166,-0.0053504274898240525,0.8321562689849038,0.047832080949056964,0.16573196849040941,1.2582136497708751,0.2413951479438326,0.28811627438558074,0.051079157612714164,0.37300992462660615,0.34358244956631867,1.1087525778677307,0.2855012402180519,0.3718979998195796,1.0880299775306848,0.3096309169351703,0.24014404835331105,1.2109072778131669,0.13963696467987924
2.63471,0.14589203064633394,1.2961948513568802,0.10815822774542264,0.39480375761664305,0.09416466995653433,-0.056126500882429625,0.23594302802478737,0.8341429538096437,-0.0222949541521143,0.4176342672377373,1.0380139755589604,-0.13963946693498897,0.44799872208804475,1.1795444838737403,0.16876468368141861,0.34065086964061647,0.04360932117297109,-0.03195361746671654,0.4861045223475772,0.5188992587286985,-0.0775226209183354,0.04664623911198911,0.8450085120652632,-0.054312204698940075,0.2622313345517996,1.284737357528348,0.018572659724036385,0.5253258812720699,0.07504534313967622,-0.021176912764299113,0.4288789753377665,1.136372580441575,0.09079742227462136,0.4633392223116333,1.1150787989572792,0.09229053586339782,0.1843522376664224,0.08103654834755097,0.284892615451663,0.17140476577565342,1.013101559731698,0.4515706514823648,0.41337904886174004,1.1571129699489502,0.24213583267534627,0.16900728161583028,0.03390027770694072,0.22454190949826677,0.24456740030497215,0.49166603540970066,0.39785379161363604,-0.002894342556646782,0.8376493466842843,0.049225694157506716,0.16683079817822902,1.2640706823044559,0.24249325155924073,0.28813496030157876,0.05093969152924013,0.3730525502877467,0.3447031487428103,1.1137516818751878,0.2862240756583661,0.3729905796415893,1.0925616969071248,0.3099937391875339,0.2414611140962878,1.2167984867261266,0.1407556299140988
2.64469,0.14712371240452224,1.3021028403815245,0.10936559942128092,0.39473829396987925,0.09403146458848793,-0.0561479303162701,0.23824635654074922,0.8397545173616872,-0.021072335098339022,0.4175977204218743,1.0434187640277388,-0.13923125483757773,0.4495181809492601,1.1836525055266607,0.1696174101974278,0.34068202784087415,0.04338071096915703,-0.0320121295087895,0.48453827876817007,0.5193871226116366,-0.07718043953360156,0.048774960990393114,0.8504682314030295,-0.053026770436431905,0.26325649250935945,1.2907225959305266,0.019488043849445857,0.5253163367189855,0.07512472425143633,-0.021053961360238082,0.4299904219276178,1.1409303569095532,0.09149861910134256,0.46417452256548325,1.1191744874099965,0.09302523839462892,0.18432954871241541,0.08088841303194953,0.2848747660167438,0.1720713642434445,1.0180290575670423,0.45195290474698646,0.4147866313638154,1.1613147485413569,0.24290776581861973,0.16902497696029173,0.03366381264393579,0.22457869730695107,0.24406322497957691,0.49240364885408333,0.3960986177942294,-0.0006982255031061814,0.8430925980485101,0.050469024194693804,0.16794571880014952,1.269764979682451,0.24361404071050843,0.28817440180612597,0.05096958601140727,0.37306439868445307,0.34587621774626126,1.1182350443568536,0.28690050002003453,0.37406399034734256,1.0965218117284241,0.3103234059125012,0.24264504846001617,1.222548299518272,0.14182452544803903
2.65467,0.14826964113525928,1.308060354983617,0.11055838886898499,0.39465771273029593,0.09387976272223689,-0.05615456161019907,0.24057872315814877,0.8454034580039779,-0.01991112057288061,0.41762529390352116,1.0490633903530049,-0.13891569512332186,0.45102951807532854,1.1874961653332323,0.17062667134715348,0.3407108393498154,0.043121766716576665,-0.03205813956394501,0.4828957203478878,0.5198675763383499,-0.07683633078477722,0.05091721835826697,0.855870125777002,-0.05181135716644448,0.26422277736431876,1.2967440384704423,0.020452858355823472,0.5252968410709279,0.07522479166668027,-0.020915751942879132,0.43110364446892213,1.1453860081146436,0.09226193395697227,0.4650263372907656,1.1231995175838987,0.09375000262360926,0.18429666192481856,0.08077829749561184,0.28483889657318917,0.17281300987704726,1.0229248656729173,0.45229750406190355,0.41652643070605644,1.165155723254223,0.24362911277275084,0.1690409148620969,0.03345387431667709,0.22460734807697114,0.24352814342136922,0.4931997889525234,0.3942534884290134,0.0015191875509819137,0.8484746158671036,0.05164844138476617,0.16905688470382185,1.2754083084507724,0.2446916366656571,0.28822018014674994,0.05106953131410005,0.37306709146825656,0.3472892375767753,1.1224991826439785,0.2875462450622713,0.37532689682502207,1.1002970028847145,0.31069584980367476,0.2437283629422405,1.2282886274119442,0.1428216272099772
2.66465,0.14928671458000353,1.3140366410879039,0.11164492839868888,0.3945774520997256,0.0936551606834671,-0.05618548895181483,0.24325784414109813,0.8510212096228318,-0.018644354184154468,0.41808218366632544,1.055109885535018,-0.13848395060806948,0.45241719141762077,1.1914705079848735,0.17195668369005038,0.3407265949717286,0.0428014466381421,-0.03213642485317713,0.4813880362273838,0.5202420922396016,-0.0764115440084694,0.05339814826160971,0.8612270169679962,-0.05052232428545098,0.2651046409563734,1.3028814935196027,0.021416008650783726,0.52528150399248,0.07521146599136157,-0.02081309677287798,0.432265320228224,1.150061708750558,0.0932552982523463,0.4659782515668011,1.1275440044552723,0.09467031195621237,0.18425633723725096,0.08065683168431974,0.28480424783460867,0.17381787422301986,1.0281749698174127,0.45280671484493146,0.41855844527262526,1.1691556420358744,0.24437462070290097,0.16904529170223315,0.03326041017209211,0.2246202995664026,0.24310895980660432,0.4939466583230665,0.39244234228166436,0.004067578888156908,0.8538169971618886,0.05289757539117826,0.1700918797946795,1.2811703223555404,0.24566555019963776,0.2882405739774066,0.05109343065892682,0.3730800661130424,0.3489906624823036,1.126982223810931,0.28826096771569065,0.3768651252469628,1.104389490899054,0.31123224259624604,0.24478383616990704,1.234169679182803,0.14377721948484282
2.67463,0.15018926523218928,1.319968816523336,0.11261597336790218,0.3944872789964338,0.09332694647867733,-0.05628434247804296,0.24627051900169838,0.8565160165962448,-0.017227214532613975,0.41895526826436624,1.0613957682242836,-0.13784723456748893,0.45360345507653027,1.1957590070576687,0.17351214515784477,0.3407199518875557,0.04238202632751408,-0.03229234906672165,0.4799678517323871,0.5204945968867686,-0.07586822507945971,0.05623551677151041,0.8665831502724894,-0.04910495310789325,0.26589647688906304,1.3091215648552565,0.022321854170576284,0.5252399419478515,0.07506228383947405,-0.020774097453446508,0.4333956914972717,1.154988510545105,0.09447340155542729,0.4669360457015058,1.132200838470724,0.09587337388636277,0.1841853538861632,0.08044654164809502,0.28477952484525604,0.17490328198592803,1.0338966245398469,0.4535830562117098,0.42056944721620637,1.1735215447999074,0.24519934103482643,0.16901273107021672,0.03299296482043153,0.2246299350931707,0.24269656076103566,0.49458688435655784,0.3906566800960958,0.00695513479839543,0.8591820554612203,0.05425596795530968,0.1709299690759728,1.287122059374775,0.2465469618007955,0.288195801852755,0.050984168832325684,0.3730989298906442,0.3507177517561415,1.1318251576770493,0.28911522111197974,0.37844673932721834,1.1088977572932441,0.3119338057816598,0.24584740029657512,1.2402059224427247,0.14476775326698593
2.68461,0.15107180433597447,1.3258472548877285,0.11350285418919327,0.39436897258693154,0.09299438886375973,-0.05640563975888264,0.2493172001590387,0.861902022225072,-0.015784219246420195,0.419888233020866,1.0676409073445279,-0.1371731877506988,0.4546078884518343,1.199975442812291,0.1751221226659863,0.3406981723074878,0.04194306930691822,-0.032468816525828725,0.47844074817632215,0.5207520478472412,-0.0752993441658216,0.05912974220175729,0.8719428999959501,-0.04766263318051349,0.26666696985132937,1.315355965941807,0.02317027055185746,0.5251645696502029,0.07494522489304023,-0.020765398192787696,0.4344182439689033,1.1598186400816708,0.09575535211896712,0.4677830320122825,1.1367595034898357,0.09718305510714852,0.18409838263295109,0.08019190543717247,0.2847621101736265,0.1758220822908116,1.0398021837900884,0.4544564116385521,0.4224489002073005,1.1778216889755613,0.24602142670527036,0.1689721778587208,0.03267685776678055,0.22464641920354647,0.24212313388240952,0.49521710385762435,0.3888239286654205,0.009891419951061246,0.8645706766739456,0.05563132111010486,0.1716676326456163,1.293131953521781,0.24734934683003307,0.2881317932096069,0.05085045907379972,0.37311599006869045,0.35231983891775687,1.1366409801766122,0.2900010735162988,0.37989669803456755,1.1133675326652333,0.3126537454272527,0.246918129279211,1.2462508423268976,0.1457601289119525
2.69459,0.15204086530382496,1.3317023399409886,0.11435168304542534,0.3942029780495651,0.09280725235826212,-0.05645142517712726,0.2520239336545395,0.8672618420181515,-0.014511463104444611,0.4204292741206045,1.073597991730018,-0.13674281774110905,0.4555365509410046,1.203510241373077,0.17661319025983171,0.340671563685309,0.041616487495337605,-0.032551010831686336,0.47659451824453036,0.5211860388576545,-0.07485260071482931,0.06168421277111017,0.8772748865724455,-0.0463717813625223,0.26750728812581276,1.3214513314091338,0.023998469909305497,0.5250634242112459,0.07508635070082192,-0.020714389985579448,0.43530624449311356,1.1640909154732828,0.09688445608896153,0.46845246218582415,1.1407069238294922,0.09829390189366831,0.1840299686984557,0.08000685357276395,0.2847378643571743,0.17638299366163282,1.0454277443270679,0.45512915594554854,0.42425339048299654,1.181371943798007,0.24669511644092978,0.16897564949568497,0.032411695707597325,0.22467013806523073,0.24125415007728954,0.49599991953426653,0.3868535712045019,0.012498181198542868,0.8699317277346034,0.05687181220372111,0.17251493395200487,1.298972365624236,0.2480842965906607,0.28813920194458004,0.0508723202243555,0.37311578841017945,0.3537720540902741,1.140837870579459,0.29072372610078356,0.38114024773548827,1.1171559019406707,0.3131996904395977,0.24796391101212964,1.2521035816016013,0.1466508905462525
2.70457,0.1529816279910355,1.337546250854571,0.11516099104773606,0.39398325277200097,0.09268022224056731,-0.05640591212820185,0.25460286610573946,0.8726039258069416,-0.013363971459653085,0.4208052471993707,1.0794954933523853,-0.13647054916190335,0.4565670130592323,1.2067304111950978,0.17798153711814751,0.34060324311205015,0.041343981603155944,-0.03252956151631433,0.4745822136846679,0.5216787441736848,-0.07446508481496684,0.0641043116334924,0.8825361748532794,-0.0452039750058451,0.26834556558747574,1.3274732359042603,0.024814806220864155,0.5249170406855989,0.07532042376877116,-0.02057974323711193,0.4362142832387555,1.1681052887747632,0.09788967736687239,0.4691362865746142,1.1443945261731137,0.09921576181944386,0.1839580939899656,0.07987270874725734,0.28467484950162253,0.1767640353957651,1.050869416894173,0.4556703661653544,0.4259826297037908,1.1845427530558514,0.24727178379264644,0.1689763056504838,0.03219039579560299,0.22467007537505115,0.24023743063110686,0.4968586050332482,0.38475614598254043,0.014975818221648821,0.875208135801603,0.057995130392525844,0.17339723943199348,1.3046718804379813,0.24877461574338178,0.288200075187559,0.0509874376584456,0.3730478479745473,0.355117585575466,1.1446989242565506,0.2913267148255779,0.38225181531353125,1.1206247099242663,0.3136679293462523,0.24892455600130567,1.2578517218689516,0.1474251346134825
2.71455,0.1537986747035365,1.3433887503663977,0.11593088137184757,0.3937292119423372,0.09250097308133036,-0.056314362262651046,0.2573733782651556,0.877934572252693,-0.012212222103447253,0.4213508628541286,1.0855871261013872,-0.13618453713548337,0.45784657569889964,1.2101352096456854,0.17929959582410504,0.3404826542000018,0.04103826571626276,-0.03246581792281856,0.47260027816367967,0.5220920141345092,-0.07402881722440023,0.06670908857629203,0.8877238546815407,-0.0440488036966548,0.26910537385023764,1.333533074571064,0.02560839667707541,0.5247279021516645,0.07545034459649089,-0.020384718690568127,0.43731447919260125,1.1722726410444801,0.09887868906503894,0.47004414375175974,1.1482799761671143,0.10007416609328947,0.18385211844851876,0.07972597438381364,0.28456749871876885,0.1772366047940317,1.0563449117193808,0.4562315854791783,0.4277163379415983,1.187837285127162,0.2478539756606966,0.16892303465468794,0.03196028136664466,0.224634370073181,0.2392381763193366,0.4976758655021988,0.3825706142382447,0.017633549211303414,0.8803949404999761,0.059096304891358094,0.1742249533262173,1.3103386695111683,0.24944483778314328,0.28825953815463606,0.05107666170624973,0.3729024199652313,0.3564874315594697,1.1486490339231916,0.2919322635044095,0.3833992268602595,1.1242541140165219,0.31420046657771206,0.24980369088901455,1.26364554151771,0.14812025218336322
2.72453,0.15456000925761768,1.349245779434472,0.11669135375815068,0.3934975103415065,0.09224907480171039,-0.056282765633452136,0.26049345658432127,0.8832979816890153,-0.01092082840475826,0.42218493576222327,1.0918844670028844,-0.13577587047245077,0.45941715195312444,1.2138696608462174,0.18067855023749763,0.34037382761955987,0.04067351624547316,-0.032485114400626146,0.4707011102266621,0.5224243274457793,-0.07348266629869694,0.06965871707661232,0.892914561534427,-0.042773329408377365,0.2697971287125344,1.3397044966107157,0.026350980342219315,0.5245536076975054,0.07545573681756194,-0.020248815428861696,0.4386955405237471,1.1767424686506838,0.09995483748570907,0.4712552285244583,1.1524890349861912,0.10101530463568986,0.18370083663146214,0.07950231108261849,0.2844665827029698,0.17800659821260506,1.0619549658309748,0.45689245131817335,0.4297015845359192,1.1913635680041725,0.2485207795556062,0.1688169016088331,0.03165143813346774,0.22460268415136042,0.23828112408119623,0.49840522980913177,0.3803255401416199,0.020626785498115426,0.8855849389371652,0.06030570961736846,0.17504567405890703,1.31607161844588,0.25011637318784613,0.2882621103720429,0.05106409544803292,0.3727617892977677,0.35811921144502595,1.1528408830903512,0.2926617429392313,0.38481743453369577,1.1281331381921662,0.31485052511712364,0.25073180587947813,1.2695753425503724,0.1488151659071122
2.73451,0.15530219705718554,1.35512600466698,0.1174574342223353,0.3933021051562788,0.09198434000927254,-0.05633210531352106,0.26379575921377046,0.8887037242241881,-0.009537637893563424,0.4230775622841303,1.0981925254396239,-0.13529379604359917,0.4611936747588236,1.2175906543288373,0.18213807484171468,0.34030326427114277,0.040294171281583524,-0.032607446530104715,0.4687370757781491,0.5227642563313738,-0.07289364353539103,0.0727881819283136,0.8981554084424888,-0.04142132436391984,0.27043487838831154,1.3459401190902094,0.027036748993718756,0.524414662198137,0.07544232513710046,-0.020191673339325908,0.440265421773659,1.181268607257208,0.10108832281244547,0.47263191568010315,1.156724976618911,0.10200684812129239,0.1835310061127999,0.07921885829552147,0.28436954686776916,0.17885915693450516,1.067533423258964,0.45755048063881054,0.43189502295347404,1.1948038432644421,0.24928862214849196,0.1686954978618193,0.031276494626371276,0.22457398099906575,0.23724528019702465,0.49910716343697153,0.37797518642713024,0.023793012603370467,0.8908257771877335,0.0615894600048698,0.17587578426150502,1.3218386435729432,0.25081340888779446,0.2882294622390912,0.05099922103760391,0.3726335589364514,0.3599275608185608,1.1570112845408098,0.29349898565149124,0.38638066045064073,1.1319432191158871,0.3155762112945374,0.2516995021648454,1.2755877780792904,0.14952312303744628
2.74449,0.15602671194239007,1.3610281323082725,0.11822391149000451,0.39312616726506056,0.09179846373569825,-0.05641192201988449,0.26694413679906037,0.8941315357991222,-0.00822355179929066,0.4236396675215379,1.1042417431449014,-0.13488471758655102,0.4630215621045221,1.2207516729964758,0.18360955294855505,0.3402642935233458,0.03997749890536828,-0.03276504220782638,0.4664689630192608,0.5232318959678625,-0.07239897817343215,0.07576498631935005,0.9034647305414913,-0.040145748537645035,0.2710296366931707,1.3521304172681625,0.02766803238390168,0.5243010590327346,0.07556179840592069,-0.020147614064801807,0.4418318694033002,1.18541100452413,0.10216191237055612,0.4739293117713555,1.1604987960264987,0.10290487624559053,0.18338956925020214,0.07894414735784228,0.28423833551830585,0.17934284063698638,1.0727954668883801,0.4580151511335999,0.4340448848744051,1.1976760061327423,0.2501430726982298,0.1686114451087284,0.030900805455442784,0.22452019123254852,0.2359488595886586,0.49989527691350716,0.3754265262115371,0.02680689128916644,0.8961271033655175,0.06280859630075201,0.17668617938470144,1.3275383439506305,0.25155263551861445,0.2882331308578331,0.05100358506627401,0.37247216999767224,0.36161665779002883,1.1607070755914686,0.2943483330356802,0.3877443810631089,1.1352025554834853,0.3162942610026959,0.25260715747680335,1.2815555000406913,0.15021137199263038
2.75447,0.15675569094115582,1.3669324408429049,0.11895638166797214,0.39298459217036313,0.09166351236288256,-0.05647783263012761,0.26998090027718896,0.8995657120639627,-0.006974435376274301,0.4239787908532462,1.1101062247547169,-0.13458067256275819,0.46485692893199154,1.2235759101817658,0.18496197038205642,0.34026574150450145,0.039712462002457524,-0.03289649944557386,0.46393211549224034,0.5238061103925303,-0.07199818298588098,0.0786423134970707,0.9088685501938372,-0.03893369140068141,0.27160091141544107,1.3583198004759258,0.028190818395507817,0.5242214213966252,0.07577110997376062,-0.020062231927941487,0.4433830823889966,1.189218494890728,0.10314785532928825,0.47517102856237964,1.1638948597853924,0.10372536375282815,0.18328199466006292,0.07867991653280922,0.2840939513699563,0.1794672249635179,1.0778738158346033,0.458348431540454,0.43608338123310403,1.2001970841728173,0.25115306199416765,0.1685700640301806,0.030518207949541416,0.22446240734568396,0.23442460398804366,0.5007548990853481,0.372640691018788,0.029725471910701032,0.9015303206620111,0.0639666475848971,0.17740371060341462,1.3332392617781506,0.25230014566487274,0.2882874191285848,0.05107996001764481,0.3723031632102683,0.36316790091402595,1.1640597344052668,0.2952619314134765,0.3889330784426416,1.1380634651297918,0.3170532126390949,0.2535152930095672,1.2875258881702936,0.15089584658407149
2.76445,0.15747150464090104,1.3728370783795536,0.1196257070042296,0.39288445913101516,0.09152003003446899,-0.056515436342873905,0.2730694974976768,0.904992905873439,-0.005724589120355353,0.4242859451803697,1.1159537316672452,-0.13435322605006497,0.4667344132684851,1.2263214921884613,0.18617764289536673,0.34030490019977966,0.0394589771054677,-0.03297703605158823,0.4612186604992454,0.5244129038921702,-0.07163155682575133,0.0815864248131452,0.914361104054452,-0.037712873670154516,0.27213981924779573,1.3645800125434973,0.02857897636013161,0.5241805753987088,0.0759606434712297,-0.01992935109833631,0.44496717896506993,1.192853113133552,0.10408563871121006,0.47644975379461524,1.1671206970590056,0.10451850458724783,0.18319413553692682,0.07841548699008087,0.283960027315683,0.17943823805924689,1.0829545894513786,0.45863694808333194,0.43807391025231673,1.202588162868347,0.25225040406614163,0.1685525358399811,0.03012023938190549,0.2244204897266464,0.2327793094662942,0.501641443840002,0.3696357631001734,0.03271607501432969,0.9070449607510022,0.06512879935426852,0.1779879700505644,1.339018823743103,0.2530173980079485,0.28837258467663424,0.05118183196971093,0.37215567686208373,0.364684461275665,1.1672686386817546,0.2962219453781762,0.39008545715848725,1.1407568104134473,0.31783915881303837,0.25446636288384694,1.2935844024507355,0.15158447346712994
2.77443,0.15807339337787635,1.3787819483663142,0.12023101599625742,0.3927987311240251,0.09132634028802451,-0.056562901533095324,0.27636367900319014,0.9104013240390165,-0.004395690307839721,0.4246079877120367,1.1219095588388421,-0.13412878227443606,0.4687647139308078,1.2288435906987853,0.18748527970095083,0.3403480564547559,0.039179600089702504,-0.033047404030815915,0.45836080250353184,0.5249695273156537,-0.07121539596954182,0.08473500813582564,0.9198728741546217,-0.03640340410551264,0.2725833651046034,1.3709355009047377,0.028893401155036174,0.5241641910431845,0.07602169425748367,-0.019825079064880485,0.4466348186018104,1.1963853431542861,0.10508518964828022,0.4778222423833287,1.1702579317049642,0.10530403834402598,0.18310094778196503,0.07815741900162959,0.2838294105779556,0.1795370161004332,1.088070561700883,0.4588652294451947,0.44020409150605283,1.2046640563143713,0.25308024641805865,0.16852413489482748,0.02973709496970864,0.2243825101321312,0.23112445777537255,0.5025325966128491,0.36650093939769457,0.03591409004126204,0.91260107005401,0.06638588896979868,0.17848611933980277,1.3448668170052671,0.25368978546609217,0.2884406671903382,0.051244147830083076,0.37202272561157257,0.3663211929096503,1.1703073251917266,0.29700338439478613,0.39132322138666736,1.143278118426609,0.31845515731408996,0.25537387695313474,1.2997772483961552,0.1522419256925442
2.78441,0.15857441611271883,1.3847428465385918,0.12077871514875538,0.39271727711706206,0.09111320452092146,-0.05665151891353442,0.27989033248609635,0.9157841632586977,-0.002954618352924363,0.4250420097019212,1.1279286710750804,-0.1338275493451974,0.470956135812729,1.231111545226776,0.18895896621484667,0.3403839096492845,0.03889884481689482,-0.03315110700153642,0.45540692332059035,0.5254883123501485,-0.07073750193756306,0.08811703977256541,0.9253810313859229,-0.03497575798728261,0.27296625254372314,1.3773417141518456,0.029167629034796173,0.5241606504843784,0.0759885824756777,-0.019784432207676013,0.44842997924879197,1.1997898824535886,0.10620943152765777,0.47930917325484607,1.1732665733758814,0.1061629545168051,0.18299555941487175,0.07789980543567936,0.28371282675864806,0.1797809831812084,1.0932971945055299,0.4591352832581929,0.44245975983789554,1.2065516550413729,0.2537761036081807,0.16847202434915126,0.02936929189000944,0.22435802231749558,0.2294864036243039,0.5034088201472445,0.36324798969542543,0.03934559961087152,0.9181658906532513,0.06776459971106726,0.17891193243612036,1.350789705770391,0.2543326547174833,0.2884676579614815,0.05123961193891891,0.3719233929714593,0.3680816812443062,1.1732504888151825,0.2977124120191202,0.392658573372319,1.1457234820786184,0.3190202391262511,0.2562504517214545,1.3060862422841344,0.1528811049762726
2.79439,0.15906497813532847,1.3906603957646564,0.12128125100042507,0.39264701398121205,0.090955206126449,-0.0567886201735569,0.28355950314382017,0.9211434140965278,-0.0014081529366581505,0.42565910091481707,1.1338441988061128,-0.13339738736878629,0.4732221508653044,1.233167884451211,0.19052908217726475,0.34042173714084595,0.038681203009756436,-0.03331061833965663,0.45238987540937364,0.5260501793498011,-0.07023895077485293,0.09165591591903122,0.9308979616581424,-0.0334447217708149,0.2733805133955429,1.383712242773274,0.029408969589914267,0.5241642040720772,0.07598687657522502,-0.019791580843059348,0.45035345278163086,1.2029677742705636,0.1074579647006569,0.4808749658107919,1.1760186046911119,0.10718167818563967,0.1828876543804545,0.07763831964391621,0.283630569340717,0.17998177023725903,1.0986979899517049,0.4595818529189089,0.44468012567733645,1.2085245925638728,0.25475173651071165,0.1684047151752632,0.029005761824997124,0.22436792487030047,0.2278199398578983,0.5042654042630771,0.35983459259523554,0.04293164534071518,0.9237380196282383,0.0692384466568052,0.17926027997003413,1.3567971632370952,0.2549783873781855,0.28845943153140857,0.05118324273114271,0.3718860347212559,0.36984840008017833,1.176202650505181,0.29864042401900776,0.3940065176643592,1.148206132159781,0.31982038230995957,0.2571680084405009,1.3124443512103354,0.15354088447232198
2.80437,0.15951594336638317,1.3965836933965017,0.12176542765133685,0.39259551131897014,0.09085698016359564,-0.05691124164313588,0.2872047531562538,0.9265064256088176,0.00022637988021585563,0.42611133664026973,1.1395553100527196,-0.13293525144402257,0.47545211419463507,1.2347575749964634,0.19215100049478606,0.3404680986955384,0.038538199470842464,-0.0334588063281733,0.449163512416257,0.5266864135297126,-0.06972407388795555,0.09517116934152946,0.9363909184399569,-0.03183911276336332,0.27377658608329725,1.3900119038227419,0.029645952713145914,0.5241789186263405,0.0760122378947582,-0.019779647276157896,0.4522098640656971,1.2057977027375562,0.1087330281923044,0.482325657216624,1.178381547184223,0.10820001744660032,0.18279092214303902,0.07743799664786284,0.28356202922576523,0.1800323883770688,1.1040182135782215,0.45996253274592724,0.44685528599380714,1.210101980780426,0.2556727288752209,0.16834158025906074,0.0287194275763357,0.22438572927600445,0.22606933637668303,0.5051739940499788,0.3562989491818906,0.046493131593924826,0.9292833899558752,0.07078793185391939,0.17961136043420195,1.3628021504110825,0.2556328327359886,0.2884625634814081,0.05114181504089102,0.3718591939654329,0.37153849323529986,1.1788854904442796,0.29954009500736467,0.39523109283772906,1.1503881773470301,0.32058347782224567,0.25802502050671555,1.3187835999145656,0.1541701361488311
2.81435,0.15988747331127293,1.402530750221655,0.12224404540464916,0.392562051388975,0.09080502928522442,-0.05697863583485286,0.29072841970043883,0.9318741562615327,0.0019307689746043692,0.42614202255780803,1.1450265455763955,-0.13256035106758518,0.47751718371593455,1.2357774400675088,0.1937348118774409,0.34052637028431204,0.0384575636240049,-0.0335442341498705,0.44560532445355366,0.5273961088872002,-0.06920281807547074,0.09855381824058403,0.941839598941424,-0.030176212943605337,0.2740972861731971,1.3962250646595569,0.029872373769524452,0.5242072056681442,0.07604742937222768,-0.019711512617546667,0.45381670245788164,1.2082491786313223,0.1099144206292722,0.48348986912179526,1.1803300917573676,0.10905525293745294,0.18270761463568547,0.07732748754454313,0.28348826836496094,0.17994951545361035,1.1090624077571773,0.4600944996418645,0.4489876538905238,1.2110338533961125,0.2562412387960656,0.16829368966000374,0.028538899092977334,0.22438887921269293,0.22416568384854016,0.5061707886421781,0.3526623415330698,0.04992448364379611,0.934781207088384,0.07240226745689102,0.1800015205733992,1.3687297037466604,0.2562923259440249,0.28851025286509274,0.05116306716102401,0.3717970741474466,0.37312138974968834,1.1811560401095809,0.30018042604708084,0.39627503722611,1.1520934767602915,0.3210567963403581,0.2587512167451544,1.3250629441995396,0.15473320327914977
2.82433,0.16019850984099535,1.4083908974894221,0.12269264088745672,0.3925299169782213,0.0907968073291267,-0.05703761636151925,0.29421859059295785,0.9371798482838294,0.003695188100369072,0.42594317497134665,1.1503039030061062,-0.13233188918127237,0.47927939613765713,1.2365971003572642,0.19509811406602087,0.34059497542558753,0.03841715119285282,-0.0336037179055195,0.4417608606032411,0.5281484500259971,-0.06871697904025188,0.10190394158954873,0.9472747717476431,-0.028440370740881873,0.2743639722452125,1.402340931565694,0.030002630043350475,0.5242418612348724,0.07613240770499048,-0.0196398531013324,0.4551521048740169,1.210475197050178,0.11091008860213326,0.4843527541970566,1.1820436433424577,0.10974447550721744,0.18261605332549707,0.07722208021013206,0.28342060085655574,0.17992767422032704,1.1139555604640126,0.46015041344807833,0.45101478841246195,1.2119850704387245,0.2567197588308819,0.16824971806098368,0.02835576865254827,0.22439347636815138,0.22202601418451517,0.5071747475032078,0.3488664546755115,0.05332971038307191,0.9402554777336891,0.07408444242783219,0.1803299725197397,1.3745926833705058,0.2569512670946449,0.28858284918034005,0.0512234408799578,0.3717178859647529,0.374648656574411,1.1833713819493006,0.3007154994285615,0.39726655142512374,1.1537405464161183,0.32139337421273634,0.259449267636389,1.331294480415613,0.15528258932603703
2.83431,0.16047867697626514,1.4141286580925319,0.12308332616045482,0.3924919256102361,0.09083868431198854,-0.05710210295223172,0.2977884082470793,0.9423747566203986,0.005577603579918811,0.42561876546649285,1.1553823044924352,-0.13218238063842233,0.4808215370829904,1.2371775637978017,0.19633601385853192,0.3406590323848186,0.03843019460027364,-0.033658012251327266,0.4377548128565416,0.5289188535308175,-0.06823635103308545,0.10534433386058192,0.9526641693250233,-0.02658710646103597,0.2746026631365201,1.4083521063538844,0.030017236821081896,0.524275052391954,0.07624613451791662,-0.01958968446688358,0.4563291841400616,1.2124582935150214,0.11180388229951448,0.48505914153336577,1.1835431871294857,0.11033089013196068,0.1825128887910896,0.07710621078315356,0.2833717282730583,0.1799785618822224,1.118745530909005,0.46014434780986574,0.4530739640225143,1.2129696118695372,0.2572790241414646,0.16821143901671598,0.028162509665011885,0.2244111579531718,0.2196787682037555,0.5081498712030594,0.3449800602086511,0.05681696399565388,0.9456720134871976,0.07587177483900862,0.1805964124728972,1.3804160679475328,0.2575929031998985,0.28865555456892855,0.05129033635311491,0.37164908867215307,0.37622555630803173,1.1855684676713691,0.3012637877077518,0.39829592397739794,1.1553921542895083,0.32175007868160604,0.260165323353983,1.3374895933031439,0.1558413927448947
2.84429,0.1607541215138246,1.419780774352991,0.12339592197823564,0.3924518870262681,0.09093575569500026,-0.05715811548435267,0.3015246975507353,0.9474400117093438,0.007657503758724721,0.4251657249971504,1.1602084245405502,-0.1319672399740279,0.48237032853796913,1.237183432379033,0.19771543151245546,0.3407002689390592,0.03852742271740465,-0.033708434125029475,0.4337123241974729,0.5296909057080696,-0.06769224524420292,0.10896525478889192,0.9579340122499486,-0.02457325429669264,0.2748403844252947,1.4142484500618677,0.02995637634845453,0.5243019583297269,0.07632157326932884,-0.01955562728092913,0.45752331420713654,1.2140584916447161,0.11277995526958695,0.48582133745038153,1.1847205922784951,0.11090063528183504,0.18240608899575925,0.07702164947385894,0.283352505384257,0.17996146189486908,1.1233895699194738,0.45995411465075914,0.4554038616028364,1.2134888895767117,0.2579600609360021,0.1681864829456773,0.028029327201471225,0.2244480634084643,0.2172215605315766,0.5091062686136633,0.34113021383313263,0.060454470440838584,0.9509589890272939,0.07780782444267235,0.18088313649654117,1.3862183372279724,0.25820139680289045,0.2887099586299397,0.05133431757893292,0.3716139082021198,0.37795755790177943,1.1875187512732752,0.3018758127609291,0.39938860774128654,1.156810688534453,0.3222351463026334,0.26088051829475123,1.343651396537195,0.1563960126807907
2.85427,0.16101564159212856,1.4253667160064358,0.12364739680048813,0.3924214575990597,0.09105213527403712,-0.05723571738780653,0.3053587445302107,0.9524006831737005,0.009830045184828991,0.42463878966777596,1.1647420306828309,-0.13166386064003266,0.48393049103588404,1.2367701385111622,0.19913290073336593,0.34073929626143556,0.038669696113781245,-0.03377065638622928,0.4294948001953052,0.5304483498887502,-0.06714910784044346,0.11269086655743953,0.9630974218655838,-0.022474759082737345,0.27513048341091106,1.4199925165936365,0.029842450684954034,0.5243316986130457,0.07634858243694889,-0.019540638056545944,0.45872385410994365,1.2153393100337762,0.11378755384665365,0.48658051071933706,1.185592803567224,0.11145166748487147,0.1822695893580191,0.07694805074762617,0.2833736678655582,0.17983030661483598,1.1278741579738663,0.45962538799425895,0.4578566976545967,1.2136943033497254,0.2588151812558426,0.16814333357515684,0.027919024898087702,0.2245213134022831,0.214616671174935,0.5100377157798066,0.3371444392747187,0.06418831551459878,0.9561272897367669,0.07982282859796902,0.1811928843638608,1.3919753452804704,0.25881492266873196,0.28875705420536163,0.051345728242669385,0.3716053095658563,0.3797529762439517,1.1892677050335463,0.3026006431862442,0.40048914134063257,1.158054961104523,0.3228930958213563,0.26157182805269025,1.3497699523099935,0.15691433579970862
2.86425,0.16126165945246765,1.4308981633496491,0.12386398560633104,0.39240723469867955,0.0911707772356676,-0.05735029646224141,0.3092087466127221,0.9572714263267921,0.011975256431773754,0.4240624705838874,1.1689760595358358,-0.13129100234863422,0.4853594215081223,1.2361054486602145,0.20047732366044166,0.34079588097276314,0.038829350847096725,-0.03384230297256741,0.4249549939353377,0.5311850361295142,-0.06666908369142273,0.11643448521035177,0.9681873693171792,-0.020366821133300815,0.2755140331368144,1.425571121945952,0.029703818547906737,0.5243732921368588,0.07635034519037005,-0.01954613438751428,0.4598115870972646,1.2163610038159056,0.11476399514744752,0.4871683102328886,1.186173540905075,0.11199130517788379,0.1820926402672299,0.07687085432462251,0.28343582482945334,0.17951328665792823,1.1322046931600174,0.4592135362046243,0.46015361954188266,1.2137325867508373,0.2597845068697277,0.16806632629253543,0.027798961665808534,0.2246372878406764,0.21182053946975585,0.5109461151229452,0.3328442174121877,0.06796069976040074,0.9612109512715732,0.08184695114428243,0.18151316944906276,1.3976678841203283,0.2594661127493394,0.2888104903960505,0.05133232293892351,0.37161428332686836,0.38141754000816164,1.1908336496291696,0.3033969302161321,0.40144531188463417,1.1591443971538522,0.3236503242466378,0.26222902628393757,1.3558354493116476,0.1573890378823643
2.87423,0.16152807994898258,1.436382256681865,0.12406228979872708,0.39239964564991286,0.09133889469832525,-0.05745775899044138,0.31307537991722606,0.9620154122956698,0.014072740302111187,0.4233616267227249,1.1729585679188463,-0.1308642932342351,0.4863852694579061,1.2350485679087497,0.2018751867356559,0.3408604418075371,0.0390486299987177,-0.0338754337874652,0.42011233751192345,0.5319143639036825,-0.0662174896234536,0.12020375208086254,0.9732151279567485,-0.01823995170882766,0.27598782980482,1.4310371579891359,0.029589555154777313,0.5244251951650963,0.07637541585568289,-0.019562907703792872,0.4605866061655795,1.2170405653642897,0.11578373941993197,0.48739298349390753,1.1863877238680691,0.1126036955784136,0.18191742415989873,0.07682892027933035,0.2835186732273342,0.17883201700330215,1.1364073238615464,0.4586789162983438,0.46203414501675255,1.2132987266932644,0.26058091802790234,0.16799795176666327,0.027718447234088475,0.22477255761048284,0.20886985410657935,0.5118592232613328,0.328246463936798,0.07179066188514038,0.9662315690625164,0.08388967943305434,0.18185480899442744,1.4033172109724854,0.26013659731329447,0.28886972348187956,0.05132268281164327,0.3716468925654353,0.3827006968167477,1.1919994442329906,0.3040485035413388,0.4019800755026599,1.159823369903155,0.32424712434069897,0.2628693105271309,1.3618479572443543,0.15787233860869132
2.88421,0.16180836498809759,1.44178951586012,0.124204866011339,0.3923775623306927,0.09156025164850655,-0.057539895998962115,0.3170012543420506,0.9665866697072156,0.0161506596010078,0.4225352154318839,1.1766928501943505,-0.1303684370100367,0.48700448989284356,1.2336580128838195,0.20334499327212788,0.3409108903147728,0.03933245490707958,-0.033850322739293344,0.4150262484494659,0.532629534084542,-0.06576994240392593,0.1240501865160161,0.9781680345664144,-0.016067541460629938,0.27652984752212784,1.4364039208565862,0.029461184579371223,0.5244718304306059,0.07642975577542505,-0.01956255151816088,0.4610471044605205,1.2174085852623775,0.1168724253849901,0.48726694970346557,1.1862807058355538,0.11330890857589444,0.18174976242839821,0.07681751857920067,0.2835969514978745,0.1778637428290016,1.1405823611030412,0.4580512748064426,0.46353772378150243,1.2123915523314188,0.26113416585902915,0.16795687424840902,0.027671775274707232,0.22490043573358795,0.20575367430255845,0.5127523207651937,0.32336410434519647,0.07572002817791802,0.9711788012866212,0.08598010919173374,0.18218870564719947,1.4089638700583538,0.26076541512126417,0.28894384806200524,0.051325480341245844,0.37167932399382586,0.3836520444696666,1.1928069769792629,0.3045186802512693,0.4021367628779191,1.1601232539619561,0.324636518601948,0.26350623079434615,1.3678214014605579,0.15836238334783198
2.89419,0.16206981684370453,1.4470566843012402,0.12422522326560076,0.39232338690794055,0.0918000459102365,-0.0576133129503878,0.32106033655738486,0.970926432079224,0.018255922605342423,0.42165705077774096,1.1801590292003055,-0.1297755636786272,0.48743864344644416,1.2321291182905698,0.20480577220500606,0.34092886695935876,0.039650397601039875,-0.0337854152880471,0.40977349898648613,0.5333044395678755,-0.06532617810136469,0.12805787688896755,0.9830234187570049,-0.013825210836160423,0.27711551739737805,1.441648680735817,0.029226641063219767,0.5244955863142411,0.07648484870157377,-0.019516710353884203,0.46136334226241027,1.2175788055924905,0.1180017378934925,0.48697408956162547,1.1859812494595898,0.11406294334746692,0.1815610241271421,0.07679686598593914,0.28365221835525334,0.17685204022545065,1.1448455699596605,0.45740344901387353,0.464926596151445,1.2112317832485209,0.26159284665098353,0.16793328604542976,0.027607411862985126,0.22500446106477046,0.20242778670177577,0.5135635555089333,0.3181829446628004,0.07981107265357675,0.9760249118084587,0.08814509849536173,0.18245965227539734,1.4146400840017586,0.26127847911663366,0.2890431663290667,0.05133285801840827,0.37167757283729513,0.38454035842260026,1.193468693837601,0.30494027403775453,0.4021937593433744,1.1602731587330688,0.3249718041385134,0.26415581118216064,1.3737702978785857,0.15881895203551072
2.90417,0.16235812854360285,1.4521040831865843,0.1241470887498061,0.39228463912676004,0.09205324794158819,-0.057730130410137144,0.3253490345997309,0.9749183142543144,0.02036667368297933,0.4208061983600045,1.1834530931881257,-0.12913326435162611,0.48780812763029696,1.2302897204245655,0.2062758275776774,0.3409590790576797,0.039993798821637914,-0.03375040372000535,0.4044348453101065,0.5339131173523308,-0.06491404892633937,0.1323376839642394,0.9878036626038773,-0.01153302872169264,0.277769849087891,1.4467749111693398,0.028924759619314223,0.5245281308929977,0.07653791785861293,-0.019482356238580124,0.4616720074116934,1.217503106956237,0.11915561782918038,0.4866658585030684,1.185456914731381,0.1148153211254821,0.18133508767866854,0.0767709640088243,0.2837152841757664,0.17568707304456144,1.1490576458164365,0.4566625795254538,0.46628473036126167,1.2095647929051065,0.2621570080604002,0.16790641354856697,0.027528735471179268,0.22512307782392713,0.19893743477816608,0.5142893692682429,0.3126716085320149,0.0841756364351109,0.9807896162509201,0.09035210643076151,0.18267108493796078,1.4202632687549395,0.26170176029968845,0.28913064082384615,0.05135183182840086,0.37170180312411427,0.38539168203805585,1.1937755597912039,0.30543197393692695,0.40213892366433707,1.1600756265013374,0.325398460051939,0.26488107380766424,1.3796518475197113,0.15928055584449238
2.91415,0.1627237963757496,1.4568227659677366,0.12403177378114834,0.3922977803528099,0.09231410041720238,-0.05790694698297018,0.32986606656594303,0.9784632445504395,0.022444359916633915,0.42001122650557554,1.1865972555107853,-0.12850268417652833,0.4880685702378299,1.2280006509053363,0.20776264497993874,0.3410373774918427,0.040346760586134144,-0.03378182447090696,0.39915608927232116,0.534430100587951,-0.06448261649075965,0.13688997979042586,0.9924454982941512,-0.009216413100581342,0.27851878698317356,1.4517156428043034,0.02863402192811047,0.5245980028198676,0.07658835601343966,-0.019498247961336927,0.46197187122522887,1.217116538320152,0.12030498115562617,0.4863476679586505,1.1846496915547078,0.11553099275568929,0.1810882611931964,0.07676405007560513,0.2838051568959792,0.17428586136981758,1.153043861338194,0.4558108052947251,0.467542445624069,1.2071734598968547,0.26284780137335667,0.16786474959439643,0.027462564727145564,0.2252829932153319,0.19549306485176357,0.5149280249924564,0.30688688175873857,0.08882591992664293,0.9854083904993063,0.09257405347576504,0.18287737571900128,1.4256894941784979,0.262088572821977,0.2891858769713163,0.05137581012048021,0.3717916101635175,0.38612556645941026,1.1935229562118626,0.30600000169994096,0.4018829530667661,1.159335021060734,0.32593078582675916,0.2657232707897102,1.3853510527995787,0.15979089298116902
2.92413,0.1631665720076615,1.4610592856025242,0.12394834830722108,0.39232842685901437,0.09255407028251425,-0.05806268443753402,0.334395181690057,0.9815421405576964,0.024465905235676426,0.41919730322285076,1.1893846598364692,-0.12791598460365194,0.4879292315721364,1.2254480447482117,0.20918074483479282,0.34113523420730857,0.04066311627011695,-0.033811108961169394,0.39420397062060303,0.5348313610425411,-0.06380663467126999,0.1414710222483981,0.9966838676793315,-0.0068805364645180755,0.27935087925448754,1.4562452045080916,0.028416254993097634,0.5246909041788235,0.07662229855634688,-0.019504589936429798,0.4620176093744138,1.2164343019903536,0.12138697624507078,0.48576438511014847,1.183564332506641,0.11620927363621009,0.18089247739355546,0.07680894195252273,0.2838813149174428,0.1728797255067178,1.1567445022938139,0.45504423456170867,0.4684617168771836,1.2042600633536318,0.2632989069139708,0.16782347339151032,0.027442436232635953,0.22544723654096555,0.19256434438610157,0.5154406431724379,0.3010762951225243,0.0935352284161619,0.9896160202745543,0.09483636511367895,0.1831895425971909,1.4307363262417583,0.2624730496265473,0.28925713628793986,0.05136172420291377,0.3718761344436553,0.3866325431672087,1.1928193563342668,0.3064395294874551,0.4014008749095566,1.1581688646451072,0.32633258857939207,0.2666427760393077,1.3906510087015809,0.16034421732376303
2.93411,0.16363251450453425,1.4647652818485308,0.12388302860014974,0.39233980166330573,0.09277064125831556,-0.0581532669145219,0.33882539575750203,0.9841697923883176,0.026405084311233486,0.4183752669336367,1.1918103640496793,-0.12736879082081878,0.4874711124531875,1.2225290274303933,0.21052969839832578,0.3412279966598083,0.040927265666478224,-0.0337887539182114,0.38960496411355305,0.5351104409868543,-0.06286369297850458,0.14595802340400146,1.0004582639785962,-0.004548170120913511,0.2801983485573369,1.4603058874996868,0.028279190662982054,0.5247887356024381,0.0766591304415652,-0.01947885085583297,0.46187232368326747,1.2153841096259486,0.12240846166703946,0.4849961655913551,1.1821442837579093,0.11682656068113985,0.18077395527984064,0.07691880581934382,0.28392297961908597,0.17162189564413063,1.160147463861092,0.4543945302617835,0.4691466067786916,1.2008079799842295,0.26351986226135454,0.16779579835324968,0.027478521072847702,0.22559428127256181,0.19022861920914366,0.5158344393595001,0.29537324279068905,0.09818669127855613,0.9933530835900747,0.0971219638133943,0.1835938601743668,1.4353415991802891,0.2628316561136874,0.2893761657515723,0.05132788660878062,0.37191710350148344,0.38702265566992194,1.1916225014939712,0.30674219127124847,0.4008227089444459,1.1565652000749038,0.3266324139409515,0.26758346295898733,1.3954767490647335,0.16090002144757093
2.94409,0.16404542442283399,1.4679937247320702,0.12376423794158929,0.3923066089109732,0.09298435373516392,-0.058180311390928885,0.34316551063563705,0.986388773007709,0.028231985832387143,0.417612757487974,1.1940258198517044,-0.12682327615321842,0.4870789861558741,1.2189174482280785,0.21187281431640706,0.3413003100188747,0.0411567899635448,-0.033699964406986846,0.38520765313540173,0.5352825046791719,-0.06182094204656906,0.15036376243891303,1.003888887315988,-0.002269159558137147,0.28098031051186767,1.4639954568677749,0.02819054545352464,0.5248741593613264,0.07673806657561819,-0.019435671729428006,0.46183984151300045,1.213823857921299,0.12342916346881538,0.4843757455358462,1.1802764654614266,0.11734617297971825,0.18071207527356298,0.07709655533199643,0.2839336160350074,0.17052187259721555,1.1632356383264109,0.45371615304889734,0.46993237766910045,1.1965950294182428,0.26382054817412437,0.16778643735004253,0.027572557091436002,0.2257220257559458,0.18823429262733754,0.5161641693026445,0.2898060303951598,0.10278383467802799,0.996740660021046,0.09936302745812148,0.18398273785815036,1.4395403895608914,0.26310693993887585,0.2895472157962927,0.05134141962020823,0.3719182215408538,0.3875347834830161,1.189756302475285,0.3070614116876503,0.40033949451962847,1.1543766664641344,0.3270504155087114,0.26849032108617377,1.3998824732859807,0.16140435463368946
2.95407,0.16443955707238822,1.4708207435233744,0.1236112869093725,0.3922362231719128,0.09320230628563464,-0.05815874142575495,0.34744361920214184,0.9882812263517355,0.02992138787769199,0.4168057324003448,1.19591634078534,-0.12621578048017396,0.4868498518425109,1.2146708744951185,0.2131507181464457,0.3413295937798865,0.041386142781949437,-0.03356584481447368,0.3811278537257086,0.5353990360713937,-0.06079945621232036,0.1547132277109516,1.0069731787088476,-0.00014681219471951887,0.28180026736917235,1.4673558911947833,0.028150241435657163,0.5249260537004744,0.0768361270908229,-0.019352349569290644,0.4618952223777394,1.2117035510433807,0.12443884015499854,0.48382925674938093,1.1778730980694776,0.11779342460915891,0.18068329820348306,0.07739054584301468,0.2839182833131943,0.1693591692292453,1.1657974913232012,0.45281291515449446,0.47064967864571083,1.1915919128220018,0.26409332073082514,0.16777827848584465,0.027799615353508025,0.2258213379390557,0.18658470643226402,0.5165011457134334,0.28449705034372474,0.10731483680240912,0.9997703906699636,0.10144857549588045,0.18437480145871732,1.443295243765123,0.26332515970578046,0.28974377620087943,0.051416838754504555,0.3718892898105449,0.38802247031750836,1.1872371058374538,0.3073545129118541,0.39975281350877495,1.1515324392903903,0.32741270620088825,0.26934646760314307,1.4038831599375168,0.16186971009113055
2.96405,0.16486572575897437,1.4732566757119994,0.1234652017015513,0.3921368717095666,0.09341286924280959,-0.058096420831537904,0.3516270959321424,0.9898789103262573,0.03146154946264396,0.4158617383451743,1.1973914772725218,-0.1255841091472846,0.4867922968126593,1.2100116854028338,0.21421207924016042,0.34130892025903875,0.04161861807920242,-0.0333996811595988,0.37751386627245964,0.5354879308848494,-0.059840257208684106,0.15897561868171234,1.009686182345594,0.0017646559535820334,0.2827106782220334,1.47038609763429,0.028143246947596193,0.5249348881202646,0.07693296292085693,-0.01922158337852353,0.4619820947781185,1.2090963928237761,0.12533015321754376,0.4832474578118145,1.1749635352068382,0.1181226754709277,0.1806599521199969,0.07781031117652207,0.2838812911017559,0.16798482129326447,1.1677351117340877,0.45164645199204023,0.47109185333354586,1.1860405071661146,0.26429164449757553,0.1677531250938183,0.028184248302230215,0.22588502439433872,0.18530954493196045,0.5168734800105992,0.27960109577153436,0.1117260727578315,1.00242047026536,0.10332319610297153,0.1848139440591301,1.4465755647064795,0.2635229550969282,0.2899270251895468,0.051548553143947726,0.371840440782984,0.3883104804303411,1.1842382530045683,0.3076164924516291,0.39888788555161275,1.1481452357193744,0.327609928792314,0.2701836432608477,1.4074710384482632,0.1623168720483994
2.97403,0.1653217450232565,1.4751657127376234,0.12333749674885472,0.3919958111451446,0.09357762430924958,-0.05797898556908619,0.35554476216342273,0.9910839743707621,0.03286561940422277,0.4148472318389065,1.1986139611215272,-0.12518757673044914,0.4869422404912001,1.205192880410788,0.21482314875736014,0.3412702371713218,0.041782170301919566,-0.03317457315667714,0.3743745016944676,0.5355021132560562,-0.05885349615672238,0.16299624786192704,1.012051555648533,0.003552402185829798,0.2835205484214882,1.4730403296896246,0.028098495106867665,0.5249190674426858,0.0770600172788001,-0.019097447712266406,0.4622242448587206,1.2062499600900827,0.125859878606728,0.48275683198334657,1.1717932937574027,0.1181027544976863,0.1806087122263815,0.07825041198076219,0.2838254844522542,0.1665718632895747,1.169337000635196,0.45053754324396916,0.47136210587707517,1.1805734838691044,0.2648053121912979,0.16770721160220814,0.02859062618909455,0.22591691914617087,0.1842977763242922,0.5172083139561692,0.2752623156947616,0.11589004602328358,1.0047415409175005,0.10507827747062011,0.18529789738611066,1.4494235172262715,0.26369114788691317,0.29005717551855986,0.05172893545702687,0.3717791528700677,0.38845928618952047,1.181097981949907,0.30806323875417946,0.3979154212081114,1.1446380993219805,0.327964316390609,0.2710992354941774,1.4106241733556937,0.16272952825850515
2.98401,0.16575374807274545,1.4766248222504252,0.12315253539923893,0.3918417948859946,0.0937084708749922,-0.05783240771634512,0.35910715338378674,0.9919714159610171,0.0341375815304205,0.4138207648441394,1.1995715132938731,-0.12496776082207754,0.4870962142292169,1.2000391885078965,0.21512307447667225,0.3412313366793539,0.04188314136074687,-0.03293168892656555,0.3717534908664899,0.5354609486276531,-0.05777356909780563,0.16666637127135625,1.01403985729163,0.005203500578884771,0.28422481578700076,1.4752931103908467,0.027987142478510824,0.5248964894406901,0.07720035117863255,-0.01900085220626921,0.46250221469071406,1.2030587912889186,0.12613265934641574,0.4823086254952249,1.1683094826636324,0.11780740115803773,0.18053914887393885,0.07868654321196172,0.28376809342906373,0.1651685021073414,1.170717554256345,0.4495005053572536,0.4714467631306628,1.1750601804080496,0.2655168625794713,0.16763889130873677,0.028990220041983775,0.22593802496348284,0.18359759130344683,0.5175060968758305,0.27152860200078516,0.11970433571910714,1.006718806592686,0.10670590867282997,0.18581329341433647,1.4518678521411004,0.2637713052889844,0.2901429108195383,0.05193834549189891,0.37171763388344764,0.38845877106348664,1.1777418585102475,0.3085965654282344,0.39684453986435975,1.1409929555139875,0.3284615784989661,0.27200233487130965,1.4133435661217464,0.16302937435438578
2.99399,0.16607987583198172,1.477876970990986,0.12278578265725025,0.39172684607071023,0.09385658605340465,-0.057706392630372104,0.36232787651297244,0.9927550956021352,0.03528660948854975,0.4128327464958879,1.2001245991436904,-0.12461102569077909,0.4869180054414978,1.1940635190724929,0.2155212018740417,0.3411895265975232,0.04199535622429754,-0.032754609020686706,0.3697078958689939,0.5354394482435053,-0.056577985486891316,0.16995461143689225,1.0155967218635924,0.006635084347268601,0.28497588581918437,1.4771560760052984,0.02782138738268652,0.5248774696759845,0.07729897233534601,-0.01891820519821149,0.46252867729863045,1.199151885044054,0.12651769812515476,0.4817316410403644,1.1642292441748319,0.11754601243365051,0.18049275326044606,0.07916912814993979,0.28373147491184186,0.16371015462666746,1.1718088442378773,0.44828922069058286,0.4712377919358473,1.1687541274803117,0.2659124936207315,0.16754870812245018,0.029453966679214752,0.22597484566754705,0.1833658302942012,0.5178306962596189,0.26835411941715454,0.12312146542097897,1.0082964673195904,0.10812763079592669,0.18632981255201936,1.4539222990077207,0.2636842008701353,0.2902259427161543,0.05214714605407792,0.3716692311326104,0.38824480806040235,1.1737713510630117,0.3088813203925462,0.39554680240538154,1.136824787071989,0.3288038209446387,0.27266970107753047,1.4156619465471558,0.16311764588764188
3.00397,0.16629123249883512,1.4789104000573394,0.1222676788521976,0.39160482374576233,0.09401844803632511,-0.05756049303238023,0.36529771689387347,0.9934580032490616,0.036418642965225394,0.4120379953371259,1.2004905309865894,-0.12414317702157432,0.4865820199404463,1.1872403005551089,0.21597883296161863,0.3411236690363892,0.042121202446678815,-0.032586821859123094,0.3680899083106378,0.5354351169127266,-0.05527897674985542,0.1729557297299779,1.0168374623068734,0.007982808829205585,0.285696261563221,1.4787210780013091,0.02759207257824895,0.5248497501733144,0.07736999308781274,-0.01885153791159445,0.46244630089998534,1.1945922860336895,0.12699895195436606,0.48122901140465213,1.1596517047176562,0.11726640357621707,0.1804671585946807,0.07967766530044708,0.2836906215525819,0.16235518014594397,1.172662534577558,0.44700187215854126,0.47090831360483637,1.161610357206034,0.26614357053091553,0.16744898449757017,0.029956970892864327,0.22600259999730368,0.1834544498387208,0.5181596943863408,0.2656443155609185,0.12623368371515023,1.0095757205109224,0.10947949680957357,0.18674386547284166,1.455634157712228,0.263458406109349,0.290284304849676,0.05232927799664021,0.37162695956308817,0.3879744966673759,1.1691868850824598,0.3090097338640389,0.39418274651915336,1.1321472342882364,0.32911132600336734,0.27314524423454,1.417667517104468,0.16307916378748277
3.01395,0.16638597040511352,1.4796725108187085,0.12166745416037397,0.39145094475741127,0.0941755904010104,-0.057365034220989986,0.3680670814913486,0.9940511041207042,0.037596077452575566,0.41146474404154787,1.2008068899473086,-0.12368163638726506,0.4863182072764286,1.1798476169191743,0.2163053566765371,0.3410391814027453,0.042242213279964795,-0.032377393313909666,0.36674749307255217,0.535428277308808,-0.053948161514214145,0.17573581617334974,1.017875719961751,0.009359072290130091,0.2863008579792021,1.4800507531777143,0.027312570180137993,0.5248179140554594,0.07744159860497543,-0.018810620186954875,0.4624369815533251,1.1896194602315135,0.12741531075916737,0.48091320932691006,1.1547629477394954,0.11683786403427812,0.1804520206433829,0.08016593138918701,0.2836286604072292,0.16119964826553373,1.1733414349882834,0.44577481602725455,0.47055638921767573,1.1539505428291008,0.2664485665578426,0.16735845114129597,0.030444208685311346,0.22600117199048694,0.18365019694432214,0.5184529086880794,0.26331113742525075,0.12911295619782293,1.010659719648782,0.11086957672582572,0.18697839652327788,1.457067681588728,0.2631623464728955,0.290305472664705,0.05247455948444286,0.3715843395381033,0.38772776192254677,1.1641747321970297,0.30913738562690196,0.3928673948662645,1.1271447589888481,0.329534156849007,0.27350974838325337,1.419432151992526,0.16299309965934108
3.02393,0.16632260892926187,1.4802316142687275,0.12101343287841101,0.39136425350300014,0.09432285864580196,-0.05718665728474956,0.3705406824073885,0.9945503400434048,0.03871021591989353,0.41078214232470756,1.2007530566596967,-0.12326473347296381,0.4860618255888234,1.1724341376535585,0.21634897476026904,0.3410108743019588,0.04235479772958845,-0.03220117538320632,0.3656892946558878,0.5354267792710002,-0.05275243220795233,0.17820105441937092,1.018685436668804,0.010648420324993219,0.28687593347916523,1.481082114388943,0.02705861221057778,0.5248388933463981,0.07751489326999139,-0.018806832801875565,0.4624131860311553,1.1844932983035912,0.12760909426417327,0.48040251825199654,1.149625123832257,0.11625391862682503,0.180455705740093,0.0805929094316092,0.2835848715562137,0.160018204398941,1.173827938058749,0.44454119528595853,0.4698903128862834,1.146300675390076,0.26671228596649454,0.16729905051172347,0.03087743182016796,0.2260021170921382,0.18385556303923528,0.5187045048693895,0.26132226973809725,0.13167756879017292,1.0115295418955064,0.11217152011794917,0.1870767060639178,1.4582940358127383,0.26286402129446274,0.2903485707424027,0.05260333198233755,0.3715523289035688,0.38723847496506386,1.1589905573307675,0.3092100356572756,0.39137932294264516,1.1220362718733796,0.3299441130686919,0.2737093556933838,1.4209491548195543,0.16278113041493697
3.03391,0.1661659478897377,1.4806171976162386,0.12036136775765205,0.3913506643629346,0.09446570263328638,-0.05704951658257193,0.37270551560165355,0.9949725080967183,0.039745342685304046,0.40981130348296213,1.200303404341736,-0.12299226159073243,0.4858308654550782,1.1652244081447358,0.2159795524389035,0.3410324728029831,0.04246886396576158,-0.03208155930230515,0.3649616617483751,0.5354495278298711,-0.05167145065382266,0.1803531268470252,1.0193148341021954,0.011831095918533763,0.2874132514297283,1.4818287181748016,0.026779094862211125,0.5249036675762262,0.07757893749026136,-0.018816319421116764,0.46229929301151235,1.179316710802986,0.12746474974872335,0.4796591655927289,1.1443538613788808,0.11541723581708706,0.18047776613946667,0.08095794597235133,0.28358170199469,0.15863953491178104,1.1740669252740619,0.4432677234579131,0.4688154168832184,1.1388505065301069,0.2670077718392142,0.16726412591498124,0.03126329846702873,0.22602005269085929,0.1841249260954912,0.518933676836244,0.25972873750898445,0.13392917037756685,1.0122336792687394,0.11336776624706452,0.18712141878590283,1.459328716049728,0.26263195278167234,0.290424169191211,0.05270610612363075,0.3715344760400563,0.3864003292837625,1.153753666819932,0.309304850818577,0.38960242473108647,1.1168924126993234,0.3303419026445222,0.2738144161540324,1.422255293576923,0.1624851429099358
3.04389,0.16603603733855776,1.4808257198248918,0.11976943161940722,0.39133083789596396,0.09462307065700634,-0.05693168684070163,0.3746442407572871,0.9953400623400285,0.04078946906502034,0.40857474603607613,1.199714587159817,-0.12297923771453827,0.48573344354086495,1.1580567406123445,0.21512874021590095,0.34103121796156677,0.042609137438123,-0.03198459828298589,0.3645737549048142,0.535522314818216,-0.05053429978399193,0.18229618531220257,1.0198869229634413,0.013004462643777609,0.2878007695222825,1.482380662864186,0.026312173326765807,0.5249515595540698,0.07762394126875283,-0.018800685154626736,0.4620843809937694,1.1740150321224,0.12694305846697462,0.478985550829458,1.139068120311137,0.11418000129717533,0.18050723446993702,0.08129824389421732,0.28361817414005697,0.15703156530004708,1.1739982634782609,0.4419692054617627,0.46748500250727193,1.131430862146247,0.2675819679803223,0.1672248498654951,0.03164734875155438,0.22604850960410627,0.18459211733545375,0.5191759802187054,0.258596754691882,0.1359639479548713,1.0128862332759863,0.11456938933597631,0.1871799099112613,1.46014731984699,0.26251511816011236,0.2904948277547842,0.05275457702789392,0.3715265722115114,0.3853185987113526,1.1484246452047606,0.30960346343004086,0.38758675826867944,1.1116331259884584,0.3308610567434929,0.27397373802007297,1.423436371320022,0.16223881832249046
3.05387,0.1657597629288984,1.4809634810154795,0.11912440607681385,0.39132552779238217,0.09484651884517004,-0.056843398738244295,0.3764473523612856,0.9957395070301287,0.041907804660612856,0.4071922144059948,1.1989505473053423,-0.1230261374766326,0.4857351402524396,1.150449024379536,0.21401269142992832,0.34103936177480815,0.04282586244061181,-0.03191304918465609,0.364218286150277,0.5356715289742824,-0.04938082161787024,0.1840982617065498,1.0204548166261804,0.014266038635591533,0.2879573967180735,1.4827669549377651,0.025584016339176806,0.5250189190630988,0.07769431107514498,-0.018832858890769962,0.46187902830081323,1.1683316938378887,0.12623551171740824,0.47844055968444144,1.1335105519819333,0.11269427267002487,0.18053305057034,0.08165813677204357,0.2836882563336114,0.15546134923346958,1.1736816274019406,0.4406092891471346,0.4661551275071639,1.1237362650948544,0.26840960486796844,0.16718099507270326,0.03207167249337218,0.22608744940882608,0.1851071613936515,0.5194517523766425,0.25765761706343576,0.13786678751820958,1.01352763766938,0.11587893982217103,0.18709631069650545,1.460801409357571,0.26243982266803634,0.2905589695172909,0.052797348279298904,0.37153223178713907,0.3842228790355332,1.1428181374783357,0.310022535030009,0.3855446797581459,1.106122035303152,0.33150512672062926,0.27401075735543645,1.424571869746548,0.1619370198443127
3.06385,0.16515945579364033,1.4810864635428957,0.11831965623683016,0.39137104806975553,0.09516097570815633,-0.05678467919056639,0.3781460674579219,0.9962353172478274,0.04309451306479329,0.40579518926137376,1.197935380347975,-0.12296937465898271,0.48573137941595895,1.1421143467436041,0.21279745029064603,0.34109261530426543,0.043143586824102194,-0.031877789345399324,0.36375413079207597,0.5359046678430484,-0.0482594381223393,0.18576656233699637,1.021006029372008,0.015625161053652234,0.2878322465662638,1.4829748487165513,0.024576741551449347,0.525136963104739,0.07780572742018531,-0.01895698627139324,0.4617294891532324,1.1620956459959557,0.12548229048299114,0.4779674080711184,1.1274608560242088,0.111106330060416,0.1805558901308252,0.0820663136700749,0.28378417645633736,0.15415113048663676,1.1731949848365113,0.43919179622182103,0.4649242857053698,1.1155874326802,0.2693394013002496,0.16713492509946348,0.032553841593911635,0.22614465416998217,0.18558663312582804,0.5197696870036431,0.2567326059739481,0.13965259875609562,1.0141425320786581,0.11730368811705916,0.18670506398397316,1.461323900255366,0.26232641399814044,0.29062442753404666,0.052887249567449036,0.3715584209333734,0.38322275290628227,1.136807678147227,0.31041472112469115,0.38360779247528515,1.100290898141465,0.33222045421846064,0.27374131167924926,1.425689618610592,0.16146169029485002
3.07383,0.164306083550162,1.4810461562923758,0.1174132399310579,0.39144857127163984,0.0955042291790568,-0.0567054837663146,0.37964102240998504,0.996785751995628,0.044210916965984656,0.4044591149505629,1.1967659620648974,-0.12299708545376199,0.48558991982002225,1.1334645205527676,0.21129325013121464,0.3411417908558463,0.04350771330772441,-0.03187425446766921,0.36367064118390713,0.5361862395877001,-0.047058187130243505,0.1872127857994563,1.0214469914908804,0.016900963366877682,0.2874185178522185,1.4829561257662995,0.023324097705795105,0.5252407390093894,0.07786542072642745,-0.01905875790586419,0.46143971019242697,1.1554819476326388,0.12451144462720075,0.4774702654936794,1.1211077930163333,0.10928826299307257,0.18060157129054577,0.08250943354543165,0.28389646380086964,0.15296730736907788,1.172553686252732,0.43785171173753656,0.46345865781706264,1.1071965914817576,0.2701763721622251,0.16707067040881937,0.03305970436280574,0.2262363807016228,0.18633202571483937,0.5201247083225299,0.25612460959523026,0.14119931590370713,1.0146584551336122,0.11865238637284398,0.18601751094910685,1.4616423195172947,0.2621890237883944,0.29068763264901476,0.053017593062257236,0.3716104656386644,0.38205914920916584,1.1305217968599406,0.3107190922749448,0.3815914291091392,1.094269157585646,0.3329383183289797,0.2732506332128002,1.4267100012250133,0.16087593746209317
3.08381,0.16333472910192137,1.4808335980618703,0.11648401711632285,0.3915162699295888,0.0958447490023573,-0.05661022301970314,0.38100866606777567,0.9973366745898334,0.04524750078111577,0.40315274168439524,1.1955548009645,-0.12322396156495118,0.4853030538867907,1.1246597176871689,0.20937752216240407,0.34114644156649515,0.043887640225053134,-0.031891901869387076,0.3639978069136744,0.5364895487191285,-0.04582585700030911,0.18853022677105177,1.0218014745101665,0.01806713975664983,0.28682189538387887,1.4827539553334015,0.021940617071225424,0.5252936022166462,0.07786579774648818,-0.019112526001843985,0.4609757692696073,1.1486447742393175,0.12320373388684987,0.4769107630891802,1.1146010659963204,0.10712534482265527,0.1806669736691263,0.08294532105077357,0.28398744800419906,0.15180212444669003,1.1717661368301233,0.4365888705996718,0.46159864470951817,1.0987133148121901,0.2707720999190972,0.1669989378852736,0.03355460707921417,0.2263136469562191,0.18731736244195585,0.5204924070441971,0.2558296223983418,0.14259149339085378,1.0150916683090558,0.1198881065173656,0.18516984161476505,1.4617749686064174,0.2620766124972956,0.2907403782530592,0.05314247881811918,0.37164642005763904,0.3806019125694248,1.1240729174009298,0.310861398069197,0.37938079185234685,1.0881498023022846,0.3335583154045859,0.2726676371607808,1.427623883897477,0.16025561380230224
3.09379,0.1624022870734219,1.4805729172063695,0.11560537093548127,0.39153081216713564,0.09618228453240557,-0.05655074949616068,0.38247309852434025,0.9978329502651592,0.04631146083120521,0.40178012724382367,1.1943919959446432,-0.12362954367482963,0.4849473980859998,1.1155916412389904,0.20707180281945659,0.3410955320545336,0.044276506846588695,-0.03191611846077629,0.36431495735902736,0.5367980035045293,-0.0447631655272267,0.18996020653758974,1.0221935667634725,0.01924915124685766,0.2862274424777337,1.4824912036514715,0.020587459864189018,0.5253018695980071,0.07788202516608944,-0.019182783328815223,0.46045978092244494,1.1416829794764978,0.12156295404269199,0.4763052276530127,1.1080149155228485,0.1045943243418062,0.1807235356691177,0.08331726928204697,0.2840096207547377,0.15063879704243405,1.1708418589856728,0.4352736733576139,0.4594144716668115,1.0901987522197878,0.2710265139438808,0.16695403698161515,0.03400913002821089,0.22629082934098133,0.1882017624869001,0.5208339226547068,0.25554793797419306,0.14408874648841238,1.015535072447891,0.12112904313391708,0.18436175523241857,1.461828338172026,0.2620482882564734,0.29077538482962906,0.05320463961413443,0.37160105280115313,0.37890553340343996,1.1175376774116186,0.31075157375356305,0.37699309981699486,1.081980620340195,0.3339604475996212,0.27212566088607476,1.428493649041704,0.1596662286270754
3.10377,0.16162719920025992,1.4802213414272236,0.11482923893423044,0.39153077994955404,0.09645744754885474,-0.05651027854038371,0.3840278101100644,0.9981987313545626,0.04736173499910798,0.40042898887095263,1.1932774063246627,-0.12407524129830645,0.4843630816223799,1.106548872427385,0.2046059799542056,0.3410399934775915,0.04460749507235412,-0.0319295075330049,0.3646365598726573,0.5370702206434282,-0.04393227972920575,0.19151046878690986,1.0226097677332755,0.020445169361396176,0.28568427429660914,1.4822165668279597,0.019279385894388493,0.525292794336125,0.0779105978289735,-0.019239288328453577,0.4598247861332236,1.1347605877696219,0.11979172306609985,0.4756384119135327,1.1015232501034735,0.10193992501666176,0.18077650523418146,0.08361444296620642,0.2840206245345936,0.1495816507821641,1.1697866817817035,0.4338790728321453,0.45702106686542254,1.0818582690011331,0.2708295753522291,0.1669440435838198,0.0343867172858683,0.2262486078156583,0.18894095167915595,0.5211235651721803,0.25535488275006063,0.14570312735312835,1.0159860155806226,0.12238174772996782,0.18359425398322338,1.461833440166526,0.2620970598597944,0.2908093960565677,0.053259937514941465,0.3715436719531348,0.3771086468650465,1.1110763358589166,0.31035203101951137,0.37459495569600515,1.0759075375450742,0.334078438298735,0.2717495249879822,1.4293208726102884,0.15918310474404332
3.11375,0.1610511638443744,1.479747567341624,0.11415348020947032,0.3915459952257254,0.09663403264957635,-0.056464537489402764,0.38557036751912904,0.9984116282053561,0.048305278261846205,0.3991942486037185,1.1921919388434392,-0.12445791220046322,0.48339678057901725,1.0977082265020606,0.2021350040178119,0.3410107235115935,0.044838488316901196,-0.031922053280574375,0.365089585452687,0.5372823354049004,-0.04331571494099113,0.193074937471385,1.0229882674598023,0.021586137807264677,0.28520319528846566,1.4819383162293884,0.01799644776145998,0.5252816098349169,0.07792884911218699,-0.019254847124807174,0.45898489661080394,1.127940149728206,0.11803081698770897,0.4748794302108534,1.095199093193147,0.09933566388538063,0.18083949820786585,0.08385180405504562,0.28405411544870807,0.1487245135071779,1.1686347432754105,0.4324246642791273,0.4544920198833147,1.0737705016469112,0.27014755310723604,0.16695824027703207,0.03467409197171675,0.22625015384616937,0.18962314941192404,0.5213589144346104,0.2553818190994277,0.14733307070127394,1.0164008932191546,0.12358689270639443,0.18285069573958213,1.4617814007129617,0.2621744619639751,0.2908583708073515,0.053366622086790015,0.371522740403366,0.3753023550279946,1.104767404334053,0.30965679426582704,0.3722945280359186,1.0700101990362931,0.3339004986569007,0.2715716295788663,1.4300759168127226,0.15880922440512957
3.12373,0.16057277658988156,1.4793016201793463,0.11347282556571456,0.3915146348476511,0.09678394957807718,-0.05643429806516587,0.3869926606579702,0.9985914437060629,0.04907234797552202,0.3980166823411435,1.1911535182045025,-0.12485750787026906,0.4821391394159046,1.0886247386496535,0.19945566456632466,0.3409399399691904,0.045039579040503444,-0.03190251913964883,0.36564879275482526,0.5374738811793687,-0.04284058005902772,0.1945034128567748,1.0232838603136178,0.022572514453387635,0.2848306419549252,1.4816412127732308,0.01677371139741271,0.5252402898472632,0.07794426495731113,-0.019295457978924662,0.45799320693367046,1.1209935999492302,0.11610301964858866,0.4739988618867171,1.0887959031791286,0.09655107377617714,0.18091486613397262,0.08406168473897692,0.2839966086001442,0.14802940094871866,1.1674863099906987,0.4309390158860668,0.45177540422316226,1.0655908525187818,0.2691365420943662,0.16696957777093638,0.03491885511183824,0.22616965336469594,0.19036017733534627,0.5215789155168278,0.2555395215759236,0.148846513745402,1.0167311573844147,0.12464361840359031,0.1822544799647693,1.461643436240314,0.2621997701454573,0.2909154060512075,0.05348470069388271,0.37141992041980576,0.37340035971300484,1.0984265292918927,0.30868736857693957,0.36993743402731605,1.0641282079548693,0.33349415862823706,0.2714187963308708,1.4307155826709137,0.1583740571877984
3.13371,0.16011206866694708,1.4789544865906823,0.11277728543960538,0.3914660733680044,0.09694137911065256,-0.056394424831199226,0.38824159565627336,0.9988079550866843,0.04970369845973429,0.3968337376098042,1.1901691068053897,-0.12527391437498464,0.4808671996097493,1.0791735923506887,0.1964473984526344,0.34085111551395325,0.0452442148578766,-0.03185870023730422,0.3662753162936342,0.5376657720325718,-0.04241016473712443,0.19571889113830152,1.0234535314453603,0.0234147214380247,0.2845673857561787,1.4813194188496583,0.015655781466595513,0.5251982307878493,0.07796282040374082,-0.019335448141045028,0.45699571780187737,1.1138996580728544,0.1139454397222271,0.4731256620371234,1.08231914187421,0.09348327637764862,0.18102786985578462,0.08426405616999172,0.28386704181974576,0.1474735076930087,1.1663591342248187,0.4294131516538962,0.44891212900141364,1.0571906827782718,0.26794792013173724,0.16701365147168495,0.03515738920398698,0.22601472067233921,0.19118047927129972,0.521808223358238,0.2557999158687637,0.1501700078017282,1.0169440607491904,0.12556160758464505,0.18185869276743646,1.4614183106868068,0.2621816064638057,0.2909954476330965,0.05358286583943538,0.37125866001143687,0.37142006631738317,1.092024948335039,0.30750922265477076,0.36752180501813136,1.058260670274659,0.3329580995940096,0.2711926912655029,1.4312255458864513,0.157832063346967
3.14369,0.15965773315045395,1.478670231561221,0.11215753017950417,0.3915039811539723,0.09708421858557291,-0.056289775740270755,0.3893320992842613,0.9990448465928333,0.05032633179142332,0.39558872167232906,1.1892295320050998,-0.12562706390929368,0.4799333258495924,1.0696676831261347,0.19313260092406723,0.34084696484701826,0.04542900816073249,-0.03176821700979177,0.3669343638293709,0.5378466021071912,-0.04195190740123093,0.19674070516746506,1.0234694570298835,0.024224766621389268,0.284375125790027,1.4809856079585004,0.014681340379362922,0.5252278729338954,0.07798481731555582,-0.019275571669562973,0.45617026356647067,1.1068906318199474,0.11163985483302255,0.47248303376081474,1.0760508378274514,0.09021251707120201,0.1812103320288337,0.08445461253722943,0.2838007715294727,0.14705485666861037,1.1651930530791381,0.42779962745516775,0.44605781931396177,1.0487648221956996,0.266708656128773,0.16716525706067525,0.0353941822843475,0.22591747758036373,0.1920087950490911,0.5220413113108283,0.2562025215093,0.15131189683551713,1.017033295805177,0.12645390370170617,0.1816383976257843,1.4611409778354107,0.26220743607397035,0.29112656170831197,0.05365272167289749,0.37118605420358053,0.36949690611830627,1.085734454371847,0.30622940652216524,0.3652150508134274,1.052591086831293,0.3323947258798507,0.2709226608727039,1.4316242163676987,0.15728109601899978
3.15367,0.15937834189314276,1.4783842511392213,0.11166088322122353,0.3915536563727853,0.09716225927747428,-0.056201985445224034,0.39036775675027047,0.9991729334183977,0.050949425188657714,0.3941433820225777,1.188324009057107,-0.12599148823750947,0.4792218118935066,1.06066925800206,0.18961240779490549,0.3408771826391356,0.04553576567957511,-0.031692388910427444,0.36756469001920056,0.5379707505946866,-0.04165045119826653,0.19771065313309835,1.0234039801303827,0.02505079167841877,0.28428346742142496,1.4806918075363065,0.013840461206011402,0.525278258490428,0.07801083161891746,-0.019204020031203316,0.45544019425766674,1.100271977293141,0.10919392310079913,0.47190508649537644,1.0701826854767957,0.0868323048611336,0.18138137312184768,0.0845654282226758,0.2837168821437154,0.1466902308851874,1.1640044469122681,0.4260468641530499,0.4434110041382365,1.0408561700734025,0.26559013000012277,0.16734236906570712,0.03555309680105816,0.22580173589427802,0.19264538126989603,0.5222047951713533,0.25663737995879954,0.15241326054348997,1.017059929042989,0.12736745719790005,0.18163474475848906,1.4608890402634649,0.2622819192258736,0.29126284625068827,0.05369005696709177,0.3711026443087007,0.36771456004067765,1.0798048789017902,0.3049718272684735,0.36307901984228463,1.047272006622106,0.33180569987530734,0.27080620233699193,1.4319475907283532,0.15680099063108738
3.16365,0.15941736214222899,1.478072349169081,0.11128961083850637,0.3915289337044624,0.0971459669576658,-0.05618688303775429,0.3914186150182614,0.9991024283691361,0.05154770271653916,0.3924141014310467,1.1874348391649232,-0.12644768601502265,0.4785468882664557,1.0525904864083093,0.18599729326017106,0.34086939074241906,0.04553166170942139,-0.03165973413057428,0.3681479615953478,0.5380115581914487,-0.04164212074766217,0.198727750091957,1.023334306632786,0.025909163379500756,0.28433991970866307,1.480478964192673,0.013106209493222117,0.5252874957016055,0.07803720137847964,-0.019202609300954798,0.45469485182520764,1.0942397898466438,0.1066087857381874,0.4711846125600325,1.0647885851852856,0.08342327229062907,0.1814733168076729,0.08455729417261343,0.2835383655212164,0.1462781434918426,1.1628386045424537,0.42412129967224876,0.44108878174612487,1.0338689207759508,0.2647221105199643,0.16745499372656147,0.03557977290634713,0.22559705884740405,0.19299306120668216,0.5222517452710701,0.2570333689026109,0.15357694725777216,1.0170849137971223,0.1283158283481994,0.18187356371482336,1.4607297707883862,0.2623785735285929,0.2913603334102883,0.053704744681828,0.3709130621945879,0.36609631783339425,1.0744083310256844,0.30383636130918673,0.361095861789721,1.0423807778902665,0.3311789874990462,0.2709913770146555,1.4322284903436189,0.1564240994991048
3.17363,0.15968004814457223,1.477828446855268,0.1109807259053564,0.3914908613351832,0.09708167819199544,-0.0561091448152522,0.3923904420934359,0.9989453843656364,0.05212916449317871,0.39053264730721204,1.18653000154093,-0.126936133300306,0.47800520883587205,1.045249284927704,0.1823501449370749,0.340849239638224,0.04547717130422297,-0.031544014979284156,0.3687901518212905,0.5380200808397604,-0.04170050403997934,0.19967282517417395,1.0232525055064674,0.02680284074977983,0.284561865190995,1.4803221968665943,0.012454728370441082,0.5252881219335734,0.07805031761980682,-0.019157235478606545,0.45398750707176305,1.0886625473678497,0.10394986782430685,0.4703972007912641,1.0597569671108487,0.08003065332022269,0.18155847770449446,0.08451989989168492,0.2834066349228537,0.14576093686368066,1.1617322971384587,0.42203761066156037,0.43897471570600566,1.027543016827693,0.26408240216797196,0.1675471856024766,0.03554935395031325,0.2254482752888659,0.19331507516186913,0.5222626054396159,0.25755162887930244,0.15468763050641246,1.0171042588664412,0.12929779119693163,0.18227206772870186,1.4606639399384016,0.26247704222681456,0.2914511965396476,0.053735996404021706,0.37077056832450256,0.3645769419561773,1.069457723304917,0.3028438779662357,0.3591696626384851,1.0378491602148712,0.3305641334992708,0.2713450780682184,1.4324762737515386,0.15608942148344393
3.18361,0.15994334035700528,1.4776770579733025,0.11061131003348705,0.3914683483890946,0.09703641380236365,-0.05595457973819136,0.39319172686311327,0.9988252838778857,0.05266805782009127,0.38872180600552647,1.1856110289721444,-0.12737417389181208,0.477551436618352,1.038298812058852,0.1787478128811634,0.3408302446894345,0.04544446095067897,-0.031361363587628074,0.3694778021734708,0.5380469307109224,-0.04166541641846703,0.20043232854970025,1.0231466995340484,0.027670129156677457,0.28483299189396816,1.4801603789893139,0.011796906886791391,0.5252945043900009,0.07805456062638025,-0.01905845214020638,0.45331450899015463,1.0833478811890034,0.10133279112326604,0.469635580178476,1.054978671270344,0.07672753378930561,0.18167100161327898,0.08451331167356739,0.28332903425956485,0.14526906895439176,1.1607032774445407,0.41986239128524744,0.43695675612471735,1.0215237527798382,0.26348007257862416,0.16764800672364655,0.035533722114219665,0.225361567695528,0.19378135554134815,0.5222895369443845,0.25813527798865893,0.15562600787073327,1.0171076236694856,0.13025407518394624,0.18264940840588806,1.460656092067077,0.2625043082125508,0.2915463414423949,0.05378778839121079,0.3706955612637951,0.363143805988666,1.0647798128198889,0.3018711305025221,0.3573202675069739,1.0335750624471862,0.32993312721816986,0.27165266740196187,1.4326997111601083,0.15569091188564088
3.19359,0.15994316103610678,1.4775550866440754,0.11004865960415308,0.39144240063184216,0.09707156891926204,-0.05583692137197849,0.3937703959954926,0.9988229953290928,0.05312025300674267,0.387214627756466,1.1847112525837893,-0.12769377363183884,0.4769753024330018,1.031414189087287,0.1752897586020152,0.34080344348468306,0.04548765065826588,-0.03126568498270992,0.3700931866062194,0.5381212289039424,-0.04149478876001497,0.20094739589771024,1.0230146444375494,0.028413499895977856,0.28493875528489127,1.4799193922671323,0.011007716632065647,0.5252930949103726,0.07806974369647311,-0.019009135244150353,0.4525948825552905,1.0781422591108172,0.09889619025954709,0.46894380358396837,1.0503968948789593,0.07361639845067426,0.18178934743798525,0.08454225688541304,0.2831737169444568,0.1450639558533931,1.1597483946141427,0.4177107390946926,0.43498466001816616,1.015553796331331,0.2626378875282049,0.16775158221069048,0.03556840558965379,0.2252009005644828,0.19440316941536862,0.5223311489658455,0.2585303483763988,0.1563173238094032,1.0170889134006489,0.13109416047132377,0.1827804081127272,1.460649310894049,0.26236305726952586,0.29162604581872253,0.053828001573486314,0.37056590260445443,0.3618464907925578,1.060210204736696,0.30071494930705467,0.3556770250633186,1.0294742325667783,0.32919166299696934,0.2717044120809396,1.4329080021771252,0.15512730873373434
3.20357,0.15976324060401811,1.477395253522665,0.10943141422367701,0.39143536162947623,0.09714776303364439,-0.05572461149124182,0.39415683511835686,0.99885837608681,0.05357810781475926,0.3859173882247598,1.183837979862012,-0.12794032803551986,0.4761951929443727,1.0249298938407205,0.17208576222710797,0.3407884765381162,0.045554514745903114,-0.03122553397941892,0.3707442513290097,0.5382084875025805,-0.0411325423444449,0.20127062128586715,1.0228601486470936,0.029115472482991185,0.2848724926176715,1.479615420440719,0.010162121499029895,0.525299340093668,0.07808858333816689,-0.018967907700853024,0.4517747948552905,1.0732339025283322,0.09666046098897915,0.4682071496209086,1.0461049749748346,0.0707746322263107,0.18191425845576487,0.08456764573852961,0.28299268942290634,0.145067262443807,1.1588432667094144,0.41572288250788875,0.4331602928828971,1.0100007335457544,0.26168007420419664,0.16785218971447216,0.035596269226742215,0.22502131946326814,0.19511298344523417,0.5223437303003093,0.2588551653583615,0.15679465332041426,1.0170482450349085,0.13189261533897034,0.1826920028182383,1.4606193339695563,0.2621524707016177,0.29168386587392725,0.05384800265032307,0.3704429050405658,0.36071061403649685,1.055963085178615,0.2995239992797964,0.35424946727959206,1.0256639512734607,0.3283826266183879,0.2715897588640639,1.4330937380888689,0.1545384759644765
3.21355,0.1595820454089396,1.4771612870993747,0.10891728119178784,0.3914642525493209,0.09720904574463075,-0.05557629171709299,0.3944561269393461,0.9988376518049001,0.05413867079150621,0.3846741050311171,1.1830023313793048,-0.12819696510720324,0.4752414300398117,1.019273773962511,0.16919121670508877,0.3407974536667753,0.04558862848366665,-0.0311758158526665,0.3715168264174681,0.5382700459849221,-0.04058669225137595,0.20152971447206003,1.022705408682033,0.02988548447801792,0.28472480109956005,1.479295504721762,0.009376593016543585,0.5253276020795408,0.07809022503866402,-0.018890096766001906,0.45086510854610057,1.0688620476961184,0.09458211925110838,0.46733326975678335,1.042220709885114,0.06821654079246627,0.18204285372176926,0.08455376651660333,0.2828683370329995,0.14508060803686526,1.1579744290341552,0.4139690976535277,0.4315945779819059,1.0052908521537194,0.26085149659860424,0.16794202217655338,0.03556281127900661,0.22490653116931966,0.19580042368041845,0.5222943623133292,0.25924334351972284,0.15717311906272652,1.016999930247907,0.1327462700804443,0.182493768165824,1.4605654573629674,0.26198906975303476,0.2917191307353251,0.05384364112934664,0.37040392071617056,0.3597268643266071,1.0522867630646804,0.2985186084118561,0.3529833403505352,1.0222847873116752,0.32760464891836233,0.27147358042881065,1.433251410665364,0.15407907582882774
3.22353,0.159450917358345,1.4768934395805204,0.10843372239678158,0.3914900499034995,0.09726132787868356,-0.05547750445838831,0.3948656744785373,0.9987962562691436,0.05476718078883055,0.3835099582869938,1.1822510660924814,-0.12852329060739734,0.47428060662337673,1.0144249717475122,0.16651780378951103,0.34079542337594493,0.04562984441863114,-0.031162227375069088,0.37221222532113823,0.5383205056813851,-0.04003677158844488,0.20191644383058274,1.0226094719228762,0.030710208203187494,0.2846062109117134,1.4789880567524734,0.008663111831718395,0.5253596705282007,0.07805035763700913,-0.01887199679194645,0.45000269087647393,1.0650399945503646,0.09258334091291426,0.4664448608541139,1.03876885230512,0.06582886277471238,0.18213966536701784,0.0845157816621034,0.2827648165682222,0.14496835408763367,1.1571747678175357,0.41232686799936774,0.43026489271241447,1.0013539728080483,0.2602714850414937,0.16800738519544908,0.035512470057341684,0.2248107034522172,0.19633009216125666,0.5222174635854632,0.2594843098162504,0.15765261901708486,1.0169850490989814,0.13363382581747615,0.18223796991106173,1.4605091705565572,0.2618306536949597,0.29173144270781765,0.05379782744051341,0.3703739100606912,0.358827433358709,1.0491236191076874,0.2977274320868022,0.3517964861179317,1.0193269378114924,0.3269462701288039,0.2713980265673021,1.4333960645034256,0.15369360382252303
3.23351,0.15934974179864322,1.4766099958208312,0.10795387992326545,0.3915180654903172,0.09730174165413578,-0.05541970662115027,0.39533597848936014,0.9987547269262367,0.05537429416741631,0.38243345813450297,1.1815821463468734,-0.12894830822276115,0.4734270361653387,1.0102774767902791,0.1640021030550122,0.3407974557197448,0.045673146707514295,-0.031172805352280623,0.3728055458198926,0.5383543960691318,-0.03948311011006778,0.20237189003307882,1.0225579579367832,0.03150720675801166,0.2845419621814409,1.4786769732004175,0.008025760436674776,0.5254060722601859,0.07798578559471622,-0.018907853259426288,0.4492429461641274,1.06171029771049,0.0906284771262428,0.46562427143216795,1.035732056830763,0.06354759318392815,0.18221330053020585,0.08446613725457484,0.28268497796810527,0.14473318931767473,1.1564366987455188,0.41078711478258184,0.42909149308035205,0.9980248882681501,0.2598538495741085,0.1680589726544266,0.0354587145875061,0.22473940834416312,0.1967467510415855,0.5221326571656922,0.2595975939852836,0.15818752360409458,1.0169891381743408,0.13447967136418235,0.18194389045856196,1.46042855042331,0.261668234345869,0.29174343064923425,0.053734250069806054,0.37034555247433953,0.35796543095338934,1.0463742217697591,0.2970754508242547,0.35066610657542435,1.0167382861614322,0.32638659933672165,0.27134138268204405,1.4335121053066895,0.1533470839168023
3.24349,0.15920772025710225,1.476300182114017,0.10752312096371347,0.39159398924174005,0.09731505029735761,-0.05529774920795355,0.39559087818618965,0.9987038190700552,0.055850325902112315,0.38139566172889505,1.1809437275240882,-0.12947418669947267,0.47270706785797567,1.0066953903525886,0.16161354465778704,0.34086036743422443,0.045665489799932235,-0.031134067278771226,0.3734562649054098,0.5383442695448178,-0.03875164867790402,0.20261171193802754,1.0224683104808203,0.03215782409385493,0.2844666424610771,1.4783144690128256,0.007465786642857122,0.5254989743126895,0.07794697929564076,-0.018887810373559154,0.4485381091636004,1.0587758679791393,0.08871961865230754,0.4648740524132491,1.0330600917837771,0.061364470360511514,0.18231319225935197,0.08440848202910489,0.28267419370326774,0.14450287755906108,1.1557053828270676,0.40945997636278947,0.4279787492516935,0.9951170397820397,0.2593583537081002,0.1681279623509121,0.03537598706104641,0.22475167677451316,0.19723762262318123,0.5220375652765951,0.25984174354344336,0.1585056894950183,1.0169478241850867,0.13518335345543475,0.18160091473941106,1.4602628200755947,0.2615428396440925,0.29179182423418704,0.0537095499540594,0.3703867030313511,0.35713567974654775,1.043939271733483,0.29642707220866904,0.34963935168628313,1.0144442394122473,0.3258141600747348,0.2712387772538065,1.4335593054968858,0.15305007023079117
3.25347,0.1589717738101382,1.4759916085730684,0.10711073603042881,0.39166686411307844,0.0973303911540739,-0.05514480002418373,0.39564000024575335,0.9986751143153492,0.05618871136399553,0.3802665231275369,1.1803247795810838,-0.1301088317696563,0.47205798817586264,1.0034504483648543,0.15921537903308722,0.3409232123958796,0.04564530168994431,-0.031077437732985762,0.37405495374473785,0.5383113477960733,-0.03792141014215943,0.20264196845292368,1.02234789395778,0.03264959786007082,0.28431475155818553,1.4779292671324016,0.006906680022978422,0.5255806229357212,0.07792159453672354,-0.01886034651282468,0.44784242982381445,1.0561208282736236,0.08678326299246096,0.46416585254992887,1.0306724281527233,0.05916814977689137,0.18242266916487057,0.08436041431659591,0.282668092494614,0.14435721523050266,1.154936993925192,0.40826461531212643,0.42698103785218755,0.9924287293992673,0.25880111894886565,0.168207635156477,0.03529664893018862,0.22476984411249526,0.19766894026990867,0.5219561287801968,0.26011911593288756,0.15860374357335918,1.0168750466368053,0.1357293187355204,0.18116296376576954,1.4600148559059334,0.26143236810931386,0.2918476321160586,0.05370460413671924,0.3704380413936751,0.3564094201508362,1.0416831826837396,0.29575446642464814,0.3487956086280277,1.0123508954248195,0.3252567239479057,0.27104609252084066,1.4335670532046185,0.15275290124091528
3.26345,0.15866610613212453,1.4757128940537254,0.10669388573162604,0.3916903750556179,0.09737328397957806,-0.05501273582309631,0.3956308185463486,0.9986923920897679,0.0564506861712166,0.37898873919072606,1.1797385931980204,-0.1308362531881368,0.4714639901824969,1.000383655196449,0.15672147735620084,0.3409267153122859,0.045661469465733746,-0.031041845214831564,0.37449195333220847,0.5382827965327961,-0.037117035712680845,0.20261101552949684,1.0222289231194603,0.03303586782762301,0.2841013553888592,1.4775659418229,0.006307480663270473,0.5256048532038731,0.07787531550768911,-0.018886033274706344,0.447175813925935,1.0536716325299043,0.08477660472367038,0.4635165535981407,1.028514281962768,0.056889207576709976,0.18251194388551004,0.08433494839192424,0.28262089270522267,0.14431130318444838,1.1541173479862854,0.4071054987181124,0.4261725789353636,0.9898237204013635,0.2583201914554936,0.16828369822770586,0.03525692706087075,0.22473230628678137,0.19786857068903815,0.5219101552274021,0.26027575166351846,0.158616270690276,1.0168039392451913,0.13616173684837177,0.18063403884844556,1.4597110251914285,0.2613194527514621,0.29187600410085146,0.05368627547085034,0.3704497582378116,0.3558482914841318,1.039509856309901,0.29511678148740084,0.3481756422192706,1.0103894588956086,0.3248076453508179,0.270788940654402,1.4335750569035095,0.1524336872449534
3.27343,0.15848421628186554,1.4754517058645569,0.10635417520214649,0.3917344591761481,0.09741109906188415,-0.05484927122674881,0.39573382330980184,0.9987133104503835,0.056752355282076825,0.3777701707762285,1.1792132063671763,-0.13157557044541898,0.4711162615701207,0.9976109880393748,0.15428700108091106,0.34094362663395006,0.04568692786421731,-0.030971647548800864,0.37495433286371566,0.5382465954326199,-0.03629819056448387,0.20269645767210764,1.022105610211504,0.03341679805157218,0.2840355069576649,1.4772244334315936,0.0057993877085419235,0.525650841647195,0.07778901386147483,-0.018882581172629014,0.4467131868649582,1.0514807838816789,0.08281470482988829,0.4630822071940236,1.0266264128841347,0.054674729022001205,0.18259059785675053,0.0843169816303619,0.2826508847345118,0.14427323796214309,1.1532926039381017,0.4060613307892936,0.425512651271951,0.9873512316846567,0.2580701294945936,0.16836341933909685,0.03523696535117485,0.22476492555474942,0.19792266268359332,0.5218854820503401,0.260412413466333,0.1587199644929017,1.0167284624467778,0.13657983454439973,0.18017862942690258,1.4593660839347635,0.26126808629880416,0.29189819112604987,0.053668850034818076,0.37053330703242293,0.3554066223203955,1.037464439545585,0.2946686815370035,0.3476892059340374,1.008575426622106,0.32456545911071966,0.27064058561381715,1.4335718064953737,0.15220587716428274
3.28341,0.1584549719769899,1.4751881648027678,0.10612028092742222,0.3917969890299084,0.09741191003826388,-0.05468787576665585,0.3959411176729817,0.998689355689702,0.05707806344204135,0.3766594913979669,1.1787632177183247,-0.13234174760063164,0.4710654902187607,0.99521739595724,0.15193096176240375,0.34098252965347636,0.04567642233322547,-0.030900148659381177,0.37551256259956617,0.538183025198764,-0.03548985567158177,0.20289282898971603,1.0219656350062636,0.0337910988639601,0.28413351685666893,1.476897275577054,0.005431020213268187,0.5257150506503001,0.07767662006752377,-0.018863157080841707,0.4464890535846362,1.0495836119185287,0.08089113566781243,0.46286252541544676,1.025008037712895,0.05252808281625222,0.1826405575561645,0.08427188614176255,0.2827483808981398,0.144150853951212,1.1524806750930827,0.4051594117248923,0.424920889560349,0.9851275870191326,0.25799080220466963,0.16841986387560043,0.03519236585698885,0.22486492502665706,0.19791306331179287,0.5218484806192364,0.26060591089510954,0.1589200588516017,1.0166296509085029,0.13698209712139153,0.17984242424192626,1.4589835435688139,0.26129264072298486,0.2919057373560175,0.05364463769355047,0.3706672463601777,0.35499756827461826,1.035611362610678,0.2943991615545353,0.3472302241850938,1.0069290169356904,0.3244665478622784,0.27062480610052425,1.433530891546569,0.15209455162511284
3.29339,0.1584167132003572,1.4749042766509803,0.10595340874340949,0.39179702216712137,0.09735819165748731,-0.05463882306460788,0.39608124211478435,0.9985880983959499,0.05728913361064285,0.3755152404721869,1.1783873292556921,-0.1332366287160719,0.4711821724817633,0.9931910763356251,0.14951386054206867,0.34097568554760804,0.04558758174058672,-0.03093776492701499,0.37607129610362716,0.5380738827829803,-0.03479377429220376,0.20302443007448379,1.0217971971559798,0.034062039841317726,0.28419170401846555,1.4765773382612188,0.005140500349122713,0.5257054006676218,0.07757746008520783,-0.018936388347242566,0.4463723635378566,1.0479641256440462,0.0788718383295788,0.46268583961080606,1.023596217061795,0.05029427360681591,0.1826193053871503,0.08415978759834815,0.2827726360994966,0.1438944774702616,1.1516672511781914,0.4043546317082258,0.4243111653712245,0.9832767109619515,0.25783024558809275,0.16840033351251596,0.03507373301519006,0.2248940628877556,0.19787257253325655,0.5217606084085092,0.2608648198296547,0.15905935662661072,1.0164850630253301,0.13727212680634612,0.17952621618369052,1.4585622674911198,0.2613479926503315,0.29186093508559796,0.05358482730855284,0.3706977103014796,0.3545282838162579,1.0339970137783485,0.2941289327983221,0.34671778817523424,1.0054562722917706,0.32430698675620584,0.2705950609288713,1.4334263372494145,0.1520186334539763
3.30337,0.15828722885291086,1.4746034377520187,0.10585567078196878,0.391771633007153,0.0972606608161998,-0.05459127147487983,0.3961834665016415,0.9984596381901619,0.05742474195897347,0.3743517681239121,1.1780892763669817,-0.13418403543133775,0.471353577319195,0.9913902255193288,0.14707616915654795,0.34095058555909674,0.04544486482362743,-0.030963488216276407,0.37658217172333536,0.5379229665301487,-0.03417138637024839,0.20311129354899443,1.0215959139927375,0.034270112414600616,0.284116367449159,1.4762622703044623,0.004903299769274787,0.5256693071157629,0.07748174418466718,-0.01900392330460988,0.446290699888785,1.0465190480523978,0.07681353833113819,0.46249852203010416,1.022310421155215,0.048026745592944356,0.18256490156820857,0.08401677754505718,0.2828054731738597,0.14363271894885785,1.1508922684688436,0.403679436825769,0.42371730507190164,0.9816927235106542,0.25760081089669656,0.16835126784526144,0.03491375001640281,0.2249380872379387,0.1978244760325142,0.5216518217517506,0.2611947698489809,0.15916012578500693,1.0162978732704737,0.13749923419643365,0.17918096217186882,1.4581385807990561,0.2614344868496622,0.2918076719235075,0.053531797719865645,0.3707173450168925,0.3540449511020304,1.032562080321247,0.2938367934756509,0.34621382439056814,1.0041268673106991,0.3241066531209171,0.270488847990554,1.4332862572048055,0.15196505220578702
3.31335,0.15807489006532197,1.4743005194257057,0.10584366851927467,0.39177215911008034,0.09714450109767668,-0.0544412827252314,0.39632390390317945,0.9983581934708926,0.05755875240997944,0.3732489825455039,1.1778651614954825,-0.13506285596543538,0.4715344947658575,0.9896348528860298,0.1446889643166384,0.340947859737331,0.04529295273297859,-0.030867454385129434,0.37704644692426403,0.5377514004758043,-0.03357750747748899,0.20322579286482012,1.021371519627742,0.03447413019117194,0.2839264872135325,1.4759508751111208,0.004727174758891122,0.5256708465304238,0.07737558784523804,-0.018972743440072166,0.4462303267948178,1.0451143700737464,0.07480847131567409,0.4623224724533743,1.0210627661925742,0.045817561513811805,0.18252153918754416,0.08389006064287627,0.28293429655216695,0.1435081219538892,1.1501879450061552,0.4031537723225768,0.42320298560492897,0.9801946159046117,0.25740075288281244,0.16832211575437753,0.034762332309101446,0.2250854929459608,0.19780024999756382,0.5215613964317111,0.26158912837439946,0.15928958639738044,1.016087027592171,0.13772950782779075,0.17881641793832204,1.4577463319633952,0.26157398507840607,0.2917867154684055,0.0535258865737831,0.37082969617592465,0.3536315070974291,1.031205090154013,0.2935689015477314,0.345804969746668,1.002879140338166,0.3239501489588623,0.2703198023567972,1.4331450039921,0.15195542740987283
3.32333,0.15792123677607092,1.4740157775622054,0.10592081435601107,0.3917486737758912,0.0970402601021178,-0.05435633362130722,0.3964625120916486,0.9982552180314123,0.057646095595303225,0.3722691457823263,1.177685093049626,-0.1358433588734081,0.47182363975350305,0.9877899749253232,0.14228973495161226,0.3409297347724725,0.045152331685204015,-0.030833663403908352,0.3775309401076773,0.5375995318204403,-0.03311210610087393,0.20334352217390272,1.0211617289182715,0.03462002514956326,0.2837945288431751,1.4756398460267168,0.0046545137430698755,0.5256539295128034,0.07729115995890336,-0.01900182599382608,0.44625316915466395,1.0436344932611752,0.07281724808169349,0.46223072767550966,1.019763751047345,0.043613508830403505,0.18245664363525185,0.08376874628588667,0.2830025733028046,0.14349649348125615,1.149503806457175,0.4026739411011178,0.42276986934461636,0.9786693016469884,0.257240977824769,0.16825643921901684,0.03461995493346077,0.22517175304757808,0.1978596234918847,0.5214744496059512,0.2620103027533642,0.15941816056380365,1.015882922784875,0.13790241710686585,0.17852882615826668,1.457370547516848,0.2617884634992604,0.2917371275890444,0.05352004491424125,0.3708803767171606,0.3533086792282704,1.0298349910916185,0.2933577266879853,0.34547800441639637,1.0016112510170105,0.3238287219362303,0.27019339588534275,1.4329915245007423,0.1520180617672215
3.33331,0.15788381408549915,1.4737625323189305,0.10607822111826719,0.39169268850640165,0.09695336409467474,-0.05434892515251582,0.39658378954329854,0.9981390710290325,0.057682592376547916,0.37147107607643326,1.1775395759287424,-0.13648681585813352,0.47219938600425737,0.9857464969840658,0.1398696166354121,0.34088441525054586,0.04502910154865396,-0.030874929771741368,0.37805600168448156,0.5374786111352788,-0.032786180748072186,0.20345173258016777,1.0209870604896865,0.03471512104721526,0.28378163319339755,1.4753349507542626,0.004695651467372278,0.5256059791393212,0.0772293299148663,-0.01909466894601173,0.4463657902390069,1.0420036159728063,0.07084940305671439,0.4622392879694179,1.0183471506474995,0.04141581701671172,0.18237248539568784,0.08365541830943467,0.28298956044023077,0.1435670746284167,1.1488402522137193,0.40220599282887004,0.422366680717219,0.9770125960900398,0.25717984305328156,0.1681476796335836,0.03448951236439498,0.22517495251550096,0.19802052318520666,0.5213904231228291,0.26246487019990244,0.15953449442030354,1.0157070224218903,0.13802087215183972,0.1783489343777581,1.4570262756609407,0.2620777582857118,0.29165536427961103,0.053499096395777136,0.3708423732877675,0.3530442941872136,1.028374646591229,0.29324930985668857,0.3451762576684743,1.000251791529086,0.3237863957029045,0.27015399109658167,1.4328279169503642,0.15217096823514983
3.34329,0.15789981507475276,1.4735429959084512,0.10629619842480975,0.3916519719921496,0.09686083834365918,-0.054248095950445004,0.3967035131653768,0.9980272811547711,0.05771442129124235,0.3708828931561909,1.1774420772364012,-0.13694693043968087,0.4725160533361884,0.9834364531846899,0.13747786158763278,0.340840543826003,0.044914660302856235,-0.030800200564802316,0.3785827953291232,0.5373652990664772,-0.0325098618347813,0.20355231595836704,1.0208359160497982,0.0348336528520537,0.2838007309389543,1.475047700514325,0.004821390516061955,0.5255763357181131,0.07715493389317193,-0.01907775184676454,0.44650525122314233,1.0401958123541097,0.06896613206164694,0.46229433317496194,1.0167836890168682,0.03928590127647499,0.1823126434907537,0.08356719890779178,0.2830400499715866,0.14371599815219444,1.1482594934852186,0.4018048827740658,0.4219203201983682,0.9751446067027014,0.2573283462200747,0.16805178844812013,0.03437747942598181,0.22524643800910904,0.198246791427559,0.521326146219638,0.2630046095704627,0.1596491519832834,1.0155579554758707,0.13816030302942614,0.17822819865751194,1.4567602728208,0.262416412259103,0.2916072942025837,0.053489687985993024,0.37084908429199775,0.35277765201203415,1.026778325225151,0.29329766941698804,0.34483613217838355,0.9987848329600021,0.32392602919352687,0.27015632447852733,1.4326705074396302,0.15240960435840867
3.35327,0.15786166016142392,1.473339683339716,0.10655612660182626,0.39162658346590046,0.09673742477784116,-0.054119696037329044,0.3967205419699702,0.9979096605197417,0.05767767469256775,0.3703101080671321,1.1773789045013578,-0.13731297250560762,0.4728601104052286,0.9809480164858289,0.13498999989988247,0.3408155119513608,0.044774941472722964,-0.030663260092961334,0.3790917211506331,0.5372380906856735,-0.032348240812398885,0.20353551599053124,1.0206332884944438,0.03490635879199191,0.2837588182241155,1.4747568480983937,0.0050115247846207415,0.5255671561389396,0.07707674092303783,-0.01904058531635803,0.44663583071783014,1.0382600790683087,0.06704746681340513,0.46234811616897503,1.015129097372262,0.03710505883016333,0.18224728136699933,0.0834450514009686,0.283118622184483,0.14397236470312708,1.1477661007844764,0.40146385116485617,0.4215378311198953,0.9731829611667235,0.2576928371792364,0.16794984184081788,0.034232763103789844,0.22534809340371384,0.19847337635351459,0.5212416907859774,0.2636221535913572,0.15966237625282223,1.0153519283760397,0.13825975823186576,0.17816797461253395,1.4565500363834678,0.26276893024210557,0.2915803804566325,0.053458746115131524,0.37086473336491427,0.35257678898871736,1.025134990753837,0.2934891367745365,0.3445590091080587,0.9973088858818143,0.3242413292355549,0.2701006560847994,1.4324763627540578,0.152653553556304
3.36325,0.15772024968387938,1.4731382359405503,0.10683848359434085,0.39160745192723506,0.09657240356823883,-0.05407504695955064,0.3965480872876175,0.9977637518470287,0.05751510230615441,0.3695894583416239,1.177329289580624,-0.1376575152187191,0.4733496067764873,0.9783663573089765,0.13229681072273852,0.3408189267954088,0.04458638709886182,-0.030580126059890512,0.3795877015108961,0.5370885178399137,-0.03238050218784609,0.2033162096417873,1.0203297318693154,0.034856945840958935,0.2836244438450183,1.4744533161989162,0.005256795138517798,0.525569453911614,0.0770115880378073,-0.019105438325020367,0.4467628642942557,1.0362406422509856,0.06498576887624397,0.4623810629017852,1.0134266150190825,0.03476320540502172,0.18214533106235428,0.083235978167265,0.28315475441092397,0.14432635441071,1.147334678237366,0.4011213591864462,0.4213145114665777,0.9712354191091193,0.25825073107391977,0.16782183503839168,0.03401163579009878,0.22540283423202795,0.19863523136519198,0.521097729457544,0.2642954427846957,0.15948910925609658,1.0150305314449117,0.13824601992192956,0.17817630535289428,1.4563647301373381,0.2631078509105185,0.29154470632083196,0.053372442710753615,0.3708289690663903,0.35249714098495805,1.023519484718246,0.2937948572968918,0.34441264633058355,0.995890714794779,0.32468474113630413,0.2699336185329838,1.4322101258281894,0.15284254945011128
3.37323,0.15762978193992355,1.4729573758424925,0.10711955863612678,0.3916211344461082,0.09639546608129068,-0.05404992302009111,0.39627965584633695,0.9975706115291144,0.05732245416741086,0.3689080808682398,1.1772869046626664,-0.13784365202178617,0.47389780461201764,0.9755747549405457,0.1295391949543628,0.34085468986114975,0.04438399614620776,-0.030524713789799655,0.3801115566027391,0.5369389982592807,-0.03252986609375751,0.20300928521907752,1.0200188590149517,0.03476675227243441,0.2835311834930659,1.474199644072021,0.005563936838187142,0.5256041959607178,0.07694292926636086,-0.01915462054182056,0.4469622378049469,1.0340761971754544,0.06292646733876829,0.46243697496970027,1.011582663797221,0.03239237547679857,0.1820624099955946,0.08299647674839165,0.2832104287611359,0.14462860135643907,1.1469330987917625,0.4006503415896869,0.4210935313257324,0.9691394961101832,0.25903204759502996,0.16773740062135856,0.03376022318535492,0.22546759722400825,0.19869981019764812,0.520926590526692,0.2650346010852594,0.1592167467474047,1.0147014674176258,0.1381814813043701,0.17821597524836427,1.456236318335066,0.26343798835536675,0.2915215080701545,0.053270009052433155,0.37082831417479645,0.35240346772418063,1.021804520943288,0.29422746522796095,0.3441762155065987,0.994375354531649,0.3252352317920026,0.2697861775532271,1.4319289052299622,0.1530598230757672
3.38321,0.15767700466551152,1.4728509322534844,0.10738177054010277,0.39165848525115304,0.09623557674557609,-0.05401904225371544,0.3959209209957577,0.9973435861054635,0.05712786786710944,0.36834316953897694,1.1772194118519832,-0.13777971484549983,0.4744312171988002,0.9722956947625881,0.12667105470825957,0.34090407381602444,0.044200448045523755,-0.030484061560041673,0.3806075263204878,0.5368096108874406,-0.03274959783725825,0.20262250714206748,1.0197497593006641,0.03464770586722299,0.2836147906568069,1.4740117416323941,0.005931811292773789,0.5256587659997859,0.07686989093575476,-0.01915479539747593,0.4472197304678898,1.031587197731978,0.06088856504908987,0.4625239090604742,1.0094614877502377,0.029994310526860836,0.18199622971303306,0.08276424663420635,0.28328136210469507,0.14485466010349357,1.1465389326604112,0.3999836120414458,0.42074084784909227,0.9666211191413241,0.2600693302600768,0.16769354133226883,0.033509096784720804,0.22553945063993014,0.19864913785906493,0.5207527240153137,0.26576757743071633,0.1588403137160447,1.0144214677740506,0.13807311365769673,0.1783151047764845,1.4561670565110532,0.26375871264325684,0.29148557697469035,0.05318203086567043,0.3708727198700676,0.35222393270642854,1.0198225832669,0.2947869772379884,0.34374656989629443,0.992622309339702,0.3259143839844487,0.2697252182343052,1.4316555105488191,0.15332460442787557
3.39319,0.15783498975622803,1.4728886133894452,0.10761869159597735,0.39167427109981967,0.09610940206291532,-0.05402390511464433,0.3953585557454712,0.9971238910102337,0.05686733146965101,0.36779104555675496,1.1770708833909018,-0.13746958127559739,0.4749399895846003,0.9681766230588463,0.12341895927849465,0.34093387870445363,0.04404987971509748,-0.030480989855629175,0.3809302409552562,0.5367082804139732,-0.03304406359433793,0.20202298345292724,1.0194957820933714,0.03442252536480439,0.283954793696052,1.4738469474467137,0.006344805710467879,0.5256885125281148,0.07681372368580308,-0.019196650946395118,0.4474292711662184,1.0285235424517178,0.05871185693402825,0.4626029769887536,1.006925485421479,0.02739201583242366,0.18187909335741498,0.08253579774166712,0.2832796931196692,0.14513652101900815,1.1461485877512056,0.3991427838271434,0.42020838557073,0.9633954280479493,0.2613851743798492,0.16760469303583192,0.033254817442289225,0.22553960493560382,0.19848843810765798,0.5205762617325453,0.26635053388863383,0.15823642249147032,1.0141613715274884,0.1378571353948547,0.17856549265620086,1.4561216570545392,0.2640583425701957,0.29136873631976945,0.05311314416525749,0.3708728699636031,0.35199238193496124,1.0174293087528963,0.29546111000687225,0.3432012318128105,0.990564885102148,0.3267815854245007,0.2697161374176928,1.4313624079955214,0.15356561824616166
3.40317,0.15807050921862334,1.4730114304557127,0.10785108965757258,0.3917010527705496,0.0960035930914282,-0.05403470272230272,0.39457231161410516,0.9968972045532711,0.0565646473575099,0.3671992263066057,1.176846239167339,-0.1369638943139886,0.47549458476659556,0.9633647802837733,0.11971516441227813,0.34098386518667795,0.0439082202489538,-0.030496701023502503,0.38111913823803084,0.5366140520517892,-0.03333019746031072,0.20119704453086665,1.019233548417329,0.034146102264786614,0.2844187567849976,1.4737126449029772,0.006766281333568116,0.5257314566719207,0.07678405237173061,-0.019259989233149487,0.44764712403740575,1.0249467533358172,0.056300571133759296,0.4626700185464979,1.0039844960706354,0.024493642087478926,0.18175823598586896,0.08230895037778045,0.28323036307339894,0.1455432344279687,1.1458107109590976,0.3982268840000307,0.41955074763848416,0.9596534388659801,0.26298026618606035,0.16749814992565246,0.03299449030373506,0.2255090250035068,0.19832303407358934,0.5203809071611841,0.2668334758919984,0.15740643194960882,1.0139053563944,0.13759292141917664,0.17892702376861855,1.456119652724607,0.26433299973500124,0.2912412739200442,0.05304761286136441,0.37084024026187334,0.3517398601594991,1.014708640432258,0.29630988336100406,0.34258786715764444,0.9882602920664051,0.32786214830526034,0.26975546954794066,1.4310603718073014,0.15376768564862978
3.41315,0.15831580649051333,1.4731377976527245,0.10806441231049589,0.39176986071786585,0.09589399385884541,-0.05401266532456243,0.3935910423905094,0.9966376435544057,0.05626513482291772,0.3665730436173743,1.1765730589769359,-0.1362991102698453,0.47612189093013296,0.9581682109896102,0.11564621783286905,0.34108612843063796,0.04374512552571016,-0.030504708664720367,0.3812354272427417,0.5365000096602821,-0.033522105903601065,0.20018637109387644,1.0189497006277393,0.033894146896689584,0.28481200669256546,1.473630757818786,0.007142899102943353,0.5258227812071701,0.07677465699616036,-0.01929180789940582,0.4479357359448086,1.0210379759155634,0.0536621732144272,0.46271666939371764,1.0007280665115783,0.021325663853686113,0.18169171965412595,0.08208221092487483,0.28319069375746625,0.14606474680665765,1.1455784733892023,0.3973003958220682,0.41880641563306487,0.9556986683343512,0.26481694458847954,0.16742401082470654,0.032726696211312856,0.22551237263009338,0.19822905302100738,0.5201553367889691,0.26729623209457753,0.15640164005371676,1.0136510309914666,0.13735617525885294,0.17927800307144462,1.4561938200515046,0.26454986954422854,0.2911840129983475,0.05297016818951068,0.37081859981630483,0.35145351970964384,1.0118073826536276,0.29736316087908155,0.34190002264526453,0.9858040939332018,0.32913199243789504,0.26980741072101144,1.4307737241575358,0.15391440116230243
3.42313,0.15841372881962465,1.4732902839468192,0.10811633390109782,0.39180638892631287,0.0957648689165684,-0.05398986584098237,0.39245185657681525,0.9963604067833565,0.05595484742853243,0.36599890584195816,1.1762621101949335,-0.13541975281985597,0.47663127549573536,0.9526922140151809,0.11144353617872127,0.3411583421559458,0.0435608420033605,-0.030513097446136322,0.38116100155123767,0.5363594110808424,-0.03364125568373641,0.19902302075227776,1.01864926126555,0.03362469459666878,0.28504091153960404,1.473595366861599,0.0074036970869387365,0.5258829763798908,0.07675300483132362,-0.01929957852157238,0.4481605059798289,1.0169029072970264,0.05099221169744325,0.46267495304815787,0.9972752022739193,0.018117506059483666,0.18161687209037128,0.08185147876024738,0.2831560581012527,0.1465681146040457,1.1454513889398477,0.3962412866764328,0.41784672839170844,0.9515333755063525,0.26678024435174746,0.16734600454451717,0.03245078918703657,0.225520311636938,0.19807798493334008,0.5199208741927309,0.2676489567836182,0.15524330781355936,1.0134099237275047,0.13710527690097324,0.17945155728298554,1.456340389546777,0.26458886024331507,0.29112741113948776,0.052891561663116864,0.3708040238205908,0.35101302700637044,1.0087534690260753,0.2984756601190562,0.3410350155798922,0.9832421059245827,0.33047814701013967,0.2697053680673253,1.4305110504100058,0.15391069101219954
3.43311,0.15839557964644307,1.473487386654612,0.10801453443638996,0.39179064860057017,0.09561853081216408,-0.05397559610313866,0.3911792622430695,0.9960721193668391,0.05563058801859863,0.3655092074405872,1.1759296088868085,-0.13431752265688798,0.4769336377388495,0.9470269070934799,0.10720938939755649,0.34118206142373403,0.043354993339942006,-0.030525399155240968,0.38091675032518935,0.5361947030694255,-0.03367589120039644,0.19772428819472834,1.018330170045079,0.03332526546072397,0.285146804109504,1.473606305025545,0.00755902657462929,0.5258962805354677,0.07672674092649187,-0.019301715156631895,0.44823330721603577,1.0125958129369514,0.04835367396763871,0.46248064159497265,0.9936792004834827,0.014951940415430947,0.18152792906450274,0.08161101884678576,0.28309499637839547,0.14709300793835184,1.145427064684641,0.39504017923580237,0.41668009366738024,0.9471729222449615,0.2688139610239084,0.16726832792950677,0.03215581878766692,0.22549507033211116,0.1978741122942703,0.5196751807750951,0.2678718942906655,0.15394716942787243,1.0131781974840215,0.1368276168742824,0.17950548528913224,1.4565515053238456,0.2644545447571817,0.29106083672600574,0.05282694846897895,0.3707669475524989,0.3504210207990617,1.0055507816158313,0.2995952553504876,0.3400066591203375,0.9805725038418062,0.33185474080665534,0.2694722867570862,1.4302619416713789,0.1537587295641024
3.44309,0.158488685768018,1.4737262058933782,0.10793725634219781,0.3917778406817346,0.0954778020844522,-0.05394092927262431,0.38978782820460695,0.9957695388438789,0.05531896087626547,0.36507097200862754,1.175600568968687,-0.13304508269405918,0.47708738123699246,0.9412440488032784,0.1028539120633833,0.34122287422148456,0.043128002027993044,-0.03053314111349971,0.38068627269011884,0.5360175384443869,-0.033558857338851084,0.1962998881269021,1.0179846487590662,0.033040704886014696,0.28528383401463564,1.4736755293836874,0.00770059090826068,0.5259299565923368,0.07674366048208767,-0.019311272935264263,0.4481622158166219,1.0081145143876165,0.04562571236564838,0.46210291889178473,0.9899139264180561,0.011706502682484117,0.18149472285786547,0.08136100649828545,0.2829699230479745,0.1478659717554632,1.145507795533807,0.39383133814801224,0.4154557917411867,0.9426533037129673,0.270962241233845,0.16724565526081636,0.03183125092494883,0.22541655366922184,0.19778490616412878,0.5193939796549674,0.26804758330440304,0.15253213670972862,1.0129394712023188,0.13656663019635243,0.17971545700172775,1.4568217047945795,0.2642929425516764,0.29105560855144363,0.05278827036936465,0.3706703010600213,0.34981005225123324,1.0021764837812774,0.3008112903724995,0.3389473613833614,0.9777416692013279,0.3333203503468173,0.2693374000335697,1.4300056810192607,0.153573275877339
3.45307,0.15863489812851328,1.4740347441123836,0.10786159584157834,0.3917637343629463,0.09537846455254831,-0.0538709691995438,0.38833933492348804,0.9955128868470181,0.055092130466307676,0.36474684556154624,1.175293951108733,-0.1315686911247169,0.4770628022715207,0.9350886425886756,0.0981568892245934,0.34125666637804053,0.04294004605129796,-0.03052821402853822,0.38040789032605593,0.5358612639382304,-0.033252361444232104,0.19481674412428873,1.0176520559167654,0.03281894271189237,0.285442807159861,1.4738152705928125,0.007804247891943733,0.5259543531877802,0.0767664944713809,-0.01929572248228664,0.4479884447445793,1.003354524833027,0.04272117364540919,0.4616475132477359,0.9859621967361343,0.00827331174899766,0.18148344196742663,0.08115877333826882,0.2828386012665242,0.14884607321762405,1.1456659874818702,0.39257897587837287,0.41394236120189665,0.9375836967926461,0.27341241813446726,0.1672321773781428,0.031563474113685715,0.22533251227839882,0.19775281263364453,0.519143391806416,0.2681703954269753,0.15104438121840222,1.0127380136064101,0.13636358645672736,0.1799884183973913,1.4571437975199988,0.2641100931909762,0.29106518918221846,0.05276330444560219,0.3705730730218658,0.3490655087763388,0.9984266287189992,0.3022186894759709,0.33772895033539185,0.97463714907638,0.3350161482965377,0.2692509268560948,1.4297860139472298,0.1533608578086068
3.46305,0.15870993872792075,1.4744264632715527,0.10769820494179877,0.3917273766830157,0.09534195650105866,-0.05377257591720016,0.38689112710512125,0.9953450931880281,0.05498127982510482,0.36453562201487755,1.174995764871407,-0.12987588014921272,0.47685494302189746,0.9283720753344386,0.0929280569095197,0.34124017209111723,0.04284204223225401,-0.030516775529523046,0.3799868595210694,0.5357499751241084,-0.03275994452843671,0.19333963759261838,1.0173709876812032,0.03267571396086686,0.2855634722406971,1.4740180801830463,0.007805799024536619,0.5259249294220237,0.07674541496031571,-0.019236350778136586,0.44775976761442726,0.9982676795132074,0.03957757798861505,0.4612200560689948,0.9818561872200241,0.00457402560182104,0.18144950844791125,0.08104987021386975,0.28275545611504943,0.14987518691532759,1.1458561893004224,0.3911739707440421,0.4118951955368718,0.9316444867617045,0.27637181452414916,0.16717776285748215,0.031424343887007086,0.22528410678196506,0.19767324243583315,0.5189869980403842,0.2682255210492656,0.14953325769351172,1.0126161949187584,0.13623094724983745,0.18014419823939745,1.4575024800861058,0.2638612892309225,0.2910349825071797,0.05273730981150518,0.37052704935893804,0.34803478461410137,0.9941510123240886,0.3039018471083914,0.336175060529069,0.9711955206309413,0.3370672893532323,0.2690956233844709,1.4296432724943104,0.15308258278399836
3.47303,0.15880270215807415,1.4748305292707489,0.10745552844512937,0.39168628680872114,0.09533235135731653,-0.05369138811241427,0.3854235689454764,0.9951737696688153,0.05484287988739915,0.3641252570919712,1.1746085295216178,-0.12813310963257757,0.47665678503074527,0.9215356375689645,0.08723056196258272,0.3412038285827733,0.042776803532543414,-0.030542635547288845,0.37957702462479354,0.5356522423092933,-0.03215902763604722,0.191849410002591,1.0171131444357173,0.03253530852704334,0.2856700107991623,1.4742219920267559,0.0076915136550186275,0.5258920536449568,0.07671362184584571,-0.019213186401678958,0.4475048572006898,0.9931004744470411,0.0361483701176272,0.4607432373842427,0.9777496947064905,0.0005845644414458535,0.18146313534466618,0.08096914406714083,0.28263697058925225,0.15084027446436138,1.1460234881655442,0.38954103905811677,0.40955662689086325,0.9252979629978522,0.2799129379922513,0.16715987054191886,0.0313130405602316,0.22520415195121382,0.19762236596013386,0.5188570488888132,0.26829807022060426,0.1480200864569386,1.0125274565170677,0.13610618422654452,0.18027016346454808,1.457862513219663,0.26355835689837753,0.29105249361125185,0.052721413011656414,0.37043459725778116,0.3468017892859064,0.989595619317447,0.3059160069659551,0.33433436271372097,0.9675680291520812,0.3394467382993692,0.2689555393702839,1.4295201438817509,0.15272693714647986
3.48301,0.15894249104492034,1.4752163920652095,0.10716728809381668,0.39164616758669213,0.09531401659059584,-0.05362168630447507,0.38394967651121953,0.9949637192500773,0.05462738814107011,0.36345519150218125,1.1741024511122893,-0.12635666613906316,0.4765197550435033,0.9148305033466008,0.08123554910073845,0.3411711036697683,0.04269133503496269,-0.030590045435410728,0.37920856799362,0.5355370653129589,-0.031511029595664035,0.1903580172696364,1.016855606359804,0.032351139638863824,0.285763797715825,1.4744101526919149,0.007478963645531177,0.5258737494777422,0.07669747210145698,-0.019217473822464956,0.44725915673528527,0.9880144543557042,0.03253730211303019,0.46018828061519385,0.9737363448821253,-0.0035741906885613617,0.1815434045673248,0.08087735406258746,0.28247657732709697,0.15168696138435037,1.1461311959894438,0.3876409454231777,0.4069692442072576,0.9187672385758195,0.283987878537979,0.16722000459496883,0.03117688029013606,0.22508855286526078,0.19755071725827483,0.5187232221531677,0.2684143863970738,0.1465220094465654,1.0124372804809063,0.13594496993820576,0.18036808461922413,1.4582139858992278,0.26322224877193573,0.29114258718552055,0.052735829429908766,0.3702965307888975,0.3453868871139765,0.9848894250653313,0.30826005981022886,0.332201353881087,0.9638222959422452,0.3420954223753296,0.26885582668919655,1.4293924923904997,0.1523261184554905
3.49299,0.15905937169521853,1.4756137583622444,0.10687514070480754,0.3915943674169466,0.09526999011295825,-0.053505508500353925,0.3825325705280747,0.9947684084691847,0.05441945677686017,0.36278811119858884,1.1735397440452433,-0.12438485847837516,0.4762990573096785,0.9081715395105383,0.07515121432251483,0.3411414641650684,0.04256844875864126,-0.030585454856237294,0.37874817506204833,0.5353918115268652,-0.030841311218054196,0.18892731100809315,1.0165975737732502,0.03212947468347668,0.2858091478561509,1.474622239988425,0.007207110715179445,0.5258356005425233,0.0766962079940677,-0.01913988354236494,0.44705469577367674,0.9830120800648949,0.028977865771254246,0.45961032516848643,0.9698185480432124,-0.007664688790593447,0.18162925760901613,0.08078901113209085,0.2823691752830388,0.15243125938548424,1.1461749493423323,0.3854904812817309,0.4038734000804832,0.9118735360676815,0.2884434325158617,0.16732668821228655,0.03105309416746548,0.2250143945830787,0.1972672294052496,0.5186226777651144,0.26852720486797815,0.14505891654342973,1.0123449141790515,0.13574070593229126,0.18031434407262795,1.4585790312019995,0.2628736739069696,0.29123118906615864,0.052800900224940085,0.37023728222472074,0.3436956037814657,0.9799621348132544,0.31087208679079165,0.3296811720111303,0.9599053535774945,0.344953033221244,0.26872663553256765,1.4292908156072857,0.15194969471535044
3.50297,0.15920752865268048,1.4760157367237334,0.10661275488964408,0.39154716448199106,0.09523462035166756,-0.053414230395205896,0.3812011136351422,0.9945879393037773,0.054203915699387525,0.3620952181055887,1.1729454214950306,-0.12234137046127522,0.475937137787515,0.9016203600591121,0.06889279952027735,0.3411114689454442,0.04245791445024397,-0.030615562005933947,0.3783332274581007,0.5352544951393007,-0.030159757318213593,0.18758588447557317,1.0163528045352515,0.03187386067979849,0.28583050978513685,1.4748360065258563,0.006877976748036162,0.5257863709338847,0.07669547780251938,-0.019065586108914366,0.4467985524427147,0.9781119262958611,0.02535676577777562,0.4589732433827454,0.9660359008030162,-0.011786220876303325,0.1816899489235177,0.08072061695775053,0.2822679005233226,0.15318252142618877,1.1462242435206058,0.38327837149193833,0.4002816541857197,0.9047774893102996,0.2931840182233112,0.16741446353633765,0.030957992678332873,0.2249343177878117,0.19693281598459164,0.5185614375573633,0.2687199862003223,0.14366486282769372,1.0122579495123754,0.1354929376145657,0.18023713917296671,1.4589657206635436,0.26254171286960093,0.2912776417352042,0.05289575471148777,0.3701957691957092,0.34170778869672186,0.9749110332051807,0.3136814530423033,0.3268520909152096,0.9559445347361534,0.34799398736104326,0.26862981510621714,1.4292078843937572,0.1516029062151826
3.51295,0.15945145286245718,1.4764196644833878,0.10640032393733709,0.39152505836158,0.09524632190544396,-0.05341313132731772,0.3799727296151201,0.9944194860341785,0.05395252064899664,0.3612800867327626,1.1723401020159516,-0.12042163492313047,0.4754628551395105,0.8952944516944676,0.062281702409903675,0.34107983623046206,0.04241304722051949,-0.03076023149129728,0.37813475383766576,0.5351650539600525,-0.029470009993119096,0.18634711267913637,1.016125073242795,0.03159910010944749,0.28586810946534924,1.4750147321394684,0.006500278060861766,0.5257513415284099,0.0766805390493093,-0.019094103831791262,0.44642796120904243,0.9733526891917691,0.02145291352849592,0.45824242501690116,0.9624349593185345,-0.016149477126282744,0.18172177625150404,0.0806865121053471,0.28210896714559863,0.1540590738785519,1.146361518125046,0.38122178733239925,0.39631323292186926,0.8977391175407209,0.298190280951795,0.1674402650410384,0.0309011292041758,0.22478928508468457,0.19676519909024778,0.5185364357398249,0.26909449701988614,0.1423738809105985,1.0121722945894867,0.1352192692391074,0.18031389195990677,1.4593711748587064,0.26224705484754557,0.2912766009660204,0.0529878672537157,0.3700826270837359,0.33945489895589015,0.9698843644323163,0.31667050463310703,0.323832822337867,0.9521026467715774,0.3512343265339693,0.2686352689531828,1.4291210308337319,0.15126297074505482
3.52293,0.15969866827086981,1.4768902177705296,0.10622956088700079,0.3915173021586124,0.09528220241648039,-0.053361341517019066,0.37888267348639826,0.9943329907992214,0.053751073876019836,0.36048915939499326,1.171790248733836,-0.11860622589056799,0.47501497006186355,0.889237167097647,0.055292204437775605,0.3410535404023563,0.04240311372182997,-0.030846312150046587,0.3780183790501755,0.5350971414451295,-0.028778667849065895,0.1852302721057018,1.0158705612646306,0.031359494655239545,0.28591620152961983,1.4751724073442678,0.006154031857761207,0.5257371180300006,0.07665316636674252,-0.019080784895844017,0.44614439336670064,0.9687957537154533,0.01724156036770232,0.4575240084571079,0.9590223355346094,-0.020794553659211987,0.18175027451265655,0.0806950368891349,0.28199002795542444,0.1550727897654406,1.1466015446586166,0.3793738638057825,0.3919832515262891,0.8907895593089447,0.30356992399858185,0.16746940410760924,0.030908121239763792,0.22467066644917658,0.19662884489156185,0.5185671439660032,0.2696106250793779,0.14119841834981062,1.0120414747034376,0.13498251655731025,0.1804906042057347,1.459783150089371,0.261973141035543,0.29127014975249294,0.05307009470929521,0.3700014152007578,0.3370019251951715,0.9649230135417209,0.31998014088434457,0.3206036147686324,0.9483774927063339,0.3547579584680583,0.268639181061124,1.4290212426335278,0.15092027922343618
3.53291,0.1598695614083746,1.4773906034444295,0.10606402575325616,0.39150202145475166,0.0953001649345477,-0.05322934029913872,0.37789860471873127,0.99429628400062,0.0535924851718114,0.35968133350521636,1.17127780459598,-0.11690067372098459,0.47462909015626464,0.8835166919800052,0.04800336419664153,0.3410276014472533,0.04237950717608405,-0.030828924229675377,0.3778634742148526,0.5350190052430425,-0.028157015013118625,0.18421025310948763,1.0155840155314995,0.031141874803637806,0.2858864137185225,1.475297068310246,0.005797206923277037,0.5257277858069703,0.07662242073944286,-0.018986562271533846,0.4459685176802303,0.9644895166277766,0.012774813784548499,0.4568339017376291,0.9558311463945971,-0.025672068908168602,0.18179295767136772,0.08071691573813239,0.2819402569287977,0.15611596810621328,1.1469041653358778,0.3776615356367852,0.3872881598810884,0.8840144437807468,0.30922642953088664,0.1675339069922995,0.030951008615463325,0.2246080218080818,0.19638694208397173,0.5186330979120473,0.27020493474164226,0.14011029172344072,1.0118669849988864,0.1347673363192166,0.18064394396048258,1.4601901068831589,0.2616935180227139,0.2912851024436005,0.053140872604243036,0.36998441765442147,0.33434802882275744,0.9600990586358592,0.323564488225992,0.3171434990673154,0.9448007307838182,0.35849063335415204,0.2685680155811011,1.4289058957758798,0.15055949540275554
3.54289,0.15994359914179676,1.4777685985723876,0.10585053922973753,0.3914572879580332,0.09525794503445215,-0.05314683177055584,0.37692022844701323,0.9941640377614287,0.05335385480009035,0.3585717138927977,1.1706837794799188,-0.11537588081021556,0.47421282356246736,0.8782338978564739,0.04057141520038339,0.34098588126319807,0.04230083354260816,-0.030849721213550903,0.3776415350164534,0.5349127874326056,-0.027731858386139577,0.18321939902840725,1.0153133802520367,0.030861882374970544,0.28563433085202933,1.4753409001616904,0.0052559285060319325,0.5256923924475873,0.07659965945970647,-0.018934306701237708,0.44568355493051726,0.9604574917650699,0.008142491700490294,0.45605575620407646,0.952918003320909,-0.03067775117167462,0.18185130946374997,0.08069086621619606,0.28188344605068555,0.15698718084260138,1.1471811898447632,0.3759150609571607,0.38225318353140614,0.8776050394910887,0.31484499827319123,0.16760545279237976,0.03094817531519761,0.22453512967033715,0.19599692733575977,0.5186717456230967,0.2708253715861907,0.13905023672079414,1.0117112071991397,0.13447679488150435,0.18064429850148667,1.4605809537541334,0.2613873309733963,0.2913203372267665,0.0532000243083984,0.3699484136520576,0.3314311484483235,0.9555342428016338,0.32716301651082774,0.31346699980225173,0.9414672187944593,0.3621888965868068,0.26843011265997213,1.4287794749874414,0.15016157100221417
3.55287,0.1599739342607733,1.4780506282179853,0.10562612848176905,0.3914145439858318,0.09519100329355122,-0.05307411357771525,0.3759911460164517,0.9940054324559003,0.05308876805178326,0.3571718364484305,1.1699786558988818,-0.11399817403903463,0.4738422073435195,0.8733746891801868,0.03303173817730651,0.3409544166654307,0.042209569129259134,-0.030852317623648293,0.3773889714441706,0.5348081344294088,-0.027449948810195263,0.18229124210579764,1.0150761573806735,0.030590826198056004,0.28529175222348363,1.4753113953412855,0.0046119579124996295,0.5256656012452222,0.07657291999721907,-0.018887109200736715,0.44539320445313446,0.9566870518629705,0.003344703961092657,0.45513414616349696,0.950194891242758,-0.03582796371214091,0.18192719942693722,0.08065473439466542,0.2818498786797853,0.15770389396171774,1.1473678590845882,0.374117670879101,0.37713810840224915,0.8716622607819038,0.32057184547277146,0.16768623322582563,0.030937377710562226,0.22448504498686075,0.1955608670850016,0.5187117065993218,0.2714854701926649,0.13806716626439597,1.0115856357946778,0.13420056398916028,0.18057554684696572,1.460923878203143,0.26111117294980773,0.29138198915645014,0.05325037676049737,0.3699187465263394,0.3284005386320826,0.9512519483009939,0.33088978508397915,0.3096401591272823,0.938352855346024,0.3659080798168412,0.268292234426512,1.4286675636659514,0.1497590487088246
3.56285,0.16003149549386028,1.478318736577269,0.1054595349158238,0.39140647162516307,0.09515721988791705,-0.05293585309226296,0.3752041004228667,0.9939443166912414,0.05291790695953244,0.3556507253974561,1.1692151089596292,-0.1127165566495694,0.47363144363077747,0.8689309321172441,0.025420650744916583,0.3409533219209275,0.04217100732661916,-0.03074739893549333,0.37718246509669545,0.5347500996969954,-0.02720907137676746,0.18149776590783576,1.0148771681084974,0.030438629071673676,0.28505236721213845,1.475248359450691,0.0040344430277754134,0.5256828848595264,0.07652991658263393,-0.01877315272890847,0.44526251775669623,0.9531888350552005,-0.0016106766700951529,0.45408697247955215,0.9475973368762679,-0.04112985481699972,0.18200766436004906,0.08067035391442676,0.2818870953834506,0.15836557694076178,1.1474467397051922,0.37235519594744443,0.37220995459016787,0.8662371820848498,0.3266308197306513,0.16777331199676623,0.030990325541770822,0.22450163841056148,0.19520172199311667,0.5188049432280636,0.27222809620477684,0.13723770550944558,1.0114815745730772,0.1340654536133172,0.18056839766277707,1.4611935171248789,0.2609377647727119,0.29145727680659,0.05329168637343442,0.3699448803621847,0.32543176217483444,0.9472500685767696,0.33492308100594737,0.30575394931534117,0.9354235269014417,0.3697803517635765,0.2682253637445652,1.428594558765151,0.14941139531692685
3.57283,0.16013263274696676,1.478540568300478,0.1053755279163898,0.39138859462962167,0.09516338255232269,-0.05282067318735485,0.37457435830957714,0.9939323088615943,0.05288441546536053,0.3541767282004601,1.168547307909687,-0.11159298521434982,0.4735407969827181,0.8650879880597216,0.01796609702302847,0.34092050711202027,0.04219174659183894,-0.03066326508526236,0.3771261543734934,0.5347587825381676,-0.027039096103185455,0.1808686663939413,1.0147348288954567,0.030388320004259922,0.2848699222607684,1.4752015326664996,0.0035538464153944513,0.5256815266980234,0.07649341909565491,-0.018672283297540268,0.44513428634945595,0.9500958429512667,-0.006553724134878091,0.4530475857032133,0.9453525951002095,-0.04637593264802084,0.18203409847744154,0.08071781333331107,0.2819235601967972,0.15897532295383116,1.147502812625067,0.37077989508564607,0.36740143660090546,0.8613761894366546,0.3327598087743992,0.16779789994245767,0.031094093923579213,0.22450235975926405,0.19489069023023303,0.5189311217847956,0.27308298913781637,0.136554604535785,1.011413340495756,0.13401922440279534,0.18056842021365693,1.4614159423388395,0.2608703626342747,0.2914643613704583,0.05331047252848556,0.36997359306430433,0.32245253391653717,0.9436035987708665,0.33904764789167435,0.30189729109295843,0.9328008015028314,0.3737004857944981,0.26823065544973673,1.4285501772361566,0.14917934720875808
3.58281,0.16025428996355676,1.4787014620947807,0.1053721631195229,0.39134633443837374,0.09520853311494551,-0.05276088845478328,0.3741030021255769,0.9939322851297826,0.053001840736112735,0.35278734389430455,1.1680434656244412,-0.11067224368287108,0.473516446025073,0.8618991814132353,0.010776945119025603,0.34084495927573344,0.042268402851777576,-0.030639934085004563,0.3771843648424423,0.5348430714332565,-0.026976653378794953,0.18041886385411288,1.0146926737866988,0.03044229765865749,0.2846984068628569,1.4752055200544456,0.0031651776714352463,0.5256427331665058,0.07648944837447048,-0.018608575280605603,0.44497681896775326,0.9474855983562895,-0.011400527440628253,0.452064732790951,0.9435589490873864,-0.05147204955864931,0.1820020987916121,0.08077857356834474,0.2819272720493507,0.1594637933235767,1.1475721772101992,0.3694487353841969,0.3626633799538253,0.8570911632899523,0.3388347429340069,0.16776039778336943,0.031228671053656818,0.2244559776903564,0.19451980949316444,0.5190758637207478,0.27397775079021314,0.13602283169771137,1.0114291550199368,0.1340530801581147,0.18052211596847229,1.4616173330814581,0.2608988089531747,0.29139740803877023,0.05331366287456815,0.36997692032603263,0.31944080763202026,0.9403688918362346,0.34320213280717776,0.29808198945366077,0.9305412838971459,0.3776292691676519,0.26828932345484346,1.4285456673228856,0.1490784032925569
3.59279,0.16033752516539787,1.4788347757052194,0.10542000011332849,0.39131517067019184,0.09529295524287902,-0.05268989114476559,0.3737788334048765,0.9939594810569811,0.05325575201291615,0.35137485579536604,1.167651779931142,-0.10995689107122127,0.47351541003734654,0.8592245456938353,0.0037901687871200684,0.34078933230532465,0.04239738056153363,-0.030571426442057046,0.37716492783945643,0.5350008399716594,-0.027030697634702516,0.18014046999750769,1.0148067717343636,0.030640970622522454,0.2845459963147478,1.4752713287554238,0.0028569482069789112,0.5256181773671478,0.07653555305017197,-0.018511561025803928,0.4449515978467039,0.9453368372922928,-0.016199300443891628,0.45105733131250997,0.9420981581952054,-0.05649767151260035,0.18197935775507976,0.08085457612490056,0.28193952306375647,0.15970110147303399,1.1476166833714572,0.3682944877984774,0.3580358321035473,0.8533576283389223,0.344980661369609,0.16775267676359126,0.031384817281375335,0.22441894243680927,0.19394869765149816,0.5192467812725682,0.2747374379521193,0.1356650184059219,1.0115973484445973,0.13423499138446282,0.1804202332114549,1.461810911398172,0.2610048186495041,0.2913508320816021,0.05333290326026889,0.369981120580145,0.3164709833441776,0.9375591887705172,0.3475648097129156,0.29422703920530024,0.9285917629246377,0.38164020748361094,0.2683671306168004,1.4286178022662712,0.14906561512382077
3.60277,0.160321220017941,1.4789671436038767,0.10544596280674136,0.391287953379374,0.09540576267268779,-0.05261961853823269,0.3734763275853363,0.9940107406145495,0.05354548850339712,0.3499656810998704,1.1674033335218028,-0.10949750996429612,0.47342418734967584,0.8570524730309824,-0.002885297249289154,0.3407420010628153,0.04255965493692804,-0.03047296990028331,0.37706712403843634,0.5352028599512756,-0.027168071509686198,0.17989819107588056,1.015001207454854,0.030887621944715598,0.2843976226802614,1.4753865678160527,0.0026556297554793285,0.5256012117257268,0.07661248682431963,-0.01839651242319618,0.44489585621288774,0.9436130437056773,-0.02089501874629119,0.449955965250843,0.940946148735727,-0.06138968129012483,0.18198712189135247,0.08094356577053823,0.28197187978915655,0.15960778874193013,1.147684618193276,0.3673243237845953,0.35345672739973394,0.8501955216997359,0.3510155772691997,0.16778669445293173,0.03154915748900588,0.22440202163029796,0.19329186877479437,0.5194306908384606,0.27536154593801093,0.1353544503760142,1.011845446001396,0.13446844370877098,0.18024884997169865,1.4620011913553967,0.2611005930152692,0.29133619868726773,0.053369268247919155,0.37000315914234777,0.3134107444033034,0.9351704768561419,0.35194390245974366,0.29026523899851575,0.9269581333229351,0.3855933369438344,0.26836596011448505,1.428723836714803,0.14907616997043474
3.61275,0.1601969958022937,1.479105908720111,0.10541623667116252,0.3912514147025713,0.09553124323916477,-0.05259685562391098,0.37309673620693806,0.994066222224966,0.05378470507115025,0.34858427598505626,1.1673438106239875,-0.10935921503920672,0.47316164588255083,0.8554175369601182,-0.00916245844323228,0.34067388084562544,0.042735352522155365,-0.030416518487962948,0.37697102784662523,0.5354161195487048,-0.027350170580245164,0.1795823008322034,1.0151899026965245,0.031081492997722514,0.28423797739142603,1.475536411617047,0.0025917054732910475,0.525568845569923,0.07668533647626127,-0.018310672113583767,0.4445955963152387,0.942281235067056,-0.025461797974343104,0.4486915409604859,0.9401069588802297,-0.06610368981338363,0.18201683466765753,0.0810368981509756,0.28201771186734126,0.1591484614298483,1.1478389855208257,0.3665756770203272,0.34887109779776143,0.8476309087780874,0.35672444182216,0.16783211153791033,0.031707948509097576,0.22439337812387894,0.19273024386847223,0.5196048259526189,0.2759073004198214,0.13497896497941803,1.012084570191094,0.13464266601004396,0.18002742333378494,1.462193483199002,0.2611252076027276,0.2913276306171917,0.05340236946376739,0.3700458362797045,0.3101155945547398,0.9331953805295571,0.35610670799004057,0.2861484103073027,0.9256497362957667,0.38932184271944376,0.2682377932420338,1.4288094841016008,0.14907999794019589
3.62273,0.16012060381682267,1.4792144800176505,0.10548642132740882,0.3912462643111942,0.0956566578707171,-0.05263929587536067,0.3728069701499097,0.9940894650294363,0.05406786772171706,0.34702271657335637,1.1674191694591662,-0.10956827459075016,0.4728597963295988,0.8542693879780018,-0.015315952204889483,0.3406282528532555,0.04292623890022692,-0.03043907077604374,0.3768820032729791,0.535638136550498,-0.027586595388365612,0.17936502597006665,1.0154680283450448,0.031333735844659164,0.28409516327958595,1.475733638695686,0.002647074176786558,0.525548062179892,0.07672969326596889,-0.018252643764474632,0.4442185205724868,0.9413327178850042,-0.030140920849892585,0.44716807344584203,0.9394995347132011,-0.07089754826887466,0.182049083669183,0.08111483440495368,0.28206887232849537,0.15834001145192791,1.1480425769738827,0.3660489750003085,0.3444170404645313,0.8456314226965868,0.3623082716227282,0.16786521899940846,0.031853742069670773,0.2243931772774119,0.19223452634038102,0.5197523410741857,0.27631987831514615,0.13471325125699646,1.0124027610083366,0.1348748818969018,0.1798905364369468,1.462408322942956,0.2612125070946625,0.29132608601479015,0.05339757205997177,0.37008829547632266,0.30674576487854954,0.9316383420974003,0.36031196759658835,0.28185924562766124,0.9245817009340173,0.3929324051538027,0.268191504075223,1.4289150340410788,0.14918464744752646
3.63271,0.16020370223826247,1.4792874780392335,0.10574775745683782,0.39127616295590706,0.09576415556106538,-0.0527264284812831,0.3726797842195224,0.9940670363186724,0.054446019681596694,0.34529050014620194,1.1676109276476143,-0.11006732403611108,0.4725087085273351,0.8534787127490825,-0.021496774007165226,0.34062032316118773,0.043107991235958064,-0.030519305087471478,0.37673906721480516,0.535849084159191,-0.02787720407157475,0.1793214083517414,1.0158475659902377,0.03169337536829379,0.28403517122217686,1.4759778135808608,0.0028430259062927326,0.5255494433542945,0.07675005597050857,-0.018208836223341858,0.44382082564716746,0.9406982605412638,-0.03499253599025093,0.44543710328618574,0.9390867885233553,-0.07583838667223038,0.18206580009883844,0.08116068722313276,0.28211670718460535,0.15727170207234137,1.1483060383012327,0.36578978130246137,0.34009347060267126,0.8440928938483876,0.3678467137883314,0.16787940739987864,0.0319666675221578,0.2244015650095481,0.1917137807141197,0.5198575833752096,0.27655115463504615,0.1346273883866251,1.0128110077825336,0.13521473519588834,0.17991563245172734,1.462662499974932,0.2614421980294058,0.2913253514783194,0.05335651450921089,0.3701192450449335,0.3033840561623063,0.930455595042244,0.3646508678167219,0.277486859062968,0.9237376074912764,0.39653476289788464,0.2683512523522908,1.42905152832877,0.1494624836051925
3.64269,0.16046073374368092,1.4793691396789705,0.10616609259077045,0.3912901565576269,0.09583197777839852,-0.052804226968701705,0.37261135912662763,0.9940194200510832,0.054867601053093504,0.34370869049335107,1.1679665466181592,-0.11071368644639822,0.4718721502376061,0.8528465963439034,-0.027602944710841383,0.34061550027559384,0.043225356239601755,-0.03058180442125186,0.37643713864098544,0.5360051775778608,-0.02820034161917573,0.17934136887599916,1.0161990721797471,0.032079868872704045,0.28415648188705145,1.4762452053133461,0.0032568375420565223,0.5255521913227345,0.07678153011012245,-0.018166846872046876,0.4432262758722974,0.9402318942287413,-0.03978753828178987,0.4437214243566108,0.9389004537710467,-0.08068549554516925,0.1820548645012401,0.08116654645105428,0.28215092638919975,0.15610817882470504,1.1487181735791108,0.3659047356388568,0.3356907929738144,0.8428382440287888,0.37315210378776487,0.1678861234648314,0.0320149816167813,0.22441332797505492,0.1910734973056484,0.5199077705905552,0.2765971322900865,0.13459774513539438,1.0131863265854946,0.13557295242640227,0.18009100298994288,1.462961771865122,0.2617791168944917,0.2913055512434111,0.053325168677407456,0.3701431130941206,0.29994727100864943,0.9295380960562236,0.36887813176348616,0.273236739267413,0.9231968887718595,0.40015677273343897,0.26867167274960574,1.429170089557863,0.14990457705581414
3.65267,0.1608994047559603,1.4794972362656944,0.10673430787714806,0.39128813644368754,0.09586808941489522,-0.05288563824552067,0.37257422154119024,0.9939735591241132,0.05525629886072875,0.3424093142491422,1.1684988595345367,-0.11146059690551292,0.47076828518229236,0.8522545051979764,-0.03347162595153192,0.34061276009192154,0.04328989344123631,-0.03064811444068762,0.3760598512336082,0.5361127404021055,-0.028559646844605838,0.17938522712297342,1.0164726226538516,0.03242797730836977,0.2845164089727534,1.4765145860985327,0.00391276471187238,0.5255518905378009,0.07682978586907245,-0.018154062936361202,0.4422910288949453,0.939839795847376,-0.044351437667080724,0.44204721648311984,0.9389004702937435,-0.08527331959231979,0.1820186547700612,0.08114406185552632,0.2821492211543153,0.15498589834347573,1.149302181655322,0.3664533874011912,0.3311380583391454,0.8417196716354034,0.377944055221606,0.16788051213913133,0.03201547680655606,0.2244025540400933,0.19041566846836272,0.519915849445474,0.2765226672031619,0.13458940376150455,1.0134729206734625,0.13588965536908906,0.18050971417636955,1.4632893086553636,0.2622058491976173,0.2912662339837098,0.0533044929279952,0.3701442896826931,0.296421820763435,0.9287640526834893,0.3727276645908574,0.26922037608598487,0.9229120434888416,0.40366789548732573,0.2691197214034097,1.4292273065013945,0.15047815707209147
3.66265,0.1615225138002286,1.4796849135166972,0.10745781185134733,0.3912881810587615,0.09588759589068588,-0.05300262630876013,0.3725936452644673,0.9939401028794559,0.05555592974651503,0.34132267797169896,1.1691599505595252,-0.11231203009489783,0.46917148911107137,0.85166555392155,-0.038993479827095806,0.34062046992288214,0.04333467410874591,-0.030766524480799105,0.3757386018771754,0.5361944837413555,-0.028958302004058214,0.1794709318146094,1.0166850972470087,0.032706979534409354,0.28510996081672985,1.476767909848462,0.004769407521427972,0.5255493183608808,0.07687899288395723,-0.01819501048778847,0.4409932351842109,0.9394815269944402,-0.048632434211031944,0.44030827888972807,0.9389928844536063,-0.08956353542363334,0.1819653432051608,0.08111306022373366,0.28210800174859085,0.15394702715852976,1.1500142066507255,0.3674023244741314,0.3265016996311487,0.84066448018083,0.38207481178249614,0.1678478849483867,0.03200378610466631,0.22435930384774083,0.18988384745742248,0.5199053772409539,0.27640850901469355,0.1346317479301047,1.0136810027774164,0.13614282832432667,0.18125189396343627,1.4636205749466769,0.2627271708486102,0.29121518291512416,0.053276207830187224,0.3701146930274914,0.29285981223671353,0.9280564163254091,0.37609720249453454,0.2654273646893383,0.9227629165742833,0.4069250850230647,0.2696926213883755,1.4292112230006582,0.1511505209923663
3.67263,0.16231574313111605,1.479882963494093,0.10832077644300747,0.391274074881334,0.09587712024711852,-0.053130016072499765,0.37271278453068785,0.993870736289034,0.05580558830265869,0.3400944362546648,1.1697761190806744,-0.11326137565035815,0.46743679799396104,0.8511595222003702,-0.04430648888585023,0.34061478626915914,0.04334387106858174,-0.030899434528746512,0.37542945519184084,0.5362372066036338,-0.029352981999405666,0.17965885576504723,1.0169148316357857,0.03295596985321539,0.28580556504553545,1.4769908156390594,0.005672520311648469,0.5255308314427156,0.0768985812036926,-0.018237423618768192,0.43961873298655596,0.9391903239790987,-0.0528454586299576,0.43833226131557607,0.9390436164373654,-0.09376226258106973,0.18189798706118968,0.08108650987933556,0.28210288163390224,0.1527899954836198,1.150717995779435,0.36850983282227334,0.3220260069106124,0.8397821888618074,0.38594911015149513,0.16777300875319978,0.031991056579839514,0.22435850991733342,0.18941782095400725,0.5198897543094845,0.2762723994046106,0.13478578762926008,1.013901430899946,0.1363660248524059,0.1821666299816275,1.463943758896937,0.26337412512457264,0.2911524135926,0.05324200625788676,0.37010561613980414,0.2893848255754537,0.9274956045566125,0.3794051919672797,0.26163192387563,0.9226257820084764,0.4100076347563008,0.2704422118636717,1.4291939494748442,0.15191968533913103
3.68261,0.1631829339050469,1.4800662747926567,0.1092515037485392,0.39124172607146745,0.09582073608672209,-0.05324879969980466,0.3729007777584158,0.9937569646879746,0.056007604617266886,0.33867896182182144,1.1703180561374023,-0.1142885404944887,0.46570206466089825,0.8507634105717169,-0.04946575492647556,0.34059524676905706,0.04329306201693355,-0.031018126013288926,0.3750640589841663,0.5362221914014027,-0.029730962159947444,0.1799159134869172,1.01715586308342,0.033170790305185535,0.2864873670111584,1.4771797096478092,0.006545969442563511,0.5254985260082676,0.07688842247630888,-0.018254845046496892,0.4382539944757467,0.9389701808545289,-0.057053885842333424,0.4361376241720976,0.9390380208513459,-0.09793842689051828,0.18183560603056992,0.08105221705113154,0.28214208503363375,0.1514740634118979,1.1513907340629626,0.369704978325173,0.3177681472851309,0.8391013285475335,0.38974862897532503,0.16768849544057796,0.031962167306567535,0.22440936969122838,0.18895264885253898,0.5198606310781001,0.27609473612554497,0.13502113304298022,1.014131137592699,0.1365567301126309,0.18312466533473754,1.4642484860142855,0.2640899369751232,0.2910974629762923,0.053200175770594986,0.37012565811262504,0.28600845474859377,0.9270929956923,0.3827908381207459,0.25776823560612855,0.9224756492187733,0.41298381713063037,0.27129228978356995,1.4291873405209623,0.15272608898075243
3.69259,0.1639478086683476,1.48025333991891,0.11012741891657421,0.39121080030738425,0.0957092006825666,-0.05336167121945531,0.37304389338323213,0.993652159077538,0.05610264126374582,0.33746611240159463,1.1709585926411386,-0.11535738934130459,0.4637439844727912,0.8504091840314926,-0.0543615584062244,0.34059631797433026,0.043164417670759764,-0.031126930083150744,0.37460160396908093,0.5361363271762908,-0.03012484668360211,0.18009844843113065,1.0172904224885737,0.03328412969527274,0.2871006991016586,1.477344138041644,0.007439833467023192,0.5254764573303863,0.0768858943357906,-0.018271258140438305,0.4366703629303547,0.9387720330075044,-0.061067838741489175,0.4339839201107465,0.9391130193390407,-0.10192947217000678,0.18181289123463962,0.08097249019969853,0.2821378659051066,0.1502134376192044,1.1521677542132975,0.371175625251995,0.3135152078030814,0.8385048299065745,0.3932439084618547,0.16767596135948148,0.03187993737080663,0.224425273769653,0.18847595529440603,0.5197881015937812,0.27583328425473186,0.13519977234017463,1.0142391523921879,0.13665978420429714,0.1840919801519684,1.4645231708609123,0.26471613569096747,0.29108969511077815,0.053141089256407634,0.37012044115355114,0.28259395157247935,0.9267383009855303,0.38592678534215624,0.2540215822959891,0.9224079813287817,0.4158529690907767,0.27201386770598707,1.4291115626144435,0.15344461203683202
3.70257,0.16463458263539185,1.4804252161282823,0.11097456617795484,0.39119121392692385,0.0955562551831806,-0.053458295540654975,0.3731933395024571,0.9935605371598726,0.05613448525827737,0.3364785238003693,1.171701725121894,-0.11641812199979709,0.46152971270374743,0.8500657092808337,-0.05895601545110511,0.3406160915129124,0.042984848362853045,-0.03121932109731087,0.3741213705635123,0.5359968556441573,-0.0305056554761071,0.1802647235403172,1.0173270129398597,0.033333519015814966,0.28766165164008933,1.4774949418471437,0.008360671440324107,0.5254675683436992,0.07687428767610313,-0.018280284218775134,0.43486479246629867,0.9385854908424937,-0.06482129606481964,0.43191191618959485,0.9392772208650378,-0.10567117152329138,0.18180499374929776,0.08085908560085907,0.28211661983066094,0.14905802705613946,1.1530618092084615,0.372947952897213,0.30923258492874595,0.8379433521216615,0.39642364127937757,0.1676943830650741,0.031758509783415434,0.22442926918574937,0.1880210082477782,0.5196790501265862,0.27553111228485094,0.13536156576836017,1.0142342590777007,0.13670092514579874,0.18509324271196168,1.4647589871278852,0.26527184726079933,0.29109808358208117,0.05307198574854461,0.3701103039812857,0.27914961897939167,0.9264074674764352,0.388787602616376,0.2504578170078033,0.9224403128924049,0.4186514603885868,0.27263500366091176,1.4289662938811463,0.15411043215528253
3.71255,0.165363145174984,1.4805536151455878,0.11187533361816585,0.3911810380343034,0.09538724927048482,-0.05353062275017374,0.37346569060514384,0.9934644442708991,0.05618804903516741,0.3355736597061892,1.1724554157167462,-0.11741661897328114,0.4591772813016024,0.8497254371324596,-0.06325583761718342,0.34063497910445234,0.04279732757555104,-0.03129337744936393,0.3737419952228146,0.5358352110988382,-0.030817312608199234,0.180553400202504,1.017336925754341,0.0334039261487006,0.28822618737908745,1.4776352642419648,0.009285417485436012,0.525461802078883,0.0768238645518514,-0.01827219973591129,0.43298232525594516,0.9384141676511593,-0.06832144970152756,0.4298769916807165,0.9394678236050802,-0.10916001006979754,0.1817689435062382,0.08074403640747996,0.28213740763773587,0.14798459926300891,1.1540079242181043,0.3749333794044983,0.305000540660825,0.8374024583787639,0.39936963837333334,0.1676629462320775,0.0316323820158571,0.22447625522231163,0.18764616111742077,0.5195584777873928,0.2752616635242564,0.1356269242708932,1.0141934586406287,0.13674866908279992,0.18617127306082734,1.4649505727576484,0.2658559547500387,0.2910689262982549,0.053002988411161175,0.3701363192179715,0.2757730165116687,0.9261105308499429,0.39148743275805975,0.24708304971124795,0.9225324831152645,0.421404204672114,0.27330596773888954,1.428793461380176,0.15481800366323115
3.72253,0.16619600175662252,1.4806523825743194,0.11282223161988769,0.39115992993053983,0.0952248241207678,-0.05360386253509651,0.3738833225943326,0.9933702553164981,0.05628881534331084,0.33477896249355943,1.1731401015785996,-0.11830820999303299,0.4569138376142591,0.8493804725853034,-0.06726502401433812,0.34064513538898605,0.04261736036307673,-0.03138535980522369,0.37349662935915906,0.5356750845116761,-0.03103197120053043,0.18098819428644855,1.0173564210569273,0.03353840375763163,0.2888604523228842,1.477741909964768,0.010186465082209767,0.5254470699559347,0.07676425204341247,-0.018286413391975682,0.4312093847025222,0.938231455612579,-0.07156300593365456,0.42797585739339783,0.9396363028336883,-0.11238756469243107,0.18171205637755772,0.0806336535102852,0.28214941086871215,0.14705486696026945,1.1549249458949336,0.3769871327048603,0.30092314639206463,0.8368433734619246,0.4020288390401301,0.16759790363980395,0.03150758996814964,0.22451667680127693,0.18741524962189468,0.519441794791729,0.27504104799997625,0.13604565860725917,1.0141504144818683,0.13685898323018286,0.18733340859329287,1.4650986636432064,0.266496499762886,0.2910040431074203,0.052922477132050554,0.37016533082926334,0.2725750657935819,0.9257997636020898,0.3939999768868335,0.24395069641381117,0.9226093321977861,0.4240235364771049,0.274096050546015,1.4286194441454965,0.1555587728437906
3.73251,0.16713398556035736,1.4807297358794311,0.11376777297179977,0.39112379037442224,0.09507661198228466,-0.053675252474598915,0.3743962806069954,0.9932811771922944,0.05640917751090022,0.33408069644089544,1.1736974470655341,-0.11908653042627573,0.4548511279696435,0.8490154055583597,-0.07096815545599183,0.34064675760377244,0.04244485656582232,-0.03149427364619587,0.37335856443003823,0.5355208309034885,-0.031159542578918148,0.1815136814771915,1.0173888140928933,0.03371916811694454,0.28957707309024816,1.4777932888101903,0.011018698785711677,0.5254184935263989,0.07671748254651167,-0.01831775936255017,0.4296115854963018,0.9380087696672695,-0.07453472281709028,0.42623779007554136,0.9397422495858941,-0.11534440546314632,0.18165917083599062,0.08052630364307664,0.2821277402830479,0.14627348531073114,1.155747840197011,0.3789763135807406,0.29704606364167346,0.8362419451449207,0.404426181661518,0.16753755436054824,0.03138206015206903,0.22452504902935383,0.1873342413270426,0.519329221496803,0.2748622363801628,0.13657819438276048,1.0141098789919427,0.13702921631787535,0.18855569574368022,1.465192944308865,0.26718083577486457,0.290929340462252,0.05283079138289132,0.3701760049613644,0.2695878821281469,0.9254434097509635,0.39633086162546016,0.24104986463167,0.9226235381355271,0.4264743603176857,0.275002586716927,1.4284528489605848,0.15628955207579137
3.74248,0.16811065319574467,1.4807777076272834,0.11463837900075517,0.3910934867404312,0.09493211200732381,-0.053701412467979034,0.3748911100694504,0.9931921954126104,0.05647296983453056,0.3333744923405586,1.1740978029572273,-0.11979224095805772,0.45291233202280284,0.8486027239373375,-0.07433498449483639,0.34064702577263445,0.042268927135914555,-0.03156463176947699,0.37324803218787295,0.5353559858012263,-0.03125179358255214,0.18200885657888785,1.017404539855514,0.033865246002069874,0.2903157459381973,1.4777779259303379,0.011716507676293824,0.5253821344216429,0.07667817129023896,-0.01829719898850516,0.42808465328395695,0.937722310017641,-0.07722759896394776,0.4245704570463128,0.9397539296293907,-0.1180266855790507,0.18163955658058079,0.08041785961563555,0.28211150333420904,0.1455554263718704,1.1564433374450087,0.3808040215891068,0.2933231348092782,0.8355978863490885,0.4067173868421687,0.1675173509197569,0.03125180502873618,0.2245367548187961,0.18733137333831285,0.5192060150290316,0.27469978330637157,0.13709367836640415,1.014051212945697,0.13718625167809048,0.1897839395775681,1.465209546132304,0.26786072912855585,0.29088137000202685,0.05274886881896838,0.37018602792332755,0.26673495780936507,0.9250441762844425,0.39855796426750817,0.23827901822797054,0.9225775146493884,0.42881967726058945,0.2759494490324555,1.428283007577106,0.15694899020992145
3.75246,0.16905810667566476,1.4808185226446393,0.11538963044662574,0.3910725940791372,0.09478922230251202,-0.05369579281230278,0.375321482890522,0.9931237724888683,0.056456767618255625,0.33266299039693936,1.1743559509176178,-0.12046189069801211,0.45094899628483337,0.8480875500215749,-0.07747401969454829,0.34064926904807136,0.042098200547188616,-0.03159689725362516,0.3731097139987693,0.5351881826322334,-0.031357115552586634,0.18243092466655306,1.017384068820425,0.03395486137123529,0.2910356456569144,1.4776900856253556,0.012237991198816422,0.5253513897677089,0.07663356401359459,-0.01824358059164898,0.4265250641942098,0.9373341130560425,-0.07972778220639408,0.422935951906631,0.9396589577442814,-0.12051510835317458,0.18163594050391052,0.08031103024434894,0.28212760298105605,0.1449048244881056,1.1570442176008269,0.3824421671224796,0.289586983237937,0.8348784997140767,0.40898161236742997,0.16752437522597796,0.03111972192108745,0.2245836170972833,0.1873425124302778,0.5190802314811775,0.27449066242764825,0.13754273953269094,1.013960824537162,0.1372968896297401,0.19099363222709612,1.4651518453435877,0.26848296386879716,0.2908396119945448,0.05268324545363297,0.3702376020625211,0.26390188458683483,0.9245704910337835,0.4006924505701586,0.235582269296535,0.9225024485287787,0.4311204569924245,0.2768668796908398,1.4280963966347207,0.15747444703313362
3.76244,0.16994354455506197,1.480880649345463,0.11601433542833832,0.3910554986002235,0.09465068590665034,-0.053697682172523103,0.3756980856972078,0.993098687657731,0.056379505666853645,0.33198191801115867,1.1745035093962441,-0.1211183964587909,0.4488893970446545,0.8474529529730838,-0.08050323005466548,0.34065482888959137,0.04194615738558264,-0.03162242822231165,0.3729254775957036,0.5350347239115174,-0.031506551021288284,0.182797976875966,1.0173282407553805,0.03400260938168926,0.2917215863495206,1.477534274801986,0.012574029315597682,0.5253370064815394,0.0765769899871862,-0.018211026016092088,0.4249003391566441,0.9368346630348025,-0.08213051218718627,0.42134783895551536,0.939470911038338,-0.12289889478551325,0.18162066763023554,0.08020963706983306,0.2821808720396742,0.1443363204613478,1.157588805324903,0.3838712506596545,0.28573214213577974,0.8340793840433782,0.41124998942482793,0.1675311937546747,0.0309896345608345,0.22467502736250444,0.18733383216896815,0.518966182259136,0.2741900502114972,0.13793858166718845,1.0138379417832095,0.1373589449711443,0.19217434777473089,1.4650405997459568,0.26902041254847653,0.29077371214506725,0.052626927260993314,0.37035527744124763,0.2610228144745213,0.9240094102665504,0.4027273998158673,0.23293631391422645,0.9224316056080891,0.43339989066375784,0.27772276379875416,1.4278900244101225,0.157840266799162
3.77242,0.17086458118573214,1.4809543153969107,0.11658869730371894,0.39104102671024116,0.0945148105378239,-0.05371974721110867,0.3760970965872873,0.9930959922969893,0.0562984056947748,0.3312510725645393,1.17455495178544,-0.12176339068168557,0.4470015754546967,0.8468544105715194,-0.08336095332979691,0.3406662657327166,0.041800853161238084,-0.0316637850757736,0.3727480979305066,0.534893888664673,-0.03168497187196413,0.18318523447119675,1.0172837644313177,0.03402841537050427,0.2924118247801469,1.4773399317279061,0.012792335490617658,0.5253270976086002,0.07653221782948331,-0.018195734542151624,0.42336992168985876,0.9363339458228063,-0.0844245341653913,0.41984529774820745,0.939255497232317,-0.12517929629513555,0.18162001274015377,0.08010600764812544,0.2822327989038921,0.14370612510851224,1.1580237243036797,0.3850069774739257,0.2820209318474256,0.8333461154385188,0.41359288575945363,0.16755271789275394,0.03085300731261826,0.22475927617412675,0.18734978564350746,0.5188516115025983,0.27388287361297947,0.13834811216934118,1.0137075312492392,0.13739369439887475,0.19332437849073644,1.4649017715977917,0.26955235854681986,0.29072950157226174,0.05255592201810137,0.37046198958997373,0.25820736919741033,0.923474426784287,0.40477010159192806,0.2302824902034946,0.922355374417195,0.43560983213317167,0.2786077968533503,1.427696655785821,0.15815909699725447
3.7824,0.17186402332706807,1.4810318663837572,0.11718228262793831,0.3910198984869043,0.09438285345486201,-0.05374615617329961,0.3765441794504244,0.9931071972062658,0.056260511862840035,0.33045626175797055,1.1745207129968247,-0.12236314162706108,0.4453671177247087,0.8463351616005936,-0.08597695071960894,0.34067214106126853,0.04165651733407306,-0.03170527222375432,0.3725897837676694,0.5347625137608456,-0.031874274275018745,0.18361828298081587,1.0172638162027356,0.03407273110396797,0.2931338878994282,1.4771185296418503,0.012970879316031463,0.5253040071398611,0.07650481618016104,-0.018175184988607172,0.42200004492724574,0.9358687729886878,-0.0865663458790456,0.41841841976576977,0.9390204924169384,-0.12731333452278007,0.18163329869452435,0.07999752177496762,0.28227967907815316,0.14297380258120915,1.1583207933093105,0.3858469124715486,0.27857306957294586,0.8327248718322827,0.41605608949818684,0.16758207309725803,0.030713699497182213,0.2248261044627753,0.18739426042521506,0.5187308517103768,0.27363318763177547,0.13879644738168181,1.0135773005860618,0.1374454061580952,0.19445780719486774,1.4647406559102896,0.27014988579597826,0.2907107146448463,0.052463751527861285,0.3705362441597028,0.2555130145920466,0.9229991959510376,0.4068901472118578,0.227599431032227,0.9222536407898089,0.4377483032753571,0.2795622271340792,1.4275260540401562,0.15851071762420238
3.79238,0.17287718905558733,1.4811165300455473,0.117824576803813,0.39097546274085615,0.09426105032990297,-0.05373885060573092,0.3769810856303276,0.9931495603125281,0.0562797132508247,0.32970169205727506,1.1744111576187726,-0.12285661506889564,0.4437303343032751,0.8457456474438261,-0.0883314627452638,0.340647941733877,0.04152264008331062,-0.03169252007597969,0.37239756244472094,0.5346419981569935,-0.032072076377444365,0.18404207182249796,1.0172272650765635,0.03419097263449718,0.29388624586450196,1.4768510149600267,0.01317107573439831,0.5252545283658493,0.07647047536285602,-0.018126689158138948,0.4206795591336302,0.9353475479158956,-0.0885103502937215,0.416986654742135,0.9386855628463168,-0.12923659189999306,0.18161428933166127,0.07989079206703968,0.28236767143507985,0.14227577543492037,1.158511020554974,0.38651270232273766,0.2752172743137473,0.8320909967347854,0.4186373714369525,0.16757675806833255,0.030592329727893164,0.22492965619820993,0.18740480570979132,0.5186141386802877,0.27343815627955903,0.13923961397042342,1.013427060105246,0.13757178342897186,0.1956059718407786,1.4645342911861472,0.27083394320202336,0.2906513237188066,0.05237201730248314,0.37065002850550216,0.25287872502355885,0.9224795615860305,0.4090711409740431,0.22492267276732478,0.9221053544063279,0.4398894236710951,0.28052764830179494,1.427347569336191,0.1588870628561601
3.80236,0.1738985913587235,1.4811773961937325,0.11847860081127473,0.3909420912395248,0.09415211858382788,-0.0537481112028465,0.3773936337594948,0.9931974332531236,0.05628965955095792,0.3290278408461366,1.174238375559484,-0.12332955793503321,0.44203013876194674,0.8450582174524891,-0.09048282614168811,0.34063400297023017,0.04140161466961918,-0.03168136966504882,0.3722322601902014,0.5345428396722864,-0.03233728740226169,0.18444137335125657,1.0171848692620482,0.03432086619005583,0.2946793616925323,1.476532873603731,0.013372742394778453,0.525222081856078,0.07644582949602732,-0.0181094054131733,0.419372946209146,0.934751959665326,-0.0903069560315375,0.4155153019433463,0.938236914222743,-0.13100648449336352,0.18159111034545808,0.07978169192635721,0.28243661631045125,0.14163228628025842,1.1585973189744099,0.3870464392156689,0.27192785327555596,0.8314198522855747,0.42130202873493783,0.16756292253451094,0.030470887076061135,0.2250193376355015,0.1874430558603483,0.5185017443938881,0.2732970722683772,0.1396711484010632,1.0132703119129587,0.1377177616302923,0.19677796728029734,1.4642750867774665,0.2715492570937934,0.2905913273036295,0.05229336909846129,0.3707474496724895,0.25030148786169026,0.9219032465360001,0.4112860182860913,0.22224831450306892,0.9218967661319115,0.44201768823405296,0.28151087637806654,1.427147940967882,0.15925910045305072
3.81234,0.17494255620117125,1.4811737636545856,0.11908744671494875,0.39095056095004804,0.09404999054609739,-0.05382654244443915,0.3777918068095742,0.9932047218317309,0.05622499000514348,0.32840456066944174,1.174010944408078,-0.1239038430556699,0.4403461125633452,0.844332720062263,-0.09250151943022178,0.3406722274973974,0.04128638000654591,-0.03173597419637127,0.37217823611144185,0.5344706759860012,-0.032721959640536306,0.18482849965058248,1.017175129098959,0.03438560498345175,0.2955057141831107,1.4761734630225145,0.0135228109839378,0.5252438856932594,0.0764560068053328,-0.01817529169482938,0.4181028810320771,0.9341183788860979,-0.09203540870726913,0.4139887382890917,0.9377008433075298,-0.13271361589371666,0.18160968489208348,0.07966318283791556,0.2824128125393722,0.14097509659885882,1.1585764161154861,0.38744013635866364,0.2687739338845696,0.8307653168423034,0.4240196900101675,0.16758216071510237,0.030320376256188827,0.22502703519026435,0.18759177793940415,0.5183885749296511,0.27322085703167215,0.14010708659814594,1.013142828942073,0.13781206262327664,0.19794600763306133,1.4639753375735298,0.2722222497035528,0.2905971264178422,0.052233280634310354,0.3707469677625014,0.24781236428711106,0.9213273398080972,0.41352797330949975,0.21954050209708928,0.921631295594274,0.4440709406118243,0.28254172695394286,1.4269360287384079,0.15960389798280789
3.82232,0.17595584202032527,1.4811026628457293,0.11965350791575471,0.390914886698239,0.09392620463291647,-0.05385266425045893,0.37816871012802844,0.9931458853681632,0.056182201947905734,0.3277025265386226,1.173722369363243,-0.12452429784904256,0.43880377250333746,0.8436589672912893,-0.09434774977022446,0.3406767494128754,0.04115384461748876,-0.03172058276104029,0.37216098425707006,0.5343965747874102,-0.03313166065447107,0.18521942324933363,1.0172195371489297,0.0344987695296858,0.2962658940914202,1.4757971295586665,0.013616786231066208,0.5252216130460975,0.07646843400432142,-0.01818540467900021,0.41691511507537427,0.9335068033890109,-0.09367875272391209,0.4123562183241952,0.9370966534596602,-0.13431254921648425,0.18162082639906132,0.07954139020698478,0.2823985353245433,0.14019021024716707,1.1584897548758917,0.38769069557858427,0.26581758614551515,0.830226892640449,0.4268301273132825,0.16758584259065398,0.030154754407140223,0.22504548463800012,0.18774611133489888,0.5182735037158192,0.27324619381152726,0.14055583486596557,1.0130849232502621,0.1379576310748321,0.19900131166357782,1.4636817857094646,0.2728627898677924,0.29060222415090625,0.05219417197763121,0.3707507622878748,0.24542651756248027,0.9208440388089257,0.41586652162922033,0.21674225696844496,0.9213575304792412,0.4460155277613576,0.2835822186730535,1.42675687732035,0.159948985752993
3.8323,0.17686325269516373,1.481000795980068,0.12016344736423487,0.39082730913193103,0.09378961578648938,-0.053802002051497454,0.37853090341197054,0.9930540248152105,0.056201885912322475,0.3269291661900317,1.1734096826209994,-0.12512798272216819,0.4373598367618304,0.8430511815314611,-0.09594683510375625,0.34063442673747435,0.04101212807148023,-0.031607436074358106,0.3721380961039047,0.5343211938791963,-0.033524303357930496,0.1856146824779021,1.017297279957286,0.03470033338952863,0.2968963516865962,1.475436072710318,0.013666391239405398,0.5251440523770594,0.0764770003281255,-0.018114334849538737,0.4157721736915087,0.9329364679504585,-0.09515816075173904,0.41064940497651387,0.9364627562901222,-0.1357223432446935,0.18162293776210348,0.07942708738826948,0.2824314287988279,0.13932400799230274,1.1583902919433962,0.3878356173129934,0.2630537291568285,0.8297985214396797,0.42955504673085687,0.1675749019542882,0.029997940432678057,0.22510518735239785,0.18788046353748536,0.5181646830280847,0.273356066218701,0.14101580618592754,1.0130809369834586,0.13818891988233456,0.19990886148576592,1.4634258631569448,0.27345938014436566,0.2905979228149607,0.052171609050312644,0.3707946801610297,0.24315307421231847,0.920454999518522,0.4181563415704295,0.21392988951665767,0.9210967119048277,0.4477624241096677,0.28454962204464945,1.426628988392598,0.1602717957655536
3.84228,0.17758897496867299,1.48094173071347,0.12057251720483887,0.3908107634242488,0.09370185607106586,-0.053822541201226544,0.37890234389343286,0.9930284683964563,0.05620269719620472,0.32629058356088125,1.173165188539775,-0.1256915581621308,0.43574315736728286,0.8424163756514293,-0.09721670288134661,0.3406594167808157,0.04091306717579879,-0.03156404213247705,0.37215268674653995,0.5342918938411124,-0.0339637470662977,0.18599037269357824,1.0173406704102899,0.03487676490460785,0.29741245957106466,1.4751257642609978,0.013691451479595749,0.5251473823199557,0.07652530217698111,-0.018134541547660837,0.4145222514168776,0.9323648900041476,-0.09634760547593604,0.40901112066028633,0.9358607622292686,-0.13686094067757773,0.18169820168377296,0.07933354023734783,0.28241550367816565,0.13863638961822686,1.1583276791104327,0.3879648094321858,0.26038691400465985,0.8293235664822883,0.43173410611502827,0.16763507751245874,0.02987337494949121,0.22511110328771716,0.18812146801012158,0.518081343864211,0.2734578570175408,0.1414703453529774,1.0130443797377542,0.13839884428085944,0.2007540936581138,1.4632050933975558,0.27395416958978824,0.2906834555001862,0.052154752658951295,0.37077657667543407,0.24099243391191127,0.9200326019325524,0.41996972193458065,0.21134931335367235,0.9208194752945766,0.44915692169872196,0.2853313359828425,1.4265241342284865,0.16047756104339714
3.85226,0.17815021990482444,1.4809258363074365,0.12093365452591451,0.3908220617314773,0.09365484148659223,-0.05386832419136474,0.37923520578128317,0.9930675361748091,0.0561816363029944,0.32573776869948196,1.1729703929785025,-0.12613757385155885,0.43392637721127486,0.8417467758894177,-0.09814798654658118,0.3407087604880868,0.04085465793087496,-0.0315558617061223,0.37214810269566295,0.5342962368654818,-0.03437198409674284,0.1863051447764201,1.0173566663658078,0.035017263988166944,0.2978262397906982,1.4748693229825691,0.013718693941419658,0.5251840246872925,0.07659805522548503,-0.018192495247745143,0.41311503355154233,0.9317791072285703,-0.097219775785222,0.40741949792862914,0.9352897386756956,-0.13770827223935433,0.181792827509246,0.07927504173004062,0.2823856309864522,0.13811609808502776,1.1582952207416426,0.38813721776907995,0.2577375790208608,0.8287694827475643,0.43339180459801924,0.16771396600953664,0.029794539678737877,0.2250988835018097,0.1884059206344408,0.5180353630534015,0.2735418614606996,0.1418666165971642,1.0129846960277116,0.13857994060238366,0.2015330219165192,1.4630001680649647,0.274392843388929,0.290800153947916,0.052156670034924,0.3707304913490724,0.2388894703194694,0.9195412177994842,0.42133265571993506,0.20899309975041908,0.920517097853841,0.4502656620074569,0.2859360855866054,1.4264337479812774,0.16061781930749233
3.86224,0.17860873763437138,1.4809178262939948,0.1213193294508712,0.3907635921949025,0.09360992809019618,-0.05382346183550201,0.3794710066135527,0.9931193083912625,0.056173427746207455,0.3251176850407641,1.172758613625184,-0.12639246107176585,0.4320602140314969,0.8410919816895375,-0.09880597319731765,0.340688928695017,0.040806508696980985,-0.03147297008824131,0.3720363881707028,0.5342938698802701,-0.03463113698156746,0.18653085635978445,1.017387464214293,0.0351613548964456,0.2981440841120574,1.4746560289336839,0.013759582373422827,0.5251448835910063,0.0766576688202386,-0.01815492750050143,0.41161076354001735,0.9311957789163549,-0.0978356974013422,0.40580756707562377,0.9347291074085953,-0.13830906793722272,0.18181877765530374,0.0792575445143489,0.2824140331917886,0.13762870729323842,1.158258524855915,0.38837095505661023,0.25506966240854256,0.8281775089596246,0.43481733171901416,0.1677249288195477,0.029760108230213713,0.22514149264302386,0.18859800144811067,0.5180259876388902,0.27361673588757823,0.14216006347901025,1.012956616784355,0.13876971455035977,0.20219778299964106,1.462790550586465,0.27484877789536244,0.2908441297465509,0.05219395325284069,0.3707356193767574,0.23679040813216054,0.9190069665413432,0.42251276552952644,0.20672897259923276,0.9201964341432486,0.4512600626424635,0.28643533874908855,1.4263643545055795,0.1607915056179644
3.87222,0.17898671631086938,1.4809169676675098,0.12165677916097874,0.3907198046008892,0.09357648160653477,-0.05376498056812397,0.3796706172318026,0.9931782860130096,0.056160701728529404,0.32448389469915984,1.1725369099257938,-0.12652049232537363,0.43037651851747327,0.8405078037804912,-0.09936729908915484,0.3406824415678031,0.04075850640619098,-0.031399558673853634,0.37184613932144955,0.5342798013161671,-0.03480213645369742,0.18672116096379981,1.0174339475047818,0.03528441621444042,0.29837212752517384,1.4744951253615426,0.013756919329369921,0.5251180073433936,0.07672059379208337,-0.018119019834984942,0.4102320674907674,0.9306649309760302,-0.09835490762687774,0.40431820867322077,0.9342255194356599,-0.1388081588220997,0.181870373565325,0.07925486679386196,0.282404922013454,0.13721355038138663,1.1582045156976744,0.38861203522504534,0.25245642165855287,0.8275645526483615,0.4361661025573126,0.1677685183343708,0.029736497535073597,0.22514542342761748,0.18873394217681413,0.5180243051556042,0.27356788529367804,0.14241196635393957,1.012960110405948,0.1389308092652387,0.20275464957465347,1.4625821599683384,0.27526441219984293,0.2909053722926355,0.05224312081587378,0.3707190714653504,0.23476514408619517,0.918460620265537,0.42362775400662805,0.20454727742947715,0.9198683843527188,0.45220252302914415,0.286861154328476,1.4263268931200674,0.16094160423654116
3.8822,0.1792918567367102,1.480918544116582,0.12190010767593532,0.3907239957695041,0.09354958600953645,-0.053733606105910686,0.37987799001128464,0.9932343178120931,0.05612982131619861,0.32391360451269385,1.1723265556757085,-0.12657398837024667,0.4289557532411705,0.8400048081723475,-0.09988992090910741,0.34072119143277707,0.04069963504703075,-0.03137359103816318,0.37162594709027436,0.5342451689360099,-0.03490832392113543,0.18691469019159443,1.0174779106200316,0.03536595922474511,0.2985226545189699,1.4743843285839797,0.01369080209228899,0.5251401050751314,0.07678390174511447,-0.0181285302338075,0.4090752839410849,0.9302026932694437,-0.09882523704100586,0.4030454613952825,0.9337992048534011,-0.13925496223613706,0.1819756140444772,0.07924843832133333,0.2823324548410614,0.1369255695261587,1.1581578944038982,0.3888713176370147,0.24995557995471004,0.826951471024091,0.4374750529873225,0.1678747460668096,0.02970525385668792,0.2250863900988108,0.18887206144203578,0.5180115620736461,0.27337995848924246,0.1426609398018252,1.0129744552203361,0.13903679434859986,0.2032424301021392,1.4623792219424658,0.27559087879298366,0.29101081522670647,0.05227948379068108,0.370662090413243,0.2328672065725401,0.9179271082672035,0.4247059173740515,0.20249608835246122,0.9195549371394636,0.45312219449547114,0.28722417485727497,1.426312187122565,0.16102192921536768
3.89218,0.17952721930116783,1.4809035246914477,0.12208779706435223,0.39068519522216866,0.09349277052519847,-0.05366248085141955,0.3800752285186076,0.99325957899112,0.05608905231253463,0.3234444614149773,1.1721408348435434,-0.12654148474518126,0.4276454473910621,0.8395284908016397,-0.10023411350467425,0.34071508363346054,0.0406142455570111,-0.03131304429344142,0.37141041189838087,0.5341673947741012,-0.03487018663456945,0.18710239740210233,1.017490513823233,0.03541277281818658,0.29861804698852756,1.4743003769037668,0.013612657369928012,0.5251183420940632,0.07680335417234425,-0.01808534215223269,0.40801261766584185,0.9297672512353351,-0.09910989991980468,0.4019455933833812,0.9334113066537877,-0.13953446562557648,0.18201878606474878,0.07924129004826831,0.28231384576348745,0.13678164284345157,1.158182047053495,0.38925974215999887,0.247566827593539,0.826367804475097,0.4386546557387143,0.16792190641650184,0.029679747404950104,0.2250815213783751,0.18904246766327118,0.5179931227969491,0.2732042406473644,0.14288147733399767,1.0129700678945632,0.13910178771311396,0.2037226387930744,1.4621768465061764,0.2758361021014301,0.2910448497781259,0.05229090769119213,0.3706617962737178,0.23108872968118954,0.917418728951738,0.4256942782500561,0.2006600308815438,0.9192882679400067,0.4540290091924318,0.28752029100449983,1.4262848936153045,0.16105305116400986
3.90216,0.17972746282617152,1.480885958752262,0.12222831867889473,0.39062391587058687,0.09342505901125209,-0.05358447230852974,0.38026926308245546,0.9932766744876338,0.0560362402342401,0.32306486017571334,1.1719522182482611,-0.12640382242827666,0.4264214212091646,0.8390469237803505,-0.10037230053717539,0.34068020622653894,0.04052465763778963,-0.031260959047150955,0.3711912494111254,0.5340641898751175,-0.034726951857316966,0.1872876329191157,1.0174757185494092,0.03542913554310674,0.29869307446877386,1.4742454498685071,0.013516978711693632,0.5250717642972537,0.0767856673556537,-0.01802288088033263,0.4070428850127556,0.9293380752828296,-0.09916993687558366,0.4010042573103218,0.933039202812645,-0.13960028730748755,0.1820222887028339,0.07923602659434587,0.28231603484162693,0.13677377522157502,1.1582471620199253,0.38970160403524545,0.2452958448503548,0.8257847728648358,0.43960532504065464,0.16792312182413704,0.029665948568649455,0.22509676456602434,0.18924727731417537,0.517975825974341,0.2730011427307468,0.14308851948472026,1.0129455529857876,0.1391365138743232,0.20419121147598404,1.4619930178320055,0.2760143207327225,0.2910334917815844,0.05227559003204558,0.37067495579995624,0.22945787979690413,0.9169165056870149,0.4265075335608801,0.19906429255915986,0.9190516514128693,0.45484820280048605,0.287775589036459,1.4262557803999716,0.16104551024855504
3.91214,0.17992630984714061,1.4808920685549691,0.12231194331801888,0.3906049577020844,0.09338535964544518,-0.05356219200228849,0.38046532272574507,0.9933227124553239,0.05596743159270151,0.3227170073403807,1.171717812986104,-0.12615306799770745,0.42532922165454573,0.8385554895968675,-0.10033633496940743,0.34067692344098377,0.04046223021091953,-0.03129528764639286,0.3709403705270703,0.53396796322752,-0.03456254404737035,0.18746734928757208,1.0174533677630688,0.0354178652709508,0.2987675921364642,1.4742287140616066,0.013369053988404453,0.5250632411355792,0.07676493600935735,-0.01801873180633928,0.4062198258366117,0.9289139554110475,-0.09903407942260617,0.4002056515247389,0.9326714367606271,-0.13946127881253442,0.18206587597191332,0.07923421967720386,0.282251177787193,0.13685307195575086,1.158280058802849,0.3900402694047944,0.24315436303090815,0.825161487560149,0.44026444541519144,0.16795292688054714,0.0296609505118306,0.22504428935259022,0.18947090011423065,0.5179614420999855,0.2726583192743648,0.14329924036950598,1.0129152883364048,0.1391466231444088,0.20460295179499824,1.4618464404613944,0.27614227390134977,0.291058196213443,0.05224286816977961,0.3706154113230725,0.22800317268766032,0.9163977828993692,0.42708037144251226,0.19767477132245245,0.9188059200319741,0.4554796354829411,0.28801620183677495,1.4262526063485712,0.16100135237457883
3.92212,0.18008098964828056,1.480915269297657,0.12234481063383724,0.39058197852990434,0.09335454247838754,-0.05352263829711732,0.3805949525000803,0.993370671810007,0.05589956672921974,0.322276635450258,1.171429458869459,-0.12582975068779745,0.4243405690087138,0.8380884422460708,-0.10009040817078807,0.3406669384859725,0.040404630614480734,-0.03131766801931542,0.3706519834949506,0.5338716420389045,-0.03433821656337302,0.18757824644387872,1.017425914103758,0.03538692851365905,0.2987794305080323,1.4742234707770956,0.013168054553670153,0.5250410359660562,0.07675364825358368,-0.017990016108661074,0.40547318642231694,0.9285069091366736,-0.09872886062360912,0.3994371970760487,0.9322909102347818,-0.139147887049665,0.1821025166970836,0.07923840615628036,0.2821955393086588,0.13686872138284442,1.158265645087433,0.39026186112562555,0.24115310610719357,0.8245469162292454,0.44070945496768366,0.16798023397822975,0.029651404984355815,0.22500581493238686,0.18969107543954067,0.5179339483451718,0.2722577751304491,0.14343578323938655,1.0128866984399418,0.13913379888867863,0.20491327750449634,1.4617045745579442,0.2762417704924407,0.29105890095034026,0.05222210257554914,0.370577700902727,0.22666137009184364,0.9158954969771389,0.4274826803823535,0.19637870351323836,0.9185419549535963,0.45591989745336403,0.2881970418187412,1.4262565804483212,0.1609258489014106
3.9321,0.18017321807890158,1.4809455039479797,0.1223472516326784,0.3905407305496958,0.09332783713463547,-0.05343912139947962,0.3806371230203272,0.9934097063235682,0.055838168134627914,0.3216937111712027,1.1710925182154805,-0.1254745766306477,0.4234435773865022,0.8376600996438953,-0.09969616729953923,0.34064055605292165,0.04034760666540289,-0.03129133571764532,0.37036633206133623,0.5337793136956148,-0.0340335659704223,0.18760488141603365,1.017400517810671,0.03534283276971614,0.2987074281657286,1.4742057138723144,0.012924383889732218,0.5249931962148436,0.07675419196891313,-0.017907616407492256,0.4047555296998296,0.928119224120681,-0.09833031569424405,0.39863948983758746,0.9318940623780955,-0.13873959151992452,0.18210826411153164,0.07925046249508598,0.2821929304357441,0.1367647270342723,1.1582048336704858,0.390387462325864,0.23932512328566038,0.8239847635203671,0.44104596277616537,0.167985489693227,0.029637568670587974,0.22502315343686102,0.18992644314944848,0.5178952736697618,0.2718699712870256,0.14347482110868365,1.0128680314520877,0.13910211651565396,0.20511667125893693,1.4615473057612094,0.2763315576904879,0.29101686779941477,0.05221910588388268,0.3706034236602447,0.22540964832773214,0.915435505409486,0.42780081001794,0.19513973914002763,0.9182702919140507,0.4562274556990853,0.2883066173229285,1.4262553902052761,0.16083233351756648
3.94208,0.18024648278895236,1.480978075216799,0.12235310781788984,0.3905455476046079,0.09333775086088206,-0.05339284981213206,0.38066460395257884,0.9934724707925136,0.05576848636942568,0.3210522954847193,1.170719927401464,-0.12510959671571878,0.4226794428542482,0.8372448766265784,-0.09936491104606932,0.34065700935888754,0.04032835362753002,-0.03132136024759593,0.3701750202303821,0.5337216630934766,-0.033695287009912554,0.18762113911410797,1.017394794968877,0.03529083274949167,0.298618166314967,1.4741682293470675,0.012654045355299076,0.5249972331834368,0.07676002183149915,-0.0178689047023851,0.4041011931468392,0.9277360367172041,-0.09797694951086611,0.3978695841890469,0.9314986012296848,-0.13836985418720169,0.1821319855663781,0.07927067269824749,0.28218640433757836,0.13665506119030357,1.1581019392127527,0.39044190174286786,0.23773743391559693,0.823480455132381,0.4413720103862192,0.16799856728604126,0.02964172787270675,0.22502582895122833,0.1902491767494567,0.5178770717294985,0.271483506034581,0.1435034945846152,1.012869144271101,0.13906277853184468,0.20526335910643564,1.4613891722211503,0.2764245605184008,0.2910148598349935,0.05219999727809144,0.37060047989279044,0.2243167698194531,0.9150147521984846,0.42809813373150984,0.19405948914901722,0.9180189121509079,0.4565154329983219,0.2884054989069843,1.4262617156304718,0.1607450467669745
3.95206,0.18032809019702212,1.4809961237598204,0.12237546540216936,0.39056791133704744,0.09336628223085663,-0.053368753396651855,0.3807228099146766,0.993556856721281,0.05572054473928429,0.3204457124854106,1.1703225442269694,-0.1247354549289413,0.4221165886798132,0.8368528718945005,-0.09909652381970882,0.3406817748310587,0.040336162675228764,-0.03138223745245744,0.3700697414582765,0.5336857609233109,-0.03333124832839876,0.18766951501032747,1.0173960487137241,0.03526656524128808,0.2985574748786459,1.4741054254912702,0.012384240678105446,0.5250184455187086,0.07674578312323337,-0.017860807453137763,0.403589439896442,0.9273629366465097,-0.0976730186968361,0.3972240257533848,0.9311127716622839,-0.13804503662344805,0.1821522639363259,0.07929633511931922,0.2821789619554829,0.1365834128943973,1.157964780470715,0.39047803848891016,0.23646231741015777,0.8230527760831988,0.44178272775875205,0.16799206947928758,0.029666372665013017,0.22501927097162724,0.19062695336111196,0.5178760896535308,0.2711314578275048,0.14356602752974665,1.0128761031470357,0.1390515699364232,0.2053837830566806,1.4612245754273947,0.27653915915810323,0.29102596473587145,0.052155626432053515,0.3705725496100586,0.22344437851980972,0.9146431191987476,0.42843885689800365,0.19320888636362132,0.9178044089240801,0.45686397341648916,0.2885228226362238,1.4262762392923032,0.16068962819903354
3.96204,0.18043048952505664,1.4809812594612985,0.12241443365037508,0.39054407896222687,0.09337297300821783,-0.05331015307493868,0.3808265061216016,0.9936371287285397,0.05573502548416846,0.31993720854311836,1.169903758988861,-0.12434262959363945,0.4218394272127992,0.8365141866249552,-0.0987883453877849,0.3406497154859915,0.04033540341851946,-0.03138878244691545,0.36998078548427976,0.5336397269094262,-0.03294389193344748,0.18776293256483362,1.017385162751809,0.03530821283237669,0.29854678849600663,1.474010907946818,0.012140936493352048,0.5249819132488951,0.07669182612428381,-0.017820256453701066,0.4033109555623859,0.9270189107199359,-0.09735930747388737,0.39679171228091775,0.9307377337373003,-0.13770997174529995,0.18212279639724455,0.07932234064375919,0.28220346435715066,0.1365415592212992,1.1577918195001038,0.3905360484882705,0.23558629468302425,0.8227255208871761,0.4423475731912698,0.16792600351908493,0.029698983952134803,0.22504668848424997,0.19097495299899342,0.5178712942543857,0.27086385761962517,0.14367169123384235,1.0128717841413346,0.13910487159012364,0.20548483872698806,1.4610364322301364,0.2766928026349976,0.29098023852768723,0.05209600470107761,0.37057411464696044,0.22285149709272453,0.9143377047998955,0.42887646995239037,0.19262714650883794,0.9176272850573562,0.4573047977668194,0.2886650706407071,1.4262929428922306,0.16068581369487564
3.97202,0.18055969666408547,1.4809399842511781,0.1224727792658985,0.3905148173962872,0.09336076688346669,-0.053254272264188475,0.3809563183529513,0.9936894670058903,0.05578109511417848,0.31947710386204414,1.1694447657168736,-0.12393061833717885,0.42193572911249116,0.8362413678987771,-0.09848326888213002,0.34061819293009143,0.04031885717712089,-0.03136994403891173,0.369854133607551,0.5335897399212719,-0.03262177606901998,0.18789312899982358,1.0173937171777345,0.03538967277348768,0.29858049119651175,1.473874753492802,0.011919100109198518,0.524946900467391,0.0766443440469877,-0.017783629900977514,0.4033054298864594,0.9267212649300921,-0.0970688023931782,0.39655755410903576,0.9303742570802703,-0.13739024056277885,0.1820858435101661,0.07934129940944347,0.2822428578921885,0.13652389630762282,1.157537948930045,0.3905396806746194,0.23524199812804725,0.8225014024863363,0.44304023607837056,0.16786019909557873,0.02972157118065911,0.2250909215732815,0.1912696983703962,0.5178635773087911,0.27067211105013006,0.14381988346730584,1.0128846934830307,0.13920286742922114,0.20554125106960058,1.4608192775941098,0.2768847651819582,0.2909273955750583,0.0520374781694279,0.3705971139010144,0.22262020093032756,0.9141059976243169,0.4294146112765779,0.19233102106821653,0.9174568149631005,0.4577719630550333,0.28884108781254764,1.4263139626176389,0.16072903127822483
3.982,0.1807015923650619,1.4808901185636045,0.12254543412472806,0.39051205597124405,0.09335209459529348,-0.053231610416340405,0.38107641152830657,0.9937160616218765,0.05582872303846873,0.3190037285203407,1.1689397859010537,-0.12350426891118621,0.42232227312994447,0.8360181580742755,-0.09820821130189729,0.340624570581477,0.0403035582172153,-0.031361923462732505,0.3696831958576743,0.5335575362993294,-0.03242396785483634,0.18802648854833232,1.0174429858434373,0.0354829968412829,0.29864107791855105,1.4736992094355055,0.011708970199686752,0.5249534195947615,0.07663409684339635,-0.017777931151281633,0.4034837717000455,0.926456578231802,-0.09681485549316468,0.39643133140365855,0.9300162630339592,-0.13709549027689438,0.1820725147194314,0.07935243342676256,0.28227595562388574,0.13649716358891764,1.1571917414401331,0.3904246886582659,0.23538484427874667,0.8223563678541973,0.4437335581764236,0.16783431949530123,0.029731644106325394,0.225125134224408,0.19150696154522534,0.5178625114281356,0.2705447259654651,0.14398337649924875,1.0129338568125812,0.13931778002628337,0.2055311202934191,1.4605884019172442,0.2771059513225966,0.2909082488522115,0.05199490250094698,0.37061587007873953,0.2227059484744527,0.9139305710187505,0.429958062128202,0.19226343551952516,0.917265759283973,0.4581542603221099,0.28903497414606233,1.4263436036530723,0.1608057229967552
3.99198,0.18081637675602985,1.4808566931619271,0.12261650084664534,0.3905163864671527,0.09338003385530359,-0.05322712981375975,0.38113992527247365,0.9937553061218941,0.05587693884226942,0.31848393553272936,1.1684108329773892,-0.12307154725364548,0.4226764154139646,0.8357936384613748,-0.09791318324343427,0.3406323727582398,0.04032994396350188,-0.03136756161796901,0.36952218456233266,0.5335720093449501,-0.03233176049724869,0.1881012707458352,1.017519995243467,0.03558236504826135,0.298704249823463,1.4735049565278957,0.011507183185065691,0.5249644806925433,0.07664511884780718,-0.017778595606354617,0.403599143366011,0.9261697405339948,-0.09654781577751999,0.3962602193744482,0.9296483444465582,-0.136782420671632,0.1820643552814425,0.07936614772452473,0.2822966618848267,0.13639286304059428,1.1568066719392893,0.39019137905263934,0.23570009604861375,0.822234154310815,0.4441956452441481,0.16782071359413733,0.02975159663513096,0.22513441587875452,0.1916880138183354,0.5178818262743423,0.27048971353016726,0.14409953403855627,1.013007155246856,0.13943271868653567,0.20545240156270342,1.4603831487113572,0.27734336950741884,0.29090557742295114,0.05197778502675001,0.3706058906918204,0.2228772208147366,0.9137612683373506,0.4302932802806183,0.1922732416019348,0.9170434779396651,0.45831773400012443,0.28919482543091446,1.426385701803311,0.16089907340266332
4.00196,0.18089511733243002,1.4808560753874163,0.12269508396349492,0.39052268779671795,0.09344599982405882,-0.05322470789323907,0.38111739127740857,0.9938160139819187,0.05593800569492067,0.31794118243888353,1.167876778190592,-0.12262179448440957,0.4229312912867218,0.835546430184084,-0.0975736633839787,0.3406328983968643,0.040405977279307656,-0.03137160653017109,0.36936481907871443,0.5336359928020346,-0.03231768036762233,0.18808767712827984,1.0176159672277527,0.03569334599093671,0.29876162954554136,1.47329637831422,0.011334187284960927,0.5249720862163181,0.07667604334236838,-0.01776134254364205,0.4036278642006179,0.925856503522676,-0.0962364325048795,0.3960430641276334,0.929266594272657,-0.13642778229841218,0.1820491263246114,0.07939604509860118,0.28232923257835113,0.13623659517425535,1.156406619458492,0.3898745349159493,0.2360673900417596,0.8220863227678691,0.44434859104521734,0.16779913767570387,0.029796024157111668,0.2251496513577176,0.19180629423272985,0.5179260283924271,0.2705380532642901,0.1441249379971109,1.0130959787329323,0.13955483023707502,0.20533615049808218,1.4602063168327735,0.2776081332707573,0.2909059010593393,0.051986075698224464,0.37059389125518427,0.22306941900084695,0.9135663727687994,0.4303652537382464,0.1923267838157923,0.9167764761868221,0.4582450186987413,0.2892998006702,1.4264360345031,0.16100854571644976
4.01194,0.18094754691224407,1.4808878454457617,0.1228028969897991,0.390539134107475,0.09353223725871321,-0.0532213620698921,0.3810047222621177,0.9938847151917428,0.05602956335418417,0.31743429965031544,1.1673532523226746,-0.12213645349547218,0.4232211346771697,0.8352941845454567,-0.09719824920187042,0.3406396843048949,0.040515533098692956,-0.03136307122835885,0.36917483432968357,0.5337355430509253,-0.03236326772948117,0.1879888568019669,1.0177264547141478,0.03582744409149212,0.2988098277033354,1.4730727217072181,0.011218905439429498,0.5249902595704002,0.07673210683738568,-0.017720801425210576,0.4037067010206471,0.9255536126194817,-0.09588061673860178,0.3958864748675309,0.9288873037488341,-0.13603529404001113,0.18202815894727753,0.07944709271600327,0.28239543493091934,0.1361056295579112,1.1559903147642328,0.3895175304838692,0.23653358922125833,0.8218942791969749,0.444248118536693,0.1677680377176818,0.029864323264730916,0.22520483895999935,0.19185220286903862,0.5179881507497024,0.2707113778588436,0.14404788322252413,1.0131956127175838,0.13970361868189773,0.20521650156703852,1.4600427335858435,0.27791891457898876,0.29090838007116526,0.052010783310551714,0.370616495985216,0.22334596744495763,0.913341062154291,0.43024119703169617,0.19247648427365452,0.9164592211513838,0.45799876853212906,0.28935586768730026,1.4264880409876937,0.16114658227979486
4.02192,0.1809728570341515,1.4809084803040602,0.12294521589526704,0.39057870366829817,0.09362801373270993,-0.0532589826880871,0.3808519990703424,0.9939427842500858,0.056162804618134055,0.3170237521439242,1.1668569917417784,-0.1216141039657504,0.42377225170171423,0.8351264388917743,-0.09684532671718321,0.340667261795402,0.040634808776148945,-0.03138675100318387,0.36896487913573545,0.5338580943115524,-0.03249130265263025,0.18785127571247154,1.0178461301338972,0.03599530922650142,0.29882296150693516,1.4728584787287293,0.011164165125790416,0.5250293478007072,0.07679718226293955,-0.01771456536677859,0.40400403756347614,0.9253213110605195,-0.095543334789456,0.39592311139505854,0.9285754547052921,-0.13565306071209274,0.18202985296336516,0.07948410398097025,0.2824329317781684,0.1360338575389972,1.1555465653642254,0.38912367957435084,0.23725418757969086,0.8217313761440335,0.44406432341217544,0.16776639021306364,0.02992073345944451,0.22523182735175926,0.19182538296394674,0.5180401436177219,0.2709395986169221,0.1439261857465818,1.013301148577493,0.1398883806059538,0.2050590300870066,1.4599047036181663,0.27826156659707907,0.29094001287122834,0.05203077641898183,0.370619002381854,0.2238113500817229,0.9131334393031582,0.4300428563198929,0.19279580888517006,0.9161290355988536,0.45765651784885575,0.28938812484941145,1.4265464036391953,0.16133468080087612
4.0319,0.18096072036620986,1.4808846267459506,0.12311784492954658,0.39062696214997117,0.09371464999442473,-0.05334341264608908,0.3806987631141833,0.9939688099249916,0.056336963936195965,0.3167507687022518,1.16640114282039,-0.12105970325902372,0.4247024024918773,0.8350933511064883,-0.09654838665049226,0.3407047256193384,0.04073860235872411,-0.031449938679329235,0.36874181246237864,0.5339809999358814,-0.03269422601085089,0.18771429289583258,1.0179717789338412,0.036202562603104387,0.2987762756111614,1.472667822738331,0.011167771112734879,0.5250753861610606,0.07685227610771231,-0.017754732724626906,0.40460488167016534,0.9251910579262355,-0.09525526286230115,0.39623034638145477,0.9283677264479699,-0.1353072112786893,0.1820554667336832,0.07948333836168948,0.28242285247405136,0.13604678672301249,1.1550872784085147,0.3887158017288229,0.2383148097671293,0.8216539228760101,0.44391156441126534,0.16780035167880508,0.029938635128733265,0.22520549551407362,0.19172802453413482,0.5180637095225634,0.2711865475920755,0.14380871922596494,1.0134090106670814,0.14011141341547606,0.20483070880959084,1.4598078993413133,0.2786126298911612,0.2909977871181677,0.05203581390798478,0.37058433342646674,0.2245297760692247,0.9129880872124704,0.42986115613977477,0.19333822094956618,0.9158271598851658,0.4572915614368847,0.28940288725251595,1.4266128527470539,0.16157952973132647
4.04188,0.18089262541368153,1.480817956449078,0.12330596938890742,0.39063195513482885,0.09376198362230284,-0.053412318213183596,0.3805466039131624,0.993942512426442,0.0565347510635133,0.3166256310665084,1.165992827874141,-0.12048323281764431,0.42591987060800635,0.8351548837910895,-0.09628086920710976,0.3407070734419602,0.040805762985588204,-0.0314864795012852,0.36848979346297767,0.5340691834271148,-0.03290429479838317,0.18758778288746933,1.0181021256658371,0.036445652383970586,0.2986605880904794,1.472489951593432,0.01122815380192937,0.5250837828908729,0.07688384935494892,-0.01776481347344524,0.40544942677747353,0.9251402530487073,-0.0949724554704274,0.3967858838402056,0.9282380078116451,-0.13497148379811044,0.18205916678158374,0.07945524930005049,0.2824406565493453,0.1361695079228257,1.154661168545299,0.38835465415182074,0.23964342581960033,0.8216527677481674,0.44376539755857647,0.16781520695243096,0.02992083062966667,0.22520189122158724,0.19156702220682195,0.5180646571982103,0.27150078737917255,0.14370214257746514,1.0135165044973407,0.1403667351565174,0.20453100003965402,1.4597603257467535,0.2789461489081306,0.2910274325620284,0.052037341909905166,0.37058360413896946,0.22548017797904227,0.9129195506657527,0.42970871275520217,0.1941112368099929,0.9155808549400812,0.456954891128176,0.28937152935028015,1.4266797358426404,0.16185898856997766
4.05186,0.18077912597544893,1.480736928538061,0.1234664786637698,0.39062745149975414,0.09378578682961594,-0.05347284661824161,0.3803937377911126,0.9938867032903946,0.056734131377356826,0.3166533021828489,1.1656397408150574,-0.11991686208243385,0.42727654294464185,0.8352647558515787,-0.09599583763193953,0.34070034165911506,0.040855464145849944,-0.031515999127671744,0.3682627350541467,0.5341353075183268,-0.03309523521983343,0.1874635605165023,1.018215061313814,0.03670088693839433,0.2985255020813439,1.47232779074404,0.011321504549756964,0.5250794444772368,0.07689601440991689,-0.01775524183076786,0.4064421633218477,0.9251457934024719,-0.09465735512598857,0.3975240571416439,0.9281666185663412,-0.1346112513159463,0.1820662149730004,0.0794165260737672,0.28248057045978586,0.13637044702741075,1.1542802005114974,0.38800027954376637,0.24108855573770657,0.821685762361219,0.44351268930436066,0.16783181854965748,0.02988647455443163,0.22522028515029127,0.19140173312744574,0.5180561856417667,0.2718780466725026,0.14360075921748625,1.013605313242244,0.14063119064320975,0.20419840617642127,1.4597461875051283,0.2792252267891182,0.291053326088325,0.0520459291953534,0.3706075461379939,0.22655857557787598,0.9128963334257416,0.42948567130069026,0.19503951446981674,0.9153782793410675,0.45657394051957106,0.289287022950889,1.4267355836417115,0.1621248191368337
4.06184,0.1806414965432111,1.4806764851721588,0.12355885791621064,0.39067400935252056,0.09382328849830367,-0.05355959336904841,0.3802350254738496,0.9938418307573391,0.05691963387872104,0.3168185264786698,1.1653507641688254,-0.11939552927667467,0.42862049319073214,0.8353907766217522,-0.09562690329578244,0.34073361474829805,0.04092091371348873,-0.0315885086892907,0.36812313716263745,0.5342129045974179,-0.033261511872141956,0.18732424174818976,1.0182891114098684,0.036944471617306116,0.2984271701823678,1.4721965168918338,0.011419021183276111,0.5251099594315312,0.07690436099852375,-0.017774562049739852,0.40747862506024235,0.9251936283243091,-0.09427186816277539,0.398358302236649,0.9281439728832158,-0.1341831678851419,0.18212430024500648,0.07938321275359397,0.282497628247058,0.13660651318951927,1.1539288102651,0.38757669990896104,0.24252190179387934,0.8217060818197104,0.4430305080224263,0.16789766605191694,0.029858957355673933,0.22522081805453864,0.19129352330711805,0.5180527489535055,0.2722796665511195,0.14349306044107354,1.0136598073600736,0.1408836208127116,0.20388048342186388,1.45974359306799,0.2794231091533804,0.2911299283922472,0.05206733526364079,0.3706067963749869,0.22766336054323427,0.9128713462897947,0.4290648947391689,0.19603750715124116,0.9151870884879559,0.45603216297548715,0.2891572699900279,1.4267749761536563,0.16233222627533772
4.07182,0.18046424456867466,1.4806336161702718,0.12362761226072277,0.3907006809224878,0.09387213242799267,-0.053615192363021855,0.38005215547985327,0.993803875400313,0.05711172649827861,0.3170308802298415,1.165136552664122,-0.11890634819153195,0.42988955156174646,0.8355545395032996,-0.09506913472002461,0.34074980459593157,0.04098431632037605,-0.03162860243928489,0.3679741062034778,0.534288489514137,-0.03335595665940294,0.187157191549153,1.0183624433603178,0.03720469306532796,0.29829284133349493,1.4721183083660478,0.011531961933596754,0.5251202518123012,0.07692482112017875,-0.017770930381132605,0.40848181858087695,0.9252956330262889,-0.09374098568713735,0.39921145471194286,0.9281695838570064,-0.1336186185805853,0.1821691298204544,0.07935973508141168,0.2825288009137393,0.13694145760131812,1.153587223564278,0.3871427369223073,0.24408963254488206,0.8217222718183333,0.4423641466794453,0.16795000522991646,0.029841479642963235,0.2252353817758389,0.1911707289709768,0.5180594517289593,0.27268913162891456,0.14336758448204565,1.013717993304607,0.1411556857934926,0.2035636417945125,1.459768573908864,0.2795836891097262,0.29120950984428917,0.0520950842743914,0.3706066247140017,0.22890827371568098,0.9128518255020709,0.42849475401821885,0.19719241926646272,0.9149939327787192,0.45536315789689935,0.28898468375106506,1.4268254359052646,0.16251467399114186
4.0818,0.1802442561122564,1.4806028616372584,0.12370095545590065,0.3906749674123381,0.09392081466108837,-0.053612700064525,0.379861113654426,0.9937670020079316,0.0573239312726862,0.3172703696492184,1.1649987968880802,-0.1184377025892339,0.4311376971585185,0.8357902411740952,-0.0942461692057863,0.3407254982216691,0.04103127754403699,-0.0315982198409692,0.3677636962291159,0.5343480881274625,-0.0333458314430056,0.18698231419823147,1.0184599346079033,0.03749775395805421,0.298086821332758,1.4721058326154395,0.011665008002834154,0.5250884403644588,0.07696178188754867,-0.01772409718667852,0.4094834717542035,0.9254721242388432,-0.09302199202626889,0.40008130672839376,0.9282414116848117,-0.13287331660394744,0.18217020073421525,0.07934265001668497,0.28258936813689,0.1374405622819204,1.1532596963427124,0.3867455156639217,0.24593887229646288,0.8217658795743323,0.44156202550030893,0.16795879779428913,0.02983002022367928,0.22527868985224525,0.19099563444702478,0.5180725546903864,0.27307263452882485,0.1432396398288642,1.0138034929090287,0.14146396719834692,0.20324504235218016,1.4598392934840485,0.2797258400993121,0.29126474188861545,0.05212463826270247,0.37062349418614854,0.23040647927291633,0.9128659378942255,0.4278360183859148,0.1985920204472775,0.9148055129460291,0.45460694129661894,0.28878118309702927,1.4269041161649192,0.16269441274334673
4.09178,0.18001347241805607,1.4805902316077098,0.1237468388042841,0.3906743365392498,0.09396076893443565,-0.053608611871394145,0.3797337091385469,0.9937405363980166,0.0575449507724452,0.31765454859048264,1.1649256568126622,-0.11799948703707272,0.43255324837777104,0.8361275471744728,-0.09314727128257164,0.3407293111958209,0.0410736126784456,-0.03156732052958099,0.36757461507825295,0.5343958818470878,-0.03323597405039632,0.18686553657612642,1.0185609797495112,0.03779961610610786,0.2978834772684795,1.4721534742195974,0.011796914320865916,0.5250827816627497,0.07700028852658411,-0.017700761643680868,0.4106623973999731,0.925744185063306,-0.0921387838753903,0.4010765960996648,0.9283530854721951,-0.1319542829579784,0.1821918193926844,0.07932215102308089,0.28263075429389123,0.1381241377775225,1.1529891012993858,0.3863596492423466,0.24809761798088997,0.8218800794005414,0.4406093618706206,0.1679862859647571,0.029818595587333005,0.22531185790099437,0.190838866093023,0.5180794849727743,0.2733655028080078,0.14316395415763153,1.0138953873549883,0.14177968790886447,0.2029629223732332,1.4599615185221217,0.2798013037566503,0.29133882543031125,0.05215795943210602,0.37063134917250196,0.2321742431536056,0.9129503058329722,0.42709459367456865,0.20024912357483973,0.9146521224402336,0.4537529123229254,0.28857551543962373,1.4269984469762966,0.1628442105244461
4.10176,0.17980075690099215,1.480595816496889,0.12375009511923538,0.3906910818369468,0.09399533947445822,-0.05360975230644633,0.3796828721572962,0.9937263009384809,0.057779431048234076,0.3182165229340177,1.1649251566110332,-0.11759535721130644,0.4341412061514423,0.8365658118185616,-0.09180886540355969,0.34074875036807456,0.04111524242744865,-0.03154975426336611,0.3674385061171815,0.5344257620059477,-0.032992405811585156,0.18682065200445594,1.01865421473351,0.03809741712972012,0.2977162772399891,1.4722534584672962,0.011923685804674499,0.5250947370315363,0.07701621978265172,-0.01769353885040196,0.4119983157363629,0.92610751919266,-0.0911070641977942,0.40223917176673735,0.9285216448475213,-0.13089026355426894,0.18221938816375843,0.079306239464236,0.2826722096580152,0.13897809582695422,1.1527992070388131,0.38599429381743716,0.2505153502162313,0.8220808986185525,0.4395165889560912,0.16801475021994475,0.029815924004371008,0.2253484014655182,0.19074985113763834,0.5180858359309846,0.27358258101587113,0.14315152987759686,1.0139842317932806,0.14208505898051074,0.20273352428981256,1.460141577536437,0.27979235802854346,0.2914116540476082,0.05217612302093043,0.37064214284643876,0.23415154534683347,0.9131119137859325,0.42625955754924916,0.20213039778130062,0.9145573527979504,0.4528158227069255,0.2883859892617022,1.4271037191447993,0.1629511869306672
4.11174,0.17962093558187306,1.480615457548456,0.12370368190776229,0.390674774166954,0.09403236120811943,-0.053592894266303454,0.37967978050960843,0.9937176393313188,0.05803534164304671,0.318930815626152,1.1650184087019904,-0.11723299218815848,0.4357845433496621,0.8370856877909613,-0.09028577988301872,0.34073202911114997,0.041153236584930517,-0.03152355573601216,0.3673445892943862,0.5344276176694368,-0.032581205989326546,0.18682368797294358,1.0187350100878165,0.038387006125607,0.29757681781129347,1.4724011187483041,0.012044652048627329,0.5250781793846447,0.07698967249619494,-0.017658972077411298,0.4133573991391109,0.926545939672068,-0.08993240895666883,0.40356960168147044,0.9287796687752466,-0.12971594748621373,0.18220209555559613,0.07930915121182677,0.2827581691159678,0.13997646318131174,1.1526986006531508,0.38568211706401706,0.2531114603570208,0.8223646470640145,0.4383008688919412,0.16799180042406447,0.029835202508333006,0.22542017429227346,0.19074698837929793,0.518103860093497,0.27377295227447335,0.14318187013889033,1.014070206145646,0.1423739354587295,0.2025523477350973,1.4603824011402176,0.2796992539284915,0.2914373530909011,0.0521552028618779,0.3706809790578744,0.23626282308479352,0.9133417988919204,0.42530721737788363,0.2042069035552837,0.9145420866651987,0.45182780958755486,0.2882168737821107,1.4272208892150426,0.16300582872761696
4.12172,0.17944725845309678,1.4806470823286353,0.12357105269440045,0.39066753958677086,0.09406525707031667,-0.05357193618078008,0.3797025033738043,0.9936976298899736,0.05828264914916321,0.31980220090587086,1.165220699897628,-0.11695989914701561,0.4374129555187776,0.8376746105574607,-0.08859191189611332,0.34071815877119793,0.04118525054255962,-0.03150434498783777,0.3672840101945111,0.5344088471275383,-0.032090184274625615,0.1868524838412942,1.0187890140178382,0.03865861822853283,0.29742566406978277,1.4726061914305852,0.012117028485446867,0.5250720305634899,0.07694016051803484,-0.01763637237302132,0.414736824087778,0.9270660043868968,-0.08861822589227304,0.40511471816873895,0.9291566025925587,-0.1284416780753153,0.18218741223844295,0.07931874516992724,0.28282819623973254,0.14112972993331868,1.152696351321513,0.3854369230631723,0.2558733699338771,0.8227254887396783,0.4369196604348448,0.1679722291073553,0.029865860765392622,0.2254722703836399,0.19080607817830436,0.5181195499479163,0.2738941046982984,0.1432368240966708,1.0141498061123744,0.14264611222464216,0.20240074717697418,1.4606677281293123,0.2794934306863657,0.29146128987969055,0.05211209516541215,0.3707084607386938,0.23856109602157316,0.9136511062079289,0.4241948623798077,0.20658105926230066,0.9146410321744265,0.45080870787447175,0.288047331303653,1.4273446207270697,0.1629592136261276
4.1317,0.17925444289810716,1.4806936405855402,0.12334569128221079,0.3906894176587641,0.09409374951735137,-0.053542577286539994,0.3797213117265164,0.9936604999787658,0.05851605640902389,0.3208105308272189,1.165503201637274,-0.11676000689323232,0.43905742204109593,0.8383209721852115,-0.0867205838627732,0.3407303879997738,0.041214218745908214,-0.031485966828196627,0.3672262296716973,0.5343835220696264,-0.03158730421431006,0.18687690159600262,1.018816842791507,0.03891148530036969,0.2972336342791516,1.4728605029381932,0.012118484808376842,0.5250951199332612,0.07689590561892728,-0.017639734128098754,0.4161939233149855,0.9276652909682024,-0.0871542838144605,0.40690339415689725,0.9296449704214471,-0.12705159292477694,0.1822092836652834,0.07933385000723699,0.2828519224832412,0.14241372954494558,1.152786610134672,0.3852594281207017,0.25883153659879365,0.823179267183977,0.43539889862969283,0.16799406867353373,0.029905485104447568,0.2254822285004056,0.19088601814607276,0.5181292808007993,0.2739262445373449,0.14328189533656757,1.0142309555786515,0.1429025933928105,0.20224665374929587,1.4609889109527683,0.2791780708179413,0.29150852183105974,0.052073796648953376,0.3707105363006082,0.24109701466177744,0.9140641832299785,0.42295589826353813,0.20930014560435614,0.9148772926761364,0.4497913157452222,0.2878591244015502,1.4274750479079623,0.1628063937509194
4.14168,0.17903940904387763,1.4807659362660759,0.1230796175203737,0.39068806434183295,0.09413489990886599,-0.05346088922549915,0.3796947422881244,0.9936235064010799,0.05878489078749908,0.3218825240663519,1.1657732090634718,-0.11650317304425556,0.44088255543764504,0.8390138196724848,-0.08465207734826254,0.34072898237514176,0.04125233966587781,-0.031417012586185164,0.36711315397548727,0.5343696610218734,-0.031058148960469108,0.18685662718315824,1.0188465153330506,0.03916130046338916,0.29700405689728876,1.4731233317557977,0.012077625550874802,0.5250998173681102,0.07688042173483049,-0.017611257497587494,0.41781832393031576,0.9283182515107141,-0.08551374218778175,0.4089090754817178,0.9301808384761668,-0.12550195374420353,0.18223748263844117,0.07938176254352147,0.28288939440884836,0.1437338015140253,1.1529401827891772,0.38513301870809674,0.2620523379674834,0.8237762624997989,0.4338862697940208,0.1680220300001372,0.02997527715997994,0.22551291885218416,0.1909414885711282,0.5181577272579325,0.27392637120501506,0.14326012717728553,1.0143403341896358,0.14314444905282933,0.20204657364448111,1.4613579333925297,0.27881709759749884,0.2915338784031183,0.05206362781943509,0.3707379327025136,0.24385723399944542,0.9146158966195206,0.4217412800498605,0.21226325393442522,0.9152467427145211,0.44882305580170734,0.28764995274611976,1.4276239290928041,0.1626265276135458
4.15166,0.1788188818168089,1.4808815396405686,0.12277187116931232,0.39067934928521647,0.09421276293738474,-0.053373786196505145,0.37963965191538945,0.9936061149041092,0.05909980312019021,0.32296856602608176,1.1660183034713538,-0.11616734024797276,0.44290056460772126,0.8397709249625257,-0.08240115077972643,0.3407187292017,0.04132302420567491,-0.03134368979770061,0.3670082208256005,0.5343943416206123,-0.030541500975172713,0.18680421592278695,1.0188848636445407,0.03941170696031733,0.2967691018544248,1.47339697556733,0.012004481237283392,0.5250973746994999,0.07689528941007023,-0.017581216044624433,0.4195945746749622,0.9290230034463676,-0.08373447954936424,0.4110405257233216,0.9307382409682309,-0.12380779354691107,0.18226565994563393,0.07947259982482806,0.2829268983671337,0.14503254230612206,1.1531486014578232,0.3849861219707649,0.265540420965499,0.8245394776256759,0.4323018948881502,0.16804607574411362,0.030091578896064463,0.22554121810862113,0.19099311531552707,0.5182233108185236,0.2739330570107272,0.1431894262797907,1.014481324221998,0.14338044521566026,0.20181693135378306,1.4617819006188384,0.27841632251597387,0.29154110438544584,0.052075649091153066,0.37076871795376787,0.24678758189467148,0.9153121116412858,0.42049146544079324,0.2153793001698287,0.9157200808673366,0.4477922515174636,0.2874262213849396,1.4278000740043841,0.1624229605379767
4.16164,0.1785990828803419,1.4810557110584754,0.12239645597537827,0.3907122318845418,0.09434492609976496,-0.05336127698146315,0.3795986202753506,0.9936257252336296,0.059446965181021404,0.32404710630644196,1.1662730791719127,-0.11579256776464404,0.44501865974773175,0.8406148918658669,-0.07999527267830386,0.34072824966234505,0.04144931480192136,-0.03134715421698725,0.3670180601860643,0.5344823566411385,-0.030107659979707813,0.18675657098238177,1.0189228703832158,0.03966074549586636,0.29655419083900963,1.4737043589208798,0.011899003116288614,0.5251281354226833,0.0769278446400802,-0.017617607702448954,0.42143734785581927,0.9297857855224986,-0.08187497266422795,0.4131867105042779,0.9313171061389909,-0.12200989510293453,0.18230152851380213,0.07960281113825513,0.2829165485736401,0.14629581779820913,1.1534204629210116,0.3847475801219949,0.26925105030735025,0.8254630888614054,0.430446590074056,0.16807403229332163,0.030261394967169866,0.22550587602049552,0.1910815134047828,0.518334583665695,0.27396464392036746,0.1431227130929102,1.014640271417528,0.1436218504913737,0.20159634459260153,1.4622631581733565,0.2779507851731841,0.29156001655690134,0.05209215797578392,0.3707506317071656,0.24982026828782228,0.9161358550694066,0.4190320643445079,0.21859237283350125,0.9162619519033605,0.44652914170206365,0.2871817709239933,1.428006881122411,0.16215610806515493
4.17162,0.17828697793612047,1.4812749561615142,0.12199625392585285,0.3907517752898407,0.09450436802001129,-0.053359917840646066,0.3795456872699223,0.9936903075216876,0.059838826384365724,0.3251318504812185,1.16651453653975,-0.11532870401239145,0.4471888594427321,0.8415022405485725,-0.07740965389071891,0.34073672121440307,0.04162096867662987,-0.03135099781693551,0.3670600307813029,0.5346219019266925,-0.02977857864671319,0.18669311637502461,1.0189547975252924,0.03992340467547996,0.29627708271976644,1.4740180106994463,0.01178817174676765,0.5251612700216637,0.0769687241568402,-0.017664464870737688,0.4232861401964899,0.9305696669245344,-0.07988242991914772,0.41533205674241763,0.9318987931454251,-0.12007515946231713,0.1823233483368759,0.07976949367367883,0.2829115369612118,0.1475648718618509,1.153768740737871,0.38451065844992255,0.2731228712341748,0.8265085343500355,0.4283298465234356,0.16809399841118555,0.030472374532196676,0.22546531628496796,0.1911330064303558,0.5184840038408906,0.27402931072227,0.143031601489745,1.014805545003299,0.14386755715926625,0.2013346427617097,1.4628037807409242,0.2774556713989987,0.29156544448324073,0.0521320685440679,0.3707385825013607,0.25293471204335866,0.9170618660660864,0.41736330564913016,0.22192818651136068,0.916879503109604,0.44510009906242864,0.28683429483983314,1.4282363937910671,0.1618541285159377
4.1816,0.17785325303964494,1.4815069092955562,0.12161711479175398,0.3907738638922879,0.09467054033067028,-0.05332422720583925,0.37946821913490786,0.9937887172239197,0.06027009365440015,0.3262227955883127,1.166709831391515,-0.11475296379916587,0.4494544102090885,0.8424078984459974,-0.0747011081553872,0.34073285151957866,0.04181924064910309,-0.031301252407246086,0.367082025642098,0.5347952713994443,-0.029546298864468763,0.18660657486979795,1.0189879607126255,0.04021362766232757,0.2959015142820211,1.4743027240940452,0.011689270865191207,0.5251809061325803,0.07701560508076448,-0.01768261423624023,0.42514844883582803,0.9313472604260479,-0.07776738007909406,0.4175115944509543,0.9324726734749862,-0.11802647104386797,0.1823283203914366,0.07996239729103179,0.2829404297480977,0.1488665591745902,1.1541750324238271,0.3843563993893208,0.2771675162325347,0.8276665270765081,0.4260941743513209,0.16810471339014954,0.030706739666841974,0.2254562499326999,0.19112425049904946,0.5186582365859086,0.2741485002524412,0.1429097266378384,1.014977120268055,0.1441268537862559,0.2009947107043482,1.46338762162742,0.2769763476946926,0.29155284824648986,0.05220508698301676,0.3707605810687179,0.2561566619822982,0.9180803803906068,0.41559664567501176,0.22541854784810034,0.9175787454781,0.44362952238659237,0.2863696726305819,1.4284813706926087,0.16156427833398557
4.19158,0.1774147486066603,1.4817032680903175,0.12127608071870088,0.3908083828837121,0.09485298473046813,-0.05330436953190723,0.37940635515009125,0.9938842134076048,0.06069574508049742,0.32728679153924306,1.1668396650463482,-0.11412934006375916,0.4519730492828454,0.8433634736197883,-0.07207684034854396,0.34074113373238984,0.042027232113639075,-0.03125382932349995,0.3671654188730911,0.5349916505092912,-0.0293772400543463,0.1865370905708335,1.0190474784295622,0.040534393008176975,0.29551324242056753,1.4745352582810545,0.011591833243551904,0.525224900725914,0.07707497887265673,-0.017717639173126822,0.42712651334550544,0.9321256519986155,-0.07569060900300345,0.41979534731383544,0.9330493722404748,-0.11600838947538619,0.1823549084456733,0.08015866761283877,0.28294520608942025,0.15018139676018713,1.154571674970012,0.384272795321711,0.2815112176234445,0.8289857551452113,0.42399542279558905,0.1681287496063944,0.030946672200451917,0.2254245128378496,0.191161888479266,0.5188416095259167,0.27436591751890305,0.14282201915466297,1.0151704237883479,0.14442912203165745,0.20060347644830417,1.463969802815911,0.27654430398779284,0.29157277864817827,0.052288395846678715,0.3707523250583581,0.2595603565364833,0.9192086306342165,0.41393945227724493,0.2290655005020111,0.918345040023324,0.4422267655351314,0.28591602843213515,1.4287399671189962,0.1613304340220323
4.20156,0.17697921996346372,1.4818508570321596,0.1209715011458986,0.39083329568603375,0.09503879669696491,-0.0533213020867122,0.3793720937521975,0.993972318638102,0.06110903358343169,0.32837510292209793,1.1669229924311324,-0.11349011739327171,0.4546591184857638,0.8443274785541481,-0.0695771939041118,0.3407363990776896,0.042237378149910076,-0.031235825988880448,0.3672955624789139,0.5351976072718908,-0.029266840783711282,0.18649505361819932,1.0191231578184536,0.04087240327798011,0.29511530704651734,1.4747100260835542,0.01150435307741621,0.5252618596944275,0.07713406021637077,-0.017788025381963765,0.42921228527120325,0.9328856551990138,-0.07368869169690478,0.42217370938071025,0.9336227455282373,-0.11405846316090575,0.18237808559036708,0.08033920072616849,0.28290441340361594,0.1515371992567569,1.1549686679563371,0.3843086051318746,0.28606060036485964,0.8304255462310545,0.4221099512231197,0.16814057390769332,0.03117697795229685,0.2253459096850221,0.19123282200080963,0.5190190975249634,0.2746612924618305,0.14277486606710657,1.0153592234105233,0.144759068972195,0.20019045564319157,1.4645331419579728,0.27615463967214726,0.2915977326621873,0.05236337460073324,0.3706986168346243,0.2631152194638458,0.9204246758644672,0.4124669897115823,0.23284089533570484,0.9191798865447341,0.4409686174983266,0.2854836463458885,1.4289959621058634,0.161147363143884
4.21154,0.17648286073050795,1.4819605311205244,0.12069335237985855,0.3908087576054137,0.09520271401478779,-0.05336651662885847,0.3793547407375281,0.9940680547633293,0.06152513268081623,0.3295720917932017,1.1670010611398836,-0.11284462223832689,0.4572826166917433,0.8452267377317038,-0.06710968468905529,0.3406797202307864,0.042444313119987635,-0.03124336588927195,0.3674085387208969,0.5353971890391743,-0.02922029465251588,0.18646616301938143,1.019180432079109,0.04120236922785376,0.2946603685412039,1.4748338391635287,0.01145080239742955,0.5252357713084057,0.0771731587618671,-0.017884114634073082,0.43131326132058806,0.9335998208541232,-0.07169892221525437,0.42457472565387777,0.9341762251897943,-0.11212535273500848,0.18234834567148228,0.08049016831581596,0.2828322705671228,0.1529798519344564,1.1554216121751364,0.3845425369599489,0.29060354626315577,0.8318997053342868,0.42037715044599683,0.16810312039692848,0.031381606735013515,0.22523119863480165,0.19125518458629823,0.5191759681964716,0.2749828378369162,0.14273082707974752,1.015493622025745,0.14507074615250085,0.19977776773782666,1.4650783566690213,0.2757790894000711,0.29156601416174815,0.052422734795722264,0.3706283122832793,0.26672394360205137,0.9216871594129936,0.41114524433428373,0.23669926957372156,0.920093395423323,0.4398884475917093,0.2850025338366168,1.4292234630104925,0.16098339383482949
4.22152,0.17593726143184968,1.4820331046968,0.12044507903928678,0.3907988121505394,0.09534574545026703,-0.05342299451624851,0.37934867219455165,0.994162213710306,0.06192202869088445,0.33082817772281625,1.167096116262103,-0.11222798093585996,0.45978433435304544,0.8460985747285866,-0.0645695397011199,0.3406412664129671,0.042623275112419395,-0.031260494722961045,0.36756963918661106,0.5355738273838153,-0.029185124709785504,0.18643582808783649,1.0191947789990978,0.041494163309765984,0.29417902783665806,1.4749163052277012,0.011454537081750885,0.5252196466662485,0.07720639806587123,-0.017983521003412915,0.433342064531948,0.9342987549073014,-0.06965949643276627,0.42691339551218055,0.9347069269308241,-0.11014100952402482,0.18232337332739107,0.08060564548412873,0.28275853544850144,0.15446941511605672,1.1559252255717465,0.3849621894001185,0.2951369917695714,0.833422979582122,0.41873348852947395,0.16808955637792888,0.03153249922760415,0.2251233062525403,0.19126412080048355,0.5192962171345266,0.27534978324510495,0.1426664230420492,1.0155567579075873,0.14533073543963018,0.19936559241952678,1.4655885831672752,0.275397319182189,0.2915307628020329,0.05248645521239367,0.3705811419957737,0.27034180186574497,0.9230017083714129,0.40990390086170353,0.24060490132278642,0.9210755411458204,0.43892389811030913,0.2844660142492666,1.4294014220669444,0.1608450708942716
4.2315,0.17536646133586206,1.4820654050189972,0.12022534906367977,0.3908333017077678,0.09547701947540534,-0.05348163854113087,0.3793501822532108,0.9942460307802107,0.06227571064702848,0.3320705554011605,1.1672021443676954,-0.11165316594728812,0.4621233343503216,0.8469488321204026,-0.06194247981238269,0.34065307775306325,0.042770105597529445,-0.031282380635287856,0.3678026135681004,0.535723014543172,-0.0291154824713939,0.1864026763815911,1.019177245728913,0.04173196556307643,0.29368727617029133,1.474974418250173,0.011495125381275966,0.5252511001696594,0.07724369005500917,-0.018076331169932455,0.4352409489463555,0.9349841556082225,-0.06756200611756223,0.42912149007882716,0.9352030576692296,-0.10809180134298878,0.18233117263635118,0.08069376761267495,0.282700243461755,0.15596056021751584,1.1564404723122899,0.38548882051021005,0.2996342403294843,0.8349744509315863,0.4171138866473789,0.16812418433911092,0.03163070010867623,0.22504418487581349,0.19127903312243627,0.5193835371160986,0.2757518632522468,0.14258313180708204,1.0155697638646668,0.14553082528728872,0.19892628658654274,1.466055865010603,0.2750078685356265,0.29152465773313224,0.05256554002425339,0.37056636079406335,0.2739254191341052,0.9243410512995687,0.40868454604740506,0.24449905288721852,0.9220835009118814,0.43799669416262466,0.2838975920738622,1.4295403927963843,0.1607396293137624
4.24148,0.17477995324747417,1.4820546352718966,0.12001737560290329,0.3908366181401336,0.0956058409010157,-0.05354918014211711,0.3793556889816517,0.9943238534457317,0.06257677831058546,0.33326141610258003,1.1672778794771173,-0.11108425300752484,0.46421625523873916,0.8476826593982567,-0.059362003225824446,0.34063313852203864,0.04292312787407773,-0.03132630554618657,0.3680030779848812,0.5358601017357668,-0.02900481264862475,0.18638583061341277,1.0191904088471602,0.04192594026137724,0.2931439236272517,1.4750351444838747,0.011483233984048994,0.5252483462995869,0.07727198943897653,-0.01817860458066577,0.43700518692547596,0.9355854567968165,-0.06548085413318147,0.43117468256483943,0.9356343918471106,-0.10605718259527283,0.1823010568993343,0.08078154804589215,0.28264554203665554,0.15744578606625112,1.1569045518109182,0.3859836261750449,0.303934604805146,0.8364280098774222,0.41545569795082776,0.16810023335310995,0.03173006267206533,0.22496616904321748,0.19124156335540857,0.5194736663405837,0.27609743867027825,0.142515743210346,1.0155981282691913,0.14569767782279294,0.19840371021188047,1.4664944413727183,0.27463529562139155,0.29149261316141106,0.05264332726723602,0.37053842880619103,0.27741265025401957,0.9256030900380211,0.4074676244875541,0.24828731897971448,0.9230331967311777,0.43705325553949476,0.28333982918309164,1.4296981678916292,0.1606550319787169
4.25146,0.1742131631723956,1.4820270906645634,0.11979905487636155,0.39081258768132016,0.09573003914129163,-0.053606459020012535,0.3793551623807348,0.9944019558067382,0.06280813583308652,0.3344850887963234,1.1673419261077094,-0.1105227486944503,0.46614449825938614,0.8483325259648441,-0.05676066713118025,0.3405895571061667,0.04307872656668983,-0.03136922204495547,0.3681873648153944,0.5359807214080223,-0.028834068348973514,0.18637104504047242,1.019224958967296,0.04206965218771041,0.29261035365164345,1.475102688633605,0.011425043821672667,0.5252180246680813,0.0772947614319921,-0.018282158617648675,0.43869777178032476,0.9361279578187325,-0.06337012377734684,0.43317259562314175,0.9360258375423555,-0.10399170102140345,0.18225005278504297,0.08087170686347911,0.28259055721958254,0.15898067579535607,1.1573155948665648,0.3864472485253318,0.3080430036681778,0.8377598762291886,0.4137677953097211,0.16803184353135905,0.03183159143952668,0.22489567311124034,0.1912088350179334,0.519562254904984,0.2763709453256954,0.14246063040947166,1.0156351247469961,0.1458234099043609,0.19786920695745414,1.4668878557223706,0.2742670679308104,0.29145001907446366,0.05272173166036189,0.370496023060354,0.28081946806818375,0.9267680262631004,0.40625213016425743,0.25200622113102544,0.9239210768609597,0.4361163423214372,0.2828173078337752,1.4298590914162703,0.16056150873634442
4.26144,0.173703553317447,1.482015251027308,0.11955210871661728,0.39081634358565287,0.09583972242678053,-0.05362431811375613,0.3793397115628736,0.9944833036693917,0.06295763370551245,0.33587446209358696,1.167448823988084,-0.10999175663775425,0.46807728524662845,0.8490087520305355,-0.05397023883594477,0.3405846660905511,0.04320531944126362,-0.031372852229970515,0.3684452269129789,0.5360673678393371,-0.02857191848458465,0.18632961123227765,1.0192265399433358,0.04215081740507228,0.2921905103443519,1.4751674051687784,0.011388181812133798,0.5252216214688507,0.07732102139742641,-0.018364632395320064,0.4404088806388915,0.9366959290700687,-0.06112577745909881,0.4352654542538626,0.9364360752038873,-0.10178950315806623,0.18224409638761963,0.08094802126449517,0.28254190120813544,0.1606370549267017,1.1577031168085963,0.3869613834211289,0.31207512790573627,0.8390194494400388,0.41212700694157045,0.1680050830057824,0.031900142153318226,0.2248604342823797,0.19129628270425406,0.5196186421510317,0.2766072681299079,0.1423907184229621,1.0156287477430268,0.1458838586707543,0.1974429519940522,1.4672000273638193,0.27387243994150035,0.29144895730530535,0.05281044277902715,0.37047073797938124,0.28420670322058394,0.9278721552884245,0.4050652075447936,0.25576009832853525,0.9247931494400053,0.43526160637878175,0.2823325244007288,1.4299656449234912,0.16042764011649424
4.27142,0.1732044273982361,1.481981078693483,0.11928900148748281,0.39083398642677225,0.0959283672187208,-0.05362103841658568,0.3793278838149179,0.9945533503202881,0.06306737795941139,0.33738254724770644,1.1676033126793306,-0.10946994018461072,0.4700145822470189,0.8497139492707972,-0.051091184168701016,0.34058594901603845,0.0432992299400034,-0.03137345174543661,0.36875116971425587,0.5361156305394198,-0.028186376477412962,0.18628675066153638,1.0191948365226515,0.04219554691848996,0.29181595838954394,1.4752364629842907,0.011375807756718101,0.5252325785007537,0.07732135501803435,-0.018429499924420684,0.4421418912469868,0.9372953850644677,-0.0588130807257251,0.43743010792911113,0.9368859564928679,-0.09952258619328316,0.1822430711426428,0.08099575970929764,0.2825175866346636,0.16235936659534456,1.1580262388796492,0.3874873009702134,0.3160496852994898,0.8402106689058387,0.41068201323438897,0.16798244491018302,0.03193127838954787,0.22485377558275726,0.1914689702760952,0.5196378816299178,0.27678786775100855,0.14231280923886883,1.015578646646763,0.14590910092700077,0.19702666646490938,1.4674163145786017,0.273471760326658,0.29144137620782323,0.05288234063794795,0.37047716474380904,0.2875702457628606,0.9289057971610891,0.40401449183243376,0.2595087682451417,0.9256365243819843,0.4345578116196093,0.2818533030369035,1.4300329686143203,0.16026849840849347
4.2814,0.17267100796260776,1.4818880307655609,0.11903066389371551,0.3908585473601825,0.09599036052978425,-0.05361486893275389,0.37934332081622424,0.9945929071836993,0.06317050274669915,0.33892552600346576,1.167789833996827,-0.10892245758968806,0.4719479750057589,0.8504443735714795,-0.04821756367196755,0.34057828209184055,0.04336150220527269,-0.03140109462508815,0.36906915749470165,0.5361197566188811,-0.02767051160314033,0.18627766786853459,1.0191461093116625,0.04222253316808589,0.2914081413103558,1.4753191343201038,0.011376037525846091,0.5252363742612177,0.07727449938559439,-0.018480022613941823,0.44389389400586104,0.9379252958710467,-0.05649251038424568,0.43961800313824095,0.937380727469937,-0.09725252254716739,0.18222364061718493,0.08100876028314587,0.2825199350218421,0.16405892467566058,1.1582468964951749,0.38796444586286605,0.31996754449387904,0.8413414699985314,0.40951507858252784,0.16794321234531653,0.031927464498696594,0.2248644238365656,0.19167565711302437,0.5196218759808774,0.2768848890905512,0.14225167724076185,1.015505007685796,0.1459196947032693,0.19651318685215566,1.4675390318016928,0.27309434676707717,0.2914037788998334,0.05291409640291298,0.3705155284754251,0.2908892511295926,0.9298691371794051,0.40316380883452807,0.2631874740944118,0.9264345111892403,0.4340220253270564,0.28135420220061125,1.4300870188559756,0.1601168076786348
4.29138,0.17210508866994023,1.4817413102237522,0.11879566155087627,0.3909284349754,0.0960201988412032,-0.053598863036892874,0.3794001992574905,0.9945853750670013,0.06325474059491354,0.3404489751910295,1.167983966720214,-0.10831517653171327,0.4739353593633877,0.851238224350773,-0.04529284920296767,0.34062307792060165,0.04338663644360042,-0.03143542501108388,0.3694021559938094,0.5360661159699553,-0.027063531022026015,0.18632218104458484,1.019095535652979,0.04221619707811183,0.2909614742310858,1.4754188103593993,0.01138492780372798,0.5252827590515109,0.07719491605874086,-0.018506443272067297,0.4456903909245769,0.9386106652504387,-0.05412819785981292,0.44182353335223745,0.9379171854307438,-0.09493047229421701,0.1822443352982804,0.08099495456650746,0.28251932181676853,0.1656603225096663,1.1583702761686343,0.38835770760930527,0.32385104190844566,0.8424513658127931,0.40854922398772403,0.16795727559843968,0.031887664660433294,0.2248906174888153,0.19191219866068354,0.519571804391505,0.27688388537761793,0.14224035397462376,1.0154348145055148,0.14589041020801347,0.19589631787068562,1.4675893013814558,0.27275665225549256,0.29140440567184606,0.052909569018971626,0.3705699848428201,0.29414999165762507,0.9308033748579433,0.4024532756703337,0.2667684986367226,0.9271958486767841,0.4335813999600094,0.2808378019248869,1.4301335899619259,0.160008629972038
4.30136,0.17149417492612914,1.4815756834546865,0.11858165426445731,0.39102690314521055,0.0960172781882765,-0.053563777210720934,0.3794517604948648,0.9945395434724582,0.06329363978570514,0.34190466163777083,1.168174529154134,-0.10763303813255277,0.4759123663183397,0.8520748623481488,-0.04230231661654761,0.34071040612366704,0.04336872932632452,-0.03145419603597231,0.36970365527452553,0.5359634197826171,-0.026420884879828285,0.1863705576823369,1.0190312158160453,0.04214923469787239,0.29047370824331875,1.4755292586411237,0.011403281131220445,0.5253627880767793,0.07711063489657048,-0.018514493290652644,0.44746785638746356,0.9393318849428393,-0.05170801509867728,0.4439965850346312,0.9384810752969709,-0.0925388760321161,0.18230129767835396,0.08095900396361086,0.2825146137891383,0.16716903407063546,1.1584153091093838,0.38863779403299376,0.32774018274281663,0.8435759061221787,0.4076553248647481,0.1680214794855937,0.03182072422278513,0.2249225267832223,0.19212757737927763,0.5195006636927678,0.2767916503763377,0.14222716363588006,1.015361433734642,0.14579397363497953,0.19519583021896705,1.4675874968633527,0.27244744899549034,0.2914377131398257,0.05288741593909989,0.3706293405671665,0.29737461188560466,0.9317294512055194,0.4017723501166701,0.27028844448346423,0.9279403535593889,0.43313867935079264,0.2802787930968075,1.430165025047758,0.15992428398595782
4.31134,0.17082082621450798,1.4814384864693315,0.11837284226330697,0.39110584127552556,0.09599218604098064,-0.05350513379343842,0.3794291235851294,0.9944840150454743,0.06326506930999427,0.343252269110727,1.1683612946977964,-0.10687242885919336,0.47774713139063363,0.8528988366561688,-0.039281030184087753,0.34078311746520684,0.04331396402767087,-0.031445362600041375,0.36991919754084734,0.5358413062279911,-0.025796219668036115,0.18634650864701074,1.018933975558411,0.041999973671414975,0.2899419953627735,1.4756442793671547,0.011430347618052793,0.5254298384395034,0.07704969191337378,-0.018517208223001624,0.44911582047089427,0.9400431321473081,-0.049249347374439575,0.44606081607597226,0.9390537258144848,-0.09009793187273263,0.18234710550286568,0.08091060748527212,0.2825275338661284,0.16863248347969453,1.1584064548061397,0.38878128003345985,0.3316727681018907,0.8447416322307039,0.40670185397284303,0.16807911421998167,0.03174973297142315,0.2249510201360276,0.19226017738599369,0.5194328738474082,0.27663829867038,0.1421258296943066,1.0152656444637977,0.1456152264550482,0.19443639289233391,1.4675556677488586,0.2721426912181121,0.29145025479655184,0.05287128748293543,0.37068985317760567,0.3005984241895061,0.9326543094140467,0.40100636698217595,0.2738067464728337,0.9286905646883946,0.4326015483861137,0.27964324284614683,1.4301757847956953,0.15981542422582345
4.32132,0.1701128443992265,1.4813460270132386,0.11816357183789704,0.3911832730505065,0.09599130078920178,-0.053440073299291416,0.3793737880293561,0.9944514793082037,0.06320156657006393,0.3444784562415017,1.1685453716580263,-0.10601618047769691,0.47945185726698986,0.8537165946250181,-0.03629440928032459,0.34084455112210293,0.04328520888499203,-0.0314335537140251,0.3701496458098388,0.5357458057130224,-0.025193274013550364,0.1862917225117427,1.0188469828907694,0.04180302182123257,0.28937596721910314,1.475790222123334,0.011443945296270172,0.5254931032034588,0.07700458480468934,-0.01850180645855247,0.45063178866581505,0.940744182676636,-0.04678878277056737,0.4479916234254248,0.9396321247276419,-0.08765394734658111,0.18238201668756726,0.08090053296214172,0.28257403215868565,0.17001183655537397,1.1583613515166697,0.38878178170569305,0.3356202948011125,0.8459582405862491,0.4056745659467617,0.1681152047500695,0.031728714912760254,0.2250028286347774,0.19238478116260593,0.5194044046214421,0.2764937618161686,0.14199319585407968,1.0151916952298623,0.1453870556653669,0.1936104423923438,1.4675334683739272,0.2718519667648782,0.2914602819320961,0.052865512490922244,0.3707605131741292,0.3037928060063858,0.933606496535919,0.4001576258447359,0.27727370020364833,0.9294516332002916,0.43195595071948484,0.2789669549080264,1.4302112103947613,0.15969896554697222
4.3313,0.16936847089969478,1.4813013938608377,0.11794574313703333,0.3912714093905241,0.09603989524998273,-0.05338129781284376,0.37929076460698175,0.9944658087888801,0.0631118126268156,0.3456001399709438,1.1687301601777336,-0.10507481592746351,0.4810917427341387,0.8545559097210036,-0.03336507420946609,0.3409010323678065,0.04331696902719604,-0.03143603855154368,0.37047115120194435,0.5357028375440324,-0.024625172566110694,0.18620499193674514,1.0187827511015368,0.041571237077101475,0.28877374158449587,1.4759731355549175,0.01144063616141293,0.5255590151731312,0.07697128847394467,-0.01846435247864873,0.4520523207066558,0.9414489503407826,-0.04434960389097615,0.44979932666137207,0.9402181909650169,-0.0852343059764505,0.18241397027781003,0.08095506451776881,0.2826407507655913,0.17127674825369696,1.1583038834787827,0.3886677811253906,0.3395624913111083,0.8472469881935719,0.40458559865389854,0.1681348800931034,0.03177859478158146,0.2250782397665085,0.19256679642248375,0.5194288279147171,0.2764006301701958,0.14184111725490492,1.0151512755799108,0.14512361893015857,0.1927208063065918,1.467536361591991,0.27156865660437507,0.2914816790684676,0.0528746878517316,0.37083828249262507,0.30692711569565306,0.9346134534465221,0.39924507041480706,0.2806430111979637,0.9302320243452773,0.43120688889904596,0.2782496406973132,1.430283557356231,0.15957662084364166
4.34128,0.16851290180772519,1.481298991625644,0.11770344679560313,0.3913361680325532,0.09610573376097471,-0.05332204417536925,0.3790659188284398,0.9945302318112662,0.06293687520117382,0.34667051362498885,1.1689217873424664,-0.10411284884788244,0.48274133349920745,0.8554449897442081,-0.03042681163375187,0.3409315488597635,0.04336225958419798,-0.031436970724169,0.3708271138778702,0.5356930429253978,-0.024147426468263157,0.18595178725095698,1.0186684185772075,0.04125295237426376,0.2881072266206456,1.4761464278127057,0.011461081439804222,0.5255992150108999,0.07697054673436121,-0.018430149558404198,0.45342161215385796,0.942170021383327,-0.04192154398541617,0.45152524851806775,0.9408132331392199,-0.08281925698778218,0.18243769211150226,0.0810337497064651,0.2826685439597615,0.17245892791303985,1.1582696494412232,0.38851777014207495,0.3435255352545388,0.8486530108296368,0.4034303568162162,0.16815484064606964,0.031844981396491945,0.22511354432946917,0.19277579639101045,0.5194734218972161,0.2763300011017477,0.1415305421154548,1.0150669431431576,0.14478374394681373,0.19180436723571054,1.4675279546130084,0.27124310592445167,0.29148187036522,0.05291267911815564,0.3708930949292225,0.3100024926125485,0.9356858997434572,0.39825559956936424,0.2839334695136189,0.9310528226371644,0.4303522499798828,0.2773946673281017,1.4303209710778064,0.15939143955643237
4.35126,0.16756842996811344,1.4813065539479642,0.11745835694895822,0.3913661309609108,0.09617144305727127,-0.05326489937655111,0.37872742484850486,0.9946112629375555,0.06271569881066041,0.3476753681015356,1.1691129391304547,-0.10312587746421775,0.4843665875644208,0.8563526058356459,-0.02750362451083602,0.34093573808951694,0.04340306585227379,-0.031429829079831946,0.37114508923609674,0.5357045287524383,-0.023777498689501925,0.18556808753786905,1.0185161842410455,0.04089577930698,0.2873766820516719,1.4763045803182775,0.011512524578599706,0.5256117949043838,0.077002963861832,-0.018402800790193925,0.45472961620340246,0.9428950063517212,-0.03951177905018127,0.45314866017304906,0.9414046206477144,-0.08041343989286273,0.18244357517398643,0.08111088372938302,0.28266698473318347,0.1735604090242953,1.1582397082932403,0.3883395474207236,0.34745381892910676,0.8501222497572396,0.4022023559178233,0.16816922474104049,0.03191092872374091,0.22511263382229899,0.19293940618941466,0.5195224050396556,0.2762609974445311,0.14109773472769824,1.0149529419007806,0.1444102938128874,0.19085298554024663,1.4675072435682721,0.2709097007110802,0.2914582550602449,0.05296309262697392,0.37092562724217243,0.313017715238973,0.9367967455743808,0.39721087537999905,0.28713314607883844,0.9318876343115359,0.4294080505871643,0.2764377895819672,1.4303253222665413,0.15917481973663683
4.36124,0.16662859086171308,1.4812801372609103,0.11725223833191337,0.39137271784465477,0.09623487665332088,-0.05322108926896311,0.37840114490301563,0.9946595935852685,0.06255147217822152,0.34856230864207993,1.1692847832206392,-0.10206570241543714,0.48586625815114315,0.8572081465262852,-0.02467846807301198,0.3409288419626734,0.043448763017015106,-0.03141924086394078,0.3713684288042883,0.5357345704542917,-0.023506542178098545,0.1852068130681403,1.018397800782346,0.04060771395971862,0.28661099244485333,1.4764698309850046,0.011574206581114048,0.5256143606869411,0.07705119412641052,-0.018370436710445297,0.4559349383800073,0.9435911517001605,-0.03714022332872899,0.45461122501147183,0.9419655320320602,-0.07804073838212332,0.18242298728070033,0.081177844811626,0.28268678866520264,0.17456786751712008,1.1581645179187992,0.3880919970870423,0.3512349010703663,0.8515373137851551,0.40090288216931275,0.1681588894938918,0.03198734210479322,0.22512394250114043,0.19298293078553982,0.5195742853661864,0.2761845937752537,0.1406973511013329,1.0148841662832202,0.1440978849424039,0.1898387435253356,1.46749684174383,0.27064995474720527,0.29143026378366105,0.05299331466228168,0.3709558761288412,0.3159600814669115,0.9378922108010747,0.39615187440429894,0.29020785219548917,0.9326829838220364,0.42840525274023206,0.2755066707655721,1.4303498106909607,0.1590134146407937
4.37122,0.16573702121146563,1.481216807456869,0.1170789204225119,0.391374262840038,0.096288572805538,-0.053200583042995686,0.37810150596418685,0.9946798547227544,0.06246204186151739,0.34936339582683135,1.169414356747971,-0.10095397870230872,0.4872264814606087,0.8579743061189701,-0.021943460792480142,0.34091288998615105,0.04349953749637268,-0.03141547830040141,0.37152470595794695,0.5357784970778836,-0.023358534318409778,0.1848906736332514,1.0183181388903013,0.04038831162337119,0.2858612465221389,1.4766226525812778,0.01163328023059564,0.5256053652084804,0.077096598792609,-0.018339829142144333,0.45705175888794497,0.9442202750226938,-0.03480902272369083,0.45591928253210195,0.942452439691397,-0.07570720565550151,0.18238335111992607,0.08122648616236633,0.28270012168081915,0.17553108569808973,1.1580569941213539,0.38778365621283517,0.35480779957722897,0.8528575983602148,0.3995718471853638,0.16813029690579437,0.032048432994252085,0.2251308701955866,0.19294158080219198,0.5196142642286992,0.27609041899565184,0.1403354335083867,1.014847228376101,0.14385218220300328,0.18882240387705085,1.467479182319069,0.27043870635492645,0.29139240452003,0.053010217684457614,0.37097053845836064,0.3187821442503913,0.9389245739535308,0.3950686657711437,0.2931576710727882,0.9334385115537481,0.4273762560229547,0.27463637719613965,1.4303841958103303,0.15890432077199212
4.3812,0.16490319097501085,1.4811401286016759,0.11691234230946627,0.3913749922034513,0.09633013213666254,-0.05319789218220697,0.37778871124002555,0.9946951619667331,0.06242067310102526,0.35014020602674695,1.169506037872829,-0.09984615464826466,0.4884507444559926,0.8586515162101318,-0.019258923564715934,0.34088677688272334,0.04354905589215413,-0.03141743117127997,0.37167518295751717,0.53583194202579,-0.0233304721528478,0.18456941096898216,1.0182296353043223,0.0402013005054964,0.28518058176796807,1.4767397093332673,0.011702881105569087,0.5255821458639525,0.07713582505031688,-0.018317680137073872,0.45807037696396713,0.944767493634669,-0.03250665053105385,0.4571116925049177,0.9428616982758412,-0.073402491160531,0.1823440440098351,0.08125200098062922,0.2826777735870081,0.17647795419403808,1.1579466948958879,0.387450401727599,0.358135747605952,0.8540828110364599,0.3982360853036011,0.16810419241469796,0.03207365027100936,0.2251093567729495,0.19289393317178755,0.5196285835537019,0.27600252995813274,0.13995544027604903,1.0147867747074266,0.1436448844151185,0.18787104414724426,1.4674293938027365,0.2702268923525745,0.29134811130790234,0.05302352628667684,0.3709586329140963,0.3214205474997391,0.9398693758104684,0.39394084687984676,0.2959663895836399,0.9341610010781948,0.42633986670951374,0.2738096531827389,1.430387670679764,0.1588070491311477
4.39118,0.16410345791760297,1.481096083824532,0.11671953276483028,0.39135122182106996,0.09637018180215182,-0.05318239072315768,0.3773932219045104,0.9947299170624716,0.062371230763917006,0.3509547401001278,1.1696148851278,-0.09881547042982372,0.48951968206160007,0.8592858723623872,-0.01658532259423133,0.34085178221115164,0.04358641005124848,-0.03140246532160351,0.3718887446231434,0.5358929805115705,-0.023351392610783936,0.18414102709729324,1.0180343376942205,0.04001147502237789,0.28460881620631023,1.4768168183009294,0.011834394464142056,0.5255516224586942,0.07719290996257303,-0.018300303313601083,0.45890700753673563,0.9452623046063394,-0.030209975223149405,0.45824557229212426,0.943269646760493,-0.07110009551098355,0.1823350584892081,0.08125669085761228,0.28263503248920063,0.17736288545774298,1.157856315801791,0.3871476186361854,0.36119426568173413,0.8552365217719979,0.3968778861829386,0.16811004495758675,0.03207499912424078,0.22506144311354456,0.19292960617938665,0.519614640898711,0.27600444055009604,0.13947893959912683,1.0146283016011823,0.1434409006387325,0.1870092515154696,1.467334850198037,0.26998623486154977,0.29133027972885756,0.05302546806572927,0.37093332329496354,0.3238068641897889,0.9407392129972366,0.39276114100081483,0.29857092117786277,0.9348389702936,0.4252914547187725,0.2729707310370871,1.4303056152906823,0.15866703429387122
4.40116,0.16333025332967535,1.4810779690339448,0.11650192174846759,0.39131762105359,0.09642109109817715,-0.05317338568696625,0.3769352798075535,0.9947818333155942,0.06231548736682764,0.35178855288494704,1.1697456840717704,-0.09786721722624894,0.49036263762829974,0.8598381223999405,-0.013976334252919474,0.3408140031699502,0.04363084263459872,-0.031396812554940826,0.3721280932448186,0.5359688355270099,-0.02339228260008688,0.18362594829629475,1.0177666998677013,0.03984817978042997,0.28411398174824753,1.476871607981862,0.011989132864949232,0.5255229463390393,0.0772610833748672,-0.018298545565723676,0.45954269642826817,0.9456949656820527,-0.02795207119743944,0.4593059315022163,0.9436752797663253,-0.06883722342512617,0.1823464673272742,0.08125568103287682,0.28259242948132,0.17822123910084595,1.1577906297637606,0.386895910832013,0.3639219370393265,0.8562450266398298,0.3955221835704791,0.16813013899813345,0.03207525873736816,0.22500975767153458,0.1930398987243003,0.5195879535506734,0.2760772548943719,0.13894061536278995,1.0144121831409625,0.14327293948493633,0.1862298197949579,1.4672155422127908,0.2697284761750488,0.29133466852978507,0.053016967081715514,0.37090631653754935,0.3259469737287723,0.9415010278382895,0.3915647076447352,0.30097669114207054,0.9354586321222035,0.42427109389123563,0.2721346853905669,1.43017542359139,0.1584840520590572
4.41114,0.16260078935233965,1.4810418362233364,0.11629020959482995,0.39131026631054,0.09648742385397163,-0.0532150316377737,0.37650410466179407,0.9948261590979546,0.062300554712364016,0.3525639698419543,1.1698667542427645,-0.09696553953666491,0.4909265000004792,0.8602476350151057,-0.011519465001983527,0.34078288802196915,0.043709150900716726,-0.03144457138368611,0.37229012255732113,0.5360647456207416,-0.023459446705712053,0.18313927529176338,1.0175472508653112,0.039780609209927445,0.28362568412861905,1.4769343588233188,0.012079960225490882,0.5255044233756891,0.07731504956892282,-0.018329540359948594,0.46003477851399527,0.9460502843006268,-0.02579665274520908,0.46023518123647256,0.9440282679048296,-0.06668399101774682,0.1823454062582887,0.08126725655173099,0.2825647623986318,0.17913236463693985,1.157740397079403,0.386688359539796,0.3662928299272315,0.857017775372962,0.394237787366339,0.16812267645868764,0.03209410858415008,0.22498197910702333,0.19314168388435038,0.5195705310877962,0.2761295061566644,0.138456673905585,1.0142500593095642,0.14321401350179355,0.18551395667979825,1.4671103229764468,0.26949260734378294,0.2913320821486881,0.05300755974428496,0.3708840799976827,0.3279203624268843,0.9421187917284836,0.39043141638482076,0.30324209039435307,0.936013449836036,0.42334725180515326,0.27137483917905464,1.430090193236358,0.15830284904600747
4.42112,0.16197810059488424,1.4809775335511797,0.11612155971280544,0.3913063787344859,0.0965329480451511,-0.05326465201944681,0.3761631382593017,0.9948324471459365,0.06235661845764373,0.35322783627264065,1.169987192747976,-0.09614812118063196,0.4914446073704128,0.860710808304177,-0.009097476531825015,0.34076644991332933,0.043762666572155,-0.031473542957745876,0.3723702532650999,0.536140066724829,-0.023538478150719664,0.18275906321955593,1.0173760712852793,0.03981985743893231,0.28316237516461973,1.4770200934307922,0.012154875598119967,0.5254952829094927,0.07737219758168602,-0.018378944033846906,0.460532828793866,0.9464639950641833,-0.023730658204125447,0.4610591209240154,0.9443764287185645,-0.06461293874521094,0.1823485263553067,0.08127714279577453,0.28253654277616574,0.18003856788985592,1.1576946123912377,0.3865275052276451,0.36861593930978576,0.8577827527650579,0.3931240741556492,0.1681180657547064,0.03210661772699128,0.22495995573008437,0.19317618938085399,0.5195491998100382,0.2761418803935936,0.1380904439685786,1.014142768510701,0.14326464440040967,0.18489298473580024,1.4670275947186031,0.26930354691445785,0.29132988809535865,0.053007516865472344,0.37086318452678685,0.3298775714939169,0.9427427187233651,0.3895025092813231,0.3053964565452423,0.9365350294229007,0.4225414141401084,0.2707565437381322,1.4300479266332091,0.15817065486693507
4.4311,0.16147315865967704,1.4808846108974811,0.11600012972488577,0.39128530040721426,0.09654182196442469,-0.053299290890361506,0.3759439464447062,0.9947864284962727,0.06249222590044667,0.3537734681740704,1.1701272814531523,-0.09545025843845735,0.49209183930141326,0.8613732696664869,-0.006636125661586683,0.3407627960923598,0.04376267940127306,-0.03145187007396504,0.3724130944371406,0.5361778625207856,-0.02360586494987369,0.18252234550461946,1.0172458277381817,0.03994862886679386,0.28273520328497365,1.4771367345692783,0.012251310682630486,0.5254874235391536,0.0774414217294729,-0.018438912088966704,0.46112022287936655,0.947030292652039,-0.02173824134492023,0.46182457964377854,0.9447774392139505,-0.06260041239930687,0.18236279549324458,0.0812797437652345,0.2824992113626673,0.18086678453357852,1.1576630397456031,0.38642121124133405,0.3710528443886427,0.8587096680757103,0.3922546766880205,0.1681314096654046,0.03210230038165457,0.22492855109875406,0.1931430539592254,0.5195209409824533,0.2761369580924914,0.13786506188633552,1.0140842244866126,0.14339859540871222,0.18434866089380447,1.4669742493928524,0.2691541557401474,0.2913358167522645,0.053023989279639895,0.3708392531457015,0.3318613519047733,0.9434811197462141,0.38884726272599635,0.30743054432003325,0.9370675378716105,0.42187195182717185,0.27028237936507815,1.4300400243448046,0.158101629029853
4.44108,0.1609720387303744,1.4807615766487068,0.11586489127109954,0.3912666902479086,0.09656087585956172,-0.05338418656023343,0.3758286399925717,0.9947086306958485,0.06268391605120284,0.3542661133405873,1.1703022721887484,-0.09485854180229665,0.4927543863349946,0.8621244401600503,-0.004269940694782921,0.3407530396511957,0.04378741403102492,-0.03149159155089592,0.3724915333442613,0.5362326717216831,-0.023634891898176046,0.18240614984169465,1.0172053259839993,0.04013085589059644,0.2822887589300648,1.4772864032007982,0.012305403971287078,0.5254655399205188,0.07749128831535752,-0.018531967111085502,0.4616990583890611,0.9476705422438023,-0.019847682402832263,0.4625661154763698,0.9452451236253878,-0.06069166535172201,0.18234787299024038,0.08130434277741756,0.28247532337655107,0.1816023647145995,1.1576961469881155,0.38638372448286945,0.3732858106771102,0.8596629238547896,0.3916340289706701,0.1681066938405179,0.03212340043124265,0.2249063952688938,0.19313414176456362,0.5195217851264964,0.2761706948376356,0.13775526312545325,1.0141193552371197,0.14358299538568345,0.18374440349840826,1.4669716799123107,0.26898546365199894,0.29133551034369204,0.05305779488444449,0.37081291072891576,0.33367187071606974,0.9442493432584687,0.3883630495338746,0.3092838195757564,0.9376551534565853,0.4213804655107228,0.2698416903797113,1.4301006305662227,0.15804542202213867
4.45106,0.1604298472989436,1.4806359419633461,0.11569396047747071,0.39125776381614913,0.09660201008228354,-0.053511133180761714,0.37572121260188057,0.9946234202044427,0.06288692279548122,0.3547381843898022,1.1705149967393376,-0.09439804983206664,0.4933608783274104,0.8628950626180373,-0.0020914186599411415,0.34073924554743823,0.04384187298835672,-0.031590055309089156,0.37259998167023667,0.5363094408222427,-0.023614968883280945,0.18230541482511917,1.0172081585460329,0.040322748105799014,0.2818250636566825,1.4774430970736343,0.012319774289736284,0.5254371026870336,0.07753961753132944,-0.018649171834754202,0.46222481953857064,0.9483345659656185,-0.018107940533571846,0.4633099412133597,0.9457750535457162,-0.05893659875316283,0.18230694894316404,0.08134325038813806,0.2824699789112736,0.18226788596582488,1.1578367367645508,0.38646850044305064,0.3752334327462531,0.8606075304783923,0.3912507273221218,0.16805156787429026,0.03216329280194739,0.22490118159441091,0.19316400561774874,0.5195445239069469,0.2762690335622171,0.1376598181245957,1.0142007620743336,0.14377749983690433,0.1830942364589781,1.4670115171477471,0.2687577439438358,0.2913206357847779,0.05311028436918056,0.3707974646661357,0.3352654207964422,0.9450317978926569,0.3880318391748142,0.3109713212999191,0.938329376577485,0.42110164831493657,0.2693671438624478,1.4301900790190019,0.15795916046349243
4.46104,0.15987664929551984,1.4805511539908565,0.11550089083619557,0.39125237600652846,0.0966453945925075,-0.0536142828106699,0.37550111087834903,0.9945513053736121,0.06305188756093646,0.3551827126274256,1.1707530657160987,-0.09411049114300665,0.4939078502225638,0.8636755042992147,-0.00011803386642354376,0.3407384126971623,0.043873117372997004,-0.031655505041794915,0.3726755806736112,0.5363718662662142,-0.023550495435305685,0.1820897563097753,1.0171526730263283,0.04048266408922639,0.2813936680484649,1.4775676787052476,0.012343667372976106,0.525423881914892,0.07763316946727003,-0.01875634985767363,0.4627138702655373,0.9490127438865537,-0.016559394642549134,0.464066341524408,0.9463476188005456,-0.0573644884703422,0.1822753288349909,0.08136418423383446,0.2824729526893446,0.18289862201383547,1.1581095637415657,0.38673437032381974,0.37703547453458225,0.8616135897341516,0.3910903788215733,0.16802019347998481,0.032180790981509194,0.22490788140722678,0.19317790381287567,0.5195525085913482,0.27642317162957647,0.13745423868066053,1.0142264174718925,0.1439422709480038,0.18252101278986088,1.4670686061442773,0.2684575021329027,0.2912923141593488,0.053182334400331856,0.3708100655592768,0.3367373787085701,0.9458828469156565,0.38791018392765597,0.3125622109092535,0.9391087823005637,0.42105436958371506,0.2688532235183221,1.4302262373537933,0.15782006504146293
4.47102,0.15937852483195727,1.4805094347580812,0.11528530808625306,0.39124748581261215,0.09668521242548127,-0.053683523651814134,0.375229327783603,0.994493236673198,0.06318086058056416,0.35556219227133656,1.1709748083833285,-0.09393576514499122,0.49442393930091355,0.8644654969778861,0.001743534097740869,0.34074774824068615,0.04389057842495531,-0.03169098641346476,0.3727050549113591,0.536414886771251,-0.023453924972011386,0.1818181040513843,1.017082883532041,0.04060408797657398,0.2810145889312674,1.477669677107725,0.01233614145053256,0.52542153780672,0.07773956377665255,-0.018836673911234,0.4631838515588344,0.9497009643506409,-0.015130442908738892,0.46479155338448597,0.9469199186569215,-0.05591031424061764,0.18224700852207787,0.0813813739021257,0.28248369084982056,0.18346576667297293,1.1584973772846334,0.3871032946143005,0.37874317889895937,0.8627207176393508,0.39115626483205296,0.16800296425929084,0.03218869481492345,0.22491822263793163,0.193134160178496,0.5195590701756457,0.27658686277945427,0.13719364588231933,1.0142283147987645,0.1440688851888207,0.18201512964271324,1.467164298837212,0.2681009270859144,0.2912645354619255,0.05326684893124465,0.3708361430618224,0.3381242838356251,0.9468326059328297,0.3879985210434767,0.31406035164569235,0.9399981023460481,0.42121513880117223,0.26837735191310336,1.4302414376239216,0.1576469496852435
4.481,0.1589739268619212,1.4804969888513992,0.11503324724226596,0.39124298236212524,0.09671729416326807,-0.0537311926224658,0.37498058842229504,0.9944447254294384,0.06328104937190206,0.3558508199900025,1.1711347563054688,-0.0938030525166212,0.49494258072951164,0.8652586815905192,0.0035856152428501106,0.3407583649115071,0.04391016952545548,-0.03172456024676176,0.372696430546893,0.5364409865706321,-0.023335294847743805,0.18156788098139953,1.017044478887123,0.040680669565631225,0.2806842784697814,1.4777580808500208,0.012245018836449696,0.5254186117518626,0.07781167540453747,-0.018886340293099452,0.4636387628995956,0.9503795383525956,-0.013742559644872341,0.46543942505517233,0.9474446670037953,-0.054501376654709596,0.18220833143383455,0.08140740676574731,0.2824994858246317,0.18392450082720696,1.158963212458857,0.3874752530572571,0.38033634275549427,0.8639162638670337,0.3914154660935894,0.16797950544104717,0.03220229625384774,0.22492677251559925,0.1930157664448251,0.5195782564262864,0.27671421318105544,0.13694605884073666,1.0142443372527097,0.14414670351120099,0.1815418870255515,1.4673129764758048,0.2676979051893906,0.2912430084506071,0.05334843206368614,0.3708586438282374,0.339403204942142,0.9478660093137596,0.3882507489140428,0.31541896731379904,0.940966613967828,0.4215202001489634,0.2679886384132358,1.430273529042983,0.15745186366470845
4.49098,0.1586248637103419,1.480495957895654,0.1147160878100211,0.3912428194409099,0.09673148966278677,-0.053774570011194206,0.37473626343225386,0.9944029753483679,0.06333650374215516,0.3560662818781863,1.171200757631774,-0.09368767604431545,0.49548468515849137,0.8660297466887734,0.005422642777654079,0.34076377391952867,0.043918847826560636,-0.031768461199132715,0.3726656671445039,0.5364460475570438,-0.02319395326045563,0.18132704146466042,1.0169912440887465,0.04068471605948012,0.2803739357956607,1.477809104892699,0.012057494277533852,0.5254083353019195,0.07782763089416071,-0.018914739847995084,0.4640569651662046,0.9509956671193657,-0.012379886007606691,0.46599635447982746,0.9478823023859037,-0.05311468391822589,0.18215949670560508,0.08142137494724347,0.28250826620209163,0.18424517151576897,1.1594591788744462,0.38780010558225664,0.3817201018062828,0.8651070199285671,0.3917592962750093,0.16795190291745818,0.03220635057236073,0.2249362094872478,0.19284518347632634,0.5195927271127829,0.2767870682157624,0.13668629943317476,1.0142363615038519,0.14414188144072523,0.18110610017594558,1.4674839222036056,0.2672291045826892,0.29121077468403195,0.0534021338870501,0.37087743416339886,0.34048028897008337,0.9488970130003663,0.3885724314742068,0.31654193344891646,0.9419252113363454,0.4218612744623456,0.26762874907896494,1.4302956578755615,0.15720789002420302
4.50096,0.15830946020107062,1.4804961467624134,0.11434962312896241,0.3912597556417138,0.0967272471105416,-0.053796080329155636,0.37446460219621286,0.994360827909091,0.06333947762263933,0.3562397531022747,1.1711731212662047,-0.09356817238675652,0.49603265832699567,0.8667231584413958,0.007193862459108783,0.34077861561695033,0.043908303242436345,-0.03180736608596046,0.37261462863361433,0.5364208493891297,-0.023014728933004405,0.18106217578257722,1.016905926995989,0.0406124786601341,0.28007872337487855,1.477809042807475,0.01178672279912252,0.5254082742642239,0.07779985792958491,-0.01891621682381532,0.4644381143388321,0.9515104645099982,-0.011076365287259679,0.46648344595609614,0.9482176235270522,-0.05178418544837297,0.1821230503526079,0.08141716999109375,0.2825250451668102,0.18447781873625713,1.1599561097123876,0.38808774478816205,0.38289095901413356,0.8662276418332793,0.392217621592005,0.16794053964067537,0.03219737430969417,0.22495864693232648,0.19264795591232176,0.5195961402385426,0.2768391710875351,0.13638493520232836,1.014191990022529,0.1440526158390075,0.18071783302660407,1.467642099368067,0.26671588810111985,0.2911873469345127,0.053433027410126996,0.3709079931304093,0.3413693669652895,0.9498712360210261,0.3889736569956797,0.31746339012388575,0.9428440870151484,0.42226998400091986,0.26728115537832253,1.4302886817599776,0.15691404835183131
4.51094,0.15802175931282636,1.4804937192911398,0.11398279117030626,0.3913041844136025,0.09671213205533563,-0.05375984753337184,0.3741357723277018,0.9943096078465602,0.06329189799717028,0.35639203208819686,1.1710797259435075,-0.09343016305985623,0.49653540528904205,0.8672769260210059,0.00878433311884467,0.3408235626832539,0.04387835134710791,-0.03181190716241043,0.3725323949614867,0.5363578202200923,-0.022781175374697215,0.1807358398503817,1.0168031692806647,0.04048096460700302,0.2798063450679125,1.4777603747193373,0.011463294014719379,0.525443720388706,0.07776286310823781,-0.018877190608211643,0.4647869418731015,0.9519072081301938,-0.00990258221792961,0.46693087106110936,0.9484600311380093,-0.05058685154444843,0.1821272356250949,0.0814030610139595,0.28257592261406816,0.18471118453973961,1.1604409165067051,0.3883855478232498,0.383911176869505,0.8672488786497708,0.3929281198152952,0.16796854073980216,0.032182844043074595,0.2250043978987295,0.19244234891690995,0.519593334773814,0.2769311245965213,0.13602051913896515,1.0141264636265281,0.14390346280905003,0.18038008472510908,1.4677581146623384,0.2662096458564705,0.2912096928837357,0.05346575759726195,0.37096722526123116,0.3421557247989808,0.9507682950649246,0.3895460079182076,0.31829828213111644,0.9437415148178611,0.42287856621279607,0.2669645609613281,1.430248003017941,0.15659348485307525
4.52092,0.1577276545640414,1.4804824071260487,0.11363461947729608,0.39133603089652336,0.09669092673853633,-0.05369167811964546,0.37373951439510006,0.9942531812472782,0.0631984064772025,0.3564501699823234,1.1709577735135093,-0.09330804821971307,0.49692831680953015,0.8677209665612343,0.010084775211447464,0.3408574978636289,0.043835716226711875,-0.031793107178146235,0.3724071531345113,0.5362779172676493,-0.022530033115436915,0.1803374336628355,1.0166892525281959,0.04029949015552983,0.2795101885910053,1.4776898455193528,0.011115765123850265,0.5254740396670896,0.07772880567982232,-0.0188165440380852,0.4650252833777303,0.9522082576326574,-0.008935435069359848,0.46727812877010527,0.9486458760727996,-0.049601118088209925,0.18213732062546492,0.08137997251735923,0.2826191581065865,0.18489032969600006,1.1608968472043357,0.3886985191006394,0.3847442848450997,0.8681670396896454,0.39394254009378654,0.168003101950673,0.03215977346116768,0.22503566747904793,0.19221456491452202,0.5195828733024795,0.2770485113381998,0.13558389893509357,1.0140469142061272,0.14370389229503955,0.1800552364466356,1.4678284400024642,0.2657239451089551,0.2912316822678397,0.05348966616293197,0.37101813672855377,0.34278480571617803,0.9515699986075555,0.3903219321851875,0.31898156881153894,0.944595643553933,0.42370524709064683,0.26664082324499416,1.4301778750058796,0.15626129938953626
4.5309,0.15741055194138434,1.480466902824758,0.11331277283467645,0.391332436134454,0.09667088273518104,-0.05362072093853587,0.3732971617658545,0.9942024413647268,0.06307290564185057,0.3563665654612764,1.1708408297485622,-0.09322907532201756,0.49716545721683647,0.8680867786447931,0.011042127946388255,0.34085510865884744,0.04379175586682522,-0.031767316699604406,0.37224876539963603,0.5362043742079623,-0.022296888216204847,0.1798917910988964,1.0165690256771844,0.040081366304698655,0.27916369070250496,1.4776267997707446,0.010763711705788935,0.5254725510968404,0.07770299290107925,-0.018751418942611967,0.4650943529402479,0.9524375171798274,-0.008214580314960054,0.46747308349534406,0.9488048552999596,-0.04886694932051535,0.1821267751707138,0.08135354419431283,0.2826217900191384,0.18495833109774146,1.1613173648465243,0.3890094665373849,0.3853377718641821,0.8689779192422997,0.3952367390538794,0.16802282892201872,0.03213255565097274,0.2250266954913328,0.19195353906205143,0.5195686412500803,0.27715986827482086,0.13509587951655616,1.0139614791719576,0.1434656910367277,0.17971836725238854,1.4678646538133848,0.26526101092414794,0.29122030269542537,0.053499085224830954,0.3710337667948039,0.3431935382235935,0.9522641340788743,0.3912812346464256,0.319434944868355,0.9453815478582115,0.4247106748456312,0.26628766642986834,1.4300920189759314,0.15593096053357927
4.54088,0.15710817923240228,1.4804749100969496,0.11302332713037434,0.3913383908773003,0.09666601059028071,-0.05354018444196107,0.37287955963159164,0.9941734613727435,0.06294731047452583,0.35620682510456164,1.1707474033465743,-0.09317244641191454,0.49724793987004556,0.8683451463810413,0.011710563796271447,0.34086360503834523,0.04376263603666968,-0.03173394758493451,0.3721084574495757,0.5361452388407888,-0.022077597808753034,0.17947560575323787,1.0164514241277003,0.0398546577809644,0.27881721421974187,1.4775884618373598,0.010410261082679976,0.5254844463594581,0.07769151660275546,-0.018673131602008574,0.465033341409978,0.9525948792282377,-0.007702315788006644,0.4675420970473421,0.9489334028294516,-0.04834780062020246,0.18212773837195606,0.0813439907500577,0.282615705746066,0.1849531038013861,1.1617171367246288,0.38928627809501576,0.3856775110941382,0.8696587949025202,0.39669536563917795,0.16806548592641565,0.03212760679949584,0.22500902406906428,0.1916753985799289,0.5195697760348161,0.27725233574820146,0.1346286292329189,1.0138866151494412,0.14321741141350222,0.17939742465951555,1.4678905181216773,0.2648285123181433,0.29122472068530875,0.05352179646181181,0.3710441232175192,0.3434007927657441,0.9528493196786803,0.3923421256576271,0.31967828975402457,0.9460947244297383,0.4258202514802596,0.2659541202377504,1.430017503148368,0.1556186764432829
4.55086,0.15683072089291525,1.480511081519584,0.11277520256344761,0.39135315242695634,0.09668289041287077,-0.05345362064476023,0.3725277053241295,0.9941741637233384,0.06286600438396288,0.3559676215838606,1.1706659832024098,-0.09312563049425938,0.49717777624016035,0.8684709517668497,0.012091765485243393,0.34087554464731823,0.04376353618283446,-0.031702755202887414,0.371976480613866,0.5361084143519323,-0.021863271108637665,0.17912978260922077,1.0163545143057213,0.03966083377039178,0.2784800821482125,1.4775763001514617,0.010061774371731452,0.5255043331027875,0.0776790258838808,-0.018582549891478912,0.46488771351844965,0.9526728238530562,-0.007407679137029392,0.46747530049291086,0.9490038067609736,-0.048051329276321164,0.18213403137658649,0.08136227034526107,0.28262089174270405,0.18487614838444763,1.1620639565346371,0.3895016400107401,0.3857682733961885,0.8701794804527592,0.39824293250402654,0.16811071736317862,0.03216003172409028,0.22499880760427135,0.19138561388427194,0.5196004787549225,0.27732556319627966,0.13422453573104368,1.0138390183797132,0.14300419230584135,0.17909678917875885,1.467913940297214,0.26446432328488195,0.2912407392522937,0.0535535332767655,0.3710579212168319,0.3434328388007768,0.9533129544754676,0.39348336884772733,0.3197000317710171,0.9466904866735195,0.42698120321823857,0.26566071713784256,1.4299775933693355,0.15533995823912977
4.56084,0.15656279789263305,1.4805586899971481,0.11258130703087839,0.3913402947854044,0.09671962694635568,-0.053374052926363505,0.37224582596238337,0.9942013027292033,0.06287106101066145,0.3555937882821394,1.1705679304171723,-0.09309043184382282,0.4969680036975489,0.8684636143462022,0.012152438161058347,0.34084338227323335,0.04380276905699661,-0.0316881074469042,0.3718029471547831,0.536100080270154,-0.02164890068261161,0.17885433121059946,1.0162982616526783,0.03954443318624549,0.2781264160455961,1.4775795746715938,0.009733526921600798,0.5254885711886776,0.07763882838481422,-0.018490882398190422,0.46469635452717856,0.9526685335154745,-0.007369822501737685,0.4672406799624045,0.9489833717320187,-0.04801344451012657,0.18211192867737205,0.08140649161293695,0.28263904975453374,0.18469724544907634,1.1622979853702897,0.38964665695170453,0.38563532487650876,0.8705195082806454,0.39984726764118617,0.16810042961371943,0.03222778828854573,0.22499367824801234,0.19108818879025455,0.5196633112098893,0.27739004394745237,0.13389090666943151,1.0138308364861506,0.14287499631048411,0.1788011088846203,1.467927668471737,0.264220533096394,0.2912225955678756,0.0535655832133482,0.3710642486897926,0.3433137065710387,0.9536393882677587,0.3947286187479475,0.3194696187327068,0.9471054268708766,0.42816523864037015,0.26539713181303426,1.4299842215110414,0.15511104656133443
4.57082,0.156310571728806,1.480605875291203,0.11246217537354582,0.39132381755189144,0.09676662386829335,-0.05329645488560345,0.3720053548422026,0.994231463468788,0.06294238207346,0.35513874914926424,1.1704642078410543,-0.09308049998440536,0.49671650942206336,0.8684037919227805,0.01197945813799638,0.3408009211862229,0.04385784412356502,-0.03167043885799967,0.37163095946070646,0.5361084624363595,-0.02145048238762599,0.17862332960811955,1.0162717283035236,0.03951140549946729,0.2777762903947075,1.4775878189670208,0.009465305855155171,0.525465314148534,0.07758432263058762,-0.018405934451906587,0.46448906343283425,0.9526266849590765,-0.007525760167329792,0.4669029905551511,0.9489078179510174,-0.04817021638271285,0.18209254321077958,0.08145602654970771,0.28266522748233613,0.18444007687725195,1.1624427428233859,0.38978344071910664,0.3853502464350543,0.8707374556558637,0.40147263115476667,0.16807982689392453,0.032300383378098534,0.22499555881794883,0.19084611224852366,0.5197285241749341,0.27746773699162003,0.13361243827166525,1.013852486348799,0.1428303219200435,0.1785291737705423,1.4679231048280426,0.2640867267896547,0.2911972403400149,0.053566352697371505,0.37107844406297436,0.34306784858144473,0.9538561545495233,0.3960249079910614,0.31905971817245327,0.9473766842050733,0.42935513738748954,0.26515963102647633,1.4300121067572753,0.1549571537521352
4.5808,0.15607043934051912,1.480643793366146,0.11242712422943898,0.39132714861966206,0.09681090424163423,-0.05321546005647699,0.3717860682317191,0.9942487652723809,0.06305453634363047,0.3546798875593852,1.1703764942796322,-0.09309164133851995,0.4964598264301436,0.8683271156327812,0.011661181270026433,0.34078358542361586,0.043906369111225384,-0.03163277895255387,0.371496127335289,0.5361203908984298,-0.0212897570797066,0.17841835511714638,1.016251055167511,0.03955101987029878,0.27744975260183996,1.477594039132476,0.00928953423014935,0.525464855974907,0.07753150107364679,-0.018332246222973938,0.46425591856735626,0.9525629771520486,-0.007793501484044517,0.4665246540588239,0.9488113845053925,-0.048441244328362935,0.18210405488233716,0.08148924826579163,0.28268734477045976,0.18414121037665995,1.162537218209752,0.3899604959405748,0.3849432278138423,0.8708629708018096,0.4030514768149092,0.16809395877709565,0.032350695345923525,0.22499869650866336,0.19070008236974373,0.5197676794965723,0.2775635513235615,0.13337486390409167,1.013880749406368,0.14285459903267209,0.1782838285825923,1.467895344238032,0.26403539339588067,0.2911949864268081,0.053563793932398844,0.37110263115706466,0.34270391571767017,0.953976333292019,0.397285700032124,0.31854742806842046,0.9475509576588804,0.4305185672531912,0.26493455678694056,1.430032246419619,0.15488986159478998
4.59078,0.1558050770532323,1.480665946806806,0.11245687852048092,0.3913285864717635,0.0968384359636197,-0.05313811564571528,0.3716089715972903,0.9942670070936673,0.06321657029527238,0.3542602302812788,1.170317523968686,-0.09307549708764552,0.496048380654159,0.8681197612946233,0.011201747654224891,0.34077041194265867,0.04394860976604245,-0.03158817542246455,0.3713510508241994,0.5361330259625003,-0.021184002552117855,0.1782555272529013,1.0162100389480895,0.03964647180144079,0.277133795289963,1.4775979400292008,0.009204585518458696,0.525469209890895,0.07747229891575345,-0.018269547705925836,0.4639127974243368,0.9524004667430885,-0.008127833200751083,0.46609019235175475,0.9486744783731101,-0.04878597194853044,0.18212097963826537,0.08149653899119597,0.2826849742162949,0.18382130497327137,1.16258950549283,0.3901459195050461,0.384327436613949,0.8708104852216757,0.40445778474327465,0.16811176296364463,0.03237929173544809,0.22497996799142617,0.19060083895196228,0.519779066405151,0.2776399340006832,0.13318274035567965,1.0138816130585357,0.14293460511443654,0.1780115884957468,1.467847916618971,0.2640507779269211,0.29119935190209795,0.05353813615854702,0.37109469637855963,0.34219763469232956,0.9539526751891008,0.39841490404738966,0.31794050330234097,0.947619823480252,0.43158537123563606,0.26468516086369365,1.4300360661491947,0.15488677536651155
4.60076,0.1555395567656893,1.48066749262755,0.11254314856468914,0.39133437805733295,0.09684618375090243,-0.05306383444149658,0.37150106541963096,0.9942848273233942,0.06343585334358791,0.35385767658786427,1.170264645330257,-0.09301800001025548,0.49543613543352577,0.8677573161848063,0.010645270725395223,0.34076212267584993,0.043982789373245186,-0.03153859698413158,0.37119190049857065,0.5361448042061168,-0.02112877398203839,0.17816165227096567,1.0161605123845723,0.03979120569069297,0.27684774907125864,1.4775968401804425,0.009196776953391165,0.5254805359158463,0.07740462146056518,-0.018204915781696328,0.46343119100642327,0.9521248505360953,-0.008497880619911559,0.46556457587774613,0.9484753788655758,-0.049168256709282515,0.18213662743010967,0.08147937727822026,0.28267859311572835,0.1834537889958677,1.1625826654129527,0.39031204934569386,0.3834887813038464,0.8705659462594506,0.40565659625195266,0.16812674124268137,0.03238675361440973,0.2249610779032217,0.1905101355157756,0.5197684423028731,0.27769056290795874,0.13305532685158955,1.0138586888910852,0.14306418680900296,0.17771360361802305,1.4677847011837102,0.2641420959147559,0.291207861102699,0.053491908386407036,0.3710765961237418,0.3415387816625644,0.9537763980403104,0.3993834719314755,0.3172082482807135,0.9475628050287418,0.43251537888468555,0.2644383202971821,1.4300352172063364,0.15495076727708282
4.61074,0.15534505846982608,1.4806475336702087,0.11268696542277488,0.3913714498935348,0.09684152148757473,-0.052988824814012424,0.37148037273977697,0.9942881618021419,0.06370630282505982,0.3534105294847286,1.170173448370406,-0.09293934191083095,0.49467973363949647,0.8672980286414659,0.010059125550405171,0.3407782592954582,0.044004469848257545,-0.03147820733711372,0.3710576952305699,0.5361552020465478,-0.021107498221250697,0.17815863770326631,1.0161410330048177,0.03998038942272877,0.2766355876992174,1.4775853812071307,0.00924630106785093,0.5255164611054014,0.07733512255238613,-0.01812323847369051,0.46283520434216363,0.9517751863621456,-0.008891298168156253,0.46491061321962923,0.9481963048179476,-0.049565143058942815,0.18216435750830473,0.08144728081778646,0.28270955815839127,0.18298823125684105,1.1624907448765889,0.3904478317183384,0.38247883913103153,0.8701815151561474,0.4066941907551551,0.16815916856979735,0.03237154924752034,0.22498746612601545,0.19041440103978785,0.5197440125079011,0.27773685704754036,0.13301242213602044,1.0138453009009398,0.14323535450032507,0.17744015041038058,1.467709503571415,0.2643297540059946,0.2912320261220884,0.05344728524246175,0.37111153829906157,0.3407318156145456,0.9534745104044062,0.40022127606141333,0.31630327773366335,0.9473592076536459,0.43330356900130557,0.26426529824807277,1.4300507972662753,0.15510165333455442
4.62072,0.15521928908369187,1.4806210280042897,0.11286874488581805,0.39141457471779484,0.09683524094885572,-0.05293762301596961,0.37150934631177124,0.9942860793117783,0.06397520001825983,0.35293768303034145,1.1700482934963148,-0.09285420901738618,0.49378054539258265,0.8667251398635134,0.009386818470664873,0.340800035143059,0.04401898636285485,-0.031431901693154116,0.37095908159817603,0.5361699335315874,-0.02114126209697269,0.17820813062594365,1.0161492569263493,0.04016314121343365,0.27649735874209946,1.477559267231334,0.009337333978142043,0.525550070082684,0.07727493958764006,-0.018057960738044974,0.46212132811379814,0.9513196343409475,-0.009353533519650589,0.464127548723522,0.9478181788185007,-0.05003311554605015,0.1822027352737343,0.0814074710948593,0.28272625654994626,0.18246656995980115,1.1623431567942952,0.3905643732913745,0.381282058355414,0.8696527514769878,0.4075843140425411,0.16820937251008267,0.03233787481474167,0.22500226321719138,0.19032798512579088,0.5197074665626106,0.2777738996511704,0.13301432427067336,1.0138476888024996,0.14339519273901136,0.17721032538342654,1.4676293937586502,0.2645793477727233,0.29126243362527243,0.05340832362314495,0.371146105154311,0.3397731203706202,0.9530456844483207,0.4009508315839228,0.315232667857194,0.9470127307693741,0.43397067803719624,0.2641546229723305,1.4300687618700956,0.15530643156706267
4.6307,0.15512813785717014,1.4806021311545627,0.11307649641064604,0.3914388997474964,0.09683858378647567,-0.052921231008268746,0.371541956953821,0.9942947730791732,0.06419822217390872,0.3524576279322387,1.1699097763575046,-0.09277100285750005,0.4927092961013779,0.8660109717396157,0.008553100809955711,0.3408086074563175,0.04403910978823027,-0.03141109838793266,0.37089867502603113,0.5362008323804213,-0.02125508410980817,0.17826076698713067,1.016171953913641,0.040300559373046246,0.27640783631512955,1.477518154162868,0.00946610283622064,0.5255620027657766,0.07723525892137748,-0.018032200465608637,0.46126991859807176,0.9507314075674448,-0.00993088358187665,0.46321182185578175,0.9473362084306728,-0.050627764667192134,0.18224504011950363,0.08136534954109231,0.28269011921567444,0.1819455885884855,1.1621841517141092,0.39069048018828373,0.37988178599725037,0.8689724163763715,0.4083443270922819,0.16826813492453768,0.03229487790701486,0.22496084529803326,0.19025869818900815,0.5196638518643971,0.2778067061480087,0.13301266207313076,1.013856185934696,0.14350642142316775,0.17702621345841688,1.4675509314009527,0.26485910109262784,0.29128869741082164,0.05337612969929343,0.37113062503434596,0.33866841797728886,0.9524930999703032,0.4015971360994493,0.3140274418539391,0.9465474493876883,0.4345550875205527,0.26406833573757377,1.4300744833105117,0.15553234407678088
4.64068,0.15502901830734234,1.4805909182887882,0.11332939989754737,0.3914606339242209,0.09686047404129884,-0.05290121268197605,0.3715570066731199,0.9943266707734411,0.06438412146438563,0.3519258723126805,1.1697742632565042,-0.09268969521782036,0.4914175241252885,0.8651651572250235,0.007542203582499918,0.3408148579997343,0.044084621421053384,-0.03137577773400427,0.37088405494282195,0.5362668952881755,-0.021453710873005183,0.17829046473451923,1.0162045049435184,0.040413911053639,0.27632384663044357,1.477469097066524,0.00965049781290554,0.5255827053867969,0.07722377297609018,-0.018010553115867644,0.4602497381061249,0.9500499122931381,-0.010625635206615495,0.46212641608691857,0.9467769702360356,-0.0513401921551292,0.18228506321530805,0.08132412232601392,0.28266085993784,0.1814394533268666,1.162044906640918,0.39087289302049444,0.37831062768461265,0.8681718328342596,0.4090219322690843,0.1683220085341442,0.03225702118710609,0.2249227413956363,0.1901793368084022,0.5196295952821454,0.27788095308873445,0.13298700306002656,1.0138490364603683,0.14359846320681302,0.17687889614431399,1.467476802230001,0.26518426603771095,0.2913145475610115,0.05335951528943049,0.3711133733182543,0.33744767729862696,0.9518510692116916,0.4021935048942167,0.31272480419498483,0.9460102417539323,0.4351091625891301,0.26397763137878555,1.4300786348259686,0.15578773012337385
4.65066,0.15491586377241964,1.480586255267271,0.11361488838804018,0.3914759673460151,0.09689241266848221,-0.05288000200026643,0.37153443176105955,0.9943786482177408,0.06451861466985893,0.35133451014396516,1.1696435164405743,-0.09260987564958924,0.489882634501767,0.8642010647561926,0.006391988622110201,0.34081822894325503,0.044148130600646956,-0.03132439028077088,0.37090485788306615,0.5363627572797408,-0.02176008037228073,0.17827540787128612,1.0162336766810576,0.04048936726884859,0.27623854437924467,1.4774139898184977,0.009885431177151335,0.5256083108351984,0.0772417566259406,-0.017993352571231292,0.45903752152917515,0.9492844004349507,-0.011416721086532963,0.46085634233485506,0.946153146601078,-0.052144912868122756,0.18231431443173848,0.08128201927055069,0.28263702477499614,0.18092325300994658,1.1619226058963326,0.3910892791115891,0.3765521483090663,0.8672562816669482,0.4095667312800722,0.16836085982052998,0.03222157599417094,0.22489074824536887,0.19006869824453446,0.5196007407694357,0.27800014637038734,0.1329217115095527,1.0138131611414278,0.14365756869910004,0.17676357685171554,1.4674055174525136,0.2655357433720251,0.29133421661195436,0.05335623170537824,0.37109694267286664,0.33608873292570124,0.9511205129966395,0.4026885208076859,0.3113087213278474,0.9454032779656382,0.4355868448404455,0.26386867019724786,1.4300699825007066,0.15605896318427182
4.66064,0.15481421735543693,1.48058386170694,0.11389561406234523,0.3914646357653379,0.09691287114352315,-0.05289318315382325,0.3714570336109394,0.9944334923520717,0.0645678511672687,0.3507107364835303,1.1695039312268563,-0.0925300725340796,0.4881108100145978,0.8631255129822496,0.005166647621438012,0.34080730158109207,0.04420006636699438,-0.03128885824907839,0.37094009607939343,0.5364623791310371,-0.022205796176405387,0.17820004711731985,1.0162400740185649,0.04048213188108537,0.2761772666904595,1.4773475360398067,0.010145661375211914,0.5256062925718826,0.07728379118409426,-0.018010831132119275,0.4576254975456242,0.9484111550585316,-0.012271415955962064,0.45941354310966276,0.9454584896667058,-0.05301334644817654,0.18232624460931612,0.08123181387868689,0.28256203499113747,0.1803502318330932,1.1617829034230263,0.39126077309307533,0.37455774159472116,0.8662046386018498,0.4098604349052993,0.1683821305594164,0.03217001548675527,0.22481536676971453,0.18992021040199722,0.5195562976869064,0.27813125369257385,0.1328044671827822,1.0137450777485355,0.14363185482356963,0.17667718658443057,1.4673290643611632,0.2658687189837581,0.2913364343794848,0.053355109797780235,0.3710397852026207,0.3345380404751327,0.9502727340458723,0.4029750820053818,0.3097295992952439,0.9446902555247912,0.4358729833826006,0.26374401978896306,1.4300190884984778,0.1563166415502223
4.67062,0.15473500382369706,1.480557270877789,0.11417984500096377,0.391445403960919,0.09691498149186463,-0.0529184228930978,0.3713362037743084,0.9944712447184733,0.06454326634944267,0.35004885807172803,1.1693261610907517,-0.09243870611387252,0.48612660827363824,0.8619127793947111,0.003840279336625698,0.3407887395395289,0.04423019985927886,-0.03125660195263013,0.37100573828664984,0.5365529983591405,-0.02276165611200897,0.1780796909269952,1.0162201561251705,0.04039487672814428,0.2761484447598359,1.477254711730317,0.010425132382758027,0.5255937292381233,0.07733667983394542,-0.018037157653561807,0.4560469634949785,0.9474197302168408,-0.01318235325445036,0.4578278115312376,0.9446712519689642,-0.053942225853997695,0.18233847689089755,0.08115906821673796,0.2824505154948926,0.17972388754476623,1.161577750959445,0.39135700335587087,0.37238650535122114,0.8650064267093269,0.4099309512400222,0.1684074490663712,0.032086195139927505,0.2247153844984909,0.18975716887425992,0.5194917611749361,0.2782798048507379,0.13263671574741084,1.0136430940236976,0.1435224103564606,0.17659700148346485,1.4672203812016367,0.266203700101847,0.29133832383440317,0.05335690931354886,0.37095327811549134,0.33285335194122345,0.949304833957431,0.40307723616844776,0.30802927336712327,0.9438630203727026,0.4359815486992958,0.2636297589593667,1.4299241520235177,0.15658489506779583
4.6806,0.15468256224107357,1.4804809536855206,0.11447283044508227,0.39143572726208076,0.09689162888093321,-0.05293380901914418,0.3711906277395563,0.9944726305297779,0.0644590880624161,0.34933845571339983,1.1690915740238879,-0.0923500881146028,0.4839649168031033,0.8605496247773995,0.002353074860567213,0.3407712246247595,0.04423100911805389,-0.03121559927756178,0.37112127278180845,0.5366241324629545,-0.023393730004895454,0.17793525963778933,1.0161719489556693,0.04023857497103145,0.27615399484013853,1.4771224606040732,0.010716602860351079,0.5255897136345073,0.07737911629551197,-0.018049826262392227,0.45434398399005893,0.9463163737992913,-0.014180497845020719,0.4561246483012308,0.9437821541121725,-0.05496249867095627,0.1823633383885798,0.0810507492612142,0.2823307868362857,0.1790549433160748,1.1612838384356763,0.3913819334575767,0.37011514512118504,0.8636820275172657,0.40987554580591223,0.16844951305122677,0.03196004615235557,0.22461727264759637,0.18959798395152652,0.5194023612942097,0.278454684432278,0.13242983796048174,1.0135013458337037,0.1433427795491166,0.17651147159479552,1.4670585890188907,0.26655505684733777,0.29135145853544936,0.05335595909982866,0.37085992530470907,0.3311044311886462,0.9482382322880792,0.40307609865802796,0.30626017897816527,0.9429398448315023,0.4359847430273672,0.2635465779845627,1.42978779721267,0.15687668743442443
4.69058,0.15465875649963862,1.480350675299253,0.1147357352091817,0.3914184443801076,0.09682402431176987,-0.0529657583175298,0.3710319598665876,0.9944232291915962,0.0642994879460218,0.34858808687223103,1.1688191108413089,-0.09234220874760685,0.48167167578077447,0.8590789465028902,0.0006458788564951749,0.3407528036364477,0.04418581719122887,-0.031191543515723525,0.37128374320635865,0.5366598676763055,-0.024105794920481666,0.17777533084903374,1.0160842232289866,0.04000380272626224,0.27619585134656083,1.4769506861164055,0.01099501375307509,0.5255769779561686,0.07737937632162846,-0.018079004364810775,0.4525465738474191,0.9451336435777855,-0.015358464982794228,0.4543091505428322,0.9428234878812081,-0.0561583399819698,0.182382664055743,0.08090358301469923,0.2822017045130663,0.17832762287347503,1.160942911998374,0.39137304354547364,0.36776880392468725,0.8623102600399254,0.4098212934837602,0.1684830518883802,0.03179336142818015,0.22450747127978343,0.1894272122641565,0.5192701605660587,0.2786402600193537,0.13220592288508834,1.013304677066555,0.14309007475288854,0.17644833528875273,1.4668525789151248,0.2668704070360385,0.2913528676690034,0.05332342734657566,0.3707622901029494,0.3292944559729015,0.9471262327388078,0.40306855941655356,0.30442130381611066,0.9419732210965887,0.43597443207970066,0.2634839747530487,1.4296000771599677,0.15713733995722817
4.70056,0.15464888215578854,1.480181463195219,0.11495193142877189,0.3913978468847713,0.09672136402891585,-0.05301072681574467,0.3708771072244426,0.9943385039919058,0.06408384842463656,0.34783206662923605,1.168550475256485,-0.09244514425925324,0.47934043050354364,0.8575758545013626,-0.001320724438067186,0.3407343406675083,0.04410748861893825,-0.031183488787638037,0.3715019230157149,0.5366660731582801,-0.02485549803702725,0.17761801727631588,1.0159567263221858,0.03970666798251623,0.2762680063621423,1.4767543187411252,0.011261316714307924,0.525558777719677,0.07733462583418092,-0.018114782150729272,0.45072307296537545,0.9439252113943932,-0.01675846701617901,0.45244948790245654,0.9418582899078273,-0.05757287101058751,0.1824033974532577,0.080730994602526,0.2820725024267698,0.17751790884282873,1.1605868731292421,0.39134246793588545,0.36535625278405703,0.8609543573802454,0.40985640098565534,0.16851741685765062,0.03160320496460406,0.2243896954700925,0.18925560442548267,0.5191087543448755,0.27884059234868436,0.13198384683533523,1.0130622331869938,0.14277618695333907,0.17639643230933666,1.4666199263546782,0.26713178704504886,0.2913492178079382,0.05325685010240197,0.37066951831534434,0.32741828864996114,0.9460197158553071,0.403123951636901,0.30250179598971216,0.9410100146992301,0.4360152501432639,0.26342683756070673,1.429370355881903,0.15735221233600147
4.71054,0.15462974325182563,1.4800025292468824,0.115130622788053,0.39139580315277767,0.09661778045622799,-0.05303892524884667,0.3707428416420735,0.9942560608140648,0.06386017577556341,0.34711663554705596,1.1683362342557277,-0.09264026530330734,0.4770902455195848,0.856128621518929,-0.0035541795111679654,0.34071859656751435,0.04403351099170517,-0.031168055260537335,0.3717904049010866,0.5366678140424542,-0.02556227398386009,0.1774843778733871,1.0158040575616636,0.03938563794998261,0.2763593179732392,1.476559518352082,0.0115378844488934,0.5255557962662138,0.07727089429965737,-0.01811504159505176,0.44896492838754076,0.9427554861775279,-0.018364623760381962,0.4506550670723973,0.9409611652766856,-0.05919869677362506,0.18245124438573915,0.08055971777715774,0.2819607600770688,0.17660097020992988,1.1602255965653043,0.3912723613996205,0.3628890753554809,0.8596534902200816,0.41001304091733015,0.168587830436812,0.03141808961156882,0.2242838849732572,0.18911585712477844,0.5189586132578298,0.2790752468339161,0.1317750708052005,1.0128073425650321,0.14242839685757816,0.17631234520677871,1.4663804323139717,0.2673605568576604,0.29136937260291695,0.05318061318533607,0.3705952117267874,0.3254779702318988,0.9449582090514009,0.4032700046292766,0.30049547955294253,0.9400823207530634,0.4361295462198847,0.2633634965853965,1.4291268965812913,0.1575484894235467
4.72052,0.15461863973921536,1.4798368218652815,0.11527874524098054,0.39139289531182986,0.09653180134948665,-0.0530677762064149,0.37060972283328847,0.9941827775939358,0.06362804418879249,0.3464291060793188,1.1681806333019666,-0.09293253654277779,0.4749337204704465,0.8547660225869804,-0.005977631502115412,0.3406956686334405,0.04397692564485375,-0.031165281974860133,0.3721152032386599,0.5366795253977086,-0.026203343166858406,0.17734964965037392,1.015662176913122,0.03905499071095697,0.27647250700398013,1.4763857056563423,0.011816413516763692,0.525550452751412,0.0772185260977879,-0.01810933687040007,0.4472773821281554,0.9416546599345751,-0.020139603897982885,0.4489128213691202,0.9401345578111364,-0.060993632822270605,0.1825002408258762,0.08041051259485929,0.2818532568252187,0.1755735099254811,1.1598403471136616,0.39113136487443484,0.36044941632878874,0.8584332305535253,0.41022409179522445,0.1686614379688981,0.031258905874817396,0.22418001857315104,0.18899976349795744,0.5188351341606229,0.2793276404843559,0.1315721875083432,1.0125759566448134,0.1420714017041257,0.17620701510451717,1.4661411190388396,0.2675714072243412,0.29138265638807354,0.053115580864898086,0.3705273241465943,0.3235153812052671,0.9439500358628126,0.40344835833811576,0.29843956232243407,0.9391901436158504,0.4362505753548595,0.26330554873584777,1.428894072935874,0.15772929720865622
4.7305,0.15464837772598486,1.479703638065532,0.11540455155624632,0.39137022060600657,0.09647322915185262,-0.05310954105204835,0.37046504834407895,0.9941228189906627,0.06337791590059354,0.3457579373422894,1.1680690847105555,-0.09331968770177833,0.4728249655321448,0.8534763062113112,-0.008494288071650903,0.34065820156655735,0.043942475580421726,-0.0311868971524135,0.37244172935984915,0.5367074953453214,-0.02676773672307527,0.1771987660311646,1.0155608999803662,0.03872538492411199,0.27662708453536217,1.4762437446277534,0.012081976696048657,0.5255241963882847,0.07719725512080336,-0.018125370248872882,0.4456260955311892,0.9406216429395376,-0.02202925079328785,0.44717514964897803,0.9393533752697809,-0.06289734274093278,0.18251967295950422,0.08030061308502387,0.2817430969337372,0.17445938692608273,1.1594136615929058,0.3908912773566886,0.35811532249420686,0.8572994076828789,0.41041147209281936,0.1686997666139655,0.031142523782631402,0.22407263931056945,0.18890009351561815,0.518748512048902,0.27958001600270344,0.13137479487636422,1.0123945372417245,0.14172662239930847,0.17611402520458505,1.4659057809888902,0.26777940281978097,0.2913568900357152,0.05307925884933546,0.3704576523395587,0.32158392568881655,0.9429914151895513,0.4035913117983707,0.2963877206983253,0.9383243694972165,0.4363063133926787,0.2632782562898782,1.4286906256813812,0.15789365389866927
4.74048,0.15474973645886086,1.4796183452469553,0.1155209186346571,0.3913462669333528,0.09644562153404657,-0.053124793740515444,0.3703426464958578,0.9941001809295621,0.06312253755913583,0.3451441766255171,1.167985165174248,-0.09376350585167707,0.4706824318776443,0.8522100592519809,-0.011037567099540818,0.3406157488511577,0.04393705773495507,-0.031189536165659455,0.3727762802673411,0.5367488149791381,-0.027221043352391686,0.17707787773691863,1.0154973546702828,0.03842019822883654,0.27686616333312547,1.4761305917561756,0.012331503736892175,0.5254900667947798,0.07719917959468496,-0.01812447760454341,0.4439649671876215,0.9396159043975318,-0.023961225238899413,0.445425069122401,0.9385939855001769,-0.06484021275003496,0.18251407092010175,0.08024361536269098,0.28166389898793676,0.17332332851359847,1.1589551661047899,0.39054256877531884,0.3558936940209333,0.8562253547490051,0.4105597840191848,0.16871192314228242,0.031082444907007366,0.2239923495959634,0.18884702836513984,0.5187183576877094,0.27984346875555915,0.131214234818258,1.0122656118117594,0.14141009798346618,0.17606815396270387,1.4656816904713947,0.268005971110605,0.29130927912383897,0.053084017618448345,0.3704084556460433,0.31972709958145956,0.942078367523969,0.4036859642947003,0.2943913049993487,0.9374830657661277,0.4362911862368618,0.26331638007260144,1.4285257309873893,0.15805240360780493
4.75046,0.1549142752535927,1.4795644221766135,0.1156145939278217,0.39132875570272535,0.09643726915805398,-0.053123549647686154,0.3702634661390536,0.9941055562577699,0.06287123837793519,0.3445863237772308,1.1679232597327702,-0.09428732276257103,0.46851809323729754,0.850976037641706,-0.013608561052300324,0.3405761898412537,0.043945781450517266,-0.031187099673097428,0.37311579033393005,0.5367909275295554,-0.027556744149093107,0.1770073521329227,1.0154603231676715,0.03814390200748053,0.2771780413732043,1.4760314208404284,0.012551052028548485,0.5254557248177862,0.07720612463189534,-0.018103485585987036,0.442306579942549,0.9386388141031025,-0.02593816856505967,0.4436718454092673,0.9378550858172114,-0.06682806267231203,0.18249405866958687,0.08022728759658093,0.2816234317807531,0.17217670481660738,1.1584715699976098,0.39008829161216335,0.35378965409923113,0.8552196766401851,0.4107120496659573,0.16870741445905166,0.031066805962380446,0.22394507244359688,0.18884206631961883,0.5187327271963489,0.2801162477603306,0.1311094322834917,1.0121773279734636,0.14112433032340993,0.1760603334686359,1.4654681064036683,0.26823797686613093,0.2912566828805346,0.05311250979501826,0.3703820134389438,0.317952481955006,0.9412200669750702,0.40376690945739974,0.2924536755643464,0.9366746777126391,0.4362413907472505,0.2634211768045178,1.4283942145113118,0.15819104453850305
4.76044,0.15510013499958988,1.4795008726978762,0.1156518113678133,0.3913118811009223,0.09642376711292278,-0.05315724599474172,0.37022606697897936,0.9940994113685128,0.06262746222090822,0.3440440507683431,1.1678873660757125,-0.09496173387545222,0.4664236239294973,0.8498327875988771,-0.016255755565057362,0.3405433045826131,0.04393607602130279,-0.031240180950845447,0.37344166497470743,0.5368137827104993,-0.027795362652655788,0.17697341867284744,1.0154341611587263,0.03788260295067671,0.2775025389769235,1.4759244745428841,0.012718808349694863,0.5254208145316034,0.07719695141162534,-0.018093882944318122,0.4407090523335689,0.9377292224475057,-0.028021421227330718,0.4419455078520517,0.9371550883917492,-0.06892399417089866,0.1824707294506393,0.08021697992897894,0.2816028257306623,0.17098403517332686,1.1579643485822755,0.389540668944945,0.3518049509656703,0.8543158570332045,0.41095099883222475,0.16869104227267206,0.031061338207896468,0.22391283998104844,0.18885547525180119,0.5187515445641835,0.2803814838121148,0.13105826801199788,1.012107110510036,0.14086019737497854,0.17604315664762551,1.4652560528962186,0.26843283638063,0.29120911761397666,0.05312472597450305,0.370361953635772,0.31623281307376405,0.9404300733656262,0.4038994928006558,0.29053444246461824,0.9359116617764012,0.43621833643591845,0.2635609430939855,1.4282789225372174,0.15827568102083678
4.77042,0.1552889685444254,1.4794209810184644,0.11563063613154341,0.3913009059113883,0.09638726206501719,-0.05319726398949388,0.3702044554350747,0.9940687619493419,0.06239692551895341,0.3435326480360716,1.1678755437903083,-0.09575445880009095,0.46440040358051016,0.8487709674441225,-0.01894472741319834,0.34051936435730285,0.04389684487934465,-0.03131257465595455,0.37372823397545385,0.536800386236268,-0.027940364420605608,0.17695372442274343,1.0153978896203226,0.037631065070058096,0.27782352944397654,1.4758034889803229,0.012838855378688395,0.5253934937607542,0.07717037837839164,-0.01807608976737604,0.43915450873640555,0.936876864279313,-0.030175830108199277,0.44027501211564934,0.9365036486331062,-0.07109045824743725,0.18245125439900187,0.08018898966651575,0.2816049350197481,0.16977001050361484,1.1574424122425844,0.38890985568331726,0.3498702893959764,0.853464340709091,0.41131103918438916,0.1686757626640712,0.031040231520500585,0.22390595180635528,0.1888647082964807,0.5187551427212826,0.28062863249466397,0.13102724698771415,1.012031046743744,0.14061213244139306,0.17599226500792123,1.4650357615428402,0.2685756298761733,0.2911772406270911,0.053112271628908074,0.3703602274669023,0.3145286440556585,0.9396700871859094,0.40410334941337833,0.28860395141104583,0.9351752678462969,0.4362471030730563,0.2637056504545153,1.4281653874060523,0.1583127079928477
4.7804,0.155489021968724,1.479338592250948,0.11556600906175388,0.39130347368303453,0.0963261664043367,-0.053208412838456565,0.3701734894088303,0.9940195879244289,0.06218222562040264,0.34307015537278757,1.1678774436608843,-0.09659761086179242,0.46238950533551526,0.8477493121709835,-0.02160920757423847,0.3405072129937769,0.043831915867950356,-0.03136136177510001,0.3739636175238698,0.536747966384809,-0.027995082276967908,0.17692956274522323,1.0153392745629557,0.03738726380956352,0.27815475497407494,1.4756716450120841,0.012922827911763555,0.5253832281449589,0.07713418974263445,-0.01803166488831641,0.43758630997905457,0.9360479093522436,-0.0323312062683722,0.438655191436385,0.9358896096881086,-0.07325375315209896,0.18243978027428065,0.08013575898234222,0.28162860407981183,0.1685850499331787,1.1569120110919453,0.3882031822107701,0.3479022907697229,0.8525871863251073,0.4117511485730428,0.16867221929123033,0.03099331961957444,0.2239273075346896,0.18886008913196,0.5187386360780338,0.2808537295632831,0.13098315947961017,1.0119359904128402,0.14037319553820532,0.17592231423065052,1.4648027804626482,0.26867453079742615,0.2911671557412521,0.0530825903020742,0.370380352028692,0.3128028683126906,0.9388816739826272,0.4043379032957001,0.286646944514873,0.9344298705292127,0.4363002491286291,0.26384848430828234,1.4280422684113223,0.15832008271738196
4.79038,0.1557471437871427,1.4792829197117285,0.11548206773974207,0.39132198659356887,0.09626995680680808,-0.053215082372735506,0.37013287263904543,0.9939768228921225,0.061977124916317766,0.34262866819927557,1.1678691018306397,-0.097437110169049,0.46028310617603935,0.8467183551388391,-0.0241880783300439,0.3405120884517571,0.04375962483619457,-0.031418157164004576,0.3741735995859404,0.5366837361609159,-0.027979018017196138,0.17689829203774735,1.0152711403999644,0.037148443009328534,0.27853736590215383,1.4755396539906127,0.012976207816525873,0.5253940294437142,0.07709883272273166,-0.01799224679440867,0.43593357882127814,0.9352018555357214,-0.034427595255842526,0.4370060240003015,0.9352635215478193,-0.07535175189476163,0.18243675729136574,0.08007681825912093,0.2816437356045082,0.16748111398573773,1.1563666899790794,0.3874237063246585,0.345851484708304,0.8516193448724618,0.41210393702768755,0.16867760315553368,0.030938867756208056,0.22393716839439784,0.1888542923751055,0.518712463007951,0.28106190141227455,0.13092266576879572,1.0118347135332608,0.14013041378105154,0.1759151803892353,1.4645656291496698,0.26876453600238515,0.2911732776440355,0.053049988027295235,0.37038095928637454,0.3110344968317759,0.9380090776608762,0.40446907844510543,0.28466957713159835,0.9336301740936251,0.4362649203775954,0.2640335955948804,1.4279033874933833,0.15830497737534668
4.80036,0.15608577134319634,1.4792729523638057,0.1153950550574961,0.3913565872516097,0.09623125608545476,-0.053227900802908845,0.3701025104922225,0.9939640302212597,0.06179406441160109,0.342192145462895,1.167834564556328,-0.09823493623846821,0.4581225064746014,0.8456807328012059,-0.02665774597842992,0.3405347380991192,0.04369511639850094,-0.03149152731096069,0.3743652543961335,0.5366248844589794,-0.0279045849742547,0.17687434166747223,1.0151986239747754,0.036920529618100204,0.2790028606419226,1.475415238907241,0.013011521681769937,0.52542207095586,0.07707007098647976,-0.017962879548450064,0.43423821130349627,0.9343428568142875,-0.03643379419903564,0.43533300706177763,0.934619165171047,-0.07735495443316785,0.18243789234113747,0.08003121731034571,0.2816562055366175,0.16647340520071213,1.1558144000411417,0.38657747009811894,0.34369991568907443,0.8505397239523341,0.41231937274461194,0.16868314523327585,0.030899500250108777,0.22393755074327223,0.18885564449759215,0.5186960708866712,0.2812580146791183,0.13086237679782808,1.0117329210440296,0.1398913635432019,0.17600783965711675,1.464332849986794,0.2688601419500466,0.29118774758845356,0.05302069551735064,0.37036356276315263,0.30921545852974386,0.9370398310653124,0.404474020436917,0.2826562898789765,0.9327545461662483,0.43611395900005806,0.2642825737696334,1.4277584441859414,0.15827434771398663
4.81034,0.1564926420387317,1.479310481330019,0.11530577156150137,0.391405332729206,0.09620277082064611,-0.053238697369942294,0.37011704035620735,0.9939935444704755,0.061661810037317265,0.3417633831810509,1.167774377890776,-0.0989746094157074,0.45608761885476595,0.844691433711558,-0.029037065936945227,0.3405710354218499,0.04364657981576302,-0.03156176291578824,0.3745254678824929,0.5365738704515518,-0.02777927685138831,0.17688768735034954,1.01512101675084,0.036716888518314686,0.2795568638653777,1.475304250080213,0.013040248292602698,0.5254583742142,0.07704857639727043,-0.01792178975672479,0.4326433503112415,0.9335207807555544,-0.03835340910009442,0.43373086383502035,0.9340002008300303,-0.07927201815378396,0.18243636985470207,0.08001053210393122,0.28170048901260725,0.16554351423025507,1.155281818155237,0.38568158568114236,0.3414620949896443,0.8493781626717936,0.4124814815078192,0.1686797640148789,0.030893505353794214,0.22396700935451005,0.18886481523934362,0.518710271032689,0.28144256500014586,0.13083375166840203,1.011630427716122,0.1396803028488378,0.17617941569262144,1.4641131923385935,0.2689469181412154,0.29120334314164853,0.052993240079236746,0.3703685105334224,0.3073528317525288,0.9360103235770649,0.40444614027040593,0.2805788519516808,0.9318176012858411,0.43591522431669405,0.26458510491035137,1.4276316493456886,0.15823243485414026
4.82032,0.15692057090972744,1.4793645075151318,0.11517312092427448,0.39146222108503714,0.0961836032797718,-0.05325970122215501,0.3702011700565069,0.9940306320107916,0.06158815958043429,0.3413497417438616,1.1677330475931154,-0.0996905880853055,0.45426519869188775,0.8438067839442752,-0.03138717882844334,0.3406159325612792,0.043610573485478706,-0.03164088028628401,0.37466374048513723,0.536528773925409,-0.027638727453538008,0.1769755584093858,1.0150717552875301,0.03654327314569181,0.2801229763286903,1.4752263590641226,0.013016269581193906,0.5255053364336083,0.07703414517344664,-0.01788843780019717,0.4312193794264599,0.9327924692088171,-0.04024321993594951,0.4322610722136321,0.9334642682275828,-0.08116311471112236,0.18243580019977687,0.0800056565628584,0.28174109876329934,0.16468977520490297,1.1548140746089983,0.38480246734212453,0.33919460805418783,0.8482282352374977,0.4126827539349706,0.1686819657383237,0.030909282675189175,0.2239963382283507,0.18888094083269838,0.5187413526373392,0.281597589567726,0.1308653483905245,1.0115577387701924,0.13949350158310703,0.17638034895199686,1.4639286180276563,0.2689773564762615,0.29122070635913827,0.052973780566769685,0.37037411108572504,0.3054850059769079,0.9350019034068131,0.40444077939525724,0.2784849014698568,0.9309105471854129,0.43573037044842544,0.2649138670627135,1.427545257119971,0.1581571114023832
4.8303,0.1573215114297048,1.4794066856357484,0.11497017638618431,0.3915177167697134,0.09617214742911126,-0.05329324847447597,0.3703540449055622,0.9940431753151974,0.06157193953650021,0.3409420934973025,1.1677432092068727,-0.10040786508298605,0.4526657670999864,0.8430549868295277,-0.03375917277151774,0.3406630356465795,0.04358031606819213,-0.03173200363671628,0.37478966337130043,0.5364866552074848,-0.02750690860762218,0.177148072169247,1.0150713753948777,0.03640173789146684,0.28061892160452934,1.475196331138983,0.012900115427370335,0.525560095250104,0.0770267798037718,-0.017875536776250037,0.429975225548797,0.932186862082538,-0.04215080680310874,0.4309385885852368,0.9330444383215566,-0.08307645441605273,0.1824408557126621,0.08000472837370066,0.28174343841041155,0.16390527284489498,1.1544491445244442,0.3840061292556712,0.33693077424165563,0.8471651748505975,0.4129760583454734,0.1687026694437773,0.03092798774000914,0.2239933861807987,0.1889008453769237,0.5187708455867232,0.2817136607231246,0.13096104497183536,1.0115364920680787,0.13932300179138934,0.17656351013545943,1.4637958345679667,0.2689177469090553,0.2912416544882861,0.052970319042375084,0.37035593419855967,0.3036379288757045,0.9340800532737985,0.4044868997760032,0.2764200831947598,0.930112359264549,0.4356021213446894,0.2652372731337867,1.4275062400171643,0.1580320595311367
4.84028,0.15767980712029375,1.479446920509209,0.11474397420833916,0.3915585036777181,0.09615857523881839,-0.05329899010144535,0.37052407686112104,0.9940507205466501,0.06161070096584236,0.34048775968732153,1.1677661904667331,-0.10108139686496102,0.45121145470386675,0.8423961279344025,-0.036140745924290764,0.3407038043486289,0.04355230440554267,-0.03178699849720422,0.37489067344570437,0.5364460297001469,-0.027353372609859563,0.1773441269391403,1.0150766971911187,0.036292905122562356,0.28102969778850473,1.475202900590987,0.012724269693990568,0.5255969234882472,0.07702751313971432,-0.017840170154012017,0.42884613504078367,0.9316599745142919,-0.04405201102569375,0.429700783223308,0.9327018544889458,-0.08498364079889159,0.1824486197399612,0.08000925908325149,0.2817436701175773,0.16315343528060713,1.1541889607784077,0.38330838518553867,0.33460902011207366,0.8461585237155608,0.41331350836645586,0.16872798527042007,0.030942932664667366,0.22398603150269372,0.18891772088886055,0.518802601714406,0.28181914622904963,0.13106931511253692,1.0115370699588984,0.13917843306251937,0.1767159113389825,1.4637056643866142,0.2687991563427497,0.29126336296886685,0.05298688548069313,0.3703439811930044,0.301777938072534,0.9332286347085121,0.40458913808687813,0.2743507710506563,0.929397565345108,0.43553470215507173,0.26553052407329353,1.4274876207188172,0.15788026299880992
4.85026,0.15801802055512149,1.4795033051666988,0.1145211419797621,0.3915920734502728,0.09614663947075743,-0.05328523479691768,0.3706817048067475,0.9940637604710838,0.061684793207372156,0.33993781122944955,1.1677618479636078,-0.10171274729004039,0.44981366836993875,0.8417737929960564,-0.03853669690506697,0.3407393307480146,0.043529036167345075,-0.03181785508562811,0.3749689056199624,0.5364109027975832,-0.027186621082027917,0.17752684456923257,1.0150750916293105,0.03621214070892541,0.2813899647900031,1.4752233816066647,0.012506668135853613,0.525619440883464,0.07703458878880069,-0.017792385013779412,0.4277656896148399,0.9311619368952596,-0.04595311369953341,0.428462602665254,0.9323827260035145,-0.08688828114793341,0.18245997072110415,0.08002266543905635,0.2817502058968592,0.16241811113101545,1.154004221059339,0.38269433086966126,0.332202525215145,0.8451602150419447,0.4136054346558064,0.16874845266536756,0.03096123634596591,0.22398397807202042,0.18894301854578419,0.5188393965995294,0.2819229313244357,0.1311624376885401,1.0115438730354744,0.1390627200361002,0.1768820715516885,1.4636446490083475,0.2686535249902744,0.2912875119020056,0.05301259599551424,0.37033660451207423,0.29988690441222937,0.932407676690517,0.40469602846841807,0.27225494768906516,0.9287146121507435,0.4354733530572803,0.2658096651283655,1.4274767172186102,0.15771202024908765
4.86024,0.1583839062829133,1.479591252282063,0.11429947050265378,0.3916392703247929,0.09614944231974636,-0.05330185155228488,0.3708248169359971,0.9940753535269778,0.06176244932787911,0.33926338708361686,1.1677026095321739,-0.10235071031944752,0.4484040548942631,0.8411353743660048,-0.040963915249669657,0.34077682108816704,0.043514951765223735,-0.03188700062877798,0.37503970850553087,0.5363874414855648,-0.02705228915775721,0.17769226504368588,1.0150868004398357,0.036151363587033795,0.28176185022136235,1.4752287455471218,0.012242241610331125,0.5256559257869811,0.07704179046456687,-0.01778830971594352,0.42668510431368295,0.9306535469000968,-0.04788727479130223,0.4271478294653876,0.9320368826828995,-0.08882303612533776,0.1824766141813847,0.0800463615782733,0.2817411437695324,0.16171059283344938,1.1538494192146775,0.3821367446377797,0.3297393848618046,0.8441325470123298,0.41375559575494214,0.16876079834279922,0.030996947405428667,0.22397547726701805,0.1890002487868026,0.5188785086371183,0.2820127843016855,0.13124307305036775,1.0115597489495003,0.13897049526062494,0.17714631117556837,1.4636006299429773,0.2685020049459833,0.29131676809873563,0.05302546982421853,0.3703028160431702,0.2979764832273881,0.9315769723391872,0.40472045102478826,0.27014371563610545,0.9280153483732653,0.435331194283904,0.26612179865959434,1.427476221516353,0.1575210869103471
4.87022,0.15876909633932987,1.4796914124370149,0.11409546461809562,0.39166626590474257,0.09614282601432034,-0.053306218824856186,0.37093588995084026,0.9940746909789763,0.061845421190696664,0.33850147206372655,1.1675833895354506,-0.10297593237521707,0.447034049705216,0.840496730219701,-0.04334077962981788,0.3407973273868928,0.04349029264594563,-0.0319378719095933,0.37508552964744707,0.5363606850527339,-0.02692751524855999,0.1778222526444068,1.0150822640788455,0.03611339088908139,0.2821245925272201,1.475198166039529,0.01194226500594962,0.5256790370922765,0.07703277386503918,-0.017779773254210582,0.4256113117845726,0.9301335623716316,-0.04979004524656566,0.42581322664433885,0.9316668882626148,-0.09072210629548709,0.1824724594037198,0.08006891189017719,0.2817498052412436,0.16105890143137494,1.1537447926079978,0.38168245089676844,0.3272865677007296,0.8431198866189111,0.4138044271374278,0.1687463287666041,0.031029679385054194,0.22398803571337725,0.1890669068669653,0.5189100769278088,0.28210427849942266,0.13130145240972127,1.0115650614957503,0.13890371557420017,0.17750645281221697,1.4635729769832275,0.2683527245587553,0.2913252578799676,0.05302566713117945,0.37028327734431815,0.2960936239275759,0.9307734280881503,0.40469026744949643,0.26809256790130165,0.9273453455159163,0.4351652773388119,0.2664537313857934,1.427461311127364,0.15731541572562832
4.8802,0.15915081285729687,1.4797783673364244,0.11392498538938577,0.3916487342029366,0.09610345490969312,-0.05326551030984036,0.371008099701971,0.994053845118733,0.06193610672580694,0.33769452406281536,1.1674108221765573,-0.10356278846186269,0.44578820603967056,0.8398944298274523,-0.045600296733009825,0.3407903204485469,0.04343832021966949,-0.031921556667798466,0.37508823410960923,0.5363151400216317,-0.026796924224617755,0.17791045868045288,1.015035377269858,0.036095986833653816,0.2824379929704691,1.475121261852828,0.011619478890045427,0.525665174324571,0.07699810325955918,-0.017728950457285914,0.42458056685722045,0.9296192172914025,-0.051602741549402184,0.4245438576410096,0.9312971945341629,-0.09252757468727167,0.18243375189855476,0.08007439686679102,0.2817938265943544,0.16049061476309154,1.1537175700643423,0.3813743274479501,0.3249288556430668,0.8421854255845183,0.4138296289313181,0.16870104189471544,0.03103456187732103,0.22403041962138373,0.1891189831019795,0.5189216740478685,0.28219921250960867,0.13133452902058387,1.0115431802549109,0.13885982173911743,0.17792902730298613,1.4635640556362066,0.2682083988047078,0.2912978159653859,0.053017090096601154,0.37030502925132214,0.2943002750701145,0.930046925987931,0.40466347816585385,0.2661880715026732,0.9267659315232962,0.435057477362659,0.2667813470025254,1.4274106836701932,0.15710581035095772
4.89018,0.15952962456775127,1.4798481784134916,0.11378223900685783,0.39164130485416504,0.09604907058991244,-0.05326514622288669,0.3710773544533156,0.9940157004348881,0.062004807898412485,0.3368307463546248,1.1671976131803758,-0.1041414522431594,0.4447056641636959,0.839344716367169,-0.04781027208250701,0.3407920581964442,0.04337502226070143,-0.031930140029693514,0.3750625056680167,0.5362562827861985,-0.026733236619886115,0.17799485238028737,1.014981311723546,0.0360743920323947,0.2827010788500465,1.475005180875411,0.01127310743740712,0.525657320703384,0.07695553718729603,-0.017729647539685325,0.423641333573779,0.9291339765261222,-0.053380012931522496,0.4233548715720249,0.9309509549054021,-0.09430082537658303,0.1824048416622988,0.08005010521672265,0.28179657178777273,0.16001347778125122,1.1537438427322009,0.3811685778862791,0.32275221944896487,0.8413532201214141,0.4138581683324337,0.16867206328962195,0.031012295420323778,0.22402669234874115,0.189176254731108,0.5189027509729639,0.2822383479161696,0.13136938156540073,1.0115092280716973,0.13881836081070553,0.17839420634379216,1.4635722107719815,0.26807206917116827,0.29127424547097064,0.05299017900476714,0.3702891711805416,0.2926560620583416,0.929399302521074,0.4046514445293397,0.2644746289424587,0.9262796665717244,0.4350000229761438,0.26711672072910186,1.4273413244142286,0.15689548324627922
4.90016,0.15990375808648197,1.4799129287410324,0.11367832893816689,0.39164651478361584,0.09599526871910269,-0.053290078678073574,0.37114967030157353,0.9939727918241521,0.06206181904875236,0.3358870978410331,1.1669464535137606,-0.10470682479623565,0.4437128517274349,0.8388366707114616,-0.04992774085511288,0.34079830775594433,0.043315707845946815,-0.031959740395057404,0.3750111209866547,0.536196015769666,-0.026726396109439537,0.17808117459226067,1.0149418288465513,0.03606186559290829,0.28292353387112046,1.474863310449971,0.010922818133467144,0.525658899981893,0.07691391351221319,-0.017764101191815686,0.42274615440982355,0.9286777921356861,-0.05508819369874229,0.4221910426284292,0.9306184004886975,-0.09600764916088833,0.1823913519699124,0.08001131983338569,0.2817690538452064,0.15957191687853395,1.1538095968355153,0.3810365395980982,0.3207109160952121,0.840613504955516,0.41387921041448444,0.16866169920280097,0.030980493930956685,0.22399376583268493,0.18923947289475332,0.5188700593061861,0.28223984264641466,0.1314101378181512,1.0114798953398254,0.13879201657690102,0.1788856042444671,1.463605779992739,0.2679664534396407,0.29125921872775107,0.052952140973115784,0.3702490206643511,0.2911117552830601,0.9288236012851245,0.4046442704313858,0.2628882209957512,0.9258661143396104,0.4349677871739578,0.26745839796214,1.4272758384931152,0.15670672140441444
4.91014,0.1602650717508673,1.479996765747236,0.11363603997028507,0.3916136587826627,0.09595074170093998,-0.053231714181605765,0.3711979809710379,0.9939464628837443,0.062151667656981026,0.33484530734171386,1.1666539327653225,-0.10521844595502138,0.4426472936709938,0.8383394591380541,-0.051800338787027306,0.34076787176266643,0.043270698986680005,-0.031911685719845165,0.3749219434528169,0.5361499853544982,-0.026688221740936983,0.17813949489640707,1.0149157056777363,0.036101588721254387,0.2831198466180902,1.4747121914478272,0.010604279827366975,0.5256320636824026,0.07687239119427604,-0.01770996365846738,0.42176487935375795,0.9282291592093529,-0.05660648308509727,0.42095104520104865,0.9302636703480889,-0.09751937118746766,0.18235816241167957,0.07999659870107359,0.281805293093142,0.15906835834216285,1.153915142951902,0.38097016303090053,0.3186458538113561,0.839926514630791,0.41384605772342764,0.16862759235978447,0.030967146814626607,0.22403341549152148,0.1892857883425823,0.5188625102598905,0.28229011071115423,0.1314355332108262,1.0114664795939243,0.13881852956994387,0.17938904365523548,1.4636800065003803,0.267925061147868,0.29122039863374805,0.05292766472911057,0.3702852918008047,0.2895285849523379,0.9283063970656042,0.4046103674273589,0.26128274734655926,0.9254906993459631,0.4349254454493529,0.2677864179262788,1.4272336664417915,0.15657220324908294
4.92012,0.1606038546562729,1.4801166754451975,0.1136142397544164,0.3915826606599132,0.09593705143104578,-0.05318216851799022,0.37122674808199885,0.9939620797414177,0.06223465040981204,0.33374081383390064,1.1663527074331763,-0.10570468186001983,0.44148601727317893,0.8378559294526893,-0.05345839610581105,0.3407445834084711,0.04325672928628961,-0.03187228113205877,0.37480087606699963,0.5361370322831057,-0.0266782301369347,0.1781719109822582,1.0149058865403864,0.03614729961903186,0.2833050574266221,1.4745649401703487,0.010302870691719545,0.5256092960661037,0.0768568784659425,-0.01766324335647422,0.4206934746280682,0.9277927687441386,-0.0579668680948035,0.4196400062199779,0.9299039744829485,-0.09886791175686989,0.18232875859135952,0.08000923162440451,0.28184380993806546,0.15854518765631323,1.1540327731744329,0.3809002481929444,0.3165552709574583,0.8392428848632952,0.41367728849653385,0.1685946775326253,0.030979474824294535,0.22407815048889326,0.18931314933638793,0.5188794786218485,0.28232779697326343,0.1314455981011201,1.0114667056596796,0.1388524874172701,0.1798962549484483,1.4637820213166044,0.26791573744617936,0.2911807815840987,0.0529278882753192,0.3703280224615426,0.2879229174250216,0.9277990172430156,0.4044679229294376,0.2596718817708154,0.9251202031501311,0.4347917846798055,0.2680892645959556,1.4272143293230604,0.15645167470440488
4.9301,0.1609192922870339,1.4802691623174453,0.11358047225740642,0.3915920625746505,0.09596503532420894,-0.05322941329173671,0.3712483172520017,0.9940236226960385,0.06226619653490548,0.332611860173705,1.1660715195643903,-0.10620259705049276,0.4403036657294109,0.8374134228963818,-0.054977309786240366,0.3407669512980848,0.04327944869849781,-0.031921083574264576,0.3746683702201322,0.5361643307266616,-0.026751630689229054,0.17819194447303788,1.0149247418460265,0.03614964388125969,0.28348703887176185,1.4744272218115777,0.009999169567135292,0.525620403010248,0.07688820280118042,-0.01771721100595182,0.41959460873328713,0.927387246275153,-0.059238477570518415,0.4183062866080879,0.9295661202858693,-0.10012656412911407,0.18232625941298067,0.08004109678904316,0.28182020016809045,0.15806060121579235,1.1541326078053624,0.3807797914409213,0.31451234309303383,0.8385473271858978,0.4133534975588314,0.16859095758779818,0.03101328349350893,0.22405531889212027,0.18933058767922709,0.5189108399250725,0.2822947453929621,0.13144860857971044,1.0114858211261504,0.13884678333353623,0.1803957028524123,1.4638906490567358,0.2679101704511563,0.29116418860473803,0.05295755959562027,0.37030414901184927,0.28635943521885004,0.927271373625449,0.40419194935906333,0.2581121194481074,0.9247362216530126,0.4345338181909772,0.26837053168089803,1.4272113221502154,0.15631487929754534
4.94008,0.1612344230375065,1.4804077889851608,0.11359320183680542,0.3915768958278328,0.09600409310814483,-0.05323072110659119,0.3712596794760124,0.9940776707601547,0.06228237564135629,0.33144728477189395,1.1657903721964713,-0.10669527782332715,0.4392612670124174,0.8370616921810865,-0.05634458305165339,0.3407666945301161,0.04330956132018276,-0.031917628966336875,0.3745609837536431,0.5362061907461377,-0.02679061026911096,0.1782060008362794,1.0150012214665158,0.03614964352323299,0.28365591269833107,1.4742898073244324,0.009716928296478545,0.5256108405539966,0.07694408188269894,-0.017718318236072297,0.4185564614901521,0.92703619579907,-0.060415283228197475,0.4169894917274334,0.9292424761841611,-0.10129510612045393,0.18230801516575343,0.08009412592874554,0.2818335938655591,0.15755993218660339,1.1542106256902587,0.3806846127569249,0.31259962905160377,0.8379171169675731,0.41304569129991675,0.16857751786095435,0.031058477980221044,0.22406540254511703,0.18935177856635907,0.5189658729026912,0.28230248705272076,0.13144984753938155,1.0115609585103098,0.13884110905956967,0.18086283052078778,1.4639943742410015,0.26796050479344646,0.29113513606675173,0.05301985630138779,0.37032042239277607,0.28485079432463056,0.9267767010478476,0.40395184615324614,0.256590218229774,0.9243548856329658,0.434288245323216,0.2686617736833101,1.4272240542273236,0.15623507757126387
4.95006,0.16156190613392865,1.4805166847882771,0.11365437690043205,0.3915319125251267,0.0960391599843844,-0.053178061621355806,0.3712760276275512,0.9941095616362158,0.062289541353074206,0.3302917493891215,1.1655216478029562,-0.1071941182024571,0.43835184842467534,0.8367869632367226,-0.05761541303570912,0.34073210459551095,0.04333891176669759,-0.0318596888463449,0.3744976767451555,0.5362479244310026,-0.026787787017769835,0.17823420381036578,1.015115853101798,0.03615004554354505,0.28382803863901157,1.4741517719584563,0.009465057394477339,0.5255750637464185,0.0769979809364249,-0.017653329459869506,0.4175890631027075,0.9267390969637209,-0.0615360204889604,0.4157165809329106,0.9289395401959667,-0.10241100319462225,0.18227338224259787,0.08015575824505765,0.2818795551018968,0.1570516147584298,1.1542607330540948,0.3806278660512852,0.31078506725088245,0.8373269736240686,0.41279024049982393,0.16855162441706742,0.031106887212169712,0.22410838536269942,0.1893959740078285,0.5190342934086319,0.2823503520035079,0.1314676066821625,1.0116759519315524,0.13883660595772135,0.18131774948001028,1.464075353047278,0.2680643596035245,0.29109039569674705,0.0530942297022804,0.37037574332874373,0.28338104582215173,0.9262957837528217,0.4037711932819666,0.2550931045402579,0.9239586328507535,0.4340861496854521,0.26897814890771143,1.4272432819065404,0.15621262575881098
4.96004,0.16189993236431047,1.4806166622118793,0.1137034142613992,0.3915197142813737,0.09607446289247762,-0.053215175950227234,0.3713288260962514,0.9941499338897757,0.06225850219759313,0.3292414817231542,1.1653115238594176,-0.10773755512262577,0.437397969000319,0.8365142655639484,-0.058903810723512876,0.3407183547724818,0.04338143060618067,-0.03189744590087682,0.37447013192991707,0.5362888741102885,-0.02686088288725084,0.17830484198024676,1.0152016457631905,0.03610874693691184,0.28404320692343926,1.4740220536582476,0.009235507055740211,0.5255627671360438,0.07702778488319142,-0.017669388407906637,0.41662510260678914,0.9264711842234047,-0.0626786111076218,0.4144993676407876,0.9286791139826844,-0.10354430226178116,0.1822674346582608,0.08019914212610489,0.281841993731522,0.15661906903521516,1.1542702582888587,0.38054662003004447,0.3089374125227857,0.8366460617055299,0.4124651308578143,0.16855158079360277,0.031152022400442063,0.2240728722960163,0.18947813455591123,0.5190848228749821,0.28231278571791196,0.13152736694467645,1.0117593646084775,0.13879011163772392,0.18182047879223134,1.4641108527474882,0.2681610329451413,0.2910630733166221,0.05313947893700033,0.3703505958729689,0.28192161290760287,0.9257330030179057,0.40350865229002264,0.25362357121237356,0.9234960771179692,0.43383205350640536,0.2693123882161249,1.4272503154118126,0.15616788767348497
4.97002,0.16225049038008157,1.4807078180364184,0.11377017264317672,0.39151102164791857,0.0960845853583194,-0.05327287454119498,0.37140944751654087,0.9941908383431113,0.062228295545853254,0.32827895444509364,1.1651438060100816,-0.10827769325687238,0.4363785561647426,0.8362388396236041,-0.06012506043569167,0.34070176701135596,0.04340673947431721,-0.031958804264925145,0.3744272496070753,0.536305789741408,-0.026977434809549835,0.17839191447538877,1.0152382971690894,0.036061872330864594,0.28428862302763835,1.4738993135180734,0.009063513934991402,0.5255458926141728,0.07702324250787665,-0.017700332890664215,0.41566615007872293,0.9262228129325337,-0.06377099720723585,0.4133261015678895,0.928443758302848,-0.10462336918919145,0.18226473618188013,0.08021714397480773,0.2817879977904754,0.15626798056430585,1.154226379130654,0.3804563368348195,0.3070950730111166,0.8358767139780373,0.4120641517384673,0.16855442150642932,0.031177760050796848,0.22402094867629987,0.18954556979255477,0.5191075943341319,0.28222542049061505,0.13160371549034222,1.0117863722688254,0.13873836547408602,0.18236246661427813,1.464102876969876,0.2682827265812745,0.29103029305591765,0.05314449242078087,0.37031234918438277,0.2805073510245542,0.925095405743307,0.4031816160465735,0.2522124271930482,0.9229707088088592,0.43352931274275264,0.2696545186409722,1.4272315648461575,0.15612604050182977
