Coordinates
version=1
nRows=1126
nColumns=38
inDegrees=no

Units are S.I. units (second, meters, Newtons, ...)
If the header above contains a line with 'inDegrees', this indicates whether rotational values are in degrees (yes) or radians (no).

endheader
time	pelvis_tilt	pelvis_list	pelvis_rotation	pelvis_tx	pelvis_ty	pelvis_tz	hip_flexion_r	hip_adduction_r	hip_rotation_r	knee_angle_r	ankle_angle_r	subtalar_angle_r	mtp_angle_r	hip_flexion_l	hip_adduction_l	hip_rotation_l	knee_angle_l	ankle_angle_l	subtalar_angle_l	mtp_angle_l	lumbar_extension	lumbar_bending	lumbar_rotation	arm_flex_r	arm_add_r	arm_rot_r	elbow_flex_r	pro_sup_r	wrist_flex_r	wrist_dev_r	arm_flex_l	arm_add_l	arm_rot_l	elbow_flex_l	pro_sup_l	wrist_flex_l	wrist_dev_l
0	-0.0852541	0.049823	-2.93369	-0.219141	1.01887	-0.0424679	-0.117642	0.0586172	-0.564357	0.0561004	0.0359735	0	0	0.0830649	-0.264845	0.242562	0.184371	-0.0311028	0	0	-0.428232	0.182235	-0.105696	-0.143136	-0.617847	0.346205	1.81484	1.13143	0	0	0.104175	-0.428463	0.453023	1.84944	0.796626	0	0
0.00999112	-0.084895	0.0486264	-2.92754	-0.218056	1.01892	-0.0425366	-0.116828	0.0584745	-0.569612	0.055336	0.0353851	0	0	0.0867723	-0.263803	0.250554	0.18479	-0.030748	0	0	-0.429917	0.188569	-0.109212	-0.137998	-0.62393	0.360082	1.82217	1.1317	0	0	0.104488	-0.429393	0.456159	1.852	0.793648	0	0
0.0199822	-0.0845259	0.0474642	-2.92144	-0.216974	1.01896	-0.042603	-0.115986	0.0583408	-0.574844	0.0546037	0.0348066	0	0	0.0904808	-0.262794	0.258444	0.185241	-0.0302888	0	0	-0.431571	0.194907	-0.112681	-0.132875	-0.629969	0.373912	1.82949	1.13199	0	0	0.104684	-0.430118	0.459057	1.85453	0.790708	0	0
0.0299734	-0.0841573	0.0463903	-2.91548	-0.215902	1.019	-0.0426632	-0.115111	0.058244	-0.579986	0.0539226	0.0342405	0	0	0.0941634	-0.261881	0.266031	0.185775	-0.0295683	0	0	-0.43318	0.201261	-0.116029	-0.127745	-0.635981	0.38772	1.83683	1.13235	0	0	0.104698	-0.430517	0.461572	1.85701	0.787824	0	0
0.0399645	-0.0838115	0.0454614	-2.90975	-0.214848	1.01904	-0.0427124	-0.114215	0.058217	-0.584944	0.0533007	0.0336825	0	0	0.0977675	-0.261143	0.273031	0.186441	-0.0284203	0	0	-0.43474	0.207631	-0.119165	-0.122573	-0.642014	0.401559	1.84421	1.13285	0	0	0.104511	-0.430534	0.463647	1.85942	0.785013	0	0
0.0499556	-0.0835061	0.0447252	-2.90439	-0.21382	1.01907	-0.0427449	-0.113313	0.0582849	-0.589609	0.0527377	0.0331255	0	0	0.101229	-0.260658	0.279088	0.187261	-0.0267005	0	0	-0.436242	0.213983	-0.121977	-0.117343	-0.648082	0.415448	1.85162	1.13358	0	0	0.104148	-0.430162	0.465303	1.86174	0.782312	0	0
0.0599467	-0.0832421	0.0442116	-2.89953	-0.212831	1.0191	-0.0427551	-0.112411	0.0584558	-0.593853	0.052228	0.0325635	0	0	0.104484	-0.260494	0.283792	0.188228	-0.0243148	0	0	-0.437662	0.22023	-0.124336	-0.112074	-0.654127	0.429337	1.85901	1.13463	0	0	0.103672	-0.429436	0.466629	1.86394	0.779818	0	0
0.0699378	-0.0829978	0.0439308	-2.89529	-0.211889	1.01912	-0.0427372	-0.111496	0.0587182	-0.597557	0.0517643	0.0319924	0	0	0.107477	-0.260699	0.286739	0.189296	-0.0212499	0	0	-0.438951	0.226232	-0.126119	-0.106799	-0.659997	0.443138	1.8662	1.1361	0	0	0.103171	-0.428418	0.467767	1.86597	0.777598	0	0
0.079929	-0.0827736	0.0438876	-2.89177	-0.211005	1.01913	-0.0426855	-0.110581	0.0590631	-0.600619	0.0513418	0.0314091	0	0	0.110133	-0.261313	0.287585	0.190396	-0.0175863	0	0	-0.440091	0.231887	-0.127246	-0.10152	-0.665605	0.456819	1.87311	1.13804	0	0	0.102701	-0.427184	0.468824	1.8678	0.775669	0	0
0.0899201	-0.0825829	0.0440795	-2.88905	-0.210187	1.01913	-0.0425942	-0.10969	0.0594804	-0.602959	0.0509557	0.0308112	0	0	0.112371	-0.262363	0.286085	0.191444	-0.013513	0	0	-0.441082	0.237125	-0.127681	-0.0962214	-0.670901	0.470387	1.87965	1.14047	0	0	0.102301	-0.425817	0.469875	1.86941	0.774009	0	0
0.0999112	-0.0824429	0.0444966	-2.88718	-0.209442	1.01913	-0.0424571	-0.108851	0.0599582	-0.60452	0.0506022	0.0301981	0	0	0.114115	-0.26385	0.282137	0.19235	-0.00931483	0	0	-0.44193	0.241901	-0.127431	-0.0908753	-0.675862	0.483868	1.88579	1.14333	0	0	0.101989	-0.424398	0.470967	1.87079	0.772579	0	0
0.109902	-0.0823699	0.0451209	-2.88619	-0.208777	1.01911	-0.0422676	-0.108092	0.0604799	-0.605271	0.0502776	0.0295718	0	0	0.115299	-0.265749	0.275806	0.193025	-0.00533593	0	0	-0.442644	0.246187	-0.126539	-0.0854486	-0.680476	0.497294	1.8915	1.14652	0	0	0.101768	-0.423	0.472121	1.87193	0.771332	0	0
0.119893	-0.0823774	0.0459284	-2.88604	-0.208193	1.01909	-0.0420182	-0.107438	0.0610253	-0.605215	0.0499808	0.028937	0	0	0.115877	-0.268004	0.267331	0.193395	-0.00192732	0	0	-0.443229	0.249972	-0.125086	-0.0799081	-0.684738	0.510703	1.89679	1.14986	0	0	0.101635	-0.421692	0.47334	1.87284	0.770214	0	0
0.129885	-0.0824722	0.0468956	-2.88669	-0.207694	1.01905	-0.0417009	-0.106906	0.061575	-0.604395	0.0497156	0.0283006	0	0	0.11583	-0.270541	0.25709	0.19341	0.000605739	0	0	-0.443681	0.253268	-0.123185	-0.0742237	-0.688649	0.524131	1.90165	1.15324	0	0	0.101577	-0.420525	0.474616	1.87352	0.769199	0	0
0.139876	-0.0826563	0.0479991	-2.88803	-0.207279	1.019	-0.0413066	-0.106504	0.06211	-0.602896	0.0494895	0.0276728	0	0	0.115162	-0.273273	0.245573	0.193038	0.00202536	0	0	-0.443987	0.256101	-0.120973	-0.068374	-0.692213	0.537609	1.90607	1.1566	0	0	0.101584	-0.419542	0.475932	1.87397	0.768276	0	0
0.149867	-0.0829265	0.0492171	-2.88995	-0.206947	1.01894	-0.0408257	-0.106234	0.062613	-0.600839	0.0493131	0.0270665	0	0	0.113899	-0.276102	0.233327	0.192262	0.00218129	0	0	-0.444123	0.258517	-0.118604	-0.0623497	-0.695437	0.551155	1.91007	1.15993	0	0	0.101643	-0.418769	0.477271	1.87419	0.767445	0	0
0.159858	-0.0832762	0.0505318	-2.8923	-0.206696	1.01887	-0.0402479	-0.106095	0.0630698	-0.598379	0.0491996	0.0264955	0	0	0.11209	-0.278932	0.220899	0.191082	0.00102394	0	0	-0.444058	0.260571	-0.116238	-0.0561591	-0.698327	0.564762	1.91364	1.1632	0	0	0.101748	-0.418219	0.47862	1.87419	0.766709	0	0
0.169849	-0.0836951	0.0519311	-2.89491	-0.206521	1.01878	-0.0395628	-0.106077	0.0634709	-0.595684	0.0491635	0.0259724	0	0	0.109804	-0.281675	0.208774	0.189517	-0.00138453	0	0	-0.443753	0.262335	-0.114032	-0.0498333	-0.700897	0.578395	1.91678	1.16642	0	0	0.101903	-0.417891	0.479975	1.87398	0.766076	0	0
0.17984	-0.0841707	0.0534095	-2.89763	-0.20642	1.01867	-0.0387605	-0.10617	0.0638122	-0.592928	0.0492198	0.0255078	0	0	0.107129	-0.284261	0.197331	0.187607	-0.00486024	0	0	-0.443163	0.263882	-0.112118	-0.0434301	-0.703167	0.591988	1.91951	1.16955	0	0	0.102119	-0.417769	0.481344	1.87356	0.765551	0	0
0.189831	-0.0846883	0.0549675	-2.90031	-0.206388	1.01854	-0.0378318	-0.106358	0.0640947	-0.590275	0.0493812	0.0251115	0	0	0.104165	-0.286644	0.186802	0.185411	-0.00909973	0	0	-0.442244	0.265288	-0.1106	-0.0370366	-0.705163	0.605443	1.92184	1.1726	0	0	0.102423	-0.417829	0.482747	1.87292	0.765133	0	0
0.199822	-0.085232	0.0566116	-2.90281	-0.20642	1.01838	-0.0367687	-0.106623	0.0643236	-0.587866	0.0496581	0.0247921	0	0	0.101019	-0.288798	0.177263	0.183005	-0.0136963	0	0	-0.440954	0.266626	-0.109535	-0.0307693	-0.706918	0.618621	1.92379	1.17553	0	0	0.102854	-0.418035	0.484222	1.87206	0.764817	0	0
0.209813	-0.0857842	0.0583497	-2.90506	-0.206514	1.0182	-0.0355653	-0.106942	0.0645051	-0.585795	0.0500577	0.0245557	0	0	0.0977907	-0.290726	0.168629	0.180471	-0.018181	0	0	-0.439258	0.267954	-0.108944	-0.0247444	-0.708469	0.631371	1.92541	1.17834	0	0	0.103452	-0.418348	0.485801	1.87099	0.764642	0	0
0.219805	-0.0863287	0.0601865	-2.90701	-0.206665	1.01799	-0.0342174	-0.107298	0.0646423	-0.584109	0.0505811	0.0244039	0	0	0.0945621	-0.29244	0.160711	0.177879	-0.0220999	0	0	-0.437138	0.26931	-0.108829	-0.0190404	-0.709861	0.643573	1.92673	1.18102	0	0	0.104237	-0.418732	0.487492	1.86972	0.76462	0	0
0.229796	-0.0868526	0.0621193	-2.90863	-0.20687	1.01776	-0.0327233	-0.107673	0.06473	-0.582809	0.0512274	0.0243358	0	0	0.0913796	-0.293956	0.153309	0.175269	-0.0250916	0	0	-0.434589	0.270713	-0.109174	-0.0136928	-0.711143	0.655143	1.92779	1.18362	0	0	0.105209	-0.41916	0.489289	1.86829	0.764737	0	0
0.239787	-0.0873455	0.0641375	-2.90996	-0.207126	1.0175	-0.0310835	-0.108055	0.0647532	-0.581864	0.0519973	0.0243494	0	0	0.0882498	-0.295282	0.146299	0.172646	-0.0269361	0	0	-0.431623	0.272159	-0.10994	-0.00872253	-0.712365	0.666003	1.9286	1.18618	0	0	0.106369	-0.419607	0.49119	1.86673	0.764949	0	0
0.249778	-0.0877996	0.066223	-2.91104	-0.207429	1.01722	-0.0293007	-0.108433	0.0646881	-0.581217	0.0528912	0.0244425	0	0	0.0851425	-0.296418	0.139656	0.169976	-0.0275386	0	0	-0.428265	0.273626	-0.111062	-0.00414606	-0.713572	0.676076	1.92919	1.18872	0	0	0.10772	-0.420054	0.4932	1.86508	0.765181	0	0
0.259769	-0.0882101	0.0683518	-2.91193	-0.207777	1.01692	-0.02738	-0.108802	0.0645065	-0.580798	0.053906	0.0246127	0	0	0.0820026	-0.297351	0.133431	0.167204	-0.0268959	0	0	-0.42455	0.275079	-0.112457	2.07977e-05	-0.7148	0.685284	1.92957	1.19123	0	0	0.109272	-0.420485	0.495338	1.86337	0.765339	0	0
0.26976	-0.0885756	0.0704946	-2.9127	-0.208167	1.01661	-0.0253278	-0.10916	0.0641776	-0.580531	0.0550333	0.0248577	0	0	0.0787669	-0.298064	0.127685	0.164267	-0.0250878	0	0	-0.420522	0.276472	-0.114035	0.00376484	-0.716073	0.693555	1.92974	1.19367	0	0	0.111043	-0.420893	0.497637	1.86162	0.765301	0	0
0.279751	-0.0888932	0.0726168	-2.91343	-0.208595	1.01628	-0.0231523	-0.109507	0.0636668	-0.580336	0.0562596	0.0251777	0	0	0.075386	-0.298537	0.122429	0.161123	-0.022271	0	0	-0.416224	0.27775	-0.115719	0.00711375	-0.717402	0.700872	1.92967	1.19597	0	0	0.113036	-0.42128	0.500105	1.85989	0.765003	0	0
0.289742	-0.0891589	0.0746791	-2.91418	-0.209061	1.01594	-0.0208629	-0.109842	0.0629361	-0.580138	0.0575672	0.0255761	0	0	0.0718288	-0.298743	0.11761	0.157752	-0.0186602	0	0	-0.411703	0.278852	-0.117447	0.0101193	-0.718783	0.707252	1.92933	1.19805	0	0	0.115247	-0.421654	0.502736	1.85819	0.764415	0	0
0.299734	-0.08937	0.076641	-2.91501	-0.209559	1.01561	-0.0184696	-0.110167	0.0619477	-0.579874	0.0589409	0.0260487	0	0	0.0680817	-0.29866	0.113137	0.154158	-0.0144976	0	0	-0.407002	0.279715	-0.119168	0.0128495	-0.720202	0.712743	1.92869	1.19981	0	0	0.117671	-0.422029	0.505517	1.85657	0.763533	0	0
0.309725	-0.0895288	0.0784668	-2.91598	-0.210087	1.01528	-0.0159828	-0.110482	0.0606703	-0.579497	0.0603763	0.0265659	0	0	0.0641445	-0.298267	0.108905	0.150367	-0.0100263	0	0	-0.40217	0.280288	-0.120841	0.0153871	-0.721634	0.717428	1.92774	1.20115	0	0	0.120299	-0.422421	0.508429	1.85506	0.762363	0	0
0.319716	-0.0896383	0.0801212	-2.91712	-0.210641	1.01496	-0.0134131	-0.110792	0.059075	-0.578971	0.0618707	0.0270877	0	0	0.0600293	-0.297547	0.104824	0.146418	-0.00547361	0	0	-0.397254	0.280521	-0.122434	0.0178223	-0.723049	0.721421	1.92644	1.202	0	0	0.123123	-0.42285	0.511447	1.85366	0.760922	0	0
0.329707	-0.089699	0.0815675	-2.91847	-0.211219	1.01466	-0.0107709	-0.111098	0.0571321	-0.578272	0.063418	0.0275761	0	0	0.0557617	-0.296481	0.100818	0.142365	-0.00103639	0	0	-0.392293	0.280368	-0.123928	0.0202449	-0.724407	0.72485	1.92478	1.20231	0	0	0.126127	-0.423336	0.514542	1.85238	0.75924	0	0
0.339698	-0.0897073	0.0827687	-2.92004	-0.211816	1.01439	-0.00806631	-0.111397	0.0548121	-0.577387	0.0650085	0.0279988	0	0	0.0513793	-0.295051	0.0968322	0.138273	0.00313589	0	0	-0.387317	0.279784	-0.125315	0.0227377	-0.725658	0.727856	1.92277	1.20207	0	0	0.129293	-0.423906	0.517686	1.85124	0.757355	0	0
0.349689	-0.0896558	0.0836917	-2.92185	-0.21243	1.01414	-0.00530888	-0.111684	0.0520901	-0.576312	0.0666295	0.0283267	0	0	0.0469308	-0.293237	0.0928327	0.134212	0.00695281	0	0	-0.382345	0.278732	-0.126593	0.0253682	-0.726754	0.730571	1.9204	1.2013	0	0	0.132603	-0.424584	0.52086	1.85024	0.755301	0	0
0.35968	-0.089532	0.0843096	-2.9239	-0.213057	1.01392	-0.00250757	-0.111947	0.0489479	-0.575049	0.0682667	0.0285356	0	0	0.0424759	-0.291025	0.088803	0.130261	0.0103799	0	0	-0.377381	0.277182	-0.127771	0.0281951	-0.727644	0.733125	1.91771	1.20006	0	0	0.136032	-0.425399	0.524047	1.84938	0.753134	0	0
0.369671	-0.0893203	0.0846053	-2.92618	-0.213693	1.01374	0.000329255	-0.112168	0.0453774	-0.573612	0.0699063	0.0286045	0	0	0.0380846	-0.288402	0.0847459	0.126505	0.013424	0	0	-0.372419	0.275121	-0.128865	0.0312562	-0.728281	0.735626	1.91469	1.19846	0	0	0.139554	-0.426376	0.527229	1.84868	0.750907	0	0
0.379663	-0.0890047	0.0845735	-2.92867	-0.214337	1.01359	0.00319388	-0.112327	0.0413825	-0.572018	0.0715373	0.0285168	0	0	0.0338342	-0.285367	0.0806817	0.123027	0.0161213	0	0	-0.367444	0.272553	-0.129894	0.0345648	-0.728633	0.738154	1.91141	1.19661	0	0	0.143141	-0.427535	0.530392	1.84813	0.748668	0	0
0.389654	-0.0885716	0.0842209	-2.93135	-0.214985	1.01347	0.00607908	-0.112402	0.036978	-0.570298	0.0731561	0.0282628	0	0	0.029802	-0.281927	0.0766406	0.119913	0.0185262	0	0	-0.362439	0.269501	-0.130873	0.0381102	-0.728682	0.740762	1.9079	1.19462	0	0	0.146769	-0.428891	0.533524	1.84775	0.746453	0	0
0.399645	-0.0880105	0.0835642	-2.93419	-0.215636	1.01338	0.00897806	-0.112367	0.0321879	-0.568488	0.0747699	0.0278432	0	0	0.0260587	-0.278101	0.0726541	0.117233	0.0207031	0	0	-0.357387	0.266005	-0.131809	0.0418602	-0.72842	0.743472	1.90422	1.19259	0	0	0.150418	-0.430448	0.53662	1.84754	0.744294	0	0
0.409636	-0.0873139	0.0826304	-2.93715	-0.216287	1.01333	0.0118843	-0.112198	0.027046	-0.566624	0.0763896	0.027264	0	0	0.0226597	-0.273917	0.0687452	0.115039	0.0227172	0	0	-0.352275	0.262113	-0.1327	0.0457656	-0.727847	0.746284	1.90045	1.19059	0	0	0.154071	-0.432205	0.539683	1.84751	0.74221	0	0
0.419627	-0.0864776	0.0814557	-2.94023	-0.216938	1.01329	0.0147914	-0.111872	0.0215967	-0.56473	0.0780274	0.0265344	0	0	0.0196396	-0.269415	0.0649249	0.113352	0.0246286	0	0	-0.347093	0.257884	-0.133525	0.0497583	-0.726974	0.749176	1.89663	1.18868	0	0	0.157724	-0.434151	0.542724	1.84765	0.740201	0	0
0.429618	-0.0854985	0.0800814	-2.94341	-0.217589	1.01328	0.017693	-0.111363	0.0158881	-0.562818	0.0796992	0.0256715	0	0	0.0170111	-0.264641	0.0611858	0.11216	0.0264878	0	0	-0.341838	0.253381	-0.134251	0.0537702	-0.725819	0.752133	1.89283	1.18686	0	0	0.161368	-0.436271	0.545747	1.84794	0.738286	0	0
0.439609	-0.0843767	0.0785554	-2.94669	-0.218237	1.01328	0.0205826	-0.110654	0.00997642	-0.560886	0.0814165	0.0246952	0	0	0.0147647	-0.259651	0.0575075	0.111422	0.0283345	0	0	-0.33651	0.248673	-0.134831	0.0577345	-0.724413	0.755145	1.88909	1.18513	0	0	0.165005	-0.43854	0.548763	1.84838	0.736497	0	0
0.4496	-0.0831163	0.0769312	-2.95007	-0.218885	1.01329	0.0234534	-0.109732	0.00392679	-0.558914	0.08318	0.0236261	0	0	0.0128698	-0.254509	0.0538595	0.111072	0.0301969	0	0	-0.331118	0.243835	-0.135206	0.0615852	-0.722798	0.758213	1.88546	1.18343	0	0	0.16864	-0.440921	0.551785	1.84894	0.734871	0	0
0.459591	-0.081724	0.0752681	-2.95356	-0.219532	1.01331	0.0262985	-0.108594	-0.00218739	-0.556876	0.0849809	0.0224792	0	0	0.0112781	-0.249287	0.050205	0.111019	0.0320908	0	0	-0.325672	0.238943	-0.135305	0.0652593	-0.72102	0.761346	1.88198	1.1817	0	0	0.17228	-0.44337	0.554834	1.84959	0.733458	0	0
0.469583	-0.0802092	0.0736287	-2.95719	-0.22018	1.01333	0.0291106	-0.10724	-0.00828598	-0.554746	0.0868017	0.0212619	0	0	0.00992948	-0.244063	0.0465034	0.111159	0.0340227	0	0	-0.32019	0.234078	-0.135055	0.0687014	-0.719129	0.764564	1.87869	1.17991	0	0	0.175937	-0.445839	0.557934	1.85027	0.73231	0	0
0.479574	-0.0785863	0.0720748	-2.96098	-0.220829	1.01334	0.031882	-0.105682	-0.0142846	-0.552502	0.0886123	0.0199717	0	0	0.00875725	-0.238917	0.0427143	0.111388	0.0359936	0	0	-0.314689	0.229313	-0.134391	0.0718675	-0.717169	0.767896	1.8756	1.17804	0	0	0.179621	-0.448284	0.561113	1.85095	0.731466	0	0
0.489565	-0.0768767	0.0706638	-2.96494	-0.221481	1.01335	0.034605	-0.103949	-0.0200963	-0.550121	0.090365	0.0185927	0	0	0.00769249	-0.233927	0.0388025	0.111612	0.038001	0	0	-0.309194	0.22472	-0.13326	0.0747255	-0.715179	0.771369	1.87273	1.17615	0	0	0.183342	-0.450665	0.564396	1.85158	0.730937	0	0
0.499556	-0.0751081	0.069445	-2.96909	-0.222136	1.01335	0.0372716	-0.102086	-0.0256353	-0.547586	0.0919942	0.0170978	0	0	0.00667043	-0.229163	0.0347415	0.111752	0.0400381	0	0	-0.303736	0.220356	-0.131631	0.0772552	-0.713187	0.774998	1.87006	1.17433	0	0	0.187108	-0.452951	0.567803	1.85212	0.730706	0	0
0.509547	-0.0733057	0.0684491	-2.97343	-0.222795	1.01335	0.0398739	-0.100141	-0.0308351	-0.544895	0.0934374	0.0154661	0	0	0.005642	-0.224676	0.0305121	0.11176	0.0420888	0	0	-0.298343	0.216259	-0.129506	0.0794659	-0.711211	0.778806	1.8676	1.17277	0	0	0.190903	-0.45512	0.571327	1.85254	0.730802	0	0
0.519538	-0.0714923	0.0676861	-2.97794	-0.223457	1.01333	0.042404	-0.0981574	-0.0356545	-0.542063	0.0946454	0.0136887	0	0	0.00457364	-0.220494	0.0261109	0.111612	0.0441315	0	0	-0.293042	0.21244	-0.126922	0.0813939	-0.70926	0.782818	1.86534	1.17164	0	0	0.194697	-0.45716	0.574938	1.85282	0.731273	0	0
0.529529	-0.0696898	0.0671465	-2.98262	-0.224123	1.0133	0.0448541	-0.0961803	-0.0400777	-0.539112	0.0955837	0.0117687	0	0	0.00344307	-0.216623	0.0215523	0.111306	0.0461432	0	0	-0.287856	0.208889	-0.123945	0.083098	-0.707332	0.787062	1.86325	1.17112	0	0	0.198451	-0.459075	0.578594	1.85294	0.732163	0	0
0.53952	-0.06792	0.0668049	-2.98744	-0.224791	1.01326	0.047217	-0.0942509	-0.0441104	-0.536064	0.0962333	0.00972246	0	0	0.00223635	-0.213053	0.0168654	0.110854	0.0481069	0	0	-0.282809	0.205575	-0.120666	0.0846498	-0.705417	0.791556	1.86134	1.17128	0	0	0.20212	-0.460878	0.582241	1.85291	0.733509	0	0
0.549512	-0.0662071	0.0666256	-2.99237	-0.225459	1.01321	0.0494858	-0.0924116	-0.0477736	-0.532949	0.096589	0.00757593	0	0	0.000944994	-0.209761	0.0120975	0.110277	0.0500126	0	0	-0.277926	0.20246	-0.117196	0.0861286	-0.703497	0.796314	1.85958	1.17208	0	0	0.205655	-0.462592	0.585819	1.85274	0.735329	0	0
0.559503	-0.0645785	0.0665678	-2.99734	-0.226125	1.01316	0.0516542	-0.0907068	-0.0510977	-0.529813	0.0966577	0.00535941	0	0	-0.000435319	-0.206717	0.0073114	0.109603	0.0518558	0	0	-0.273234	0.1995	-0.113664	0.0876172	-0.701549	0.801358	1.85798	1.17334	0	0	0.209008	-0.464246	0.589263	1.85245	0.737621	0	0
0.569494	-0.063063	0.0665888	-3.00231	-0.226786	1.01309	0.0537161	-0.0891809	-0.0541177	-0.526707	0.0964542	0.0031043	0	0	-0.00190669	-0.203886	0.00258072	0.10886	0.0536359	0	0	-0.268758	0.196654	-0.110203	0.0891968	-0.699552	0.806715	1.85649	1.17485	0	0	0.212135	-0.465872	0.592514	1.85206	0.740347	0	0
0.579485	-0.0616826	0.0666445	-3.00721	-0.227439	1.01302	0.0556663	-0.0878639	-0.056877	-0.523667	0.0960085	0.000849236	0	0	-0.00346633	-0.201232	-0.00203917	0.10808	0.0553572	0	0	-0.26452	0.193874	-0.106923	0.0909243	-0.697484	0.812397	1.85508	1.17638	0	0	0.215003	-0.467498	0.595518	1.85162	0.743516	0	0
0.589476	-0.0604528	0.0666907	-3.01201	-0.22808	1.01294	0.0575	-0.0867719	-0.059425	-0.520713	0.0953634	-0.00135331	0	0	-0.00510849	-0.198716	-0.00650777	0.107289	0.057028	0	0	-0.260538	0.191107	-0.10391	0.0928302	-0.695324	0.818387	1.8537	1.17773	0	0	0.217592	-0.469149	0.598235	1.85115	0.747136	0	0
0.599467	-0.0593835	0.0666847	-3.01668	-0.228707	1.01285	0.0592126	-0.0859088	-0.0618145	-0.51785	0.0945715	-0.00343725	0	0	-0.00682484	-0.196301	-0.0108016	0.106514	0.0586594	0	0	-0.256827	0.188304	-0.101223	0.0949147	-0.69306	0.824631	1.85231	1.17872	0	0	0.219894	-0.470845	0.600649	1.8507	0.751194	0	0
0.609458	-0.0584817	0.0665903	-3.02121	-0.229317	1.01275	0.0608003	-0.0852713	-0.0640955	-0.515069	0.0936885	-0.0053339	0	0	-0.00860761	-0.193953	-0.0149154	0.10578	0.0602645	0	0	-0.253399	0.18542	-0.0988901	0.0971467	-0.690684	0.83103	1.85089	1.17922	0	0	0.221915	-0.4726	0.602762	1.85028	0.755643	0	0
0.619449	-0.0577536	0.0663809	-3.02559	-0.229905	1.01265	0.0622596	-0.0848518	-0.06631	-0.51234	0.092769	-0.00698175	0	0	-0.0104505	-0.191648	-0.0188559	0.105113	0.0618555	0	0	-0.25027	0.182421	-0.0969136	0.0994665	-0.688204	0.837434	1.8494	1.17912	0	0	0.223674	-0.474416	0.6046	1.84993	0.760386	0	0
0.62944	-0.0572009	0.0660394	-3.02984	-0.23047	1.01253	0.0635875	-0.0846347	-0.0684931	-0.509619	0.0918643	-0.00833147	0	0	-0.0123451	-0.18937	-0.0226409	0.104534	0.063443	0	0	-0.247449	0.179282	-0.0952726	0.101796	-0.685635	0.843657	1.84783	1.17842	0	0	0.225204	-0.476288	0.606203	1.84966	0.76529	0	0
0.639432	-0.0568223	0.0655594	-3.03396	-0.23101	1.01241	0.0647816	-0.0845989	-0.0706699	-0.50686	0.0910208	-0.00934673	0	0	-0.0142809	-0.187114	-0.0262914	0.10407	0.0650365	0	0	-0.24494	0.175994	-0.0939305	0.104043	-0.683007	0.849474	1.84616	1.1772	0	0	0.226544	-0.4782	0.607625	1.84946	0.770174	0	0
0.649423	-0.0566157	0.0649464	-3.03797	-0.231523	1.01227	0.0658398	-0.0847234	-0.0728522	-0.50402	0.0902766	-0.0100065	0	0	-0.0162488	-0.184889	-0.0298292	0.103743	0.0666458	0	0	-0.242745	0.17256	-0.0928387	0.106099	-0.680355	0.854632	1.84438	1.17564	0	0	0.227738	-0.480125	0.608936	1.84931	0.774806	0	0
0.659414	-0.0565795	0.0642157	-3.04189	-0.232008	1.01213	0.0667605	-0.0849907	-0.075039	-0.501062	0.0896584	-0.010307	0	0	-0.0182432	-0.182712	-0.0332869	0.103576	0.0682846	0	0	-0.240857	0.168998	-0.0919587	0.107885	-0.677717	0.858913	1.84247	1.17399	0	0	0.228809	-0.482034	0.610175	1.8492	0.779065	0	0
0.669405	-0.0567097	0.0633923	-3.04575	-0.232465	1.01197	0.0675424	-0.0853837	-0.0772161	-0.497962	0.0891827	-0.0102614	0	0	-0.0202571	-0.180612	-0.0367047	0.10359	0.0699694	0	0	-0.239263	0.165336	-0.0912568	0.109349	-0.675129	0.862139	1.84044	1.17251	0	0	0.229763	-0.483896	0.611368	1.84909	0.782888	0	0
0.679396	-0.0569954	0.0625073	-3.04957	-0.232896	1.01181	0.068185	-0.085879	-0.0793605	-0.494704	0.0888581	-0.0098959	0	0	-0.022275	-0.17862	-0.0401303	0.103813	0.0717188	0	0	-0.237937	0.161608	-0.0907028	0.110462	-0.672621	0.864184	1.83829	1.17141	0	0	0.230593	-0.48568	0.612527	1.84895	0.786256	0	0
0.689387	-0.0574149	0.0615947	-3.05338	-0.233303	1.01164	0.0686879	-0.0864429	-0.0814446	-0.491284	0.0886874	-0.00924699	0	0	-0.0242685	-0.176773	-0.043617	0.104276	0.073551	0	0	-0.236841	0.157851	-0.0902676	0.111219	-0.670215	0.864983	1.83606	1.17083	0	0	0.231283	-0.487355	0.613661	1.84875	0.789172	0	0
0.699378	-0.0579367	0.0606887	-3.05723	-0.233688	1.01146	0.0690516	-0.0870308	-0.0834391	-0.487699	0.0886693	-0.00835797	0	0	-0.0261983	-0.175102	-0.0472191	0.105016	0.0754814	0	0	-0.235925	0.1541	-0.0899244	0.111636	-0.667928	0.86454	1.83376	1.17081	0	0	0.231811	-0.488894	0.614771	1.84846	0.791654	0	0
0.709369	-0.0585213	0.0598224	-3.06114	-0.234056	1.01127	0.0692772	-0.0875919	-0.0853139	-0.483952	0.0887994	-0.00727598	0	0	-0.028019	-0.173638	-0.0509873	0.106061	0.0775207	0	0	-0.235129	0.150386	-0.0896527	0.111753	-0.665768	0.862929	1.83142	1.17134	0	0	0.232148	-0.490276	0.615855	1.84804	0.793727	0	0
0.719361	-0.0591255	0.0590291	-3.06515	-0.234411	1.01109	0.0693669	-0.0880752	-0.0870362	-0.480054	0.0890695	-0.0060488	0	0	-0.029685	-0.172414	-0.054959	0.107436	0.0796732	0	0	-0.234383	0.14674	-0.0894421	0.111618	-0.663735	0.860278	1.82909	1.17235	0	0	0.23226	-0.491482	0.61691	1.84748	0.795408	0	0
0.729352	-0.0597069	0.0583389	-3.06927	-0.234758	1.01089	0.0693244	-0.0884335	-0.0885736	-0.476013	0.0894694	-0.00472056	0	0	-0.0311558	-0.171457	-0.0591643	0.109151	0.0819388	0	0	-0.23362	0.14319	-0.0892985	0.111298	-0.661818	0.856749	1.82678	1.17377	0	0	0.232102	-0.492504	0.617912	1.84676	0.796778	0	0
0.739343	-0.0602238	0.0577811	-3.07352	-0.235106	1.0107	0.0691546	-0.0886218	-0.0898943	-0.471841	0.0899923	-0.00333041	0	0	-0.0323915	-0.170796	-0.0636153	0.111214	0.0843128	0	0	-0.232771	0.139765	-0.0892403	0.110859	-0.660004	0.852519	1.82452	1.17554	0	0	0.231629	-0.493335	0.618834	1.84588	0.797948	0	0
0.749334	-0.0606364	0.0573812	-3.07789	-0.235462	1.0105	0.0688648	-0.088596	-0.0909714	-0.467559	0.09064	-0.00190753	0	0	-0.0333529	-0.170455	-0.0683082	0.113629	0.0867878	0	0	-0.231773	0.136494	-0.089293	0.110361	-0.658275	0.847761	1.82234	1.17758	0	0	0.230804	-0.493973	0.619647	1.84484	0.799035	0	0
0.759325	-0.0609084	0.0571579	-3.08239	-0.235835	1.01031	0.0684645	-0.0883133	-0.0917876	-0.463191	0.091426	-0.00046731	0	0	-0.0340051	-0.17045	-0.0732273	0.116394	0.0893539	0	0	-0.230571	0.133403	-0.0894823	0.109854	-0.656615	0.84263	1.82026	1.17985	0	0	0.229603	-0.494415	0.620334	1.84367	0.800144	0	0
0.769316	-0.0610118	0.0571232	-3.08699	-0.236236	1.01011	0.0679657	-0.0877369	-0.0923342	-0.458763	0.0923731	0.000986909	0	0	-0.034324	-0.170791	-0.0783503	0.119502	0.0919987	0	0	-0.229122	0.130514	-0.0898278	0.109373	-0.655009	0.83726	1.81833	1.18229	0	0	0.228022	-0.494663	0.620885	1.84237	0.801358	0	0
0.779307	-0.0609299	0.0572838	-3.09171	-0.236677	1.0099	0.0673829	-0.08684	-0.0926105	-0.454295	0.0935108	0.00246164	0	0	-0.0343009	-0.17148	-0.0836528	0.12294	0.094707	0	0	-0.227404	0.127847	-0.0903373	0.108939	-0.653454	0.83175	1.81659	1.18489	0	0	0.226075	-0.494717	0.621307	1.84097	0.802728	0	0
0.789298	-0.0606573	0.0576412	-3.09653	-0.237172	1.00969	0.0667335	-0.0856053	-0.0926229	-0.449798	0.0948741	0.00397138	0	0	-0.0339431	-0.172515	-0.0891122	0.126687	0.0974619	0	0	-0.22541	0.125419	-0.0910021	0.108558	-0.651953	0.826166	1.81509	1.18761	0	0	0.223801	-0.494577	0.621623	1.83948	0.804267	0	0
0.79929	-0.0601981	0.0581924	-3.10146	-0.237734	1.00947	0.0660366	-0.0840215	-0.0923832	-0.445274	0.0965017	0.00553594	0	0	-0.0332703	-0.173885	-0.0947108	0.130719	0.100245	0	0	-0.223154	0.123243	-0.0917957	0.108221	-0.650518	0.820538	1.8139	1.1904	0	0	0.221265	-0.494247	0.621875	1.83791	0.805943	0	0
0.809281	-0.0595585	0.0589283	-3.10653	-0.238376	1.00923	0.0653129	-0.0820748	-0.09191	-0.440703	0.0984363	0.007181	0	0	-0.0323061	-0.17558	-0.100455	0.135015	0.103045	0	0	-0.22066	0.121322	-0.0926905	0.107932	-0.649161	0.814894	1.81306	1.19329	0	0	0.218529	-0.493737	0.622089	1.83631	0.807776	0	0
0.819272	-0.0587505	0.0598343	-3.11174	-0.239112	1.00897	0.0645826	-0.0797538	-0.0912276	-0.436059	0.100724	0.00893762	0	0	-0.0310823	-0.17758	-0.10636	0.139552	0.105856	0	0	-0.217958	0.119651	-0.0936565	0.107696	-0.647896	0.809241	1.81261	1.19636	0	0	0.215661	-0.49306	0.622286	1.8347	0.809815	0	0
0.829263	-0.0577895	0.0608932	-3.11714	-0.239948	1.00869	0.0638633	-0.0770487	-0.0903629	-0.43131	0.103416	0.0108423	0	0	-0.0296376	-0.179867	-0.112446	0.144306	0.108672	0	0	-0.215088	0.118219	-0.0946608	0.107508	-0.646735	0.803552	1.81256	1.19969	0	0	0.212738	-0.492233	0.622491	1.83312	0.812118	0	0
0.839254	-0.0566931	0.0620875	-3.12275	-0.240887	1.00837	0.0631668	-0.0739489	-0.0893433	-0.426425	0.106568	0.0129332	0	0	-0.0280138	-0.182424	-0.118732	0.149251	0.111499	0	0	-0.21209	0.11701	-0.0956696	0.107351	-0.64569	0.797762	1.81294	1.2034	0	0	0.209843	-0.491275	0.62274	1.83159	0.814738	0	0
0.849245	-0.0554781	0.0634001	-3.1286	-0.241917	1.00803	0.0624946	-0.0704424	-0.0881944	-0.421374	0.110236	0.0152452	0	0	-0.0262517	-0.185234	-0.125233	0.154366	0.114344	0	0	-0.209007	0.116005	-0.0966496	0.107194	-0.644775	0.791765	1.81376	1.20764	0	0	0.207072	-0.490203	0.623078	1.83013	0.817715	0	0
0.859236	-0.0541536	0.0648152	-3.13473	-0.243012	1.00765	0.0618325	-0.0665078	-0.0869409	-0.416122	0.114476	0.01781	0	0	-0.0243806	-0.188287	-0.131964	0.15964	0.117224	0	0	-0.205869	0.115185	-0.0975726	0.106999	-0.644	0.785426	1.81502	1.21258	0	0	0.204519	-0.489034	0.623557	1.82876	0.821061	0	0
0.869227	-0.0527184	0.0663168	-3.14117	-0.244123	1.00724	0.061143	-0.0621129	-0.0856058	-0.410633	0.119345	0.0206549	0	0	-0.0224113	-0.191571	-0.138939	0.165075	0.120157	0	0	-0.202696	0.114526	-0.0984184	0.106722	-0.643374	0.778588	1.81674	1.21845	0	0	0.202275	-0.487783	0.624234	1.82749	0.824758	0	0
0.879218	-0.0511546	0.0678877	-3.14796	-0.24517	1.00682	0.0603582	-0.0572081	-0.0842125	-0.404864	0.124892	0.0238046	0	0	-0.0203246	-0.195078	-0.146178	0.170703	0.123168	0	0	-0.199486	0.114004	-0.099191	0.106335	-0.642901	0.771107	1.81893	1.22557	0	0	0.200403	-0.486472	0.625133	1.82631	0.82885	0	0
0.88921	-0.0494382	0.0695095	-3.15512	-0.246036	1.00639	0.0593702	-0.0517444	-0.0827833	-0.398788	0.131159	0.0272753	0	0	-0.0180838	-0.198799	-0.153684	0.176572	0.126278	0	0	-0.196225	0.113594	-0.0999139	0.105813	-0.642583	0.762846	1.82159	1.23426	0	0	0.198954	-0.485118	0.626266	1.82525	0.833398	0	0
0.899201	-0.0475421	0.0711642	-3.16267	-0.246561	1.006	0.0580226	-0.0456759	-0.0813369	-0.392386	0.138173	0.031074	0	0	-0.0156366	-0.202728	-0.161444	0.182754	0.129517	0	0	-0.19289	0.113269	-0.100628	0.105134	-0.642421	0.753682	1.82473	1.24484	0	0	0.197963	-0.483739	0.627636	1.8243	0.838446	0	0
0.909192	-0.0454382	0.072836	-3.17063	-0.24653	1.00569	0.056103	-0.0389629	-0.0798862	-0.38565	0.145949	0.0351964	0	0	-0.0129168	-0.206862	-0.169435	0.18934	0.132924	0	0	-0.189458	0.11301	-0.101384	0.10428	-0.642417	0.743513	1.82836	1.25756	0	0	0.197464	-0.482347	0.629241	1.82346	0.84401	0	0
0.919183	-0.0430983	0.0745093	-3.17901	-0.246445	1.00533	0.0540873	-0.0315743	-0.0784382	-0.378588	0.154482	0.0396292	0	0	-0.00984588	-0.2112	-0.177621	0.196437	0.136545	0	0	-0.185903	0.112795	-0.102246	0.103237	-0.64257	0.732267	1.83249	1.27254	0	0	0.197487	-0.480951	0.631072	1.82274	0.850074	0	0
0.929174	-0.0404985	0.0761701	-3.18779	-0.246301	1.00494	0.0519817	-0.023495	-0.0769915	-0.371213	0.163741	0.0443485	0	0	-0.00633996	-0.215743	-0.185955	0.20416	0.140432	0	0	-0.182205	0.112608	-0.103279	0.101999	-0.642876	0.719907	1.83713	1.28976	0	0	0.198066	-0.479561	0.633126	1.82213	0.856592	0	0
0.939165	-0.0376257	0.0778078	-3.19699	-0.246095	1.0045	0.0497941	-0.0147368	-0.0755349	-0.363552	0.173664	0.0493213	0	0	-0.00232208	-0.220493	-0.194374	0.21263	0.144637	0	0	-0.178355	0.11244	-0.104558	0.100572	-0.643333	0.706439	1.84227	1.30899	0	0	0.199239	-0.478184	0.6354	1.82162	0.863481	0	0
0.949156	-0.0344861	0.0794155	-3.20657	-0.245823	1.00401	0.0475345	-0.00534939	-0.0740497	-0.355642	0.184158	0.054507	0	0	0.00226236	-0.22545	-0.202797	0.221955	0.149204	0	0	-0.174366	0.112288	-0.106159	0.0989691	-0.643939	0.691918	1.8479	1.32984	0	0	0.201045	-0.476827	0.637892	1.82122	0.870625	0	0
0.959147	-0.0311051	0.0809891	-3.21653	-0.245486	1.00346	0.045215	0.00458587	-0.0725152	-0.347516	0.195112	0.05986	0	0	0.00743838	-0.23061	-0.21113	0.232226	0.154167	0	0	-0.170268	0.112155	-0.108165	0.0972137	-0.644695	0.676436	1.85398	1.35184	0	0	0.203519	-0.47549	0.640588	1.82093	0.878014	0	0
0.969139	-0.0275357	0.0825282	-3.22682	-0.245083	1.00286	0.0428504	0.0149497	-0.0709134	-0.339214	0.206406	0.0653264	0	0	0.0131819	-0.235959	-0.219262	0.243496	0.159542	0	0	-0.166123	0.112052	-0.110651	0.0953263	-0.645607	0.660113	1.86047	1.37442	0	0	0.206703	-0.474167	0.643473	1.82075	0.885659	0	0
0.97913	-0.023852	0.0840381	-3.23741	-0.244616	1.00221	0.0404575	0.0255993	-0.0692291	-0.330783	0.217923	0.0708504	0	0	0.0194213	-0.241478	-0.227084	0.255771	0.165327	0	0	-0.162016	0.111996	-0.11368	0.0933241	-0.64669	0.643091	1.86731	1.39689	0	0	0.210644	-0.472843	0.646539	1.82069	0.893543	0	0
0.989121	-0.0201431	0.0855337	-3.24829	-0.244089	1.00152	0.0380543	0.0363778	-0.0674466	-0.32227	0.229554	0.0763783	0	0	0.026039	-0.247142	-0.234508	0.269001	0.1715	0	0	-0.158053	0.112015	-0.117293	0.0912159	-0.647968	0.625511	1.87446	1.4185	0	0	0.215396	-0.4715	0.649783	1.82073	0.901606	0	0
0.999112	-0.0165	0.0870357	-3.25944	-0.243506	1.00078	0.0356587	0.0471323	-0.0655528	-0.313717	0.241201	0.081865	0	0	0.0328835	-0.252925	-0.241474	0.283087	0.178024	0	0	-0.154345	0.11214	-0.121509	0.0889988	-0.649465	0.6075	1.88187	1.43863	0	0	0.221007	-0.470117	0.653199	1.82088	0.909815	0	0
1.0091	-0.0130093	0.0885663	-3.27085	-0.242872	1.00001	0.0332884	0.0577238	-0.0635398	-0.305145	0.252785	0.0872748	0	0	0.0397758	-0.258791	-0.247957	0.297879	0.184846	0	0	-0.150998	0.112406	-0.126325	0.0866555	-0.651212	0.589158	1.88948	1.45688	0	0	0.227519	-0.468673	0.656773	1.82114	0.918156	0	0
1.01909	-0.0097485	0.0901476	-3.28255	-0.242193	0.999215	0.0309602	0.0680306	-0.0614043	-0.296552	0.264239	0.0925778	0	0	0.0465184	-0.264695	-0.253973	0.313186	0.191912	0	0	-0.148108	0.112843	-0.131708	0.0841419	-0.653244	0.57054	1.89727	1.47293	0	0	0.234977	-0.467149	0.660506	1.8215	0.92655	0	0
1.02909	-0.00677453	0.0917949	-3.29458	-0.241474	0.998395	0.0286905	0.0779631	-0.0591531	-0.28791	0.275515	0.0977521	0	0	0.0529155	-0.270582	-0.259574	0.328788	0.199162	0	0	-0.145745	0.113478	-0.137611	0.0813904	-0.655596	0.551645	1.90521	1.48668	0	0	0.243411	-0.465525	0.664391	1.82194	0.934988	0	0
1.03908	-0.00411755	0.0935121	-3.30697	-0.240724	0.997559	0.0264945	0.0874709	-0.0568054	-0.279173	0.286582	0.102784	0	0	0.0587898	-0.276384	-0.264846	0.344448	0.206536	0	0	-0.14394	0.114326	-0.143981	0.0783188	-0.6583	0.532419	1.91326	1.49818	0	0	0.252837	-0.463787	0.668416	1.82246	0.943472	0	0
1.04907	-0.00178289	0.0952951	-3.31978	-0.23995	0.996708	0.0243871	0.0965371	-0.0543865	-0.270283	0.297422	0.107664	0	0	0.0639904	-0.282026	-0.269901	0.359929	0.213979	0	0	-0.142694	0.115396	-0.150748	0.0748078	-0.661379	0.512736	1.9214	1.5076	0	0	0.263275	-0.461927	0.672594	1.82305	0.951929	0	0
1.05906	0.00024879	0.0971305	-3.33304	-0.239159	0.995845	0.0223821	0.105176	-0.0519278	-0.261184	0.308023	0.112383	0	0	0.0684067	-0.287434	-0.274869	0.375014	0.221444	0	0	-0.141972	0.116688	-0.157857	0.0707334	-0.664838	0.492441	1.92959	1.51522	0	0	0.274728	-0.459945	0.676924	1.8237	0.96031	0	0
1.06905	0.00201468	0.0989974	-3.34678	-0.238358	0.99497	0.0204917	0.113423	-0.0494617	-0.251823	0.318374	0.116932	0	0	0.0719699	-0.292542	-0.279895	0.389521	0.228895	0	0	-0.141718	0.118194	-0.165276	0.0659866	-0.668659	0.471378	1.93778	1.52144	0	0	0.287177	-0.457863	0.681382	1.8244	0.968606	0	0
1.07904	0.00355956	0.100872	-3.36101	-0.237552	0.994083	0.0187268	0.121318	-0.0470168	-0.242159	0.328454	0.121298	0	0	0.0746455	-0.297295	-0.28512	0.403305	0.236307	0	0	-0.141865	0.119901	-0.173001	0.0604791	-0.672802	0.449394	1.94594	1.52667	0	0	0.300585	-0.455725	0.685927	1.8252	0.976838	0	0
1.08903	0.00492999	0.10273	-3.37574	-0.236747	0.993186	0.0170968	0.128896	-0.0446121	-0.232161	0.338226	0.125462	0	0	0.0764303	-0.301653	-0.290682	0.416254	0.243661	0	0	-0.142344	0.121796	-0.181057	0.0541507	-0.677201	0.426366	1.954	1.5313	0	0	0.314904	-0.453604	0.690511	1.82612	0.985034	0	0
1.09902	0.00617051	0.104551	-3.39094	-0.235946	0.992281	0.015609	0.136185	-0.0422537	-0.221807	0.347638	0.129397	0	0	0.0773509	-0.305597	-0.296698	0.428299	0.250941	0	0	-0.143092	0.123861	-0.189484	0.046955	-0.681768	0.402178	1.96189	1.53567	0	0	0.33009	-0.451594	0.695107	1.82724	0.993214	0	0
1.10901	0.00732015	0.106317	-3.40657	-0.235152	0.991371	0.0142694	0.143202	-0.0399348	-0.211088	0.356621	0.133069	0	0	0.0774625	-0.309122	-0.303258	0.439409	0.258132	0	0	-0.144051	0.126079	-0.198308	0.0388223	-0.686389	0.376697	1.96956	1.53995	0	0	0.346138	-0.4498	0.699744	1.82864	1.00136	0	0
1.11901	0.0084143	0.108007	-3.42257	-0.234365	0.990459	0.0130814	0.14997	-0.037641	-0.19999	0.365108	0.136441	0	0	0.0768473	-0.312237	-0.310435	0.449594	0.265217	0	0	-0.14517	0.128422	-0.207547	0.029703	-0.690922	0.349813	1.97693	1.54422	0	0	0.363049	-0.448335	0.704444	1.83037	1.00947	0	0
1.129	0.00948442	0.109592	-3.43891	-0.233583	0.989551	0.0120451	0.156525	-0.0353563	-0.188481	0.373041	0.139472	0	0	0.0756085	-0.314954	-0.318299	0.45889	0.272172	0	0	-0.1464	0.130848	-0.2172	0.0195602	-0.69519	0.321428	1.9839	1.54847	0	0	0.380833	-0.447315	0.709211	1.83252	1.01754	0	0
1.13899	0.0105585	0.111023	-3.45556	-0.2328	0.988651	0.0111571	0.162931	-0.0330713	-0.1765	0.38039	0.142122	0	0	0.0738628	-0.317278	-0.326932	0.467357	0.278964	0	0	-0.147689	0.133289	-0.227226	0.00836504	-0.69898	0.291443	1.99037	1.55262	0	0	0.399515	-0.446854	0.714058	1.83513	1.02559	0	0
1.14898	0.011662	0.112224	-3.47255	-0.232008	0.987764	0.0104102	0.169288	-0.0307931	-0.163952	0.387159	0.144356	0	0	0.0717335	-0.319193	-0.336443	0.475058	0.285553	0	0	-0.148984	0.135644	-0.237529	-0.00390641	-0.702044	0.259754	1.9962	1.55659	0	0	0.41913	-0.447052	0.719019	1.83825	1.03368	0	0
1.15897	0.0128213	0.113086	-3.48993	-0.231195	0.986897	0.00979339	0.175744	-0.0285499	-0.150697	0.393392	0.146147	0	0	0.0693444	-0.320659	-0.346987	0.482057	0.291893	0	0	-0.150219	0.137771	-0.247944	-0.0172769	-0.704098	0.226237	2.00128	1.56028	0	0	0.439728	-0.447987	0.724152	1.84191	1.04187	0	0
1.16896	0.0140648	0.113464	-3.50784	-0.230344	0.986051	0.00929186	0.182498	-0.0263922	-0.136554	0.399178	0.147476	0	0	0.0668149	-0.321609	-0.358768	0.488408	0.297931	0	0	-0.151323	0.139493	-0.258221	-0.0317817	-0.704828	0.190728	2.00548	1.56361	0	0	0.461371	-0.449709	0.729545	1.8461	1.05016	0	0
1.17895	0.0154265	0.113185	-3.52645	-0.229437	0.985229	0.00888869	0.189798	-0.0243908	-0.121305	0.404648	0.148338	0	0	0.0642592	-0.321949	-0.372035	0.494156	0.303606	0	0	-0.152213	0.140595	-0.268004	-0.0475049	-0.703907	0.152988	2.0087	1.56653	0	0	0.484158	-0.452221	0.735349	1.85077	1.05847	0	0
1.18894	0.0169447	0.112054	-3.54598	-0.228452	0.984428	0.00856608	0.197932	-0.0226323	-0.104703	0.409964	0.148737	0	0	0.0617831	-0.321567	-0.387069	0.499332	0.308851	0	0	-0.152803	0.140845	-0.276901	-0.0644836	-0.701008	0.112813	2.01085	1.56906	0	0	0.508163	-0.455502	0.741694	1.85587	1.06671	0	0
1.19893	0.0186581	0.109871	-3.56666	-0.227368	0.983645	0.00830898	0.207192	-0.0212126	-0.0865047	0.415297	0.148692	0	0	0.0594815	-0.320341	-0.404151	0.503951	0.313605	0	0	-0.153002	0.140013	-0.284524	-0.0826952	-0.695835	0.0700648	2.01187	1.57122	0	0	0.53342	-0.45951	0.748673	1.86132	1.07477	0	0
1.20893	0.0205975	0.106465	-3.58868	-0.226167	0.982872	0.00811024	0.217825	-0.0202285	-0.0665189	0.420794	0.148232	0	0	0.0574372	-0.318158	-0.423497	0.508019	0.31783	0	0	-0.152733	0.13791	-0.290554	-0.102051	-0.688152	0.0246945	2.01167	1.5731	0	0	0.559918	-0.464184	0.756333	1.86707	1.08251	0	0
1.21892	0.0227751	0.101732	-3.61212	-0.224843	0.982102	0.00797653	0.229971	-0.0197644	-0.0446842	0.426544	0.147393	0	0	0.0557175	-0.314942	-0.44517	0.511541	0.321517	0	0	-0.151948	0.134436	-0.294812	-0.122402	-0.677842	-0.0232265	2.01021	1.57474	0	0	0.587588	-0.469446	0.764671	1.87304	1.08982	0	0
1.22891	0.0251732	0.0956961	-3.63681	-0.223409	0.98133	0.00793479	0.243574	-0.0198739	-0.021172	0.432533	0.146207	0	0	0.0543682	-0.310691	-0.468981	0.514531	0.32469	0	0	-0.150646	0.129654	-0.297357	-0.143557	-0.664973	-0.0734771	2.00747	1.57618	0	0	0.616292	-0.475194	0.773624	1.87918	1.09659	0	0
1.2389	0.0277304	0.0885765	-3.66227	-0.221909	0.980559	0.00803773	0.258282	-0.0205598	0.00349628	0.438585	0.144697	0	0	0.0534054	-0.305528	-0.494356	0.51702	0.327415	0	0	-0.148896	0.123868	-0.298589	-0.165324	-0.649857	-0.125685	2.00346	1.57742	0	0	0.645818	-0.481286	0.783069	1.88542	1.10281	0	0
1.24889	0.0303322	0.0808579	-3.68752	-0.220427	0.979805	0.00836674	0.273329	-0.0217592	0.0283068	0.444292	0.142867	0	0	0.0528159	-0.299739	-0.520185	0.519053	0.329794	0	0	-0.14685	0.117699	-0.299364	-0.187561	-0.63302	-0.179403	1.99821	1.5784	0	0	0.675884	-0.487508	0.792859	1.89167	1.10851	0	0
1.25888	0.032807	0.0733602	-3.71093	-0.219105	0.97911	0.0090327	0.287418	-0.0233337	0.051586	0.448927	0.140686	0	0	0.0525675	-0.293824	-0.544646	0.520696	0.331958	0	0	-0.144756	0.112158	-0.301124	-0.210225	-0.615069	-0.234268	1.99173	1.57899	0	0	0.706138	-0.493533	0.802843	1.89778	1.1138	0	0
1.26887	0.0350522	0.066568	-3.73155	-0.218027	0.978501	0.0100805	0.2998	-0.025205	0.0723705	0.452099	0.138155	0	0	0.0526355	-0.288069	-0.56664	0.521994	0.334003	0	0	-0.142761	0.107835	-0.304692	-0.233167	-0.596487	-0.28987	1.98398	1.579	0	0	0.736324	-0.499142	0.812897	1.90366	1.11876	0	0
1.27886	0.0370145	0.0607156	-3.74897	-0.217232	0.977993	0.0115129	0.310133	-0.0273366	0.0902331	0.453666	0.135297	0	0	0.0529964	-0.282604	-0.585615	0.522982	0.335995	0	0	-0.140944	0.104998	-0.310423	-0.25617	-0.577652	-0.345772	1.97483	1.57815	0	0	0.766261	-0.504194	0.822917	1.90928	1.12349	0	0
1.28885	0.0386728	0.0558631	-3.76314	-0.216729	0.977588	0.013309	0.318361	-0.0297187	0.105124	0.453654	0.132141	0	0	0.0536243	-0.277444	-0.601409	0.523681	0.337971	0	0	-0.139336	0.10369	-0.31834	-0.278973	-0.558857	-0.401528	1.96412	1.57607	0	0	0.795824	-0.508604	0.832827	1.91464	1.12815	0	0
1.29885	0.0400258	0.0519573	-3.77424	-0.216504	0.977283	0.0154368	0.324607	-0.0323571	0.117242	0.452199	0.128717	0	0	0.0544901	-0.272536	-0.614119	0.524106	0.339951	0	0	-0.137941	0.1038	-0.328245	-0.301304	-0.540324	-0.456702	1.95165	1.57234	0	0	0.82494	-0.512323	0.842566	1.91972	1.13286	0	0
1.30884	0.0410863	0.0488759	-3.78262	-0.216528	0.977068	0.0178601	0.329106	-0.0352653	0.126926	0.449498	0.125053	0	0	0.0555657	-0.267784	-0.624004	0.524264	0.34194	0	0	-0.136739	0.105128	-0.339804	-0.322903	-0.522223	-0.510882	1.93722	1.56645	0	0	0.853559	-0.515322	0.852087	1.92454	1.13776	0	0
1.31883	0.0418763	0.0464591	-3.78867	-0.216768	0.976929	0.0205429	0.332152	-0.03846	0.134586	0.445777	0.121175	0	0	0.0568267	-0.263073	-0.631412	0.524163	0.343929	0	0	-0.135697	0.107427	-0.352607	-0.343548	-0.504678	-0.563703	1.92067	1.5579	0	0	0.881653	-0.51758	0.861358	1.92911	1.14297	0	0
1.32882	0.0424227	0.0445387	-3.79283	-0.217187	0.976854	0.023451	0.334052	-0.0419551	0.140639	0.441268	0.117105	0	0	0.058252	-0.25829	-0.636722	0.523807	0.345906	0	0	-0.134777	0.110441	-0.36622	-0.363069	-0.487784	-0.614853	1.90188	1.54625	0	0	0.909205	-0.519073	0.870374	1.93342	1.14855	0	0
1.33881	0.0427499	0.0429598	-3.79548	-0.21775	0.976831	0.0265537	0.335095	-0.0457594	0.14547	0.436192	0.112857	0	0	0.0598166	-0.253334	-0.640308	0.5232	0.347851	0	0	-0.133946	0.113936	-0.380219	-0.381359	-0.471612	-0.664082	1.88078	1.53106	0	0	0.936205	-0.51977	0.879136	1.93749	1.15454	0	0
1.3488	0.0428776	0.0415911	-3.79697	-0.218429	0.976848	0.0298242	0.335534	-0.0498761	0.149409	0.430752	0.108443	0	0	0.0614915	-0.248127	-0.642509	0.522345	0.349742	0	0	-0.133183	0.117711	-0.394216	-0.398377	-0.456219	-0.711199	1.85742	1.512	0	0	0.962638	-0.519639	0.887642	1.94134	1.16102	0	0
1.35879	0.0428212	0.0403258	-3.7976	-0.219198	0.976899	0.0332396	0.335586	-0.0543066	0.152715	0.425141	0.103871	0	0	0.0632474	-0.242608	-0.643623	0.521245	0.351552	0	0	-0.132475	0.121604	-0.407871	-0.414155	-0.441652	-0.756081	1.8319	1.48879	0	0	0.988479	-0.518649	0.895881	1.94498	1.16804	0	0
1.36878	0.0425913	0.0390779	-3.7976	-0.220037	0.976978	0.036781	0.335442	-0.0590541	0.155579	0.419541	0.099149	0	0	0.0650562	-0.236736	-0.643908	0.519902	0.353253	0	0	-0.131811	0.125492	-0.420904	-0.428785	-0.427945	-0.798674	1.80434	1.46137	0	0	1.01369	-0.516774	0.903837	1.94844	1.17565	0	0
1.37877	0.0421914	0.0377818	-3.79714	-0.220931	0.97708	0.040433	0.335267	-0.0641238	0.158135	0.414133	0.0942857	0	0	0.0668854	-0.230482	-0.643587	0.518316	0.35482	0	0	-0.13119	0.129287	-0.433083	-0.442397	-0.415128	-0.83896	1.77493	1.42983	0	0	1.03823	-0.514001	0.911477	1.95176	1.18382	0	0
1.38877	0.0416163	0.0363953	-3.79636	-0.221866	0.977204	0.0441826	0.335198	-0.0695183	0.16047	0.409091	0.0892834	0	0	0.0686892	-0.223835	-0.642865	0.51648	0.356226	0	0	-0.130619	0.132932	-0.444227	-0.455137	-0.403227	-0.876953	1.74384	1.39442	0	0	1.06204	-0.510328	0.918758	1.95495	1.19252	0	0
1.39876	0.0408579	0.0348971	-3.79537	-0.222836	0.97735	0.0480186	0.335351	-0.0752336	0.162637	0.404589	0.0841351	0	0	0.0704141	-0.216801	-0.641922	0.514389	0.357451	0	0	-0.130109	0.136403	-0.454204	-0.467154	-0.392266	-0.912683	1.71124	1.35553	0	0	1.08503	-0.50578	0.925618	1.95807	1.20165	0	0
1.40875	0.0399153	0.0332792	-3.79425	-0.22383	0.977518	0.0519314	0.335837	-0.0812564	0.164661	0.400794	0.0788175	0	0	0.0720162	-0.209406	-0.640921	0.512039	0.358478	0	0	-0.129667	0.139697	-0.46293	-0.478578	-0.382276	-0.946172	1.67727	1.31364	0	0	1.10714	-0.500407	0.931981	1.96115	1.21114	0	0
1.41874	0.0388051	0.0315414	-3.79303	-0.224844	0.977709	0.055913	0.33677	-0.0875609	0.166551	0.397865	0.0732815	0	0	0.0734784	-0.201694	-0.63999	0.50944	0.359291	0	0	-0.129281	0.142838	-0.470378	-0.489515	-0.373285	-0.977439	1.6421	1.26942	0	0	1.12825	-0.494294	0.937759	1.96426	1.22088	0	0
1.42873	0.0375619	0.0296949	-3.79174	-0.225869	0.97792	0.0599561	0.338267	-0.094104	0.168303	0.395948	0.0674446	0	0	0.0748078	-0.193732	-0.639221	0.506608	0.359881	0	0	-0.128929	0.145872	-0.476566	-0.500051	-0.365319	-1.00648	1.60589	1.22355	0	0	1.14828	-0.487545	0.942857	1.96743	1.23078	0	0
1.43872	0.0362348	0.02776	-3.7904	-0.226901	0.97815	0.0640544	0.34044	-0.100829	0.16991	0.39517	0.0611923	0	0	0.0760324	-0.185602	-0.638673	0.503571	0.360247	0	0	-0.128573	0.148858	-0.481555	-0.510249	-0.358398	-1.0333	1.56881	1.17674	0	0	1.16712	-0.48029	0.947188	1.97073	1.24077	0	0
1.44871	0.0348822	0.0257588	-3.78897	-0.227932	0.978397	0.0682019	0.343399	-0.107674	0.171366	0.395641	0.054387	0	0	0.077202	-0.17739	-0.638362	0.500359	0.360397	0	0	-0.128169	0.15186	-0.485452	-0.520148	-0.352525	-1.05786	1.53108	1.12964	0	0	1.18468	-0.472684	0.95069	1.97422	1.25078	0	0
1.4587	0.0335647	0.0237139	-3.78743	-0.228955	0.978659	0.0723931	0.347249	-0.114575	0.17267	0.397461	0.0468804	0	0	0.0783815	-0.16918	-0.638263	0.497017	0.360339	0	0	-0.127672	0.154934	-0.488391	-0.529764	-0.347676	-1.08018	1.49294	1.08279	0	0	1.20091	-0.464893	0.953337	1.97794	1.26075	0	0
1.46869	0.032335	0.0216525	-3.78574	-0.229962	0.978932	0.0766219	0.352073	-0.12147	0.173832	0.400714	0.0385258	0	0	0.079631	-0.16105	-0.638322	0.493591	0.36008	0	0	-0.127045	0.158126	-0.490521	-0.539098	-0.343803	-1.10024	1.45468	1.03661	0	0	1.21576	-0.457087	0.955145	1.98196	1.27058	0	0
1.47869	0.0312298	0.0196082	-3.78386	-0.230948	0.979216	0.0808811	0.357927	-0.128294	0.174869	0.405472	0.0291872	0	0	0.0809937	-0.153069	-0.638462	0.490128	0.359629	0	0	-0.126271	0.161471	-0.491995	-0.548137	-0.340827	-1.11809	1.41659	0.991417	0	0	1.22922	-0.449433	0.956171	1.98633	1.28013	0	0
1.48868	0.0302653	0.017619	-3.78176	-0.231903	0.97951	0.0851626	0.364824	-0.134993	0.175804	0.411779	0.0187536	0	0	0.0824901	-0.145292	-0.638597	0.486668	0.358996	0	0	-0.125352	0.164985	-0.492959	-0.556847	-0.338651	-1.13374	1.37901	0.947633	0	0	1.24129	-0.442091	0.95651	1.99108	1.28918	0	0
1.49867	0.0294363	0.0157262	-3.77939	-0.232823	0.979816	0.0894567	0.372732	-0.141517	0.176666	0.419634	0.00715152	0	0	0.0841153	-0.13776	-0.638635	0.483249	0.358199	0	0	-0.124316	0.168668	-0.493541	-0.565188	-0.337164	-1.14725	1.34222	0.905631	0	0	1.25202	-0.435194	0.956284	1.99622	1.29755	0	0
1.50866	0.0287207	0.0139715	-3.77674	-0.233702	0.980134	0.0937525	0.381579	-0.147825	0.177495	0.428995	-0.00565846	0	0	0.0858452	-0.130501	-0.638488	0.479903	0.357258	0	0	-0.123204	0.1725	-0.493842	-0.573115	-0.336252	-1.15866	1.30649	0.865817	0	0	1.26148	-0.428847	0.955629	2.00176	1.3051	0	0
1.51865	0.0280825	0.012396	-3.77377	-0.234534	0.980466	0.0980377	0.391257	-0.153879	0.178332	0.439776	-0.0196883	0	0	0.0876391	-0.123534	-0.638081	0.47666	0.356201	0	0	-0.122072	0.176447	-0.493941	-0.580563	-0.335803	-1.16802	1.27207	0.828636	0	0	1.26974	-0.423132	0.954683	2.00767	1.31173	0	0
1.52864	0.0274743	0.0110424	-3.77049	-0.235315	0.980815	0.102298	0.401624	-0.159646	0.179223	0.451858	-0.034925	0	0	0.089438	-0.116876	-0.637353	0.473543	0.355058	0	0	-0.120987	0.180463	-0.493895	-0.587465	-0.335712	-1.17542	1.23913	0.794483	0	0	1.27688	-0.418104	0.953577	2.01393	1.31743	0	0
1.53863	0.0268416	0.00995285	-3.76687	-0.236041	0.981182	0.10652	0.412512	-0.165092	0.180209	0.465095	-0.0513305	0	0	0.0911703	-0.110541	-0.636264	0.470569	0.353864	0	0	-0.120019	0.184499	-0.493739	-0.593748	-0.335872	-1.18097	1.20788	0.76356	0	0	1.28297	-0.413797	0.952419	2.02051	1.32223	0	0
1.54862	0.0261262	0.00916874	-3.76292	-0.236713	0.981568	0.110688	0.42373	-0.170192	0.181324	0.479312	-0.0688337	0	0	0.0927562	-0.104542	-0.63479	0.467749	0.352662	0	0	-0.11924	0.188506	-0.493492	-0.599344	-0.336175	-1.18486	1.17851	0.73582	0	0	1.28808	-0.410219	0.95129	2.02736	1.32626	0	0
1.55861	0.0252716	0.00872581	-3.75862	-0.237329	0.981976	0.114789	0.435074	-0.174927	0.182583	0.494317	-0.0873228	0	0	0.0941159	-0.098888	-0.632917	0.465087	0.351491	0	0	-0.118713	0.19244	-0.493156	-0.604197	-0.336507	-1.18731	1.15122	0.71105	0	0	1.29224	-0.407359	0.950246	2.03444	1.32963	0	0
1.56861	0.0242256	0.00865242	-3.75397	-0.237893	0.982407	0.11881	0.446338	-0.17929	0.183993	0.509905	-0.106635	0	0	0.0951754	-0.0935879	-0.63064	0.462584	0.35039	0	0	-0.118491	0.19626	-0.492727	-0.608261	-0.336754	-1.18862	1.1262	0.68898	0	0	1.29549	-0.405193	0.949313	2.04172	1.33248	0	0
1.5786	0.0229453	0.00896274	-3.74893	-0.238407	0.982862	0.122741	0.457328	-0.183287	0.185543	0.525872	-0.126553	0	0	0.0958784	-0.088643	-0.627953	0.460243	0.349376	0	0	-0.118605	0.199935	-0.492201	-0.611505	-0.336806	-1.18909	1.10362	0.669341	0	0	1.29782	-0.403688	0.948493	2.04915	1.33495	0	0
1.58859	0.0214038	0.00965047	-3.7435	-0.238877	0.983341	0.126573	0.467872	-0.186944	0.1872	0.542019	-0.146828	0	0	0.0961991	-0.084047	-0.624846	0.458076	0.348453	0	0	-0.119056	0.203431	-0.491577	-0.613909	-0.336571	-1.18902	1.08366	0.651834	0	0	1.2992	-0.402806	0.947778	2.05672	1.33719	0	0
1.59858	0.0195923	0.01069	-3.73762	-0.239309	0.983841	0.130303	0.477834	-0.190302	0.188913	0.558164	-0.167194	0	0	0.0961424	-0.0797866	-0.621306	0.456098	0.347616	0	0	-0.119815	0.206718	-0.49086	-0.615469	-0.335975	-1.18869	1.06642	0.636196	0	0	1.29962	-0.402501	0.947148	2.06438	1.33933	0	0
1.60857	0.0175225	0.0120393	-3.73126	-0.239708	0.984361	0.133926	0.487116	-0.193411	0.190617	0.574146	-0.187388	0	0	0.0957417	-0.0758455	-0.617323	0.454324	0.346854	0	0	-0.120819	0.20977	-0.490058	-0.61619	-0.334966	-1.18834	1.05199	0.622256	0	0	1.299	-0.402729	0.946587	2.07213	1.34148	0	0
1.61856	0.0152221	0.0136444	-3.72438	-0.240081	0.984897	0.137439	0.495655	-0.196326	0.192234	0.589831	-0.207157	0	0	0.0950504	-0.0722041	-0.612889	0.452765	0.346149	0	0	-0.121982	0.212566	-0.489181	-0.616085	-0.333517	-1.1882	1.0404	0.609998	0	0	1.29729	-0.40344	0.946075	2.07993	1.34371	0	0
1.62855	0.0127302	0.0154437	-3.71695	-0.240435	0.985444	0.140844	0.503411	-0.199107	0.193681	0.605105	-0.226263	0	0	0.0941332	-0.0688405	-0.608002	0.451429	0.345476	0	0	-0.123203	0.215084	-0.488234	-0.615174	-0.331621	-1.18843	1.0316	0.599499	0	0	1.29441	-0.404578	0.945612	2.08774	1.34603	0	0
1.63854	0.010092	0.0173701	-3.70893	-0.240775	0.985998	0.144138	0.510371	-0.201817	0.194876	0.619877	-0.24449	0	0	0.0930614	-0.0657274	-0.602656	0.450321	0.344807	0	0	-0.124375	0.217302	-0.487219	-0.613474	-0.3293	-1.18916	1.02551	0.590971	0	0	1.29029	-0.406083	0.945211	2.09553	1.34835	0	0
1.64853	0.00735433	0.0193538	-3.7003	-0.241108	0.986556	0.147323	0.516531	-0.204524	0.195732	0.634071	-0.261649	0	0	0.091906	-0.0628315	-0.59685	0.449431	0.344116	0	0	-0.125391	0.219193	-0.486139	-0.610988	-0.326597	-1.19046	1.022	0.584697	0	0	1.28487	-0.407897	0.9449	2.10323	1.35056	0	0
1.65853	0.00456196	0.021329	-3.69103	-0.241437	0.987114	0.150399	0.521898	-0.207294	0.196161	0.647628	-0.277594	0	0	0.0907295	-0.060117	-0.590583	0.448735	0.343382	0	0	-0.126159	0.220727	-0.484976	-0.60772	-0.32357	-1.19235	1.02088	0.580838	0	0	1.27811	-0.409945	0.944724	2.11077	1.35256	0	0
1.66852	0.00175386	0.0232369	-3.68112	-0.241765	0.987671	0.15337	0.526478	-0.210189	0.196073	0.660501	-0.292224	0	0	0.0895818	-0.0575474	-0.58386	0.4482	0.342589	0	0	-0.126606	0.221875	-0.483702	-0.603661	-0.320288	-1.19484	1.02197	0.579526	0	0	1.26999	-0.412149	0.944744	2.11808	1.35428	0	0
1.67851	-0.00103713	0.0250262	-3.67055	-0.242095	0.988225	0.156236	0.530282	-0.213268	0.195392	0.672657	-0.30547	0	0	0.0885005	-0.0550877	-0.576694	0.447782	0.341718	0	0	-0.126679	0.222605	-0.482281	-0.598782	-0.316823	-1.1979	1.02509	0.580855	0	0	1.26052	-0.414432	0.945027	2.12505	1.35562	0	0
1.6885	-0.00378446	0.0266534	-3.65934	-0.242427	0.988778	0.159001	0.533317	-0.216579	0.194056	0.684071	-0.317297	0	0	0.0875123	-0.0527043	-0.569102	0.447434	0.340755	0	0	-0.126345	0.222888	-0.480678	-0.593033	-0.313241	-1.20148	1.03009	0.58488	0	0	1.24972	-0.416725	0.945642	2.13158	1.35651	0	0
1.69849	-0.00646804	0.0280821	-3.64748	-0.242758	0.989331	0.161667	0.535592	-0.220168	0.192013	0.694719	-0.327689	0	0	0.0866341	-0.0503657	-0.561108	0.447106	0.339684	0	0	-0.12559	0.222698	-0.478855	-0.586341	-0.309595	-1.20554	1.03687	0.591609	0	0	1.23765	-0.418966	0.946647	2.13759	1.35694	0	0
1.70848	-0.00907324	0.0292877	-3.63497	-0.243087	0.989885	0.164239	0.537106	-0.224076	0.189211	0.704578	-0.336663	0	0	0.0858745	-0.0480439	-0.552723	0.446747	0.33849	0	0	-0.124414	0.22202	-0.476767	-0.578605	-0.30592	-1.21006	1.04536	0.601061	0	0	1.2244	-0.421081	0.948092	2.14297	1.35686	0	0
1.71847	-0.0115933	0.030259	-3.62183	-0.243411	0.990443	0.166721	0.537846	-0.228331	0.185604	0.713624	-0.344243	0	0	0.0852294	-0.0457175	-0.543954	0.446309	0.337162	0	0	-0.122835	0.220846	-0.474366	-0.569695	-0.302237	-1.215	1.05555	0.613215	0	0	1.21009	-0.422999	0.950004	2.14762	1.35629	0	0
1.72846	-0.0140288	0.0309981	-3.60807	-0.243724	0.99101	0.169119	0.537788	-0.23295	0.181155	0.721828	-0.350475	0	0	0.0846829	-0.0433709	-0.534803	0.445745	0.335689	0	0	-0.120887	0.21918	-0.471597	-0.559446	-0.298561	-1.22031	1.06744	0.628026	0	0	1.19484	-0.424642	0.95238	2.15143	1.35532	0	0
1.73845	-0.0163865	0.0315198	-3.59372	-0.244023	0.991589	0.171436	0.536904	-0.237926	0.175845	0.729153	-0.355421	0	0	0.0842098	-0.0409967	-0.525279	0.445011	0.33406	0	0	-0.11862	0.217031	-0.46838	-0.547653	-0.294905	-1.22591	1.08105	0.645434	0	0	1.17882	-0.425929	0.955185	2.15433	1.3541	0	0
1.74845	-0.0186779	0.0318517	-3.57885	-0.244298	0.992187	0.173676	0.535161	-0.243227	0.169677	0.735565	-0.359159	0	0	0.0837753	-0.0385998	-0.515404	0.444071	0.332271	0	0	-0.116101	0.214419	-0.464618	-0.534065	-0.291297	-1.23162	1.09638	0.66534	0	0	1.16217	-0.426779	0.958348	2.15625	1.35286	0	0
1.75844	-0.0209171	0.0320369	-3.56353	-0.24454	0.992807	0.175839	0.53253	-0.248792	0.16267	0.741025	-0.361773	0	0	0.0833387	-0.0362031	-0.505214	0.442901	0.33032	0	0	-0.113411	0.211379	-0.460193	-0.518375	-0.287777	-1.23721	1.11344	0.687725	0	0	1.1451	-0.427106	0.961768	2.15714	1.35181	0	0
1.76843	-0.0231202	0.0321283	-3.54787	-0.244738	0.993454	0.177926	0.528981	-0.254541	0.154859	0.745498	-0.363348	0	0	0.0828583	-0.0338426	-0.49476	0.441488	0.328215	0	0	-0.11064	0.207961	-0.454979	-0.500228	-0.28442	-1.24231	1.13215	0.712489	0	0	1.12778	-0.426829	0.965313	2.15702	1.3512	0	0
1.77842	-0.0253051	0.0321817	-3.53199	-0.24488	0.994131	0.179938	0.524502	-0.260382	0.146295	0.748953	-0.363964	0	0	0.0822944	-0.0315614	-0.484111	0.439836	0.325968	0	0	-0.107883	0.20422	-0.448844	-0.47922	-0.28134	-1.2464	1.15237	0.739523	0	0	1.1104	-0.425872	0.968836	2.1559	1.3511	0	0
1.78841	-0.0274914	0.0322492	-3.51604	-0.244951	0.994838	0.181872	0.519094	-0.266214	0.137061	0.751365	-0.363686	0	0	0.0816136	-0.0294036	-0.473357	0.437964	0.323597	0	0	-0.105239	0.200219	-0.441657	-0.454912	-0.278702	-1.2488	1.17387	0.768623	0	0	1.09315	-0.424169	0.97218	2.15386	1.35151	0	0
1.7984	-0.0296995	0.0323773	-3.50017	-0.244937	0.995577	0.183727	0.512778	-0.27193	0.12727	0.752715	-0.362581	0	0	0.0807903	-0.0274121	-0.462614	0.435905	0.321125	0	0	-0.102801	0.196021	-0.433294	-0.426845	-0.276722	-1.2486	1.19632	0.799431	0	0	1.07618	-0.42167	0.975183	2.15101	1.35236	0	0
1.80839	-0.0319492	0.0326051	-3.48456	-0.244823	0.996345	0.185498	0.505599	-0.277424	0.117068	0.75299	-0.36072	0	0	0.0798069	-0.0256276	-0.452016	0.433702	0.318577	0	0	-0.100657	0.19169	-0.423648	-0.394556	-0.275663	-1.2447	1.21931	0.831397	0	0	1.05964	-0.418347	0.977688	2.14752	1.3535	0	0
1.81838	-0.0342567	0.0329631	-3.46941	-0.244593	0.997137	0.187181	0.497621	-0.282588	0.106629	0.752185	-0.358187	0	0	0.0786552	-0.024088	-0.441714	0.431406	0.315982	0	0	-0.0988749	0.187293	-0.412646	-0.357589	-0.275808	-1.23576	1.2424	0.863746	0	0	1.04362	-0.414211	0.979541	2.14357	1.35479	0	0
1.82837	-0.036632	0.033469	-3.45489	-0.244234	0.997946	0.188766	0.488934	-0.287327	0.0961358	0.750311	-0.355059	0	0	0.0773386	-0.0228249	-0.431865	0.429073	0.313371	0	0	-0.0974954	0.182895	-0.400263	-0.315505	-0.277436	-1.22029	1.2651	0.895551	0	0	1.02815	-0.409322	0.980583	2.13937	1.35608	0	0
1.83837	-0.0390753	0.0341231	-3.44118	-0.243732	0.998764	0.190243	0.479652	-0.291565	0.0857737	0.747395	-0.351398	0	0	0.0758777	-0.0218582	-0.422626	0.426761	0.310772	0	0	-0.0965273	0.178561	-0.386538	-0.267887	-0.280783	-1.1967	1.28695	0.925782	0	0	1.0132	-0.403805	0.98063	2.13518	1.35725	0	0
1.84836	-0.0415736	0.034903	-3.42842	-0.24308	0.999578	0.1916	0.469913	-0.295259	0.0757116	0.743487	-0.347244	0	0	0.0743134	-0.0211899	-0.414133	0.424532	0.308216	0	0	-0.0959408	0.174349	-0.37158	-0.214336	-0.285999	-1.16332	1.30754	0.953374	0	0	0.998651	-0.39785	0.979471	2.13125	1.35823	0	0
1.85835	-0.0441002	0.0357625	-3.41673	-0.24227	1.00037	0.192819	0.45987	-0.298405	0.0660912	0.738657	-0.342631	0	0	0.072708	-0.0208022	-0.406492	0.422447	0.30573	0	0	-0.0956695	0.170307	-0.355577	-0.154479	-0.293097	-1.11854	1.32656	0.977388	0	0	0.984318	-0.391711	0.976878	2.12784	1.3589	0	0
1.86834	-0.0466141	0.0366335	-3.40616	-0.241305	1.00114	0.193883	0.449683	-0.301045	0.0570112	0.732994	-0.337574	0	0	0.0711451	-0.0206586	-0.399773	0.420566	0.303337	0	0	-0.0956166	0.166472	-0.33878	-0.0879768	-0.301919	-1.0609	1.34379	0.997071	0	0	0.969952	-0.385694	0.972618	2.12523	1.35917	0	0
1.87833	-0.0490699	0.0374341	-3.39671	-0.240189	1.00185	0.194772	0.439506	-0.303259	0.0485209	0.726604	-0.332071	0	0	0.069713	-0.0207053	-0.393996	0.418945	0.301056	0	0	-0.0956821	0.162866	-0.321467	-0.0145493	-0.312074	-0.989296	1.3592	1.01217	0	0	0.955289	-0.380108	0.966492	2.12366	1.35898	0	0
1.88832	-0.051418	0.0380744	-3.38834	-0.238937	1.00249	0.195467	0.429472	-0.305165	0.0406231	0.719603	-0.326109	0	0	0.0684989	-0.0208754	-0.389135	0.417622	0.298895	0	0	-0.0957717	0.159505	-0.303913	0.0659893	-0.322923	-0.903061	1.37288	1.02292	0	0	0.940074	-0.37524	0.958353	2.12335	1.3583	0	0
1.89831	-0.0536051	0.0384648	-3.38095	-0.237571	1.00305	0.195948	0.419694	-0.306895	0.0332821	0.712108	-0.319669	0	0	0.0675819	-0.021096	-0.385117	0.416608	0.296851	0	0	-0.0958041	0.1564	-0.286371	0.153681	-0.333575	-0.802111	1.38514	1.03006	0	0	0.924071	-0.371341	0.948108	2.12445	1.3571	0	0
1.9083	-0.0555759	0.0385237	-3.37439	-0.236125	1.00351	0.196198	0.410256	-0.308584	0.0264376	0.704237	-0.312742	0	0	0.0670238	-0.0212947	-0.381832	0.41588	0.294905	0	0	-0.0957189	0.153559	-0.269057	0.248366	-0.342915	-0.687015	1.39643	1.0347	0	0	0.907078	-0.368598	0.935706	2.12708	1.35532	0	0
1.91829	-0.0572694	0.0381798	-3.36848	-0.23464	1.00387	0.196202	0.401223	-0.310356	0.020017	0.696104	-0.305348	0	0	0.0668711	-0.0214007	-0.379131	0.415375	0.293021	0	0	-0.0954686	0.150977	-0.252137	0.349632	-0.34963	-0.559092	1.40736	1.0384	0	0	0.888935	-0.367128	0.921139	2.13132	1.35294	0	0
1.92829	-0.0586243	0.0373726	-3.363	-0.233163	1.00413	0.195952	0.392635	-0.312316	0.0139529	0.687819	-0.297527	0	0	0.0671456	-0.0213428	-0.376835	0.414987	0.291145	0	0	-0.0950147	0.148623	-0.235715	0.45676	-0.352278	-0.420469	1.4186	1.04299	0	0	0.869545	-0.366961	0.904462	2.13715	1.34982	0	0
1.93828	-0.0595692	0.0360482	-3.35771	-0.231748	1.0043	0.195443	0.384529	-0.314547	0.00819881	0.679489	-0.289327	0	0	0.0678579	-0.0210474	-0.374733	0.414564	0.289198	0	0	-0.0942958	0.146412	-0.219848	0.568674	-0.349366	-0.274077	1.43074	1.0505	0	0	0.848873	-0.368051	0.885801	2.14446	1.34577	0	0
1.94827	-0.0600116	0.0341565	-3.35236	-0.230448	1.00439	0.194677	0.376952	-0.317115	0.00272327	0.671221	-0.28078	0	0	0.0690236	-0.0204358	-0.372581	0.413926	0.287081	0	0	-0.093185	0.1442	-0.204598	0.683932	-0.339462	-0.123508	1.4442	1.06286	0	0	0.826913	-0.370309	0.865338	2.15304	1.34056	0	0
1.95826	-0.0598327	0.031654	-3.34667	-0.229317	1.00443	0.193659	0.369961	-0.320063	-0.0025079	0.663111	-0.271899	0	0	0.070676	-0.0194282	-0.370094	0.412871	0.284677	0	0	-0.0914642	0.141788	-0.190071	0.800739	-0.32136	0.0272707	1.45912	1.08161	0	0	0.803675	-0.373636	0.843312	2.16262	1.33395	0	0
1.96825	-0.0588976	0.0285235	-3.34038	-0.228408	1.00442	0.192403	0.363606	-0.323413	-0.00755678	0.655234	-0.26267	0	0	0.0728605	-0.0179611	-0.366956	0.411203	0.281869	0	0	-0.0888486	0.138965	-0.176357	0.916874	-0.294377	0.174239	1.47554	1.10769	0	0	0.779219	-0.377882	0.820046	2.17283	1.32567	0	0
1.97824	-0.0570575	0.0247799	-3.33321	-0.227767	1.00439	0.190932	0.35792	-0.327162	-0.0125404	0.647637	-0.253057	0	0	0.0756399	-0.0159963	-0.362833	0.408751	0.278553	0	0	-0.0850009	0.135537	-0.163498	1.02978	-0.258465	0.313565	1.49352	1.14129	0	0	0.75369	-0.382829	0.795976	2.1832	1.31544	0	0
1.98823	-0.0541562	0.0204742	-3.32491	-0.227435	1.00435	0.189273	0.35291	-0.331288	-0.0176512	0.640325	-0.243018	0	0	0.079092	-0.0135262	-0.357383	0.405382	0.274642	0	0	-0.079548	0.131335	-0.151512	1.13677	-0.214194	0.441899	1.51311	1.1818	0	0	0.727303	-0.388215	0.771623	2.19323	1.30304	0	0
1.99822	-0.0500461	0.0156941	-3.31521	-0.227442	1.00431	0.18746	0.348544	-0.335755	-0.023163	0.633263	-0.23253	0	0	0.0832988	-0.010576	-0.350273	0.401003	0.270078	0	0	-0.0721151	0.126233	-0.140416	1.23526	-0.162674	0.556639	1.53434	1.22786	0	0	0.700327	-0.393771	0.747555	2.20243	1.28835	0	0
2.00821	-0.0446133	0.0105608	-3.3039	-0.227807	1.0043	0.185533	0.344733	-0.340516	-0.0294213	0.626381	-0.221607	0	0	0.0883234	-0.00720132	-0.341198	0.395572	0.264831	0	0	-0.0623784	0.120153	-0.130266	1.32299	-0.105405	0.656108	1.55715	1.27757	0	0	0.673056	-0.399263	0.724317	2.21036	1.27143	0	0
2.01821	-0.0378165	0.00522538	-3.29076	-0.228531	1.00431	0.183538	0.341304	-0.345519	-0.0368174	0.619583	-0.210302	0	0	0.0941734	-0.00348147	-0.329897	0.389084	0.258899	0	0	-0.0501406	0.11307	-0.121181	1.39825	-0.0441155	0.73959	1.58138	1.32849	0	0	0.645788	-0.404533	0.702373	2.21674	1.25268	0	0
2.0282	-0.0297336	-0.000133824	-3.2756	-0.2296	1.00435	0.181527	0.337973	-0.350699	-0.0457527	0.612756	-0.198707	0	0	0.100755	0.000485488	-0.316173	0.381576	0.252314	0	0	-0.0354277	0.105025	-0.113355	1.46006	0.01941	0.807235	1.60663	1.37806	0	0	0.618807	-0.409519	0.682022	2.22147	1.23299	0	0
2.03819	-0.020609	-0.00531333	-3.25829	-0.230973	1.00444	0.179559	0.334317	-0.355976	-0.0565982	0.605789	-0.186952	0	0	0.107827	0.00458759	-0.299907	0.37311	0.245132	0	0	-0.0185995	0.0961328	-0.107039	1.50834	0.0834247	0.859928	1.63236	1.42401	0	0	0.592404	-0.414256	0.663361	2.22468	1.21381	0	0
2.04818	-0.0108977	-0.0100883	-3.23874	-0.232582	1.00459	0.177696	0.329751	-0.361253	-0.0696499	0.598585	-0.175209	0	0	0.114962	0.0087006	-0.281074	0.363778	0.237445	0	0	-0.000463909	0.0865944	-0.102484	1.54413	0.146252	0.899212	1.6579	1.46442	0	0	0.566924	-0.418843	0.646279	2.22672	1.19727	0	0
2.05817	-0.00113153	-0.014268	-3.21691	-0.234328	1.0048	0.176005	0.323713	-0.366453	-0.0851156	0.591111	-0.163661	0	0	0.121721	0.0127254	-0.259718	0.353715	0.229368	0	0	0.0178649	0.0766483	-0.0998839	1.56909	0.206252	0.92715	1.68261	1.4984	0	0	0.542809	-0.423392	0.630676	2.22803	1.18466	0	0
2.06816	0.0082136	-0.0177134	-3.19286	-0.236111	1.00507	0.174535	0.315798	-0.371519	-0.103124	0.583407	-0.152473	0	0	0.127759	0.0165715	-0.23598	0.343138	0.221051	0	0	0.0353849	0.0665022	-0.0993092	1.58514	0.261887	0.945994	1.70605	1.52586	0	0	0.520487	-0.428017	0.616575	2.22894	1.17581	0	0
2.07815	0.0171222	-0.0203429	-3.16683	-0.237844	1.00534	0.173302	0.306295	-0.376315	-0.123488	0.575682	-0.141701	0	0	0.133323	0.0200636	-0.210334	0.332494	0.212743	0	0	0.0517445	0.056389	-0.100563	1.59423	0.31172	0.958174	1.72795	1.54697	0	0	0.500257	-0.432766	0.604256	2.22961	1.16816	0	0
2.08814	0.0255299	-0.022137	-3.13917	-0.239457	1.0056	0.172298	0.295446	-0.380731	-0.145977	0.568108	-0.131372	0	0	0.138554	0.0230845	-0.183253	0.322137	0.204651	0	0	0.0666328	0.0464595	-0.103385	1.59813	0.3546	0.965787	1.74825	1.56233	0	0	0.482293	-0.437689	0.59387	2.23017	1.16022	0	0
2.09813	0.0333521	-0.0231342	-3.11024	-0.240899	1.00579	0.171491	0.283464	-0.384677	-0.170305	0.560798	-0.121486	0	0	0.143506	0.0255684	-0.155203	0.312308	0.196926	0	0	0.0798093	0.0367775	-0.107461	1.59843	0.389701	0.970428	1.76701	1.5728	0	0	0.466626	-0.44283	0.585465	2.23068	1.15158	0	0
2.10813	0.0404682	-0.0234209	-3.08051	-0.24214	1.00593	0.17083	0.270508	-0.388074	-0.196118	0.553811	-0.112027	0	0	0.148131	0.0274902	-0.12663	0.303137	0.189666	0	0	0.0910714	0.0273552	-0.112436	1.59641	0.416555	0.973259	1.78435	1.5793	0	0	0.453168	-0.448229	0.578971	2.23118	1.14272	0	0
2.11812	0.0466902	-0.02313	-3.05042	-0.243166	1.00599	0.170255	0.256662	-0.390858	-0.222978	0.54719	-0.102981	0	0	0.152259	0.0288634	-0.0979582	0.294682	0.182923	0	0	0.100181	0.0182071	-0.11793	1.59309	0.435051	0.975249	1.80037	1.58275	0	0	0.44178	-0.453925	0.574189	2.23173	1.13491	0	0
2.12811	0.0517683	-0.0224348	-3.02046	-0.243976	1.00601	0.169707	0.241926	-0.392989	-0.250387	0.540941	-0.0943267	0	0	0.155607	0.0297371	-0.069563	0.28692	0.176697	0	0	0.106845	0.00935789	-0.123561	1.58923	0.44542	0.977168	1.81509	1.58397	0	0	0.432288	-0.459963	0.570812	2.23244	1.12986	0	0
2.1381	0.0554219	-0.0215411	-2.99107	-0.244579	1.00599	0.169129	0.226235	-0.394451	-0.27782	0.535044	-0.0860297	0	0	0.157816	0.0301918	-0.0417584	0.279762	0.170946	0	0	0.11074	0.000838015	-0.128937	1.58536	0.448156	0.979585	1.82848	1.58367	0	0	0.424513	-0.466375	0.568499	2.23339	1.12927	0	0
2.14809	0.0574531	-0.0206598	-2.96266	-0.24499	1.00597	0.168474	0.209594	-0.395265	-0.304777	0.529475	-0.0780452	0	0	0.158598	0.0303249	-0.0148033	0.273098	0.165611	0	0	0.111648	-0.0073242	-0.133648	1.58184	0.443906	0.982905	1.84048	1.58243	0	0	0.418293	-0.473166	0.567008	2.23461	1.13409	0	0
2.15808	0.0580715	-0.0198895	-2.93558	-0.245227	1.00594	0.1677	0.192465	-0.395446	-0.330819	0.524283	-0.0703081	0	0	0.158202	0.0301739	0.0110236	0.26699	0.160711	0	0	0.109881	-0.0150532	-0.137255	1.57888	0.433337	0.987466	1.85106	1.5807	0	0	0.413445	-0.480276	0.566385	2.23593	1.14336	0	0
2.16807	0.0575724	-0.019302	-2.91014	-0.245309	1.00588	0.166773	0.175384	-0.395017	-0.355533	0.519521	-0.0627461	0	0	0.156969	0.0297642	0.0354274	0.26151	0.156274	0	0	0.105857	-0.0222842	-0.139345	1.57658	0.417172	0.993458	1.86018	1.5788	0	0	0.409772	-0.487641	0.566736	2.23713	1.15536	0	0
2.17806	0.056226	-0.0189585	-2.88659	-0.245259	1.00578	0.165658	0.158806	-0.394015	-0.378574	0.51522	-0.055283	0	0	0.155194	0.0291175	0.0581497	0.256697	0.152312	0	0	0.0999638	-0.0289736	-0.139587	1.57496	0.396164	1.00093	1.8678	1.57698	0	0	0.407065	-0.49521	0.568127	2.23803	1.16834	0	0
2.18806	0.05424	-0.0189138	-2.8651	-0.245098	1.00564	0.164328	0.143044	-0.392481	-0.399722	0.511368	-0.0478456	0	0	0.15308	0.0282547	0.0790062	0.252548	0.148818	0	0	0.0925095	-0.0351019	-0.137759	1.57397	0.371068	1.00981	1.87388	1.57539	0	0	0.405105	-0.502947	0.570535	2.23847	1.18104	0	0
2.19805	0.0517458	-0.0192187	-2.84577	-0.244851	1.00547	0.162764	0.128243	-0.390463	-0.418905	0.507906	-0.0403707	0	0	0.150726	0.027198	0.09791	0.249019	0.145768	0	0	0.0837066	-0.0406708	-0.133763	1.57355	0.342621	1.01996	1.87841	1.57411	0	0	0.403659	-0.510829	0.573825	2.23834	1.19292	0	0
2.20804	0.048792	-0.0199218	-2.82858	-0.244538	1.00529	0.160955	0.114372	-0.388007	-0.436204	0.50473	-0.0328045	0	0	0.148119	0.0259712	0.114879	0.246027	0.143119	0	0	0.0736566	-0.045695	-0.127641	1.57358	0.311545	1.03115	1.88137	1.5732	0	0	0.402469	-0.518845	0.57772	2.23764	1.20436	0	0
2.21803	0.0453414	-0.0210731	-2.81347	-0.244177	1.00509	0.158899	0.101231	-0.38515	-0.451831	0.501686	-0.0250992	0	0	0.145133	0.0245979	0.13003	0.243442	0.140804	0	0	0.0623435	-0.0501939	-0.119571	1.57391	0.278559	1.04314	1.88277	1.57268	0	0	0.401239	-0.527004	0.581778	2.23646	1.21677	0	0
2.22802	0.0415666	-0.0226073	-2.8003	-0.243782	1.00489	0.156604	0.0888697	-0.381922	-0.466079	0.498675	-0.0171762	0	0	0.141963	0.0230723	0.143447	0.241272	0.138829	0	0	0.050057	-0.0541768	-0.109679	1.57438	0.244191	1.05576	1.88271	1.57251	0	0	0.399766	-0.53525	0.585863	2.23469	1.2301	0	0
2.23801	0.037669	-0.0244307	-2.7889	-0.243366	1.00468	0.154079	0.077351	-0.378343	-0.47929	0.495601	-0.00894574	0	0	0.138848	0.0213841	0.155224	0.23954	0.137207	0	0	0.0371495	-0.0576643	-0.0981056	1.5748	0.208881	1.06881	1.88132	1.57269	0	0	0.397871	-0.543516	0.589921	2.23218	1.24369	0	0
2.248	0.0338151	-0.0264514	-2.7791	-0.242949	1.00445	0.15134	0.0666797	-0.37443	-0.491822	0.492353	-0.000319536	0	0	0.135968	0.0195236	0.165484	0.238246	0.135936	0	0	0.0239653	-0.060692	-0.0850306	1.57492	0.173027	1.08212	1.87874	1.57317	0	0	0.395356	-0.551739	0.59387	2.22874	1.25684	0	0
2.25799	0.030121	-0.0285916	-2.77073	-0.242555	1.00419	0.148401	0.056788	-0.370196	-0.504023	0.488805	0.00878072	0	0	0.133415	0.0174835	0.174379	0.237352	0.134993	0	0	0.0108352	-0.0633164	-0.0706647	1.57449	0.137006	1.09547	1.87513	1.57387	0	0	0.391971	-0.559864	0.597538	2.22428	1.26905	0	0
2.26798	0.0266555	-0.0307893	-2.76362	-0.242218	1.00391	0.14528	0.0475451	-0.36565	-0.516205	0.48482	0.0184153	0	0	0.131195	0.015259	0.182084	0.236786	0.134332	0	0	-0.00190443	-0.0656165	-0.0552458	1.57317	0.101185	1.1086	1.87064	1.57471	0	0	0.387387	-0.56784	0.600626	2.21872	1.28028	0	0
2.27798	0.0234514	-0.0329937	-2.75765	-0.241985	1.0036	0.141997	0.0387778	-0.3608	-0.528624	0.480249	0.0286204	0	0	0.129241	0.0128443	0.188785	0.23646	0.133884	0	0	-0.013886	-0.0676902	-0.0390318	1.57063	0.065951	1.12119	1.86543	1.57557	0	0	0.381175	-0.575618	0.602675	2.21202	1.291	0	0
2.28797	0.0205161	-0.0351683	-2.75271	-0.241882	1.00327	0.138567	0.03034	-0.355648	-0.541401	0.474977	0.0393796	0	0	0.127482	0.0102348	0.194644	0.236273	0.13358	0	0	-0.0249207	-0.0695991	-0.022339	1.56647	0.0316914	1.13308	1.8596	1.57629	0	0	0.372865	-0.58314	0.603052	2.20431	1.30219	0	0
2.29796	0.0178624	-0.0372672	-2.74867	-0.241921	1.0029	0.135002	0.0221535	-0.350185	-0.554526	0.468936	0.050644	0	0	0.125893	0.00741564	0.199781	0.236151	0.133371	0	0	-0.0349005	-0.0713726	-0.00539565	1.56034	-0.00133593	1.14429	1.8533	1.57667	0	0	0.362112	-0.590279	0.601222	2.1956	1.3143	0	0
2.30795	0.0156462	-0.039183	-2.74544	-0.242102	1.0025	0.131311	0.0143866	-0.344402	-0.56785	0.462149	0.0623463	0	0	0.124692	0.00436286	0.20421	0.236134	0.133264	0	0	-0.0435843	-0.073018	0.0116294	1.5519	-0.0329553	1.15495	1.84671	1.57645	0	0	0.348596	-0.596865	0.596772	2.18583	1.3265	0	0
2.31794	0.0139836	-0.0408179	-2.74292	-0.24242	1.00204	0.127503	0.00719489	-0.338274	-0.581135	0.454655	0.0743707	0	0	0.12407	0.00104497	0.207948	0.236267	0.133266	0	0	-0.0508327	-0.0745146	0.0285984	1.54093	-0.0630338	1.1653	1.83995	1.5753	0	0	0.332041	-0.602684	0.589248	2.17497	1.33835	0	0
2.32793	0.0129472	-0.0420826	-2.74103	-0.242865	1.00153	0.123582	0.000703872	-0.331757	-0.594102	0.4465	0.0865723	0	0	0.124183	-0.0025781	0.211022	0.236607	0.133389	0	0	-0.0565933	-0.0758153	0.045422	1.52738	-0.0914986	1.17564	1.83317	1.57285	0	0	0.312249	-0.607477	0.578223	2.16296	1.34968	0	0
2.33792	0.0125727	-0.0428974	-2.73968	-0.243419	1.00096	0.119552	-0.00499017	-0.324799	-0.60647	0.437738	0.0987935	0	0	0.12516	-0.006551	0.213477	0.237224	0.133643	0	0	-0.0608846	-0.0768554	0.0620414	1.51152	-0.11832	1.18631	1.8265	1.56868	0	0	0.28909	-0.610961	0.563315	2.14973	1.36052	0	0
2.34791	0.0128654	-0.0431915	-2.73877	-0.244068	1.00032	0.115415	-0.00981816	-0.317342	-0.617984	0.428432	0.110872	0	0	0.127106	-0.0109201	0.215374	0.238199	0.134041	0	0	-0.063776	-0.0775611	0.0784234	1.49379	-0.143508	1.19761	1.82007	1.56234	0	0	0.262526	-0.612859	0.544244	2.13525	1.371	0	0
2.3579	0.0138043	-0.042904	-2.73823	-0.24479	0.999622	0.111175	-0.0137402	-0.309327	-0.628446	0.418648	0.122644	0	0	0.130102	-0.0157309	0.216792	0.239621	0.134587	0	0	-0.0653757	-0.0778576	0.0945564	1.47468	-0.167117	1.20982	1.81404	1.55343	0	0	0.232637	-0.612938	0.520887	2.11945	1.38128	0	0
2.3679	0.0153434	-0.0419876	-2.73797	-0.245569	0.998866	0.106833	-0.0167502	-0.300701	-0.637735	0.408451	0.133959	0	0	0.134198	-0.0210245	0.217825	0.241579	0.135285	0	0	-0.0658246	-0.0776778	0.110442	1.45468	-0.189232	1.2231	1.80856	1.5416	0	0	0.199651	-0.611053	0.493341	2.10232	1.39144	0	0
2.37789	0.017407	-0.040422	-2.73788	-0.246384	0.998061	0.102389	-0.0188864	-0.291422	-0.645818	0.397904	0.144674	0	0	0.139401	-0.026827	0.218578	0.244155	0.136122	0	0	-0.0653088	-0.0769777	0.126053	1.43416	-0.209919	1.23745	1.80376	1.52669	0	0	0.163936	-0.607221	0.461938	2.08386	1.40142	0	0
2.38788	0.0199002	-0.0382056	-2.7379	-0.247218	0.997219	0.0978408	-0.0202176	-0.281462	-0.652754	0.387074	0.154665	0	0	0.145683	-0.0331546	0.219159	0.247417	0.137081	0	0	-0.0640311	-0.0757389	0.141367	1.41331	-0.229254	1.25265	1.79976	1.50883	0	0	0.126074	-0.601671	0.427351	2.06413	1.4111	0	0
2.39787	0.0226983	-0.0353703	-2.73793	-0.248057	0.996357	0.0931855	-0.0208604	-0.270822	-0.658678	0.376024	0.163821	0	0	0.152964	-0.0400042	0.21968	0.251416	0.138126	0	0	-0.0622305	-0.0739841	0.156325	1.39209	-0.247266	1.2682	1.79661	1.48858	0	0	0.086885	-0.594935	0.390651	2.04326	1.42018	0	0
2.40786	0.0256535	-0.0319725	-2.7379	-0.248888	0.995496	0.0884218	-0.0209704	-0.259514	-0.663773	0.364812	0.172039	0	0	0.161119	-0.0473581	0.220253	0.256182	0.139201	0	0	-0.0601593	-0.0717509	0.170855	1.37013	-0.26394	1.28323	1.79431	1.46698	0	0	0.0470048	-0.587412	0.352612	2.02141	1.4284	0	0
2.41785	0.0286091	-0.0280785	-2.73775	-0.249701	0.994659	0.0835517	-0.0207212	-0.247559	-0.668234	0.353477	0.179222	0	0	0.170012	-0.0551923	0.220978	0.261744	0.140233	0	0	-0.0580668	-0.0690748	0.184933	1.34727	-0.279316	1.29719	1.79283	1.44517	0	0	0.00694609	-0.579337	0.313772	1.99871	1.43561	0	0
2.42784	0.031411	-0.0237632	-2.73744	-0.250485	0.993867	0.0785801	-0.0202846	-0.234993	-0.672232	0.342063	0.185299	0	0	0.179501	-0.063472	0.221941	0.268127	0.14113	0	0	-0.0561869	-0.0659933	0.198578	1.32352	-0.293492	1.30973	1.79212	1.42425	0	0	-0.0328677	-0.570832	0.274497	1.97526	1.44176	0	0
2.43783	0.0339314	-0.0191049	-2.73692	-0.251231	0.99314	0.0735146	-0.0198001	-0.221875	-0.675901	0.330629	0.190241	0	0	0.189471	-0.0721481	0.223206	0.275361	0.141782	0	0	-0.0547116	-0.0625516	0.211853	1.29896	-0.306621	1.32071	1.79216	1.40514	0	0	-0.0720707	-0.561935	0.235047	1.95113	1.44686	0	0
2.44782	0.0360828	-0.0141885	-2.7362	-0.25193	0.992493	0.0683645	-0.0193598	-0.208296	-0.679324	0.319261	0.194075	0	0	0.199847	-0.0811476	0.224811	0.283477	0.142058	0	0	-0.0537805	-0.0588144	0.224851	1.27376	-0.318874	1.33007	1.79288	1.38849	0	0	-0.110346	-0.552646	0.195609	1.92636	1.45097	0	0
2.45782	0.0378378	-0.00910096	-2.73526	-0.252577	0.991936	0.0631399	-0.018984	-0.194384	-0.682539	0.308074	0.196889	0	0	0.210613	-0.0903717	0.226768	0.292515	0.141816	0	0	-0.0534573	-0.0548708	0.237687	1.24809	-0.330425	1.33786	1.79424	1.37454	0	0	-0.147407	-0.542954	0.156349	1.90092	1.45404	0	0
2.46781	0.039224	-0.00393969	-2.73411	-0.253165	0.991473	0.0578509	-0.018628	-0.180311	-0.685537	0.297222	0.198822	0	0	0.221799	-0.0996921	0.229068	0.302509	0.140899	0	0	-0.0537437	-0.0508435	0.250481	1.22213	-0.341426	1.34418	1.79617	1.36319	0	0	-0.183005	-0.53286	0.117402	1.87479	1.45599	0	0
2.4778	0.0403169	0.00118698	-2.7328	-0.25369	0.991101	0.0525069	-0.0181926	-0.166285	-0.688281	0.28689	0.200053	0	0	0.233475	-0.108953	0.231692	0.313494	0.139134	0	0	-0.05459	-0.0468887	0.263335	1.19606	-0.351985	1.3492	1.7986	1.35414	0	0	-0.216939	-0.522389	0.0788755	1.84791	1.45668	0	0
2.48779	0.0412253	0.00616679	-2.73134	-0.254147	0.990813	0.0471175	-0.0175443	-0.15254	-0.690724	0.277281	0.200786	0	0	0.24573	-0.117984	0.234616	0.325496	0.13633	0	0	-0.0559074	-0.0431821	0.276321	1.17006	-0.362161	1.35311	1.80142	1.34689	0	0	-0.249057	-0.511591	0.0408387	1.82024	1.45594	0	0
2.49778	0.0420693	0.0108922	-2.72976	-0.254536	0.990599	0.0416927	-0.0165441	-0.139303	-0.692827	0.268591	0.201231	0	0	0.258661	-0.126612	0.237829	0.338531	0.132297	0	0	-0.0575893	-0.0398992	0.289468	1.14432	-0.371967	1.35616	1.8045	1.34087	0	0	-0.279262	-0.500543	0.00331885	1.79175	1.45361	0	0
2.50777	0.0429563	0.0152692	-2.72809	-0.254856	0.990446	0.0362429	-0.0150776	-0.126773	-0.694571	0.260986	0.201587	0	0	0.272343	-0.134681	0.241326	0.352593	0.126864	0	0	-0.0595338	-0.0371952	0.302757	1.11902	-0.38138	1.3586	1.80774	1.33549	0	0	-0.307504	-0.48934	-0.0337014	1.76246	1.44958	0	0
2.51776	0.0439673	0.019225	-2.72631	-0.25511	0.990342	0.0307795	-0.0130753	-0.115096	-0.69596	0.254575	0.202019	0	0	0.28682	-0.142065	0.24512	0.367658	0.119886	0	0	-0.0616569	-0.0351911	0.316125	1.09431	-0.390342	1.36071	1.81102	1.33017	0	0	-0.333783	-0.47809	-0.0702756	1.73242	1.44385	0	0
2.52775	0.0451585	0.0227215	-2.72443	-0.255302	0.990273	0.0253143	-0.0105073	-0.104349	-0.697012	0.249396	0.202649	0	0	0.302116	-0.148681	0.249232	0.383679	0.111256	0	0	-0.06388	-0.0339613	0.329497	1.07036	-0.398813	1.36273	1.81427	1.32446	0	0	-0.358115	-0.466916	-0.10644	1.70167	1.43648	0	0
2.53774	0.0465503	0.0257397	-2.72243	-0.255442	0.990225	0.0198596	-0.00739885	-0.0945562	-0.697765	0.245425	0.203558	0	0	0.318211	-0.154474	0.253688	0.400589	0.100889	0	0	-0.0661521	-0.0335465	0.342778	1.04727	-0.406752	1.36486	1.81743	1.31802	0	0	-0.380551	-0.455953	-0.142247	1.67033	1.42767	0	0
2.54774	0.0481294	0.0282762	-2.72028	-0.255539	0.99019	0.0144275	-0.00382382	-0.0856967	-0.698268	0.242583	0.204783	0	0	0.335042	-0.159422	0.258506	0.4183	0.0887245	0	0	-0.068448	-0.0339587	0.355879	1.02512	-0.414142	1.36724	1.82049	1.31068	0	0	-0.401155	-0.445342	-0.177732	1.63849	1.41767	0	0
2.55773	0.0498532	0.0303377	-2.71798	-0.255605	0.990159	0.00903006	0.000105075	-0.0777159	-0.698574	0.240751	0.206327	0	0	0.352508	-0.163527	0.263691	0.436711	0.0747287	0	0	-0.0707632	-0.0351855	0.368738	1.00393	-0.421008	1.36995	1.82348	1.30241	0	0	-0.419988	-0.43524	-0.212849	1.60627	1.40649	0	0
2.56772	0.0516469	0.0319305	-2.71551	-0.255656	0.990127	0.00367911	0.00423474	-0.0705405	-0.698734	0.239783	0.208165	0	0	0.370454	-0.166809	0.269232	0.455701	0.0589	0	0	-0.0731231	-0.0371963	0.381322	0.983679	-0.427406	1.37297	1.82642	1.29336	0	0	-0.437111	-0.425807	-0.247489	1.57376	1.39403	0	0
2.57771	0.0534124	0.0330579	-2.7129	-0.255704	0.990095	-0.00161349	0.00838385	-0.0640873	-0.698794	0.239516	0.210253	0	0	0.388684	-0.169296	0.275107	0.47513	0.0412727	0	0	-0.0755784	-0.0399478	0.393624	0.964323	-0.433416	1.37624	1.82937	1.28382	0	0	-0.452583	-0.417196	-0.281465	1.54104	1.38006	0	0
2.5877	0.0550444	0.0337199	-2.71015	-0.255764	0.990065	-0.00683646	0.0123649	-0.0582736	-0.698797	0.239784	0.212537	0	0	0.406978	-0.171024	0.281288	0.494847	0.0219163	0	0	-0.0781889	-0.0433906	0.405666	0.945784	-0.439137	1.37963	1.83238	1.27416	0	0	-0.466455	-0.409556	-0.31452	1.50817	1.36415	0	0
2.59769	0.0564466	0.0339171	-2.70733	-0.255851	0.990043	-0.0119795	0.0160058	-0.0530219	-0.698775	0.240424	0.21495	0	0	0.425114	-0.172032	0.287734	0.514687	0.000929522	0	0	-0.0810066	-0.0474721	0.417495	0.927957	-0.444676	1.38298	1.8355	1.2648	0	0	-0.478769	-0.403024	-0.346337	1.47513	1.34576	0	0
2.60768	0.0575449	0.0336593	-2.70448	-0.255976	0.990034	-0.0170335	0.019171	-0.04826	-0.698757	0.24129	0.217426	0	0	0.442891	-0.172366	0.294404	0.53449	-0.0215663	0	0	-0.0840561	-0.0521342	0.429183	0.910711	-0.450138	1.38611	1.83876	1.25619	0	0	-0.489554	-0.397724	-0.376544	1.44184	1.32417	0	0
2.61767	0.0583024	0.0329746	-2.70169	-0.256151	0.990044	-0.0219908	0.0217827	-0.0439199	-0.698763	0.242259	0.219899	0	0	0.46015	-0.172082	0.301249	0.5541	-0.0454381	0	0	-0.0873121	-0.0573121	0.440823	0.893888	-0.455622	1.38882	1.84215	1.24863	0	0	-0.498837	-0.393762	-0.404746	1.40819	1.29862	0	0
2.62766	0.0587206	0.0319076	-2.69904	-0.256387	0.990077	-0.0268455	0.0238223	-0.0399402	-0.698809	0.243233	0.222309	0	0	0.476787	-0.171245	0.30822	0.573381	-0.0705482	0	0	-0.0907005	-0.0629398	0.452522	0.877315	-0.461205	1.39097	1.84566	1.2423	0	0	-0.506649	-0.391209	-0.430582	1.37403	1.26846	0	0
2.63766	0.0588331	0.0305144	-2.69664	-0.256693	0.990133	-0.0315939	0.0253219	-0.036268	-0.698903	0.244144	0.224611	0	0	0.492739	-0.169923	0.315272	0.592212	-0.0967609	0	0	-0.0941126	-0.0689568	0.464372	0.860829	-0.466929	1.39242	1.84923	1.23728	0	0	-0.513042	-0.390102	-0.45376	1.33925	1.23321	0	0
2.64765	0.0586951	0.0288557	-2.69458	-0.257074	0.990213	-0.0362348	0.0263482	-0.0328602	-0.699048	0.24495	0.226768	0	0	0.507979	-0.16818	0.322368	0.610485	-0.123949	0	0	-0.0974251	-0.0753127	0.476421	0.844306	-0.472779	1.39312	1.85278	1.23356	0	0	-0.518095	-0.390407	-0.474153	1.30379	1.19287	0	0
2.65764	0.0583746	0.0269949	-2.69294	-0.257537	0.990315	-0.0407683	0.0269915	-0.0296809	-0.699237	0.245633	0.228757	0	0	0.522508	-0.16608	0.329481	0.628105	-0.151997	0	0	-0.100512	-0.0819627	0.488671	0.827662	-0.478699	1.39305	1.85621	1.23108	0	0	-0.521908	-0.39204	-0.49176	1.26769	1.14768	0	0
2.66763	0.0579403	0.0249916	-2.69179	-0.258083	0.990438	-0.0451955	0.0273486	-0.0267015	-0.699455	0.246191	0.230565	0	0	0.536341	-0.163679	0.3366	0.64499	-0.180801	0	0	-0.103264	-0.0888664	0.501071	0.810872	-0.484591	1.39226	1.85943	1.22969	0	0	-0.524594	-0.394838	-0.506777	1.23103	1.09847	0	0
2.67762	0.0574552	0.0229016	-2.69117	-0.25871	0.99058	-0.0495179	0.0275142	-0.0238974	-0.699677	0.246636	0.232186	0	0	0.549502	-0.161023	0.343734	0.661076	-0.210262	0	0	-0.105591	-0.0959818	0.513524	0.793961	-0.490334	1.39083	1.86232	1.2293	0	0	-0.526334	-0.398667	-0.519405	1.19399	1.04616	0	0
2.68761	0.0569707	0.0207768	-2.6911	-0.259416	0.990735	-0.0537383	0.0275746	-0.0212412	-0.699864	0.246985	0.233616	0	0	0.562023	-0.158159	0.350916	0.676317	-0.240271	0	0	-0.107434	-0.103264	0.525902	0.776997	-0.495797	1.38887	1.8648	1.22973	0	0	-0.527345	-0.403395	-0.529889	1.15685	0.991946	0	0
2.6976	0.056525	0.0186659	-2.69161	-0.260195	0.990902	-0.057861	0.0276046	-0.0187	-0.699961	0.247255	0.234853	0	0	0.573934	-0.155132	0.358199	0.690687	-0.270693	0	0	-0.108758	-0.110666	0.538065	0.760078	-0.500853	1.38648	1.86679	1.23081	0	0	-0.527858	-0.408884	-0.538517	1.11992	0.937138	0	0
2.70759	0.0561414	0.0166112	-2.69271	-0.261042	0.991075	-0.0618911	0.0276612	-0.0162383	-0.699896	0.247463	0.235898	0	0	0.585262	-0.151987	0.365654	0.704171	-0.301371	0	0	-0.109554	-0.118142	0.549881	0.743314	-0.505396	1.38376	1.86825	1.23232	0	0	-0.528093	-0.414981	-0.545613	1.08355	0.883086	0	0
2.71758	0.0558265	0.014645	-2.69441	-0.261949	0.991253	-0.0658332	0.0277794	-0.0138227	-0.699579	0.247623	0.236752	0	0	0.596015	-0.148764	0.373367	0.716766	-0.332144	0	0	-0.109837	-0.125642	0.561227	0.726813	-0.50935	1.38079	1.86917	1.23406	0	0	-0.528244	-0.421525	-0.55146	1.04802	0.830682	0	0
2.72758	0.0555686	0.0127884	-2.69671	-0.262907	0.991432	-0.0696911	0.027968	-0.011425	-0.698903	0.247747	0.23742	0	0	0.60618	-0.145491	0.381441	0.728473	-0.362849	0	0	-0.109649	-0.133115	0.571999	0.710676	-0.512672	1.37762	1.86957	1.23582	0	0	-0.528461	-0.428333	-0.556338	1.0136	0.780622	0	0
2.73757	0.0553435	0.011052	-2.69962	-0.263909	0.991612	-0.0734673	0.0282144	-0.00902427	-0.697745	0.247845	0.237908	0	0	0.615729	-0.142192	0.38998	0.739306	-0.393317	0	0	-0.109041	-0.140513	0.582128	0.694972	-0.515361	1.37424	1.86948	1.23746	0	0	-0.52884	-0.435227	-0.560441	0.980513	0.733097	0	0
2.74756	0.05512	0.00944043	-2.70314	-0.264944	0.991792	-0.0771629	0.0284943	-0.00660561	-0.695977	0.247922	0.23822	0	0	0.624622	-0.138886	0.399083	0.749283	-0.423383	0	0	-0.108069	-0.14778	0.591584	0.679731	-0.517456	1.37064	1.86898	1.23891	0	0	-0.52941	-0.442041	-0.563889	0.948878	0.688006	0	0
2.75755	0.0548601	0.00795609	-2.70729	-0.266006	0.991973	-0.0807785	0.0287719	-0.00415443	-0.693472	0.247981	0.238361	0	0	0.63281	-0.135596	0.408837	0.75843	-0.452879	0	0	-0.106791	-0.154861	0.600371	0.664965	-0.519028	1.36674	1.86814	1.24018	0	0	-0.530141	-0.448611	-0.566799	0.918774	0.64532	0	0
2.76754	0.0545228	0.00660256	-2.71206	-0.267086	0.992153	-0.0843151	0.0290065	-0.0016523	-0.690125	0.248017	0.238336	0	0	0.640239	-0.132351	0.419314	0.766775	-0.481634	0	0	-0.105265	-0.161698	0.608521	0.650682	-0.520173	1.3625	1.86708	1.24131	0	0	-0.530945	-0.454783	-0.569311	0.890231	0.605219	0	0
2.77753	0.0540675	0.00538637	-2.71748	-0.268177	0.992332	-0.0877742	0.0291573	0.000922756	-0.68588	0.248017	0.238149	0	0	0.646858	-0.12919	0.430562	0.774352	-0.50947	0	0	-0.103542	-0.168232	0.616096	0.636894	-0.521006	1.35789	1.86589	1.24238	0	0	-0.531684	-0.460411	-0.5716	0.863247	0.568142	0	0
2.78752	0.0534584	0.00431648	-2.72357	-0.269271	0.992512	-0.091158	0.0291897	0.00359208	-0.680715	0.247973	0.237801	0	0	0.652619	-0.126165	0.44259	0.781207	-0.536194	0	0	-0.101669	-0.174399	0.623192	0.623628	-0.52166	1.35291	1.86468	1.24347	0	0	-0.532188	-0.465383	-0.573773	0.837786	0.534316	0	0
2.79751	0.0526655	0.00340163	-2.73037	-0.270361	0.992691	-0.09447	0.029076	0.00637377	-0.674632	0.247879	0.237293	0	0	0.657477	-0.123337	0.455357	0.787389	-0.561596	0	0	-0.0996852	-0.180143	0.629925	0.61093	-0.522275	1.3476	1.86356	1.24463	0	0	-0.532271	-0.469617	-0.575873	0.813803	0.503721	0	0
2.8075	0.0516667	0.00264961	-2.73791	-0.271441	0.992869	-0.0977144	0.0287977	0.009281	-0.667641	0.247735	0.236626	0	0	0.66139	-0.12078	0.468783	0.792959	-0.585443	0	0	-0.0976218	-0.185411	0.636416	0.598874	-0.522978	1.34206	1.86264	1.2459	0	0	-0.531753	-0.473055	-0.577912	0.791267	0.47614	0	0
2.8175	0.0504547	0.00206967	-2.74626	-0.272505	0.993047	-0.100897	0.0283536	0.0123219	-0.659756	0.247549	0.235799	0	0	0.66433	-0.118568	0.482746	0.797979	-0.60749	0	0	-0.0954913	-0.190163	0.642762	0.587509	-0.523852	1.33636	1.86195	1.24727	0	0	-0.5305	-0.475647	-0.579914	0.770192	0.451222	0	0
2.82749	0.0490355	0.00167313	-2.75545	-0.273553	0.993223	-0.104022	0.0277576	0.0154999	-0.650992	0.247334	0.234814	0	0	0.666282	-0.116782	0.497089	0.802516	-0.627488	0	0	-0.0932866	-0.194367	0.649028	0.576861	-0.524935	1.33057	1.8615	1.24869	0	0	-0.528425	-0.477346	-0.581938	0.750655	0.428588	0	0
2.83748	0.0474254	0.00147282	-2.76553	-0.27458	0.993398	-0.107096	0.0270338	0.0188144	-0.641368	0.247111	0.233675	0	0	0.667247	-0.115497	0.511623	0.806641	-0.64521	0	0	-0.0909858	-0.198002	0.655243	0.566944	-0.526224	1.32471	1.86126	1.25008	0	0	-0.5255	-0.478096	-0.584117	0.732819	0.408015	0	0
2.84747	0.0456474	0.00147991	-2.77652	-0.275587	0.993571	-0.110125	0.026211	0.022259	-0.630906	0.2469	0.232386	0	0	0.667236	-0.114785	0.526136	0.810427	-0.660468	0	0	-0.088559	-0.201054	0.661399	0.557763	-0.527683	1.31886	1.86119	1.25134	0	0	-0.521752	-0.47783	-0.586657	0.716932	0.389476	0	0
2.85746	0.0437286	0.0016998	-2.78845	-0.276573	0.993741	-0.113112	0.0253186	0.0258186	-0.619632	0.246724	0.230959	0	0	0.666275	-0.114702	0.540404	0.813945	-0.673136	0	0	-0.0859774	-0.20352	0.66745	0.549332	-0.529249	1.31308	1.86121	1.25236	0	0	-0.517248	-0.476466	-0.58984	0.703318	0.373173	0	0
2.86745	0.0416971	0.00213008	-2.80131	-0.277535	0.993911	-0.116062	0.0243825	0.0294692	-0.60758	0.246604	0.229407	0	0	0.664392	-0.115281	0.554195	0.817266	-0.683198	0	0	-0.0832204	-0.205405	0.673316	0.541677	-0.530845	1.30745	1.86125	1.25306	0	0	-0.51207	-0.473917	-0.594017	0.692344	0.359508	0	0
2.87744	0.0395797	0.00276104	-2.81508	-0.278471	0.99408	-0.118976	0.0234232	0.03318	-0.594797	0.246557	0.227749	0	0	0.661628	-0.116538	0.567282	0.820449	-0.690794	0	0	-0.0802804	-0.20672	0.678889	0.534833	-0.532387	1.30209	1.86122	1.25343	0	0	-0.506296	-0.470091	-0.599585	0.684395	0.349047	0	0
2.88743	0.0374005	0.00357761	-2.82971	-0.279378	0.99425	-0.121855	0.0224553	0.0369174	-0.581349	0.246599	0.226006	0	0	0.658034	-0.118464	0.579448	0.823541	-0.696216	0	0	-0.0771634	-0.207485	0.684032	0.528838	-0.53379	1.29711	1.86106	1.25351	0	0	-0.499983	-0.464907	-0.60695	0.679839	0.342456	0	0
2.89742	0.0351804	0.00456159	-2.84513	-0.280251	0.994424	-0.124699	0.0214863	0.0406495	-0.567326	0.246737	0.224197	0	0	0.653671	-0.121031	0.590499	0.826582	-0.699827	0	0	-0.0738893	-0.207719	0.688593	0.523722	-0.534972	1.29259	1.86071	1.25337	0	0	-0.493148	-0.458314	-0.616483	0.679009	0.340418	0	0
2.90742	0.0329341	0.00569178	-2.86124	-0.281083	0.994604	-0.127506	0.0205131	0.0443492	-0.552834	0.246965	0.222338	0	0	0.648602	-0.124197	0.600266	0.829604	-0.702008	0	0	-0.0704926	-0.20745	0.692408	0.519513	-0.535852	1.28866	1.86012	1.25308	0	0	-0.485759	-0.450294	-0.628464	0.682177	0.343481	0	0
2.91741	0.0306691	0.00694384	-2.87792	-0.28187	0.994791	-0.130274	0.0195203	0.0479913	-0.538	0.247269	0.22044	0	0	0.642894	-0.127904	0.608616	0.832625	-0.703127	0	0	-0.0670238	-0.206704	0.695311	0.516218	-0.536365	1.28537	1.85925	1.2527	0	0	-0.477722	-0.440886	-0.643024	0.689535	0.351975	0	0
2.9274	0.0283845	0.00829115	-2.89503	-0.282605	0.994989	-0.132996	0.0184834	0.0515524	-0.522959	0.247626	0.218512	0	0	0.636609	-0.132086	0.615453	0.835648	-0.703509	0	0	-0.0635471	-0.205508	0.697148	0.513823	-0.536466	1.28279	1.8581	1.25225	0	0	-0.468871	-0.430192	-0.660104	0.701186	0.365923	0	0
2.93739	0.026073	0.00970476	-2.91242	-0.28328	0.995199	-0.135668	0.0173746	0.0550086	-0.507852	0.248013	0.216565	0	0	0.629807	-0.136675	0.620714	0.838659	-0.703432	0	0	-0.0601367	-0.203892	0.69779	0.51229	-0.536133	1.28093	1.85666	1.25173	0	0	-0.458971	-0.418382	-0.679416	0.717141	0.384956	0	0
2.94738	0.0237241	0.011153	-2.92995	-0.283888	0.995426	-0.138284	0.01617	0.0583336	-0.49281	0.248414	0.214605	0	0	0.62254	-0.1416	0.624383	0.841626	-0.703119	0	0	-0.0568702	-0.201886	0.697128	0.511574	-0.535362	1.27979	1.85496	1.25112	0	0	-0.447728	-0.405689	-0.700444	0.737326	0.408281	0	0
2.95737	0.0213247	0.0126039	-2.94746	-0.28442	0.995669	-0.140836	0.0148529	0.0614991	-0.477961	0.24883	0.21264	0	0	0.614861	-0.146785	0.62648	0.844501	-0.702742	0	0	-0.0538213	-0.199526	0.695069	0.511621	-0.53416	1.27935	1.85299	1.25037	0	0	-0.43481	-0.392382	-0.722585	0.761609	0.435134	0	0
2.96736	0.018859	0.0140272	-2.96479	-0.284869	0.99593	-0.143318	0.0134123	0.064478	-0.463423	0.249269	0.210678	0	0	0.606813	-0.152161	0.627064	0.847224	-0.702421	0	0	-0.0510558	-0.196849	0.691543	0.512368	-0.532546	1.27958	1.85077	1.24945	0	0	-0.419855	-0.37876	-0.745166	0.789806	0.464845	0	0
2.97735	0.0163089	0.0153919	-2.98181	-0.285228	0.99621	-0.145722	0.0118408	0.0672425	-0.449296	0.249746	0.208734	0	0	0.598434	-0.157662	0.626222	0.849727	-0.702231	0	0	-0.0486299	-0.193903	0.686505	0.51375	-0.530549	1.28041	1.84832	1.24833	0	0	-0.402476	-0.365147	-0.767454	0.821671	0.496873	0	0
2.98734	0.0136533	0.0166645	-2.99838	-0.285491	0.996509	-0.148042	0.0101347	0.0697631	-0.43566	0.250283	0.206831	0	0	0.58975	-0.163226	0.624061	0.85194	-0.702206	0	0	-0.0465928	-0.19075	0.679942	0.515688	-0.528207	1.28179	1.84565	1.24698	0	0	-0.382269	-0.35189	-0.788632	0.856899	0.530789	0	0
2.99734	0.0108718	0.0178128	-3.01439	-0.28565	0.996829	-0.150274	0.00829651	0.0720119	-0.422589	0.250908	0.204996	0	0	0.580786	-0.168799	0.620705	0.853789	-0.702336	0	0	-0.0449836	-0.187465	0.671873	0.518087	-0.525572	1.2836	1.84278	1.24541	0	0	-0.358809	-0.339374	-0.807729	0.895107	0.566079	0	0
3.00733	0.00794708	0.018808	-3.02971	-0.285701	0.997167	-0.152412	0.00633615	0.0739659	-0.410159	0.251654	0.203264	0	0	0.571568	-0.174335	0.616285	0.855206	-0.702572	0	0	-0.04383	-0.184134	0.662342	0.520841	-0.522705	1.28572	1.83974	1.24362	0	0	-0.331665	-0.328002	-0.823618	0.935846	0.602128	0	0
3.01732	0.0048645	0.0196243	-3.04423	-0.285634	0.997522	-0.154452	0.00426752	0.0756057	-0.39845	0.252553	0.201676	0	0	0.562131	-0.179792	0.610934	0.856132	-0.702824	0	0	-0.0431496	-0.18085	0.651417	0.523827	-0.519676	1.288	1.83656	1.2416	0	0	-0.300402	-0.318179	-0.835023	0.978609	0.638215	0	0
3.02731	0.00161252	0.0202387	-3.05784	-0.285443	0.997891	-0.156389	0.00210584	0.0769151	-0.387548	0.253634	0.200279	0	0	0.552514	-0.185136	0.604781	0.856523	-0.702957	0	0	-0.042952	-0.177711	0.639182	0.52691	-0.516563	1.29029	1.83329	1.23931	0	0	-0.26459	-0.310276	-0.84055	1.02286	0.673558	0	0
3.0373	-0.00182145	0.0206293	-3.07043	-0.28512	0.998271	-0.158213	-0.000139765	0.0778781	-0.377547	0.254918	0.199123	0	0	0.542759	-0.19033	0.597942	0.856352	-0.702788	0	0	-0.0432451	-0.174819	0.625734	0.529941	-0.513457	1.2924	1.82996	1.23673	0	0	-0.223813	-0.30458	-0.83874	1.06808	0.707368	0	0
3.04729	-0.00545006	0.0207788	-3.0819	-0.284657	0.998657	-0.159914	-0.00246618	0.0784819	-0.368544	0.256415	0.198254	0	0	0.532906	-0.19534	0.590523	0.855611	-0.702087	0	0	-0.0440349	-0.172267	0.611182	0.532765	-0.510458	1.29418	1.82665	1.23382	0	0	-0.177676	-0.301249	-0.828136	1.11375	0.738925	0	0
3.05728	-0.00927528	0.0206844	-3.09214	-0.284051	0.999041	-0.161477	-0.00486341	0.0787285	-0.360624	0.258129	0.197713	0	0	0.523005	-0.200149	0.582609	0.854307	-0.700579	0	0	-0.045313	-0.17013	0.595647	0.535224	-0.507677	1.29545	1.82341	1.23056	0	0	-0.125817	-0.300248	-0.807407	1.15946	0.767918	0	0
3.06727	-0.0132802	0.0203632	-3.10109	-0.283297	0.999413	-0.162884	-0.00730583	0.0786383	-0.353853	0.260056	0.197535	0	0	0.513117	-0.204759	0.574266	0.852466	-0.697946	0	0	-0.047047	-0.168447	0.579273	0.537151	-0.505231	1.29607	1.82032	1.22699	0	0	-0.067911	-0.301323	-0.775385	1.20482	0.794288	0	0
3.07726	-0.0174265	0.0198508	-3.10869	-0.2824	0.999761	-0.164112	-0.0097523	0.0782487	-0.348274	0.262182	0.197743	0	0	0.503314	-0.209191	0.56554	0.850128	-0.69385	0	0	-0.0491784	-0.167221	0.56222	0.538371	-0.503241	1.29588	1.81746	1.22315	0	0	-0.00368495	-0.303977	-0.731135	1.24949	0.81815	0	0
3.08726	-0.0216545	0.0192002	-3.11494	-0.281365	1.00007	-0.165135	-0.0121483	0.0776129	-0.343902	0.264481	0.198344	0	0	0.493674	-0.213481	0.556461	0.847345	-0.687951	0	0	-0.0516229	-0.166414	0.544665	0.538705	-0.501822	1.29474	1.81493	1.21913	0	0	0.0670867	-0.307457	-0.67405	1.29317	0.839767	0	0
3.09725	-0.0258844	0.0184786	-3.11986	-0.28021	1.00033	-0.165927	-0.0144306	0.0767959	-0.340718	0.266908	0.199319	0	0	0.484273	-0.217684	0.547031	0.844166	-0.679954	0	0	-0.0542737	-0.165944	0.526795	0.537987	-0.501081	1.29253	1.8128	1.2151	0	0	0.144569	-0.310753	-0.603967	1.33551	0.859567	0	0
3.10724	-0.030025	0.0177609	-3.12353	-0.278956	1.00052	-0.166458	-0.0165376	0.075867	-0.338668	0.269398	0.200627	0	0	0.475176	-0.22186	0.53723	0.840632	-0.669665	0	0	-0.0570124	-0.165686	0.508778	0.536094	-0.501093	1.28919	1.81116	1.21122	0	0	0.228835	-0.312608	-0.521356	1.37612	0.878392	0	0
3.11723	-0.0339706	0.0171246	-3.12605	-0.277633	1.00064	-0.166704	-0.0184034	0.074895	-0.337654	0.271869	0.202203	0	0	0.466429	-0.22608	0.52701	0.836765	-0.657035	0	0	-0.0597051	-0.165478	0.490767	0.532953	-0.501895	1.28473	1.81003	1.20767	0	0	0.319824	-0.311557	-0.427409	1.41457	0.89749	0	0
3.12722	-0.0376225	0.0166295	-3.1276	-0.276279	1.00067	-0.166649	-0.0199813	0.0739307	-0.337538	0.274228	0.203972	0	0	0.458046	-0.230398	0.516288	0.832567	-0.642133	0	0	-0.0622227	-0.165185	0.47288	0.528551	-0.503475	1.27918	1.80944	1.20461	0	0	0.417079	-0.306405	-0.32352	1.45052	0.917965	0	0
3.13721	-0.0408867	0.0163098	-3.12837	-0.274939	1.00062	-0.166288	-0.0212359	0.0730005	-0.338142	0.276373	0.205852	0	0	0.450006	-0.234856	0.504943	0.828017	-0.62512	0	0	-0.0644426	-0.164706	0.455187	0.52296	-0.505752	1.27266	1.80936	1.20222	0	0	0.519763	-0.29627	-0.211337	1.48376	0.940649	0	0
3.1472	-0.0436664	0.0161741	-3.1286	-0.273658	1.0005	-0.165629	-0.0221293	0.0721071	-0.339237	0.278207	0.207748	0	0	0.442266	-0.239483	0.492802	0.823073	-0.606216	0	0	-0.0662392	-0.163973	0.437691	0.516358	-0.508569	1.2654	1.80971	1.20063	0	0	0.626659	-0.280606	-0.0928337	1.51415	0.966018	0	0
3.15719	-0.0458568	0.016208	-3.12861	-0.27248	1.00033	-0.164693	-0.0226124	0.0712328	-0.340536	0.279635	0.209555	0	0	0.434765	-0.244307	0.479629	0.817671	-0.585677	0	0	-0.0674735	-0.162935	0.420335	0.509036	-0.511697	1.25776	1.81036	1.19993	0	0	0.736196	-0.259207	0.029659	1.54171	0.994164	0	0
3.16718	-0.047348	0.0163774	-3.12874	-0.271448	1.00012	-0.163509	-0.0226248	0.0703452	-0.341705	0.280574	0.211158	0	0	0.427422	-0.249364	0.465117	0.811726	-0.563773	0	0	-0.0679871	-0.161552	0.403045	0.501368	-0.514856	1.2502	1.81111	1.20008	0	0	0.846497	-0.232159	0.153483	1.56659	1.02489	0	0
3.17718	-0.0480277	0.0166349	-3.12935	-0.270593	0.999918	-0.162122	-0.0220965	0.0694046	-0.342368	0.280945	0.212436	0	0	0.420143	-0.254704	0.448885	0.805135	-0.540771	0	0	-0.0675962	-0.159776	0.385768	0.49376	-0.517758	1.24321	1.81176	1.201	0	0	0.955449	-0.199782	0.275741	1.58901	1.0578	0	0
3.18717	-0.0477889	0.0169237	-3.13085	-0.269937	0.99974	-0.160577	-0.0209533	0.0683687	-0.342121	0.280678	0.21327	0	0	0.412821	-0.260391	0.430491	0.797773	-0.516931	0	0	-0.0660899	-0.157551	0.368535	0.486581	-0.520146	1.23728	1.8121	1.20255	0	0	1.06079	-0.162553	0.393454	1.60924	1.09239	0	0
3.19716	-0.0465418	0.0171804	-3.13361	-0.269494	0.999619	-0.158928	-0.0191289	0.0671934	-0.340565	0.279716	0.213545	0	0	0.40533	-0.266494	0.409464	0.789507	-0.492519	0	0	-0.0632427	-0.15481	0.351495	0.480085	-0.521842	1.23275	1.81195	1.20459	0	0	1.16022	-0.121051	0.503808	1.62749	1.12803	0	0
3.20715	-0.0442326	0.0173348	-3.13798	-0.269264	0.999575	-0.157222	-0.0165822	0.0658324	-0.337335	0.27802	0.213165	0	0	0.397529	-0.273067	0.385343	0.780197	-0.46781	0	0	-0.0588381	-0.151496	0.334959	0.474335	-0.522784	1.22974	1.81122	1.20706	0	0	1.25157	-0.0759199	0.604419	1.64386	1.16399	0	0
3.21714	-0.0408552	0.0173136	-3.14421	-0.269242	0.999621	-0.155504	-0.0133108	0.0642401	-0.332136	0.275565	0.212057	0	0	0.389257	-0.280139	0.357731	0.76971	-0.4431	0	0	-0.0526998	-0.147568	0.319355	0.469208	-0.523019	1.22811	1.80987	1.2099	0	0	1.33297	-0.0278964	0.693532	1.65832	1.1992	0	0
3.22713	-0.036467	0.0170413	-3.15248	-0.269415	0.999762	-0.153813	-0.00936727	0.0623729	-0.324781	0.272345	0.210186	0	0	0.380341	-0.287691	0.326346	0.75794	-0.418685	0	0	-0.0447416	-0.143025	0.305143	0.464456	-0.52268	1.22756	1.80794	1.21302	0	0	1.40303	0.0221658	0.770133	1.67076	1.23231	0	0
3.23712	-0.0312023	0.0164422	-3.16281	-0.269762	0.999997	-0.152184	-0.00487381	0.06019	-0.315219	0.268371	0.207552	0	0	0.370599	-0.295642	0.291083	0.74482	-0.394838	0	0	-0.0350215	-0.137914	0.292713	0.45981	-0.521932	1.22771	1.80553	1.2162	0	0	1.46096	0.0732817	0.83395	1.68111	1.26176	0	0
3.24711	-0.0252739	0.0154431	-3.1751	-0.270252	1.00032	-0.15064	-2.23699e-05	0.057653	-0.303552	0.263665	0.204198	0	0	0.35985	-0.303833	0.252058	0.73034	-0.371793	0	0	-0.0237794	-0.132335	0.282281	0.45509	-0.520932	1.2282	1.80277	1.21909	0	0	1.5067	0.12435	0.885328	1.68938	1.28648	0	0
3.2571	-0.0189505	0.0139801	-3.18913	-0.270844	1.00072	-0.149204	0.00495399	0.0547315	-0.290012	0.258271	0.2002	0	0	0.347943	-0.312037	0.209619	0.714554	-0.349716	0	0	-0.0114422	-0.126446	0.273866	0.45025	-0.519798	1.22878	1.79982	1.22131	0	0	1.54104	0.174202	0.925154	1.69576	1.30601	0	0
3.2671	-0.0125189	0.0120128	-3.2046	-0.271482	1.00119	-0.14789	0.00982553	0.051415	-0.274939	0.252254	0.195665	0	0	0.334794	-0.319977	0.164353	0.697595	-0.328704	0	0	0.00140147	-0.120445	0.267305	0.445377	-0.518608	1.22927	1.79683	1.22253	0	0	1.56538	0.22167	0.954771	1.70057	1.3204	0	0
3.27709	-0.00621397	0.00953653	-3.22112	-0.272093	1.0017	-0.146707	0.0144537	0.0477223	-0.258763	0.245722	0.190736	0	0	0.320466	-0.32736	0.117065	0.679677	-0.308767	0	0	0.0140722	-0.114558	0.262308	0.440635	-0.517411	1.22955	1.79398	1.22272	0	0	1.58144	0.265674	0.975892	1.70422	1.33013	0	0
3.28708	-6.82109e-05	0.00655869	-3.23829	-0.272617	1.00222	-0.145647	0.0189663	0.0436542	-0.241998	0.238922	0.185644	0	0	0.305307	-0.333907	0.06868	0.661079	-0.28982	0	0	0.0261718	-0.108986	0.258571	0.436027	-0.516253	1.22934	1.79142	1.22262	0	0	1.59099	0.30538	0.990316	1.70713	1.33596	0	0
3.29707	0.00584243	0.00313324	-3.25565	-0.273005	1.00271	-0.144685	0.0234075	0.0392425	-0.225169	0.232069	0.180592	0	0	0.289635	-0.339383	0.0202131	0.642078	-0.271683	0	0	0.0373149	-0.103858	0.255672	0.431646	-0.515149	1.22857	1.78927	1.22251	0	0	1.59568	0.340118	0.999762	1.70976	1.33871	0	0
3.30706	0.0113946	-0.000640294	-3.27272	-0.273224	1.00316	-0.143783	0.0277302	0.034548	-0.208778	0.225342	0.17575	0	0	0.273714	-0.343617	-0.0272947	0.622932	-0.254116	0	0	0.0471286	-0.0992331	0.253127	0.427633	-0.514102	1.22727	1.78758	1.22235	0	0	1.59698	0.369418	1.00579	1.71255	1.33919	0	0
3.31705	0.0164174	-0.00462225	-3.28904	-0.273258	1.00355	-0.142895	0.0317945	0.0296558	-0.193283	0.218873	0.171243	0	0	0.257727	-0.346504	-0.0728324	0.603864	-0.236852	0	0	0.0552447	-0.0951092	0.250447	0.42415	-0.513121	1.22557	1.7864	1.22185	0	0	1.59608	0.393013	1.00975	1.71583	1.33808	0	0
3.32704	0.0207026	-0.00864422	-3.30419	-0.273101	1.00388	-0.141968	0.0353852	0.0246644	-0.17908	0.212752	0.16715	0	0	0.241772	-0.348004	-0.11547	0.585047	-0.219637	0	0	0.0613011	-0.0914358	0.247174	0.421357	-0.512226	1.22361	1.78573	1.22054	0	0	1.59396	0.410832	1.01272	1.7198	1.33589	0	0
3.33703	0.0240346	-0.0125287	-3.31783	-0.272759	1.00417	-0.140952	0.0382571	0.0196712	-0.166482	0.207039	0.163504	0	0	0.225889	-0.34813	-0.154397	0.566611	-0.202244	0	0	0.0649704	-0.0881296	0.242923	0.419379	-0.51146	1.22153	1.78558	1.21807	0	0	1.59129	0.42298	1.01558	1.72457	1.33298	0	0
3.34702	0.0262666	-0.0161205	-3.32966	-0.272242	1.00441	-0.139796	0.0402392	0.0147535	-0.155727	0.201796	0.160314	0	0	0.210138	-0.346931	-0.188955	0.548649	-0.184486	0	0	0.0660555	-0.0850947	0.237433	0.418238	-0.510882	1.21936	1.78591	1.21448	0	0	1.58855	0.429728	1.01892	1.73009	1.32947	0	0
3.35702	0.0275185	-0.0193512	-3.33952	-0.271569	1.00462	-0.138463	0.0415122	0.00993185	-0.147011	0.1972	0.157646	0	0	0.194826	-0.344469	-0.218646	0.531258	-0.166223	0	0	0.0647527	-0.0822596	0.230674	0.417659	-0.510574	1.21686	1.78665	1.21077	0	0	1.58601	0.431543	1.02321	1.7362	1.32525	0	0
3.36701	0.0278778	-0.0221778	-3.34733	-0.27077	1.00479	-0.13692	0.0421764	0.00520698	-0.140411	0.193352	0.155508	0	0	0.180137	-0.340808	-0.243126	0.514464	-0.147361	0	0	0.061311	-0.0795512	0.222655	0.417421	-0.510579	1.21389	1.78768	1.20744	0	0	1.58374	0.428918	1.02867	1.74267	1.32016	0	0
3.377	0.0274057	-0.0245869	-3.35304	-0.269885	1.00492	-0.135147	0.0422555	0.000559837	-0.135896	0.190268	0.153858	0	0	0.166146	-0.336002	-0.262198	0.498237	-0.127872	0	0	0.056054	-0.0768974	0.213403	0.417362	-0.51089	1.21049	1.78881	1.20451	0	0	1.58169	0.42233	1.03531	1.74933	1.31404	0	0
3.38699	0.0261718	-0.0265916	-3.35669	-0.268969	1.00504	-0.133133	0.0417446	-0.00404107	-0.133367	0.18791	0.152622	0	0	0.15287	-0.330101	-0.275776	0.482507	-0.107822	0	0	0.049417	-0.0742273	0.203028	0.417233	-0.511502	1.20659	1.78984	1.20202	0	0	1.57965	0.412319	1.04293	1.75592	1.30674	0	0
3.39698	0.0242599	-0.0282209	-3.35837	-0.268059	1.00515	-0.130876	0.0406538	-0.0086208	-0.132682	0.186204	0.151715	0	0	0.140324	-0.323161	-0.283864	0.46722	-0.0873888	0	0	0.0417714	-0.0715103	0.191714	0.416782	-0.512402	1.20215	1.79062	1.19988	0	0	1.57733	0.399403	1.05139	1.76221	1.29824	0	0
3.40697	0.0217556	-0.0295127	-3.35819	-0.26718	1.00527	-0.128383	0.0390017	-0.013197	-0.13366	0.185055	0.151049	0	0	0.128508	-0.315252	-0.286605	0.452337	-0.0668559	0	0	0.03342	-0.0687505	0.179682	0.415786	-0.513567	1.1971	1.79101	1.19783	0	0	1.57433	0.384059	1.06061	1.76793	1.28866	0	0
3.41696	0.0187447	-0.0305035	-3.35633	-0.266345	1.00542	-0.125669	0.0368135	-0.0177722	-0.136096	0.184361	0.150541	0	0	0.117406	-0.306475	-0.284302	0.437834	-0.0465814	0	0	0.0246042	-0.0659707	0.167176	0.414054	-0.514969	1.19139	1.79095	1.19536	0	0	1.5702	0.366719	1.07053	1.77286	1.27835	0	0
3.42695	0.0153104	-0.031221	-3.35297	-0.265559	1.00561	-0.12275	0.0341151	-0.0223299	-0.139768	0.18401	0.150115	0	0	0.106985	-0.296963	-0.27742	0.423703	-0.0269387	0	0	0.0155086	-0.0631987	0.154448	0.411431	-0.516582	1.18501	1.7904	1.19176	0	0	1.56444	0.347764	1.08105	1.77684	1.26785	0	0
3.43694	0.0116619	-0.0317189	-3.34831	-0.264822	1.00583	-0.119649	0.0311208	-0.0268595	-0.144493	0.183977	0.149753	0	0	0.0973632	-0.286878	-0.266592	0.409989	-0.0082282	0	0	0.00643718	-0.0604693	0.141763	0.407727	-0.518372	1.17786	1.78938	1.18692	0	0	1.55657	0.327524	1.0921	1.77972	1.25754	0	0
3.44694	0.00804213	-0.0320532	-3.34256	-0.264127	1.00608	-0.116386	0.0280978	-0.0313473	-0.150102	0.184258	0.149458	0	0	0.0886987	-0.276404	-0.252596	0.396764	0.00934105	0	0	-0.00229953	-0.0578128	0.129378	0.402758	-0.520313	1.16986	1.78789	1.18107	0	0	1.54617	0.30628	1.10359	1.78143	1.24775	0	0
3.45693	0.00468456	-0.0322719	-3.3359	-0.263469	1.00634	-0.112983	0.0253087	-0.0357769	-0.156431	0.184849	0.149241	0	0	0.0811452	-0.265734	-0.236325	0.384116	0.0256651	0	0	-0.0104332	-0.0552484	0.117537	0.396378	-0.52239	1.1609	1.78599	1.17461	0	0	1.53295	0.28426	1.11541	1.78194	1.23882	0	0
3.46692	0.00175697	-0.032404	-3.32853	-0.262837	1.00659	-0.109461	0.0229393	-0.0401272	-0.163328	0.185729	0.149107	0	0	0.0747895	-0.255062	-0.218737	0.372127	0.0407466	0	0	-0.0178031	-0.0527829	0.106431	0.388529	-0.524591	1.15093	1.78375	1.16787	0	0	1.51688	0.261628	1.12744	1.78128	1.23102	0	0
3.47691	-0.000642826	-0.0324568	-3.32062	-0.262224	1.00682	-0.10584	0.0210954	-0.0443723	-0.170648	0.186862	0.149056	0	0	0.0696503	-0.244573	-0.200803	0.36087	0.0546702	0	0	-0.0243533	-0.0504077	0.0961948	0.379243	-0.526901	1.13999	1.78124	1.16111	0	0	1.49816	0.238487	1.13956	1.77953	1.22447	0	0
3.4869	-0.00247395	-0.0324194	-3.31234	-0.261618	1.00701	-0.102136	0.0198234	-0.0484832	-0.178251	0.188214	0.149081	0	0	0.0656952	-0.234438	-0.183477	0.350406	0.06757	0	0	-0.0301092	-0.048098	0.0869181	0.368628	-0.529307	1.12812	1.77855	1.15448	0	0	1.47711	0.214898	1.15166	1.7768	1.21924	0	0
3.49689	-0.00374622	-0.0322707	-3.30385	-0.26101	1.00718	-0.0983635	0.0191225	-0.0524367	-0.186012	0.189761	0.149174	0	0	0.0628507	-0.224802	-0.167633	0.340784	0.0795915	0	0	-0.035163	-0.0458217	0.0786401	0.356858	-0.531798	1.11546	1.77575	1.1481	0	0	1.45412	0.190884	1.16366	1.77324	1.21522	0	0
3.50688	-0.00450593	-0.0319853	-3.29527	-0.26039	1.00729	-0.094534	0.0189606	-0.0562174	-0.193816	0.191493	0.14933	0	0	0.0610182	-0.215781	-0.154031	0.332039	0.0908642	0	0	-0.0396514	-0.0435445	0.0713616	0.344159	-0.53436	1.10214	1.77289	1.14207	0	0	1.42962	0.166439	1.17547	1.76898	1.21224	0	0
3.51687	-0.00482938	-0.0315397	-3.28671	-0.259751	1.00737	-0.0906553	0.0192739	-0.0598209	-0.201572	0.193404	0.149543	0	0	0.0600815	-0.207446	-0.143266	0.324192	0.101485	0	0	-0.0437417	-0.0412387	0.0650369	0.330792	-0.536974	1.08835	1.77003	1.13647	0	0	1.40397	0.141536	1.18702	1.76417	1.21009	0	0
3.52687	-0.00480932	-0.0309168	-3.27826	-0.259085	1.0074	-0.0867315	0.0199821	-0.0632564	-0.209216	0.195493	0.149806	0	0	0.0599197	-0.199832	-0.135728	0.317251	0.111514	0	0	-0.0476134	-0.0388887	0.0595784	0.317039	-0.53962	1.07427	1.76716	1.13133	0	0	1.37753	0.116136	1.19824	1.75892	1.20856	0	0
3.53686	-0.00453992	-0.0301099	-3.26994	-0.258386	1.00738	-0.0827631	0.0210065	-0.0665477	-0.216714	0.19777	0.150117	0	0	0.0604203	-0.192929	-0.131585	0.311204	0.120968	0	0	-0.0514385	-0.0364944	0.0548653	0.303182	-0.542266	1.06008	1.76429	1.12665	0	0	1.35056	0.0901911	1.20902	1.75331	1.20746	0	0
3.54685	-0.00410398	-0.0291234	-3.2618	-0.257649	1.00734	-0.0787481	0.0222841	-0.0697316	-0.224049	0.200254	0.150473	0	0	0.0614865	-0.186691	-0.130778	0.306018	0.129824	0	0	-0.055366	-0.0340704	0.0507521	0.289496	-0.544875	1.04596	1.7614	1.12243	0	0	1.32327	0.0636539	1.21921	1.74742	1.20669	0	0
3.55684	-0.00356653	-0.0279706	-3.25384	-0.25687	1.00726	-0.0746819	0.0237733	-0.0728528	-0.23122	0.202973	0.150868	0	0	0.0630361	-0.181045	-0.133041	0.301633	0.138027	0	0	-0.0595134	-0.0316422	0.0470778	0.276246	-0.547408	1.03207	1.75843	1.11867	0	0	1.29576	0.036472	1.22863	1.74131	1.20619	0	0
3.56683	-0.00297064	-0.0266716	-3.24604	-0.256046	1.00716	-0.0705593	0.0254576	-0.0759609	-0.238221	0.205958	0.151295	0	0	0.0650007	-0.175895	-0.137928	0.297961	0.145492	0	0	-0.0639615	-0.0292431	0.0436737	0.26369	-0.549828	1.01856	1.75533	1.11547	0	0	1.26809	0.00858817	1.23704	1.735	1.20602	0	0
3.57682	-0.00233557	-0.0252525	-3.2384	-0.255179	1.00704	-0.0663745	0.0273465	-0.0791078	-0.245041	0.209242	0.151741	0	0	0.0673279	-0.171132	-0.144846	0.294901	0.152125	0	0	-0.0687507	-0.0269126	0.0403707	0.252068	-0.552095	1.0056	1.75204	1.11295	0	0	1.24022	-0.0200593	1.24417	1.72857	1.20631	0	0
3.58681	-0.00164734	-0.0237445	-3.23092	-0.254268	1.00689	-0.0621222	0.0294864	-0.082347	-0.251671	0.212861	0.152188	0	0	0.0699984	-0.166644	-0.153105	0.292358	0.157847	0	0	-0.0738692	-0.0246961	0.0370128	0.241584	-0.554175	0.993331	1.74852	1.11123	0	0	1.21207	-0.0495246	1.24973	1.72205	1.20715	0	0
3.5968	-0.000868187	-0.0221808	-3.2236	-0.253315	1.00673	-0.0577985	0.0319462	-0.0857272	-0.258088	0.216842	0.152611	0	0	0.0730133	-0.162321	-0.16197	0.29025	0.162601	0	0	-0.0792664	-0.022642	0.0334653	0.232407	-0.556034	0.981853	1.7447	1.11047	0	0	1.1835	-0.079849	1.25342	1.71549	1.20859	0	0
3.60679	5.30937e-05	-0.0205927	-3.21646	-0.252326	1.00654	-0.0534015	0.0348031	-0.089289	-0.264249	0.221192	0.152972	0	0	0.0763853	-0.158067	-0.170725	0.288506	0.166363	0	0	-0.0848674	-0.020799	0.0296247	0.224667	-0.557645	0.971253	1.74055	1.11079	0	0	1.15435	-0.11105	1.255	1.70893	1.21061	0	0
3.61679	0.00116854	-0.019007	-3.20955	-0.251303	1.00633	-0.0489316	0.038128	-0.0930605	-0.270087	0.225894	0.153217	0	0	0.0801256	-0.153808	-0.178744	0.287081	0.169144	0	0	-0.0905932	-0.0192118	0.0254323	0.218449	-0.558996	0.961583	1.73605	1.11232	0	0	1.12446	-0.143107	1.25421	1.70238	1.21309	0	0
3.62678	0.00252322	-0.0174453	-3.20293	-0.25025	1.00609	-0.0443918	0.041977	-0.0970556	-0.2755	0.230899	0.153267	0	0	0.0842338	-0.149495	-0.185556	0.285946	0.171002	0	0	-0.0963726	-0.0179197	0.020889	0.213801	-0.560094	0.952858	1.73122	1.11513	0	0	1.09364	-0.17595	1.25086	1.69585	1.21586	0	0
3.63677	0.00415126	-0.0159231	-3.19672	-0.249169	1.00581	-0.0397881	0.0463859	-0.101271	-0.280356	0.236121	0.153025	0	0	0.0886888	-0.145105	-0.19089	0.285074	0.172041	0	0	-0.102149	-0.0169549	0.0160663	0.210726	-0.56097	0.945048	1.72607	1.11927	0	0	1.06175	-0.209451	1.24479	1.68932	1.21875	0	0
3.64676	0.00607554	-0.0144491	-3.19106	-0.248063	1.00551	-0.0351297	0.051366	-0.105683	-0.284498	0.241429	0.152367	0	0	0.0934428	-0.140641	-0.194705	0.284424	0.172388	0	0	-0.107878	-0.0163418	0.0111094	0.209171	-0.561674	0.938066	1.72068	1.12468	0	0	1.02862	-0.243424	1.23585	1.68273	1.22161	0	0
3.65675	0.00832459	-0.0130246	-3.18611	-0.246935	1.00519	-0.0304284	0.0569249	-0.110246	-0.287759	0.246661	0.151161	0	0	0.0984378	-0.136128	-0.197186	0.283921	0.172173	0	0	-0.113508	-0.0160915	0.00621675	0.209049	-0.562267	0.9318	1.71511	1.13126	0	0	0.994071	-0.277642	1.22386	1.67603	1.22454	0	0
3.66674	0.0109462	-0.0116441	-3.18208	-0.245787	1.00486	-0.0256987	0.0630817	-0.114896	-0.28998	0.251626	0.149268	0	0	0.103621	-0.131609	-0.198697	0.28346	0.171513	0	0	-0.118957	-0.0162009	0.00161724	0.210252	-0.562818	0.926134	1.70944	1.13883	0	0	0.957909	-0.311868	1.20862	1.66919	1.22774	0	0
3.67673	0.0140079	-0.010296	-3.17915	-0.244625	1.00453	-0.0209574	0.069866	-0.11955	-0.291019	0.256118	0.146558	0	0	0.108945	-0.12714	-0.199695	0.2829	0.170519	0	0	-0.124116	-0.0166546	-0.00243244	0.212651	-0.56339	0.920948	1.70373	1.14716	0	0	0.919919	-0.345848	1.18987	1.66219	1.23149	0	0
3.68672	0.0175959	-0.00895901	-3.17752	-0.243456	1.0042	-0.0162226	0.0773217	-0.124105	-0.290762	0.259931	0.142916	0	0	0.114373	-0.122783	-0.200655	0.282077	0.169296	0	0	-0.12884	-0.0174209	-0.00565933	0.216094	-0.564051	0.916129	1.69807	1.156	0	0	0.879888	-0.3793	1.16741	1.65506	1.23603	0	0
3.69671	0.0218096	-0.0075996	-3.17739	-0.242289	1.00388	-0.0115134	0.0855037	-0.128443	-0.289132	0.262879	0.138262	0	0	0.119885	-0.118614	-0.202033	0.280823	0.167929	0	0	-0.132958	-0.0184462	-0.00779471	0.220432	-0.564866	0.911588	1.69251	1.1651	0	0	0.837615	-0.411929	1.14103	1.64782	1.24154	0	0
3.70671	0.0267413	-0.00616964	-3.17891	-0.241133	1.00356	-0.00684902	0.094461	-0.132432	-0.286101	0.264818	0.132562	0	0	0.125468	-0.11472	-0.20423	0.278978	0.166471	0	0	-0.136296	-0.0196542	-0.00857705	0.225513	-0.565909	0.907251	1.68714	1.17417	0	0	0.792947	-0.443421	1.11063	1.64051	1.24803	0	0
3.7167	0.0324646	-0.00461364	-3.1822	-0.239997	1.00325	-0.0022478	0.104228	-0.135939	-0.281695	0.265667	0.125848	0	0	0.131115	-0.111193	-0.207568	0.276411	0.16495	0	0	-0.138697	-0.0209524	-0.00777766	0.231194	-0.567247	0.903059	1.68204	1.18293	0	0	0.745797	-0.473461	1.07616	1.63316	1.25529	0	0
3.72669	0.0390278	-0.00287952	-3.18735	-0.238888	1.00294	0.00227412	0.114825	-0.138851	-0.276013	0.265439	0.118237	0	0	0.136824	-0.108118	-0.212263	0.273032	0.163378	0	0	-0.140033	-0.0222423	-0.00524643	0.237375	-0.568934	0.898992	1.67728	1.19113	0	0	0.696126	-0.501771	1.03766	1.62583	1.2631	0	0
3.73668	0.0464354	-0.000926604	-3.19434	-0.237812	1.00264	0.00670329	0.126239	-0.141088	-0.269222	0.264261	0.109946	0	0	0.142587	-0.105559	-0.218421	0.268797	0.16175	0	0	-0.140229	-0.0234327	-0.000913195	0.243993	-0.571005	0.895053	1.67292	1.19862	0	0	0.643972	-0.528115	0.995225	1.61862	1.27114	0	0
3.74667	0.0546367	0.00126849	-3.20311	-0.236775	1.00234	0.0110296	0.13842	-0.142617	-0.261557	0.262398	0.101308	0	0	0.148377	-0.103556	-0.226035	0.263716	0.160053	0	0	-0.139287	-0.0244514	0.00521372	0.25101	-0.573479	0.89125	1.669	1.20528	0	0	0.589471	-0.5523	0.949056	1.61165	1.2791	0	0
3.75666	0.0635267	0.00370598	-3.21351	-0.235777	1.00204	0.0152466	0.151284	-0.143466	-0.253305	0.260267	0.0927706	0	0	0.154152	-0.102114	-0.234993	0.257852	0.158273	0	0	-0.137283	-0.0252576	0.013044	0.258412	-0.576355	0.887594	1.66555	1.21098	0	0	0.532859	-0.574188	0.899419	1.60508	1.28666	0	0
3.76665	0.0729541	0.00636243	-3.22529	-0.234821	1.00176	0.0193528	0.164724	-0.143727	-0.244798	0.258442	0.0848852	0	0	0.159861	-0.101203	-0.245089	0.251315	0.156398	0	0	-0.134358	-0.0258452	0.0224057	0.2662	-0.57961	0.884092	1.6626	1.21562	0	0	0.474469	-0.593702	0.846653	1.5991	1.29357	0	0
3.77664	0.0827318	0.00919772	-3.23815	-0.23391	1.0015	0.0233518	0.178611	-0.143557	-0.236397	0.257639	0.0782694	0	0	0.165448	-0.100763	-0.256029	0.244255	0.154418	0	0	-0.130705	-0.0262373	0.0330571	0.274384	-0.583202	0.880746	1.66013	1.21912	0	0	0.414729	-0.610825	0.791165	1.59394	1.2996	0	0
3.78663	0.0926517	0.0121647	-3.2517	-0.233048	1.00127	0.0272532	0.19281	-0.143163	-0.228478	0.258692	0.0735462	0	0	0.170858	-0.100712	-0.26745	0.236844	0.152331	0	0	-0.126543	-0.0264758	0.0447017	0.282972	-0.587081	0.877546	1.65814	1.22143	0	0	0.354145	-0.625598	0.733431	1.58986	1.30456	0	0
3.79663	0.102486	0.0152225	-3.26552	-0.232241	1.00107	0.0310712	0.207169	-0.142787	-0.221408	0.262504	0.0712635	0	0	0.176029	-0.10096	-0.278955	0.229269	0.150136	0	0	-0.122122	-0.0266067	0.0570148	0.291964	-0.591196	0.874472	1.65661	1.22255	0	0	0.293301	-0.638123	0.674007	1.58712	1.30826	0	0
3.80662	0.111998	0.0183465	-3.27917	-0.231498	1.00092	0.0348237	0.22152	-0.142683	-0.215503	0.269978	0.0718026	0	0	0.180888	-0.10142	-0.290148	0.221716	0.147839	0	0	-0.117712	-0.0266659	0.069656	0.30138	-0.595507	0.871516	1.65551	1.22249	0	0	0.232812	-0.648555	0.613496	1.586	1.31053	0	0
3.81661	0.12095	0.0215256	-3.2922	-0.230829	1.00083	0.0385314	0.235671	-0.1431	-0.211008	0.281931	0.0752967	0	0	0.185357	-0.102008	-0.300649	0.214366	0.145453	0	0	-0.113581	-0.026679	0.0822862	0.311231	-0.599983	0.86867	1.65481	1.22133	0	0	0.173309	-0.657102	0.552548	1.58676	1.31128	0	0
3.8266	0.129131	0.0247574	-3.30421	-0.230245	1.00081	0.0422161	0.249418	-0.144273	-0.208073	0.299009	0.0815709	0	0	0.18937	-0.102636	-0.310107	0.207389	0.143	0	0	-0.10997	-0.0266634	0.0945774	0.321519	-0.604607	0.865924	1.65445	1.21918	0	0	0.115404	-0.664019	0.491832	1.58965	1.31051	0	0
3.83659	0.136362	0.0280468	-3.31482	-0.229758	1.00086	0.0458988	0.26255	-0.146398	-0.206734	0.321631	0.0901301	0	0	0.192872	-0.103222	-0.31821	0.20093	0.140506	0	0	-0.107074	-0.0266271	0.106228	0.332223	-0.609372	0.863265	1.65439	1.21618	0	0	0.0596649	-0.669591	0.432005	1.59485	1.30828	0	0
3.84658	0.142514	0.0314029	-3.32368	-0.22938	1.001	0.0495986	0.27487	-0.149625	-0.206907	0.349972	0.100237	0	0	0.195837	-0.103693	-0.324697	0.195111	0.138005	0	0	-0.105022	-0.0265652	0.116978	0.343297	-0.614289	0.860679	1.65459	1.21251	0	0	0.00659472	-0.674114	0.373672	1.60254	1.30474	0	0
3.85657	0.14752	0.0348398	-3.33056	-0.229119	1.00121	0.053331	0.286211	-0.154031	-0.208363	0.383966	0.111041	0	0	0.198267	-0.10399	-0.329376	0.190027	0.135541	0	0	-0.103868	-0.0264541	0.126638	0.354666	-0.619387	0.858143	1.65498	1.2084	0	0	-0.043362	-0.677869	0.317377	1.6128	1.3001	0	0
3.86656	0.15137	0.0383756	-3.33529	-0.228982	1.00149	0.0571074	0.29645	-0.159615	-0.210726	0.423344	0.1217	0	0	0.200198	-0.104086	-0.332135	0.185749	0.133168	0	0	-0.103589	-0.0262481	0.135101	0.366213	-0.624715	0.855611	1.6555	1.20414	0	0	-0.0898054	-0.681115	0.263616	1.62564	1.29461	0	0
3.87655	0.154123	0.0420335	-3.33782	-0.228971	1.00184	0.0609329	0.30553	-0.166279	-0.213494	0.467669	0.131433	0	0	0.201706	-0.103986	-0.332952	0.182328	0.130951	0	0	-0.104078	-0.0258796	0.142363	0.377773	-0.630335	0.853011	1.65605	1.20005	0	0	-0.132368	-0.68408	0.212838	1.64097	1.2886	0	0
3.88655	0.155898	0.0458349	-3.33817	-0.229086	1.00224	0.0648057	0.313467	-0.173849	-0.216091	0.516383	0.139541	0	0	0.202907	-0.103733	-0.331905	0.179812	0.128965	0	0	-0.10515	-0.0252704	0.148497	0.389162	-0.636296	0.850268	1.65654	1.19646	0	0	-0.170735	-0.686961	0.165426	1.6586	1.28236	0	0
3.89654	0.156853	0.0497972	-3.33647	-0.22932	1.00265	0.0687183	0.320335	-0.182089	-0.217949	0.568844	0.145398	0	0	0.20394	-0.103398	-0.329153	0.178237	0.127283	0	0	-0.106574	-0.0243441	0.15362	0.400215	-0.642615	0.847354	1.65681	1.19363	0	0	-0.204671	-0.68992	0.121652	1.67829	1.27616	0	0
3.90653	0.157157	0.0539362	-3.33291	-0.229667	1.00306	0.0726586	0.326225	-0.190724	-0.218572	0.624338	0.148423	0	0	0.204941	-0.103073	-0.324915	0.177625	0.12597	0	0	-0.108112	-0.0230337	0.157878	0.4108	-0.649279	0.844274	1.65665	1.19173	0	0	-0.233993	-0.693083	0.0816924	1.69973	1.2703	0	0
3.91652	0.156965	0.0582676	-3.3277	-0.230115	1.00345	0.0766124	0.331228	-0.199467	-0.21759	0.682121	0.148086	0	0	0.206021	-0.102856	-0.319439	0.177977	0.125073	0	0	-0.109554	-0.0212868	0.161423	0.420819	-0.656247	0.841071	1.65584	1.19087	0	0	-0.258563	-0.696538	0.0456433	1.72262	1.26502	0	0
3.92651	0.156402	0.0628073	-3.32109	-0.230653	1.00381	0.0805645	0.335412	-0.208049	-0.21479	0.741448	0.143937	0	0	0.207248	-0.10284	-0.312972	0.17926	0.124613	0	0	-0.110738	-0.0190708	0.164398	0.430206	-0.663455	0.837811	1.65414	1.19113	0	0	-0.27827	-0.700326	0.0135344	1.74662	1.26057	0	0
3.9365	0.155554	0.0675695	-3.31329	-0.231268	1.00413	0.0845005	0.338822	-0.216235	-0.210101	0.801614	0.135641	0	0	0.208636	-0.103102	-0.305738	0.1814	0.124577	0	0	-0.111569	-0.0163747	0.16693	0.438933	-0.670821	0.834577	1.65129	1.19256	0	0	-0.293017	-0.704443	-0.0146484	1.7714	1.25715	0	0
3.94649	0.154468	0.0725639	-3.30453	-0.231948	1.00443	0.0884073	0.341482	-0.223837	-0.203567	0.861981	0.122995	0	0	0.210156	-0.10369	-0.297916	0.184282	0.124914	0	0	-0.112007	-0.0132099	0.169121	0.446988	-0.67826	0.83146	1.64706	1.19519	0	0	-0.302715	-0.708848	-0.0389394	1.79668	1.25494	0	0
3.95648	0.153163	0.0777935	-3.29499	-0.232677	1.00471	0.092273	0.34341	-0.230716	-0.19531	0.922012	0.105965	0	0	0.211739	-0.104627	-0.289634	0.187752	0.125546	0	0	-0.112064	-0.00960811	0.171048	0.454375	-0.685683	0.828544	1.64124	1.19902	0	0	-0.30729	-0.713461	-0.0593794	1.82215	1.254	0	0
3.96647	0.151636	0.08325	-3.28483	-0.233444	1.00498	0.0960867	0.344631	-0.236781	-0.185503	0.98128	0.0847293	0	0	0.213301	-0.105902	-0.280977	0.191635	0.126375	0	0	-0.11178	-0.00562299	0.172759	0.461105	-0.693003	0.825911	1.63364	1.20406	0	0	-0.306698	-0.718168	-0.0760175	1.84757	1.25433	0	0
3.97647	0.149875	0.0889164	-3.27419	-0.234234	1.00526	0.0998375	0.345183	-0.241979	-0.174344	1.03948	0.0597143	0	0	0.214745	-0.107486	-0.272	0.195744	0.127294	0	0	-0.111215	-0.00132228	0.174281	0.4672	-0.700133	0.823649	1.62413	1.21024	0	0	-0.300939	-0.722834	-0.0889056	1.87271	1.25588	0	0
3.98646	0.147865	0.0947676	-3.2632	-0.235034	1.00556	0.103515	0.345124	-0.24629	-0.16203	1.09643	0.0315745	0	0	0.215981	-0.109333	-0.262731	0.199896	0.128195	0	0	-0.110436	0.00321616	0.175615	0.472696	-0.706985	0.821847	1.61258	1.21747	0	0	-0.290062	-0.727315	-0.0980958	1.8974	1.25856	0	0
3.99645	0.1456	0.100775	-3.25195	-0.235828	1.00589	0.107109	0.344542	-0.249711	-0.148747	1.15204	0.00115635	0	0	0.216942	-0.111394	-0.253191	0.203926	0.128977	0	0	-0.1095	0.00791549	0.176744	0.477638	-0.713476	0.820606	1.59893	1.22557	0	0	-0.274174	-0.731461	-0.103642	1.92146	1.26225	0	0
4.00644	0.143095	0.106908	-3.24056	-0.236604	1.00626	0.11061	0.343563	-0.252255	-0.134649	1.20631	-0.0305659	0	0	0.217594	-0.113625	-0.243401	0.207694	0.129553	0	0	-0.108439	0.0127109	0.177647	0.482071	-0.719534	0.820034	1.58311	1.23428	0	0	-0.253444	-0.735122	-0.1056	1.94478	1.26684	0	0
4.01643	0.14039	0.11314	-3.22913	-0.23735	1.00666	0.11401	0.342346	-0.253945	-0.119857	1.25931	-0.0625775	0	0	0.217941	-0.115985	-0.233392	0.211094	0.129858	0	0	-0.107243	0.0175521	0.178299	0.48604	-0.725098	0.82025	1.56511	1.24325	0	0	-0.228104	-0.738142	-0.104033	1.96721	1.27215	0	0
4.02642	0.137544	0.119439	-3.21774	-0.238054	1.00709	0.117303	0.341082	-0.254822	-0.104459	1.31114	-0.0939275	0	0	0.218023	-0.11844	-0.223209	0.214064	0.129855	0	0	-0.105875	0.0223992	0.178683	0.489574	-0.730123	0.821373	1.54495	1.25203	0	0	-0.198447	-0.740378	-0.0990072	1.98864	1.27803	0	0
4.03641	0.134619	0.125772	-3.20649	-0.238709	1.00754	0.120485	0.33996	-0.254943	-0.0885143	1.36191	-0.123856	0	0	0.217903	-0.120955	-0.212894	0.21659	0.129533	0	0	-0.104284	0.0272184	0.178818	0.492627	-0.734606	0.823426	1.52269	1.26021	0	0	-0.164734	-0.741704	-0.0905261	2.00893	1.28433	0	0
4.0464	0.13168	0.1321	-3.19541	-0.239305	1.00802	0.12356	0.339164	-0.254397	-0.0720761	1.41171	-0.151819	0	0	0.217671	-0.123489	-0.202481	0.218709	0.128912	0	0	-0.102416	0.0319804	0.178722	0.495108	-0.738572	0.826383	1.49847	1.26735	0	0	-0.127227	-0.742014	-0.0785633	2.02793	1.29092	0	0
4.05639	0.128787	0.138378	-3.18452	-0.239835	1.00849	0.126533	0.338855	-0.253304	-0.0552087	1.46061	-0.177514	0	0	0.217438	-0.125991	-0.191986	0.220496	0.128037	0	0	-0.100216	0.0366586	0.178382	0.496912	-0.742064	0.830194	1.47244	1.27302	0	0	-0.086211	-0.741221	-0.0630944	2.04548	1.29761	0	0
4.06639	0.125979	0.144561	-3.17375	-0.240295	1.00896	0.12942	0.339143	-0.251812	-0.0380008	1.50863	-0.200902	0	0	0.217306	-0.128402	-0.181379	0.22205	0.12697	0	0	-0.0976586	0.0412262	0.177779	0.497868	-0.745158	0.834711	1.44482	1.27687	0	0	-0.0419313	-0.739253	-0.0440762	2.06146	1.30434	0	0
4.07638	0.123263	0.150601	-3.163	-0.240677	1.0094	0.132238	0.340079	-0.250081	-0.0205709	1.55571	-0.222175	0	0	0.217358	-0.130652	-0.17059	0.223476	0.125785	0	0	-0.0947544	0.0456589	0.176842	0.497811	-0.747934	0.839765	1.41585	1.27857	0	0	0.00534452	-0.736049	-0.0215114	2.07572	1.31106	0	0
4.08637	0.120608	0.156461	-3.15209	-0.240978	1.00981	0.135009	0.341644	-0.248268	-0.00306195	1.60177	-0.241702	0	0	0.217634	-0.132679	-0.159517	0.224873	0.124563	0	0	-0.0915601	0.0499413	0.175459	0.496593	-0.750467	0.845183	1.38578	1.27785	0	0	0.055319	-0.731556	0.00453291	2.08818	1.31771	0	0
4.09636	0.117941	0.162116	-3.14083	-0.241195	1.01018	0.137758	0.34376	-0.246501	0.0143729	1.64666	-0.259947	0	0	0.218127	-0.134433	-0.14804	0.226326	0.123381	0	0	-0.0881811	0.0540727	0.173483	0.494102	-0.752815	0.850803	1.35486	1.27454	0	0	0.107656	-0.725732	0.0339096	2.09875	1.32421	0	0
4.10635	0.115156	0.167559	-3.12902	-0.241324	1.0105	0.140505	0.34631	-0.244866	0.0315883	1.69018	-0.277395	0	0	0.218783	-0.135888	-0.136043	0.227898	0.122311	0	0	-0.0847665	0.0580657	0.170765	0.490245	-0.755027	0.856446	1.32333	1.26857	0	0	0.162004	-0.718546	0.0664189	2.10739	1.33046	0	0
4.11634	0.112128	0.172794	-3.11651	-0.241361	1.01078	0.143268	0.349169	-0.243404	0.0484642	1.73214	-0.294483	0	0	0.219511	-0.137045	-0.123441	0.229634	0.121414	0	0	-0.0814941	0.061942	0.167161	0.484979	-0.757118	0.861949	1.29138	1.26004	0	0	0.217971	-0.709992	0.101772	2.1141	1.33638	0	0
4.12633	0.10873	0.177832	-3.10316	-0.241302	1.01102	0.146057	0.352238	-0.242105	0.0649175	1.77233	-0.311538	0	0	0.220211	-0.137929	-0.110191	0.231571	0.120736	0	0	-0.0785486	0.0657286	0.16254	0.478318	-0.759066	0.867192	1.25918	1.2492	0	0	0.275102	-0.700094	0.139581	2.11891	1.34181	0	0
4.13632	0.10485	0.182692	-3.08893	-0.241144	1.01122	0.148877	0.355468	-0.240923	0.0809008	1.81055	-0.328751	0	0	0.220787	-0.138585	-0.0962983	0.233744	0.120307	0	0	-0.0760995	0.0694554	0.156828	0.470272	-0.760843	0.872041	1.22687	1.23631	0	0	0.332958	-0.688893	0.179436	2.12188	1.34667	0	0
4.14631	0.100403	0.18739	-3.0738	-0.240882	1.0114	0.151725	0.358868	-0.239788	0.096396	1.84661	-0.346176	0	0	0.221163	-0.139066	-0.0818118	0.236187	0.12014	0	0	-0.0742857	0.0731537	0.150006	0.460848	-0.76241	0.87637	1.19458	1.22162	0	0	0.391113	-0.676446	0.220917	2.12309	1.35088	0	0
4.15631	0.095333	0.191945	-3.05786	-0.240514	1.01156	0.154595	0.362513	-0.238616	0.111408	1.88035	-0.363736	0	0	0.221287	-0.139432	-0.0668191	0.238936	0.120234	0	0	-0.073205	0.0768554	0.142113	0.45006	-0.76372	0.880069	1.16243	1.20533	0	0	0.449157	-0.66283	0.263592	2.12266	1.35437	0	0
4.1663	0.0896164	0.196374	-3.04121	-0.240038	1.01171	0.157474	0.366536	-0.237309	0.125955	1.9116	-0.381259	0	0	0.221127	-0.139752	-0.0514433	0.242018	0.120581	0	0	-0.0729125	0.0805957	0.133238	0.437926	-0.764722	0.883061	1.13054	1.18755	0	0	0.506694	-0.648135	0.307017	2.12072	1.35709	0	0
4.17629	0.0832574	0.200698	-3.02404	-0.239457	1.01185	0.160345	0.371124	-0.23577	0.140058	1.94023	-0.398514	0	0	0.220669	-0.140096	-0.0358327	0.245453	0.121162	0	0	-0.0734219	0.0844169	0.123512	0.424469	-0.765364	0.885297	1.09899	1.16836	0	0	0.563356	-0.632465	0.350747	2.11744	1.35902	0	0
4.18628	0.0762879	0.204944	-3.00652	-0.238774	1.01201	0.163191	0.376506	-0.233898	0.153733	1.96607	-0.415246	0	0	0.219918	-0.140539	-0.0201518	0.249246	0.121957	0	0	-0.0747099	0.0883732	0.113081	0.409738	-0.765594	0.886769	1.06785	1.14786	0	0	0.618781	-0.615933	0.394331	2.113	1.36015	0	0
4.19627	0.0687569	0.209143	-2.9889	-0.237994	1.01218	0.165991	0.382937	-0.231594	0.166984	1.98899	-0.431196	0	0	0.218881	-0.141158	-0.00457184	0.253387	0.122942	0	0	-0.076731	0.0925285	0.102124	0.393784	-0.765379	0.887484	1.03721	1.12608	0	0	0.672643	-0.598646	0.437336	2.1076	1.36063	0	0
4.20626	0.0607205	0.213331	-2.97141	-0.237124	1.01238	0.168727	0.39068	-0.228758	0.179799	2.00885	-0.446112	0	0	0.217567	-0.142033	0.0107312	0.257845	0.124095	0	0	-0.0794314	0.0969535	0.0908362	0.376659	-0.764708	0.88747	1.00716	1.10305	0	0	0.724664	-0.580709	0.479361	2.10147	1.36067	0	0
4.21625	0.0522331	0.217546	-2.95429	-0.23617	1.01261	0.171379	0.399987	-0.225299	0.192143	2.02551	-0.459749	0	0	0.215967	-0.143244	0.0255788	0.262575	0.125396	0	0	-0.0827637	0.101718	0.0794278	0.358433	-0.763585	0.886781	0.977822	1.07871	0	0	0.774612	-0.562222	0.520046	2.09482	1.36058	0	0
4.22624	0.0433405	0.221821	-2.93779	-0.23514	1.01289	0.173925	0.411083	-0.221134	0.20396	2.03882	-0.471871	0	0	0.214058	-0.144872	0.0397893	0.267516	0.126825	0	0	-0.0866973	0.10688	0.0681113	0.339199	-0.762027	0.88551	0.949307	1.05305	0	0	0.822314	-0.543292	0.559076	2.08789	1.3607	0	0
4.23623	0.0340798	0.22618	-2.92213	-0.234041	1.01321	0.176348	0.424148	-0.216199	0.215172	2.04866	-0.482266	0	0	0.211797	-0.146991	0.0531771	0.272595	0.128366	0	0	-0.0912234	0.11248	0.0570861	0.319093	-0.76005	0.883792	0.921732	1.02605	0	0	0.867655	-0.524036	0.596188	2.08089	1.36138	0	0
4.24623	0.0244793	0.230631	-2.90754	-0.232881	1.01359	0.178626	0.439306	-0.210449	0.225686	2.05489	-0.490771	0	0	0.209129	-0.149659	0.0655609	0.277727	0.13	0	0	-0.0963556	0.118528	0.0465363	0.298276	-0.75767	0.881782	0.8952	0.997753	0	0	0.910589	-0.504579	0.631195	2.074	1.36288	0	0
4.25622	0.0145624	0.235168	-2.8942	-0.231665	1.01404	0.180744	0.456617	-0.203861	0.235397	2.05735	-0.497279	0	0	0.20599	-0.152918	0.0767719	0.282818	0.131706	0	0	-0.102124	0.125005	0.0366195	0.276923	-0.7549	0.879637	0.869788	0.968379	0	0	0.951139	-0.485044	0.663998	2.06735	1.36528	0	0
4.26621	0.00434676	0.239777	-2.88225	-0.230399	1.01456	0.182688	0.476061	-0.196432	0.244186	2.05589	-0.501759	0	0	0.202316	-0.156794	0.0866723	0.287767	0.133449	0	0	-0.108571	0.131873	0.0274429	0.255241	-0.75175	0.877562	0.845549	0.93813	0	0	0.989368	-0.465557	0.694559	2.06103	1.36859	0	0
4.2762	-0.00616334	0.244445	-2.87178	-0.229086	1.01517	0.18445	0.497519	-0.188173	0.251904	2.05034	-0.504273	0	0	0.198044	-0.1613	0.0951791	0.292478	0.135183	0	0	-0.115745	0.139095	0.0190387	0.233462	-0.748224	0.875799	0.822503	0.90717	0	0	1.02537	-0.446241	0.722898	2.05509	1.37273	0	0
4.28619	-0.0169775	0.249174	-2.86277	-0.227731	1.01587	0.186032	0.52077	-0.179099	0.258376	2.04049	-0.504989	0	0	0.193123	-0.166443	0.102279	0.296868	0.136854	0	0	-0.123693	0.146649	0.0113616	0.211793	-0.744323	0.874492	0.800658	0.87593	0	0	1.05923	-0.427217	0.749075	2.04957	1.37753	0	0
4.29618	-0.028103	0.253977	-2.85515	-0.226333	1.01666	0.187438	0.545515	-0.169233	0.263424	2.0261	-0.504173	0	0	0.187532	-0.172222	0.108017	0.300884	0.138412	0	0	-0.132446	0.154524	0.00430501	0.190393	-0.740042	0.873664	0.780013	0.845063	0	0	1.09107	-0.408598	0.773191	2.04445	1.38273	0	0
4.30617	-0.0395319	0.258871	-2.84884	-0.224895	1.01755	0.188679	0.57141	-0.158603	0.266898	2.00695	-0.502159	0	0	0.181292	-0.178618	0.112475	0.30451	0.139817	0	0	-0.142	0.16271	-0.00229025	0.169446	-0.735376	0.873411	0.760554	0.814992	0	0	1.12096	-0.3905	0.795358	2.03973	1.38808	0	0
4.31616	-0.0512353	0.263879	-2.8437	-0.223417	1.01853	0.189762	0.59808	-0.147249	0.268705	1.98276	-0.49935	0	0	0.174461	-0.185594	0.115757	0.307764	0.141042	0	0	-0.152317	0.171191	-0.00861601	0.149152	-0.730333	0.873916	0.742251	0.785895	0	0	1.14899	-0.373036	0.815682	2.0354	1.39332	0	0
4.32615	-0.0631565	0.269006	-2.83964	-0.221897	1.0196	0.190699	0.625145	-0.135236	0.268833	1.95331	-0.496195	0	0	0.16713	-0.193082	0.117969	0.310687	0.142078	0	0	-0.16332	0.179932	-0.0148787	0.129724	-0.724927	0.875446	0.725059	0.757727	0	0	1.17518	-0.35631	0.834266	2.03144	1.39821	0	0
4.33615	-0.0752191	0.274245	-2.83656	-0.220337	1.02074	0.191499	0.652215	-0.122656	0.26735	1.91835	-0.493183	0	0	0.159399	-0.200989	0.119198	0.313329	0.142929	0	0	-0.17491	0.188875	-0.0212769	0.111354	-0.71918	0.878282	0.708916	0.730345	0	0	1.1996	-0.340411	0.851211	2.02783	1.40242	0	0
4.34614	-0.087329	0.279571	-2.83438	-0.218738	1.02194	0.192168	0.678906	-0.109615	0.264411	1.87764	-0.49082	0	0	0.151373	-0.209204	0.119505	0.31574	0.143615	0	0	-0.186966	0.197939	-0.027987	0.0942014	-0.713119	0.882664	0.693742	0.703619	0	0	1.22228	-0.325413	0.866611	2.02454	1.40558	0	0
4.35613	-0.0993834	0.284951	-2.83306	-0.217101	1.02319	0.192715	0.704836	-0.0962317	0.260234	1.83096	-0.489611	0	0	0.143146	-0.217611	0.118914	0.317961	0.144164	0	0	-0.199362	0.207031	-0.0351539	0.0783742	-0.706768	0.888757	0.679444	0.677478	0	0	1.24325	-0.31136	0.88056	2.02156	1.40731	0	0
4.36612	-0.111282	0.290346	-2.83256	-0.215429	1.02445	0.193143	0.729629	-0.0826241	0.255095	1.7781	-0.490018	0	0	0.134789	-0.226101	0.117428	0.320015	0.14461	0	0	-0.211979	0.216055	-0.0428852	0.0639314	-0.700148	0.896646	0.665913	0.651893	0	0	1.26254	-0.29827	0.89315	2.01888	1.40723	0	0
4.37611	-0.122933	0.295718	-2.83287	-0.213726	1.02572	0.193458	0.752914	-0.0689071	0.249309	1.71886	-0.49242	0	0	0.126354	-0.234575	0.115033	0.321903	0.144986	0	0	-0.224709	0.224919	-0.0512507	0.0508744	-0.693275	0.90632	0.653028	0.62687	0	0	1.2802	-0.286123	0.904478	2.01648	1.405	0	0
4.3861	-0.134249	0.301032	-2.83397	-0.211996	1.02696	0.193665	0.774341	-0.0551858	0.243236	1.6531	-0.49708	0	0	0.117874	-0.242948	0.111713	0.323607	0.145328	0	0	-0.237448	0.233536	-0.060281	0.0391338	-0.686157	0.917653	0.640666	0.60247	0	0	1.29627	-0.274864	0.914643	2.01434	1.40037	0	0
4.39609	-0.145149	0.306261	-2.83584	-0.210246	1.02816	0.193766	0.793586	-0.0415489	0.237271	1.58071	-0.504118	0	0	0.10937	-0.251158	0.107455	0.325087	0.14567	0	0	-0.250089	0.241834	-0.0700091	0.0286752	-0.678789	0.930694	0.628652	0.578438	0	0	1.31078	-0.264429	0.923743	2.01246	1.39321	0	0
4.40608	-0.155563	0.311392	-2.83844	-0.208488	1.02929	0.193765	0.810367	-0.0280634	0.231838	1.50167	-0.513466	0	0	0.100853	-0.259166	0.102263	0.326289	0.146044	0	0	-0.26252	0.249757	-0.0804672	0.0194651	-0.67115	0.945576	0.616781	0.554373	0	0	1.32376	-0.254745	0.931879	2.01081	1.38358	0	0
4.41607	-0.165426	0.316424	-2.84174	-0.206737	1.03032	0.193667	0.824465	-0.0147758	0.22739	1.41607	-0.52484	0	0	0.092343	-0.266953	0.0961692	0.327152	0.146469	0	0	-0.274613	0.257269	-0.0916791	0.0114284	-0.663204	0.962403	0.604839	0.529859	0	0	1.33523	-0.245712	0.939176	2.00936	1.37186	0	0
4.42607	-0.174683	0.321365	-2.84565	-0.205016	1.03125	0.193476	0.835737	-0.00171438	0.224395	1.32417	-0.537711	0	0	0.083868	-0.274516	0.0892395	0.327624	0.146954	0	0	-0.286238	0.264356	-0.103657	0.0044229	-0.654906	0.98117	0.592635	0.504571	0	0	1.34518	-0.237201	0.945785	2.00807	1.35891	0	0
4.43606	-0.183291	0.326228	-2.85008	-0.203351	1.03203	0.193195	0.844137	0.0111085	0.223323	1.22642	-0.551298	0	0	0.0754647	-0.281863	0.0815765	0.327669	0.147491	0	0	-0.297264	0.271016	-0.116395	-0.00177848	-0.646199	1.00169	0.580015	0.478369	0	0	1.35364	-0.229053	0.951876	2.00686	1.34607	0	0
4.44605	-0.191238	0.331022	-2.8549	-0.201777	1.03265	0.192825	0.849713	0.023686	0.224617	1.12351	-0.564596	0	0	0.0671668	-0.289004	0.0733226	0.32727	0.148063	0	0	-0.307575	0.277254	-0.129918	-0.00737077	-0.637009	1.02387	0.566825	0.450959	0	0	1.3606	-0.221139	0.957608	2.00568	1.33464	0	0
4.45604	-0.198546	0.335747	-2.85993	-0.200333	1.03311	0.192366	0.85262	0.0360017	0.228636	1.0164	-0.576446	0	0	0.0590008	-0.295954	0.0646679	0.326435	0.148654	0	0	-0.317086	0.283087	-0.144285	-0.0125206	-0.627261	1.04768	0.552931	0.42197	0	0	1.36609	-0.213372	0.963111	2.00451	1.32562	0	0
4.46603	-0.205276	0.340403	-2.86498	-0.199061	1.0334	0.191817	0.853124	0.048021	0.235599	0.906349	-0.585634	0	0	0.0509896	-0.302729	0.0558468	0.325201	0.149247	0	0	-0.325753	0.288546	-0.159575	-0.0173764	-0.616884	1.07307	0.538239	0.391028	0	0	1.37015	-0.205703	0.968482	2.00334	1.31974	0	0
4.47602	-0.211518	0.344987	-2.86982	-0.198002	1.03352	0.191174	0.851626	0.0596892	0.245516	0.794888	-0.59102	0	0	0.0431634	-0.309351	0.0471227	0.323637	0.149829	0	0	-0.333573	0.293682	-0.175869	-0.0220895	-0.605827	1.09986	0.522732	0.357868	0	0	1.37285	-0.198113	0.973798	2.00218	1.3175	0	0
4.48601	-0.21738	0.349504	-2.87421	-0.19719	1.03349	0.190438	0.84866	0.0709311	0.258111	0.683824	-0.591652	0	0	0.035567	-0.315852	0.0387696	0.321852	0.150393	0	0	-0.340583	0.298562	-0.193208	-0.0268652	-0.594075	1.12761	0.506504	0.32256	0	0	1.37431	-0.190592	0.979121	2.00104	1.31925	0	0
4.496	-0.222975	0.353962	-2.87793	-0.196648	1.03333	0.18961	0.844896	0.0816613	0.272762	0.575189	-0.586846	0	0	0.0282612	-0.322272	0.0310482	0.319982	0.150947	0	0	-0.346857	0.303275	-0.211551	-0.032021	-0.581657	1.15535	0.489797	0.285706	0	0	1.37467	-0.183109	0.984511	1.99992	1.32514	0	0
4.50599	-0.228414	0.358368	-2.88081	-0.196389	1.03306	0.188696	0.841105	0.0918023	0.288481	0.471177	-0.576279	0	0	0.0213047	-0.328649	0.0241839	0.318168	0.151502	0	0	-0.352494	0.307903	-0.230807	-0.037819	-0.568624	1.18222	0.472885	0.247818	0	0	1.37413	-0.175651	0.990016	1.99881	1.33514	0	0
4.51599	-0.23382	0.362729	-2.8827	-0.196406	1.03272	0.187712	0.838078	0.101321	0.303951	0.374021	-0.560024	0	0	0.0147168	-0.335032	0.0183408	0.316536	0.152073	0	0	-0.357642	0.312526	-0.250776	-0.0445775	-0.555061	1.20698	0.456129	0.209924	0	0	1.37288	-0.168187	0.995672	1.99769	1.34903	0	0
4.52598	-0.239327	0.367054	-2.88354	-0.196673	1.03234	0.186678	0.836528	0.110274	0.317731	0.285789	-0.538598	0	0	0.00847056	-0.341476	0.0136019	0.315183	0.15267	0	0	-0.362492	0.317218	-0.27118	-0.0525192	-0.541055	1.22863	0.439863	0.172893	0	0	1.37116	-0.160698	1.0015	1.99656	1.36637	0	0
4.53597	-0.245084	0.37135	-2.88332	-0.197149	1.03197	0.185617	0.83699	0.118797	0.328445	0.208215	-0.512964	0	0	0.00247198	-0.348042	0.00996838	0.314161	0.15329	0	0	-0.367281	0.322039	-0.291672	-0.0617718	-0.526688	1.24638	0.424374	0.137484	0	0	1.36918	-0.153177	1.00751	1.9954	1.38652	0	0
4.54596	-0.251269	0.3756	-2.88206	-0.197782	1.03165	0.184557	0.839786	0.127069	0.334903	0.142623	-0.484497	0	0	-0.00345609	-0.354776	0.0073783	0.313469	0.153925	0	0	-0.372293	0.327028	-0.311865	-0.0724019	-0.512039	1.25955	0.409924	0.104542	0	0	1.3672	-0.145628	1.01367	1.99421	1.4085	0	0
4.55595	-0.258083	0.379759	-2.87981	-0.198512	1.03141	0.18352	0.845025	0.135267	0.336215	0.0898521	-0.454957	0	0	-0.00956224	-0.361698	0.00571934	0.313052	0.15456	0	0	-0.377842	0.3322	-0.331352	-0.0844854	-0.497205	1.26727	0.396797	0.0753454	0	0	1.36546	-0.138049	1.01996	1.99299	1.43088	0	0
4.56594	-0.265706	0.383743	-2.87661	-0.199282	1.03128	0.182523	0.852611	0.143517	0.331945	0.0501576	-0.426437	0	0	-0.0161212	-0.368785	0.00484977	0.31281	0.155167	0	0	-0.384213	0.337527	-0.34978	-0.0979734	-0.482239	1.26921	0.38514	0.050719	0	0	1.36416	-0.130474	1.02629	1.99175	1.45203	0	0
4.57593	-0.274269	0.387441	-2.87251	-0.200046	1.03128	0.181576	0.86226	0.151854	0.322215	0.0230991	-0.401233	0	0	-0.0233863	-0.375968	0.00462465	0.312597	0.155707	0	0	-0.391609	0.342948	-0.366881	-0.1127	-0.467154	1.26566	0.374951	0.0309473	0	0	1.36345	-0.122946	1.03259	1.99048	1.47079	0	0
4.58592	-0.283825	0.390727	-2.86754	-0.200773	1.03142	0.180687	0.873548	0.160202	0.307663	0.00773634	-0.381484	0	0	-0.0315321	-0.383143	0.00493003	0.312251	0.156134	0	0	-0.400111	0.348388	-0.382514	-0.128409	-0.451947	1.25738	0.366118	0.0158523	0	0	1.36337	-0.115546	1.03882	1.98916	1.48661	0	0
4.59591	-0.294333	0.393474	-2.86172	-0.201449	1.03171	0.179867	0.885938	0.16838	0.28937	0.0028987	-0.368757	0	0	-0.0406249	-0.390178	0.00569604	0.311609	0.156402	0	0	-0.409651	0.353772	-0.396659	-0.144795	-0.436622	1.24539	0.358481	0.00494769	0	0	1.36388	-0.108373	1.0449	1.98778	1.49934	0	0
4.60591	-0.305683	0.395552	-2.85506	-0.202071	1.03214	0.17912	0.89899	0.176198	0.268723	0.00733863	-0.363659	0	0	-0.0506426	-0.396905	0.00693279	0.310545	0.156453	0	0	-0.420054	0.359016	-0.409394	-0.161552	-0.421203	1.23087	0.351857	-0.00241089	0	0	1.36487	-0.10154	1.05074	1.98634	1.50909	0	0
4.6159	-0.317709	0.396843	-2.84758	-0.202648	1.03269	0.178447	0.912354	0.183481	0.247305	0.0197796	-0.365756	0	0	-0.0614777	-0.40313	0.00871144	0.308988	0.156224	0	0	-0.431047	0.364028	-0.42086	-0.178395	-0.405731	1.21497	0.346053	-0.00691709	0	0	1.36611	-0.0951734	1.05625	1.98485	1.5162	0	0
4.62589	-0.330121	0.397255	-2.83937	-0.2032	1.03334	0.177852	0.925647	0.190048	0.226905	0.0388722	-0.373783	0	0	-0.0728808	-0.408668	0.0110954	0.306919	0.155686	0	0	-0.442207	0.368703	-0.431233	-0.195061	-0.390264	1.19892	0.340854	-0.0092405	0	0	1.36733	-0.0893965	1.06134	1.98333	1.5211	0	0
4.63588	-0.342572	0.396761	-2.83054	-0.203751	1.03406	0.17734	0.93845	0.19577	0.209301	0.0630694	-0.386037	0	0	-0.0845065	-0.413384	0.0141169	0.304396	0.154854	0	0	-0.453035	0.372959	-0.440677	-0.21133	-0.374896	1.18379	0.336077	-0.00998183	0	0	1.36821	-0.084328	1.06592	1.98177	1.52423	0	0
4.64587	-0.354696	0.395406	-2.82126	-0.204328	1.03482	0.176914	0.950328	0.200609	0.196034	0.0906305	-0.400731	0	0	-0.0959567	-0.417216	0.017761	0.301545	0.153782	0	0	-0.463024	0.376762	-0.449307	-0.227014	-0.359759	1.17043	0.331585	-0.00964969	0	0	1.36843	-0.080074	1.06993	1.98021	1.52602	0	0
4.65586	-0.366149	0.393306	-2.81173	-0.204948	1.0356	0.17658	0.960875	0.204617	0.188166	0.119787	-0.416222	0	0	-0.106823	-0.42018	0.02197	0.298547	0.152552	0	0	-0.47172	0.380135	-0.457179	-0.241945	-0.345023	1.15944	0.327287	-0.00865321	0	0	1.36771	-0.0767228	1.0733	1.97863	1.52685	0	0
4.66585	-0.376656	0.390597	-2.80213	-0.205619	1.03637	0.176344	0.96986	0.207879	0.185916	0.149157	-0.431036	0	0	-0.116768	-0.422315	0.0266603	0.29559	0.151251	0	0	-0.47878	0.383116	-0.464311	-0.255966	-0.33087	1.15117	0.323134	-0.00730539	0	0	1.36584	-0.0743476	1.07601	1.97705	1.52704	0	0
4.67584	-0.385992	0.387415	-2.79267	-0.206339	1.03709	0.176209	0.977116	0.210491	0.188928	0.177539	-0.444071	0	0	-0.125518	-0.423667	0.0317265	0.29285	0.149958	0	0	-0.48397	0.385746	-0.470685	-0.268921	-0.317492	1.14573	0.319116	-0.00583301	0	0	1.36269	-0.0730058	1.07806	1.97547	1.52687	0	0
4.68583	-0.393982	0.383873	-2.78355	-0.2071	1.03773	0.176177	0.982543	0.212524	0.196358	0.203935	-0.454614	0	0	-0.132876	-0.42425	0.0370511	0.29047	0.148738	0	0	-0.487162	0.388046	-0.476261	-0.280654	-0.30508	1.14306	0.315254	-0.00439002	0	0	1.3582	-0.0727368	1.07946	1.9739	1.52651	0	0
4.69583	-0.400486	0.380047	-2.77495	-0.207887	1.03828	0.176246	0.9861	0.213997	0.207005	0.22755	-0.462315	0	0	-0.138716	-0.424039	0.0425059	0.288549	0.147643	0	0	-0.488315	0.39	-0.480989	-0.29102	-0.293812	1.1429	0.311606	-0.00307229	0	0	1.3524	-0.0735579	1.08025	1.97236	1.52608	0	0
4.70582	-0.405395	0.375972	-2.76707	-0.208684	1.03872	0.176411	0.9878	0.214885	0.219454	0.247792	-0.4671	0	0	-0.142976	-0.422971	0.047954	0.287139	0.14671	0	0	-0.487459	0.39156	-0.484809	-0.299903	-0.28385	1.14483	0.308272	-0.00193191	0	0	1.34533	-0.0754637	1.08048	1.97087	1.52559	0	0
4.71581	-0.408631	0.371638	-2.76009	-0.209475	1.03902	0.176661	0.987699	0.215127	0.232255	0.264288	-0.469055	0	0	-0.145665	-0.420944	0.0532526	0.286239	0.145964	0	0	-0.484675	0.392631	-0.487673	-0.307191	-0.275332	1.1484	0.30535	-0.000990373	0	0	1.33709	-0.0784441	1.08019	1.96944	1.52503	0	0
4.7258	-0.410148	0.367014	-2.75417	-0.210246	1.03919	0.176984	0.985897	0.214662	0.244042	0.276897	-0.468311	0	0	-0.146852	-0.417844	0.0582484	0.285806	0.145423	0	0	-0.480089	0.393094	-0.489529	-0.312785	-0.268369	1.15318	0.302943	-0.000249925	0	0	1.32778	-0.0824848	1.07947	1.96809	1.52439	0	0
4.73579	-0.409935	0.362053	-2.74949	-0.210986	1.03922	0.177364	0.982528	0.213454	0.253653	0.285716	-0.464968	0	0	-0.146662	-0.413563	0.0627835	0.285757	0.1451	0	0	-0.473862	0.392815	-0.490324	-0.316595	-0.263039	1.15885	0.301123	0.000297066	0	0	1.31752	-0.0875694	1.07837	1.96685	1.52364	0	0
4.74578	-0.408016	0.356705	-2.7462	-0.211689	1.03911	0.177783	0.977753	0.211512	0.260197	0.291066	-0.459063	0	0	-0.145265	-0.40801	0.0667006	0.28599	0.144996	0	0	-0.466186	0.391655	-0.489998	-0.318536	-0.25938	1.16521	0.299933	0.000660717	0	0	1.30639	-0.093682	1.07697	1.96571	1.52271	0	0
4.75577	-0.404468	0.350923	-2.74445	-0.21235	1.03888	0.178223	0.971738	0.208891	0.263073	0.293459	-0.450598	0	0	-0.142876	-0.40113	0.0698469	0.286391	0.145101	0	0	-0.457292	0.389491	-0.488492	-0.318531	-0.257397	1.17216	0.299391	0.000848188	0	0	1.29449	-0.100813	1.07531	1.96467	1.52154	0	0
4.76576	-0.399414	0.344677	-2.74432	-0.212966	1.03852	0.178668	0.964644	0.205696	0.261974	0.293555	-0.439588	0	0	-0.139738	-0.39292	0.072082	0.286842	0.145396	0	0	-0.447444	0.386233	-0.48575	-0.31651	-0.257059	1.17965	0.299488	0.000860054	0	0	1.28187	-0.108961	1.07344	1.96374	1.52002	0	0
4.77575	-0.393023	0.337953	-2.74589	-0.213535	1.03807	0.179101	0.95662	0.202066	0.256868	0.2921	-0.426137	0	0	-0.136105	-0.383429	0.0732836	0.287234	0.145857	0	0	-0.436923	0.381836	-0.481726	-0.312413	-0.258301	1.18773	0.300192	0.000688437	0	0	1.26861	-0.118123	1.07138	1.96294	1.51802	0	0
4.78575	-0.385491	0.330762	-2.74917	-0.214059	1.03752	0.17951	0.947799	0.198158	0.24796	0.289863	-0.410493	0	0	-0.132221	-0.372755	0.0733527	0.287474	0.146458	0	0	-0.426015	0.376305	-0.476372	-0.30621	-0.261037	1.19639	0.301465	0.000316892	0	0	1.25473	-0.128279	1.06914	1.96225	1.51536	0	0
4.79574	-0.377038	0.323133	-2.75415	-0.214535	1.03691	0.179883	0.938285	0.194124	0.235624	0.287587	-0.393076	0	0	-0.128305	-0.361029	0.0722241	0.287496	0.147168	0	0	-0.414995	0.369695	-0.46966	-0.297883	-0.26516	1.20564	0.303262	-0.000277891	0	0	1.24024	-0.13939	1.06672	1.96169	1.5119	0	0
4.80573	-0.367888	0.315107	-2.76076	-0.214965	1.03624	0.180213	0.928163	0.190089	0.220341	0.285949	-0.374467	0	0	-0.12454	-0.34841	0.0698719	0.287257	0.147958	0	0	-0.404115	0.362103	-0.461586	-0.287426	-0.270554	1.21555	0.305527	-0.00112237	0	0	1.22515	-0.151401	1.06411	1.96123	1.50751	0	0
4.81572	-0.35826	0.306739	-2.76888	-0.215349	1.03554	0.180496	0.917493	0.186139	0.202617	0.285531	-0.355344	0	0	-0.121063	-0.335069	0.0663131	0.286741	0.148799	0	0	-0.393591	0.353667	-0.452184	-0.274838	-0.277097	1.22622	0.308197	-0.00224025	0	0	1.20943	-0.164236	1.06127	1.96083	1.50215	0	0
4.82571	-0.348358	0.298091	-2.77836	-0.215687	1.03483	0.180731	0.90632	0.182311	0.182959	0.286808	-0.336395	0	0	-0.117959	-0.321179	0.0616079	0.285958	0.149667	0	0	-0.383594	0.344549	-0.441529	-0.26013	-0.284665	1.23778	0.311206	-0.00364404	0	0	1.19302	-0.177803	1.05815	1.96042	1.49589	0	0
4.8357	-0.338349	0.289228	-2.78902	-0.21598	1.0341	0.180918	0.894672	0.178589	0.161862	0.29013	-0.318234	0	0	-0.115255	-0.306904	0.0558576	0.284943	0.150548	0	0	-0.374238	0.334924	-0.429738	-0.243324	-0.293136	1.25031	0.31449	-0.00532392	0	0	1.17585	-0.191994	1.05467	1.95991	1.48894	0	0
4.84569	-0.328367	0.280222	-2.80067	-0.21623	1.03338	0.181063	0.88256	0.174922	0.139814	0.295717	-0.301317	0	0	-0.112918	-0.2924	0.0491936	0.283755	0.151437	0	0	-0.365573	0.32497	-0.416963	-0.224461	-0.302392	1.26391	0.317987	-0.00723378	0	0	1.15784	-0.20669	1.05075	1.95916	1.4817	0	0
4.85568	-0.3185	0.271154	-2.81309	-0.216445	1.03268	0.181169	0.869974	0.171239	0.117324	0.303645	-0.2859	0	0	-0.110863	-0.277817	0.0417652	0.282466	0.152336	0	0	-0.357586	0.314863	-0.403376	-0.203614	-0.312319	1.27854	0.321655	-0.00927444	0	0	1.13886	-0.221753	1.04633	1.958	1.47465	0	0
4.86567	-0.308793	0.262111	-2.82608	-0.216632	1.03199	0.181243	0.85688	0.167465	0.0949521	0.313837	-0.272051	0	0	-0.108967	-0.263297	0.0337296	0.281155	0.153255	0	0	-0.350207	0.304769	-0.389161	-0.18088	-0.322811	1.29408	0.325472	-0.0112746	0	0	1.11879	-0.237044	1.04134	1.95631	1.46824	0	0
4.87567	-0.299259	0.25318	-2.83946	-0.216804	1.03133	0.181288	0.843234	0.163532	0.0732642	0.326121	-0.259686	0	0	-0.107082	-0.248972	0.0252425	0.279899	0.154211	0	0	-0.34333	0.294835	-0.374512	-0.156383	-0.333765	1.31031	0.329441	-0.0129707	0	0	1.0975	-0.252435	1.03569	1.95397	1.46275	0	0
4.88566	-0.289883	0.244435	-2.85305	-0.216973	1.0307	0.181308	0.829014	0.15937	0.0527754	0.340295	-0.248604	0	0	-0.105066	-0.23495	0.0164542	0.278758	0.155218	0	0	-0.336824	0.285171	-0.359624	-0.130274	-0.34508	1.32686	0.333597	-0.0139867	0	0	1.07487	-0.267815	1.02928	1.95089	1.45823	0	0
4.89565	-0.280633	0.235922	-2.86668	-0.217154	1.03009	0.181307	0.814222	0.154907	0.0339245	0.356158	-0.238539	0	0	-0.102793	-0.221306	0.00751208	0.277767	0.156286	0	0	-0.33055	0.275846	-0.344696	-0.102736	-0.356657	1.34325	0.338006	-0.0138172	0	0	1.0508	-0.283094	1.02205	1.94699	1.45457	0	0
4.90564	-0.271484	0.227657	-2.8802	-0.217359	1.0295	0.181288	0.798918	0.150039	0.0169808	0.373627	-0.229179	0	0	-0.100179	-0.20808	-0.00143288	0.276933	0.15741	0	0	-0.324382	0.266879	-0.329928	-0.0739955	-0.368399	1.35882	0.342775	-0.0118177	0	0	1.0252	-0.298198	1.01395	1.94222	1.45152	0	0
4.91563	-0.262424	0.219624	-2.89345	-0.217601	1.02894	0.181254	0.783184	0.144645	0.0020765	0.392679	-0.220217	0	0	-0.0971978	-0.19528	-0.0102213	0.276225	0.158569	0	0	-0.318219	0.258258	-0.31552	-0.0443169	-0.380221	1.37278	0.348057	-0.00720588	0	0	0.998055	-0.31306	1.00498	1.93651	1.44875	0	0
4.92562	-0.253459	0.211782	-2.90626	-0.217893	1.0284	0.181211	0.767099	0.138593	-0.0107584	0.413307	-0.211388	0	0	-0.0938734	-0.182886	-0.0186948	0.275572	0.159725	0	0	-0.311992	0.24994	-0.301646	-0.0140068	-0.392057	1.38423	0.354049	0.000918389	0	0	0.969367	-0.327609	0.995177	1.92982	1.44591	0	0
4.93561	-0.244594	0.204071	-2.91848	-0.218244	1.02787	0.181161	0.750739	0.131752	-0.021565	0.435485	-0.202487	0	0	-0.090257	-0.170855	-0.0267114	0.27489	0.160827	0	0	-0.305648	0.241859	-0.288445	0.0165868	-0.403856	1.39222	0.360982	0.013527	0	0	0.939193	-0.341765	0.984591	1.92213	1.44267	0	0
4.9456	-0.235838	0.196428	-2.92997	-0.218664	1.02735	0.181109	0.734167	0.124015	-0.0304299	0.459143	-0.193399	0	0	-0.0864116	-0.159134	-0.0341537	0.274091	0.161823	0	0	-0.299155	0.233934	-0.276008	0.0470891	-0.415587	1.39577	0.369104	0.0315825	0	0	0.907631	-0.355444	0.973305	1.91343	1.43877	0	0
4.9556	-0.2272	0.188794	-2.94064	-0.21916	1.02683	0.181055	0.717433	0.115309	-0.0374679	0.484154	-0.184089	0	0	-0.0824015	-0.147672	-0.0409267	0.273102	0.162664	0	0	-0.292496	0.22609	-0.26438	0.0771196	-0.427229	1.39405	0.37866	0.0559131	0	0	0.874818	-0.368572	0.961412	1.90373	1.43406	0	0
4.96559	-0.218689	0.181124	-2.95041	-0.21974	1.02632	0.180998	0.70056	0.105601	-0.0428139	0.510326	-0.174575	0	0	-0.0782868	-0.136425	-0.0469529	0.271866	0.163313	0	0	-0.285671	0.21826	-0.253573	0.106319	-0.438766	1.3864	0.389872	0.0870318	0	0	0.840923	-0.381096	0.949006	1.89309	1.42843	0	0
4.97558	-0.210317	0.173388	-2.95922	-0.220406	1.02582	0.180938	0.683547	0.0949006	-0.0466198	0.537398	-0.164906	0	0	-0.074118	-0.125363	-0.0521767	0.270355	0.163745	0	0	-0.278689	0.210397	-0.243572	0.134381	-0.450175	1.37258	0.402897	0.124895	0	0	0.806131	-0.392982	0.936172	1.88162	1.42181	0	0
4.98557	-0.202093	0.165576	-2.96704	-0.22116	1.02531	0.180869	0.666385	0.0832599	-0.0490525	0.565061	-0.155141	0	0	-0.0699317	-0.114468	-0.0565699	0.268565	0.163949	0	0	-0.271561	0.202469	-0.234349	0.161089	-0.461402	1.35287	0.417792	0.168759	0	0	0.770638	-0.404226	0.922989	1.86944	1.41414	0	0
4.99556	-0.194018	0.157695	-2.9739	-0.222003	1.02479	0.180786	0.649065	0.0707675	-0.0502919	0.592974	-0.145347	0	0	-0.0657485	-0.103741	-0.0601382	0.266514	0.163932	0	0	-0.264296	0.194461	-0.225863	0.186341	-0.472357	1.32821	0.434487	0.217123	0	0	0.734648	-0.414855	0.909542	1.85669	1.4054	0	0
5.00555	-0.186098	0.149775	-2.97986	-0.22293	1.02426	0.180681	0.631568	0.0575533	-0.0505307	0.620776	-0.135576	0	0	-0.0615933	-0.0932031	-0.0629296	0.264228	0.163715	0	0	-0.256928	0.18639	-0.217989	0.209977	-0.483015	1.29924	0.452987	0.268845	0	0	0.698434	-0.424868	0.89599	1.84345	1.39568	0	0
5.01554	-0.17834	0.141864	-2.985	-0.223937	1.02371	0.180546	0.613878	0.0437775	-0.0499717	0.648092	-0.125857	0	0	-0.0574925	-0.0828961	-0.0650341	0.26173	0.163327	0	0	-0.249494	0.178288	-0.210553	0.23187	-0.493369	1.26669	0.473278	0.322723	0	0	0.662303	-0.434259	0.882533	1.82983	1.38511	0	0
5.02553	-0.170737	0.13402	-2.98946	-0.225018	1.02315	0.180369	0.595999	0.0296168	-0.0488305	0.674546	-0.116188	0	0	-0.0534668	-0.0728704	-0.066583	0.259031	0.162802	0	0	-0.242019	0.170196	-0.203367	0.251972	-0.503398	1.23162	0.495268	0.377299	0	0	0.626564	-0.443035	0.869379	1.81589	1.37394	0	0
5.03552	-0.163267	0.1263	-2.99342	-0.226167	1.02256	0.180136	0.577962	0.0152487	-0.047329	0.699778	-0.106544	0	0	-0.0495291	-0.0631717	-0.0677417	0.256129	0.162167	0	0	-0.234522	0.162152	-0.196171	0.270152	-0.513138	1.1946	0.518935	0.4318	0	0	0.591568	-0.451179	0.856791	1.8017	1.36237	0	0
5.04552	-0.155904	0.118764	-2.9971	-0.227374	1.02196	0.179833	0.559809	0.000847964	-0.0457013	0.723432	-0.096901	0	0	-0.0456938	-0.0538472	-0.0686954	0.253007	0.161446	0	0	-0.22702	0.154197	-0.188678	0.286275	-0.522643	1.15605	0.544262	0.485756	0	0	0.557682	-0.458668	0.845048	1.78733	1.35061	0	0
5.05551	-0.148613	0.111465	-3.00072	-0.228632	1.02133	0.179443	0.541602	-0.0134258	-0.0441814	0.74516	-0.0872439	0	0	-0.0419695	-0.0449365	-0.0696362	0.249634	0.160645	0	0	-0.219519	0.146364	-0.180634	0.300314	-0.531938	1.11664	0.571152	0.538482	0	0	0.52523	-0.465513	0.834377	1.77289	1.33892	0	0
5.0655	-0.141354	0.104451	-3.00451	-0.229932	1.02068	0.178946	0.523416	-0.027423	-0.0429833	0.76463	-0.0775677	0	0	-0.0383535	-0.0364781	-0.0707611	0.24598	0.159763	0	0	-0.212009	0.138685	-0.171828	0.312356	-0.541017	1.07724	0.599425	0.589098	0	0	0.494486	-0.471745	0.824943	1.75852	1.32761	0	0
5.07549	-0.134075	0.0977707	-3.00871	-0.231265	1.02002	0.178323	0.505358	-0.0410011	-0.0422788	0.781545	-0.0678652	0	0	-0.034816	-0.0285126	-0.0722703	0.242034	0.158798	0	0	-0.204475	0.131189	-0.162042	0.322436	-0.54989	1.03839	0.62894	0.637226	0	0	0.465739	-0.477382	0.816916	1.74437	1.31689	0	0
5.08548	-0.126726	0.0914697	-3.01355	-0.232621	1.01934	0.177555	0.487555	-0.0540171	-0.0421866	0.79566	-0.0581356	0	0	-0.0313002	-0.0210913	-0.074361	0.237824	0.15776	0	0	-0.196896	0.12391	-0.151099	0.330626	-0.558555	1.00055	0.659527	0.68264	0	0	0.439252	-0.482442	0.810426	1.7306	1.30697	0	0
5.09547	-0.119247	0.085585	-3.01921	-0.233985	1.01865	0.176621	0.470167	-0.0663397	-0.0427575	0.806803	-0.0483637	0	0	-0.0277133	-0.0142621	-0.0772133	0.233416	0.156669	0	0	-0.18925	0.116874	-0.138829	0.336929	-0.567017	0.963801	0.691062	0.725648	0	0	0.415305	-0.486918	0.805594	1.71736	1.29792	0	0
5.10546	-0.111579	0.080137	-3.02584	-0.235341	1.01795	0.175506	0.453375	-0.0778576	-0.0439802	0.814878	-0.0385356	0	0	-0.0239343	-0.00806373	-0.0809763	0.228917	0.155554	0	0	-0.181511	0.110098	-0.125161	0.341446	-0.575248	0.928347	0.72336	0.766422	0	0	0.394111	-0.490814	0.802435	1.70482	1.28982	0	0
5.11545	-0.103662	0.0751242	-3.03353	-0.236672	1.01724	0.174197	0.437373	-0.0884914	-0.0457956	0.819865	-0.0286426	0	0	-0.0198198	-0.00251615	-0.0857569	0.224464	0.154454	0	0	-0.173654	0.103585	-0.110125	0.344373	-0.58319	0.89448	0.756184	0.80503	0	0	0.375818	-0.494137	0.800854	1.69315	1.28279	0	0
5.12544	-0.0954449	0.0705194	-3.0423	-0.237955	1.01652	0.172686	0.422345	-0.0982049	-0.0481201	0.82181	-0.0186802	0	0	-0.015226	0.00238621	-0.0916095	0.220202	0.153409	0	0	-0.16567	0.0973179	-0.0938561	0.345988	-0.59076	0.862572	0.789256	0.841449	0	0	0.360507	-0.496899	0.800669	1.68252	1.27696	0	0
5.13544	-0.0869058	0.0662741	-3.05211	-0.239168	1.0158	0.170974	0.408422	-0.10701	-0.0508785	0.820806	-0.0086517	0	0	-0.0100421	0.00667332	-0.0985196	0.216264	0.152452	0	0	-0.157584	0.0912744	-0.076601	0.346652	-0.597858	0.833073	0.822284	0.875511	0	0	0.348195	-0.499118	0.801616	1.67312	1.27244	0	0
5.14543	-0.0780629	0.0623335	-3.06282	-0.240289	1.01507	0.16907	0.39565	-0.11496	-0.0540436	0.816972	0.00142353	0	0	-0.00421223	0.0103858	-0.106387	0.212752	0.151602	0	0	-0.149464	0.0854352	-0.0586547	0.346653	-0.604412	0.806196	0.855031	0.90732	0	0	0.338908	-0.500787	0.803471	1.66503	1.26924	0	0
5.15542	-0.0689853	0.0586546	-3.0742	-0.241301	1.01435	0.166997	0.383966	-0.122133	-0.0576659	0.810429	0.0115011	0	0	0.0022492	0.013554	-0.115007	0.209733	0.150864	0	0	-0.141413	0.0798057	-0.0404121	0.346269	-0.610349	0.782086	0.887266	0.937061	0	0	0.332629	-0.501898	0.806003	1.65832	1.26723	0	0
5.16541	-0.0597856	0.0552132	-3.08591	-0.242189	1.01364	0.164784	0.37321	-0.128608	-0.0618461	0.801302	0.0215136	0	0	0.00925985	0.0161936	-0.124102	0.207234	0.150229	0	0	-0.133569	0.0744162	-0.0223595	0.345814	-0.615595	0.76094	0.918739	0.964833	0	0	0.32926	-0.502456	0.808936	1.65302	1.26631	0	0
5.1754	-0.0506006	0.0520038	-3.0976	-0.242944	1.01295	0.162463	0.363168	-0.13444	-0.0666864	0.789724	0.0313734	0	0	0.0166881	0.0183076	-0.133367	0.205243	0.149681	0	0	-0.126091	0.0693115	-0.00498546	0.345565	-0.620092	0.742863	0.949214	0.990885	0	0	0.328665	-0.502467	0.812003	1.64912	1.26634	0	0
5.18539	-0.0415794	0.0490329	-3.10894	-0.243562	1.01229	0.160064	0.353608	-0.139657	-0.072254	0.775847	0.0409889	0	0	0.0243659	0.0198941	-0.142505	0.203713	0.149198	0	0	-0.119142	0.0645387	0.011224	0.345822	-0.623782	0.728028	0.978439	1.01533	0	0	0.330626	-0.501961	0.814903	1.64658	1.26725	0	0
5.19538	-0.0328665	0.0463121	-3.11964	-0.244041	1.01166	0.157613	0.344308	-0.144256	-0.0785635	0.75985	0.0502843	0	0	0.0321099	0.0209532	-0.151259	0.202568	0.148751	0	0	-0.112885	0.0601363	0.0258224	0.346901	-0.626615	0.71666	1.00615	1.03812	0	0	0.334863	-0.500998	0.817326	1.64535	1.26901	0	0
5.20537	-0.0245811	0.0438508	-3.12948	-0.244385	1.01108	0.155129	0.335099	-0.148218	-0.0855743	0.741951	0.0592135	0	0	0.0397509	0.0214937	-0.159439	0.201725	0.148312	0	0	-0.107448	0.0561243	0.0384937	0.348999	-0.628568	0.708815	1.03211	1.0594	0	0	0.341118	-0.499631	0.819065	1.6453	1.27153	0	0
5.21536	-0.0168219	0.041649	-3.13833	-0.244599	1.01054	0.152624	0.325853	-0.151526	-0.0932057	0.722396	0.0677635	0	0	0.0471293	0.0215413	-0.166914	0.201087	0.147839	0	0	-0.102933	0.052504	0.0490103	0.352291	-0.62963	0.704567	1.05609	1.0791	0	0	0.349111	-0.497932	0.819944	1.64631	1.27474	0	0
5.22536	-0.00964687	0.0396972	-3.14613	-0.244693	1.01005	0.150106	0.316513	-0.154162	-0.101352	0.701444	0.0759523	0	0	0.0541265	0.021134	-0.173624	0.200565	0.14729	0	0	-0.0993885	0.0492588	0.0572818	0.356827	-0.629822	0.703855	1.07791	1.09724	0	0	0.358593	-0.495956	0.819899	1.64817	1.27846	0	0
5.23535	-0.0030747	0.0379769	-3.15289	-0.244678	1.00961	0.147576	0.307079	-0.15612	-0.10989	0.679357	0.0838124	0	0	0.0606652	0.0203188	-0.179567	0.200078	0.146631	0	0	-0.0968052	0.0463581	0.0633299	0.362569	-0.629181	0.706542	1.0974	1.11377	0	0	0.36935	-0.493757	0.818965	1.65064	1.28238	0	0
5.24534	0.00292033	0.0364646	-3.15867	-0.244567	1.00922	0.145031	0.297611	-0.157396	-0.118686	0.656395	0.0913658	0	0	0.066722	0.0191444	-0.184787	0.199563	0.14584	0	0	-0.0951121	0.0437638	0.0672755	0.369375	-0.627762	0.712392	1.11445	1.12866	0	0	0.381199	-0.491379	0.817254	1.65347	1.28623	0	0
5.25533	0.00840266	0.0351344	-3.16357	-0.244374	1.00886	0.142466	0.288224	-0.15799	-0.127594	0.632814	0.0986041	0	0	0.0723259	0.0176553	-0.189365	0.198987	0.144912	0	0	-0.0941852	0.0414375	0.0693113	0.377018	-0.625634	0.721086	1.12899	1.14196	0	0	0.393983	-0.488863	0.814928	1.65639	1.28982	0	0
5.26532	0.0134631	0.03396	-3.1677	-0.244114	1.00853	0.139871	0.279065	-0.157901	-0.136464	0.608865	0.105474	0	0	0.0775483	0.0158893	-0.193401	0.198347	0.143857	0	0	-0.0938657	0.0393438	0.0696775	0.385211	-0.622877	0.732245	1.14102	1.15371	0	0	0.407557	-0.48625	0.81217	1.65916	1.29301	0	0
5.27531	0.0182028	0.0329159	-3.17122	-0.2438	1.00823	0.137239	0.270302	-0.157134	-0.145136	0.584799	0.111876	0	0	0.0824854	0.0138765	-0.197011	0.197671	0.142702	0	0	-0.0939812	0.037452	0.0686392	0.393631	-0.619574	0.745456	1.15057	1.16395	0	0	0.421784	-0.483582	0.809162	1.66159	1.29578	0	0
5.2853	0.0227171	0.0319774	-3.17426	-0.243445	1.00794	0.134558	0.262095	-0.155696	-0.153452	0.56086	0.117665	0	0	0.0872404	0.0116395	-0.200311	0.197017	0.141488	0	0	-0.0943675	0.0357359	0.0664691	0.401954	-0.615809	0.760304	1.15772	1.17271	0	0	0.43653	-0.480911	0.806071	1.66352	1.29809	0	0
5.29529	0.027086	0.0311196	-3.17696	-0.24306	1.00766	0.131817	0.254594	-0.153603	-0.161269	0.537299	0.122664	0	0	0.0919108	0.0091933	-0.203428	0.196463	0.140264	0	0	-0.0948817	0.03417	0.0634404	0.40987	-0.611671	0.776396	1.16259	1.17998	0	0	0.451663	-0.478298	0.803053	1.66481	1.29994	0	0
5.30528	0.0313744	0.0303148	-3.1795	-0.242656	1.00739	0.129003	0.247932	-0.150884	-0.168467	0.51437	0.126682	0	0	0.0965832	0.00654897	-0.206495	0.196103	0.139091	0	0	-0.0954047	0.0327236	0.0598357	0.417082	-0.607258	0.793353	1.16533	1.1857	0	0	0.46707	-0.475805	0.800267	1.6654	1.30128	0	0
5.31528	0.0356253	0.0295313	-3.18201	-0.242241	1.00711	0.126104	0.242213	-0.147589	-0.174969	0.492321	0.129547	0	0	0.101321	0.00371817	-0.209643	0.196029	0.138034	0	0	-0.0958499	0.0313615	0.055911	0.423347	-0.602658	0.81086	1.16609	1.18983	0	0	0.48262	-0.473509	0.797826	1.66525	1.30208	0	0
5.32527	0.0398534	0.0287338	-3.18464	-0.241825	1.00684	0.123108	0.237496	-0.143789	-0.180743	0.471385	0.131145	0	0	0.106153	0.000716729	-0.212989	0.196321	0.137156	0	0	-0.0961697	0.0300435	0.0519028	0.42846	-0.597961	0.828634	1.16507	1.19229	0	0	0.498197	-0.471487	0.795824	1.66434	1.30233	0	0
5.33526	0.0440459	0.0278862	-3.18751	-0.241414	1.00656	0.120007	0.233791	-0.139573	-0.185801	0.451768	0.13145	0	0	0.111077	-0.00243536	-0.216626	0.197046	0.136515	0	0	-0.0963537	0.02873	0.0480109	0.432273	-0.593256	0.84644	1.16244	1.19302	0	0	0.513688	-0.469812	0.79433	1.66268	1.30201	0	0
5.34525	0.0481666	0.0269553	-3.19069	-0.241015	1.00628	0.116797	0.231057	-0.135044	-0.190188	0.433647	0.130547	0	0	0.116065	-0.00571697	-0.220613	0.198263	0.136165	0	0	-0.0964225	0.0273875	0.0443977	0.434679	-0.588633	0.864077	1.1584	1.19198	0	0	0.528988	-0.46855	0.793389	1.66029	1.30112	0	0
5.35524	0.0521643	0.0259171	-3.19423	-0.240634	1.00601	0.113475	0.22921	-0.130303	-0.19396	0.417163	0.128641	0	0	0.12108	-0.00911284	-0.224975	0.200031	0.136159	0	0	-0.0964175	0.0259968	0.0411856	0.43562	-0.584181	0.881378	1.15314	1.18916	0	0	0.543998	-0.46775	0.793023	1.65716	1.29964	0	0
5.36523	0.0559799	0.0247595	-3.19814	-0.240276	1.00573	0.110045	0.228128	-0.125444	-0.197158	0.402412	0.126055	0	0	0.126078	-0.0126161	-0.229703	0.202407	0.136542	0	0	-0.0963931	0.024556	0.0384659	0.435072	-0.579995	0.898189	1.14684	1.18462	0	0	0.55862	-0.467445	0.793236	1.65332	1.29759	0	0
5.37522	0.0595548	0.0234836	-3.20241	-0.239946	1.00545	0.106512	0.227662	-0.120543	-0.199792	0.389435	0.123196	0	0	0.13102	-0.016231	-0.234755	0.20545	0.137355	0	0	-0.0964074	0.0230809	0.0363053	0.433031	-0.576168	0.914358	1.13972	1.17848	0	0	0.572754	-0.467645	0.794001	1.64878	1.29505	0	0
5.38521	0.0628586	0.0221047	-3.20698	-0.239648	1.00517	0.102882	0.227664	-0.115652	-0.201828	0.37819	0.120491	0	0	0.135907	-0.0199795	-0.24008	0.209233	0.138641	0	0	-0.0964867	0.0216111	0.0347104	0.429578	-0.572766	0.929837	1.13191	1.17084	0	0	0.586238	-0.468366	0.795209	1.64359	1.29206	0	0
5.3952	0.0658887	0.0206455	-3.21182	-0.239382	1.00489	0.0991628	0.227994	-0.1108	-0.203211	0.368551	0.118307	0	0	0.140772	-0.0238928	-0.245616	0.213826	0.140431	0	0	-0.0966321	0.0201971	0.0336561	0.424838	-0.569832	0.944625	1.12356	1.16183	0	0	0.598871	-0.46962	0.796684	1.63783	1.28871	0	0
5.4052	0.0686696	0.0191333	-3.21685	-0.239146	1.00461	0.0953608	0.228534	-0.105997	-0.203896	0.360307	0.116858	0	0	0.145676	-0.0280083	-0.251294	0.219298	0.142742	0	0	-0.0968226	0.0188939	0.0331059	0.418964	-0.567394	0.958744	1.11475	1.15158	0	0	0.610425	-0.471405	0.798188	1.6316	1.28519	0	0
5.41519	0.071251	0.0176008	-3.22204	-0.238938	1.00432	0.0914816	0.229198	-0.10123	-0.203872	0.353204	0.116198	0	0	0.150715	-0.0323733	-0.257042	0.225713	0.145571	0	0	-0.0970227	0.0177583	0.0330242	0.41212	-0.565465	0.972225	1.1056	1.14031	0	0	0.620657	-0.473704	0.799441	1.62506	1.28176	0	0
5.42518	0.0737036	0.0160855	-3.22734	-0.238748	1.00403	0.0875291	0.229942	-0.0964714	-0.203176	0.346974	0.116252	0	0	0.156007	-0.0370458	-0.262783	0.233137	0.14889	0	0	-0.097189	0.0168456	0.0333815	0.404479	-0.56405	0.9851	1.09617	1.12827	0	0	0.629329	-0.476487	0.800124	1.61837	1.27878	0	0
5.43517	0.0761133	0.014626	-3.23268	-0.238565	1.00372	0.0835063	0.230768	-0.0916776	-0.201888	0.341375	0.116869	0	0	0.161704	-0.0420916	-0.268435	0.241652	0.152644	0	0	-0.0972767	0.0162028	0.0341527	0.396208	-0.56314	0.997402	1.08655	1.11577	0	0	0.636213	-0.479713	0.7999	1.61173	1.27674	0	0
5.44516	0.0785737	0.0132565	-3.23804	-0.238372	1.0034	0.0794157	0.231717	-0.0868019	-0.200111	0.336214	0.117868	0	0	0.167982	-0.0475798	-0.273908	0.251359	0.156743	0	0	-0.0972457	0.0158633	0.0353131	0.387467	-0.562712	1.00915	1.07679	1.10321	0	0	0.641109	-0.483334	0.798431	1.60537	1.27621	0	0
5.45515	0.0811926	0.0120048	-3.24337	-0.238152	1.00305	0.0752586	0.232884	-0.0817946	-0.197938	0.331372	0.119071	0	0	0.175062	-0.0535876	-0.279129	0.262407	0.161071	0	0	-0.0970436	0.0158478	0.0368125	0.378448	-0.562718	1.02047	1.06692	1.09078	0	0	0.643826	-0.487323	0.795391	1.5995	1.27756	0	0
5.46514	0.0840727	0.0108878	-3.24861	-0.237884	1.00268	0.0710373	0.234395	-0.0766168	-0.195466	0.326793	0.120324	0	0	0.183185	-0.0601867	-0.284021	0.274976	0.165467	0	0	-0.0966272	0.0161602	0.0385845	0.369351	-0.563089	1.03149	1.05693	1.07854	0	0	0.64421	-0.491658	0.790496	1.59434	1.281	0	0
5.47513	0.0872955	0.00991182	-3.25371	-0.237544	1.00227	0.0667561	0.236372	-0.0712481	-0.192801	0.322475	0.121503	0	0	0.19259	-0.0674381	-0.288499	0.289263	0.169717	0	0	-0.0959779	0.0167881	0.0405544	0.360365	-0.563752	1.04238	1.04679	1.06647	0	0	0.64216	-0.496315	0.783533	1.59006	1.28656	0	0
5.48512	0.0909096	0.00907344	-3.25861	-0.237111	1.00184	0.0624216	0.238907	-0.0656885	-0.190062	0.318433	0.122513	0	0	0.203495	-0.0753866	-0.292469	0.305465	0.173539	0	0	-0.0951129	0.0177035	0.0426456	0.351658	-0.564629	1.05323	1.03646	1.05455	0	0	0.637651	-0.501262	0.774382	1.58678	1.29403	0	0
5.49512	0.09492	0.00835756	-3.26325	-0.236564	1.00137	0.058044	0.242038	-0.0599647	-0.187386	0.314675	0.12329	0	0	0.216076	-0.084052	-0.29583	0.323764	0.176588	0	0	-0.0940926	0.0188616	0.0447832	0.343355	-0.565651	1.06411	1.02591	1.04276	0	0	0.630746	-0.506448	0.763043	1.58455	1.30296	0	0
5.50511	0.0992819	0.00773597	-3.26752	-0.235887	1.00088	0.053637	0.245731	-0.0541325	-0.184915	0.311193	0.123798	0	0	0.230454	-0.09342	-0.29847	0.344298	0.178449	0	0	-0.0930221	0.0201998	0.0468994	0.335536	-0.566757	1.07499	1.01509	1.03113	0	0	0.621602	-0.511802	0.74964	1.58332	1.31265	0	0
5.5151	0.103904	0.00716994	-3.27134	-0.235066	1.00037	0.0492176	0.249889	-0.0482733	-0.182786	0.307958	0.124023	0	0	0.246684	-0.103442	-0.300287	0.367156	0.178667	0	0	-0.0920409	0.021642	0.0489407	0.328225	-0.5679	1.08579	1.00398	1.01969	0	0	0.61046	-0.517225	0.734409	1.58294	1.32225	0	0
5.52509	0.108676	0.00661277	-3.2746	-0.234094	0.999852	0.0448047	0.254381	-0.0424861	-0.181124	0.30493	0.123966	0	0	0.264776	-0.114041	-0.301197	0.392364	0.176776	0	0	-0.0912876	0.0231097	0.0508525	0.321429	-0.569037	1.09643	0.992523	1.00836	0	0	0.597597	-0.522605	0.71762	1.58325	1.33107	0	0
5.53508	0.113469	0.00601553	-3.27721	-0.232971	0.999338	0.0404185	0.259044	-0.0368769	-0.180036	0.302056	0.123639	0	0	0.284686	-0.125109	-0.30113	0.419875	0.172338	0	0	-0.0908981	0.0245265	0.0525982	0.315119	-0.570144	1.10685	0.980706	0.997024	0	0	0.583332	-0.527816	0.699592	1.58402	1.33855	0	0
5.54507	0.118133	0.00533324	-3.27907	-0.231703	0.998839	0.0360799	0.263684	-0.031549	-0.179612	0.299272	0.123066	0	0	0.306298	-0.136508	-0.300021	0.449557	0.164978	0	0	-0.0910165	0.0258211	0.0541714	0.309216	-0.571212	1.1169	0.96853	0.985536	0	0	0.568036	-0.532722	0.680707	1.58502	1.34426	0	0
5.55506	0.122501	0.00453057	-3.28013	-0.2303	0.998366	0.0318091	0.268084	-0.0265905	-0.179906	0.296511	0.122271	0	0	0.32943	-0.148078	-0.297812	0.481212	0.154444	0	0	-0.0917878	0.0269329	0.0555977	0.303597	-0.572256	1.12641	0.956025	0.973808	0	0	0.552118	-0.537186	0.661392	1.586	1.34798	0	0
5.56505	0.126401	0.00358174	-3.28033	-0.22878	0.997933	0.0276249	0.272017	-0.0220695	-0.180932	0.2937	0.12128	0	0	0.353849	-0.159648	-0.294458	0.514605	0.140646	0	0	-0.0933553	0.0278123	0.0569309	0.298114	-0.573303	1.13521	0.943243	0.961799	0	0	0.536002	-0.54108	0.642085	1.58674	1.34967	0	0
5.57504	0.129678	0.00246602	-3.27965	-0.227163	0.997549	0.0235445	0.275278	-0.0180372	-0.182662	0.290782	0.120121	0	0	0.379299	-0.171034	-0.289938	0.549504	0.123699	0	0	-0.0958345	0.0284202	0.0582237	0.29264	-0.574379	1.14316	0.930244	0.949414	0	0	0.520071	-0.544298	0.623171	1.58707	1.3495	0	0
5.58504	0.132188	0.00116803	-3.27812	-0.225474	0.997223	0.0195833	0.27768	-0.0145291	-0.185034	0.28771	0.11882	0	0	0.405506	-0.18205	-0.284256	0.585713	0.103962	0	0	-0.0993204	0.0287269	0.0595409	0.287052	-0.57552	1.15018	0.917092	0.936647	0	0	0.504675	-0.546753	0.60499	1.58689	1.34781	0	0
5.59503	0.133821	-0.000326675	-3.27577	-0.223737	0.996964	0.0157557	0.279086	-0.0115716	-0.187959	0.284464	0.117413	0	0	0.432208	-0.192509	-0.277445	0.623113	0.0820558	0	0	-0.103861	0.0287129	0.0609335	0.281265	-0.576754	1.15625	0.903837	0.923503	0	0	0.490083	-0.548384	0.587796	1.58614	1.34502	0	0
5.60502	0.134505	-0.00203116	-3.27267	-0.22198	0.996775	0.0120748	0.279414	-0.00918544	-0.191333	0.28106	0.115934	0	0	0.459166	-0.202232	-0.269564	0.661692	0.0588648	0	0	-0.109462	0.028368	0.0624402	0.275223	-0.5781	1.16139	0.890512	0.910079	0	0	0.476493	-0.549155	0.571769	1.58484	1.34155	0	0
5.61501	0.134216	-0.0039563	-3.26892	-0.220228	0.99666	0.00855231	0.278658	-0.00738483	-0.195046	0.277551	0.114422	0	0	0.486188	-0.211058	-0.260699	0.701578	0.0355059	0	0	-0.116074	0.0276929	0.0640699	0.268936	-0.579564	1.16575	0.877117	0.89644	0	0	0.463994	-0.549066	0.556979	1.58308	1.33786	0	0
5.625	0.132985	-0.0061071	-3.26464	-0.218506	0.996618	0.00519702	0.276889	-0.00617151	-0.19898	0.27403	0.112915	0	0	0.513144	-0.218866	-0.250966	0.743058	0.0132585	0	0	-0.123589	0.0267006	0.0658039	0.262478	-0.581128	1.16958	0.863621	0.882619	0	0	0.452565	-0.548153	0.543387	1.58101	1.3344	0	0
5.63499	0.130899	-0.00848108	-3.25997	-0.216834	0.996645	0.00201345	0.274252	-0.00553106	-0.203015	0.270614	0.111446	0	0	0.539972	-0.225586	-0.24051	0.78658	-0.00654416	0	0	-0.131838	0.0254144	0.0676017	0.255976	-0.582752	1.17322	0.849963	0.868611	0	0	0.442077	-0.546483	0.530855	1.57886	1.33155	0	0
5.64498	0.128095	-0.0110718	-3.2551	-0.215231	0.996733	-0.000999049	0.270956	-0.00543509	-0.207024	0.267434	0.110048	0	0	0.566684	-0.231207	-0.229501	0.832708	-0.0226601	0	0	-0.140596	0.0238605	0.0694094	0.24959	-0.584381	1.17707	0.836069	0.854374	0	0	0.432305	-0.544151	0.519158	1.57689	1.32958	0	0
5.65497	0.124751	-0.0138739	-3.25023	-0.213713	0.99687	-0.00384672	0.267261	-0.00584608	-0.210879	0.264626	0.108749	0	0	0.59335	-0.23577	-0.218127	0.882055	-0.0341041	0	0	-0.149594	0.0220594	0.0711679	0.243488	-0.585947	1.18151	0.821868	0.839849	0	0	0.422949	-0.541278	0.508014	1.57535	1.32862	0	0
5.66496	0.121079	-0.0168865	-3.24555	-0.212292	0.997044	-0.0065407	0.26346	-0.00672267	-0.214448	0.262317	0.107575	0	0	0.620076	-0.239358	-0.206586	0.935182	-0.0402995	0	0	-0.158529	0.0200212	0.0728124	0.237821	-0.587378	1.18685	0.807312	0.825093	0	0	0.413661	-0.538003	0.497106	1.57454	1.3287	0	0
5.67496	0.117307	-0.0201167	-3.24128	-0.210977	0.997237	-0.00909563	0.25986	-0.00802529	-0.217604	0.260618	0.106548	0	0	0.64698	-0.242079	-0.195076	0.992496	-0.0411845	0	0	-0.167089	0.0177417	0.0742764	0.232701	-0.588606	1.19329	0.792398	0.810322	0	0	0.404078	-0.534479	0.486126	1.5747	1.32974	0	0
5.68495	0.11366	-0.0235783	-3.23757	-0.209776	0.997435	-0.0115271	0.256753	-0.00972022	-0.220235	0.259619	0.105691	0	0	0.674152	-0.244037	-0.183772	1.05418	-0.0372041	0	0	-0.174984	0.0152034	0.0755144	0.228146	-0.589585	1.20077	0.777199	0.795904	0	0	0.393894	-0.53085	0.474843	1.57605	1.33145	0	0
5.69494	0.110336	-0.0272902	-3.23455	-0.208691	0.997628	-0.0138492	0.254386	-0.0117843	-0.222263	0.259376	0.105025	0	0	0.701626	-0.24531	-0.172812	1.12016	-0.0291656	0	0	-0.181972	0.0123801	0.0764835	0.224105	-0.590295	1.20908	0.761857	0.782162	0	0	0.382873	-0.527248	0.4631	1.57872	1.33353	0	0
5.70493	0.107482	-0.0312716	-3.23228	-0.207722	0.997804	-0.0160724	0.252936	-0.0142048	-0.223654	0.259912	0.104569	0	0	0.729366	-0.245934	-0.162279	1.19013	-0.0180203	0	0	-0.187891	0.00924448	0.0771332	0.220479	-0.590734	1.21787	0.746571	0.769348	0	0	0.370866	-0.523784	0.450807	1.58281	1.33571	0	0
5.71492	0.105186	-0.0355351	-3.23076	-0.206864	0.997954	-0.0182033	0.252487	-0.0169737	-0.224416	0.261211	0.104337	0	0	0.75725	-0.245898	-0.1522	1.26353	-0.00467363	0	0	-0.192673	0.00577639	0.0774016	0.217137	-0.590917	1.22668	0.731581	0.75764	0	0	0.357814	-0.520546	0.437944	1.58835	1.33774	0	0
5.72491	0.10347	-0.0400849	-3.22993	-0.206107	0.998074	-0.0202448	0.253033	-0.0200854	-0.2246	0.263215	0.104337	0	0	0.785079	-0.245153	-0.142556	1.33964	0.0101059	0	0	-0.196342	0.00196714	0.0772171	0.213929	-0.590874	1.23497	0.717156	0.747135	0	0	0.343756	-0.5176	0.424557	1.59529	1.33944	0	0
5.7349	0.102304	-0.0449195	-3.22966	-0.20544	0.998166	-0.022197	0.254491	-0.0235387	-0.22429	0.265834	0.104567	0	0	0.812592	-0.243614	-0.133299	1.41757	0.0256856	0	0	-0.199006	-0.00218145	0.0765084	0.210685	-0.590649	1.24216	0.703576	0.737894	0	0	0.328821	-0.514981	0.410758	1.6035	1.34069	0	0
5.74489	0.101617	-0.0500368	-3.22979	-0.204847	0.998234	-0.0240576	0.256719	-0.0273418	-0.223601	0.268958	0.105018	0	0	0.839485	-0.241173	-0.124373	1.49628	0.0415281	0	0	-0.200827	-0.00666177	0.0752215	0.207209	-0.590301	1.24763	0.691111	0.729992	0	0	0.313238	-0.512692	0.396739	1.61279	1.34137	0	0
5.75488	0.101299	-0.0554385	-3.23013	-0.204312	0.998295	-0.0258231	0.259518	-0.0315124	-0.222656	0.272453	0.10567	0	0	0.86541	-0.237711	-0.115738	1.57464	0.0571477	0	0	-0.202026	-0.0114675	0.0733515	0.203254	-0.589902	1.25067	0.680032	0.723622	0	0	0.297347	-0.510701	0.382799	1.62284	1.34132	0	0
5.76488	0.101219	-0.0611402	-3.23048	-0.203818	0.998368	-0.0274907	0.262668	-0.0360843	-0.22158	0.276178	0.106498	0	0	0.889996	-0.233101	-0.107391	1.6514	0.0720813	0	0	-0.202844	-0.0166055	0.0709138	0.198608	-0.589512	1.25072	0.670556	0.718864	0	0	0.281536	-0.508961	0.369271	1.63327	1.3404	0	0
5.77487	0.101237	-0.0671774	-3.23067	-0.203351	0.99848	-0.0290591	0.265934	-0.0411106	-0.220486	0.279991	0.107471	0	0	0.912863	-0.227225	-0.099381	1.72529	0.0858725	0	0	-0.203525	-0.0221045	0.0679482	0.193105	-0.589162	1.24737	0.662831	0.715715	0	0	0.266215	-0.50741	0.356502	1.64369	1.3385	0	0
5.78486	0.101206	-0.0736084	-3.23052	-0.202897	0.998659	-0.0305296	0.269085	-0.0466643	-0.219464	0.283751	0.108551	0	0	0.933635	-0.219975	-0.0918108	1.79503	0.0980665	0	0	-0.204308	-0.0280209	0.0645198	0.186633	-0.588857	1.24039	0.656932	0.714121	0	0	0.251797	-0.505989	0.344834	1.65366	1.33549	0	0
5.79485	0.100984	-0.0805125	-3.22994	-0.202447	0.99894	-0.031906	0.271895	-0.0528349	-0.218583	0.28732	0.109694	0	0	0.951962	-0.211265	-0.0848373	1.85934	0.108206	0	0	-0.205417	-0.0344369	0.0607136	0.179148	-0.588573	1.22975	0.652856	0.714001	0	0	0.238663	-0.504637	0.334572	1.66275	1.33132	0	0
5.80484	0.100432	-0.0879845	-3.22884	-0.201995	0.999355	-0.0331956	0.274153	-0.0597231	-0.217883	0.290565	0.110852	0	0	0.967537	-0.201037	-0.0786585	1.9171	0.11583	0	0	-0.207052	-0.041456	0.0566219	0.170687	-0.588256	1.21563	0.650513	0.715254	0	0	0.227136	-0.503309	0.325959	1.67059	1.32596	0	0
5.81483	0.0994122	-0.0961199	-3.22721	-0.201539	0.999934	-0.0344086	0.275653	-0.0674252	-0.217382	0.29336	0.111971	0	0	0.980117	-0.18927	-0.0734983	1.96733	0.120479	0	0	-0.209396	-0.0491892	0.0523532	0.16135	-0.587838	1.19837	0.649743	0.717785	0	0	0.217482	-0.50197	0.319182	1.67686	1.31947	0	0
5.82482	0.0977952	-0.104996	-3.22508	-0.20108	1.0007	-0.0355576	0.276212	-0.0760164	-0.217073	0.295595	0.112995	0	0	0.989567	-0.176002	-0.0695799	2.0094	0.121714	0	0	-0.212598	-0.0577335	0.0480105	0.151331	-0.587248	1.17853	0.650318	0.721439	0	0	0.209869	-0.5006	0.314324	1.68132	1.31203	0	0
5.83481	0.0954798	-0.114646	-3.22253	-0.20062	1.00166	-0.0366563	0.27569	-0.0855247	-0.216942	0.297198	0.113873	0	0	0.995922	-0.161348	-0.0670843	2.0431	0.119148	0	0	-0.216741	-0.0671385	0.0436684	0.14093	-0.586421	1.15693	0.65195	0.725961	0	0	0.204331	-0.499195	0.31132	1.68387	1.30403	0	0
5.8448	0.0924039	-0.125016	-3.21967	-0.200164	1.0028	-0.0377177	0.274011	-0.0958926	-0.216975	0.298149	0.114563	0	0	0.999459	-0.145528	-0.0660937	2.06887	0.112509	0	0	-0.221816	-0.077362	0.0393503	0.130594	-0.585319	1.13479	0.654304	0.73085	0	0	0.200717	-0.497763	0.309897	1.6846	1.2962	0	0
5.8548	0.0885512	-0.135935	-3.21663	-0.199714	1.00408	-0.038752	0.271166	-0.106957	-0.217192	0.298496	0.115048	0	0	1.00077	-0.128878	-0.0665312	2.08768	0.101657	0	0	-0.227709	-0.0882341	0.0350483	0.120826	-0.58397	1.11343	0.657044	0.735613	0	0	0.19874	-0.496314	0.309634	1.68372	1.28945	0	0
5.86479	0.0839977	-0.147126	-3.21351	-0.199269	1.00544	-0.0397662	0.267257	-0.118437	-0.217643	0.298332	0.115319	0	0	1.00064	-0.111831	-0.068156	2.10072	0.0865773	0	0	-0.234202	-0.0994534	0.0307144	0.112158	-0.582456	1.09429	0.659869	0.739832	0	0	0.198005	-0.494859	0.31	1.68162	1.28474	0	0
5.87478	0.0789326	-0.158172	-3.21034	-0.198822	1.00683	-0.040762	0.262505	-0.129898	-0.218431	0.297771	0.115379	0	0	1.00001	-0.0949016	-0.0705326	2.10929	0.06741	0	0	-0.240975	-0.110545	0.0262893	0.105107	-0.580931	1.07876	0.662545	0.743247	0	0	0.198061	-0.493393	0.310435	1.67874	1.28293	0	0
5.88477	0.0736551	-0.168495	-3.20708	-0.198358	1.00815	-0.0417342	0.257237	-0.140728	-0.219716	0.296937	0.115247	0	0	0.999896	-0.0786856	-0.0730172	2.11458	0.0445014	0	0	-0.24764	-0.120836	0.0217757	0.100047	-0.579647	1.06794	0.664974	0.745872	0	0	0.198513	-0.491888	0.310508	1.67556	1.28448	0	0
5.89476	0.0684923	-0.177478	-3.20372	-0.19786	1.00935	-0.0426729	0.251816	-0.150263	-0.221648	0.29596	0.114965	0	0	1.0013	-0.0637807	-0.0749122	2.11766	0.0183683	0	0	-0.253799	-0.129612	0.0173757	0.0969747	-0.578923	1.06206	0.667261	0.748073	0	0	0.199201	-0.490291	0.310184	1.67242	1.2889	0	0
5.90475	0.0636941	-0.184746	-3.20042	-0.197302	1.01036	-0.0435839	0.246705	-0.158051	-0.22403	0.295167	0.11476	0	0	1.00495	-0.0507834	-0.0758993	2.11941	-0.0102197	0	0	-0.259171	-0.136498	0.0138561	0.0949752	-0.578973	1.05895	0.669794	0.750402	0	0	0.200501	-0.488478	0.310138	1.66935	1.29398	0	0
5.91474	0.0594858	-0.189963	-3.1973	-0.196665	1.01112	-0.0444694	0.242294	-0.163694	-0.226732	0.294817	0.114811	0	0	1.01146	-0.0401604	-0.0756533	2.12044	-0.0404306	0	0	-0.263496	-0.14115	0.0117342	0.0934296	-0.579955	1.05706	0.672848	0.753158	0	0	0.202555	-0.486365	0.310728	1.66649	1.29832	0	0
5.92473	0.056061	-0.192824	-3.19442	-0.195934	1.01161	-0.0453288	0.238889	-0.166829	-0.229705	0.295096	0.115259	0	0	1.02125	-0.032243	-0.0738293	2.12115	-0.0713729	0	0	-0.266557	-0.14324	0.0113007	0.0919713	-0.581981	1.05542	0.676601	0.756499	0	0	0.205328	-0.483902	0.312059	1.66404	1.30129	0	0
5.93472	0.0535674	-0.193064	-3.19174	-0.195106	1.01179	-0.0461588	0.236688	-0.167151	-0.232989	0.296111	0.116204	0	0	1.03463	-0.0272166	-0.0700695	2.12166	-0.102139	0	0	-0.268203	-0.142465	0.0126415	0.0904444	-0.585127	1.0535	0.681158	0.760577	0	0	0.208656	-0.481074	0.314065	1.66227	1.3028	0	0
5.94472	0.0519832	-0.190716	-3.18919	-0.194187	1.01169	-0.0469574	0.235663	-0.164696	-0.23664	0.297868	0.117638	0	0	1.05152	-0.0249483	-0.0642947	2.12182	-0.132097	0	0	-0.268456	-0.138852	0.015555	0.0889592	-0.589314	1.05129	0.686414	0.765438	0	0	0.212279	-0.477951	0.316506	1.66137	1.30309	0	0
5.95471	0.0511011	-0.186129	-3.18667	-0.193193	1.01131	-0.0477241	0.235545	-0.15987	-0.240733	0.300267	0.119452	0	0	1.07156	-0.0249742	-0.0567204	2.12121	-0.161033	0	0	-0.267542	-0.132779	0.0195118	0.0879608	-0.5943	1.04946	0.692021	0.77092	0	0	0.215825	-0.4747	0.318911	1.6615	1.30296	0	0
5.9647	0.0505978	-0.179849	-3.18399	-0.19215	1.01074	-0.0484575	0.235888	-0.153306	-0.245392	0.303117	0.121455	0	0	1.0941	-0.0265898	-0.0477265	2.11916	-0.189187	0	0	-0.265823	-0.124824	0.0236774	0.0882573	-0.599721	1.04943	0.697438	0.776581	0	0	0.218787	-0.471559	0.320553	1.66288	1.30384	0	0
5.97469	0.050188	-0.172345	-3.18089	-0.191077	1.01002	-0.0491526	0.23623	-0.145559	-0.250856	0.306168	0.123442	0	0	1.11842	-0.0290524	-0.0375772	2.11471	-0.21705	0	0	-0.263672	-0.115454	0.0270045	0.0910104	-0.605218	1.05346	0.70204	0.781667	0	0	0.220499	-0.468789	0.320437	1.66583	1.30798	0	0
5.98468	0.0495461	-0.16433	-3.17731	-0.189984	1.00923	-0.0498203	0.23625	-0.137406	-0.257009	0.309358	0.125381	0	0	1.14361	-0.0316872	-0.0269425	2.10665	-0.245274	0	0	-0.261558	-0.105475	0.0290801	0.0964418	-0.610357	1.06152	0.705515	0.785484	0	0	0.220922	-0.466535	0.318374	1.6703	1.31575	0	0
5.99467	0.0483958	-0.156476	-3.17321	-0.188868	1.00846	-0.0504672	0.235681	-0.129569	-0.263723	0.312622	0.127246	0	0	1.16868	-0.033868	-0.0164644	2.09357	-0.274738	0	0	-0.259941	-0.0956418	0.0297609	0.104381	-0.614797	1.07285	0.707759	0.787654	0	0	0.220359	-0.464885	0.314672	1.67596	1.32655	0	0
6.00466	0.0465676	-0.149288	-3.16852	-0.187712	1.00779	-0.0510952	0.234358	-0.122576	-0.270916	0.315882	0.129018	0	0	1.1927	-0.035109	-0.00661661	2.07397	-0.306288	0	0	-0.259212	-0.0865076	0.0290615	0.114494	-0.618321	1.08645	0.708814	0.788096	0	0	0.219251	-0.46387	0.309862	1.68244	1.33926	0	0
6.01465	0.0439936	-0.143118	-3.16317	-0.186489	1.00726	-0.0517053	0.232216	-0.116774	-0.278524	0.319044	0.130673	0	0	1.2148	-0.0350822	0.00229876	2.0463	-0.340548	0	0	-0.259664	-0.0784453	0.0270935	0.126403	-0.620817	1.10133	0.708815	0.786964	0	0	0.218065	-0.463479	0.304542	1.68933	1.35262	0	0
6.02464	0.0406814	-0.138185	-3.15711	-0.185166	1.00695	-0.0523006	0.229259	-0.112351	-0.286484	0.322009	0.132174	0	0	1.23419	-0.0336356	0.0101505	2.00927	-0.377729	0	0	-0.261492	-0.071677	0.0240308	0.139745	-0.622262	1.11668	0.707945	0.784544	0	0	0.217217	-0.463669	0.299257	1.69629	1.36554	0	0
6.03464	0.0366519	-0.134559	-3.15038	-0.183714	1.00687	-0.0528861	0.2255	-0.109336	-0.294728	0.324694	0.133492	0	0	1.2503	-0.0308028	0.0169517	1.96203	-0.417463	0	0	-0.264774	-0.0662741	0.0201262	0.154176	-0.622725	1.13183	0.706415	0.781182	0	0	0.217017	-0.464361	0.294454	1.70301	1.37721	0	0
6.04463	0.0319347	-0.132197	-3.14312	-0.182112	1.00701	-0.0534695	0.220956	-0.107635	-0.303163	0.327024	0.134603	0	0	1.26267	-0.0267783	0.0228254	1.90431	-0.458792	0	0	-0.2695	-0.0621948	0.0157081	0.169367	-0.622358	1.14628	0.704459	0.777263	0	0	0.217668	-0.465445	0.290474	1.7093	1.3871	0	0
6.05462	0.0265555	-0.130984	-3.13552	-0.180347	1.00738	-0.0540609	0.215638	-0.107079	-0.311681	0.328934	0.135483	0	0	1.27096	-0.0218579	0.0279657	1.83619	-0.50037	0	0	-0.275602	-0.0593305	0.0111311	0.185045	-0.621353	1.15968	0.702317	0.773102	0	0	0.219264	-0.466793	0.287531	1.71501	1.39499	0	0
6.06461	0.0205389	-0.130759	-3.12786	-0.178421	1.00794	-0.0546742	0.209561	-0.10744	-0.320126	0.330364	0.136109	0	0	1.2749	-0.0164214	0.0326158	1.75799	-0.540596	0	0	-0.282969	-0.0575295	0.00678076	0.200983	-0.619933	1.17185	0.700221	0.768965	0	0	0.22181	-0.468263	0.285735	1.72004	1.4009	0	0
6.0746	0.0139089	-0.131325	-3.12046	-0.176345	1.00864	-0.0553263	0.20274	-0.10845	-0.328297	0.331256	0.136456	0	0	1.27429	-0.0109005	0.0370542	1.67017	-0.577829	0	0	-0.291457	-0.0566158	0.00306063	0.216981	-0.618334	1.18263	0.698393	0.765084	0	0	0.225239	-0.469705	0.285121	1.72437	1.40504	0	0
6.08459	0.00669079	-0.132467	-3.11366	-0.174144	1.00945	-0.0560349	0.195197	-0.10982	-0.335952	0.331555	0.136499	0	0	1.269	-0.00574597	0.0415817	1.57327	-0.610589	0	0	-0.300902	-0.0564023	0.000371885	0.232872	-0.616787	1.19196	0.697033	0.761674	0	0	0.229427	-0.470973	0.285665	1.72798	1.40767	0	0
6.09458	-0.00109372	-0.133968	-3.10781	-0.171855	1.01033	-0.0568164	0.18695	-0.111262	-0.342842	0.33121	0.136217	0	0	1.25901	-0.00138697	0.0465112	1.46792	-0.637753	0	0	-0.311128	-0.0567031	-0.000918715	0.248518	-0.615508	1.1998	0.696303	0.758933	0	0	0.23421	-0.471927	0.287297	1.73088	1.40915	0	0
6.10457	-0.00942243	-0.135611	-3.10322	-0.169526	1.01121	-0.0576835	0.178021	-0.112505	-0.348722	0.330178	0.135596	0	0	1.24437	0.00178286	0.0521569	1.35484	-0.658597	0	0	-0.321959	-0.0573391	-0.000497248	0.263812	-0.614679	1.20618	0.696328	0.757026	0	0	0.239391	-0.472444	0.289916	1.73312	1.40981	0	0
6.11456	-0.0182606	-0.137185	-3.10018	-0.167215	1.01204	-0.0586441	0.168447	-0.113294	-0.353363	0.328435	0.134635	0	0	1.22531	0.00341164	0.0588148	1.23496	-0.67272	0	0	-0.333198	-0.0581372	0.00187911	0.278688	-0.614447	1.21116	0.697192	0.756075	0	0	0.244746	-0.472423	0.293389	1.73476	1.40996	0	0
6.12456	-0.0275458	-0.138487	-3.09892	-0.164987	1.01279	-0.0596994	0.158302	-0.113403	-0.356564	0.325982	0.133346	0	0	1.20224	0.00319602	0.0667262	1.10951	-0.679876	0	0	-0.344624	-0.0589336	0.00636271	0.293116	-0.614908	1.2149	0.69893	0.756138	0	0	0.250026	-0.471795	0.29755	1.73588	1.40989	0	0
6.13455	-0.0371943	-0.139342	-3.09958	-0.162911	1.01338	-0.0608407	0.147685	-0.112656	-0.358179	0.32286	0.131766	0	0	1.17578	0.000901726	0.0760233	0.9801	-0.679793	0	0	-0.356005	-0.0595853	0.0130047	0.307085	-0.616113	1.21753	0.701544	0.757272	0	0	0.254989	-0.47053	0.302233	1.73658	1.40977	0	0
6.14454	-0.0470739	-0.139612	-3.10223	-0.161053	1.01378	-0.0620497	0.136765	-0.110942	-0.358127	0.319164	0.129959	0	0	1.14682	-0.00362037	0.0866713	0.848862	-0.672058	0	0	-0.367075	-0.0599789	0.021726	0.320617	-0.618043	1.21926	0.704984	0.759493	0	0	0.259391	-0.468646	0.30725	1.73698	1.4097	0	0
6.15453	-0.0570105	-0.139214	-3.1068	-0.159473	1.01394	-0.0632983	0.125768	-0.10824	-0.356413	0.315048	0.128016	0	0	1.11651	-0.0104032	0.0984183	0.718438	-0.65612	0	0	-0.377563	-0.0600378	0.0323106	0.333746	-0.620623	1.22025	0.709169	0.762811	0	0	0.26302	-0.466207	0.31241	1.73723	1.40975	0	0
6.16452	-0.0667745	-0.138125	-3.11311	-0.158209	1.01385	-0.0645504	0.115	-0.104622	-0.353147	0.31074	0.126064	0	0	1.08625	-0.0193332	0.110761	0.591948	-0.631414	0	0	-0.387181	-0.0597195	0.0443751	0.346546	-0.62371	1.22069	0.713975	0.767156	0	0	0.265693	-0.463328	0.317499	1.73747	1.40994	0	0
6.17451	-0.0760827	-0.136387	-3.12085	-0.157276	1.01348	-0.065766	0.104841	-0.100262	-0.348556	0.306533	0.124253	0	0	1.05761	-0.0301228	0.122938	0.472827	-0.597579	0	0	-0.395639	-0.0590091	0.0573638	0.359134	-0.627099	1.2208	0.719255	0.772369	0	0	0.267267	-0.460166	0.32228	1.7379	1.41032	0	0
6.1845	-0.084645	-0.134095	-3.12953	-0.156662	1.01285	-0.0669072	0.0956838	-0.0953987	-0.342976	0.302746	0.12273	0	0	1.03218	-0.0423022	0.133982	0.364546	-0.554722	0	0	-0.402699	-0.0579067	0.0706007	0.371592	-0.630569	1.22064	0.724893	0.778351	0	0	0.267698	-0.456899	0.326551	1.73866	1.4109	0	0
6.19449	-0.0922074	-0.131381	-3.13861	-0.156328	1.01201	-0.0679442	0.0878743	-0.0903051	-0.336824	0.299693	0.121626	0	0	1.01137	-0.0552583	0.142834	0.270272	-0.503691	0	0	-0.408215	-0.0564148	0.0833426	0.38396	-0.633897	1.22012	0.73083	0.785062	0	0	0.26704	-0.453716	0.330152	1.7399	1.41168	0	0
6.20448	-0.0985919	-0.128386	-3.1475	-0.156213	1.011	-0.0688581	0.0816657	-0.085244	-0.330554	0.297663	0.121055	0	0	0.996264	-0.0683117	0.148477	0.192556	-0.44628	0	0	-0.412145	-0.0545334	0.0948502	0.396224	-0.636883	1.21901	0.73707	0.792512	0	0	0.265428	-0.450809	0.332967	1.74175	1.41261	0	0
6.21448	-0.103751	-0.125238	-3.15563	-0.156253	1.0099	-0.0696405	0.0771378	-0.0804285	-0.324609	0.296867	0.121094	0	0	0.987455	-0.0807993	0.150103	0.13308	-0.385289	0	0	-0.41459	-0.0522543	0.104472	0.40829	-0.639376	1.21697	0.743714	0.800743	0	0	0.263077	-0.448356	0.334942	1.74431	1.41366	0	0
6.22447	-0.107772	-0.122052	-3.1625	-0.156383	1.0088	-0.0702892	0.0741857	-0.0760201	-0.319397	0.297415	0.121784	0	0	0.985026	-0.0921357	0.147222	0.0924889	-0.324456	0	0	-0.41578	-0.0495787	0.111682	0.419986	-0.641276	1.21357	0.750934	0.809792	0	0	0.260266	-0.446517	0.336084	1.74765	1.41482	0	0
6.23446	-0.110843	-0.118952	-3.16771	-0.15655	1.00777	-0.0708026	0.0725507	-0.0721546	-0.315298	0.299301	0.123123	0	0	0.988554	-0.101831	0.139756	0.0702721	-0.268239	0	0	-0.416037	-0.046549	0.116083	0.431087	-0.64251	1.20836	0.758925	0.819659	0	0	0.257321	-0.445444	0.336462	1.7518	1.41607	0	0
6.24445	-0.113215	-0.116082	-3.17093	-0.156719	1.00689	-0.0711777	0.0718566	-0.0689503	-0.312641	0.302382	0.125043	0	0	0.997189	-0.109503	0.128113	0.0649981	-0.22104	0	0	-0.415732	-0.0432681	0.117427	0.441316	-0.643018	1.20088	0.76787	0.830377	0	0	0.254618	-0.44527	0.336215	1.75675	1.41747	0	0
6.25444	-0.115194	-0.113598	-3.17196	-0.156873	1.00622	-0.0714119	0.0716139	-0.0665023	-0.311667	0.306353	0.127415	0	0	1.00976	-0.114888	0.1132	0.0745351	-0.186002	0	0	-0.415268	-0.0399021	0.115639	0.450396	-0.642746	1.19077	0.777897	0.841865	0	0	0.252545	-0.446101	0.335537	1.76244	1.41906	0	0
6.26443	-0.11713	-0.111646	-3.17082	-0.157013	1.00581	-0.0715072	0.0712487	-0.0648615	-0.312476	0.310773	0.130048	0	0	1.02494	-0.117874	0.0964011	0.0964741	-0.164077	0	0	-0.415051	-0.0366585	0.110882	0.458072	-0.641671	1.17786	0.789073	0.853923	0	0	0.25148	-0.447992	0.334669	1.76874	1.4209	0	0
6.27442	-0.11935	-0.110319	-3.16772	-0.157151	1.0057	-0.0714719	0.0701946	-0.0640107	-0.314989	0.315113	0.132709	0	0	1.0414	-0.118521	0.0794395	0.128508	-0.153918	0	0	-0.415416	-0.0337328	0.103581	0.464116	-0.639842	1.16212	0.801425	0.866242	0	0	0.251763	-0.450905	0.333891	1.77546	1.42307	0	0
6.28441	-0.122073	-0.109648	-3.16306	-0.157308	1.00589	-0.0713187	0.0680425	-0.0638721	-0.318962	0.318876	0.135181	0	0	1.05807	-0.117046	0.0640778	0.16864	-0.152572	0	0	-0.416522	-0.0312645	0.0944226	0.468267	-0.637422	1.14359	0.814975	0.878738	0	0	0.253668	-0.454688	0.333526	1.78232	1.42555	0	0
6.2944	-0.125381	-0.109593	-3.15737	-0.157507	1.00636	-0.0710632	0.0645974	-0.0643194	-0.324028	0.321684	0.137289	0	0	1.07419	-0.113778	0.0518153	0.215214	-0.156486	0	0	-0.418343	-0.0293061	0.0842497	0.470264	-0.634684	1.12234	0.829754	0.891455	0	0	0.257383	-0.459084	0.333908	1.789	1.42828	0	0
6.3044	-0.129214	-0.11006	-3.15116	-0.157771	1.00707	-0.0707231	0.0599137	-0.0652097	-0.329761	0.323351	0.138944	0	0	1.08932	-0.10912	0.0436062	0.266854	-0.162425	0	0	-0.420676	-0.027833	0.0739397	0.469885	-0.631957	1.09852	0.845798	0.904535	0	0	0.262976	-0.463784	0.335325	1.79519	1.43117	0	0
6.31439	-0.1334	-0.110922	-3.14495	-0.158118	1.00795	-0.0703186	0.054266	-0.06641	-0.335715	0.323914	0.14015	0	0	1.1033	-0.103515	0.0397172	0.322374	-0.168041	0	0	-0.423203	-0.0267702	0.0642995	0.466971	-0.629577	1.07234	0.863131	0.918183	0	0	0.270386	-0.468467	0.337969	1.80066	1.43412	0	0
6.32438	-0.137695	-0.112037	-3.1392	-0.158561	1.00893	-0.0698717	0.0480858	-0.067805	-0.341455	0.323591	0.140988	0	0	1.11616	-0.0974413	0.0397587	0.380718	-0.172035	0	0	-0.425546	-0.0260155	0.0560073	0.461452	-0.627845	1.04411	0.881761	0.932602	0	0	0.279424	-0.472835	0.341912	1.80526	1.43701	0	0
6.33437	-0.141811	-0.11327	-3.13427	-0.159108	1.00992	-0.0694042	0.041895	-0.0693034	-0.346573	0.322717	0.14159	0	0	1.12805	-0.0913831	0.0428686	0.440941	-0.174064	0	0	-0.427312	-0.0254638	0.049566	0.453378	-0.626984	1.01423	0.901646	0.947902	0	0	0.289789	-0.476642	0.347095	1.80892	1.43974	0	0
6.34436	-0.14548	-0.114492	-3.13046	-0.159763	1.01087	-0.0689357	0.0361977	-0.0708276	-0.350724	0.321656	0.142101	0	0	1.13916	-0.0857884	0.0479807	0.5022	-0.174449	0	0	-0.428159	-0.0250134	0.0452607	0.442947	-0.627112	0.983279	0.922691	0.964039	0	0	0.301079	-0.479722	0.353318	1.81169	1.44217	0	0
6.35435	-0.148508	-0.115588	-3.12792	-0.160524	1.01171	-0.0684817	0.0313696	-0.0722935	-0.353667	0.32071	0.14264	0	0	1.1496	-0.0810279	0.0540681	0.563761	-0.173805	0	0	-0.427872	-0.0245606	0.0431636	0.430467	-0.628249	0.951851	0.944767	0.980966	0	0	0.312842	-0.481999	0.360277	1.8137	1.44418	0	0
6.36434	-0.150788	-0.116449	-3.12672	-0.161387	1.01242	-0.0680528	0.0276401	-0.0736086	-0.355272	0.320094	0.143289	0	0	1.15941	-0.0773679	0.060284	0.625004	-0.172795	0	0	-0.426357	-0.024001	0.0431237	0.416389	-0.6303	0.920655	0.967691	0.998527	0	0	0.324578	-0.483499	0.36755	1.81514	1.44567	0	0
6.37433	-0.15229	-0.116986	-3.12682	-0.162346	1.01298	-0.0676543	0.0250988	-0.0746776	-0.355535	0.319939	0.144098	0	0	1.16855	-0.0749477	0.0660288	0.685426	-0.171981	0	0	-0.423624	-0.0232297	0.0447888	0.401276	-0.63308	0.890473	0.991222	1.01646	0	0	0.335769	-0.484338	0.374633	1.81631	1.44663	0	0
6.38433	-0.153052	-0.117135	-3.12806	-0.163393	1.01338	-0.0672853	0.0237147	-0.0754208	-0.354577	0.320303	0.145098	0	0	1.17692	-0.0737651	0.070952	0.744634	-0.171754	0	0	-0.419769	-0.0221509	0.0476423	0.385753	-0.636335	0.862085	1.01508	1.03445	0	0	0.345918	-0.484704	0.380988	1.8175	1.44713	0	0
6.39432	-0.153166	-0.116869	-3.13018	-0.164521	1.01363	-0.0669398	0.0233514	-0.0757882	-0.35262	0.321188	0.146303	0	0	1.18435	-0.073684	0.0749188	0.802329	-0.172314	0	0	-0.414958	-0.0206911	0.0510659	0.370439	-0.639777	0.836193	1.03896	1.05214	0	0	0.354589	-0.484827	0.386108	1.81901	1.4473	0	0
6.40431	-0.152774	-0.116206	-3.13291	-0.165722	1.01375	-0.0666076	0.0237874	-0.0757685	-0.349946	0.322542	0.14771	0	0	1.19062	-0.0744591	0.0779598	0.858282	-0.173685	0	0	-0.409414	-0.0188091	0.0544256	0.35587	-0.643128	0.813316	1.06258	1.06918	0	0	0.361455	-0.484931	0.389587	1.82112	1.44734	0	0
6.4143	-0.152033	-0.115191	-3.13592	-0.166989	1.01377	-0.066276	0.0247573	-0.0753839	-0.34686	0.324272	0.149306	0	0	1.1955	-0.0757823	0.0802184	0.912319	-0.175756	0	0	-0.403388	-0.0164958	0.0571916	0.342379	-0.646173	0.793625	1.08572	1.08549	0	0	0.366365	-0.48518	0.39122	1.82399	1.44738	0	0
6.42429	-0.151108	-0.113885	-3.13892	-0.168312	1.01371	-0.0659308	0.0259786	-0.074673	-0.343651	0.326248	0.151056	0	0	1.19875	-0.0773343	0.0819028	0.964303	-0.178335	0	0	-0.397136	-0.0137586	0.058978	0.33011	-0.648775	0.777003	1.10822	1.10112	0	0	0.369326	-0.485665	0.390998	1.82769	1.44744	0	0
6.43428	-0.150157	-0.112341	-3.14167	-0.169686	1.01362	-0.0655581	0.0271607	-0.0736729	-0.340568	0.328302	0.15291	0	0	1.20014	-0.0788286	0.0832455	1.01413	-0.181207	0	0	-0.390902	-0.0106056	0.0595514	0.319068	-0.650879	0.763156	1.12999	1.11618	0	0	0.370459	-0.486402	0.389072	1.83218	1.44744	0	0
6.44427	-0.149326	-0.110591	-3.14401	-0.171104	1.01352	-0.0651459	0.0280298	-0.0724037	-0.337798	0.330244	0.154799	0	0	1.19948	-0.0800506	0.0844687	1.06172	-0.184183	0	0	-0.384895	-0.00703503	0.0588286	0.309159	-0.652503	0.751682	1.15094	1.13085	0	0	0.369962	-0.487337	0.385714	1.83735	1.44723	0	0
6.45426	-0.148737	-0.108652	-3.14583	-0.172563	1.01343	-0.0646853	0.0283424	-0.0708732	-0.335455	0.331872	0.156644	0	0	1.19662	-0.0808753	0.0857489	1.10702	-0.187129	0	0	-0.379272	-0.00304243	0.0568594	0.300227	-0.653717	0.742145	1.17105	1.1453	0	0	0.368077	-0.488367	0.381283	1.84303	1.44667	0	0
6.46425	-0.148479	-0.106531	-3.14715	-0.17406	1.01339	-0.0641715	0.0279078	-0.0690854	-0.333583	0.332991	0.158365	0	0	1.19146	-0.0812718	0.0871939	1.15	-0.189985	0	0	-0.374127	0.0013673	0.0538014	0.292087	-0.654614	0.734121	1.19029	1.15967	0	0	0.365075	-0.489357	0.376203	1.84899	1.44558	0	0
6.47425	-0.148599	-0.104235	-3.14802	-0.175598	1.0134	-0.0636041	0.0266062	-0.0670482	-0.332146	0.333434	0.15988	0	0	1.18396	-0.0812977	0.0888359	1.19061	-0.192752	0	0	-0.36949	0.00617095	0.0498939	0.284543	-0.655298	0.72723	1.20864	1.17401	0	0	0.361234	-0.490163	0.370929	1.85497	1.44381	0	0
6.48424	-0.149098	-0.101772	-3.14857	-0.177175	1.01348	-0.0629873	0.0244025	-0.0647707	-0.331039	0.333074	0.161118	0	0	1.17412	-0.0810878	0.0906399	1.22882	-0.195472	0	0	-0.365319	0.0113291	0.0454315	0.277404	-0.655868	0.721142	1.2261	1.1883	0	0	0.356824	-0.490642	0.365917	1.86072	1.44124	0	0
6.49423	-0.149926	-0.0991413	-3.14897	-0.178794	1.01363	-0.0623285	0.0213485	-0.0622585	-0.330101	0.331839	0.162025	0	0	1.16205	-0.0808357	0.0925235	1.26461	-0.19819	0	0	-0.361517	0.0167967	0.0407363	0.270482	-0.656418	0.71558	1.24271	1.20242	0	0	0.352093	-0.490665	0.361594	1.866	1.43779	0	0
6.50422	-0.150993	-0.0963385	-3.14942	-0.180455	1.01384	-0.0616374	0.0175711	-0.0595173	-0.329142	0.329717	0.162563	0	0	1.14789	-0.0807673	0.0943756	1.29795	-0.200929	0	0	-0.357943	0.022525	0.0361342	0.263587	-0.657034	0.710298	1.25858	1.21614	0	0	0.347261	-0.490127	0.358346	1.87058	1.43341	0	0
6.51421	-0.152193	-0.0933593	-3.15011	-0.182161	1.01411	-0.0609255	0.0132364	-0.0565557	-0.327963	0.326747	0.162721	0	0	1.13182	-0.0811096	0.0960737	1.32881	-0.203665	0	0	-0.354449	0.0284629	0.0319095	0.256549	-0.657784	0.705081	1.27385	1.22925	0	0	0.342493	-0.488956	0.356472	1.87431	1.42817	0	0
6.5242	-0.15342	-0.0902057	-3.15122	-0.183911	1.01441	-0.0602059	0.00852736	-0.0533911	-0.326378	0.323014	0.162509	0	0	1.11401	-0.082073	0.0974893	1.35717	-0.206336	0	0	-0.350899	0.0345531	0.0282828	0.249219	-0.658708	0.699743	1.28872	1.24163	0	0	0.337897	-0.487129	0.356163	1.87711	1.42221	0	0
6.53419	-0.154574	-0.0868897	-3.15291	-0.185705	1.01474	-0.0594919	0.00363068	-0.0500534	-0.324226	0.318644	0.161964	0	0	1.09463	-0.0838317	0.0984986	1.38295	-0.208865	0	0	-0.347186	0.0407321	0.0253969	0.241479	-0.659818	0.694125	1.30345	1.25324	0	0	0.333525	-0.484666	0.357509	1.87895	1.41571	0	0
6.54418	-0.155565	-0.083432	-3.15528	-0.187541	1.01508	-0.0587965	-0.00127099	-0.0465813	-0.321383	0.313795	0.161142	0	0	1.07383	-0.0865068	0.0989979	1.40607	-0.211174	0	0	-0.343217	0.0469365	0.0233113	0.233237	-0.661103	0.688098	1.3183	1.26416	0	0	0.329385	-0.48163	0.360523	1.87987	1.40888	0	0
6.55417	-0.156308	-0.0798618	-3.15841	-0.189416	1.01543	-0.058131	-0.00599984	-0.0430207	-0.317769	0.308647	0.160119	0	0	1.05174	-0.0901619	0.0989093	1.42642	-0.21321	0	0	-0.338916	0.0531042	0.0220082	0.224431	-0.662526	0.681561	1.33356	1.27453	0	0	0.325457	-0.478114	0.365154	1.87993	1.40189	0	0
6.56417	-0.156722	-0.0762106	-3.16231	-0.19133	1.01575	-0.0575051	-0.0103814	-0.0394172	-0.313348	0.303395	0.158979	0	0	1.0285	-0.0948078	0.0981878	1.44387	-0.214955	0	0	-0.334203	0.0591804	0.0214043	0.215027	-0.664039	0.674445	1.34949	1.28455	0	0	0.321694	-0.474233	0.371309	1.87922	1.39493	0	0
6.57416	-0.156726	-0.072509	-3.16698	-0.193279	1.01605	-0.0569264	-0.0142426	-0.0358123	-0.308123	0.298236	0.157816	0	0	1.00424	-0.10041	0.0968218	1.45827	-0.216428	0	0	-0.328996	0.0651215	0.021362	0.205022	-0.665584	0.666711	1.36635	1.29438	0	0	0.318038	-0.470118	0.378854	1.87783	1.38815	0	0
6.58415	-0.15623	-0.0687921	-3.17236	-0.195263	1.0163	-0.0563994	-0.0174055	-0.0322544	-0.302152	0.293373	0.15673	0	0	0.979131	-0.106886	0.0948248	1.46949	-0.217683	0	0	-0.323193	0.0708884	0.0216912	0.194457	-0.667104	0.658376	1.38433	1.30413	0	0	0.314411	-0.465905	0.387616	1.87585	1.38175	0	0
6.59414	-0.155163	-0.0650879	-3.17839	-0.197279	1.01649	-0.0559256	-0.0197267	-0.0287782	-0.295514	0.288976	0.155808	0	0	0.953316	-0.114122	0.092236	1.47741	-0.218769	0	0	-0.316713	0.0764592	0.0221807	0.18339	-0.66855	0.649464	1.40358	1.31392	0	0	0.310754	-0.461714	0.39742	1.87336	1.37589	0	0
6.60413	-0.153474	-0.061418	-3.18497	-0.199324	1.01661	-0.0555036	-0.0211111	-0.0254064	-0.288303	0.285171	0.155116	0	0	0.926932	-0.121986	0.0891087	1.48196	-0.219704	0	0	-0.309499	0.0818262	0.0226094	0.171899	-0.669892	0.64001	1.42422	1.32389	0	0	0.307027	-0.457649	0.408087	1.87046	1.37072	0	0
6.61412	-0.151144	-0.0577993	-3.19202	-0.201396	1.01666	-0.0551292	-0.0215145	-0.0221525	-0.28062	0.282038	0.154697	0	0	0.900089	-0.130332	0.085498	1.48304	-0.220464	0	0	-0.301524	0.0869936	0.022758	0.160074	-0.671114	0.630069	1.44628	1.33414	0	0	0.303216	-0.45379	0.419434	1.8672	1.36632	0	0
6.62411	-0.148169	-0.0542415	-3.19943	-0.203493	1.01662	-0.0547959	-0.0209355	-0.0190187	-0.272572	0.279606	0.154578	0	0	0.872876	-0.139018	0.0814556	1.48062	-0.220972	0	0	-0.292788	0.0919768	0.0224182	0.148019	-0.672213	0.619708	1.46976	1.34477	0	0	0.299334	-0.450188	0.431273	1.86364	1.3628	0	0
6.6341	-0.144561	-0.0507464	-3.20711	-0.20561	1.01652	-0.0544957	-0.0194068	-0.0159946	-0.264263	0.277858	0.154762	0	0	0.845373	-0.147912	0.0770282	1.47468	-0.221095	0	0	-0.283305	0.0968025	0.0213993	0.135842	-0.673197	0.609008	1.49459	1.3558	0	0	0.295418	-0.44687	0.443418	1.85981	1.36021	0	0
6.64409	-0.14034	-0.0473069	-3.21496	-0.207746	1.01633	-0.0542198	-0.0169876	-0.0130556	-0.255787	0.276738	0.155229	0	0	0.817648	-0.156905	0.0722525	1.46524	-0.220663	0	0	-0.273108	0.101506	0.0195329	0.123652	-0.674079	0.598049	1.52064	1.36717	0	0	0.291531	-0.443846	0.455685	1.85577	1.35859	0	0
6.65409	-0.135539	-0.0439132	-3.22291	-0.209896	1.01608	-0.0539588	-0.0137624	-0.0101736	-0.247242	0.276152	0.155938	0	0	0.789759	-0.165902	0.0671518	1.45233	-0.219502	0	0	-0.262248	0.106119	0.0166703	0.111562	-0.674876	0.586905	1.54771	1.37871	0	0	0.287757	-0.441115	0.467893	1.85156	1.35795	0	0
6.66408	-0.130191	-0.0405485	-3.23088	-0.212054	1.01576	-0.0537043	-0.00982585	-0.00730849	-0.238705	0.27598	0.15683	0	0	0.761767	-0.174844	0.0617338	1.43603	-0.217445	0	0	-0.250792	0.110676	0.0126965	0.0996602	-0.675606	0.575598	1.57555	1.39033	0	0	0.284207	-0.438665	0.479876	1.84723	1.35833	0	0
6.67407	-0.124336	-0.0371921	-3.23881	-0.214213	1.01539	-0.0534488	-0.0052797	-0.00441457	-0.230236	0.276085	0.157832	0	0	0.733735	-0.183698	0.0559914	1.41643	-0.214349	0	0	-0.238824	0.115204	0.00752515	0.088014	-0.676283	0.564091	1.6039	1.40204	0	0	0.281005	-0.43649	0.491487	1.84283	1.35973	0	0
6.68406	-0.118017	-0.0338256	-3.24665	-0.216365	1.01497	-0.0531855	-0.000232337	-0.00145092	-0.22189	0.276327	0.158871	0	0	0.705723	-0.192451	0.049903	1.39365	-0.210093	0	0	-0.226444	0.119721	0.0010925	0.0766568	-0.676917	0.552287	1.6325	1.4139	0	0	0.278283	-0.434586	0.502594	1.83845	1.36219	0	0
6.69405	-0.111286	-0.0304382	-3.25435	-0.218499	1.0145	-0.0529083	0.00520533	0.00161029	-0.213717	0.276573	0.159881	0	0	0.677786	-0.2011	0.043433	1.36786	-0.204585	0	0	-0.213769	0.12423	-0.00664487	0.0655851	-0.677517	0.540027	1.66108	1.42605	0	0	0.276167	-0.43296	0.513074	1.83418	1.36569	0	0
6.70404	-0.104205	-0.0270265	-3.26187	-0.220605	1.01399	-0.0526114	0.0109261	0.00478152	-0.205764	0.276717	0.160806	0	0	0.649973	-0.209647	0.0365343	1.33922	-0.197765	0	0	-0.20093	0.128718	-0.0157036	0.0547576	-0.678091	0.527086	1.68941	1.43857	0	0	0.274782	-0.431627	0.522816	1.83014	1.37021	0	0
6.71403	-0.0968418	-0.0235939	-3.2692	-0.222671	1.01345	-0.0522894	0.0168338	0.00806004	-0.198072	0.276687	0.16161	0	0	0.622325	-0.218097	0.0291556	1.30794	-0.189597	0	0	-0.188066	0.133163	-0.0260668	0.0440935	-0.678645	0.513196	1.71729	1.45157	0	0	0.274246	-0.430607	0.531736	1.82646	1.37566	0	0
6.72402	-0.0892687	-0.0201475	-3.27632	-0.224685	1.01288	-0.0519369	0.0228481	0.0114299	-0.190675	0.276451	0.162275	0	0	0.594882	-0.22645	0.0212491	1.27424	-0.180061	0	0	-0.17532	0.137534	-0.0376738	0.0334643	-0.679188	0.498049	1.74452	1.46505	0	0	0.27469	-0.429926	0.53979	1.82324	1.38186	0	0
6.73401	-0.08157	-0.0166985	-3.28324	-0.226635	1.01229	-0.0515473	0.0288994	0.0148594	-0.183614	0.276022	0.162797	0	0	0.567676	-0.234691	0.0127816	1.23836	-0.169144	0	0	-0.162838	0.141797	-0.0504011	0.0226687	-0.679731	0.481286	1.77098	1.47884	0	0	0.276285	-0.429596	0.547028	1.82058	1.3885	0	0
6.74401	-0.0738219	-0.0132597	-3.28995	-0.22851	1.01168	-0.0511132	0.0349474	0.0183093	-0.176921	0.275454	0.163188	0	0	0.54075	-0.242791	0.00374031	1.20057	-0.156836	0	0	-0.150748	0.145917	-0.0641137	0.0115093	-0.68028	0.462585	1.79653	1.49273	0	0	0.279187	-0.429632	0.553512	1.81852	1.39535	0	0
6.754	-0.0660916	-0.00984589	-3.29647	-0.230302	1.01106	-0.0506255	0.0409774	0.0217335	-0.170618	0.274831	0.16347	0	0	0.514157	-0.2507	-0.00585783	1.16114	-0.143129	0	0	-0.139153	0.149869	-0.0786669	-0.000209635	-0.680835	0.441667	1.82103	1.50643	0	0	0.283535	-0.430043	0.559321	1.81713	1.40225	0	0
6.76399	-0.0584416	-0.00647517	-3.30279	-0.232003	1.01042	-0.0500734	0.0469906	0.025079	-0.164716	0.274259	0.16367	0	0	0.487946	-0.258343	-0.0159612	1.12035	-0.128052	0	0	-0.12814	0.15363	-0.0939044	-0.0126882	-0.681383	0.418279	1.84437	1.51953	0	0	0.28946	-0.430832	0.564563	1.81642	1.40912	0	0
6.77398	-0.0509327	-0.00317023	-3.30893	-0.233611	1.00978	-0.0494446	0.0529964	0.028285	-0.159216	0.273857	0.16382	0	0	0.462156	-0.26562	-0.0264847	1.07849	-0.111711	0	0	-0.117776	0.157179	-0.109658	-0.0261319	-0.681896	0.392188	1.86644	1.53162	0	0	0.297085	-0.431985	0.569368	1.81639	1.41592	0	0
6.78397	-0.043624	3.97036e-05	-3.31488	-0.235123	1.00915	-0.0487258	0.0590083	0.0312839	-0.154103	0.273747	0.163957	0	0	0.436816	-0.272411	-0.0373182	1.03579	-0.0943176	0	0	-0.108115	0.160495	-0.125755	-0.04074	-0.682329	0.363186	1.88716	1.54232	0	0	0.306514	-0.433484	0.573871	1.817	1.42265	0	0
6.79396	-0.0365704	0.00311883	-3.32067	-0.236543	1.00853	-0.0479039	0.0650427	0.0340031	-0.149346	0.274047	0.164116	0	0	0.41194	-0.278586	-0.0483357	0.992492	-0.0761873	0	0	-0.0992	0.163553	-0.142005	-0.056725	-0.682614	0.331068	1.90645	1.55139	0	0	0.317846	-0.435288	0.578231	1.81819	1.42928	0	0
6.80395	-0.0298203	0.00602627	-3.3263	-0.237874	1.00792	-0.0469651	0.071115	0.0363667	-0.14491	0.274857	0.164332	0	0	0.387538	-0.28401	-0.0593956	0.948823	-0.0577043	0	0	-0.0910567	0.166329	-0.15817	-0.07435	-0.682662	0.295594	1.92432	1.55868	0	0	0.331206	-0.437332	0.582668	1.81985	1.43568	0	0
6.81394	-0.023406	0.00871677	-3.33181	-0.239122	1.00733	-0.0458971	0.0772472	0.0383019	-0.140744	0.276256	0.164633	0	0	0.363627	-0.288557	-0.0703623	0.905003	-0.0392417	0	0	-0.083693	0.168802	-0.174047	-0.0937993	-0.682366	0.25662	1.94074	1.56425	0	0	0.346654	-0.43956	0.587355	1.82188	1.44181	0	0
6.82393	-0.0173392	0.0111455	-3.33723	-0.240295	1.00677	-0.0446896	0.0834695	0.0397457	-0.136784	0.278293	0.165042	0	0	0.340238	-0.292123	-0.0811175	0.861272	-0.0211035	0	0	-0.0770941	0.170957	-0.189467	-0.115162	-0.681603	0.214114	1.95569	1.56829	0	0	0.364183	-0.441927	0.592414	1.82422	1.44763	0	0
6.83393	-0.0116091	0.0132723	-3.3426	-0.241399	1.00623	-0.0433349	0.0898201	0.0406501	-0.132957	0.280992	0.165573	0	0	0.317428	-0.294638	-0.0915706	0.817898	-0.00348655	0	0	-0.0712218	0.172795	-0.204306	-0.138423	-0.680237	0.168162	1.96913	1.57102	0	0	0.383718	-0.444399	0.597914	1.8268	1.45308	0	0
6.84392	-0.00618453	0.0150648	-3.34797	-0.24244	1.00571	-0.0418274	0.0963441	0.0409842	-0.129189	0.284348	0.166238	0	0	0.295282	-0.29607	-0.101674	0.775184	0.0135309	0	0	-0.0660157	0.174327	-0.218481	-0.163463	-0.678117	0.118965	1.98101	1.57273	0	0	0.405117	-0.446949	0.603872	1.8296	1.45807	0	0
6.85391	-0.00101763	0.0164989	-3.35339	-0.243427	1.00521	-0.0401645	0.103089	0.0407345	-0.125414	0.288337	0.167042	0	0	0.273904	-0.296429	-0.11144	0.733465	0.0299659	0	0	-0.0613971	0.175575	-0.231953	-0.19007	-0.675074	0.0668208	1.99128	1.57366	0	0	0.428189	-0.449557	0.61026	1.83259	1.46248	0	0
6.8639	0.00394674	0.0175581	-3.35891	-0.244364	1.00471	-0.0383464	0.110095	0.0399011	-0.121583	0.292907	0.167992	0	0	0.25341	-0.295758	-0.120956	0.693081	0.0458761	0	0	-0.0572781	0.176564	-0.24472	-0.217955	-0.670918	0.0121025	1.99985	1.57408	0	0	0.4527	-0.452214	0.617017	1.83579	1.46617	0	0
6.87389	0.00876272	0.018234	-3.36455	-0.245258	1.00422	-0.0363752	0.11739	0.0384983	-0.11766	0.297992	0.169095	0	0	0.23391	-0.294136	-0.13039	0.654362	0.0613099	0	0	-0.0535727	0.177319	-0.256808	-0.246772	-0.665442	-0.0447793	2.00666	1.57418	0	0	0.478396	-0.454919	0.624056	1.83919	1.46899	0	0
6.88388	0.0134809	0.0185301	-3.37035	-0.246112	1.00373	-0.0342549	0.124985	0.0365565	-0.113626	0.303506	0.170353	0	0	0.215512	-0.291666	-0.139983	0.617605	0.07627	0	0	-0.0501984	0.177873	-0.268265	-0.276144	-0.658442	-0.103401	2.01163	1.57417	0	0	0.505022	-0.45767	0.631286	1.8428	1.47074	0	0
6.89387	0.0181465	0.0184592	-3.37629	-0.246931	1.00322	-0.0319895	0.132883	0.0341177	-0.109474	0.309362	0.171766	0	0	0.198309	-0.288471	-0.150033	0.583053	0.0906969	0	0	-0.0470839	0.178262	-0.279134	-0.305687	-0.649719	-0.163356	2.01472	1.57418	0	0	0.532343	-0.460455	0.638616	1.8466	1.47124	0	0
6.90386	0.0227944	0.0180389	-3.38239	-0.247714	1.0027	-0.029583	0.141084	0.0312263	-0.105206	0.315485	0.173337	0	0	0.182381	-0.284672	-0.160885	0.550879	0.10448	0	0	-0.0441803	0.178522	-0.289444	-0.335034	-0.639098	-0.224277	2.01592	1.57434	0	0	0.560162	-0.463256	0.645959	1.85058	1.47037	0	0
6.91385	0.0274438	0.0172879	-3.38864	-0.248459	1.00216	-0.0270383	0.149586	0.0279203	-0.100829	0.321825	0.175073	0	0	0.167787	-0.280382	-0.172897	0.521185	0.117492	0	0	-0.041469	0.178693	-0.299202	-0.363842	-0.62644	-0.285845	2.01525	1.57473	0	0	0.588324	-0.466043	0.653243	1.85469	1.46806	0	0
6.92385	0.0320933	0.0162252	-3.39502	-0.249161	1.0016	-0.0243558	0.158389	0.0242263	-0.0963583	0.328366	0.176981	0	0	0.154563	-0.275693	-0.1864	0.494011	0.129627	0	0	-0.0389677	0.178812	-0.308396	-0.39181	-0.611668	-0.347792	2.01277	1.57539	0	0	0.616725	-0.468787	0.660411	1.85889	1.46441	0	0
6.93384	0.0367167	0.0148723	-3.40154	-0.24981	1.00101	-0.0215334	0.167485	0.0201599	-0.0918139	0.335128	0.179068	0	0	0.142717	-0.270675	-0.201654	0.469348	0.14082	0	0	-0.0367312	0.17892	-0.317004	-0.418684	-0.594802	-0.409866	2.00858	1.57634	0	0	0.645302	-0.471462	0.667428	1.86314	1.45963	0	0
6.94383	0.0412624	0.0132568	-3.40818	-0.2504	1.00039	-0.0185663	0.176865	0.0157286	-0.0872159	0.34217	0.181333	0	0	0.132229	-0.265373	-0.218792	0.447161	0.151064	0	0	-0.0348487	0.179066	-0.325007	-0.44426	-0.575988	-0.47179	2.00278	1.57753	0	0	0.674024	-0.474054	0.674272	1.86737	1.45417	0	0
6.95382	0.0456588	0.011412	-3.41494	-0.250922	0.999736	-0.0154474	0.186521	0.010932	-0.082586	0.349592	0.183766	0	0	0.123057	-0.259813	-0.237789	0.427411	0.160422	0	0	-0.0334325	0.179304	-0.332403	-0.468383	-0.555528	-0.533215	1.99545	1.57888	0	0	0.702867	-0.476581	0.680929	1.87153	1.44859	0	0
6.96381	0.0498246	0.00937711	-3.42181	-0.251367	0.999054	-0.0121668	0.196456	0.00576594	-0.0779481	0.357536	0.186334	0	0	0.115147	-0.254008	-0.258447	0.410063	0.169026	0	0	-0.0326024	0.179696	-0.339222	-0.490968	-0.533901	-0.593686	1.98667	1.58022	0	0	0.731802	-0.479089	0.687345	1.87561	1.44342	0	0
6.9738	0.0536801	0.00719772	-3.42877	-0.251731	0.998339	-0.00871175	0.206693	0.000224529	-0.0733334	0.366175	0.188978	0	0	0.108449	-0.247962	-0.280402	0.395096	0.177057	0	0	-0.0324682	0.180313	-0.345536	-0.512029	-0.511787	-0.652613	1.97647	1.58131	0	0	0.760777	-0.481646	0.693414	1.87963	1.43914	0	0
6.98379	0.0571661	0.0049127	-3.43577	-0.252007	0.997588	-0.00506829	0.217295	-0.00570805	-0.0687861	0.375715	0.191606	0	0	0.102941	-0.241675	-0.303148	0.382495	0.18471	0	0	-0.0331121	0.181202	-0.351393	-0.531615	-0.489772	-0.709497	1.96484	1.58182	0	0	0.789787	-0.484285	0.699095	1.88357	1.43601	0	0
6.99378	0.0602499	0.00255334	-3.44275	-0.25219	0.996796	-0.00122082	0.228366	-0.012059	-0.0643727	0.386383	0.194084	0	0	0.0986343	-0.235144	-0.326053	0.372248	0.192172	0	0	-0.0345772	0.182387	-0.356841	-0.549776	-0.468323	-0.763923	1.95168	1.58132	0	0	0.818862	-0.48701	0.704394	1.88739	1.43423	0	0
7.00377	0.0629281	0.000144329	-3.44961	-0.252277	0.995963	0.00284805	0.24005	-0.0188626	-0.0601757	0.398428	0.19623	0	0	0.0955788	-0.228376	-0.348411	0.364355	0.199598	0	0	-0.0368644	0.18387	-0.361925	-0.566566	-0.447788	-0.815561	1.93687	1.57924	0	0	0.848054	-0.489789	0.709378	1.89105	1.43393	0	0
7.01377	0.0652271	-0.00229306	-3.45622	-0.252263	0.995085	0.00715411	0.252535	-0.0261528	-0.0562829	0.412108	0.197809	0	0	0.0938554	-0.221394	-0.369489	0.358827	0.207108	0	0	-0.039935	0.185644	-0.366676	-0.582052	-0.428425	-0.864158	1.92028	1.57495	0	0	0.877431	-0.492563	0.714159	1.89448	1.4352	0	0
7.02376	0.0671978	-0.00473538	-3.46247	-0.252146	0.994159	0.01171	0.266031	-0.0339524	-0.0527735	0.427683	0.198537	0	0	0.0935648	-0.214257	-0.38859	0.355699	0.214792	0	0	-0.0437163	0.187699	-0.371116	-0.596306	-0.41041	-0.909521	1.90176	1.5677	0	0	0.907053	-0.495253	0.718872	1.89759	1.43809	0	0
7.03375	0.068905	-0.00714832	-3.46828	-0.251922	0.993181	0.0165221	0.280746	-0.0422561	-0.0496936	0.445381	0.198072	0	0	0.0948023	-0.207065	-0.405141	0.355022	0.222709	0	0	-0.0481157	0.190032	-0.375254	-0.609403	-0.393863	-0.951518	1.88119	1.55671	0	0	0.936955	-0.497774	0.723658	1.90033	1.44257	0	0
7.04374	0.0704151	-0.00948433	-3.47356	-0.251591	0.992147	0.021589	0.296861	-0.0510238	-0.0470443	0.465378	0.196026	0	0	0.0976307	-0.19996	-0.418756	0.356849	0.230894	0	0	-0.0530363	0.192655	-0.379088	-0.621416	-0.378864	-0.990064	1.85848	1.54123	0	0	0.967129	-0.500052	0.728634	1.90264	1.4485	0	0
7.05373	0.0717838	-0.01169	-3.47827	-0.251151	0.991055	0.0269011	0.314515	-0.0601889	-0.0447735	0.487783	0.191972	0	0	0.102056	-0.193108	-0.4293	0.361211	0.239372	0	0	-0.0583912	0.195585	-0.382603	-0.632405	-0.365472	-1.02512	1.83355	1.52066	0	0	0.997523	-0.502032	0.73387	1.9045	1.45562	0	0
7.06372	0.073044	-0.0137128	-3.48245	-0.250606	0.989905	0.0324405	0.333784	-0.0696625	-0.042769	0.512619	0.185472	0	0	0.108009	-0.186667	-0.436903	0.368086	0.248173	0	0	-0.0641172	0.19884	-0.385765	-0.642422	-0.353736	-1.05669	1.80631	1.49468	0	0	1.02804	-0.503688	0.73937	1.90592	1.46353	0	0
7.07371	0.0741957	-0.0155065	-3.48614	-0.24996	0.988698	0.0381811	0.35466	-0.0793364	-0.0408522	0.539802	0.176118	0	0	0.11533	-0.180768	-0.441929	0.377379	0.257327	0	0	-0.0701848	0.202425	-0.388525	-0.651503	-0.343696	-1.08482	1.77674	1.46337	0	0	1.05853	-0.505029	0.74507	1.90697	1.47154	0	0
7.0837	0.075204	-0.0170338	-3.48945	-0.249223	0.987439	0.0440893	0.377036	-0.0890823	-0.0387832	0.569121	0.163573	0	0	0.123773	-0.175491	-0.444889	0.3889	0.266844	0	0	-0.0765982	0.206333	-0.390817	-0.659682	-0.335381	-1.10956	1.74481	1.4272	0	0	1.08885	-0.506099	0.750862	1.90774	1.47878	0	0
7.09369	0.0760139	-0.0182683	-3.49249	-0.24841	0.986134	0.050126	0.400708	-0.09875	-0.0362855	0.600228	0.147612	0	0	0.13303	-0.170865	-0.446351	0.402361	0.276693	0	0	-0.0833754	0.21054	-0.392559	-0.666994	-0.328809	-1.13096	1.71055	1.38669	0	0	1.11879	-0.506952	0.756626	1.90834	1.48469	0	0
7.10369	0.0765652	-0.0191908	-3.49541	-0.247541	0.984792	0.0562482	0.425387	-0.108168	-0.0330817	0.632649	0.128149	0	0	0.142768	-0.166873	-0.446856	0.417391	0.2868	0	0	-0.0905285	0.215015	-0.393675	-0.673484	-0.323977	-1.14909	1.67403	1.34239	0	0	1.14815	-0.50765	0.76225	1.90887	1.4891	0	0
7.11368	0.0767975	-0.0197847	-3.49831	-0.246641	0.983422	0.0624121	0.450711	-0.117151	-0.028929	0.665813	0.105247	0	0	0.152646	-0.163464	-0.446858	0.43358	0.297065	0	0	-0.0980546	0.219723	-0.394111	-0.679199	-0.320858	-1.16403	1.63538	1.29508	0	0	1.17668	-0.508255	0.767607	1.90944	1.49211	0	0
7.12367	0.0766587	-0.0200309	-3.50128	-0.245741	0.982034	0.0685752	0.476282	-0.125509	-0.0236501	0.699133	0.0791356	0	0	0.16235	-0.160571	-0.446701	0.450523	0.307379	0	0	-0.105925	0.224635	-0.393847	-0.684196	-0.319391	-1.17586	1.59476	1.24551	0	0	1.20415	-0.508826	0.772571	1.91012	1.494	0	0
7.13366	0.0761029	-0.0199068	-3.50434	-0.24487	0.980638	0.0746981	0.501681	-0.133063	-0.0171401	0.732049	0.0502024	0	0	0.171609	-0.158129	-0.446601	0.467848	0.317638	0	0	-0.114089	0.229727	-0.392914	-0.68853	-0.319473	-1.18472	1.55243	1.19453	0	0	1.23029	-0.509423	0.777018	1.91104	1.49514	0	0
7.14365	0.0750875	-0.0193933	-3.50748	-0.244058	0.979244	0.0807467	0.526491	-0.139658	-0.00936558	0.764067	0.0189666	0	0	0.180201	-0.156064	-0.446648	0.485239	0.327741	0	0	-0.12248	0.234978	-0.391389	-0.692249	-0.320949	-1.19075	1.50869	1.14309	0	0	1.25485	-0.510096	0.780838	1.91228	1.49592	0	0
7.15364	0.0735774	-0.0184904	-3.51061	-0.243333	0.977862	0.0866934	0.55033	-0.145198	-0.000361829	0.794787	-0.0139643	0	0	0.187971	-0.154292	-0.446818	0.502447	0.337592	0	0	-0.131015	0.240357	-0.389393	-0.695394	-0.323614	-1.19418	1.4639	1.09221	0	0	1.2776	-0.510876	0.783949	1.91397	1.49668	0	0
7.16363	0.0715564	-0.0172234	-3.51359	-0.242717	0.976501	0.0925186	0.572875	-0.14965	0.00977569	0.823911	-0.0479396	0	0	0.194849	-0.152714	-0.446992	0.519296	0.347104	0	0	-0.139582	0.245821	-0.387081	-0.697991	-0.327216	-1.19524	1.41846	1.04298	0	0	1.29835	-0.511777	0.786293	1.91618	1.4977	0	0
7.17362	0.0690462	-0.0156418	-3.51625	-0.242226	0.975164	0.0982092	0.593897	-0.153043	0.0208982	0.851247	-0.0823387	0	0	0.200859	-0.15124	-0.447008	0.535693	0.356216	0	0	-0.148041	0.251323	-0.384613	-0.700067	-0.331471	-1.19419	1.37281	0.996219	0	0	1.31693	-0.512782	0.787855	1.91897	1.49911	0	0
7.18361	0.0661064	-0.0138127	-3.51839	-0.241869	0.973851	0.103758	0.613258	-0.155455	0.0328165	0.876695	-0.116558	0	0	0.206111	-0.149787	-0.446684	0.551607	0.364882	0	0	-0.156214	0.25682	-0.382148	-0.701636	-0.336068	-1.19134	1.32742	0.952687	0	0	1.33324	-0.513849	0.788658	1.92235	1.50083	0	0
7.19361	0.0628343	-0.01181	-3.51982	-0.241651	0.97256	0.109164	0.630906	-0.156996	0.0453167	0.900235	-0.150062	0	0	0.210772	-0.148297	-0.445854	0.56705	0.373081	0	0	-0.163905	0.262276	-0.379826	-0.702714	-0.340694	-1.18697	1.28275	0.912665	0	0	1.34719	-0.514907	0.788749	1.9263	1.50272	0	0
7.2036	0.0593554	-0.00970648	-3.52034	-0.241571	0.971282	0.114427	0.646858	-0.157795	0.0581812	0.921902	-0.182386	0	0	0.215048	-0.146728	-0.444373	0.582052	0.380805	0	0	-0.17091	0.26767	-0.377749	-0.703311	-0.345047	-1.18139	1.23924	0.876006	0	0	1.35875	-0.515856	0.788204	1.9308	1.50467	0	0
7.21359	0.0558122	-0.00756466	-3.5198	-0.241624	0.970011	0.119552	0.661178	-0.157986	0.0712012	0.941765	-0.213145	0	0	0.219149	-0.145056	-0.442116	0.596638	0.388057	0	0	-0.177032	0.272996	-0.375987	-0.70343	-0.348851	-1.1749	1.19733	0.842239	0	0	1.36789	-0.516571	0.787114	1.93582	1.50655	0	0
7.22358	0.0523495	-0.00542805	-3.51805	-0.241802	0.968739	0.124544	0.673951	-0.157693	0.0841819	0.959911	-0.242043	0	0	0.223281	-0.14327	-0.438979	0.61083	0.39485	0	0	-0.1821	0.27827	-0.374573	-0.703057	-0.351869	-1.16782	1.15738	0.81072	0	0	1.37462	-0.516912	0.785585	1.94134	1.50827	0	0
7.23357	0.0490998	-0.00331412	-3.51499	-0.242096	0.96746	0.129414	0.685262	-0.157031	0.096946	0.97643	-0.268852	0	0	0.227618	-0.141383	-0.434878	0.624641	0.401198	0	0	-0.185985	0.283521	-0.373515	-0.702161	-0.353912	-1.16043	1.11972	0.780787	0	0	1.37898	-0.516737	0.783727	1.94733	1.50978	0	0
7.24356	0.0461712	-0.00121297	-3.51053	-0.242493	0.966172	0.134168	0.695175	-0.156094	0.109334	0.991404	-0.293396	0	0	0.232296	-0.139422	-0.429749	0.638081	0.407124	0	0	-0.188604	0.288793	-0.372808	-0.700689	-0.354847	-1.15301	1.08463	0.751912	0	0	1.38103	-0.515924	0.78165	1.95376	1.51111	0	0
7.25355	0.0436355	0.000908386	-3.50462	-0.242979	0.964879	0.138818	0.703722	-0.154964	0.121205	1.00491	-0.315527	0	0	0.237401	-0.137425	-0.423547	0.651155	0.41265	0	0	-0.189929	0.294133	-0.372456	-0.698559	-0.354588	-1.14582	1.05234	0.72389	0	0	1.38084	-0.51439	0.77945	1.96061	1.51228	0	0
7.26354	0.0415252	0.00309627	-3.4972	-0.243542	0.963585	0.143372	0.710902	-0.153723	0.132432	1.01703	-0.335138	0	0	0.242962	-0.135432	-0.416243	0.663853	0.4178	0	0	-0.18997	0.299583	-0.372477	-0.695673	-0.3531	-1.1391	1.02307	0.696888	0	0	1.37848	-0.512092	0.777208	1.96784	1.51336	0	0
7.27353	0.0398353	0.00539928	-3.48825	-0.244167	0.962301	0.14784	0.716688	-0.152458	0.142896	1.02783	-0.352168	0	0	0.24896	-0.133467	-0.407831	0.676151	0.422592	0	0	-0.188772	0.305162	-0.372899	-0.691922	-0.350383	-1.13308	0.996984	0.671403	0	0	1.37403	-0.509009	0.774988	1.97542	1.5145	0	0
7.28353	0.0385314	0.00785655	-3.47773	-0.244842	0.96104	0.152229	0.721047	-0.151269	0.152479	1.03737	-0.366602	0	0	0.255335	-0.131542	-0.398323	0.688005	0.427034	0	0	-0.186396	0.310862	-0.373748	-0.687184	-0.346471	-1.12797	0.974189	0.648208	0	0	1.36756	-0.50514	0.772847	1.98331	1.51587	0	0
7.29352	0.0375635	0.0104902	-3.46565	-0.245554	0.959816	0.156546	0.723954	-0.150263	0.161078	1.04572	-0.378476	0	0	0.262008	-0.129644	-0.387749	0.699361	0.43112	0	0	-0.182911	0.316639	-0.375032	-0.681344	-0.341437	-1.12388	0.954706	0.628081	0	0	1.35913	-0.500485	0.770848	1.99147	1.51765	0	0
7.30351	0.0368829	0.0132996	-3.45202	-0.246291	0.958642	0.160798	0.725423	-0.149557	0.168598	1.05294	-0.387882	0	0	0.268907	-0.12774	-0.376146	0.710154	0.434831	0	0	-0.178376	0.322421	-0.37674	-0.674291	-0.335403	-1.12086	0.938456	0.611717	0	0	1.34882	-0.495044	0.769069	1.99982	1.52002	0	0
7.3135	0.0364515	0.0162608	-3.43687	-0.247038	0.95753	0.164994	0.725508	-0.149275	0.174953	1.0591	-0.394975	0	0	0.275972	-0.125777	-0.363553	0.720319	0.438137	0	0	-0.172834	0.328115	-0.378834	-0.665921	-0.32854	-1.11886	0.925276	0.599601	0	0	1.33672	-0.48881	0.767608	2.00827	1.52315	0	0
7.32349	0.0362405	0.019335	-3.42023	-0.247783	0.956492	0.16914	0.7243	-0.149533	0.180073	1.06425	-0.399957	0	0	0.283154	-0.123692	-0.350024	0.729783	0.440994	0	0	-0.166324	0.333616	-0.381245	-0.656125	-0.321068	-1.11773	0.914941	0.591984	0	0	1.32292	-0.481774	0.766586	2.01672	1.5271	0	0
7.33348	0.0362218	0.0224807	-3.40219	-0.248509	0.955539	0.173245	0.721907	-0.150425	0.183912	1.06847	-0.403067	0	0	0.290398	-0.121427	-0.335637	0.738465	0.443349	0	0	-0.158905	0.338821	-0.383863	-0.644778	-0.313249	-1.11724	0.907199	0.588911	0	0	1.30756	-0.473924	0.76615	2.02506	1.53179	0	0
7.34347	0.0363589	0.0256576	-3.38284	-0.2492	0.954686	0.177314	0.718438	-0.152018	0.186449	1.07177	-0.404562	0	0	0.297623	-0.118939	-0.320504	0.746275	0.445149	0	0	-0.150678	0.343637	-0.386536	-0.631722	-0.305381	-1.11709	0.901792	0.590276	0	0	1.29083	-0.465268	0.766452	2.03319	1.53703	0	0
7.35346	0.0365968	0.0288314	-3.36235	-0.249838	0.953947	0.181352	0.713988	-0.15434	0.187696	1.0742	-0.404705	0	0	0.304718	-0.116202	-0.304781	0.753114	0.446352	0	0	-0.141797	0.347985	-0.389072	-0.616762	-0.297791	-1.11691	0.898497	0.595837	0	0	1.27292	-0.455836	0.767638	2.04099	1.54256	0	0
7.36345	0.0368578	0.0319747	-3.3409	-0.250401	0.953343	0.18536	0.70863	-0.157384	0.18769	1.07576	-0.403748	0	0	0.311533	-0.113214	-0.288667	0.758886	0.446921	0	0	-0.132483	0.351804	-0.391239	-0.599654	-0.290827	-1.11623	0.897157	0.605189	0	0	1.25408	-0.445689	0.769833	2.04838	1.54807	0	0
7.37345	0.0370466	0.0350669	-3.31875	-0.250868	0.952891	0.189334	0.702414	-0.161103	0.186493	1.07646	-0.401932	0	0	0.317892	-0.11	-0.272401	0.763507	0.446832	0	0	-0.123009	0.355055	-0.392762	-0.580108	-0.284843	-1.11456	0.897707	0.617841	0	0	1.2346	-0.434914	0.773125	2.05528	1.5533	0	0
7.38344	0.0370544	0.0380925	-3.2962	-0.251218	0.952612	0.193268	0.695372	-0.16541	0.184197	1.07627	-0.399478	0	0	0.323606	-0.106609	-0.256255	0.766912	0.446075	0	0	-0.113685	0.357721	-0.39334	-0.557796	-0.280189	-1.1113	0.90017	0.633201	0	0	1.21478	-0.423614	0.777559	2.06164	1.55801	0	0
7.39343	0.0367643	0.0410357	-3.27356	-0.251429	0.952525	0.197151	0.687513	-0.170193	0.180912	1.07519	-0.396583	0	0	0.328479	-0.103106	-0.240515	0.769061	0.444656	0	0	-0.104838	0.359799	-0.392664	-0.53235	-0.277201	-1.10579	0.904645	0.650674	0	0	1.1949	-0.41191	0.783131	2.06741	1.56203	0	0
7.40342	0.0360583	0.0438747	-3.25118	-0.251486	0.952644	0.200966	0.678839	-0.175328	0.176769	1.07317	-0.393433	0	0	0.332321	-0.0995627	-0.225465	0.769933	0.442593	0	0	-0.0967851	0.361295	-0.390449	-0.503364	-0.27618	-1.09729	0.911294	0.669759	0	0	1.17526	-0.399951	0.789776	2.07257	1.56531	0	0
7.41341	0.0348284	0.0465784	-3.2294	-0.251373	0.952979	0.204693	0.669356	-0.180683	0.171923	1.07022	-0.390209	0	0	0.334958	-0.0960426	-0.211372	0.769531	0.439919	0	0	-0.0898066	0.362215	-0.386471	-0.470394	-0.277397	-1.0849	0.920342	0.689983	0	0	1.15609	-0.38792	0.79736	2.07715	1.56789	0	0
7.4234	0.0329918	0.0491061	-3.20852	-0.251079	0.953532	0.208309	0.659098	-0.186131	0.166551	1.06633	-0.387094	0	0	0.336261	-0.0926006	-0.198476	0.767872	0.436675	0	0	-0.0841237	0.362566	-0.380581	-0.432954	-0.281067	-1.06762	0.932045	0.710908	0	0	1.13759	-0.376049	0.805685	2.08123	1.56983	0	0
7.43339	0.0305011	0.051409	-3.18886	-0.250596	0.954297	0.211787	0.648139	-0.191552	0.160848	1.06154	-0.384246	0	0	0.336153	-0.0892745	-0.186967	0.765	0.432908	0	0	-0.0798828	0.362351	-0.372722	-0.390513	-0.287327	-1.04427	0.946662	0.732285	0	0	1.11989	-0.364603	0.814497	2.08491	1.57127	0	0
7.44338	0.0273484	0.0534324	-3.17065	-0.249917	0.955259	0.215097	0.6366	-0.196846	0.155009	1.0559	-0.381769	0	0	0.334624	-0.0860807	-0.176986	0.760977	0.428669	0	0	-0.0771469	0.361569	-0.36294	-0.342504	-0.296222	-1.01356	0.96441	0.753911	0	0	1.10305	-0.353878	0.8235	2.08836	1.57232	0	0
7.45337	0.0235618	0.0551199	-3.1541	-0.24904	0.956396	0.21821	0.624638	-0.201932	0.149233	1.04952	-0.379714	0	0	0.331718	-0.0830163	-0.168613	0.755889	0.424011	0	0	-0.0758986	0.360221	-0.351386	-0.288334	-0.307679	-0.974113	0.985434	0.775613	0	0	1.08708	-0.34419	0.832368	2.09177	1.57311	0	0
7.46337	0.0192021	0.0564178	-3.13938	-0.247969	0.957677	0.221093	0.612438	-0.206749	0.143714	1.04252	-0.378083	0	0	0.327531	-0.0800644	-0.161885	0.749842	0.418991	0	0	-0.0760447	0.358306	-0.338305	-0.227395	-0.321475	-0.924498	1.00978	0.797235	0	0	1.07188	-0.33586	0.840759	2.09536	1.57374	0	0
7.47336	0.0143552	0.0572799	-3.12656	-0.246717	0.959064	0.223714	0.600204	-0.211252	0.138644	1.03506	-0.376832	0	0	0.322197	-0.0772018	-0.156793	0.742955	0.41367	0	0	-0.0774277	0.355828	-0.324014	-0.159091	-0.337198	-0.863413	1.03737	0.818737	0	0	1.05733	-0.329188	0.848327	2.09936	1.57429	0	0
7.48335	0.00912959	0.0576722	-3.11568	-0.245303	0.960518	0.226041	0.588141	-0.215407	0.134208	1.0273	-0.375863	0	0	0.315887	-0.0744046	-0.153292	0.735367	0.408119	0	0	-0.079832	0.352805	-0.308894	-0.0828762	-0.354213	-0.789784	1.068	0.840137	0	0	1.04321	-0.32445	0.854718	2.10401	1.57481	0	0
7.49334	0.00364873	0.057574	-3.1067	-0.24376	0.961994	0.228047	0.57644	-0.219191	0.130574	1.01942	-0.375031	0	0	0.308792	-0.0716505	-0.151295	0.727222	0.402412	0	0	-0.0830013	0.349267	-0.293375	0.00169234	-0.371649	-0.702902	1.10138	0.861495	0	0	1.02929	-0.321886	0.859569	2.10957	1.57532	0	0
7.50333	-0.00196247	0.0569777	-3.09953	-0.242131	0.963453	0.22971	0.565261	-0.222595	0.127875	1.01159	-0.374146	0	0	0.301104	-0.0689186	-0.150682	0.718657	0.396624	0	0	-0.086669	0.345258	-0.2779	0.0948725	-0.388367	-0.602615	1.13715	0.883057	0	0	1.01527	-0.321677	0.862524	2.11626	1.57579	0	0
7.51332	-0.00758026	0.0558854	-3.09399	-0.240469	0.96486	0.231016	0.554725	-0.225627	0.126193	1.00398	-0.372993	0	0	0.293014	-0.0661865	-0.151296	0.709798	0.390824	0	0	-0.0905729	0.340827	-0.262908	0.196631	-0.402986	-0.489461	1.17492	0.905166	0	0	1.00088	-0.323937	0.863251	2.12431	1.57617	0	0
7.52331	-0.0130847	0.0543079	-3.08983	-0.238834	0.966191	0.231962	0.544902	-0.22832	0.125532	0.996714	-0.371371	0	0	0.284702	-0.0634294	-0.15294	0.700749	0.385069	0	0	-0.0944654	0.336016	-0.248802	0.306531	-0.413927	-0.364799	1.21433	0.92824	0	0	0.98585	-0.328693	0.86148	2.1339	1.57633	0	0
7.5333	-0.0183589	0.0522627	-3.08675	-0.237288	0.967431	0.232557	0.535819	-0.230732	0.125802	0.989909	-0.369123	0	0	0.276338	-0.060617	-0.15537	0.691583	0.379397	0	0	-0.0981128	0.33084	-0.23594	0.423619	-0.419511	-0.230868	1.25504	0.952757	0	0	0.969972	-0.335874	0.857044	2.14512	1.5761	0	0
7.54329	-0.0232831	0.0497742	-3.08439	-0.23589	0.968579	0.232819	0.527456	-0.232954	0.126814	0.983623	-0.366159	0	0	0.268085	-0.0577105	-0.158288	0.68234	0.373817	0	0	-0.10128	0.325274	-0.224619	0.546349	-0.41812	-0.0907324	1.29681	0.97921	0	0	0.953097	-0.345302	0.849923	2.15793	1.57526	0	0
7.55329	-0.0277293	0.0468747	-3.08231	-0.234696	0.969644	0.232779	0.519758	-0.235105	0.128271	0.977875	-0.36245	0	0	0.260103	-0.0546614	-0.161334	0.673024	0.368311	0	0	-0.103713	0.319243	-0.215109	0.672586	-0.408384	0.0519211	1.3394	1.00815	0	0	0.93514	-0.356728	0.840251	2.17219	1.57352	0	0
7.56328	-0.0315605	0.0436109	-3.08004	-0.23375	0.97064	0.23247	0.512644	-0.237331	0.129775	0.972638	-0.358021	0	0	0.252553	-0.0514179	-0.164085	0.663605	0.362828	0	0	-0.105128	0.312633	-0.20765	0.79967	-0.389395	0.193081	1.38268	1.04006	0	0	0.916083	-0.369845	0.82832	2.18764	1.57057	0	0
7.57327	-0.0346416	0.0400529	-3.0771	-0.233087	0.971591	0.231934	0.506004	-0.239776	0.130846	0.96784	-0.352928	0	0	0.245587	-0.0479384	-0.16607	0.654031	0.357296	0	0	-0.105232	0.305315	-0.202438	0.924588	-0.360873	0.328753	1.42656	1.07527	0	0	0.89598	-0.384299	0.814557	2.20394	1.56605	0	0
7.58326	-0.0368546	0.0362998	-3.07301	-0.23273	0.972525	0.231214	0.499701	-0.242568	0.130954	0.963371	-0.347234	0	0	0.239331	-0.044202	-0.166793	0.644227	0.351629	0	0	-0.103748	0.297171	-0.199623	1.04422	-0.32322	0.455311	1.47097	1.11384	0	0	0.87495	-0.399718	0.799487	2.22068	1.55961	0	0
7.59325	-0.0381071	0.0324762	-3.06734	-0.232687	0.973475	0.230355	0.49357	-0.245805	0.129555	0.959085	-0.340989	0	0	0.233879	-0.0402117	-0.165763	0.634112	0.345737	0	0	-0.100424	0.28811	-0.199317	1.1556	-0.277473	0.569817	1.51583	1.15554	0	0	0.85316	-0.41574	0.783686	2.23739	1.55095	0	0
7.60324	-0.0383436	0.0287257	-3.05972	-0.232954	0.974475	0.229402	0.487429	-0.249548	0.126136	0.954809	-0.334219	0	0	0.229289	-0.0359964	-0.162527	0.62361	0.33954	0	0	-0.0950538	0.278081	-0.20163	1.25619	-0.225137	0.670237	1.56081	1.19977	0	0	0.83079	-0.432062	0.767704	2.25366	1.53989	0	0
7.61323	-0.0375561	0.025201	-3.04988	-0.233514	0.97555	0.228402	0.481086	-0.253808	0.12026	0.950363	-0.326954	0	0	0.225575	-0.0316114	-0.156718	0.612668	0.33298	0	0	-0.0874989	0.267082	-0.206654	1.34403	-0.168018	0.755488	1.60542	1.24544	0	0	0.808023	-0.448451	0.752031	2.26908	1.52642	0	0
7.62322	-0.0357969	0.022055	-3.03769	-0.234338	0.976721	0.227401	0.47435	-0.258545	0.111616	0.945565	-0.319233	0	0	0.222701	-0.0271396	-0.148094	0.601265	0.326029	0	0	-0.0777337	0.255173	-0.214434	1.41785	-0.10805	0.8254	1.64891	1.2909	0	0	0.785057	-0.464739	0.73706	2.28335	1.51087	0	0
7.63321	-0.0331888	0.0194334	-3.02318	-0.235383	0.977998	0.226444	0.467042	-0.263652	0.100067	0.940254	-0.311109	0	0	0.220576	-0.0226972	-0.136594	0.589423	0.318703	0	0	-0.0658957	0.242495	-0.224919	1.47722	-0.0471844	0.880626	1.69039	1.33416	0	0	0.76212	-0.48081	0.723066	2.29626	1.494	0	0
7.64321	-0.0299292	0.0174706	-3.00655	-0.236593	0.97938	0.225571	0.459001	-0.268951	0.0856794	0.934292	-0.302664	0	0	0.219053	-0.0184393	-0.12237	0.577203	0.311064	0	0	-0.052343	0.229298	-0.237873	1.52265	0.0126527	0.922529	1.72894	1.373	0	0	0.739519	-0.496549	0.710227	2.30771	1.47716	0	0
7.6532	-0.0262628	0.0162697	-2.98816	-0.237891	0.980855	0.224821	0.450124	-0.274221	0.0687177	0.927579	-0.294014	0	0	0.217962	-0.0145303	-0.105771	0.5647	0.303209	0	0	-0.0376681	0.21593	-0.252863	1.55562	0.0696079	0.953026	1.76369	1.40586	0	0	0.717666	-0.511821	0.698648	2.31772	1.46213	0	0
7.66319	-0.0224482	0.0158787	-2.96844	-0.239178	0.982407	0.224224	0.440389	-0.279245	0.0496271	0.920071	-0.285294	0	0	0.217146	-0.0111109	-0.0873112	0.552023	0.29526	0	0	-0.0226883	0.20282	-0.269273	1.57808	0.121954	0.974437	1.7939	1.43194	0	0	0.697079	-0.526463	0.688405	2.32643	1.45093	0	0
7.67318	-0.0187481	0.016284	-2.94796	-0.240369	0.984011	0.22379	0.429811	-0.283829	0.0289693	0.911742	-0.276629	0	0	0.216403	-0.00828307	-0.0676004	0.53926	0.287331	0	0	-0.00818618	0.190335	-0.28636	1.59213	0.168213	0.989063	1.81905	1.45125	0	0	0.67826	-0.5403	0.679558	2.33398	1.44545	0	0
7.68317	-0.0154159	0.0174094	-2.92734	-0.241398	0.985646	0.223511	0.418431	-0.287812	0.00738766	0.902595	-0.268111	0	0	0.21549	-0.00610702	-0.0473036	0.526471	0.279519	0	0	0.00513492	0.178759	-0.303313	1.59977	0.207215	0.999009	1.83885	1.46446	0	0	0.661664	-0.553157	0.672191	2.34046	1.44693	0	0
7.69316	-0.0126643	0.0191328	-2.90722	-0.242222	0.987288	0.223359	0.406331	-0.29108	-0.0144362	0.892665	-0.259755	0	0	0.214171	-0.00460762	-0.027105	0.513697	0.271918	0	0	0.0167023	0.168286	-0.319297	1.60284	0.238116	1.00608	1.85324	1.4727	0	0	0.647674	-0.564857	0.666465	2.34587	1.45503	0	0
7.70315	-0.0105698	0.0213417	-2.88824	-0.242816	0.988908	0.223296	0.393744	-0.293536	-0.0358278	0.882036	-0.251509	0	0	0.212361	-0.00381312	-0.00770078	0.501021	0.264638	0	0	0.0262077	0.159052	-0.333479	1.60285	0.260371	1.01175	1.86243	1.4773	0	0	0.636578	-0.575192	0.662734	2.34996	1.46651	0	0
7.71314	-0.00918266	0.0238963	-2.87095	-0.243174	0.990485	0.223282	0.380878	-0.29514	-0.0561845	0.870795	-0.243274	0	0	0.20997	-0.0037154	0.0102882	0.488503	0.257774	0	0	0.0334512	0.151124	-0.345172	1.60101	0.27383	1.01713	1.86674	1.47951	0	0	0.628496	-0.584022	0.661199	2.35261	1.47913	0	0
7.72313	-0.00852382	0.0266411	-2.85579	-0.243305	0.992002	0.223275	0.367907	-0.295912	-0.0750161	0.859026	-0.234907	0	0	0.206923	-0.00427176	0.0263452	0.476187	0.251398	0	0	0.0383399	0.144502	-0.353872	1.5982	0.278691	1.02301	1.86668	1.48027	0	0	0.623387	-0.591278	0.661929	2.35379	1.49155	0	0
7.73313	-0.00858467	0.0294152	-2.84312	-0.24323	0.993449	0.223238	0.354965	-0.295929	-0.0919724	0.846799	-0.226222	0	0	0.20316	-0.00540598	0.0400824	0.464103	0.245558	0	0	0.0408798	0.139111	-0.359258	1.595	0.275429	1.02984	1.86283	1.48019	0	0	0.621088	-0.596951	0.664899	2.35352	1.50313	0	0
7.74312	-0.00933027	0.03206	-2.83312	-0.242976	0.994819	0.223141	0.342142	-0.295318	-0.106857	0.834169	-0.217009	0	0	0.198646	-0.00701	0.051259	0.452263	0.240274	0	0	0.0411646	0.134808	-0.361195	1.59173	0.264713	1.03782	1.85591	1.47955	0	0	0.62135	-0.601079	0.670031	2.35186	1.51379	0	0
7.75311	-0.010685	0.0344354	-2.8259	-0.242579	0.996109	0.222957	0.329523	-0.294228	-0.119588	0.82118	-0.207063	0	0	0.193392	-0.00896652	0.0597194	0.440687	0.235554	0	0	0.0393851	0.131385	-0.359727	1.58845	0.247385	1.04691	1.84664	1.4783	0	0	0.623821	-0.603761	0.677181	2.34887	1.52345	0	0
7.7631	-0.0125335	0.0364298	-2.82147	-0.242078	0.997311	0.222666	0.317191	-0.292819	-0.130206	0.807862	-0.196206	0	0	0.187466	-0.0111555	0.0654076	0.429403	0.231391	0	0	0.0358306	0.128589	-0.355077	1.58503	0.224403	1.05688	1.83574	1.47608	0	0	0.628062	-0.605154	0.686141	2.34463	1.5321	0	0
7.77309	-0.014724	0.037969	-2.81976	-0.241516	0.998421	0.22225	0.305228	-0.291252	-0.138884	0.794223	-0.184304	0	0	0.180992	-0.0134618	0.068373	0.418453	0.227767	0	0	0.0308903	0.126133	-0.347624	1.58114	0.196794	1.06734	1.82386	1.47237	0	0	0.63356	-0.605457	0.696647	2.33923	1.53976	0	0
7.78308	-0.017112	0.0390187	-2.82063	-0.240945	0.999432	0.221693	0.293662	-0.289666	-0.14592	0.780235	-0.171288	0	0	0.174088	-0.0157898	0.0687796	0.407877	0.224639	0	0	0.0250112	0.123719	-0.337832	1.57634	0.165559	1.07776	1.8116	1.46677	0	0	0.639815	-0.604871	0.708448	2.33272	1.54651	0	0
7.79307	-0.0195409	0.0395838	-2.82388	-0.24042	1.00034	0.220987	0.282508	-0.288184	-0.151722	0.765841	-0.157169	0	0	0.166897	-0.0180583	0.0668909	0.397724	0.22195	0	0	0.0187221	0.12104	-0.326239	1.57007	0.131678	1.08754	1.79941	1.45912	0	0	0.646319	-0.6036	0.721285	2.32514	1.5524	0	0
7.80306	-0.0218458	0.0396972	-2.82927	-0.239977	1.00113	0.220127	0.271808	-0.28691	-0.156742	0.750994	-0.142062	0	0	0.159624	-0.0201979	0.063003	0.388064	0.219658	0	0	0.0124541	0.117889	-0.313423	1.5617	0.0960556	1.09622	1.78766	1.44949	0	0	0.652638	-0.601846	0.734894	2.31656	1.55747	0	0
7.81306	-0.023878	0.0394154	-2.83651	-0.239632	1.00181	0.219115	0.261602	-0.285922	-0.16145	0.735654	-0.126177	0	0	0.152491	-0.0221627	0.0574223	0.378983	0.217737	0	0	0.00653955	0.114156	-0.299956	1.55063	0.059497	1.10348	1.77653	1.4382	0	0	0.658437	-0.599778	0.749031	2.30705	1.56174	0	0
7.82305	-0.0255174	0.0388121	-2.8453	-0.23939	1.00237	0.217959	0.251926	-0.285264	-0.166322	0.719791	-0.109796	0	0	0.145714	-0.0239339	0.0504507	0.37057	0.216181	0	0	0.00121894	0.109818	-0.286362	1.53634	0.0226936	1.10915	1.76612	1.42575	0	0	0.663476	-0.597531	0.763481	2.2967	1.56518	0	0
7.83304	-0.0266947	0.0379677	-2.85534	-0.239251	1.00281	0.216665	0.242783	-0.284949	-0.171815	0.703382	-0.0932374	0	0	0.139462	-0.0255207	0.0423692	0.362905	0.214992	0	0	-0.00337015	0.104914	-0.273075	1.51852	-0.0138062	1.11312	1.75648	1.41274	0	0	0.667641	-0.595183	0.778091	2.28556	1.56783	0	0
7.84303	-0.0274033	0.0369622	-2.86639	-0.239206	1.00314	0.215247	0.234138	-0.284957	-0.178353	0.686424	-0.076848	0	0	0.133831	-0.0269597	0.0334231	0.356053	0.214176	0	0	-0.00719791	0.0995441	-0.260419	1.49717	-0.049597	1.11542	1.74759	1.39958	0	0	0.670937	-0.59276	0.792762	2.27366	1.56975	0	0
7.85302	-0.0276809	0.0358718	-2.87824	-0.239245	1.00336	0.213713	0.225932	-0.285238	-0.1863	0.668933	-0.0609832	0	0	0.128857	-0.0283066	0.0238155	0.350059	0.21374	0	0	-0.0103096	0.0938385	-0.248627	1.47249	-0.0843908	1.11613	1.73944	1.38658	0	0	0.673446	-0.590251	0.80743	2.26104	1.57106	0	0
7.86301	-0.027588	0.0347666	-2.89072	-0.239358	1.00349	0.212072	0.218107	-0.285718	-0.195937	0.650944	-0.0459928	0	0	0.124535	-0.0296292	0.0136975	0.344947	0.213685	0	0	-0.0127892	0.0879439	-0.237834	1.44477	-0.11801	1.11537	1.73201	1.37383	0	0	0.675317	-0.587613	0.822067	2.24771	1.57188	0	0
7.873	-0.0271886	0.0337095	-2.90372	-0.239532	1.00355	0.210329	0.210622	-0.286301	-0.207429	0.63251	-0.0321969	0	0	0.120837	-0.0310014	0.0031653	0.340722	0.214011	0	0	-0.0147285	0.0820046	-0.228089	1.41436	-0.150369	1.11331	1.72527	1.36125	0	0	0.676742	-0.584777	0.836679	2.23368	1.57231	0	0
7.88299	-0.0265394	0.032755	-2.91718	-0.239762	1.00355	0.208489	0.203462	-0.286872	-0.220809	0.6137	-0.0198596	0	0	0.117718	-0.032497	-0.00773232	0.337362	0.214706	0	0	-0.0162083	0.0761546	-0.21936	1.38158	-0.181459	1.11009	1.71922	1.34869	0	0	0.677942	-0.581653	0.851298	2.21895	1.57246	0	0
7.89298	-0.0256853	0.0319514	-2.93109	-0.24004	1.00351	0.20655	0.196638	-0.287296	-0.235968	0.594596	-0.0091759	0	0	0.115124	-0.0341882	-0.0189821	0.33482	0.215756	0	0	-0.0172958	0.070524	-0.211572	1.34672	-0.211311	1.10588	1.71386	1.33602	0	0	0.679132	-0.578155	0.865949	2.20355	1.57242	0	0
7.90298	-0.0246593	0.0313399	-2.94544	-0.240364	1.00343	0.204513	0.190187	-0.287425	-0.252644	0.57529	-0.000251792	0	0	0.112998	-0.036143	-0.030599	0.333037	0.217145	0	0	-0.0180448	0.0652364	-0.204612	1.31006	-0.239979	1.10081	1.70918	1.32319	0	0	0.680511	-0.574203	0.880636	2.1875	1.57226	0	0
7.91297	-0.0234787	0.0309527	-2.96028	-0.24073	1.00333	0.202373	0.184168	-0.287104	-0.270429	0.555873	0.00690711	0	0	0.111285	-0.0384196	-0.0426147	0.331937	0.218852	0	0	-0.0184938	0.0604027	-0.198349	1.27187	-0.26753	1.09499	1.70514	1.31024	0	0	0.682258	-0.569741	0.895352	2.17089	1.57203	0	0
7.92296	-0.0221478	0.0308056	-2.97563	-0.241136	1.0032	0.200126	0.178647	-0.286183	-0.288786	0.536435	0.012405	0	0	0.109931	-0.041057	-0.055073	0.331438	0.220854	0	0	-0.0186681	0.0561059	-0.192641	1.23234	-0.294047	1.08846	1.70172	1.29729	0	0	0.684543	-0.56473	0.91009	2.15379	1.57178	0	0
7.93295	-0.0206666	0.0308921	-2.99155	-0.241581	1.00307	0.197763	0.173692	-0.284533	-0.307066	0.517065	0.0164527	0	0	0.108872	-0.0440674	-0.0680235	0.331446	0.223127	0	0	-0.0185894	0.0523929	-0.187342	1.19164	-0.319622	1.0812	1.69888	1.28442	0	0	0.687532	-0.55916	0.924862	2.13631	1.57154	0	0
7.94294	-0.0190393	0.0311842	-3.0081	-0.242064	1.00291	0.195276	0.169363	-0.282051	-0.324532	0.497864	0.019355	0	0	0.108028	-0.0474366	-0.081513	0.33186	0.225639	0	0	-0.0182829	0.0492752	-0.18233	1.14991	-0.344327	1.07317	1.69655	1.27177	0	0	0.691368	-0.553055	0.939668	2.11857	1.57132	0	0
7.95293	-0.0172757	0.0316402	-3.02534	-0.242584	1.00275	0.192653	0.165716	-0.278663	-0.340403	0.478956	0.0214847	0	0	0.107317	-0.0511332	-0.0955817	0.332584	0.228359	0	0	-0.0177771	0.0467366	-0.177517	1.10728	-0.368198	1.06427	1.69461	1.25952	0	0	0.69617	-0.546484	0.954506	2.10069	1.57114	0	0
7.96292	-0.0153923	0.0322125	-3.0433	-0.24314	1.00257	0.189885	0.162795	-0.274329	-0.353908	0.460481	0.023247	0	0	0.106652	-0.0551171	-0.110261	0.333539	0.231258	0	0	-0.0171046	0.0447439	-0.172863	1.06388	-0.391232	1.05443	1.69292	1.24795	0	0	0.70203	-0.539556	0.96937	2.08281	1.571	0	0
7.97291	-0.0134166	0.0328544	-3.06203	-0.243728	1.00237	0.18696	0.160618	-0.269037	-0.364355	0.442577	0.0250311	0	0	0.105948	-0.0593463	-0.12557	0.334666	0.234308	0	0	-0.016308	0.0432577	-0.168376	1.01986	-0.413403	1.04357	1.69132	1.23745	0	0	0.709023	-0.532418	0.984265	2.06509	1.57091	0	0
7.9829	-0.0113864	0.0335243	-3.08154	-0.244344	1.00216	0.18387	0.159168	-0.262814	-0.371196	0.425371	0.0271627	0	0	0.105118	-0.0637798	-0.141505	0.33592	0.237482	0	0	-0.0154352	0.0422379	-0.164116	0.975362	-0.43467	1.03164	1.68965	1.22843	0	0	0.71721	-0.525245	0.999204	2.04767	1.57086	0	0
7.9929	-0.00934593	0.0341899	-3.10181	-0.244985	1.00194	0.180612	0.158392	-0.255724	-0.37408	0.408969	0.0298594	0	0	0.104075	-0.0683805	-0.158035	0.337265	0.240753	0	0	-0.0145331	0.041648	-0.160192	0.930567	-0.454994	1.01859	1.68778	1.22134	0	0	0.726637	-0.518236	1.01422	2.03073	1.57086	0	0
8.00289	-0.00732128	0.0348401	-3.1228	-0.24565	1.00169	0.177185	0.158223	-0.247847	-0.372869	0.393437	0.0331883	0	0	0.102762	-0.0731297	-0.175113	0.338689	0.244096	0	0	-0.0136159	0.0414644	-0.156724	0.885629	-0.474379	1.00443	1.6856	1.2165	0	0	0.737366	-0.51157	1.02942	2.01439	1.57091	0	0
8.01288	-0.00533577	0.0354884	-3.14443	-0.246335	1.00142	0.173593	0.158564	-0.239272	-0.36765	0.378789	0.0370556	0	0	0.101135	-0.078026	-0.192658	0.340183	0.247486	0	0	-0.0126928	0.0416866	-0.153854	0.84071	-0.492867	0.989166	1.68308	1.21408	0	0	0.749461	-0.50541	1.04491	1.99874	1.571	0	0
8.02287	-0.00341793	0.0361803	-3.16661	-0.247038	1.00113	0.169844	0.159288	-0.230076	-0.358702	0.364996	0.041229	0	0	0.0991475	-0.0830968	-0.210558	0.341739	0.250895	0	0	-0.0117841	0.0423502	-0.151727	0.795984	-0.510536	0.972839	1.68026	1.21405	0	0	0.762973	-0.499897	1.06081	1.98386	1.57113	0	0
8.03286	-0.00159594	0.0369962	-3.18923	-0.247758	1.00082	0.16595	0.160247	-0.220308	-0.346458	0.351991	0.0453798	0	0	0.0967568	-0.0884042	-0.228684	0.343356	0.254297	0	0	-0.0109179	0.0435292	-0.150482	0.751629	-0.527502	0.955511	1.67719	1.21613	0	0	0.777917	-0.495136	1.0772	1.96978	1.57129	0	0
8.04285	0.000115333	0.0380445	-3.21216	-0.248494	1.0005	0.16192	0.161294	-0.209988	-0.331446	0.339685	0.0491417	0	0	0.0939418	-0.0940448	-0.246902	0.345046	0.257669	0	0	-0.010115	0.0453266	-0.150239	0.707824	-0.543911	0.93726	1.67397	1.21985	0	0	0.794231	-0.491197	1.09407	1.95649	1.57149	0	0
8.05284	0.00172425	0.0394446	-3.23528	-0.249245	1.00018	0.157766	0.1623	-0.199116	-0.31424	0.327986	0.0521779	0	0	0.0907161	-0.100135	-0.265082	0.346849	0.261	0	0	-0.00938065	0.0478541	-0.151104	0.664737	-0.559926	0.918162	1.67071	1.22461	0	0	0.81173	-0.488118	1.11125	1.94399	1.5717	0	0
8.06283	0.00326702	0.0413066	-3.25848	-0.25001	0.999869	0.153497	0.163169	-0.187683	-0.295413	0.316818	0.0542492	0	0	0.0871353	-0.10679	-0.283101	0.348831	0.264282	0	0	-0.00870076	0.0512084	-0.153153	0.622525	-0.575726	0.898288	1.66749	1.22977	0	0	0.830047	-0.485899	1.12835	1.93222	1.57191	0	0
8.07282	0.00480315	0.0437128	-3.28165	-0.250787	0.999584	0.149119	0.16385	-0.175688	-0.27549	0.306146	0.0552632	0	0	0.0832885	-0.114111	-0.300848	0.351071	0.267518	0	0	-0.00804696	0.055449	-0.15643	0.581324	-0.591489	0.877687	1.66444	1.23477	0	0	0.848559	-0.484506	1.14463	1.92117	1.57208	0	0
8.08282	0.00641948	0.046711	-3.30472	-0.251574	0.99933	0.144635	0.16435	-0.163134	-0.254905	0.295968	0.0552699	0	0	0.0792941	-0.122176	-0.318255	0.353661	0.270712	0	0	-0.00735924	0.0606033	-0.16092	0.541235	-0.607398	0.856379	1.66163	1.23922	0	0	0.866914	-0.483921	1.15968	1.91074	1.57219	0	0
8.09281	0.00821822	0.0503052	-3.32766	-0.252363	0.999111	0.140047	0.164726	-0.150038	-0.233993	0.286313	0.0544199	0	0	0.075286	-0.131032	-0.335282	0.356693	0.27387	0	0	-0.00655668	0.0666522	-0.166552	0.502311	-0.623627	0.834338	1.65916	1.24294	0	0	0.884995	-0.484134	1.17341	1.90084	1.57216	0	0
8.1028	0.010303	0.0544528	-3.35044	-0.253149	0.998928	0.135352	0.165066	-0.136446	-0.213001	0.277225	0.0529091	0	0	0.0713995	-0.140682	-0.351912	0.360257	0.276992	0	0	-0.00554984	0.0735229	-0.173213	0.464558	-0.640332	0.8115	1.65708	1.24589	0	0	0.902866	-0.485148	1.18594	1.89134	1.57194	0	0
8.11279	0.0127623	0.059069	-3.37307	-0.25392	0.998776	0.130548	0.165469	-0.122424	-0.192094	0.268751	0.0509401	0	0	0.0677559	-0.151093	-0.368144	0.364435	0.280076	0	0	-0.00425852	0.0810916	-0.180767	0.427954	-0.657639	0.787785	1.65544	1.24813	0	0	0.920723	-0.486985	1.19755	1.88211	1.57146	0	0
8.12278	0.0156575	0.0640355	-3.39556	-0.254666	0.998649	0.125632	0.166029	-0.108068	-0.171374	0.260934	0.0487095	0	0	0.0644532	-0.162192	-0.383982	0.369302	0.283111	0	0	-0.0026283	0.0891907	-0.189062	0.392459	-0.675637	0.763108	1.65426	1.24976	0	0	0.938854	-0.489679	1.20864	1.87304	1.5706	0	0
8.13277	0.0190148	0.0692135	-3.41792	-0.255371	0.998535	0.120604	0.166821	-0.0934923	-0.150902	0.253818	0.0464039	0	0	0.061563	-0.173883	-0.399419	0.374936	0.28608	0	0	-0.00064208	0.0976227	-0.197939	0.35801	-0.69438	0.73738	1.65354	1.25087	0	0	0.957606	-0.49327	1.21966	1.86402	1.56928	0	0
8.14276	0.0228242	0.0744644	-3.44016	-0.25602	0.998424	0.115462	0.167886	-0.0788125	-0.130705	0.247442	0.0441854	0	0	0.0591316	-0.186062	-0.414442	0.381428	0.288958	0	0	0.00167599	0.106187	-0.207255	0.324564	-0.713878	0.710547	1.65325	1.25151	0	0	0.977336	-0.497817	1.23108	1.85495	1.56741	0	0
8.15275	0.0270392	0.0796623	-3.46229	-0.256597	0.998306	0.110211	0.169232	-0.064143	-0.110808	0.241837	0.0421891	0	0	0.0571823	-0.198635	-0.429004	0.388883	0.291704	0	0	0.00425591	0.114693	-0.216867	0.292053	-0.734112	0.68254	1.65337	1.25167	0	0	0.998402	-0.50336	1.24339	1.84575	1.56489	0	0
8.16274	0.0315892	0.0847108	-3.48429	-0.257085	0.998171	0.104855	0.170831	-0.0495745	-0.0912273	0.237012	0.0405092	0	0	0.0557273	-0.211531	-0.443032	0.397432	0.294257	0	0	0.00699318	0.122984	-0.22665	0.260421	-0.755033	0.653317	1.65382	1.25131	0	0	1.02112	-0.509932	1.257	1.83635	1.56169	0	0
8.17274	0.0363917	0.089549	-3.50615	-0.257467	0.998011	0.0994046	0.172624	-0.0351665	-0.071972	0.232956	0.0391957	0	0	0.0547787	-0.224714	-0.45643	0.407224	0.296536	0	0	0.00976225	0.130955	-0.236495	0.22962	-0.776567	0.622854	1.65455	1.25037	0	0	1.04574	-0.517548	1.27229	1.82667	1.55781	0	0
8.18273	0.0413677	0.0941505	-3.52786	-0.25773	0.997821	0.0938705	0.174539	-0.0209451	-0.0530496	0.229627	0.0382565	0	0	0.0543636	-0.238186	-0.469073	0.418425	0.298432	0	0	0.0124355	0.138549	-0.246302	0.199586	-0.798627	0.591131	1.65546	1.24878	0	0	1.07244	-0.526189	1.28949	1.81664	1.55336	0	0
8.19272	0.0464551	0.0985148	-3.5494	-0.257861	0.997597	0.0882667	0.176502	-0.00690721	-0.0344688	0.226962	0.037664	0	0	0.054538	-0.251975	-0.480817	0.431214	0.299817	0	0	0.0149033	0.145757	-0.255976	0.170226	-0.821115	0.558101	1.65647	1.2465	0	0	1.1013	-0.535793	1.30876	1.80618	1.54855	0	0
8.20271	0.0516186	0.102657	-3.57077	-0.257851	0.997339	0.082609	0.178453	0.00697105	-0.0162388	0.224878	0.037363	0	0	0.0553956	-0.26613	-0.491504	0.445772	0.30054	0	0	0.0170887	0.152613	-0.265429	0.141397	-0.843933	0.523676	1.6575	1.24356	0	0	1.1323	-0.546267	1.33008	1.79517	1.54364	0	0
8.2127	0.0568524	0.106596	-3.59197	-0.257693	0.997044	0.0769153	0.180363	0.0207235	0.00162845	0.22329	0.0372794	0	0	0.057069	-0.280699	-0.500963	0.462271	0.300436	0	0	0.0189528	0.159177	-0.27458	0.112895	-0.866977	0.487705	1.65845	1.24004	0	0	1.16532	-0.557497	1.35328	1.78355	1.53891	0	0
8.22269	0.0621796	0.110346	-3.61301	-0.257386	0.996713	0.0712049	0.182236	0.0343849	0.0191158	0.222113	0.037329	0	0	0.0597266	-0.295726	-0.509014	0.480861	0.299322	0	0	0.0204954	0.165533	-0.283348	0.08444	-0.890145	0.449953	1.65929	1.23614	0	0	1.20012	-0.569363	1.37801	1.77122	1.53465	0	0
8.23268	0.0676458	0.113905	-3.6339	-0.256928	0.996347	0.0654991	0.184109	0.04798	0.0361908	0.22127	0.0374266	0	0	0.0635648	-0.311226	-0.515453	0.501653	0.296996	0	0	0.0217499	0.171772	-0.291647	0.0556244	-0.913334	0.410049	1.65998	1.23218	0	0	1.23637	-0.581738	1.40379	1.75813	1.53119	0	0
8.24267	0.0733156	0.117261	-3.65466	-0.256325	0.995944	0.0598209	0.186044	0.0615266	0.0528288	0.220687	0.0374896	0	0	0.0687981	-0.327187	-0.520057	0.524717	0.293247	0	0	0.0227835	0.177993	-0.299395	0.0259445	-0.93644	0.367521	1.66054	1.22852	0	0	1.27363	-0.594516	1.42997	1.7442	1.52881	0	0
8.25266	0.079263	0.120386	-3.6753	-0.255586	0.995504	0.0541939	0.188119	0.0750318	0.0690134	0.220297	0.0374436	0	0	0.0756431	-0.343562	-0.522585	0.550057	0.287855	0	0	0.0236913	0.1843	-0.306525	-0.00521961	-0.959357	0.321772	1.66101	1.22554	0	0	1.31133	-0.607615	1.45577	1.72943	1.52778	0	0
8.26266	0.0855578	0.123241	-3.6958	-0.254726	0.995026	0.048643	0.190413	0.088486	0.0847327	0.220042	0.0372295	0	0	0.0842989	-0.360262	-0.522788	0.577609	0.280603	0	0	0.0245863	0.190792	-0.312978	-0.0386069	-0.981981	0.272086	1.6615	1.22361	0	0	1.34883	-0.620971	1.48033	1.71376	1.52829	0	0
8.27265	0.0922502	0.125781	-3.71614	-0.253769	0.994511	0.0431929	0.192988	0.10186	0.0999754	0.219869	0.0368084	0	0	0.0949247	-0.377158	-0.520425	0.607228	0.271286	0	0	0.0255877	0.197558	-0.318711	-0.0750515	-1.00421	0.217647	1.66213	1.22304	0	0	1.38538	-0.634537	1.50279	1.69717	1.53041	0	0
8.28264	0.0993573	0.127964	-3.73626	-0.252741	0.993961	0.0378674	0.195874	0.115105	0.114731	0.219739	0.0361637	0	0	0.10762	-0.394085	-0.515279	0.638703	0.259717	0	0	0.0268087	0.204674	-0.323707	-0.115424	-1.02593	0.157598	1.66305	1.22405	0	0	1.42018	-0.648276	1.52234	1.67958	1.53403	0	0
8.29263	0.106856	0.129756	-3.75608	-0.251676	0.993382	0.0326876	0.199061	0.128151	0.128993	0.219626	0.0353007	0	0	0.122406	-0.410844	-0.507176	0.671753	0.245731	0	0	0.028349	0.212195	-0.327975	-0.160547	-1.04704	0.0911247	1.66442	1.22672	0	0	1.45245	-0.662155	1.53847	1.66087	1.53883	0	0
8.30262	0.114673	0.131132	-3.77551	-0.25061	0.992785	0.0276706	0.202493	0.140908	0.142758	0.219523	0.0342468	0	0	0.139209	-0.427214	-0.49601	0.706033	0.229183	0	0	0.0302855	0.220145	-0.331543	-0.211101	-1.0674	0.0175443	1.66642	1.23099	0	0	1.48145	-0.676122	1.5511	1.64088	1.54426	0	0
8.31261	0.122704	0.132085	-3.79443	-0.24958	0.992185	0.0228289	0.20608	0.153281	0.156038	0.219433	0.0330408	0	0	0.157869	-0.442962	-0.481761	0.741153	0.209956	0	0	0.0326794	0.228532	-0.334482	-0.267415	-1.08694	-0.0634834	1.66919	1.2367	0	0	1.50659	-0.690158	1.56047	1.61945	1.5498	0	0
8.3226	0.130816	0.132618	-3.81275	-0.248621	0.991596	0.0181705	0.209707	0.165167	0.168864	0.219373	0.0317276	0	0	0.178141	-0.457863	-0.464508	0.77669	0.187957	0	0	0.035566	0.237352	-0.336899	-0.329301	-1.1056	-0.151786	1.67286	1.24361	0	0	1.52747	-0.70429	1.56702	1.5965	1.55501	0	0
8.33259	0.138855	0.132751	-3.83039	-0.247759	0.991037	0.0137005	0.213239	0.176471	0.18129	0.219368	0.0303549	0	0	0.199699	-0.471705	-0.444437	0.812203	0.163124	0	0	0.0389393	0.246589	-0.33893	-0.395878	-1.12344	-0.246497	1.67753	1.25144	0	0	1.54402	-0.718611	1.5713	1.572	1.5596	0	0
8.34258	0.146651	0.132512	-3.84733	-0.247015	0.990523	0.00942206	0.216529	0.187098	0.193391	0.219447	0.0289708	0	0	0.222151	-0.484293	-0.421835	0.847249	0.135433	0	0	0.0427428	0.256207	-0.340721	-0.465429	-1.14063	-0.345892	1.6833	1.25982	0	0	1.55662	-0.733272	1.57388	1.54613	1.56342	0	0
8.35258	0.154044	0.131926	-3.86355	-0.246399	0.990074	0.00533504	0.219446	0.196962	0.205252	0.219631	0.0276199	0	0	0.245083	-0.495455	-0.39705	0.881399	0.104889	0	0	0.0469202	0.266131	-0.342319	-0.535635	-1.15749	-0.447593	1.69025	1.26845	0	0	1.5659	-0.748315	1.57536	1.51893	1.56645	0	0
8.36257	0.16088	0.131005	-3.87908	-0.24591	0.989705	0.00143783	0.22188	0.205979	0.216957	0.219931	0.0263433	0	0	0.268079	-0.505025	-0.370471	0.914253	0.0715411	0	0	0.0514058	0.276235	-0.343682	-0.603453	-1.1745	-0.54839	1.69843	1.27704	0	0	1.57258	-0.763662	1.57628	1.49045	1.56873	0	0
8.37256	0.167034	0.129739	-3.89399	-0.245536	0.989435	-0.00227093	0.223769	0.214076	0.228577	0.220336	0.0251723	0	0	0.290767	-0.512847	-0.342478	0.94545	0.0354792	0	0	0.0561335	0.286333	-0.344706	-0.665024	-1.19241	-0.644111	1.70791	1.28533	0	0	1.57748	-0.779112	1.57713	1.46069	1.57036	0	0
8.38255	0.172424	0.128092	-3.90835	-0.245249	0.989277	-0.00579046	0.225119	0.221194	0.240156	0.220815	0.0241261	0	0	0.312864	-0.518762	-0.313392	0.974695	-0.00315986	0	0	0.0610236	0.296173	-0.345282	-0.715601	-1.21224	-0.729471	1.7187	1.29293	0	0	1.58138	-0.794371	1.57836	1.42971	1.57143	0	0
8.39254	0.177008	0.126007	-3.92228	-0.245004	0.989241	-0.00911606	0.226009	0.227305	0.251709	0.221319	0.023212	0	0	0.33419	-0.522607	-0.283447	1.00177	-0.0442129	0	0	0.0659426	0.305421	-0.345282	-0.749825	-1.23532	-0.798299	1.73081	1.29941	0	0	1.58499	-0.809002	1.58037	1.39765	1.57206	0	0
8.40253	0.180769	0.123403	-3.93582	-0.244756	0.989325	-0.0122485	0.22655	0.232373	0.263248	0.221781	0.0224142	0	0	0.354614	-0.524285	-0.252897	1.02646	-0.087429	0	0	0.0708257	0.313731	-0.344611	-0.762345	-1.26317	-0.844138	1.74421	1.3043	0	0	1.58892	-0.822635	1.58345	1.3646	1.57236	0	0
8.41252	0.183707	0.120175	-3.94899	-0.24447	0.989514	-0.0151996	0.226869	0.236353	0.274776	0.222117	0.0216984	0	0	0.374044	-0.523748	-0.22199	1.04857	-0.132485	0	0	0.0756938	0.320714	-0.343181	-0.747787	-1.297	-0.860685	1.75877	1.3073	0	0	1.59365	-0.834883	1.58781	1.3306	1.57242	0	0
8.42251	0.18583	0.116205	-3.96174	-0.244121	0.98978	-0.017998	0.227101	0.23919	0.286286	0.222238	0.0210183	0	0	0.392411	-0.520983	-0.190967	1.06792	-0.178991	0	0	0.0806513	0.325951	-0.340915	-0.701608	-1.33749	-0.842616	1.77434	1.30823	0	0	1.59945	-0.84537	1.59356	1.29559	1.57232	0	0
8.4325	0.187144	0.111367	-3.97398	-0.243703	0.990076	-0.0206959	0.227369	0.240819	0.29776	0.222049	0.020319	0	0	0.409656	-0.515999	-0.160048	1.08433	-0.226494	0	0	0.0858814	0.328993	-0.337753	-0.621348	-1.38457	-0.786818	1.79073	1.307	0	0	1.60638	-0.853735	1.6006	1.25942	1.57213	0	0
8.4425	0.187643	0.105536	-3.9856	-0.243237	0.990356	-0.0233727	0.227774	0.241163	0.309177	0.221453	0.0195412	0	0	0.425707	-0.508816	-0.129436	1.09761	-0.274493	0	0	0.0916305	0.329385	-0.333679	-0.508155	-1.43702	-0.69395	1.80774	1.30354	0	0	1.61423	-0.859744	1.60862	1.22187	1.57189	0	0
8.45249	0.187309	0.0985986	-3.99646	-0.242765	0.990596	-0.0261333	0.228376	0.240129	0.320507	0.220362	0.018625	0	0	0.440468	-0.499451	-0.0993028	1.10759	-0.322449	0	0	0.0981919	0.326703	-0.328771	-0.368671	-1.49203	-0.570397	1.82521	1.29777	0	0	1.62241	-0.86342	1.61702	1.1827	1.57163	0	0
8.46248	0.186163	0.0904129	-4.00644	-0.242347	0.990822	-0.0290889	0.229246	0.237616	0.33172	0.218632	0.0175063	0	0	0.453844	-0.487936	-0.0698448	1.11405	-0.369716	0	0	0.105989	0.320653	-0.323327	-0.217552	-1.54478	-0.430875	1.84299	1.28944	0	0	1.62991	-0.865291	1.62481	1.1416	1.57138	0	0
8.47247	0.184216	0.0808963	-4.01541	-0.242009	0.991129	-0.0323317	0.230392	0.233564	0.342779	0.216177	0.0161349	0	0	0.465696	-0.474337	-0.0411976	1.11681	-0.415659	0	0	0.11546	0.310946	-0.31766	-0.0801016	-1.58743	-0.300067	1.86097	1.27825	0	0	1.6352	-0.866131	1.63055	1.09828	1.57115	0	0
8.48246	0.181443	0.0700693	-4.02321	-0.241687	0.991669	-0.0358896	0.231778	0.227987	0.353615	0.21305	0.0144986	0	0	0.475948	-0.458763	-0.0133684	1.11591	-0.45971	0	0	0.126902	0.297207	-0.31203	0.00505846	-1.60832	-0.214015	1.8791	1.26374	0	0	1.63617	-0.866979	1.63227	1.05275	1.57095	0	0
8.49245	0.177824	0.0581254	-4.0298	-0.241235	0.992525	-0.0396661	0.233425	0.221034	0.364098	0.209429	0.012638	0	0	0.484665	-0.441366	0.0138145	1.11175	-0.501408	0	0	0.139866	0.279227	-0.306367	0.0157553	-1.60045	-0.193815	1.89756	1.2454	0	0	1.63005	-0.868426	1.62737	1.00548	1.57079	0	0
8.50244	0.173423	0.0453803	-4.03526	-0.240604	0.993751	-0.0435875	0.235272	0.212938	0.374117	0.20549	0.010616	0	0	0.491836	-0.422391	0.040511	1.10481	-0.540246	0	0	0.153748	0.257494	-0.300658	-0.0557715	-1.56097	-0.247575	1.91669	1.22301	0	0	1.61344	-0.871851	1.61268	0.957008	1.57067	0	0
8.51243	0.168409	0.0323382	-4.03984	-0.239886	0.995359	-0.0476389	0.237153	0.204068	0.383586	0.201431	0.00852905	0	0	0.497351	-0.402222	0.0668734	1.09575	-0.575679	0	0	0.167675	0.233427	-0.29493	-0.203581	-1.49165	-0.371602	1.937	1.19668	0	0	1.58234	-0.879522	1.58443	0.908093	1.57059	0	0
8.52242	0.162969	0.0192866	-4.04376	-0.239252	0.997292	-0.0519158	0.238988	0.19467	0.392481	0.19735	0.0064458	0	0	0.501159	-0.381164	0.092923	1.08505	-0.607164	0	0	0.181193	0.208133	-0.289244	-0.407173	-1.39959	-0.546427	1.95892	1.16643	0	0	1.53232	-0.893666	1.53846	0.859122	1.57056	0	0
8.53242	0.157256	0.00707357	-4.04734	-0.238841	0.99937	-0.0563326	0.240514	0.185274	0.400642	0.193672	0.00457334	0	0	0.503245	-0.359789	0.118811	1.0739	-0.634256	0	0	0.192746	0.183899	-0.283708	-0.63013	-1.29789	-0.739733	1.98266	1.13276	0	0	1.45885	-0.91737	1.47046	0.811818	1.57059	0	0
8.54241	0.151446	-0.00347814	-4.05087	-0.23865	1.00141	-0.0607487	0.241436	0.176488	0.407923	0.190798	0.00313483	0	0	0.503556	-0.338794	0.144578	1.06336	-0.656658	0	0	0.200966	0.162658	-0.278362	-0.847629	-1.19534	-0.929416	2.00863	1.09613	0	0	1.35776	-0.953369	1.37644	0.767848	1.57068	0	0
8.5524	0.145699	-0.0118118	-4.05456	-0.238587	1.00327	-0.0650088	0.241565	0.168772	0.414259	0.188993	0.00228579	0	0	0.502141	-0.318795	0.170068	1.0542	-0.674337	0	0	0.20495	0.145723	-0.273236	-1.04422	-1.09758	-1.10165	2.037	1.05687	0	0	1.22601	-1.00359	1.25342	0.728371	1.57085	0	0
8.56239	0.140152	-0.0176031	-4.05857	-0.23857	1.00485	-0.0689937	0.240794	0.162448	0.419657	0.188392	0.00212046	0	0	0.499131	-0.300371	0.194882	1.04698	-0.687637	0	0	0.204244	0.13383	-0.268329	-1.21166	-1.00776	-1.249	2.06774	1.01519	0	0	1.06269	-1.06877	1.10036	0.694111	1.57111	0	0
8.57238	0.134908	-0.0207882	-4.06297	-0.238567	1.00603	-0.0726189	0.239092	0.15767	0.424204	0.188978	0.00265336	0	0	0.494749	-0.284054	0.218335	1.04198	-0.69714	0	0	0.198908	0.127093	-0.263553	-1.34696	-0.927253	-1.3687	2.10057	0.971112	0	0	0.870309	-1.14784	0.919364	0.665251	1.57148	0	0
8.58237	0.130019	-0.021597	-4.06777	-0.238576	1.00666	-0.0757814	0.236507	0.154388	0.42808	0.190554	0.00379975	0	0	0.489306	-0.270338	0.239392	1.03918	-0.703532	0	0	0.189615	0.124938	-0.258697	-1.45069	-0.856247	-1.4612	2.13488	0.924469	0	0	0.656455	-1.2372	0.717236	0.641343	1.57195	0	0
8.59236	0.125497	-0.0205754	-4.07279	-0.238605	1.0067	-0.0783234	0.233181	0.152336	0.431482	0.192745	0.00537399	0	0	0.483033	-0.259282	0.257408	1.03804	-0.707508	0	0	0.177732	0.12607	-0.253536	-1.52568	-0.794281	-1.52897	2.16991	0.874937	0	0	0.435686	-1.33018	0.50727	0.621524	1.57253	0	0
8.60235	0.121284	-0.018768	-4.07771	-0.238647	1.00632	-0.080162	0.22945	0.150888	0.43468	0.194913	0.00700991	0	0	0.47614	-0.250388	0.272097	1.03736	-0.709712	0	0	0.165607	0.128181	-0.247447	-1.57592	-0.740309	-1.57555	2.20443	0.822124	0	0	0.231672	-1.41535	0.311265	0.603711	1.57322	0	0
8.61234	0.117492	-0.0165017	-4.08242	-0.238661	1.00583	-0.0813553	0.225507	0.149954	0.437583	0.196904	0.00865913	0	0	0.469044	-0.243973	0.282863	1.037	-0.710692	0	0	0.154052	0.130561	-0.240929	-1.60588	-0.694396	-1.60492	2.23655	0.768566	0	0	0.056252	-1.48892	0.143019	0.587669	1.57382	0	0
8.62234	0.114226	-0.0136225	-4.08688	-0.238627	1.00538	-0.0820238	0.22139	0.14971	0.439985	0.198866	0.0104443	0	0	0.462105	-0.240395	0.289428	1.03742	-0.710881	0	0	0.142694	0.133565	-0.234531	-1.61996	-0.655702	-1.62099	2.26576	0.716397	0	0	-0.0952203	-1.55387	-0.000653484	0.574451	1.5741	0	0
8.63233	0.111478	-0.0106313	-4.09083	-0.238554	1.00512	-0.0824207	0.217327	0.14985	0.441801	0.200561	0.012236	0	0	0.455592	-0.239415	0.291822	1.03811	-0.710587	0	0	0.132615	0.136184	-0.228496	-1.62224	-0.623922	-1.62736	2.29106	0.666991	0	0	-0.212301	-1.60617	-0.10871	0.563842	1.57382	0	0
8.64232	0.109224	-0.00762838	-4.09403	-0.238466	1.00505	-0.0827096	0.213394	0.150275	0.442861	0.202001	0.0140574	0	0	0.449684	-0.240826	0.29033	1.0391	-0.709992	0	0	0.123855	0.138357	-0.223064	-1.61626	-0.597866	-1.62709	2.31275	0.621062	0	0	-0.297298	-1.64723	-0.183274	0.5568	1.57269	0	0
8.65231	0.107413	-0.00434717	-4.09628	-0.238397	1.00505	-0.0828458	0.209514	0.15107	0.442929	0.203416	0.0160736	0	0	0.444449	-0.24443	0.285483	1.04079	-0.709154	0	0	0.115489	0.140886	-0.218437	-1.6051	-0.575351	-1.62271	2.33254	0.578078	0	0	-0.36393	-1.68328	-0.23834	0.555415	1.57039	0	0
8.6623	0.105943	-0.000221707	-4.09749	-0.238394	1.00498	-0.0825398	0.205491	0.15244	0.441721	0.205246	0.0185827	0	0	0.439837	-0.249999	0.278067	1.04402	-0.708009	0	0	0.105672	0.145512	-0.21485	-1.59135	-0.553235	-1.61618	2.35342	0.536712	0	0	-0.435897	-1.72505	-0.298036	0.562842	1.5666	0	0
8.67229	0.104593	0.0045406	-4.09732	-0.238513	1.00485	-0.081767	0.201349	0.15406	0.43916	0.207462	0.0215607	0	0	0.43589	-0.257055	0.268407	1.04863	-0.706389	0	0	0.0945617	0.152112	-0.211622	-1.57728	-0.528964	-1.60893	2.37725	0.495542	0	0	-0.517624	-1.77257	-0.368464	0.578103	1.56098	0	0
8.68228	0.103541	0.0102128	-4.09576	-0.238716	1.0047	-0.0803963	0.197078	0.156235	0.435033	0.210177	0.0250861	0	0	0.432618	-0.265489	0.257261	1.05483	-0.704024	0	0	0.0816625	0.160685	-0.209885	-1.56339	-0.505041	-1.60196	2.40226	0.459545	0	0	-0.614582	-1.8296	-0.453558	0.602684	1.55319	0	0
8.69227	0.102843	0.0162404	-4.09248	-0.238988	1.00464	-0.0787216	0.192901	0.158708	0.429341	0.213005	0.0288881	0	0	0.430074	-0.274854	0.245015	1.06168	-0.700561	0	0	0.068659	0.169253	-0.209848	-1.55015	-0.484675	-1.59586	2.42566	0.433593	0	0	-0.711429	-1.88856	-0.537931	0.633884	1.54296	0	0
8.70226	0.102477	0.0221754	-4.08724	-0.239331	1.00471	-0.0769998	0.189001	0.161223	0.422076	0.215687	0.0327688	0	0	0.428154	-0.284442	0.23247	1.06839	-0.695591	0	0	0.0567397	0.17638	-0.211653	-1.53808	-0.469929	-1.59095	2.44558	0.421583	0	0	-0.798651	-1.94453	-0.612274	0.669605	1.53022	0	0
8.71226	0.102361	0.0277203	-4.07989	-0.23975	1.00488	-0.0754244	0.185457	0.163558	0.41326	0.218061	0.0366008	0	0	0.426733	-0.293783	0.220094	1.07438	-0.688679	0	0	0.0466452	0.181169	-0.21522	-1.52791	-0.461449	-1.58726	2.46092	0.424862	0	0	-0.871858	-1.99463	-0.672962	0.708212	1.51516	0	0
8.72225	0.102356	0.0326687	-4.07038	-0.24025	1.00508	-0.0741164	0.182277	0.165499	0.402949	0.220043	0.0403085	0	0	0.425663	-0.302571	0.208085	1.07927	-0.679416	0	0	0.0387965	0.18314	-0.220256	-1.5207	-0.458534	-1.58464	2.47127	0.441359	0	0	-0.93017	-2.03747	-0.720271	0.748393	1.49838	0	0
8.73224	0.102307	0.0368712	-4.05854	-0.24084	1.00525	-0.0731403	0.179414	0.166855	0.391235	0.221591	0.0438437	0	0	0.42479	-0.310614	0.196438	1.08276	-0.667486	0	0	0.033389	0.182008	-0.225972	-1.51794	-0.458684	-1.58278	2.4767	0.465166	0	0	-0.976288	-2.07268	-0.75911	0.788891	1.48103	0	0
8.74223	0.102002	0.0401887	-4.04429	-0.241555	1.00534	-0.0725172	0.176791	0.167385	0.378243	0.2227	0.047174	0	0	0.423934	-0.317766	0.184979	1.08459	-0.65276	0	0	0.0305165	0.17779	-0.231198	-1.5216	-0.457688	-1.58121	2.47766	0.486212	0	0	-1.01543	-2.10042	-0.797791	0.828386	1.465	0	0
8.75222	0.101235	0.0423806	-4.02733	-0.242393	1.00532	-0.0722738	0.17439	0.166865	0.364095	0.22343	0.0503348	0	0	0.423003	-0.323919	0.173464	1.08451	-0.635318	0	0	0.0301473	0.170145	-0.235829	-1.53419	-0.451976	-1.57937	2.47485	0.498878	0	0	-1.04831	-2.12109	-0.837378	0.866632	1.45074	0	0
8.76221	0.100148	0.0438629	-4.0082	-0.24333	1.0052	-0.0723454	0.172135	0.165674	0.348808	0.223834	0.0533631	0	0	0.421917	-0.329524	0.161795	1.08267	-0.615184	0	0	0.0319992	0.159674	-0.240432	-1.54935	-0.447663	-1.57658	2.4689	0.505804	0	0	-1.07266	-2.13472	-0.874751	0.904063	1.43813	0	0
8.7722	0.0988411	0.044912	-3.98722	-0.244318	1.00497	-0.0726921	0.170006	0.164126	0.332384	0.224013	0.0563488	0	0	0.420666	-0.334944	0.149871	1.07917	-0.59252	0	0	0.0356995	0.146582	-0.246376	-1.56105	-0.450973	-1.57207	2.46062	0.512536	0	0	-1.08155	-2.14106	-0.900013	0.941819	1.42575	0	0
8.78219	0.0974482	0.0458306	-3.96463	-0.245339	1.00467	-0.0732696	0.167968	0.162543	0.314847	0.224055	0.0593662	0	0	0.419252	-0.340536	0.137584	1.07414	-0.567557	0	0	0.0408608	0.131336	-0.254222	-1.5635	-0.46595	-1.56502	2.45064	0.522623	0	0	-1.07011	-2.13947	-0.906747	0.980605	1.41326	0	0
8.79218	0.0961044	0.0469595	-3.94076	-0.246419	1.00433	-0.0740133	0.165972	0.16122	0.296239	0.224059	0.0624869	0	0	0.417655	-0.346639	0.124815	1.06784	-0.540554	0	0	0.0470915	0.114912	-0.263932	-1.55098	-0.494966	-1.5546	2.43937	0.538017	0	0	-1.03439	-2.12885	-0.890323	1.02072	1.40112	0	0
8.80218	0.0949628	0.0486973	-3.91607	-0.247621	1.00399	-0.0748215	0.163961	0.160437	0.276618	0.224131	0.0657794	0	0	0.415844	-0.353571	0.111443	1.06069	-0.511761	0	0	0.0539924	0.0989151	-0.274811	-1.51787	-0.538507	-1.54002	2.42709	0.558944	0	0	-0.971915	-2.10763	-0.848482	1.06203	1.39064	0	0
8.81217	0.0942106	0.0515253	-3.89111	-0.249055	1.00372	-0.0755298	0.161857	0.160468	0.256052	0.224384	0.0693148	0	0	0.413772	-0.361641	0.0973595	1.05331	-0.481406	0	0	0.0611357	0.0856965	-0.285447	-1.45874	-0.594902	-1.52068	2.41397	0.584072	0	0	-0.882327	-2.07391	-0.781957	1.10391	1.38392	0	0
8.82216	0.0940319	0.0559929	-3.86644	-0.250818	1.00357	-0.0759108	0.159528	0.161562	0.234545	0.224979	0.0732337	0	0	0.411369	-0.371076	0.0825328	1.04649	-0.449697	0	0	0.0677877	0.077876	-0.294283	-1.36868	-0.661029	-1.49627	2.40007	0.613504	0	0	-0.764157	-2.02567	-0.689628	1.14568	1.38202	0	0
8.83215	0.0943029	0.0621006	-3.84215	-0.252913	1.00356	-0.0758461	0.156889	0.163531	0.212167	0.225877	0.0774516	0	0	0.408554	-0.381684	0.0668601	1.04035	-0.416899	0	0	0.0737923	0.0757989	-0.301526	-1.2439	-0.737448	-1.46697	2.38355	0.653733	0	0	-0.612834	-1.96107	-0.566673	1.18762	1.38527	0	0
8.84214	0.0947843	0.0696832	-3.81812	-0.25527	1.00372	-0.0752537	0.153866	0.166197	0.188993	0.226981	0.0818531	0	0	0.405259	-0.393274	0.0503027	1.03457	-0.383281	0	0	0.0792123	0.0787295	-0.307874	-1.08262	-0.825116	-1.43373	2.3632	0.708375	0	0	-0.424919	-1.87897	-0.409111	1.23011	1.39336	0	0
8.85213	0.0952695	0.078637	-3.79419	-0.257834	1.00402	-0.0739313	0.150341	0.169357	0.165057	0.228234	0.0863874	0	0	0.401405	-0.405577	0.0328965	1.02911	-0.349099	0	0	0.0837521	0.0863494	-0.313491	-0.886324	-0.921467	-1.3985	2.3382	0.778601	0	0	-0.20105	-1.77954	-0.216751	1.27322	1.40536	0	0
8.86212	0.0954763	0.0886942	-3.77003	-0.260507	1.00432	-0.0717352	0.146213	0.172839	0.14039	0.229528	0.0909837	0	0	0.396937	-0.418342	0.0147351	1.02357	-0.31464	0	0	0.0872851	0.0973353	-0.318608	-0.661363	-1.02234	-1.36462	2.30873	0.86234	0	0	0.0516497	-1.66513	0.00410222	1.31695	1.42018	0	0
8.87211	0.0951778	0.0995351	-3.74527	-0.26327	1.00432	-0.0685959	0.141418	0.176377	0.114977	0.230807	0.0956294	0	0	0.391834	-0.431177	-0.0040353	1.01769	-0.280232	0	0	0.0894516	0.110614	-0.322804	-0.420902	-1.11848	-1.33714	2.27603	0.95473	0	0	0.316113	-1.5412	0.237154	1.36094	1.43688	0	0
8.8821	0.0940946	0.110549	-3.71928	-0.266147	1.0038	-0.0648477	0.135982	0.179658	0.0887964	0.231978	0.100297	0	0	0.386133	-0.443616	-0.0232462	1.01081	-0.246295	0	0	0.09019	0.123852	-0.325602	-0.187168	-1.19749	-1.32318	2.24302	1.04725	0	0	0.562063	-1.4175	0.452818	1.40472	1.45475	0	0
8.8921	0.0921211	0.121033	-3.69151	-0.269162	1.00277	-0.0608985	0.130104	0.182313	0.0618185	0.232983	0.104986	0	0	0.380026	-0.455124	-0.0427166	1.00244	-0.213225	0	0	0.08983	0.135347	-0.327059	0.0374543	-1.25616	-1.31348	2.21336	1.13302	0	0	0.771724	-1.30039	0.634467	1.44796	1.47339	0	0
8.90209	0.0892545	0.130564	-3.66187	-0.272283	1.00152	-0.0570632	0.123988	0.184119	0.034004	0.23377	0.109699	0	0	0.373711	-0.465327	-0.0622222	0.99229	-0.181281	0	0	0.088928	0.14396	-0.327647	0.247143	-1.29335	-1.30127	2.18968	1.20813	0	0	0.936826	-1.19344	0.77482	1.49038	1.49242	0	0
8.91208	0.0855196	0.138898	-3.63038	-0.275406	1.00031	-0.0534344	0.117775	0.184955	0.00532201	0.234313	0.114439	0	0	0.367347	-0.473979	-0.0814813	0.98027	-0.150639	0	0	0.0878631	0.149177	-0.327929	0.438523	-1.30972	-1.28237	2.17319	1.2711	0	0	1.05603	-1.09831	0.873271	1.53191	1.51093	0	0
8.92207	0.0809904	0.145906	-3.59715	-0.278412	0.999278	-0.0499727	0.111555	0.184783	-0.024213	0.234593	0.119194	0	0	0.361055	-0.480925	-0.100187	0.966393	-0.12142	0	0	0.0868543	0.150935	-0.328301	0.60959	-1.30717	-1.25523	2.16407	1.32201	0	0	1.13257	-1.01523	0.933583	1.57245	1.52781	0	0
8.93206	0.0757527	0.151557	-3.56235	-0.28121	0.998472	-0.0466043	0.105359	0.183624	-0.0545447	0.234598	0.123939	0	0	0.354879	-0.486077	-0.118035	0.95075	-0.0936751	0	0	0.0859391	0.149464	-0.328816	0.758926	-1.28841	-1.22121	2.16175	1.36185	0	0	1.17243	-0.943233	0.962037	1.61186	1.54233	0	0
8.94205	0.0698901	0.155876	-3.5262	-0.283751	0.997864	-0.0432687	0.0991661	0.181534	-0.0855751	0.234326	0.128642	0	0	0.348793	-0.489395	-0.134739	0.933464	-0.0674121	0	0	0.0850187	0.145174	-0.32923	0.885939	-1.25662	-1.18303	2.16518	1.39202	0	0	1.18285	-0.880738	0.965996	1.64989	1.55422	0	0
8.95204	0.0634742	0.158919	-3.48898	-0.286021	0.997413	-0.0399278	0.0929235	0.178576	-0.11717	0.233788	0.133269	0	0	0.342696	-0.490869	-0.150051	0.914657	-0.042612	0	0	0.0839038	0.138546	-0.329097	0.991276	-1.21504	-1.14337	2.17305	1.41423	0	0	1.17131	-0.825894	0.952867	1.68628	1.56345	0	0
8.96203	0.0565617	0.160746	-3.45098	-0.288032	0.997089	-0.0365585	0.0865584	0.17481	-0.149162	0.233015	0.137789	0	0	0.336429	-0.490503	-0.163776	0.894436	-0.0192525	0	0	0.0823545	0.130074	-0.327846	1.07658	-1.16672	-1.10442	2.18392	1.43023	0	0	1.14476	-0.776887	0.929402	1.72078	1.5702	0	0
8.97202	0.049199	0.161413	-3.41254	-0.289799	0.996876	-0.0331442	0.0799954	0.170285	-0.181352	0.23206	0.142175	0	0	0.329788	-0.488319	-0.175777	0.872887	0.00268621	0	0	0.0801184	0.120224	-0.324843	1.14414	-1.11437	-1.0677	2.19632	1.44172	0	0	1.10923	-0.732093	0.901311	1.75314	1.5747	0	0
8.98202	0.0414229	0.160961	-3.37401	-0.291339	0.996769	-0.0296711	0.0731629	0.165027	-0.213517	0.23099	0.146399	0	0	0.322547	-0.484348	-0.185982	0.850075	0.0232253	0	0	0.0769609	0.109411	-0.319486	1.19661	-1.06021	-1.03395	2.2088	1.45026	0	0	1.06954	-0.690225	0.873029	1.7832	1.57719	0	0
8.99201	0.0332729	0.159415	-3.33577	-0.292665	0.99677	-0.0261284	0.0660045	0.159049	-0.245414	0.229879	0.150436	0	0	0.31449	-0.478633	-0.194377	0.826058	0.0423718	0	0	0.0726944	0.0979913	-0.311235	1.23671	-1.00601	-1.00326	2.21991	1.45716	0	0	1.02933	-0.65033	0.847751	1.81086	1.57787	0	0
9.002	0.0248008	0.156787	-3.29818	-0.293782	0.99688	-0.0225103	0.0584891	0.152349	-0.276791	0.228803	0.154261	0	0	0.305431	-0.471231	-0.200999	0.800892	0.060106	0	0	0.0671977	0.0862557	-0.299646	1.267	-0.953069	-0.975207	2.22822	1.46344	0	0	0.991129	-0.611774	0.82755	1.83603	1.57687	0	0
9.01199	0.0160807	0.153084	-3.26158	-0.29469	0.997097	-0.0188184	0.0506223	0.14492	-0.307405	0.227835	0.157852	0	0	0.295251	-0.462213	-0.205917	0.774652	0.0763847	0	0	0.0604292	0.074431	-0.284403	1.28971	-0.902323	-0.949018	2.23228	1.46976	0	0	0.956517	-0.57422	0.813547	1.8587	1.57426	0	0
9.02198	0.00721616	0.14831	-3.2263	-0.295385	0.997416	-0.0150625	0.0424537	0.136754	-0.337035	0.227046	0.161186	0	0	0.283907	-0.45166	-0.209225	0.747428	0.0911488	0	0	0.0524302	0.0626808	-0.26535	1.30673	-0.854358	-0.923612	2.23065	1.47642	0	0	0.926275	-0.537583	0.806091	1.87889	1.57006	0	0
9.03197	-0.00165968	0.142477	-3.19259	-0.295861	0.997827	-0.0112608	0.0340759	0.127844	-0.3655	0.226497	0.164249	0	0	0.271442	-0.439666	-0.211036	0.719334	0.104327	0	0	0.0433212	0.0511092	-0.242504	1.31958	-0.809498	-0.897677	2.22182	1.48332	0	0	0.900586	-0.501988	0.804947	1.89666	1.56422	0	0
9.04196	-0.0103978	0.135605	-3.16066	-0.296113	0.998315	-0.00743939	0.0256073	0.118187	-0.392672	0.226237	0.167032	0	0	0.257965	-0.426338	-0.211488	0.6905	0.11584	0	0	0.0332762	0.0397605	-0.216028	1.32943	-0.767919	-0.869733	2.2043	1.48987	0	0	0.879235	-0.467686	0.809503	1.91213	1.55673	0	0
9.05195	-0.0188338	0.127737	-3.13063	-0.296139	0.998864	-0.00363003	0.0171879	0.107795	-0.418483	0.226294	0.169531	0	0	0.243649	-0.411799	-0.210753	0.661072	0.12562	0	0	0.0225185	0.0286346	-0.186234	1.33713	-0.729701	-0.838133	2.17662	1.49505	0	0	0.861746	-0.434997	0.818896	1.92543	1.54763	0	0
9.06194	-0.0267934	0.118945	-3.10254	-0.295941	0.999454	0.000131227	0.00897088	0.0967044	-0.442931	0.226671	0.171745	0	0	0.228727	-0.396195	-0.209018	0.631204	0.133617	0	0	0.0113091	0.017707	-0.153573	1.34337	-0.694877	-0.801048	2.13738	1.49736	0	0	0.847496	-0.404269	0.832111	1.9368	1.53711	0	0
9.07194	-0.0341053	0.109339	-3.07636	-0.295525	1.00006	0.00380569	0.00110496	0.0849893	-0.466067	0.227339	0.173674	0	0	0.213474	-0.379696	-0.206468	0.601062	0.139803	0	0	-7.46125e-05	0.00694839	-0.118606	1.34866	-0.663468	-0.756452	2.08534	1.49495	0	0	0.835812	-0.375832	0.848068	1.9465	1.52552	0	0
9.08193	-0.0406057	0.0990758	-3.05196	-0.294903	1.00068	0.0073531	-0.00626855	0.0727656	-0.487994	0.228244	0.175318	0	0	0.198197	-0.362505	-0.203253	0.570823	0.144173	0	0	-0.0113501	-0.00365789	-0.0819686	1.3535	-0.635486	-0.702125	2.01953	1.4856	0	0	0.82604	-0.349958	0.865702	1.95484	1.51331	0	0
9.09192	-0.0461417	0.0883494	-3.02916	-0.294094	1.00127	0.0107332	-0.0130178	0.0601913	-0.508845	0.22931	0.176677	0	0	0.183233	-0.34485	-0.199468	0.540673	0.146755	0	0	-0.0222373	-0.0141055	-0.0443333	1.35829	-0.610915	-0.635699	1.9394	1.46689	0	0	0.817594	-0.326836	0.884035	1.96213	1.50094	0	0
9.10191	-0.0505806	0.0773879	-3.00771	-0.293127	1.00183	0.0139087	-0.0190301	0.0474588	-0.528769	0.230453	0.17776	0	0	0.168918	-0.326979	-0.195131	0.510804	0.14762	0	0	-0.0324763	-0.0243633	-0.00635285	1.36343	-0.589674	-0.55477	1.84493	1.43637	0	0	0.809995	-0.306538	0.902226	1.96864	1.4888	0	0
9.1119	-0.0538243	0.0664328	-2.98733	-0.292041	1.00236	0.0168516	-0.0242284	0.0347793	-0.547903	0.23158	0.178586	0	0	0.155563	-0.309145	-0.190175	0.481405	0.146881	0	0	-0.0418549	-0.0343817	0.0313915	1.36924	-0.571578	-0.457071	1.73682	1.39172	0	0	0.802901	-0.289002	0.919632	1.97461	1.4772	0	0
9.12189	-0.0558273	0.0557172	-2.96769	-0.290888	1.00286	0.0195512	-0.0285905	0.0223628	-0.566352	0.232606	0.179185	0	0	0.143423	-0.291585	-0.184455	0.452662	0.144691	0	0	-0.0502416	-0.044105	0.0684369	1.37589	-0.55629	-0.340727	1.61656	1.33097	0	0	0.796123	-0.274018	0.935825	1.9802	1.46634	0	0
9.13188	-0.0566025	0.0454459	-2.94846	-0.289723	1.00336	0.0220246	-0.0321543	0.0104002	-0.584167	0.233459	0.179598	0	0	0.132678	-0.274507	-0.177754	0.424751	0.141232	0	0	-0.0576022	-0.0534801	0.104458	1.38332	-0.543278	-0.204591	1.48652	1.25283	0	0	0.789625	-0.261247	0.950591	1.9855	1.4563	0	0
9.14187	-0.0562159	0.0357809	-2.92931	-0.288606	1.00385	0.0243243	-0.0350089	-0.000951204	-0.601334	0.234093	0.179878	0	0	0.123439	-0.258074	-0.169807	0.397841	0.136699	0	0	-0.0639994	-0.0624647	0.139265	1.39107	-0.531798	-0.0486456	1.34992	1.15692	0	0	0.783491	-0.250249	0.963898	1.99052	1.44705	0	0
9.15187	-0.0547769	0.0268306	-2.90991	-0.28758	1.00437	0.0265367	-0.0372838	-0.0115766	-0.617757	0.234491	0.180085	0	0	0.115752	-0.242397	-0.160322	0.372094	0.131285	0	0	-0.0695821	-0.0710318	0.172751	1.39828	-0.520888	0.125532	1.21069	1.04439	0	0	0.777875	-0.240547	0.975822	1.99525	1.43858	0	0
9.16186	-0.0524302	0.018642	-2.88993	-0.286669	1.00488	0.028767	-0.0391406	-0.0214109	-0.633261	0.234668	0.18028	0	0	0.109598	-0.227529	-0.149014	0.347646	0.12518	0	0	-0.0745722	-0.0791774	0.20484	1.40354	-0.509443	0.314376	1.07317	0.918082	0	0	0.772946	-0.231698	0.9865	1.99968	1.43084	0	0
9.17185	-0.0493424	0.0112	-2.86907	-0.285871	1.00535	0.0311135	-0.0407605	-0.0304393	-0.647599	0.23467	0.180531	0	0	0.104899	-0.213464	-0.135635	0.324606	0.118549	0	0	-0.0792401	-0.0869187	0.235425	1.40507	-0.496376	0.512141	0.941748	0.782694	0	0	0.768843	-0.223354	0.996062	2.00383	1.42379	0	0
9.18184	-0.045687	0.0044347	-2.84706	-0.28516	1.00572	0.0336403	-0.042331	-0.038691	-0.660492	0.234563	0.180898	0	0	0.101528	-0.200144	-0.120005	0.303051	0.111534	0	0	-0.0838822	-0.0942879	0.264357	1.40086	-0.480841	0.711089	0.820341	0.644555	0	0	0.76565	-0.215286	1.00462	2.00775	1.41738	0	0
9.19183	-0.0416371	-0.00176609	-2.82367	-0.284496	1.00594	0.0363644	-0.0440393	-0.0462284	-0.671662	0.234431	0.181438	0	0	0.099319	-0.187471	-0.10203	0.283017	0.104248	0	0	-0.0888063	-0.101319	0.291482	1.38907	-0.462475	0.902246	0.712078	0.510763	0	0	0.763416	-0.207369	1.01227	2.01151	1.41155	0	0
9.20182	-0.0373607	-0.00753897	-2.79874	-0.283846	1.006	0.0392644	-0.0460655	-0.0531344	-0.680905	0.234362	0.182201	0	0	0.0980609	-0.175326	-0.0817032	0.264494	0.0967887	0	0	-0.0943225	-0.108031	0.316683	1.36834	-0.441503	1.07678	0.619079	0.387818	0	0	0.762167	-0.199549	1.01911	2.01517	1.40619	0	0
9.21181	-0.0330149	-0.0130279	-2.77215	-0.28318	1.00592	0.0423053	-0.0485703	-0.0595048	-0.688181	0.234452	0.183233	0	0	0.097514	-0.163584	-0.0590891	0.247428	0.0892456	0	0	-0.100728	-0.114412	0.339911	1.33821	-0.418621	1.22761	0.542378	0.280502	0	0	0.761921	-0.191815	1.02527	2.01878	1.40106	0	0
9.2218	-0.0287478	-0.0183691	-2.74389	-0.282483	1.00573	0.0454609	-0.0516922	-0.065436	-0.69362	0.234805	0.184569	0	0	0.0974108	-0.152125	-0.034302	0.231719	0.0817011	0	0	-0.108285	-0.120401	0.361156	1.29926	-0.394603	1.35128	0.481753	0.190786	0	0	0.762662	-0.184218	1.03085	2.0224	1.39582	0	0
9.23179	-0.0246704	-0.0236753	-2.71406	-0.281748	1.0055	0.0487207	-0.0555164	-0.0710156	-0.697453	0.235508	0.186236	0	0	0.0974948	-0.140849	-0.00750241	0.217244	0.0742304	0	0	-0.117157	-0.12592	0.380453	1.2529	-0.370159	1.44774	0.43601	0.118708	0	0	0.764335	-0.176861	1.03592	2.02607	1.39003	0	0
9.24179	-0.0208288	-0.0290198	-2.68284	-0.280972	1.00525	0.0520839	-0.060042	-0.0763143	-0.699954	0.236625	0.188248	0	0	0.0975669	-0.129672	0.0211024	0.203884	0.0669025	0	0	-0.127342	-0.130904	0.397876	1.20099	-0.3459	1.51914	0.403322	0.0632287	0	0	0.766844	-0.169896	1.0406	2.02981	1.38335	0	0
9.25178	-0.0172028	-0.0344247	-2.65058	-0.280158	1.005	0.0555482	-0.065174	-0.0813777	-0.701406	0.238184	0.190602	0	0	0.0975122	-0.118545	0.0512461	0.191549	0.0597913	0	0	-0.138663	-0.13531	0.413501	1.14555	-0.322294	1.56885	0.381496	0.0227605	0	0	0.770028	-0.163536	1.04498	2.03357	1.37563	0	0
9.26177	-0.0137246	-0.0398613	-2.61767	-0.279309	1.00476	0.0591035	-0.0707387	-0.0862249	-0.702072	0.240176	0.19328	0	0	0.0972999	-0.107449	0.0825878	0.180208	0.0529785	0	0	-0.150795	-0.139104	0.42739	1.08851	-0.299655	1.60076	0.368233	-0.00489434	0	0	0.773659	-0.158047	1.04911	2.03733	1.36698	0	0
9.27176	-0.0103076	-0.0452674	-2.58465	-0.278434	1.00451	0.0627298	-0.0765205	-0.0908577	-0.702182	0.242559	0.196247	0	0	0.0969437	-0.096394	0.114734	0.169857	0.0465377	0	0	-0.163324	-0.142272	0.439602	1.03159	-0.278185	1.61877	0.361345	-0.0221612	0	0	0.777465	-0.153709	1.05301	2.04105	1.35766	0	0
9.28175	-0.00686358	-0.0505635	-2.55208	-0.277546	1.00426	0.0663994	-0.0822906	-0.0952707	-0.70193	0.245257	0.199439	0	0	0.0964695	-0.0854026	0.147263	0.160487	0.0405167	0	0	-0.175777	-0.14483	0.450211	0.976205	-0.258005	1.62649	0.358896	-0.0314163	0	0	0.78116	-0.150779	1.05663	2.04464	1.34788	0	0
9.29174	-0.00330205	-0.0556578	-2.52052	-0.276668	1.004	0.0700812	-0.0878126	-0.0994615	-0.701466	0.248177	0.20277	0	0	0.0959167	-0.0745139	0.179713	0.152068	0.0349346	0	0	-0.187649	-0.146831	0.45929	0.923418	-0.239172	1.62705	0.359279	-0.0348154	0	0	0.784446	-0.149478	1.05992	2.04802	1.33788	0	0
9.30173	0.000462126	-0.060458	-2.49053	-0.275829	1.00373	0.0737451	-0.0928643	-0.103443	-0.700904	0.251217	0.206137	0	0	0.0953228	-0.0637786	0.21159	0.144531	0.0297816	0	0	-0.198453	-0.148368	0.466929	0.874022	-0.221739	1.62303	0.361264	-0.034201	0	0	0.78705	-0.149956	1.06276	2.05112	1.32797	0	0
9.31172	0.00449747	-0.0648859	-2.46257	-0.275058	1.00346	0.0773672	-0.0972671	-0.107261	-0.700323	0.254286	0.209421	0	0	0.0947046	-0.0532519	0.242406	0.13775	0.0250156	0	0	-0.207769	-0.149567	0.473249	0.828564	-0.205834	1.61644	0.364021	-0.0310687	0	0	0.788758	-0.152246	1.06503	2.05386	1.31849	0	0
9.32171	0.00884849	-0.0688841	-2.43698	-0.274383	1.00319	0.0809333	-0.100908	-0.111004	-0.699778	0.257318	0.212494	0	0	0.0940548	-0.0429921	0.271707	0.131543	0.0205663	0	0	-0.215289	-0.150575	0.478403	0.787405	-0.191689	1.60877	0.367084	-0.0265734	0	0	0.789445	-0.156246	1.06662	2.05619	1.3098	0	0
9.33171	0.0135247	-0.0724153	-2.41395	-0.27382	1.00292	0.0844413	-0.10376	-0.114811	-0.699299	0.260289	0.215202	0	0	0.0933469	-0.0330671	0.299102	0.125692	0.0163466	0	0	-0.220835	-0.151537	0.482564	0.750753	-0.179651	1.60106	0.370286	-0.0215602	0	0	0.789087	-0.16171	1.06745	2.05806	1.30223	0	0
9.3417	0.0184958	-0.0754551	-2.39343	-0.27337	1.00266	0.0879043	-0.105895	-0.118887	-0.698899	0.263246	0.217359	0	0	0.0925561	-0.0235601	0.324279	0.119976	0.0122752	0	0	-0.22436	-0.152572	0.4859	0.718691	-0.170138	1.59397	0.373663	-0.0166096	0	0	0.787755	-0.168258	1.06749	2.05945	1.29602	0	0
9.35169	0.0237011	-0.0780172	-2.37536	-0.273024	1.00242	0.0913293	-0.107395	-0.123365	-0.698583	0.266246	0.218788	0	0	0.0916478	-0.0145204	0.347019	0.114242	0.00829692	0	0	-0.22595	-0.153767	0.488587	0.69119	-0.163559	1.58787	0.377321	-0.0120873	0	0	0.785584	-0.175439	1.06673	2.06032	1.29135	0	0
9.36168	0.0290618	-0.0801456	-2.35955	-0.272763	1.0022	0.0947236	-0.108344	-0.128332	-0.698345	0.269396	0.219302	0	0	0.0906142	-0.00594984	0.367212	0.108444	0.0044061	0	0	-0.225785	-0.15516	0.490745	0.668107	-0.160238	1.58287	0.381295	-0.00819327	0	0	0.78275	-0.182759	1.06522	2.06068	1.28826	0	0
9.37167	0.0344733	-0.0818914	-2.34593	-0.272568	1.00201	0.0980821	-0.108827	-0.133798	-0.698176	0.272739	0.218835	0	0	0.0894629	0.00214655	0.384793	0.102659	0.000666519	0	0	-0.22411	-0.156743	0.492522	0.649255	-0.160321	1.57894	0.38546	-0.00500728	0	0	0.779398	-0.189797	1.06299	2.06058	1.28669	0	0
9.38166	0.0398065	-0.0833115	-2.33449	-0.272424	1.00184	0.101392	-0.108934	-0.139716	-0.698065	0.276267	0.217444	0	0	0.0882142	0.00975713	0.399714	0.0970809	-0.00278945	0	0	-0.221216	-0.158467	0.494063	0.634417	-0.163756	1.57591	0.38952	-0.00252732	0	0	0.775621	-0.196243	1.06	2.06012	1.28652	0	0
9.39165	0.0449197	-0.0844688	-2.32527	-0.272323	1.0017	0.104635	-0.10876	-0.145999	-0.697999	0.279929	0.215293	0	0	0.08689	0.0168661	0.411948	0.0919614	-0.00578501	0	0	-0.217414	-0.160245	0.495474	0.623363	-0.170326	1.57355	0.393065	-0.000701514	0	0	0.771455	-0.201917	1.05621	2.05947	1.28761	0	0
9.40164	0.0496777	-0.0854331	-2.31827	-0.272251	1.00158	0.107798	-0.108399	-0.152557	-0.697968	0.283698	0.212578	0	0	0.085513	0.023475	0.421515	0.0875598	-0.00813783	0	0	-0.213019	-0.161956	0.496737	0.615849	-0.179695	1.57155	0.395658	0.000547198	0	0	0.766897	-0.206762	1.05153	2.0588	1.28983	0	0
9.41163	0.0539645	-0.0862743	-2.3134	-0.272199	1.00148	0.110873	-0.107939	-0.1593	-0.697961	0.287564	0.209499	0	0	0.0840953	0.0295996	0.428501	0.0840839	-0.00970206	0	0	-0.208331	-0.163478	0.497729	0.611632	-0.191469	1.56959	0.396924	0.00130286	0	0	0.761931	-0.210819	1.04592	2.05828	1.29301	0	0
9.42163	0.0576901	-0.0870581	-2.31052	-0.272156	1.00139	0.113856	-0.107458	-0.166154	-0.697971	0.291535	0.206233	0	0	0.0826272	0.0352623	0.433058	0.0816532	-0.0103961	0	0	-0.203618	-0.164707	0.498259	0.610476	-0.205241	1.56735	0.396617	0.00164408	0	0	0.756552	-0.214201	1.03937	2.05806	1.29696	0	0
9.43162	0.0607971	-0.0878456	-2.30947	-0.272114	1.00131	0.116749	-0.107022	-0.173063	-0.697991	0.295632	0.20288	0	0	0.081076	0.040495	0.435423	0.0802868	-0.010212	0	0	-0.199102	-0.165587	0.498143	0.612144	-0.220652	1.5645	0.394677	0.00163645	0	0	0.750807	-0.217024	1.03195	2.05821	1.30129	0	0
9.44161	0.0632537	-0.0886903	-2.31	-0.272067	1.00124	0.119553	-0.106692	-0.179986	-0.698015	0.299873	0.199491	0	0	0.0793864	0.0453292	0.43588	0.0799108	-0.00920647	0	0	-0.19496	-0.166109	0.497212	0.616401	-0.237394	1.56077	0.391199	0.00132922	0	0	0.74479	-0.219403	1.02379	2.05874	1.30548	0	0
9.4516	0.0650592	-0.0896304	-2.31189	-0.272012	1.00118	0.122276	-0.106509	-0.186894	-0.698041	0.304277	0.19607	0	0	0.0774997	0.0497973	0.43472	0.0803822	-0.00748214	0	0	-0.191309	-0.166303	0.495331	0.623012	-0.255199	1.55593	0.386398	0.000755311	0	0	0.738623	-0.221434	1.01509	2.05958	1.30917	0	0
9.46159	0.0662446	-0.0906891	-2.31479	-0.271942	1.00112	0.124933	-0.106501	-0.193778	-0.698066	0.30891	0.192523	0	0	0.0753723	0.0539503	0.432245	0.081512	-0.00517451	0	0	-0.188209	-0.166216	0.492331	0.631717	-0.273846	1.54986	0.380559	-6.56069e-05	0	0	0.732467	-0.223171	1.00612	2.06062	1.31201	0	0
9.47158	0.0668579	-0.091869	-2.31845	-0.271857	1.00106	0.127534	-0.106675	-0.200622	-0.698088	0.313778	0.188778	0	0	0.0729638	0.0578177	0.428715	0.0830846	-0.00243101	0	0	-0.18566	-0.165921	0.488135	0.642285	-0.293119	1.54259	0.374005	-0.00112138	0	0	0.726465	-0.22469	0.997129	2.06173	1.31383	0	0
9.48157	0.0669541	-0.0931487	-2.32273	-0.271767	1.00101	0.130085	-0.107015	-0.207392	-0.698107	0.318825	0.184807	0	0	0.0702354	0.0614002	0.424356	0.0848657	0.000596952	0	0	-0.183613	-0.165495	0.48278	0.654515	-0.312812	1.53436	0.367055	-0.00239919	0	0	0.720743	-0.226072	0.988374	2.06277	1.31453	0	0
9.49156	0.0665846	-0.0944899	-2.32759	-0.271689	1.00097	0.132587	-0.107498	-0.214037	-0.698122	0.323936	0.180628	0	0	0.0671454	0.0646702	0.419357	0.0866192	0.00376357	0	0	-0.181977	-0.165009	0.476401	0.668249	-0.332723	1.52568	0.359993	-0.00387507	0	0	0.715395	-0.227399	0.980099	2.0636	1.31413	0	0
9.50155	0.0657954	-0.0958487	-2.333	-0.271639	1.00094	0.135043	-0.1081	-0.220506	-0.698133	0.329007	0.17626	0	0	0.0636562	0.0675979	0.413869	0.0881323	0.00693539	0	0	-0.180638	-0.164503	0.469145	0.683348	-0.352658	1.51731	0.353049	-0.00550112	0	0	0.710487	-0.228739	0.972521	2.06407	1.3128	0	0
9.51155	0.0646332	-0.0971801	-2.33894	-0.271632	1.00092	0.137458	-0.108795	-0.226757	-0.698141	0.333942	0.171691	0	0	0.0597541	0.070164	0.408011	0.089249	0.0100087	0	0	-0.179477	-0.164007	0.461181	0.69962	-0.372482	1.5097	0.346464	-0.00719085	0	0	0.706074	-0.230135	0.965835	2.06406	1.31069	0	0
9.52154	0.0631419	-0.0984335	-2.3454	-0.271679	1.00092	0.139834	-0.10955	-0.232747	-0.698144	0.338661	0.166915	0	0	0.0554539	0.0723524	0.401866	0.0898726	0.0129096	0	0	-0.178371	-0.16353	0.452677	0.71685	-0.392099	1.50307	0.340468	-0.00880294	0	0	0.702196	-0.231613	0.960192	2.06344	1.30799	0	0
9.53153	0.0613665	-0.0995565	-2.35238	-0.271788	1.00093	0.142175	-0.110321	-0.238442	-0.698144	0.343105	0.161939	0	0	0.0508034	0.0741568	0.395483	0.0899694	0.0155939	0	0	-0.177206	-0.163065	0.443791	0.734802	-0.411442	1.4974	0.335265	-0.0101244	0	0	0.698867	-0.233196	0.955682	2.06215	1.30491	0	0
9.54152	0.0593572	-0.1005	-2.35984	-0.271964	1.00096	0.144483	-0.111055	-0.243824	-0.698139	0.347243	0.156785	0	0	0.0458846	0.0755867	0.388872	0.0895709	0.0180494	0	0	-0.175886	-0.162595	0.434651	0.753229	-0.430468	1.49244	0.331038	-0.0108546	0	0	0.696076	-0.234902	0.95233	2.06016	1.30169	0	0
9.55151	0.0571696	-0.101225	-2.36777	-0.272207	1.00101	0.146758	-0.111695	-0.248896	-0.69813	0.351064	0.151486	0	0	0.0408065	0.076669	0.382006	0.0887643	0.0202942	0	0	-0.174331	-0.162105	0.425357	0.771868	-0.449153	1.48774	0.327948	-0.0105919	0	0	0.693791	-0.236745	0.950098	2.05749	1.29856	0	0
9.5615	0.0548628	-0.101704	-2.37614	-0.272513	1.00107	0.149001	-0.11218	-0.253678	-0.698115	0.354579	0.146087	0	0	0.0356941	0.0774443	0.374831	0.0876752	0.022373	0	0	-0.172489	-0.161582	0.415978	0.790454	-0.46749	1.48265	0.326144	-0.00882663	0	0	0.691963	-0.238739	0.948907	2.05422	1.29578	0	0
9.57149	0.0524981	-0.101917	-2.38491	-0.272877	1.00114	0.15121	-0.112451	-0.258205	-0.698095	0.35782	0.14064	0	0	0.0306787	0.0779634	0.367294	0.0864485	0.0243447	0	0	-0.170328	-0.16102	0.406555	0.808708	-0.485487	1.4764	0.325761	-0.00494346	0	0	0.690532	-0.240895	0.948654	2.05043	1.29358	0	0
9.58148	0.0501362	-0.101861	-2.39402	-0.273291	1.00122	0.153387	-0.112457	-0.262525	-0.698069	0.360833	0.13517	0	0	0.025886	0.0782881	0.35936	0.0852368	0.0262714	0	0	-0.16784	-0.16043	0.397132	0.826292	-0.503233	1.46781	0.327043	0.00176081	0	0	0.689463	-0.2432	0.949254	2.04622	1.29208	0	0
9.59147	0.047832	-0.101542	-2.40343	-0.273746	1.0013	0.155528	-0.112154	-0.266692	-0.698038	0.363676	0.129711	0	0	0.0214285	0.0784793	0.351011	0.0841869	0.0282132	0	0	-0.165034	-0.159832	0.38775	0.842838	-0.520853	1.45554	0.33027	0.0120387	0	0	0.688732	-0.245628	0.950624	2.04168	1.29132	0	0
9.60147	0.0456323	-0.100972	-2.41306	-0.274232	1.00138	0.157634	-0.111509	-0.270763	-0.698001	0.366419	0.124297	0	0	0.0174018	0.0785927	0.342239	0.0834303	0.0302299	0	0	-0.161934	-0.159248	0.378444	0.857983	-0.538481	1.43837	0.335709	0.0266251	0	0	0.688317	-0.24814	0.952686	2.03688	1.29124	0	0
9.61146	0.0435766	-0.100166	-2.42285	-0.274741	1.00145	0.159705	-0.110494	-0.274799	-0.697961	0.369145	0.118968	0	0	0.0138846	0.0786752	0.333044	0.0830763	0.0323813	0	0	-0.15857	-0.158702	0.369241	0.871384	-0.556235	1.41531	0.343568	0.046135	0	0	0.688201	-0.250691	0.955364	2.03189	1.29171	0	0
9.62145	0.0416968	-0.0991396	-2.43273	-0.275263	1.00151	0.16174	-0.109091	-0.278867	-0.697921	0.371948	0.113761	0	0	0.0109365	0.0787622	0.323436	0.0832046	0.0347228	0	0	-0.154979	-0.158211	0.360151	0.882753	-0.574177	1.38579	0.353949	0.0709182	0	0	0.688356	-0.253241	0.958577	2.02677	1.29257	0	0
9.63144	0.0400123	-0.0979088	-2.44264	-0.275789	1.00155	0.163741	-0.107291	-0.283031	-0.697885	0.374927	0.108709	0	0	0.00858796	0.0788732	0.313432	0.0838561	0.0372991	0	0	-0.151199	-0.157788	0.351162	0.891889	-0.592278	1.34985	0.366776	0.100864	0	0	0.688745	-0.255759	0.962234	2.02157	1.29362	0	0
9.64143	0.0385247	-0.0964938	-2.45253	-0.276312	1.00157	0.165709	-0.105108	-0.28735	-0.697861	0.37818	0.103844	0	0	0.00682987	0.079011	0.303063	0.0850272	0.0401343	0	0	-0.147278	-0.15743	0.342231	0.898733	-0.610372	1.30842	0.381716	0.135157	0	0	0.689305	-0.25824	0.966217	2.01636	1.2947	0	0
9.65142	0.037213	-0.0949207	-2.46234	-0.276828	1.00155	0.167647	-0.102585	-0.291875	-0.697856	0.381794	0.0991815	0	0	0.00560675	0.0791612	0.292368	0.086669	0.0432283	0	0	-0.143278	-0.157119	0.333269	0.903438	-0.628103	1.26362	0.398082	0.171975	0	0	0.689941	-0.26071	0.970369	2.01121	1.29568	0	0
9.66141	0.036057	-0.0932127	-2.47204	-0.277334	1.00152	0.169556	-0.0997607	-0.296656	-0.697884	0.385852	0.0947072	0	0	0.00485293	0.0793044	0.281381	0.0887087	0.0465682	0	0	-0.139263	-0.156854	0.324277	0.905817	-0.645364	1.21585	0.41566	0.211199	0	0	0.690634	-0.263145	0.974644	2.00616	1.29629	0	0
9.6714	0.0350258	-0.091391	-2.4816	-0.277827	1.00145	0.171436	-0.0966808	-0.30173	-0.697959	0.390425	0.0903861	0	0	0.00447933	0.0794093	0.270139	0.0910457	0.0501259	0	0	-0.135307	-0.156642	0.315311	0.90555	-0.662182	1.16475	0.434479	0.253421	0	0	0.691408	-0.265499	0.979053	2.0012	1.29625	0	0
9.68139	0.0340758	-0.0894748	-2.49101	-0.278306	1.00136	0.173286	-0.0933926	-0.307115	-0.698097	0.39557	0.086169	0	0	0.00437715	0.0794343	0.258685	0.0935618	0.0538608	0	0	-0.13149	-0.156486	0.306448	0.902347	-0.678623	1.10988	0.454598	0.29923	0	0	0.692294	-0.267728	0.983614	1.99633	1.29538	0	0
9.69139	0.0331497	-0.0874857	-2.50029	-0.278772	1.00125	0.175101	-0.089946	-0.312802	-0.698318	0.401326	0.0820044	0	0	0.00441956	0.0793354	0.247072	0.0961351	0.0577234	0	0	-0.127894	-0.156378	0.297751	0.896084	-0.694703	1.05129	0.475944	0.348685	0	0	0.693306	-0.269806	0.98831	1.99157	1.29368	0	0
9.70138	0.0321712	-0.085457	-2.50948	-0.279228	1.00112	0.176874	-0.0864009	-0.318747	-0.698642	0.40769	0.0778439	0	0	0.00445639	0.0790761	0.235371	0.0986502	0.0616548	0	0	-0.124614	-0.156292	0.289244	0.88692	-0.710341	0.989872	0.498191	0.400918	0	0	0.694403	-0.271742	0.993052	1.98695	1.29136	0	0
9.71137	0.0310365	-0.083445	-2.51864	-0.279677	1.00098	0.178594	-0.0828307	-0.324865	-0.699084	0.414618	0.0736506	0	0	0.00430092	0.0786342	0.223685	0.101001	0.0655847	0	0	-0.12177	-0.156181	0.280882	0.875398	-0.725323	0.927701	0.520688	0.453836	0	0	0.69548	-0.273586	0.997652	1.98257	1.28898	0	0
9.72136	0.0296056	-0.081537	-2.52787	-0.280125	1.00086	0.180244	-0.0793219	-0.33101	-0.699658	0.422012	0.069409	0	0	0.0037148	0.0780049	0.212151	0.103084	0.0694272	0	0	-0.119523	-0.155979	0.272548	0.862511	-0.739295	0.868091	0.542448	0.503947	0	0	0.696364	-0.275448	1.00181	1.97855	1.28742	0	0
9.73135	0.0279375	-0.0797248	-2.53736	-0.280579	1.00075	0.181794	-0.0756284	-0.337038	-0.700367	0.429818	0.0652032	0	0	0.00277457	0.0772418	0.200767	0.104966	0.0731737	0	0	-0.117761	-0.155677	0.264329	0.84864	-0.752074	0.81246	0.562952	0.549815	0	0	0.696943	-0.277355	1.00547	1.97488	1.28677	0	0
9.74134	0.0261649	-0.077944	-2.54717	-0.281043	1.00066	0.183231	-0.0714768	-0.342875	-0.701197	0.438034	0.061125	0	0	0.00168016	0.0763883	0.189505	0.106744	0.0768329	0	0	-0.116281	-0.15528	0.256354	0.833787	-0.763633	0.76111	0.58196	0.591194	0	0	0.697178	-0.279266	1.0087	1.97144	1.28666	0	0
9.75133	0.0243979	-0.0761354	-2.55729	-0.281514	1.00058	0.184548	-0.0666886	-0.348475	-0.702115	0.446654	0.0572374	0	0	0.000603294	0.0754693	0.178372	0.108492	0.0804031	0	0	-0.114925	-0.15479	0.248696	0.81789	-0.774008	0.714033	0.599345	0.628023	0	0	0.697064	-0.281137	1.01155	1.96817	1.28693	0	0
9.76132	0.0227112	-0.0742574	-2.56764	-0.281987	1.00051	0.185744	-0.0611857	-0.353797	-0.703054	0.455654	0.0535903	0	0	-0.00033758	0.0744952	0.167421	0.110252	0.0838691	0	0	-0.1136	-0.154203	0.241373	0.800927	-0.783267	0.671257	0.615015	0.660015	0	0	0.696622	-0.28294	1.01405	1.96503	1.2875	0	0
9.77131	0.0211472	-0.0722903	-2.57809	-0.282456	1.00044	0.186823	-0.054976	-0.358809	-0.703911	0.464984	0.050235	0	0	-0.00108249	0.0734705	0.156739	0.112032	0.0872022	0	0	-0.11227	-0.153518	0.234372	0.782852	-0.791498	0.632672	0.628932	0.687019	0	0	0.695898	-0.284653	1.01623	1.96205	1.28846	0	0
9.78131	0.0197188	-0.0702365	-2.58852	-0.282915	1.0004	0.187793	-0.0481351	-0.363473	-0.70453	0.474572	0.0472355	0	0	-0.00162802	0.0723982	0.146436	0.113803	0.0903623	0	0	-0.110952	-0.152736	0.227665	0.763594	-0.798797	0.598028	0.641108	0.709084	0	0	0.694955	-0.28626	1.01808	1.95926	1.29004	0	0
9.7913	0.018418	-0.068114	-2.59877	-0.28336	1.00036	0.188658	-0.0407821	-0.367745	-0.704701	0.484322	0.0446789	0	0	-0.00200976	0.0712784	0.136625	0.115517	0.0933078	0	0	-0.109696	-0.15186	0.221235	0.743042	-0.805252	0.566929	0.651585	0.726483	0	0	0.693876	-0.28774	1.01964	1.9567	1.29247	0	0
9.80129	0.017242	-0.0659399	-2.60873	-0.283787	1.00035	0.189424	-0.0330318	-0.37157	-0.704147	0.494122	0.0426846	0	0	-0.00225545	0.0701087	0.127389	0.11713	0.0960117	0	0	-0.108539	-0.150905	0.215098	0.721011	-0.810941	0.538781	0.660448	0.739754	0	0	0.692762	-0.289057	1.02098	1.95438	1.29574	0	0
9.81128	0.0162504	-0.063699	-2.61827	-0.284197	1.00034	0.190097	-0.0249121	-0.374895	-0.702529	0.503869	0.041413	0	0	-0.00229204	0.0688876	0.118748	0.118652	0.0984865	0	0	-0.10742	-0.149895	0.209352	0.697153	-0.815943	0.512731	0.667832	0.749714	0	0	0.691738	-0.290144	1.0223	1.95222	1.2993	0	0
9.82127	0.0154759	-0.0613843	-2.62732	-0.28459	1.00034	0.190679	-0.0164854	-0.377641	-0.699445	0.513424	0.0410333	0	0	-0.00207987	0.0676053	0.110715	0.120086	0.100747	0	0	-0.106309	-0.148849	0.204083	0.671182	-0.820298	0.488017	0.673853	0.757069	0	0	0.690906	-0.290944	1.02371	1.95015	1.30277	0	0
9.83126	0.0149314	-0.0589911	-2.63579	-0.28497	1.00034	0.191173	-0.00783902	-0.379709	-0.694451	0.522615	0.0417183	0	0	-0.00159815	0.0662429	0.103294	0.121438	0.10281	0	0	-0.105195	-0.147772	0.199371	0.642876	-0.823996	0.463993	0.678606	0.762388	0	0	0.690344	-0.29142	1.02531	1.94813	1.30595	0	0
9.84125	0.0146198	-0.0565134	-2.64363	-0.285342	1.00033	0.191581	0.000923832	-0.380983	-0.687089	0.531243	0.0436322	0	0	-0.000832969	0.0647742	0.0964795	0.122719	0.104694	0	0	-0.104074	-0.146661	0.195275	0.612084	-0.826982	0.440148	0.682163	0.76608	0	0	0.690101	-0.291552	1.02713	1.94617	1.30875	0	0
9.85124	0.0145367	-0.0539428	-2.65079	-0.285709	1.00032	0.191906	0.00968835	-0.381343	-0.676938	0.539086	0.0469101	0	0	0.000225561	0.0631685	0.0902624	0.123944	0.106416	0	0	-0.102948	-0.145504	0.191845	0.578727	-0.829167	0.416132	0.684575	0.768371	0	0	0.690209	-0.291332	1.02919	1.94426	1.31122	0	0
9.86123	0.0146704	-0.0512705	-2.65723	-0.286077	1.0003	0.192148	0.0183268	-0.380673	-0.663687	0.545916	0.0516452	0	0	0.00158398	0.0613942	0.0846357	0.12513	0.107992	0	0	-0.101826	-0.144281	0.189112	0.542807	-0.830438	0.391786	0.685856	0.769299	0	0	0.690678	-0.290749	1.0315	1.9424	1.31347	0	0
9.87123	0.0149931	-0.0484943	-2.66288	-0.286447	1.00027	0.192311	0.0266772	-0.378877	-0.647237	0.551502	0.0578762	0	0	0.00322967	0.0594236	0.0796163	0.126293	0.109433	0	0	-0.100736	-0.142961	0.187087	0.504413	-0.83067	0.367185	0.685979	0.768623	0	0	0.691515	-0.289787	1.03404	1.94059	1.31571	0	0
9.88122	0.0154811	-0.0456133	-2.66767	-0.286818	1.00025	0.192401	0.0345693	-0.375893	-0.627734	0.555622	0.0655748	0	0	0.00515741	0.0572363	0.0752378	0.127457	0.110748	0	0	-0.0997015	-0.141522	0.185754	0.463714	-0.829721	0.342593	0.684869	0.765954	0	0	0.692719	-0.288438	1.03684	1.93882	1.31805	0	0
9.89121	0.0161083	-0.0426325	-2.67151	-0.287191	1.00022	0.192424	0.0418188	-0.371701	-0.605528	0.558078	0.0746219	0	0	0.00735869	0.0548213	0.07156	0.128648	0.111947	0	0	-0.0987517	-0.139944	0.185077	0.42096	-0.827429	0.318467	0.682403	0.760743	0	0	0.694289	-0.286702	1.03988	1.93711	1.32055	0	0
9.9012	0.0168469	-0.0395668	-2.67431	-0.287563	1.00021	0.192384	0.0482373	-0.366326	-0.581101	0.558703	0.0848156	0	0	0.00981824	0.0521803	0.0686646	0.129887	0.113038	0	0	-0.09792	-0.138221	0.185	0.376494	-0.823622	0.295442	0.678416	0.752309	0	0	0.696224	-0.284594	1.04317	1.93547	1.32318	0	0
9.91119	0.0176685	-0.0364428	-2.67598	-0.287932	1.00022	0.192288	0.0536437	-0.359837	-0.554997	0.557385	0.0958952	0	0	0.0125156	0.0493296	0.0666454	0.131198	0.114028	0	0	-0.0972448	-0.136357	0.18545	0.330743	-0.818119	0.274304	0.67272	0.739883	0	0	0.698521	-0.282135	1.0467	1.93392	1.32585	0	0
9.92118	0.0185459	-0.0332992	-2.67643	-0.288295	1.00024	0.192141	0.0578757	-0.352342	-0.527778	0.554071	0.107568	0	0	0.0154279	0.0463018	0.0655957	0.132609	0.114927	0	0	-0.0967684	-0.134372	0.186352	0.28419	-0.810734	0.255925	0.66512	0.722678	0	0	0.701169	-0.279348	1.05048	1.93248	1.32848	0	0
9.93117	0.0194554	-0.0301874	-2.67557	-0.288652	1.00029	0.191948	0.060799	-0.343986	-0.499991	0.548775	0.119529	0	0	0.0185321	0.0431458	0.0656003	0.134153	0.115744	0	0	-0.0965373	-0.132302	0.187631	0.237353	-0.801284	0.241197	0.655441	0.699983	0	0	0.704157	-0.27626	1.05448	1.93115	1.33093	0	0
9.94116	0.0203787	-0.0271724	-2.67335	-0.288999	1.00036	0.191711	0.0623145	-0.334947	-0.472162	0.541579	0.131478	0	0	0.0218045	0.0399281	0.0667337	0.135863	0.116493	0	0	-0.0966032	-0.130201	0.18921	0.190753	-0.789581	0.230948	0.643557	0.671291	0	0	0.707471	-0.272915	1.05867	1.93	1.33306	0	0
9.95115	0.0213057	-0.0243324	-2.66972	-0.289336	1.00044	0.191432	0.0623643	-0.325433	-0.444791	0.532634	0.143129	0	0	0.0252209	0.036733	0.0690582	0.137771	0.117181	0	0	-0.0970214	-0.128143	0.191014	0.144889	-0.775437	0.225855	0.629416	0.636425	0	0	0.711095	-0.269368	1.06297	1.92908	1.33465	0	0
9.96115	0.0222358	-0.0217507	-2.66463	-0.28966	1.00054	0.191111	0.0609438	-0.315663	-0.418329	0.522164	0.154234	0	0	0.0287607	0.0336545	0.072609	0.139907	0.117818	0	0	-0.0978411	-0.126216	0.193005	0.100188	-0.75869	0.226442	0.613069	0.59539	0	0	0.715021	-0.26565	1.06734	1.92845	1.33555	0	0
9.97114	0.0231724	-0.0195151	-2.6581	-0.289969	1.00065	0.190744	0.0580905	-0.305862	-0.39318	0.510443	0.164591	0	0	0.0323995	0.0307935	0.0773944	0.142297	0.118414	0	0	-0.0991126	-0.124514	0.195188	0.0569853	-0.739211	0.233007	0.594678	0.548517	0	0	0.719246	-0.26176	1.07174	1.92809	1.33575	0	0
9.98113	0.0241187	-0.0177178	-2.65014	-0.290262	1.00077	0.190331	0.0538683	-0.296244	-0.369703	0.497771	0.174042	0	0	0.0360998	0.0282555	0.083399	0.144952	0.118974	0	0	-0.100891	-0.123132	0.197605	0.0155193	-0.716908	0.245586	0.574519	0.49652	0	0	0.723761	-0.25766	1.07613	1.92796	1.3354	0	0
9.99112	0.0250747	-0.0164487	-2.6408	-0.290535	1.00088	0.189865	0.0483622	-0.287002	-0.3482	0.484449	0.182469	0	0	0.0398076	0.0261411	0.0905871	0.147864	0.119491	0	0	-0.103238	-0.122162	0.200329	-0.0240657	-0.691736	0.263921	0.552978	0.440552	0	0	0.728559	-0.253291	1.08048	1.92801	1.33479	0	0
10.0011	0.0260349	-0.0157844	-2.63016	-0.290784	1.00099	0.189341	0.041675	-0.278287	-0.328911	0.470764	0.189784	0	0	0.0434582	0.024533	0.0989016	0.151006	0.119957	0	0	-0.106217	-0.121679	0.203446	-0.0616614	-0.663723	0.287614	0.53051	0.381931	0	0	0.733626	-0.248594	1.08473	1.92816	1.3342	0	0
10.0111	0.0269969	-0.0157811	-2.6183	-0.291004	1.00109	0.188748	0.0339306	-0.270208	-0.312028	0.456977	0.195921	0	0	0.0469909	0.0234919	0.108264	0.154336	0.120358	0	0	-0.109884	-0.121746	0.20704	-0.097191	-0.632967	0.316099	0.507621	0.322166	0	0	0.738946	-0.243537	1.08883	1.92835	1.33377	0	0
10.0211	0.0279671	-0.0164691	-2.60536	-0.291191	1.00118	0.188076	0.0252765	-0.262829	-0.297698	0.443317	0.200849	0	0	0.0503614	0.0230554	0.118577	0.15781	0.12068	0	0	-0.114268	-0.122405	0.211187	-0.130615	-0.599647	0.34862	0.484861	0.262924	0	0	0.744494	-0.238115	1.09272	1.92857	1.3335	0	0
10.0311	0.0289585	-0.0178501	-2.59146	-0.291341	1.00124	0.18731	0.0158815	-0.256177	-0.286019	0.429988	0.204585	0	0	0.0535478	0.0232356	0.129726	0.161389	0.120917	0	0	-0.119377	-0.123673	0.215947	-0.161982	-0.564003	0.383971	0.462859	0.206366	0	0	0.750237	-0.232355	1.09634	1.9288	1.33323	0	0
10.0411	0.0299903	-0.019893	-2.57676	-0.291449	1.00128	0.186439	0.00593079	-0.250244	-0.277049	0.417166	0.207199	0	0	0.0565554	0.024017	0.141581	0.165041	0.121068	0	0	-0.125184	-0.125535	0.221352	-0.191343	-0.526367	0.42085	0.442231	0.15455	0	0	0.75611	-0.226311	1.09961	1.92904	1.33279	0	0
10.0511	0.0310957	-0.0225327	-2.56141	-0.291513	1.00128	0.18545	-0.00437463	-0.244991	-0.270818	0.40498	0.208826	0	0	0.0594247	0.0253624	0.154009	0.168746	0.121138	0	0	-0.131608	-0.127955	0.227392	-0.218722	-0.487164	0.458023	0.423513	0.10914	0	0	0.762005	-0.220054	1.10244	1.92928	1.33214	0	0
10.0611	0.0323199	-0.0256753	-2.54556	-0.291532	1.00125	0.184335	-0.014826	-0.240365	-0.26734	0.393517	0.209685	0	0	0.0622277	0.0272183	0.16687	0.172491	0.121138	0	0	-0.138518	-0.130871	0.234033	-0.244153	-0.446894	0.494231	0.407163	0.0714466	0	0	0.767777	-0.21366	1.10476	1.92947	1.33136	0	0
10.071	0.0337141	-0.0292033	-2.52936	-0.291506	1.00115	0.183088	-0.0252141	-0.236299	-0.266611	0.382821	0.210087	0	0	0.0650584	0.0295182	0.180029	0.176265	0.121073	0	0	-0.145739	-0.13421	0.241189	-0.267564	-0.406131	0.528775	0.39342	0.0416887	0	0	0.773249	-0.207238	1.10646	1.92958	1.33051	0	0
10.081	0.0353263	-0.0329802	-2.51296	-0.29144	1.001	0.181703	-0.0353359	-0.232716	-0.268598	0.372907	0.210414	0	0	0.0680237	0.0321796	0.193357	0.180065	0.12095	0	0	-0.153067	-0.137879	0.248736	-0.288826	-0.365506	0.561333	0.382357	0.0193752	0	0	0.778227	-0.200925	1.10746	1.92957	1.32954	0	0
10.091	0.0371888	-0.0368576	-2.49649	-0.291336	1.00079	0.180181	-0.0450051	-0.229529	-0.273229	0.363757	0.211055	0	0	0.0712273	0.035102	0.206732	0.183883	0.12077	0	0	-0.160288	-0.141769	0.25652	-0.307795	-0.325683	0.591834	0.373917	0.00359919	0	0	0.782514	-0.194869	1.10766	1.92941	1.32843	0	0
10.101	0.0393075	-0.040685	-2.48009	-0.291199	1.0005	0.178522	-0.0540632	-0.226642	-0.280389	0.355332	0.212331	0	0	0.0747511	0.038169	0.220048	0.187706	0.120532	0	0	-0.167202	-0.145749	0.264387	-0.32435	-0.287339	0.620367	0.367933	-0.00673927	0	0	0.785927	-0.189209	1.107	1.92903	1.32715	0	0
10.111	0.0416599	-0.0443201	-2.46387	-0.291031	1.00016	0.176733	-0.0623868	-0.22395	-0.289887	0.347581	0.214446	0	0	0.0786438	0.0412549	0.233207	0.191504	0.120229	0	0	-0.173632	-0.149671	0.272193	-0.338424	-0.25114	0.647024	0.364151	-0.012776	0	0	0.788326	-0.184063	1.10547	1.92839	1.32559	0	0
10.121	0.0442043	-0.0476298	-2.44796	-0.290836	0.99977	0.174819	-0.0698792	-0.221339	-0.301412	0.340438	0.217457	0	0	0.082935	0.0442308	0.246125	0.195242	0.119852	0	0	-0.179429	-0.153379	0.279804	-0.350006	-0.217722	0.671867	0.362247	-0.0155796	0	0	0.789601	-0.179543	1.10308	1.92745	1.3236	0	0
10.131	0.0468878	-0.0504929	-2.43247	-0.290617	0.999337	0.172788	-0.0764627	-0.21869	-0.31452	0.33384	0.221296	0	0	0.0876446	0.0469703	0.258714	0.198891	0.119398	0	0	-0.184463	-0.156715	0.287094	-0.359142	-0.187673	0.694871	0.361852	-0.0160916	0	0	0.78967	-0.175749	1.09986	1.92622	1.32101	0	0
10.141	0.0496514	-0.0528044	-2.41752	-0.290378	0.998874	0.170649	-0.0820706	-0.215892	-0.328674	0.327731	0.22581	0	0	0.0927879	0.0493553	0.270875	0.202439	0.118875	0	0	-0.188633	-0.159526	0.293954	-0.365937	-0.161513	0.71588	0.362586	-0.0150979	0	0	0.788483	-0.17277	1.09582	1.92472	1.31768	0	0
10.151	0.0524332	-0.0544853	-2.40322	-0.29012	0.99839	0.168408	-0.0866499	-0.212855	-0.343308	0.322083	0.230806	0	0	0.0983706	0.0512857	0.28251	0.205886	0.118302	0	0	-0.191865	-0.161678	0.300297	-0.370544	-0.139671	0.734606	0.364076	-0.0132244	0	0	0.786022	-0.170672	1.09098	1.92303	1.31355	0	0
10.161	0.0551691	-0.0554882	-2.38969	-0.289844	0.997895	0.16607	-0.0901702	-0.209516	-0.357874	0.316888	0.236081	0	0	0.104384	0.0526839	0.293522	0.209247	0.117705	0	0	-0.194128	-0.163065	0.306049	-0.373148	-0.122466	0.75064	0.365971	-0.0109464	0	0	0.782308	-0.169504	1.08537	1.92124	1.30858	0	0
10.171	0.0577961	-0.0557982	-2.377	-0.289553	0.997398	0.163639	-0.0926297	-0.205838	-0.371878	0.312149	0.241452	0	0	0.110809	0.053497	0.303824	0.212555	0.117118	0	0	-0.195432	-0.163611	0.311148	-0.373947	-0.110092	0.763494	0.367943	-0.00860742	0	0	0.777408	-0.169292	1.07902	1.91947	1.3029	0	0
10.181	0.0602534	-0.0554328	-2.36524	-0.289247	0.996905	0.161117	-0.0940629	-0.201804	-0.384924	0.307866	0.246767	0	0	0.117613	0.0536971	0.313343	0.215859	0.116583	0	0	-0.195825	-0.163281	0.31557	-0.373139	-0.102609	0.772702	0.36971	-0.00644198	0	0	0.771443	-0.17002	1.07201	1.91783	1.29656	0	0
10.1909	0.0624831	-0.0544375	-2.35444	-0.288928	0.996421	0.158503	-0.0945438	-0.197412	-0.396721	0.304024	0.251915	0	0	0.124759	0.0532777	0.322022	0.219228	0.116145	0	0	-0.19539	-0.162073	0.319313	-0.370903	-0.0999585	0.777905	0.371058	-0.00459878	0	0	0.764573	-0.171637	1.06443	1.91643	1.28963	0	0
10.2009	0.0644294	-0.052883	-2.3446	-0.288598	0.995952	0.155795	-0.094189	-0.192663	-0.407094	0.300576	0.256819	0	0	0.1322	0.0522499	0.329821	0.222745	0.115855	0	0	-0.194248	-0.160023	0.322386	-0.36738	-0.101988	0.778974	0.371858	-0.00316233	0	0	0.756987	-0.174066	1.05639	1.91534	1.28236	0	0
10.2109	0.0660388	-0.0508597	-2.33573	-0.28826	0.995499	0.15299	-0.0931533	-0.187554	-0.415987	0.297445	0.261429	0	0	0.139884	0.0506403	0.336723	0.226504	0.115757	0	0	-0.192543	-0.157196	0.324803	-0.362655	-0.108482	0.776149	0.372084	-0.00217131	0	0	0.748896	-0.17721	1.04799	1.91466	1.2751	0	0
10.2209	0.0672652	-0.0484584	-2.32774	-0.287914	0.995065	0.150084	-0.091608	-0.18207	-0.423458	0.294522	0.265716	0	0	0.147778	0.0484838	0.342744	0.230621	0.115903	0	0	-0.190422	-0.153673	0.326607	-0.356781	-0.119178	0.770011	0.371812	-0.00163292	0	0	0.740536	-0.180931	1.03936	1.91443	1.2682	0	0
10.2309	0.0680701	-0.045762	-2.32056	-0.287563	0.994647	0.147076	-0.0897278	-0.176183	-0.429648	0.291676	0.269664	0	0	0.155872	0.0458196	0.347929	0.23523	0.116338	0	0	-0.188024	-0.149539	0.327863	-0.349789	-0.133774	0.761351	0.371189	-0.00153269	0	0	0.73215	-0.185063	1.03063	1.91462	1.26191	0	0
10.2409	0.0684215	-0.0428442	-2.31408	-0.287206	0.99424	0.143964	-0.0876854	-0.169849	-0.434743	0.288761	0.273259	0	0	0.164176	0.0426899	0.352351	0.240475	0.117104	0	0	-0.185474	-0.144875	0.328653	-0.341706	-0.151936	0.751031	0.370404	-0.00183989	0	0	0.723978	-0.189425	1.02197	1.91521	1.25644	0	0
10.2509	0.0682938	-0.0397697	-2.30815	-0.286842	0.993841	0.140747	-0.085644	-0.163018	-0.438963	0.285633	0.276496	0	0	0.172713	0.0391403	0.35611	0.246499	0.118232	0	0	-0.182886	-0.139758	0.329058	-0.33256	-0.173303	0.739844	0.369659	-0.00250854	0	0	0.716245	-0.19383	1.01354	1.91609	1.25186	0	0
10.2609	0.0676707	-0.036599	-2.30263	-0.28647	0.993443	0.137426	-0.0837491	-0.155652	-0.442546	0.282163	0.279371	0	0	0.181513	0.0352237	0.359322	0.253435	0.11974	0	0	-0.180359	-0.13426	0.329158	-0.322398	-0.197486	0.72839	0.369152	-0.00347429	0	0	0.709156	-0.198098	1.00549	1.91717	1.24808	0	0
10.2709	0.0665393	-0.0333849	-2.29737	-0.286085	0.99304	0.134004	-0.082125	-0.147717	-0.445732	0.278256	0.281879	0	0	0.19061	0.0309935	0.362118	0.261396	0.121629	0	0	-0.177982	-0.128442	0.329017	-0.311277	-0.224097	0.717109	0.369057	-0.00464782	0	0	0.702876	-0.202071	0.997933	1.91832	1.24506	0	0
10.2809	0.0648892	-0.030171	-2.29221	-0.285684	0.992629	0.130486	-0.0808689	-0.139198	-0.448748	0.273856	0.284008	0	0	0.200033	0.0265012	0.364638	0.270474	0.12388	0	0	-0.175833	-0.122346	0.328685	-0.29927	-0.252755	0.706252	0.369528	-0.00590518	0	0	0.697528	-0.205612	0.990967	1.91946	1.24281	0	0
10.2909	0.062714	-0.0269884	-2.28701	-0.285259	0.992205	0.126875	-0.0800436	-0.130095	-0.4518	0.268954	0.285739	0	0	0.209819	0.0217937	0.367012	0.280742	0.126451	0	0	-0.173972	-0.115998	0.328203	-0.286471	-0.283096	0.69585	0.370702	-0.0070761	0	0	0.693185	-0.208606	0.984637	1.9205	1.24136	0	0
10.3008	0.0600129	-0.0238515	-2.28167	-0.284804	0.991764	0.123179	-0.0796704	-0.120429	-0.455064	0.263586	0.287057	0	0	0.220014	0.0169098	0.36935	0.292256	0.129278	0	0	-0.172445	-0.109397	0.327602	-0.272998	-0.314784	0.685695	0.37271	-0.00793148	0	0	0.689872	-0.210967	0.978967	1.92136	1.24076	0	0
10.3108	0.0567967	-0.0207682	-2.2761	-0.284312	0.991304	0.119404	-0.0797328	-0.110246	-0.458673	0.257834	0.287956	0	0	0.230664	0.0118887	0.371741	0.305047	0.132265	0	0	-0.171281	-0.102537	0.326909	-0.258977	-0.347513	0.675463	0.375661	-0.00817171	0	0	0.687565	-0.212634	0.973947	1.92201	1.24108	0	0
10.3208	0.0530872	-0.0177437	-2.27024	-0.283778	0.990825	0.115556	-0.0801796	-0.0996222	-0.462713	0.251821	0.288456	0	0	0.241806	0.00676986	0.374246	0.319113	0.135274	0	0	-0.1705	-0.0954147	0.326156	-0.244543	-0.38101	0.664757	0.379652	-0.00741814	0	0	0.68619	-0.213571	0.969539	1.92241	1.24245	0	0
10.3308	0.0489085	-0.014776	-2.2641	-0.283196	0.990326	0.111641	-0.0809298	-0.0886467	-0.467223	0.245709	0.2886	0	0	0.253473	0.00158027	0.376876	0.33444	0.138149	0	0	-0.170113	-0.0880109	0.325419	-0.229895	-0.415033	0.652903	0.38483	-0.00521069	0	0	0.685653	-0.213744	0.965699	1.92255	1.24488	0	0
10.3408	0.0442994	-0.0118705	-2.2577	-0.282564	0.989813	0.107667	-0.0818748	-0.077437	-0.472188	0.239696	0.288451	0	0	0.265678	-0.0036516	0.379599	0.350971	0.140699	0	0	-0.170129	-0.0803252	0.324806	-0.215255	-0.449364	0.639137	0.391357	-0.00101537	0	0	0.685836	-0.213131	0.962383	1.9224	1.24831	0	0
10.3508	0.0393199	-0.00904444	-2.25115	-0.281885	0.989293	0.103637	-0.0828828	-0.0661429	-0.477544	0.234009	0.28809	0	0	0.278401	-0.00888989	0.382346	0.368597	0.142694	0	0	-0.17055	-0.0723895	0.324457	-0.200849	-0.483808	0.622736	0.39939	0.00575374	0	0	0.68661	-0.211727	0.959552	1.92195	1.25265	0	0
10.3608	0.0340542	-0.00632865	-2.24457	-0.281164	0.988774	0.0995552	-0.0838068	-0.0549407	-0.483173	0.228888	0.287603	0	0	0.29159	-0.0140877	0.385023	0.38715	0.143874	0	0	-0.171366	-0.0642765	0.324535	-0.186878	-0.518188	0.603136	0.409053	0.0156927	0	0	0.687839	-0.209549	0.957169	1.9212	1.25778	0	0
10.3708	0.0286118	-0.00376757	-2.23813	-0.280413	0.988268	0.0954265	-0.0844947	-0.0440276	-0.488916	0.224566	0.287078	0	0	0.305161	-0.0191862	0.387519	0.406407	0.143966	0	0	-0.172554	-0.0561058	0.325209	-0.173493	-0.552337	0.580032	0.420407	0.0293401	0	0	0.689387	-0.206632	0.955198	1.92014	1.26355	0	0
10.3808	0.0231235	-0.00141653	-2.232	-0.279648	0.987789	0.0912545	-0.0848015	-0.0336101	-0.494581	0.221253	0.286594	0	0	0.319	-0.0241174	0.389712	0.426096	0.142698	0	0	-0.174076	-0.0480416	0.326642	-0.160763	-0.586091	0.553481	0.433413	0.0470784	0	0	0.691123	-0.203039	0.953614	1.91878	1.26977	0	0
10.3908	0.0177333	0.000662111	-2.22637	-0.278889	0.987351	0.0870443	-0.0846049	-0.0238913	-0.499968	0.219105	0.286215	0	0	0.332967	-0.0288078	0.391487	0.445905	0.139829	0	0	-0.175876	-0.0402845	0.328968	-0.14863	-0.619285	0.524013	0.44789	0.0689975	0	0	0.692921	-0.198857	0.952394	1.91715	1.27626	0	0
10.4008	0.0125883	0.00240112	-2.22141	-0.278161	0.986971	0.0828033	-0.0838233	-0.0150572	-0.504878	0.218212	0.285982	0	0	0.346901	-0.0331823	0.392741	0.46551	0.135164	0	0	-0.177884	-0.0330614	0.332269	-0.136874	-0.651751	0.492765	0.463474	0.0947183	0	0	0.694665	-0.194201	0.951522	1.91526	1.28275	0	0
10.4107	0.00780411	0.00373341	-2.21725	-0.277486	0.986662	0.0785414	-0.0824457	-0.00723865	-0.509151	0.218569	0.285901	0	0	0.360622	-0.0371869	0.393392	0.484609	0.128597	0	0	-0.180043	-0.0265803	0.336606	-0.125299	-0.683323	0.460717	0.479849	0.123727	0	0	0.696269	-0.189176	0.951004	1.91313	1.28906	0	0
10.4207	0.00347148	0.00458959	-2.21399	-0.27689	0.986442	0.0742716	-0.0805299	-0.000520282	-0.512663	0.220084	0.285948	0	0	0.373938	-0.0407776	0.393394	0.502919	0.120092	0	0	-0.182303	-0.0210388	0.341984	-0.11364	-0.713838	0.429028	0.496657	0.155154	0	0	0.69767	-0.183899	0.950856	1.91078	1.29505	0	0
10.4307	-0.000344922	0.00490364	-2.21166	-0.276399	0.986321	0.0700096	-0.0781928	0.0050607	-0.515341	0.222585	0.286074	0	0	0.386654	-0.0439196	0.392744	0.520192	0.109692	0	0	-0.184608	-0.0166146	0.348329	-0.101485	-0.743149	0.399225	0.513441	0.187622	0	0	0.698812	-0.178507	0.95109	1.90826	1.30054	0	0
10.4407	-0.00362013	0.00462104	-2.21026	-0.27603	0.98631	0.0657733	-0.0756001	0.00952364	-0.517169	0.225844	0.286217	0	0	0.398592	-0.0465974	0.391468	0.536241	0.0975178	0	0	-0.186928	-0.0134276	0.355534	-0.0885783	-0.7711	0.372188	0.529932	0.220334	0	0	0.699675	-0.17312	0.951726	1.9056	1.30545	0	0
10.4507	-0.00635769	0.00370967	-2.20973	-0.275799	0.986413	0.061581	-0.0729335	0.0129329	-0.518185	0.229607	0.286314	0	0	0.409617	-0.0488086	0.389622	0.550953	0.0837595	0	0	-0.18924	-0.0115391	0.363448	-0.0747301	-0.797548	0.348471	0.545964	0.252683	0	0	0.700254	-0.167855	0.952775	1.90287	1.30971	0	0
10.4607	-0.00858424	0.00216327	-2.20996	-0.275712	0.98663	0.0574515	-0.07037	0.0153877	-0.518475	0.233619	0.286306	0	0	0.419639	-0.0505575	0.387303	0.564276	0.0686427	0	0	-0.191519	-0.0109488	0.371868	-0.0597517	-0.822386	0.328509	0.561428	0.284079	0	0	0.700548	-0.162822	0.954226	1.90012	1.31332	0	0
10.4707	-0.0103457	7.21717e-06	-2.21081	-0.275769	0.986953	0.0534025	-0.0680596	0.0170151	-0.518159	0.237647	0.286148	0	0	0.42862	-0.0518572	0.384643	0.576219	0.0524138	0	0	-0.193745	-0.0115889	0.380577	-0.0435848	-0.845515	0.312276	0.576345	0.314397	0	0	0.700567	-0.158108	0.956048	1.8974	1.31631	0	0
10.4807	-0.011698	-0.00269919	-2.21213	-0.275961	0.987373	0.0494499	-0.0661099	0.0179603	-0.517379	0.241493	0.285812	0	0	0.43658	-0.0527298	0.381797	0.586844	0.0353316	0	0	-0.195893	-0.013333	0.389366	-0.0262854	-0.866853	0.299391	0.590836	0.343902	0	0	0.700327	-0.153766	0.958194	1.89478	1.31873	0	0
10.4907	-0.0127015	-0.00586524	-2.21375	-0.276278	0.987872	0.0456074	-0.064582	0.0183794	-0.516281	0.244995	0.285285	0	0	0.44359	-0.0532063	0.378935	0.596249	0.0176554	0	0	-0.197924	-0.0160092	0.398027	-0.00794373	-0.886341	0.289375	0.60505	0.372974	0	0	0.699836	-0.149832	0.960588	1.89229	1.32067	0	0
10.5007	-0.0134181	-0.00937619	-2.21553	-0.276702	0.988432	0.0418868	-0.0634925	0.0184303	-0.515008	0.248038	0.28457	0	0	0.449756	-0.053329	0.376229	0.604562	-0.000371337	0	0	-0.19979	-0.019414	0.406378	0.0113344	-0.903957	0.281765	0.619139	0.401946	0	0	0.699098	-0.146313	0.96314	1.88999	1.32225	0	0
10.5107	-0.0139098	-0.0131056	-2.21735	-0.277218	0.989032	0.0382966	-0.0628223	0.0182635	-0.51368	0.25055	0.283684	0	0	0.455206	-0.0531516	0.373834	0.61192	-0.018521	0	0	-0.201437	-0.0233293	0.414268	0.0314477	-0.919707	0.276195	0.633231	0.43101	0	0	0.698119	-0.143197	0.965753	1.88789	1.32364	0	0
10.5206	-0.0142385	-0.0169276	-2.2191	-0.277808	0.989652	0.0348425	-0.062526	0.0180145	-0.512393	0.252505	0.282654	0	0	0.460069	-0.0527356	0.37188	0.618467	-0.036573	0	0	-0.202818	-0.0275373	0.421592	0.0523036	-0.933634	0.272424	0.647419	0.46018	0	0	0.696908	-0.140451	0.968327	1.88599	1.32506	0	0
10.5306	-0.0144644	-0.0207255	-2.22073	-0.278454	0.990272	0.0315272	-0.0625416	0.0177983	-0.511205	0.253917	0.281515	0	0	0.464468	-0.0521485	0.370465	0.62434	-0.0543107	0	0	-0.203896	-0.0318325	0.428285	0.0738316	-0.945807	0.270356	0.661754	0.489263	0	0	0.695482	-0.138035	0.970769	1.88428	1.32669	0	0
10.5406	-0.0146433	-0.0244036	-2.22222	-0.279142	0.990877	0.02835	-0.0628013	0.017703	-0.510138	0.254833	0.280301	0	0	0.468507	-0.0514589	0.369635	0.629668	-0.0715434	0	0	-0.20466	-0.0360362	0.434352	0.095853	-0.956287	0.269695	0.676307	0.518342	0	0	0.693881	-0.135888	0.973008	1.88273	1.3286	0	0
10.5506	-0.0148216	-0.0278898	-2.22356	-0.279857	0.991454	0.0253069	-0.063236	0.0177874	-0.509181	0.25532	0.27905	0	0	0.472266	-0.0507335	0.369378	0.634562	-0.0881284	0	0	-0.205119	-0.0400079	0.439842	0.118121	-0.965133	0.270032	0.691161	0.547659	0	0	0.692162	-0.13395	0.974999	1.88132	1.33079	0	0
10.5606	-0.0150301	-0.0311326	-2.2248	-0.28059	0.991992	0.0223918	-0.0637758	0.0180826	-0.508295	0.255457	0.277794	0	0	0.47581	-0.0500333	0.36964	0.639112	-0.103961	0	0	-0.205287	-0.0436518	0.444839	0.14039	-0.972392	0.270997	0.706372	0.577414	0	0	0.690388	-0.132165	0.976713	1.88002	1.33308	0	0
10.5706	-0.0152858	-0.0341037	-2.22599	-0.281331	0.992485	0.0195972	-0.0643585	0.0185955	-0.507423	0.255325	0.276563	0	0	0.479182	-0.0494085	0.370328	0.643387	-0.118973	0	0	-0.205181	-0.0469154	0.449433	0.16245	-0.978115	0.27236	0.721948	0.607605	0	0	0.688623	-0.130482	0.978147	1.87879	1.33531	0	0
10.5806	-0.0155961	-0.0367985	-2.22718	-0.282078	0.992929	0.0169148	-0.0649391	0.0193144	-0.506505	0.254997	0.275382	0	0	0.482401	-0.0488939	0.371334	0.647433	-0.133132	0	0	-0.204835	-0.0497827	0.453733	0.184035	-0.982327	0.273764	0.737892	0.638493	0	0	0.686934	-0.128841	0.979324	1.87757	1.33743	0	0
10.5906	-0.0159638	-0.0392319	-2.22841	-0.282824	0.993325	0.0143369	-0.0654925	0.0202175	-0.505492	0.254533	0.274267	0	0	0.485469	-0.0485089	0.372552	0.651276	-0.146435	0	0	-0.20429	-0.0522645	0.457817	0.204957	-0.985061	0.275045	0.754157	0.670071	0	0	0.685379	-0.127194	0.980272	1.87631	1.33943	0	0
10.6006	-0.0163874	-0.0414337	-2.22971	-0.283569	0.993675	0.0118564	-0.0660126	0.0212751	-0.504354	0.253974	0.273227	0	0	0.488374	-0.0482564	0.373882	0.654926	-0.158899	0	0	-0.203596	-0.0543934	0.461729	0.225122	-0.986356	0.276245	0.770651	0.702059	0	0	0.684005	-0.125516	0.981014	1.87498	1.34136	0	0
10.6106	-0.0168562	-0.0434418	-2.23109	-0.284309	0.993984	0.00946757	-0.0665029	0.0224511	-0.503083	0.253348	0.272267	0	0	0.491096	-0.0481231	0.375242	0.65838	-0.170559	0	0	-0.2028	-0.0562225	0.46549	0.244426	-0.986228	0.27735	0.78727	0.7344	0	0	0.682845	-0.123796	0.981576	1.87356	1.34331	0	0
10.6206	-0.0173521	-0.0452948	-2.23253	-0.285045	0.994258	0.00716551	-0.0669685	0.0237057	-0.501686	0.252676	0.271385	0	0	0.493619	-0.0480855	0.376564	0.66162	-0.181458	0	0	-0.201944	-0.0578169	0.469094	0.26277	-0.984688	0.278321	0.8039	0.767198	0	0	0.681922	-0.122046	0.981984	1.87206	1.34532	0	0
10.6306	-0.0178525	-0.0470269	-2.23402	-0.285777	0.994502	0.00494684	-0.0674125	0.0249992	-0.500186	0.251974	0.270574	0	0	0.495925	-0.0481139	0.377805	0.664625	-0.191636	0	0	-0.201058	-0.0592423	0.472516	0.280096	-0.98175	0.279198	0.820413	0.800539	0	0	0.681241	-0.120292	0.982262	1.87047	1.34739	0	0
10.6405	-0.0183334	-0.0486628	-2.23553	-0.286504	0.994723	0.00280955	-0.0678313	0.0262963	-0.498612	0.251254	0.269826	0	0	0.498006	-0.0481778	0.37894	0.667369	-0.201126	0	0	-0.200158	-0.0605573	0.475712	0.296405	-0.977449	0.280135	0.83665	0.834401	0	0	0.68079	-0.118577	0.982425	1.86883	1.3495	0	0
10.6505	-0.0187739	-0.0502173	-2.23703	-0.287227	0.994927	0.000752705	-0.0682166	0.0275691	-0.496999	0.250531	0.269132	0	0	0.499856	-0.0482532	0.379959	0.66983	-0.20995	0	0	-0.199252	-0.0618049	0.478628	0.311744	-0.971837	0.281377	0.852439	0.868638	0	0	0.680537	-0.116951	0.982475	1.86719	1.35164	0	0
10.6605	-0.0191579	-0.0516956	-2.23851	-0.287947	0.995117	-0.00122404	-0.0685545	0.0287976	-0.495374	0.249823	0.268487	0	0	0.501477	-0.048327	0.380855	0.671991	-0.218118	0	0	-0.198336	-0.0630121	0.481213	0.326198	-0.964987	0.283232	0.867588	0.902995	0	0	0.68044	-0.115469	0.982407	1.86558	1.35379	0	0
10.6705	-0.0194761	-0.0530965	-2.23995	-0.288664	0.995298	-0.00312092	-0.0688296	0.0299691	-0.493759	0.249147	0.267882	0	0	0.502871	-0.0483975	0.381617	0.67384	-0.225634	0	0	-0.197404	-0.064191	0.483426	0.339872	-0.956992	0.286045	0.881906	0.937106	0	0	0.68045	-0.114179	0.982206	1.86407	1.35593	0	0
10.6805	-0.0197273	-0.0544165	-2.24135	-0.289376	0.995473	-0.00493856	-0.0690295	0.0310771	-0.492165	0.248521	0.267314	0	0	0.504043	-0.0484735	0.38223	0.67537	-0.232503	0	0	-0.196456	-0.0653387	0.485245	0.352879	-0.947975	0.290177	0.89521	0.970506	0	0	0.680518	-0.113119	0.981858	1.8627	1.35805	0	0
10.6905	-0.019918	-0.0556531	-2.24273	-0.290083	0.995646	-0.00667825	-0.0691489	0.03212	-0.490593	0.247953	0.266779	0	0	0.504993	-0.048571	0.382676	0.676585	-0.238734	0	0	-0.195504	-0.0664413	0.486668	0.365284	-0.938065	0.295847	0.907347	1.00301	0	0	0.680604	-0.112309	0.981348	1.86151	1.36011	0	0
10.7005	-0.0200603	-0.0568069	-2.24409	-0.290783	0.995819	-0.00834196	-0.0691906	0.0331001	-0.489038	0.247449	0.26627	0	0	0.505722	-0.0487101	0.382933	0.677489	-0.244343	0	0	-0.19457	-0.0674801	0.487712	0.377122	-0.927393	0.303164	0.918194	1.03459	0	0	0.680675	-0.111755	0.980667	1.86054	1.36208	0	0
10.7105	-0.0201707	-0.0578824	-2.24546	-0.291473	0.995994	-0.00993213	-0.0691667	0.0340232	-0.487493	0.247008	0.265776	0	0	0.506228	-0.0489115	0.382984	0.678095	-0.249351	0	0	-0.193683	-0.0684352	0.488404	0.388407	-0.916095	0.312178	0.927656	1.06523	0	0	0.680715	-0.111455	0.979812	1.8598	1.36384	0	0
10.7205	-0.0202675	-0.0588891	-2.24683	-0.292151	0.996173	-0.0114515	-0.0690965	0.0348959	-0.485953	0.246628	0.265289	0	0	0.506508	-0.049193	0.38282	0.678419	-0.25378	0	0	-0.192877	-0.0692911	0.488782	0.399138	-0.904311	0.322917	0.935665	1.09475	0	0	0.680719	-0.111398	0.978789	1.8593	1.36527	0	0
10.7305	-0.0203688	-0.0598424	-2.24821	-0.292815	0.996356	-0.012903	-0.0690078	0.0357248	-0.484415	0.246298	0.264804	0	0	0.506557	-0.0495651	0.382437	0.678482	-0.257659	0	0	-0.192191	-0.0700387	0.488888	0.409302	-0.892184	0.335392	0.942176	1.12281	0	0	0.680696	-0.111567	0.977612	1.85904	1.36621	0	0
10.7405	-0.0204897	-0.0607604	-2.24961	-0.293462	0.996545	-0.0142886	-0.0689332	0.0365156	-0.482881	0.246002	0.264321	0	0	0.506373	-0.0500287	0.381846	0.678305	-0.261014	0	0	-0.19166	-0.0706754	0.488762	0.418862	-0.879843	0.349538	0.947167	1.14923	0	0	0.680664	-0.111936	0.976302	1.859	1.36661	0	0
10.7504	-0.0206444	-0.0616623	-2.251	-0.29409	0.99674	-0.0156099	-0.0689076	0.0372754	-0.481361	0.245718	0.263842	0	0	0.505955	-0.0505771	0.381072	0.67791	-0.263876	0	0	-0.191318	-0.0712021	0.48845	0.427763	-0.867421	0.365287	0.950644	1.17364	0	0	0.680651	-0.112469	0.974898	1.85915	1.36648	0	0
10.7604	-0.0208414	-0.0625595	-2.25236	-0.294695	0.996941	-0.0168678	-0.0689565	0.038012	-0.479872	0.24543	0.263365	0	0	0.505314	-0.051199	0.380156	0.67732	-0.266274	0	0	-0.191185	-0.0716203	0.487987	0.435945	-0.855032	0.38254	0.95262	1.19576	0	0	0.680681	-0.113132	0.973432	1.85945	1.36582	0	0
10.7704	-0.021084	-0.0634548	-2.25366	-0.295275	0.997146	-0.0180626	-0.0690937	0.0387343	-0.478437	0.245122	0.262888	0	0	0.504471	-0.0518811	0.379143	0.676557	-0.268236	0	0	-0.191271	-0.0719304	0.487401	0.443353	-0.842777	0.401189	0.953117	1.2154	0	0	0.680774	-0.113898	0.97193	1.85989	1.36463	0	0
10.7804	-0.0213697	-0.0643427	-2.25489	-0.295827	0.997354	-0.0191941	-0.0693206	0.0394506	-0.477079	0.24478	0.26241	0	0	0.503455	-0.0526081	0.378087	0.675642	-0.26979	0	0	-0.191571	-0.0721316	0.486718	0.449927	-0.830748	0.421123	0.952167	1.23234	0	0	0.680946	-0.114739	0.970425	1.86044	1.3629	0	0
10.7904	-0.0216911	-0.0652103	-2.256	-0.296348	0.997561	-0.0202614	-0.0696286	0.040169	-0.475822	0.244392	0.261929	0	0	0.502305	-0.0533638	0.377044	0.674595	-0.270964	0	0	-0.19207	-0.0722208	0.485952	0.45563	-0.819007	0.442233	0.949793	1.24649	0	0	0.681203	-0.115632	0.968939	1.86107	1.36066	0	0
10.8004	-0.0220374	-0.0660399	-2.25699	-0.296837	0.997767	-0.021263	-0.0700027	0.0408969	-0.474686	0.243943	0.261443	0	0	0.501061	-0.0541325	0.376066	0.673431	-0.27179	0	0	-0.192743	-0.0721952	0.485114	0.460411	-0.807606	0.464394	0.946031	1.25768	0	0	0.681541	-0.116552	0.967497	1.86176	1.358	0	0
10.8104	-0.0223939	-0.06681	-2.25784	-0.297293	0.997968	-0.0221979	-0.0704205	0.0416399	-0.473676	0.243421	0.260951	0	0	0.499766	-0.0549017	0.375199	0.672159	-0.272308	0	0	-0.193558	-0.072055	0.484225	0.46421	-0.796577	0.487449	0.940928	1.26578	0	0	0.681954	-0.117475	0.966123	1.86249	1.35504	0	0
10.8204	-0.0227421	-0.067499	-2.25853	-0.297714	0.998163	-0.0230653	-0.070854	0.0423993	-0.472787	0.242818	0.260457	0	0	0.498462	-0.0556623	0.37447	0.670789	-0.272567	0	0	-0.194481	-0.0718058	0.483307	0.466951	-0.785932	0.511208	0.934537	1.27062	0	0	0.682432	-0.118371	0.964842	1.86324	1.35198	0	0
10.8304	-0.0230637	-0.0680904	-2.25907	-0.298103	0.998351	-0.0238647	-0.0712784	0.0431717	-0.472011	0.242127	0.259964	0	0	0.497188	-0.0564073	0.373895	0.669325	-0.272618	0	0	-0.19548	-0.071456	0.482374	0.468581	-0.775654	0.535482	0.926899	1.2721	0	0	0.682954	-0.119217	0.96367	1.86398	1.34904	0	0
10.8404	-0.0233423	-0.0685753	-2.25946	-0.29846	0.998533	-0.0245963	-0.071676	0.0439494	-0.471336	0.241345	0.259467	0	0	0.495968	-0.0571319	0.373474	0.667767	-0.272523	0	0	-0.196531	-0.0710192	0.48144	0.469039	-0.765707	0.560047	0.918056	1.27019	0	0	0.683495	-0.11999	0.96262	1.86469	1.34647	0	0
10.8504	-0.0235622	-0.0689549	-2.25972	-0.298788	0.998711	-0.025261	-0.0720379	0.0447192	-0.470751	0.240466	0.258961	0	0	0.49482	-0.0578322	0.373191	0.666115	-0.27234	0	0	-0.19762	-0.0705198	0.480511	0.46827	-0.756025	0.584662	0.908031	1.26498	0	0	0.684035	-0.120685	0.961686	1.86535	1.34448	0	0
10.8603	-0.0237044	-0.0692391	-2.25987	-0.299092	0.998887	-0.0258611	-0.0723591	0.0454612	-0.470237	0.23949	0.258441	0	0	0.493752	-0.0585054	0.373011	0.664363	-0.272132	0	0	-0.198736	-0.0699955	0.479581	0.466255	-0.746515	0.60913	0.896812	1.25657	0	0	0.684554	-0.121326	0.960845	1.86599	1.34312	0	0
10.8703	-0.0237467	-0.0694418	-2.25994	-0.299378	0.999062	-0.0263997	-0.0726323	0.0461498	-0.469774	0.238422	0.257903	0	0	0.492769	-0.0591511	0.372886	0.662506	-0.271954	0	0	-0.19987	-0.0694928	0.478643	0.462989	-0.737077	0.633264	0.884392	1.2451	0	0	0.685037	-0.121944	0.960072	1.86662	1.34228	0	0
10.8803	-0.0236699	-0.0695809	-2.25993	-0.299455	0.999114	-0.0267249	-0.0728509	0.0467573	-0.469336	0.237277	0.257352	0	0	0.491872	-0.0597716	0.372757	0.660535	-0.27186	0	0	-0.201021	-0.0690582	0.477699	0.458478	-0.727624	0.656912	0.870771	1.23068	0	0	0.685481	-0.122567	0.959341	1.86725	1.34184	0	0
10.8903	-0.0234645	-0.0696788	-2.25989	-0.299404	0.999085	-0.0269136	-0.0730146	0.0472586	-0.468901	0.236077	0.256793	0	0	0.491055	-0.0603711	0.372567	0.658448	-0.2719	0	0	-0.202205	-0.0687279	0.47676	0.452743	-0.718099	0.679999	0.855955	1.21354	0	0	0.685896	-0.123208	0.958635	1.86792	1.34161	0	0
10.9003	-0.0231261	-0.0697591	-2.25984	-0.299287	0.999012	-0.0270209	-0.0731247	0.0476298	-0.468451	0.234847	0.256235	0	0	0.490308	-0.0609505	0.372265	0.656242	-0.272123	0	0	-0.203444	-0.0685314	0.475845	0.445812	-0.708471	0.702536	0.839944	1.19404	0	0	0.686303	-0.123864	0.957951	1.86864	1.34151	0	0
10.9103	-0.0226515	-0.0698449	-2.25977	-0.299144	0.998921	-0.0270829	-0.0731804	0.0478487	-0.467978	0.23362	0.255689	0	0	0.489627	-0.0615047	0.371811	0.653922	-0.272571	0	0	-0.204758	-0.0684885	0.474955	0.437794	-0.698723	0.724776	0.822705	1.17224	0	0	0.686715	-0.124534	0.957276	1.86942	1.34151	0	0
10.9203	-0.0220425	-0.0699576	-2.2597	-0.299001	0.998835	-0.027119	-0.0731874	0.0479002	-0.467486	0.232418	0.255163	0	0	0.48901	-0.0620216	0.371178	0.651502	-0.273281	0	0	-0.206161	-0.0686062	0.47406	0.428867	-0.688838	0.747173	0.804188	1.14793	0	0	0.687136	-0.125225	0.956588	1.87027	1.34161	0	0
10.9303	-0.0213109	-0.0701179	-2.2596	-0.298871	0.998769	-0.0271349	-0.0731673	0.047785	-0.467001	0.231245	0.254659	0	0	0.488455	-0.0624819	0.370365	0.649009	-0.274282	0	0	-0.207671	-0.0688748	0.473109	0.419231	-0.678808	0.770277	0.784357	1.12069	0	0	0.687568	-0.12595	0.955867	1.87119	1.34171	0	0
10.9403	-0.0204828	-0.0703449	-2.25942	-0.298752	0.998733	-0.0271256	-0.0731637	0.0475244	-0.466574	0.230079	0.254164	0	0	0.487959	-0.0628572	0.369399	0.646486	-0.275603	0	0	-0.209309	-0.0692626	0.472026	0.409067	-0.668632	0.794646	0.763199	1.09009	0	0	0.688012	-0.126719	0.955091	1.8722	1.3417	0	0
10.9503	-0.0196007	-0.0706556	-2.25906	-0.298637	0.998735	-0.0270774	-0.0732412	0.0471615	-0.4663	0.228881	0.25366	0	0	0.487522	-0.0631089	0.368345	0.643991	-0.277271	0	0	-0.211099	-0.0697128	0.470713	0.39851	-0.658321	0.82078	0.740731	1.05581	0	0	0.688469	-0.127536	0.95425	1.87331	1.34147	0	0
10.9603	-0.0187242	-0.0710621	-2.25839	-0.298512	0.998779	-0.0269707	-0.0734845	0.046764	-0.466321	0.22759	0.25312	0	0	0.487149	-0.0631883	0.367311	0.641603	-0.279313	0	0	-0.213066	-0.0701372	0.469042	0.387643	-0.647891	0.849091	0.71701	1.01765	0	0	0.688937	-0.128396	0.953344	1.8745	1.34098	0	0
10.9702	-0.0179304	-0.0715702	-2.25722	-0.298359	0.998869	-0.0267821	-0.0739946	0.046424	-0.466835	0.22613	0.252507	0	0	0.486848	-0.0630356	0.366453	0.639414	-0.281752	0	0	-0.215234	-0.0704114	0.466857	0.376484	-0.63738	0.87987	0.692143	0.975531	0	0	0.689408	-0.129276	0.952388	1.87576	1.3403	0	0
10.9802	-0.017317	-0.0721809	-2.25532	-0.298156	0.999005	-0.0264872	-0.0748905	0.046259	-0.468098	0.224412	0.251779	0	0	0.486623	-0.0625763	0.365992	0.63752	-0.284606	0	0	-0.217635	-0.07037	0.463965	0.364996	-0.626845	0.913267	0.666305	0.929506	0	0	0.689868	-0.130137	0.951405	1.87708	1.33956	0	0
10.9902	-0.0170022	-0.0728923	-2.25239	-0.297885	0.999189	-0.0260622	-0.0763116	0.0464101	-0.470417	0.22233	0.250885	0	0	0.48647	-0.0617223	0.366222	0.636012	-0.287877	0	0	-0.22031	-0.0698088	0.460142	0.353084	-0.616376	0.94926	0.639745	0.879764	0	0	0.690297	-0.130924	0.95042	1.87841	1.33893	0	0
11.0002	-0.0171138	-0.073696	-2.24811	-0.297527	0.999418	-0.0254872	-0.0784067	0.0470357	-0.474134	0.219763	0.24977	0	0	0.486378	-0.0603728	0.367498	0.634975	-0.29155	0	0	-0.223295	-0.0684944	0.455105	0.340693	-0.606064	0.987885	0.61273	0.826279	0	0	0.690654	-0.131597	0.949442	1.87974	1.33851	0	0
11.0102	-0.0177828	-0.074579	-2.24214	-0.297067	0.999691	-0.0247479	-0.0813257	0.0483	-0.479609	0.216587	0.248379	0	0	0.486331	-0.0584195	0.370222	0.634477	-0.29559	0	0	-0.226621	-0.0661817	0.448561	0.327721	-0.596024	1.02896	0.585594	0.769202	0	0	0.690887	-0.132114	0.948487	1.88104	1.33836	0	0
11.0202	-0.0191323	-0.0755281	-2.23415	-0.2965	1	-0.0238381	-0.0852078	0.0503556	-0.487185	0.212689	0.246661	0	0	0.486302	-0.0557551	0.374801	0.63457	-0.299935	0	0	-0.230315	-0.0626372	0.440246	0.314002	-0.586399	1.07199	0.558753	0.709068	0	0	0.690954	-0.132425	0.947575	1.8823	1.33846	0	0
11.0302	-0.0212578	-0.0765299	-2.22388	-0.295822	1.00035	-0.0227613	-0.0901566	0.0533198	-0.497136	0.207984	0.244574	0	0	0.486256	-0.0522902	0.381586	0.635277	-0.304504	0	0	-0.23439	-0.0576719	0.429941	0.299412	-0.577332	1.11644	0.532612	0.646432	0	0	0.690802	-0.132499	0.94671	1.88347	1.33877	0	0
11.0402	-0.0242043	-0.0775706	-2.21122	-0.295042	1.00072	-0.021532	-0.0962104	0.0572473	-0.509578	0.202445	0.242104	0	0	0.486158	-0.0479816	0.390783	0.636588	-0.309204	0	0	-0.238831	-0.0511892	0.417543	0.283892	-0.568949	1.16177	0.507544	0.581857	0	0	0.690386	-0.132331	0.945879	1.88456	1.33926	0	0
11.0502	-0.0279356	-0.0786323	-2.19632	-0.294175	1.00111	-0.0201759	-0.103297	0.0620926	-0.52438	0.196129	0.239277	0	0	0.485988	-0.042863	0.402352	0.638454	-0.313937	0	0	-0.243583	-0.0432394	0.403152	0.267465	-0.561354	1.20745	0.483862	0.515904	0	0	0.68968	-0.131942	0.945064	1.88555	1.33988	0	0
11.0602	-0.0322975	-0.0796876	-2.17965	-0.293245	1.0015	-0.0187281	-0.111177	0.0676653	-0.541044	0.189233	0.23618	0	0	0.485757	-0.037083	0.415879	0.640782	-0.318613	0	0	-0.248542	-0.0340859	0.387203	0.250155	-0.554649	1.2526	0.461894	0.449634	0	0	0.688725	-0.131361	0.944262	1.88645	1.34056	0	0
11.0702	-0.0369679	-0.0806841	-2.1622	-0.292281	1.00189	-0.0172309	-0.119363	0.0735754	-0.558574	0.18214	0.232988	0	0	0.485544	-0.0309503	0.430441	0.643422	-0.323152	0	0	-0.253518	-0.0242787	0.370553	0.232124	-0.548888	1.29647	0.441861	0.38397	0	0	0.687616	-0.130649	0.943458	1.88727	1.34126	0	0
11.0802	-0.0414051	-0.0815313	-2.14557	-0.291316	1.00227	-0.0157295	-0.127041	0.0791761	-0.575327	0.175486	0.229993	0	0	0.485531	-0.0249842	0.444443	0.646169	-0.327497	0	0	-0.258219	-0.0147395	0.354645	0.213594	-0.544099	1.33806	0.423959	0.320197	0	0	0.686556	-0.129885	0.942657	1.88805	1.34188	0	0
11.0901	-0.045296	-0.0821849	-2.13076	-0.290383	1.00261	-0.0142676	-0.133746	0.0840893	-0.590266	0.169635	0.227356	0	0	0.485792	-0.0195312	0.456905	0.64888	-0.331586	0	0	-0.262467	-0.00603844	0.340339	0.194795	-0.540276	1.37666	0.408243	0.259239	0	0	0.685641	-0.129147	0.941842	1.88879	1.3424	0	0
11.1001	-0.0484945	-0.0826333	-2.1183	-0.28951	1.00292	-0.0128828	-0.139268	0.0881342	-0.602835	0.164757	0.225152	0	0	0.486331	-0.0147929	0.467315	0.651467	-0.335359	0	0	-0.266177	0.00152199	0.328074	0.175854	-0.537432	1.41137	0.394748	0.202311	0	0	0.684909	-0.128486	0.941004	1.88953	1.34284	0	0
11.1101	-0.0509697	-0.0828861	-2.10836	-0.288721	1.00319	-0.0116046	-0.143578	0.091269	-0.612842	0.160879	0.223392	0	0	0.487113	-0.0108563	0.475501	0.653889	-0.338771	0	0	-0.269328	0.00783277	0.317974	0.156839	-0.535585	1.44116	0.383473	0.150732	0	0	0.684352	-0.12794	0.940136	1.89025	1.34322	0	0
11.1201	-0.0527666	-0.0829651	-2.10089	-0.288035	1.00341	-0.0104524	-0.146758	0.0935447	-0.620346	0.157938	0.222043	0	0	0.488086	-0.00772518	0.48153	0.656139	-0.341795	0	0	-0.27194	0.0129189	0.309947	0.137771	-0.534752	1.46501	0.374391	0.105813	0	0	0.683944	-0.127536	0.939234	1.89099	1.34355	0	0
11.1301	-0.0539758	-0.0828983	-2.09565	-0.287462	1.00359	-0.00943544	-0.148961	0.0950685	-0.62557	0.155818	0.221055	0	0	0.489189	-0.00534778	0.485613	0.658233	-0.344418	0	0	-0.274065	0.0168916	0.303762	0.118653	-0.534944	1.48199	0.367435	0.0686851	0	0	0.683645	-0.12729	0.938292	1.89175	1.34381	0	0
11.1401	-0.0547057	-0.0827113	-2.09235	-0.287004	1.00373	-0.00855409	-0.150363	0.0959749	-0.628831	0.154377	0.220364	0	0	0.490368	-0.00363854	0.488048	0.660198	-0.346649	0	0	-0.275755	0.019908	0.299091	0.0995701	-0.536095	1.49194	0.362398	0.0394777	0	0	0.683396	-0.127229	0.93729	1.89256	1.34402	0	0
11.1501	-0.0550692	-0.0824265	-2.09063	-0.286661	1.00383	-0.0078011	-0.151144	0.0964072	-0.630482	0.153469	0.219904	0	0	0.491579	-0.00249794	0.489159	0.662067	-0.348512	0	0	-0.277062	0.0221455	0.295571	0.0806512	-0.538089	1.49524	0.358991	0.0176338	0	0	0.683134	-0.127376	0.936198	1.89344	1.34417	0	0
11.1601	-0.0551736	-0.0820637	-2.09015	-0.286423	1.00389	-0.00716368	-0.151472	0.0965035	-0.630871	0.152955	0.219612	0	0	0.492785	-0.0018252	0.489259	0.663874	-0.35005	0	0	-0.278039	0.0237811	0.292854	0.0620244	-0.540798	1.49254	0.35691	0.00220307	0	0	0.682808	-0.127746	0.934993	1.89442	1.34428	0	0
11.1701	-0.0551121	-0.0816422	-2.09061	-0.28628	1.00393	-0.00662546	-0.151496	0.0963834	-0.630315	0.15271	0.219438	0	0	0.493963	-0.00152376	0.488624	0.665656	-0.351302	0	0	-0.278743	0.0249749	0.290634	0.0438042	-0.54409	1.48467	0.355854	-0.00794014	0	0	0.682375	-0.128344	0.933658	1.8955	1.34438	0	0
11.1801	-0.0549593	-0.0811748	-2.09174	-0.286217	1.00393	-0.00616841	-0.151335	0.0961448	-0.629081	0.15263	0.219338	0	0	0.495102	-0.00150944	0.487478	0.667447	-0.352306	0	0	-0.27922	0.025866	0.288664	0.0260723	-0.547837	1.47253	0.35555	-0.0139436	0	0	0.681807	-0.129163	0.93218	1.89669	1.34448	0	0
11.1901	-0.0547713	-0.0806699	-2.09333	-0.28622	1.00392	-0.00577437	-0.151075	0.0958616	-0.627385	0.152637	0.219283	0	0	0.496201	-0.00171127	0.485998	0.669272	-0.353103	0	0	-0.279516	0.026568	0.286765	0.00886743	-0.551929	1.45703	0.355768	-0.0168761	0	0	0.681093	-0.130185	0.930558	1.89799	1.34458	0	0
11.2	-0.0545856	-0.0801348	-2.09521	-0.286273	1.0039	-0.00542637	-0.150776	0.0955827	-0.625393	0.152676	0.219249	0	0	0.497268	-0.00206946	0.484316	0.671146	-0.353733	0	0	-0.279673	0.0271674	0.284827	-0.00782231	-0.556269	1.43905	0.356321	-0.0176671	0	0	0.680237	-0.131379	0.928801	1.89939	1.34471	0	0
11.21	-0.0544218	-0.0795773	-2.09725	-0.28636	1.00386	-0.00510946	-0.150473	0.095333	-0.623226	0.152715	0.219222	0	0	0.498309	-0.00253218	0.482527	0.673074	-0.354233	0	0	-0.279731	0.0277224	0.282796	-0.0240594	-0.560778	1.41935	0.357074	-0.0170784	0	0	0.67926	-0.132706	0.926934	1.90087	1.34487	0	0
11.22	-0.0542835	-0.0790046	-2.09939	-0.28647	1.00382	-0.00481132	-0.150183	0.095117	-0.620971	0.152739	0.219196	0	0	0.499333	-0.00305637	0.480691	0.675049	-0.354637	0	0	-0.279725	0.0282661	0.280668	-0.0399529	-0.565394	1.39857	0.35794	-0.0156953	0	0	0.678193	-0.134122	0.924987	1.9024	1.34508	0	0
11.23	-0.0541636	-0.0784231	-2.10156	-0.286592	1.00378	-0.00452258	-0.149906	0.0949254	-0.618678	0.152749	0.219169	0	0	0.500349	-0.0036101	0.478841	0.677056	-0.354981	0	0	-0.279685	0.0288109	0.27847	-0.0556375	-0.570072	1.37718	0.358867	-0.0139333	0	0	0.677073	-0.135587	0.922992	1.90396	1.34533	0	0
11.24	-0.0540516	-0.0778382	-2.10374	-0.286718	1.00373	-0.00423698	-0.149634	0.0947444	-0.616375	0.152753	0.219141	0	0	0.501363	-0.00417362	0.476988	0.679077	-0.355301	0	0	-0.279632	0.0293581	0.276243	-0.0712399	-0.574772	1.35555	0.359819	-0.0120511	0	0	0.675931	-0.13707	0.92098	1.90553	1.34559	0	0
